cell,gene,variant_key,label,score
train-pg_dms__transformer__seed42,MLH1,P43246:2:A>T,0,0.1841819
train-pg_dms__transformer__seed42,MLH1,P43246:338:G>R,1,0.9977151
train-pg_dms__transformer__seed42,MLH1,P43246:338:G>E,1,0.9891733
train-pg_dms__transformer__seed42,MLH1,P43246:349:P>R,1,0.968708
train-pg_dms__transformer__seed42,MLH1,P43246:349:P>L,1,0.585379
train-pg_dms__transformer__seed42,MLH1,P43246:359:R>S,1,0.338036
train-pg_dms__transformer__seed42,MLH1,P43246:447:F>V,0,0.3550808
train-pg_dms__transformer__seed42,MLH1,P43246:603:D>N,1,0.8015633
train-pg_dms__transformer__seed42,MLH1,P43246:603:D>G,1,0.810967
train-pg_dms__transformer__seed42,MLH1,P43246:683:G>R,1,0.98756135
train-pg_dms__transformer__seed42,MLH1,P43246:704:I>M,0,0.14210245
train-pg_dms__transformer__seed42,MLH1,P43246:696:P>L,1,0.55951536
train-pg_dms__transformer__seed42,MLH1,P43246:169:I>V,0,0.013490075
train-pg_dms__transformer__seed42,MLH1,P43246:187:L>P,1,0.9793114
train-pg_dms__transformer__seed42,MLH1,P43246:187:L>R,1,0.9786982
train-pg_dms__transformer__seed42,MLH1,P43246:200:V>D,1,0.96197414
train-pg_dms__transformer__seed42,MLH1,P43246:269:S>L,1,0.036769956
train-pg_dms__transformer__seed42,MLH1,P43246:655:V>I,0,0.070668526
train-pg_dms__transformer__seed42,MLH1,P43246:534:R>P,1,0.6310515
train-pg_dms__transformer__seed42,MLH1,P43246:359:R>T,1,0.44993085
train-pg_dms__transformer__seed42,MLH1,P43246:461:D>G,0,0.00344145
train-pg_dms__transformer__seed42,MLH1,P43246:2:A>E,0,0.19448496
train-pg_dms__transformer__seed42,MLH1,P43246:216:I>T,0,0.012510783
train-pg_dms__transformer__seed42,MLH1,P43246:408:Y>F,0,0.005747567
train-pg_dms__transformer__seed42,MLH1,P43246:621:R>L,1,0.30893907
train-pg_dms__transformer__seed42,MLH1,P43246:319:D>N,0,0.0011902058
train-pg_dms__transformer__seed42,MLH1,P43246:789:A>V,0,0.39150077
train-pg_dms__transformer__seed42,MLH1,P43246:121:Y>N,0,0.0016329072
train-pg_dms__transformer__seed42,MLH1,P43246:219:R>T,0,0.032213494
train-pg_dms__transformer__seed42,MLH1,P43246:414:L>R,1,0.95954883
train-pg_dms__transformer__seed42,MLH1,P43246:479:S>R,0,0.047778998
train-pg_dms__transformer__seed42,MLH1,P43246:621:R>G,1,0.6735503
train-pg_dms__transformer__seed42,MLH1,P43246:761:G>R,1,0.81869864
train-pg_dms__transformer__seed42,MLH1,P43246:319:D>Y,0,0.043883365
train-pg_dms__transformer__seed42,MLH1,P43246:13:S>R,0,0.11291187
train-pg_dms__transformer__seed42,MLH1,P43246:35:R>C,0,0.13317773
train-pg_dms__transformer__seed42,MLH1,P43246:142:S>A,0,0.0035413757
train-pg_dms__transformer__seed42,MLH1,P43246:349:P>T,1,0.54276556
train-pg_dms__transformer__seed42,MLH1,P43246:425:E>K,0,0.014001073
train-pg_dms__transformer__seed42,MLH1,P43246:769:Y>H,0,0.013080366
train-pg_dms__transformer__seed42,MLH1,P43246:602:L>P,1,0.9926922
train-pg_dms__transformer__seed42,MLH1,P43246:367:V>I,0,0.03181755
train-pg_dms__transformer__seed42,MLH1,P43246:470:V>I,0,0.027870199
train-pg_dms__transformer__seed42,MLH1,P43246:918:K>N,0,0.0048461454
train-pg_dms__transformer__seed42,MLH1,P43246:225:T>R,1,0.65040046
train-pg_dms__transformer__seed42,MLH1,P43246:107:A>D,1,0.13389088
train-pg_dms__transformer__seed42,MLH1,P43246:359:R>K,0,0.40268096
train-pg_dms__transformer__seed42,MLH1,P43246:225:T>I,1,0.31413507
train-pg_dms__transformer__seed42,MLH1,P43246:187:L>I,0,0.040056508
train-pg_dms__transformer__seed42,MLH1,P43246:187:L>F,0,0.09951832
train-pg_dms__transformer__seed42,MLH1,P43246:275:K>T,0,0.018719986
train-pg_dms__transformer__seed42,MLH1,P43246:563:Y>N,0,0.16891722
train-pg_dms__transformer__seed42,MLH1,P43246:107:A>V,1,0.0020839304
train-pg_dms__transformer__seed42,MLH1,P43246:819:K>E,1,0.008081145
train-pg_dms__transformer__seed42,MLH1,P43246:282:D>A,0,0.0044932878
train-pg_dms__transformer__seed42,MLH1,P43246:603:D>V,1,0.7212525
train-pg_dms__transformer__seed42,MLH1,P43246:696:P>S,0,0.31581604
train-pg_dms__transformer__seed42,MLH1,P43246:852:E>K,0,0.078539
train-pg_dms__transformer__seed42,MLH1,P43246:621:R>P,1,0.94881016
train-pg_dms__transformer__seed42,MLH1,P43246:825:S>G,0,0.32949802
train-pg_dms__transformer__seed42,MLH1,P43246:349:P>S,1,0.3921674
train-pg_dms__transformer__seed42,MLH1,P43246:149:G>A,0,0.018971518
train-pg_dms__transformer__seed42,MLH1,P43246:764:W>R,1,0.94689745
train-pg_dms__transformer__seed42,MLH1,P43246:438:T>I,0,0.034436736
train-pg_dms__transformer__seed42,MLH1,P43246:157:G>V,0,0.01275571
train-pg_dms__transformer__seed42,MLH1,P43246:640:A>S,0,0.01364166
train-pg_dms__transformer__seed42,MLH1,P43246:103:Y>F,0,0.0050438084
train-pg_dms__transformer__seed42,MLH1,P43246:240:D>A,0,0.15327214
train-pg_dms__transformer__seed42,MLH1,P43246:292:T>P,1,0.16445978
train-pg_dms__transformer__seed42,MLH1,P43246:338:G>V,1,0.9701522
train-pg_dms__transformer__seed42,MLH1,P43246:480:E>G,0,0.00079023297
train-pg_dms__transformer__seed42,MLH1,P43246:784:F>L,0,0.21817742
train-pg_dms__transformer__seed42,MLH1,P43246:72:A>G,0,0.009832882
train-pg_dms__transformer__seed42,MLH1,P43246:693:C>R,1,0.9907658
train-pg_dms__transformer__seed42,MLH1,P43246:696:P>A,0,0.057073966
train-pg_dms__transformer__seed42,MLH1,P43246:827:G>R,0,0.12940073
train-pg_dms__transformer__seed42,MLH1,P43246:216:I>L,0,0.005000517
train-pg_dms__transformer__seed42,MLH1,P43246:497:I>M,0,0.08447153
train-pg_dms__transformer__seed42,MLH1,P43246:894:M>R,0,0.3166266
train-pg_dms__transformer__seed42,MLH1,P43246:20:V>L,0,0.0016107792
train-pg_dms__transformer__seed42,MLH1,P43246:282:D>H,0,0.027546016
train-pg_dms__transformer__seed42,MLH1,P43246:363:V>M,0,0.36137933
train-pg_dms__transformer__seed42,MLH1,P43246:437:V>M,0,0.1257324
train-pg_dms__transformer__seed42,MLH1,P43246:502:D>V,0,0.014725092
train-pg_dms__transformer__seed42,MLH1,P43246:703:S>F,1,0.087263495
train-pg_dms__transformer__seed42,MLH1,P43246:895:P>S,0,0.0076528382
train-pg_dms__transformer__seed42,MLH1,P43246:34:V>L,0,0.011404788
train-pg_dms__transformer__seed42,MLH1,P43246:91:D>N,0,0.0022201417
train-pg_dms__transformer__seed42,MLH1,P43246:91:D>G,0,0.04638006
train-pg_dms__transformer__seed42,MLH1,P43246:737:R>T,0,0.081312604
train-pg_dms__transformer__seed42,MLH1,P43246:737:R>S,0,0.043226838
train-pg_dms__transformer__seed42,MLH1,P43246:772:T>A,0,0.011479014
train-pg_dms__transformer__seed42,MLH1,P43246:829:H>R,0,0.2976116
train-pg_dms__transformer__seed42,MLH1,P43246:833:L>H,0,0.43506128
train-pg_dms__transformer__seed42,MLH1,P43246:894:M>I,0,0.21712124
train-pg_dms__transformer__seed42,MLH1,P43246:240:D>N,0,0.06892029
train-pg_dms__transformer__seed42,MLH1,P43246:374:Q>H,0,0.020150378
train-pg_dms__transformer__seed42,MLH1,P43246:530:E>G,0,0.13677175
train-pg_dms__transformer__seed42,MLH1,P43246:503:L>H,1,0.41233203
train-pg_dms__transformer__seed42,MLH1,P43246:673:G>V,0,0.84464246
train-pg_dms__transformer__seed42,MLH1,P43246:132:E>V,0,0.07663736
train-pg_dms__transformer__seed42,MLH1,P43246:221:G>E,0,0.004721449
train-pg_dms__transformer__seed42,MLH1,P43246:158:Q>R,0,0.0044925557
train-pg_dms__transformer__seed42,MLH1,P43246:224:I>S,0,0.0031465774
train-pg_dms__transformer__seed42,MLH1,P43246:739:A>T,0,0.072421245
train-pg_dms__transformer__seed42,MLH1,P43246:438:T>P,0,0.044148006
train-pg_dms__transformer__seed42,MLH1,P43246:626:E>Q,0,0.0010507422
train-pg_dms__transformer__seed42,MLH1,P43246:651:I>T,0,0.21492806
train-pg_dms__transformer__seed42,MLH1,P43246:594:T>A,0,0.002806956
train-pg_dms__transformer__seed42,MLH1,P43246:352:D>N,0,0.0065588565
train-pg_dms__transformer__seed42,MLH1,P43246:359:R>I,1,0.6822321
train-pg_dms__transformer__seed42,MLH1,P43246:91:D>Y,0,0.022530643
train-pg_dms__transformer__seed42,MLH1,P43246:731:E>G,0,0.053144913
train-pg_dms__transformer__seed42,MLH1,P43246:563:Y>H,0,0.2406211
train-pg_dms__transformer__seed42,MLH1,P43246:366:F>L,0,0.053492058
train-pg_dms__transformer__seed42,MLH1,P43246:470:V>L,0,0.09332484
train-pg_dms__transformer__seed42,MLH1,P43246:503:L>I,0,0.014592434
train-pg_dms__transformer__seed42,MLH1,P43246:438:T>S,1,0.007910191
train-pg_dms__transformer__seed42,MLH1,P43246:755:S>T,0,0.82263416
train-pg_dms__transformer__seed42,MLH1,P43246:714:A>T,0,0.116368905
train-pg_dms__transformer__seed42,MLH1,P43246:166:V>L,0,0.030673377
train-pg_dms__transformer__seed42,MLH1,P43246:120:A>T,0,0.0012501213
train-pg_dms__transformer__seed42,MLH1,P43246:307:V>F,0,0.013556677
train-pg_dms__transformer__seed42,MLH1,P43246:867:E>D,0,0.015753804
train-pg_dms__transformer__seed42,MLH1,P43246:414:L>V,0,0.03283726
train-pg_dms__transformer__seed42,MLH1,P43246:520:G>V,0,0.8076617
train-pg_dms__transformer__seed42,MLH1,P43246:200:V>A,0,0.3941268
train-pg_dms__transformer__seed42,MLH1,P43246:408:Y>S,0,0.053104572
train-pg_dms__transformer__seed42,MLH1,P43246:429:Q>H,0,0.017634498
train-pg_dms__transformer__seed42,MLH1,P43246:500:A>V,0,0.3097247
train-pg_dms__transformer__seed42,MLH1,P43246:470:V>A,0,0.43564263
train-pg_dms__transformer__seed42,MLH1,P43246:603:D>Y,1,0.6061594
train-pg_dms__transformer__seed42,MLH1,P43246:590:E>K,0,0.009895233
train-pg_dms__transformer__seed42,MLH1,P43246:755:S>Y,1,0.91044956
train-pg_dms__transformer__seed42,MLH1,P43246:648:I>V,0,0.011819502
train-pg_dms__transformer__seed42,MLH1,P43246:359:R>G,1,0.5117598
train-pg_dms__transformer__seed42,MLH1,P43246:666:I>T,0,0.60051894
train-pg_dms__transformer__seed42,MLH1,P43246:789:A>D,0,0.5164166
train-pg_dms__transformer__seed42,MLH1,P43246:479:S>N,0,0.005686408
train-pg_dms__transformer__seed42,MLH1,P43246:651:I>L,0,0.032533616
train-pg_dms__transformer__seed42,MLH1,P43246:26:M>K,0,0.47418436
train-pg_dms__transformer__seed42,MLH1,P43246:753:G>V,0,0.7868135
train-pg_dms__transformer__seed42,MLH1,P43246:476:P>R,0,0.0062757907
train-pg_dms__transformer__seed42,MLH1,P43246:739:A>V,0,0.29514393
train-pg_dms__transformer__seed42,MLH1,P43246:885:Q>L,0,0.0024535088
train-pg_dms__transformer__seed42,MLH1,P43246:476:P>L,0,0.008557769
train-pg_dms__transformer__seed42,MLH1,P43246:866:M>T,0,0.03040273
train-pg_dms__transformer__seed42,MLH1,P43246:352:D>E,0,0.025561435
train-pg_dms__transformer__seed42,MLH1,P43246:408:Y>H,0,0.009670418
train-pg_dms__transformer__seed42,MLH1,P43246:683:G>A,0,0.1027951
train-pg_dms__transformer__seed42,MLH1,P43246:34:V>G,0,0.633427
train-pg_dms__transformer__seed42,MLH1,P43246:847:K>T,0,0.09990572
train-pg_dms__transformer__seed42,MLH1,P43246:446:D>V,0,0.079130754
train-pg_dms__transformer__seed42,MLH1,P43246:37:F>C,0,0.032214463
train-pg_dms__transformer__seed42,MLH1,P43246:831:A>G,0,0.12677954
train-pg_dms__transformer__seed42,MLH1,P43246:868:P>Q,0,0.018908136
train-pg_dms__transformer__seed42,MLH1,P43246:2:A>K,0,0.15790801
train-pg_dms__transformer__seed42,MLH1,P43246:2:A>L,0,0.13770525
train-pg_dms__transformer__seed42,MLH1,P43246:2:A>M,0,0.3560341
train-pg_dms__transformer__seed42,MLH1,P43246:2:A>N,0,0.11249903
train-pg_dms__transformer__seed42,MLH1,P43246:2:A>P,0,0.1715543
train-pg_dms__transformer__seed42,MLH1,P43246:2:A>G,0,0.08817632
train-pg_dms__transformer__seed42,MLH1,P43246:2:A>R,0,0.14837131
train-pg_dms__transformer__seed42,MLH1,P43246:2:A>I,0,0.35845315
train-pg_dms__transformer__seed42,MLH1,P43246:2:A>V,0,0.30855724
train-pg_dms__transformer__seed42,MLH1,P43246:2:A>Y,0,0.3201694
train-pg_dms__transformer__seed42,MLH1,P43246:2:A>Q,0,0.12537968
train-pg_dms__transformer__seed42,MLH1,P43246:2:A>S,0,0.036507368
train-pg_dms__transformer__seed42,MLH1,P43246:2:A>C,0,0.111792035
train-pg_dms__transformer__seed42,MLH1,P43246:2:A>F,0,0.38449636
train-pg_dms__transformer__seed42,MLH1,P43246:2:A>D,0,0.17670949
train-pg_dms__transformer__seed42,MLH1,P43246:2:A>H,0,0.25643095
train-pg_dms__transformer__seed42,MLH1,P43246:13:S>Q,0,0.028877078
train-pg_dms__transformer__seed42,MLH1,P43246:13:S>P,0,0.041672967
train-pg_dms__transformer__seed42,MLH1,P43246:13:S>N,0,0.022836458
train-pg_dms__transformer__seed42,MLH1,P43246:13:S>M,0,0.28103137
train-pg_dms__transformer__seed42,MLH1,P43246:13:S>L,0,0.011603147
train-pg_dms__transformer__seed42,MLH1,P43246:13:S>K,0,0.10088956
train-pg_dms__transformer__seed42,MLH1,P43246:13:S>G,0,0.0083561735
train-pg_dms__transformer__seed42,MLH1,P43246:13:S>H,0,0.07458842
train-pg_dms__transformer__seed42,MLH1,P43246:13:S>F,0,0.12605847
train-pg_dms__transformer__seed42,MLH1,P43246:13:S>D,0,0.07386519
train-pg_dms__transformer__seed42,MLH1,P43246:13:S>C,0,0.0067608785
train-pg_dms__transformer__seed42,MLH1,P43246:13:S>A,0,0.017035006
train-pg_dms__transformer__seed42,MLH1,P43246:13:S>I,0,0.100179374
train-pg_dms__transformer__seed42,MLH1,P43246:13:S>T,0,0.03589821
train-pg_dms__transformer__seed42,MLH1,P43246:13:S>E,0,0.067081906
train-pg_dms__transformer__seed42,MLH1,P43246:13:S>W,0,0.24220312
train-pg_dms__transformer__seed42,MLH1,P43246:13:S>Y,0,0.118467905
train-pg_dms__transformer__seed42,MLH1,P43246:13:S>V,0,0.081752695
train-pg_dms__transformer__seed42,MLH1,P43246:14:A>L,0,0.0013013094
train-pg_dms__transformer__seed42,MLH1,P43246:14:A>M,0,0.14520653
train-pg_dms__transformer__seed42,MLH1,P43246:14:A>P,0,0.02630235
train-pg_dms__transformer__seed42,MLH1,P43246:14:A>C,0,0.004025633
train-pg_dms__transformer__seed42,MLH1,P43246:14:A>D,0,0.1619674
train-pg_dms__transformer__seed42,MLH1,P43246:14:A>E,0,0.014127985
train-pg_dms__transformer__seed42,MLH1,P43246:14:A>G,0,0.005116942
train-pg_dms__transformer__seed42,MLH1,P43246:14:A>H,0,0.027338322
train-pg_dms__transformer__seed42,MLH1,P43246:14:A>Q,0,0.004265538
train-pg_dms__transformer__seed42,MLH1,P43246:14:A>N,0,0.002725886
train-pg_dms__transformer__seed42,MLH1,P43246:14:A>I,1,0.02375461
train-pg_dms__transformer__seed42,MLH1,P43246:14:A>K,0,0.09035363
train-pg_dms__transformer__seed42,MLH1,P43246:14:A>T,0,0.004985121
train-pg_dms__transformer__seed42,MLH1,P43246:14:A>V,0,0.02947241
train-pg_dms__transformer__seed42,MLH1,P43246:14:A>W,0,0.29302326
train-pg_dms__transformer__seed42,MLH1,P43246:14:A>Y,0,0.07766709
train-pg_dms__transformer__seed42,MLH1,P43246:14:A>S,0,0.0023731603
train-pg_dms__transformer__seed42,MLH1,P43246:14:A>R,0,0.108164
train-pg_dms__transformer__seed42,MLH1,P43246:18:G>F,0,0.12667777
train-pg_dms__transformer__seed42,MLH1,P43246:18:G>N,0,0.021310994
train-pg_dms__transformer__seed42,MLH1,P43246:18:G>M,1,0.21751092
train-pg_dms__transformer__seed42,MLH1,P43246:18:G>L,0,0.016099151
train-pg_dms__transformer__seed42,MLH1,P43246:18:G>K,0,0.21984774
train-pg_dms__transformer__seed42,MLH1,P43246:18:G>I,0,0.07750014
train-pg_dms__transformer__seed42,MLH1,P43246:18:G>H,0,0.03640944
train-pg_dms__transformer__seed42,MLH1,P43246:18:G>E,0,0.14234102
train-pg_dms__transformer__seed42,MLH1,P43246:18:G>V,0,0.045271873
train-pg_dms__transformer__seed42,MLH1,P43246:18:G>S,0,0.002792528
train-pg_dms__transformer__seed42,MLH1,P43246:18:G>T,0,0.008482062
train-pg_dms__transformer__seed42,MLH1,P43246:18:G>D,0,0.27337027
train-pg_dms__transformer__seed42,MLH1,P43246:18:G>W,0,0.17367783
train-pg_dms__transformer__seed42,MLH1,P43246:18:G>Y,0,0.1372381
train-pg_dms__transformer__seed42,MLH1,P43246:18:G>C,0,0.008764655
train-pg_dms__transformer__seed42,MLH1,P43246:18:G>Q,0,0.03164348
train-pg_dms__transformer__seed42,MLH1,P43246:18:G>R,0,0.18693984
train-pg_dms__transformer__seed42,MLH1,P43246:18:G>P,0,0.2062654
train-pg_dms__transformer__seed42,MLH1,P43246:18:G>A,0,0.009065924
train-pg_dms__transformer__seed42,MLH1,P43246:20:V>Q,0,0.0060739634
train-pg_dms__transformer__seed42,MLH1,P43246:20:V>P,0,0.5790725
train-pg_dms__transformer__seed42,MLH1,P43246:20:V>R,0,0.071071655
train-pg_dms__transformer__seed42,MLH1,P43246:20:V>W,0,0.30249164
train-pg_dms__transformer__seed42,MLH1,P43246:20:V>T,0,0.0053443913
train-pg_dms__transformer__seed42,MLH1,P43246:20:V>Y,0,0.042265877
train-pg_dms__transformer__seed42,MLH1,P43246:20:V>N,0,0.016450545
train-pg_dms__transformer__seed42,MLH1,P43246:20:V>S,0,0.0043418044
train-pg_dms__transformer__seed42,MLH1,P43246:20:V>A,0,0.0018082373
train-pg_dms__transformer__seed42,MLH1,P43246:20:V>C,0,0.0015476141
train-pg_dms__transformer__seed42,MLH1,P43246:20:V>D,0,0.49231294
train-pg_dms__transformer__seed42,MLH1,P43246:20:V>K,0,0.092831716
train-pg_dms__transformer__seed42,MLH1,P43246:20:V>I,0,0.0026113742
train-pg_dms__transformer__seed42,MLH1,P43246:20:V>H,0,0.017971225
train-pg_dms__transformer__seed42,MLH1,P43246:20:V>G,0,0.018032696
train-pg_dms__transformer__seed42,MLH1,P43246:20:V>E,0,0.04232011
train-pg_dms__transformer__seed42,MLH1,P43246:25:G>Y,0,0.068998344
train-pg_dms__transformer__seed42,MLH1,P43246:25:G>F,0,0.11749003
train-pg_dms__transformer__seed42,MLH1,P43246:25:G>A,0,0.0048545715
train-pg_dms__transformer__seed42,MLH1,P43246:25:G>C,0,0.0015918427
train-pg_dms__transformer__seed42,MLH1,P43246:25:G>D,0,0.057246737
train-pg_dms__transformer__seed42,MLH1,P43246:25:G>E,0,0.011151057
train-pg_dms__transformer__seed42,MLH1,P43246:25:G>H,0,0.05405379
train-pg_dms__transformer__seed42,MLH1,P43246:25:G>I,0,0.052124903
train-pg_dms__transformer__seed42,MLH1,P43246:25:G>M,0,0.1032851
train-pg_dms__transformer__seed42,MLH1,P43246:25:G>L,0,0.009015175
train-pg_dms__transformer__seed42,MLH1,P43246:25:G>P,1,0.2921491
train-pg_dms__transformer__seed42,MLH1,P43246:25:G>R,0,0.03824108
train-pg_dms__transformer__seed42,MLH1,P43246:25:G>S,1,0.00048037528
train-pg_dms__transformer__seed42,MLH1,P43246:25:G>T,0,0.03235266
train-pg_dms__transformer__seed42,MLH1,P43246:25:G>V,0,0.050882753
train-pg_dms__transformer__seed42,MLH1,P43246:25:G>W,1,0.07494179
train-pg_dms__transformer__seed42,MLH1,P43246:25:G>N,0,0.0027220182
train-pg_dms__transformer__seed42,MLH1,P43246:26:M>L,0,0.034039523
train-pg_dms__transformer__seed42,MLH1,P43246:26:M>P,0,0.88712436
train-pg_dms__transformer__seed42,MLH1,P43246:26:M>N,0,0.53034675
train-pg_dms__transformer__seed42,MLH1,P43246:26:M>H,0,0.4298921
train-pg_dms__transformer__seed42,MLH1,P43246:26:M>D,0,0.83380073
train-pg_dms__transformer__seed42,MLH1,P43246:26:M>E,0,0.7536178
train-pg_dms__transformer__seed42,MLH1,P43246:26:M>Q,0,0.2566588
train-pg_dms__transformer__seed42,MLH1,P43246:26:M>A,0,0.37318876
train-pg_dms__transformer__seed42,MLH1,P43246:26:M>R,0,0.7086887
train-pg_dms__transformer__seed42,MLH1,P43246:26:M>G,0,0.43050206
train-pg_dms__transformer__seed42,MLH1,P43246:26:M>T,0,0.4874075
train-pg_dms__transformer__seed42,MLH1,P43246:26:M>V,0,0.1316861
train-pg_dms__transformer__seed42,MLH1,P43246:26:M>F,0,0.28264633
train-pg_dms__transformer__seed42,MLH1,P43246:26:M>S,0,0.2437957
train-pg_dms__transformer__seed42,MLH1,P43246:26:M>Y,0,0.5873084
train-pg_dms__transformer__seed42,MLH1,P43246:34:V>T,0,0.30131632
train-pg_dms__transformer__seed42,MLH1,P43246:34:V>Y,0,0.7170334
train-pg_dms__transformer__seed42,MLH1,P43246:34:V>S,0,0.42362803
train-pg_dms__transformer__seed42,MLH1,P43246:34:V>C,0,0.04307409
train-pg_dms__transformer__seed42,MLH1,P43246:34:V>Q,0,0.5408663
train-pg_dms__transformer__seed42,MLH1,P43246:34:V>I,0,0.08995405
train-pg_dms__transformer__seed42,MLH1,P43246:34:V>F,0,0.1598975
train-pg_dms__transformer__seed42,MLH1,P43246:34:V>R,0,0.9721911
train-pg_dms__transformer__seed42,MLH1,P43246:34:V>E,0,0.867119
train-pg_dms__transformer__seed42,MLH1,P43246:34:V>H,0,0.65943915
train-pg_dms__transformer__seed42,MLH1,P43246:34:V>K,0,0.88813627
train-pg_dms__transformer__seed42,MLH1,P43246:34:V>D,1,0.9685439
train-pg_dms__transformer__seed42,MLH1,P43246:34:V>A,0,0.17966598
train-pg_dms__transformer__seed42,MLH1,P43246:34:V>M,0,0.42914513
train-pg_dms__transformer__seed42,MLH1,P43246:34:V>N,0,0.87318444
train-pg_dms__transformer__seed42,MLH1,P43246:34:V>P,1,0.9593115
train-pg_dms__transformer__seed42,MLH1,P43246:35:R>A,0,0.5378671
train-pg_dms__transformer__seed42,MLH1,P43246:35:R>D,0,0.886793
train-pg_dms__transformer__seed42,MLH1,P43246:35:R>F,0,0.609478
train-pg_dms__transformer__seed42,MLH1,P43246:35:R>G,0,0.48285455
train-pg_dms__transformer__seed42,MLH1,P43246:35:R>K,0,0.44963816
train-pg_dms__transformer__seed42,MLH1,P43246:35:R>L,0,0.47795326
train-pg_dms__transformer__seed42,MLH1,P43246:35:R>M,0,0.652648
train-pg_dms__transformer__seed42,MLH1,P43246:35:R>Y,0,0.69386846
train-pg_dms__transformer__seed42,MLH1,P43246:35:R>N,0,0.60914916
train-pg_dms__transformer__seed42,MLH1,P43246:35:R>W,0,0.8409511
train-pg_dms__transformer__seed42,MLH1,P43246:35:R>V,0,0.59132296
train-pg_dms__transformer__seed42,MLH1,P43246:35:R>S,0,0.34867302
train-pg_dms__transformer__seed42,MLH1,P43246:35:R>Q,0,0.3256019
train-pg_dms__transformer__seed42,MLH1,P43246:35:R>I,0,0.66038865
train-pg_dms__transformer__seed42,MLH1,P43246:35:R>P,1,0.95978034
train-pg_dms__transformer__seed42,MLH1,P43246:35:R>T,0,0.49659783
train-pg_dms__transformer__seed42,MLH1,P43246:36:L>Y,0,0.7160496
train-pg_dms__transformer__seed42,MLH1,P43246:36:L>M,0,0.1787657
train-pg_dms__transformer__seed42,MLH1,P43246:36:L>W,0,0.93355304
train-pg_dms__transformer__seed42,MLH1,P43246:36:L>N,0,0.9366511
train-pg_dms__transformer__seed42,MLH1,P43246:36:L>P,0,0.96235037
train-pg_dms__transformer__seed42,MLH1,P43246:36:L>R,1,0.9859759
train-pg_dms__transformer__seed42,MLH1,P43246:36:L>S,0,0.6438141
train-pg_dms__transformer__seed42,MLH1,P43246:36:L>T,0,0.70224386
train-pg_dms__transformer__seed42,MLH1,P43246:36:L>D,1,0.98497194
train-pg_dms__transformer__seed42,MLH1,P43246:36:L>V,0,0.05229855
train-pg_dms__transformer__seed42,MLH1,P43246:36:L>A,0,0.32707265
train-pg_dms__transformer__seed42,MLH1,P43246:36:L>K,1,0.9290781
train-pg_dms__transformer__seed42,MLH1,P43246:36:L>I,0,0.081042066
train-pg_dms__transformer__seed42,MLH1,P43246:36:L>H,0,0.844764
train-pg_dms__transformer__seed42,MLH1,P43246:36:L>G,0,0.85831505
train-pg_dms__transformer__seed42,MLH1,P43246:36:L>F,0,0.06112693
train-pg_dms__transformer__seed42,MLH1,P43246:36:L>E,1,0.9541699
train-pg_dms__transformer__seed42,MLH1,P43246:36:L>C,0,0.026720595
train-pg_dms__transformer__seed42,MLH1,P43246:37:F>A,0,0.37722772
train-pg_dms__transformer__seed42,MLH1,P43246:37:F>D,1,0.830424
train-pg_dms__transformer__seed42,MLH1,P43246:37:F>T,1,0.12844473
train-pg_dms__transformer__seed42,MLH1,P43246:37:F>G,1,0.2763003
train-pg_dms__transformer__seed42,MLH1,P43246:37:F>H,0,0.29079214
train-pg_dms__transformer__seed42,MLH1,P43246:37:F>I,0,0.57739043
train-pg_dms__transformer__seed42,MLH1,P43246:37:F>K,0,0.43692324
train-pg_dms__transformer__seed42,MLH1,P43246:37:F>M,0,0.39077634
train-pg_dms__transformer__seed42,MLH1,P43246:37:F>P,1,0.8391471
train-pg_dms__transformer__seed42,MLH1,P43246:37:F>S,1,0.13717434
train-pg_dms__transformer__seed42,MLH1,P43246:37:F>V,0,0.31779957
train-pg_dms__transformer__seed42,MLH1,P43246:37:F>W,0,0.49921137
train-pg_dms__transformer__seed42,MLH1,P43246:37:F>Y,0,0.27931526
train-pg_dms__transformer__seed42,MLH1,P43246:37:F>E,0,0.32532433
train-pg_dms__transformer__seed42,MLH1,P43246:37:F>L,0,0.15735549
train-pg_dms__transformer__seed42,MLH1,P43246:39:R>V,0,0.32225907
train-pg_dms__transformer__seed42,MLH1,P43246:39:R>C,1,0.028020905
train-pg_dms__transformer__seed42,MLH1,P43246:39:R>A,0,0.29453003
train-pg_dms__transformer__seed42,MLH1,P43246:39:R>Y,0,0.34205994
train-pg_dms__transformer__seed42,MLH1,P43246:39:R>T,1,0.16495177
train-pg_dms__transformer__seed42,MLH1,P43246:39:R>Q,0,0.106388755
train-pg_dms__transformer__seed42,MLH1,P43246:39:R>P,1,0.3909039
train-pg_dms__transformer__seed42,MLH1,P43246:39:R>N,0,0.16221982
train-pg_dms__transformer__seed42,MLH1,P43246:39:R>S,0,0.04760916
train-pg_dms__transformer__seed42,MLH1,P43246:39:R>L,0,0.24055089
train-pg_dms__transformer__seed42,MLH1,P43246:39:R>I,1,0.33024317
train-pg_dms__transformer__seed42,MLH1,P43246:39:R>H,0,0.22011977
train-pg_dms__transformer__seed42,MLH1,P43246:39:R>G,1,0.0811537
train-pg_dms__transformer__seed42,MLH1,P43246:39:R>F,0,0.35901746
train-pg_dms__transformer__seed42,MLH1,P43246:39:R>E,1,0.15507752
train-pg_dms__transformer__seed42,MLH1,P43246:39:R>M,0,0.39324194
train-pg_dms__transformer__seed42,MLH1,P43246:40:G>M,0,0.1436236
train-pg_dms__transformer__seed42,MLH1,P43246:40:G>C,0,0.0023549239
train-pg_dms__transformer__seed42,MLH1,P43246:40:G>A,0,0.027122349
train-pg_dms__transformer__seed42,MLH1,P43246:40:G>H,0,0.079798564
train-pg_dms__transformer__seed42,MLH1,P43246:40:G>I,0,0.053667042
train-pg_dms__transformer__seed42,MLH1,P43246:40:G>K,0,0.12313233
train-pg_dms__transformer__seed42,MLH1,P43246:40:G>L,0,0.023174403
train-pg_dms__transformer__seed42,MLH1,P43246:40:G>N,0,0.013979694
train-pg_dms__transformer__seed42,MLH1,P43246:40:G>W,0,0.12916192
train-pg_dms__transformer__seed42,MLH1,P43246:40:G>Q,0,0.016520374
train-pg_dms__transformer__seed42,MLH1,P43246:40:G>R,0,0.12617245
train-pg_dms__transformer__seed42,MLH1,P43246:40:G>S,0,0.0064758267
train-pg_dms__transformer__seed42,MLH1,P43246:40:G>T,0,0.0070938016
train-pg_dms__transformer__seed42,MLH1,P43246:40:G>V,0,0.068950884
train-pg_dms__transformer__seed42,MLH1,P43246:40:G>Y,0,0.11141908
train-pg_dms__transformer__seed42,MLH1,P43246:40:G>F,0,0.11824984
train-pg_dms__transformer__seed42,MLH1,P43246:40:G>P,0,0.26947582
train-pg_dms__transformer__seed42,MLH1,P43246:40:G>D,0,0.09151133
train-pg_dms__transformer__seed42,MLH1,P43246:52:L>R,0,0.065680556
train-pg_dms__transformer__seed42,MLH1,P43246:52:L>Q,0,0.002460068
train-pg_dms__transformer__seed42,MLH1,P43246:52:L>D,0,0.53658843
train-pg_dms__transformer__seed42,MLH1,P43246:52:L>E,0,0.07067205
train-pg_dms__transformer__seed42,MLH1,P43246:52:L>F,0,0.013250065
train-pg_dms__transformer__seed42,MLH1,P43246:52:L>G,0,0.07204175
train-pg_dms__transformer__seed42,MLH1,P43246:52:L>H,0,0.014422189
train-pg_dms__transformer__seed42,MLH1,P43246:52:L>I,0,0.015613969
train-pg_dms__transformer__seed42,MLH1,P43246:52:L>K,0,0.036184434
train-pg_dms__transformer__seed42,MLH1,P43246:52:L>M,0,0.09447485
train-pg_dms__transformer__seed42,MLH1,P43246:52:L>N,0,0.05815443
train-pg_dms__transformer__seed42,MLH1,P43246:52:L>P,0,0.62065804
train-pg_dms__transformer__seed42,MLH1,P43246:52:L>A,0,0.01590938
train-pg_dms__transformer__seed42,MLH1,P43246:52:L>W,0,0.20041043
train-pg_dms__transformer__seed42,MLH1,P43246:52:L>T,0,0.006660455
train-pg_dms__transformer__seed42,MLH1,P43246:52:L>V,0,0.0068078698
train-pg_dms__transformer__seed42,MLH1,P43246:52:L>Y,0,0.015791371
train-pg_dms__transformer__seed42,MLH1,P43246:52:L>S,0,0.010433855
train-pg_dms__transformer__seed42,MLH1,P43246:66:Y>F,0,0.0049577644
train-pg_dms__transformer__seed42,MLH1,P43246:66:Y>C,0,0.00039710652
train-pg_dms__transformer__seed42,MLH1,P43246:66:Y>A,0,0.0026581313
train-pg_dms__transformer__seed42,MLH1,P43246:66:Y>W,0,0.041750867
train-pg_dms__transformer__seed42,MLH1,P43246:66:Y>V,0,0.009034049
train-pg_dms__transformer__seed42,MLH1,P43246:66:Y>T,0,0.005299793
train-pg_dms__transformer__seed42,MLH1,P43246:66:Y>S,0,0.0012685932
train-pg_dms__transformer__seed42,MLH1,P43246:66:Y>Q,0,0.0026864556
train-pg_dms__transformer__seed42,MLH1,P43246:66:Y>P,0,0.12721185
train-pg_dms__transformer__seed42,MLH1,P43246:66:Y>N,0,0.0008736548
train-pg_dms__transformer__seed42,MLH1,P43246:66:Y>G,0,0.010004725
train-pg_dms__transformer__seed42,MLH1,P43246:66:Y>L,0,0.0017873343
train-pg_dms__transformer__seed42,MLH1,P43246:66:Y>I,0,0.011144402
train-pg_dms__transformer__seed42,MLH1,P43246:66:Y>H,0,0.0069591575
train-pg_dms__transformer__seed42,MLH1,P43246:66:Y>R,0,0.01418347
train-pg_dms__transformer__seed42,MLH1,P43246:66:Y>M,0,0.08206603
train-pg_dms__transformer__seed42,MLH1,P43246:70:A>L,0,0.0038639763
train-pg_dms__transformer__seed42,MLH1,P43246:70:A>K,0,0.01300562
train-pg_dms__transformer__seed42,MLH1,P43246:70:A>W,0,0.13644461
train-pg_dms__transformer__seed42,MLH1,P43246:70:A>T,0,0.013409266
train-pg_dms__transformer__seed42,MLH1,P43246:70:A>S,0,0.0051639667
train-pg_dms__transformer__seed42,MLH1,P43246:70:A>R,0,0.024037076
train-pg_dms__transformer__seed42,MLH1,P43246:70:A>Q,0,0.002762392
train-pg_dms__transformer__seed42,MLH1,P43246:70:A>P,0,0.020758156
train-pg_dms__transformer__seed42,MLH1,P43246:70:A>N,0,0.0049241222
train-pg_dms__transformer__seed42,MLH1,P43246:70:A>M,0,0.046910033
train-pg_dms__transformer__seed42,MLH1,P43246:70:A>C,0,0.0021899668
train-pg_dms__transformer__seed42,MLH1,P43246:70:A>D,0,0.028122416
train-pg_dms__transformer__seed42,MLH1,P43246:70:A>E,1,0.0108609805
train-pg_dms__transformer__seed42,MLH1,P43246:70:A>F,0,0.06531636
train-pg_dms__transformer__seed42,MLH1,P43246:70:A>G,0,0.004720806
train-pg_dms__transformer__seed42,MLH1,P43246:70:A>H,0,0.037207674
train-pg_dms__transformer__seed42,MLH1,P43246:70:A>I,0,0.024102159
train-pg_dms__transformer__seed42,MLH1,P43246:70:A>V,0,0.026786283
train-pg_dms__transformer__seed42,MLH1,P43246:72:A>W,0,0.11694079
train-pg_dms__transformer__seed42,MLH1,P43246:72:A>V,0,0.011391464
train-pg_dms__transformer__seed42,MLH1,P43246:72:A>T,0,0.014107297
train-pg_dms__transformer__seed42,MLH1,P43246:72:A>S,0,0.0045839595
train-pg_dms__transformer__seed42,MLH1,P43246:72:A>R,0,0.022505706
train-pg_dms__transformer__seed42,MLH1,P43246:72:A>Q,0,0.0023273684
train-pg_dms__transformer__seed42,MLH1,P43246:72:A>N,0,0.0033678173
train-pg_dms__transformer__seed42,MLH1,P43246:72:A>M,0,0.054150738
train-pg_dms__transformer__seed42,MLH1,P43246:72:A>L,0,0.0032307075
train-pg_dms__transformer__seed42,MLH1,P43246:72:A>I,0,0.022510024
train-pg_dms__transformer__seed42,MLH1,P43246:72:A>H,0,0.03130259
train-pg_dms__transformer__seed42,MLH1,P43246:72:A>F,0,0.0651336
train-pg_dms__transformer__seed42,MLH1,P43246:72:A>D,0,0.024515742
train-pg_dms__transformer__seed42,MLH1,P43246:72:A>C,0,0.00095766067
train-pg_dms__transformer__seed42,MLH1,P43246:72:A>P,0,0.025356283
train-pg_dms__transformer__seed42,MLH1,P43246:72:A>K,0,0.009782019
train-pg_dms__transformer__seed42,MLH1,P43246:72:A>E,0,0.009758685
train-pg_dms__transformer__seed42,MLH1,P43246:72:A>Y,0,0.036446474
train-pg_dms__transformer__seed42,MLH1,P43246:91:D>A,0,0.037799183
train-pg_dms__transformer__seed42,MLH1,P43246:91:D>C,0,0.0065148682
train-pg_dms__transformer__seed42,MLH1,P43246:91:D>H,0,0.020348245
train-pg_dms__transformer__seed42,MLH1,P43246:91:D>I,0,0.040547453
train-pg_dms__transformer__seed42,MLH1,P43246:91:D>K,0,0.036119517
train-pg_dms__transformer__seed42,MLH1,P43246:91:D>L,0,0.013356907
train-pg_dms__transformer__seed42,MLH1,P43246:91:D>W,0,0.17627129
train-pg_dms__transformer__seed42,MLH1,P43246:91:D>P,0,0.223013
train-pg_dms__transformer__seed42,MLH1,P43246:91:D>Q,0,0.013558628
train-pg_dms__transformer__seed42,MLH1,P43246:91:D>R,0,0.06286685
train-pg_dms__transformer__seed42,MLH1,P43246:91:D>S,0,0.0041423608
train-pg_dms__transformer__seed42,MLH1,P43246:91:D>T,0,0.021369934
train-pg_dms__transformer__seed42,MLH1,P43246:91:D>V,0,0.05062461
train-pg_dms__transformer__seed42,MLH1,P43246:91:D>M,0,0.16670896
train-pg_dms__transformer__seed42,MLH1,P43246:103:Y>W,0,0.08345756
train-pg_dms__transformer__seed42,MLH1,P43246:103:Y>A,0,0.1583477
train-pg_dms__transformer__seed42,MLH1,P43246:103:Y>C,0,0.016077343
train-pg_dms__transformer__seed42,MLH1,P43246:103:Y>E,0,0.3060062
train-pg_dms__transformer__seed42,MLH1,P43246:103:Y>G,1,0.36360636
train-pg_dms__transformer__seed42,MLH1,P43246:103:Y>H,0,0.040142994
train-pg_dms__transformer__seed42,MLH1,P43246:103:Y>I,0,0.2657658
train-pg_dms__transformer__seed42,MLH1,P43246:103:Y>N,0,0.10428035
train-pg_dms__transformer__seed42,MLH1,P43246:103:Y>L,0,0.014029447
train-pg_dms__transformer__seed42,MLH1,P43246:103:Y>M,0,0.25134414
train-pg_dms__transformer__seed42,MLH1,P43246:103:Y>P,1,0.85355127
train-pg_dms__transformer__seed42,MLH1,P43246:103:Y>R,0,0.5305862
train-pg_dms__transformer__seed42,MLH1,P43246:103:Y>S,0,0.0985948
train-pg_dms__transformer__seed42,MLH1,P43246:103:Y>T,1,0.17055206
train-pg_dms__transformer__seed42,MLH1,P43246:103:Y>K,1,0.29237473
train-pg_dms__transformer__seed42,MLH1,P43246:103:Y>V,0,0.10625596
train-pg_dms__transformer__seed42,MLH1,P43246:106:R>W,0,0.17534953
train-pg_dms__transformer__seed42,MLH1,P43246:106:R>C,0,0.009405043
train-pg_dms__transformer__seed42,MLH1,P43246:106:R>E,0,0.046922263
train-pg_dms__transformer__seed42,MLH1,P43246:106:R>F,0,0.25910717
train-pg_dms__transformer__seed42,MLH1,P43246:106:R>G,0,0.039454248
train-pg_dms__transformer__seed42,MLH1,P43246:106:R>H,0,0.019642154
train-pg_dms__transformer__seed42,MLH1,P43246:106:R>I,0,0.114184886
train-pg_dms__transformer__seed42,MLH1,P43246:106:R>L,0,0.016960815
train-pg_dms__transformer__seed42,MLH1,P43246:106:R>M,0,0.21104527
train-pg_dms__transformer__seed42,MLH1,P43246:106:R>P,0,0.13691272
train-pg_dms__transformer__seed42,MLH1,P43246:106:R>Q,0,0.0036221792
train-pg_dms__transformer__seed42,MLH1,P43246:106:R>S,0,0.026861409
train-pg_dms__transformer__seed42,MLH1,P43246:106:R>T,0,0.16685031
train-pg_dms__transformer__seed42,MLH1,P43246:106:R>V,0,0.08922804
train-pg_dms__transformer__seed42,MLH1,P43246:106:R>Y,0,0.12341254
train-pg_dms__transformer__seed42,MLH1,P43246:106:R>A,0,0.07967462
train-pg_dms__transformer__seed42,MLH1,P43246:106:R>N,0,0.06282415
train-pg_dms__transformer__seed42,MLH1,P43246:107:A>C,0,0.0007148106
train-pg_dms__transformer__seed42,MLH1,P43246:107:A>T,0,0.0042190603
train-pg_dms__transformer__seed42,MLH1,P43246:107:A>Y,0,0.03074987
train-pg_dms__transformer__seed42,MLH1,P43246:107:A>S,0,0.0002487729
train-pg_dms__transformer__seed42,MLH1,P43246:107:A>R,0,0.09610545
train-pg_dms__transformer__seed42,MLH1,P43246:107:A>Q,0,0.00294106
train-pg_dms__transformer__seed42,MLH1,P43246:107:A>N,0,0.0007173892
train-pg_dms__transformer__seed42,MLH1,P43246:107:A>M,0,0.038120814
train-pg_dms__transformer__seed42,MLH1,P43246:107:A>P,0,0.053667773
train-pg_dms__transformer__seed42,MLH1,P43246:107:A>K,0,0.058385883
train-pg_dms__transformer__seed42,MLH1,P43246:107:A>I,0,0.02270128
train-pg_dms__transformer__seed42,MLH1,P43246:107:A>H,0,0.015580715
train-pg_dms__transformer__seed42,MLH1,P43246:107:A>G,0,0.008408603
train-pg_dms__transformer__seed42,MLH1,P43246:107:A>E,0,0.011248108
train-pg_dms__transformer__seed42,MLH1,P43246:107:A>L,0,0.00078134483
train-pg_dms__transformer__seed42,MLH1,P43246:112:S>C,0,0.0014340504
train-pg_dms__transformer__seed42,MLH1,P43246:112:S>N,0,0.0014365468
train-pg_dms__transformer__seed42,MLH1,P43246:112:S>W,1,0.1796675
train-pg_dms__transformer__seed42,MLH1,P43246:112:S>V,0,0.0074811727
train-pg_dms__transformer__seed42,MLH1,P43246:112:S>T,0,0.0036439744
train-pg_dms__transformer__seed42,MLH1,P43246:112:S>R,0,0.09197128
train-pg_dms__transformer__seed42,MLH1,P43246:112:S>P,0,0.017904218
train-pg_dms__transformer__seed42,MLH1,P43246:112:S>A,0,0.00900305
train-pg_dms__transformer__seed42,MLH1,P43246:112:S>M,0,0.090301715
train-pg_dms__transformer__seed42,MLH1,P43246:112:S>L,0,0.001072029
train-pg_dms__transformer__seed42,MLH1,P43246:112:S>K,0,0.042702943
train-pg_dms__transformer__seed42,MLH1,P43246:112:S>I,0,0.022073152
train-pg_dms__transformer__seed42,MLH1,P43246:112:S>H,0,0.018037556
train-pg_dms__transformer__seed42,MLH1,P43246:112:S>G,0,0.003090879
train-pg_dms__transformer__seed42,MLH1,P43246:112:S>F,0,0.07560095
train-pg_dms__transformer__seed42,MLH1,P43246:112:S>E,0,0.046089727
train-pg_dms__transformer__seed42,MLH1,P43246:112:S>D,0,0.1410826
train-pg_dms__transformer__seed42,MLH1,P43246:112:S>Y,0,0.054142475
train-pg_dms__transformer__seed42,MLH1,P43246:120:A>E,0,0.014457666
train-pg_dms__transformer__seed42,MLH1,P43246:120:A>D,0,0.13467531
train-pg_dms__transformer__seed42,MLH1,P43246:120:A>C,0,0.00072744116
train-pg_dms__transformer__seed42,MLH1,P43246:120:A>F,0,0.070243955
train-pg_dms__transformer__seed42,MLH1,P43246:120:A>G,0,0.0037185238
train-pg_dms__transformer__seed42,MLH1,P43246:120:A>Y,0,0.09732742
train-pg_dms__transformer__seed42,MLH1,P43246:120:A>H,0,0.0184257
train-pg_dms__transformer__seed42,MLH1,P43246:120:A>I,0,0.03999858
train-pg_dms__transformer__seed42,MLH1,P43246:120:A>K,0,0.041659564
train-pg_dms__transformer__seed42,MLH1,P43246:120:A>L,0,0.0007409736
train-pg_dms__transformer__seed42,MLH1,P43246:120:A>M,0,0.08096997
train-pg_dms__transformer__seed42,MLH1,P43246:120:A>N,0,0.002709679
train-pg_dms__transformer__seed42,MLH1,P43246:120:A>P,0,0.3014157
train-pg_dms__transformer__seed42,MLH1,P43246:120:A>Q,0,0.005534254
train-pg_dms__transformer__seed42,MLH1,P43246:120:A>R,0,0.25409657
train-pg_dms__transformer__seed42,MLH1,P43246:120:A>S,0,0.00034052576
train-pg_dms__transformer__seed42,MLH1,P43246:120:A>W,0,0.35254338
train-pg_dms__transformer__seed42,MLH1,P43246:120:A>V,0,0.007899649
train-pg_dms__transformer__seed42,MLH1,P43246:121:Y>W,0,0.019178988
train-pg_dms__transformer__seed42,MLH1,P43246:121:Y>V,0,0.006269519
train-pg_dms__transformer__seed42,MLH1,P43246:121:Y>I,0,0.018382937
train-pg_dms__transformer__seed42,MLH1,P43246:121:Y>S,0,0.0010601403
train-pg_dms__transformer__seed42,MLH1,P43246:121:Y>M,0,0.052937638
train-pg_dms__transformer__seed42,MLH1,P43246:121:Y>H,0,0.0014164005
train-pg_dms__transformer__seed42,MLH1,P43246:121:Y>T,0,0.0034975123
train-pg_dms__transformer__seed42,MLH1,P43246:121:Y>P,0,0.5363861
train-pg_dms__transformer__seed42,MLH1,P43246:121:Y>R,0,0.023391992
train-pg_dms__transformer__seed42,MLH1,P43246:121:Y>A,0,0.005452762
train-pg_dms__transformer__seed42,MLH1,P43246:121:Y>Q,0,0.0029320926
train-pg_dms__transformer__seed42,MLH1,P43246:121:Y>G,0,0.0057593263
train-pg_dms__transformer__seed42,MLH1,P43246:121:Y>F,0,0.0034360718
train-pg_dms__transformer__seed42,MLH1,P43246:121:Y>E,0,0.012429526
train-pg_dms__transformer__seed42,MLH1,P43246:121:Y>C,0,0.000595171
train-pg_dms__transformer__seed42,MLH1,P43246:121:Y>L,0,0.001725033
train-pg_dms__transformer__seed42,MLH1,P43246:121:Y>K,0,0.013422077
train-pg_dms__transformer__seed42,MLH1,P43246:129:S>A,0,0.00078812655
train-pg_dms__transformer__seed42,MLH1,P43246:129:S>C,1,0.0011601162
train-pg_dms__transformer__seed42,MLH1,P43246:129:S>D,0,0.1471634
train-pg_dms__transformer__seed42,MLH1,P43246:129:S>F,0,0.024211837
train-pg_dms__transformer__seed42,MLH1,P43246:129:S>G,0,0.0027301097
train-pg_dms__transformer__seed42,MLH1,P43246:129:S>H,0,0.00907906
train-pg_dms__transformer__seed42,MLH1,P43246:129:S>I,0,0.009243325
train-pg_dms__transformer__seed42,MLH1,P43246:129:S>P,0,0.11365167
train-pg_dms__transformer__seed42,MLH1,P43246:129:S>L,0,0.00028643594
train-pg_dms__transformer__seed42,MLH1,P43246:129:S>N,0,0.00092070433
train-pg_dms__transformer__seed42,MLH1,P43246:129:S>Q,0,0.01236077
train-pg_dms__transformer__seed42,MLH1,P43246:129:S>R,0,0.066793084
train-pg_dms__transformer__seed42,MLH1,P43246:129:S>T,0,0.00054634985
train-pg_dms__transformer__seed42,MLH1,P43246:129:S>V,0,0.005527262
train-pg_dms__transformer__seed42,MLH1,P43246:129:S>Y,0,0.016341155
train-pg_dms__transformer__seed42,MLH1,P43246:129:S>K,0,0.03655454
train-pg_dms__transformer__seed42,MLH1,P43246:129:S>W,0,0.22657788
train-pg_dms__transformer__seed42,MLH1,P43246:132:E>C,0,0.008566004
train-pg_dms__transformer__seed42,MLH1,P43246:132:E>W,0,0.16505146
train-pg_dms__transformer__seed42,MLH1,P43246:132:E>D,0,0.020912115
train-pg_dms__transformer__seed42,MLH1,P43246:132:E>F,0,0.057190087
train-pg_dms__transformer__seed42,MLH1,P43246:132:E>G,0,0.009691236
train-pg_dms__transformer__seed42,MLH1,P43246:132:E>H,0,0.035050105
train-pg_dms__transformer__seed42,MLH1,P43246:132:E>I,0,0.044781283
train-pg_dms__transformer__seed42,MLH1,P43246:132:E>K,0,0.07306359
train-pg_dms__transformer__seed42,MLH1,P43246:132:E>A,0,0.012514348
train-pg_dms__transformer__seed42,MLH1,P43246:132:E>L,0,0.020478237
train-pg_dms__transformer__seed42,MLH1,P43246:132:E>N,0,0.1045548
train-pg_dms__transformer__seed42,MLH1,P43246:132:E>P,0,0.35250703
train-pg_dms__transformer__seed42,MLH1,P43246:132:E>Q,0,0.0049375514
train-pg_dms__transformer__seed42,MLH1,P43246:132:E>R,0,0.10326418
train-pg_dms__transformer__seed42,MLH1,P43246:132:E>T,0,0.014225233
train-pg_dms__transformer__seed42,MLH1,P43246:132:E>M,0,0.23123913
train-pg_dms__transformer__seed42,MLH1,P43246:132:E>S,0,0.0049817404
train-pg_dms__transformer__seed42,MLH1,P43246:133:D>R,0,0.026845366
train-pg_dms__transformer__seed42,MLH1,P43246:133:D>P,0,0.039884895
train-pg_dms__transformer__seed42,MLH1,P43246:133:D>F,0,0.07272412
train-pg_dms__transformer__seed42,MLH1,P43246:133:D>G,0,0.0072452785
train-pg_dms__transformer__seed42,MLH1,P43246:133:D>H,0,0.017072495
train-pg_dms__transformer__seed42,MLH1,P43246:133:D>I,0,0.033969797
train-pg_dms__transformer__seed42,MLH1,P43246:133:D>K,0,0.017093351
train-pg_dms__transformer__seed42,MLH1,P43246:133:D>L,0,0.013179254
train-pg_dms__transformer__seed42,MLH1,P43246:133:D>M,0,0.19330028
train-pg_dms__transformer__seed42,MLH1,P43246:133:D>N,0,0.0007837472
train-pg_dms__transformer__seed42,MLH1,P43246:133:D>S,0,0.0016471627
train-pg_dms__transformer__seed42,MLH1,P43246:133:D>T,0,0.010336954
train-pg_dms__transformer__seed42,MLH1,P43246:133:D>C,0,0.006113848
train-pg_dms__transformer__seed42,MLH1,P43246:133:D>Y,0,0.05504476
train-pg_dms__transformer__seed42,MLH1,P43246:133:D>V,0,0.05775651
train-pg_dms__transformer__seed42,MLH1,P43246:133:D>A,0,0.012758612
train-pg_dms__transformer__seed42,MLH1,P43246:139:N>L,0,0.0010494841
train-pg_dms__transformer__seed42,MLH1,P43246:139:N>S,0,0.00090359914
train-pg_dms__transformer__seed42,MLH1,P43246:139:N>A,0,0.001472097
train-pg_dms__transformer__seed42,MLH1,P43246:139:N>C,0,0.00058332324
train-pg_dms__transformer__seed42,MLH1,P43246:139:N>D,0,0.010663753
train-pg_dms__transformer__seed42,MLH1,P43246:139:N>E,0,0.014410433
train-pg_dms__transformer__seed42,MLH1,P43246:139:N>F,0,0.014405254
train-pg_dms__transformer__seed42,MLH1,P43246:139:N>G,0,0.003898952
train-pg_dms__transformer__seed42,MLH1,P43246:139:N>H,0,0.0014107359
train-pg_dms__transformer__seed42,MLH1,P43246:139:N>I,0,0.00409054
train-pg_dms__transformer__seed42,MLH1,P43246:139:N>Y,0,0.0037116797
train-pg_dms__transformer__seed42,MLH1,P43246:139:N>W,0,0.053332627
train-pg_dms__transformer__seed42,MLH1,P43246:139:N>V,0,0.0023990748
train-pg_dms__transformer__seed42,MLH1,P43246:139:N>T,0,0.0020508675
train-pg_dms__transformer__seed42,MLH1,P43246:139:N>R,0,0.008461907
train-pg_dms__transformer__seed42,MLH1,P43246:139:N>K,0,0.012962385
train-pg_dms__transformer__seed42,MLH1,P43246:139:N>P,0,0.02061281
train-pg_dms__transformer__seed42,MLH1,P43246:139:N>M,0,0.057589877
train-pg_dms__transformer__seed42,MLH1,P43246:139:N>Q,0,0.0038526743
train-pg_dms__transformer__seed42,MLH1,P43246:141:M>V,0,0.045760926
train-pg_dms__transformer__seed42,MLH1,P43246:141:M>T,0,0.04852912
train-pg_dms__transformer__seed42,MLH1,P43246:141:M>S,0,0.033109326
train-pg_dms__transformer__seed42,MLH1,P43246:141:M>R,0,0.11789244
train-pg_dms__transformer__seed42,MLH1,P43246:141:M>Q,0,0.03372957
train-pg_dms__transformer__seed42,MLH1,P43246:141:M>P,0,0.21876074
train-pg_dms__transformer__seed42,MLH1,P43246:141:M>N,0,0.07176844
train-pg_dms__transformer__seed42,MLH1,P43246:141:M>L,0,0.016255638
train-pg_dms__transformer__seed42,MLH1,P43246:141:M>K,0,0.09015008
train-pg_dms__transformer__seed42,MLH1,P43246:141:M>I,0,0.09773846
train-pg_dms__transformer__seed42,MLH1,P43246:141:M>G,0,0.042985514
train-pg_dms__transformer__seed42,MLH1,P43246:141:M>F,0,0.09859363
train-pg_dms__transformer__seed42,MLH1,P43246:141:M>E,0,0.17284803
train-pg_dms__transformer__seed42,MLH1,P43246:141:M>C,0,0.037205696
train-pg_dms__transformer__seed42,MLH1,P43246:141:M>D,0,0.26762468
train-pg_dms__transformer__seed42,MLH1,P43246:141:M>W,0,0.30104426
train-pg_dms__transformer__seed42,MLH1,P43246:141:M>Y,0,0.21450786
train-pg_dms__transformer__seed42,MLH1,P43246:141:M>A,0,0.018883476
train-pg_dms__transformer__seed42,MLH1,P43246:142:S>R,0,0.0733251
train-pg_dms__transformer__seed42,MLH1,P43246:142:S>D,0,0.060801055
train-pg_dms__transformer__seed42,MLH1,P43246:142:S>W,0,0.088438824
train-pg_dms__transformer__seed42,MLH1,P43246:142:S>V,0,0.0075804614
train-pg_dms__transformer__seed42,MLH1,P43246:142:S>T,0,0.0026984632
train-pg_dms__transformer__seed42,MLH1,P43246:142:S>E,0,0.027733171
train-pg_dms__transformer__seed42,MLH1,P43246:142:S>F,0,0.027889654
train-pg_dms__transformer__seed42,MLH1,P43246:142:S>G,0,0.0046626967
train-pg_dms__transformer__seed42,MLH1,P43246:142:S>I,0,0.012038492
train-pg_dms__transformer__seed42,MLH1,P43246:142:S>K,0,0.05626966
train-pg_dms__transformer__seed42,MLH1,P43246:142:S>L,0,0.0010162862
train-pg_dms__transformer__seed42,MLH1,P43246:142:S>M,0,0.09949593
train-pg_dms__transformer__seed42,MLH1,P43246:142:S>N,0,0.0019180394
train-pg_dms__transformer__seed42,MLH1,P43246:142:S>P,0,0.03500123
train-pg_dms__transformer__seed42,MLH1,P43246:142:S>Q,0,0.027541444
train-pg_dms__transformer__seed42,MLH1,P43246:142:S>C,0,0.0009668022
train-pg_dms__transformer__seed42,MLH1,P43246:142:S>H,0,0.0099838395
train-pg_dms__transformer__seed42,MLH1,P43246:146:G>Q,0,0.47499847
train-pg_dms__transformer__seed42,MLH1,P43246:146:G>R,0,0.8831849
train-pg_dms__transformer__seed42,MLH1,P43246:146:G>Y,0,0.7442257
train-pg_dms__transformer__seed42,MLH1,P43246:146:G>S,0,0.016213281
train-pg_dms__transformer__seed42,MLH1,P43246:146:G>T,0,0.12250493
train-pg_dms__transformer__seed42,MLH1,P43246:146:G>N,0,0.6984095
train-pg_dms__transformer__seed42,MLH1,P43246:146:G>M,0,0.46749058
train-pg_dms__transformer__seed42,MLH1,P43246:146:G>L,0,0.34232035
train-pg_dms__transformer__seed42,MLH1,P43246:146:G>K,0,0.9083214
train-pg_dms__transformer__seed42,MLH1,P43246:146:G>I,0,0.31663838
train-pg_dms__transformer__seed42,MLH1,P43246:146:G>P,0,0.9536338
train-pg_dms__transformer__seed42,MLH1,P43246:146:G>W,0,0.8691207
train-pg_dms__transformer__seed42,MLH1,P43246:146:G>V,0,0.0892654
train-pg_dms__transformer__seed42,MLH1,P43246:146:G>E,0,0.75961983
train-pg_dms__transformer__seed42,MLH1,P43246:146:G>A,0,0.0035050435
train-pg_dms__transformer__seed42,MLH1,P43246:146:G>C,0,0.003248226
train-pg_dms__transformer__seed42,MLH1,P43246:146:G>D,0,0.91513115
train-pg_dms__transformer__seed42,MLH1,P43246:146:G>F,0,0.59663373
train-pg_dms__transformer__seed42,MLH1,P43246:146:G>H,0,0.74328065
train-pg_dms__transformer__seed42,MLH1,P43246:149:G>C,1,0.24802628
train-pg_dms__transformer__seed42,MLH1,P43246:149:G>W,1,0.9985279
train-pg_dms__transformer__seed42,MLH1,P43246:149:G>V,0,0.8189292
train-pg_dms__transformer__seed42,MLH1,P43246:149:G>T,0,0.9133588
train-pg_dms__transformer__seed42,MLH1,P43246:149:G>S,0,0.101809874
train-pg_dms__transformer__seed42,MLH1,P43246:149:G>R,1,0.99827063
train-pg_dms__transformer__seed42,MLH1,P43246:149:G>Q,1,0.9908179
train-pg_dms__transformer__seed42,MLH1,P43246:149:G>P,1,0.99874485
train-pg_dms__transformer__seed42,MLH1,P43246:149:G>N,1,0.99723345
train-pg_dms__transformer__seed42,MLH1,P43246:149:G>M,1,0.97461987
train-pg_dms__transformer__seed42,MLH1,P43246:149:G>Y,1,0.99573106
train-pg_dms__transformer__seed42,MLH1,P43246:149:G>E,1,0.9972721
train-pg_dms__transformer__seed42,MLH1,P43246:149:G>L,1,0.99082726
train-pg_dms__transformer__seed42,MLH1,P43246:149:G>K,1,0.9967525
train-pg_dms__transformer__seed42,MLH1,P43246:149:G>I,1,0.99228126
train-pg_dms__transformer__seed42,MLH1,P43246:149:G>H,1,0.99184203
train-pg_dms__transformer__seed42,MLH1,P43246:149:G>D,1,0.97948796
train-pg_dms__transformer__seed42,MLH1,P43246:157:G>E,0,0.0100219175
train-pg_dms__transformer__seed42,MLH1,P43246:157:G>H,0,0.021709893
train-pg_dms__transformer__seed42,MLH1,P43246:157:G>I,0,0.030147726
train-pg_dms__transformer__seed42,MLH1,P43246:157:G>K,0,0.025863966
train-pg_dms__transformer__seed42,MLH1,P43246:157:G>L,1,0.009802112
train-pg_dms__transformer__seed42,MLH1,P43246:157:G>M,0,0.07519292
train-pg_dms__transformer__seed42,MLH1,P43246:157:G>A,0,0.0069553657
train-pg_dms__transformer__seed42,MLH1,P43246:157:G>T,0,0.018967573
train-pg_dms__transformer__seed42,MLH1,P43246:157:G>P,0,0.15487806
train-pg_dms__transformer__seed42,MLH1,P43246:157:G>Q,0,0.0029525608
train-pg_dms__transformer__seed42,MLH1,P43246:157:G>R,0,0.015164554
train-pg_dms__transformer__seed42,MLH1,P43246:157:G>S,0,0.0023159303
train-pg_dms__transformer__seed42,MLH1,P43246:157:G>C,0,0.0010489329
train-pg_dms__transformer__seed42,MLH1,P43246:157:G>W,0,0.035923995
train-pg_dms__transformer__seed42,MLH1,P43246:157:G>Y,0,0.03816255
train-pg_dms__transformer__seed42,MLH1,P43246:157:G>N,0,0.004060504
train-pg_dms__transformer__seed42,MLH1,P43246:158:Q>C,0,0.0012473667
train-pg_dms__transformer__seed42,MLH1,P43246:158:Q>A,0,0.0005083379
train-pg_dms__transformer__seed42,MLH1,P43246:158:Q>H,0,0.0031302215
train-pg_dms__transformer__seed42,MLH1,P43246:158:Q>W,0,0.05565627
train-pg_dms__transformer__seed42,MLH1,P43246:158:Q>D,0,0.033746082
train-pg_dms__transformer__seed42,MLH1,P43246:158:Q>I,0,0.009580881
train-pg_dms__transformer__seed42,MLH1,P43246:158:Q>Y,0,0.00989677
train-pg_dms__transformer__seed42,MLH1,P43246:158:Q>K,0,0.0019904985
train-pg_dms__transformer__seed42,MLH1,P43246:158:Q>P,0,0.0642038
train-pg_dms__transformer__seed42,MLH1,P43246:158:Q>E,0,0.0039267903
train-pg_dms__transformer__seed42,MLH1,P43246:158:Q>F,0,0.02586757
train-pg_dms__transformer__seed42,MLH1,P43246:158:Q>G,0,0.0042224596
train-pg_dms__transformer__seed42,MLH1,P43246:158:Q>L,0,0.0005616088
train-pg_dms__transformer__seed42,MLH1,P43246:158:Q>M,0,0.039796975
train-pg_dms__transformer__seed42,MLH1,P43246:158:Q>S,0,0.0024864564
train-pg_dms__transformer__seed42,MLH1,P43246:158:Q>T,0,0.014755465
train-pg_dms__transformer__seed42,MLH1,P43246:158:Q>V,0,0.002144751
train-pg_dms__transformer__seed42,MLH1,P43246:166:V>R,1,0.9795328
train-pg_dms__transformer__seed42,MLH1,P43246:166:V>Y,0,0.8962819
train-pg_dms__transformer__seed42,MLH1,P43246:166:V>Q,0,0.6870158
train-pg_dms__transformer__seed42,MLH1,P43246:166:V>P,1,0.98441434
train-pg_dms__transformer__seed42,MLH1,P43246:166:V>N,0,0.8838649
train-pg_dms__transformer__seed42,MLH1,P43246:166:V>M,0,0.22160825
train-pg_dms__transformer__seed42,MLH1,P43246:166:V>K,1,0.93716764
train-pg_dms__transformer__seed42,MLH1,P43246:166:V>I,0,0.036360554
train-pg_dms__transformer__seed42,MLH1,P43246:166:V>H,0,0.8042882
train-pg_dms__transformer__seed42,MLH1,P43246:166:V>G,0,0.18747525
train-pg_dms__transformer__seed42,MLH1,P43246:166:V>D,1,0.98827595
train-pg_dms__transformer__seed42,MLH1,P43246:166:V>C,0,0.03293996
train-pg_dms__transformer__seed42,MLH1,P43246:166:V>A,0,0.008536962
train-pg_dms__transformer__seed42,MLH1,P43246:166:V>T,0,0.022214565
train-pg_dms__transformer__seed42,MLH1,P43246:166:V>W,1,0.9402811
train-pg_dms__transformer__seed42,MLH1,P43246:166:V>S,0,0.085638836
train-pg_dms__transformer__seed42,MLH1,P43246:166:V>F,0,0.19579963
train-pg_dms__transformer__seed42,MLH1,P43246:168:S>Y,1,0.026804699
train-pg_dms__transformer__seed42,MLH1,P43246:168:S>M,0,0.0651914
train-pg_dms__transformer__seed42,MLH1,P43246:168:S>G,0,0.005810853
train-pg_dms__transformer__seed42,MLH1,P43246:168:S>L,0,0.0010783667
train-pg_dms__transformer__seed42,MLH1,P43246:168:S>Q,0,0.03542812
train-pg_dms__transformer__seed42,MLH1,P43246:168:S>H,0,0.024085643
train-pg_dms__transformer__seed42,MLH1,P43246:168:S>I,0,0.015637396
train-pg_dms__transformer__seed42,MLH1,P43246:168:S>R,0,0.14038347
train-pg_dms__transformer__seed42,MLH1,P43246:168:S>K,0,0.080679744
train-pg_dms__transformer__seed42,MLH1,P43246:168:S>N,0,0.0009221389
train-pg_dms__transformer__seed42,MLH1,P43246:168:S>P,0,0.028406683
train-pg_dms__transformer__seed42,MLH1,P43246:168:S>F,0,0.059617035
train-pg_dms__transformer__seed42,MLH1,P43246:168:S>E,0,0.080296315
train-pg_dms__transformer__seed42,MLH1,P43246:168:S>A,0,0.0028425367
train-pg_dms__transformer__seed42,MLH1,P43246:168:S>T,0,0.0010677394
train-pg_dms__transformer__seed42,MLH1,P43246:168:S>C,0,0.00053062866
train-pg_dms__transformer__seed42,MLH1,P43246:168:S>D,0,0.10697675
train-pg_dms__transformer__seed42,MLH1,P43246:168:S>V,0,0.006135975
train-pg_dms__transformer__seed42,MLH1,P43246:168:S>W,0,0.17848223
train-pg_dms__transformer__seed42,MLH1,P43246:169:I>P,0,0.09190463
train-pg_dms__transformer__seed42,MLH1,P43246:169:I>R,0,0.016168384
train-pg_dms__transformer__seed42,MLH1,P43246:169:I>Q,0,0.002110945
train-pg_dms__transformer__seed42,MLH1,P43246:169:I>M,0,0.050206203
train-pg_dms__transformer__seed42,MLH1,P43246:169:I>S,0,0.00042836013
train-pg_dms__transformer__seed42,MLH1,P43246:169:I>L,0,0.0005717755
train-pg_dms__transformer__seed42,MLH1,P43246:169:I>H,0,0.016728139
train-pg_dms__transformer__seed42,MLH1,P43246:169:I>E,0,0.020939114
train-pg_dms__transformer__seed42,MLH1,P43246:169:I>D,0,0.05542525
train-pg_dms__transformer__seed42,MLH1,P43246:169:I>C,0,0.0024498715
train-pg_dms__transformer__seed42,MLH1,P43246:169:I>A,0,0.006004868
train-pg_dms__transformer__seed42,MLH1,P43246:169:I>N,0,0.00065028114
train-pg_dms__transformer__seed42,MLH1,P43246:169:I>T,0,0.0011373434
train-pg_dms__transformer__seed42,MLH1,P43246:169:I>G,0,0.0076696775
train-pg_dms__transformer__seed42,MLH1,P43246:169:I>W,0,0.17960002
train-pg_dms__transformer__seed42,MLH1,P43246:169:I>Y,0,0.016704954
train-pg_dms__transformer__seed42,MLH1,P43246:171:R>W,0,0.072181456
train-pg_dms__transformer__seed42,MLH1,P43246:171:R>V,0,0.22282928
train-pg_dms__transformer__seed42,MLH1,P43246:171:R>T,0,0.1691179
train-pg_dms__transformer__seed42,MLH1,P43246:171:R>Y,0,0.06723836
train-pg_dms__transformer__seed42,MLH1,P43246:171:R>A,0,0.12387987
train-pg_dms__transformer__seed42,MLH1,P43246:171:R>E,0,0.101189904
train-pg_dms__transformer__seed42,MLH1,P43246:171:R>F,0,0.11624895
train-pg_dms__transformer__seed42,MLH1,P43246:171:R>G,0,0.025527949
train-pg_dms__transformer__seed42,MLH1,P43246:171:R>C,0,0.0034458486
train-pg_dms__transformer__seed42,MLH1,P43246:171:R>I,1,0.20662977
train-pg_dms__transformer__seed42,MLH1,P43246:171:R>S,0,0.035204858
train-pg_dms__transformer__seed42,MLH1,P43246:171:R>P,0,0.57351923
train-pg_dms__transformer__seed42,MLH1,P43246:171:R>N,0,0.053628337
train-pg_dms__transformer__seed42,MLH1,P43246:171:R>M,0,0.29019794
train-pg_dms__transformer__seed42,MLH1,P43246:171:R>L,0,0.079647265
train-pg_dms__transformer__seed42,MLH1,P43246:171:R>K,0,0.02817682
train-pg_dms__transformer__seed42,MLH1,P43246:171:R>H,0,0.024872877
train-pg_dms__transformer__seed42,MLH1,P43246:174:G>L,0,0.033933263
train-pg_dms__transformer__seed42,MLH1,P43246:174:G>N,0,0.610814
train-pg_dms__transformer__seed42,MLH1,P43246:174:G>P,1,0.9962231
train-pg_dms__transformer__seed42,MLH1,P43246:174:G>Q,0,0.067021094
train-pg_dms__transformer__seed42,MLH1,P43246:174:G>R,0,0.6437067
train-pg_dms__transformer__seed42,MLH1,P43246:174:G>S,0,0.005117243
train-pg_dms__transformer__seed42,MLH1,P43246:174:G>T,0,0.01156198
train-pg_dms__transformer__seed42,MLH1,P43246:174:G>V,0,0.034208838
train-pg_dms__transformer__seed42,MLH1,P43246:174:G>W,0,0.7500334
train-pg_dms__transformer__seed42,MLH1,P43246:174:G>Y,0,0.2353362
train-pg_dms__transformer__seed42,MLH1,P43246:174:G>A,0,0.02148259
train-pg_dms__transformer__seed42,MLH1,P43246:174:G>C,0,0.0013036733
train-pg_dms__transformer__seed42,MLH1,P43246:174:G>D,0,0.8970808
train-pg_dms__transformer__seed42,MLH1,P43246:174:G>E,0,0.28789353
train-pg_dms__transformer__seed42,MLH1,P43246:174:G>F,0,0.101516634
train-pg_dms__transformer__seed42,MLH1,P43246:174:G>I,0,0.09202439
train-pg_dms__transformer__seed42,MLH1,P43246:174:G>K,0,0.9124638
train-pg_dms__transformer__seed42,MLH1,P43246:174:G>M,0,0.31852737
train-pg_dms__transformer__seed42,MLH1,P43246:174:G>H,0,0.20069534
train-pg_dms__transformer__seed42,MLH1,P43246:187:L>K,1,0.88241154
train-pg_dms__transformer__seed42,MLH1,P43246:187:L>M,0,0.19355819
train-pg_dms__transformer__seed42,MLH1,P43246:187:L>N,1,0.86405945
train-pg_dms__transformer__seed42,MLH1,P43246:187:L>A,0,0.10723983
train-pg_dms__transformer__seed42,MLH1,P43246:187:L>Q,1,0.5184976
train-pg_dms__transformer__seed42,MLH1,P43246:187:L>S,0,0.247597
train-pg_dms__transformer__seed42,MLH1,P43246:187:L>T,0,0.017231824
train-pg_dms__transformer__seed42,MLH1,P43246:187:L>V,0,0.039594684
train-pg_dms__transformer__seed42,MLH1,P43246:187:L>W,0,0.71789473
train-pg_dms__transformer__seed42,MLH1,P43246:187:L>G,1,0.6916823
train-pg_dms__transformer__seed42,MLH1,P43246:187:L>E,1,0.87507325
train-pg_dms__transformer__seed42,MLH1,P43246:187:L>D,1,0.9702728
train-pg_dms__transformer__seed42,MLH1,P43246:187:L>C,0,0.027296726
train-pg_dms__transformer__seed42,MLH1,P43246:187:L>H,1,0.68634367
train-pg_dms__transformer__seed42,MLH1,P43246:189:A>Y,0,0.9166554
train-pg_dms__transformer__seed42,MLH1,P43246:189:A>G,0,0.036199212
train-pg_dms__transformer__seed42,MLH1,P43246:189:A>H,0,0.92058235
train-pg_dms__transformer__seed42,MLH1,P43246:189:A>I,0,0.9031544
train-pg_dms__transformer__seed42,MLH1,P43246:189:A>L,0,0.51342595
train-pg_dms__transformer__seed42,MLH1,P43246:189:A>R,0,0.98528767
train-pg_dms__transformer__seed42,MLH1,P43246:189:A>P,0,0.9659047
train-pg_dms__transformer__seed42,MLH1,P43246:189:A>Q,0,0.64913076
train-pg_dms__transformer__seed42,MLH1,P43246:189:A>S,0,0.0059948973
train-pg_dms__transformer__seed42,MLH1,P43246:189:A>T,1,0.07657691
train-pg_dms__transformer__seed42,MLH1,P43246:189:A>V,0,0.5130518
train-pg_dms__transformer__seed42,MLH1,P43246:189:A>E,0,0.89167166
train-pg_dms__transformer__seed42,MLH1,P43246:189:A>D,0,0.9652074
train-pg_dms__transformer__seed42,MLH1,P43246:189:A>C,0,0.27426997
train-pg_dms__transformer__seed42,MLH1,P43246:189:A>M,0,0.4426731
train-pg_dms__transformer__seed42,MLH1,P43246:189:A>W,0,0.9655854
train-pg_dms__transformer__seed42,MLH1,P43246:192:I>C,0,0.022599936
train-pg_dms__transformer__seed42,MLH1,P43246:192:I>Y,0,0.46985516
train-pg_dms__transformer__seed42,MLH1,P43246:192:I>W,0,0.71918297
train-pg_dms__transformer__seed42,MLH1,P43246:192:I>V,0,0.026012953
train-pg_dms__transformer__seed42,MLH1,P43246:192:I>T,0,0.100354664
train-pg_dms__transformer__seed42,MLH1,P43246:192:I>S,0,0.035538692
train-pg_dms__transformer__seed42,MLH1,P43246:192:I>R,0,0.9246256
train-pg_dms__transformer__seed42,MLH1,P43246:192:I>Q,0,0.15637837
train-pg_dms__transformer__seed42,MLH1,P43246:192:I>P,0,0.8181528
train-pg_dms__transformer__seed42,MLH1,P43246:192:I>N,0,0.15339239
train-pg_dms__transformer__seed42,MLH1,P43246:192:I>M,0,0.33569074
train-pg_dms__transformer__seed42,MLH1,P43246:192:I>L,0,0.005139913
train-pg_dms__transformer__seed42,MLH1,P43246:192:I>K,0,0.76267254
train-pg_dms__transformer__seed42,MLH1,P43246:192:I>H,0,0.4508548
train-pg_dms__transformer__seed42,MLH1,P43246:192:I>G,0,0.49578178
train-pg_dms__transformer__seed42,MLH1,P43246:192:I>F,0,0.08885835
train-pg_dms__transformer__seed42,MLH1,P43246:192:I>E,0,0.59781426
train-pg_dms__transformer__seed42,MLH1,P43246:192:I>D,0,0.9359576
train-pg_dms__transformer__seed42,MLH1,P43246:192:I>A,0,0.14416236
train-pg_dms__transformer__seed42,MLH1,P43246:200:V>I,0,0.14755762
train-pg_dms__transformer__seed42,MLH1,P43246:200:V>K,1,0.95814246
train-pg_dms__transformer__seed42,MLH1,P43246:200:V>L,0,0.012396424
train-pg_dms__transformer__seed42,MLH1,P43246:200:V>M,1,0.29167327
train-pg_dms__transformer__seed42,MLH1,P43246:200:V>C,0,0.26405782
train-pg_dms__transformer__seed42,MLH1,P43246:200:V>F,0,0.39902058
train-pg_dms__transformer__seed42,MLH1,P43246:200:V>E,1,0.89375114
train-pg_dms__transformer__seed42,MLH1,P43246:200:V>G,1,0.8498749
train-pg_dms__transformer__seed42,MLH1,P43246:200:V>N,0,0.8403254
train-pg_dms__transformer__seed42,MLH1,P43246:200:V>P,1,0.96910304
train-pg_dms__transformer__seed42,MLH1,P43246:200:V>Q,1,0.737541
train-pg_dms__transformer__seed42,MLH1,P43246:200:V>H,0,0.9034219
train-pg_dms__transformer__seed42,MLH1,P43246:200:V>R,1,0.9843838
train-pg_dms__transformer__seed42,MLH1,P43246:200:V>T,0,0.48739618
train-pg_dms__transformer__seed42,MLH1,P43246:200:V>W,1,0.9758095
train-pg_dms__transformer__seed42,MLH1,P43246:200:V>Y,0,0.9276134
train-pg_dms__transformer__seed42,MLH1,P43246:200:V>S,1,0.5204688
train-pg_dms__transformer__seed42,MLH1,P43246:201:L>C,0,0.21639948
train-pg_dms__transformer__seed42,MLH1,P43246:201:L>V,0,0.28310198
train-pg_dms__transformer__seed42,MLH1,P43246:201:L>T,0,0.57264274
train-pg_dms__transformer__seed42,MLH1,P43246:201:L>S,0,0.8083076
train-pg_dms__transformer__seed42,MLH1,P43246:201:L>R,0,0.989292
train-pg_dms__transformer__seed42,MLH1,P43246:201:L>Q,0,0.8312959
train-pg_dms__transformer__seed42,MLH1,P43246:201:L>P,1,0.9903652
train-pg_dms__transformer__seed42,MLH1,P43246:201:L>N,1,0.9571875
train-pg_dms__transformer__seed42,MLH1,P43246:201:L>W,0,0.82367253
train-pg_dms__transformer__seed42,MLH1,P43246:201:L>H,0,0.9446756
train-pg_dms__transformer__seed42,MLH1,P43246:201:L>G,1,0.96107394
train-pg_dms__transformer__seed42,MLH1,P43246:201:L>F,0,0.19059907
train-pg_dms__transformer__seed42,MLH1,P43246:201:L>E,1,0.96322453
train-pg_dms__transformer__seed42,MLH1,P43246:201:L>D,1,0.98592955
train-pg_dms__transformer__seed42,MLH1,P43246:201:L>M,0,0.3721209
train-pg_dms__transformer__seed42,MLH1,P43246:201:L>I,0,0.16994114
train-pg_dms__transformer__seed42,MLH1,P43246:201:L>A,0,0.5189138
train-pg_dms__transformer__seed42,MLH1,P43246:201:L>Y,0,0.6906313
train-pg_dms__transformer__seed42,MLH1,P43246:206:T>A,0,0.0041501634
train-pg_dms__transformer__seed42,MLH1,P43246:206:T>C,0,0.001063599
train-pg_dms__transformer__seed42,MLH1,P43246:206:T>E,0,0.0048045493
train-pg_dms__transformer__seed42,MLH1,P43246:206:T>F,0,0.0052050054
train-pg_dms__transformer__seed42,MLH1,P43246:206:T>G,0,0.005060975
train-pg_dms__transformer__seed42,MLH1,P43246:206:T>H,0,0.0056773513
train-pg_dms__transformer__seed42,MLH1,P43246:206:T>I,0,0.013609931
train-pg_dms__transformer__seed42,MLH1,P43246:206:T>V,0,0.009664665
train-pg_dms__transformer__seed42,MLH1,P43246:206:T>L,0,0.0008645398
train-pg_dms__transformer__seed42,MLH1,P43246:206:T>M,1,0.18666326
train-pg_dms__transformer__seed42,MLH1,P43246:206:T>N,0,0.0024815884
train-pg_dms__transformer__seed42,MLH1,P43246:206:T>P,0,0.025109956
train-pg_dms__transformer__seed42,MLH1,P43246:206:T>R,0,0.017632473
train-pg_dms__transformer__seed42,MLH1,P43246:206:T>S,0,0.0014276637
train-pg_dms__transformer__seed42,MLH1,P43246:206:T>W,0,0.12434355
train-pg_dms__transformer__seed42,MLH1,P43246:206:T>K,0,0.007610507
train-pg_dms__transformer__seed42,MLH1,P43246:206:T>Q,0,0.0016720049
train-pg_dms__transformer__seed42,MLH1,P43246:216:I>W,0,0.3523139
train-pg_dms__transformer__seed42,MLH1,P43246:216:I>V,0,0.021890167
train-pg_dms__transformer__seed42,MLH1,P43246:216:I>Y,0,0.32198733
train-pg_dms__transformer__seed42,MLH1,P43246:216:I>S,0,0.0036775232
train-pg_dms__transformer__seed42,MLH1,P43246:216:I>R,0,0.6311991
train-pg_dms__transformer__seed42,MLH1,P43246:216:I>Q,0,0.04020148
train-pg_dms__transformer__seed42,MLH1,P43246:216:I>P,0,0.8350673
train-pg_dms__transformer__seed42,MLH1,P43246:216:I>M,1,0.05193144
train-pg_dms__transformer__seed42,MLH1,P43246:216:I>K,0,0.50644433
train-pg_dms__transformer__seed42,MLH1,P43246:216:I>H,0,0.37463132
train-pg_dms__transformer__seed42,MLH1,P43246:216:I>G,0,0.04478315
train-pg_dms__transformer__seed42,MLH1,P43246:216:I>A,0,0.007616927
train-pg_dms__transformer__seed42,MLH1,P43246:216:I>C,0,0.010531472
train-pg_dms__transformer__seed42,MLH1,P43246:216:I>D,0,0.635728
train-pg_dms__transformer__seed42,MLH1,P43246:216:I>E,0,0.35037863
train-pg_dms__transformer__seed42,MLH1,P43246:216:I>F,0,0.06064661
train-pg_dms__transformer__seed42,MLH1,P43246:216:I>N,0,0.0076379874
train-pg_dms__transformer__seed42,MLH1,P43246:219:R>Y,0,0.19248904
train-pg_dms__transformer__seed42,MLH1,P43246:219:R>K,0,0.007860041
train-pg_dms__transformer__seed42,MLH1,P43246:219:R>L,0,0.03482243
train-pg_dms__transformer__seed42,MLH1,P43246:219:R>M,0,0.24398805
train-pg_dms__transformer__seed42,MLH1,P43246:219:R>N,0,0.012924396
train-pg_dms__transformer__seed42,MLH1,P43246:219:R>V,0,0.21875367
train-pg_dms__transformer__seed42,MLH1,P43246:219:R>S,0,0.013003355
train-pg_dms__transformer__seed42,MLH1,P43246:219:R>Q,0,0.001671086
train-pg_dms__transformer__seed42,MLH1,P43246:219:R>P,1,0.0930858
train-pg_dms__transformer__seed42,MLH1,P43246:219:R>I,0,0.17505659
train-pg_dms__transformer__seed42,MLH1,P43246:219:R>W,0,0.09136057
train-pg_dms__transformer__seed42,MLH1,P43246:219:R>H,0,0.036216043
train-pg_dms__transformer__seed42,MLH1,P43246:219:R>E,0,0.028677741
train-pg_dms__transformer__seed42,MLH1,P43246:219:R>F,0,0.21451181
train-pg_dms__transformer__seed42,MLH1,P43246:219:R>D,0,0.06368597
train-pg_dms__transformer__seed42,MLH1,P43246:219:R>C,0,0.0068013608
train-pg_dms__transformer__seed42,MLH1,P43246:219:R>A,0,0.12023088
train-pg_dms__transformer__seed42,MLH1,P43246:219:R>G,0,0.032974914
train-pg_dms__transformer__seed42,MLH1,P43246:221:G>C,0,0.0026134765
train-pg_dms__transformer__seed42,MLH1,P43246:221:G>Y,0,0.16560636
train-pg_dms__transformer__seed42,MLH1,P43246:221:G>W,0,0.2069363
train-pg_dms__transformer__seed42,MLH1,P43246:221:G>V,0,0.08616248
train-pg_dms__transformer__seed42,MLH1,P43246:221:G>T,0,0.007597865
train-pg_dms__transformer__seed42,MLH1,P43246:221:G>S,0,0.00063591293
train-pg_dms__transformer__seed42,MLH1,P43246:221:G>R,0,0.025144607
train-pg_dms__transformer__seed42,MLH1,P43246:221:G>Q,0,0.0040667914
train-pg_dms__transformer__seed42,MLH1,P43246:221:G>A,0,0.028663574
train-pg_dms__transformer__seed42,MLH1,P43246:221:G>P,0,0.32994553
train-pg_dms__transformer__seed42,MLH1,P43246:221:G>M,0,0.30157924
train-pg_dms__transformer__seed42,MLH1,P43246:221:G>L,0,0.031574648
train-pg_dms__transformer__seed42,MLH1,P43246:221:G>K,0,0.03484634
train-pg_dms__transformer__seed42,MLH1,P43246:221:G>I,0,0.15366979
train-pg_dms__transformer__seed42,MLH1,P43246:221:G>H,0,0.037036978
train-pg_dms__transformer__seed42,MLH1,P43246:221:G>F,0,0.24377073
train-pg_dms__transformer__seed42,MLH1,P43246:221:G>N,0,0.0027409417
train-pg_dms__transformer__seed42,MLH1,P43246:221:G>D,0,0.014514352
train-pg_dms__transformer__seed42,MLH1,P43246:222:I>C,0,0.012806497
train-pg_dms__transformer__seed42,MLH1,P43246:222:I>A,0,0.19359456
train-pg_dms__transformer__seed42,MLH1,P43246:222:I>E,0,0.4936394
train-pg_dms__transformer__seed42,MLH1,P43246:222:I>W,0,0.6225167
train-pg_dms__transformer__seed42,MLH1,P43246:222:I>V,0,0.075824544
train-pg_dms__transformer__seed42,MLH1,P43246:222:I>T,0,0.04533971
train-pg_dms__transformer__seed42,MLH1,P43246:222:I>S,0,0.017677471
train-pg_dms__transformer__seed42,MLH1,P43246:222:I>R,0,0.8398053
train-pg_dms__transformer__seed42,MLH1,P43246:222:I>Q,0,0.16504654
train-pg_dms__transformer__seed42,MLH1,P43246:222:I>Y,0,0.4574535
train-pg_dms__transformer__seed42,MLH1,P43246:222:I>N,0,0.06955208
train-pg_dms__transformer__seed42,MLH1,P43246:222:I>M,0,0.18243103
train-pg_dms__transformer__seed42,MLH1,P43246:222:I>L,0,0.0051621688
train-pg_dms__transformer__seed42,MLH1,P43246:222:I>K,0,0.775036
train-pg_dms__transformer__seed42,MLH1,P43246:222:I>H,0,0.41893697
train-pg_dms__transformer__seed42,MLH1,P43246:222:I>G,0,0.21977265
train-pg_dms__transformer__seed42,MLH1,P43246:222:I>F,0,0.22347482
train-pg_dms__transformer__seed42,MLH1,P43246:222:I>P,0,0.81057316
train-pg_dms__transformer__seed42,MLH1,P43246:224:I>C,0,0.0020349312
train-pg_dms__transformer__seed42,MLH1,P43246:224:I>R,0,0.100689515
train-pg_dms__transformer__seed42,MLH1,P43246:224:I>T,0,0.0034089894
train-pg_dms__transformer__seed42,MLH1,P43246:224:I>V,0,0.007953172
train-pg_dms__transformer__seed42,MLH1,P43246:224:I>W,1,0.4122389
train-pg_dms__transformer__seed42,MLH1,P43246:224:I>Y,0,0.07924758
train-pg_dms__transformer__seed42,MLH1,P43246:224:I>D,0,0.7112311
train-pg_dms__transformer__seed42,MLH1,P43246:224:I>E,0,0.019589422
train-pg_dms__transformer__seed42,MLH1,P43246:224:I>A,0,0.0124189835
train-pg_dms__transformer__seed42,MLH1,P43246:224:I>G,0,0.038151983
train-pg_dms__transformer__seed42,MLH1,P43246:224:I>H,0,0.056938928
train-pg_dms__transformer__seed42,MLH1,P43246:224:I>Q,0,0.0060281144
train-pg_dms__transformer__seed42,MLH1,P43246:224:I>P,0,0.3106889
train-pg_dms__transformer__seed42,MLH1,P43246:224:I>N,0,0.0067719407
train-pg_dms__transformer__seed42,MLH1,P43246:224:I>M,0,0.15875831
train-pg_dms__transformer__seed42,MLH1,P43246:224:I>L,0,0.0007040832
train-pg_dms__transformer__seed42,MLH1,P43246:224:I>K,0,0.0746659
train-pg_dms__transformer__seed42,MLH1,P43246:224:I>F,0,0.018851086
train-pg_dms__transformer__seed42,MLH1,P43246:225:T>H,0,0.06301567
train-pg_dms__transformer__seed42,MLH1,P43246:225:T>F,1,0.26400074
train-pg_dms__transformer__seed42,MLH1,P43246:225:T>A,0,0.030106029
train-pg_dms__transformer__seed42,MLH1,P43246:225:T>D,0,0.7920263
train-pg_dms__transformer__seed42,MLH1,P43246:225:T>C,0,0.014463374
train-pg_dms__transformer__seed42,MLH1,P43246:225:T>L,0,0.027532933
train-pg_dms__transformer__seed42,MLH1,P43246:225:T>E,0,0.4377369
train-pg_dms__transformer__seed42,MLH1,P43246:225:T>M,0,0.18218602
train-pg_dms__transformer__seed42,MLH1,P43246:225:T>G,0,0.057675518
train-pg_dms__transformer__seed42,MLH1,P43246:225:T>P,1,0.8749875
train-pg_dms__transformer__seed42,MLH1,P43246:225:T>Y,1,0.28029463
train-pg_dms__transformer__seed42,MLH1,P43246:225:T>W,1,0.8236966
train-pg_dms__transformer__seed42,MLH1,P43246:225:T>V,0,0.09798705
train-pg_dms__transformer__seed42,MLH1,P43246:225:T>N,0,0.05641097
train-pg_dms__transformer__seed42,MLH1,P43246:225:T>Q,0,0.058397047
train-pg_dms__transformer__seed42,MLH1,P43246:225:T>S,0,0.004117413
train-pg_dms__transformer__seed42,MLH1,P43246:229:K>A,0,0.058602955
train-pg_dms__transformer__seed42,MLH1,P43246:229:K>C,0,0.007835303
train-pg_dms__transformer__seed42,MLH1,P43246:229:K>D,0,0.3512183
train-pg_dms__transformer__seed42,MLH1,P43246:229:K>H,1,0.04472681
train-pg_dms__transformer__seed42,MLH1,P43246:229:K>L,0,0.01006707
train-pg_dms__transformer__seed42,MLH1,P43246:229:K>N,0,0.05613621
train-pg_dms__transformer__seed42,MLH1,P43246:229:K>Q,0,0.005681164
train-pg_dms__transformer__seed42,MLH1,P43246:229:K>T,0,0.025654
train-pg_dms__transformer__seed42,MLH1,P43246:229:K>P,0,0.1884296
train-pg_dms__transformer__seed42,MLH1,P43246:229:K>V,0,0.08574901
train-pg_dms__transformer__seed42,MLH1,P43246:232:F>R,1,0.9388703
train-pg_dms__transformer__seed42,MLH1,P43246:232:F>I,0,0.71865386
train-pg_dms__transformer__seed42,MLH1,P43246:232:F>G,0,0.5877016
train-pg_dms__transformer__seed42,MLH1,P43246:232:F>E,0,0.4278465
train-pg_dms__transformer__seed42,MLH1,P43246:232:F>A,1,0.425818
train-pg_dms__transformer__seed42,MLH1,P43246:232:F>K,1,0.820591
train-pg_dms__transformer__seed42,MLH1,P43246:232:F>L,1,0.15073855
train-pg_dms__transformer__seed42,MLH1,P43246:232:F>M,1,0.4619823
train-pg_dms__transformer__seed42,MLH1,P43246:232:F>S,1,0.17558858
train-pg_dms__transformer__seed42,MLH1,P43246:232:F>P,0,0.8798507
train-pg_dms__transformer__seed42,MLH1,P43246:232:F>V,0,0.44822624
train-pg_dms__transformer__seed42,MLH1,P43246:232:F>W,1,0.6739793
train-pg_dms__transformer__seed42,MLH1,P43246:232:F>Y,0,0.016436301
train-pg_dms__transformer__seed42,MLH1,P43246:232:F>T,1,0.36162782
train-pg_dms__transformer__seed42,MLH1,P43246:234:T>Q,0,0.0024200883
train-pg_dms__transformer__seed42,MLH1,P43246:234:T>K,0,0.009379091
train-pg_dms__transformer__seed42,MLH1,P43246:234:T>L,0,0.0012406395
train-pg_dms__transformer__seed42,MLH1,P43246:234:T>F,0,0.019995844
train-pg_dms__transformer__seed42,MLH1,P43246:234:T>N,0,0.0021907152
train-pg_dms__transformer__seed42,MLH1,P43246:234:T>M,0,0.016513497
train-pg_dms__transformer__seed42,MLH1,P43246:234:T>P,0,0.016882578
train-pg_dms__transformer__seed42,MLH1,P43246:234:T>R,0,0.022368107
train-pg_dms__transformer__seed42,MLH1,P43246:234:T>S,0,0.0033532954
train-pg_dms__transformer__seed42,MLH1,P43246:234:T>G,0,0.005557407
train-pg_dms__transformer__seed42,MLH1,P43246:234:T>W,0,0.21221617
train-pg_dms__transformer__seed42,MLH1,P43246:234:T>A,0,0.008743202
train-pg_dms__transformer__seed42,MLH1,P43246:234:T>C,0,0.0014872688
train-pg_dms__transformer__seed42,MLH1,P43246:234:T>D,0,0.069813766
train-pg_dms__transformer__seed42,MLH1,P43246:234:T>V,0,0.0040437425
train-pg_dms__transformer__seed42,MLH1,P43246:234:T>E,0,0.014874036
train-pg_dms__transformer__seed42,MLH1,P43246:234:T>Y,0,0.01916301
train-pg_dms__transformer__seed42,MLH1,P43246:234:T>I,0,0.03816754
train-pg_dms__transformer__seed42,MLH1,P43246:240:D>Q,0,0.11995143
train-pg_dms__transformer__seed42,MLH1,P43246:240:D>R,0,0.7474584
train-pg_dms__transformer__seed42,MLH1,P43246:240:D>P,0,0.71966386
train-pg_dms__transformer__seed42,MLH1,P43246:240:D>S,0,0.035413012
train-pg_dms__transformer__seed42,MLH1,P43246:240:D>Y,0,0.33673146
train-pg_dms__transformer__seed42,MLH1,P43246:240:D>W,0,0.40388706
train-pg_dms__transformer__seed42,MLH1,P43246:240:D>V,0,0.3182595
train-pg_dms__transformer__seed42,MLH1,P43246:240:D>T,0,0.1188051
train-pg_dms__transformer__seed42,MLH1,P43246:240:D>C,0,0.02223951
train-pg_dms__transformer__seed42,MLH1,P43246:240:D>G,0,0.1170414
train-pg_dms__transformer__seed42,MLH1,P43246:240:D>H,0,0.2899605
train-pg_dms__transformer__seed42,MLH1,P43246:240:D>I,0,0.3158745
train-pg_dms__transformer__seed42,MLH1,P43246:240:D>K,0,0.52285373
train-pg_dms__transformer__seed42,MLH1,P43246:240:D>L,0,0.18229263
train-pg_dms__transformer__seed42,MLH1,P43246:240:D>M,1,0.297084
train-pg_dms__transformer__seed42,MLH1,P43246:240:D>F,0,0.26682562
train-pg_dms__transformer__seed42,MLH1,P43246:257:V>G,0,0.007058289
train-pg_dms__transformer__seed42,MLH1,P43246:257:V>W,0,0.19097826
train-pg_dms__transformer__seed42,MLH1,P43246:257:V>Y,0,0.06570709
train-pg_dms__transformer__seed42,MLH1,P43246:257:V>A,0,0.0017244829
train-pg_dms__transformer__seed42,MLH1,P43246:257:V>C,0,0.005468927
train-pg_dms__transformer__seed42,MLH1,P43246:257:V>D,0,0.08475513
train-pg_dms__transformer__seed42,MLH1,P43246:257:V>E,0,0.0054196203
train-pg_dms__transformer__seed42,MLH1,P43246:257:V>H,0,0.015030327
train-pg_dms__transformer__seed42,MLH1,P43246:257:V>I,0,0.008440653
train-pg_dms__transformer__seed42,MLH1,P43246:257:V>K,0,0.021098841
train-pg_dms__transformer__seed42,MLH1,P43246:257:V>F,0,0.0072755646
train-pg_dms__transformer__seed42,MLH1,P43246:257:V>M,0,0.080765866
train-pg_dms__transformer__seed42,MLH1,P43246:257:V>N,0,0.0024052397
train-pg_dms__transformer__seed42,MLH1,P43246:257:V>P,0,0.060442913
train-pg_dms__transformer__seed42,MLH1,P43246:257:V>Q,0,0.0043897973
train-pg_dms__transformer__seed42,MLH1,P43246:257:V>R,0,0.021850942
train-pg_dms__transformer__seed42,MLH1,P43246:257:V>S,0,0.0008971812
train-pg_dms__transformer__seed42,MLH1,P43246:257:V>T,0,0.001535984
train-pg_dms__transformer__seed42,MLH1,P43246:257:V>L,0,0.001938825
train-pg_dms__transformer__seed42,MLH1,P43246:268:S>G,0,0.0105015505
train-pg_dms__transformer__seed42,MLH1,P43246:268:S>M,0,0.18398155
train-pg_dms__transformer__seed42,MLH1,P43246:268:S>L,0,0.008976011
train-pg_dms__transformer__seed42,MLH1,P43246:268:S>K,0,0.40064213
train-pg_dms__transformer__seed42,MLH1,P43246:268:S>E,0,0.13137329
train-pg_dms__transformer__seed42,MLH1,P43246:268:S>I,0,0.032095697
train-pg_dms__transformer__seed42,MLH1,P43246:268:S>F,0,0.03730573
train-pg_dms__transformer__seed42,MLH1,P43246:268:S>H,0,0.075453706
train-pg_dms__transformer__seed42,MLH1,P43246:268:S>Q,0,0.06259692
train-pg_dms__transformer__seed42,MLH1,P43246:268:S>P,0,0.22569166
train-pg_dms__transformer__seed42,MLH1,P43246:268:S>W,0,0.1774611
train-pg_dms__transformer__seed42,MLH1,P43246:268:S>V,0,0.017738948
train-pg_dms__transformer__seed42,MLH1,P43246:268:S>A,0,0.006422864
train-pg_dms__transformer__seed42,MLH1,P43246:268:S>Y,0,0.048275758
train-pg_dms__transformer__seed42,MLH1,P43246:268:S>D,0,0.6868808
train-pg_dms__transformer__seed42,MLH1,P43246:268:S>T,0,0.006626131
train-pg_dms__transformer__seed42,MLH1,P43246:268:S>R,0,0.54423875
train-pg_dms__transformer__seed42,MLH1,P43246:268:S>C,0,0.0007809741
train-pg_dms__transformer__seed42,MLH1,P43246:269:S>N,1,0.33566022
train-pg_dms__transformer__seed42,MLH1,P43246:269:S>Y,1,0.49712852
train-pg_dms__transformer__seed42,MLH1,P43246:269:S>W,1,0.67068243
train-pg_dms__transformer__seed42,MLH1,P43246:269:S>V,0,0.11373646
train-pg_dms__transformer__seed42,MLH1,P43246:269:S>T,0,0.022385275
train-pg_dms__transformer__seed42,MLH1,P43246:269:S>R,1,0.8369634
train-pg_dms__transformer__seed42,MLH1,P43246:269:S>P,0,0.76840496
train-pg_dms__transformer__seed42,MLH1,P43246:269:S>M,1,0.38867956
train-pg_dms__transformer__seed42,MLH1,P43246:269:S>Q,1,0.2509635
train-pg_dms__transformer__seed42,MLH1,P43246:269:S>K,1,0.7116683
train-pg_dms__transformer__seed42,MLH1,P43246:269:S>C,0,0.0009681835
train-pg_dms__transformer__seed42,MLH1,P43246:269:S>D,1,0.88801146
train-pg_dms__transformer__seed42,MLH1,P43246:269:S>F,1,0.3646102
train-pg_dms__transformer__seed42,MLH1,P43246:269:S>A,0,0.004876415
train-pg_dms__transformer__seed42,MLH1,P43246:269:S>H,1,0.29424524
train-pg_dms__transformer__seed42,MLH1,P43246:269:S>I,1,0.35855052
train-pg_dms__transformer__seed42,MLH1,P43246:269:S>G,0,0.028186744
train-pg_dms__transformer__seed42,MLH1,P43246:275:K>F,0,0.07461082
train-pg_dms__transformer__seed42,MLH1,P43246:275:K>A,0,0.019195195
train-pg_dms__transformer__seed42,MLH1,P43246:275:K>I,0,0.07069384
train-pg_dms__transformer__seed42,MLH1,P43246:275:K>H,0,0.0024053256
train-pg_dms__transformer__seed42,MLH1,P43246:275:K>C,0,0.0036622954
train-pg_dms__transformer__seed42,MLH1,P43246:275:K>L,0,0.0072726514
train-pg_dms__transformer__seed42,MLH1,P43246:275:K>M,0,0.22257191
train-pg_dms__transformer__seed42,MLH1,P43246:275:K>N,0,0.01670559
train-pg_dms__transformer__seed42,MLH1,P43246:275:K>P,1,0.5272814
train-pg_dms__transformer__seed42,MLH1,P43246:275:K>Q,0,0.0018215473
train-pg_dms__transformer__seed42,MLH1,P43246:275:K>R,0,0.0021626842
train-pg_dms__transformer__seed42,MLH1,P43246:275:K>S,0,0.0035499744
train-pg_dms__transformer__seed42,MLH1,P43246:275:K>V,0,0.040856626
train-pg_dms__transformer__seed42,MLH1,P43246:275:K>W,0,0.19780077
train-pg_dms__transformer__seed42,MLH1,P43246:275:K>Y,0,0.058849286
train-pg_dms__transformer__seed42,MLH1,P43246:275:K>G,0,0.016682053
train-pg_dms__transformer__seed42,MLH1,P43246:275:K>D,0,0.27269328
train-pg_dms__transformer__seed42,MLH1,P43246:282:D>L,0,0.0073588635
train-pg_dms__transformer__seed42,MLH1,P43246:282:D>C,0,0.0036073152
train-pg_dms__transformer__seed42,MLH1,P43246:282:D>I,0,0.021136919
train-pg_dms__transformer__seed42,MLH1,P43246:282:D>K,0,0.03026357
train-pg_dms__transformer__seed42,MLH1,P43246:282:D>Y,0,0.02630059
train-pg_dms__transformer__seed42,MLH1,P43246:282:D>W,1,0.21595594
train-pg_dms__transformer__seed42,MLH1,P43246:282:D>M,0,0.17224225
train-pg_dms__transformer__seed42,MLH1,P43246:282:D>T,0,0.005545382
train-pg_dms__transformer__seed42,MLH1,P43246:282:D>E,0,0.010246531
train-pg_dms__transformer__seed42,MLH1,P43246:282:D>F,0,0.053313393
train-pg_dms__transformer__seed42,MLH1,P43246:282:D>G,0,0.031235628
train-pg_dms__transformer__seed42,MLH1,P43246:282:D>N,0,0.0004144093
train-pg_dms__transformer__seed42,MLH1,P43246:282:D>P,0,0.28662115
train-pg_dms__transformer__seed42,MLH1,P43246:282:D>Q,0,0.008206728
train-pg_dms__transformer__seed42,MLH1,P43246:282:D>R,0,0.054380555
train-pg_dms__transformer__seed42,MLH1,P43246:282:D>V,0,0.007771839
train-pg_dms__transformer__seed42,MLH1,P43246:282:D>S,0,0.0006226927
train-pg_dms__transformer__seed42,MLH1,P43246:291:L>K,0,0.9635354
train-pg_dms__transformer__seed42,MLH1,P43246:291:L>I,0,0.1466278
train-pg_dms__transformer__seed42,MLH1,P43246:291:L>H,0,0.66925544
train-pg_dms__transformer__seed42,MLH1,P43246:291:L>G,0,0.8824649
train-pg_dms__transformer__seed42,MLH1,P43246:291:L>W,0,0.6937087
train-pg_dms__transformer__seed42,MLH1,P43246:291:L>F,0,0.23145759
train-pg_dms__transformer__seed42,MLH1,P43246:291:L>D,0,0.98476994
train-pg_dms__transformer__seed42,MLH1,P43246:291:L>C,0,0.037448425
train-pg_dms__transformer__seed42,MLH1,P43246:291:L>A,0,0.19468772
train-pg_dms__transformer__seed42,MLH1,P43246:291:L>V,0,0.073388115
train-pg_dms__transformer__seed42,MLH1,P43246:291:L>Q,0,0.58710605
train-pg_dms__transformer__seed42,MLH1,P43246:291:L>R,0,0.9844565
train-pg_dms__transformer__seed42,MLH1,P43246:291:L>S,0,0.6913954
train-pg_dms__transformer__seed42,MLH1,P43246:291:L>T,0,0.5069459
train-pg_dms__transformer__seed42,MLH1,P43246:291:L>E,0,0.97641104
train-pg_dms__transformer__seed42,MLH1,P43246:291:L>P,0,0.98123795
train-pg_dms__transformer__seed42,MLH1,P43246:291:L>Y,0,0.5164786
train-pg_dms__transformer__seed42,MLH1,P43246:291:L>N,0,0.92372054
train-pg_dms__transformer__seed42,MLH1,P43246:291:L>M,0,0.2833664
train-pg_dms__transformer__seed42,MLH1,P43246:292:T>W,0,0.25068033
train-pg_dms__transformer__seed42,MLH1,P43246:292:T>C,0,0.0014554358
train-pg_dms__transformer__seed42,MLH1,P43246:292:T>E,0,0.013980049
train-pg_dms__transformer__seed42,MLH1,P43246:292:T>F,0,0.1399032
train-pg_dms__transformer__seed42,MLH1,P43246:292:T>G,0,0.026081927
train-pg_dms__transformer__seed42,MLH1,P43246:292:T>H,0,0.010102859
train-pg_dms__transformer__seed42,MLH1,P43246:292:T>I,0,0.058653902
train-pg_dms__transformer__seed42,MLH1,P43246:292:T>Y,0,0.052104175
train-pg_dms__transformer__seed42,MLH1,P43246:292:T>K,0,0.0205418
train-pg_dms__transformer__seed42,MLH1,P43246:292:T>M,0,0.102986954
train-pg_dms__transformer__seed42,MLH1,P43246:292:T>Q,0,0.004418817
train-pg_dms__transformer__seed42,MLH1,P43246:292:T>R,0,0.020235358
train-pg_dms__transformer__seed42,MLH1,P43246:292:T>S,0,0.012373397
train-pg_dms__transformer__seed42,MLH1,P43246:292:T>V,0,0.039993078
train-pg_dms__transformer__seed42,MLH1,P43246:292:T>A,0,0.020468006
train-pg_dms__transformer__seed42,MLH1,P43246:292:T>L,0,0.0038893635
train-pg_dms__transformer__seed42,MLH1,P43246:292:T>N,0,0.013278385
train-pg_dms__transformer__seed42,MLH1,P43246:299:Y>A,0,0.029225536
train-pg_dms__transformer__seed42,MLH1,P43246:299:Y>V,0,0.06899906
train-pg_dms__transformer__seed42,MLH1,P43246:299:Y>W,0,0.13154286
train-pg_dms__transformer__seed42,MLH1,P43246:299:Y>C,0,0.0024089771
train-pg_dms__transformer__seed42,MLH1,P43246:299:Y>M,0,0.23897463
train-pg_dms__transformer__seed42,MLH1,P43246:299:Y>G,0,0.06775518
train-pg_dms__transformer__seed42,MLH1,P43246:299:Y>F,0,0.0037480409
train-pg_dms__transformer__seed42,MLH1,P43246:299:Y>T,0,0.033631757
train-pg_dms__transformer__seed42,MLH1,P43246:299:Y>S,0,0.011704041
train-pg_dms__transformer__seed42,MLH1,P43246:299:Y>Q,0,0.030241692
train-pg_dms__transformer__seed42,MLH1,P43246:299:Y>P,0,0.77881235
train-pg_dms__transformer__seed42,MLH1,P43246:299:Y>R,0,0.3055785
train-pg_dms__transformer__seed42,MLH1,P43246:299:Y>L,0,0.0144704515
train-pg_dms__transformer__seed42,MLH1,P43246:299:Y>K,0,0.096463144
train-pg_dms__transformer__seed42,MLH1,P43246:299:Y>I,0,0.10856787
train-pg_dms__transformer__seed42,MLH1,P43246:299:Y>H,0,0.012410921
train-pg_dms__transformer__seed42,MLH1,P43246:299:Y>N,0,0.0078027984
train-pg_dms__transformer__seed42,MLH1,P43246:301:K>S,0,0.011728174
train-pg_dms__transformer__seed42,MLH1,P43246:301:K>P,1,0.59267974
train-pg_dms__transformer__seed42,MLH1,P43246:301:K>Q,0,0.001334713
train-pg_dms__transformer__seed42,MLH1,P43246:301:K>L,0,0.004100371
train-pg_dms__transformer__seed42,MLH1,P43246:301:K>R,0,0.0015768508
train-pg_dms__transformer__seed42,MLH1,P43246:301:K>N,0,0.02919394
train-pg_dms__transformer__seed42,MLH1,P43246:301:K>T,0,0.003944249
train-pg_dms__transformer__seed42,MLH1,P43246:301:K>I,0,0.021363053
train-pg_dms__transformer__seed42,MLH1,P43246:301:K>G,0,0.034206413
train-pg_dms__transformer__seed42,MLH1,P43246:301:K>F,0,0.052047364
train-pg_dms__transformer__seed42,MLH1,P43246:301:K>C,0,0.002428831
train-pg_dms__transformer__seed42,MLH1,P43246:301:K>A,0,0.005801074
train-pg_dms__transformer__seed42,MLH1,P43246:301:K>M,0,0.06652301
train-pg_dms__transformer__seed42,MLH1,P43246:301:K>Y,0,0.03047916
train-pg_dms__transformer__seed42,MLH1,P43246:301:K>W,0,0.13931584
train-pg_dms__transformer__seed42,MLH1,P43246:301:K>V,0,0.010013817
train-pg_dms__transformer__seed42,MLH1,P43246:304:I>Y,0,0.00786356
train-pg_dms__transformer__seed42,MLH1,P43246:304:I>W,0,0.11638054
train-pg_dms__transformer__seed42,MLH1,P43246:304:I>V,0,0.0026680708
train-pg_dms__transformer__seed42,MLH1,P43246:304:I>T,0,0.002803104
train-pg_dms__transformer__seed42,MLH1,P43246:304:I>S,0,0.00042193034
train-pg_dms__transformer__seed42,MLH1,P43246:304:I>R,0,0.00874309
train-pg_dms__transformer__seed42,MLH1,P43246:304:I>Q,0,0.0011386371
train-pg_dms__transformer__seed42,MLH1,P43246:304:I>P,0,0.13941081
train-pg_dms__transformer__seed42,MLH1,P43246:304:I>C,0,0.0010753605
train-pg_dms__transformer__seed42,MLH1,P43246:304:I>L,0,0.0005131263
train-pg_dms__transformer__seed42,MLH1,P43246:304:I>K,0,0.006337696
train-pg_dms__transformer__seed42,MLH1,P43246:304:I>A,0,0.0011785777
train-pg_dms__transformer__seed42,MLH1,P43246:304:I>H,0,0.0039105457
train-pg_dms__transformer__seed42,MLH1,P43246:304:I>G,0,0.008288948
train-pg_dms__transformer__seed42,MLH1,P43246:304:I>F,0,0.008242667
train-pg_dms__transformer__seed42,MLH1,P43246:304:I>D,0,0.05504561
train-pg_dms__transformer__seed42,MLH1,P43246:304:I>M,0,0.017079433
train-pg_dms__transformer__seed42,MLH1,P43246:304:I>N,0,0.00051218196
train-pg_dms__transformer__seed42,MLH1,P43246:304:I>E,0,0.006838772
train-pg_dms__transformer__seed42,MLH1,P43246:307:V>C,0,0.0035584741
train-pg_dms__transformer__seed42,MLH1,P43246:307:V>Y,0,0.09725015
train-pg_dms__transformer__seed42,MLH1,P43246:307:V>S,0,0.0025269915
train-pg_dms__transformer__seed42,MLH1,P43246:307:V>R,0,0.24353059
train-pg_dms__transformer__seed42,MLH1,P43246:307:V>Q,0,0.00728037
train-pg_dms__transformer__seed42,MLH1,P43246:307:V>P,0,0.6470044
train-pg_dms__transformer__seed42,MLH1,P43246:307:V>N,0,0.020636313
train-pg_dms__transformer__seed42,MLH1,P43246:307:V>M,0,0.05016612
train-pg_dms__transformer__seed42,MLH1,P43246:307:V>T,0,0.004268763
train-pg_dms__transformer__seed42,MLH1,P43246:307:V>L,0,0.0022690853
train-pg_dms__transformer__seed42,MLH1,P43246:307:V>I,0,0.0055412077
train-pg_dms__transformer__seed42,MLH1,P43246:307:V>H,0,0.046718713
train-pg_dms__transformer__seed42,MLH1,P43246:307:V>E,0,0.035587586
train-pg_dms__transformer__seed42,MLH1,P43246:307:V>G,0,0.016517546
train-pg_dms__transformer__seed42,MLH1,P43246:307:V>A,0,0.0026642263
train-pg_dms__transformer__seed42,MLH1,P43246:307:V>K,0,0.070234425
train-pg_dms__transformer__seed42,MLH1,P43246:307:V>W,0,0.44828856
train-pg_dms__transformer__seed42,MLH1,P43246:313:F>R,0,0.43324584
train-pg_dms__transformer__seed42,MLH1,P43246:313:F>Y,0,0.01758736
train-pg_dms__transformer__seed42,MLH1,P43246:313:F>W,0,0.1570301
train-pg_dms__transformer__seed42,MLH1,P43246:313:F>V,0,0.042733338
train-pg_dms__transformer__seed42,MLH1,P43246:313:F>T,0,0.02968545
train-pg_dms__transformer__seed42,MLH1,P43246:313:F>S,0,0.027976332
train-pg_dms__transformer__seed42,MLH1,P43246:313:F>Q,0,0.023156786
train-pg_dms__transformer__seed42,MLH1,P43246:313:F>P,0,0.77347493
train-pg_dms__transformer__seed42,MLH1,P43246:313:F>N,0,0.07775579
train-pg_dms__transformer__seed42,MLH1,P43246:313:F>M,0,0.22003715
train-pg_dms__transformer__seed42,MLH1,P43246:313:F>L,0,0.034932524
train-pg_dms__transformer__seed42,MLH1,P43246:313:F>I,0,0.12363703
train-pg_dms__transformer__seed42,MLH1,P43246:313:F>K,0,0.37266353
train-pg_dms__transformer__seed42,MLH1,P43246:313:F>G,0,0.12233876
train-pg_dms__transformer__seed42,MLH1,P43246:313:F>E,0,0.0570946
train-pg_dms__transformer__seed42,MLH1,P43246:313:F>D,0,0.70075315
train-pg_dms__transformer__seed42,MLH1,P43246:313:F>C,0,0.0033385137
train-pg_dms__transformer__seed42,MLH1,P43246:313:F>A,0,0.12452563
train-pg_dms__transformer__seed42,MLH1,P43246:313:F>H,0,0.04685093
train-pg_dms__transformer__seed42,MLH1,P43246:319:D>K,0,0.013748992
train-pg_dms__transformer__seed42,MLH1,P43246:319:D>T,0,0.0039416384
train-pg_dms__transformer__seed42,MLH1,P43246:319:D>S,0,0.0011142084
train-pg_dms__transformer__seed42,MLH1,P43246:319:D>R,0,0.013539089
train-pg_dms__transformer__seed42,MLH1,P43246:319:D>Q,0,0.00454392
train-pg_dms__transformer__seed42,MLH1,P43246:319:D>P,0,0.03537184
train-pg_dms__transformer__seed42,MLH1,P43246:319:D>M,0,0.15212803
train-pg_dms__transformer__seed42,MLH1,P43246:319:D>L,0,0.005980699
train-pg_dms__transformer__seed42,MLH1,P43246:319:D>I,0,0.02420009
train-pg_dms__transformer__seed42,MLH1,P43246:319:D>H,0,0.017448444
train-pg_dms__transformer__seed42,MLH1,P43246:319:D>G,0,0.010515473
train-pg_dms__transformer__seed42,MLH1,P43246:319:D>F,0,0.06816328
train-pg_dms__transformer__seed42,MLH1,P43246:319:D>E,0,0.0021794704
train-pg_dms__transformer__seed42,MLH1,P43246:319:D>C,0,0.004110689
train-pg_dms__transformer__seed42,MLH1,P43246:319:D>A,0,0.0055163903
train-pg_dms__transformer__seed42,MLH1,P43246:319:D>W,0,0.14609222
train-pg_dms__transformer__seed42,MLH1,P43246:319:D>V,0,0.06974302
train-pg_dms__transformer__seed42,MLH1,P43246:338:G>P,1,0.9978677
train-pg_dms__transformer__seed42,MLH1,P43246:338:G>Y,1,0.98145443
train-pg_dms__transformer__seed42,MLH1,P43246:338:G>W,1,0.9883986
train-pg_dms__transformer__seed42,MLH1,P43246:338:G>S,1,0.9655618
train-pg_dms__transformer__seed42,MLH1,P43246:338:G>Q,1,0.9900401
train-pg_dms__transformer__seed42,MLH1,P43246:338:G>N,1,0.9924661
train-pg_dms__transformer__seed42,MLH1,P43246:338:G>F,1,0.9679357
train-pg_dms__transformer__seed42,MLH1,P43246:338:G>L,1,0.9257692
train-pg_dms__transformer__seed42,MLH1,P43246:338:G>K,1,0.99916863
train-pg_dms__transformer__seed42,MLH1,P43246:338:G>I,1,0.99371237
train-pg_dms__transformer__seed42,MLH1,P43246:338:G>H,1,0.9465971
train-pg_dms__transformer__seed42,MLH1,P43246:338:G>D,1,0.99669015
train-pg_dms__transformer__seed42,MLH1,P43246:338:G>C,1,0.9299154
train-pg_dms__transformer__seed42,MLH1,P43246:338:G>A,1,0.92365783
train-pg_dms__transformer__seed42,MLH1,P43246:338:G>M,1,0.8905988
train-pg_dms__transformer__seed42,MLH1,P43246:338:G>T,1,0.98725975
train-pg_dms__transformer__seed42,MLH1,P43246:347:K>W,0,0.18331178
train-pg_dms__transformer__seed42,MLH1,P43246:347:K>E,0,0.44364837
train-pg_dms__transformer__seed42,MLH1,P43246:347:K>F,0,0.16808106
train-pg_dms__transformer__seed42,MLH1,P43246:347:K>G,0,0.048553288
train-pg_dms__transformer__seed42,MLH1,P43246:347:K>H,0,0.051021118
train-pg_dms__transformer__seed42,MLH1,P43246:347:K>I,0,0.176156
train-pg_dms__transformer__seed42,MLH1,P43246:347:K>L,0,0.01356486
train-pg_dms__transformer__seed42,MLH1,P43246:347:K>Y,0,0.18911059
train-pg_dms__transformer__seed42,MLH1,P43246:347:K>M,0,0.27691513
train-pg_dms__transformer__seed42,MLH1,P43246:347:K>P,0,0.89769673
train-pg_dms__transformer__seed42,MLH1,P43246:347:K>Q,0,0.011386878
train-pg_dms__transformer__seed42,MLH1,P43246:347:K>R,0,0.00336768
train-pg_dms__transformer__seed42,MLH1,P43246:347:K>S,0,0.017262448
train-pg_dms__transformer__seed42,MLH1,P43246:347:K>T,0,0.039832145
train-pg_dms__transformer__seed42,MLH1,P43246:347:K>V,0,0.06774189
train-pg_dms__transformer__seed42,MLH1,P43246:347:K>D,1,0.2600427
train-pg_dms__transformer__seed42,MLH1,P43246:347:K>N,0,0.4524389
train-pg_dms__transformer__seed42,MLH1,P43246:347:K>C,0,0.0049872953
train-pg_dms__transformer__seed42,MLH1,P43246:347:K>A,0,0.016537286
train-pg_dms__transformer__seed42,MLH1,P43246:349:P>C,1,0.28999338
train-pg_dms__transformer__seed42,MLH1,P43246:349:P>E,1,0.9570989
train-pg_dms__transformer__seed42,MLH1,P43246:349:P>D,1,0.6757945
train-pg_dms__transformer__seed42,MLH1,P43246:349:P>A,0,0.12618701
train-pg_dms__transformer__seed42,MLH1,P43246:349:P>F,1,0.41297016
train-pg_dms__transformer__seed42,MLH1,P43246:349:P>G,1,0.6035672
train-pg_dms__transformer__seed42,MLH1,P43246:349:P>H,1,0.7371434
train-pg_dms__transformer__seed42,MLH1,P43246:349:P>K,1,0.87904114
train-pg_dms__transformer__seed42,MLH1,P43246:349:P>M,1,0.69949174
train-pg_dms__transformer__seed42,MLH1,P43246:349:P>I,0,0.7267005
train-pg_dms__transformer__seed42,MLH1,P43246:349:P>Q,1,0.78227276
train-pg_dms__transformer__seed42,MLH1,P43246:349:P>V,0,0.54263157
train-pg_dms__transformer__seed42,MLH1,P43246:349:P>W,1,0.7602122
train-pg_dms__transformer__seed42,MLH1,P43246:349:P>Y,1,0.68322766
train-pg_dms__transformer__seed42,MLH1,P43246:349:P>N,1,0.95596737
train-pg_dms__transformer__seed42,MLH1,P43246:352:D>T,0,0.13570736
train-pg_dms__transformer__seed42,MLH1,P43246:352:D>C,0,0.023550572
train-pg_dms__transformer__seed42,MLH1,P43246:352:D>K,0,0.21499074
train-pg_dms__transformer__seed42,MLH1,P43246:352:D>L,0,0.09746635
train-pg_dms__transformer__seed42,MLH1,P43246:352:D>M,0,0.49208578
train-pg_dms__transformer__seed42,MLH1,P43246:352:D>P,1,0.6431683
train-pg_dms__transformer__seed42,MLH1,P43246:352:D>Q,0,0.07362648
train-pg_dms__transformer__seed42,MLH1,P43246:352:D>A,0,0.045862373
train-pg_dms__transformer__seed42,MLH1,P43246:352:D>R,0,0.3561812
train-pg_dms__transformer__seed42,MLH1,P43246:352:D>G,0,0.05050146
train-pg_dms__transformer__seed42,MLH1,P43246:352:D>V,0,0.08311748
train-pg_dms__transformer__seed42,MLH1,P43246:352:D>W,0,0.3373779
train-pg_dms__transformer__seed42,MLH1,P43246:352:D>Y,0,0.18130842
train-pg_dms__transformer__seed42,MLH1,P43246:352:D>F,0,0.3612861
train-pg_dms__transformer__seed42,MLH1,P43246:352:D>S,0,0.0057532
train-pg_dms__transformer__seed42,MLH1,P43246:352:D>I,0,0.3107227
train-pg_dms__transformer__seed42,MLH1,P43246:352:D>H,0,0.07815738
train-pg_dms__transformer__seed42,MLH1,P43246:359:R>D,1,0.7962262
train-pg_dms__transformer__seed42,MLH1,P43246:359:R>Q,1,0.18422405
train-pg_dms__transformer__seed42,MLH1,P43246:359:R>P,1,0.8420897
train-pg_dms__transformer__seed42,MLH1,P43246:359:R>A,1,0.53678256
train-pg_dms__transformer__seed42,MLH1,P43246:359:R>C,1,0.13012727
train-pg_dms__transformer__seed42,MLH1,P43246:359:R>Y,1,0.4771703
train-pg_dms__transformer__seed42,MLH1,P43246:359:R>E,1,0.66503495
train-pg_dms__transformer__seed42,MLH1,P43246:359:R>F,1,0.59593767
train-pg_dms__transformer__seed42,MLH1,P43246:359:R>H,1,0.3661914
train-pg_dms__transformer__seed42,MLH1,P43246:359:R>N,1,0.51683235
train-pg_dms__transformer__seed42,MLH1,P43246:359:R>M,1,0.5808926
train-pg_dms__transformer__seed42,MLH1,P43246:359:R>L,1,0.40258318
train-pg_dms__transformer__seed42,MLH1,P43246:359:R>V,1,0.57183176
train-pg_dms__transformer__seed42,MLH1,P43246:359:R>W,1,0.71386725
train-pg_dms__transformer__seed42,MLH1,P43246:363:V>Q,0,0.14485575
train-pg_dms__transformer__seed42,MLH1,P43246:363:V>Y,1,0.41207936
train-pg_dms__transformer__seed42,MLH1,P43246:363:V>W,1,0.8527012
train-pg_dms__transformer__seed42,MLH1,P43246:363:V>T,0,0.016355317
train-pg_dms__transformer__seed42,MLH1,P43246:363:V>S,0,0.0620229
train-pg_dms__transformer__seed42,MLH1,P43246:363:V>R,1,0.8504263
train-pg_dms__transformer__seed42,MLH1,P43246:363:V>A,0,0.07952741
train-pg_dms__transformer__seed42,MLH1,P43246:363:V>C,0,0.043251153
train-pg_dms__transformer__seed42,MLH1,P43246:363:V>F,1,0.44779146
train-pg_dms__transformer__seed42,MLH1,P43246:363:V>G,0,0.14943486
train-pg_dms__transformer__seed42,MLH1,P43246:363:V>H,1,0.223287
train-pg_dms__transformer__seed42,MLH1,P43246:363:V>I,0,0.03660622
train-pg_dms__transformer__seed42,MLH1,P43246:363:V>K,1,0.6690049
train-pg_dms__transformer__seed42,MLH1,P43246:363:V>L,0,0.055465393
train-pg_dms__transformer__seed42,MLH1,P43246:363:V>P,1,0.8714865
train-pg_dms__transformer__seed42,MLH1,P43246:366:F>P,1,0.91785145
train-pg_dms__transformer__seed42,MLH1,P43246:366:F>Q,0,0.36519533
train-pg_dms__transformer__seed42,MLH1,P43246:366:F>R,1,0.9257215
train-pg_dms__transformer__seed42,MLH1,P43246:366:F>S,0,0.2674043
train-pg_dms__transformer__seed42,MLH1,P43246:366:F>T,0,0.36101723
train-pg_dms__transformer__seed42,MLH1,P43246:366:F>W,0,0.789535
train-pg_dms__transformer__seed42,MLH1,P43246:366:F>V,0,0.044110864
train-pg_dms__transformer__seed42,MLH1,P43246:366:F>N,0,0.6683119
train-pg_dms__transformer__seed42,MLH1,P43246:366:F>Y,0,0.20530885
train-pg_dms__transformer__seed42,MLH1,P43246:366:F>M,0,0.19954991
train-pg_dms__transformer__seed42,MLH1,P43246:366:F>E,1,0.7103879
train-pg_dms__transformer__seed42,MLH1,P43246:366:F>K,0,0.8175669
train-pg_dms__transformer__seed42,MLH1,P43246:366:F>I,0,0.10497473
train-pg_dms__transformer__seed42,MLH1,P43246:366:F>H,0,0.34947726
train-pg_dms__transformer__seed42,MLH1,P43246:366:F>G,0,0.480341
train-pg_dms__transformer__seed42,MLH1,P43246:366:F>D,1,0.9346305
train-pg_dms__transformer__seed42,MLH1,P43246:366:F>C,0,0.0074859145
train-pg_dms__transformer__seed42,MLH1,P43246:366:F>A,0,0.31243625
train-pg_dms__transformer__seed42,MLH1,P43246:367:V>H,0,0.014084296
train-pg_dms__transformer__seed42,MLH1,P43246:367:V>G,0,0.0102042705
train-pg_dms__transformer__seed42,MLH1,P43246:367:V>E,0,0.015389456
train-pg_dms__transformer__seed42,MLH1,P43246:367:V>F,0,0.013526402
train-pg_dms__transformer__seed42,MLH1,P43246:367:V>C,0,0.0035213546
train-pg_dms__transformer__seed42,MLH1,P43246:367:V>A,0,0.008210284
train-pg_dms__transformer__seed42,MLH1,P43246:367:V>D,0,0.2335253
train-pg_dms__transformer__seed42,MLH1,P43246:367:V>K,0,0.025087457
train-pg_dms__transformer__seed42,MLH1,P43246:367:V>L,0,0.0020296595
train-pg_dms__transformer__seed42,MLH1,P43246:367:V>W,0,0.31056818
train-pg_dms__transformer__seed42,MLH1,P43246:367:V>N,0,0.008342585
train-pg_dms__transformer__seed42,MLH1,P43246:367:V>P,1,0.57131064
train-pg_dms__transformer__seed42,MLH1,P43246:367:V>Q,0,0.004324499
train-pg_dms__transformer__seed42,MLH1,P43246:367:V>R,0,0.028676009
train-pg_dms__transformer__seed42,MLH1,P43246:367:V>S,0,0.0016774957
train-pg_dms__transformer__seed42,MLH1,P43246:367:V>T,0,0.0028321445
train-pg_dms__transformer__seed42,MLH1,P43246:367:V>Y,0,0.042647425
train-pg_dms__transformer__seed42,MLH1,P43246:367:V>M,0,0.06579402
train-pg_dms__transformer__seed42,MLH1,P43246:370:A>M,0,0.12849589
train-pg_dms__transformer__seed42,MLH1,P43246:370:A>N,0,0.0043559745
train-pg_dms__transformer__seed42,MLH1,P43246:370:A>F,0,0.08525648
train-pg_dms__transformer__seed42,MLH1,P43246:370:A>Q,0,0.005933864
train-pg_dms__transformer__seed42,MLH1,P43246:370:A>R,0,0.04795869
train-pg_dms__transformer__seed42,MLH1,P43246:370:A>S,0,0.0021769332
train-pg_dms__transformer__seed42,MLH1,P43246:370:A>V,0,0.0434674
train-pg_dms__transformer__seed42,MLH1,P43246:370:A>W,0,0.23655234
train-pg_dms__transformer__seed42,MLH1,P43246:370:A>Y,0,0.048029583
train-pg_dms__transformer__seed42,MLH1,P43246:370:A>G,0,0.016117053
train-pg_dms__transformer__seed42,MLH1,P43246:370:A>L,0,0.0017840535
train-pg_dms__transformer__seed42,MLH1,P43246:370:A>P,0,0.018306378
train-pg_dms__transformer__seed42,MLH1,P43246:370:A>K,0,0.040774636
train-pg_dms__transformer__seed42,MLH1,P43246:370:A>T,0,0.0095410785
train-pg_dms__transformer__seed42,MLH1,P43246:370:A>E,0,0.007039686
train-pg_dms__transformer__seed42,MLH1,P43246:370:A>D,0,0.08400283
train-pg_dms__transformer__seed42,MLH1,P43246:370:A>C,0,0.0024099466
train-pg_dms__transformer__seed42,MLH1,P43246:370:A>I,0,0.028595299
train-pg_dms__transformer__seed42,MLH1,P43246:370:A>H,0,0.015197953
train-pg_dms__transformer__seed42,MLH1,P43246:374:Q>P,0,0.23000368
train-pg_dms__transformer__seed42,MLH1,P43246:374:Q>M,0,0.122072875
train-pg_dms__transformer__seed42,MLH1,P43246:374:Q>L,0,0.00097054034
train-pg_dms__transformer__seed42,MLH1,P43246:374:Q>A,0,0.0044527487
train-pg_dms__transformer__seed42,MLH1,P43246:374:Q>I,0,0.025537344
train-pg_dms__transformer__seed42,MLH1,P43246:374:Q>C,0,0.00591536
train-pg_dms__transformer__seed42,MLH1,P43246:374:Q>R,0,0.016531866
train-pg_dms__transformer__seed42,MLH1,P43246:374:Q>K,0,0.0068442086
train-pg_dms__transformer__seed42,MLH1,P43246:374:Q>S,0,0.00195584
train-pg_dms__transformer__seed42,MLH1,P43246:374:Q>Y,0,0.02147512
train-pg_dms__transformer__seed42,MLH1,P43246:374:Q>V,0,0.025030464
train-pg_dms__transformer__seed42,MLH1,P43246:374:Q>W,0,0.14529978
train-pg_dms__transformer__seed42,MLH1,P43246:374:Q>G,0,0.0038063002
train-pg_dms__transformer__seed42,MLH1,P43246:374:Q>F,0,0.05214512
train-pg_dms__transformer__seed42,MLH1,P43246:374:Q>D,0,0.06705153
train-pg_dms__transformer__seed42,MLH1,P43246:374:Q>T,0,0.0029315043
train-pg_dms__transformer__seed42,MLH1,P43246:380:L>E,0,0.013935686
train-pg_dms__transformer__seed42,MLH1,P43246:380:L>F,0,0.021579836
train-pg_dms__transformer__seed42,MLH1,P43246:380:L>G,0,0.017340489
train-pg_dms__transformer__seed42,MLH1,P43246:380:L>D,0,0.2705213
train-pg_dms__transformer__seed42,MLH1,P43246:380:L>C,0,0.0015248851
train-pg_dms__transformer__seed42,MLH1,P43246:380:L>A,0,0.006663806
train-pg_dms__transformer__seed42,MLH1,P43246:380:L>H,0,0.005650982
train-pg_dms__transformer__seed42,MLH1,P43246:380:L>P,0,0.49485162
train-pg_dms__transformer__seed42,MLH1,P43246:380:L>I,0,0.019027377
train-pg_dms__transformer__seed42,MLH1,P43246:380:L>K,0,0.019523392
train-pg_dms__transformer__seed42,MLH1,P43246:380:L>M,0,0.095718645
train-pg_dms__transformer__seed42,MLH1,P43246:380:L>Y,0,0.010796742
train-pg_dms__transformer__seed42,MLH1,P43246:380:L>W,0,0.052355316
train-pg_dms__transformer__seed42,MLH1,P43246:380:L>V,0,0.013334259
train-pg_dms__transformer__seed42,MLH1,P43246:380:L>T,0,0.0032891675
train-pg_dms__transformer__seed42,MLH1,P43246:380:L>S,0,0.0047856895
train-pg_dms__transformer__seed42,MLH1,P43246:380:L>R,0,0.024090197
train-pg_dms__transformer__seed42,MLH1,P43246:380:L>Q,0,0.003559132
train-pg_dms__transformer__seed42,MLH1,P43246:380:L>N,0,0.010628697
train-pg_dms__transformer__seed42,MLH1,P43246:388:N>Y,0,0.0030410804
train-pg_dms__transformer__seed42,MLH1,P43246:388:N>W,0,0.1623341
train-pg_dms__transformer__seed42,MLH1,P43246:388:N>V,0,0.0025538842
train-pg_dms__transformer__seed42,MLH1,P43246:388:N>A,0,0.0017285278
train-pg_dms__transformer__seed42,MLH1,P43246:388:N>K,0,0.006546257
train-pg_dms__transformer__seed42,MLH1,P43246:388:N>D,0,0.019579696
train-pg_dms__transformer__seed42,MLH1,P43246:388:N>E,0,0.01721732
train-pg_dms__transformer__seed42,MLH1,P43246:388:N>F,0,0.00667645
train-pg_dms__transformer__seed42,MLH1,P43246:388:N>G,0,0.003908462
train-pg_dms__transformer__seed42,MLH1,P43246:388:N>I,0,0.0030110145
train-pg_dms__transformer__seed42,MLH1,P43246:388:N>L,0,0.0010529301
train-pg_dms__transformer__seed42,MLH1,P43246:388:N>M,0,0.058842674
train-pg_dms__transformer__seed42,MLH1,P43246:388:N>P,0,0.019746633
train-pg_dms__transformer__seed42,MLH1,P43246:388:N>R,0,0.016056418
train-pg_dms__transformer__seed42,MLH1,P43246:388:N>S,0,0.00044146285
train-pg_dms__transformer__seed42,MLH1,P43246:388:N>T,0,0.0015795076
train-pg_dms__transformer__seed42,MLH1,P43246:388:N>C,0,0.0003750215
train-pg_dms__transformer__seed42,MLH1,P43246:388:N>Q,0,0.0021381625
train-pg_dms__transformer__seed42,MLH1,P43246:388:N>H,0,0.004121102
train-pg_dms__transformer__seed42,MLH1,P43246:392:K>M,0,0.27981874
train-pg_dms__transformer__seed42,MLH1,P43246:392:K>T,0,0.013013506
train-pg_dms__transformer__seed42,MLH1,P43246:392:K>C,0,0.0039642393
train-pg_dms__transformer__seed42,MLH1,P43246:392:K>D,1,0.28904703
train-pg_dms__transformer__seed42,MLH1,P43246:392:K>F,0,0.04429723
train-pg_dms__transformer__seed42,MLH1,P43246:392:K>G,0,0.037506524
train-pg_dms__transformer__seed42,MLH1,P43246:392:K>H,0,0.016010055
train-pg_dms__transformer__seed42,MLH1,P43246:392:K>I,0,0.04708497
train-pg_dms__transformer__seed42,MLH1,P43246:392:K>P,0,0.48259538
train-pg_dms__transformer__seed42,MLH1,P43246:392:K>N,0,0.04816362
train-pg_dms__transformer__seed42,MLH1,P43246:392:K>L,0,0.009714672
train-pg_dms__transformer__seed42,MLH1,P43246:392:K>V,0,0.021801034
train-pg_dms__transformer__seed42,MLH1,P43246:392:K>A,0,0.025056446
train-pg_dms__transformer__seed42,MLH1,P43246:392:K>R,0,0.0016007235
train-pg_dms__transformer__seed42,MLH1,P43246:392:K>Q,0,0.0037901935
train-pg_dms__transformer__seed42,MLH1,P43246:392:K>S,0,0.011551467
train-pg_dms__transformer__seed42,MLH1,P43246:392:K>Y,0,0.06702302
train-pg_dms__transformer__seed42,MLH1,P43246:392:K>W,0,0.31936672
train-pg_dms__transformer__seed42,MLH1,P43246:396:R>Y,0,0.15453638
train-pg_dms__transformer__seed42,MLH1,P43246:396:R>W,0,0.22448967
train-pg_dms__transformer__seed42,MLH1,P43246:396:R>T,0,0.15866235
train-pg_dms__transformer__seed42,MLH1,P43246:396:R>A,0,0.13555689
train-pg_dms__transformer__seed42,MLH1,P43246:396:R>E,0,0.12679334
train-pg_dms__transformer__seed42,MLH1,P43246:396:R>V,0,0.124324016
train-pg_dms__transformer__seed42,MLH1,P43246:396:R>G,0,0.054200754
train-pg_dms__transformer__seed42,MLH1,P43246:396:R>H,0,0.02867826
train-pg_dms__transformer__seed42,MLH1,P43246:396:R>F,0,0.18189885
train-pg_dms__transformer__seed42,MLH1,P43246:396:R>L,0,0.06424901
train-pg_dms__transformer__seed42,MLH1,P43246:396:R>M,1,0.30020607
train-pg_dms__transformer__seed42,MLH1,P43246:396:R>P,0,0.27439368
train-pg_dms__transformer__seed42,MLH1,P43246:396:R>Q,0,0.004579095
train-pg_dms__transformer__seed42,MLH1,P43246:396:R>S,0,0.038138106
train-pg_dms__transformer__seed42,MLH1,P43246:396:R>K,0,0.0044899997
train-pg_dms__transformer__seed42,MLH1,P43246:396:R>C,0,0.008708106
train-pg_dms__transformer__seed42,MLH1,P43246:397:Q>G,0,0.0026135922
train-pg_dms__transformer__seed42,MLH1,P43246:397:Q>A,0,0.0043425877
train-pg_dms__transformer__seed42,MLH1,P43246:397:Q>C,0,0.0015342254
train-pg_dms__transformer__seed42,MLH1,P43246:397:Q>D,0,0.048778005
train-pg_dms__transformer__seed42,MLH1,P43246:397:Q>E,0,0.017310832
train-pg_dms__transformer__seed42,MLH1,P43246:397:Q>F,0,0.009433259
train-pg_dms__transformer__seed42,MLH1,P43246:397:Q>T,0,0.0023492845
train-pg_dms__transformer__seed42,MLH1,P43246:397:Q>S,0,0.0011141946
train-pg_dms__transformer__seed42,MLH1,P43246:397:Q>Y,0,0.020566164
train-pg_dms__transformer__seed42,MLH1,P43246:397:Q>W,0,0.20083053
train-pg_dms__transformer__seed42,MLH1,P43246:397:Q>V,0,0.009287351
train-pg_dms__transformer__seed42,MLH1,P43246:397:Q>I,0,0.029649267
train-pg_dms__transformer__seed42,MLH1,P43246:397:Q>K,0,0.0023440556
train-pg_dms__transformer__seed42,MLH1,P43246:397:Q>L,0,0.0012755309
train-pg_dms__transformer__seed42,MLH1,P43246:397:Q>H,0,0.00756075
train-pg_dms__transformer__seed42,MLH1,P43246:397:Q>R,0,0.005989123
train-pg_dms__transformer__seed42,MLH1,P43246:397:Q>P,0,0.035155408
train-pg_dms__transformer__seed42,MLH1,P43246:397:Q>N,0,0.002190041
train-pg_dms__transformer__seed42,MLH1,P43246:397:Q>M,0,0.13608679
train-pg_dms__transformer__seed42,MLH1,P43246:400:N>F,0,0.010463536
train-pg_dms__transformer__seed42,MLH1,P43246:400:N>W,0,0.2552037
train-pg_dms__transformer__seed42,MLH1,P43246:400:N>D,0,0.042397365
train-pg_dms__transformer__seed42,MLH1,P43246:400:N>E,0,0.056605287
train-pg_dms__transformer__seed42,MLH1,P43246:400:N>G,0,0.003980519
train-pg_dms__transformer__seed42,MLH1,P43246:400:N>H,0,0.0027490754
train-pg_dms__transformer__seed42,MLH1,P43246:400:N>I,0,0.009776192
train-pg_dms__transformer__seed42,MLH1,P43246:400:N>K,0,0.03186627
train-pg_dms__transformer__seed42,MLH1,P43246:400:N>L,0,0.0027469648
train-pg_dms__transformer__seed42,MLH1,P43246:400:N>M,0,0.07116707
train-pg_dms__transformer__seed42,MLH1,P43246:400:N>P,0,0.20209196
train-pg_dms__transformer__seed42,MLH1,P43246:400:N>Q,0,0.005334859
train-pg_dms__transformer__seed42,MLH1,P43246:400:N>R,0,0.020116815
train-pg_dms__transformer__seed42,MLH1,P43246:400:N>S,0,0.0011745576
train-pg_dms__transformer__seed42,MLH1,P43246:400:N>T,0,0.0013194424
train-pg_dms__transformer__seed42,MLH1,P43246:400:N>V,0,0.0033269248
train-pg_dms__transformer__seed42,MLH1,P43246:400:N>A,0,0.0030664036
train-pg_dms__transformer__seed42,MLH1,P43246:400:N>C,0,0.0006070154
train-pg_dms__transformer__seed42,MLH1,P43246:400:N>Y,0,0.0074458877
train-pg_dms__transformer__seed42,MLH1,P43246:403:D>M,0,0.25987017
train-pg_dms__transformer__seed42,MLH1,P43246:403:D>N,0,0.05888816
train-pg_dms__transformer__seed42,MLH1,P43246:403:D>H,0,0.09328887
train-pg_dms__transformer__seed42,MLH1,P43246:403:D>A,0,0.09451881
train-pg_dms__transformer__seed42,MLH1,P43246:403:D>C,0,0.011972182
train-pg_dms__transformer__seed42,MLH1,P43246:403:D>E,0,0.02850276
train-pg_dms__transformer__seed42,MLH1,P43246:403:D>F,0,0.03315995
train-pg_dms__transformer__seed42,MLH1,P43246:403:D>G,0,0.07909273
train-pg_dms__transformer__seed42,MLH1,P43246:403:D>I,0,0.12396171
train-pg_dms__transformer__seed42,MLH1,P43246:403:D>K,0,0.13426158
train-pg_dms__transformer__seed42,MLH1,P43246:403:D>L,0,0.07028135
train-pg_dms__transformer__seed42,MLH1,P43246:403:D>W,0,0.2867363
train-pg_dms__transformer__seed42,MLH1,P43246:403:D>V,0,0.11464866
train-pg_dms__transformer__seed42,MLH1,P43246:403:D>T,0,0.039552692
train-pg_dms__transformer__seed42,MLH1,P43246:403:D>S,0,0.022812203
train-pg_dms__transformer__seed42,MLH1,P43246:403:D>R,0,0.32444587
train-pg_dms__transformer__seed42,MLH1,P43246:403:D>Q,0,0.05521825
train-pg_dms__transformer__seed42,MLH1,P43246:403:D>P,0,0.22602883
train-pg_dms__transformer__seed42,MLH1,P43246:403:D>Y,0,0.12555364
train-pg_dms__transformer__seed42,MLH1,P43246:406:R>A,0,0.27568892
train-pg_dms__transformer__seed42,MLH1,P43246:406:R>W,0,0.253529
train-pg_dms__transformer__seed42,MLH1,P43246:406:R>D,0,0.57188
train-pg_dms__transformer__seed42,MLH1,P43246:406:R>E,0,0.25287417
train-pg_dms__transformer__seed42,MLH1,P43246:406:R>F,0,0.1927898
train-pg_dms__transformer__seed42,MLH1,P43246:406:R>G,0,0.21279284
train-pg_dms__transformer__seed42,MLH1,P43246:406:R>H,0,0.086151816
train-pg_dms__transformer__seed42,MLH1,P43246:406:R>I,0,0.25724342
train-pg_dms__transformer__seed42,MLH1,P43246:406:R>K,0,0.010512526
train-pg_dms__transformer__seed42,MLH1,P43246:406:R>L,0,0.27147704
train-pg_dms__transformer__seed42,MLH1,P43246:406:R>M,0,0.3794182
train-pg_dms__transformer__seed42,MLH1,P43246:406:R>N,0,0.21264917
train-pg_dms__transformer__seed42,MLH1,P43246:406:R>P,0,0.45487913
train-pg_dms__transformer__seed42,MLH1,P43246:406:R>Q,1,0.056294456
train-pg_dms__transformer__seed42,MLH1,P43246:406:R>S,0,0.07213165
train-pg_dms__transformer__seed42,MLH1,P43246:406:R>T,0,0.1762838
train-pg_dms__transformer__seed42,MLH1,P43246:406:R>V,0,0.26894474
train-pg_dms__transformer__seed42,MLH1,P43246:406:R>Y,0,0.2604517
train-pg_dms__transformer__seed42,MLH1,P43246:406:R>C,0,0.024617277
train-pg_dms__transformer__seed42,MLH1,P43246:408:Y>K,0,0.43738386
train-pg_dms__transformer__seed42,MLH1,P43246:408:Y>I,0,0.46766874
train-pg_dms__transformer__seed42,MLH1,P43246:408:Y>D,0,0.9115076
train-pg_dms__transformer__seed42,MLH1,P43246:408:Y>E,0,0.3783678
train-pg_dms__transformer__seed42,MLH1,P43246:408:Y>L,0,0.040805902
train-pg_dms__transformer__seed42,MLH1,P43246:408:Y>G,0,0.31776664
train-pg_dms__transformer__seed42,MLH1,P43246:408:Y>M,0,0.39019147
train-pg_dms__transformer__seed42,MLH1,P43246:408:Y>P,1,0.88243127
train-pg_dms__transformer__seed42,MLH1,P43246:408:Y>N,0,0.2895284
train-pg_dms__transformer__seed42,MLH1,P43246:408:Y>C,0,0.0064026536
train-pg_dms__transformer__seed42,MLH1,P43246:408:Y>W,0,0.2390399
train-pg_dms__transformer__seed42,MLH1,P43246:408:Y>V,0,0.15425164
train-pg_dms__transformer__seed42,MLH1,P43246:408:Y>A,0,0.1793653
train-pg_dms__transformer__seed42,MLH1,P43246:408:Y>R,0,0.62242204
train-pg_dms__transformer__seed42,MLH1,P43246:408:Y>Q,0,0.10155275
train-pg_dms__transformer__seed42,MLH1,P43246:408:Y>T,0,0.108916186
train-pg_dms__transformer__seed42,MLH1,P43246:414:L>D,1,0.975377
train-pg_dms__transformer__seed42,MLH1,P43246:414:L>C,0,0.031536452
train-pg_dms__transformer__seed42,MLH1,P43246:414:L>A,0,0.23788191
train-pg_dms__transformer__seed42,MLH1,P43246:414:L>E,0,0.82364416
train-pg_dms__transformer__seed42,MLH1,P43246:414:L>F,0,0.16143993
train-pg_dms__transformer__seed42,MLH1,P43246:414:L>W,1,0.66922307
train-pg_dms__transformer__seed42,MLH1,P43246:414:L>Y,0,0.5002184
train-pg_dms__transformer__seed42,MLH1,P43246:414:L>I,0,0.045312032
train-pg_dms__transformer__seed42,MLH1,P43246:414:L>K,0,0.7986605
train-pg_dms__transformer__seed42,MLH1,P43246:414:L>H,0,0.5358193
train-pg_dms__transformer__seed42,MLH1,P43246:414:L>N,0,0.8286199
train-pg_dms__transformer__seed42,MLH1,P43246:414:L>P,1,0.9723786
train-pg_dms__transformer__seed42,MLH1,P43246:414:L>M,0,0.17850903
train-pg_dms__transformer__seed42,MLH1,P43246:414:L>G,0,0.7283911
train-pg_dms__transformer__seed42,MLH1,P43246:414:L>S,0,0.396003
train-pg_dms__transformer__seed42,MLH1,P43246:414:L>T,0,0.067091465
train-pg_dms__transformer__seed42,MLH1,P43246:414:L>Q,0,0.46424103
train-pg_dms__transformer__seed42,MLH1,P43246:418:I>Y,0,0.22800672
train-pg_dms__transformer__seed42,MLH1,P43246:418:I>C,0,0.005717823
train-pg_dms__transformer__seed42,MLH1,P43246:418:I>V,0,0.029339135
train-pg_dms__transformer__seed42,MLH1,P43246:418:I>T,0,0.01865958
train-pg_dms__transformer__seed42,MLH1,P43246:418:I>S,0,0.0053986083
train-pg_dms__transformer__seed42,MLH1,P43246:418:I>R,0,0.04879234
train-pg_dms__transformer__seed42,MLH1,P43246:418:I>Q,0,0.007063621
train-pg_dms__transformer__seed42,MLH1,P43246:418:I>K,0,0.024278954
train-pg_dms__transformer__seed42,MLH1,P43246:418:I>N,0,0.013067641
train-pg_dms__transformer__seed42,MLH1,P43246:418:I>L,0,0.0098583475
train-pg_dms__transformer__seed42,MLH1,P43246:418:I>H,0,0.103223614
train-pg_dms__transformer__seed42,MLH1,P43246:418:I>G,0,0.11112454
train-pg_dms__transformer__seed42,MLH1,P43246:418:I>F,0,0.08209172
train-pg_dms__transformer__seed42,MLH1,P43246:418:I>E,0,0.0336992
train-pg_dms__transformer__seed42,MLH1,P43246:418:I>A,0,0.030185197
train-pg_dms__transformer__seed42,MLH1,P43246:418:I>P,1,0.8345003
train-pg_dms__transformer__seed42,MLH1,P43246:418:I>D,0,0.64734375
train-pg_dms__transformer__seed42,MLH1,P43246:425:E>D,0,0.026472593
train-pg_dms__transformer__seed42,MLH1,P43246:425:E>C,0,0.002104386
train-pg_dms__transformer__seed42,MLH1,P43246:425:E>A,0,0.0022317255
train-pg_dms__transformer__seed42,MLH1,P43246:425:E>W,0,0.27768815
train-pg_dms__transformer__seed42,MLH1,P43246:425:E>F,0,0.030847544
train-pg_dms__transformer__seed42,MLH1,P43246:425:E>Y,0,0.019083988
train-pg_dms__transformer__seed42,MLH1,P43246:425:E>V,0,0.00692971
train-pg_dms__transformer__seed42,MLH1,P43246:425:E>T,0,0.001153481
train-pg_dms__transformer__seed42,MLH1,P43246:425:E>S,0,0.0010050653
train-pg_dms__transformer__seed42,MLH1,P43246:425:E>R,0,0.008927191
train-pg_dms__transformer__seed42,MLH1,P43246:425:E>Q,0,0.001051386
train-pg_dms__transformer__seed42,MLH1,P43246:425:E>P,0,0.035347622
train-pg_dms__transformer__seed42,MLH1,P43246:425:E>N,0,0.0020485413
train-pg_dms__transformer__seed42,MLH1,P43246:425:E>M,0,0.12724835
train-pg_dms__transformer__seed42,MLH1,P43246:425:E>L,0,0.0023519525
train-pg_dms__transformer__seed42,MLH1,P43246:425:E>I,0,0.012501955
train-pg_dms__transformer__seed42,MLH1,P43246:425:E>H,0,0.010224958
train-pg_dms__transformer__seed42,MLH1,P43246:425:E>G,0,0.0033069612
train-pg_dms__transformer__seed42,MLH1,P43246:429:Q>V,0,0.063871026
train-pg_dms__transformer__seed42,MLH1,P43246:429:Q>A,0,0.011895165
train-pg_dms__transformer__seed42,MLH1,P43246:429:Q>C,0,0.007278027
train-pg_dms__transformer__seed42,MLH1,P43246:429:Q>D,0,0.060334127
train-pg_dms__transformer__seed42,MLH1,P43246:429:Q>E,0,0.013807332
train-pg_dms__transformer__seed42,MLH1,P43246:429:Q>W,0,0.35728827
train-pg_dms__transformer__seed42,MLH1,P43246:429:Q>F,0,0.1942179
train-pg_dms__transformer__seed42,MLH1,P43246:429:Q>G,0,0.007550067
train-pg_dms__transformer__seed42,MLH1,P43246:429:Q>I,0,0.12121329
train-pg_dms__transformer__seed42,MLH1,P43246:429:Q>K,1,0.028735932
train-pg_dms__transformer__seed42,MLH1,P43246:429:Q>L,0,0.0033233566
train-pg_dms__transformer__seed42,MLH1,P43246:429:Q>M,0,0.30433226
train-pg_dms__transformer__seed42,MLH1,P43246:429:Q>N,0,0.019034062
train-pg_dms__transformer__seed42,MLH1,P43246:429:Q>P,0,0.17874457
train-pg_dms__transformer__seed42,MLH1,P43246:429:Q>R,0,0.020401573
train-pg_dms__transformer__seed42,MLH1,P43246:429:Q>S,0,0.005937933
train-pg_dms__transformer__seed42,MLH1,P43246:429:Q>T,0,0.013186771
train-pg_dms__transformer__seed42,MLH1,P43246:429:Q>Y,0,0.05580462
train-pg_dms__transformer__seed42,MLH1,P43246:434:A>L,0,0.027844578
train-pg_dms__transformer__seed42,MLH1,P43246:434:A>R,0,0.1873517
train-pg_dms__transformer__seed42,MLH1,P43246:434:A>S,0,0.0028582567
train-pg_dms__transformer__seed42,MLH1,P43246:434:A>T,0,0.027804554
train-pg_dms__transformer__seed42,MLH1,P43246:434:A>V,0,0.2025868
train-pg_dms__transformer__seed42,MLH1,P43246:434:A>P,0,0.4478512
train-pg_dms__transformer__seed42,MLH1,P43246:434:A>N,0,0.025270373
train-pg_dms__transformer__seed42,MLH1,P43246:434:A>M,0,0.36189064
train-pg_dms__transformer__seed42,MLH1,P43246:434:A>K,0,0.12883131
train-pg_dms__transformer__seed42,MLH1,P43246:434:A>W,1,0.45445168
train-pg_dms__transformer__seed42,MLH1,P43246:434:A>G,0,0.012647122
train-pg_dms__transformer__seed42,MLH1,P43246:434:A>F,0,0.39268598
train-pg_dms__transformer__seed42,MLH1,P43246:434:A>E,0,0.01943311
train-pg_dms__transformer__seed42,MLH1,P43246:434:A>D,0,0.107503176
train-pg_dms__transformer__seed42,MLH1,P43246:434:A>C,0,0.013115085
train-pg_dms__transformer__seed42,MLH1,P43246:434:A>I,0,0.2821
train-pg_dms__transformer__seed42,MLH1,P43246:437:V>T,0,0.0042546513
train-pg_dms__transformer__seed42,MLH1,P43246:437:V>S,0,0.0031968912
train-pg_dms__transformer__seed42,MLH1,P43246:437:V>R,0,0.05524209
train-pg_dms__transformer__seed42,MLH1,P43246:437:V>Q,0,0.0077772047
train-pg_dms__transformer__seed42,MLH1,P43246:437:V>P,1,0.5309759
train-pg_dms__transformer__seed42,MLH1,P43246:437:V>L,0,0.00635132
train-pg_dms__transformer__seed42,MLH1,P43246:437:V>I,0,0.016660087
train-pg_dms__transformer__seed42,MLH1,P43246:437:V>H,0,0.036181808
train-pg_dms__transformer__seed42,MLH1,P43246:437:V>G,0,0.009384217
train-pg_dms__transformer__seed42,MLH1,P43246:437:V>E,0,0.010388294
train-pg_dms__transformer__seed42,MLH1,P43246:437:V>D,0,0.11768242
train-pg_dms__transformer__seed42,MLH1,P43246:437:V>C,0,0.0044986852
train-pg_dms__transformer__seed42,MLH1,P43246:437:V>A,0,0.008131936
train-pg_dms__transformer__seed42,MLH1,P43246:437:V>W,0,0.4851684
train-pg_dms__transformer__seed42,MLH1,P43246:437:V>K,0,0.013771148
train-pg_dms__transformer__seed42,MLH1,P43246:437:V>F,0,0.04286999
train-pg_dms__transformer__seed42,MLH1,P43246:437:V>Y,0,0.103522055
train-pg_dms__transformer__seed42,MLH1,P43246:438:T>A,0,0.015720746
train-pg_dms__transformer__seed42,MLH1,P43246:438:T>C,0,0.003247235
train-pg_dms__transformer__seed42,MLH1,P43246:438:T>Y,0,0.059834182
train-pg_dms__transformer__seed42,MLH1,P43246:438:T>W,0,0.16259779
train-pg_dms__transformer__seed42,MLH1,P43246:438:T>V,0,0.06116722
train-pg_dms__transformer__seed42,MLH1,P43246:438:T>R,0,0.029200729
train-pg_dms__transformer__seed42,MLH1,P43246:438:T>Q,0,0.008282503
train-pg_dms__transformer__seed42,MLH1,P43246:438:T>N,0,0.012029959
train-pg_dms__transformer__seed42,MLH1,P43246:438:T>L,0,0.0037401593
train-pg_dms__transformer__seed42,MLH1,P43246:438:T>K,0,0.015072132
train-pg_dms__transformer__seed42,MLH1,P43246:438:T>G,0,0.007579321
train-pg_dms__transformer__seed42,MLH1,P43246:438:T>F,0,0.07967481
train-pg_dms__transformer__seed42,MLH1,P43246:438:T>M,0,0.16464071
train-pg_dms__transformer__seed42,MLH1,P43246:438:T>E,0,0.012493393
train-pg_dms__transformer__seed42,MLH1,P43246:438:T>D,0,0.05438855
train-pg_dms__transformer__seed42,MLH1,P43246:446:D>A,0,0.0214675
train-pg_dms__transformer__seed42,MLH1,P43246:446:D>W,0,0.13791318
train-pg_dms__transformer__seed42,MLH1,P43246:446:D>G,0,0.04365107
train-pg_dms__transformer__seed42,MLH1,P43246:446:D>H,0,0.036501992
train-pg_dms__transformer__seed42,MLH1,P43246:446:D>I,0,0.08134103
train-pg_dms__transformer__seed42,MLH1,P43246:446:D>K,0,0.075610235
train-pg_dms__transformer__seed42,MLH1,P43246:446:D>Y,0,0.04944269
train-pg_dms__transformer__seed42,MLH1,P43246:446:D>L,0,0.021010917
train-pg_dms__transformer__seed42,MLH1,P43246:446:D>M,0,0.2797205
train-pg_dms__transformer__seed42,MLH1,P43246:446:D>N,0,0.0012788262
train-pg_dms__transformer__seed42,MLH1,P43246:446:D>P,0,0.44237366
train-pg_dms__transformer__seed42,MLH1,P43246:446:D>Q,0,0.02647526
train-pg_dms__transformer__seed42,MLH1,P43246:446:D>R,0,0.17964734
train-pg_dms__transformer__seed42,MLH1,P43246:446:D>E,0,0.053876184
train-pg_dms__transformer__seed42,MLH1,P43246:446:D>C,0,0.006092285
train-pg_dms__transformer__seed42,MLH1,P43246:446:D>S,0,0.0019963633
train-pg_dms__transformer__seed42,MLH1,P43246:446:D>T,0,0.021290988
train-pg_dms__transformer__seed42,MLH1,P43246:447:F>E,1,0.8367058
train-pg_dms__transformer__seed42,MLH1,P43246:447:F>Y,0,0.13985926
train-pg_dms__transformer__seed42,MLH1,P43246:447:F>C,0,0.009983222
train-pg_dms__transformer__seed42,MLH1,P43246:447:F>T,0,0.32330257
train-pg_dms__transformer__seed42,MLH1,P43246:447:F>S,0,0.14885743
train-pg_dms__transformer__seed42,MLH1,P43246:447:F>R,1,0.98867816
train-pg_dms__transformer__seed42,MLH1,P43246:447:F>Q,1,0.53129524
train-pg_dms__transformer__seed42,MLH1,P43246:447:F>P,1,0.95391756
train-pg_dms__transformer__seed42,MLH1,P43246:447:F>M,0,0.4022471
train-pg_dms__transformer__seed42,MLH1,P43246:447:F>L,0,0.17574897
train-pg_dms__transformer__seed42,MLH1,P43246:447:F>K,1,0.95471
train-pg_dms__transformer__seed42,MLH1,P43246:447:F>I,0,0.6011204
train-pg_dms__transformer__seed42,MLH1,P43246:447:F>H,0,0.66695875
train-pg_dms__transformer__seed42,MLH1,P43246:447:F>G,0,0.74982494
train-pg_dms__transformer__seed42,MLH1,P43246:447:F>A,0,0.26230466
train-pg_dms__transformer__seed42,MLH1,P43246:447:F>W,1,0.8107902
train-pg_dms__transformer__seed42,MLH1,P43246:447:F>D,1,0.98167956
train-pg_dms__transformer__seed42,MLH1,P43246:451:Q>N,0,0.07903459
train-pg_dms__transformer__seed42,MLH1,P43246:451:Q>W,0,0.32230347
train-pg_dms__transformer__seed42,MLH1,P43246:451:Q>V,1,0.028766127
train-pg_dms__transformer__seed42,MLH1,P43246:451:Q>T,0,0.004128016
train-pg_dms__transformer__seed42,MLH1,P43246:451:Q>S,0,0.0025506213
train-pg_dms__transformer__seed42,MLH1,P43246:451:Q>R,0,0.010447896
train-pg_dms__transformer__seed42,MLH1,P43246:451:Q>P,0,0.8832745
train-pg_dms__transformer__seed42,MLH1,P43246:451:Q>Y,0,0.17580605
train-pg_dms__transformer__seed42,MLH1,P43246:451:Q>M,1,0.17321119
train-pg_dms__transformer__seed42,MLH1,P43246:451:Q>I,1,0.058935497
train-pg_dms__transformer__seed42,MLH1,P43246:451:Q>K,0,0.0052278424
train-pg_dms__transformer__seed42,MLH1,P43246:451:Q>H,0,0.036295243
train-pg_dms__transformer__seed42,MLH1,P43246:451:Q>G,0,0.00509902
train-pg_dms__transformer__seed42,MLH1,P43246:451:Q>E,0,0.001897323
train-pg_dms__transformer__seed42,MLH1,P43246:451:Q>D,0,0.55878705
train-pg_dms__transformer__seed42,MLH1,P43246:451:Q>C,0,0.0034955915
train-pg_dms__transformer__seed42,MLH1,P43246:451:Q>A,0,0.0012962031
train-pg_dms__transformer__seed42,MLH1,P43246:451:Q>L,0,0.0006485892
train-pg_dms__transformer__seed42,MLH1,P43246:461:D>F,0,0.0733521
train-pg_dms__transformer__seed42,MLH1,P43246:461:D>A,0,0.00333574
train-pg_dms__transformer__seed42,MLH1,P43246:461:D>C,0,0.0030139533
train-pg_dms__transformer__seed42,MLH1,P43246:461:D>V,0,0.019814018
train-pg_dms__transformer__seed42,MLH1,P43246:461:D>H,0,0.007260213
train-pg_dms__transformer__seed42,MLH1,P43246:461:D>I,0,0.008374566
train-pg_dms__transformer__seed42,MLH1,P43246:461:D>K,0,0.0032022155
train-pg_dms__transformer__seed42,MLH1,P43246:461:D>L,0,0.0043207062
train-pg_dms__transformer__seed42,MLH1,P43246:461:D>W,0,0.06795397
train-pg_dms__transformer__seed42,MLH1,P43246:461:D>N,0,0.0020954402
train-pg_dms__transformer__seed42,MLH1,P43246:461:D>P,0,0.04347337
train-pg_dms__transformer__seed42,MLH1,P43246:461:D>Q,0,0.001950199
train-pg_dms__transformer__seed42,MLH1,P43246:461:D>R,0,0.004205098
train-pg_dms__transformer__seed42,MLH1,P43246:461:D>S,0,0.0005244944
train-pg_dms__transformer__seed42,MLH1,P43246:461:D>Y,0,0.0203707
train-pg_dms__transformer__seed42,MLH1,P43246:461:D>T,0,0.0030140537
train-pg_dms__transformer__seed42,MLH1,P43246:461:D>M,0,0.117720455
train-pg_dms__transformer__seed42,MLH1,P43246:468:F>D,1,0.75194275
train-pg_dms__transformer__seed42,MLH1,P43246:468:F>E,1,0.31633994
train-pg_dms__transformer__seed42,MLH1,P43246:468:F>G,1,0.4911516
train-pg_dms__transformer__seed42,MLH1,P43246:468:F>H,0,0.20792793
train-pg_dms__transformer__seed42,MLH1,P43246:468:F>I,0,0.43263182
train-pg_dms__transformer__seed42,MLH1,P43246:468:F>M,0,0.39937776
train-pg_dms__transformer__seed42,MLH1,P43246:468:F>L,0,0.08590657
train-pg_dms__transformer__seed42,MLH1,P43246:468:F>W,0,0.48777205
train-pg_dms__transformer__seed42,MLH1,P43246:468:F>V,0,0.18917418
train-pg_dms__transformer__seed42,MLH1,P43246:468:F>T,1,0.18556125
train-pg_dms__transformer__seed42,MLH1,P43246:468:F>S,1,0.24123791
train-pg_dms__transformer__seed42,MLH1,P43246:468:F>P,0,0.8504907
train-pg_dms__transformer__seed42,MLH1,P43246:468:F>C,0,0.030023193
train-pg_dms__transformer__seed42,MLH1,P43246:468:F>N,1,0.38330415
train-pg_dms__transformer__seed42,MLH1,P43246:468:F>K,0,0.29808608
train-pg_dms__transformer__seed42,MLH1,P43246:468:F>Y,0,0.0066509815
train-pg_dms__transformer__seed42,MLH1,P43246:468:F>A,0,0.2655044
train-pg_dms__transformer__seed42,MLH1,P43246:468:F>R,0,0.7828981
train-pg_dms__transformer__seed42,MLH1,P43246:470:V>Q,1,0.38308233
train-pg_dms__transformer__seed42,MLH1,P43246:470:V>P,1,0.96905935
train-pg_dms__transformer__seed42,MLH1,P43246:470:V>D,1,0.95480824
train-pg_dms__transformer__seed42,MLH1,P43246:470:V>F,1,0.78464395
train-pg_dms__transformer__seed42,MLH1,P43246:470:V>G,1,0.8620559
train-pg_dms__transformer__seed42,MLH1,P43246:470:V>H,1,0.59276
train-pg_dms__transformer__seed42,MLH1,P43246:470:V>K,1,0.85052973
train-pg_dms__transformer__seed42,MLH1,P43246:470:V>M,1,0.72142506
train-pg_dms__transformer__seed42,MLH1,P43246:470:V>N,1,0.86720234
train-pg_dms__transformer__seed42,MLH1,P43246:470:V>Y,1,0.82977664
train-pg_dms__transformer__seed42,MLH1,P43246:470:V>W,1,0.95242816
train-pg_dms__transformer__seed42,MLH1,P43246:470:V>T,0,0.5861855
train-pg_dms__transformer__seed42,MLH1,P43246:470:V>S,1,0.69555277
train-pg_dms__transformer__seed42,MLH1,P43246:470:V>R,1,0.9684986
train-pg_dms__transformer__seed42,MLH1,P43246:470:V>C,0,0.1912943
train-pg_dms__transformer__seed42,MLH1,P43246:470:V>E,1,0.84516114
train-pg_dms__transformer__seed42,MLH1,P43246:476:P>W,0,0.22003089
train-pg_dms__transformer__seed42,MLH1,P43246:476:P>M,0,0.20401877
train-pg_dms__transformer__seed42,MLH1,P43246:476:P>V,0,0.036860537
train-pg_dms__transformer__seed42,MLH1,P43246:476:P>T,0,0.009678678
train-pg_dms__transformer__seed42,MLH1,P43246:476:P>S,0,0.0032283913
train-pg_dms__transformer__seed42,MLH1,P43246:476:P>Y,0,0.11824486
train-pg_dms__transformer__seed42,MLH1,P43246:476:P>G,0,0.021670198
train-pg_dms__transformer__seed42,MLH1,P43246:476:P>I,0,0.0341679
train-pg_dms__transformer__seed42,MLH1,P43246:476:P>H,0,0.025436644
train-pg_dms__transformer__seed42,MLH1,P43246:476:P>F,0,0.12718658
train-pg_dms__transformer__seed42,MLH1,P43246:476:P>E,0,0.01773222
train-pg_dms__transformer__seed42,MLH1,P43246:476:P>D,0,0.036907822
train-pg_dms__transformer__seed42,MLH1,P43246:476:P>C,0,0.022077758
train-pg_dms__transformer__seed42,MLH1,P43246:476:P>A,0,0.016271934
train-pg_dms__transformer__seed42,MLH1,P43246:476:P>K,0,0.019272503
train-pg_dms__transformer__seed42,MLH1,P43246:476:P>Q,0,0.0070008547
train-pg_dms__transformer__seed42,MLH1,P43246:477:N>S,0,0.00010019777
train-pg_dms__transformer__seed42,MLH1,P43246:477:N>K,0,0.0013955482
train-pg_dms__transformer__seed42,MLH1,P43246:477:N>L,0,0.0005558372
train-pg_dms__transformer__seed42,MLH1,P43246:477:N>V,0,0.0036710333
train-pg_dms__transformer__seed42,MLH1,P43246:477:N>W,0,0.44000185
train-pg_dms__transformer__seed42,MLH1,P43246:477:N>T,0,0.0012088617
train-pg_dms__transformer__seed42,MLH1,P43246:477:N>R,0,0.0024752638
train-pg_dms__transformer__seed42,MLH1,P43246:477:N>Q,0,0.0021018973
train-pg_dms__transformer__seed42,MLH1,P43246:477:N>P,0,0.44576684
train-pg_dms__transformer__seed42,MLH1,P43246:477:N>M,1,0.123086
train-pg_dms__transformer__seed42,MLH1,P43246:477:N>Y,0,0.0063847923
train-pg_dms__transformer__seed42,MLH1,P43246:477:N>C,0,0.00043931245
train-pg_dms__transformer__seed42,MLH1,P43246:477:N>D,1,0.00768276
train-pg_dms__transformer__seed42,MLH1,P43246:477:N>E,0,0.010143248
train-pg_dms__transformer__seed42,MLH1,P43246:477:N>I,0,0.0073604514
train-pg_dms__transformer__seed42,MLH1,P43246:477:N>F,0,0.032341294
train-pg_dms__transformer__seed42,MLH1,P43246:477:N>G,0,0.0029026787
train-pg_dms__transformer__seed42,MLH1,P43246:477:N>H,0,0.004287479
train-pg_dms__transformer__seed42,MLH1,P43246:477:N>A,0,0.002643494
train-pg_dms__transformer__seed42,MLH1,P43246:479:S>P,0,0.7376945
train-pg_dms__transformer__seed42,MLH1,P43246:479:S>A,0,0.0007873391
train-pg_dms__transformer__seed42,MLH1,P43246:479:S>C,0,0.0005220076
train-pg_dms__transformer__seed42,MLH1,P43246:479:S>D,0,0.09290322
train-pg_dms__transformer__seed42,MLH1,P43246:479:S>F,0,0.060386483
train-pg_dms__transformer__seed42,MLH1,P43246:479:S>G,0,0.0047583333
train-pg_dms__transformer__seed42,MLH1,P43246:479:S>H,0,0.0038780777
train-pg_dms__transformer__seed42,MLH1,P43246:479:S>I,0,0.026552718
train-pg_dms__transformer__seed42,MLH1,P43246:479:S>K,0,0.01761839
train-pg_dms__transformer__seed42,MLH1,P43246:479:S>L,0,0.00049965555
train-pg_dms__transformer__seed42,MLH1,P43246:479:S>M,0,0.13643874
train-pg_dms__transformer__seed42,MLH1,P43246:479:S>Y,0,0.015547954
train-pg_dms__transformer__seed42,MLH1,P43246:479:S>W,0,0.06939342
train-pg_dms__transformer__seed42,MLH1,P43246:479:S>V,0,0.011752933
train-pg_dms__transformer__seed42,MLH1,P43246:479:S>T,0,0.0018025785
train-pg_dms__transformer__seed42,MLH1,P43246:479:S>Q,0,0.011776756
train-pg_dms__transformer__seed42,MLH1,P43246:480:E>A,0,0.00052292197
train-pg_dms__transformer__seed42,MLH1,P43246:480:E>D,0,0.0037659914
train-pg_dms__transformer__seed42,MLH1,P43246:480:E>C,0,0.004380527
train-pg_dms__transformer__seed42,MLH1,P43246:480:E>I,0,0.0071908804
train-pg_dms__transformer__seed42,MLH1,P43246:480:E>W,0,0.075743064
train-pg_dms__transformer__seed42,MLH1,P43246:480:E>L,0,0.0020876334
train-pg_dms__transformer__seed42,MLH1,P43246:480:E>M,0,0.10928513
train-pg_dms__transformer__seed42,MLH1,P43246:480:E>N,0,0.0018870924
train-pg_dms__transformer__seed42,MLH1,P43246:480:E>P,0,0.44017488
train-pg_dms__transformer__seed42,MLH1,P43246:480:E>Q,0,0.000425524
train-pg_dms__transformer__seed42,MLH1,P43246:480:E>R,0,0.002671298
train-pg_dms__transformer__seed42,MLH1,P43246:480:E>S,0,0.00051542436
train-pg_dms__transformer__seed42,MLH1,P43246:480:E>T,0,0.0011369095
train-pg_dms__transformer__seed42,MLH1,P43246:480:E>V,0,0.004379716
train-pg_dms__transformer__seed42,MLH1,P43246:480:E>Y,0,0.0155269625
train-pg_dms__transformer__seed42,MLH1,P43246:480:E>H,0,0.0035990258
train-pg_dms__transformer__seed42,MLH1,P43246:480:E>F,0,0.045420676
train-pg_dms__transformer__seed42,MLH1,P43246:497:I>D,0,0.023986556
train-pg_dms__transformer__seed42,MLH1,P43246:497:I>T,0,0.00091210695
train-pg_dms__transformer__seed42,MLH1,P43246:497:I>V,0,0.018279023
train-pg_dms__transformer__seed42,MLH1,P43246:497:I>W,0,0.09802816
train-pg_dms__transformer__seed42,MLH1,P43246:497:I>Y,0,0.0047089555
train-pg_dms__transformer__seed42,MLH1,P43246:497:I>S,0,0.000621482
train-pg_dms__transformer__seed42,MLH1,P43246:497:I>E,0,0.00047778717
train-pg_dms__transformer__seed42,MLH1,P43246:497:I>C,0,0.000709617
train-pg_dms__transformer__seed42,MLH1,P43246:497:I>A,0,0.00088381604
train-pg_dms__transformer__seed42,MLH1,P43246:497:I>P,0,0.13213423
train-pg_dms__transformer__seed42,MLH1,P43246:497:I>N,0,0.00021431787
train-pg_dms__transformer__seed42,MLH1,P43246:497:I>Q,0,0.00028602988
train-pg_dms__transformer__seed42,MLH1,P43246:497:I>K,0,0.0008686718
train-pg_dms__transformer__seed42,MLH1,P43246:497:I>H,0,0.0028725401
train-pg_dms__transformer__seed42,MLH1,P43246:497:I>G,0,0.006272093
train-pg_dms__transformer__seed42,MLH1,P43246:497:I>F,0,0.007953179
train-pg_dms__transformer__seed42,MLH1,P43246:497:I>L,0,0.00021913533
train-pg_dms__transformer__seed42,MLH1,P43246:497:I>R,0,0.0058355657
train-pg_dms__transformer__seed42,MLH1,P43246:500:A>T,0,0.03932301
train-pg_dms__transformer__seed42,MLH1,P43246:500:A>N,0,0.47432294
train-pg_dms__transformer__seed42,MLH1,P43246:500:A>S,0,0.0014284443
train-pg_dms__transformer__seed42,MLH1,P43246:500:A>W,1,0.79774785
train-pg_dms__transformer__seed42,MLH1,P43246:500:A>Y,0,0.59510064
train-pg_dms__transformer__seed42,MLH1,P43246:500:A>P,1,0.893612
train-pg_dms__transformer__seed42,MLH1,P43246:500:A>Q,0,0.080699734
train-pg_dms__transformer__seed42,MLH1,P43246:500:A>R,0,0.9342862
train-pg_dms__transformer__seed42,MLH1,P43246:500:A>L,1,0.16007139
train-pg_dms__transformer__seed42,MLH1,P43246:500:A>C,0,0.0055178134
train-pg_dms__transformer__seed42,MLH1,P43246:500:A>D,1,0.948262
train-pg_dms__transformer__seed42,MLH1,P43246:500:A>E,0,0.11075032
train-pg_dms__transformer__seed42,MLH1,P43246:500:A>G,0,0.008813099
train-pg_dms__transformer__seed42,MLH1,P43246:500:A>H,0,0.3207946
train-pg_dms__transformer__seed42,MLH1,P43246:500:A>M,0,0.5008121
train-pg_dms__transformer__seed42,MLH1,P43246:500:A>I,0,0.61192304
train-pg_dms__transformer__seed42,MLH1,P43246:502:D>S,0,0.00035243592
train-pg_dms__transformer__seed42,MLH1,P43246:502:D>C,0,0.00337247
train-pg_dms__transformer__seed42,MLH1,P43246:502:D>A,0,0.0072739534
train-pg_dms__transformer__seed42,MLH1,P43246:502:D>E,0,0.00077766867
train-pg_dms__transformer__seed42,MLH1,P43246:502:D>G,0,0.010655733
train-pg_dms__transformer__seed42,MLH1,P43246:502:D>T,0,0.00244106
train-pg_dms__transformer__seed42,MLH1,P43246:502:D>W,0,0.14938258
train-pg_dms__transformer__seed42,MLH1,P43246:502:D>Y,0,0.015376225
train-pg_dms__transformer__seed42,MLH1,P43246:502:D>H,0,0.012023914
train-pg_dms__transformer__seed42,MLH1,P43246:502:D>I,0,0.008174433
train-pg_dms__transformer__seed42,MLH1,P43246:502:D>Q,0,0.0014890778
train-pg_dms__transformer__seed42,MLH1,P43246:502:D>P,0,0.1937237
train-pg_dms__transformer__seed42,MLH1,P43246:502:D>N,0,0.0004960151
train-pg_dms__transformer__seed42,MLH1,P43246:502:D>M,0,0.10400954
train-pg_dms__transformer__seed42,MLH1,P43246:502:D>L,0,0.0031350728
train-pg_dms__transformer__seed42,MLH1,P43246:502:D>K,0,0.0034666504
train-pg_dms__transformer__seed42,MLH1,P43246:502:D>R,0,0.0060309977
train-pg_dms__transformer__seed42,MLH1,P43246:503:L>W,1,0.8132047
train-pg_dms__transformer__seed42,MLH1,P43246:503:L>V,0,0.029266652
train-pg_dms__transformer__seed42,MLH1,P43246:503:L>T,1,0.035604894
train-pg_dms__transformer__seed42,MLH1,P43246:503:L>S,1,0.27697808
train-pg_dms__transformer__seed42,MLH1,P43246:503:L>R,1,0.9427296
train-pg_dms__transformer__seed42,MLH1,P43246:503:L>Q,1,0.30112886
train-pg_dms__transformer__seed42,MLH1,P43246:503:L>P,1,0.95988846
train-pg_dms__transformer__seed42,MLH1,P43246:503:L>N,1,0.71311116
train-pg_dms__transformer__seed42,MLH1,P43246:503:L>M,0,0.2199916
train-pg_dms__transformer__seed42,MLH1,P43246:503:L>K,1,0.6048938
train-pg_dms__transformer__seed42,MLH1,P43246:503:L>G,1,0.53748053
train-pg_dms__transformer__seed42,MLH1,P43246:503:L>E,1,0.6271033
train-pg_dms__transformer__seed42,MLH1,P43246:503:L>D,1,0.93437046
train-pg_dms__transformer__seed42,MLH1,P43246:503:L>C,0,0.008653021
train-pg_dms__transformer__seed42,MLH1,P43246:503:L>A,1,0.070578046
train-pg_dms__transformer__seed42,MLH1,P43246:520:G>A,0,0.45509204
train-pg_dms__transformer__seed42,MLH1,P43246:520:G>C,0,0.31682104
train-pg_dms__transformer__seed42,MLH1,P43246:520:G>D,0,0.9459125
train-pg_dms__transformer__seed42,MLH1,P43246:520:G>F,0,0.81681424
train-pg_dms__transformer__seed42,MLH1,P43246:520:G>H,0,0.7868349
train-pg_dms__transformer__seed42,MLH1,P43246:520:G>I,0,0.8983226
train-pg_dms__transformer__seed42,MLH1,P43246:520:G>K,0,0.92063904
train-pg_dms__transformer__seed42,MLH1,P43246:520:G>L,0,0.83602226
train-pg_dms__transformer__seed42,MLH1,P43246:520:G>M,0,0.8889388
train-pg_dms__transformer__seed42,MLH1,P43246:520:G>N,0,0.91762555
train-pg_dms__transformer__seed42,MLH1,P43246:520:G>Q,0,0.73639596
train-pg_dms__transformer__seed42,MLH1,P43246:520:G>R,0,0.8377768
train-pg_dms__transformer__seed42,MLH1,P43246:520:G>S,0,0.22287996
train-pg_dms__transformer__seed42,MLH1,P43246:520:G>T,0,0.735865
train-pg_dms__transformer__seed42,MLH1,P43246:520:G>P,0,0.96563053
train-pg_dms__transformer__seed42,MLH1,P43246:520:G>Y,0,0.9032989
train-pg_dms__transformer__seed42,MLH1,P43246:520:G>W,0,0.9746651
train-pg_dms__transformer__seed42,MLH1,P43246:530:E>T,0,0.086501546
train-pg_dms__transformer__seed42,MLH1,P43246:530:E>V,0,0.17817639
train-pg_dms__transformer__seed42,MLH1,P43246:530:E>M,0,0.33500022
train-pg_dms__transformer__seed42,MLH1,P43246:530:E>W,0,0.33924976
train-pg_dms__transformer__seed42,MLH1,P43246:530:E>Y,0,0.20403674
train-pg_dms__transformer__seed42,MLH1,P43246:530:E>R,0,0.2947965
train-pg_dms__transformer__seed42,MLH1,P43246:530:E>Q,0,0.041349772
train-pg_dms__transformer__seed42,MLH1,P43246:530:E>P,1,0.66271806
train-pg_dms__transformer__seed42,MLH1,P43246:530:E>N,0,0.07640546
train-pg_dms__transformer__seed42,MLH1,P43246:530:E>S,0,0.019836225
train-pg_dms__transformer__seed42,MLH1,P43246:530:E>L,1,0.03200215
train-pg_dms__transformer__seed42,MLH1,P43246:530:E>H,0,0.12957455
train-pg_dms__transformer__seed42,MLH1,P43246:530:E>I,0,0.20961797
train-pg_dms__transformer__seed42,MLH1,P43246:530:E>F,0,0.25519264
train-pg_dms__transformer__seed42,MLH1,P43246:530:E>D,0,0.23632689
train-pg_dms__transformer__seed42,MLH1,P43246:530:E>C,0,0.018895332
train-pg_dms__transformer__seed42,MLH1,P43246:530:E>K,0,0.23644623
train-pg_dms__transformer__seed42,MLH1,P43246:530:E>A,0,0.14646043
train-pg_dms__transformer__seed42,MLH1,P43246:534:R>D,1,0.54658866
train-pg_dms__transformer__seed42,MLH1,P43246:534:R>Q,1,0.31323338
train-pg_dms__transformer__seed42,MLH1,P43246:534:R>E,1,0.46350905
train-pg_dms__transformer__seed42,MLH1,P43246:534:R>G,1,0.45973954
train-pg_dms__transformer__seed42,MLH1,P43246:534:R>H,0,0.45156464
train-pg_dms__transformer__seed42,MLH1,P43246:534:R>I,1,0.55245507
train-pg_dms__transformer__seed42,MLH1,P43246:534:R>L,1,0.36870337
train-pg_dms__transformer__seed42,MLH1,P43246:534:R>M,1,0.5270507
train-pg_dms__transformer__seed42,MLH1,P43246:534:R>Y,1,0.56126356
train-pg_dms__transformer__seed42,MLH1,P43246:534:R>W,0,0.506626
train-pg_dms__transformer__seed42,MLH1,P43246:534:R>V,1,0.557424
train-pg_dms__transformer__seed42,MLH1,P43246:534:R>T,1,0.459958
train-pg_dms__transformer__seed42,MLH1,P43246:534:R>S,1,0.24838482
train-pg_dms__transformer__seed42,MLH1,P43246:534:R>A,1,0.47947943
train-pg_dms__transformer__seed42,MLH1,P43246:534:R>N,0,0.260419
train-pg_dms__transformer__seed42,MLH1,P43246:537:K>A,0,0.05058878
train-pg_dms__transformer__seed42,MLH1,P43246:537:K>C,0,0.006058335
train-pg_dms__transformer__seed42,MLH1,P43246:537:K>I,0,0.1705234
train-pg_dms__transformer__seed42,MLH1,P43246:537:K>E,0,0.041892495
train-pg_dms__transformer__seed42,MLH1,P43246:537:K>F,0,0.30244967
train-pg_dms__transformer__seed42,MLH1,P43246:537:K>G,0,0.028044758
train-pg_dms__transformer__seed42,MLH1,P43246:537:K>H,0,0.027576497
train-pg_dms__transformer__seed42,MLH1,P43246:537:K>D,0,0.23744917
train-pg_dms__transformer__seed42,MLH1,P43246:537:K>L,0,0.0095542995
train-pg_dms__transformer__seed42,MLH1,P43246:537:K>M,0,0.30204898
train-pg_dms__transformer__seed42,MLH1,P43246:537:K>N,0,0.019182447
train-pg_dms__transformer__seed42,MLH1,P43246:537:K>Q,0,0.0041427603
train-pg_dms__transformer__seed42,MLH1,P43246:537:K>R,0,0.0019656883
train-pg_dms__transformer__seed42,MLH1,P43246:537:K>S,0,0.006638974
train-pg_dms__transformer__seed42,MLH1,P43246:537:K>T,0,0.02558991
train-pg_dms__transformer__seed42,MLH1,P43246:537:K>V,0,0.09731173
train-pg_dms__transformer__seed42,MLH1,P43246:537:K>W,0,0.37399682
train-pg_dms__transformer__seed42,MLH1,P43246:537:K>Y,0,0.20129688
train-pg_dms__transformer__seed42,MLH1,P43246:537:K>P,0,0.19280817
train-pg_dms__transformer__seed42,MLH1,P43246:560:N>Y,0,0.53775
train-pg_dms__transformer__seed42,MLH1,P43246:560:N>V,0,0.49745914
train-pg_dms__transformer__seed42,MLH1,P43246:560:N>A,0,0.15442656
train-pg_dms__transformer__seed42,MLH1,P43246:560:N>C,0,0.040414553
train-pg_dms__transformer__seed42,MLH1,P43246:560:N>D,0,0.19070119
train-pg_dms__transformer__seed42,MLH1,P43246:560:N>E,0,0.7396132
train-pg_dms__transformer__seed42,MLH1,P43246:560:N>F,0,0.67186487
train-pg_dms__transformer__seed42,MLH1,P43246:560:N>G,0,0.06921459
train-pg_dms__transformer__seed42,MLH1,P43246:560:N>H,0,0.2874608
train-pg_dms__transformer__seed42,MLH1,P43246:560:N>I,1,0.59213674
train-pg_dms__transformer__seed42,MLH1,P43246:560:N>K,0,0.8478185
train-pg_dms__transformer__seed42,MLH1,P43246:560:N>L,1,0.15320216
train-pg_dms__transformer__seed42,MLH1,P43246:560:N>M,0,0.59714496
train-pg_dms__transformer__seed42,MLH1,P43246:560:N>P,1,0.9383707
train-pg_dms__transformer__seed42,MLH1,P43246:560:N>Q,0,0.33763653
train-pg_dms__transformer__seed42,MLH1,P43246:560:N>S,0,0.0125528015
train-pg_dms__transformer__seed42,MLH1,P43246:560:N>T,0,0.08528863
train-pg_dms__transformer__seed42,MLH1,P43246:560:N>W,1,0.7872045
train-pg_dms__transformer__seed42,MLH1,P43246:560:N>R,0,0.8356102
train-pg_dms__transformer__seed42,MLH1,P43246:563:Y>P,1,0.9430375
train-pg_dms__transformer__seed42,MLH1,P43246:563:Y>E,0,0.82356507
train-pg_dms__transformer__seed42,MLH1,P43246:563:Y>Q,0,0.35029092
train-pg_dms__transformer__seed42,MLH1,P43246:563:Y>W,0,0.47833517
train-pg_dms__transformer__seed42,MLH1,P43246:563:Y>V,0,0.59199446
train-pg_dms__transformer__seed42,MLH1,P43246:563:Y>T,0,0.57735544
train-pg_dms__transformer__seed42,MLH1,P43246:563:Y>M,0,0.60043013
train-pg_dms__transformer__seed42,MLH1,P43246:563:Y>L,0,0.1733287
train-pg_dms__transformer__seed42,MLH1,P43246:563:Y>R,0,0.9269126
train-pg_dms__transformer__seed42,MLH1,P43246:563:Y>G,1,0.7614636
train-pg_dms__transformer__seed42,MLH1,P43246:563:Y>F,0,0.27522475
train-pg_dms__transformer__seed42,MLH1,P43246:563:Y>C,0,0.056198508
train-pg_dms__transformer__seed42,MLH1,P43246:563:Y>A,0,0.5828064
train-pg_dms__transformer__seed42,MLH1,P43246:563:Y>S,1,0.2830865
train-pg_dms__transformer__seed42,MLH1,P43246:563:Y>I,0,0.7714047
train-pg_dms__transformer__seed42,MLH1,P43246:569:E>P,1,0.9232874
train-pg_dms__transformer__seed42,MLH1,P43246:569:E>Q,0,0.00240052
train-pg_dms__transformer__seed42,MLH1,P43246:569:E>N,0,0.0072419317
train-pg_dms__transformer__seed42,MLH1,P43246:569:E>I,0,0.08184295
train-pg_dms__transformer__seed42,MLH1,P43246:569:E>H,0,0.06495565
train-pg_dms__transformer__seed42,MLH1,P43246:569:E>R,0,0.04995755
train-pg_dms__transformer__seed42,MLH1,P43246:569:E>S,0,0.00092806027
train-pg_dms__transformer__seed42,MLH1,P43246:569:E>G,0,0.016422747
train-pg_dms__transformer__seed42,MLH1,P43246:569:E>T,0,0.024817975
train-pg_dms__transformer__seed42,MLH1,P43246:569:E>V,0,0.02355419
train-pg_dms__transformer__seed42,MLH1,P43246:569:E>W,0,0.7120751
train-pg_dms__transformer__seed42,MLH1,P43246:569:E>Y,0,0.17268358
train-pg_dms__transformer__seed42,MLH1,P43246:569:E>F,0,0.21750109
train-pg_dms__transformer__seed42,MLH1,P43246:569:E>D,0,0.026406031
train-pg_dms__transformer__seed42,MLH1,P43246:569:E>C,0,0.02446614
train-pg_dms__transformer__seed42,MLH1,P43246:569:E>A,0,0.0018213904
train-pg_dms__transformer__seed42,MLH1,P43246:569:E>M,0,0.19848968
train-pg_dms__transformer__seed42,MLH1,P43246:569:E>L,0,0.002939563
train-pg_dms__transformer__seed42,MLH1,P43246:576:A>N,0,0.0036328924
train-pg_dms__transformer__seed42,MLH1,P43246:576:A>L,0,0.00149204
train-pg_dms__transformer__seed42,MLH1,P43246:576:A>M,0,0.08420777
train-pg_dms__transformer__seed42,MLH1,P43246:576:A>P,1,0.61283034
train-pg_dms__transformer__seed42,MLH1,P43246:576:A>V,0,0.015610823
train-pg_dms__transformer__seed42,MLH1,P43246:576:A>R,0,0.11680988
train-pg_dms__transformer__seed42,MLH1,P43246:576:A>Y,0,0.13497443
train-pg_dms__transformer__seed42,MLH1,P43246:576:A>Q,0,0.011016682
train-pg_dms__transformer__seed42,MLH1,P43246:576:A>C,0,0.0031145746
train-pg_dms__transformer__seed42,MLH1,P43246:576:A>K,0,0.06419329
train-pg_dms__transformer__seed42,MLH1,P43246:576:A>D,0,0.35503057
train-pg_dms__transformer__seed42,MLH1,P43246:576:A>E,0,0.014180409
train-pg_dms__transformer__seed42,MLH1,P43246:576:A>F,0,0.15021235
train-pg_dms__transformer__seed42,MLH1,P43246:576:A>W,1,0.4730302
train-pg_dms__transformer__seed42,MLH1,P43246:576:A>H,0,0.029379444
train-pg_dms__transformer__seed42,MLH1,P43246:576:A>I,0,0.07447105
train-pg_dms__transformer__seed42,MLH1,P43246:576:A>S,0,0.0010017013
train-pg_dms__transformer__seed42,MLH1,P43246:576:A>T,0,0.034275778
train-pg_dms__transformer__seed42,MLH1,P43246:576:A>G,0,0.016713338
train-pg_dms__transformer__seed42,MLH1,P43246:590:E>D,0,0.0063941255
train-pg_dms__transformer__seed42,MLH1,P43246:590:E>Q,0,0.002244355
train-pg_dms__transformer__seed42,MLH1,P43246:590:E>A,0,0.0005997099
train-pg_dms__transformer__seed42,MLH1,P43246:590:E>P,0,0.15416124
train-pg_dms__transformer__seed42,MLH1,P43246:590:E>N,0,0.0038366348
train-pg_dms__transformer__seed42,MLH1,P43246:590:E>M,0,0.18231288
train-pg_dms__transformer__seed42,MLH1,P43246:590:E>L,0,0.00405757
train-pg_dms__transformer__seed42,MLH1,P43246:590:E>I,0,0.030187408
train-pg_dms__transformer__seed42,MLH1,P43246:590:E>C,0,0.012643746
train-pg_dms__transformer__seed42,MLH1,P43246:590:E>H,0,0.04148628
train-pg_dms__transformer__seed42,MLH1,P43246:590:E>T,0,0.0020570122
train-pg_dms__transformer__seed42,MLH1,P43246:590:E>V,0,0.017020265
train-pg_dms__transformer__seed42,MLH1,P43246:590:E>W,0,0.24623546
train-pg_dms__transformer__seed42,MLH1,P43246:590:E>F,0,0.17996575
train-pg_dms__transformer__seed42,MLH1,P43246:590:E>Y,0,0.09116162
train-pg_dms__transformer__seed42,MLH1,P43246:590:E>R,0,0.035544544
train-pg_dms__transformer__seed42,MLH1,P43246:590:E>S,0,0.0007945547
train-pg_dms__transformer__seed42,MLH1,P43246:590:E>G,0,0.0011394183
train-pg_dms__transformer__seed42,MLH1,P43246:594:T>M,0,0.10374933
train-pg_dms__transformer__seed42,MLH1,P43246:594:T>W,0,0.16187234
train-pg_dms__transformer__seed42,MLH1,P43246:594:T>V,0,0.022958163
train-pg_dms__transformer__seed42,MLH1,P43246:594:T>S,0,0.0022218917
train-pg_dms__transformer__seed42,MLH1,P43246:594:T>R,0,0.020172833
train-pg_dms__transformer__seed42,MLH1,P43246:594:T>Q,0,0.003913708
train-pg_dms__transformer__seed42,MLH1,P43246:594:T>P,0,0.32911563
train-pg_dms__transformer__seed42,MLH1,P43246:594:T>N,0,0.0058691683
train-pg_dms__transformer__seed42,MLH1,P43246:594:T>L,0,0.0034056455
train-pg_dms__transformer__seed42,MLH1,P43246:594:T>Y,0,0.042769
train-pg_dms__transformer__seed42,MLH1,P43246:594:T>I,0,0.099410094
train-pg_dms__transformer__seed42,MLH1,P43246:594:T>H,0,0.007906577
train-pg_dms__transformer__seed42,MLH1,P43246:594:T>G,0,0.02360377
train-pg_dms__transformer__seed42,MLH1,P43246:594:T>F,1,0.0735021
train-pg_dms__transformer__seed42,MLH1,P43246:594:T>D,0,0.12584712
train-pg_dms__transformer__seed42,MLH1,P43246:594:T>C,0,0.0013003801
train-pg_dms__transformer__seed42,MLH1,P43246:594:T>K,0,0.01929647
train-pg_dms__transformer__seed42,MLH1,P43246:598:V>H,0,0.04629367
train-pg_dms__transformer__seed42,MLH1,P43246:598:V>Y,0,0.12938404
train-pg_dms__transformer__seed42,MLH1,P43246:598:V>W,1,0.61018884
train-pg_dms__transformer__seed42,MLH1,P43246:598:V>T,0,0.0035484063
train-pg_dms__transformer__seed42,MLH1,P43246:598:V>S,0,0.0038667195
train-pg_dms__transformer__seed42,MLH1,P43246:598:V>G,0,0.013985986
train-pg_dms__transformer__seed42,MLH1,P43246:598:V>Q,0,0.020023588
train-pg_dms__transformer__seed42,MLH1,P43246:598:V>A,0,0.005215072
train-pg_dms__transformer__seed42,MLH1,P43246:598:V>D,0,0.44234973
train-pg_dms__transformer__seed42,MLH1,P43246:598:V>E,0,0.006928303
train-pg_dms__transformer__seed42,MLH1,P43246:598:V>F,0,0.029368166
train-pg_dms__transformer__seed42,MLH1,P43246:598:V>I,0,0.009897405
train-pg_dms__transformer__seed42,MLH1,P43246:598:V>C,0,0.0061787846
train-pg_dms__transformer__seed42,MLH1,P43246:598:V>R,0,0.12483196
train-pg_dms__transformer__seed42,MLH1,P43246:598:V>L,0,0.002421636
train-pg_dms__transformer__seed42,MLH1,P43246:598:V>M,0,0.122299574
train-pg_dms__transformer__seed42,MLH1,P43246:598:V>N,0,0.016205555
train-pg_dms__transformer__seed42,MLH1,P43246:598:V>P,0,0.9194731
train-pg_dms__transformer__seed42,MLH1,P43246:598:V>K,0,0.060652286
train-pg_dms__transformer__seed42,MLH1,P43246:602:L>F,0,0.1764464
train-pg_dms__transformer__seed42,MLH1,P43246:602:L>R,1,0.9871122
train-pg_dms__transformer__seed42,MLH1,P43246:602:L>H,1,0.89932144
train-pg_dms__transformer__seed42,MLH1,P43246:602:L>I,0,0.035203185
train-pg_dms__transformer__seed42,MLH1,P43246:602:L>K,1,0.9509899
train-pg_dms__transformer__seed42,MLH1,P43246:602:L>M,0,0.21742605
train-pg_dms__transformer__seed42,MLH1,P43246:602:L>N,1,0.950254
train-pg_dms__transformer__seed42,MLH1,P43246:602:L>Q,0,0.76199245
train-pg_dms__transformer__seed42,MLH1,P43246:602:L>S,0,0.78634226
train-pg_dms__transformer__seed42,MLH1,P43246:602:L>T,0,0.073515214
train-pg_dms__transformer__seed42,MLH1,P43246:602:L>V,0,0.042331405
train-pg_dms__transformer__seed42,MLH1,P43246:602:L>W,0,0.91649115
train-pg_dms__transformer__seed42,MLH1,P43246:602:L>E,1,0.9432103
train-pg_dms__transformer__seed42,MLH1,P43246:602:L>D,1,0.98646194
train-pg_dms__transformer__seed42,MLH1,P43246:602:L>C,0,0.031291835
train-pg_dms__transformer__seed42,MLH1,P43246:602:L>A,0,0.10051756
train-pg_dms__transformer__seed42,MLH1,P43246:602:L>G,0,0.88761604
train-pg_dms__transformer__seed42,MLH1,P43246:603:D>C,1,0.060898688
train-pg_dms__transformer__seed42,MLH1,P43246:603:D>E,1,0.8447773
train-pg_dms__transformer__seed42,MLH1,P43246:603:D>W,1,0.8507905
train-pg_dms__transformer__seed42,MLH1,P43246:603:D>R,1,0.92885166
train-pg_dms__transformer__seed42,MLH1,P43246:603:D>Q,1,0.56575096
train-pg_dms__transformer__seed42,MLH1,P43246:603:D>P,1,0.9845936
train-pg_dms__transformer__seed42,MLH1,P43246:603:D>S,0,0.7269515
train-pg_dms__transformer__seed42,MLH1,P43246:603:D>T,1,0.29088134
train-pg_dms__transformer__seed42,MLH1,P43246:603:D>M,1,0.56350255
train-pg_dms__transformer__seed42,MLH1,P43246:603:D>F,1,0.49035975
train-pg_dms__transformer__seed42,MLH1,P43246:603:D>A,0,0.17453976
train-pg_dms__transformer__seed42,MLH1,P43246:603:D>I,1,0.8118867
train-pg_dms__transformer__seed42,MLH1,P43246:603:D>K,1,0.8985838
train-pg_dms__transformer__seed42,MLH1,P43246:603:D>L,1,0.4355839
train-pg_dms__transformer__seed42,MLH1,P43246:603:D>H,1,0.5941735
train-pg_dms__transformer__seed42,MLH1,P43246:613:N>Y,0,0.0050024954
train-pg_dms__transformer__seed42,MLH1,P43246:613:N>W,0,0.17002855
train-pg_dms__transformer__seed42,MLH1,P43246:613:N>S,0,0.0013140048
train-pg_dms__transformer__seed42,MLH1,P43246:613:N>T,0,0.010246982
train-pg_dms__transformer__seed42,MLH1,P43246:613:N>R,0,0.016075013
train-pg_dms__transformer__seed42,MLH1,P43246:613:N>Q,0,0.00488424
train-pg_dms__transformer__seed42,MLH1,P43246:613:N>P,0,0.6750329
train-pg_dms__transformer__seed42,MLH1,P43246:613:N>M,0,0.10500584
train-pg_dms__transformer__seed42,MLH1,P43246:613:N>L,0,0.0016950985
train-pg_dms__transformer__seed42,MLH1,P43246:613:N>I,0,0.010503286
train-pg_dms__transformer__seed42,MLH1,P43246:613:N>H,0,0.014981084
train-pg_dms__transformer__seed42,MLH1,P43246:613:N>G,0,0.005141016
train-pg_dms__transformer__seed42,MLH1,P43246:613:N>E,0,0.024386147
train-pg_dms__transformer__seed42,MLH1,P43246:613:N>D,0,0.027943049
train-pg_dms__transformer__seed42,MLH1,P43246:613:N>C,0,0.00044507076
train-pg_dms__transformer__seed42,MLH1,P43246:613:N>V,0,0.004150069
train-pg_dms__transformer__seed42,MLH1,P43246:613:N>A,0,0.0019887707
train-pg_dms__transformer__seed42,MLH1,P43246:613:N>K,0,0.012054949
train-pg_dms__transformer__seed42,MLH1,P43246:621:R>S,1,0.3415005
train-pg_dms__transformer__seed42,MLH1,P43246:621:R>T,1,0.5033396
train-pg_dms__transformer__seed42,MLH1,P43246:621:R>V,1,0.53954226
train-pg_dms__transformer__seed42,MLH1,P43246:621:R>A,1,0.51426136
train-pg_dms__transformer__seed42,MLH1,P43246:621:R>C,0,0.010866346
train-pg_dms__transformer__seed42,MLH1,P43246:621:R>K,0,0.013485412
train-pg_dms__transformer__seed42,MLH1,P43246:621:R>M,0,0.71228796
train-pg_dms__transformer__seed42,MLH1,P43246:621:R>E,1,0.7427476
train-pg_dms__transformer__seed42,MLH1,P43246:621:R>F,1,0.6722866
train-pg_dms__transformer__seed42,MLH1,P43246:621:R>I,1,0.7456636
train-pg_dms__transformer__seed42,MLH1,P43246:621:R>W,1,0.616337
train-pg_dms__transformer__seed42,MLH1,P43246:621:R>N,1,0.5592526
train-pg_dms__transformer__seed42,MLH1,P43246:621:R>D,1,0.92412657
train-pg_dms__transformer__seed42,MLH1,P43246:626:E>N,0,0.004990342
train-pg_dms__transformer__seed42,MLH1,P43246:626:E>I,0,0.024058321
train-pg_dms__transformer__seed42,MLH1,P43246:626:E>K,0,0.0030983593
train-pg_dms__transformer__seed42,MLH1,P43246:626:E>L,0,0.0026745421
train-pg_dms__transformer__seed42,MLH1,P43246:626:E>M,0,0.0980309
train-pg_dms__transformer__seed42,MLH1,P43246:626:E>P,0,0.042022597
train-pg_dms__transformer__seed42,MLH1,P43246:626:E>G,0,0.0032051376
train-pg_dms__transformer__seed42,MLH1,P43246:626:E>R,0,0.011378529
train-pg_dms__transformer__seed42,MLH1,P43246:626:E>S,0,0.0012321256
train-pg_dms__transformer__seed42,MLH1,P43246:626:E>T,0,0.0019873863
train-pg_dms__transformer__seed42,MLH1,P43246:626:E>V,0,0.0058284635
train-pg_dms__transformer__seed42,MLH1,P43246:626:E>W,0,0.2814601
train-pg_dms__transformer__seed42,MLH1,P43246:626:E>Y,0,0.035372086
train-pg_dms__transformer__seed42,MLH1,P43246:626:E>F,0,0.0683787
train-pg_dms__transformer__seed42,MLH1,P43246:626:E>H,0,0.011932791
train-pg_dms__transformer__seed42,MLH1,P43246:626:E>D,0,0.016501969
train-pg_dms__transformer__seed42,MLH1,P43246:626:E>C,0,0.00525378
train-pg_dms__transformer__seed42,MLH1,P43246:626:E>A,0,0.0024903174
train-pg_dms__transformer__seed42,MLH1,P43246:633:I>R,0,0.022776349
train-pg_dms__transformer__seed42,MLH1,P43246:633:I>A,0,0.015981505
train-pg_dms__transformer__seed42,MLH1,P43246:633:I>C,0,0.00192157
train-pg_dms__transformer__seed42,MLH1,P43246:633:I>S,0,0.001961151
train-pg_dms__transformer__seed42,MLH1,P43246:633:I>W,0,0.34332687
train-pg_dms__transformer__seed42,MLH1,P43246:633:I>Y,0,0.018210676
train-pg_dms__transformer__seed42,MLH1,P43246:633:I>T,0,0.008650616
train-pg_dms__transformer__seed42,MLH1,P43246:633:I>D,0,0.09838412
train-pg_dms__transformer__seed42,MLH1,P43246:633:I>E,0,0.010083288
train-pg_dms__transformer__seed42,MLH1,P43246:633:I>F,0,0.020400396
train-pg_dms__transformer__seed42,MLH1,P43246:633:I>G,0,0.03483696
train-pg_dms__transformer__seed42,MLH1,P43246:633:I>H,0,0.013496473
train-pg_dms__transformer__seed42,MLH1,P43246:633:I>L,0,0.0017986438
train-pg_dms__transformer__seed42,MLH1,P43246:633:I>N,0,0.0026153887
train-pg_dms__transformer__seed42,MLH1,P43246:633:I>P,1,0.83434206
train-pg_dms__transformer__seed42,MLH1,P43246:633:I>Q,0,0.002675038
train-pg_dms__transformer__seed42,MLH1,P43246:633:I>V,0,0.027986562
train-pg_dms__transformer__seed42,MLH1,P43246:634:L>V,0,0.048650775
train-pg_dms__transformer__seed42,MLH1,P43246:634:L>Y,0,0.6667967
train-pg_dms__transformer__seed42,MLH1,P43246:634:L>W,0,0.9012291
train-pg_dms__transformer__seed42,MLH1,P43246:634:L>G,0,0.8413151
train-pg_dms__transformer__seed42,MLH1,P43246:634:L>H,0,0.7360025
train-pg_dms__transformer__seed42,MLH1,P43246:634:L>R,1,0.981573
train-pg_dms__transformer__seed42,MLH1,P43246:634:L>I,0,0.07881195
train-pg_dms__transformer__seed42,MLH1,P43246:634:L>F,0,0.038082916
train-pg_dms__transformer__seed42,MLH1,P43246:634:L>D,1,0.9704104
train-pg_dms__transformer__seed42,MLH1,P43246:634:L>C,0,0.02492804
train-pg_dms__transformer__seed42,MLH1,P43246:634:L>A,0,0.4005352
train-pg_dms__transformer__seed42,MLH1,P43246:634:L>S,0,0.69071287
train-pg_dms__transformer__seed42,MLH1,P43246:634:L>T,0,0.58907175
train-pg_dms__transformer__seed42,MLH1,P43246:634:L>Q,0,0.6500904
train-pg_dms__transformer__seed42,MLH1,P43246:634:L>M,0,0.2381282
train-pg_dms__transformer__seed42,MLH1,P43246:634:L>P,1,0.9773392
train-pg_dms__transformer__seed42,MLH1,P43246:634:L>N,1,0.86870706
train-pg_dms__transformer__seed42,MLH1,P43246:634:L>K,1,0.9127816
train-pg_dms__transformer__seed42,MLH1,P43246:640:A>M,0,0.23976532
train-pg_dms__transformer__seed42,MLH1,P43246:640:A>N,0,0.45957747
train-pg_dms__transformer__seed42,MLH1,P43246:640:A>P,0,0.06238872
train-pg_dms__transformer__seed42,MLH1,P43246:640:A>Q,0,0.18930535
train-pg_dms__transformer__seed42,MLH1,P43246:640:A>T,0,0.01325191
train-pg_dms__transformer__seed42,MLH1,P43246:640:A>L,0,0.006985272
train-pg_dms__transformer__seed42,MLH1,P43246:640:A>V,0,0.013355669
train-pg_dms__transformer__seed42,MLH1,P43246:640:A>W,0,0.81355053
train-pg_dms__transformer__seed42,MLH1,P43246:640:A>Y,0,0.43802646
train-pg_dms__transformer__seed42,MLH1,P43246:640:A>R,0,0.9138569
train-pg_dms__transformer__seed42,MLH1,P43246:640:A>I,0,0.11109179
train-pg_dms__transformer__seed42,MLH1,P43246:640:A>H,0,0.3183987
train-pg_dms__transformer__seed42,MLH1,P43246:640:A>G,0,0.03244496
train-pg_dms__transformer__seed42,MLH1,P43246:640:A>F,0,0.14674829
train-pg_dms__transformer__seed42,MLH1,P43246:640:A>E,0,0.4132153
train-pg_dms__transformer__seed42,MLH1,P43246:640:A>C,0,0.003425428
train-pg_dms__transformer__seed42,MLH1,P43246:648:I>D,0,0.44727945
train-pg_dms__transformer__seed42,MLH1,P43246:648:I>E,0,0.04050041
train-pg_dms__transformer__seed42,MLH1,P43246:648:I>G,0,0.07619582
train-pg_dms__transformer__seed42,MLH1,P43246:648:I>H,0,0.036157962
train-pg_dms__transformer__seed42,MLH1,P43246:648:I>K,0,0.04354142
train-pg_dms__transformer__seed42,MLH1,P43246:648:I>L,0,0.0009841548
train-pg_dms__transformer__seed42,MLH1,P43246:648:I>M,0,0.0443281
train-pg_dms__transformer__seed42,MLH1,P43246:648:I>P,0,0.5847356
train-pg_dms__transformer__seed42,MLH1,P43246:648:I>Q,0,0.019567309
train-pg_dms__transformer__seed42,MLH1,P43246:648:I>R,0,0.030239683
train-pg_dms__transformer__seed42,MLH1,P43246:648:I>S,0,0.0037889944
train-pg_dms__transformer__seed42,MLH1,P43246:648:I>T,0,0.009347527
train-pg_dms__transformer__seed42,MLH1,P43246:648:I>W,0,0.2582407
train-pg_dms__transformer__seed42,MLH1,P43246:648:I>Y,0,0.07801661
train-pg_dms__transformer__seed42,MLH1,P43246:648:I>C,0,0.004758469
train-pg_dms__transformer__seed42,MLH1,P43246:648:I>A,0,0.013296202
train-pg_dms__transformer__seed42,MLH1,P43246:648:I>F,0,0.0070755477
train-pg_dms__transformer__seed42,MLH1,P43246:651:I>F,0,0.21481843
train-pg_dms__transformer__seed42,MLH1,P43246:651:I>G,0,0.50784206
train-pg_dms__transformer__seed42,MLH1,P43246:651:I>E,0,0.32888612
train-pg_dms__transformer__seed42,MLH1,P43246:651:I>D,0,0.7832471
train-pg_dms__transformer__seed42,MLH1,P43246:651:I>C,0,0.019991947
train-pg_dms__transformer__seed42,MLH1,P43246:651:I>A,0,0.19323324
train-pg_dms__transformer__seed42,MLH1,P43246:651:I>K,0,0.22662824
train-pg_dms__transformer__seed42,MLH1,P43246:651:I>M,0,0.2982078
train-pg_dms__transformer__seed42,MLH1,P43246:651:I>N,0,0.12260126
train-pg_dms__transformer__seed42,MLH1,P43246:651:I>P,1,0.8568663
train-pg_dms__transformer__seed42,MLH1,P43246:651:I>Q,0,0.07345337
train-pg_dms__transformer__seed42,MLH1,P43246:651:I>R,0,0.39679012
train-pg_dms__transformer__seed42,MLH1,P43246:651:I>S,0,0.11866565
train-pg_dms__transformer__seed42,MLH1,P43246:651:I>V,0,0.040464483
train-pg_dms__transformer__seed42,MLH1,P43246:651:I>W,0,0.5798057
train-pg_dms__transformer__seed42,MLH1,P43246:651:I>Y,0,0.35731563
train-pg_dms__transformer__seed42,MLH1,P43246:653:N>L,0,0.44290638
train-pg_dms__transformer__seed42,MLH1,P43246:653:N>V,0,0.3363675
train-pg_dms__transformer__seed42,MLH1,P43246:653:N>T,0,0.5949004
train-pg_dms__transformer__seed42,MLH1,P43246:653:N>S,0,0.03834676
train-pg_dms__transformer__seed42,MLH1,P43246:653:N>R,0,0.93033457
train-pg_dms__transformer__seed42,MLH1,P43246:653:N>Q,0,0.5789922
train-pg_dms__transformer__seed42,MLH1,P43246:653:N>P,1,0.9837272
train-pg_dms__transformer__seed42,MLH1,P43246:653:N>M,0,0.8129852
train-pg_dms__transformer__seed42,MLH1,P43246:653:N>K,0,0.74761546
train-pg_dms__transformer__seed42,MLH1,P43246:653:N>W,0,0.96691716
train-pg_dms__transformer__seed42,MLH1,P43246:653:N>I,1,0.6284792
train-pg_dms__transformer__seed42,MLH1,P43246:653:N>G,0,0.7849901
train-pg_dms__transformer__seed42,MLH1,P43246:653:N>F,0,0.5469872
train-pg_dms__transformer__seed42,MLH1,P43246:653:N>E,0,0.83482575
train-pg_dms__transformer__seed42,MLH1,P43246:653:N>C,0,0.047953445
train-pg_dms__transformer__seed42,MLH1,P43246:653:N>A,0,0.35009086
train-pg_dms__transformer__seed42,MLH1,P43246:653:N>H,0,0.4048504
train-pg_dms__transformer__seed42,MLH1,P43246:653:N>Y,1,0.6657565
train-pg_dms__transformer__seed42,MLH1,P43246:655:V>N,0,0.39659712
train-pg_dms__transformer__seed42,MLH1,P43246:655:V>K,1,0.8499482
train-pg_dms__transformer__seed42,MLH1,P43246:655:V>M,0,0.066034555
train-pg_dms__transformer__seed42,MLH1,P43246:655:V>L,0,0.008374891
train-pg_dms__transformer__seed42,MLH1,P43246:655:V>P,1,0.98260695
train-pg_dms__transformer__seed42,MLH1,P43246:655:V>D,1,0.97703654
train-pg_dms__transformer__seed42,MLH1,P43246:655:V>Q,0,0.4440604
train-pg_dms__transformer__seed42,MLH1,P43246:655:V>W,1,0.9769
train-pg_dms__transformer__seed42,MLH1,P43246:655:V>T,0,0.059883118
train-pg_dms__transformer__seed42,MLH1,P43246:655:V>S,0,0.041168705
train-pg_dms__transformer__seed42,MLH1,P43246:655:V>R,1,0.9703976
train-pg_dms__transformer__seed42,MLH1,P43246:655:V>A,0,0.013111557
train-pg_dms__transformer__seed42,MLH1,P43246:655:V>C,0,0.012137195
train-pg_dms__transformer__seed42,MLH1,P43246:655:V>H,0,0.6114954
train-pg_dms__transformer__seed42,MLH1,P43246:655:V>E,1,0.85871047
train-pg_dms__transformer__seed42,MLH1,P43246:655:V>F,0,0.15814152
train-pg_dms__transformer__seed42,MLH1,P43246:655:V>G,0,0.30624893
train-pg_dms__transformer__seed42,MLH1,P43246:662:Q>V,0,0.06689118
train-pg_dms__transformer__seed42,MLH1,P43246:662:Q>W,0,0.31452534
train-pg_dms__transformer__seed42,MLH1,P43246:662:Q>Y,0,0.124446556
train-pg_dms__transformer__seed42,MLH1,P43246:662:Q>T,0,0.11187947
train-pg_dms__transformer__seed42,MLH1,P43246:662:Q>R,0,0.04707595
train-pg_dms__transformer__seed42,MLH1,P43246:662:Q>H,0,0.08497815
train-pg_dms__transformer__seed42,MLH1,P43246:662:Q>I,0,0.13793221
train-pg_dms__transformer__seed42,MLH1,P43246:662:Q>S,0,0.0019207982
train-pg_dms__transformer__seed42,MLH1,P43246:662:Q>K,0,0.023378221
train-pg_dms__transformer__seed42,MLH1,P43246:662:Q>L,0,0.006803899
train-pg_dms__transformer__seed42,MLH1,P43246:662:Q>G,0,0.005904219
train-pg_dms__transformer__seed42,MLH1,P43246:662:Q>F,0,0.26207817
train-pg_dms__transformer__seed42,MLH1,P43246:662:Q>E,0,0.014601399
train-pg_dms__transformer__seed42,MLH1,P43246:662:Q>D,0,0.07795143
train-pg_dms__transformer__seed42,MLH1,P43246:662:Q>C,0,0.004109028
train-pg_dms__transformer__seed42,MLH1,P43246:662:Q>A,0,0.0034247409
train-pg_dms__transformer__seed42,MLH1,P43246:662:Q>M,0,0.23509143
train-pg_dms__transformer__seed42,MLH1,P43246:662:Q>N,0,0.029101722
train-pg_dms__transformer__seed42,MLH1,P43246:662:Q>P,0,0.4601967
train-pg_dms__transformer__seed42,MLH1,P43246:666:I>M,0,0.19277957
train-pg_dms__transformer__seed42,MLH1,P43246:666:I>Y,0,0.8669457
train-pg_dms__transformer__seed42,MLH1,P43246:666:I>W,0,0.843163
train-pg_dms__transformer__seed42,MLH1,P43246:666:I>V,0,0.035988003
train-pg_dms__transformer__seed42,MLH1,P43246:666:I>R,1,0.9954561
train-pg_dms__transformer__seed42,MLH1,P43246:666:I>Q,1,0.6612406
train-pg_dms__transformer__seed42,MLH1,P43246:666:I>P,1,0.9939833
train-pg_dms__transformer__seed42,MLH1,P43246:666:I>L,0,0.0035745099
train-pg_dms__transformer__seed42,MLH1,P43246:666:I>S,0,0.27896586
train-pg_dms__transformer__seed42,MLH1,P43246:666:I>H,0,0.8385197
train-pg_dms__transformer__seed42,MLH1,P43246:666:I>G,1,0.7943583
train-pg_dms__transformer__seed42,MLH1,P43246:666:I>F,0,0.6074037
train-pg_dms__transformer__seed42,MLH1,P43246:666:I>E,1,0.9790125
train-pg_dms__transformer__seed42,MLH1,P43246:666:I>D,1,0.9932407
train-pg_dms__transformer__seed42,MLH1,P43246:666:I>C,0,0.06244402
train-pg_dms__transformer__seed42,MLH1,P43246:666:I>A,0,0.15282343
train-pg_dms__transformer__seed42,MLH1,P43246:666:I>K,1,0.88702077
train-pg_dms__transformer__seed42,MLH1,P43246:673:G>H,0,0.85470116
train-pg_dms__transformer__seed42,MLH1,P43246:673:G>I,1,0.9323426
train-pg_dms__transformer__seed42,MLH1,P43246:673:G>F,0,0.8213556
train-pg_dms__transformer__seed42,MLH1,P43246:673:G>L,1,0.894002
train-pg_dms__transformer__seed42,MLH1,P43246:673:G>D,0,0.94490385
train-pg_dms__transformer__seed42,MLH1,P43246:673:G>C,0,0.58413357
train-pg_dms__transformer__seed42,MLH1,P43246:673:G>A,0,0.44571027
train-pg_dms__transformer__seed42,MLH1,P43246:673:G>E,1,0.9321266
train-pg_dms__transformer__seed42,MLH1,P43246:673:G>M,0,0.8276947
train-pg_dms__transformer__seed42,MLH1,P43246:673:G>K,1,0.98626685
train-pg_dms__transformer__seed42,MLH1,P43246:673:G>Y,0,0.928092
train-pg_dms__transformer__seed42,MLH1,P43246:673:G>P,1,0.9671011
train-pg_dms__transformer__seed42,MLH1,P43246:673:G>Q,0,0.81810576
train-pg_dms__transformer__seed42,MLH1,P43246:673:G>R,1,0.97631717
train-pg_dms__transformer__seed42,MLH1,P43246:673:G>S,0,0.5179224
train-pg_dms__transformer__seed42,MLH1,P43246:673:G>T,0,0.777729
train-pg_dms__transformer__seed42,MLH1,P43246:673:G>W,1,0.9674544
train-pg_dms__transformer__seed42,MLH1,P43246:673:G>N,0,0.9008116
train-pg_dms__transformer__seed42,MLH1,P43246:683:G>D,1,0.99784493
train-pg_dms__transformer__seed42,MLH1,P43246:683:G>E,0,0.97791606
train-pg_dms__transformer__seed42,MLH1,P43246:683:G>F,1,0.981339
train-pg_dms__transformer__seed42,MLH1,P43246:683:G>H,1,0.9789741
train-pg_dms__transformer__seed42,MLH1,P43246:683:G>K,1,0.99648273
train-pg_dms__transformer__seed42,MLH1,P43246:683:G>L,0,0.98934937
train-pg_dms__transformer__seed42,MLH1,P43246:683:G>M,0,0.9689057
train-pg_dms__transformer__seed42,MLH1,P43246:683:G>I,0,0.9917898
train-pg_dms__transformer__seed42,MLH1,P43246:683:G>Q,0,0.9886065
train-pg_dms__transformer__seed42,MLH1,P43246:683:G>S,0,0.5729513
train-pg_dms__transformer__seed42,MLH1,P43246:683:G>T,0,0.97989196
train-pg_dms__transformer__seed42,MLH1,P43246:683:G>V,0,0.8681278
train-pg_dms__transformer__seed42,MLH1,P43246:683:G>Y,1,0.9905303
train-pg_dms__transformer__seed42,MLH1,P43246:683:G>P,0,0.9977975
train-pg_dms__transformer__seed42,MLH1,P43246:683:G>C,0,0.9174202
train-pg_dms__transformer__seed42,MLH1,P43246:693:C>E,1,0.98315996
train-pg_dms__transformer__seed42,MLH1,P43246:693:C>F,1,0.8558048
train-pg_dms__transformer__seed42,MLH1,P43246:693:C>G,1,0.42543417
train-pg_dms__transformer__seed42,MLH1,P43246:693:C>H,0,0.88130236
train-pg_dms__transformer__seed42,MLH1,P43246:693:C>I,0,0.9551861
train-pg_dms__transformer__seed42,MLH1,P43246:693:C>K,1,0.9832429
train-pg_dms__transformer__seed42,MLH1,P43246:693:C>V,0,0.85550624
train-pg_dms__transformer__seed42,MLH1,P43246:693:C>S,0,0.11830775
train-pg_dms__transformer__seed42,MLH1,P43246:693:C>W,1,0.985953
train-pg_dms__transformer__seed42,MLH1,P43246:693:C>D,1,0.9852695
train-pg_dms__transformer__seed42,MLH1,P43246:693:C>P,1,0.9927826
train-pg_dms__transformer__seed42,MLH1,P43246:693:C>M,1,0.9166678
train-pg_dms__transformer__seed42,MLH1,P43246:693:C>L,0,0.64781404
train-pg_dms__transformer__seed42,MLH1,P43246:693:C>T,0,0.7511447
train-pg_dms__transformer__seed42,MLH1,P43246:693:C>Q,0,0.9420804
train-pg_dms__transformer__seed42,MLH1,P43246:693:C>A,0,0.2489382
train-pg_dms__transformer__seed42,MLH1,P43246:696:P>E,1,0.97172606
train-pg_dms__transformer__seed42,MLH1,P43246:696:P>F,1,0.50667703
train-pg_dms__transformer__seed42,MLH1,P43246:696:P>G,0,0.9339452
train-pg_dms__transformer__seed42,MLH1,P43246:696:P>H,1,0.833297
train-pg_dms__transformer__seed42,MLH1,P43246:696:P>I,1,0.9085652
train-pg_dms__transformer__seed42,MLH1,P43246:696:P>K,1,0.9845189
train-pg_dms__transformer__seed42,MLH1,P43246:696:P>M,1,0.84892994
train-pg_dms__transformer__seed42,MLH1,P43246:696:P>Q,1,0.6606056
train-pg_dms__transformer__seed42,MLH1,P43246:696:P>R,1,0.97017765
train-pg_dms__transformer__seed42,MLH1,P43246:696:P>D,1,0.98530966
train-pg_dms__transformer__seed42,MLH1,P43246:696:P>T,1,0.5904412
train-pg_dms__transformer__seed42,MLH1,P43246:696:P>V,1,0.7072863
train-pg_dms__transformer__seed42,MLH1,P43246:696:P>W,1,0.9685328
train-pg_dms__transformer__seed42,MLH1,P43246:696:P>Y,1,0.84283924
train-pg_dms__transformer__seed42,MLH1,P43246:699:S>M,0,0.12167964
train-pg_dms__transformer__seed42,MLH1,P43246:699:S>N,0,0.0048473803
train-pg_dms__transformer__seed42,MLH1,P43246:699:S>P,1,0.913346
train-pg_dms__transformer__seed42,MLH1,P43246:699:S>Q,0,0.009309991
train-pg_dms__transformer__seed42,MLH1,P43246:699:S>R,0,0.008774404
train-pg_dms__transformer__seed42,MLH1,P43246:699:S>T,0,0.031533904
train-pg_dms__transformer__seed42,MLH1,P43246:699:S>W,0,0.076958925
train-pg_dms__transformer__seed42,MLH1,P43246:699:S>Y,0,0.005558219
train-pg_dms__transformer__seed42,MLH1,P43246:699:S>V,0,0.009166724
train-pg_dms__transformer__seed42,MLH1,P43246:699:S>A,0,0.0024003019
train-pg_dms__transformer__seed42,MLH1,P43246:699:S>C,0,0.0010746844
train-pg_dms__transformer__seed42,MLH1,P43246:699:S>D,0,0.045552276
train-pg_dms__transformer__seed42,MLH1,P43246:699:S>E,0,0.007478574
train-pg_dms__transformer__seed42,MLH1,P43246:699:S>F,0,0.0027238606
train-pg_dms__transformer__seed42,MLH1,P43246:699:S>G,0,0.011351146
train-pg_dms__transformer__seed42,MLH1,P43246:699:S>H,0,0.0028160266
train-pg_dms__transformer__seed42,MLH1,P43246:699:S>L,0,0.0011570945
train-pg_dms__transformer__seed42,MLH1,P43246:699:S>I,0,0.010803538
train-pg_dms__transformer__seed42,MLH1,P43246:699:S>K,0,0.010945981
train-pg_dms__transformer__seed42,MLH1,P43246:703:S>I,1,0.2768812
train-pg_dms__transformer__seed42,MLH1,P43246:703:S>G,0,0.020949507
train-pg_dms__transformer__seed42,MLH1,P43246:703:S>E,0,0.380839
train-pg_dms__transformer__seed42,MLH1,P43246:703:S>C,0,0.0020385105
train-pg_dms__transformer__seed42,MLH1,P43246:703:S>A,0,0.009464858
train-pg_dms__transformer__seed42,MLH1,P43246:703:S>N,0,0.042970806
train-pg_dms__transformer__seed42,MLH1,P43246:703:S>M,0,0.31645808
train-pg_dms__transformer__seed42,MLH1,P43246:703:S>P,0,0.38157776
train-pg_dms__transformer__seed42,MLH1,P43246:703:S>Q,0,0.35646516
train-pg_dms__transformer__seed42,MLH1,P43246:703:S>R,0,0.7655397
train-pg_dms__transformer__seed42,MLH1,P43246:703:S>T,0,0.0043890034
train-pg_dms__transformer__seed42,MLH1,P43246:703:S>V,0,0.09423099
train-pg_dms__transformer__seed42,MLH1,P43246:703:S>L,0,0.008371367
train-pg_dms__transformer__seed42,MLH1,P43246:703:S>W,1,0.84035814
train-pg_dms__transformer__seed42,MLH1,P43246:703:S>K,0,0.7910286
train-pg_dms__transformer__seed42,MLH1,P43246:704:I>C,0,0.017979138
train-pg_dms__transformer__seed42,MLH1,P43246:704:I>A,0,0.06979486
train-pg_dms__transformer__seed42,MLH1,P43246:704:I>Y,1,0.33535647
train-pg_dms__transformer__seed42,MLH1,P43246:704:I>W,1,0.91839945
train-pg_dms__transformer__seed42,MLH1,P43246:704:I>V,0,0.035911806
train-pg_dms__transformer__seed42,MLH1,P43246:704:I>T,0,0.031028617
train-pg_dms__transformer__seed42,MLH1,P43246:704:I>R,0,0.6735384
train-pg_dms__transformer__seed42,MLH1,P43246:704:I>Q,0,0.09678275
train-pg_dms__transformer__seed42,MLH1,P43246:704:I>P,0,0.7694629
train-pg_dms__transformer__seed42,MLH1,P43246:704:I>S,0,0.028463105
train-pg_dms__transformer__seed42,MLH1,P43246:704:I>L,0,0.0024248497
train-pg_dms__transformer__seed42,MLH1,P43246:704:I>K,1,0.6119691
train-pg_dms__transformer__seed42,MLH1,P43246:704:I>H,1,0.26183936
train-pg_dms__transformer__seed42,MLH1,P43246:704:I>G,1,0.48620367
train-pg_dms__transformer__seed42,MLH1,P43246:704:I>F,0,0.022250917
train-pg_dms__transformer__seed42,MLH1,P43246:704:I>E,1,0.45861918
train-pg_dms__transformer__seed42,MLH1,P43246:704:I>D,1,0.96265155
train-pg_dms__transformer__seed42,MLH1,P43246:706:D>W,0,0.33356822
train-pg_dms__transformer__seed42,MLH1,P43246:706:D>S,0,0.024231637
train-pg_dms__transformer__seed42,MLH1,P43246:706:D>G,0,0.12376213
train-pg_dms__transformer__seed42,MLH1,P43246:706:D>A,0,0.21487981
train-pg_dms__transformer__seed42,MLH1,P43246:706:D>C,0,0.02048882
train-pg_dms__transformer__seed42,MLH1,P43246:706:D>F,1,0.18083283
train-pg_dms__transformer__seed42,MLH1,P43246:706:D>H,0,0.11427225
train-pg_dms__transformer__seed42,MLH1,P43246:706:D>I,0,0.27694526
train-pg_dms__transformer__seed42,MLH1,P43246:706:D>K,0,0.28937268
train-pg_dms__transformer__seed42,MLH1,P43246:706:D>L,1,0.067874715
train-pg_dms__transformer__seed42,MLH1,P43246:706:D>M,0,0.3367605
train-pg_dms__transformer__seed42,MLH1,P43246:706:D>P,0,0.6814301
train-pg_dms__transformer__seed42,MLH1,P43246:706:D>Q,0,0.05762277
train-pg_dms__transformer__seed42,MLH1,P43246:706:D>R,0,0.46748328
train-pg_dms__transformer__seed42,MLH1,P43246:706:D>V,0,0.19740197
train-pg_dms__transformer__seed42,MLH1,P43246:706:D>Y,0,0.20602031
train-pg_dms__transformer__seed42,MLH1,P43246:706:D>T,0,0.12247272
train-pg_dms__transformer__seed42,MLH1,P43246:707:C>A,0,0.033355974
train-pg_dms__transformer__seed42,MLH1,P43246:707:C>W,0,0.8540943
train-pg_dms__transformer__seed42,MLH1,P43246:707:C>V,0,0.14399561
train-pg_dms__transformer__seed42,MLH1,P43246:707:C>T,0,0.054021884
train-pg_dms__transformer__seed42,MLH1,P43246:707:C>S,0,0.021415511
train-pg_dms__transformer__seed42,MLH1,P43246:707:C>R,0,0.29718453
train-pg_dms__transformer__seed42,MLH1,P43246:707:C>Q,0,0.078523465
train-pg_dms__transformer__seed42,MLH1,P43246:707:C>Y,0,0.1532871
train-pg_dms__transformer__seed42,MLH1,P43246:707:C>P,1,0.95970273
train-pg_dms__transformer__seed42,MLH1,P43246:707:C>M,1,0.5592594
train-pg_dms__transformer__seed42,MLH1,P43246:707:C>L,0,0.10005888
train-pg_dms__transformer__seed42,MLH1,P43246:707:C>K,0,0.63625205
train-pg_dms__transformer__seed42,MLH1,P43246:707:C>I,0,0.47737765
train-pg_dms__transformer__seed42,MLH1,P43246:707:C>G,0,0.01052545
train-pg_dms__transformer__seed42,MLH1,P43246:707:C>F,0,0.101657964
train-pg_dms__transformer__seed42,MLH1,P43246:707:C>E,0,0.47950077
train-pg_dms__transformer__seed42,MLH1,P43246:707:C>N,0,0.08600131
train-pg_dms__transformer__seed42,MLH1,P43246:707:C>D,0,0.834448
train-pg_dms__transformer__seed42,MLH1,P43246:714:A>R,0,0.49734065
train-pg_dms__transformer__seed42,MLH1,P43246:714:A>Y,0,0.18544516
train-pg_dms__transformer__seed42,MLH1,P43246:714:A>W,0,0.41243678
train-pg_dms__transformer__seed42,MLH1,P43246:714:A>V,0,0.17250684
train-pg_dms__transformer__seed42,MLH1,P43246:714:A>S,0,0.0038813967
train-pg_dms__transformer__seed42,MLH1,P43246:714:A>C,0,0.0066517224
train-pg_dms__transformer__seed42,MLH1,P43246:714:A>D,0,0.5515894
train-pg_dms__transformer__seed42,MLH1,P43246:714:A>E,0,0.050866984
train-pg_dms__transformer__seed42,MLH1,P43246:714:A>Q,0,0.034688547
train-pg_dms__transformer__seed42,MLH1,P43246:714:A>G,0,0.14512177
train-pg_dms__transformer__seed42,MLH1,P43246:714:A>P,1,0.65389985
train-pg_dms__transformer__seed42,MLH1,P43246:714:A>N,0,0.076230355
train-pg_dms__transformer__seed42,MLH1,P43246:714:A>M,0,0.38683423
train-pg_dms__transformer__seed42,MLH1,P43246:714:A>F,0,0.0817692
train-pg_dms__transformer__seed42,MLH1,P43246:714:A>K,0,0.1676697
train-pg_dms__transformer__seed42,MLH1,P43246:714:A>L,0,0.02259811
train-pg_dms__transformer__seed42,MLH1,P43246:714:A>I,0,0.27988783
train-pg_dms__transformer__seed42,MLH1,P43246:714:A>H,0,0.08371085
train-pg_dms__transformer__seed42,MLH1,P43246:731:E>D,0,0.66992134
train-pg_dms__transformer__seed42,MLH1,P43246:731:E>P,0,0.6245482
train-pg_dms__transformer__seed42,MLH1,P43246:731:E>A,0,0.031539313
train-pg_dms__transformer__seed42,MLH1,P43246:731:E>F,0,0.19865286
train-pg_dms__transformer__seed42,MLH1,P43246:731:E>H,0,0.18935029
train-pg_dms__transformer__seed42,MLH1,P43246:731:E>I,0,0.28516227
train-pg_dms__transformer__seed42,MLH1,P43246:731:E>L,0,0.05840589
train-pg_dms__transformer__seed42,MLH1,P43246:731:E>M,0,0.34658697
train-pg_dms__transformer__seed42,MLH1,P43246:731:E>N,0,0.13465355
train-pg_dms__transformer__seed42,MLH1,P43246:731:E>C,0,0.017546682
train-pg_dms__transformer__seed42,MLH1,P43246:731:E>Q,0,0.07438356
train-pg_dms__transformer__seed42,MLH1,P43246:731:E>R,0,0.70564526
train-pg_dms__transformer__seed42,MLH1,P43246:731:E>S,0,0.037838068
train-pg_dms__transformer__seed42,MLH1,P43246:731:E>T,0,0.05705476
train-pg_dms__transformer__seed42,MLH1,P43246:731:E>V,0,0.2362689
train-pg_dms__transformer__seed42,MLH1,P43246:731:E>W,0,0.31077337
train-pg_dms__transformer__seed42,MLH1,P43246:731:E>Y,0,0.20417216
train-pg_dms__transformer__seed42,MLH1,P43246:733:A>K,0,0.84625846
train-pg_dms__transformer__seed42,MLH1,P43246:733:A>M,0,0.61493045
train-pg_dms__transformer__seed42,MLH1,P43246:733:A>N,0,0.5072031
train-pg_dms__transformer__seed42,MLH1,P43246:733:A>P,1,0.8838681
train-pg_dms__transformer__seed42,MLH1,P43246:733:A>Q,0,0.36447406
train-pg_dms__transformer__seed42,MLH1,P43246:733:A>I,1,0.8278057
train-pg_dms__transformer__seed42,MLH1,P43246:733:A>H,0,0.7500415
train-pg_dms__transformer__seed42,MLH1,P43246:733:A>C,0,0.08415638
train-pg_dms__transformer__seed42,MLH1,P43246:733:A>F,1,0.78022736
train-pg_dms__transformer__seed42,MLH1,P43246:733:A>E,0,0.5582346
train-pg_dms__transformer__seed42,MLH1,P43246:733:A>D,0,0.92871004
train-pg_dms__transformer__seed42,MLH1,P43246:733:A>R,0,0.90818715
train-pg_dms__transformer__seed42,MLH1,P43246:733:A>T,0,0.1398369
train-pg_dms__transformer__seed42,MLH1,P43246:733:A>V,0,0.60777825
train-pg_dms__transformer__seed42,MLH1,P43246:733:A>W,0,0.8748993
train-pg_dms__transformer__seed42,MLH1,P43246:733:A>Y,0,0.81664294
train-pg_dms__transformer__seed42,MLH1,P43246:733:A>G,0,0.074376136
train-pg_dms__transformer__seed42,MLH1,P43246:733:A>S,0,0.0070625544
train-pg_dms__transformer__seed42,MLH1,P43246:733:A>L,0,0.4957386
train-pg_dms__transformer__seed42,MLH1,P43246:734:S>M,0,0.38010085
train-pg_dms__transformer__seed42,MLH1,P43246:734:S>Y,0,0.30558524
train-pg_dms__transformer__seed42,MLH1,P43246:734:S>W,0,0.705241
train-pg_dms__transformer__seed42,MLH1,P43246:734:S>V,0,0.25648254
train-pg_dms__transformer__seed42,MLH1,P43246:734:S>T,0,0.037739504
train-pg_dms__transformer__seed42,MLH1,P43246:734:S>R,0,0.875472
train-pg_dms__transformer__seed42,MLH1,P43246:734:S>L,0,0.016183736
train-pg_dms__transformer__seed42,MLH1,P43246:734:S>A,0,0.012322037
train-pg_dms__transformer__seed42,MLH1,P43246:734:S>D,0,0.8453113
train-pg_dms__transformer__seed42,MLH1,P43246:734:S>E,0,0.6900484
train-pg_dms__transformer__seed42,MLH1,P43246:734:S>F,0,0.25644836
train-pg_dms__transformer__seed42,MLH1,P43246:734:S>G,0,0.019658264
train-pg_dms__transformer__seed42,MLH1,P43246:734:S>H,0,0.46178678
train-pg_dms__transformer__seed42,MLH1,P43246:734:S>I,0,0.32421327
train-pg_dms__transformer__seed42,MLH1,P43246:734:S>K,0,0.8691528
train-pg_dms__transformer__seed42,MLH1,P43246:734:S>C,0,0.026852341
train-pg_dms__transformer__seed42,MLH1,P43246:734:S>P,0,0.95058244
train-pg_dms__transformer__seed42,MLH1,P43246:734:S>N,0,0.082837395
train-pg_dms__transformer__seed42,MLH1,P43246:737:R>F,0,0.42413753
train-pg_dms__transformer__seed42,MLH1,P43246:737:R>Y,0,0.24322453
train-pg_dms__transformer__seed42,MLH1,P43246:737:R>W,0,0.22453327
train-pg_dms__transformer__seed42,MLH1,P43246:737:R>V,0,0.3076581
train-pg_dms__transformer__seed42,MLH1,P43246:737:R>Q,0,0.010788093
train-pg_dms__transformer__seed42,MLH1,P43246:737:R>P,0,0.5745577
train-pg_dms__transformer__seed42,MLH1,P43246:737:R>N,0,0.13085257
train-pg_dms__transformer__seed42,MLH1,P43246:737:R>K,0,0.022339214
train-pg_dms__transformer__seed42,MLH1,P43246:737:R>L,0,0.074300356
train-pg_dms__transformer__seed42,MLH1,P43246:737:R>H,0,0.089194715
train-pg_dms__transformer__seed42,MLH1,P43246:737:R>G,0,0.12701783
train-pg_dms__transformer__seed42,MLH1,P43246:737:R>E,0,0.09715315
train-pg_dms__transformer__seed42,MLH1,P43246:737:R>C,0,0.008974887
train-pg_dms__transformer__seed42,MLH1,P43246:737:R>A,0,0.099853404
train-pg_dms__transformer__seed42,MLH1,P43246:737:R>I,0,0.32486162
train-pg_dms__transformer__seed42,MLH1,P43246:738:S>Q,0,0.091748446
train-pg_dms__transformer__seed42,MLH1,P43246:738:S>M,0,0.3018812
train-pg_dms__transformer__seed42,MLH1,P43246:738:S>L,0,0.0040242034
train-pg_dms__transformer__seed42,MLH1,P43246:738:S>N,0,0.017168572
train-pg_dms__transformer__seed42,MLH1,P43246:738:S>K,0,0.66314787
train-pg_dms__transformer__seed42,MLH1,P43246:738:S>P,1,0.9380528
train-pg_dms__transformer__seed42,MLH1,P43246:738:S>R,0,0.72262686
train-pg_dms__transformer__seed42,MLH1,P43246:738:S>E,0,0.17748861
train-pg_dms__transformer__seed42,MLH1,P43246:738:S>V,0,0.11506479
train-pg_dms__transformer__seed42,MLH1,P43246:738:S>W,0,0.49631202
train-pg_dms__transformer__seed42,MLH1,P43246:738:S>Y,0,0.13077143
train-pg_dms__transformer__seed42,MLH1,P43246:738:S>D,0,0.60806894
train-pg_dms__transformer__seed42,MLH1,P43246:738:S>A,0,0.034007635
train-pg_dms__transformer__seed42,MLH1,P43246:738:S>H,0,0.14033031
train-pg_dms__transformer__seed42,MLH1,P43246:738:S>G,0,0.008400925
train-pg_dms__transformer__seed42,MLH1,P43246:738:S>T,0,0.0068640416
train-pg_dms__transformer__seed42,MLH1,P43246:738:S>I,0,0.1044343
train-pg_dms__transformer__seed42,MLH1,P43246:739:A>F,0,0.62709385
train-pg_dms__transformer__seed42,MLH1,P43246:739:A>L,0,0.23326492
train-pg_dms__transformer__seed42,MLH1,P43246:739:A>Y,1,0.62779874
train-pg_dms__transformer__seed42,MLH1,P43246:739:A>W,1,0.8715348
train-pg_dms__transformer__seed42,MLH1,P43246:739:A>R,1,0.95436776
train-pg_dms__transformer__seed42,MLH1,P43246:739:A>P,0,0.9389076
train-pg_dms__transformer__seed42,MLH1,P43246:739:A>N,1,0.6981275
train-pg_dms__transformer__seed42,MLH1,P43246:739:A>M,0,0.55165875
train-pg_dms__transformer__seed42,MLH1,P43246:739:A>K,1,0.7374439
train-pg_dms__transformer__seed42,MLH1,P43246:739:A>I,0,0.685498
train-pg_dms__transformer__seed42,MLH1,P43246:739:A>H,1,0.5909946
train-pg_dms__transformer__seed42,MLH1,P43246:739:A>G,0,0.059467357
train-pg_dms__transformer__seed42,MLH1,P43246:739:A>E,1,0.26367113
train-pg_dms__transformer__seed42,MLH1,P43246:739:A>D,1,0.956408
train-pg_dms__transformer__seed42,MLH1,P43246:739:A>S,0,0.006626721
train-pg_dms__transformer__seed42,MLH1,P43246:744:L>V,0,0.09434632
train-pg_dms__transformer__seed42,MLH1,P43246:744:L>W,1,0.9824143
train-pg_dms__transformer__seed42,MLH1,P43246:744:L>C,0,0.13359414
train-pg_dms__transformer__seed42,MLH1,P43246:744:L>A,1,0.85225165
train-pg_dms__transformer__seed42,MLH1,P43246:744:L>T,1,0.7517465
train-pg_dms__transformer__seed42,MLH1,P43246:744:L>S,1,0.8449818
train-pg_dms__transformer__seed42,MLH1,P43246:744:L>R,1,0.9983682
train-pg_dms__transformer__seed42,MLH1,P43246:744:L>Q,1,0.94384366
train-pg_dms__transformer__seed42,MLH1,P43246:744:L>Y,0,0.91110724
train-pg_dms__transformer__seed42,MLH1,P43246:744:L>N,1,0.9913846
train-pg_dms__transformer__seed42,MLH1,P43246:744:L>M,0,0.34342638
train-pg_dms__transformer__seed42,MLH1,P43246:744:L>P,1,0.99768376
train-pg_dms__transformer__seed42,MLH1,P43246:744:L>I,0,0.11556092
train-pg_dms__transformer__seed42,MLH1,P43246:744:L>H,1,0.9835465
train-pg_dms__transformer__seed42,MLH1,P43246:744:L>G,1,0.95401585
train-pg_dms__transformer__seed42,MLH1,P43246:744:L>F,0,0.12491863
train-pg_dms__transformer__seed42,MLH1,P43246:744:L>E,1,0.97552013
train-pg_dms__transformer__seed42,MLH1,P43246:744:L>D,1,0.99665654
train-pg_dms__transformer__seed42,MLH1,P43246:744:L>K,1,0.99553204
train-pg_dms__transformer__seed42,MLH1,P43246:747:I>F,0,0.8430996
train-pg_dms__transformer__seed42,MLH1,P43246:747:I>G,1,0.96584076
train-pg_dms__transformer__seed42,MLH1,P43246:747:I>L,0,0.068884425
train-pg_dms__transformer__seed42,MLH1,P43246:747:I>M,0,0.28919914
train-pg_dms__transformer__seed42,MLH1,P43246:747:I>T,0,0.26366645
train-pg_dms__transformer__seed42,MLH1,P43246:747:I>R,1,0.9987863
train-pg_dms__transformer__seed42,MLH1,P43246:747:I>S,0,0.74712414
train-pg_dms__transformer__seed42,MLH1,P43246:747:I>V,0,0.12850991
train-pg_dms__transformer__seed42,MLH1,P43246:747:I>W,0,0.98955953
train-pg_dms__transformer__seed42,MLH1,P43246:747:I>Y,0,0.97108895
train-pg_dms__transformer__seed42,MLH1,P43246:747:I>Q,1,0.889585
train-pg_dms__transformer__seed42,MLH1,P43246:747:I>D,1,0.98889166
train-pg_dms__transformer__seed42,MLH1,P43246:747:I>P,1,0.99515945
train-pg_dms__transformer__seed42,MLH1,P43246:747:I>E,1,0.94212455
train-pg_dms__transformer__seed42,MLH1,P43246:747:I>A,0,0.6732785
train-pg_dms__transformer__seed42,MLH1,P43246:747:I>C,0,0.37330064
train-pg_dms__transformer__seed42,MLH1,P43246:753:G>Q,1,0.63098013
train-pg_dms__transformer__seed42,MLH1,P43246:753:G>R,1,0.9483327
train-pg_dms__transformer__seed42,MLH1,P43246:753:G>S,0,0.61571497
train-pg_dms__transformer__seed42,MLH1,P43246:753:G>P,1,0.9459429
train-pg_dms__transformer__seed42,MLH1,P43246:753:G>N,0,0.81124157
train-pg_dms__transformer__seed42,MLH1,P43246:753:G>M,1,0.8151868
train-pg_dms__transformer__seed42,MLH1,P43246:753:G>L,1,0.8354407
train-pg_dms__transformer__seed42,MLH1,P43246:753:G>K,1,0.91651523
train-pg_dms__transformer__seed42,MLH1,P43246:753:G>F,0,0.7746752
train-pg_dms__transformer__seed42,MLH1,P43246:753:G>E,1,0.53247064
train-pg_dms__transformer__seed42,MLH1,P43246:753:G>D,0,0.9038855
train-pg_dms__transformer__seed42,MLH1,P43246:753:G>C,0,0.37857464
train-pg_dms__transformer__seed42,MLH1,P43246:753:G>A,0,0.75587577
train-pg_dms__transformer__seed42,MLH1,P43246:753:G>W,1,0.93592626
train-pg_dms__transformer__seed42,MLH1,P43246:753:G>Y,1,0.8518463
train-pg_dms__transformer__seed42,MLH1,P43246:753:G>I,1,0.84618276
train-pg_dms__transformer__seed42,MLH1,P43246:753:G>T,0,0.7626745
train-pg_dms__transformer__seed42,MLH1,P43246:755:S>A,0,0.4946535
train-pg_dms__transformer__seed42,MLH1,P43246:755:S>C,0,0.51636845
train-pg_dms__transformer__seed42,MLH1,P43246:755:S>D,0,0.92114925
train-pg_dms__transformer__seed42,MLH1,P43246:755:S>F,0,0.86753714
train-pg_dms__transformer__seed42,MLH1,P43246:755:S>G,0,0.83608884
train-pg_dms__transformer__seed42,MLH1,P43246:755:S>H,0,0.7978678
train-pg_dms__transformer__seed42,MLH1,P43246:755:S>I,0,0.87981623
train-pg_dms__transformer__seed42,MLH1,P43246:755:S>K,1,0.9105729
train-pg_dms__transformer__seed42,MLH1,P43246:755:S>L,1,0.8554613
train-pg_dms__transformer__seed42,MLH1,P43246:755:S>N,0,0.89175594
train-pg_dms__transformer__seed42,MLH1,P43246:755:S>P,0,0.9543688
train-pg_dms__transformer__seed42,MLH1,P43246:755:S>Q,0,0.83252686
train-pg_dms__transformer__seed42,MLH1,P43246:755:S>R,0,0.92236114
train-pg_dms__transformer__seed42,MLH1,P43246:755:S>V,0,0.8593061
train-pg_dms__transformer__seed42,MLH1,P43246:755:S>W,0,0.94172275
train-pg_dms__transformer__seed42,MLH1,P43246:755:S>M,1,0.88702583
train-pg_dms__transformer__seed42,MLH1,P43246:761:G>C,1,0.30953744
train-pg_dms__transformer__seed42,MLH1,P43246:761:G>D,1,0.94819725
train-pg_dms__transformer__seed42,MLH1,P43246:761:G>L,1,0.816549
train-pg_dms__transformer__seed42,MLH1,P43246:761:G>A,1,0.59455353
train-pg_dms__transformer__seed42,MLH1,P43246:761:G>K,1,0.9348522
train-pg_dms__transformer__seed42,MLH1,P43246:761:G>P,1,0.9673129
train-pg_dms__transformer__seed42,MLH1,P43246:761:G>E,1,0.88837254
train-pg_dms__transformer__seed42,MLH1,P43246:761:G>F,1,0.8244264
train-pg_dms__transformer__seed42,MLH1,P43246:761:G>N,1,0.830973
train-pg_dms__transformer__seed42,MLH1,P43246:761:G>Q,1,0.7321569
train-pg_dms__transformer__seed42,MLH1,P43246:761:G>M,1,0.8723377
train-pg_dms__transformer__seed42,MLH1,P43246:761:G>T,1,0.74644095
train-pg_dms__transformer__seed42,MLH1,P43246:761:G>V,1,0.74401367
train-pg_dms__transformer__seed42,MLH1,P43246:761:G>Y,1,0.8919359
train-pg_dms__transformer__seed42,MLH1,P43246:761:G>H,1,0.7557804
train-pg_dms__transformer__seed42,MLH1,P43246:761:G>I,1,0.88381815
train-pg_dms__transformer__seed42,MLH1,P43246:761:G>S,1,0.48193806
train-pg_dms__transformer__seed42,MLH1,P43246:764:W>D,1,0.9107894
train-pg_dms__transformer__seed42,MLH1,P43246:764:W>Y,0,0.2081668
train-pg_dms__transformer__seed42,MLH1,P43246:764:W>V,0,0.3882023
train-pg_dms__transformer__seed42,MLH1,P43246:764:W>T,0,0.410172
train-pg_dms__transformer__seed42,MLH1,P43246:764:W>F,0,0.13941744
train-pg_dms__transformer__seed42,MLH1,P43246:764:W>G,0,0.34910595
train-pg_dms__transformer__seed42,MLH1,P43246:764:W>H,0,0.41587418
train-pg_dms__transformer__seed42,MLH1,P43246:764:W>I,0,0.6488473
train-pg_dms__transformer__seed42,MLH1,P43246:764:W>E,0,0.8645099
train-pg_dms__transformer__seed42,MLH1,P43246:764:W>K,1,0.88100165
train-pg_dms__transformer__seed42,MLH1,P43246:764:W>S,0,0.20732598
train-pg_dms__transformer__seed42,MLH1,P43246:764:W>L,1,0.4407575
train-pg_dms__transformer__seed42,MLH1,P43246:764:W>M,0,0.7701556
train-pg_dms__transformer__seed42,MLH1,P43246:764:W>N,1,0.76111394
train-pg_dms__transformer__seed42,MLH1,P43246:764:W>P,1,0.98663193
train-pg_dms__transformer__seed42,MLH1,P43246:764:W>A,0,0.33796743
train-pg_dms__transformer__seed42,MLH1,P43246:764:W>C,0,0.18324833
train-pg_dms__transformer__seed42,MLH1,P43246:764:W>Q,0,0.44696325
train-pg_dms__transformer__seed42,MLH1,P43246:767:S>Q,0,0.87464
train-pg_dms__transformer__seed42,MLH1,P43246:767:S>R,1,0.9673806
train-pg_dms__transformer__seed42,MLH1,P43246:767:S>T,0,0.13619463
train-pg_dms__transformer__seed42,MLH1,P43246:767:S>P,1,0.9773336
train-pg_dms__transformer__seed42,MLH1,P43246:767:S>W,1,0.9587115
train-pg_dms__transformer__seed42,MLH1,P43246:767:S>Y,0,0.92161685
train-pg_dms__transformer__seed42,MLH1,P43246:767:S>V,0,0.6305791
train-pg_dms__transformer__seed42,MLH1,P43246:767:S>N,0,0.9616497
train-pg_dms__transformer__seed42,MLH1,P43246:767:S>G,0,0.075447306
train-pg_dms__transformer__seed42,MLH1,P43246:767:S>L,0,0.23060918
train-pg_dms__transformer__seed42,MLH1,P43246:767:S>F,0,0.8797733
train-pg_dms__transformer__seed42,MLH1,P43246:767:S>E,0,0.9437237
train-pg_dms__transformer__seed42,MLH1,P43246:767:S>I,0,0.84194636
train-pg_dms__transformer__seed42,MLH1,P43246:767:S>D,1,0.97372854
train-pg_dms__transformer__seed42,MLH1,P43246:767:S>C,0,0.020458413
train-pg_dms__transformer__seed42,MLH1,P43246:767:S>A,0,0.060137503
train-pg_dms__transformer__seed42,MLH1,P43246:767:S>K,0,0.9745841
train-pg_dms__transformer__seed42,MLH1,P43246:767:S>M,0,0.8097785
train-pg_dms__transformer__seed42,MLH1,P43246:769:Y>W,0,0.21846448
train-pg_dms__transformer__seed42,MLH1,P43246:769:Y>G,0,0.101219214
train-pg_dms__transformer__seed42,MLH1,P43246:769:Y>M,0,0.3923437
train-pg_dms__transformer__seed42,MLH1,P43246:769:Y>S,0,0.0064142602
train-pg_dms__transformer__seed42,MLH1,P43246:769:Y>T,0,0.036873505
train-pg_dms__transformer__seed42,MLH1,P43246:769:Y>V,0,0.16688924
train-pg_dms__transformer__seed42,MLH1,P43246:769:Y>N,0,0.0023219008
train-pg_dms__transformer__seed42,MLH1,P43246:769:Y>L,0,0.033768177
train-pg_dms__transformer__seed42,MLH1,P43246:769:Y>R,0,0.12738396
train-pg_dms__transformer__seed42,MLH1,P43246:769:Y>P,1,0.8613141
train-pg_dms__transformer__seed42,MLH1,P43246:769:Y>F,0,0.02347166
train-pg_dms__transformer__seed42,MLH1,P43246:769:Y>E,0,0.02096339
train-pg_dms__transformer__seed42,MLH1,P43246:769:Y>D,0,0.1311447
train-pg_dms__transformer__seed42,MLH1,P43246:769:Y>C,0,0.0022367865
train-pg_dms__transformer__seed42,MLH1,P43246:769:Y>A,0,0.050541118
train-pg_dms__transformer__seed42,MLH1,P43246:769:Y>K,0,0.14327346
train-pg_dms__transformer__seed42,MLH1,P43246:769:Y>I,0,0.30231667
train-pg_dms__transformer__seed42,MLH1,P43246:772:T>N,0,0.008532503
train-pg_dms__transformer__seed42,MLH1,P43246:772:T>Y,0,0.0711314
train-pg_dms__transformer__seed42,MLH1,P43246:772:T>P,1,0.33801076
train-pg_dms__transformer__seed42,MLH1,P43246:772:T>M,0,0.047055475
train-pg_dms__transformer__seed42,MLH1,P43246:772:T>Q,0,0.0060544796
train-pg_dms__transformer__seed42,MLH1,P43246:772:T>K,0,0.018090248
train-pg_dms__transformer__seed42,MLH1,P43246:772:T>G,0,0.023853013
train-pg_dms__transformer__seed42,MLH1,P43246:772:T>F,0,0.059013583
train-pg_dms__transformer__seed42,MLH1,P43246:772:T>E,0,0.027760614
train-pg_dms__transformer__seed42,MLH1,P43246:772:T>D,0,0.17446221
train-pg_dms__transformer__seed42,MLH1,P43246:772:T>L,0,0.0038090548
train-pg_dms__transformer__seed42,MLH1,P43246:772:T>C,0,0.0048825415
train-pg_dms__transformer__seed42,MLH1,P43246:772:T>V,0,0.024264403
train-pg_dms__transformer__seed42,MLH1,P43246:772:T>H,0,0.009187944
train-pg_dms__transformer__seed42,MLH1,P43246:772:T>R,0,0.059893522
train-pg_dms__transformer__seed42,MLH1,P43246:772:T>W,1,0.5523506
train-pg_dms__transformer__seed42,MLH1,P43246:772:T>I,0,0.07345458
train-pg_dms__transformer__seed42,MLH1,P43246:772:T>S,0,0.0038707787
train-pg_dms__transformer__seed42,MLH1,P43246:780:F>A,0,0.23978432
train-pg_dms__transformer__seed42,MLH1,P43246:780:F>Y,0,0.6219522
train-pg_dms__transformer__seed42,MLH1,P43246:780:F>S,0,0.1728769
train-pg_dms__transformer__seed42,MLH1,P43246:780:F>R,1,0.9837155
train-pg_dms__transformer__seed42,MLH1,P43246:780:F>Q,0,0.31799194
train-pg_dms__transformer__seed42,MLH1,P43246:780:F>P,1,0.9401931
train-pg_dms__transformer__seed42,MLH1,P43246:780:F>N,0,0.4435631
train-pg_dms__transformer__seed42,MLH1,P43246:780:F>M,0,0.661433
train-pg_dms__transformer__seed42,MLH1,P43246:780:F>L,0,0.3415057
train-pg_dms__transformer__seed42,MLH1,P43246:780:F>K,0,0.9239267
train-pg_dms__transformer__seed42,MLH1,P43246:780:F>I,0,0.8344146
train-pg_dms__transformer__seed42,MLH1,P43246:780:F>H,0,0.66989326
train-pg_dms__transformer__seed42,MLH1,P43246:780:F>G,0,0.70820695
train-pg_dms__transformer__seed42,MLH1,P43246:780:F>E,0,0.83516085
train-pg_dms__transformer__seed42,MLH1,P43246:780:F>C,0,0.107413925
train-pg_dms__transformer__seed42,MLH1,P43246:780:F>W,0,0.9234942
train-pg_dms__transformer__seed42,MLH1,P43246:780:F>T,0,0.34800854
train-pg_dms__transformer__seed42,MLH1,P43246:780:F>V,0,0.6546051
train-pg_dms__transformer__seed42,MLH1,P43246:784:F>V,1,0.48253736
train-pg_dms__transformer__seed42,MLH1,P43246:784:F>T,1,0.16244747
train-pg_dms__transformer__seed42,MLH1,P43246:784:F>S,1,0.07302764
train-pg_dms__transformer__seed42,MLH1,P43246:784:F>R,1,0.7850476
train-pg_dms__transformer__seed42,MLH1,P43246:784:F>P,1,0.6510512
train-pg_dms__transformer__seed42,MLH1,P43246:784:F>M,0,0.47950608
train-pg_dms__transformer__seed42,MLH1,P43246:784:F>Y,0,0.27113286
train-pg_dms__transformer__seed42,MLH1,P43246:784:F>W,0,0.6763067
train-pg_dms__transformer__seed42,MLH1,P43246:784:F>I,0,0.5237359
train-pg_dms__transformer__seed42,MLH1,P43246:784:F>H,1,0.39706144
train-pg_dms__transformer__seed42,MLH1,P43246:784:F>G,1,0.15140225
train-pg_dms__transformer__seed42,MLH1,P43246:784:F>E,1,0.34429717
train-pg_dms__transformer__seed42,MLH1,P43246:784:F>D,1,0.7284968
train-pg_dms__transformer__seed42,MLH1,P43246:784:F>C,1,0.040312607
train-pg_dms__transformer__seed42,MLH1,P43246:784:F>A,1,0.13290541
train-pg_dms__transformer__seed42,MLH1,P43246:784:F>K,1,0.62288743
train-pg_dms__transformer__seed42,MLH1,P43246:785:H>M,0,0.6505202
train-pg_dms__transformer__seed42,MLH1,P43246:785:H>L,0,0.31014708
train-pg_dms__transformer__seed42,MLH1,P43246:785:H>D,0,0.7600493
train-pg_dms__transformer__seed42,MLH1,P43246:785:H>R,0,0.66479003
train-pg_dms__transformer__seed42,MLH1,P43246:785:H>Y,0,0.50668395
train-pg_dms__transformer__seed42,MLH1,P43246:785:H>Q,0,0.24662398
train-pg_dms__transformer__seed42,MLH1,P43246:785:H>S,1,0.13643515
train-pg_dms__transformer__seed42,MLH1,P43246:785:H>T,0,0.29523477
train-pg_dms__transformer__seed42,MLH1,P43246:785:H>V,0,0.58257324
train-pg_dms__transformer__seed42,MLH1,P43246:785:H>A,0,0.23102123
train-pg_dms__transformer__seed42,MLH1,P43246:785:H>C,1,0.083981074
train-pg_dms__transformer__seed42,MLH1,P43246:785:H>N,0,0.4232457
train-pg_dms__transformer__seed42,MLH1,P43246:785:H>P,0,0.57096124
train-pg_dms__transformer__seed42,MLH1,P43246:785:H>E,0,0.5629243
train-pg_dms__transformer__seed42,MLH1,P43246:785:H>F,0,0.5441854
train-pg_dms__transformer__seed42,MLH1,P43246:785:H>G,0,0.22599006
train-pg_dms__transformer__seed42,MLH1,P43246:785:H>I,0,0.6231202
train-pg_dms__transformer__seed42,MLH1,P43246:785:H>K,0,0.6008822
train-pg_dms__transformer__seed42,MLH1,P43246:785:H>W,0,0.67039454
train-pg_dms__transformer__seed42,MLH1,P43246:789:A>Y,0,0.51638323
train-pg_dms__transformer__seed42,MLH1,P43246:789:A>W,1,0.65324545
train-pg_dms__transformer__seed42,MLH1,P43246:789:A>R,0,0.41841474
train-pg_dms__transformer__seed42,MLH1,P43246:789:A>Q,0,0.06919012
train-pg_dms__transformer__seed42,MLH1,P43246:789:A>P,0,0.7290509
train-pg_dms__transformer__seed42,MLH1,P43246:789:A>N,0,0.105990455
train-pg_dms__transformer__seed42,MLH1,P43246:789:A>M,0,0.3813462
train-pg_dms__transformer__seed42,MLH1,P43246:789:A>L,0,0.04210106
train-pg_dms__transformer__seed42,MLH1,P43246:789:A>K,0,0.32804102
train-pg_dms__transformer__seed42,MLH1,P43246:789:A>I,0,0.35126114
train-pg_dms__transformer__seed42,MLH1,P43246:789:A>H,0,0.35443485
train-pg_dms__transformer__seed42,MLH1,P43246:789:A>G,0,0.01664749
train-pg_dms__transformer__seed42,MLH1,P43246:789:A>F,0,0.5178352
train-pg_dms__transformer__seed42,MLH1,P43246:789:A>E,0,0.11571459
train-pg_dms__transformer__seed42,MLH1,P43246:789:A>C,0,0.041555047
train-pg_dms__transformer__seed42,MLH1,P43246:789:A>S,0,0.012151393
train-pg_dms__transformer__seed42,MLH1,P43246:789:A>T,0,0.03181014
train-pg_dms__transformer__seed42,MLH1,P43246:797:V>A,0,0.06727114
train-pg_dms__transformer__seed42,MLH1,P43246:797:V>I,0,0.07202324
train-pg_dms__transformer__seed42,MLH1,P43246:797:V>K,1,0.47678995
train-pg_dms__transformer__seed42,MLH1,P43246:797:V>L,0,0.07893103
train-pg_dms__transformer__seed42,MLH1,P43246:797:V>M,1,0.31311467
train-pg_dms__transformer__seed42,MLH1,P43246:797:V>R,1,0.8378239
train-pg_dms__transformer__seed42,MLH1,P43246:797:V>S,0,0.08184999
train-pg_dms__transformer__seed42,MLH1,P43246:797:V>T,0,0.06662859
train-pg_dms__transformer__seed42,MLH1,P43246:797:V>W,1,0.7282807
train-pg_dms__transformer__seed42,MLH1,P43246:797:V>P,1,0.88726443
train-pg_dms__transformer__seed42,MLH1,P43246:797:V>C,0,0.0476444
train-pg_dms__transformer__seed42,MLH1,P43246:797:V>H,1,0.3801437
train-pg_dms__transformer__seed42,MLH1,P43246:797:V>G,0,0.13930784
train-pg_dms__transformer__seed42,MLH1,P43246:797:V>F,0,0.47998732
train-pg_dms__transformer__seed42,MLH1,P43246:797:V>E,1,0.34884506
train-pg_dms__transformer__seed42,MLH1,P43246:797:V>D,1,0.87945807
train-pg_dms__transformer__seed42,MLH1,P43246:797:V>Y,0,0.46374977
train-pg_dms__transformer__seed42,MLH1,P43246:812:T>A,0,0.08717437
train-pg_dms__transformer__seed42,MLH1,P43246:812:T>C,0,0.10537804
train-pg_dms__transformer__seed42,MLH1,P43246:812:T>E,0,0.5235885
train-pg_dms__transformer__seed42,MLH1,P43246:812:T>F,0,0.60554653
train-pg_dms__transformer__seed42,MLH1,P43246:812:T>G,1,0.43472868
train-pg_dms__transformer__seed42,MLH1,P43246:812:T>H,0,0.46007982
train-pg_dms__transformer__seed42,MLH1,P43246:812:T>I,0,0.5140556
train-pg_dms__transformer__seed42,MLH1,P43246:812:T>L,0,0.08300976
train-pg_dms__transformer__seed42,MLH1,P43246:812:T>M,0,0.39672062
train-pg_dms__transformer__seed42,MLH1,P43246:812:T>N,0,0.2575473
train-pg_dms__transformer__seed42,MLH1,P43246:812:T>P,0,0.8447596
train-pg_dms__transformer__seed42,MLH1,P43246:812:T>Q,0,0.23285986
train-pg_dms__transformer__seed42,MLH1,P43246:812:T>R,0,0.5660276
train-pg_dms__transformer__seed42,MLH1,P43246:812:T>S,0,0.12236531
train-pg_dms__transformer__seed42,MLH1,P43246:812:T>Y,0,0.61618084
train-pg_dms__transformer__seed42,MLH1,P43246:812:T>W,0,0.54339665
train-pg_dms__transformer__seed42,MLH1,P43246:812:T>V,0,0.36539984
train-pg_dms__transformer__seed42,MLH1,P43246:812:T>K,0,0.51387477
train-pg_dms__transformer__seed42,MLH1,P43246:819:K>Y,0,0.035370093
train-pg_dms__transformer__seed42,MLH1,P43246:819:K>S,0,0.0016777552
train-pg_dms__transformer__seed42,MLH1,P43246:819:K>T,0,0.002272725
train-pg_dms__transformer__seed42,MLH1,P43246:819:K>R,0,0.0053620166
train-pg_dms__transformer__seed42,MLH1,P43246:819:K>Q,0,0.0015685047
train-pg_dms__transformer__seed42,MLH1,P43246:819:K>P,0,0.055359825
train-pg_dms__transformer__seed42,MLH1,P43246:819:K>M,1,0.085775405
train-pg_dms__transformer__seed42,MLH1,P43246:819:K>L,0,0.0018475349
train-pg_dms__transformer__seed42,MLH1,P43246:819:K>I,0,0.044700067
train-pg_dms__transformer__seed42,MLH1,P43246:819:K>G,0,0.008242074
train-pg_dms__transformer__seed42,MLH1,P43246:819:K>F,0,0.20358247
train-pg_dms__transformer__seed42,MLH1,P43246:819:K>C,0,0.0027008306
train-pg_dms__transformer__seed42,MLH1,P43246:819:K>A,0,0.0019190877
train-pg_dms__transformer__seed42,MLH1,P43246:819:K>V,0,0.013235209
train-pg_dms__transformer__seed42,MLH1,P43246:819:K>W,0,0.13628165
train-pg_dms__transformer__seed42,MLH1,P43246:825:S>A,0,0.1251782
train-pg_dms__transformer__seed42,MLH1,P43246:825:S>C,0,0.027381567
train-pg_dms__transformer__seed42,MLH1,P43246:825:S>D,0,0.5837447
train-pg_dms__transformer__seed42,MLH1,P43246:825:S>E,0,0.2456986
train-pg_dms__transformer__seed42,MLH1,P43246:825:S>H,0,0.15579869
train-pg_dms__transformer__seed42,MLH1,P43246:825:S>L,1,0.062069997
train-pg_dms__transformer__seed42,MLH1,P43246:825:S>K,0,0.23835558
train-pg_dms__transformer__seed42,MLH1,P43246:825:S>V,0,0.1703503
train-pg_dms__transformer__seed42,MLH1,P43246:825:S>T,0,0.27271926
train-pg_dms__transformer__seed42,MLH1,P43246:825:S>R,0,0.26240394
train-pg_dms__transformer__seed42,MLH1,P43246:825:S>P,0,0.79304725
train-pg_dms__transformer__seed42,MLH1,P43246:825:S>N,1,0.20841978
train-pg_dms__transformer__seed42,MLH1,P43246:825:S>M,1,0.4698959
train-pg_dms__transformer__seed42,MLH1,P43246:825:S>W,1,0.60822195
train-pg_dms__transformer__seed42,MLH1,P43246:825:S>I,0,0.27226597
train-pg_dms__transformer__seed42,MLH1,P43246:827:G>T,0,0.077658236
train-pg_dms__transformer__seed42,MLH1,P43246:827:G>S,0,0.06696969
train-pg_dms__transformer__seed42,MLH1,P43246:827:G>M,0,0.3352206
train-pg_dms__transformer__seed42,MLH1,P43246:827:G>Q,0,0.03671492
train-pg_dms__transformer__seed42,MLH1,P43246:827:G>N,1,0.12561539
train-pg_dms__transformer__seed42,MLH1,P43246:827:G>D,1,0.38507175
train-pg_dms__transformer__seed42,MLH1,P43246:827:G>F,0,0.06310723
train-pg_dms__transformer__seed42,MLH1,P43246:827:G>H,0,0.08264889
train-pg_dms__transformer__seed42,MLH1,P43246:827:G>I,0,0.17047453
train-pg_dms__transformer__seed42,MLH1,P43246:827:G>P,0,0.60365003
train-pg_dms__transformer__seed42,MLH1,P43246:827:G>K,0,0.1882985
train-pg_dms__transformer__seed42,MLH1,P43246:827:G>L,0,0.053356405
train-pg_dms__transformer__seed42,MLH1,P43246:827:G>C,0,0.014878683
train-pg_dms__transformer__seed42,MLH1,P43246:827:G>V,0,0.1388199
train-pg_dms__transformer__seed42,MLH1,P43246:827:G>A,0,0.031179907
train-pg_dms__transformer__seed42,MLH1,P43246:827:G>Y,0,0.17150004
train-pg_dms__transformer__seed42,MLH1,P43246:829:H>L,0,0.06233432
train-pg_dms__transformer__seed42,MLH1,P43246:829:H>K,0,0.32648167
train-pg_dms__transformer__seed42,MLH1,P43246:829:H>I,0,0.38459212
train-pg_dms__transformer__seed42,MLH1,P43246:829:H>G,0,0.27690387
train-pg_dms__transformer__seed42,MLH1,P43246:829:H>F,0,0.07718623
train-pg_dms__transformer__seed42,MLH1,P43246:829:H>E,0,0.3176572
train-pg_dms__transformer__seed42,MLH1,P43246:829:H>D,0,0.6526517
train-pg_dms__transformer__seed42,MLH1,P43246:829:H>Q,0,0.08231642
train-pg_dms__transformer__seed42,MLH1,P43246:829:H>A,0,0.084384665
train-pg_dms__transformer__seed42,MLH1,P43246:829:H>P,0,0.80827534
train-pg_dms__transformer__seed42,MLH1,P43246:829:H>M,0,0.5004155
train-pg_dms__transformer__seed42,MLH1,P43246:829:H>N,0,0.090146154
train-pg_dms__transformer__seed42,MLH1,P43246:829:H>W,0,0.36322638
train-pg_dms__transformer__seed42,MLH1,P43246:829:H>V,0,0.18093662
train-pg_dms__transformer__seed42,MLH1,P43246:829:H>T,0,0.082329966
train-pg_dms__transformer__seed42,MLH1,P43246:829:H>S,0,0.0603906
train-pg_dms__transformer__seed42,MLH1,P43246:829:H>C,0,0.007277873
train-pg_dms__transformer__seed42,MLH1,P43246:829:H>Y,0,0.037130132
train-pg_dms__transformer__seed42,MLH1,P43246:831:A>Y,0,0.53566664
train-pg_dms__transformer__seed42,MLH1,P43246:831:A>K,1,0.3684389
train-pg_dms__transformer__seed42,MLH1,P43246:831:A>C,0,0.03465176
train-pg_dms__transformer__seed42,MLH1,P43246:831:A>D,1,0.70144725
train-pg_dms__transformer__seed42,MLH1,P43246:831:A>H,1,0.28837737
train-pg_dms__transformer__seed42,MLH1,P43246:831:A>W,0,0.58815396
train-pg_dms__transformer__seed42,MLH1,P43246:831:A>I,0,0.5593348
train-pg_dms__transformer__seed42,MLH1,P43246:831:A>F,0,0.4828097
train-pg_dms__transformer__seed42,MLH1,P43246:831:A>V,0,0.37921298
train-pg_dms__transformer__seed42,MLH1,P43246:831:A>L,0,0.08551672
train-pg_dms__transformer__seed42,MLH1,P43246:831:A>S,0,0.07206701
train-pg_dms__transformer__seed42,MLH1,P43246:831:A>Q,0,0.08626945
train-pg_dms__transformer__seed42,MLH1,P43246:831:A>P,1,0.8113933
train-pg_dms__transformer__seed42,MLH1,P43246:831:A>T,0,0.32005605
train-pg_dms__transformer__seed42,MLH1,P43246:831:A>M,0,0.4581581
train-pg_dms__transformer__seed42,MLH1,P43246:831:A>R,1,0.70322526
train-pg_dms__transformer__seed42,MLH1,P43246:831:A>N,1,0.26971236
train-pg_dms__transformer__seed42,MLH1,P43246:833:L>E,0,0.5383896
train-pg_dms__transformer__seed42,MLH1,P43246:833:L>D,0,0.7342999
train-pg_dms__transformer__seed42,MLH1,P43246:833:L>C,0,0.118670836
train-pg_dms__transformer__seed42,MLH1,P43246:833:L>A,0,0.27923584
train-pg_dms__transformer__seed42,MLH1,P43246:833:L>I,0,0.21735844
train-pg_dms__transformer__seed42,MLH1,P43246:833:L>K,0,0.36050767
train-pg_dms__transformer__seed42,MLH1,P43246:833:L>Q,0,0.16434556
train-pg_dms__transformer__seed42,MLH1,P43246:833:L>P,0,0.8943383
train-pg_dms__transformer__seed42,MLH1,P43246:833:L>R,0,0.53994286
train-pg_dms__transformer__seed42,MLH1,P43246:833:L>S,0,0.37219003
train-pg_dms__transformer__seed42,MLH1,P43246:833:L>T,0,0.47244698
train-pg_dms__transformer__seed42,MLH1,P43246:833:L>V,0,0.1910633
train-pg_dms__transformer__seed42,MLH1,P43246:833:L>W,0,0.70266646
train-pg_dms__transformer__seed42,MLH1,P43246:833:L>Y,0,0.5470633
train-pg_dms__transformer__seed42,MLH1,P43246:833:L>M,0,0.23699142
train-pg_dms__transformer__seed42,MLH1,P43246:833:L>N,0,0.498189
train-pg_dms__transformer__seed42,MLH1,P43246:833:L>G,0,0.52496594
train-pg_dms__transformer__seed42,MLH1,P43246:833:L>F,0,0.33870018
train-pg_dms__transformer__seed42,MLH1,P43246:837:P>T,0,0.24984857
train-pg_dms__transformer__seed42,MLH1,P43246:837:P>L,1,0.21073426
train-pg_dms__transformer__seed42,MLH1,P43246:837:P>S,0,0.23357534
train-pg_dms__transformer__seed42,MLH1,P43246:837:P>R,0,0.3289717
train-pg_dms__transformer__seed42,MLH1,P43246:837:P>Q,0,0.20953646
train-pg_dms__transformer__seed42,MLH1,P43246:837:P>N,0,0.2667676
train-pg_dms__transformer__seed42,MLH1,P43246:837:P>M,0,0.51807886
train-pg_dms__transformer__seed42,MLH1,P43246:837:P>K,0,0.40288815
train-pg_dms__transformer__seed42,MLH1,P43246:837:P>W,1,0.6516014
train-pg_dms__transformer__seed42,MLH1,P43246:837:P>I,1,0.366111
train-pg_dms__transformer__seed42,MLH1,P43246:837:P>G,0,0.3913146
train-pg_dms__transformer__seed42,MLH1,P43246:837:P>F,1,0.24167658
train-pg_dms__transformer__seed42,MLH1,P43246:837:P>E,0,0.41992927
train-pg_dms__transformer__seed42,MLH1,P43246:837:P>Y,0,0.4762556
train-pg_dms__transformer__seed42,MLH1,P43246:837:P>D,0,0.57296443
train-pg_dms__transformer__seed42,MLH1,P43246:837:P>C,0,0.118867
train-pg_dms__transformer__seed42,MLH1,P43246:837:P>A,0,0.27419794
train-pg_dms__transformer__seed42,MLH1,P43246:837:P>H,0,0.27332118
train-pg_dms__transformer__seed42,MLH1,P43246:837:P>V,1,0.303372
train-pg_dms__transformer__seed42,MLH1,P43246:843:C>P,0,0.82609314
train-pg_dms__transformer__seed42,MLH1,P43246:843:C>W,0,0.24403132
train-pg_dms__transformer__seed42,MLH1,P43246:843:C>D,0,0.028042186
train-pg_dms__transformer__seed42,MLH1,P43246:843:C>Y,0,0.026892545
train-pg_dms__transformer__seed42,MLH1,P43246:843:C>S,0,0.0024512457
train-pg_dms__transformer__seed42,MLH1,P43246:843:C>N,0,0.0029999302
train-pg_dms__transformer__seed42,MLH1,P43246:843:C>V,0,0.033726163
train-pg_dms__transformer__seed42,MLH1,P43246:843:C>E,0,0.018336914
train-pg_dms__transformer__seed42,MLH1,P43246:843:C>A,0,0.0074300845
train-pg_dms__transformer__seed42,MLH1,P43246:843:C>T,0,0.0051816003
train-pg_dms__transformer__seed42,MLH1,P43246:843:C>G,0,0.0063529997
train-pg_dms__transformer__seed42,MLH1,P43246:843:C>H,0,0.014149865
train-pg_dms__transformer__seed42,MLH1,P43246:843:C>I,0,0.035048272
train-pg_dms__transformer__seed42,MLH1,P43246:843:C>K,0,0.009001144
train-pg_dms__transformer__seed42,MLH1,P43246:843:C>L,0,0.0031670702
train-pg_dms__transformer__seed42,MLH1,P43246:843:C>M,0,0.20024323
train-pg_dms__transformer__seed42,MLH1,P43246:843:C>R,0,0.018081162
train-pg_dms__transformer__seed42,MLH1,P43246:843:C>Q,0,0.0024782515
train-pg_dms__transformer__seed42,MLH1,P43246:843:C>F,0,0.022220325
train-pg_dms__transformer__seed42,MLH1,P43246:846:Q>C,0,0.017330498
train-pg_dms__transformer__seed42,MLH1,P43246:846:Q>L,0,0.0063961893
train-pg_dms__transformer__seed42,MLH1,P43246:846:Q>K,0,0.027739845
train-pg_dms__transformer__seed42,MLH1,P43246:846:Q>I,0,0.15184411
train-pg_dms__transformer__seed42,MLH1,P43246:846:Q>G,0,0.02064193
train-pg_dms__transformer__seed42,MLH1,P43246:846:Q>F,0,0.10272394
train-pg_dms__transformer__seed42,MLH1,P43246:846:Q>E,0,0.020035254
train-pg_dms__transformer__seed42,MLH1,P43246:846:Q>D,0,0.11985906
train-pg_dms__transformer__seed42,MLH1,P43246:846:Q>P,0,0.8486154
train-pg_dms__transformer__seed42,MLH1,P43246:846:Q>R,0,0.043013144
train-pg_dms__transformer__seed42,MLH1,P43246:846:Q>S,0,0.020066153
train-pg_dms__transformer__seed42,MLH1,P43246:846:Q>T,0,0.036146358
train-pg_dms__transformer__seed42,MLH1,P43246:846:Q>V,0,0.08228865
train-pg_dms__transformer__seed42,MLH1,P43246:846:Q>W,0,0.4682191
train-pg_dms__transformer__seed42,MLH1,P43246:846:Q>Y,0,0.06714669
train-pg_dms__transformer__seed42,MLH1,P43246:846:Q>H,0,0.053199556
train-pg_dms__transformer__seed42,MLH1,P43246:846:Q>A,0,0.026365822
train-pg_dms__transformer__seed42,MLH1,P43246:846:Q>N,0,0.03370868
train-pg_dms__transformer__seed42,MLH1,P43246:846:Q>M,0,0.3337819
train-pg_dms__transformer__seed42,MLH1,P43246:847:K>H,0,0.11655149
train-pg_dms__transformer__seed42,MLH1,P43246:847:K>V,0,0.19849087
train-pg_dms__transformer__seed42,MLH1,P43246:847:K>S,0,0.06295345
train-pg_dms__transformer__seed42,MLH1,P43246:847:K>R,0,0.0045674318
train-pg_dms__transformer__seed42,MLH1,P43246:847:K>P,0,0.69355273
train-pg_dms__transformer__seed42,MLH1,P43246:847:K>N,0,0.1017253
train-pg_dms__transformer__seed42,MLH1,P43246:847:K>M,0,0.3886382
train-pg_dms__transformer__seed42,MLH1,P43246:847:K>L,0,0.045662113
train-pg_dms__transformer__seed42,MLH1,P43246:847:K>I,0,0.24789464
train-pg_dms__transformer__seed42,MLH1,P43246:847:K>E,0,0.28622478
train-pg_dms__transformer__seed42,MLH1,P43246:847:K>G,0,0.27964082
train-pg_dms__transformer__seed42,MLH1,P43246:847:K>A,0,0.11536208
train-pg_dms__transformer__seed42,MLH1,P43246:847:K>C,0,0.02328245
train-pg_dms__transformer__seed42,MLH1,P43246:847:K>D,0,0.5370914
train-pg_dms__transformer__seed42,MLH1,P43246:847:K>W,0,0.5178408
train-pg_dms__transformer__seed42,MLH1,P43246:847:K>Y,0,0.19906257
train-pg_dms__transformer__seed42,MLH1,P43246:847:K>F,0,0.112442255
train-pg_dms__transformer__seed42,MLH1,P43246:852:E>Y,0,0.11693881
train-pg_dms__transformer__seed42,MLH1,P43246:852:E>N,0,0.025847362
train-pg_dms__transformer__seed42,MLH1,P43246:852:E>D,0,0.1563275
train-pg_dms__transformer__seed42,MLH1,P43246:852:E>F,0,0.12164594
train-pg_dms__transformer__seed42,MLH1,P43246:852:E>G,0,0.028390052
train-pg_dms__transformer__seed42,MLH1,P43246:852:E>H,0,0.07823553
train-pg_dms__transformer__seed42,MLH1,P43246:852:E>I,0,0.16164891
train-pg_dms__transformer__seed42,MLH1,P43246:852:E>L,0,0.025598757
train-pg_dms__transformer__seed42,MLH1,P43246:852:E>M,0,0.2573849
train-pg_dms__transformer__seed42,MLH1,P43246:852:E>P,0,0.25638574
train-pg_dms__transformer__seed42,MLH1,P43246:852:E>Q,0,0.025922596
train-pg_dms__transformer__seed42,MLH1,P43246:852:E>A,0,0.01921961
train-pg_dms__transformer__seed42,MLH1,P43246:852:E>C,0,0.012438542
train-pg_dms__transformer__seed42,MLH1,P43246:852:E>S,0,0.008339062
train-pg_dms__transformer__seed42,MLH1,P43246:852:E>T,0,0.027437523
train-pg_dms__transformer__seed42,MLH1,P43246:852:E>V,0,0.090738714
train-pg_dms__transformer__seed42,MLH1,P43246:852:E>R,0,0.107666865
train-pg_dms__transformer__seed42,MLH1,P43246:866:M>E,0,0.01108197
train-pg_dms__transformer__seed42,MLH1,P43246:866:M>C,0,0.010658785
train-pg_dms__transformer__seed42,MLH1,P43246:866:M>Y,0,0.047323503
train-pg_dms__transformer__seed42,MLH1,P43246:866:M>W,0,0.22464918
train-pg_dms__transformer__seed42,MLH1,P43246:866:M>A,0,0.01994439
train-pg_dms__transformer__seed42,MLH1,P43246:866:M>S,0,0.009575123
train-pg_dms__transformer__seed42,MLH1,P43246:866:M>R,0,0.029745234
train-pg_dms__transformer__seed42,MLH1,P43246:866:M>Q,0,0.009068191
train-pg_dms__transformer__seed42,MLH1,P43246:866:M>P,0,0.07639979
train-pg_dms__transformer__seed42,MLH1,P43246:866:M>L,0,0.02001152
train-pg_dms__transformer__seed42,MLH1,P43246:866:M>K,0,0.0157744
train-pg_dms__transformer__seed42,MLH1,P43246:866:M>I,0,0.1436179
train-pg_dms__transformer__seed42,MLH1,P43246:866:M>H,0,0.03087687
train-pg_dms__transformer__seed42,MLH1,P43246:866:M>G,0,0.024143564
train-pg_dms__transformer__seed42,MLH1,P43246:866:M>F,0,0.02059597
train-pg_dms__transformer__seed42,MLH1,P43246:866:M>V,0,0.013424837
train-pg_dms__transformer__seed42,MLH1,P43246:867:E>L,0,0.003291513
train-pg_dms__transformer__seed42,MLH1,P43246:867:E>K,0,0.0055120494
train-pg_dms__transformer__seed42,MLH1,P43246:867:E>F,0,0.011067087
train-pg_dms__transformer__seed42,MLH1,P43246:867:E>H,0,0.01654111
train-pg_dms__transformer__seed42,MLH1,P43246:867:E>G,0,0.0030019402
train-pg_dms__transformer__seed42,MLH1,P43246:867:E>M,0,0.048857935
train-pg_dms__transformer__seed42,MLH1,P43246:867:E>I,0,0.016109455
train-pg_dms__transformer__seed42,MLH1,P43246:867:E>N,0,0.0057305046
train-pg_dms__transformer__seed42,MLH1,P43246:867:E>S,0,0.0017736498
train-pg_dms__transformer__seed42,MLH1,P43246:867:E>Q,0,0.0014182599
train-pg_dms__transformer__seed42,MLH1,P43246:867:E>R,0,0.012374212
train-pg_dms__transformer__seed42,MLH1,P43246:867:E>C,0,0.008642548
train-pg_dms__transformer__seed42,MLH1,P43246:867:E>T,0,0.014917809
train-pg_dms__transformer__seed42,MLH1,P43246:867:E>V,0,0.0048307115
train-pg_dms__transformer__seed42,MLH1,P43246:867:E>W,1,0.16724697
train-pg_dms__transformer__seed42,MLH1,P43246:867:E>Y,0,0.01617393
train-pg_dms__transformer__seed42,MLH1,P43246:867:E>A,0,0.0008651604
train-pg_dms__transformer__seed42,MLH1,P43246:867:E>P,0,0.036156315
train-pg_dms__transformer__seed42,MLH1,P43246:868:P>S,0,0.019306911
train-pg_dms__transformer__seed42,MLH1,P43246:868:P>W,0,0.20087801
train-pg_dms__transformer__seed42,MLH1,P43246:868:P>A,0,0.021873258
train-pg_dms__transformer__seed42,MLH1,P43246:868:P>C,0,0.05388248
train-pg_dms__transformer__seed42,MLH1,P43246:868:P>D,0,0.060388777
train-pg_dms__transformer__seed42,MLH1,P43246:868:P>E,0,0.052560385
train-pg_dms__transformer__seed42,MLH1,P43246:868:P>F,0,0.083433665
train-pg_dms__transformer__seed42,MLH1,P43246:868:P>G,0,0.032124814
train-pg_dms__transformer__seed42,MLH1,P43246:868:P>H,0,0.069196984
train-pg_dms__transformer__seed42,MLH1,P43246:868:P>K,0,0.041491475
train-pg_dms__transformer__seed42,MLH1,P43246:868:P>L,0,0.030639214
train-pg_dms__transformer__seed42,MLH1,P43246:868:P>M,0,0.20758769
train-pg_dms__transformer__seed42,MLH1,P43246:868:P>N,0,0.05333961
train-pg_dms__transformer__seed42,MLH1,P43246:868:P>R,0,0.03406108
train-pg_dms__transformer__seed42,MLH1,P43246:868:P>T,0,0.03032129
train-pg_dms__transformer__seed42,MLH1,P43246:868:P>V,0,0.06355569
train-pg_dms__transformer__seed42,MLH1,P43246:868:P>Y,0,0.11940878
train-pg_dms__transformer__seed42,MLH1,P43246:868:P>I,0,0.08972202
train-pg_dms__transformer__seed42,MLH1,P43246:869:A>N,0,0.0068407864
train-pg_dms__transformer__seed42,MLH1,P43246:869:A>T,0,0.011700902
train-pg_dms__transformer__seed42,MLH1,P43246:869:A>C,0,0.005141113
train-pg_dms__transformer__seed42,MLH1,P43246:869:A>V,0,0.030321643
train-pg_dms__transformer__seed42,MLH1,P43246:869:A>W,0,0.12956747
train-pg_dms__transformer__seed42,MLH1,P43246:869:A>Q,0,0.0035190599
train-pg_dms__transformer__seed42,MLH1,P43246:869:A>P,0,0.018496195
train-pg_dms__transformer__seed42,MLH1,P43246:869:A>Y,0,0.045597147
train-pg_dms__transformer__seed42,MLH1,P43246:869:A>M,0,0.12199476
train-pg_dms__transformer__seed42,MLH1,P43246:869:A>L,0,0.004611303
train-pg_dms__transformer__seed42,MLH1,P43246:869:A>K,0,0.009872349
train-pg_dms__transformer__seed42,MLH1,P43246:869:A>I,0,0.06558255
train-pg_dms__transformer__seed42,MLH1,P43246:869:A>H,0,0.022671591
train-pg_dms__transformer__seed42,MLH1,P43246:869:A>G,0,0.010494928
train-pg_dms__transformer__seed42,MLH1,P43246:869:A>F,0,0.018036002
train-pg_dms__transformer__seed42,MLH1,P43246:869:A>E,0,0.015339478
train-pg_dms__transformer__seed42,MLH1,P43246:869:A>D,0,0.03902147
train-pg_dms__transformer__seed42,MLH1,P43246:869:A>S,0,0.0016546635
train-pg_dms__transformer__seed42,MLH1,P43246:869:A>R,0,0.026985273
train-pg_dms__transformer__seed42,MLH1,P43246:880:G>N,0,0.27377304
train-pg_dms__transformer__seed42,MLH1,P43246:880:G>M,0,0.4700501
train-pg_dms__transformer__seed42,MLH1,P43246:880:G>P,0,0.7802558
train-pg_dms__transformer__seed42,MLH1,P43246:880:G>K,0,0.5638117
train-pg_dms__transformer__seed42,MLH1,P43246:880:G>I,0,0.484239
train-pg_dms__transformer__seed42,MLH1,P43246:880:G>H,0,0.26065046
train-pg_dms__transformer__seed42,MLH1,P43246:880:G>F,0,0.32684436
train-pg_dms__transformer__seed42,MLH1,P43246:880:G>E,0,0.5721981
train-pg_dms__transformer__seed42,MLH1,P43246:880:G>D,0,0.7534367
train-pg_dms__transformer__seed42,MLH1,P43246:880:G>C,0,0.027908167
train-pg_dms__transformer__seed42,MLH1,P43246:880:G>A,0,0.08287679
train-pg_dms__transformer__seed42,MLH1,P43246:880:G>V,0,0.30996174
train-pg_dms__transformer__seed42,MLH1,P43246:880:G>Y,0,0.4711727
train-pg_dms__transformer__seed42,MLH1,P43246:880:G>T,0,0.13728555
train-pg_dms__transformer__seed42,MLH1,P43246:880:G>S,0,0.03687
train-pg_dms__transformer__seed42,MLH1,P43246:880:G>R,0,0.6947061
train-pg_dms__transformer__seed42,MLH1,P43246:880:G>L,0,0.112632416
train-pg_dms__transformer__seed42,MLH1,P43246:880:G>Q,0,0.113948785
train-pg_dms__transformer__seed42,MLH1,P43246:885:Q>G,0,0.008802217
train-pg_dms__transformer__seed42,MLH1,P43246:885:Q>I,0,0.13983406
train-pg_dms__transformer__seed42,MLH1,P43246:885:Q>K,0,0.0095288465
train-pg_dms__transformer__seed42,MLH1,P43246:885:Q>M,0,0.26903048
train-pg_dms__transformer__seed42,MLH1,P43246:885:Q>A,0,0.014272043
train-pg_dms__transformer__seed42,MLH1,P43246:885:Q>E,0,0.010012512
train-pg_dms__transformer__seed42,MLH1,P43246:885:Q>F,0,0.17736253
train-pg_dms__transformer__seed42,MLH1,P43246:885:Q>D,0,0.055561513
train-pg_dms__transformer__seed42,MLH1,P43246:885:Q>C,0,0.0141608985
train-pg_dms__transformer__seed42,MLH1,P43246:885:Q>P,0,0.6274092
train-pg_dms__transformer__seed42,MLH1,P43246:885:Q>R,0,0.011434805
train-pg_dms__transformer__seed42,MLH1,P43246:885:Q>S,0,0.007069928
train-pg_dms__transformer__seed42,MLH1,P43246:885:Q>T,0,0.019076495
train-pg_dms__transformer__seed42,MLH1,P43246:885:Q>V,0,0.07238687
train-pg_dms__transformer__seed42,MLH1,P43246:885:Q>Y,0,0.07277002
train-pg_dms__transformer__seed42,MLH1,P43246:885:Q>N,0,0.0091806725
train-pg_dms__transformer__seed42,MLH1,P43246:894:M>L,0,0.025440369
train-pg_dms__transformer__seed42,MLH1,P43246:894:M>K,0,0.20325887
train-pg_dms__transformer__seed42,MLH1,P43246:894:M>H,0,0.2799473
train-pg_dms__transformer__seed42,MLH1,P43246:894:M>G,0,0.32117534
train-pg_dms__transformer__seed42,MLH1,P43246:894:M>F,0,0.25949425
train-pg_dms__transformer__seed42,MLH1,P43246:894:M>E,0,0.39469483
train-pg_dms__transformer__seed42,MLH1,P43246:894:M>C,0,0.10948347
train-pg_dms__transformer__seed42,MLH1,P43246:894:M>A,0,0.12266784
train-pg_dms__transformer__seed42,MLH1,P43246:894:M>Y,0,0.36134666
train-pg_dms__transformer__seed42,MLH1,P43246:894:M>W,0,0.4044398
train-pg_dms__transformer__seed42,MLH1,P43246:894:M>P,0,0.9245179
train-pg_dms__transformer__seed42,MLH1,P43246:894:M>V,0,0.17267655
train-pg_dms__transformer__seed42,MLH1,P43246:894:M>T,0,0.15985663
train-pg_dms__transformer__seed42,MLH1,P43246:894:M>S,0,0.08588416
train-pg_dms__transformer__seed42,MLH1,P43246:894:M>Q,0,0.14911112
train-pg_dms__transformer__seed42,MLH1,P43246:894:M>N,0,0.23749918
train-pg_dms__transformer__seed42,MLH1,P43246:895:P>Y,0,0.100678034
train-pg_dms__transformer__seed42,MLH1,P43246:895:P>D,0,0.025088243
train-pg_dms__transformer__seed42,MLH1,P43246:895:P>C,0,0.023746682
train-pg_dms__transformer__seed42,MLH1,P43246:895:P>A,0,0.013081726
train-pg_dms__transformer__seed42,MLH1,P43246:895:P>L,0,0.029854795
train-pg_dms__transformer__seed42,MLH1,P43246:895:P>K,0,0.03657749
train-pg_dms__transformer__seed42,MLH1,P43246:895:P>H,0,0.070281036
train-pg_dms__transformer__seed42,MLH1,P43246:895:P>I,0,0.09400989
train-pg_dms__transformer__seed42,MLH1,P43246:895:P>F,0,0.21248518
train-pg_dms__transformer__seed42,MLH1,P43246:895:P>M,0,0.3145062
train-pg_dms__transformer__seed42,MLH1,P43246:895:P>G,0,0.02050178
train-pg_dms__transformer__seed42,MLH1,P43246:895:P>Q,0,0.01957392
train-pg_dms__transformer__seed42,MLH1,P43246:895:P>R,0,0.012362207
train-pg_dms__transformer__seed42,MLH1,P43246:895:P>T,0,0.03446648
train-pg_dms__transformer__seed42,MLH1,P43246:895:P>V,0,0.14022946
train-pg_dms__transformer__seed42,MLH1,P43246:895:P>W,0,0.12197145
train-pg_dms__transformer__seed42,MLH1,P43246:895:P>E,0,0.033117965
train-pg_dms__transformer__seed42,MLH1,P43246:895:P>N,0,0.014010593
train-pg_dms__transformer__seed42,MLH1,P43246:898:E>C,0,0.0037780218
train-pg_dms__transformer__seed42,MLH1,P43246:898:E>D,0,0.017613076
train-pg_dms__transformer__seed42,MLH1,P43246:898:E>G,0,0.00084615475
train-pg_dms__transformer__seed42,MLH1,P43246:898:E>H,0,0.010181535
train-pg_dms__transformer__seed42,MLH1,P43246:898:E>I,0,0.02438305
train-pg_dms__transformer__seed42,MLH1,P43246:898:E>L,0,0.001507046
train-pg_dms__transformer__seed42,MLH1,P43246:898:E>M,1,0.12948337
train-pg_dms__transformer__seed42,MLH1,P43246:898:E>N,0,0.002251603
train-pg_dms__transformer__seed42,MLH1,P43246:898:E>Q,0,0.001512553
train-pg_dms__transformer__seed42,MLH1,P43246:898:E>R,0,0.008360624
train-pg_dms__transformer__seed42,MLH1,P43246:898:E>S,0,0.00090759073
train-pg_dms__transformer__seed42,MLH1,P43246:898:E>V,0,0.0144299185
train-pg_dms__transformer__seed42,MLH1,P43246:898:E>W,0,0.088407
train-pg_dms__transformer__seed42,MLH1,P43246:898:E>Y,0,0.014907525
train-pg_dms__transformer__seed42,MLH1,P43246:898:E>A,0,0.0012118956
train-pg_dms__transformer__seed42,MLH1,P43246:898:E>P,0,0.103941746
train-pg_dms__transformer__seed42,MLH1,P43246:898:E>T,0,0.011700599
train-pg_dms__transformer__seed42,MLH1,P43246:901:E>A,0,0.0008596063
train-pg_dms__transformer__seed42,MLH1,P43246:901:E>C,0,0.013611563
train-pg_dms__transformer__seed42,MLH1,P43246:901:E>V,0,0.03242951
train-pg_dms__transformer__seed42,MLH1,P43246:901:E>D,0,0.008883975
train-pg_dms__transformer__seed42,MLH1,P43246:901:E>F,0,0.15457831
train-pg_dms__transformer__seed42,MLH1,P43246:901:E>G,0,0.0012071116
train-pg_dms__transformer__seed42,MLH1,P43246:901:E>W,0,0.15176888
train-pg_dms__transformer__seed42,MLH1,P43246:901:E>I,0,0.043467823
train-pg_dms__transformer__seed42,MLH1,P43246:901:E>K,0,0.004882701
train-pg_dms__transformer__seed42,MLH1,P43246:901:E>L,0,0.002803344
train-pg_dms__transformer__seed42,MLH1,P43246:901:E>H,0,0.032451645
train-pg_dms__transformer__seed42,MLH1,P43246:901:E>N,0,0.0030182765
train-pg_dms__transformer__seed42,MLH1,P43246:901:E>P,0,0.028629955
train-pg_dms__transformer__seed42,MLH1,P43246:901:E>Q,0,0.0014807788
train-pg_dms__transformer__seed42,MLH1,P43246:901:E>R,0,0.013578363
train-pg_dms__transformer__seed42,MLH1,P43246:901:E>S,0,0.0013641241
train-pg_dms__transformer__seed42,MLH1,P43246:901:E>T,0,0.003163422
train-pg_dms__transformer__seed42,MLH1,P43246:901:E>M,0,0.19347702
train-pg_dms__transformer__seed42,MLH1,P43246:918:K>C,0,0.003378439
train-pg_dms__transformer__seed42,MLH1,P43246:918:K>Y,0,0.051266316
train-pg_dms__transformer__seed42,MLH1,P43246:918:K>W,0,0.34775943
train-pg_dms__transformer__seed42,MLH1,P43246:918:K>V,0,0.033606403
train-pg_dms__transformer__seed42,MLH1,P43246:918:K>T,0,0.0153174335
train-pg_dms__transformer__seed42,MLH1,P43246:918:K>S,0,0.004346969
train-pg_dms__transformer__seed42,MLH1,P43246:918:K>R,0,0.0063963407
train-pg_dms__transformer__seed42,MLH1,P43246:918:K>Q,0,0.0052371644
train-pg_dms__transformer__seed42,MLH1,P43246:918:K>P,0,0.6544774
train-pg_dms__transformer__seed42,MLH1,P43246:918:K>L,0,0.00513302
train-pg_dms__transformer__seed42,MLH1,P43246:918:K>I,0,0.06387814
train-pg_dms__transformer__seed42,MLH1,P43246:918:K>H,0,0.012713033
train-pg_dms__transformer__seed42,MLH1,P43246:918:K>G,0,0.021275215
train-pg_dms__transformer__seed42,MLH1,P43246:918:K>F,0,0.1743617
train-pg_dms__transformer__seed42,MLH1,P43246:918:K>E,0,0.010979436
train-pg_dms__transformer__seed42,MLH1,P43246:918:K>A,0,0.008655221
train-pg_dms__transformer__seed42,MLH1,P43246:918:K>D,0,0.075537845
train-pg_dms__transformer__seed42,MLH1,P43246:932:V>E,0,0.010429381
train-pg_dms__transformer__seed42,MLH1,P43246:932:V>D,0,0.034493443
train-pg_dms__transformer__seed42,MLH1,P43246:932:V>W,0,0.25353524
train-pg_dms__transformer__seed42,MLH1,P43246:932:V>C,0,0.012654955
train-pg_dms__transformer__seed42,MLH1,P43246:932:V>Y,0,0.037721608
train-pg_dms__transformer__seed42,MLH1,P43246:932:V>F,0,0.07036312
train-pg_dms__transformer__seed42,MLH1,P43246:932:V>G,0,0.02233213
train-pg_dms__transformer__seed42,MLH1,P43246:932:V>H,0,0.049496766
train-pg_dms__transformer__seed42,MLH1,P43246:932:V>I,0,0.18495402
train-pg_dms__transformer__seed42,MLH1,P43246:932:V>K,0,0.0650883
train-pg_dms__transformer__seed42,MLH1,P43246:932:V>L,0,0.0067644143
train-pg_dms__transformer__seed42,MLH1,P43246:932:V>A,0,0.017861247
train-pg_dms__transformer__seed42,MLH1,P43246:932:V>N,0,0.020131713
train-pg_dms__transformer__seed42,MLH1,P43246:932:V>P,0,0.06452953
train-pg_dms__transformer__seed42,MLH1,P43246:932:V>Q,0,0.0131699
train-pg_dms__transformer__seed42,MLH1,P43246:932:V>R,0,0.1162146
train-pg_dms__transformer__seed42,MLH1,P43246:932:V>S,0,0.016909689
train-pg_dms__transformer__seed42,MLH1,P43246:932:V>T,0,0.028365558
train-pg_dms__transformer__seed42,MLH1,P43246:932:V>M,1,0.09225604
train-pg_dms__transformer__seed42,MSH6,P43246:577:I>T,0,0.1385454
train-pg_dms__transformer__seed42,MSH6,P43246:341:L>P,1,0.98024964
train-pg_dms__transformer__seed42,MSH6,P43246:46:H>Q,0,0.16380586
train-pg_dms__transformer__seed42,MSH6,P43246:564:T>A,0,0.034142487
train-pg_dms__transformer__seed42,MSH6,P43246:671:N>Y,1,0.17027135
train-pg_dms__transformer__seed42,MSH6,P43246:688:M>R,1,0.919272
train-pg_dms__transformer__seed42,MSH6,P43246:692:G>R,1,0.9603856
train-pg_dms__transformer__seed42,MSH6,P43246:692:G>V,1,0.896683
train-pg_dms__transformer__seed42,MSH6,P43246:696:P>L,1,0.955654
train-pg_dms__transformer__seed42,MSH6,P43246:8:T>M,0,0.24104819
train-pg_dms__transformer__seed42,MSH6,P43246:161:V>D,1,0.99726844
train-pg_dms__transformer__seed42,MSH6,P43246:162:G>R,1,0.9902569
train-pg_dms__transformer__seed42,MSH6,P43246:162:G>A,1,0.18362196
train-pg_dms__transformer__seed42,MSH6,P43246:175:L>P,1,0.9547783
train-pg_dms__transformer__seed42,MSH6,P43246:264:Q>H,0,0.0023701626
train-pg_dms__transformer__seed42,MSH6,P43246:331:N>D,0,0.08489891
train-pg_dms__transformer__seed42,MSH6,P43246:655:V>I,0,0.018452782
train-pg_dms__transformer__seed42,MSH6,P43246:606:V>D,0,0.47421858
train-pg_dms__transformer__seed42,MSH6,P43246:448:S>C,0,0.013418094
train-pg_dms__transformer__seed42,MSH6,P43246:22:F>L,0,0.2239093
train-pg_dms__transformer__seed42,MSH6,P43246:38:D>Y,0,0.1388031
train-pg_dms__transformer__seed42,MSH6,P43246:250:G>V,0,0.007935519
train-pg_dms__transformer__seed42,MSH6,P43246:461:D>G,0,0.01788073
train-pg_dms__transformer__seed42,MSH6,P43246:700:A>E,1,0.9354532
train-pg_dms__transformer__seed42,MSH6,P43246:862:G>R,0,0.021890946
train-pg_dms__transformer__seed42,MSH6,P43246:902:E>D,0,0.028213201
train-pg_dms__transformer__seed42,MSH6,P43246:906:I>V,0,0.013890936
train-pg_dms__transformer__seed42,MSH6,P43246:185:S>F,0,0.10529517
train-pg_dms__transformer__seed42,MSH6,P43246:219:R>T,0,0.12559365
train-pg_dms__transformer__seed42,MSH6,P43246:748:D>H,1,0.8107435
train-pg_dms__transformer__seed42,MSH6,P43246:449:K>R,1,0.0033842158
train-pg_dms__transformer__seed42,MSH6,P43246:874:Y>D,0,0.024573732
train-pg_dms__transformer__seed42,MSH6,P43246:126:G>R,0,0.5725905
train-pg_dms__transformer__seed42,MSH6,P43246:804:A>T,1,0.39817905
train-pg_dms__transformer__seed42,MSH6,P43246:266:A>T,1,0.057720613
train-pg_dms__transformer__seed42,MSH6,P43246:726:M>L,0,0.19999307
train-pg_dms__transformer__seed42,MSH6,P43246:176:C>F,0,0.059858304
train-pg_dms__transformer__seed42,MSH6,P43246:470:V>I,0,0.0141623765
train-pg_dms__transformer__seed42,MSH6,P43246:402:Q>H,0,0.009839687
train-pg_dms__transformer__seed42,MSH6,P43246:726:M>V,0,0.36434698
train-pg_dms__transformer__seed42,MSH6,P43246:670:P>R,0,0.6283878
train-pg_dms__transformer__seed42,MSH6,P43246:876:E>G,0,0.003909912
train-pg_dms__transformer__seed42,MSH6,P43246:889:S>F,0,0.008580564
train-pg_dms__transformer__seed42,MSH6,P43246:337:Q>R,0,0.951293
train-pg_dms__transformer__seed42,MSH6,P43246:250:G>R,0,0.020639896
train-pg_dms__transformer__seed42,MSH6,P43246:525:V>I,0,0.025160678
train-pg_dms__transformer__seed42,MSH6,P43246:415:P>A,0,0.008044358
train-pg_dms__transformer__seed42,MSH6,P43246:680:R>P,1,0.9899222
train-pg_dms__transformer__seed42,MSH6,P43246:441:T>S,0,0.0015739062
train-pg_dms__transformer__seed42,MSH6,P43246:881:E>K,0,0.0035513989
train-pg_dms__transformer__seed42,MSH6,P43246:902:E>G,0,0.0085768
train-pg_dms__transformer__seed42,MSH6,P43246:696:P>S,0,0.45979527
train-pg_dms__transformer__seed42,MSH6,P43246:852:E>K,0,0.042128127
train-pg_dms__transformer__seed42,MSH6,P43246:748:D>N,0,0.9191178
train-pg_dms__transformer__seed42,MSH6,P43246:862:G>V,0,0.021227939
train-pg_dms__transformer__seed42,MSH6,P43246:872:K>T,0,0.0053002
train-pg_dms__transformer__seed42,MSH6,P43246:63:V>M,0,0.47963384
train-pg_dms__transformer__seed42,MSH6,P43246:340:R>G,0,0.9779116
train-pg_dms__transformer__seed42,MSH6,P43246:385:P>S,0,0.025456158
train-pg_dms__transformer__seed42,MSH6,P43246:507:P>T,0,0.024868049
train-pg_dms__transformer__seed42,MSH6,P43246:46:H>P,0,0.6767282
train-pg_dms__transformer__seed42,MSH6,P43246:348:Q>E,0,0.11014369
train-pg_dms__transformer__seed42,MSH6,P43246:77:S>R,0,0.67706907
train-pg_dms__transformer__seed42,MSH6,P43246:438:T>I,0,0.0022323125
train-pg_dms__transformer__seed42,MSH6,P43246:909:K>E,0,0.041501317
train-pg_dms__transformer__seed42,MSH6,P43246:292:T>P,1,0.05850135
train-pg_dms__transformer__seed42,MSH6,P43246:791:A>V,0,0.0723838
train-pg_dms__transformer__seed42,MSH6,P43246:72:A>G,0,0.0056798523
train-pg_dms__transformer__seed42,MSH6,P43246:670:P>S,0,0.31302074
train-pg_dms__transformer__seed42,MSH6,P43246:680:R>Q,0,0.9311516
train-pg_dms__transformer__seed42,MSH6,P43246:382:R>S,0,0.029825162
train-pg_dms__transformer__seed42,MSH6,P43246:748:D>V,1,0.948791
train-pg_dms__transformer__seed42,MSH6,P43246:696:P>A,0,0.14632422
train-pg_dms__transformer__seed42,MSH6,P43246:773:K>E,0,0.007671441
train-pg_dms__transformer__seed42,MSH6,P43246:389:R>L,0,0.047450554
train-pg_dms__transformer__seed42,MSH6,P43246:223:L>V,0,0.020367969
train-pg_dms__transformer__seed42,MSH6,P43246:79:V>M,0,0.071300305
train-pg_dms__transformer__seed42,MSH6,P43246:86:E>G,0,0.032757793
train-pg_dms__transformer__seed42,MSH6,P43246:415:P>R,0,0.034518875
train-pg_dms__transformer__seed42,MSH6,P43246:502:D>V,0,0.0032140454
train-pg_dms__transformer__seed42,MSH6,P43246:548:G>D,1,0.8469354
train-pg_dms__transformer__seed42,MSH6,P43246:703:S>F,1,0.31838736
train-pg_dms__transformer__seed42,MSH6,P43246:895:P>S,0,0.017240304
train-pg_dms__transformer__seed42,MSH6,P43246:791:A>P,0,0.30063695
train-pg_dms__transformer__seed42,MSH6,P43246:190:L>F,0,0.024035621
train-pg_dms__transformer__seed42,MSH6,P43246:191:L>V,1,0.02960561
train-pg_dms__transformer__seed42,MSH6,P43246:193:Q>P,0,0.8722372
train-pg_dms__transformer__seed42,MSH6,P43246:270:L>P,1,0.95660585
train-pg_dms__transformer__seed42,MSH6,P43246:833:L>H,0,0.1369122
train-pg_dms__transformer__seed42,MSH6,P43246:8:T>K,0,0.015754942
train-pg_dms__transformer__seed42,MSH6,P43246:123:A>T,0,0.58046466
train-pg_dms__transformer__seed42,MSH6,P43246:340:R>T,0,0.9569135
train-pg_dms__transformer__seed42,MSH6,P43246:530:E>G,0,0.45864296
train-pg_dms__transformer__seed42,MSH6,P43246:574:Q>H,1,0.3502428
train-pg_dms__transformer__seed42,MSH6,P43246:577:I>L,0,0.04544609
train-pg_dms__transformer__seed42,MSH6,P43246:670:P>T,0,0.45749354
train-pg_dms__transformer__seed42,MSH6,P43246:726:M>T,0,0.37956473
train-pg_dms__transformer__seed42,MSH6,P43246:213:L>R,1,0.6757438
train-pg_dms__transformer__seed42,MSH6,P43246:315:G>D,0,0.021949528
train-pg_dms__transformer__seed42,MSH6,P43246:579:K>E,0,0.0376391
train-pg_dms__transformer__seed42,MSH6,P43246:791:A>S,0,0.00492746
train-pg_dms__transformer__seed42,MSH6,P43246:861:Q>K,0,0.0017987345
train-pg_dms__transformer__seed42,MSH6,P43246:799:N>K,0,0.4719811
train-pg_dms__transformer__seed42,MSH6,P43246:739:A>T,0,0.45205268
train-pg_dms__transformer__seed42,MSH6,P43246:264:Q>P,0,0.0072921044
train-pg_dms__transformer__seed42,MSH6,P43246:438:T>P,0,0.011466834
train-pg_dms__transformer__seed42,MSH6,P43246:286:F>S,0,0.10598272
train-pg_dms__transformer__seed42,MSH6,P43246:63:V>A,0,0.3356226
train-pg_dms__transformer__seed42,MSH6,P43246:651:I>T,0,0.16343611
train-pg_dms__transformer__seed42,MSH6,P43246:680:R>L,0,0.9502071
train-pg_dms__transformer__seed42,MSH6,P43246:742:D>Y,0,0.0054055485
train-pg_dms__transformer__seed42,MSH6,P43246:126:G>D,1,0.55157113
train-pg_dms__transformer__seed42,MSH6,P43246:592:M>T,0,0.10489772
train-pg_dms__transformer__seed42,MSH6,P43246:771:A>T,0,0.042334933
train-pg_dms__transformer__seed42,MSH6,P43246:279:L>P,0,0.7813946
train-pg_dms__transformer__seed42,MSH6,P43246:415:P>L,0,0.022183603
train-pg_dms__transformer__seed42,MSH6,P43246:691:I>S,0,0.012716761
train-pg_dms__transformer__seed42,MSH6,P43246:799:N>S,0,0.0477091
train-pg_dms__transformer__seed42,MSH6,P43246:378:E>K,0,0.01057392
train-pg_dms__transformer__seed42,MSH6,P43246:915:V>L,0,0.007297401
train-pg_dms__transformer__seed42,MSH6,P43246:596:N>I,0,0.2829674
train-pg_dms__transformer__seed42,MSH6,P43246:582:V>L,0,0.009057661
train-pg_dms__transformer__seed42,MSH6,P43246:277:L>S,0,0.05742679
train-pg_dms__transformer__seed42,MSH6,P43246:382:R>L,0,0.016663875
train-pg_dms__transformer__seed42,MSH6,P43246:357:E>K,0,0.022311952
train-pg_dms__transformer__seed42,MSH6,P43246:665:H>P,1,0.8222227
train-pg_dms__transformer__seed42,MSH6,P43246:470:V>L,0,0.22062983
train-pg_dms__transformer__seed42,MSH6,P43246:79:V>G,0,0.019122105
train-pg_dms__transformer__seed42,MSH6,P43246:438:T>S,1,0.003074978
train-pg_dms__transformer__seed42,MSH6,P43246:427:K>E,0,0.004235998
train-pg_dms__transformer__seed42,MSH6,P43246:357:E>V,0,0.024000691
train-pg_dms__transformer__seed42,MSH6,P43246:28:E>D,0,0.023952175
train-pg_dms__transformer__seed42,MSH6,P43246:763:A>P,1,0.9943474
train-pg_dms__transformer__seed42,MSH6,P43246:432:L>W,0,0.55065256
train-pg_dms__transformer__seed42,MSH6,P43246:182:D>E,0,0.0017213771
train-pg_dms__transformer__seed42,MSH6,P43246:865:I>M,0,0.02069099
train-pg_dms__transformer__seed42,MSH6,P43246:382:R>P,0,0.12514104
train-pg_dms__transformer__seed42,MSH6,P43246:123:A>S,0,0.030037345
train-pg_dms__transformer__seed42,MSH6,P43246:161:V>F,0,0.126119
train-pg_dms__transformer__seed42,MSH6,P43246:213:L>M,0,0.05152291
train-pg_dms__transformer__seed42,MSH6,P43246:237:I>S,0,0.0026369158
train-pg_dms__transformer__seed42,MSH6,P43246:429:Q>H,0,0.014753025
train-pg_dms__transformer__seed42,MSH6,P43246:582:V>I,1,0.008880319
train-pg_dms__transformer__seed42,MSH6,P43246:469:L>F,0,0.03172545
train-pg_dms__transformer__seed42,MSH6,P43246:470:V>A,0,0.33187288
train-pg_dms__transformer__seed42,MSH6,P43246:671:N>I,1,0.3147632
train-pg_dms__transformer__seed42,MSH6,P43246:902:E>K,0,0.022701098
train-pg_dms__transformer__seed42,MSH6,P43246:700:A>G,0,0.012755638
train-pg_dms__transformer__seed42,MSH6,P43246:77:S>G,0,0.02770159
train-pg_dms__transformer__seed42,MSH6,P43246:804:A>V,0,0.33521622
train-pg_dms__transformer__seed42,MSH6,P43246:849:L>Q,0,0.0008071625
train-pg_dms__transformer__seed42,MSH6,P43246:934:T>A,0,0.007880437
train-pg_dms__transformer__seed42,MSH6,P43246:651:I>L,0,0.093789056
train-pg_dms__transformer__seed42,MSH6,P43246:742:D>H,0,0.0063228104
train-pg_dms__transformer__seed42,MSH6,P43246:753:G>V,0,0.6492223
train-pg_dms__transformer__seed42,MSH6,P43246:771:A>E,0,0.93273944
train-pg_dms__transformer__seed42,MSH6,P43246:739:A>V,0,0.67596215
train-pg_dms__transformer__seed42,MSH6,P43246:86:E>Q,0,0.014404802
train-pg_dms__transformer__seed42,MSH6,P43246:460:M>I,0,0.30050138
train-pg_dms__transformer__seed42,MSH6,P43246:191:L>P,1,0.94299436
train-pg_dms__transformer__seed42,MSH6,P43246:826:F>S,0,0.18533137
train-pg_dms__transformer__seed42,MSH6,P43246:161:V>G,1,0.9530235
train-pg_dms__transformer__seed42,MSH6,P43246:8:T>A,0,0.004621202
train-pg_dms__transformer__seed42,MSH6,P43246:679:I>V,0,0.15059772
train-pg_dms__transformer__seed42,MSH6,P43246:181:N>H,0,0.014991487
train-pg_dms__transformer__seed42,MSH6,P43246:868:P>Q,0,0.023996362
train-pg_dms__transformer__seed42,MSH6,P43246:31:T>I,0,0.01942926
train-pg_dms__transformer__seed42,MSH6,P43246:589:V>L,0,0.002216261
train-pg_dms__transformer__seed42,MSH6,P43246:449:K>M,0,0.25644422
train-pg_dms__transformer__seed42,MSH6,P43246:8:T>G,0,0.0075276075
train-pg_dms__transformer__seed42,MSH6,P43246:8:T>C,0,0.0045017675
train-pg_dms__transformer__seed42,MSH6,P43246:8:T>D,0,0.026884744
train-pg_dms__transformer__seed42,MSH6,P43246:8:T>E,0,0.016975367
train-pg_dms__transformer__seed42,MSH6,P43246:8:T>F,0,0.0050717606
train-pg_dms__transformer__seed42,MSH6,P43246:8:T>H,0,0.0065744533
train-pg_dms__transformer__seed42,MSH6,P43246:8:T>I,0,0.0121850725
train-pg_dms__transformer__seed42,MSH6,P43246:8:T>L,0,0.004091162
train-pg_dms__transformer__seed42,MSH6,P43246:8:T>N,0,0.0043752976
train-pg_dms__transformer__seed42,MSH6,P43246:8:T>P,0,0.026554061
train-pg_dms__transformer__seed42,MSH6,P43246:8:T>V,0,0.010776655
train-pg_dms__transformer__seed42,MSH6,P43246:8:T>Y,0,0.0087207
train-pg_dms__transformer__seed42,MSH6,P43246:8:T>W,0,0.16676585
train-pg_dms__transformer__seed42,MSH6,P43246:8:T>Q,0,0.0068674977
train-pg_dms__transformer__seed42,MSH6,P43246:8:T>R,0,0.0236117
train-pg_dms__transformer__seed42,MSH6,P43246:8:T>S,0,0.0031255023
train-pg_dms__transformer__seed42,MSH6,P43246:22:F>I,0,0.1304586
train-pg_dms__transformer__seed42,MSH6,P43246:22:F>H,0,0.038948234
train-pg_dms__transformer__seed42,MSH6,P43246:22:F>G,0,0.1363099
train-pg_dms__transformer__seed42,MSH6,P43246:22:F>K,0,0.28166574
train-pg_dms__transformer__seed42,MSH6,P43246:22:F>C,0,0.022348398
train-pg_dms__transformer__seed42,MSH6,P43246:22:F>A,0,0.059595287
train-pg_dms__transformer__seed42,MSH6,P43246:22:F>D,0,0.4340685
train-pg_dms__transformer__seed42,MSH6,P43246:22:F>E,0,0.38341847
train-pg_dms__transformer__seed42,MSH6,P43246:22:F>N,0,0.11802937
train-pg_dms__transformer__seed42,MSH6,P43246:22:F>P,0,0.72139657
train-pg_dms__transformer__seed42,MSH6,P43246:22:F>Q,0,0.12161915
train-pg_dms__transformer__seed42,MSH6,P43246:22:F>Y,0,0.004843851
train-pg_dms__transformer__seed42,MSH6,P43246:22:F>W,0,0.2888515
train-pg_dms__transformer__seed42,MSH6,P43246:22:F>V,0,0.100629576
train-pg_dms__transformer__seed42,MSH6,P43246:22:F>T,0,0.12190013
train-pg_dms__transformer__seed42,MSH6,P43246:22:F>M,0,0.37580335
train-pg_dms__transformer__seed42,MSH6,P43246:22:F>R,0,0.35096523
train-pg_dms__transformer__seed42,MSH6,P43246:22:F>S,0,0.06912098
train-pg_dms__transformer__seed42,MSH6,P43246:24:Q>D,0,0.01857546
train-pg_dms__transformer__seed42,MSH6,P43246:24:Q>Y,0,0.009790101
train-pg_dms__transformer__seed42,MSH6,P43246:24:Q>W,0,0.14573269
train-pg_dms__transformer__seed42,MSH6,P43246:24:Q>V,0,0.026783964
train-pg_dms__transformer__seed42,MSH6,P43246:24:Q>T,0,0.007669946
train-pg_dms__transformer__seed42,MSH6,P43246:24:Q>S,0,0.006744565
train-pg_dms__transformer__seed42,MSH6,P43246:24:Q>R,0,0.01781112
train-pg_dms__transformer__seed42,MSH6,P43246:24:Q>P,0,0.11001729
train-pg_dms__transformer__seed42,MSH6,P43246:24:Q>N,0,0.007654055
train-pg_dms__transformer__seed42,MSH6,P43246:24:Q>M,0,0.04962105
train-pg_dms__transformer__seed42,MSH6,P43246:24:Q>L,0,0.0041957996
train-pg_dms__transformer__seed42,MSH6,P43246:24:Q>I,0,0.011489385
train-pg_dms__transformer__seed42,MSH6,P43246:24:Q>H,0,0.011203226
train-pg_dms__transformer__seed42,MSH6,P43246:24:Q>G,0,0.0071470137
train-pg_dms__transformer__seed42,MSH6,P43246:24:Q>F,0,0.013956727
train-pg_dms__transformer__seed42,MSH6,P43246:24:Q>A,0,0.0056107147
train-pg_dms__transformer__seed42,MSH6,P43246:24:Q>E,0,0.022821382
train-pg_dms__transformer__seed42,MSH6,P43246:24:Q>K,0,0.010266368
train-pg_dms__transformer__seed42,MSH6,P43246:28:E>A,0,0.010651571
train-pg_dms__transformer__seed42,MSH6,P43246:28:E>C,0,0.08253961
train-pg_dms__transformer__seed42,MSH6,P43246:28:E>F,0,0.07673635
train-pg_dms__transformer__seed42,MSH6,P43246:28:E>Y,0,0.0807997
train-pg_dms__transformer__seed42,MSH6,P43246:28:E>I,0,0.039699685
train-pg_dms__transformer__seed42,MSH6,P43246:28:E>L,0,0.024214081
train-pg_dms__transformer__seed42,MSH6,P43246:28:E>M,0,0.1336014
train-pg_dms__transformer__seed42,MSH6,P43246:28:E>P,0,0.10227636
train-pg_dms__transformer__seed42,MSH6,P43246:28:E>Q,0,0.015031858
train-pg_dms__transformer__seed42,MSH6,P43246:28:E>R,0,0.0750184
train-pg_dms__transformer__seed42,MSH6,P43246:28:E>G,0,0.010149254
train-pg_dms__transformer__seed42,MSH6,P43246:28:E>N,0,0.019005928
train-pg_dms__transformer__seed42,MSH6,P43246:28:E>W,0,0.4295604
train-pg_dms__transformer__seed42,MSH6,P43246:28:E>T,0,0.031594016
train-pg_dms__transformer__seed42,MSH6,P43246:28:E>S,0,0.008861863
train-pg_dms__transformer__seed42,MSH6,P43246:28:E>V,0,0.04287506
train-pg_dms__transformer__seed42,MSH6,P43246:31:T>F,0,0.0064359494
train-pg_dms__transformer__seed42,MSH6,P43246:31:T>E,0,0.015924346
train-pg_dms__transformer__seed42,MSH6,P43246:31:T>N,0,0.003999169
train-pg_dms__transformer__seed42,MSH6,P43246:31:T>V,0,0.010824349
train-pg_dms__transformer__seed42,MSH6,P43246:31:T>L,0,0.004435826
train-pg_dms__transformer__seed42,MSH6,P43246:31:T>K,0,0.017688323
train-pg_dms__transformer__seed42,MSH6,P43246:31:T>M,0,0.038153484
train-pg_dms__transformer__seed42,MSH6,P43246:31:T>H,0,0.006206796
train-pg_dms__transformer__seed42,MSH6,P43246:31:T>G,0,0.00612965
train-pg_dms__transformer__seed42,MSH6,P43246:31:T>A,0,0.0034532035
train-pg_dms__transformer__seed42,MSH6,P43246:31:T>C,0,0.008327485
train-pg_dms__transformer__seed42,MSH6,P43246:31:T>D,0,0.024848169
train-pg_dms__transformer__seed42,MSH6,P43246:31:T>P,0,0.04927143
train-pg_dms__transformer__seed42,MSH6,P43246:31:T>S,0,0.009304886
train-pg_dms__transformer__seed42,MSH6,P43246:31:T>Y,0,0.010067445
train-pg_dms__transformer__seed42,MSH6,P43246:31:T>W,0,0.11650029
train-pg_dms__transformer__seed42,MSH6,P43246:31:T>R,0,0.020835767
train-pg_dms__transformer__seed42,MSH6,P43246:31:T>Q,0,0.0025481053
train-pg_dms__transformer__seed42,MSH6,P43246:38:D>I,0,0.3921121
train-pg_dms__transformer__seed42,MSH6,P43246:38:D>W,0,0.41894835
train-pg_dms__transformer__seed42,MSH6,P43246:38:D>V,0,0.21860673
train-pg_dms__transformer__seed42,MSH6,P43246:38:D>T,0,0.28909892
train-pg_dms__transformer__seed42,MSH6,P43246:38:D>S,0,0.048461217
train-pg_dms__transformer__seed42,MSH6,P43246:38:D>R,0,0.33113107
train-pg_dms__transformer__seed42,MSH6,P43246:38:D>Q,0,0.08222773
train-pg_dms__transformer__seed42,MSH6,P43246:38:D>P,0,0.59128183
train-pg_dms__transformer__seed42,MSH6,P43246:38:D>K,0,0.39238963
train-pg_dms__transformer__seed42,MSH6,P43246:38:D>L,0,0.17631273
train-pg_dms__transformer__seed42,MSH6,P43246:38:D>A,0,0.11912913
train-pg_dms__transformer__seed42,MSH6,P43246:38:D>E,0,0.06425123
train-pg_dms__transformer__seed42,MSH6,P43246:38:D>F,0,0.17742957
train-pg_dms__transformer__seed42,MSH6,P43246:38:D>G,0,0.14721139
train-pg_dms__transformer__seed42,MSH6,P43246:38:D>H,0,0.1204017
train-pg_dms__transformer__seed42,MSH6,P43246:38:D>N,0,0.07566639
train-pg_dms__transformer__seed42,MSH6,P43246:40:G>M,0,0.101026356
train-pg_dms__transformer__seed42,MSH6,P43246:40:G>C,0,0.014885547
train-pg_dms__transformer__seed42,MSH6,P43246:40:G>A,0,0.014783608
train-pg_dms__transformer__seed42,MSH6,P43246:40:G>H,0,0.06886517
train-pg_dms__transformer__seed42,MSH6,P43246:40:G>I,0,0.044288397
train-pg_dms__transformer__seed42,MSH6,P43246:40:G>K,0,0.0967204
train-pg_dms__transformer__seed42,MSH6,P43246:40:G>L,0,0.026965383
train-pg_dms__transformer__seed42,MSH6,P43246:40:G>N,0,0.021627104
train-pg_dms__transformer__seed42,MSH6,P43246:40:G>W,0,0.31808203
train-pg_dms__transformer__seed42,MSH6,P43246:40:G>Q,0,0.031053208
train-pg_dms__transformer__seed42,MSH6,P43246:40:G>R,0,0.09825339
train-pg_dms__transformer__seed42,MSH6,P43246:40:G>S,0,0.021364765
train-pg_dms__transformer__seed42,MSH6,P43246:40:G>T,0,0.022248797
train-pg_dms__transformer__seed42,MSH6,P43246:40:G>V,0,0.035558414
train-pg_dms__transformer__seed42,MSH6,P43246:40:G>Y,0,0.065120146
train-pg_dms__transformer__seed42,MSH6,P43246:40:G>F,0,0.06092728
train-pg_dms__transformer__seed42,MSH6,P43246:40:G>P,0,0.2755892
train-pg_dms__transformer__seed42,MSH6,P43246:40:G>D,0,0.13241674
train-pg_dms__transformer__seed42,MSH6,P43246:41:D>C,0,0.052476548
train-pg_dms__transformer__seed42,MSH6,P43246:41:D>A,0,0.04547043
train-pg_dms__transformer__seed42,MSH6,P43246:41:D>N,0,0.024361685
train-pg_dms__transformer__seed42,MSH6,P43246:41:D>M,0,0.22091776
train-pg_dms__transformer__seed42,MSH6,P43246:41:D>R,0,0.067589454
train-pg_dms__transformer__seed42,MSH6,P43246:41:D>Q,0,0.023291199
train-pg_dms__transformer__seed42,MSH6,P43246:41:D>S,0,0.019811198
train-pg_dms__transformer__seed42,MSH6,P43246:41:D>Y,0,0.09374963
train-pg_dms__transformer__seed42,MSH6,P43246:41:D>W,0,0.2669813
train-pg_dms__transformer__seed42,MSH6,P43246:41:D>V,0,0.05191324
train-pg_dms__transformer__seed42,MSH6,P43246:41:D>P,0,0.1394078
train-pg_dms__transformer__seed42,MSH6,P43246:41:D>L,0,0.047358
train-pg_dms__transformer__seed42,MSH6,P43246:41:D>K,0,0.049436964
train-pg_dms__transformer__seed42,MSH6,P43246:41:D>I,0,0.054788444
train-pg_dms__transformer__seed42,MSH6,P43246:41:D>H,0,0.04679734
train-pg_dms__transformer__seed42,MSH6,P43246:41:D>E,0,0.023298262
train-pg_dms__transformer__seed42,MSH6,P43246:41:D>F,0,0.055673815
train-pg_dms__transformer__seed42,MSH6,P43246:41:D>G,0,0.023457812
train-pg_dms__transformer__seed42,MSH6,P43246:41:D>T,0,0.0566185
train-pg_dms__transformer__seed42,MSH6,P43246:42:F>T,0,0.27450222
train-pg_dms__transformer__seed42,MSH6,P43246:42:F>S,0,0.17107867
train-pg_dms__transformer__seed42,MSH6,P43246:42:F>Q,0,0.15695077
train-pg_dms__transformer__seed42,MSH6,P43246:42:F>P,0,0.6070734
train-pg_dms__transformer__seed42,MSH6,P43246:42:F>N,0,0.17934345
train-pg_dms__transformer__seed42,MSH6,P43246:42:F>K,0,0.33374745
train-pg_dms__transformer__seed42,MSH6,P43246:42:F>L,0,0.22030449
train-pg_dms__transformer__seed42,MSH6,P43246:42:F>I,0,0.17838207
train-pg_dms__transformer__seed42,MSH6,P43246:42:F>H,0,0.1508302
train-pg_dms__transformer__seed42,MSH6,P43246:42:F>G,0,0.2368364
train-pg_dms__transformer__seed42,MSH6,P43246:42:F>E,0,0.34015796
train-pg_dms__transformer__seed42,MSH6,P43246:42:F>C,0,0.06579808
train-pg_dms__transformer__seed42,MSH6,P43246:42:F>A,0,0.29408595
train-pg_dms__transformer__seed42,MSH6,P43246:42:F>M,0,0.30570614
train-pg_dms__transformer__seed42,MSH6,P43246:42:F>D,0,0.57082576
train-pg_dms__transformer__seed42,MSH6,P43246:42:F>R,0,0.38893813
train-pg_dms__transformer__seed42,MSH6,P43246:42:F>Y,0,0.00975586
train-pg_dms__transformer__seed42,MSH6,P43246:42:F>W,0,0.20168109
train-pg_dms__transformer__seed42,MSH6,P43246:42:F>V,0,0.13003686
train-pg_dms__transformer__seed42,MSH6,P43246:46:H>S,0,0.18487012
train-pg_dms__transformer__seed42,MSH6,P43246:46:H>N,0,0.38093632
train-pg_dms__transformer__seed42,MSH6,P43246:46:H>M,0,0.31029087
train-pg_dms__transformer__seed42,MSH6,P43246:46:H>L,0,0.101775885
train-pg_dms__transformer__seed42,MSH6,P43246:46:H>R,0,0.5079543
train-pg_dms__transformer__seed42,MSH6,P43246:46:H>T,0,0.2696163
train-pg_dms__transformer__seed42,MSH6,P43246:46:H>F,0,0.10158074
train-pg_dms__transformer__seed42,MSH6,P43246:46:H>W,0,0.3573201
train-pg_dms__transformer__seed42,MSH6,P43246:46:H>Y,0,0.085898444
train-pg_dms__transformer__seed42,MSH6,P43246:46:H>G,0,0.32102057
train-pg_dms__transformer__seed42,MSH6,P43246:46:H>K,0,0.46713674
train-pg_dms__transformer__seed42,MSH6,P43246:46:H>A,0,0.19628417
train-pg_dms__transformer__seed42,MSH6,P43246:46:H>C,0,0.037939504
train-pg_dms__transformer__seed42,MSH6,P43246:46:H>D,1,0.609473
train-pg_dms__transformer__seed42,MSH6,P43246:46:H>V,0,0.25845075
train-pg_dms__transformer__seed42,MSH6,P43246:46:H>I,0,0.3688191
train-pg_dms__transformer__seed42,MSH6,P43246:48:E>D,0,0.013762351
train-pg_dms__transformer__seed42,MSH6,P43246:48:E>F,0,0.021598645
train-pg_dms__transformer__seed42,MSH6,P43246:48:E>H,0,0.008859108
train-pg_dms__transformer__seed42,MSH6,P43246:48:E>I,0,0.0071266396
train-pg_dms__transformer__seed42,MSH6,P43246:48:E>K,0,0.0053773536
train-pg_dms__transformer__seed42,MSH6,P43246:48:E>L,0,0.0056791333
train-pg_dms__transformer__seed42,MSH6,P43246:48:E>M,0,0.03401013
train-pg_dms__transformer__seed42,MSH6,P43246:48:E>Q,0,0.0010559577
train-pg_dms__transformer__seed42,MSH6,P43246:48:E>N,0,0.0021457889
train-pg_dms__transformer__seed42,MSH6,P43246:48:E>Y,0,0.01111309
train-pg_dms__transformer__seed42,MSH6,P43246:48:E>W,0,0.12739137
train-pg_dms__transformer__seed42,MSH6,P43246:48:E>V,0,0.0057793553
train-pg_dms__transformer__seed42,MSH6,P43246:48:E>T,0,0.0077851424
train-pg_dms__transformer__seed42,MSH6,P43246:48:E>S,0,0.0016011473
train-pg_dms__transformer__seed42,MSH6,P43246:48:E>R,0,0.012508026
train-pg_dms__transformer__seed42,MSH6,P43246:48:E>G,0,0.001222422
train-pg_dms__transformer__seed42,MSH6,P43246:48:E>C,0,0.012531111
train-pg_dms__transformer__seed42,MSH6,P43246:48:E>P,0,0.011546492
train-pg_dms__transformer__seed42,MSH6,P43246:48:E>A,0,0.0019547075
train-pg_dms__transformer__seed42,MSH6,P43246:60:T>C,0,0.042707235
train-pg_dms__transformer__seed42,MSH6,P43246:60:T>V,0,0.14093094
train-pg_dms__transformer__seed42,MSH6,P43246:60:T>S,0,0.013985545
train-pg_dms__transformer__seed42,MSH6,P43246:60:T>R,0,0.19754195
train-pg_dms__transformer__seed42,MSH6,P43246:60:T>P,1,0.44919586
train-pg_dms__transformer__seed42,MSH6,P43246:60:T>Y,0,0.10065222
train-pg_dms__transformer__seed42,MSH6,P43246:60:T>A,0,0.086266235
train-pg_dms__transformer__seed42,MSH6,P43246:60:T>N,0,0.056436025
train-pg_dms__transformer__seed42,MSH6,P43246:60:T>W,1,0.26541105
train-pg_dms__transformer__seed42,MSH6,P43246:60:T>L,0,0.06717977
train-pg_dms__transformer__seed42,MSH6,P43246:60:T>M,0,0.13522436
train-pg_dms__transformer__seed42,MSH6,P43246:60:T>F,0,0.06978906
train-pg_dms__transformer__seed42,MSH6,P43246:60:T>G,0,0.048421282
train-pg_dms__transformer__seed42,MSH6,P43246:60:T>H,0,0.05745461
train-pg_dms__transformer__seed42,MSH6,P43246:60:T>I,0,0.14370619
train-pg_dms__transformer__seed42,MSH6,P43246:63:V>Q,0,0.6301783
train-pg_dms__transformer__seed42,MSH6,P43246:63:V>R,0,0.97553
train-pg_dms__transformer__seed42,MSH6,P43246:63:V>D,1,0.9148897
train-pg_dms__transformer__seed42,MSH6,P43246:63:V>C,0,0.4484198
train-pg_dms__transformer__seed42,MSH6,P43246:63:V>F,0,0.2917234
train-pg_dms__transformer__seed42,MSH6,P43246:63:V>G,0,0.6687528
train-pg_dms__transformer__seed42,MSH6,P43246:63:V>W,0,0.9288728
train-pg_dms__transformer__seed42,MSH6,P43246:63:V>H,0,0.5776809
train-pg_dms__transformer__seed42,MSH6,P43246:63:V>I,0,0.035042953
train-pg_dms__transformer__seed42,MSH6,P43246:63:V>L,0,0.619746
train-pg_dms__transformer__seed42,MSH6,P43246:63:V>T,0,0.54742783
train-pg_dms__transformer__seed42,MSH6,P43246:63:V>N,0,0.57903206
train-pg_dms__transformer__seed42,MSH6,P43246:63:V>P,0,0.97690463
train-pg_dms__transformer__seed42,MSH6,P43246:63:V>S,0,0.38349935
train-pg_dms__transformer__seed42,MSH6,P43246:63:V>Y,0,0.7206709
train-pg_dms__transformer__seed42,MSH6,P43246:64:I>Y,0,0.24675538
train-pg_dms__transformer__seed42,MSH6,P43246:64:I>W,1,0.5772198
train-pg_dms__transformer__seed42,MSH6,P43246:64:I>V,0,0.026646812
train-pg_dms__transformer__seed42,MSH6,P43246:64:I>T,0,0.14190651
train-pg_dms__transformer__seed42,MSH6,P43246:64:I>S,0,0.1963305
train-pg_dms__transformer__seed42,MSH6,P43246:64:I>R,0,0.57123166
train-pg_dms__transformer__seed42,MSH6,P43246:64:I>Q,0,0.11484386
train-pg_dms__transformer__seed42,MSH6,P43246:64:I>N,0,0.37919247
train-pg_dms__transformer__seed42,MSH6,P43246:64:I>M,0,0.13400747
train-pg_dms__transformer__seed42,MSH6,P43246:64:I>L,0,0.016403018
train-pg_dms__transformer__seed42,MSH6,P43246:64:I>K,0,0.5247251
train-pg_dms__transformer__seed42,MSH6,P43246:64:I>F,0,0.07827553
train-pg_dms__transformer__seed42,MSH6,P43246:64:I>E,1,0.54658693
train-pg_dms__transformer__seed42,MSH6,P43246:64:I>D,0,0.69599956
train-pg_dms__transformer__seed42,MSH6,P43246:64:I>C,0,0.060776677
train-pg_dms__transformer__seed42,MSH6,P43246:64:I>A,0,0.18017158
train-pg_dms__transformer__seed42,MSH6,P43246:64:I>P,1,0.82765025
train-pg_dms__transformer__seed42,MSH6,P43246:64:I>G,0,0.43089363
train-pg_dms__transformer__seed42,MSH6,P43246:66:Y>F,0,0.0114477435
train-pg_dms__transformer__seed42,MSH6,P43246:66:Y>C,0,0.007296813
train-pg_dms__transformer__seed42,MSH6,P43246:66:Y>A,0,0.029877245
train-pg_dms__transformer__seed42,MSH6,P43246:66:Y>W,0,0.19868015
train-pg_dms__transformer__seed42,MSH6,P43246:66:Y>V,0,0.052318774
train-pg_dms__transformer__seed42,MSH6,P43246:66:Y>T,0,0.033365026
train-pg_dms__transformer__seed42,MSH6,P43246:66:Y>S,0,0.014454324
train-pg_dms__transformer__seed42,MSH6,P43246:66:Y>Q,0,0.026329344
train-pg_dms__transformer__seed42,MSH6,P43246:66:Y>P,0,0.33874708
train-pg_dms__transformer__seed42,MSH6,P43246:66:Y>N,0,0.014501924
train-pg_dms__transformer__seed42,MSH6,P43246:66:Y>G,0,0.05698564
train-pg_dms__transformer__seed42,MSH6,P43246:66:Y>L,0,0.021388097
train-pg_dms__transformer__seed42,MSH6,P43246:66:Y>I,0,0.04159669
train-pg_dms__transformer__seed42,MSH6,P43246:66:Y>H,0,0.015464192
train-pg_dms__transformer__seed42,MSH6,P43246:66:Y>R,0,0.05725565
train-pg_dms__transformer__seed42,MSH6,P43246:66:Y>M,0,0.07706278
train-pg_dms__transformer__seed42,MSH6,P43246:72:A>W,0,0.10843241
train-pg_dms__transformer__seed42,MSH6,P43246:72:A>V,0,0.0031013389
train-pg_dms__transformer__seed42,MSH6,P43246:72:A>T,0,0.007666256
train-pg_dms__transformer__seed42,MSH6,P43246:72:A>S,0,0.0032847635
train-pg_dms__transformer__seed42,MSH6,P43246:72:A>R,0,0.011787537
train-pg_dms__transformer__seed42,MSH6,P43246:72:A>Q,0,0.003263011
train-pg_dms__transformer__seed42,MSH6,P43246:72:A>N,0,0.0029401316
train-pg_dms__transformer__seed42,MSH6,P43246:72:A>M,0,0.012783657
train-pg_dms__transformer__seed42,MSH6,P43246:72:A>L,0,0.0023177369
train-pg_dms__transformer__seed42,MSH6,P43246:72:A>I,0,0.004954686
train-pg_dms__transformer__seed42,MSH6,P43246:72:A>H,0,0.005103906
train-pg_dms__transformer__seed42,MSH6,P43246:72:A>F,0,0.007409011
train-pg_dms__transformer__seed42,MSH6,P43246:72:A>D,0,0.0108924955
train-pg_dms__transformer__seed42,MSH6,P43246:72:A>C,0,0.002158918
train-pg_dms__transformer__seed42,MSH6,P43246:72:A>P,0,0.013474917
train-pg_dms__transformer__seed42,MSH6,P43246:72:A>K,0,0.0054180324
train-pg_dms__transformer__seed42,MSH6,P43246:72:A>E,0,0.005925598
train-pg_dms__transformer__seed42,MSH6,P43246:72:A>Y,0,0.0037997228
train-pg_dms__transformer__seed42,MSH6,P43246:74:N>V,0,0.00533623
train-pg_dms__transformer__seed42,MSH6,P43246:74:N>A,0,0.0055291154
train-pg_dms__transformer__seed42,MSH6,P43246:74:N>C,0,0.0035202727
train-pg_dms__transformer__seed42,MSH6,P43246:74:N>W,0,0.22173996
train-pg_dms__transformer__seed42,MSH6,P43246:74:N>T,0,0.009541303
train-pg_dms__transformer__seed42,MSH6,P43246:74:N>S,0,0.0052112686
train-pg_dms__transformer__seed42,MSH6,P43246:74:N>R,0,0.011355701
train-pg_dms__transformer__seed42,MSH6,P43246:74:N>Q,0,0.0038793748
train-pg_dms__transformer__seed42,MSH6,P43246:74:N>P,0,0.029475445
train-pg_dms__transformer__seed42,MSH6,P43246:74:N>M,0,0.026236769
train-pg_dms__transformer__seed42,MSH6,P43246:74:N>Y,0,0.0070283185
train-pg_dms__transformer__seed42,MSH6,P43246:74:N>K,0,0.010263743
train-pg_dms__transformer__seed42,MSH6,P43246:74:N>I,0,0.005700372
train-pg_dms__transformer__seed42,MSH6,P43246:74:N>H,0,0.011831191
train-pg_dms__transformer__seed42,MSH6,P43246:74:N>G,0,0.007857814
train-pg_dms__transformer__seed42,MSH6,P43246:74:N>F,0,0.0065498305
train-pg_dms__transformer__seed42,MSH6,P43246:74:N>E,0,0.011857506
train-pg_dms__transformer__seed42,MSH6,P43246:74:N>L,0,0.003060513
train-pg_dms__transformer__seed42,MSH6,P43246:74:N>D,0,0.018129101
train-pg_dms__transformer__seed42,MSH6,P43246:75:L>D,0,0.6875695
train-pg_dms__transformer__seed42,MSH6,P43246:75:L>E,0,0.26489145
train-pg_dms__transformer__seed42,MSH6,P43246:75:L>F,0,0.014367763
train-pg_dms__transformer__seed42,MSH6,P43246:75:L>G,0,0.634859
train-pg_dms__transformer__seed42,MSH6,P43246:75:L>H,0,0.093790635
train-pg_dms__transformer__seed42,MSH6,P43246:75:L>N,0,0.4060952
train-pg_dms__transformer__seed42,MSH6,P43246:75:L>S,0,0.13476269
train-pg_dms__transformer__seed42,MSH6,P43246:75:L>Q,0,0.060858853
train-pg_dms__transformer__seed42,MSH6,P43246:75:L>R,0,0.22478554
train-pg_dms__transformer__seed42,MSH6,P43246:75:L>T,0,0.07833871
train-pg_dms__transformer__seed42,MSH6,P43246:75:L>V,0,0.011526834
train-pg_dms__transformer__seed42,MSH6,P43246:75:L>W,0,0.43067223
train-pg_dms__transformer__seed42,MSH6,P43246:75:L>Y,0,0.07712165
train-pg_dms__transformer__seed42,MSH6,P43246:75:L>C,0,0.028376462
train-pg_dms__transformer__seed42,MSH6,P43246:75:L>P,0,0.8187429
train-pg_dms__transformer__seed42,MSH6,P43246:75:L>A,0,0.0992161
train-pg_dms__transformer__seed42,MSH6,P43246:75:L>I,0,0.017154055
train-pg_dms__transformer__seed42,MSH6,P43246:77:S>C,0,0.02994722
train-pg_dms__transformer__seed42,MSH6,P43246:77:S>W,0,0.59134465
train-pg_dms__transformer__seed42,MSH6,P43246:77:S>V,0,0.20925651
train-pg_dms__transformer__seed42,MSH6,P43246:77:S>T,0,0.034533523
train-pg_dms__transformer__seed42,MSH6,P43246:77:S>Q,0,0.54072624
train-pg_dms__transformer__seed42,MSH6,P43246:77:S>P,1,0.80430806
train-pg_dms__transformer__seed42,MSH6,P43246:77:S>A,0,0.04032496
train-pg_dms__transformer__seed42,MSH6,P43246:77:S>Y,0,0.06364863
train-pg_dms__transformer__seed42,MSH6,P43246:77:S>F,0,0.19169432
train-pg_dms__transformer__seed42,MSH6,P43246:77:S>E,0,0.59607047
train-pg_dms__transformer__seed42,MSH6,P43246:77:S>M,0,0.22610018
train-pg_dms__transformer__seed42,MSH6,P43246:77:S>L,0,0.11789343
train-pg_dms__transformer__seed42,MSH6,P43246:77:S>N,0,0.33409816
train-pg_dms__transformer__seed42,MSH6,P43246:77:S>I,0,0.49359536
train-pg_dms__transformer__seed42,MSH6,P43246:77:S>H,0,0.33211708
train-pg_dms__transformer__seed42,MSH6,P43246:77:S>K,0,0.58946013
train-pg_dms__transformer__seed42,MSH6,P43246:79:V>L,0,0.028708106
train-pg_dms__transformer__seed42,MSH6,P43246:79:V>Y,0,0.13007602
train-pg_dms__transformer__seed42,MSH6,P43246:79:V>W,0,0.5700409
train-pg_dms__transformer__seed42,MSH6,P43246:79:V>T,0,0.037345972
train-pg_dms__transformer__seed42,MSH6,P43246:79:V>S,0,0.0122443605
train-pg_dms__transformer__seed42,MSH6,P43246:79:V>R,0,0.48653963
train-pg_dms__transformer__seed42,MSH6,P43246:79:V>Q,0,0.06783759
train-pg_dms__transformer__seed42,MSH6,P43246:79:V>P,0,0.6748998
train-pg_dms__transformer__seed42,MSH6,P43246:79:V>N,0,0.05265118
train-pg_dms__transformer__seed42,MSH6,P43246:79:V>K,0,0.2651925
train-pg_dms__transformer__seed42,MSH6,P43246:79:V>I,0,0.0053767026
train-pg_dms__transformer__seed42,MSH6,P43246:79:V>F,0,0.016793048
train-pg_dms__transformer__seed42,MSH6,P43246:79:V>E,0,0.25726247
train-pg_dms__transformer__seed42,MSH6,P43246:79:V>A,0,0.021265302
train-pg_dms__transformer__seed42,MSH6,P43246:86:E>W,0,0.28565788
train-pg_dms__transformer__seed42,MSH6,P43246:86:E>N,0,0.04007225
train-pg_dms__transformer__seed42,MSH6,P43246:86:E>Y,0,0.0653217
train-pg_dms__transformer__seed42,MSH6,P43246:86:E>V,0,0.051605903
train-pg_dms__transformer__seed42,MSH6,P43246:86:E>M,0,0.17758483
train-pg_dms__transformer__seed42,MSH6,P43246:86:E>S,0,0.020840334
train-pg_dms__transformer__seed42,MSH6,P43246:86:E>A,0,0.03835811
train-pg_dms__transformer__seed42,MSH6,P43246:86:E>C,0,0.02523633
train-pg_dms__transformer__seed42,MSH6,P43246:86:E>D,0,0.057344027
train-pg_dms__transformer__seed42,MSH6,P43246:86:E>F,0,0.06578539
train-pg_dms__transformer__seed42,MSH6,P43246:86:E>I,0,0.104610324
train-pg_dms__transformer__seed42,MSH6,P43246:86:E>L,0,0.06481893
train-pg_dms__transformer__seed42,MSH6,P43246:86:E>H,0,0.05483107
train-pg_dms__transformer__seed42,MSH6,P43246:86:E>T,0,0.073383965
train-pg_dms__transformer__seed42,MSH6,P43246:86:E>R,0,0.16328552
train-pg_dms__transformer__seed42,MSH6,P43246:86:E>P,0,0.39760822
train-pg_dms__transformer__seed42,MSH6,P43246:88:F>C,0,0.027578983
train-pg_dms__transformer__seed42,MSH6,P43246:88:F>Y,0,0.038685862
train-pg_dms__transformer__seed42,MSH6,P43246:88:F>W,0,0.4541065
train-pg_dms__transformer__seed42,MSH6,P43246:88:F>V,0,0.029436402
train-pg_dms__transformer__seed42,MSH6,P43246:88:F>T,0,0.30944276
train-pg_dms__transformer__seed42,MSH6,P43246:88:F>D,1,0.7178636
train-pg_dms__transformer__seed42,MSH6,P43246:88:F>R,0,0.63564587
train-pg_dms__transformer__seed42,MSH6,P43246:88:F>S,0,0.22826348
train-pg_dms__transformer__seed42,MSH6,P43246:88:F>G,0,0.24325162
train-pg_dms__transformer__seed42,MSH6,P43246:88:F>H,0,0.1978359
train-pg_dms__transformer__seed42,MSH6,P43246:88:F>I,0,0.09471869
train-pg_dms__transformer__seed42,MSH6,P43246:88:F>K,0,0.4478056
train-pg_dms__transformer__seed42,MSH6,P43246:88:F>L,0,0.10362075
train-pg_dms__transformer__seed42,MSH6,P43246:88:F>A,0,0.29899463
train-pg_dms__transformer__seed42,MSH6,P43246:88:F>P,0,0.83609366
train-pg_dms__transformer__seed42,MSH6,P43246:88:F>Q,0,0.20403498
train-pg_dms__transformer__seed42,MSH6,P43246:88:F>M,0,0.18442078
train-pg_dms__transformer__seed42,MSH6,P43246:108:G>K,0,0.0431722
train-pg_dms__transformer__seed42,MSH6,P43246:108:G>D,0,0.078858875
train-pg_dms__transformer__seed42,MSH6,P43246:108:G>F,0,0.033329893
train-pg_dms__transformer__seed42,MSH6,P43246:108:G>I,0,0.013040181
train-pg_dms__transformer__seed42,MSH6,P43246:108:G>L,0,0.013938688
train-pg_dms__transformer__seed42,MSH6,P43246:108:G>S,0,0.0025412112
train-pg_dms__transformer__seed42,MSH6,P43246:108:G>P,0,0.06568291
train-pg_dms__transformer__seed42,MSH6,P43246:108:G>Q,0,0.017498873
train-pg_dms__transformer__seed42,MSH6,P43246:108:G>R,0,0.06698689
train-pg_dms__transformer__seed42,MSH6,P43246:108:G>T,0,0.013354199
train-pg_dms__transformer__seed42,MSH6,P43246:108:G>C,0,0.0059999945
train-pg_dms__transformer__seed42,MSH6,P43246:108:G>M,0,0.0665765
train-pg_dms__transformer__seed42,MSH6,P43246:108:G>A,0,0.0067380224
train-pg_dms__transformer__seed42,MSH6,P43246:108:G>W,0,0.21825331
train-pg_dms__transformer__seed42,MSH6,P43246:108:G>V,0,0.0074383114
train-pg_dms__transformer__seed42,MSH6,P43246:112:S>C,0,0.004448246
train-pg_dms__transformer__seed42,MSH6,P43246:112:S>N,0,0.0037846107
train-pg_dms__transformer__seed42,MSH6,P43246:112:S>W,1,0.08196111
train-pg_dms__transformer__seed42,MSH6,P43246:112:S>V,0,0.004657565
train-pg_dms__transformer__seed42,MSH6,P43246:112:S>T,0,0.0077425875
train-pg_dms__transformer__seed42,MSH6,P43246:112:S>R,0,0.03989063
train-pg_dms__transformer__seed42,MSH6,P43246:112:S>P,0,0.012951914
train-pg_dms__transformer__seed42,MSH6,P43246:112:S>A,0,0.0035422882
train-pg_dms__transformer__seed42,MSH6,P43246:112:S>M,0,0.0123741245
train-pg_dms__transformer__seed42,MSH6,P43246:112:S>L,0,0.0015977793
train-pg_dms__transformer__seed42,MSH6,P43246:112:S>K,0,0.020485636
train-pg_dms__transformer__seed42,MSH6,P43246:112:S>I,0,0.004230031
train-pg_dms__transformer__seed42,MSH6,P43246:112:S>H,0,0.010626255
train-pg_dms__transformer__seed42,MSH6,P43246:112:S>G,0,0.0018140742
train-pg_dms__transformer__seed42,MSH6,P43246:112:S>F,0,0.009889502
train-pg_dms__transformer__seed42,MSH6,P43246:112:S>E,0,0.01986175
train-pg_dms__transformer__seed42,MSH6,P43246:112:S>D,0,0.06516428
train-pg_dms__transformer__seed42,MSH6,P43246:112:S>Y,0,0.006168635
train-pg_dms__transformer__seed42,MSH6,P43246:123:A>E,0,0.52669823
train-pg_dms__transformer__seed42,MSH6,P43246:123:A>C,0,0.10741651
train-pg_dms__transformer__seed42,MSH6,P43246:123:A>V,0,0.5069475
train-pg_dms__transformer__seed42,MSH6,P43246:123:A>I,1,0.68562216
train-pg_dms__transformer__seed42,MSH6,P43246:123:A>K,0,0.58201545
train-pg_dms__transformer__seed42,MSH6,P43246:123:A>L,0,0.3507698
train-pg_dms__transformer__seed42,MSH6,P43246:123:A>Q,0,0.48514363
train-pg_dms__transformer__seed42,MSH6,P43246:123:A>P,0,0.8720168
train-pg_dms__transformer__seed42,MSH6,P43246:123:A>F,0,0.58092886
train-pg_dms__transformer__seed42,MSH6,P43246:123:A>Y,0,0.388579
train-pg_dms__transformer__seed42,MSH6,P43246:123:A>R,0,0.7026338
train-pg_dms__transformer__seed42,MSH6,P43246:123:A>W,0,0.7864505
train-pg_dms__transformer__seed42,MSH6,P43246:123:A>G,0,0.011326161
train-pg_dms__transformer__seed42,MSH6,P43246:126:G>I,1,0.63764304
train-pg_dms__transformer__seed42,MSH6,P43246:126:G>L,1,0.5861887
train-pg_dms__transformer__seed42,MSH6,P43246:126:G>M,1,0.52002555
train-pg_dms__transformer__seed42,MSH6,P43246:126:G>K,1,0.48669124
train-pg_dms__transformer__seed42,MSH6,P43246:126:G>T,1,0.3476296
train-pg_dms__transformer__seed42,MSH6,P43246:126:G>H,1,0.38574365
train-pg_dms__transformer__seed42,MSH6,P43246:126:G>E,1,0.513096
train-pg_dms__transformer__seed42,MSH6,P43246:126:G>C,1,0.43222615
train-pg_dms__transformer__seed42,MSH6,P43246:126:G>A,0,0.21636945
train-pg_dms__transformer__seed42,MSH6,P43246:126:G>Y,1,0.4083006
train-pg_dms__transformer__seed42,MSH6,P43246:126:G>W,0,0.7579282
train-pg_dms__transformer__seed42,MSH6,P43246:126:G>N,1,0.58672875
train-pg_dms__transformer__seed42,MSH6,P43246:126:G>P,1,0.709708
train-pg_dms__transformer__seed42,MSH6,P43246:126:G>V,1,0.33780265
train-pg_dms__transformer__seed42,MSH6,P43246:126:G>S,0,0.302854
train-pg_dms__transformer__seed42,MSH6,P43246:147:V>I,0,0.027065812
train-pg_dms__transformer__seed42,MSH6,P43246:147:V>H,1,0.92235243
train-pg_dms__transformer__seed42,MSH6,P43246:147:V>M,1,0.18609475
train-pg_dms__transformer__seed42,MSH6,P43246:147:V>F,0,0.46853533
train-pg_dms__transformer__seed42,MSH6,P43246:147:V>E,1,0.9782025
train-pg_dms__transformer__seed42,MSH6,P43246:147:V>D,1,0.99580956
train-pg_dms__transformer__seed42,MSH6,P43246:147:V>C,0,0.8537988
train-pg_dms__transformer__seed42,MSH6,P43246:147:V>A,0,0.103101455
train-pg_dms__transformer__seed42,MSH6,P43246:147:V>G,0,0.5589695
train-pg_dms__transformer__seed42,MSH6,P43246:147:V>W,1,0.99410206
train-pg_dms__transformer__seed42,MSH6,P43246:147:V>T,0,0.23238568
train-pg_dms__transformer__seed42,MSH6,P43246:147:V>S,0,0.2509988
train-pg_dms__transformer__seed42,MSH6,P43246:147:V>R,1,0.9972759
train-pg_dms__transformer__seed42,MSH6,P43246:147:V>P,0,0.99747413
train-pg_dms__transformer__seed42,MSH6,P43246:147:V>N,0,0.93538994
train-pg_dms__transformer__seed42,MSH6,P43246:147:V>K,1,0.9845846
train-pg_dms__transformer__seed42,MSH6,P43246:147:V>L,0,0.25501359
train-pg_dms__transformer__seed42,MSH6,P43246:161:V>T,0,0.5689594
train-pg_dms__transformer__seed42,MSH6,P43246:161:V>R,1,0.9983248
train-pg_dms__transformer__seed42,MSH6,P43246:161:V>Q,1,0.9961188
train-pg_dms__transformer__seed42,MSH6,P43246:161:V>P,1,0.99689424
train-pg_dms__transformer__seed42,MSH6,P43246:161:V>N,1,0.9685356
train-pg_dms__transformer__seed42,MSH6,P43246:161:V>M,0,0.21034442
train-pg_dms__transformer__seed42,MSH6,P43246:161:V>L,0,0.06209339
train-pg_dms__transformer__seed42,MSH6,P43246:161:V>I,0,0.027814128
train-pg_dms__transformer__seed42,MSH6,P43246:161:V>H,1,0.9782939
train-pg_dms__transformer__seed42,MSH6,P43246:161:V>E,1,0.9955526
train-pg_dms__transformer__seed42,MSH6,P43246:161:V>C,0,0.8926687
train-pg_dms__transformer__seed42,MSH6,P43246:161:V>W,0,0.9936737
train-pg_dms__transformer__seed42,MSH6,P43246:161:V>K,1,0.9929281
train-pg_dms__transformer__seed42,MSH6,P43246:161:V>A,1,0.16137241
train-pg_dms__transformer__seed42,MSH6,P43246:161:V>S,1,0.8387445
train-pg_dms__transformer__seed42,MSH6,P43246:162:G>C,0,0.9477863
train-pg_dms__transformer__seed42,MSH6,P43246:162:G>Y,0,0.99369144
train-pg_dms__transformer__seed42,MSH6,P43246:162:G>W,1,0.9782072
train-pg_dms__transformer__seed42,MSH6,P43246:162:G>V,1,0.972786
train-pg_dms__transformer__seed42,MSH6,P43246:162:G>T,1,0.9699299
train-pg_dms__transformer__seed42,MSH6,P43246:162:G>Q,1,0.99458367
train-pg_dms__transformer__seed42,MSH6,P43246:162:G>P,1,0.9961067
train-pg_dms__transformer__seed42,MSH6,P43246:162:G>S,0,0.5433589
train-pg_dms__transformer__seed42,MSH6,P43246:162:G>M,1,0.9255061
train-pg_dms__transformer__seed42,MSH6,P43246:162:G>L,1,0.99262893
train-pg_dms__transformer__seed42,MSH6,P43246:162:G>K,1,0.997988
train-pg_dms__transformer__seed42,MSH6,P43246:162:G>I,1,0.99676394
train-pg_dms__transformer__seed42,MSH6,P43246:162:G>H,0,0.9808499
train-pg_dms__transformer__seed42,MSH6,P43246:162:G>E,1,0.996727
train-pg_dms__transformer__seed42,MSH6,P43246:162:G>D,1,0.99767536
train-pg_dms__transformer__seed42,MSH6,P43246:162:G>N,0,0.99044424
train-pg_dms__transformer__seed42,MSH6,P43246:174:G>L,0,0.07417265
train-pg_dms__transformer__seed42,MSH6,P43246:174:G>N,0,0.2435967
train-pg_dms__transformer__seed42,MSH6,P43246:174:G>P,1,0.9462108
train-pg_dms__transformer__seed42,MSH6,P43246:174:G>Q,0,0.111046396
train-pg_dms__transformer__seed42,MSH6,P43246:174:G>R,0,0.2901515
train-pg_dms__transformer__seed42,MSH6,P43246:174:G>S,0,0.0113467695
train-pg_dms__transformer__seed42,MSH6,P43246:174:G>T,0,0.044067327
train-pg_dms__transformer__seed42,MSH6,P43246:174:G>V,0,0.038893707
train-pg_dms__transformer__seed42,MSH6,P43246:174:G>W,0,0.45056584
train-pg_dms__transformer__seed42,MSH6,P43246:174:G>Y,0,0.109662585
train-pg_dms__transformer__seed42,MSH6,P43246:174:G>A,0,0.022071542
train-pg_dms__transformer__seed42,MSH6,P43246:174:G>C,0,0.028708547
train-pg_dms__transformer__seed42,MSH6,P43246:174:G>D,0,0.506868
train-pg_dms__transformer__seed42,MSH6,P43246:174:G>E,0,0.25762618
train-pg_dms__transformer__seed42,MSH6,P43246:174:G>F,0,0.14253159
train-pg_dms__transformer__seed42,MSH6,P43246:174:G>I,0,0.06503021
train-pg_dms__transformer__seed42,MSH6,P43246:174:G>K,0,0.57707626
train-pg_dms__transformer__seed42,MSH6,P43246:174:G>M,0,0.2468387
train-pg_dms__transformer__seed42,MSH6,P43246:174:G>H,0,0.14033395
train-pg_dms__transformer__seed42,MSH6,P43246:175:L>C,0,0.042624913
train-pg_dms__transformer__seed42,MSH6,P43246:175:L>A,0,0.06270242
train-pg_dms__transformer__seed42,MSH6,P43246:175:L>F,0,0.018231466
train-pg_dms__transformer__seed42,MSH6,P43246:175:L>G,0,0.49048775
train-pg_dms__transformer__seed42,MSH6,P43246:175:L>H,0,0.1966368
train-pg_dms__transformer__seed42,MSH6,P43246:175:L>I,0,0.020412697
train-pg_dms__transformer__seed42,MSH6,P43246:175:L>K,0,0.7422891
train-pg_dms__transformer__seed42,MSH6,P43246:175:L>M,0,0.10961329
train-pg_dms__transformer__seed42,MSH6,P43246:175:L>Q,0,0.11197399
train-pg_dms__transformer__seed42,MSH6,P43246:175:L>S,0,0.12468744
train-pg_dms__transformer__seed42,MSH6,P43246:175:L>T,0,0.087803446
train-pg_dms__transformer__seed42,MSH6,P43246:175:L>V,0,0.019838933
train-pg_dms__transformer__seed42,MSH6,P43246:175:L>W,0,0.41979963
train-pg_dms__transformer__seed42,MSH6,P43246:175:L>Y,0,0.07149537
train-pg_dms__transformer__seed42,MSH6,P43246:175:L>D,1,0.926657
train-pg_dms__transformer__seed42,MSH6,P43246:175:L>R,1,0.58899903
train-pg_dms__transformer__seed42,MSH6,P43246:176:C>W,1,0.56012386
train-pg_dms__transformer__seed42,MSH6,P43246:176:C>Y,1,0.12210218
train-pg_dms__transformer__seed42,MSH6,P43246:176:C>L,0,0.048300758
train-pg_dms__transformer__seed42,MSH6,P43246:176:C>G,0,0.018282348
train-pg_dms__transformer__seed42,MSH6,P43246:176:C>M,0,0.32965353
train-pg_dms__transformer__seed42,MSH6,P43246:176:C>N,0,0.45101187
train-pg_dms__transformer__seed42,MSH6,P43246:176:C>K,0,0.6615833
train-pg_dms__transformer__seed42,MSH6,P43246:176:C>E,0,0.6549212
train-pg_dms__transformer__seed42,MSH6,P43246:176:C>H,0,0.41507065
train-pg_dms__transformer__seed42,MSH6,P43246:176:C>D,0,0.72292644
train-pg_dms__transformer__seed42,MSH6,P43246:176:C>A,0,0.03558459
train-pg_dms__transformer__seed42,MSH6,P43246:176:C>I,0,0.17888966
train-pg_dms__transformer__seed42,MSH6,P43246:176:C>R,0,0.625769
train-pg_dms__transformer__seed42,MSH6,P43246:176:C>S,0,0.018388977
train-pg_dms__transformer__seed42,MSH6,P43246:176:C>T,0,0.065122336
train-pg_dms__transformer__seed42,MSH6,P43246:176:C>V,0,0.06074105
train-pg_dms__transformer__seed42,MSH6,P43246:176:C>P,1,0.87613297
train-pg_dms__transformer__seed42,MSH6,P43246:181:N>Q,0,0.0511296
train-pg_dms__transformer__seed42,MSH6,P43246:181:N>M,0,0.21407902
train-pg_dms__transformer__seed42,MSH6,P43246:181:N>L,0,0.029620025
train-pg_dms__transformer__seed42,MSH6,P43246:181:N>A,0,0.050928783
train-pg_dms__transformer__seed42,MSH6,P43246:181:N>C,0,0.021498328
train-pg_dms__transformer__seed42,MSH6,P43246:181:N>D,0,0.023376701
train-pg_dms__transformer__seed42,MSH6,P43246:181:N>I,0,0.10382853
train-pg_dms__transformer__seed42,MSH6,P43246:181:N>E,0,0.085498266
train-pg_dms__transformer__seed42,MSH6,P43246:181:N>F,0,0.08810482
train-pg_dms__transformer__seed42,MSH6,P43246:181:N>R,0,0.13090585
train-pg_dms__transformer__seed42,MSH6,P43246:181:N>S,0,0.00427844
train-pg_dms__transformer__seed42,MSH6,P43246:181:N>T,0,0.009740864
train-pg_dms__transformer__seed42,MSH6,P43246:181:N>V,0,0.046147205
train-pg_dms__transformer__seed42,MSH6,P43246:181:N>W,0,0.47465897
train-pg_dms__transformer__seed42,MSH6,P43246:181:N>Y,0,0.023085129
train-pg_dms__transformer__seed42,MSH6,P43246:181:N>G,0,0.021206615
train-pg_dms__transformer__seed42,MSH6,P43246:181:N>P,0,0.37974322
train-pg_dms__transformer__seed42,MSH6,P43246:182:D>C,0,0.014432788
train-pg_dms__transformer__seed42,MSH6,P43246:182:D>A,0,0.005219078
train-pg_dms__transformer__seed42,MSH6,P43246:182:D>K,0,0.018437581
train-pg_dms__transformer__seed42,MSH6,P43246:182:D>G,0,0.0031240955
train-pg_dms__transformer__seed42,MSH6,P43246:182:D>L,0,0.006225994
train-pg_dms__transformer__seed42,MSH6,P43246:182:D>M,0,0.055339947
train-pg_dms__transformer__seed42,MSH6,P43246:182:D>P,0,0.08253165
train-pg_dms__transformer__seed42,MSH6,P43246:182:D>F,0,0.014261448
train-pg_dms__transformer__seed42,MSH6,P43246:182:D>Y,0,0.011045116
train-pg_dms__transformer__seed42,MSH6,P43246:182:D>Q,0,0.004070221
train-pg_dms__transformer__seed42,MSH6,P43246:182:D>V,0,0.005498982
train-pg_dms__transformer__seed42,MSH6,P43246:182:D>T,0,0.013492454
train-pg_dms__transformer__seed42,MSH6,P43246:182:D>S,0,0.001719844
train-pg_dms__transformer__seed42,MSH6,P43246:182:D>R,0,0.01621595
train-pg_dms__transformer__seed42,MSH6,P43246:182:D>I,0,0.010397755
train-pg_dms__transformer__seed42,MSH6,P43246:182:D>W,0,0.2025356
train-pg_dms__transformer__seed42,MSH6,P43246:185:S>V,0,0.03465713
train-pg_dms__transformer__seed42,MSH6,P43246:185:S>T,0,0.013376936
train-pg_dms__transformer__seed42,MSH6,P43246:185:S>R,0,0.2228409
train-pg_dms__transformer__seed42,MSH6,P43246:185:S>Q,0,0.17193359
train-pg_dms__transformer__seed42,MSH6,P43246:185:S>P,0,0.12140734
train-pg_dms__transformer__seed42,MSH6,P43246:185:S>N,0,0.039425824
train-pg_dms__transformer__seed42,MSH6,P43246:185:S>M,0,0.13556167
train-pg_dms__transformer__seed42,MSH6,P43246:185:S>L,0,0.012560815
train-pg_dms__transformer__seed42,MSH6,P43246:185:S>Y,0,0.07203374
train-pg_dms__transformer__seed42,MSH6,P43246:185:S>H,0,0.09392044
train-pg_dms__transformer__seed42,MSH6,P43246:185:S>G,0,0.006297265
train-pg_dms__transformer__seed42,MSH6,P43246:185:S>D,0,0.2605479
train-pg_dms__transformer__seed42,MSH6,P43246:185:S>C,0,0.01640198
train-pg_dms__transformer__seed42,MSH6,P43246:185:S>A,0,0.012961812
train-pg_dms__transformer__seed42,MSH6,P43246:185:S>I,0,0.041367024
train-pg_dms__transformer__seed42,MSH6,P43246:185:S>W,0,0.32367933
train-pg_dms__transformer__seed42,MSH6,P43246:189:A>Y,0,0.061743222
train-pg_dms__transformer__seed42,MSH6,P43246:189:A>G,0,0.007834929
train-pg_dms__transformer__seed42,MSH6,P43246:189:A>H,0,0.09295027
train-pg_dms__transformer__seed42,MSH6,P43246:189:A>I,0,0.15187092
train-pg_dms__transformer__seed42,MSH6,P43246:189:A>L,0,0.028365951
train-pg_dms__transformer__seed42,MSH6,P43246:189:A>R,0,0.42051113
train-pg_dms__transformer__seed42,MSH6,P43246:189:A>P,0,0.7534298
train-pg_dms__transformer__seed42,MSH6,P43246:189:A>Q,0,0.058185022
train-pg_dms__transformer__seed42,MSH6,P43246:189:A>S,0,0.0011458811
train-pg_dms__transformer__seed42,MSH6,P43246:189:A>T,1,0.01351835
train-pg_dms__transformer__seed42,MSH6,P43246:189:A>V,0,0.011858852
train-pg_dms__transformer__seed42,MSH6,P43246:189:A>E,0,0.15135616
train-pg_dms__transformer__seed42,MSH6,P43246:189:A>D,0,0.4940241
train-pg_dms__transformer__seed42,MSH6,P43246:189:A>C,0,0.009918927
train-pg_dms__transformer__seed42,MSH6,P43246:189:A>M,0,0.089602016
train-pg_dms__transformer__seed42,MSH6,P43246:189:A>W,0,0.58009195
train-pg_dms__transformer__seed42,MSH6,P43246:190:L>W,1,0.5229286
train-pg_dms__transformer__seed42,MSH6,P43246:190:L>M,0,0.041730333
train-pg_dms__transformer__seed42,MSH6,P43246:190:L>H,0,0.18940853
train-pg_dms__transformer__seed42,MSH6,P43246:190:L>P,1,0.9159174
train-pg_dms__transformer__seed42,MSH6,P43246:190:L>Q,1,0.11436614
train-pg_dms__transformer__seed42,MSH6,P43246:190:L>R,0,0.65055364
train-pg_dms__transformer__seed42,MSH6,P43246:190:L>S,0,0.07675094
train-pg_dms__transformer__seed42,MSH6,P43246:190:L>T,0,0.09124697
train-pg_dms__transformer__seed42,MSH6,P43246:190:L>V,0,0.0235693
train-pg_dms__transformer__seed42,MSH6,P43246:190:L>G,0,0.4064434
train-pg_dms__transformer__seed42,MSH6,P43246:190:L>E,1,0.6028488
train-pg_dms__transformer__seed42,MSH6,P43246:190:L>I,0,0.016992874
train-pg_dms__transformer__seed42,MSH6,P43246:190:L>K,0,0.6770689
train-pg_dms__transformer__seed42,MSH6,P43246:190:L>A,0,0.06666711
train-pg_dms__transformer__seed42,MSH6,P43246:190:L>C,0,0.021168696
train-pg_dms__transformer__seed42,MSH6,P43246:190:L>D,1,0.82507944
train-pg_dms__transformer__seed42,MSH6,P43246:191:L>T,0,0.16244745
train-pg_dms__transformer__seed42,MSH6,P43246:191:L>S,0,0.18197925
train-pg_dms__transformer__seed42,MSH6,P43246:191:L>W,1,0.6022691
train-pg_dms__transformer__seed42,MSH6,P43246:191:L>Y,1,0.1534811
train-pg_dms__transformer__seed42,MSH6,P43246:191:L>R,1,0.785445
train-pg_dms__transformer__seed42,MSH6,P43246:191:L>Q,0,0.29979935
train-pg_dms__transformer__seed42,MSH6,P43246:191:L>E,1,0.7067671
train-pg_dms__transformer__seed42,MSH6,P43246:191:L>F,0,0.012063522
train-pg_dms__transformer__seed42,MSH6,P43246:191:L>G,1,0.658833
train-pg_dms__transformer__seed42,MSH6,P43246:191:L>H,1,0.3629124
train-pg_dms__transformer__seed42,MSH6,P43246:191:L>I,0,0.024439724
train-pg_dms__transformer__seed42,MSH6,P43246:191:L>M,1,0.061589587
train-pg_dms__transformer__seed42,MSH6,P43246:191:L>K,1,0.7615545
train-pg_dms__transformer__seed42,MSH6,P43246:191:L>D,1,0.86212695
train-pg_dms__transformer__seed42,MSH6,P43246:191:L>A,0,0.1701663
train-pg_dms__transformer__seed42,MSH6,P43246:193:Q>C,0,0.10173248
train-pg_dms__transformer__seed42,MSH6,P43246:193:Q>D,0,0.8403353
train-pg_dms__transformer__seed42,MSH6,P43246:193:Q>R,0,0.26130268
train-pg_dms__transformer__seed42,MSH6,P43246:193:Q>L,0,0.034375302
train-pg_dms__transformer__seed42,MSH6,P43246:193:Q>K,0,0.24147002
train-pg_dms__transformer__seed42,MSH6,P43246:193:Q>S,0,0.008859568
train-pg_dms__transformer__seed42,MSH6,P43246:193:Q>T,0,0.06710121
train-pg_dms__transformer__seed42,MSH6,P43246:193:Q>V,0,0.13080391
train-pg_dms__transformer__seed42,MSH6,P43246:193:Q>W,0,0.6713648
train-pg_dms__transformer__seed42,MSH6,P43246:193:Q>Y,0,0.28329757
train-pg_dms__transformer__seed42,MSH6,P43246:193:Q>M,0,0.15778323
train-pg_dms__transformer__seed42,MSH6,P43246:193:Q>N,0,0.113592155
train-pg_dms__transformer__seed42,MSH6,P43246:193:Q>E,0,0.0543253
train-pg_dms__transformer__seed42,MSH6,P43246:193:Q>F,0,0.3639269
train-pg_dms__transformer__seed42,MSH6,P43246:193:Q>G,0,0.17985933
train-pg_dms__transformer__seed42,MSH6,P43246:193:Q>H,0,0.21153799
train-pg_dms__transformer__seed42,MSH6,P43246:193:Q>I,0,0.35564876
train-pg_dms__transformer__seed42,MSH6,P43246:193:Q>A,0,0.027629387
train-pg_dms__transformer__seed42,MSH6,P43246:197:K>P,0,0.8842287
train-pg_dms__transformer__seed42,MSH6,P43246:197:K>R,0,0.013230732
train-pg_dms__transformer__seed42,MSH6,P43246:197:K>N,0,0.12281313
train-pg_dms__transformer__seed42,MSH6,P43246:197:K>S,0,0.03662486
train-pg_dms__transformer__seed42,MSH6,P43246:197:K>T,0,0.145815
train-pg_dms__transformer__seed42,MSH6,P43246:197:K>V,0,0.1668582
train-pg_dms__transformer__seed42,MSH6,P43246:197:K>M,0,0.22657774
train-pg_dms__transformer__seed42,MSH6,P43246:197:K>L,0,0.16653405
train-pg_dms__transformer__seed42,MSH6,P43246:197:K>W,0,0.50182325
train-pg_dms__transformer__seed42,MSH6,P43246:197:K>H,0,0.07256233
train-pg_dms__transformer__seed42,MSH6,P43246:197:K>Y,0,0.20399965
train-pg_dms__transformer__seed42,MSH6,P43246:197:K>A,0,0.06389603
train-pg_dms__transformer__seed42,MSH6,P43246:197:K>D,0,0.83938265
train-pg_dms__transformer__seed42,MSH6,P43246:197:K>E,0,0.25974312
train-pg_dms__transformer__seed42,MSH6,P43246:197:K>F,0,0.12787828
train-pg_dms__transformer__seed42,MSH6,P43246:197:K>I,0,0.42492092
train-pg_dms__transformer__seed42,MSH6,P43246:197:K>G,0,0.23341483
train-pg_dms__transformer__seed42,MSH6,P43246:202:P>W,1,0.6135211
train-pg_dms__transformer__seed42,MSH6,P43246:202:P>A,0,0.044438023
train-pg_dms__transformer__seed42,MSH6,P43246:202:P>C,0,0.054064985
train-pg_dms__transformer__seed42,MSH6,P43246:202:P>D,0,0.8963212
train-pg_dms__transformer__seed42,MSH6,P43246:202:P>F,0,0.112260796
train-pg_dms__transformer__seed42,MSH6,P43246:202:P>G,0,0.1430165
train-pg_dms__transformer__seed42,MSH6,P43246:202:P>H,0,0.112229966
train-pg_dms__transformer__seed42,MSH6,P43246:202:P>I,0,0.11418098
train-pg_dms__transformer__seed42,MSH6,P43246:202:P>L,0,0.06866074
train-pg_dms__transformer__seed42,MSH6,P43246:202:P>M,0,0.17597675
train-pg_dms__transformer__seed42,MSH6,P43246:202:P>N,0,0.14471354
train-pg_dms__transformer__seed42,MSH6,P43246:202:P>R,0,0.42433873
train-pg_dms__transformer__seed42,MSH6,P43246:202:P>S,0,0.039989088
train-pg_dms__transformer__seed42,MSH6,P43246:202:P>T,0,0.06840569
train-pg_dms__transformer__seed42,MSH6,P43246:202:P>V,0,0.09132036
train-pg_dms__transformer__seed42,MSH6,P43246:202:P>K,0,0.80526245
train-pg_dms__transformer__seed42,MSH6,P43246:202:P>Y,0,0.28540376
train-pg_dms__transformer__seed42,MSH6,P43246:206:T>A,0,0.008071679
train-pg_dms__transformer__seed42,MSH6,P43246:206:T>C,0,0.0035792193
train-pg_dms__transformer__seed42,MSH6,P43246:206:T>E,0,0.030781038
train-pg_dms__transformer__seed42,MSH6,P43246:206:T>F,0,0.009337553
train-pg_dms__transformer__seed42,MSH6,P43246:206:T>G,0,0.0124705415
train-pg_dms__transformer__seed42,MSH6,P43246:206:T>H,0,0.014557706
train-pg_dms__transformer__seed42,MSH6,P43246:206:T>I,0,0.009339216
train-pg_dms__transformer__seed42,MSH6,P43246:206:T>V,0,0.00864262
train-pg_dms__transformer__seed42,MSH6,P43246:206:T>L,0,0.0048545212
train-pg_dms__transformer__seed42,MSH6,P43246:206:T>M,1,0.025661243
train-pg_dms__transformer__seed42,MSH6,P43246:206:T>N,0,0.0052672364
train-pg_dms__transformer__seed42,MSH6,P43246:206:T>P,0,0.04523998
train-pg_dms__transformer__seed42,MSH6,P43246:206:T>R,0,0.03378377
train-pg_dms__transformer__seed42,MSH6,P43246:206:T>S,0,0.009039928
train-pg_dms__transformer__seed42,MSH6,P43246:206:T>W,0,0.19854589
train-pg_dms__transformer__seed42,MSH6,P43246:206:T>K,0,0.013204187
train-pg_dms__transformer__seed42,MSH6,P43246:206:T>Q,0,0.008491058
train-pg_dms__transformer__seed42,MSH6,P43246:212:K>T,0,0.016991163
train-pg_dms__transformer__seed42,MSH6,P43246:212:K>S,0,0.011302036
train-pg_dms__transformer__seed42,MSH6,P43246:212:K>Q,0,0.0010864219
train-pg_dms__transformer__seed42,MSH6,P43246:212:K>P,0,0.27850652
train-pg_dms__transformer__seed42,MSH6,P43246:212:K>M,1,0.10729338
train-pg_dms__transformer__seed42,MSH6,P43246:212:K>L,0,0.009968993
train-pg_dms__transformer__seed42,MSH6,P43246:212:K>G,0,0.010333964
train-pg_dms__transformer__seed42,MSH6,P43246:212:K>H,0,0.0052207126
train-pg_dms__transformer__seed42,MSH6,P43246:212:K>F,0,0.02316465
train-pg_dms__transformer__seed42,MSH6,P43246:212:K>E,0,0.018555224
train-pg_dms__transformer__seed42,MSH6,P43246:212:K>D,0,0.1898698
train-pg_dms__transformer__seed42,MSH6,P43246:212:K>V,0,0.021312226
train-pg_dms__transformer__seed42,MSH6,P43246:212:K>I,0,0.008219448
train-pg_dms__transformer__seed42,MSH6,P43246:212:K>W,0,0.18397073
train-pg_dms__transformer__seed42,MSH6,P43246:212:K>R,0,0.0038625267
train-pg_dms__transformer__seed42,MSH6,P43246:212:K>A,0,0.017994775
train-pg_dms__transformer__seed42,MSH6,P43246:212:K>C,0,0.00940838
train-pg_dms__transformer__seed42,MSH6,P43246:213:L>W,0,0.2685832
train-pg_dms__transformer__seed42,MSH6,P43246:213:L>S,0,0.107486315
train-pg_dms__transformer__seed42,MSH6,P43246:213:L>Q,0,0.19452016
train-pg_dms__transformer__seed42,MSH6,P43246:213:L>P,0,0.86921984
train-pg_dms__transformer__seed42,MSH6,P43246:213:L>N,1,0.5126173
train-pg_dms__transformer__seed42,MSH6,P43246:213:L>K,0,0.8957408
train-pg_dms__transformer__seed42,MSH6,P43246:213:L>A,0,0.05557506
train-pg_dms__transformer__seed42,MSH6,P43246:213:L>H,0,0.16133755
train-pg_dms__transformer__seed42,MSH6,P43246:213:L>G,0,0.3940181
train-pg_dms__transformer__seed42,MSH6,P43246:213:L>F,0,0.0034520878
train-pg_dms__transformer__seed42,MSH6,P43246:213:L>E,0,0.82566315
train-pg_dms__transformer__seed42,MSH6,P43246:213:L>D,1,0.91785115
train-pg_dms__transformer__seed42,MSH6,P43246:213:L>C,0,0.014833907
train-pg_dms__transformer__seed42,MSH6,P43246:213:L>T,0,0.09656296
train-pg_dms__transformer__seed42,MSH6,P43246:213:L>V,0,0.011229631
train-pg_dms__transformer__seed42,MSH6,P43246:213:L>I,0,0.0063675577
train-pg_dms__transformer__seed42,MSH6,P43246:219:R>Y,0,0.05726328
train-pg_dms__transformer__seed42,MSH6,P43246:219:R>K,0,0.018228984
train-pg_dms__transformer__seed42,MSH6,P43246:219:R>L,0,0.034141574
train-pg_dms__transformer__seed42,MSH6,P43246:219:R>M,0,0.21052597
train-pg_dms__transformer__seed42,MSH6,P43246:219:R>N,0,0.065182105
train-pg_dms__transformer__seed42,MSH6,P43246:219:R>V,0,0.13794877
train-pg_dms__transformer__seed42,MSH6,P43246:219:R>S,0,0.027549509
train-pg_dms__transformer__seed42,MSH6,P43246:219:R>Q,0,0.007953544
train-pg_dms__transformer__seed42,MSH6,P43246:219:R>P,1,0.5263972
train-pg_dms__transformer__seed42,MSH6,P43246:219:R>I,0,0.07751873
train-pg_dms__transformer__seed42,MSH6,P43246:219:R>W,0,0.15081018
train-pg_dms__transformer__seed42,MSH6,P43246:219:R>H,0,0.01058562
train-pg_dms__transformer__seed42,MSH6,P43246:219:R>E,0,0.04526891
train-pg_dms__transformer__seed42,MSH6,P43246:219:R>F,0,0.08309296
train-pg_dms__transformer__seed42,MSH6,P43246:219:R>D,0,0.17635256
train-pg_dms__transformer__seed42,MSH6,P43246:219:R>C,0,0.022905715
train-pg_dms__transformer__seed42,MSH6,P43246:219:R>A,0,0.041977
train-pg_dms__transformer__seed42,MSH6,P43246:219:R>G,0,0.035328377
train-pg_dms__transformer__seed42,MSH6,P43246:223:L>T,0,0.11321996
train-pg_dms__transformer__seed42,MSH6,P43246:223:L>S,0,0.044710465
train-pg_dms__transformer__seed42,MSH6,P43246:223:L>R,0,0.27409694
train-pg_dms__transformer__seed42,MSH6,P43246:223:L>P,0,0.35609293
train-pg_dms__transformer__seed42,MSH6,P43246:223:L>N,0,0.2318409
train-pg_dms__transformer__seed42,MSH6,P43246:223:L>G,0,0.26913762
train-pg_dms__transformer__seed42,MSH6,P43246:223:L>I,0,0.01817672
train-pg_dms__transformer__seed42,MSH6,P43246:223:L>H,0,0.065285034
train-pg_dms__transformer__seed42,MSH6,P43246:223:L>F,0,0.016347555
train-pg_dms__transformer__seed42,MSH6,P43246:223:L>E,0,0.4372448
train-pg_dms__transformer__seed42,MSH6,P43246:223:L>D,1,0.7459797
train-pg_dms__transformer__seed42,MSH6,P43246:223:L>A,0,0.06100116
train-pg_dms__transformer__seed42,MSH6,P43246:223:L>K,0,0.48295063
train-pg_dms__transformer__seed42,MSH6,P43246:223:L>Y,0,0.09114295
train-pg_dms__transformer__seed42,MSH6,P43246:223:L>W,0,0.41556755
train-pg_dms__transformer__seed42,MSH6,P43246:226:E>C,0,0.012375449
train-pg_dms__transformer__seed42,MSH6,P43246:226:E>D,0,0.008812787
train-pg_dms__transformer__seed42,MSH6,P43246:226:E>Y,0,0.018070096
train-pg_dms__transformer__seed42,MSH6,P43246:226:E>G,0,0.0012502446
train-pg_dms__transformer__seed42,MSH6,P43246:226:E>H,0,0.013323511
train-pg_dms__transformer__seed42,MSH6,P43246:226:E>I,0,0.010838337
train-pg_dms__transformer__seed42,MSH6,P43246:226:E>K,0,0.012694427
train-pg_dms__transformer__seed42,MSH6,P43246:226:E>L,0,0.011112116
train-pg_dms__transformer__seed42,MSH6,P43246:226:E>W,0,0.23032986
train-pg_dms__transformer__seed42,MSH6,P43246:226:E>N,0,0.0029674019
train-pg_dms__transformer__seed42,MSH6,P43246:226:E>A,0,0.004036904
train-pg_dms__transformer__seed42,MSH6,P43246:226:E>T,0,0.015897326
train-pg_dms__transformer__seed42,MSH6,P43246:226:E>S,0,0.0033941595
train-pg_dms__transformer__seed42,MSH6,P43246:226:E>R,0,0.03283969
train-pg_dms__transformer__seed42,MSH6,P43246:226:E>Q,0,0.0013712515
train-pg_dms__transformer__seed42,MSH6,P43246:226:E>P,0,0.06047456
train-pg_dms__transformer__seed42,MSH6,P43246:226:E>M,0,0.11322431
train-pg_dms__transformer__seed42,MSH6,P43246:226:E>V,0,0.007286521
train-pg_dms__transformer__seed42,MSH6,P43246:226:E>F,1,0.031239223
train-pg_dms__transformer__seed42,MSH6,P43246:237:I>N,0,0.007941024
train-pg_dms__transformer__seed42,MSH6,P43246:237:I>Y,0,0.039090432
train-pg_dms__transformer__seed42,MSH6,P43246:237:I>W,0,0.4581177
train-pg_dms__transformer__seed42,MSH6,P43246:237:I>V,0,0.009314693
train-pg_dms__transformer__seed42,MSH6,P43246:237:I>T,0,0.005941261
train-pg_dms__transformer__seed42,MSH6,P43246:237:I>R,0,0.1379073
train-pg_dms__transformer__seed42,MSH6,P43246:237:I>P,0,0.6404353
train-pg_dms__transformer__seed42,MSH6,P43246:237:I>L,0,0.0030578198
train-pg_dms__transformer__seed42,MSH6,P43246:237:I>Q,0,0.017418819
train-pg_dms__transformer__seed42,MSH6,P43246:237:I>H,0,0.041905466
train-pg_dms__transformer__seed42,MSH6,P43246:237:I>G,0,0.007019389
train-pg_dms__transformer__seed42,MSH6,P43246:237:I>F,0,0.0038268843
train-pg_dms__transformer__seed42,MSH6,P43246:237:I>E,0,0.18597196
train-pg_dms__transformer__seed42,MSH6,P43246:237:I>D,0,0.41324675
train-pg_dms__transformer__seed42,MSH6,P43246:237:I>C,0,0.005614355
train-pg_dms__transformer__seed42,MSH6,P43246:237:I>A,0,0.0044631287
train-pg_dms__transformer__seed42,MSH6,P43246:237:I>K,0,0.17651391
train-pg_dms__transformer__seed42,MSH6,P43246:250:G>M,0,0.051464222
train-pg_dms__transformer__seed42,MSH6,P43246:250:G>Y,0,0.013342173
train-pg_dms__transformer__seed42,MSH6,P43246:250:G>W,0,0.09832625
train-pg_dms__transformer__seed42,MSH6,P43246:250:G>T,0,0.010384535
train-pg_dms__transformer__seed42,MSH6,P43246:250:G>S,0,0.0037874305
train-pg_dms__transformer__seed42,MSH6,P43246:250:G>N,0,0.0056458293
train-pg_dms__transformer__seed42,MSH6,P43246:250:G>P,0,0.09895447
train-pg_dms__transformer__seed42,MSH6,P43246:250:G>Q,0,0.0054296874
train-pg_dms__transformer__seed42,MSH6,P43246:250:G>F,0,0.014110721
train-pg_dms__transformer__seed42,MSH6,P43246:250:G>L,0,0.010270235
train-pg_dms__transformer__seed42,MSH6,P43246:250:G>K,0,0.0066987937
train-pg_dms__transformer__seed42,MSH6,P43246:250:G>I,0,0.009995001
train-pg_dms__transformer__seed42,MSH6,P43246:250:G>E,0,0.009454344
train-pg_dms__transformer__seed42,MSH6,P43246:250:G>D,0,0.019980507
train-pg_dms__transformer__seed42,MSH6,P43246:250:G>C,0,0.0034766444
train-pg_dms__transformer__seed42,MSH6,P43246:250:G>A,0,0.0038426043
train-pg_dms__transformer__seed42,MSH6,P43246:264:Q>V,0,0.0026137463
train-pg_dms__transformer__seed42,MSH6,P43246:264:Q>T,0,0.0021031918
train-pg_dms__transformer__seed42,MSH6,P43246:264:Q>S,0,0.0010273664
train-pg_dms__transformer__seed42,MSH6,P43246:264:Q>R,0,0.0063560465
train-pg_dms__transformer__seed42,MSH6,P43246:264:Q>N,0,0.0015884051
train-pg_dms__transformer__seed42,MSH6,P43246:264:Q>M,0,0.013597581
train-pg_dms__transformer__seed42,MSH6,P43246:264:Q>K,0,0.004154251
train-pg_dms__transformer__seed42,MSH6,P43246:264:Q>I,0,0.0031625214
train-pg_dms__transformer__seed42,MSH6,P43246:264:Q>F,0,0.014150258
train-pg_dms__transformer__seed42,MSH6,P43246:264:Q>E,0,0.00290325
train-pg_dms__transformer__seed42,MSH6,P43246:264:Q>D,0,0.008629785
train-pg_dms__transformer__seed42,MSH6,P43246:264:Q>C,0,0.0063616894
train-pg_dms__transformer__seed42,MSH6,P43246:264:Q>A,0,0.0014646072
train-pg_dms__transformer__seed42,MSH6,P43246:264:Q>L,0,0.0013953282
train-pg_dms__transformer__seed42,MSH6,P43246:264:Q>G,0,0.002494576
train-pg_dms__transformer__seed42,MSH6,P43246:264:Q>Y,0,0.006174303
train-pg_dms__transformer__seed42,MSH6,P43246:264:Q>W,0,0.10304893
train-pg_dms__transformer__seed42,MSH6,P43246:266:A>Y,1,0.4993885
train-pg_dms__transformer__seed42,MSH6,P43246:266:A>W,1,0.786041
train-pg_dms__transformer__seed42,MSH6,P43246:266:A>V,1,0.121696346
train-pg_dms__transformer__seed42,MSH6,P43246:266:A>S,0,0.00409495
train-pg_dms__transformer__seed42,MSH6,P43246:266:A>P,0,0.79868
train-pg_dms__transformer__seed42,MSH6,P43246:266:A>K,1,0.6743045
train-pg_dms__transformer__seed42,MSH6,P43246:266:A>L,1,0.36232996
train-pg_dms__transformer__seed42,MSH6,P43246:266:A>R,1,0.7809227
train-pg_dms__transformer__seed42,MSH6,P43246:266:A>I,1,0.66491663
train-pg_dms__transformer__seed42,MSH6,P43246:266:A>H,0,0.3602415
train-pg_dms__transformer__seed42,MSH6,P43246:266:A>G,0,0.0027380474
train-pg_dms__transformer__seed42,MSH6,P43246:266:A>F,1,0.6004319
train-pg_dms__transformer__seed42,MSH6,P43246:266:A>E,1,0.51853883
train-pg_dms__transformer__seed42,MSH6,P43246:266:A>C,0,0.042783346
train-pg_dms__transformer__seed42,MSH6,P43246:266:A>M,0,0.40426552
train-pg_dms__transformer__seed42,MSH6,P43246:270:L>G,1,0.7383051
train-pg_dms__transformer__seed42,MSH6,P43246:270:L>H,1,0.6523418
train-pg_dms__transformer__seed42,MSH6,P43246:270:L>I,0,0.016639834
train-pg_dms__transformer__seed42,MSH6,P43246:270:L>K,1,0.90241784
train-pg_dms__transformer__seed42,MSH6,P43246:270:L>M,0,0.038787194
train-pg_dms__transformer__seed42,MSH6,P43246:270:L>N,1,0.88609004
train-pg_dms__transformer__seed42,MSH6,P43246:270:L>Q,1,0.5075315
train-pg_dms__transformer__seed42,MSH6,P43246:270:L>S,1,0.1849568
train-pg_dms__transformer__seed42,MSH6,P43246:270:L>T,0,0.12691168
train-pg_dms__transformer__seed42,MSH6,P43246:270:L>V,0,0.020650815
train-pg_dms__transformer__seed42,MSH6,P43246:270:L>W,1,0.7979247
train-pg_dms__transformer__seed42,MSH6,P43246:270:L>Y,1,0.54720056
train-pg_dms__transformer__seed42,MSH6,P43246:270:L>F,1,0.04060445
train-pg_dms__transformer__seed42,MSH6,P43246:270:L>R,1,0.88882834
train-pg_dms__transformer__seed42,MSH6,P43246:270:L>E,1,0.7958897
train-pg_dms__transformer__seed42,MSH6,P43246:270:L>A,0,0.10435566
train-pg_dms__transformer__seed42,MSH6,P43246:270:L>C,0,0.088414066
train-pg_dms__transformer__seed42,MSH6,P43246:270:L>D,1,0.96253127
train-pg_dms__transformer__seed42,MSH6,P43246:277:L>T,0,0.05345718
train-pg_dms__transformer__seed42,MSH6,P43246:277:L>A,0,0.06360732
train-pg_dms__transformer__seed42,MSH6,P43246:277:L>C,0,0.020977028
train-pg_dms__transformer__seed42,MSH6,P43246:277:L>E,0,0.35151732
train-pg_dms__transformer__seed42,MSH6,P43246:277:L>F,0,0.054653537
train-pg_dms__transformer__seed42,MSH6,P43246:277:L>G,0,0.14772251
train-pg_dms__transformer__seed42,MSH6,P43246:277:L>H,0,0.091664806
train-pg_dms__transformer__seed42,MSH6,P43246:277:L>I,0,0.029268216
train-pg_dms__transformer__seed42,MSH6,P43246:277:L>K,0,0.39741248
train-pg_dms__transformer__seed42,MSH6,P43246:277:L>N,0,0.32013422
train-pg_dms__transformer__seed42,MSH6,P43246:277:L>P,1,0.8093607
train-pg_dms__transformer__seed42,MSH6,P43246:277:L>Q,0,0.015409177
train-pg_dms__transformer__seed42,MSH6,P43246:277:L>Y,0,0.10830096
train-pg_dms__transformer__seed42,MSH6,P43246:277:L>W,0,0.50685894
train-pg_dms__transformer__seed42,MSH6,P43246:277:L>V,0,0.012461067
train-pg_dms__transformer__seed42,MSH6,P43246:277:L>M,0,0.04876474
train-pg_dms__transformer__seed42,MSH6,P43246:277:L>R,0,0.25620425
train-pg_dms__transformer__seed42,MSH6,P43246:279:L>A,0,0.16409157
train-pg_dms__transformer__seed42,MSH6,P43246:279:L>C,0,0.040183436
train-pg_dms__transformer__seed42,MSH6,P43246:279:L>W,0,0.574129
train-pg_dms__transformer__seed42,MSH6,P43246:279:L>V,0,0.03099753
train-pg_dms__transformer__seed42,MSH6,P43246:279:L>T,0,0.19074318
train-pg_dms__transformer__seed42,MSH6,P43246:279:L>S,0,0.0899181
train-pg_dms__transformer__seed42,MSH6,P43246:279:L>R,0,0.4240808
train-pg_dms__transformer__seed42,MSH6,P43246:279:L>Q,0,0.07945846
train-pg_dms__transformer__seed42,MSH6,P43246:279:L>Y,0,0.10274295
train-pg_dms__transformer__seed42,MSH6,P43246:279:L>M,0,0.06859342
train-pg_dms__transformer__seed42,MSH6,P43246:279:L>I,0,0.016486304
train-pg_dms__transformer__seed42,MSH6,P43246:279:L>H,0,0.1770606
train-pg_dms__transformer__seed42,MSH6,P43246:279:L>G,0,0.19140838
train-pg_dms__transformer__seed42,MSH6,P43246:279:L>F,0,0.06916261
train-pg_dms__transformer__seed42,MSH6,P43246:279:L>E,0,0.32939896
train-pg_dms__transformer__seed42,MSH6,P43246:279:L>D,0,0.77412784
train-pg_dms__transformer__seed42,MSH6,P43246:279:L>N,0,0.38608444
train-pg_dms__transformer__seed42,MSH6,P43246:285:N>S,0,0.0063184914
train-pg_dms__transformer__seed42,MSH6,P43246:285:N>P,0,0.4768314
train-pg_dms__transformer__seed42,MSH6,P43246:285:N>T,0,0.036358874
train-pg_dms__transformer__seed42,MSH6,P43246:285:N>V,0,0.01533775
train-pg_dms__transformer__seed42,MSH6,P43246:285:N>W,0,0.52804786
train-pg_dms__transformer__seed42,MSH6,P43246:285:N>Y,0,0.004396392
train-pg_dms__transformer__seed42,MSH6,P43246:285:N>M,0,0.17265347
train-pg_dms__transformer__seed42,MSH6,P43246:285:N>L,0,0.0069249016
train-pg_dms__transformer__seed42,MSH6,P43246:285:N>K,0,0.21098033
train-pg_dms__transformer__seed42,MSH6,P43246:285:N>R,0,0.0957732
train-pg_dms__transformer__seed42,MSH6,P43246:285:N>Q,0,0.020161916
train-pg_dms__transformer__seed42,MSH6,P43246:285:N>I,0,0.015299268
train-pg_dms__transformer__seed42,MSH6,P43246:285:N>H,0,0.0055252938
train-pg_dms__transformer__seed42,MSH6,P43246:285:N>G,0,0.007944677
train-pg_dms__transformer__seed42,MSH6,P43246:285:N>F,0,0.03310155
train-pg_dms__transformer__seed42,MSH6,P43246:285:N>E,0,0.14521144
train-pg_dms__transformer__seed42,MSH6,P43246:285:N>D,0,0.04989611
train-pg_dms__transformer__seed42,MSH6,P43246:285:N>A,0,0.03247306
train-pg_dms__transformer__seed42,MSH6,P43246:286:F>H,0,0.06774525
train-pg_dms__transformer__seed42,MSH6,P43246:286:F>D,0,0.736073
train-pg_dms__transformer__seed42,MSH6,P43246:286:F>W,0,0.40864632
train-pg_dms__transformer__seed42,MSH6,P43246:286:F>G,0,0.50110614
train-pg_dms__transformer__seed42,MSH6,P43246:286:F>V,0,0.087236434
train-pg_dms__transformer__seed42,MSH6,P43246:286:F>R,0,0.47733355
train-pg_dms__transformer__seed42,MSH6,P43246:286:F>Q,0,0.2696936
train-pg_dms__transformer__seed42,MSH6,P43246:286:F>P,0,0.8387785
train-pg_dms__transformer__seed42,MSH6,P43246:286:F>E,0,0.5724635
train-pg_dms__transformer__seed42,MSH6,P43246:286:F>M,0,0.32208234
train-pg_dms__transformer__seed42,MSH6,P43246:286:F>L,0,0.49646363
train-pg_dms__transformer__seed42,MSH6,P43246:286:F>K,0,0.560891
train-pg_dms__transformer__seed42,MSH6,P43246:286:F>I,0,0.121098705
train-pg_dms__transformer__seed42,MSH6,P43246:286:F>T,0,0.3814773
train-pg_dms__transformer__seed42,MSH6,P43246:286:F>N,0,0.19939488
train-pg_dms__transformer__seed42,MSH6,P43246:286:F>A,0,0.36864895
train-pg_dms__transformer__seed42,MSH6,P43246:292:T>W,0,0.22484593
train-pg_dms__transformer__seed42,MSH6,P43246:292:T>C,0,0.00477633
train-pg_dms__transformer__seed42,MSH6,P43246:292:T>E,0,0.011956743
train-pg_dms__transformer__seed42,MSH6,P43246:292:T>F,0,0.009430474
train-pg_dms__transformer__seed42,MSH6,P43246:292:T>G,0,0.006114952
train-pg_dms__transformer__seed42,MSH6,P43246:292:T>H,0,0.008788986
train-pg_dms__transformer__seed42,MSH6,P43246:292:T>I,0,0.011056195
train-pg_dms__transformer__seed42,MSH6,P43246:292:T>Y,0,0.013469587
train-pg_dms__transformer__seed42,MSH6,P43246:292:T>K,0,0.0071197497
train-pg_dms__transformer__seed42,MSH6,P43246:292:T>M,0,0.045591056
train-pg_dms__transformer__seed42,MSH6,P43246:292:T>Q,0,0.005485405
train-pg_dms__transformer__seed42,MSH6,P43246:292:T>R,0,0.009307418
train-pg_dms__transformer__seed42,MSH6,P43246:292:T>S,0,0.009806029
train-pg_dms__transformer__seed42,MSH6,P43246:292:T>V,0,0.013104597
train-pg_dms__transformer__seed42,MSH6,P43246:292:T>A,0,0.0078448765
train-pg_dms__transformer__seed42,MSH6,P43246:292:T>L,0,0.0079198135
train-pg_dms__transformer__seed42,MSH6,P43246:292:T>N,0,0.008640036
train-pg_dms__transformer__seed42,MSH6,P43246:300:M>V,0,0.035142154
train-pg_dms__transformer__seed42,MSH6,P43246:300:M>P,1,0.9357798
train-pg_dms__transformer__seed42,MSH6,P43246:300:M>T,0,0.566726
train-pg_dms__transformer__seed42,MSH6,P43246:300:M>S,0,0.5430595
train-pg_dms__transformer__seed42,MSH6,P43246:300:M>R,1,0.862323
train-pg_dms__transformer__seed42,MSH6,P43246:300:M>Q,0,0.4222126
train-pg_dms__transformer__seed42,MSH6,P43246:300:M>N,1,0.782958
train-pg_dms__transformer__seed42,MSH6,P43246:300:M>I,0,0.61469024
train-pg_dms__transformer__seed42,MSH6,P43246:300:M>D,1,0.91746485
train-pg_dms__transformer__seed42,MSH6,P43246:300:M>C,0,0.17837246
train-pg_dms__transformer__seed42,MSH6,P43246:300:M>A,0,0.57259417
train-pg_dms__transformer__seed42,MSH6,P43246:300:M>H,1,0.6292686
train-pg_dms__transformer__seed42,MSH6,P43246:300:M>K,1,0.76160645
train-pg_dms__transformer__seed42,MSH6,P43246:300:M>Y,1,0.5960857
train-pg_dms__transformer__seed42,MSH6,P43246:300:M>G,0,0.66198766
train-pg_dms__transformer__seed42,MSH6,P43246:300:M>L,0,0.03206195
train-pg_dms__transformer__seed42,MSH6,P43246:300:M>E,1,0.7471301
train-pg_dms__transformer__seed42,MSH6,P43246:300:M>W,1,0.9098737
train-pg_dms__transformer__seed42,MSH6,P43246:315:G>M,0,0.051099725
train-pg_dms__transformer__seed42,MSH6,P43246:315:G>N,0,0.0046223123
train-pg_dms__transformer__seed42,MSH6,P43246:315:G>K,0,0.008439472
train-pg_dms__transformer__seed42,MSH6,P43246:315:G>Q,0,0.0040499694
train-pg_dms__transformer__seed42,MSH6,P43246:315:G>R,0,0.01434743
train-pg_dms__transformer__seed42,MSH6,P43246:315:G>S,0,0.002544559
train-pg_dms__transformer__seed42,MSH6,P43246:315:G>T,0,0.006186464
train-pg_dms__transformer__seed42,MSH6,P43246:315:G>I,0,0.007815848
train-pg_dms__transformer__seed42,MSH6,P43246:315:G>H,0,0.005893015
train-pg_dms__transformer__seed42,MSH6,P43246:315:G>F,0,0.011413377
train-pg_dms__transformer__seed42,MSH6,P43246:315:G>E,0,0.0045706956
train-pg_dms__transformer__seed42,MSH6,P43246:315:G>L,0,0.00624128
train-pg_dms__transformer__seed42,MSH6,P43246:315:G>P,0,0.03993024
train-pg_dms__transformer__seed42,MSH6,P43246:315:G>A,0,0.003086015
train-pg_dms__transformer__seed42,MSH6,P43246:315:G>W,0,0.11295032
train-pg_dms__transformer__seed42,MSH6,P43246:315:G>Y,0,0.0083152475
train-pg_dms__transformer__seed42,MSH6,P43246:323:S>W,0,0.1124398
train-pg_dms__transformer__seed42,MSH6,P43246:323:S>A,0,0.020981066
train-pg_dms__transformer__seed42,MSH6,P43246:323:S>V,0,0.014916484
train-pg_dms__transformer__seed42,MSH6,P43246:323:S>T,0,0.011201266
train-pg_dms__transformer__seed42,MSH6,P43246:323:S>R,0,0.027667698
train-pg_dms__transformer__seed42,MSH6,P43246:323:S>Q,0,0.019255953
train-pg_dms__transformer__seed42,MSH6,P43246:323:S>P,0,0.036398895
train-pg_dms__transformer__seed42,MSH6,P43246:323:S>N,0,0.009603351
train-pg_dms__transformer__seed42,MSH6,P43246:323:S>Y,0,0.018469753
train-pg_dms__transformer__seed42,MSH6,P43246:323:S>M,0,0.06314401
train-pg_dms__transformer__seed42,MSH6,P43246:323:S>I,0,0.014606744
train-pg_dms__transformer__seed42,MSH6,P43246:323:S>H,0,0.012396668
train-pg_dms__transformer__seed42,MSH6,P43246:323:S>G,0,0.006123884
train-pg_dms__transformer__seed42,MSH6,P43246:323:S>E,0,0.041382097
train-pg_dms__transformer__seed42,MSH6,P43246:323:S>D,0,0.04514235
train-pg_dms__transformer__seed42,MSH6,P43246:323:S>C,0,0.010819709
train-pg_dms__transformer__seed42,MSH6,P43246:323:S>L,0,0.008385226
train-pg_dms__transformer__seed42,MSH6,P43246:323:S>K,0,0.032612085
train-pg_dms__transformer__seed42,MSH6,P43246:331:N>C,0,0.023675403
train-pg_dms__transformer__seed42,MSH6,P43246:331:N>W,0,0.76841676
train-pg_dms__transformer__seed42,MSH6,P43246:331:N>T,0,0.06773742
train-pg_dms__transformer__seed42,MSH6,P43246:331:N>V,0,0.22777809
train-pg_dms__transformer__seed42,MSH6,P43246:331:N>A,0,0.11956724
train-pg_dms__transformer__seed42,MSH6,P43246:331:N>E,0,0.6601039
train-pg_dms__transformer__seed42,MSH6,P43246:331:N>H,0,0.06439107
train-pg_dms__transformer__seed42,MSH6,P43246:331:N>G,0,0.13537589
train-pg_dms__transformer__seed42,MSH6,P43246:331:N>S,0,0.030042492
train-pg_dms__transformer__seed42,MSH6,P43246:331:N>R,0,0.47506148
train-pg_dms__transformer__seed42,MSH6,P43246:331:N>P,1,0.8911448
train-pg_dms__transformer__seed42,MSH6,P43246:331:N>F,0,0.30465543
train-pg_dms__transformer__seed42,MSH6,P43246:331:N>Y,0,0.057821378
train-pg_dms__transformer__seed42,MSH6,P43246:331:N>I,0,0.55533826
train-pg_dms__transformer__seed42,MSH6,P43246:331:N>K,0,0.52262056
train-pg_dms__transformer__seed42,MSH6,P43246:331:N>L,0,0.15207924
train-pg_dms__transformer__seed42,MSH6,P43246:331:N>M,0,0.3340264
train-pg_dms__transformer__seed42,MSH6,P43246:337:Q>A,0,0.010813761
train-pg_dms__transformer__seed42,MSH6,P43246:337:Q>W,0,0.90404826
train-pg_dms__transformer__seed42,MSH6,P43246:337:Q>Y,0,0.8152784
train-pg_dms__transformer__seed42,MSH6,P43246:337:Q>V,0,0.1818291
train-pg_dms__transformer__seed42,MSH6,P43246:337:Q>D,1,0.982385
train-pg_dms__transformer__seed42,MSH6,P43246:337:Q>C,0,0.41691217
train-pg_dms__transformer__seed42,MSH6,P43246:337:Q>T,0,0.22970566
train-pg_dms__transformer__seed42,MSH6,P43246:337:Q>S,0,0.020723287
train-pg_dms__transformer__seed42,MSH6,P43246:337:Q>P,0,0.21214095
train-pg_dms__transformer__seed42,MSH6,P43246:337:Q>M,0,0.21918367
train-pg_dms__transformer__seed42,MSH6,P43246:337:Q>L,0,0.05452055
train-pg_dms__transformer__seed42,MSH6,P43246:337:Q>I,0,0.52907217
train-pg_dms__transformer__seed42,MSH6,P43246:337:Q>H,0,0.55708796
train-pg_dms__transformer__seed42,MSH6,P43246:337:Q>G,0,0.07584679
train-pg_dms__transformer__seed42,MSH6,P43246:337:Q>F,0,0.82238346
train-pg_dms__transformer__seed42,MSH6,P43246:337:Q>E,0,0.17312746
train-pg_dms__transformer__seed42,MSH6,P43246:337:Q>K,1,0.96432966
train-pg_dms__transformer__seed42,MSH6,P43246:340:R>Y,0,0.90267855
train-pg_dms__transformer__seed42,MSH6,P43246:340:R>W,0,0.8833832
train-pg_dms__transformer__seed42,MSH6,P43246:340:R>V,1,0.9664855
train-pg_dms__transformer__seed42,MSH6,P43246:340:R>S,0,0.89322025
train-pg_dms__transformer__seed42,MSH6,P43246:340:R>P,1,0.9883618
train-pg_dms__transformer__seed42,MSH6,P43246:340:R>M,0,0.7845269
train-pg_dms__transformer__seed42,MSH6,P43246:340:R>F,0,0.960404
train-pg_dms__transformer__seed42,MSH6,P43246:340:R>N,0,0.9247849
train-pg_dms__transformer__seed42,MSH6,P43246:340:R>K,0,0.8770978
train-pg_dms__transformer__seed42,MSH6,P43246:340:R>I,0,0.94918025
train-pg_dms__transformer__seed42,MSH6,P43246:340:R>H,0,0.7003044
train-pg_dms__transformer__seed42,MSH6,P43246:340:R>A,0,0.9329931
train-pg_dms__transformer__seed42,MSH6,P43246:340:R>D,0,0.9894332
train-pg_dms__transformer__seed42,MSH6,P43246:340:R>L,0,0.93164253
train-pg_dms__transformer__seed42,MSH6,P43246:340:R>C,0,0.84479505
train-pg_dms__transformer__seed42,MSH6,P43246:341:L>K,0,0.31635383
train-pg_dms__transformer__seed42,MSH6,P43246:341:L>M,0,0.2285106
train-pg_dms__transformer__seed42,MSH6,P43246:341:L>N,1,0.83798695
train-pg_dms__transformer__seed42,MSH6,P43246:341:L>I,0,0.14333159
train-pg_dms__transformer__seed42,MSH6,P43246:341:L>R,0,0.26695564
train-pg_dms__transformer__seed42,MSH6,P43246:341:L>T,0,0.15577827
train-pg_dms__transformer__seed42,MSH6,P43246:341:L>V,0,0.1391349
train-pg_dms__transformer__seed42,MSH6,P43246:341:L>W,0,0.59097546
train-pg_dms__transformer__seed42,MSH6,P43246:341:L>S,1,0.30051175
train-pg_dms__transformer__seed42,MSH6,P43246:341:L>E,0,0.7764224
train-pg_dms__transformer__seed42,MSH6,P43246:341:L>A,0,0.1532873
train-pg_dms__transformer__seed42,MSH6,P43246:341:L>C,0,0.09658561
train-pg_dms__transformer__seed42,MSH6,P43246:341:L>D,1,0.9793093
train-pg_dms__transformer__seed42,MSH6,P43246:341:L>Y,1,0.33725527
train-pg_dms__transformer__seed42,MSH6,P43246:341:L>F,0,0.096284896
train-pg_dms__transformer__seed42,MSH6,P43246:341:L>G,1,0.8740655
train-pg_dms__transformer__seed42,MSH6,P43246:341:L>H,0,0.21222976
train-pg_dms__transformer__seed42,MSH6,P43246:348:Q>A,0,0.07632789
train-pg_dms__transformer__seed42,MSH6,P43246:348:Q>C,0,0.105012536
train-pg_dms__transformer__seed42,MSH6,P43246:348:Q>F,0,0.27519667
train-pg_dms__transformer__seed42,MSH6,P43246:348:Q>G,0,0.33003196
train-pg_dms__transformer__seed42,MSH6,P43246:348:Q>I,0,0.5148878
train-pg_dms__transformer__seed42,MSH6,P43246:348:Q>K,0,0.23157027
train-pg_dms__transformer__seed42,MSH6,P43246:348:Q>W,0,0.5680846
train-pg_dms__transformer__seed42,MSH6,P43246:348:Q>M,0,0.18621968
train-pg_dms__transformer__seed42,MSH6,P43246:348:Q>N,0,0.17057307
train-pg_dms__transformer__seed42,MSH6,P43246:348:Q>P,1,0.9271126
train-pg_dms__transformer__seed42,MSH6,P43246:348:Q>R,0,0.3084925
train-pg_dms__transformer__seed42,MSH6,P43246:348:Q>S,0,0.047873754
train-pg_dms__transformer__seed42,MSH6,P43246:348:Q>T,0,0.38573605
train-pg_dms__transformer__seed42,MSH6,P43246:348:Q>V,0,0.36148146
train-pg_dms__transformer__seed42,MSH6,P43246:348:Q>Y,0,0.24262913
train-pg_dms__transformer__seed42,MSH6,P43246:348:Q>L,0,0.03851819
train-pg_dms__transformer__seed42,MSH6,P43246:357:E>L,0,0.020325426
train-pg_dms__transformer__seed42,MSH6,P43246:357:E>A,0,0.016882196
train-pg_dms__transformer__seed42,MSH6,P43246:357:E>M,0,0.12510015
train-pg_dms__transformer__seed42,MSH6,P43246:357:E>N,0,0.0051774792
train-pg_dms__transformer__seed42,MSH6,P43246:357:E>P,1,0.744617
train-pg_dms__transformer__seed42,MSH6,P43246:357:E>Q,0,0.0044444725
train-pg_dms__transformer__seed42,MSH6,P43246:357:E>R,0,0.04547486
train-pg_dms__transformer__seed42,MSH6,P43246:357:E>T,0,0.021194974
train-pg_dms__transformer__seed42,MSH6,P43246:357:E>S,0,0.00502943
train-pg_dms__transformer__seed42,MSH6,P43246:357:E>W,0,0.33059597
train-pg_dms__transformer__seed42,MSH6,P43246:357:E>Y,0,0.05969699
train-pg_dms__transformer__seed42,MSH6,P43246:357:E>I,0,0.02957301
train-pg_dms__transformer__seed42,MSH6,P43246:357:E>H,0,0.026332106
train-pg_dms__transformer__seed42,MSH6,P43246:357:E>G,0,0.002562495
train-pg_dms__transformer__seed42,MSH6,P43246:357:E>F,0,0.113794
train-pg_dms__transformer__seed42,MSH6,P43246:357:E>D,0,0.036759384
train-pg_dms__transformer__seed42,MSH6,P43246:357:E>C,0,0.02024884
train-pg_dms__transformer__seed42,MSH6,P43246:362:L>N,0,0.4514654
train-pg_dms__transformer__seed42,MSH6,P43246:362:L>Y,0,0.09735396
train-pg_dms__transformer__seed42,MSH6,P43246:362:L>W,0,0.39852673
train-pg_dms__transformer__seed42,MSH6,P43246:362:L>V,0,0.007969761
train-pg_dms__transformer__seed42,MSH6,P43246:362:L>T,0,0.0575506
train-pg_dms__transformer__seed42,MSH6,P43246:362:L>S,0,0.04775969
train-pg_dms__transformer__seed42,MSH6,P43246:362:L>Q,0,0.071629286
train-pg_dms__transformer__seed42,MSH6,P43246:362:L>P,1,0.90318054
train-pg_dms__transformer__seed42,MSH6,P43246:362:L>M,0,0.045224566
train-pg_dms__transformer__seed42,MSH6,P43246:362:L>C,0,0.023640878
train-pg_dms__transformer__seed42,MSH6,P43246:362:L>D,1,0.9143855
train-pg_dms__transformer__seed42,MSH6,P43246:362:L>E,0,0.48500052
train-pg_dms__transformer__seed42,MSH6,P43246:362:L>F,0,0.060190566
train-pg_dms__transformer__seed42,MSH6,P43246:362:L>G,0,0.25703645
train-pg_dms__transformer__seed42,MSH6,P43246:362:L>H,0,0.13253601
train-pg_dms__transformer__seed42,MSH6,P43246:362:L>I,0,0.010699338
train-pg_dms__transformer__seed42,MSH6,P43246:362:L>K,0,0.630975
train-pg_dms__transformer__seed42,MSH6,P43246:362:L>A,0,0.059383687
train-pg_dms__transformer__seed42,MSH6,P43246:362:L>R,0,0.6173244
train-pg_dms__transformer__seed42,MSH6,P43246:378:E>A,0,0.014172079
train-pg_dms__transformer__seed42,MSH6,P43246:378:E>C,0,0.0149587095
train-pg_dms__transformer__seed42,MSH6,P43246:378:E>D,0,0.0024864988
train-pg_dms__transformer__seed42,MSH6,P43246:378:E>F,0,0.021796416
train-pg_dms__transformer__seed42,MSH6,P43246:378:E>H,0,0.014112021
train-pg_dms__transformer__seed42,MSH6,P43246:378:E>G,0,0.0020664886
train-pg_dms__transformer__seed42,MSH6,P43246:378:E>W,0,0.10899616
train-pg_dms__transformer__seed42,MSH6,P43246:378:E>I,0,0.018033579
train-pg_dms__transformer__seed42,MSH6,P43246:378:E>L,0,0.012841962
train-pg_dms__transformer__seed42,MSH6,P43246:378:E>M,0,0.10750281
train-pg_dms__transformer__seed42,MSH6,P43246:378:E>N,0,0.004482427
train-pg_dms__transformer__seed42,MSH6,P43246:378:E>P,0,0.1360611
train-pg_dms__transformer__seed42,MSH6,P43246:378:E>Q,0,0.0036788709
train-pg_dms__transformer__seed42,MSH6,P43246:378:E>R,0,0.021569135
train-pg_dms__transformer__seed42,MSH6,P43246:378:E>S,0,0.0032358079
train-pg_dms__transformer__seed42,MSH6,P43246:378:E>T,0,0.009562573
train-pg_dms__transformer__seed42,MSH6,P43246:378:E>V,0,0.009092274
train-pg_dms__transformer__seed42,MSH6,P43246:378:E>Y,0,0.019115455
train-pg_dms__transformer__seed42,MSH6,P43246:382:R>A,0,0.038740203
train-pg_dms__transformer__seed42,MSH6,P43246:382:R>Y,0,0.029063404
train-pg_dms__transformer__seed42,MSH6,P43246:382:R>W,1,0.08096514
train-pg_dms__transformer__seed42,MSH6,P43246:382:R>V,0,0.053715866
train-pg_dms__transformer__seed42,MSH6,P43246:382:R>T,0,0.06726667
train-pg_dms__transformer__seed42,MSH6,P43246:382:R>Q,0,0.004310853
train-pg_dms__transformer__seed42,MSH6,P43246:382:R>C,0,0.014940853
train-pg_dms__transformer__seed42,MSH6,P43246:382:R>M,0,0.17723727
train-pg_dms__transformer__seed42,MSH6,P43246:382:R>K,0,0.006329633
train-pg_dms__transformer__seed42,MSH6,P43246:382:R>I,0,0.054343056
train-pg_dms__transformer__seed42,MSH6,P43246:382:R>G,0,0.036133558
train-pg_dms__transformer__seed42,MSH6,P43246:382:R>E,0,0.07855368
train-pg_dms__transformer__seed42,MSH6,P43246:382:R>D,0,0.09050347
train-pg_dms__transformer__seed42,MSH6,P43246:382:R>N,0,0.0515818
train-pg_dms__transformer__seed42,MSH6,P43246:385:P>F,0,0.20384559
train-pg_dms__transformer__seed42,MSH6,P43246:385:P>H,0,0.11723883
train-pg_dms__transformer__seed42,MSH6,P43246:385:P>I,0,0.21046703
train-pg_dms__transformer__seed42,MSH6,P43246:385:P>M,0,0.29084378
train-pg_dms__transformer__seed42,MSH6,P43246:385:P>L,0,0.07997476
train-pg_dms__transformer__seed42,MSH6,P43246:385:P>K,0,0.4010456
train-pg_dms__transformer__seed42,MSH6,P43246:385:P>N,0,0.20718817
train-pg_dms__transformer__seed42,MSH6,P43246:385:P>Q,0,0.05836774
train-pg_dms__transformer__seed42,MSH6,P43246:385:P>E,0,0.4314764
train-pg_dms__transformer__seed42,MSH6,P43246:385:P>G,0,0.06981655
train-pg_dms__transformer__seed42,MSH6,P43246:385:P>C,0,0.07544386
train-pg_dms__transformer__seed42,MSH6,P43246:385:P>A,0,0.034704853
train-pg_dms__transformer__seed42,MSH6,P43246:385:P>R,0,0.29873225
train-pg_dms__transformer__seed42,MSH6,P43246:385:P>Y,0,0.30496502
train-pg_dms__transformer__seed42,MSH6,P43246:385:P>W,1,0.4280988
train-pg_dms__transformer__seed42,MSH6,P43246:385:P>V,0,0.13250285
train-pg_dms__transformer__seed42,MSH6,P43246:385:P>T,0,0.04371642
train-pg_dms__transformer__seed42,MSH6,P43246:385:P>D,1,0.44379106
train-pg_dms__transformer__seed42,MSH6,P43246:389:R>A,0,0.06559
train-pg_dms__transformer__seed42,MSH6,P43246:389:R>C,0,0.016818961
train-pg_dms__transformer__seed42,MSH6,P43246:389:R>Y,0,0.033518963
train-pg_dms__transformer__seed42,MSH6,P43246:389:R>W,1,0.09676848
train-pg_dms__transformer__seed42,MSH6,P43246:389:R>V,0,0.09666646
train-pg_dms__transformer__seed42,MSH6,P43246:389:R>T,0,0.11695216
train-pg_dms__transformer__seed42,MSH6,P43246:389:R>S,0,0.039265577
train-pg_dms__transformer__seed42,MSH6,P43246:389:R>P,0,0.32430062
train-pg_dms__transformer__seed42,MSH6,P43246:389:R>N,0,0.072679006
train-pg_dms__transformer__seed42,MSH6,P43246:389:R>Q,0,0.029933928
train-pg_dms__transformer__seed42,MSH6,P43246:389:R>K,0,0.007991355
train-pg_dms__transformer__seed42,MSH6,P43246:389:R>I,0,0.06787523
train-pg_dms__transformer__seed42,MSH6,P43246:389:R>G,0,0.034657463
train-pg_dms__transformer__seed42,MSH6,P43246:389:R>F,0,0.0632324
train-pg_dms__transformer__seed42,MSH6,P43246:389:R>E,1,0.15514319
train-pg_dms__transformer__seed42,MSH6,P43246:389:R>D,1,0.15683511
train-pg_dms__transformer__seed42,MSH6,P43246:389:R>M,0,0.12555398
train-pg_dms__transformer__seed42,MSH6,P43246:402:Q>Y,0,0.016490217
train-pg_dms__transformer__seed42,MSH6,P43246:402:Q>A,0,0.0035118987
train-pg_dms__transformer__seed42,MSH6,P43246:402:Q>S,0,0.0034843313
train-pg_dms__transformer__seed42,MSH6,P43246:402:Q>V,0,0.008324115
train-pg_dms__transformer__seed42,MSH6,P43246:402:Q>E,0,0.008449066
train-pg_dms__transformer__seed42,MSH6,P43246:402:Q>F,0,0.020139197
train-pg_dms__transformer__seed42,MSH6,P43246:402:Q>G,0,0.0044408576
train-pg_dms__transformer__seed42,MSH6,P43246:402:Q>I,0,0.01232397
train-pg_dms__transformer__seed42,MSH6,P43246:402:Q>T,0,0.006403639
train-pg_dms__transformer__seed42,MSH6,P43246:402:Q>K,0,0.014382957
train-pg_dms__transformer__seed42,MSH6,P43246:402:Q>D,0,0.043224808
train-pg_dms__transformer__seed42,MSH6,P43246:402:Q>C,0,0.018198065
train-pg_dms__transformer__seed42,MSH6,P43246:402:Q>M,0,0.028255604
train-pg_dms__transformer__seed42,MSH6,P43246:402:Q>N,0,0.008920518
train-pg_dms__transformer__seed42,MSH6,P43246:402:Q>P,0,0.012227024
train-pg_dms__transformer__seed42,MSH6,P43246:402:Q>R,0,0.020207863
train-pg_dms__transformer__seed42,MSH6,P43246:402:Q>L,0,0.003993687
train-pg_dms__transformer__seed42,MSH6,P43246:402:Q>W,0,0.07546831
train-pg_dms__transformer__seed42,MSH6,P43246:415:P>Q,0,0.0067691864
train-pg_dms__transformer__seed42,MSH6,P43246:415:P>N,0,0.018056128
train-pg_dms__transformer__seed42,MSH6,P43246:415:P>M,0,0.1351191
train-pg_dms__transformer__seed42,MSH6,P43246:415:P>K,0,0.026414732
train-pg_dms__transformer__seed42,MSH6,P43246:415:P>D,0,0.041684326
train-pg_dms__transformer__seed42,MSH6,P43246:415:P>H,0,0.0127575975
train-pg_dms__transformer__seed42,MSH6,P43246:415:P>G,0,0.010782766
train-pg_dms__transformer__seed42,MSH6,P43246:415:P>F,0,0.040757004
train-pg_dms__transformer__seed42,MSH6,P43246:415:P>E,0,0.020273922
train-pg_dms__transformer__seed42,MSH6,P43246:415:P>C,0,0.020539748
train-pg_dms__transformer__seed42,MSH6,P43246:415:P>T,0,0.0145829
train-pg_dms__transformer__seed42,MSH6,P43246:415:P>I,0,0.025272543
train-pg_dms__transformer__seed42,MSH6,P43246:415:P>V,0,0.020123245
train-pg_dms__transformer__seed42,MSH6,P43246:415:P>S,0,0.006540126
train-pg_dms__transformer__seed42,MSH6,P43246:415:P>Y,0,0.049086798
train-pg_dms__transformer__seed42,MSH6,P43246:415:P>W,0,0.32662264
train-pg_dms__transformer__seed42,MSH6,P43246:418:I>Y,0,0.04628953
train-pg_dms__transformer__seed42,MSH6,P43246:418:I>C,0,0.015142329
train-pg_dms__transformer__seed42,MSH6,P43246:418:I>V,0,0.012905357
train-pg_dms__transformer__seed42,MSH6,P43246:418:I>T,0,0.04532323
train-pg_dms__transformer__seed42,MSH6,P43246:418:I>S,0,0.008320581
train-pg_dms__transformer__seed42,MSH6,P43246:418:I>R,0,0.055233
train-pg_dms__transformer__seed42,MSH6,P43246:418:I>Q,0,0.025020279
train-pg_dms__transformer__seed42,MSH6,P43246:418:I>K,0,0.0400127
train-pg_dms__transformer__seed42,MSH6,P43246:418:I>N,0,0.07023822
train-pg_dms__transformer__seed42,MSH6,P43246:418:I>L,0,0.016575515
train-pg_dms__transformer__seed42,MSH6,P43246:418:I>H,0,0.07260364
train-pg_dms__transformer__seed42,MSH6,P43246:418:I>G,0,0.11097011
train-pg_dms__transformer__seed42,MSH6,P43246:418:I>F,0,0.010067574
train-pg_dms__transformer__seed42,MSH6,P43246:418:I>E,0,0.09156546
train-pg_dms__transformer__seed42,MSH6,P43246:418:I>A,0,0.02854216
train-pg_dms__transformer__seed42,MSH6,P43246:418:I>P,1,0.78870976
train-pg_dms__transformer__seed42,MSH6,P43246:418:I>D,0,0.42646122
train-pg_dms__transformer__seed42,MSH6,P43246:427:K>F,0,0.004693614
train-pg_dms__transformer__seed42,MSH6,P43246:427:K>G,0,0.002000261
train-pg_dms__transformer__seed42,MSH6,P43246:427:K>W,0,0.20601581
train-pg_dms__transformer__seed42,MSH6,P43246:427:K>L,0,0.0014004397
train-pg_dms__transformer__seed42,MSH6,P43246:427:K>M,0,0.00977663
train-pg_dms__transformer__seed42,MSH6,P43246:427:K>N,0,0.007780996
train-pg_dms__transformer__seed42,MSH6,P43246:427:K>P,0,0.019144168
train-pg_dms__transformer__seed42,MSH6,P43246:427:K>R,0,0.00624021
train-pg_dms__transformer__seed42,MSH6,P43246:427:K>S,0,0.0015255627
train-pg_dms__transformer__seed42,MSH6,P43246:427:K>H,0,0.0026631712
train-pg_dms__transformer__seed42,MSH6,P43246:427:K>T,0,0.0072029037
train-pg_dms__transformer__seed42,MSH6,P43246:427:K>A,0,0.0021484597
train-pg_dms__transformer__seed42,MSH6,P43246:427:K>Y,0,0.0027256436
train-pg_dms__transformer__seed42,MSH6,P43246:427:K>D,0,0.013458529
train-pg_dms__transformer__seed42,MSH6,P43246:427:K>C,0,0.0020518212
train-pg_dms__transformer__seed42,MSH6,P43246:427:K>V,0,0.0045283437
train-pg_dms__transformer__seed42,MSH6,P43246:427:K>I,0,0.0023638504
train-pg_dms__transformer__seed42,MSH6,P43246:429:Q>V,0,0.029889867
train-pg_dms__transformer__seed42,MSH6,P43246:429:Q>A,0,0.011901797
train-pg_dms__transformer__seed42,MSH6,P43246:429:Q>C,0,0.022537235
train-pg_dms__transformer__seed42,MSH6,P43246:429:Q>D,0,0.051056836
train-pg_dms__transformer__seed42,MSH6,P43246:429:Q>E,0,0.011008217
train-pg_dms__transformer__seed42,MSH6,P43246:429:Q>W,0,0.29591775
train-pg_dms__transformer__seed42,MSH6,P43246:429:Q>F,0,0.08758859
train-pg_dms__transformer__seed42,MSH6,P43246:429:Q>G,0,0.0075311786
train-pg_dms__transformer__seed42,MSH6,P43246:429:Q>I,0,0.05234636
train-pg_dms__transformer__seed42,MSH6,P43246:429:Q>K,1,0.01175084
train-pg_dms__transformer__seed42,MSH6,P43246:429:Q>L,0,0.008773074
train-pg_dms__transformer__seed42,MSH6,P43246:429:Q>M,0,0.1492369
train-pg_dms__transformer__seed42,MSH6,P43246:429:Q>N,0,0.034174897
train-pg_dms__transformer__seed42,MSH6,P43246:429:Q>P,0,0.06990576
train-pg_dms__transformer__seed42,MSH6,P43246:429:Q>R,0,0.0173345
train-pg_dms__transformer__seed42,MSH6,P43246:429:Q>S,0,0.01034943
train-pg_dms__transformer__seed42,MSH6,P43246:429:Q>T,0,0.02922081
train-pg_dms__transformer__seed42,MSH6,P43246:429:Q>Y,0,0.023503
train-pg_dms__transformer__seed42,MSH6,P43246:432:L>N,0,0.5086776
train-pg_dms__transformer__seed42,MSH6,P43246:432:L>P,0,0.8912703
train-pg_dms__transformer__seed42,MSH6,P43246:432:L>R,0,0.5833548
train-pg_dms__transformer__seed42,MSH6,P43246:432:L>Q,0,0.08766639
train-pg_dms__transformer__seed42,MSH6,P43246:432:L>T,0,0.20972955
train-pg_dms__transformer__seed42,MSH6,P43246:432:L>V,0,0.040849265
train-pg_dms__transformer__seed42,MSH6,P43246:432:L>M,0,0.14907521
train-pg_dms__transformer__seed42,MSH6,P43246:432:L>Y,0,0.17458467
train-pg_dms__transformer__seed42,MSH6,P43246:432:L>S,0,0.20216888
train-pg_dms__transformer__seed42,MSH6,P43246:432:L>K,0,0.72872394
train-pg_dms__transformer__seed42,MSH6,P43246:432:L>F,0,0.05329428
train-pg_dms__transformer__seed42,MSH6,P43246:432:L>H,0,0.32609722
train-pg_dms__transformer__seed42,MSH6,P43246:432:L>G,1,0.6521177
train-pg_dms__transformer__seed42,MSH6,P43246:432:L>E,0,0.6331699
train-pg_dms__transformer__seed42,MSH6,P43246:432:L>D,0,0.85659593
train-pg_dms__transformer__seed42,MSH6,P43246:432:L>C,0,0.04756946
train-pg_dms__transformer__seed42,MSH6,P43246:432:L>A,0,0.15279076
train-pg_dms__transformer__seed42,MSH6,P43246:432:L>I,0,0.05097141
train-pg_dms__transformer__seed42,MSH6,P43246:434:A>L,0,0.02432144
train-pg_dms__transformer__seed42,MSH6,P43246:434:A>R,0,0.074400835
train-pg_dms__transformer__seed42,MSH6,P43246:434:A>S,0,0.006894827
train-pg_dms__transformer__seed42,MSH6,P43246:434:A>T,0,0.030559817
train-pg_dms__transformer__seed42,MSH6,P43246:434:A>V,0,0.028661702
train-pg_dms__transformer__seed42,MSH6,P43246:434:A>P,0,0.34177718
train-pg_dms__transformer__seed42,MSH6,P43246:434:A>N,0,0.03906361
train-pg_dms__transformer__seed42,MSH6,P43246:434:A>M,0,0.11595126
train-pg_dms__transformer__seed42,MSH6,P43246:434:A>K,0,0.08443835
train-pg_dms__transformer__seed42,MSH6,P43246:434:A>W,1,0.58272713
train-pg_dms__transformer__seed42,MSH6,P43246:434:A>G,0,0.014658902
train-pg_dms__transformer__seed42,MSH6,P43246:434:A>F,0,0.074615926
train-pg_dms__transformer__seed42,MSH6,P43246:434:A>E,0,0.028885905
train-pg_dms__transformer__seed42,MSH6,P43246:434:A>D,0,0.042351592
train-pg_dms__transformer__seed42,MSH6,P43246:434:A>C,0,0.030650059
train-pg_dms__transformer__seed42,MSH6,P43246:434:A>I,0,0.09095756
train-pg_dms__transformer__seed42,MSH6,P43246:438:T>A,0,0.0012127345
train-pg_dms__transformer__seed42,MSH6,P43246:438:T>C,0,0.0019536382
train-pg_dms__transformer__seed42,MSH6,P43246:438:T>Y,0,0.004697685
train-pg_dms__transformer__seed42,MSH6,P43246:438:T>W,0,0.06445002
train-pg_dms__transformer__seed42,MSH6,P43246:438:T>V,0,0.0038173995
train-pg_dms__transformer__seed42,MSH6,P43246:438:T>R,0,0.0057749436
train-pg_dms__transformer__seed42,MSH6,P43246:438:T>Q,0,0.0013474765
train-pg_dms__transformer__seed42,MSH6,P43246:438:T>N,0,0.002275747
train-pg_dms__transformer__seed42,MSH6,P43246:438:T>L,0,0.0016943918
train-pg_dms__transformer__seed42,MSH6,P43246:438:T>K,0,0.0036141379
train-pg_dms__transformer__seed42,MSH6,P43246:438:T>G,0,0.00134699
train-pg_dms__transformer__seed42,MSH6,P43246:438:T>F,0,0.003578408
train-pg_dms__transformer__seed42,MSH6,P43246:438:T>M,0,0.016050633
train-pg_dms__transformer__seed42,MSH6,P43246:438:T>E,0,0.006023339
train-pg_dms__transformer__seed42,MSH6,P43246:438:T>D,0,0.008669745
train-pg_dms__transformer__seed42,MSH6,P43246:441:T>W,0,0.044773787
train-pg_dms__transformer__seed42,MSH6,P43246:441:T>A,0,0.0031259106
train-pg_dms__transformer__seed42,MSH6,P43246:441:T>C,0,0.0012740665
train-pg_dms__transformer__seed42,MSH6,P43246:441:T>D,1,0.008369776
train-pg_dms__transformer__seed42,MSH6,P43246:441:T>E,0,0.0036225028
train-pg_dms__transformer__seed42,MSH6,P43246:441:T>F,0,0.0029577916
train-pg_dms__transformer__seed42,MSH6,P43246:441:T>G,0,0.0011474103
train-pg_dms__transformer__seed42,MSH6,P43246:441:T>H,0,0.0028881414
train-pg_dms__transformer__seed42,MSH6,P43246:441:T>I,0,0.0015746355
train-pg_dms__transformer__seed42,MSH6,P43246:441:T>L,0,0.0014892287
train-pg_dms__transformer__seed42,MSH6,P43246:441:T>N,0,0.0019480527
train-pg_dms__transformer__seed42,MSH6,P43246:441:T>P,1,0.092912205
train-pg_dms__transformer__seed42,MSH6,P43246:441:T>R,0,0.005062952
train-pg_dms__transformer__seed42,MSH6,P43246:441:T>V,0,0.0027388064
train-pg_dms__transformer__seed42,MSH6,P43246:441:T>Q,0,0.0010395903
train-pg_dms__transformer__seed42,MSH6,P43246:448:S>D,0,0.032569733
train-pg_dms__transformer__seed42,MSH6,P43246:448:S>N,0,0.009008059
train-pg_dms__transformer__seed42,MSH6,P43246:448:S>M,0,0.08635938
train-pg_dms__transformer__seed42,MSH6,P43246:448:S>L,0,0.007884905
train-pg_dms__transformer__seed42,MSH6,P43246:448:S>I,0,0.012444864
train-pg_dms__transformer__seed42,MSH6,P43246:448:S>H,0,0.014390246
train-pg_dms__transformer__seed42,MSH6,P43246:448:S>G,0,0.0042180805
train-pg_dms__transformer__seed42,MSH6,P43246:448:S>F,0,0.018118879
train-pg_dms__transformer__seed42,MSH6,P43246:448:S>E,0,0.027334696
train-pg_dms__transformer__seed42,MSH6,P43246:448:S>W,1,0.13444874
train-pg_dms__transformer__seed42,MSH6,P43246:448:S>V,0,0.01846509
train-pg_dms__transformer__seed42,MSH6,P43246:448:S>T,0,0.015660672
train-pg_dms__transformer__seed42,MSH6,P43246:448:S>Q,0,0.01937198
train-pg_dms__transformer__seed42,MSH6,P43246:448:S>P,0,0.4047326
train-pg_dms__transformer__seed42,MSH6,P43246:448:S>R,0,0.035082947
train-pg_dms__transformer__seed42,MSH6,P43246:448:S>A,0,0.006446405
train-pg_dms__transformer__seed42,MSH6,P43246:449:K>A,0,0.02626188
train-pg_dms__transformer__seed42,MSH6,P43246:449:K>C,0,0.014033648
train-pg_dms__transformer__seed42,MSH6,P43246:449:K>D,0,0.16624843
train-pg_dms__transformer__seed42,MSH6,P43246:449:K>E,0,0.07909652
train-pg_dms__transformer__seed42,MSH6,P43246:449:K>F,0,0.03529458
train-pg_dms__transformer__seed42,MSH6,P43246:449:K>G,0,0.009294931
train-pg_dms__transformer__seed42,MSH6,P43246:449:K>P,0,0.2828529
train-pg_dms__transformer__seed42,MSH6,P43246:449:K>V,0,0.036645796
train-pg_dms__transformer__seed42,MSH6,P43246:449:K>W,0,0.2339338
train-pg_dms__transformer__seed42,MSH6,P43246:449:K>S,0,0.020269487
train-pg_dms__transformer__seed42,MSH6,P43246:449:K>H,0,0.0128352055
train-pg_dms__transformer__seed42,MSH6,P43246:449:K>I,0,0.04306736
train-pg_dms__transformer__seed42,MSH6,P43246:449:K>L,0,0.024525056
train-pg_dms__transformer__seed42,MSH6,P43246:449:K>N,0,0.03557828
train-pg_dms__transformer__seed42,MSH6,P43246:449:K>Q,0,0.004476477
train-pg_dms__transformer__seed42,MSH6,P43246:449:K>T,0,0.042014536
train-pg_dms__transformer__seed42,MSH6,P43246:460:M>A,0,0.32268006
train-pg_dms__transformer__seed42,MSH6,P43246:460:M>C,1,0.11505805
train-pg_dms__transformer__seed42,MSH6,P43246:460:M>D,0,0.6733638
train-pg_dms__transformer__seed42,MSH6,P43246:460:M>E,0,0.3207872
train-pg_dms__transformer__seed42,MSH6,P43246:460:M>F,0,0.0901361
train-pg_dms__transformer__seed42,MSH6,P43246:460:M>G,0,0.3737974
train-pg_dms__transformer__seed42,MSH6,P43246:460:M>H,0,0.23923095
train-pg_dms__transformer__seed42,MSH6,P43246:460:M>L,0,0.031704824
train-pg_dms__transformer__seed42,MSH6,P43246:460:M>K,0,0.22581913
train-pg_dms__transformer__seed42,MSH6,P43246:460:M>N,0,0.2859538
train-pg_dms__transformer__seed42,MSH6,P43246:460:M>P,0,0.63953596
train-pg_dms__transformer__seed42,MSH6,P43246:460:M>R,0,0.30184758
train-pg_dms__transformer__seed42,MSH6,P43246:460:M>Y,0,0.16196603
train-pg_dms__transformer__seed42,MSH6,P43246:460:M>T,0,0.13533764
train-pg_dms__transformer__seed42,MSH6,P43246:460:M>V,0,0.05239223
train-pg_dms__transformer__seed42,MSH6,P43246:460:M>S,0,0.19377847
train-pg_dms__transformer__seed42,MSH6,P43246:460:M>W,1,0.62591344
train-pg_dms__transformer__seed42,MSH6,P43246:461:D>F,0,0.07200092
train-pg_dms__transformer__seed42,MSH6,P43246:461:D>A,0,0.03200216
train-pg_dms__transformer__seed42,MSH6,P43246:461:D>C,0,0.026409617
train-pg_dms__transformer__seed42,MSH6,P43246:461:D>V,0,0.026944445
train-pg_dms__transformer__seed42,MSH6,P43246:461:D>H,0,0.015586531
train-pg_dms__transformer__seed42,MSH6,P43246:461:D>I,0,0.03829507
train-pg_dms__transformer__seed42,MSH6,P43246:461:D>K,0,0.019874945
train-pg_dms__transformer__seed42,MSH6,P43246:461:D>L,0,0.02494266
train-pg_dms__transformer__seed42,MSH6,P43246:461:D>W,0,0.48743454
train-pg_dms__transformer__seed42,MSH6,P43246:461:D>N,0,0.02936857
train-pg_dms__transformer__seed42,MSH6,P43246:461:D>P,0,0.15079996
train-pg_dms__transformer__seed42,MSH6,P43246:461:D>Q,0,0.007947391
train-pg_dms__transformer__seed42,MSH6,P43246:461:D>R,0,0.027895331
train-pg_dms__transformer__seed42,MSH6,P43246:461:D>S,0,0.0059590656
train-pg_dms__transformer__seed42,MSH6,P43246:461:D>Y,0,0.026733557
train-pg_dms__transformer__seed42,MSH6,P43246:461:D>T,0,0.022209143
train-pg_dms__transformer__seed42,MSH6,P43246:461:D>M,0,0.21011762
train-pg_dms__transformer__seed42,MSH6,P43246:464:E>L,0,0.04486628
train-pg_dms__transformer__seed42,MSH6,P43246:464:E>A,0,0.011831843
train-pg_dms__transformer__seed42,MSH6,P43246:464:E>C,0,0.034668762
train-pg_dms__transformer__seed42,MSH6,P43246:464:E>D,0,0.024101045
train-pg_dms__transformer__seed42,MSH6,P43246:464:E>F,0,0.07491821
train-pg_dms__transformer__seed42,MSH6,P43246:464:E>G,0,0.005504999
train-pg_dms__transformer__seed42,MSH6,P43246:464:E>K,0,0.050032116
train-pg_dms__transformer__seed42,MSH6,P43246:464:E>Y,0,0.062268257
train-pg_dms__transformer__seed42,MSH6,P43246:464:E>H,0,0.051817145
train-pg_dms__transformer__seed42,MSH6,P43246:464:E>I,0,0.0808302
train-pg_dms__transformer__seed42,MSH6,P43246:464:E>W,0,0.42347348
train-pg_dms__transformer__seed42,MSH6,P43246:464:E>N,0,0.0124653755
train-pg_dms__transformer__seed42,MSH6,P43246:464:E>P,0,0.22414821
train-pg_dms__transformer__seed42,MSH6,P43246:464:E>R,0,0.050196692
train-pg_dms__transformer__seed42,MSH6,P43246:464:E>S,0,0.0061956025
train-pg_dms__transformer__seed42,MSH6,P43246:464:E>T,0,0.02840323
train-pg_dms__transformer__seed42,MSH6,P43246:464:E>M,0,0.19811624
train-pg_dms__transformer__seed42,MSH6,P43246:464:E>V,0,0.021342766
train-pg_dms__transformer__seed42,MSH6,P43246:469:L>T,0,0.087944135
train-pg_dms__transformer__seed42,MSH6,P43246:469:L>D,1,0.3690583
train-pg_dms__transformer__seed42,MSH6,P43246:469:L>C,0,0.021372773
train-pg_dms__transformer__seed42,MSH6,P43246:469:L>A,0,0.09546142
train-pg_dms__transformer__seed42,MSH6,P43246:469:L>M,0,0.06745181
train-pg_dms__transformer__seed42,MSH6,P43246:469:L>N,0,0.12681988
train-pg_dms__transformer__seed42,MSH6,P43246:469:L>P,1,0.595336
train-pg_dms__transformer__seed42,MSH6,P43246:469:L>Y,0,0.06593572
train-pg_dms__transformer__seed42,MSH6,P43246:469:L>S,0,0.046342865
train-pg_dms__transformer__seed42,MSH6,P43246:469:L>W,0,0.316207
train-pg_dms__transformer__seed42,MSH6,P43246:469:L>G,0,0.18804073
train-pg_dms__transformer__seed42,MSH6,P43246:469:L>H,0,0.054306272
train-pg_dms__transformer__seed42,MSH6,P43246:469:L>I,0,0.012485854
train-pg_dms__transformer__seed42,MSH6,P43246:469:L>V,0,0.020553816
train-pg_dms__transformer__seed42,MSH6,P43246:469:L>K,0,0.08823112
train-pg_dms__transformer__seed42,MSH6,P43246:469:L>R,0,0.05353987
train-pg_dms__transformer__seed42,MSH6,P43246:470:V>Q,1,0.19048512
train-pg_dms__transformer__seed42,MSH6,P43246:470:V>P,1,0.8567826
train-pg_dms__transformer__seed42,MSH6,P43246:470:V>D,1,0.6994263
train-pg_dms__transformer__seed42,MSH6,P43246:470:V>F,1,0.33949512
train-pg_dms__transformer__seed42,MSH6,P43246:470:V>G,1,0.3548913
train-pg_dms__transformer__seed42,MSH6,P43246:470:V>H,1,0.372739
train-pg_dms__transformer__seed42,MSH6,P43246:470:V>K,1,0.47494394
train-pg_dms__transformer__seed42,MSH6,P43246:470:V>M,1,0.31181398
train-pg_dms__transformer__seed42,MSH6,P43246:470:V>N,1,0.44357556
train-pg_dms__transformer__seed42,MSH6,P43246:470:V>Y,1,0.35637027
train-pg_dms__transformer__seed42,MSH6,P43246:470:V>W,1,0.6389895
train-pg_dms__transformer__seed42,MSH6,P43246:470:V>T,0,0.47858658
train-pg_dms__transformer__seed42,MSH6,P43246:470:V>S,1,0.23474367
train-pg_dms__transformer__seed42,MSH6,P43246:470:V>R,1,0.6655151
train-pg_dms__transformer__seed42,MSH6,P43246:470:V>C,0,0.08162746
train-pg_dms__transformer__seed42,MSH6,P43246:470:V>E,1,0.51605386
train-pg_dms__transformer__seed42,MSH6,P43246:483:E>Q,0,0.0019942836
train-pg_dms__transformer__seed42,MSH6,P43246:483:E>L,0,0.0018642249
train-pg_dms__transformer__seed42,MSH6,P43246:483:E>K,0,0.0039528585
train-pg_dms__transformer__seed42,MSH6,P43246:483:E>I,0,0.0018610974
train-pg_dms__transformer__seed42,MSH6,P43246:483:E>H,1,0.0036305736
train-pg_dms__transformer__seed42,MSH6,P43246:483:E>G,0,0.0021796538
train-pg_dms__transformer__seed42,MSH6,P43246:483:E>F,0,0.013126983
train-pg_dms__transformer__seed42,MSH6,P43246:483:E>D,0,0.0040476182
train-pg_dms__transformer__seed42,MSH6,P43246:483:E>C,0,0.0045259474
train-pg_dms__transformer__seed42,MSH6,P43246:483:E>A,0,0.001534276
train-pg_dms__transformer__seed42,MSH6,P43246:483:E>M,0,0.020862805
train-pg_dms__transformer__seed42,MSH6,P43246:483:E>Y,0,0.0041081225
train-pg_dms__transformer__seed42,MSH6,P43246:483:E>W,0,0.17419481
train-pg_dms__transformer__seed42,MSH6,P43246:483:E>V,0,0.0021231591
train-pg_dms__transformer__seed42,MSH6,P43246:483:E>T,0,0.0047506457
train-pg_dms__transformer__seed42,MSH6,P43246:483:E>S,0,0.0012803149
train-pg_dms__transformer__seed42,MSH6,P43246:483:E>R,0,0.008051203
train-pg_dms__transformer__seed42,MSH6,P43246:483:E>P,0,0.40570483
train-pg_dms__transformer__seed42,MSH6,P43246:489:E>D,0,0.01447439
train-pg_dms__transformer__seed42,MSH6,P43246:489:E>K,1,0.056815293
train-pg_dms__transformer__seed42,MSH6,P43246:489:E>C,0,0.023072097
train-pg_dms__transformer__seed42,MSH6,P43246:489:E>L,0,0.0608191
train-pg_dms__transformer__seed42,MSH6,P43246:489:E>M,0,0.28504884
train-pg_dms__transformer__seed42,MSH6,P43246:489:E>N,0,0.009455354
train-pg_dms__transformer__seed42,MSH6,P43246:489:E>P,0,0.82440954
train-pg_dms__transformer__seed42,MSH6,P43246:489:E>Q,0,0.0034047845
train-pg_dms__transformer__seed42,MSH6,P43246:489:E>R,0,0.076731026
train-pg_dms__transformer__seed42,MSH6,P43246:489:E>S,0,0.011050321
train-pg_dms__transformer__seed42,MSH6,P43246:489:E>T,0,0.038434833
train-pg_dms__transformer__seed42,MSH6,P43246:489:E>V,0,0.029765543
train-pg_dms__transformer__seed42,MSH6,P43246:489:E>W,0,0.4443209
train-pg_dms__transformer__seed42,MSH6,P43246:489:E>Y,0,0.08301609
train-pg_dms__transformer__seed42,MSH6,P43246:489:E>A,0,0.008721395
train-pg_dms__transformer__seed42,MSH6,P43246:489:E>G,0,0.002824515
train-pg_dms__transformer__seed42,MSH6,P43246:489:E>F,0,0.103091314
train-pg_dms__transformer__seed42,MSH6,P43246:489:E>I,0,0.103531085
train-pg_dms__transformer__seed42,MSH6,P43246:489:E>H,0,0.036155827
train-pg_dms__transformer__seed42,MSH6,P43246:494:S>W,0,0.10417564
train-pg_dms__transformer__seed42,MSH6,P43246:494:S>Y,0,0.00742138
train-pg_dms__transformer__seed42,MSH6,P43246:494:S>P,0,0.33647424
train-pg_dms__transformer__seed42,MSH6,P43246:494:S>M,0,0.046381813
train-pg_dms__transformer__seed42,MSH6,P43246:494:S>H,0,0.008314028
train-pg_dms__transformer__seed42,MSH6,P43246:494:S>Q,0,0.0073417425
train-pg_dms__transformer__seed42,MSH6,P43246:494:S>R,0,0.013730544
train-pg_dms__transformer__seed42,MSH6,P43246:494:S>T,0,0.008361486
train-pg_dms__transformer__seed42,MSH6,P43246:494:S>V,0,0.013269229
train-pg_dms__transformer__seed42,MSH6,P43246:494:S>G,0,0.002487811
train-pg_dms__transformer__seed42,MSH6,P43246:494:S>F,0,0.0062746936
train-pg_dms__transformer__seed42,MSH6,P43246:494:S>E,0,0.013321518
train-pg_dms__transformer__seed42,MSH6,P43246:494:S>D,0,0.01830823
train-pg_dms__transformer__seed42,MSH6,P43246:494:S>C,0,0.0032899568
train-pg_dms__transformer__seed42,MSH6,P43246:494:S>A,0,0.0039709173
train-pg_dms__transformer__seed42,MSH6,P43246:494:S>L,0,0.009600086
train-pg_dms__transformer__seed42,MSH6,P43246:494:S>I,0,0.009743467
train-pg_dms__transformer__seed42,MSH6,P43246:502:D>S,0,0.0014014584
train-pg_dms__transformer__seed42,MSH6,P43246:502:D>C,0,0.009368356
train-pg_dms__transformer__seed42,MSH6,P43246:502:D>A,0,0.0022505694
train-pg_dms__transformer__seed42,MSH6,P43246:502:D>E,0,0.0017361746
train-pg_dms__transformer__seed42,MSH6,P43246:502:D>G,0,0.009214836
train-pg_dms__transformer__seed42,MSH6,P43246:502:D>T,0,0.0051176874
train-pg_dms__transformer__seed42,MSH6,P43246:502:D>W,0,0.21064967
train-pg_dms__transformer__seed42,MSH6,P43246:502:D>Y,0,0.0031576965
train-pg_dms__transformer__seed42,MSH6,P43246:502:D>H,0,0.0036079749
train-pg_dms__transformer__seed42,MSH6,P43246:502:D>I,0,0.0028048598
train-pg_dms__transformer__seed42,MSH6,P43246:502:D>Q,0,0.0018125466
train-pg_dms__transformer__seed42,MSH6,P43246:502:D>P,0,0.39311272
train-pg_dms__transformer__seed42,MSH6,P43246:502:D>N,0,0.0007695609
train-pg_dms__transformer__seed42,MSH6,P43246:502:D>M,0,0.054649178
train-pg_dms__transformer__seed42,MSH6,P43246:502:D>L,0,0.0031311393
train-pg_dms__transformer__seed42,MSH6,P43246:502:D>K,0,0.007047406
train-pg_dms__transformer__seed42,MSH6,P43246:502:D>R,0,0.011697209
train-pg_dms__transformer__seed42,MSH6,P43246:507:P>A,0,0.010999909
train-pg_dms__transformer__seed42,MSH6,P43246:507:P>W,0,0.6461848
train-pg_dms__transformer__seed42,MSH6,P43246:507:P>V,0,0.024907483
train-pg_dms__transformer__seed42,MSH6,P43246:507:P>C,0,0.018698558
train-pg_dms__transformer__seed42,MSH6,P43246:507:P>R,0,0.06616393
train-pg_dms__transformer__seed42,MSH6,P43246:507:P>Y,0,0.115264475
train-pg_dms__transformer__seed42,MSH6,P43246:507:P>Q,0,0.014917452
train-pg_dms__transformer__seed42,MSH6,P43246:507:P>N,0,0.036482733
train-pg_dms__transformer__seed42,MSH6,P43246:507:P>M,0,0.10540172
train-pg_dms__transformer__seed42,MSH6,P43246:507:P>L,0,0.012708203
train-pg_dms__transformer__seed42,MSH6,P43246:507:P>K,0,0.052298166
train-pg_dms__transformer__seed42,MSH6,P43246:507:P>I,0,0.016422408
train-pg_dms__transformer__seed42,MSH6,P43246:507:P>H,0,0.021383177
train-pg_dms__transformer__seed42,MSH6,P43246:507:P>G,0,0.017620692
train-pg_dms__transformer__seed42,MSH6,P43246:507:P>F,0,0.05942985
train-pg_dms__transformer__seed42,MSH6,P43246:507:P>E,0,0.043656275
train-pg_dms__transformer__seed42,MSH6,P43246:507:P>D,0,0.39398515
train-pg_dms__transformer__seed42,MSH6,P43246:507:P>S,0,0.0057786265
train-pg_dms__transformer__seed42,MSH6,P43246:522:Y>S,0,0.009803479
train-pg_dms__transformer__seed42,MSH6,P43246:522:Y>L,0,0.053827755
train-pg_dms__transformer__seed42,MSH6,P43246:522:Y>P,1,0.93616
train-pg_dms__transformer__seed42,MSH6,P43246:522:Y>W,0,0.2293531
train-pg_dms__transformer__seed42,MSH6,P43246:522:Y>V,0,0.026613569
train-pg_dms__transformer__seed42,MSH6,P43246:522:Y>T,0,0.099075876
train-pg_dms__transformer__seed42,MSH6,P43246:522:Y>M,0,0.2131443
train-pg_dms__transformer__seed42,MSH6,P43246:522:Y>R,0,0.46735024
train-pg_dms__transformer__seed42,MSH6,P43246:522:Y>C,0,0.0026553478
train-pg_dms__transformer__seed42,MSH6,P43246:522:Y>D,1,0.8612258
train-pg_dms__transformer__seed42,MSH6,P43246:522:Y>F,0,0.0048579867
train-pg_dms__transformer__seed42,MSH6,P43246:522:Y>N,0,0.019506946
train-pg_dms__transformer__seed42,MSH6,P43246:522:Y>K,0,0.67662126
train-pg_dms__transformer__seed42,MSH6,P43246:522:Y>I,0,0.04923163
train-pg_dms__transformer__seed42,MSH6,P43246:522:Y>G,0,0.14155057
train-pg_dms__transformer__seed42,MSH6,P43246:522:Y>A,0,0.06354752
train-pg_dms__transformer__seed42,MSH6,P43246:522:Y>H,0,0.0069649233
train-pg_dms__transformer__seed42,MSH6,P43246:525:V>P,1,0.9908505
train-pg_dms__transformer__seed42,MSH6,P43246:525:V>Y,1,0.96076673
train-pg_dms__transformer__seed42,MSH6,P43246:525:V>H,1,0.8740281
train-pg_dms__transformer__seed42,MSH6,P43246:525:V>G,0,0.9478816
train-pg_dms__transformer__seed42,MSH6,P43246:525:V>R,1,0.99449193
train-pg_dms__transformer__seed42,MSH6,P43246:525:V>S,0,0.8856489
train-pg_dms__transformer__seed42,MSH6,P43246:525:V>W,0,0.9612075
train-pg_dms__transformer__seed42,MSH6,P43246:525:V>K,1,0.9831408
train-pg_dms__transformer__seed42,MSH6,P43246:525:V>F,0,0.93402267
train-pg_dms__transformer__seed42,MSH6,P43246:525:V>E,1,0.9721094
train-pg_dms__transformer__seed42,MSH6,P43246:525:V>D,1,0.9931977
train-pg_dms__transformer__seed42,MSH6,P43246:525:V>C,0,0.54963124
train-pg_dms__transformer__seed42,MSH6,P43246:525:V>A,0,0.78362966
train-pg_dms__transformer__seed42,MSH6,P43246:525:V>M,0,0.6395769
train-pg_dms__transformer__seed42,MSH6,P43246:525:V>N,1,0.909137
train-pg_dms__transformer__seed42,MSH6,P43246:525:V>L,0,0.20176187
train-pg_dms__transformer__seed42,MSH6,P43246:525:V>T,0,0.96217716
train-pg_dms__transformer__seed42,MSH6,P43246:529:E>I,0,0.37280938
train-pg_dms__transformer__seed42,MSH6,P43246:529:E>C,0,0.09103946
train-pg_dms__transformer__seed42,MSH6,P43246:529:E>A,0,0.08419448
train-pg_dms__transformer__seed42,MSH6,P43246:529:E>Y,0,0.35775837
train-pg_dms__transformer__seed42,MSH6,P43246:529:E>W,0,0.59766716
train-pg_dms__transformer__seed42,MSH6,P43246:529:E>T,0,0.3658946
train-pg_dms__transformer__seed42,MSH6,P43246:529:E>S,0,0.08096245
train-pg_dms__transformer__seed42,MSH6,P43246:529:E>R,0,0.76529765
train-pg_dms__transformer__seed42,MSH6,P43246:529:E>Q,0,0.062336057
train-pg_dms__transformer__seed42,MSH6,P43246:529:E>P,0,0.89303213
train-pg_dms__transformer__seed42,MSH6,P43246:529:E>V,0,0.29699886
train-pg_dms__transformer__seed42,MSH6,P43246:529:E>M,0,0.37432218
train-pg_dms__transformer__seed42,MSH6,P43246:529:E>N,0,0.19797054
train-pg_dms__transformer__seed42,MSH6,P43246:529:E>D,0,0.052016634
train-pg_dms__transformer__seed42,MSH6,P43246:529:E>F,0,0.34689867
train-pg_dms__transformer__seed42,MSH6,P43246:529:E>H,0,0.29836205
train-pg_dms__transformer__seed42,MSH6,P43246:529:E>K,0,0.75176567
train-pg_dms__transformer__seed42,MSH6,P43246:529:E>G,0,0.14216724
train-pg_dms__transformer__seed42,MSH6,P43246:529:E>L,0,0.28932184
train-pg_dms__transformer__seed42,MSH6,P43246:530:E>T,0,0.72460407
train-pg_dms__transformer__seed42,MSH6,P43246:530:E>V,0,0.69752425
train-pg_dms__transformer__seed42,MSH6,P43246:530:E>M,0,0.4492282
train-pg_dms__transformer__seed42,MSH6,P43246:530:E>W,0,0.7216741
train-pg_dms__transformer__seed42,MSH6,P43246:530:E>Y,0,0.5722146
train-pg_dms__transformer__seed42,MSH6,P43246:530:E>R,0,0.87528527
train-pg_dms__transformer__seed42,MSH6,P43246:530:E>Q,0,0.18115364
train-pg_dms__transformer__seed42,MSH6,P43246:530:E>P,1,0.94718826
train-pg_dms__transformer__seed42,MSH6,P43246:530:E>N,0,0.40920278
train-pg_dms__transformer__seed42,MSH6,P43246:530:E>S,0,0.22755936
train-pg_dms__transformer__seed42,MSH6,P43246:530:E>L,1,0.56496805
train-pg_dms__transformer__seed42,MSH6,P43246:530:E>H,0,0.4687514
train-pg_dms__transformer__seed42,MSH6,P43246:530:E>I,0,0.62275314
train-pg_dms__transformer__seed42,MSH6,P43246:530:E>F,0,0.5765065
train-pg_dms__transformer__seed42,MSH6,P43246:530:E>D,0,0.77757245
train-pg_dms__transformer__seed42,MSH6,P43246:530:E>C,0,0.25621176
train-pg_dms__transformer__seed42,MSH6,P43246:530:E>K,0,0.89623845
train-pg_dms__transformer__seed42,MSH6,P43246:530:E>A,0,0.30691925
train-pg_dms__transformer__seed42,MSH6,P43246:545:Q>R,0,0.2170598
train-pg_dms__transformer__seed42,MSH6,P43246:545:Q>I,0,0.06352507
train-pg_dms__transformer__seed42,MSH6,P43246:545:Q>L,0,0.009509447
train-pg_dms__transformer__seed42,MSH6,P43246:545:Q>M,0,0.11057482
train-pg_dms__transformer__seed42,MSH6,P43246:545:Q>N,0,0.04545206
train-pg_dms__transformer__seed42,MSH6,P43246:545:Q>P,1,0.43608183
train-pg_dms__transformer__seed42,MSH6,P43246:545:Q>S,0,0.01623042
train-pg_dms__transformer__seed42,MSH6,P43246:545:Q>C,0,0.1367368
train-pg_dms__transformer__seed42,MSH6,P43246:545:Q>H,0,0.10231465
train-pg_dms__transformer__seed42,MSH6,P43246:545:Q>W,0,0.6752101
train-pg_dms__transformer__seed42,MSH6,P43246:545:Q>Y,0,0.2314137
train-pg_dms__transformer__seed42,MSH6,P43246:545:Q>G,0,0.024837004
train-pg_dms__transformer__seed42,MSH6,P43246:545:Q>F,1,0.22938278
train-pg_dms__transformer__seed42,MSH6,P43246:545:Q>D,0,0.65265244
train-pg_dms__transformer__seed42,MSH6,P43246:545:Q>A,0,0.045098573
train-pg_dms__transformer__seed42,MSH6,P43246:545:Q>T,0,0.0361813
train-pg_dms__transformer__seed42,MSH6,P43246:545:Q>V,0,0.022834528
train-pg_dms__transformer__seed42,MSH6,P43246:545:Q>K,1,0.072526075
train-pg_dms__transformer__seed42,MSH6,P43246:548:G>P,1,0.9168553
train-pg_dms__transformer__seed42,MSH6,P43246:548:G>Q,0,0.46062338
train-pg_dms__transformer__seed42,MSH6,P43246:548:G>R,0,0.69327337
train-pg_dms__transformer__seed42,MSH6,P43246:548:G>S,0,0.338078
train-pg_dms__transformer__seed42,MSH6,P43246:548:G>T,0,0.5032371
train-pg_dms__transformer__seed42,MSH6,P43246:548:G>W,0,0.75606555
train-pg_dms__transformer__seed42,MSH6,P43246:548:G>Y,0,0.7341891
train-pg_dms__transformer__seed42,MSH6,P43246:548:G>N,0,0.7277097
train-pg_dms__transformer__seed42,MSH6,P43246:548:G>V,0,0.7316561
train-pg_dms__transformer__seed42,MSH6,P43246:548:G>M,0,0.51279324
train-pg_dms__transformer__seed42,MSH6,P43246:548:G>K,0,0.7031783
train-pg_dms__transformer__seed42,MSH6,P43246:548:G>L,0,0.71325785
train-pg_dms__transformer__seed42,MSH6,P43246:548:G>F,0,0.42268768
train-pg_dms__transformer__seed42,MSH6,P43246:548:G>H,0,0.5255132
train-pg_dms__transformer__seed42,MSH6,P43246:548:G>I,0,0.8568463
train-pg_dms__transformer__seed42,MSH6,P43246:548:G>A,0,0.38899878
train-pg_dms__transformer__seed42,MSH6,P43246:548:G>C,0,0.33834898
train-pg_dms__transformer__seed42,MSH6,P43246:550:K>S,1,0.34700364
train-pg_dms__transformer__seed42,MSH6,P43246:550:K>T,0,0.68017775
train-pg_dms__transformer__seed42,MSH6,P43246:550:K>V,0,0.7441006
train-pg_dms__transformer__seed42,MSH6,P43246:550:K>W,0,0.81380844
train-pg_dms__transformer__seed42,MSH6,P43246:550:K>Y,0,0.6954106
train-pg_dms__transformer__seed42,MSH6,P43246:550:K>F,0,0.6806448
train-pg_dms__transformer__seed42,MSH6,P43246:550:K>R,0,0.03576653
train-pg_dms__transformer__seed42,MSH6,P43246:550:K>Q,0,0.11417469
train-pg_dms__transformer__seed42,MSH6,P43246:550:K>G,1,0.82140964
train-pg_dms__transformer__seed42,MSH6,P43246:550:K>N,0,0.640179
train-pg_dms__transformer__seed42,MSH6,P43246:550:K>M,0,0.4451586
train-pg_dms__transformer__seed42,MSH6,P43246:550:K>L,0,0.57894087
train-pg_dms__transformer__seed42,MSH6,P43246:550:K>I,0,0.87071955
train-pg_dms__transformer__seed42,MSH6,P43246:550:K>A,0,0.54594964
train-pg_dms__transformer__seed42,MSH6,P43246:550:K>C,0,0.17897676
train-pg_dms__transformer__seed42,MSH6,P43246:550:K>D,1,0.9841666
train-pg_dms__transformer__seed42,MSH6,P43246:550:K>E,1,0.9576251
train-pg_dms__transformer__seed42,MSH6,P43246:550:K>P,1,0.98587
train-pg_dms__transformer__seed42,MSH6,P43246:550:K>H,0,0.22452192
train-pg_dms__transformer__seed42,MSH6,P43246:564:T>S,0,0.010093965
train-pg_dms__transformer__seed42,MSH6,P43246:564:T>R,0,0.045467578
train-pg_dms__transformer__seed42,MSH6,P43246:564:T>Q,0,0.015586179
train-pg_dms__transformer__seed42,MSH6,P43246:564:T>P,1,0.82812303
train-pg_dms__transformer__seed42,MSH6,P43246:564:T>M,0,0.07891162
train-pg_dms__transformer__seed42,MSH6,P43246:564:T>L,0,0.009022679
train-pg_dms__transformer__seed42,MSH6,P43246:564:T>I,0,0.036008727
train-pg_dms__transformer__seed42,MSH6,P43246:564:T>F,0,0.03194315
train-pg_dms__transformer__seed42,MSH6,P43246:564:T>G,0,0.013030273
train-pg_dms__transformer__seed42,MSH6,P43246:564:T>E,0,0.027702928
train-pg_dms__transformer__seed42,MSH6,P43246:564:T>D,0,0.07558341
train-pg_dms__transformer__seed42,MSH6,P43246:564:T>Y,0,0.022863679
train-pg_dms__transformer__seed42,MSH6,P43246:564:T>W,0,0.4617955
train-pg_dms__transformer__seed42,MSH6,P43246:564:T>H,0,0.019403297
train-pg_dms__transformer__seed42,MSH6,P43246:564:T>V,0,0.021401307
train-pg_dms__transformer__seed42,MSH6,P43246:564:T>N,0,0.029610857
train-pg_dms__transformer__seed42,MSH6,P43246:565:K>S,0,0.0056866026
train-pg_dms__transformer__seed42,MSH6,P43246:565:K>F,0,0.08919296
train-pg_dms__transformer__seed42,MSH6,P43246:565:K>G,0,0.010220283
train-pg_dms__transformer__seed42,MSH6,P43246:565:K>L,0,0.011007206
train-pg_dms__transformer__seed42,MSH6,P43246:565:K>N,0,0.033938058
train-pg_dms__transformer__seed42,MSH6,P43246:565:K>C,0,0.011336685
train-pg_dms__transformer__seed42,MSH6,P43246:565:K>A,0,0.010037698
train-pg_dms__transformer__seed42,MSH6,P43246:565:K>E,0,0.028447475
train-pg_dms__transformer__seed42,MSH6,P43246:565:K>R,0,0.032648556
train-pg_dms__transformer__seed42,MSH6,P43246:565:K>D,0,0.095882826
train-pg_dms__transformer__seed42,MSH6,P43246:565:K>Y,0,0.0492505
train-pg_dms__transformer__seed42,MSH6,P43246:565:K>Q,0,0.005849611
train-pg_dms__transformer__seed42,MSH6,P43246:565:K>P,0,0.84834373
train-pg_dms__transformer__seed42,MSH6,P43246:565:K>T,0,0.01252178
train-pg_dms__transformer__seed42,MSH6,P43246:565:K>V,0,0.013809496
train-pg_dms__transformer__seed42,MSH6,P43246:565:K>W,0,0.44173837
train-pg_dms__transformer__seed42,MSH6,P43246:569:E>P,1,0.9464516
train-pg_dms__transformer__seed42,MSH6,P43246:569:E>Q,0,0.011686723
train-pg_dms__transformer__seed42,MSH6,P43246:569:E>N,0,0.01686771
train-pg_dms__transformer__seed42,MSH6,P43246:569:E>I,0,0.05729931
train-pg_dms__transformer__seed42,MSH6,P43246:569:E>H,0,0.028752564
train-pg_dms__transformer__seed42,MSH6,P43246:569:E>R,0,0.05739789
train-pg_dms__transformer__seed42,MSH6,P43246:569:E>S,0,0.009021988
train-pg_dms__transformer__seed42,MSH6,P43246:569:E>G,0,0.036950592
train-pg_dms__transformer__seed42,MSH6,P43246:569:E>T,0,0.029377025
train-pg_dms__transformer__seed42,MSH6,P43246:569:E>V,0,0.01799796
train-pg_dms__transformer__seed42,MSH6,P43246:569:E>W,0,0.66107696
train-pg_dms__transformer__seed42,MSH6,P43246:569:E>Y,0,0.060760103
train-pg_dms__transformer__seed42,MSH6,P43246:569:E>F,0,0.09917177
train-pg_dms__transformer__seed42,MSH6,P43246:569:E>D,0,0.043638047
train-pg_dms__transformer__seed42,MSH6,P43246:569:E>C,0,0.025276233
train-pg_dms__transformer__seed42,MSH6,P43246:569:E>A,0,0.010893893
train-pg_dms__transformer__seed42,MSH6,P43246:569:E>M,0,0.114601575
train-pg_dms__transformer__seed42,MSH6,P43246:569:E>L,0,0.012054455
train-pg_dms__transformer__seed42,MSH6,P43246:574:Q>W,1,0.7476402
train-pg_dms__transformer__seed42,MSH6,P43246:574:Q>F,1,0.43127742
train-pg_dms__transformer__seed42,MSH6,P43246:574:Q>G,0,0.4744954
train-pg_dms__transformer__seed42,MSH6,P43246:574:Q>I,1,0.6843704
train-pg_dms__transformer__seed42,MSH6,P43246:574:Q>K,1,0.7107382
train-pg_dms__transformer__seed42,MSH6,P43246:574:Q>L,1,0.52786493
train-pg_dms__transformer__seed42,MSH6,P43246:574:Q>M,1,0.29256597
train-pg_dms__transformer__seed42,MSH6,P43246:574:Q>N,1,0.56113356
train-pg_dms__transformer__seed42,MSH6,P43246:574:Q>P,1,0.9452807
train-pg_dms__transformer__seed42,MSH6,P43246:574:Q>R,1,0.82257825
train-pg_dms__transformer__seed42,MSH6,P43246:574:Q>S,0,0.04061661
train-pg_dms__transformer__seed42,MSH6,P43246:574:Q>T,0,0.30513057
train-pg_dms__transformer__seed42,MSH6,P43246:574:Q>Y,1,0.42014146
train-pg_dms__transformer__seed42,MSH6,P43246:574:Q>V,1,0.5115133
train-pg_dms__transformer__seed42,MSH6,P43246:574:Q>A,0,0.102950685
train-pg_dms__transformer__seed42,MSH6,P43246:577:I>Y,1,0.28455892
train-pg_dms__transformer__seed42,MSH6,P43246:577:I>W,0,0.65117764
train-pg_dms__transformer__seed42,MSH6,P43246:577:I>V,0,0.03414826
train-pg_dms__transformer__seed42,MSH6,P43246:577:I>S,1,0.14318581
train-pg_dms__transformer__seed42,MSH6,P43246:577:I>R,0,0.76322967
train-pg_dms__transformer__seed42,MSH6,P43246:577:I>Q,0,0.24237546
train-pg_dms__transformer__seed42,MSH6,P43246:577:I>P,1,0.9042479
train-pg_dms__transformer__seed42,MSH6,P43246:577:I>M,0,0.13244437
train-pg_dms__transformer__seed42,MSH6,P43246:577:I>K,0,0.6088241
train-pg_dms__transformer__seed42,MSH6,P43246:577:I>G,1,0.65611684
train-pg_dms__transformer__seed42,MSH6,P43246:577:I>F,0,0.15206416
train-pg_dms__transformer__seed42,MSH6,P43246:577:I>E,0,0.5119696
train-pg_dms__transformer__seed42,MSH6,P43246:577:I>C,0,0.06265102
train-pg_dms__transformer__seed42,MSH6,P43246:577:I>A,0,0.16444547
train-pg_dms__transformer__seed42,MSH6,P43246:577:I>N,0,0.57009435
train-pg_dms__transformer__seed42,MSH6,P43246:577:I>H,0,0.27481738
train-pg_dms__transformer__seed42,MSH6,P43246:579:K>N,0,0.02027908
train-pg_dms__transformer__seed42,MSH6,P43246:579:K>T,0,0.02431872
train-pg_dms__transformer__seed42,MSH6,P43246:579:K>V,0,0.01602168
train-pg_dms__transformer__seed42,MSH6,P43246:579:K>S,0,0.006457314
train-pg_dms__transformer__seed42,MSH6,P43246:579:K>R,0,0.005999491
train-pg_dms__transformer__seed42,MSH6,P43246:579:K>W,0,0.33514172
train-pg_dms__transformer__seed42,MSH6,P43246:579:K>M,0,0.032274745
train-pg_dms__transformer__seed42,MSH6,P43246:579:K>Q,0,0.0028737846
train-pg_dms__transformer__seed42,MSH6,P43246:579:K>I,0,0.052404616
train-pg_dms__transformer__seed42,MSH6,P43246:579:K>A,0,0.015134232
train-pg_dms__transformer__seed42,MSH6,P43246:579:K>C,0,0.0084011275
train-pg_dms__transformer__seed42,MSH6,P43246:579:K>F,0,0.03995559
train-pg_dms__transformer__seed42,MSH6,P43246:579:K>G,0,0.00922618
train-pg_dms__transformer__seed42,MSH6,P43246:579:K>H,0,0.010304779
train-pg_dms__transformer__seed42,MSH6,P43246:579:K>L,0,0.016149856
train-pg_dms__transformer__seed42,MSH6,P43246:579:K>P,1,0.5707941
train-pg_dms__transformer__seed42,MSH6,P43246:580:E>C,0,0.01603065
train-pg_dms__transformer__seed42,MSH6,P43246:580:E>Q,0,0.08492578
train-pg_dms__transformer__seed42,MSH6,P43246:580:E>W,1,0.31953275
train-pg_dms__transformer__seed42,MSH6,P43246:580:E>Y,0,0.04947802
train-pg_dms__transformer__seed42,MSH6,P43246:580:E>V,0,0.07402099
train-pg_dms__transformer__seed42,MSH6,P43246:580:E>T,0,0.09913846
train-pg_dms__transformer__seed42,MSH6,P43246:580:E>S,0,0.023867566
train-pg_dms__transformer__seed42,MSH6,P43246:580:E>R,0,0.29436362
train-pg_dms__transformer__seed42,MSH6,P43246:580:E>P,0,0.6438023
train-pg_dms__transformer__seed42,MSH6,P43246:580:E>M,0,0.12771843
train-pg_dms__transformer__seed42,MSH6,P43246:580:E>N,0,0.060408775
train-pg_dms__transformer__seed42,MSH6,P43246:580:E>K,0,0.3478578
train-pg_dms__transformer__seed42,MSH6,P43246:580:E>I,0,0.13357234
train-pg_dms__transformer__seed42,MSH6,P43246:580:E>H,0,0.06974141
train-pg_dms__transformer__seed42,MSH6,P43246:580:E>G,0,0.07918356
train-pg_dms__transformer__seed42,MSH6,P43246:580:E>F,0,0.043786522
train-pg_dms__transformer__seed42,MSH6,P43246:580:E>D,0,0.2757335
train-pg_dms__transformer__seed42,MSH6,P43246:580:E>A,0,0.046393543
train-pg_dms__transformer__seed42,MSH6,P43246:580:E>L,0,0.051495
train-pg_dms__transformer__seed42,MSH6,P43246:582:V>Y,0,0.3131802
train-pg_dms__transformer__seed42,MSH6,P43246:582:V>M,0,0.028508201
train-pg_dms__transformer__seed42,MSH6,P43246:582:V>T,1,0.057042576
train-pg_dms__transformer__seed42,MSH6,P43246:582:V>S,0,0.07973767
train-pg_dms__transformer__seed42,MSH6,P43246:582:V>R,0,0.5703125
train-pg_dms__transformer__seed42,MSH6,P43246:582:V>Q,0,0.1678137
train-pg_dms__transformer__seed42,MSH6,P43246:582:V>P,1,0.9276636
train-pg_dms__transformer__seed42,MSH6,P43246:582:V>W,0,0.78035855
train-pg_dms__transformer__seed42,MSH6,P43246:582:V>K,0,0.35229835
train-pg_dms__transformer__seed42,MSH6,P43246:582:V>H,0,0.2292383
train-pg_dms__transformer__seed42,MSH6,P43246:582:V>G,0,0.122401506
train-pg_dms__transformer__seed42,MSH6,P43246:582:V>E,0,0.40751886
train-pg_dms__transformer__seed42,MSH6,P43246:582:V>C,0,0.022934996
train-pg_dms__transformer__seed42,MSH6,P43246:582:V>A,0,0.09779232
train-pg_dms__transformer__seed42,MSH6,P43246:586:S>N,0,0.03739021
train-pg_dms__transformer__seed42,MSH6,P43246:586:S>Y,0,0.025913244
train-pg_dms__transformer__seed42,MSH6,P43246:586:S>W,0,0.42689466
train-pg_dms__transformer__seed42,MSH6,P43246:586:S>V,0,0.016493265
train-pg_dms__transformer__seed42,MSH6,P43246:586:S>T,0,0.0144287525
train-pg_dms__transformer__seed42,MSH6,P43246:586:S>R,0,0.16514263
train-pg_dms__transformer__seed42,MSH6,P43246:586:S>Q,0,0.085335955
train-pg_dms__transformer__seed42,MSH6,P43246:586:S>P,1,0.8313707
train-pg_dms__transformer__seed42,MSH6,P43246:586:S>M,0,0.10430835
train-pg_dms__transformer__seed42,MSH6,P43246:586:S>K,0,0.23714142
train-pg_dms__transformer__seed42,MSH6,P43246:586:S>I,0,0.026635237
train-pg_dms__transformer__seed42,MSH6,P43246:586:S>G,0,0.007671467
train-pg_dms__transformer__seed42,MSH6,P43246:586:S>F,0,0.025593316
train-pg_dms__transformer__seed42,MSH6,P43246:586:S>E,0,0.2650086
train-pg_dms__transformer__seed42,MSH6,P43246:586:S>D,0,0.34381992
train-pg_dms__transformer__seed42,MSH6,P43246:586:S>C,0,0.0072123245
train-pg_dms__transformer__seed42,MSH6,P43246:586:S>A,0,0.01022504
train-pg_dms__transformer__seed42,MSH6,P43246:586:S>L,0,0.008339566
train-pg_dms__transformer__seed42,MSH6,P43246:589:V>G,0,0.0038096935
train-pg_dms__transformer__seed42,MSH6,P43246:589:V>H,0,0.019439353
train-pg_dms__transformer__seed42,MSH6,P43246:589:V>E,0,0.016585687
train-pg_dms__transformer__seed42,MSH6,P43246:589:V>D,0,0.14659798
train-pg_dms__transformer__seed42,MSH6,P43246:589:V>C,0,0.004961433
train-pg_dms__transformer__seed42,MSH6,P43246:589:V>A,0,0.0021143015
train-pg_dms__transformer__seed42,MSH6,P43246:589:V>I,0,0.0050204853
train-pg_dms__transformer__seed42,MSH6,P43246:589:V>F,0,0.002012335
train-pg_dms__transformer__seed42,MSH6,P43246:589:V>K,0,0.022642814
train-pg_dms__transformer__seed42,MSH6,P43246:589:V>M,0,0.016328666
train-pg_dms__transformer__seed42,MSH6,P43246:589:V>N,0,0.0058850595
train-pg_dms__transformer__seed42,MSH6,P43246:589:V>P,0,0.8046609
train-pg_dms__transformer__seed42,MSH6,P43246:589:V>Q,0,0.006945624
train-pg_dms__transformer__seed42,MSH6,P43246:589:V>R,0,0.052706107
train-pg_dms__transformer__seed42,MSH6,P43246:589:V>S,0,0.0015952915
train-pg_dms__transformer__seed42,MSH6,P43246:589:V>T,0,0.0022986212
train-pg_dms__transformer__seed42,MSH6,P43246:589:V>W,0,0.4892275
train-pg_dms__transformer__seed42,MSH6,P43246:589:V>Y,0,0.024842856
train-pg_dms__transformer__seed42,MSH6,P43246:592:M>Y,0,0.30814546
train-pg_dms__transformer__seed42,MSH6,P43246:592:M>A,0,0.104295656
train-pg_dms__transformer__seed42,MSH6,P43246:592:M>V,0,0.025629189
train-pg_dms__transformer__seed42,MSH6,P43246:592:M>S,0,0.16337676
train-pg_dms__transformer__seed42,MSH6,P43246:592:M>R,1,0.83465415
train-pg_dms__transformer__seed42,MSH6,P43246:592:M>Q,0,0.32257128
train-pg_dms__transformer__seed42,MSH6,P43246:592:M>P,1,0.92389286
train-pg_dms__transformer__seed42,MSH6,P43246:592:M>N,0,0.6066228
train-pg_dms__transformer__seed42,MSH6,P43246:592:M>L,0,0.008677754
train-pg_dms__transformer__seed42,MSH6,P43246:592:M>K,1,0.6327749
train-pg_dms__transformer__seed42,MSH6,P43246:592:M>I,0,0.07855797
train-pg_dms__transformer__seed42,MSH6,P43246:592:M>H,0,0.47848907
train-pg_dms__transformer__seed42,MSH6,P43246:592:M>G,0,0.61807066
train-pg_dms__transformer__seed42,MSH6,P43246:592:M>F,0,0.048382007
train-pg_dms__transformer__seed42,MSH6,P43246:592:M>D,1,0.8621432
train-pg_dms__transformer__seed42,MSH6,P43246:592:M>C,0,0.066486426
train-pg_dms__transformer__seed42,MSH6,P43246:592:M>W,0,0.8470364
train-pg_dms__transformer__seed42,MSH6,P43246:596:N>Q,0,0.06872435
train-pg_dms__transformer__seed42,MSH6,P43246:596:N>V,0,0.08239644
train-pg_dms__transformer__seed42,MSH6,P43246:596:N>P,0,0.86698824
train-pg_dms__transformer__seed42,MSH6,P43246:596:N>T,0,0.02134053
train-pg_dms__transformer__seed42,MSH6,P43246:596:N>S,0,0.02296279
train-pg_dms__transformer__seed42,MSH6,P43246:596:N>W,0,0.6988882
train-pg_dms__transformer__seed42,MSH6,P43246:596:N>A,0,0.03869122
train-pg_dms__transformer__seed42,MSH6,P43246:596:N>C,0,0.008974213
train-pg_dms__transformer__seed42,MSH6,P43246:596:N>D,0,0.06644138
train-pg_dms__transformer__seed42,MSH6,P43246:596:N>E,0,0.25729215
train-pg_dms__transformer__seed42,MSH6,P43246:596:N>G,0,0.026038324
train-pg_dms__transformer__seed42,MSH6,P43246:596:N>R,0,0.3990504
train-pg_dms__transformer__seed42,MSH6,P43246:596:N>Y,0,0.034689575
train-pg_dms__transformer__seed42,MSH6,P43246:596:N>M,0,0.2394669
train-pg_dms__transformer__seed42,MSH6,P43246:596:N>L,0,0.066412956
train-pg_dms__transformer__seed42,MSH6,P43246:596:N>H,0,0.03604296
train-pg_dms__transformer__seed42,MSH6,P43246:596:N>K,0,0.37991938
train-pg_dms__transformer__seed42,MSH6,P43246:606:V>T,0,0.02714248
train-pg_dms__transformer__seed42,MSH6,P43246:606:V>W,0,0.7424254
train-pg_dms__transformer__seed42,MSH6,P43246:606:V>S,0,0.011451375
train-pg_dms__transformer__seed42,MSH6,P43246:606:V>M,0,0.024572508
train-pg_dms__transformer__seed42,MSH6,P43246:606:V>Q,0,0.19235742
train-pg_dms__transformer__seed42,MSH6,P43246:606:V>P,1,0.9060319
train-pg_dms__transformer__seed42,MSH6,P43246:606:V>N,0,0.23154259
train-pg_dms__transformer__seed42,MSH6,P43246:606:V>Y,0,0.41332355
train-pg_dms__transformer__seed42,MSH6,P43246:606:V>R,0,0.8099216
train-pg_dms__transformer__seed42,MSH6,P43246:606:V>I,0,0.004856198
train-pg_dms__transformer__seed42,MSH6,P43246:606:V>E,0,0.5591762
train-pg_dms__transformer__seed42,MSH6,P43246:606:V>L,0,0.0050721597
train-pg_dms__transformer__seed42,MSH6,P43246:606:V>H,0,0.49139896
train-pg_dms__transformer__seed42,MSH6,P43246:606:V>G,0,0.018534916
train-pg_dms__transformer__seed42,MSH6,P43246:606:V>F,0,0.04799884
train-pg_dms__transformer__seed42,MSH6,P43246:606:V>C,0,0.031478662
train-pg_dms__transformer__seed42,MSH6,P43246:606:V>A,0,0.026927693
train-pg_dms__transformer__seed42,MSH6,P43246:606:V>K,0,0.7172727
train-pg_dms__transformer__seed42,MSH6,P43246:627:K>D,0,0.15316983
train-pg_dms__transformer__seed42,MSH6,P43246:627:K>E,0,0.009528203
train-pg_dms__transformer__seed42,MSH6,P43246:627:K>F,0,0.033598077
train-pg_dms__transformer__seed42,MSH6,P43246:627:K>G,0,0.008951612
train-pg_dms__transformer__seed42,MSH6,P43246:627:K>I,0,0.010054371
train-pg_dms__transformer__seed42,MSH6,P43246:627:K>L,0,0.009201289
train-pg_dms__transformer__seed42,MSH6,P43246:627:K>N,0,0.02191208
train-pg_dms__transformer__seed42,MSH6,P43246:627:K>C,0,0.0076078787
train-pg_dms__transformer__seed42,MSH6,P43246:627:K>P,0,0.082820356
train-pg_dms__transformer__seed42,MSH6,P43246:627:K>Q,0,0.002520327
train-pg_dms__transformer__seed42,MSH6,P43246:627:K>R,0,0.011500828
train-pg_dms__transformer__seed42,MSH6,P43246:627:K>S,0,0.005590119
train-pg_dms__transformer__seed42,MSH6,P43246:627:K>T,0,0.009778307
train-pg_dms__transformer__seed42,MSH6,P43246:627:K>M,0,0.0430362
train-pg_dms__transformer__seed42,MSH6,P43246:627:K>V,0,0.017854894
train-pg_dms__transformer__seed42,MSH6,P43246:627:K>W,0,0.17521903
train-pg_dms__transformer__seed42,MSH6,P43246:627:K>A,0,0.008427601
train-pg_dms__transformer__seed42,MSH6,P43246:632:I>W,0,0.6326467
train-pg_dms__transformer__seed42,MSH6,P43246:632:I>G,1,0.50939023
train-pg_dms__transformer__seed42,MSH6,P43246:632:I>K,0,0.8267385
train-pg_dms__transformer__seed42,MSH6,P43246:632:I>H,0,0.4290463
train-pg_dms__transformer__seed42,MSH6,P43246:632:I>F,0,0.009763644
train-pg_dms__transformer__seed42,MSH6,P43246:632:I>E,0,0.8664342
train-pg_dms__transformer__seed42,MSH6,P43246:632:I>C,0,0.048168175
train-pg_dms__transformer__seed42,MSH6,P43246:632:I>A,0,0.24690868
train-pg_dms__transformer__seed42,MSH6,P43246:632:I>M,0,0.05010942
train-pg_dms__transformer__seed42,MSH6,P43246:632:I>Y,0,0.16891223
train-pg_dms__transformer__seed42,MSH6,P43246:632:I>L,0,0.0051837265
train-pg_dms__transformer__seed42,MSH6,P43246:632:I>N,0,0.5474189
train-pg_dms__transformer__seed42,MSH6,P43246:632:I>P,1,0.9473176
train-pg_dms__transformer__seed42,MSH6,P43246:632:I>Q,0,0.39585295
train-pg_dms__transformer__seed42,MSH6,P43246:632:I>R,1,0.75039285
train-pg_dms__transformer__seed42,MSH6,P43246:632:I>S,0,0.22884087
train-pg_dms__transformer__seed42,MSH6,P43246:632:I>T,0,0.18643485
train-pg_dms__transformer__seed42,MSH6,P43246:632:I>V,0,0.030602623
train-pg_dms__transformer__seed42,MSH6,P43246:641:C>A,0,0.06912108
train-pg_dms__transformer__seed42,MSH6,P43246:641:C>D,0,0.7052274
train-pg_dms__transformer__seed42,MSH6,P43246:641:C>Y,0,0.26658535
train-pg_dms__transformer__seed42,MSH6,P43246:641:C>F,0,0.18517098
train-pg_dms__transformer__seed42,MSH6,P43246:641:C>G,0,0.032056555
train-pg_dms__transformer__seed42,MSH6,P43246:641:C>H,0,0.4133871
train-pg_dms__transformer__seed42,MSH6,P43246:641:C>K,0,0.485912
train-pg_dms__transformer__seed42,MSH6,P43246:641:C>S,0,0.07047326
train-pg_dms__transformer__seed42,MSH6,P43246:641:C>L,0,0.024702221
train-pg_dms__transformer__seed42,MSH6,P43246:641:C>M,0,0.24044152
train-pg_dms__transformer__seed42,MSH6,P43246:641:C>N,0,0.35666728
train-pg_dms__transformer__seed42,MSH6,P43246:641:C>P,0,0.8112398
train-pg_dms__transformer__seed42,MSH6,P43246:641:C>R,0,0.6907229
train-pg_dms__transformer__seed42,MSH6,P43246:641:C>I,0,0.096893586
train-pg_dms__transformer__seed42,MSH6,P43246:641:C>Q,0,0.41538578
train-pg_dms__transformer__seed42,MSH6,P43246:641:C>V,0,0.028627457
train-pg_dms__transformer__seed42,MSH6,P43246:641:C>T,0,0.11768555
train-pg_dms__transformer__seed42,MSH6,P43246:651:I>F,0,0.08737116
train-pg_dms__transformer__seed42,MSH6,P43246:651:I>G,0,0.17762981
train-pg_dms__transformer__seed42,MSH6,P43246:651:I>E,0,0.26389107
train-pg_dms__transformer__seed42,MSH6,P43246:651:I>D,0,0.45936915
train-pg_dms__transformer__seed42,MSH6,P43246:651:I>C,0,0.042491656
train-pg_dms__transformer__seed42,MSH6,P43246:651:I>A,0,0.16006726
train-pg_dms__transformer__seed42,MSH6,P43246:651:I>K,0,0.23545611
train-pg_dms__transformer__seed42,MSH6,P43246:651:I>M,0,0.20839418
train-pg_dms__transformer__seed42,MSH6,P43246:651:I>N,0,0.28038967
train-pg_dms__transformer__seed42,MSH6,P43246:651:I>P,1,0.6654762
train-pg_dms__transformer__seed42,MSH6,P43246:651:I>Q,0,0.0775891
train-pg_dms__transformer__seed42,MSH6,P43246:651:I>R,0,0.32688951
train-pg_dms__transformer__seed42,MSH6,P43246:651:I>S,0,0.07512816
train-pg_dms__transformer__seed42,MSH6,P43246:651:I>V,0,0.032703355
train-pg_dms__transformer__seed42,MSH6,P43246:651:I>W,0,0.50821227
train-pg_dms__transformer__seed42,MSH6,P43246:651:I>Y,0,0.20382419
train-pg_dms__transformer__seed42,MSH6,P43246:655:V>N,0,0.19745328
train-pg_dms__transformer__seed42,MSH6,P43246:655:V>K,1,0.71080357
train-pg_dms__transformer__seed42,MSH6,P43246:655:V>M,0,0.051787894
train-pg_dms__transformer__seed42,MSH6,P43246:655:V>L,0,0.011177372
train-pg_dms__transformer__seed42,MSH6,P43246:655:V>P,1,0.9698103
train-pg_dms__transformer__seed42,MSH6,P43246:655:V>D,1,0.83684033
train-pg_dms__transformer__seed42,MSH6,P43246:655:V>Q,0,0.19601561
train-pg_dms__transformer__seed42,MSH6,P43246:655:V>W,1,0.8155812
train-pg_dms__transformer__seed42,MSH6,P43246:655:V>T,0,0.017836815
train-pg_dms__transformer__seed42,MSH6,P43246:655:V>S,0,0.018955508
train-pg_dms__transformer__seed42,MSH6,P43246:655:V>R,1,0.7987185
train-pg_dms__transformer__seed42,MSH6,P43246:655:V>A,0,0.017168943
train-pg_dms__transformer__seed42,MSH6,P43246:655:V>C,0,0.011872471
train-pg_dms__transformer__seed42,MSH6,P43246:655:V>H,0,0.32520944
train-pg_dms__transformer__seed42,MSH6,P43246:655:V>E,1,0.7252839
train-pg_dms__transformer__seed42,MSH6,P43246:655:V>F,0,0.051136654
train-pg_dms__transformer__seed42,MSH6,P43246:655:V>G,0,0.052548863
train-pg_dms__transformer__seed42,MSH6,P43246:658:E>V,0,0.00854026
train-pg_dms__transformer__seed42,MSH6,P43246:658:E>S,0,0.00457144
train-pg_dms__transformer__seed42,MSH6,P43246:658:E>R,0,0.020162784
train-pg_dms__transformer__seed42,MSH6,P43246:658:E>P,1,0.40224683
train-pg_dms__transformer__seed42,MSH6,P43246:658:E>N,0,0.012487301
train-pg_dms__transformer__seed42,MSH6,P43246:658:E>M,0,0.062379118
train-pg_dms__transformer__seed42,MSH6,P43246:658:E>W,0,0.2618504
train-pg_dms__transformer__seed42,MSH6,P43246:658:E>L,0,0.008574509
train-pg_dms__transformer__seed42,MSH6,P43246:658:E>H,0,0.014597963
train-pg_dms__transformer__seed42,MSH6,P43246:658:E>G,0,0.009521257
train-pg_dms__transformer__seed42,MSH6,P43246:658:E>F,0,0.028315932
train-pg_dms__transformer__seed42,MSH6,P43246:658:E>C,0,0.0131249335
train-pg_dms__transformer__seed42,MSH6,P43246:658:E>A,0,0.008065134
train-pg_dms__transformer__seed42,MSH6,P43246:658:E>T,0,0.014518083
train-pg_dms__transformer__seed42,MSH6,P43246:658:E>I,0,0.012860128
train-pg_dms__transformer__seed42,MSH6,P43246:658:E>D,0,0.022868877
train-pg_dms__transformer__seed42,MSH6,P43246:658:E>Q,0,0.002641924
train-pg_dms__transformer__seed42,MSH6,P43246:659:K>I,0,0.013418953
train-pg_dms__transformer__seed42,MSH6,P43246:659:K>D,0,0.05157245
train-pg_dms__transformer__seed42,MSH6,P43246:659:K>L,0,0.010317567
train-pg_dms__transformer__seed42,MSH6,P43246:659:K>M,0,0.04295576
train-pg_dms__transformer__seed42,MSH6,P43246:659:K>N,0,0.011993747
train-pg_dms__transformer__seed42,MSH6,P43246:659:K>P,0,0.08564101
train-pg_dms__transformer__seed42,MSH6,P43246:659:K>Q,0,0.0018504779
train-pg_dms__transformer__seed42,MSH6,P43246:659:K>G,0,0.005807441
train-pg_dms__transformer__seed42,MSH6,P43246:659:K>Y,0,0.01817509
train-pg_dms__transformer__seed42,MSH6,P43246:659:K>R,0,0.013863238
train-pg_dms__transformer__seed42,MSH6,P43246:659:K>S,0,0.005222642
train-pg_dms__transformer__seed42,MSH6,P43246:659:K>T,1,0.009940069
train-pg_dms__transformer__seed42,MSH6,P43246:659:K>V,0,0.01261894
train-pg_dms__transformer__seed42,MSH6,P43246:659:K>A,0,0.008971898
train-pg_dms__transformer__seed42,MSH6,P43246:659:K>C,0,0.007284414
train-pg_dms__transformer__seed42,MSH6,P43246:659:K>W,0,0.23428866
train-pg_dms__transformer__seed42,MSH6,P43246:659:K>F,0,0.029241484
train-pg_dms__transformer__seed42,MSH6,P43246:659:K>E,0,0.011802433
train-pg_dms__transformer__seed42,MSH6,P43246:665:H>Q,0,0.028193792
train-pg_dms__transformer__seed42,MSH6,P43246:665:H>A,0,0.09999789
train-pg_dms__transformer__seed42,MSH6,P43246:665:H>N,0,0.021170672
train-pg_dms__transformer__seed42,MSH6,P43246:665:H>M,0,0.25805745
train-pg_dms__transformer__seed42,MSH6,P43246:665:H>L,0,0.04025069
train-pg_dms__transformer__seed42,MSH6,P43246:665:H>K,0,0.2609395
train-pg_dms__transformer__seed42,MSH6,P43246:665:H>R,0,0.15698342
train-pg_dms__transformer__seed42,MSH6,P43246:665:H>G,0,0.29329586
train-pg_dms__transformer__seed42,MSH6,P43246:665:H>F,0,0.076223165
train-pg_dms__transformer__seed42,MSH6,P43246:665:H>I,0,0.20469032
train-pg_dms__transformer__seed42,MSH6,P43246:665:H>D,0,0.27143118
train-pg_dms__transformer__seed42,MSH6,P43246:665:H>E,0,0.19210468
train-pg_dms__transformer__seed42,MSH6,P43246:665:H>S,0,0.027205762
train-pg_dms__transformer__seed42,MSH6,P43246:665:H>T,0,0.089675166
train-pg_dms__transformer__seed42,MSH6,P43246:665:H>W,0,0.37609237
train-pg_dms__transformer__seed42,MSH6,P43246:665:H>Y,0,0.026046341
train-pg_dms__transformer__seed42,MSH6,P43246:665:H>C,0,0.013141075
train-pg_dms__transformer__seed42,MSH6,P43246:665:H>V,0,0.10088479
train-pg_dms__transformer__seed42,MSH6,P43246:670:P>L,0,0.3767179
train-pg_dms__transformer__seed42,MSH6,P43246:670:P>I,0,0.77621335
train-pg_dms__transformer__seed42,MSH6,P43246:670:P>K,0,0.8187636
train-pg_dms__transformer__seed42,MSH6,P43246:670:P>F,0,0.41113895
train-pg_dms__transformer__seed42,MSH6,P43246:670:P>E,0,0.8138681
train-pg_dms__transformer__seed42,MSH6,P43246:670:P>D,0,0.8191763
train-pg_dms__transformer__seed42,MSH6,P43246:670:P>C,0,0.24298157
train-pg_dms__transformer__seed42,MSH6,P43246:670:P>A,0,0.29675344
train-pg_dms__transformer__seed42,MSH6,P43246:670:P>Y,0,0.74663943
train-pg_dms__transformer__seed42,MSH6,P43246:670:P>W,0,0.65864426
train-pg_dms__transformer__seed42,MSH6,P43246:670:P>V,0,0.6832151
train-pg_dms__transformer__seed42,MSH6,P43246:670:P>Q,0,0.35758653
train-pg_dms__transformer__seed42,MSH6,P43246:670:P>N,0,0.6255737
train-pg_dms__transformer__seed42,MSH6,P43246:670:P>M,0,0.5749318
train-pg_dms__transformer__seed42,MSH6,P43246:670:P>G,0,0.570602
train-pg_dms__transformer__seed42,MSH6,P43246:670:P>H,0,0.54216284
train-pg_dms__transformer__seed42,MSH6,P43246:671:N>W,1,0.55699056
train-pg_dms__transformer__seed42,MSH6,P43246:671:N>A,1,0.17161839
train-pg_dms__transformer__seed42,MSH6,P43246:671:N>V,1,0.30134824
train-pg_dms__transformer__seed42,MSH6,P43246:671:N>T,1,0.14864318
train-pg_dms__transformer__seed42,MSH6,P43246:671:N>S,0,0.12107454
train-pg_dms__transformer__seed42,MSH6,P43246:671:N>R,1,0.33579573
train-pg_dms__transformer__seed42,MSH6,P43246:671:N>Q,0,0.07610952
train-pg_dms__transformer__seed42,MSH6,P43246:671:N>P,1,0.5537599
train-pg_dms__transformer__seed42,MSH6,P43246:671:N>M,1,0.29882625
train-pg_dms__transformer__seed42,MSH6,P43246:671:N>K,1,0.22248338
train-pg_dms__transformer__seed42,MSH6,P43246:671:N>G,0,0.31617466
train-pg_dms__transformer__seed42,MSH6,P43246:671:N>F,1,0.10170443
train-pg_dms__transformer__seed42,MSH6,P43246:671:N>E,1,0.37292826
train-pg_dms__transformer__seed42,MSH6,P43246:671:N>D,0,0.33218578
train-pg_dms__transformer__seed42,MSH6,P43246:671:N>L,1,0.19875598
train-pg_dms__transformer__seed42,MSH6,P43246:671:N>C,0,0.079193786
train-pg_dms__transformer__seed42,MSH6,P43246:675:K>Y,1,0.71719193
train-pg_dms__transformer__seed42,MSH6,P43246:675:K>W,1,0.68924165
train-pg_dms__transformer__seed42,MSH6,P43246:675:K>V,1,0.61426944
train-pg_dms__transformer__seed42,MSH6,P43246:675:K>T,1,0.77303624
train-pg_dms__transformer__seed42,MSH6,P43246:675:K>A,1,0.35991699
train-pg_dms__transformer__seed42,MSH6,P43246:675:K>C,1,0.09937414
train-pg_dms__transformer__seed42,MSH6,P43246:675:K>D,1,0.98172784
train-pg_dms__transformer__seed42,MSH6,P43246:675:K>F,1,0.5410361
train-pg_dms__transformer__seed42,MSH6,P43246:675:K>G,1,0.60680526
train-pg_dms__transformer__seed42,MSH6,P43246:675:K>H,1,0.4470777
train-pg_dms__transformer__seed42,MSH6,P43246:675:K>E,1,0.9662732
train-pg_dms__transformer__seed42,MSH6,P43246:675:K>L,1,0.81101024
train-pg_dms__transformer__seed42,MSH6,P43246:675:K>M,1,0.5091642
train-pg_dms__transformer__seed42,MSH6,P43246:675:K>N,1,0.5797876
train-pg_dms__transformer__seed42,MSH6,P43246:675:K>P,1,0.98677725
train-pg_dms__transformer__seed42,MSH6,P43246:675:K>R,1,0.87433255
train-pg_dms__transformer__seed42,MSH6,P43246:675:K>S,1,0.27205378
train-pg_dms__transformer__seed42,MSH6,P43246:675:K>I,1,0.9159726
train-pg_dms__transformer__seed42,MSH6,P43246:679:I>Y,0,0.8595928
train-pg_dms__transformer__seed42,MSH6,P43246:679:I>W,0,0.85337543
train-pg_dms__transformer__seed42,MSH6,P43246:679:I>T,0,0.71208006
train-pg_dms__transformer__seed42,MSH6,P43246:679:I>S,0,0.61278814
train-pg_dms__transformer__seed42,MSH6,P43246:679:I>R,1,0.98344386
train-pg_dms__transformer__seed42,MSH6,P43246:679:I>Q,0,0.8372105
train-pg_dms__transformer__seed42,MSH6,P43246:679:I>A,0,0.66818124
train-pg_dms__transformer__seed42,MSH6,P43246:679:I>D,1,0.99233305
train-pg_dms__transformer__seed42,MSH6,P43246:679:I>C,0,0.21688814
train-pg_dms__transformer__seed42,MSH6,P43246:679:I>G,0,0.9385242
train-pg_dms__transformer__seed42,MSH6,P43246:679:I>P,0,0.9872503
train-pg_dms__transformer__seed42,MSH6,P43246:679:I>N,0,0.9571934
train-pg_dms__transformer__seed42,MSH6,P43246:679:I>H,0,0.7388634
train-pg_dms__transformer__seed42,MSH6,P43246:679:I>K,1,0.99002004
train-pg_dms__transformer__seed42,MSH6,P43246:679:I>L,0,0.027083082
train-pg_dms__transformer__seed42,MSH6,P43246:679:I>M,0,0.15844083
train-pg_dms__transformer__seed42,MSH6,P43246:679:I>F,0,0.8341295
train-pg_dms__transformer__seed42,MSH6,P43246:680:R>S,0,0.8582531
train-pg_dms__transformer__seed42,MSH6,P43246:680:R>T,0,0.99349606
train-pg_dms__transformer__seed42,MSH6,P43246:680:R>V,0,0.98868775
train-pg_dms__transformer__seed42,MSH6,P43246:680:R>M,0,0.854409
train-pg_dms__transformer__seed42,MSH6,P43246:680:R>I,0,0.97517574
train-pg_dms__transformer__seed42,MSH6,P43246:680:R>K,0,0.9622006
train-pg_dms__transformer__seed42,MSH6,P43246:680:R>H,0,0.83506244
train-pg_dms__transformer__seed42,MSH6,P43246:680:R>W,0,0.959085
train-pg_dms__transformer__seed42,MSH6,P43246:680:R>F,0,0.9663965
train-pg_dms__transformer__seed42,MSH6,P43246:680:R>E,0,0.99051535
train-pg_dms__transformer__seed42,MSH6,P43246:680:R>G,0,0.96437067
train-pg_dms__transformer__seed42,MSH6,P43246:680:R>Y,0,0.947922
train-pg_dms__transformer__seed42,MSH6,P43246:680:R>A,0,0.94129527
train-pg_dms__transformer__seed42,MSH6,P43246:680:R>C,0,0.733228
train-pg_dms__transformer__seed42,MSH6,P43246:681:Q>D,0,0.99188316
train-pg_dms__transformer__seed42,MSH6,P43246:681:Q>E,0,0.123632446
train-pg_dms__transformer__seed42,MSH6,P43246:681:Q>F,0,0.889736
train-pg_dms__transformer__seed42,MSH6,P43246:681:Q>G,0,0.030011889
train-pg_dms__transformer__seed42,MSH6,P43246:681:Q>H,0,0.72867167
train-pg_dms__transformer__seed42,MSH6,P43246:681:Q>I,0,0.91352654
train-pg_dms__transformer__seed42,MSH6,P43246:681:Q>V,0,0.76960605
train-pg_dms__transformer__seed42,MSH6,P43246:681:Q>L,0,0.48876095
train-pg_dms__transformer__seed42,MSH6,P43246:681:Q>M,0,0.19322838
train-pg_dms__transformer__seed42,MSH6,P43246:681:Q>N,0,0.5004758
train-pg_dms__transformer__seed42,MSH6,P43246:681:Q>P,1,0.99098676
train-pg_dms__transformer__seed42,MSH6,P43246:681:Q>R,1,0.9786492
train-pg_dms__transformer__seed42,MSH6,P43246:681:Q>S,0,0.007975931
train-pg_dms__transformer__seed42,MSH6,P43246:681:Q>W,0,0.895477
train-pg_dms__transformer__seed42,MSH6,P43246:681:Q>T,0,0.027369933
train-pg_dms__transformer__seed42,MSH6,P43246:681:Q>K,0,0.96013385
train-pg_dms__transformer__seed42,MSH6,P43246:681:Q>A,0,0.016178947
train-pg_dms__transformer__seed42,MSH6,P43246:681:Q>C,0,0.36418366
train-pg_dms__transformer__seed42,MSH6,P43246:681:Q>Y,0,0.9054264
train-pg_dms__transformer__seed42,MSH6,P43246:688:M>W,1,0.90783393
train-pg_dms__transformer__seed42,MSH6,P43246:688:M>V,0,0.25727326
train-pg_dms__transformer__seed42,MSH6,P43246:688:M>T,0,0.6079227
train-pg_dms__transformer__seed42,MSH6,P43246:688:M>S,1,0.5085685
train-pg_dms__transformer__seed42,MSH6,P43246:688:M>Q,0,0.38648787
train-pg_dms__transformer__seed42,MSH6,P43246:688:M>L,0,0.043124825
train-pg_dms__transformer__seed42,MSH6,P43246:688:M>N,1,0.7445335
train-pg_dms__transformer__seed42,MSH6,P43246:688:M>Y,1,0.6043947
train-pg_dms__transformer__seed42,MSH6,P43246:688:M>K,1,0.8488279
train-pg_dms__transformer__seed42,MSH6,P43246:688:M>I,0,0.47870183
train-pg_dms__transformer__seed42,MSH6,P43246:688:M>G,1,0.7176719
train-pg_dms__transformer__seed42,MSH6,P43246:688:M>F,0,0.39053816
train-pg_dms__transformer__seed42,MSH6,P43246:688:M>E,1,0.81437635
train-pg_dms__transformer__seed42,MSH6,P43246:688:M>D,1,0.93371785
train-pg_dms__transformer__seed42,MSH6,P43246:688:M>C,0,0.29781184
train-pg_dms__transformer__seed42,MSH6,P43246:688:M>A,0,0.5055466
train-pg_dms__transformer__seed42,MSH6,P43246:688:M>P,1,0.94500613
train-pg_dms__transformer__seed42,MSH6,P43246:688:M>H,1,0.6965699
train-pg_dms__transformer__seed42,MSH6,P43246:691:I>V,0,0.014281123
train-pg_dms__transformer__seed42,MSH6,P43246:691:I>P,1,0.94575024
train-pg_dms__transformer__seed42,MSH6,P43246:691:I>N,0,0.36990073
train-pg_dms__transformer__seed42,MSH6,P43246:691:I>R,1,0.8220517
train-pg_dms__transformer__seed42,MSH6,P43246:691:I>A,0,0.010742046
train-pg_dms__transformer__seed42,MSH6,P43246:691:I>C,0,0.021180145
train-pg_dms__transformer__seed42,MSH6,P43246:691:I>T,0,0.025963359
train-pg_dms__transformer__seed42,MSH6,P43246:691:I>E,1,0.79017085
train-pg_dms__transformer__seed42,MSH6,P43246:691:I>G,1,0.34856638
train-pg_dms__transformer__seed42,MSH6,P43246:691:I>H,1,0.49160677
train-pg_dms__transformer__seed42,MSH6,P43246:691:I>K,1,0.8567051
train-pg_dms__transformer__seed42,MSH6,P43246:691:I>Y,0,0.4291546
train-pg_dms__transformer__seed42,MSH6,P43246:691:I>W,0,0.74519235
train-pg_dms__transformer__seed42,MSH6,P43246:691:I>F,0,0.08292263
train-pg_dms__transformer__seed42,MSH6,P43246:691:I>M,0,0.07598242
train-pg_dms__transformer__seed42,MSH6,P43246:691:I>L,0,0.009366667
train-pg_dms__transformer__seed42,MSH6,P43246:692:G>L,1,0.975748
train-pg_dms__transformer__seed42,MSH6,P43246:692:G>S,1,0.7063784
train-pg_dms__transformer__seed42,MSH6,P43246:692:G>T,1,0.8173728
train-pg_dms__transformer__seed42,MSH6,P43246:692:G>Y,1,0.9420828
train-pg_dms__transformer__seed42,MSH6,P43246:692:G>N,1,0.96609294
train-pg_dms__transformer__seed42,MSH6,P43246:692:G>M,1,0.8398009
train-pg_dms__transformer__seed42,MSH6,P43246:692:G>Q,1,0.9294904
train-pg_dms__transformer__seed42,MSH6,P43246:692:G>K,1,0.9697309
train-pg_dms__transformer__seed42,MSH6,P43246:692:G>I,1,0.9810462
train-pg_dms__transformer__seed42,MSH6,P43246:692:G>H,1,0.93374354
train-pg_dms__transformer__seed42,MSH6,P43246:692:G>P,1,0.9831213
train-pg_dms__transformer__seed42,MSH6,P43246:692:G>A,1,0.7039789
train-pg_dms__transformer__seed42,MSH6,P43246:692:G>C,1,0.7685004
train-pg_dms__transformer__seed42,MSH6,P43246:692:G>D,1,0.95699835
train-pg_dms__transformer__seed42,MSH6,P43246:692:G>E,1,0.9593291
train-pg_dms__transformer__seed42,MSH6,P43246:692:G>F,1,0.94201046
train-pg_dms__transformer__seed42,MSH6,P43246:696:P>E,1,0.9849177
train-pg_dms__transformer__seed42,MSH6,P43246:696:P>F,1,0.9312035
train-pg_dms__transformer__seed42,MSH6,P43246:696:P>G,0,0.94394606
train-pg_dms__transformer__seed42,MSH6,P43246:696:P>H,1,0.92881435
train-pg_dms__transformer__seed42,MSH6,P43246:696:P>I,1,0.9853983
train-pg_dms__transformer__seed42,MSH6,P43246:696:P>K,1,0.99307406
train-pg_dms__transformer__seed42,MSH6,P43246:696:P>M,1,0.8704079
train-pg_dms__transformer__seed42,MSH6,P43246:696:P>Q,1,0.84897465
train-pg_dms__transformer__seed42,MSH6,P43246:696:P>R,1,0.97998476
train-pg_dms__transformer__seed42,MSH6,P43246:696:P>D,1,0.99516064
train-pg_dms__transformer__seed42,MSH6,P43246:696:P>T,1,0.86607784
train-pg_dms__transformer__seed42,MSH6,P43246:696:P>V,1,0.9516923
train-pg_dms__transformer__seed42,MSH6,P43246:696:P>W,1,0.94383115
train-pg_dms__transformer__seed42,MSH6,P43246:696:P>Y,1,0.94890237
train-pg_dms__transformer__seed42,MSH6,P43246:700:A>Q,1,0.79280275
train-pg_dms__transformer__seed42,MSH6,P43246:700:A>P,0,0.98269063
train-pg_dms__transformer__seed42,MSH6,P43246:700:A>N,1,0.8431463
train-pg_dms__transformer__seed42,MSH6,P43246:700:A>K,1,0.9552796
train-pg_dms__transformer__seed42,MSH6,P43246:700:A>L,0,0.6025768
train-pg_dms__transformer__seed42,MSH6,P43246:700:A>R,1,0.9734225
train-pg_dms__transformer__seed42,MSH6,P43246:700:A>M,0,0.5286526
train-pg_dms__transformer__seed42,MSH6,P43246:700:A>S,0,0.009370945
train-pg_dms__transformer__seed42,MSH6,P43246:700:A>F,1,0.9621177
train-pg_dms__transformer__seed42,MSH6,P43246:700:A>V,0,0.16761258
train-pg_dms__transformer__seed42,MSH6,P43246:700:A>W,1,0.91052306
train-pg_dms__transformer__seed42,MSH6,P43246:700:A>Y,1,0.83784676
train-pg_dms__transformer__seed42,MSH6,P43246:700:A>D,1,0.9903984
train-pg_dms__transformer__seed42,MSH6,P43246:700:A>C,0,0.024480287
train-pg_dms__transformer__seed42,MSH6,P43246:700:A>H,1,0.73339915
train-pg_dms__transformer__seed42,MSH6,P43246:700:A>T,0,0.17454591
train-pg_dms__transformer__seed42,MSH6,P43246:700:A>I,0,0.8674003
train-pg_dms__transformer__seed42,MSH6,P43246:703:S>I,1,0.40118983
train-pg_dms__transformer__seed42,MSH6,P43246:703:S>G,0,0.036750533
train-pg_dms__transformer__seed42,MSH6,P43246:703:S>E,0,0.5981263
train-pg_dms__transformer__seed42,MSH6,P43246:703:S>C,0,0.012617539
train-pg_dms__transformer__seed42,MSH6,P43246:703:S>A,0,0.027740067
train-pg_dms__transformer__seed42,MSH6,P43246:703:S>N,0,0.08962488
train-pg_dms__transformer__seed42,MSH6,P43246:703:S>M,0,0.1691487
train-pg_dms__transformer__seed42,MSH6,P43246:703:S>P,0,0.17452006
train-pg_dms__transformer__seed42,MSH6,P43246:703:S>Q,0,0.42764932
train-pg_dms__transformer__seed42,MSH6,P43246:703:S>R,0,0.6661796
train-pg_dms__transformer__seed42,MSH6,P43246:703:S>T,0,0.025137553
train-pg_dms__transformer__seed42,MSH6,P43246:703:S>V,0,0.14677803
train-pg_dms__transformer__seed42,MSH6,P43246:703:S>L,0,0.051529974
train-pg_dms__transformer__seed42,MSH6,P43246:703:S>W,1,0.6318345
train-pg_dms__transformer__seed42,MSH6,P43246:703:S>K,0,0.6203305
train-pg_dms__transformer__seed42,MSH6,P43246:713:G>I,0,0.18182787
train-pg_dms__transformer__seed42,MSH6,P43246:713:G>V,0,0.21027963
train-pg_dms__transformer__seed42,MSH6,P43246:713:G>T,0,0.21811666
train-pg_dms__transformer__seed42,MSH6,P43246:713:G>S,0,0.068795815
train-pg_dms__transformer__seed42,MSH6,P43246:713:G>R,0,0.15924281
train-pg_dms__transformer__seed42,MSH6,P43246:713:G>P,0,0.5662297
train-pg_dms__transformer__seed42,MSH6,P43246:713:G>N,0,0.13602431
train-pg_dms__transformer__seed42,MSH6,P43246:713:G>M,0,0.3288333
train-pg_dms__transformer__seed42,MSH6,P43246:713:G>L,0,0.13716605
train-pg_dms__transformer__seed42,MSH6,P43246:713:G>A,0,0.09876342
train-pg_dms__transformer__seed42,MSH6,P43246:713:G>C,0,0.046826087
train-pg_dms__transformer__seed42,MSH6,P43246:713:G>D,0,0.35710368
train-pg_dms__transformer__seed42,MSH6,P43246:713:G>E,0,0.19063222
train-pg_dms__transformer__seed42,MSH6,P43246:713:G>F,0,0.07425003
train-pg_dms__transformer__seed42,MSH6,P43246:713:G>H,0,0.15047151
train-pg_dms__transformer__seed42,MSH6,P43246:713:G>K,0,0.13056086
train-pg_dms__transformer__seed42,MSH6,P43246:713:G>Y,0,0.14938585
train-pg_dms__transformer__seed42,MSH6,P43246:713:G>Q,0,0.11239362
train-pg_dms__transformer__seed42,MSH6,P43246:719:L>Y,0,0.0507324
train-pg_dms__transformer__seed42,MSH6,P43246:719:L>W,0,0.34237507
train-pg_dms__transformer__seed42,MSH6,P43246:719:L>V,0,0.024937905
train-pg_dms__transformer__seed42,MSH6,P43246:719:L>T,0,0.0713787
train-pg_dms__transformer__seed42,MSH6,P43246:719:L>F,0,0.028483257
train-pg_dms__transformer__seed42,MSH6,P43246:719:L>E,0,0.15971297
train-pg_dms__transformer__seed42,MSH6,P43246:719:L>S,0,0.0564466
train-pg_dms__transformer__seed42,MSH6,P43246:719:L>C,0,0.031798325
train-pg_dms__transformer__seed42,MSH6,P43246:719:L>G,0,0.09387898
train-pg_dms__transformer__seed42,MSH6,P43246:719:L>I,0,0.019912714
train-pg_dms__transformer__seed42,MSH6,P43246:719:L>D,0,0.39004725
train-pg_dms__transformer__seed42,MSH6,P43246:719:L>M,0,0.029509662
train-pg_dms__transformer__seed42,MSH6,P43246:719:L>K,0,0.17638728
train-pg_dms__transformer__seed42,MSH6,P43246:719:L>P,0,0.437965
train-pg_dms__transformer__seed42,MSH6,P43246:719:L>N,0,0.07221974
train-pg_dms__transformer__seed42,MSH6,P43246:719:L>A,0,0.058869116
train-pg_dms__transformer__seed42,MSH6,P43246:719:L>R,0,0.118827574
train-pg_dms__transformer__seed42,MSH6,P43246:719:L>Q,0,0.013432935
train-pg_dms__transformer__seed42,MSH6,P43246:719:L>H,0,0.08126166
train-pg_dms__transformer__seed42,MSH6,P43246:720:K>C,0,0.01181537
train-pg_dms__transformer__seed42,MSH6,P43246:720:K>W,0,0.35289508
train-pg_dms__transformer__seed42,MSH6,P43246:720:K>V,0,0.05033736
train-pg_dms__transformer__seed42,MSH6,P43246:720:K>E,0,0.18649268
train-pg_dms__transformer__seed42,MSH6,P43246:720:K>F,0,0.032262255
train-pg_dms__transformer__seed42,MSH6,P43246:720:K>G,0,0.018573472
train-pg_dms__transformer__seed42,MSH6,P43246:720:K>H,0,0.01618026
train-pg_dms__transformer__seed42,MSH6,P43246:720:K>I,0,0.08408222
train-pg_dms__transformer__seed42,MSH6,P43246:720:K>L,0,0.033446983
train-pg_dms__transformer__seed42,MSH6,P43246:720:K>A,0,0.043666214
train-pg_dms__transformer__seed42,MSH6,P43246:720:K>D,0,0.21675058
train-pg_dms__transformer__seed42,MSH6,P43246:720:K>P,0,0.39288032
train-pg_dms__transformer__seed42,MSH6,P43246:720:K>N,0,0.03481405
train-pg_dms__transformer__seed42,MSH6,P43246:720:K>Y,0,0.039270468
train-pg_dms__transformer__seed42,MSH6,P43246:720:K>S,0,0.026638737
train-pg_dms__transformer__seed42,MSH6,P43246:720:K>T,0,0.047783226
train-pg_dms__transformer__seed42,MSH6,P43246:720:K>R,0,0.002069485
train-pg_dms__transformer__seed42,MSH6,P43246:720:K>M,0,0.156075
train-pg_dms__transformer__seed42,MSH6,P43246:720:K>Q,0,0.00138141
train-pg_dms__transformer__seed42,MSH6,P43246:726:M>A,0,0.34810153
train-pg_dms__transformer__seed42,MSH6,P43246:726:M>W,0,0.71568525
train-pg_dms__transformer__seed42,MSH6,P43246:726:M>Y,1,0.23512554
train-pg_dms__transformer__seed42,MSH6,P43246:726:M>Q,0,0.1483951
train-pg_dms__transformer__seed42,MSH6,P43246:726:M>P,1,0.7699767
train-pg_dms__transformer__seed42,MSH6,P43246:726:M>E,0,0.39702877
train-pg_dms__transformer__seed42,MSH6,P43246:726:M>F,1,0.26050532
train-pg_dms__transformer__seed42,MSH6,P43246:726:M>G,0,0.3029666
train-pg_dms__transformer__seed42,MSH6,P43246:726:M>H,0,0.32376692
train-pg_dms__transformer__seed42,MSH6,P43246:726:M>K,0,0.40497828
train-pg_dms__transformer__seed42,MSH6,P43246:726:M>N,0,0.34829104
train-pg_dms__transformer__seed42,MSH6,P43246:726:M>S,0,0.28872404
train-pg_dms__transformer__seed42,MSH6,P43246:726:M>R,0,0.607917
train-pg_dms__transformer__seed42,MSH6,P43246:726:M>C,0,0.093412496
train-pg_dms__transformer__seed42,MSH6,P43246:726:M>D,0,0.6179686
train-pg_dms__transformer__seed42,MSH6,P43246:739:A>F,0,0.8989244
train-pg_dms__transformer__seed42,MSH6,P43246:739:A>L,0,0.8029343
train-pg_dms__transformer__seed42,MSH6,P43246:739:A>Y,1,0.83169675
train-pg_dms__transformer__seed42,MSH6,P43246:739:A>W,1,0.92513084
train-pg_dms__transformer__seed42,MSH6,P43246:739:A>R,1,0.9295758
train-pg_dms__transformer__seed42,MSH6,P43246:739:A>P,0,0.9618871
train-pg_dms__transformer__seed42,MSH6,P43246:739:A>N,1,0.8621503
train-pg_dms__transformer__seed42,MSH6,P43246:739:A>M,0,0.7502152
train-pg_dms__transformer__seed42,MSH6,P43246:739:A>K,1,0.88887966
train-pg_dms__transformer__seed42,MSH6,P43246:739:A>I,0,0.9013032
train-pg_dms__transformer__seed42,MSH6,P43246:739:A>H,1,0.6622203
train-pg_dms__transformer__seed42,MSH6,P43246:739:A>G,0,0.015711075
train-pg_dms__transformer__seed42,MSH6,P43246:739:A>E,1,0.8587134
train-pg_dms__transformer__seed42,MSH6,P43246:739:A>D,1,0.96551627
train-pg_dms__transformer__seed42,MSH6,P43246:739:A>S,0,0.010637385
train-pg_dms__transformer__seed42,MSH6,P43246:741:K>Y,0,0.0116584925
train-pg_dms__transformer__seed42,MSH6,P43246:741:K>T,0,0.004534032
train-pg_dms__transformer__seed42,MSH6,P43246:741:K>S,0,0.0012806333
train-pg_dms__transformer__seed42,MSH6,P43246:741:K>R,0,0.0069613424
train-pg_dms__transformer__seed42,MSH6,P43246:741:K>N,0,0.0018660191
train-pg_dms__transformer__seed42,MSH6,P43246:741:K>V,0,0.0027380784
train-pg_dms__transformer__seed42,MSH6,P43246:741:K>W,0,0.07955736
train-pg_dms__transformer__seed42,MSH6,P43246:741:K>A,0,0.0016818717
train-pg_dms__transformer__seed42,MSH6,P43246:741:K>M,0,0.026053183
train-pg_dms__transformer__seed42,MSH6,P43246:741:K>G,0,0.0009763304
train-pg_dms__transformer__seed42,MSH6,P43246:741:K>H,0,0.00268925
train-pg_dms__transformer__seed42,MSH6,P43246:741:K>I,0,0.0037764327
train-pg_dms__transformer__seed42,MSH6,P43246:741:K>L,0,0.006936335
train-pg_dms__transformer__seed42,MSH6,P43246:741:K>F,0,0.026926786
train-pg_dms__transformer__seed42,MSH6,P43246:741:K>D,0,0.013325618
train-pg_dms__transformer__seed42,MSH6,P43246:741:K>P,0,0.01597131
train-pg_dms__transformer__seed42,MSH6,P43246:741:K>E,0,0.0016577622
train-pg_dms__transformer__seed42,MSH6,P43246:741:K>C,0,0.0017144302
train-pg_dms__transformer__seed42,MSH6,P43246:741:K>Q,0,0.00059656135
train-pg_dms__transformer__seed42,MSH6,P43246:742:D>V,0,0.032163605
train-pg_dms__transformer__seed42,MSH6,P43246:742:D>C,0,0.013882103
train-pg_dms__transformer__seed42,MSH6,P43246:742:D>W,0,0.4617996
train-pg_dms__transformer__seed42,MSH6,P43246:742:D>S,0,0.0034302054
train-pg_dms__transformer__seed42,MSH6,P43246:742:D>R,0,0.06414942
train-pg_dms__transformer__seed42,MSH6,P43246:742:D>Q,0,0.0065867724
train-pg_dms__transformer__seed42,MSH6,P43246:742:D>P,0,0.83210236
train-pg_dms__transformer__seed42,MSH6,P43246:742:D>N,0,0.008781288
train-pg_dms__transformer__seed42,MSH6,P43246:742:D>T,0,0.026106825
train-pg_dms__transformer__seed42,MSH6,P43246:742:D>L,0,0.05239806
train-pg_dms__transformer__seed42,MSH6,P43246:742:D>K,0,0.054579273
train-pg_dms__transformer__seed42,MSH6,P43246:742:D>I,0,0.10070509
train-pg_dms__transformer__seed42,MSH6,P43246:742:D>G,0,0.0038225893
train-pg_dms__transformer__seed42,MSH6,P43246:742:D>F,0,0.057912316
train-pg_dms__transformer__seed42,MSH6,P43246:742:D>E,0,0.0070365923
train-pg_dms__transformer__seed42,MSH6,P43246:742:D>A,0,0.0073585873
train-pg_dms__transformer__seed42,MSH6,P43246:742:D>M,0,0.27349854
train-pg_dms__transformer__seed42,MSH6,P43246:743:S>M,1,0.5984553
train-pg_dms__transformer__seed42,MSH6,P43246:743:S>K,1,0.68387157
train-pg_dms__transformer__seed42,MSH6,P43246:743:S>E,1,0.6457855
train-pg_dms__transformer__seed42,MSH6,P43246:743:S>F,1,0.71759236
train-pg_dms__transformer__seed42,MSH6,P43246:743:S>G,0,0.29085782
train-pg_dms__transformer__seed42,MSH6,P43246:743:S>H,0,0.5369153
train-pg_dms__transformer__seed42,MSH6,P43246:743:S>I,1,0.7778571
train-pg_dms__transformer__seed42,MSH6,P43246:743:S>L,1,0.5421563
train-pg_dms__transformer__seed42,MSH6,P43246:743:S>N,0,0.6899247
train-pg_dms__transformer__seed42,MSH6,P43246:743:S>P,1,0.9096008
train-pg_dms__transformer__seed42,MSH6,P43246:743:S>Q,1,0.54344237
train-pg_dms__transformer__seed42,MSH6,P43246:743:S>R,1,0.737435
train-pg_dms__transformer__seed42,MSH6,P43246:743:S>T,0,0.1500793
train-pg_dms__transformer__seed42,MSH6,P43246:743:S>V,1,0.7141378
train-pg_dms__transformer__seed42,MSH6,P43246:743:S>W,1,0.8334297
train-pg_dms__transformer__seed42,MSH6,P43246:743:S>Y,0,0.6600344
train-pg_dms__transformer__seed42,MSH6,P43246:743:S>C,0,0.11357929
train-pg_dms__transformer__seed42,MSH6,P43246:743:S>A,0,0.20167358
train-pg_dms__transformer__seed42,MSH6,P43246:744:L>V,0,0.034021925
train-pg_dms__transformer__seed42,MSH6,P43246:744:L>W,1,0.8623078
train-pg_dms__transformer__seed42,MSH6,P43246:744:L>C,0,0.17580228
train-pg_dms__transformer__seed42,MSH6,P43246:744:L>A,1,0.63224167
train-pg_dms__transformer__seed42,MSH6,P43246:744:L>T,1,0.6492981
train-pg_dms__transformer__seed42,MSH6,P43246:744:L>S,1,0.48036703
train-pg_dms__transformer__seed42,MSH6,P43246:744:L>R,1,0.9633771
train-pg_dms__transformer__seed42,MSH6,P43246:744:L>Q,1,0.89826334
train-pg_dms__transformer__seed42,MSH6,P43246:744:L>Y,0,0.6624114
train-pg_dms__transformer__seed42,MSH6,P43246:744:L>N,1,0.9740685
train-pg_dms__transformer__seed42,MSH6,P43246:744:L>M,0,0.09650268
train-pg_dms__transformer__seed42,MSH6,P43246:744:L>P,1,0.98875797
train-pg_dms__transformer__seed42,MSH6,P43246:744:L>I,0,0.051365554
train-pg_dms__transformer__seed42,MSH6,P43246:744:L>H,1,0.8293629
train-pg_dms__transformer__seed42,MSH6,P43246:744:L>G,1,0.9386234
train-pg_dms__transformer__seed42,MSH6,P43246:744:L>F,0,0.024299582
train-pg_dms__transformer__seed42,MSH6,P43246:744:L>E,1,0.9712163
train-pg_dms__transformer__seed42,MSH6,P43246:744:L>D,1,0.9835861
train-pg_dms__transformer__seed42,MSH6,P43246:744:L>K,1,0.9775619
train-pg_dms__transformer__seed42,MSH6,P43246:748:D>F,1,0.90976745
train-pg_dms__transformer__seed42,MSH6,P43246:748:D>G,1,0.9259946
train-pg_dms__transformer__seed42,MSH6,P43246:748:D>I,1,0.9734605
train-pg_dms__transformer__seed42,MSH6,P43246:748:D>K,1,0.9844839
train-pg_dms__transformer__seed42,MSH6,P43246:748:D>L,1,0.9512778
train-pg_dms__transformer__seed42,MSH6,P43246:748:D>E,0,0.9825612
train-pg_dms__transformer__seed42,MSH6,P43246:748:D>M,1,0.87252635
train-pg_dms__transformer__seed42,MSH6,P43246:748:D>P,1,0.9950406
train-pg_dms__transformer__seed42,MSH6,P43246:748:D>Q,1,0.930207
train-pg_dms__transformer__seed42,MSH6,P43246:748:D>R,1,0.9773176
train-pg_dms__transformer__seed42,MSH6,P43246:748:D>S,0,0.65250987
train-pg_dms__transformer__seed42,MSH6,P43246:748:D>T,1,0.87488306
train-pg_dms__transformer__seed42,MSH6,P43246:748:D>W,1,0.93392897
train-pg_dms__transformer__seed42,MSH6,P43246:748:D>Y,1,0.9589514
train-pg_dms__transformer__seed42,MSH6,P43246:748:D>C,0,0.59886134
train-pg_dms__transformer__seed42,MSH6,P43246:748:D>A,1,0.80977464
train-pg_dms__transformer__seed42,MSH6,P43246:753:G>Q,1,0.41391367
train-pg_dms__transformer__seed42,MSH6,P43246:753:G>R,1,0.6786885
train-pg_dms__transformer__seed42,MSH6,P43246:753:G>S,0,0.4482914
train-pg_dms__transformer__seed42,MSH6,P43246:753:G>P,1,0.89864755
train-pg_dms__transformer__seed42,MSH6,P43246:753:G>N,0,0.62906134
train-pg_dms__transformer__seed42,MSH6,P43246:753:G>M,1,0.6331293
train-pg_dms__transformer__seed42,MSH6,P43246:753:G>L,1,0.6869779
train-pg_dms__transformer__seed42,MSH6,P43246:753:G>K,1,0.77727723
train-pg_dms__transformer__seed42,MSH6,P43246:753:G>F,0,0.4697093
train-pg_dms__transformer__seed42,MSH6,P43246:753:G>E,1,0.6408312
train-pg_dms__transformer__seed42,MSH6,P43246:753:G>D,0,0.8798276
train-pg_dms__transformer__seed42,MSH6,P43246:753:G>C,0,0.23247313
train-pg_dms__transformer__seed42,MSH6,P43246:753:G>A,0,0.3992304
train-pg_dms__transformer__seed42,MSH6,P43246:753:G>W,1,0.80094296
train-pg_dms__transformer__seed42,MSH6,P43246:753:G>Y,1,0.7577912
train-pg_dms__transformer__seed42,MSH6,P43246:753:G>I,1,0.7865042
train-pg_dms__transformer__seed42,MSH6,P43246:753:G>T,0,0.5376542
train-pg_dms__transformer__seed42,MSH6,P43246:763:A>N,0,0.9629332
train-pg_dms__transformer__seed42,MSH6,P43246:763:A>S,0,0.06982231
train-pg_dms__transformer__seed42,MSH6,P43246:763:A>R,1,0.99090403
train-pg_dms__transformer__seed42,MSH6,P43246:763:A>Q,0,0.93299496
train-pg_dms__transformer__seed42,MSH6,P43246:763:A>Y,0,0.9818649
train-pg_dms__transformer__seed42,MSH6,P43246:763:A>W,1,0.9788255
train-pg_dms__transformer__seed42,MSH6,P43246:763:A>M,0,0.9368888
train-pg_dms__transformer__seed42,MSH6,P43246:763:A>L,0,0.9608666
train-pg_dms__transformer__seed42,MSH6,P43246:763:A>K,1,0.9837226
train-pg_dms__transformer__seed42,MSH6,P43246:763:A>I,0,0.97596836
train-pg_dms__transformer__seed42,MSH6,P43246:763:A>H,1,0.90276927
train-pg_dms__transformer__seed42,MSH6,P43246:763:A>G,0,0.87516207
train-pg_dms__transformer__seed42,MSH6,P43246:763:A>F,0,0.9824363
train-pg_dms__transformer__seed42,MSH6,P43246:763:A>E,1,0.9720496
train-pg_dms__transformer__seed42,MSH6,P43246:763:A>D,0,0.99722666
train-pg_dms__transformer__seed42,MSH6,P43246:763:A>C,0,0.74343306
train-pg_dms__transformer__seed42,MSH6,P43246:763:A>V,0,0.96428096
train-pg_dms__transformer__seed42,MSH6,P43246:763:A>T,0,0.9711297
train-pg_dms__transformer__seed42,MSH6,P43246:771:A>M,0,0.4667312
train-pg_dms__transformer__seed42,MSH6,P43246:771:A>N,0,0.8546269
train-pg_dms__transformer__seed42,MSH6,P43246:771:A>P,0,0.98920596
train-pg_dms__transformer__seed42,MSH6,P43246:771:A>Q,0,0.7701165
train-pg_dms__transformer__seed42,MSH6,P43246:771:A>R,0,0.97168666
train-pg_dms__transformer__seed42,MSH6,P43246:771:A>S,0,0.006803322
train-pg_dms__transformer__seed42,MSH6,P43246:771:A>V,0,0.04417528
train-pg_dms__transformer__seed42,MSH6,P43246:771:A>W,0,0.95317185
train-pg_dms__transformer__seed42,MSH6,P43246:771:A>Y,0,0.96834713
train-pg_dms__transformer__seed42,MSH6,P43246:771:A>C,0,0.019348618
train-pg_dms__transformer__seed42,MSH6,P43246:771:A>D,0,0.99166685
train-pg_dms__transformer__seed42,MSH6,P43246:771:A>F,0,0.94258726
train-pg_dms__transformer__seed42,MSH6,P43246:771:A>G,0,0.024661116
train-pg_dms__transformer__seed42,MSH6,P43246:771:A>H,0,0.80518484
train-pg_dms__transformer__seed42,MSH6,P43246:771:A>I,0,0.37112966
train-pg_dms__transformer__seed42,MSH6,P43246:771:A>L,0,0.49856302
train-pg_dms__transformer__seed42,MSH6,P43246:773:K>A,0,0.008132967
train-pg_dms__transformer__seed42,MSH6,P43246:773:K>C,0,0.0058188806
train-pg_dms__transformer__seed42,MSH6,P43246:773:K>D,0,0.051991586
train-pg_dms__transformer__seed42,MSH6,P43246:773:K>F,0,0.056795113
train-pg_dms__transformer__seed42,MSH6,P43246:773:K>G,0,0.0030205587
train-pg_dms__transformer__seed42,MSH6,P43246:773:K>H,0,0.004932744
train-pg_dms__transformer__seed42,MSH6,P43246:773:K>I,0,0.029702676
train-pg_dms__transformer__seed42,MSH6,P43246:773:K>L,0,0.030213853
train-pg_dms__transformer__seed42,MSH6,P43246:773:K>M,0,0.06314168
train-pg_dms__transformer__seed42,MSH6,P43246:773:K>P,0,0.52747405
train-pg_dms__transformer__seed42,MSH6,P43246:773:K>Q,0,0.0014292015
train-pg_dms__transformer__seed42,MSH6,P43246:773:K>R,0,0.0058764145
train-pg_dms__transformer__seed42,MSH6,P43246:773:K>S,0,0.0023883623
train-pg_dms__transformer__seed42,MSH6,P43246:773:K>T,0,0.0068081343
train-pg_dms__transformer__seed42,MSH6,P43246:773:K>W,0,0.4369669
train-pg_dms__transformer__seed42,MSH6,P43246:773:K>Y,0,0.017845046
train-pg_dms__transformer__seed42,MSH6,P43246:773:K>V,0,0.0075241397
train-pg_dms__transformer__seed42,MSH6,P43246:785:H>M,0,0.4554612
train-pg_dms__transformer__seed42,MSH6,P43246:785:H>L,0,0.40419865
train-pg_dms__transformer__seed42,MSH6,P43246:785:H>D,0,0.6058205
train-pg_dms__transformer__seed42,MSH6,P43246:785:H>R,0,0.49015513
train-pg_dms__transformer__seed42,MSH6,P43246:785:H>Y,0,0.2698593
train-pg_dms__transformer__seed42,MSH6,P43246:785:H>Q,0,0.16326545
train-pg_dms__transformer__seed42,MSH6,P43246:785:H>S,1,0.2960928
train-pg_dms__transformer__seed42,MSH6,P43246:785:H>T,0,0.3980353
train-pg_dms__transformer__seed42,MSH6,P43246:785:H>V,0,0.4679929
train-pg_dms__transformer__seed42,MSH6,P43246:785:H>A,0,0.33422863
train-pg_dms__transformer__seed42,MSH6,P43246:785:H>C,1,0.15762694
train-pg_dms__transformer__seed42,MSH6,P43246:785:H>N,0,0.45078048
train-pg_dms__transformer__seed42,MSH6,P43246:785:H>P,0,0.46414456
train-pg_dms__transformer__seed42,MSH6,P43246:785:H>E,0,0.5009057
train-pg_dms__transformer__seed42,MSH6,P43246:785:H>F,0,0.3273374
train-pg_dms__transformer__seed42,MSH6,P43246:785:H>G,0,0.4153621
train-pg_dms__transformer__seed42,MSH6,P43246:785:H>I,0,0.55888003
train-pg_dms__transformer__seed42,MSH6,P43246:785:H>K,0,0.5139472
train-pg_dms__transformer__seed42,MSH6,P43246:785:H>W,0,0.58895487
train-pg_dms__transformer__seed42,MSH6,P43246:786:E>Y,1,0.14838098
train-pg_dms__transformer__seed42,MSH6,P43246:786:E>W,1,0.56999266
train-pg_dms__transformer__seed42,MSH6,P43246:786:E>V,0,0.2740256
train-pg_dms__transformer__seed42,MSH6,P43246:786:E>T,0,0.22863214
train-pg_dms__transformer__seed42,MSH6,P43246:786:E>S,0,0.11385994
train-pg_dms__transformer__seed42,MSH6,P43246:786:E>R,0,0.36021766
train-pg_dms__transformer__seed42,MSH6,P43246:786:E>Q,0,0.050134975
train-pg_dms__transformer__seed42,MSH6,P43246:786:E>P,0,0.58722204
train-pg_dms__transformer__seed42,MSH6,P43246:786:E>L,0,0.1999766
train-pg_dms__transformer__seed42,MSH6,P43246:786:E>A,0,0.15879987
train-pg_dms__transformer__seed42,MSH6,P43246:786:E>I,0,0.31763405
train-pg_dms__transformer__seed42,MSH6,P43246:786:E>H,0,0.23311293
train-pg_dms__transformer__seed42,MSH6,P43246:786:E>G,0,0.17694837
train-pg_dms__transformer__seed42,MSH6,P43246:786:E>F,0,0.14103545
train-pg_dms__transformer__seed42,MSH6,P43246:786:E>C,0,0.06164639
train-pg_dms__transformer__seed42,MSH6,P43246:786:E>D,0,0.43740207
train-pg_dms__transformer__seed42,MSH6,P43246:786:E>N,0,0.20659946
train-pg_dms__transformer__seed42,MSH6,P43246:786:E>M,0,0.29435983
train-pg_dms__transformer__seed42,MSH6,P43246:791:A>N,0,0.06157614
train-pg_dms__transformer__seed42,MSH6,P43246:791:A>Y,0,0.22401078
train-pg_dms__transformer__seed42,MSH6,P43246:791:A>W,0,0.68801755
train-pg_dms__transformer__seed42,MSH6,P43246:791:A>R,0,0.19675055
train-pg_dms__transformer__seed42,MSH6,P43246:791:A>C,0,0.02104663
train-pg_dms__transformer__seed42,MSH6,P43246:791:A>Q,0,0.01641437
train-pg_dms__transformer__seed42,MSH6,P43246:791:A>D,0,0.10399263
train-pg_dms__transformer__seed42,MSH6,P43246:791:A>F,0,0.2425705
train-pg_dms__transformer__seed42,MSH6,P43246:791:A>G,0,0.0142437145
train-pg_dms__transformer__seed42,MSH6,P43246:791:A>H,0,0.107587054
train-pg_dms__transformer__seed42,MSH6,P43246:791:A>I,0,0.19238335
train-pg_dms__transformer__seed42,MSH6,P43246:791:A>K,0,0.15265542
train-pg_dms__transformer__seed42,MSH6,P43246:791:A>L,0,0.115137435
train-pg_dms__transformer__seed42,MSH6,P43246:791:A>M,1,0.2483619
train-pg_dms__transformer__seed42,MSH6,P43246:791:A>E,0,0.024834208
train-pg_dms__transformer__seed42,MSH6,P43246:794:I>C,0,0.021698793
train-pg_dms__transformer__seed42,MSH6,P43246:794:I>V,0,0.046973854
train-pg_dms__transformer__seed42,MSH6,P43246:794:I>T,0,0.054783024
train-pg_dms__transformer__seed42,MSH6,P43246:794:I>S,0,0.020268895
train-pg_dms__transformer__seed42,MSH6,P43246:794:I>R,0,0.08109365
train-pg_dms__transformer__seed42,MSH6,P43246:794:I>Q,0,0.029139545
train-pg_dms__transformer__seed42,MSH6,P43246:794:I>P,1,0.6577802
train-pg_dms__transformer__seed42,MSH6,P43246:794:I>N,0,0.06131024
train-pg_dms__transformer__seed42,MSH6,P43246:794:I>M,1,0.07773653
train-pg_dms__transformer__seed42,MSH6,P43246:794:I>A,0,0.05913946
train-pg_dms__transformer__seed42,MSH6,P43246:794:I>L,0,0.027320165
train-pg_dms__transformer__seed42,MSH6,P43246:794:I>H,0,0.07556657
train-pg_dms__transformer__seed42,MSH6,P43246:794:I>G,0,0.27271706
train-pg_dms__transformer__seed42,MSH6,P43246:794:I>F,0,0.015570718
train-pg_dms__transformer__seed42,MSH6,P43246:794:I>E,0,0.10864146
train-pg_dms__transformer__seed42,MSH6,P43246:794:I>D,0,0.2963846
train-pg_dms__transformer__seed42,MSH6,P43246:794:I>Y,0,0.044930864
train-pg_dms__transformer__seed42,MSH6,P43246:794:I>W,0,0.43424845
train-pg_dms__transformer__seed42,MSH6,P43246:799:N>Y,0,0.2549372
train-pg_dms__transformer__seed42,MSH6,P43246:799:N>W,0,0.71468186
train-pg_dms__transformer__seed42,MSH6,P43246:799:N>V,0,0.29513702
train-pg_dms__transformer__seed42,MSH6,P43246:799:N>T,0,0.214254
train-pg_dms__transformer__seed42,MSH6,P43246:799:N>R,0,0.7044922
train-pg_dms__transformer__seed42,MSH6,P43246:799:N>Q,0,0.24579552
train-pg_dms__transformer__seed42,MSH6,P43246:799:N>P,0,0.70027477
train-pg_dms__transformer__seed42,MSH6,P43246:799:N>M,1,0.32366285
train-pg_dms__transformer__seed42,MSH6,P43246:799:N>L,0,0.20617042
train-pg_dms__transformer__seed42,MSH6,P43246:799:N>C,0,0.06486415
train-pg_dms__transformer__seed42,MSH6,P43246:799:N>A,0,0.25401103
train-pg_dms__transformer__seed42,MSH6,P43246:799:N>D,0,0.57522994
train-pg_dms__transformer__seed42,MSH6,P43246:799:N>E,0,0.46304446
train-pg_dms__transformer__seed42,MSH6,P43246:799:N>F,0,0.30482653
train-pg_dms__transformer__seed42,MSH6,P43246:799:N>I,0,0.39653876
train-pg_dms__transformer__seed42,MSH6,P43246:799:N>H,0,0.22952735
train-pg_dms__transformer__seed42,MSH6,P43246:799:N>G,0,0.58122694
train-pg_dms__transformer__seed42,MSH6,P43246:800:L>S,0,0.071874335
train-pg_dms__transformer__seed42,MSH6,P43246:800:L>W,1,0.30271223
train-pg_dms__transformer__seed42,MSH6,P43246:800:L>T,0,0.13840988
train-pg_dms__transformer__seed42,MSH6,P43246:800:L>Y,0,0.052305855
train-pg_dms__transformer__seed42,MSH6,P43246:800:L>F,0,0.025756262
train-pg_dms__transformer__seed42,MSH6,P43246:800:L>E,0,0.29228854
train-pg_dms__transformer__seed42,MSH6,P43246:800:L>H,0,0.08102234
train-pg_dms__transformer__seed42,MSH6,P43246:800:L>D,0,0.81861496
train-pg_dms__transformer__seed42,MSH6,P43246:800:L>V,0,0.06036652
train-pg_dms__transformer__seed42,MSH6,P43246:800:L>G,0,0.61730486
train-pg_dms__transformer__seed42,MSH6,P43246:800:L>A,0,0.11083517
train-pg_dms__transformer__seed42,MSH6,P43246:800:L>I,0,0.08483362
train-pg_dms__transformer__seed42,MSH6,P43246:800:L>K,0,0.17217508
train-pg_dms__transformer__seed42,MSH6,P43246:800:L>C,0,0.030875538
train-pg_dms__transformer__seed42,MSH6,P43246:800:L>Q,0,0.049934164
train-pg_dms__transformer__seed42,MSH6,P43246:800:L>P,1,0.8758674
train-pg_dms__transformer__seed42,MSH6,P43246:800:L>N,0,0.29731485
train-pg_dms__transformer__seed42,MSH6,P43246:800:L>M,0,0.10825451
train-pg_dms__transformer__seed42,MSH6,P43246:800:L>R,0,0.129399
train-pg_dms__transformer__seed42,MSH6,P43246:804:A>K,0,0.67964745
train-pg_dms__transformer__seed42,MSH6,P43246:804:A>M,0,0.45052713
train-pg_dms__transformer__seed42,MSH6,P43246:804:A>P,0,0.7356688
train-pg_dms__transformer__seed42,MSH6,P43246:804:A>Y,1,0.5438883
train-pg_dms__transformer__seed42,MSH6,P43246:804:A>W,0,0.7318589
train-pg_dms__transformer__seed42,MSH6,P43246:804:A>L,0,0.3794934
train-pg_dms__transformer__seed42,MSH6,P43246:804:A>R,0,0.8267806
train-pg_dms__transformer__seed42,MSH6,P43246:804:A>S,0,0.09555187
train-pg_dms__transformer__seed42,MSH6,P43246:804:A>D,0,0.8594761
train-pg_dms__transformer__seed42,MSH6,P43246:804:A>E,0,0.5952092
train-pg_dms__transformer__seed42,MSH6,P43246:804:A>F,1,0.5423844
train-pg_dms__transformer__seed42,MSH6,P43246:804:A>C,0,0.16080679
train-pg_dms__transformer__seed42,MSH6,P43246:804:A>G,0,0.41442055
train-pg_dms__transformer__seed42,MSH6,P43246:804:A>I,0,0.54458916
train-pg_dms__transformer__seed42,MSH6,P43246:811:L>H,0,0.3237901
train-pg_dms__transformer__seed42,MSH6,P43246:811:L>M,0,0.1310624
train-pg_dms__transformer__seed42,MSH6,P43246:811:L>I,0,0.07913109
train-pg_dms__transformer__seed42,MSH6,P43246:811:L>Q,0,0.2790449
train-pg_dms__transformer__seed42,MSH6,P43246:811:L>R,0,0.5403337
train-pg_dms__transformer__seed42,MSH6,P43246:811:L>G,1,0.4781931
train-pg_dms__transformer__seed42,MSH6,P43246:811:L>F,0,0.08415994
train-pg_dms__transformer__seed42,MSH6,P43246:811:L>E,0,0.40214342
train-pg_dms__transformer__seed42,MSH6,P43246:811:L>D,0,0.6749195
train-pg_dms__transformer__seed42,MSH6,P43246:811:L>S,1,0.25428843
train-pg_dms__transformer__seed42,MSH6,P43246:811:L>T,0,0.25965098
train-pg_dms__transformer__seed42,MSH6,P43246:811:L>V,0,0.034149103
train-pg_dms__transformer__seed42,MSH6,P43246:811:L>W,0,0.5949544
train-pg_dms__transformer__seed42,MSH6,P43246:811:L>Y,0,0.18536718
train-pg_dms__transformer__seed42,MSH6,P43246:811:L>C,0,0.07792297
train-pg_dms__transformer__seed42,MSH6,P43246:811:L>A,1,0.24884835
train-pg_dms__transformer__seed42,MSH6,P43246:811:L>N,0,0.33489746
train-pg_dms__transformer__seed42,MSH6,P43246:811:L>P,1,0.7694288
train-pg_dms__transformer__seed42,MSH6,P43246:817:V>I,0,0.021511884
train-pg_dms__transformer__seed42,MSH6,P43246:817:V>C,0,0.21072274
train-pg_dms__transformer__seed42,MSH6,P43246:817:V>A,0,0.65800136
train-pg_dms__transformer__seed42,MSH6,P43246:817:V>D,1,0.97273624
train-pg_dms__transformer__seed42,MSH6,P43246:817:V>F,0,0.51047987
train-pg_dms__transformer__seed42,MSH6,P43246:817:V>G,1,0.8888829
train-pg_dms__transformer__seed42,MSH6,P43246:817:V>N,0,0.6987253
train-pg_dms__transformer__seed42,MSH6,P43246:817:V>M,1,0.38236326
train-pg_dms__transformer__seed42,MSH6,P43246:817:V>P,1,0.96871734
train-pg_dms__transformer__seed42,MSH6,P43246:817:V>Q,0,0.863738
train-pg_dms__transformer__seed42,MSH6,P43246:817:V>R,1,0.9716058
train-pg_dms__transformer__seed42,MSH6,P43246:817:V>S,0,0.5220253
train-pg_dms__transformer__seed42,MSH6,P43246:817:V>T,0,0.86912245
train-pg_dms__transformer__seed42,MSH6,P43246:817:V>L,0,0.3680628
train-pg_dms__transformer__seed42,MSH6,P43246:817:V>W,1,0.875012
train-pg_dms__transformer__seed42,MSH6,P43246:817:V>K,1,0.9486679
train-pg_dms__transformer__seed42,MSH6,P43246:826:F>L,0,0.16652565
train-pg_dms__transformer__seed42,MSH6,P43246:826:F>K,0,0.27815604
train-pg_dms__transformer__seed42,MSH6,P43246:826:F>I,0,0.2539991
train-pg_dms__transformer__seed42,MSH6,P43246:826:F>H,0,0.21640734
train-pg_dms__transformer__seed42,MSH6,P43246:826:F>G,0,0.3093893
train-pg_dms__transformer__seed42,MSH6,P43246:826:F>E,0,0.3094238
train-pg_dms__transformer__seed42,MSH6,P43246:826:F>D,0,0.57135355
train-pg_dms__transformer__seed42,MSH6,P43246:826:F>W,0,0.48191968
train-pg_dms__transformer__seed42,MSH6,P43246:826:F>M,0,0.26656994
train-pg_dms__transformer__seed42,MSH6,P43246:826:F>C,0,0.06926723
train-pg_dms__transformer__seed42,MSH6,P43246:826:F>P,0,0.6472438
train-pg_dms__transformer__seed42,MSH6,P43246:826:F>Q,0,0.2161978
train-pg_dms__transformer__seed42,MSH6,P43246:826:F>R,0,0.59417814
train-pg_dms__transformer__seed42,MSH6,P43246:826:F>T,0,0.30990908
train-pg_dms__transformer__seed42,MSH6,P43246:826:F>V,0,0.2550549
train-pg_dms__transformer__seed42,MSH6,P43246:826:F>A,0,0.23255493
train-pg_dms__transformer__seed42,MSH6,P43246:826:F>N,0,0.21301848
train-pg_dms__transformer__seed42,MSH6,P43246:826:F>Y,0,0.051661767
train-pg_dms__transformer__seed42,MSH6,P43246:833:L>E,0,0.20899434
train-pg_dms__transformer__seed42,MSH6,P43246:833:L>D,0,0.42670625
train-pg_dms__transformer__seed42,MSH6,P43246:833:L>C,0,0.031495024
train-pg_dms__transformer__seed42,MSH6,P43246:833:L>A,0,0.0959852
train-pg_dms__transformer__seed42,MSH6,P43246:833:L>I,0,0.04806516
train-pg_dms__transformer__seed42,MSH6,P43246:833:L>K,0,0.16043544
train-pg_dms__transformer__seed42,MSH6,P43246:833:L>Q,0,0.033833545
train-pg_dms__transformer__seed42,MSH6,P43246:833:L>P,0,0.49635836
train-pg_dms__transformer__seed42,MSH6,P43246:833:L>R,0,0.16755082
train-pg_dms__transformer__seed42,MSH6,P43246:833:L>S,0,0.08379925
train-pg_dms__transformer__seed42,MSH6,P43246:833:L>T,0,0.13381223
train-pg_dms__transformer__seed42,MSH6,P43246:833:L>V,0,0.023184301
train-pg_dms__transformer__seed42,MSH6,P43246:833:L>W,0,0.4625774
train-pg_dms__transformer__seed42,MSH6,P43246:833:L>Y,0,0.09733927
train-pg_dms__transformer__seed42,MSH6,P43246:833:L>M,0,0.04936418
train-pg_dms__transformer__seed42,MSH6,P43246:833:L>N,0,0.20657036
train-pg_dms__transformer__seed42,MSH6,P43246:833:L>G,0,0.15935054
train-pg_dms__transformer__seed42,MSH6,P43246:833:L>F,0,0.04900149
train-pg_dms__transformer__seed42,MSH6,P43246:838:K>I,0,0.008092076
train-pg_dms__transformer__seed42,MSH6,P43246:838:K>L,0,0.005092548
train-pg_dms__transformer__seed42,MSH6,P43246:838:K>P,0,0.03396778
train-pg_dms__transformer__seed42,MSH6,P43246:838:K>N,0,0.0089684045
train-pg_dms__transformer__seed42,MSH6,P43246:838:K>G,0,0.005302415
train-pg_dms__transformer__seed42,MSH6,P43246:838:K>Q,0,0.0016620449
train-pg_dms__transformer__seed42,MSH6,P43246:838:K>R,0,0.008486667
train-pg_dms__transformer__seed42,MSH6,P43246:838:K>S,0,0.003179177
train-pg_dms__transformer__seed42,MSH6,P43246:838:K>T,0,0.008900915
train-pg_dms__transformer__seed42,MSH6,P43246:838:K>V,0,0.0060739634
train-pg_dms__transformer__seed42,MSH6,P43246:838:K>W,0,0.335799
train-pg_dms__transformer__seed42,MSH6,P43246:838:K>M,0,0.01722928
train-pg_dms__transformer__seed42,MSH6,P43246:838:K>F,0,0.020909656
train-pg_dms__transformer__seed42,MSH6,P43246:838:K>C,0,0.0062934645
train-pg_dms__transformer__seed42,MSH6,P43246:838:K>D,0,0.03513353
train-pg_dms__transformer__seed42,MSH6,P43246:838:K>A,0,0.0034775247
train-pg_dms__transformer__seed42,MSH6,P43246:838:K>E,0,0.012720199
train-pg_dms__transformer__seed42,MSH6,P43246:843:C>P,0,0.74928796
train-pg_dms__transformer__seed42,MSH6,P43246:843:C>W,0,0.239579
train-pg_dms__transformer__seed42,MSH6,P43246:843:C>D,0,0.036814153
train-pg_dms__transformer__seed42,MSH6,P43246:843:C>Y,0,0.016103275
train-pg_dms__transformer__seed42,MSH6,P43246:843:C>S,0,0.009267006
train-pg_dms__transformer__seed42,MSH6,P43246:843:C>N,0,0.021417782
train-pg_dms__transformer__seed42,MSH6,P43246:843:C>V,0,0.017891964
train-pg_dms__transformer__seed42,MSH6,P43246:843:C>E,0,0.060171198
train-pg_dms__transformer__seed42,MSH6,P43246:843:C>A,0,0.009897396
train-pg_dms__transformer__seed42,MSH6,P43246:843:C>T,0,0.019027308
train-pg_dms__transformer__seed42,MSH6,P43246:843:C>G,0,0.013772735
train-pg_dms__transformer__seed42,MSH6,P43246:843:C>H,0,0.014634355
train-pg_dms__transformer__seed42,MSH6,P43246:843:C>I,0,0.02727914
train-pg_dms__transformer__seed42,MSH6,P43246:843:C>K,0,0.025639161
train-pg_dms__transformer__seed42,MSH6,P43246:843:C>L,0,0.009166058
train-pg_dms__transformer__seed42,MSH6,P43246:843:C>M,0,0.07078338
train-pg_dms__transformer__seed42,MSH6,P43246:843:C>R,0,0.028821042
train-pg_dms__transformer__seed42,MSH6,P43246:843:C>Q,0,0.014934866
train-pg_dms__transformer__seed42,MSH6,P43246:843:C>F,0,0.008465485
train-pg_dms__transformer__seed42,MSH6,P43246:846:Q>C,0,0.009103971
train-pg_dms__transformer__seed42,MSH6,P43246:846:Q>L,0,0.0043191393
train-pg_dms__transformer__seed42,MSH6,P43246:846:Q>K,0,0.003524088
train-pg_dms__transformer__seed42,MSH6,P43246:846:Q>I,0,0.01146363
train-pg_dms__transformer__seed42,MSH6,P43246:846:Q>G,0,0.0069760205
train-pg_dms__transformer__seed42,MSH6,P43246:846:Q>F,0,0.03285849
train-pg_dms__transformer__seed42,MSH6,P43246:846:Q>E,0,0.0151123
train-pg_dms__transformer__seed42,MSH6,P43246:846:Q>D,0,0.024145724
train-pg_dms__transformer__seed42,MSH6,P43246:846:Q>P,0,0.3922129
train-pg_dms__transformer__seed42,MSH6,P43246:846:Q>R,0,0.020421108
train-pg_dms__transformer__seed42,MSH6,P43246:846:Q>S,0,0.003703755
train-pg_dms__transformer__seed42,MSH6,P43246:846:Q>T,0,0.012352285
train-pg_dms__transformer__seed42,MSH6,P43246:846:Q>V,0,0.009406798
train-pg_dms__transformer__seed42,MSH6,P43246:846:Q>W,0,0.2916175
train-pg_dms__transformer__seed42,MSH6,P43246:846:Q>Y,0,0.009620868
train-pg_dms__transformer__seed42,MSH6,P43246:846:Q>H,0,0.013077517
train-pg_dms__transformer__seed42,MSH6,P43246:846:Q>A,0,0.0038903959
train-pg_dms__transformer__seed42,MSH6,P43246:846:Q>N,0,0.016597014
train-pg_dms__transformer__seed42,MSH6,P43246:846:Q>M,0,0.030491078
train-pg_dms__transformer__seed42,MSH6,P43246:849:L>T,0,0.0061672907
train-pg_dms__transformer__seed42,MSH6,P43246:849:L>A,0,0.0020122938
train-pg_dms__transformer__seed42,MSH6,P43246:849:L>R,0,0.011958962
train-pg_dms__transformer__seed42,MSH6,P43246:849:L>P,0,0.4629458
train-pg_dms__transformer__seed42,MSH6,P43246:849:L>N,0,0.0071391813
train-pg_dms__transformer__seed42,MSH6,P43246:849:L>K,0,0.0036120415
train-pg_dms__transformer__seed42,MSH6,P43246:849:L>I,0,0.006244818
train-pg_dms__transformer__seed42,MSH6,P43246:849:L>H,0,0.002905127
train-pg_dms__transformer__seed42,MSH6,P43246:849:L>G,0,0.0049133096
train-pg_dms__transformer__seed42,MSH6,P43246:849:L>F,0,0.0021543393
train-pg_dms__transformer__seed42,MSH6,P43246:849:L>E,0,0.0059605152
train-pg_dms__transformer__seed42,MSH6,P43246:849:L>D,0,0.029653937
train-pg_dms__transformer__seed42,MSH6,P43246:849:L>C,0,0.0017223007
train-pg_dms__transformer__seed42,MSH6,P43246:849:L>Y,0,0.0015204703
train-pg_dms__transformer__seed42,MSH6,P43246:849:L>W,0,0.11924147
train-pg_dms__transformer__seed42,MSH6,P43246:849:L>V,0,0.008280709
train-pg_dms__transformer__seed42,MSH6,P43246:849:L>S,0,0.0016597749
train-pg_dms__transformer__seed42,MSH6,P43246:852:E>Y,0,0.018185206
train-pg_dms__transformer__seed42,MSH6,P43246:852:E>N,0,0.038460735
train-pg_dms__transformer__seed42,MSH6,P43246:852:E>D,0,0.06608981
train-pg_dms__transformer__seed42,MSH6,P43246:852:E>F,0,0.022210015
train-pg_dms__transformer__seed42,MSH6,P43246:852:E>G,0,0.0058268113
train-pg_dms__transformer__seed42,MSH6,P43246:852:E>H,0,0.022627546
train-pg_dms__transformer__seed42,MSH6,P43246:852:E>I,0,0.04724646
train-pg_dms__transformer__seed42,MSH6,P43246:852:E>L,0,0.01900993
train-pg_dms__transformer__seed42,MSH6,P43246:852:E>M,0,0.060022704
train-pg_dms__transformer__seed42,MSH6,P43246:852:E>P,0,0.30370766
train-pg_dms__transformer__seed42,MSH6,P43246:852:E>Q,0,0.009804515
train-pg_dms__transformer__seed42,MSH6,P43246:852:E>A,0,0.010484772
train-pg_dms__transformer__seed42,MSH6,P43246:852:E>C,0,0.010641687
train-pg_dms__transformer__seed42,MSH6,P43246:852:E>S,0,0.008308896
train-pg_dms__transformer__seed42,MSH6,P43246:852:E>T,0,0.041827157
train-pg_dms__transformer__seed42,MSH6,P43246:852:E>V,0,0.040083773
train-pg_dms__transformer__seed42,MSH6,P43246:852:E>R,0,0.056922138
train-pg_dms__transformer__seed42,MSH6,P43246:857:I>T,0,0.0035777264
train-pg_dms__transformer__seed42,MSH6,P43246:857:I>V,0,0.0051518823
train-pg_dms__transformer__seed42,MSH6,P43246:857:I>W,1,0.099598065
train-pg_dms__transformer__seed42,MSH6,P43246:857:I>Y,0,0.0029079253
train-pg_dms__transformer__seed42,MSH6,P43246:857:I>S,0,0.0011742729
train-pg_dms__transformer__seed42,MSH6,P43246:857:I>R,0,0.0038942264
train-pg_dms__transformer__seed42,MSH6,P43246:857:I>Q,0,0.0012881604
train-pg_dms__transformer__seed42,MSH6,P43246:857:I>N,0,0.0025788858
train-pg_dms__transformer__seed42,MSH6,P43246:857:I>M,0,0.014525944
train-pg_dms__transformer__seed42,MSH6,P43246:857:I>L,0,0.0016667743
train-pg_dms__transformer__seed42,MSH6,P43246:857:I>K,0,0.002183796
train-pg_dms__transformer__seed42,MSH6,P43246:857:I>H,0,0.0025341986
train-pg_dms__transformer__seed42,MSH6,P43246:857:I>G,0,0.002044593
train-pg_dms__transformer__seed42,MSH6,P43246:857:I>F,0,0.0016648592
train-pg_dms__transformer__seed42,MSH6,P43246:857:I>E,0,0.004084689
train-pg_dms__transformer__seed42,MSH6,P43246:857:I>D,0,0.008478253
train-pg_dms__transformer__seed42,MSH6,P43246:857:I>A,0,0.0023882508
train-pg_dms__transformer__seed42,MSH6,P43246:857:I>P,0,0.02403003
train-pg_dms__transformer__seed42,MSH6,P43246:858:G>A,0,0.0025650861
train-pg_dms__transformer__seed42,MSH6,P43246:858:G>W,0,0.073649555
train-pg_dms__transformer__seed42,MSH6,P43246:858:G>K,0,0.0037295723
train-pg_dms__transformer__seed42,MSH6,P43246:858:G>Q,0,0.0023183941
train-pg_dms__transformer__seed42,MSH6,P43246:858:G>P,0,0.04776997
train-pg_dms__transformer__seed42,MSH6,P43246:858:G>N,0,0.003457655
train-pg_dms__transformer__seed42,MSH6,P43246:858:G>M,0,0.023049565
train-pg_dms__transformer__seed42,MSH6,P43246:858:G>L,0,0.0040584565
train-pg_dms__transformer__seed42,MSH6,P43246:858:G>I,0,0.0060179173
train-pg_dms__transformer__seed42,MSH6,P43246:858:G>H,0,0.003518906
train-pg_dms__transformer__seed42,MSH6,P43246:858:G>R,0,0.011795427
train-pg_dms__transformer__seed42,MSH6,P43246:858:G>S,0,0.0013720217
train-pg_dms__transformer__seed42,MSH6,P43246:858:G>T,0,0.006280131
train-pg_dms__transformer__seed42,MSH6,P43246:858:G>V,0,0.0040923525
train-pg_dms__transformer__seed42,MSH6,P43246:858:G>Y,0,0.0041105347
train-pg_dms__transformer__seed42,MSH6,P43246:858:G>F,0,0.010013245
train-pg_dms__transformer__seed42,MSH6,P43246:858:G>E,0,0.0030471513
train-pg_dms__transformer__seed42,MSH6,P43246:858:G>C,0,0.0014465476
train-pg_dms__transformer__seed42,MSH6,P43246:859:E>Y,0,0.0013009005
train-pg_dms__transformer__seed42,MSH6,P43246:859:E>W,0,0.08762122
train-pg_dms__transformer__seed42,MSH6,P43246:859:E>V,0,0.001824257
train-pg_dms__transformer__seed42,MSH6,P43246:859:E>G,0,0.0009311058
train-pg_dms__transformer__seed42,MSH6,P43246:859:E>F,0,0.0023815075
train-pg_dms__transformer__seed42,MSH6,P43246:859:E>D,0,0.0032545452
train-pg_dms__transformer__seed42,MSH6,P43246:859:E>C,0,0.0015965687
train-pg_dms__transformer__seed42,MSH6,P43246:859:E>A,0,0.0011335188
train-pg_dms__transformer__seed42,MSH6,P43246:859:E>T,0,0.0027633838
train-pg_dms__transformer__seed42,MSH6,P43246:859:E>S,0,0.00058975833
train-pg_dms__transformer__seed42,MSH6,P43246:859:E>H,0,0.001218805
train-pg_dms__transformer__seed42,MSH6,P43246:859:E>L,0,0.0012006973
train-pg_dms__transformer__seed42,MSH6,P43246:859:E>M,0,0.0070608994
train-pg_dms__transformer__seed42,MSH6,P43246:859:E>N,0,0.0008309235
train-pg_dms__transformer__seed42,MSH6,P43246:859:E>P,0,0.015182867
train-pg_dms__transformer__seed42,MSH6,P43246:859:E>Q,0,0.000502359
train-pg_dms__transformer__seed42,MSH6,P43246:859:E>R,0,0.0030885625
train-pg_dms__transformer__seed42,MSH6,P43246:859:E>K,0,0.0032036314
train-pg_dms__transformer__seed42,MSH6,P43246:859:E>I,0,0.0016853621
train-pg_dms__transformer__seed42,MSH6,P43246:861:Q>V,0,0.0061794785
train-pg_dms__transformer__seed42,MSH6,P43246:861:Q>F,0,0.004246954
train-pg_dms__transformer__seed42,MSH6,P43246:861:Q>G,0,0.0026793221
train-pg_dms__transformer__seed42,MSH6,P43246:861:Q>H,0,0.001459765
train-pg_dms__transformer__seed42,MSH6,P43246:861:Q>T,0,0.0021933091
train-pg_dms__transformer__seed42,MSH6,P43246:861:Q>L,0,0.003614522
train-pg_dms__transformer__seed42,MSH6,P43246:861:Q>A,0,0.0020123753
train-pg_dms__transformer__seed42,MSH6,P43246:861:Q>C,0,0.002327573
train-pg_dms__transformer__seed42,MSH6,P43246:861:Q>D,0,0.0032785872
train-pg_dms__transformer__seed42,MSH6,P43246:861:Q>E,0,0.0065624155
train-pg_dms__transformer__seed42,MSH6,P43246:861:Q>M,0,0.014642994
train-pg_dms__transformer__seed42,MSH6,P43246:861:Q>P,0,0.013976271
train-pg_dms__transformer__seed42,MSH6,P43246:861:Q>R,0,0.0050774394
train-pg_dms__transformer__seed42,MSH6,P43246:861:Q>S,0,0.0013620983
train-pg_dms__transformer__seed42,MSH6,P43246:861:Q>I,0,0.003001615
train-pg_dms__transformer__seed42,MSH6,P43246:861:Q>Y,0,0.0019123318
train-pg_dms__transformer__seed42,MSH6,P43246:861:Q>W,0,0.067034334
train-pg_dms__transformer__seed42,MSH6,P43246:862:G>F,0,0.017572735
train-pg_dms__transformer__seed42,MSH6,P43246:862:G>A,0,0.01645644
train-pg_dms__transformer__seed42,MSH6,P43246:862:G>C,0,0.01286523
train-pg_dms__transformer__seed42,MSH6,P43246:862:G>D,0,0.014228082
train-pg_dms__transformer__seed42,MSH6,P43246:862:G>H,0,0.01204097
train-pg_dms__transformer__seed42,MSH6,P43246:862:G>I,0,0.014136608
train-pg_dms__transformer__seed42,MSH6,P43246:862:G>K,0,0.012806865
train-pg_dms__transformer__seed42,MSH6,P43246:862:G>L,0,0.012257516
train-pg_dms__transformer__seed42,MSH6,P43246:862:G>P,0,0.048649628
train-pg_dms__transformer__seed42,MSH6,P43246:862:G>N,0,0.011508945
train-pg_dms__transformer__seed42,MSH6,P43246:862:G>S,0,0.007137478
train-pg_dms__transformer__seed42,MSH6,P43246:862:G>T,0,0.017209848
train-pg_dms__transformer__seed42,MSH6,P43246:862:G>W,0,0.10967791
train-pg_dms__transformer__seed42,MSH6,P43246:862:G>Y,0,0.01229196
train-pg_dms__transformer__seed42,MSH6,P43246:862:G>Q,0,0.014421248
train-pg_dms__transformer__seed42,MSH6,P43246:865:I>P,0,0.044203844
train-pg_dms__transformer__seed42,MSH6,P43246:865:I>Q,0,0.003800096
train-pg_dms__transformer__seed42,MSH6,P43246:865:I>R,0,0.014591291
train-pg_dms__transformer__seed42,MSH6,P43246:865:I>S,0,0.0041283513
train-pg_dms__transformer__seed42,MSH6,P43246:865:I>T,0,0.012590787
train-pg_dms__transformer__seed42,MSH6,P43246:865:I>V,0,0.013651961
train-pg_dms__transformer__seed42,MSH6,P43246:865:I>W,0,0.13874972
train-pg_dms__transformer__seed42,MSH6,P43246:865:I>Y,0,0.003674399
train-pg_dms__transformer__seed42,MSH6,P43246:865:I>N,0,0.005768798
train-pg_dms__transformer__seed42,MSH6,P43246:865:I>F,0,0.004408014
train-pg_dms__transformer__seed42,MSH6,P43246:865:I>A,0,0.0079615805
train-pg_dms__transformer__seed42,MSH6,P43246:865:I>C,0,0.004931785
train-pg_dms__transformer__seed42,MSH6,P43246:865:I>D,0,0.013793703
train-pg_dms__transformer__seed42,MSH6,P43246:865:I>E,0,0.011086586
train-pg_dms__transformer__seed42,MSH6,P43246:865:I>G,0,0.0137966955
train-pg_dms__transformer__seed42,MSH6,P43246:865:I>H,0,0.004906781
train-pg_dms__transformer__seed42,MSH6,P43246:865:I>K,0,0.005697697
train-pg_dms__transformer__seed42,MSH6,P43246:865:I>L,0,0.004284864
train-pg_dms__transformer__seed42,MSH6,P43246:868:P>S,0,0.0146596115
train-pg_dms__transformer__seed42,MSH6,P43246:868:P>W,0,0.451554
train-pg_dms__transformer__seed42,MSH6,P43246:868:P>A,0,0.0267042
train-pg_dms__transformer__seed42,MSH6,P43246:868:P>C,0,0.04259433
train-pg_dms__transformer__seed42,MSH6,P43246:868:P>D,0,0.058269124
train-pg_dms__transformer__seed42,MSH6,P43246:868:P>E,0,0.036432303
train-pg_dms__transformer__seed42,MSH6,P43246:868:P>F,0,0.050169364
train-pg_dms__transformer__seed42,MSH6,P43246:868:P>G,0,0.031003498
train-pg_dms__transformer__seed42,MSH6,P43246:868:P>H,0,0.030897606
train-pg_dms__transformer__seed42,MSH6,P43246:868:P>K,0,0.029823445
train-pg_dms__transformer__seed42,MSH6,P43246:868:P>L,0,0.017067118
train-pg_dms__transformer__seed42,MSH6,P43246:868:P>M,0,0.09686817
train-pg_dms__transformer__seed42,MSH6,P43246:868:P>N,0,0.03598798
train-pg_dms__transformer__seed42,MSH6,P43246:868:P>R,0,0.03902562
train-pg_dms__transformer__seed42,MSH6,P43246:868:P>T,0,0.028498866
train-pg_dms__transformer__seed42,MSH6,P43246:868:P>V,0,0.03621354
train-pg_dms__transformer__seed42,MSH6,P43246:868:P>Y,0,0.050810363
train-pg_dms__transformer__seed42,MSH6,P43246:868:P>I,0,0.040413048
train-pg_dms__transformer__seed42,MSH6,P43246:869:A>N,0,0.0045399936
train-pg_dms__transformer__seed42,MSH6,P43246:869:A>T,0,0.0036781523
train-pg_dms__transformer__seed42,MSH6,P43246:869:A>C,0,0.0035849223
train-pg_dms__transformer__seed42,MSH6,P43246:869:A>V,0,0.0030024955
train-pg_dms__transformer__seed42,MSH6,P43246:869:A>W,0,0.21687095
train-pg_dms__transformer__seed42,MSH6,P43246:869:A>Q,0,0.0029084838
train-pg_dms__transformer__seed42,MSH6,P43246:869:A>P,0,0.022727553
train-pg_dms__transformer__seed42,MSH6,P43246:869:A>Y,0,0.0035451385
train-pg_dms__transformer__seed42,MSH6,P43246:869:A>M,0,0.013486327
train-pg_dms__transformer__seed42,MSH6,P43246:869:A>L,0,0.0027325985
train-pg_dms__transformer__seed42,MSH6,P43246:869:A>K,0,0.0061204024
train-pg_dms__transformer__seed42,MSH6,P43246:869:A>I,0,0.006553909
train-pg_dms__transformer__seed42,MSH6,P43246:869:A>H,0,0.0080742445
train-pg_dms__transformer__seed42,MSH6,P43246:869:A>G,0,0.0075964886
train-pg_dms__transformer__seed42,MSH6,P43246:869:A>F,0,0.006432533
train-pg_dms__transformer__seed42,MSH6,P43246:869:A>E,0,0.0126328515
train-pg_dms__transformer__seed42,MSH6,P43246:869:A>D,0,0.012486113
train-pg_dms__transformer__seed42,MSH6,P43246:869:A>S,0,0.0020855782
train-pg_dms__transformer__seed42,MSH6,P43246:869:A>R,0,0.011069612
train-pg_dms__transformer__seed42,MSH6,P43246:870:A>T,0,0.004079236
train-pg_dms__transformer__seed42,MSH6,P43246:870:A>I,0,0.003777893
train-pg_dms__transformer__seed42,MSH6,P43246:870:A>K,0,0.0064869323
train-pg_dms__transformer__seed42,MSH6,P43246:870:A>W,0,0.18701583
train-pg_dms__transformer__seed42,MSH6,P43246:870:A>Y,0,0.00458503
train-pg_dms__transformer__seed42,MSH6,P43246:870:A>V,0,0.0039146617
train-pg_dms__transformer__seed42,MSH6,P43246:870:A>L,0,0.0014815694
train-pg_dms__transformer__seed42,MSH6,P43246:870:A>S,0,0.0010200746
train-pg_dms__transformer__seed42,MSH6,P43246:870:A>R,0,0.00798052
train-pg_dms__transformer__seed42,MSH6,P43246:870:A>Q,0,0.0027311097
train-pg_dms__transformer__seed42,MSH6,P43246:870:A>P,0,0.022466648
train-pg_dms__transformer__seed42,MSH6,P43246:870:A>H,0,0.009097976
train-pg_dms__transformer__seed42,MSH6,P43246:870:A>N,0,0.0036321124
train-pg_dms__transformer__seed42,MSH6,P43246:870:A>M,1,0.013813041
train-pg_dms__transformer__seed42,MSH6,P43246:870:A>C,0,0.003608294
train-pg_dms__transformer__seed42,MSH6,P43246:870:A>D,0,0.017206697
train-pg_dms__transformer__seed42,MSH6,P43246:870:A>E,0,0.011339652
train-pg_dms__transformer__seed42,MSH6,P43246:870:A>F,0,0.006157846
train-pg_dms__transformer__seed42,MSH6,P43246:870:A>G,0,0.0048800604
train-pg_dms__transformer__seed42,MSH6,P43246:872:K>G,0,0.0059717954
train-pg_dms__transformer__seed42,MSH6,P43246:872:K>L,0,0.0018145232
train-pg_dms__transformer__seed42,MSH6,P43246:872:K>M,0,0.006211189
train-pg_dms__transformer__seed42,MSH6,P43246:872:K>N,0,0.002339113
train-pg_dms__transformer__seed42,MSH6,P43246:872:K>P,0,0.16679366
train-pg_dms__transformer__seed42,MSH6,P43246:872:K>Q,0,0.00090596
train-pg_dms__transformer__seed42,MSH6,P43246:872:K>R,0,0.006492731
train-pg_dms__transformer__seed42,MSH6,P43246:872:K>S,0,0.0035969028
train-pg_dms__transformer__seed42,MSH6,P43246:872:K>V,0,0.0021811612
train-pg_dms__transformer__seed42,MSH6,P43246:872:K>I,0,0.0012894148
train-pg_dms__transformer__seed42,MSH6,P43246:872:K>H,0,0.0025529235
train-pg_dms__transformer__seed42,MSH6,P43246:872:K>E,0,0.00325721
train-pg_dms__transformer__seed42,MSH6,P43246:872:K>F,0,0.008410643
train-pg_dms__transformer__seed42,MSH6,P43246:872:K>W,0,0.1127404
train-pg_dms__transformer__seed42,MSH6,P43246:872:K>A,0,0.0023364194
train-pg_dms__transformer__seed42,MSH6,P43246:872:K>Y,0,0.0030533108
train-pg_dms__transformer__seed42,MSH6,P43246:872:K>C,0,0.0047271466
train-pg_dms__transformer__seed42,MSH6,P43246:872:K>D,0,0.042488344
train-pg_dms__transformer__seed42,MSH6,P43246:874:Y>A,0,0.0036240555
train-pg_dms__transformer__seed42,MSH6,P43246:874:Y>L,0,0.0014139862
train-pg_dms__transformer__seed42,MSH6,P43246:874:Y>N,0,0.0028476014
train-pg_dms__transformer__seed42,MSH6,P43246:874:Y>P,0,0.2564407
train-pg_dms__transformer__seed42,MSH6,P43246:874:Y>Q,0,0.0047804327
train-pg_dms__transformer__seed42,MSH6,P43246:874:Y>R,0,0.013407221
train-pg_dms__transformer__seed42,MSH6,P43246:874:Y>S,0,0.007059142
train-pg_dms__transformer__seed42,MSH6,P43246:874:Y>T,0,0.011264528
train-pg_dms__transformer__seed42,MSH6,P43246:874:Y>V,0,0.006713007
train-pg_dms__transformer__seed42,MSH6,P43246:874:Y>I,0,0.0042498605
train-pg_dms__transformer__seed42,MSH6,P43246:874:Y>G,0,0.012514319
train-pg_dms__transformer__seed42,MSH6,P43246:874:Y>F,0,0.0016771076
train-pg_dms__transformer__seed42,MSH6,P43246:874:Y>E,0,0.028583903
train-pg_dms__transformer__seed42,MSH6,P43246:874:Y>K,0,0.007799602
train-pg_dms__transformer__seed42,MSH6,P43246:874:Y>H,0,0.005026744
train-pg_dms__transformer__seed42,MSH6,P43246:876:E>S,0,0.0020246585
train-pg_dms__transformer__seed42,MSH6,P43246:876:E>R,0,0.020195352
train-pg_dms__transformer__seed42,MSH6,P43246:876:E>M,0,0.028775755
train-pg_dms__transformer__seed42,MSH6,P43246:876:E>T,0,0.010514332
train-pg_dms__transformer__seed42,MSH6,P43246:876:E>V,0,0.005497588
train-pg_dms__transformer__seed42,MSH6,P43246:876:E>W,0,0.2290488
train-pg_dms__transformer__seed42,MSH6,P43246:876:E>Y,0,0.009021724
train-pg_dms__transformer__seed42,MSH6,P43246:876:E>L,0,0.0030521266
train-pg_dms__transformer__seed42,MSH6,P43246:876:E>I,0,0.0059191245
train-pg_dms__transformer__seed42,MSH6,P43246:876:E>Q,0,0.0011709996
train-pg_dms__transformer__seed42,MSH6,P43246:876:E>H,0,0.011231257
train-pg_dms__transformer__seed42,MSH6,P43246:876:E>F,0,0.014428142
train-pg_dms__transformer__seed42,MSH6,P43246:876:E>D,0,0.024948819
train-pg_dms__transformer__seed42,MSH6,P43246:876:E>C,0,0.00827638
train-pg_dms__transformer__seed42,MSH6,P43246:876:E>A,0,0.0012904138
train-pg_dms__transformer__seed42,MSH6,P43246:876:E>P,0,0.3799176
train-pg_dms__transformer__seed42,MSH6,P43246:881:E>V,0,0.015561104
train-pg_dms__transformer__seed42,MSH6,P43246:881:E>Y,0,0.012169316
train-pg_dms__transformer__seed42,MSH6,P43246:881:E>M,0,0.060011946
train-pg_dms__transformer__seed42,MSH6,P43246:881:E>T,0,0.010540896
train-pg_dms__transformer__seed42,MSH6,P43246:881:E>A,0,0.0028366959
train-pg_dms__transformer__seed42,MSH6,P43246:881:E>C,0,0.0089228675
train-pg_dms__transformer__seed42,MSH6,P43246:881:E>D,0,0.009796149
train-pg_dms__transformer__seed42,MSH6,P43246:881:E>F,0,0.01903341
train-pg_dms__transformer__seed42,MSH6,P43246:881:E>G,0,0.0013911321
train-pg_dms__transformer__seed42,MSH6,P43246:881:E>I,0,0.009491633
train-pg_dms__transformer__seed42,MSH6,P43246:881:E>H,0,0.009808988
train-pg_dms__transformer__seed42,MSH6,P43246:881:E>N,0,0.006966147
train-pg_dms__transformer__seed42,MSH6,P43246:881:E>P,0,0.27779245
train-pg_dms__transformer__seed42,MSH6,P43246:881:E>Q,0,0.0019762283
train-pg_dms__transformer__seed42,MSH6,P43246:881:E>R,0,0.010498919
train-pg_dms__transformer__seed42,MSH6,P43246:881:E>S,0,0.0022658512
train-pg_dms__transformer__seed42,MSH6,P43246:881:E>L,0,0.008131763
train-pg_dms__transformer__seed42,MSH6,P43246:881:E>W,0,0.16755801
train-pg_dms__transformer__seed42,MSH6,P43246:882:K>V,0,0.0016753312
train-pg_dms__transformer__seed42,MSH6,P43246:882:K>T,0,0.0055782823
train-pg_dms__transformer__seed42,MSH6,P43246:882:K>S,0,0.0007607413
train-pg_dms__transformer__seed42,MSH6,P43246:882:K>R,0,0.0026767652
train-pg_dms__transformer__seed42,MSH6,P43246:882:K>Q,0,0.0004884604
train-pg_dms__transformer__seed42,MSH6,P43246:882:K>P,0,0.12232548
train-pg_dms__transformer__seed42,MSH6,P43246:882:K>F,0,0.0034614343
train-pg_dms__transformer__seed42,MSH6,P43246:882:K>C,0,0.0013896808
train-pg_dms__transformer__seed42,MSH6,P43246:882:K>A,0,0.0008988389
train-pg_dms__transformer__seed42,MSH6,P43246:882:K>N,0,0.0012661151
train-pg_dms__transformer__seed42,MSH6,P43246:882:K>M,0,0.006973398
train-pg_dms__transformer__seed42,MSH6,P43246:882:K>L,0,0.0011948774
train-pg_dms__transformer__seed42,MSH6,P43246:882:K>W,0,0.0478932
train-pg_dms__transformer__seed42,MSH6,P43246:882:K>H,0,0.0014299871
train-pg_dms__transformer__seed42,MSH6,P43246:882:K>G,0,0.00071928103
train-pg_dms__transformer__seed42,MSH6,P43246:882:K>E,0,0.001737964
train-pg_dms__transformer__seed42,MSH6,P43246:882:K>D,0,0.0054131653
train-pg_dms__transformer__seed42,MSH6,P43246:882:K>I,0,0.0011283063
train-pg_dms__transformer__seed42,MSH6,P43246:888:L>A,0,0.052276764
train-pg_dms__transformer__seed42,MSH6,P43246:888:L>N,0,0.14863367
train-pg_dms__transformer__seed42,MSH6,P43246:888:L>Y,0,0.033708453
train-pg_dms__transformer__seed42,MSH6,P43246:888:L>P,0,0.7211758
train-pg_dms__transformer__seed42,MSH6,P43246:888:L>R,0,0.08534486
train-pg_dms__transformer__seed42,MSH6,P43246:888:L>K,0,0.17416076
train-pg_dms__transformer__seed42,MSH6,P43246:888:L>I,0,0.010890919
train-pg_dms__transformer__seed42,MSH6,P43246:888:L>G,0,0.1927487
train-pg_dms__transformer__seed42,MSH6,P43246:888:L>W,0,0.4194274
train-pg_dms__transformer__seed42,MSH6,P43246:888:L>F,0,0.007671873
train-pg_dms__transformer__seed42,MSH6,P43246:888:L>C,0,0.012847119
train-pg_dms__transformer__seed42,MSH6,P43246:888:L>S,0,0.032064483
train-pg_dms__transformer__seed42,MSH6,P43246:888:L>T,0,0.07518762
train-pg_dms__transformer__seed42,MSH6,P43246:888:L>V,0,0.020296305
train-pg_dms__transformer__seed42,MSH6,P43246:888:L>D,0,0.44078082
train-pg_dms__transformer__seed42,MSH6,P43246:888:L>Q,0,0.017816316
train-pg_dms__transformer__seed42,MSH6,P43246:889:S>N,0,0.010045334
train-pg_dms__transformer__seed42,MSH6,P43246:889:S>M,0,0.10185165
train-pg_dms__transformer__seed42,MSH6,P43246:889:S>I,0,0.013729007
train-pg_dms__transformer__seed42,MSH6,P43246:889:S>P,0,0.4126948
train-pg_dms__transformer__seed42,MSH6,P43246:889:S>Y,0,0.007224999
train-pg_dms__transformer__seed42,MSH6,P43246:889:S>W,0,0.2319489
train-pg_dms__transformer__seed42,MSH6,P43246:889:S>V,0,0.015375222
train-pg_dms__transformer__seed42,MSH6,P43246:889:S>T,0,0.017548423
train-pg_dms__transformer__seed42,MSH6,P43246:889:S>L,0,0.0068428186
train-pg_dms__transformer__seed42,MSH6,P43246:889:S>K,0,0.014600501
train-pg_dms__transformer__seed42,MSH6,P43246:889:S>Q,0,0.010265152
train-pg_dms__transformer__seed42,MSH6,P43246:889:S>H,0,0.011277733
train-pg_dms__transformer__seed42,MSH6,P43246:889:S>G,0,0.0047088573
train-pg_dms__transformer__seed42,MSH6,P43246:889:S>E,0,0.02573045
train-pg_dms__transformer__seed42,MSH6,P43246:889:S>D,0,0.018299628
train-pg_dms__transformer__seed42,MSH6,P43246:889:S>A,0,0.0112681985
train-pg_dms__transformer__seed42,MSH6,P43246:889:S>R,0,0.016316952
train-pg_dms__transformer__seed42,MSH6,P43246:895:P>Y,0,0.087137476
train-pg_dms__transformer__seed42,MSH6,P43246:895:P>D,0,0.033705518
train-pg_dms__transformer__seed42,MSH6,P43246:895:P>C,0,0.032037277
train-pg_dms__transformer__seed42,MSH6,P43246:895:P>A,0,0.02417355
train-pg_dms__transformer__seed42,MSH6,P43246:895:P>L,0,0.047775503
train-pg_dms__transformer__seed42,MSH6,P43246:895:P>K,0,0.028521799
train-pg_dms__transformer__seed42,MSH6,P43246:895:P>H,0,0.021234876
train-pg_dms__transformer__seed42,MSH6,P43246:895:P>I,0,0.081540324
train-pg_dms__transformer__seed42,MSH6,P43246:895:P>F,0,0.1467172
train-pg_dms__transformer__seed42,MSH6,P43246:895:P>M,0,0.27968088
train-pg_dms__transformer__seed42,MSH6,P43246:895:P>G,0,0.02076968
train-pg_dms__transformer__seed42,MSH6,P43246:895:P>Q,0,0.015581628
train-pg_dms__transformer__seed42,MSH6,P43246:895:P>R,0,0.025536174
train-pg_dms__transformer__seed42,MSH6,P43246:895:P>T,0,0.023986472
train-pg_dms__transformer__seed42,MSH6,P43246:895:P>V,0,0.049778536
train-pg_dms__transformer__seed42,MSH6,P43246:895:P>W,0,0.61610943
train-pg_dms__transformer__seed42,MSH6,P43246:895:P>E,0,0.034963176
train-pg_dms__transformer__seed42,MSH6,P43246:895:P>N,0,0.023216655
train-pg_dms__transformer__seed42,MSH6,P43246:901:E>A,0,0.0046776845
train-pg_dms__transformer__seed42,MSH6,P43246:901:E>C,0,0.013741972
train-pg_dms__transformer__seed42,MSH6,P43246:901:E>V,0,0.0051852614
train-pg_dms__transformer__seed42,MSH6,P43246:901:E>D,0,0.013427067
train-pg_dms__transformer__seed42,MSH6,P43246:901:E>F,0,0.039243583
train-pg_dms__transformer__seed42,MSH6,P43246:901:E>G,0,0.0067961253
train-pg_dms__transformer__seed42,MSH6,P43246:901:E>W,0,0.32287887
train-pg_dms__transformer__seed42,MSH6,P43246:901:E>I,0,0.020454053
train-pg_dms__transformer__seed42,MSH6,P43246:901:E>K,0,0.01538439
train-pg_dms__transformer__seed42,MSH6,P43246:901:E>L,0,0.0076663857
train-pg_dms__transformer__seed42,MSH6,P43246:901:E>H,0,0.009257659
train-pg_dms__transformer__seed42,MSH6,P43246:901:E>N,0,0.0042571914
train-pg_dms__transformer__seed42,MSH6,P43246:901:E>P,0,0.05414299
train-pg_dms__transformer__seed42,MSH6,P43246:901:E>Q,0,0.001822791
train-pg_dms__transformer__seed42,MSH6,P43246:901:E>R,0,0.013688557
train-pg_dms__transformer__seed42,MSH6,P43246:901:E>S,0,0.0030451352
train-pg_dms__transformer__seed42,MSH6,P43246:901:E>T,0,0.018182572
train-pg_dms__transformer__seed42,MSH6,P43246:901:E>M,0,0.068154834
train-pg_dms__transformer__seed42,MSH6,P43246:902:E>N,0,0.0047645904
train-pg_dms__transformer__seed42,MSH6,P43246:902:E>M,0,0.07832794
train-pg_dms__transformer__seed42,MSH6,P43246:902:E>Q,0,0.002284147
train-pg_dms__transformer__seed42,MSH6,P43246:902:E>R,0,0.01939312
train-pg_dms__transformer__seed42,MSH6,P43246:902:E>V,0,0.008125546
train-pg_dms__transformer__seed42,MSH6,P43246:902:E>T,0,0.023414481
train-pg_dms__transformer__seed42,MSH6,P43246:902:E>W,0,0.32137078
train-pg_dms__transformer__seed42,MSH6,P43246:902:E>Y,0,0.014679875
train-pg_dms__transformer__seed42,MSH6,P43246:902:E>S,0,0.0035413168
train-pg_dms__transformer__seed42,MSH6,P43246:902:E>L,0,0.01056344
train-pg_dms__transformer__seed42,MSH6,P43246:902:E>P,0,0.1213159
train-pg_dms__transformer__seed42,MSH6,P43246:902:E>H,0,0.011820236
train-pg_dms__transformer__seed42,MSH6,P43246:902:E>F,0,0.04489539
train-pg_dms__transformer__seed42,MSH6,P43246:902:E>C,0,0.014455853
train-pg_dms__transformer__seed42,MSH6,P43246:902:E>A,0,0.0057600494
train-pg_dms__transformer__seed42,MSH6,P43246:902:E>I,0,0.026752522
train-pg_dms__transformer__seed42,MSH6,P43246:906:I>T,0,0.020156298
train-pg_dms__transformer__seed42,MSH6,P43246:906:I>S,0,0.0046860483
train-pg_dms__transformer__seed42,MSH6,P43246:906:I>R,0,0.030413773
train-pg_dms__transformer__seed42,MSH6,P43246:906:I>Q,0,0.0025451158
train-pg_dms__transformer__seed42,MSH6,P43246:906:I>P,0,0.19684765
train-pg_dms__transformer__seed42,MSH6,P43246:906:I>N,0,0.003666061
train-pg_dms__transformer__seed42,MSH6,P43246:906:I>L,0,0.0043600006
train-pg_dms__transformer__seed42,MSH6,P43246:906:I>K,0,0.004549391
train-pg_dms__transformer__seed42,MSH6,P43246:906:I>G,0,0.0045851
train-pg_dms__transformer__seed42,MSH6,P43246:906:I>W,0,0.31821716
train-pg_dms__transformer__seed42,MSH6,P43246:906:I>F,0,0.0034618424
train-pg_dms__transformer__seed42,MSH6,P43246:906:I>Y,0,0.0049226014
train-pg_dms__transformer__seed42,MSH6,P43246:906:I>H,0,0.006538338
train-pg_dms__transformer__seed42,MSH6,P43246:906:I>A,0,0.0070623336
train-pg_dms__transformer__seed42,MSH6,P43246:906:I>C,0,0.00536222
train-pg_dms__transformer__seed42,MSH6,P43246:906:I>D,0,0.027994692
train-pg_dms__transformer__seed42,MSH6,P43246:906:I>E,0,0.0058711213
train-pg_dms__transformer__seed42,MSH6,P43246:909:K>Y,0,0.02218137
train-pg_dms__transformer__seed42,MSH6,P43246:909:K>W,0,0.41285685
train-pg_dms__transformer__seed42,MSH6,P43246:909:K>V,0,0.020731948
train-pg_dms__transformer__seed42,MSH6,P43246:909:K>T,0,0.027059898
train-pg_dms__transformer__seed42,MSH6,P43246:909:K>S,0,0.005514143
train-pg_dms__transformer__seed42,MSH6,P43246:909:K>R,0,0.059418537
train-pg_dms__transformer__seed42,MSH6,P43246:909:K>Q,0,0.010628862
train-pg_dms__transformer__seed42,MSH6,P43246:909:K>P,0,0.5873212
train-pg_dms__transformer__seed42,MSH6,P43246:909:K>M,0,0.064888015
train-pg_dms__transformer__seed42,MSH6,P43246:909:K>L,0,0.020732036
train-pg_dms__transformer__seed42,MSH6,P43246:909:K>I,0,0.10458505
train-pg_dms__transformer__seed42,MSH6,P43246:909:K>H,0,0.016479146
train-pg_dms__transformer__seed42,MSH6,P43246:909:K>A,0,0.01275083
train-pg_dms__transformer__seed42,MSH6,P43246:909:K>F,0,0.041832622
train-pg_dms__transformer__seed42,MSH6,P43246:909:K>D,0,0.13080768
train-pg_dms__transformer__seed42,MSH6,P43246:909:K>C,0,0.008363633
train-pg_dms__transformer__seed42,MSH6,P43246:909:K>N,0,0.022360902
train-pg_dms__transformer__seed42,MSH6,P43246:909:K>G,0,0.022387248
train-pg_dms__transformer__seed42,MSH6,P43246:911:L>K,0,0.19253333
train-pg_dms__transformer__seed42,MSH6,P43246:911:L>Q,0,0.049049556
train-pg_dms__transformer__seed42,MSH6,P43246:911:L>G,0,0.31260952
train-pg_dms__transformer__seed42,MSH6,P43246:911:L>F,0,0.021113517
train-pg_dms__transformer__seed42,MSH6,P43246:911:L>E,0,0.21301782
train-pg_dms__transformer__seed42,MSH6,P43246:911:L>I,0,0.08312383
train-pg_dms__transformer__seed42,MSH6,P43246:911:L>M,0,0.07636385
train-pg_dms__transformer__seed42,MSH6,P43246:911:L>W,0,0.35303628
train-pg_dms__transformer__seed42,MSH6,P43246:911:L>P,1,0.8409491
train-pg_dms__transformer__seed42,MSH6,P43246:911:L>R,0,0.11930661
train-pg_dms__transformer__seed42,MSH6,P43246:911:L>S,0,0.052691795
train-pg_dms__transformer__seed42,MSH6,P43246:911:L>T,0,0.13739495
train-pg_dms__transformer__seed42,MSH6,P43246:911:L>V,0,0.040008802
train-pg_dms__transformer__seed42,MSH6,P43246:911:L>C,0,0.016633585
train-pg_dms__transformer__seed42,MSH6,P43246:911:L>Y,0,0.02677933
train-pg_dms__transformer__seed42,MSH6,P43246:911:L>N,0,0.25059247
train-pg_dms__transformer__seed42,MSH6,P43246:911:L>A,0,0.07164839
train-pg_dms__transformer__seed42,MSH6,P43246:915:V>M,0,0.014606189
train-pg_dms__transformer__seed42,MSH6,P43246:915:V>G,0,0.010801663
train-pg_dms__transformer__seed42,MSH6,P43246:915:V>F,0,0.0061251903
train-pg_dms__transformer__seed42,MSH6,P43246:915:V>E,0,0.17726868
train-pg_dms__transformer__seed42,MSH6,P43246:915:V>D,0,0.5091924
train-pg_dms__transformer__seed42,MSH6,P43246:915:V>C,0,0.011561625
train-pg_dms__transformer__seed42,MSH6,P43246:915:V>A,0,0.010187471
train-pg_dms__transformer__seed42,MSH6,P43246:915:V>I,0,0.0035610315
train-pg_dms__transformer__seed42,MSH6,P43246:915:V>H,0,0.13157825
train-pg_dms__transformer__seed42,MSH6,P43246:915:V>N,0,0.09932325
train-pg_dms__transformer__seed42,MSH6,P43246:915:V>P,0,0.8590735
train-pg_dms__transformer__seed42,MSH6,P43246:915:V>Q,0,0.03307945
train-pg_dms__transformer__seed42,MSH6,P43246:915:V>R,1,0.5324913
train-pg_dms__transformer__seed42,MSH6,P43246:915:V>S,0,0.013240335
train-pg_dms__transformer__seed42,MSH6,P43246:915:V>T,0,0.019187832
train-pg_dms__transformer__seed42,MSH6,P43246:915:V>Y,0,0.06630944
train-pg_dms__transformer__seed42,MSH6,P43246:932:V>E,0,0.022213614
train-pg_dms__transformer__seed42,MSH6,P43246:932:V>D,0,0.023042187
train-pg_dms__transformer__seed42,MSH6,P43246:932:V>W,0,0.18786529
train-pg_dms__transformer__seed42,MSH6,P43246:932:V>C,0,0.008783961
train-pg_dms__transformer__seed42,MSH6,P43246:932:V>Y,0,0.013954004
train-pg_dms__transformer__seed42,MSH6,P43246:932:V>F,0,0.008665309
train-pg_dms__transformer__seed42,MSH6,P43246:932:V>G,0,0.010435918
train-pg_dms__transformer__seed42,MSH6,P43246:932:V>H,0,0.0137768425
train-pg_dms__transformer__seed42,MSH6,P43246:932:V>I,0,0.024126802
train-pg_dms__transformer__seed42,MSH6,P43246:932:V>K,0,0.016133115
train-pg_dms__transformer__seed42,MSH6,P43246:932:V>L,0,0.0067580994
train-pg_dms__transformer__seed42,MSH6,P43246:932:V>A,0,0.0058661196
train-pg_dms__transformer__seed42,MSH6,P43246:932:V>N,0,0.011654279
train-pg_dms__transformer__seed42,MSH6,P43246:932:V>P,0,0.046717282
train-pg_dms__transformer__seed42,MSH6,P43246:932:V>Q,0,0.01069121
train-pg_dms__transformer__seed42,MSH6,P43246:932:V>R,0,0.027786048
train-pg_dms__transformer__seed42,MSH6,P43246:932:V>S,0,0.01055622
train-pg_dms__transformer__seed42,MSH6,P43246:932:V>T,0,0.03613343
train-pg_dms__transformer__seed42,MSH6,P43246:932:V>M,1,0.026513748
train-pg_dms__transformer__seed42,MSH6,P43246:934:T>W,0,0.08652137
train-pg_dms__transformer__seed42,MSH6,P43246:934:T>C,0,0.0050213234
train-pg_dms__transformer__seed42,MSH6,P43246:934:T>D,0,0.030751599
train-pg_dms__transformer__seed42,MSH6,P43246:934:T>E,0,0.02476989
train-pg_dms__transformer__seed42,MSH6,P43246:934:T>F,0,0.01179993
train-pg_dms__transformer__seed42,MSH6,P43246:934:T>G,0,0.0071650706
train-pg_dms__transformer__seed42,MSH6,P43246:934:T>H,0,0.012479711
train-pg_dms__transformer__seed42,MSH6,P43246:934:T>I,0,0.013353715
train-pg_dms__transformer__seed42,MSH6,P43246:934:T>K,0,0.018033506
train-pg_dms__transformer__seed42,MSH6,P43246:934:T>L,0,0.0069727236
train-pg_dms__transformer__seed42,MSH6,P43246:934:T>N,0,0.009748051
train-pg_dms__transformer__seed42,MSH6,P43246:934:T>P,0,0.027998695
train-pg_dms__transformer__seed42,MSH6,P43246:934:T>Q,0,0.012402899
train-pg_dms__transformer__seed42,MSH6,P43246:934:T>R,0,0.023958523
train-pg_dms__transformer__seed42,MSH6,P43246:934:T>S,0,0.005373934
train-pg_dms__transformer__seed42,MSH6,P43246:934:T>Y,0,0.010547926
train-pg_dms__transformer__seed42,MSH6,P43246:934:T>V,0,0.01523772
train-pg_dms__transformer__seed42,PMS2,P43246:636:A>P,1,0.6106697
train-pg_dms__transformer__seed42,PMS2,P43246:127:N>S,0,0.21139115
train-pg_dms__transformer__seed42,PMS2,P43246:424:H>R,1,0.01930142
train-pg_dms__transformer__seed42,PMS2,P43246:336:P>S,0,0.0017972359
train-pg_dms__transformer__seed42,PMS2,P43246:440:L>P,1,0.96846324
train-pg_dms__transformer__seed42,PMS2,P43246:603:D>N,1,0.75396764
train-pg_dms__transformer__seed42,PMS2,P43246:603:D>G,1,0.4965689
train-pg_dms__transformer__seed42,PMS2,P43246:669:G>R,1,0.9457704
train-pg_dms__transformer__seed42,PMS2,P43246:669:G>A,0,0.8089931
train-pg_dms__transformer__seed42,PMS2,P43246:669:G>V,1,0.9297128
train-pg_dms__transformer__seed42,PMS2,P43246:687:L>P,1,0.99330455
train-pg_dms__transformer__seed42,PMS2,P43246:697:C>R,1,0.9567476
train-pg_dms__transformer__seed42,PMS2,P43246:697:C>F,1,0.85932
train-pg_dms__transformer__seed42,PMS2,P43246:860:S>L,0,0.01523518
train-pg_dms__transformer__seed42,PMS2,P43246:163:V>D,1,0.9508627
train-pg_dms__transformer__seed42,PMS2,P43246:163:V>G,1,0.21239378
train-pg_dms__transformer__seed42,PMS2,P43246:167:D>H,0,0.14503296
train-pg_dms__transformer__seed42,PMS2,P43246:169:I>V,0,0.019581942
train-pg_dms__transformer__seed42,PMS2,P43246:173:L>P,1,0.96990335
train-pg_dms__transformer__seed42,PMS2,P43246:173:L>R,1,0.9751417
train-pg_dms__transformer__seed42,PMS2,P43246:175:L>P,1,0.98367506
train-pg_dms__transformer__seed42,PMS2,P43246:187:L>P,1,0.972416
train-pg_dms__transformer__seed42,PMS2,P43246:187:L>R,1,0.90101963
train-pg_dms__transformer__seed42,PMS2,P43246:200:V>D,1,0.9505847
train-pg_dms__transformer__seed42,PMS2,P43246:269:S>L,1,0.21926375
train-pg_dms__transformer__seed42,PMS2,P43246:333:C>R,1,0.8886448
train-pg_dms__transformer__seed42,PMS2,P43246:333:C>Y,1,0.67337334
train-pg_dms__transformer__seed42,PMS2,P43246:358:E>A,0,0.014079133
train-pg_dms__transformer__seed42,PMS2,P43246:508:G>A,0,0.011512055
train-pg_dms__transformer__seed42,PMS2,P43246:595:L>R,1,0.9676473
train-pg_dms__transformer__seed42,PMS2,P43246:697:C>Y,1,0.8321045
train-pg_dms__transformer__seed42,PMS2,P43246:803:T>I,0,0.21210685
train-pg_dms__transformer__seed42,PMS2,P43246:408:Y>F,0,0.009050276
train-pg_dms__transformer__seed42,PMS2,P43246:155:V>D,0,0.004470635
train-pg_dms__transformer__seed42,PMS2,P43246:227:R>S,0,0.66668975
train-pg_dms__transformer__seed42,PMS2,P43246:902:E>D,0,0.023382697
train-pg_dms__transformer__seed42,PMS2,P43246:906:I>V,0,0.02339427
train-pg_dms__transformer__seed42,PMS2,P43246:219:R>T,0,0.01925672
train-pg_dms__transformer__seed42,PMS2,P43246:249:K>N,0,0.0019160596
train-pg_dms__transformer__seed42,PMS2,P43246:449:K>R,1,0.0006912045
train-pg_dms__transformer__seed42,PMS2,P43246:710:A>V,0,0.9315587
train-pg_dms__transformer__seed42,PMS2,P43246:196:P>Q,0,0.5071728
train-pg_dms__transformer__seed42,PMS2,P43246:142:S>A,0,0.0017950636
train-pg_dms__transformer__seed42,PMS2,P43246:249:K>T,0,0.0016093625
train-pg_dms__transformer__seed42,PMS2,P43246:303:D>N,0,0.35979694
train-pg_dms__transformer__seed42,PMS2,P43246:266:A>T,1,0.44512385
train-pg_dms__transformer__seed42,PMS2,P43246:694:F>S,1,0.9760395
train-pg_dms__transformer__seed42,PMS2,P43246:333:C>W,1,0.8327023
train-pg_dms__transformer__seed42,PMS2,P43246:413:Q>E,0,0.014686779
train-pg_dms__transformer__seed42,PMS2,P43246:398:A>T,0,0.00946374
train-pg_dms__transformer__seed42,PMS2,P43246:536:N>I,0,0.012861181
train-pg_dms__transformer__seed42,PMS2,P43246:328:A>S,0,0.019365935
train-pg_dms__transformer__seed42,PMS2,P43246:918:K>N,0,0.012769259
train-pg_dms__transformer__seed42,PMS2,P43246:111:A>T,0,0.0066003683
train-pg_dms__transformer__seed42,PMS2,P43246:178:F>L,0,0.3595404
train-pg_dms__transformer__seed42,PMS2,P43246:187:L>I,0,0.011796784
train-pg_dms__transformer__seed42,PMS2,P43246:187:L>F,0,0.011581789
train-pg_dms__transformer__seed42,PMS2,P43246:205:E>D,0,0.00864135
train-pg_dms__transformer__seed42,PMS2,P43246:249:K>R,0,0.0022045677
train-pg_dms__transformer__seed42,PMS2,P43246:543:D>E,0,0.040514585
train-pg_dms__transformer__seed42,PMS2,P43246:441:T>S,0,0.007034455
train-pg_dms__transformer__seed42,PMS2,P43246:902:E>G,0,0.0026397968
train-pg_dms__transformer__seed42,PMS2,P43246:603:D>V,1,0.76998836
train-pg_dms__transformer__seed42,PMS2,P43246:511:I>M,0,0.2417939
train-pg_dms__transformer__seed42,PMS2,P43246:568:T>I,1,0.014414648
train-pg_dms__transformer__seed42,PMS2,P43246:570:Y>H,0,0.61581594
train-pg_dms__transformer__seed42,PMS2,P43246:920:N>D,0,0.111590765
train-pg_dms__transformer__seed42,PMS2,P43246:595:L>V,0,0.017472208
train-pg_dms__transformer__seed42,PMS2,P43246:825:S>G,0,0.19897412
train-pg_dms__transformer__seed42,PMS2,P43246:445:S>A,0,0.0028440156
train-pg_dms__transformer__seed42,PMS2,P43246:531:K>N,0,0.15871184
train-pg_dms__transformer__seed42,PMS2,P43246:238:Y>C,0,0.001478197
train-pg_dms__transformer__seed42,PMS2,P43246:792:N>I,0,0.012793482
train-pg_dms__transformer__seed42,PMS2,P43246:263:N>S,0,0.00320201
train-pg_dms__transformer__seed42,PMS2,P43246:387:L>V,0,0.010423413
train-pg_dms__transformer__seed42,PMS2,P43246:127:N>T,0,0.04903937
train-pg_dms__transformer__seed42,PMS2,P43246:795:P>Q,0,0.0063683214
train-pg_dms__transformer__seed42,PMS2,P43246:210:M>I,0,0.028798753
train-pg_dms__transformer__seed42,PMS2,P43246:710:A>P,0,0.97964257
train-pg_dms__transformer__seed42,PMS2,P43246:3:V>L,0,0.012317743
train-pg_dms__transformer__seed42,PMS2,P43246:151:K>T,0,0.025405727
train-pg_dms__transformer__seed42,PMS2,P43246:178:F>Y,0,0.06359814
train-pg_dms__transformer__seed42,PMS2,P43246:248:K>Q,0,0.00039493013
train-pg_dms__transformer__seed42,PMS2,P43246:710:A>S,0,0.19828193
train-pg_dms__transformer__seed42,PMS2,P43246:894:M>R,0,0.10939023
train-pg_dms__transformer__seed42,PMS2,P43246:5:P>S,0,0.0074517224
train-pg_dms__transformer__seed42,PMS2,P43246:333:C>F,1,0.6738287
train-pg_dms__transformer__seed42,PMS2,P43246:502:D>V,0,0.0011143457
train-pg_dms__transformer__seed42,PMS2,P43246:646:D>Y,0,0.013019485
train-pg_dms__transformer__seed42,PMS2,P43246:895:P>S,0,0.0067969584
train-pg_dms__transformer__seed42,PMS2,P43246:33:T>R,0,0.46808404
train-pg_dms__transformer__seed42,PMS2,P43246:34:V>L,0,0.02697963
train-pg_dms__transformer__seed42,PMS2,P43246:68:G>V,0,0.13966681
train-pg_dms__transformer__seed42,PMS2,P43246:91:D>N,0,0.004864547
train-pg_dms__transformer__seed42,PMS2,P43246:91:D>G,0,0.015270302
train-pg_dms__transformer__seed42,PMS2,P43246:190:L>F,0,0.03365061
train-pg_dms__transformer__seed42,PMS2,P43246:193:Q>P,0,0.7913401
train-pg_dms__transformer__seed42,PMS2,P43246:381:L>I,0,0.069480844
train-pg_dms__transformer__seed42,PMS2,P43246:387:L>R,1,0.836034
train-pg_dms__transformer__seed42,PMS2,P43246:646:D>V,0,0.024208613
train-pg_dms__transformer__seed42,PMS2,P43246:694:F>I,1,0.97311234
train-pg_dms__transformer__seed42,PMS2,P43246:737:R>T,0,0.16131645
train-pg_dms__transformer__seed42,PMS2,P43246:737:R>S,0,0.47172296
train-pg_dms__transformer__seed42,PMS2,P43246:772:T>A,0,0.010612712
train-pg_dms__transformer__seed42,PMS2,P43246:894:M>I,0,0.02655934
train-pg_dms__transformer__seed42,PMS2,P43246:374:Q>H,0,0.034650233
train-pg_dms__transformer__seed42,PMS2,P43246:574:Q>H,1,0.5271838
train-pg_dms__transformer__seed42,PMS2,P43246:595:L>P,1,0.9826597
train-pg_dms__transformer__seed42,PMS2,P43246:15:A>V,0,0.014324449
train-pg_dms__transformer__seed42,PMS2,P43246:503:L>H,1,0.64197755
train-pg_dms__transformer__seed42,PMS2,P43246:221:G>E,0,0.015719121
train-pg_dms__transformer__seed42,PMS2,P43246:224:I>S,0,0.011479181
train-pg_dms__transformer__seed42,PMS2,P43246:303:D>H,0,0.48451623
train-pg_dms__transformer__seed42,PMS2,P43246:739:A>T,0,0.7035282
train-pg_dms__transformer__seed42,PMS2,P43246:815:Y>C,0,0.14613293
train-pg_dms__transformer__seed42,PMS2,P43246:570:Y>S,1,0.5989208
train-pg_dms__transformer__seed42,PMS2,P43246:685:I>T,0,0.03835479
train-pg_dms__transformer__seed42,PMS2,P43246:455:E>Q,0,0.011341405
train-pg_dms__transformer__seed42,PMS2,P43246:626:E>Q,0,0.0038662513
train-pg_dms__transformer__seed42,PMS2,P43246:742:D>Y,0,0.02732737
train-pg_dms__transformer__seed42,PMS2,P43246:536:N>D,0,0.02628375
train-pg_dms__transformer__seed42,PMS2,P43246:685:I>L,0,0.14433143
train-pg_dms__transformer__seed42,PMS2,P43246:91:D>Y,0,0.0063181
train-pg_dms__transformer__seed42,PMS2,P43246:440:L>R,1,0.9303744
train-pg_dms__transformer__seed42,PMS2,P43246:381:L>F,0,0.047750928
train-pg_dms__transformer__seed42,PMS2,P43246:815:Y>H,0,0.4759918
train-pg_dms__transformer__seed42,PMS2,P43246:503:L>I,0,0.015641145
train-pg_dms__transformer__seed42,PMS2,P43246:56:E>D,0,0.002307954
train-pg_dms__transformer__seed42,PMS2,P43246:755:S>T,0,0.1631108
train-pg_dms__transformer__seed42,PMS2,P43246:336:P>L,0,0.0032486906
train-pg_dms__transformer__seed42,PMS2,P43246:67:M>R,0,0.10091174
train-pg_dms__transformer__seed42,PMS2,P43246:714:A>T,0,0.39865604
train-pg_dms__transformer__seed42,PMS2,P43246:685:I>R,1,0.9835632
train-pg_dms__transformer__seed42,PMS2,P43246:307:V>F,0,0.0028959478
train-pg_dms__transformer__seed42,PMS2,P43246:432:L>W,0,0.7954238
train-pg_dms__transformer__seed42,PMS2,P43246:137:G>V,0,0.002522446
train-pg_dms__transformer__seed42,PMS2,P43246:200:V>A,0,0.08910974
train-pg_dms__transformer__seed42,PMS2,P43246:408:Y>S,0,0.23448086
train-pg_dms__transformer__seed42,PMS2,P43246:500:A>V,0,0.5962534
train-pg_dms__transformer__seed42,PMS2,P43246:469:L>F,0,0.01882643
train-pg_dms__transformer__seed42,PMS2,P43246:603:D>Y,1,0.5478061
train-pg_dms__transformer__seed42,PMS2,P43246:543:D>G,0,0.06860197
train-pg_dms__transformer__seed42,PMS2,P43246:687:L>R,1,0.9939681
train-pg_dms__transformer__seed42,PMS2,P43246:755:S>Y,1,0.58940136
train-pg_dms__transformer__seed42,PMS2,P43246:902:E>K,0,0.0085913325
train-pg_dms__transformer__seed42,PMS2,P43246:849:L>Q,0,0.0018679908
train-pg_dms__transformer__seed42,PMS2,P43246:387:L>I,0,0.00882515
train-pg_dms__transformer__seed42,PMS2,P43246:531:K>E,1,0.15537342
train-pg_dms__transformer__seed42,PMS2,P43246:697:C>W,1,0.8910138
train-pg_dms__transformer__seed42,PMS2,P43246:742:D>H,0,0.06299222
train-pg_dms__transformer__seed42,PMS2,P43246:926:I>S,0,0.17320785
train-pg_dms__transformer__seed42,PMS2,P43246:739:A>V,0,0.8018842
train-pg_dms__transformer__seed42,PMS2,P43246:920:N>Y,0,0.22933389
train-pg_dms__transformer__seed42,PMS2,P43246:163:V>I,0,0.017275412
train-pg_dms__transformer__seed42,PMS2,P43246:646:D>E,0,0.0030768057
train-pg_dms__transformer__seed42,PMS2,P43246:254:N>T,0,0.0022329106
train-pg_dms__transformer__seed42,PMS2,P43246:408:Y>H,0,0.14721976
train-pg_dms__transformer__seed42,PMS2,P43246:34:V>G,0,0.22198059
train-pg_dms__transformer__seed42,PMS2,P43246:303:D>G,0,0.27210733
train-pg_dms__transformer__seed42,PMS2,P43246:847:K>T,0,0.09288649
train-pg_dms__transformer__seed42,PMS2,P43246:508:G>D,0,0.097975075
train-pg_dms__transformer__seed42,PMS2,P43246:405:Y>D,1,0.538068
train-pg_dms__transformer__seed42,PMS2,P43246:37:F>C,0,0.24399345
train-pg_dms__transformer__seed42,PMS2,P43246:795:P>L,0,0.009679865
train-pg_dms__transformer__seed42,PMS2,P43246:16:E>K,0,0.056149323
train-pg_dms__transformer__seed42,PMS2,P43246:449:K>M,0,0.48608944
train-pg_dms__transformer__seed42,PMS2,P43246:3:V>W,0,0.37515843
train-pg_dms__transformer__seed42,PMS2,P43246:3:V>T,0,0.030736787
train-pg_dms__transformer__seed42,PMS2,P43246:3:V>S,0,0.017448002
train-pg_dms__transformer__seed42,PMS2,P43246:3:V>R,0,0.039789673
train-pg_dms__transformer__seed42,PMS2,P43246:3:V>P,0,0.1183192
train-pg_dms__transformer__seed42,PMS2,P43246:3:V>M,0,0.25533685
train-pg_dms__transformer__seed42,PMS2,P43246:3:V>I,0,0.005381596
train-pg_dms__transformer__seed42,PMS2,P43246:3:V>H,0,0.13674632
train-pg_dms__transformer__seed42,PMS2,P43246:3:V>G,0,0.011907294
train-pg_dms__transformer__seed42,PMS2,P43246:3:V>F,0,0.0065019317
train-pg_dms__transformer__seed42,PMS2,P43246:3:V>D,0,0.107053526
train-pg_dms__transformer__seed42,PMS2,P43246:3:V>C,1,0.021332456
train-pg_dms__transformer__seed42,PMS2,P43246:3:V>A,0,0.008963453
train-pg_dms__transformer__seed42,PMS2,P43246:3:V>K,0,0.0832559
train-pg_dms__transformer__seed42,PMS2,P43246:3:V>Y,0,0.044195816
train-pg_dms__transformer__seed42,PMS2,P43246:5:P>A,0,0.003171555
train-pg_dms__transformer__seed42,PMS2,P43246:5:P>M,1,0.26621845
train-pg_dms__transformer__seed42,PMS2,P43246:5:P>L,0,0.044012543
train-pg_dms__transformer__seed42,PMS2,P43246:5:P>W,0,0.32177278
train-pg_dms__transformer__seed42,PMS2,P43246:5:P>Y,0,0.035092458
train-pg_dms__transformer__seed42,PMS2,P43246:5:P>C,0,0.016622482
train-pg_dms__transformer__seed42,PMS2,P43246:5:P>V,1,0.034152523
train-pg_dms__transformer__seed42,PMS2,P43246:5:P>Q,0,0.018491196
train-pg_dms__transformer__seed42,PMS2,P43246:5:P>E,0,0.029300613
train-pg_dms__transformer__seed42,PMS2,P43246:5:P>K,0,0.055938147
train-pg_dms__transformer__seed42,PMS2,P43246:5:P>R,0,0.023509743
train-pg_dms__transformer__seed42,PMS2,P43246:5:P>N,0,0.031199265
train-pg_dms__transformer__seed42,PMS2,P43246:5:P>T,0,0.012071559
train-pg_dms__transformer__seed42,PMS2,P43246:5:P>D,0,0.053166933
train-pg_dms__transformer__seed42,PMS2,P43246:5:P>H,0,0.034032118
train-pg_dms__transformer__seed42,PMS2,P43246:5:P>G,0,0.0039298804
train-pg_dms__transformer__seed42,PMS2,P43246:5:P>F,0,0.030935643
train-pg_dms__transformer__seed42,PMS2,P43246:5:P>I,0,0.043453585
train-pg_dms__transformer__seed42,PMS2,P43246:15:A>T,0,0.009111772
train-pg_dms__transformer__seed42,PMS2,P43246:15:A>W,0,0.4547456
train-pg_dms__transformer__seed42,PMS2,P43246:15:A>Y,0,0.07946292
train-pg_dms__transformer__seed42,PMS2,P43246:15:A>R,0,0.052081484
train-pg_dms__transformer__seed42,PMS2,P43246:15:A>E,0,0.034129705
train-pg_dms__transformer__seed42,PMS2,P43246:15:A>Q,0,0.012322489
train-pg_dms__transformer__seed42,PMS2,P43246:15:A>P,0,0.028636517
train-pg_dms__transformer__seed42,PMS2,P43246:15:A>N,0,0.00987068
train-pg_dms__transformer__seed42,PMS2,P43246:15:A>M,0,0.18150017
train-pg_dms__transformer__seed42,PMS2,P43246:15:A>L,0,0.010521334
train-pg_dms__transformer__seed42,PMS2,P43246:15:A>K,0,0.11379126
train-pg_dms__transformer__seed42,PMS2,P43246:15:A>I,0,0.033192538
train-pg_dms__transformer__seed42,PMS2,P43246:15:A>H,0,0.08790605
train-pg_dms__transformer__seed42,PMS2,P43246:15:A>G,0,0.0043716785
train-pg_dms__transformer__seed42,PMS2,P43246:15:A>S,0,0.008564964
train-pg_dms__transformer__seed42,PMS2,P43246:15:A>D,0,0.056822065
train-pg_dms__transformer__seed42,PMS2,P43246:15:A>C,0,0.012907836
train-pg_dms__transformer__seed42,PMS2,P43246:16:E>I,0,0.023831762
train-pg_dms__transformer__seed42,PMS2,P43246:16:E>H,0,0.035468277
train-pg_dms__transformer__seed42,PMS2,P43246:16:E>G,0,0.0025600744
train-pg_dms__transformer__seed42,PMS2,P43246:16:E>A,0,0.0052576093
train-pg_dms__transformer__seed42,PMS2,P43246:16:E>C,0,0.008989225
train-pg_dms__transformer__seed42,PMS2,P43246:16:E>F,0,0.017507374
train-pg_dms__transformer__seed42,PMS2,P43246:16:E>L,0,0.022633625
train-pg_dms__transformer__seed42,PMS2,P43246:16:E>M,0,0.2816492
train-pg_dms__transformer__seed42,PMS2,P43246:16:E>S,0,0.004423808
train-pg_dms__transformer__seed42,PMS2,P43246:16:E>Y,0,0.025814166
train-pg_dms__transformer__seed42,PMS2,P43246:16:E>W,0,0.17129889
train-pg_dms__transformer__seed42,PMS2,P43246:16:E>V,0,0.012573909
train-pg_dms__transformer__seed42,PMS2,P43246:16:E>T,0,0.0071065486
train-pg_dms__transformer__seed42,PMS2,P43246:16:E>R,0,0.027179984
train-pg_dms__transformer__seed42,PMS2,P43246:16:E>Q,0,0.0032415418
train-pg_dms__transformer__seed42,PMS2,P43246:16:E>P,0,0.21197036
train-pg_dms__transformer__seed42,PMS2,P43246:23:F>Q,0,0.28612223
train-pg_dms__transformer__seed42,PMS2,P43246:23:F>H,0,0.091777965
train-pg_dms__transformer__seed42,PMS2,P43246:23:F>G,0,0.5186129
train-pg_dms__transformer__seed42,PMS2,P43246:23:F>M,0,0.354767
train-pg_dms__transformer__seed42,PMS2,P43246:23:F>P,0,0.83805937
train-pg_dms__transformer__seed42,PMS2,P43246:23:F>N,0,0.36799395
train-pg_dms__transformer__seed42,PMS2,P43246:23:F>R,0,0.60751486
train-pg_dms__transformer__seed42,PMS2,P43246:23:F>S,0,0.22575238
train-pg_dms__transformer__seed42,PMS2,P43246:23:F>A,0,0.24430318
train-pg_dms__transformer__seed42,PMS2,P43246:23:F>V,0,0.014582106
train-pg_dms__transformer__seed42,PMS2,P43246:23:F>E,0,0.6312934
train-pg_dms__transformer__seed42,PMS2,P43246:23:F>T,0,0.26637152
train-pg_dms__transformer__seed42,PMS2,P43246:23:F>L,0,0.15367304
train-pg_dms__transformer__seed42,PMS2,P43246:23:F>I,0,0.01640254
train-pg_dms__transformer__seed42,PMS2,P43246:23:F>W,0,0.39284244
train-pg_dms__transformer__seed42,PMS2,P43246:23:F>C,0,0.003992049
train-pg_dms__transformer__seed42,PMS2,P43246:23:F>Y,0,0.005735185
train-pg_dms__transformer__seed42,PMS2,P43246:24:Q>D,0,0.011546503
train-pg_dms__transformer__seed42,PMS2,P43246:24:Q>Y,0,0.011024904
train-pg_dms__transformer__seed42,PMS2,P43246:24:Q>W,0,0.14848283
train-pg_dms__transformer__seed42,PMS2,P43246:24:Q>V,0,0.0062952694
train-pg_dms__transformer__seed42,PMS2,P43246:24:Q>T,0,0.0032475314
train-pg_dms__transformer__seed42,PMS2,P43246:24:Q>S,0,0.0068486086
train-pg_dms__transformer__seed42,PMS2,P43246:24:Q>R,0,0.0065459437
train-pg_dms__transformer__seed42,PMS2,P43246:24:Q>P,0,0.048265167
train-pg_dms__transformer__seed42,PMS2,P43246:24:Q>N,0,0.00638679
train-pg_dms__transformer__seed42,PMS2,P43246:24:Q>M,0,0.0953364
train-pg_dms__transformer__seed42,PMS2,P43246:24:Q>L,0,0.0071552405
train-pg_dms__transformer__seed42,PMS2,P43246:24:Q>I,0,0.0061365184
train-pg_dms__transformer__seed42,PMS2,P43246:24:Q>H,0,0.017251804
train-pg_dms__transformer__seed42,PMS2,P43246:24:Q>G,0,0.002036776
train-pg_dms__transformer__seed42,PMS2,P43246:24:Q>F,0,0.008879048
train-pg_dms__transformer__seed42,PMS2,P43246:24:Q>A,0,0.0029560693
train-pg_dms__transformer__seed42,PMS2,P43246:24:Q>E,0,0.0047674673
train-pg_dms__transformer__seed42,PMS2,P43246:24:Q>K,0,0.0064056385
train-pg_dms__transformer__seed42,PMS2,P43246:33:T>F,0,0.24269351
train-pg_dms__transformer__seed42,PMS2,P43246:33:T>K,0,0.3865279
train-pg_dms__transformer__seed42,PMS2,P43246:33:T>G,0,0.12555045
train-pg_dms__transformer__seed42,PMS2,P43246:33:T>L,0,0.07815788
train-pg_dms__transformer__seed42,PMS2,P43246:33:T>M,0,0.1325103
train-pg_dms__transformer__seed42,PMS2,P43246:33:T>N,0,0.13380544
train-pg_dms__transformer__seed42,PMS2,P43246:33:T>P,0,0.3344047
train-pg_dms__transformer__seed42,PMS2,P43246:33:T>Q,0,0.29475763
train-pg_dms__transformer__seed42,PMS2,P43246:33:T>S,0,0.035594296
train-pg_dms__transformer__seed42,PMS2,P43246:33:T>I,0,0.20633595
train-pg_dms__transformer__seed42,PMS2,P43246:33:T>W,0,0.69910324
train-pg_dms__transformer__seed42,PMS2,P43246:33:T>H,0,0.31796262
train-pg_dms__transformer__seed42,PMS2,P43246:33:T>A,0,0.02120135
train-pg_dms__transformer__seed42,PMS2,P43246:33:T>C,0,0.014095094
train-pg_dms__transformer__seed42,PMS2,P43246:33:T>D,0,0.44606674
train-pg_dms__transformer__seed42,PMS2,P43246:33:T>E,0,0.32624233
train-pg_dms__transformer__seed42,PMS2,P43246:33:T>V,0,0.035144012
train-pg_dms__transformer__seed42,PMS2,P43246:34:V>T,0,0.13106517
train-pg_dms__transformer__seed42,PMS2,P43246:34:V>Y,0,0.5546033
train-pg_dms__transformer__seed42,PMS2,P43246:34:V>S,0,0.5422876
train-pg_dms__transformer__seed42,PMS2,P43246:34:V>C,0,0.033548303
train-pg_dms__transformer__seed42,PMS2,P43246:34:V>Q,0,0.66127104
train-pg_dms__transformer__seed42,PMS2,P43246:34:V>I,0,0.0068650227
train-pg_dms__transformer__seed42,PMS2,P43246:34:V>F,0,0.019867042
train-pg_dms__transformer__seed42,PMS2,P43246:34:V>R,0,0.7978215
train-pg_dms__transformer__seed42,PMS2,P43246:34:V>E,0,0.7823632
train-pg_dms__transformer__seed42,PMS2,P43246:34:V>H,0,0.47156578
train-pg_dms__transformer__seed42,PMS2,P43246:34:V>K,0,0.74840295
train-pg_dms__transformer__seed42,PMS2,P43246:34:V>D,1,0.85614634
train-pg_dms__transformer__seed42,PMS2,P43246:34:V>A,0,0.047343574
train-pg_dms__transformer__seed42,PMS2,P43246:34:V>M,0,0.3089766
train-pg_dms__transformer__seed42,PMS2,P43246:34:V>N,0,0.61295295
train-pg_dms__transformer__seed42,PMS2,P43246:34:V>P,1,0.94065017
train-pg_dms__transformer__seed42,PMS2,P43246:37:F>A,0,0.6509855
train-pg_dms__transformer__seed42,PMS2,P43246:37:F>D,1,0.810784
train-pg_dms__transformer__seed42,PMS2,P43246:37:F>T,1,0.5393458
train-pg_dms__transformer__seed42,PMS2,P43246:37:F>G,1,0.77199316
train-pg_dms__transformer__seed42,PMS2,P43246:37:F>H,0,0.54675186
train-pg_dms__transformer__seed42,PMS2,P43246:37:F>I,0,0.61526847
train-pg_dms__transformer__seed42,PMS2,P43246:37:F>K,0,0.69467854
train-pg_dms__transformer__seed42,PMS2,P43246:37:F>M,0,0.6185467
train-pg_dms__transformer__seed42,PMS2,P43246:37:F>P,1,0.85873926
train-pg_dms__transformer__seed42,PMS2,P43246:37:F>S,1,0.6230963
train-pg_dms__transformer__seed42,PMS2,P43246:37:F>V,0,0.657335
train-pg_dms__transformer__seed42,PMS2,P43246:37:F>W,0,0.742559
train-pg_dms__transformer__seed42,PMS2,P43246:37:F>Y,0,0.41976723
train-pg_dms__transformer__seed42,PMS2,P43246:37:F>E,0,0.7328821
train-pg_dms__transformer__seed42,PMS2,P43246:37:F>L,0,0.52548337
train-pg_dms__transformer__seed42,PMS2,P43246:39:R>V,0,0.13591376
train-pg_dms__transformer__seed42,PMS2,P43246:39:R>C,1,0.019045407
train-pg_dms__transformer__seed42,PMS2,P43246:39:R>A,0,0.037020028
train-pg_dms__transformer__seed42,PMS2,P43246:39:R>Y,0,0.18198039
train-pg_dms__transformer__seed42,PMS2,P43246:39:R>T,1,0.092229016
train-pg_dms__transformer__seed42,PMS2,P43246:39:R>Q,0,0.07883849
train-pg_dms__transformer__seed42,PMS2,P43246:39:R>P,1,0.4112552
train-pg_dms__transformer__seed42,PMS2,P43246:39:R>N,0,0.07021409
train-pg_dms__transformer__seed42,PMS2,P43246:39:R>S,0,0.1631099
train-pg_dms__transformer__seed42,PMS2,P43246:39:R>L,0,0.22472575
train-pg_dms__transformer__seed42,PMS2,P43246:39:R>I,1,0.16842961
train-pg_dms__transformer__seed42,PMS2,P43246:39:R>H,0,0.10488881
train-pg_dms__transformer__seed42,PMS2,P43246:39:R>G,1,0.03714386
train-pg_dms__transformer__seed42,PMS2,P43246:39:R>F,0,0.06533443
train-pg_dms__transformer__seed42,PMS2,P43246:39:R>E,1,0.22280088
train-pg_dms__transformer__seed42,PMS2,P43246:39:R>M,0,0.4230994
train-pg_dms__transformer__seed42,PMS2,P43246:40:G>M,0,0.20164955
train-pg_dms__transformer__seed42,PMS2,P43246:40:G>C,0,0.004569856
train-pg_dms__transformer__seed42,PMS2,P43246:40:G>A,0,0.0049627633
train-pg_dms__transformer__seed42,PMS2,P43246:40:G>H,0,0.14114289
train-pg_dms__transformer__seed42,PMS2,P43246:40:G>I,0,0.031919286
train-pg_dms__transformer__seed42,PMS2,P43246:40:G>K,0,0.1419909
train-pg_dms__transformer__seed42,PMS2,P43246:40:G>L,0,0.04082614
train-pg_dms__transformer__seed42,PMS2,P43246:40:G>N,0,0.008550764
train-pg_dms__transformer__seed42,PMS2,P43246:40:G>W,0,0.43431678
train-pg_dms__transformer__seed42,PMS2,P43246:40:G>Q,0,0.020748995
train-pg_dms__transformer__seed42,PMS2,P43246:40:G>R,0,0.058178544
train-pg_dms__transformer__seed42,PMS2,P43246:40:G>S,0,0.023199793
train-pg_dms__transformer__seed42,PMS2,P43246:40:G>T,0,0.011205556
train-pg_dms__transformer__seed42,PMS2,P43246:40:G>V,0,0.01798961
train-pg_dms__transformer__seed42,PMS2,P43246:40:G>Y,0,0.084246136
train-pg_dms__transformer__seed42,PMS2,P43246:40:G>F,0,0.058778044
train-pg_dms__transformer__seed42,PMS2,P43246:40:G>P,0,0.31764072
train-pg_dms__transformer__seed42,PMS2,P43246:40:G>D,0,0.09079969
train-pg_dms__transformer__seed42,PMS2,P43246:41:D>C,0,0.0033047963
train-pg_dms__transformer__seed42,PMS2,P43246:41:D>A,0,0.006243022
train-pg_dms__transformer__seed42,PMS2,P43246:41:D>N,0,0.0021727982
train-pg_dms__transformer__seed42,PMS2,P43246:41:D>M,0,0.27445322
train-pg_dms__transformer__seed42,PMS2,P43246:41:D>R,0,0.015644604
train-pg_dms__transformer__seed42,PMS2,P43246:41:D>Q,0,0.0048445407
train-pg_dms__transformer__seed42,PMS2,P43246:41:D>S,0,0.0046034325
train-pg_dms__transformer__seed42,PMS2,P43246:41:D>Y,0,0.021319892
train-pg_dms__transformer__seed42,PMS2,P43246:41:D>W,0,0.28020817
train-pg_dms__transformer__seed42,PMS2,P43246:41:D>V,0,0.006246396
train-pg_dms__transformer__seed42,PMS2,P43246:41:D>P,0,0.13784756
train-pg_dms__transformer__seed42,PMS2,P43246:41:D>L,0,0.020237623
train-pg_dms__transformer__seed42,PMS2,P43246:41:D>K,0,0.023444906
train-pg_dms__transformer__seed42,PMS2,P43246:41:D>I,0,0.013985414
train-pg_dms__transformer__seed42,PMS2,P43246:41:D>H,0,0.031715155
train-pg_dms__transformer__seed42,PMS2,P43246:41:D>E,0,0.0062147514
train-pg_dms__transformer__seed42,PMS2,P43246:41:D>F,0,0.007864104
train-pg_dms__transformer__seed42,PMS2,P43246:41:D>G,0,0.0024314795
train-pg_dms__transformer__seed42,PMS2,P43246:41:D>T,0,0.004710592
train-pg_dms__transformer__seed42,PMS2,P43246:52:L>R,0,0.008693555
train-pg_dms__transformer__seed42,PMS2,P43246:52:L>Q,0,0.0029560188
train-pg_dms__transformer__seed42,PMS2,P43246:52:L>D,0,0.25002939
train-pg_dms__transformer__seed42,PMS2,P43246:52:L>E,0,0.04746906
train-pg_dms__transformer__seed42,PMS2,P43246:52:L>F,0,0.0009905013
train-pg_dms__transformer__seed42,PMS2,P43246:52:L>G,0,0.017239999
train-pg_dms__transformer__seed42,PMS2,P43246:52:L>H,0,0.009910526
train-pg_dms__transformer__seed42,PMS2,P43246:52:L>I,0,0.0031129404
train-pg_dms__transformer__seed42,PMS2,P43246:52:L>K,0,0.029044798
train-pg_dms__transformer__seed42,PMS2,P43246:52:L>M,0,0.037510615
train-pg_dms__transformer__seed42,PMS2,P43246:52:L>N,0,0.029370107
train-pg_dms__transformer__seed42,PMS2,P43246:52:L>P,0,0.50293404
train-pg_dms__transformer__seed42,PMS2,P43246:52:L>A,0,0.0024716847
train-pg_dms__transformer__seed42,PMS2,P43246:52:L>W,0,0.29336575
train-pg_dms__transformer__seed42,PMS2,P43246:52:L>T,0,0.0037921546
train-pg_dms__transformer__seed42,PMS2,P43246:52:L>V,0,0.0010993812
train-pg_dms__transformer__seed42,PMS2,P43246:52:L>Y,0,0.0097526
train-pg_dms__transformer__seed42,PMS2,P43246:52:L>S,0,0.019753432
train-pg_dms__transformer__seed42,PMS2,P43246:56:E>A,0,0.0023739007
train-pg_dms__transformer__seed42,PMS2,P43246:56:E>C,0,0.006546747
train-pg_dms__transformer__seed42,PMS2,P43246:56:E>N,0,0.01265291
train-pg_dms__transformer__seed42,PMS2,P43246:56:E>Y,0,0.011798523
train-pg_dms__transformer__seed42,PMS2,P43246:56:E>W,0,0.32518694
train-pg_dms__transformer__seed42,PMS2,P43246:56:E>V,0,0.007397368
train-pg_dms__transformer__seed42,PMS2,P43246:56:E>T,0,0.0041714227
train-pg_dms__transformer__seed42,PMS2,P43246:56:E>S,0,0.0028874
train-pg_dms__transformer__seed42,PMS2,P43246:56:E>R,0,0.034292836
train-pg_dms__transformer__seed42,PMS2,P43246:56:E>Q,0,0.00827416
train-pg_dms__transformer__seed42,PMS2,P43246:56:E>P,0,0.3565504
train-pg_dms__transformer__seed42,PMS2,P43246:56:E>M,0,0.23214673
train-pg_dms__transformer__seed42,PMS2,P43246:56:E>L,0,0.018303834
train-pg_dms__transformer__seed42,PMS2,P43246:56:E>K,0,0.069668986
train-pg_dms__transformer__seed42,PMS2,P43246:56:E>I,0,0.010299192
train-pg_dms__transformer__seed42,PMS2,P43246:56:E>H,0,0.04910069
train-pg_dms__transformer__seed42,PMS2,P43246:56:E>G,0,0.0030790472
train-pg_dms__transformer__seed42,PMS2,P43246:56:E>F,0,0.008801087
train-pg_dms__transformer__seed42,PMS2,P43246:67:M>A,0,0.022814449
train-pg_dms__transformer__seed42,PMS2,P43246:67:M>K,0,0.14061102
train-pg_dms__transformer__seed42,PMS2,P43246:67:M>E,0,0.25318384
train-pg_dms__transformer__seed42,PMS2,P43246:67:M>F,0,0.01425882
train-pg_dms__transformer__seed42,PMS2,P43246:67:M>G,0,0.09865683
train-pg_dms__transformer__seed42,PMS2,P43246:67:M>I,0,0.029234659
train-pg_dms__transformer__seed42,PMS2,P43246:67:M>L,0,0.010949761
train-pg_dms__transformer__seed42,PMS2,P43246:67:M>N,0,0.16913047
train-pg_dms__transformer__seed42,PMS2,P43246:67:M>P,0,0.6004294
train-pg_dms__transformer__seed42,PMS2,P43246:67:M>D,0,0.3858315
train-pg_dms__transformer__seed42,PMS2,P43246:67:M>S,0,0.057220515
train-pg_dms__transformer__seed42,PMS2,P43246:67:M>V,0,0.0142228855
train-pg_dms__transformer__seed42,PMS2,P43246:67:M>W,0,0.4282523
train-pg_dms__transformer__seed42,PMS2,P43246:67:M>Y,0,0.07095518
train-pg_dms__transformer__seed42,PMS2,P43246:67:M>T,0,0.030967737
train-pg_dms__transformer__seed42,PMS2,P43246:67:M>C,0,0.030511783
train-pg_dms__transformer__seed42,PMS2,P43246:68:G>F,0,0.110471785
train-pg_dms__transformer__seed42,PMS2,P43246:68:G>A,0,0.021193266
train-pg_dms__transformer__seed42,PMS2,P43246:68:G>E,0,0.29479977
train-pg_dms__transformer__seed42,PMS2,P43246:68:G>P,0,0.49859276
train-pg_dms__transformer__seed42,PMS2,P43246:68:G>M,0,0.4187502
train-pg_dms__transformer__seed42,PMS2,P43246:68:G>L,0,0.15779479
train-pg_dms__transformer__seed42,PMS2,P43246:68:G>K,0,0.3938497
train-pg_dms__transformer__seed42,PMS2,P43246:68:G>D,0,0.36500242
train-pg_dms__transformer__seed42,PMS2,P43246:68:G>I,1,0.20611803
train-pg_dms__transformer__seed42,PMS2,P43246:68:G>Q,0,0.1783265
train-pg_dms__transformer__seed42,PMS2,P43246:68:G>R,0,0.28287026
train-pg_dms__transformer__seed42,PMS2,P43246:68:G>S,0,0.022409437
train-pg_dms__transformer__seed42,PMS2,P43246:68:G>T,0,0.11740843
train-pg_dms__transformer__seed42,PMS2,P43246:68:G>W,0,0.6425612
train-pg_dms__transformer__seed42,PMS2,P43246:68:G>Y,0,0.19769098
train-pg_dms__transformer__seed42,PMS2,P43246:68:G>H,0,0.40361083
train-pg_dms__transformer__seed42,PMS2,P43246:75:L>D,0,0.85682243
train-pg_dms__transformer__seed42,PMS2,P43246:75:L>E,0,0.6010158
train-pg_dms__transformer__seed42,PMS2,P43246:75:L>F,0,0.0103044
train-pg_dms__transformer__seed42,PMS2,P43246:75:L>G,0,0.56047153
train-pg_dms__transformer__seed42,PMS2,P43246:75:L>H,0,0.31724057
train-pg_dms__transformer__seed42,PMS2,P43246:75:L>N,0,0.56842446
train-pg_dms__transformer__seed42,PMS2,P43246:75:L>S,0,0.436082
train-pg_dms__transformer__seed42,PMS2,P43246:75:L>Q,0,0.08449071
train-pg_dms__transformer__seed42,PMS2,P43246:75:L>R,0,0.46576768
train-pg_dms__transformer__seed42,PMS2,P43246:75:L>T,0,0.05697713
train-pg_dms__transformer__seed42,PMS2,P43246:75:L>V,0,0.0044852025
train-pg_dms__transformer__seed42,PMS2,P43246:75:L>W,0,0.6643366
train-pg_dms__transformer__seed42,PMS2,P43246:75:L>Y,0,0.19877917
train-pg_dms__transformer__seed42,PMS2,P43246:75:L>C,0,0.017888093
train-pg_dms__transformer__seed42,PMS2,P43246:75:L>P,0,0.9119224
train-pg_dms__transformer__seed42,PMS2,P43246:75:L>A,0,0.0821039
train-pg_dms__transformer__seed42,PMS2,P43246:75:L>I,0,0.008471422
train-pg_dms__transformer__seed42,PMS2,P43246:76:Q>Y,0,0.073723406
train-pg_dms__transformer__seed42,PMS2,P43246:76:Q>A,0,0.00372327
train-pg_dms__transformer__seed42,PMS2,P43246:76:Q>C,0,0.009154744
train-pg_dms__transformer__seed42,PMS2,P43246:76:Q>D,0,0.07957201
train-pg_dms__transformer__seed42,PMS2,P43246:76:Q>F,0,0.07647577
train-pg_dms__transformer__seed42,PMS2,P43246:76:Q>G,0,0.005711764
train-pg_dms__transformer__seed42,PMS2,P43246:76:Q>H,0,0.03724566
train-pg_dms__transformer__seed42,PMS2,P43246:76:Q>I,0,0.06280373
train-pg_dms__transformer__seed42,PMS2,P43246:76:Q>K,0,0.015011624
train-pg_dms__transformer__seed42,PMS2,P43246:76:Q>L,0,0.01520128
train-pg_dms__transformer__seed42,PMS2,P43246:76:Q>M,0,0.21224366
train-pg_dms__transformer__seed42,PMS2,P43246:76:Q>P,0,0.0269269
train-pg_dms__transformer__seed42,PMS2,P43246:76:Q>R,0,0.0064392313
train-pg_dms__transformer__seed42,PMS2,P43246:76:Q>N,0,0.025595373
train-pg_dms__transformer__seed42,PMS2,P43246:76:Q>T,0,0.012445168
train-pg_dms__transformer__seed42,PMS2,P43246:76:Q>V,0,0.028940516
train-pg_dms__transformer__seed42,PMS2,P43246:76:Q>W,0,0.40895757
train-pg_dms__transformer__seed42,PMS2,P43246:76:Q>S,0,0.010618132
train-pg_dms__transformer__seed42,PMS2,P43246:78:V>D,1,0.91046566
train-pg_dms__transformer__seed42,PMS2,P43246:78:V>E,0,0.9190398
train-pg_dms__transformer__seed42,PMS2,P43246:78:V>G,0,0.3713768
train-pg_dms__transformer__seed42,PMS2,P43246:78:V>H,0,0.6511932
train-pg_dms__transformer__seed42,PMS2,P43246:78:V>I,0,0.03175569
train-pg_dms__transformer__seed42,PMS2,P43246:78:V>K,0,0.8610933
train-pg_dms__transformer__seed42,PMS2,P43246:78:V>L,0,0.19797781
train-pg_dms__transformer__seed42,PMS2,P43246:78:V>N,0,0.811135
train-pg_dms__transformer__seed42,PMS2,P43246:78:V>P,1,0.968055
train-pg_dms__transformer__seed42,PMS2,P43246:78:V>Q,0,0.76749533
train-pg_dms__transformer__seed42,PMS2,P43246:78:V>S,0,0.53995484
train-pg_dms__transformer__seed42,PMS2,P43246:78:V>T,0,0.18444306
train-pg_dms__transformer__seed42,PMS2,P43246:78:V>W,0,0.8764172
train-pg_dms__transformer__seed42,PMS2,P43246:78:V>Y,1,0.59133106
train-pg_dms__transformer__seed42,PMS2,P43246:78:V>C,0,0.13312753
train-pg_dms__transformer__seed42,PMS2,P43246:78:V>M,0,0.63437027
train-pg_dms__transformer__seed42,PMS2,P43246:78:V>R,0,0.9219619
train-pg_dms__transformer__seed42,PMS2,P43246:78:V>A,0,0.09158262
train-pg_dms__transformer__seed42,PMS2,P43246:87:S>R,0,0.05374977
train-pg_dms__transformer__seed42,PMS2,P43246:87:S>T,0,0.0017662335
train-pg_dms__transformer__seed42,PMS2,P43246:87:S>G,0,0.0008743818
train-pg_dms__transformer__seed42,PMS2,P43246:87:S>V,0,0.002351212
train-pg_dms__transformer__seed42,PMS2,P43246:87:S>W,1,0.19829829
train-pg_dms__transformer__seed42,PMS2,P43246:87:S>A,0,0.0007392305
train-pg_dms__transformer__seed42,PMS2,P43246:87:S>C,0,0.005319658
train-pg_dms__transformer__seed42,PMS2,P43246:87:S>D,0,0.05366315
train-pg_dms__transformer__seed42,PMS2,P43246:87:S>E,0,0.06271877
train-pg_dms__transformer__seed42,PMS2,P43246:87:S>F,0,0.002948469
train-pg_dms__transformer__seed42,PMS2,P43246:87:S>Q,0,0.013018517
train-pg_dms__transformer__seed42,PMS2,P43246:87:S>Y,0,0.008648477
train-pg_dms__transformer__seed42,PMS2,P43246:87:S>H,0,0.020423578
train-pg_dms__transformer__seed42,PMS2,P43246:87:S>I,0,0.0018524493
train-pg_dms__transformer__seed42,PMS2,P43246:87:S>K,0,0.034911625
train-pg_dms__transformer__seed42,PMS2,P43246:87:S>L,0,0.0023245355
train-pg_dms__transformer__seed42,PMS2,P43246:87:S>M,0,0.034970462
train-pg_dms__transformer__seed42,PMS2,P43246:87:S>N,0,0.0019221389
train-pg_dms__transformer__seed42,PMS2,P43246:87:S>P,0,0.115190774
train-pg_dms__transformer__seed42,PMS2,P43246:88:F>C,0,0.040681254
train-pg_dms__transformer__seed42,PMS2,P43246:88:F>Y,0,0.073282555
train-pg_dms__transformer__seed42,PMS2,P43246:88:F>W,0,0.70659184
train-pg_dms__transformer__seed42,PMS2,P43246:88:F>V,0,0.07994295
train-pg_dms__transformer__seed42,PMS2,P43246:88:F>T,0,0.50067586
train-pg_dms__transformer__seed42,PMS2,P43246:88:F>D,1,0.882018
train-pg_dms__transformer__seed42,PMS2,P43246:88:F>R,0,0.88583934
train-pg_dms__transformer__seed42,PMS2,P43246:88:F>S,0,0.6687783
train-pg_dms__transformer__seed42,PMS2,P43246:88:F>G,0,0.7130924
train-pg_dms__transformer__seed42,PMS2,P43246:88:F>H,0,0.6299766
train-pg_dms__transformer__seed42,PMS2,P43246:88:F>I,0,0.103242464
train-pg_dms__transformer__seed42,PMS2,P43246:88:F>K,0,0.78364867
train-pg_dms__transformer__seed42,PMS2,P43246:88:F>L,0,0.43302998
train-pg_dms__transformer__seed42,PMS2,P43246:88:F>A,0,0.4995592
train-pg_dms__transformer__seed42,PMS2,P43246:88:F>P,0,0.9172473
train-pg_dms__transformer__seed42,PMS2,P43246:88:F>Q,0,0.6975857
train-pg_dms__transformer__seed42,PMS2,P43246:88:F>M,0,0.42256886
train-pg_dms__transformer__seed42,PMS2,P43246:91:D>A,0,0.008103984
train-pg_dms__transformer__seed42,PMS2,P43246:91:D>C,0,0.0060807317
train-pg_dms__transformer__seed42,PMS2,P43246:91:D>H,0,0.025137128
train-pg_dms__transformer__seed42,PMS2,P43246:91:D>I,0,0.015156445
train-pg_dms__transformer__seed42,PMS2,P43246:91:D>K,0,0.04715153
train-pg_dms__transformer__seed42,PMS2,P43246:91:D>L,0,0.025179667
train-pg_dms__transformer__seed42,PMS2,P43246:91:D>W,0,0.26283577
train-pg_dms__transformer__seed42,PMS2,P43246:91:D>P,0,0.29026112
train-pg_dms__transformer__seed42,PMS2,P43246:91:D>Q,0,0.01568084
train-pg_dms__transformer__seed42,PMS2,P43246:91:D>R,0,0.038401026
train-pg_dms__transformer__seed42,PMS2,P43246:91:D>S,0,0.00824845
train-pg_dms__transformer__seed42,PMS2,P43246:91:D>T,0,0.015115104
train-pg_dms__transformer__seed42,PMS2,P43246:91:D>V,0,0.031682406
train-pg_dms__transformer__seed42,PMS2,P43246:91:D>M,0,0.23879604
train-pg_dms__transformer__seed42,PMS2,P43246:95:V>K,0,0.009908041
train-pg_dms__transformer__seed42,PMS2,P43246:95:V>I,0,0.00038975396
train-pg_dms__transformer__seed42,PMS2,P43246:95:V>H,0,0.014886924
train-pg_dms__transformer__seed42,PMS2,P43246:95:V>G,0,0.001911966
train-pg_dms__transformer__seed42,PMS2,P43246:95:V>P,0,0.096807145
train-pg_dms__transformer__seed42,PMS2,P43246:95:V>E,0,0.012060413
train-pg_dms__transformer__seed42,PMS2,P43246:95:V>D,0,0.01569665
train-pg_dms__transformer__seed42,PMS2,P43246:95:V>L,0,0.004845053
train-pg_dms__transformer__seed42,PMS2,P43246:95:V>F,0,0.0033980731
train-pg_dms__transformer__seed42,PMS2,P43246:95:V>Y,0,0.008976118
train-pg_dms__transformer__seed42,PMS2,P43246:95:V>Q,0,0.005526913
train-pg_dms__transformer__seed42,PMS2,P43246:95:V>R,0,0.004959614
train-pg_dms__transformer__seed42,PMS2,P43246:95:V>S,0,0.003273516
train-pg_dms__transformer__seed42,PMS2,P43246:95:V>T,0,0.004899325
train-pg_dms__transformer__seed42,PMS2,P43246:95:V>W,0,0.18385966
train-pg_dms__transformer__seed42,PMS2,P43246:95:V>M,0,0.062525816
train-pg_dms__transformer__seed42,PMS2,P43246:95:V>A,0,0.0029965034
train-pg_dms__transformer__seed42,PMS2,P43246:95:V>C,0,0.004741591
train-pg_dms__transformer__seed42,PMS2,P43246:95:V>N,0,0.0049217306
train-pg_dms__transformer__seed42,PMS2,P43246:110:K>D,1,0.055821568
train-pg_dms__transformer__seed42,PMS2,P43246:110:K>Q,0,0.008759715
train-pg_dms__transformer__seed42,PMS2,P43246:110:K>P,0,0.07938056
train-pg_dms__transformer__seed42,PMS2,P43246:110:K>S,0,0.008309206
train-pg_dms__transformer__seed42,PMS2,P43246:110:K>N,0,0.030589852
train-pg_dms__transformer__seed42,PMS2,P43246:110:K>M,0,0.20842509
train-pg_dms__transformer__seed42,PMS2,P43246:110:K>L,0,0.024232313
train-pg_dms__transformer__seed42,PMS2,P43246:110:K>I,0,0.009831852
train-pg_dms__transformer__seed42,PMS2,P43246:110:K>H,0,0.017897671
train-pg_dms__transformer__seed42,PMS2,P43246:110:K>F,0,0.014472642
train-pg_dms__transformer__seed42,PMS2,P43246:110:K>E,1,0.043128498
train-pg_dms__transformer__seed42,PMS2,P43246:110:K>W,0,0.33737412
train-pg_dms__transformer__seed42,PMS2,P43246:110:K>V,0,0.017956933
train-pg_dms__transformer__seed42,PMS2,P43246:110:K>T,1,0.0085492525
train-pg_dms__transformer__seed42,PMS2,P43246:110:K>Y,0,0.024482667
train-pg_dms__transformer__seed42,PMS2,P43246:110:K>R,0,0.0009941497
train-pg_dms__transformer__seed42,PMS2,P43246:110:K>G,0,0.004350155
train-pg_dms__transformer__seed42,PMS2,P43246:110:K>A,0,0.008966193
train-pg_dms__transformer__seed42,PMS2,P43246:111:A>D,0,0.048594728
train-pg_dms__transformer__seed42,PMS2,P43246:111:A>K,0,0.0987845
train-pg_dms__transformer__seed42,PMS2,P43246:111:A>G,0,0.0035393
train-pg_dms__transformer__seed42,PMS2,P43246:111:A>L,0,0.00741962
train-pg_dms__transformer__seed42,PMS2,P43246:111:A>M,0,0.044374883
train-pg_dms__transformer__seed42,PMS2,P43246:111:A>N,0,0.0049452987
train-pg_dms__transformer__seed42,PMS2,P43246:111:A>P,0,0.015633952
train-pg_dms__transformer__seed42,PMS2,P43246:111:A>Q,0,0.01646449
train-pg_dms__transformer__seed42,PMS2,P43246:111:A>R,0,0.041940514
train-pg_dms__transformer__seed42,PMS2,P43246:111:A>E,0,0.06988075
train-pg_dms__transformer__seed42,PMS2,P43246:111:A>S,0,0.004371666
train-pg_dms__transformer__seed42,PMS2,P43246:111:A>V,0,0.008531374
train-pg_dms__transformer__seed42,PMS2,P43246:111:A>C,0,0.0034159443
train-pg_dms__transformer__seed42,PMS2,P43246:111:A>W,0,0.44724244
train-pg_dms__transformer__seed42,PMS2,P43246:111:A>Y,0,0.04076211
train-pg_dms__transformer__seed42,PMS2,P43246:111:A>I,0,0.007085745
train-pg_dms__transformer__seed42,PMS2,P43246:111:A>H,0,0.068190165
train-pg_dms__transformer__seed42,PMS2,P43246:111:A>F,0,0.007633356
train-pg_dms__transformer__seed42,PMS2,P43246:127:N>Y,0,0.008660226
train-pg_dms__transformer__seed42,PMS2,P43246:127:N>Q,0,0.11943427
train-pg_dms__transformer__seed42,PMS2,P43246:127:N>M,0,0.5249266
train-pg_dms__transformer__seed42,PMS2,P43246:127:N>L,0,0.07785246
train-pg_dms__transformer__seed42,PMS2,P43246:127:N>K,0,0.44488102
train-pg_dms__transformer__seed42,PMS2,P43246:127:N>H,0,0.019264834
train-pg_dms__transformer__seed42,PMS2,P43246:127:N>I,0,0.13552764
train-pg_dms__transformer__seed42,PMS2,P43246:127:N>V,0,0.11425359
train-pg_dms__transformer__seed42,PMS2,P43246:127:N>P,1,0.9175533
train-pg_dms__transformer__seed42,PMS2,P43246:127:N>W,0,0.7127954
train-pg_dms__transformer__seed42,PMS2,P43246:127:N>C,0,0.0057709008
train-pg_dms__transformer__seed42,PMS2,P43246:127:N>F,0,0.032999143
train-pg_dms__transformer__seed42,PMS2,P43246:127:N>D,0,0.26707608
train-pg_dms__transformer__seed42,PMS2,P43246:127:N>E,0,0.44302902
train-pg_dms__transformer__seed42,PMS2,P43246:127:N>A,0,0.024464667
train-pg_dms__transformer__seed42,PMS2,P43246:127:N>G,0,0.09441574
train-pg_dms__transformer__seed42,PMS2,P43246:127:N>R,0,0.2683234
train-pg_dms__transformer__seed42,PMS2,P43246:137:G>T,0,0.0021423765
train-pg_dms__transformer__seed42,PMS2,P43246:137:G>S,0,0.000741919
train-pg_dms__transformer__seed42,PMS2,P43246:137:G>D,0,0.012289685
train-pg_dms__transformer__seed42,PMS2,P43246:137:G>R,0,0.027796661
train-pg_dms__transformer__seed42,PMS2,P43246:137:G>P,0,0.07312478
train-pg_dms__transformer__seed42,PMS2,P43246:137:G>N,0,0.0040065167
train-pg_dms__transformer__seed42,PMS2,P43246:137:G>M,0,0.16033573
train-pg_dms__transformer__seed42,PMS2,P43246:137:G>L,0,0.006994817
train-pg_dms__transformer__seed42,PMS2,P43246:137:G>K,0,0.020854603
train-pg_dms__transformer__seed42,PMS2,P43246:137:G>I,0,0.0028472047
train-pg_dms__transformer__seed42,PMS2,P43246:137:G>W,0,0.13679719
train-pg_dms__transformer__seed42,PMS2,P43246:137:G>Q,0,0.005115745
train-pg_dms__transformer__seed42,PMS2,P43246:137:G>E,0,0.0113704
train-pg_dms__transformer__seed42,PMS2,P43246:137:G>C,0,0.0010373361
train-pg_dms__transformer__seed42,PMS2,P43246:137:G>A,0,0.00068579323
train-pg_dms__transformer__seed42,PMS2,P43246:137:G>H,0,0.023558486
train-pg_dms__transformer__seed42,PMS2,P43246:141:M>V,0,0.010439775
train-pg_dms__transformer__seed42,PMS2,P43246:141:M>T,0,0.0074795582
train-pg_dms__transformer__seed42,PMS2,P43246:141:M>S,0,0.008638345
train-pg_dms__transformer__seed42,PMS2,P43246:141:M>R,0,0.020632248
train-pg_dms__transformer__seed42,PMS2,P43246:141:M>Q,0,0.0095019005
train-pg_dms__transformer__seed42,PMS2,P43246:141:M>P,0,0.06497717
train-pg_dms__transformer__seed42,PMS2,P43246:141:M>N,0,0.00844399
train-pg_dms__transformer__seed42,PMS2,P43246:141:M>L,0,0.005697035
train-pg_dms__transformer__seed42,PMS2,P43246:141:M>K,0,0.029343221
train-pg_dms__transformer__seed42,PMS2,P43246:141:M>I,0,0.010442854
train-pg_dms__transformer__seed42,PMS2,P43246:141:M>G,0,0.008237184
train-pg_dms__transformer__seed42,PMS2,P43246:141:M>F,0,0.0072226156
train-pg_dms__transformer__seed42,PMS2,P43246:141:M>E,0,0.043495644
train-pg_dms__transformer__seed42,PMS2,P43246:141:M>C,0,0.009366321
train-pg_dms__transformer__seed42,PMS2,P43246:141:M>D,0,0.068917066
train-pg_dms__transformer__seed42,PMS2,P43246:141:M>W,0,0.27120823
train-pg_dms__transformer__seed42,PMS2,P43246:141:M>Y,0,0.01902937
train-pg_dms__transformer__seed42,PMS2,P43246:141:M>A,0,0.003718128
train-pg_dms__transformer__seed42,PMS2,P43246:142:S>R,0,0.025575498
train-pg_dms__transformer__seed42,PMS2,P43246:142:S>D,0,0.015770625
train-pg_dms__transformer__seed42,PMS2,P43246:142:S>W,0,0.10740108
train-pg_dms__transformer__seed42,PMS2,P43246:142:S>V,0,0.0016514371
train-pg_dms__transformer__seed42,PMS2,P43246:142:S>T,0,0.001575503
train-pg_dms__transformer__seed42,PMS2,P43246:142:S>E,0,0.009499711
train-pg_dms__transformer__seed42,PMS2,P43246:142:S>F,0,0.0025058505
train-pg_dms__transformer__seed42,PMS2,P43246:142:S>G,0,0.0010318436
train-pg_dms__transformer__seed42,PMS2,P43246:142:S>I,0,0.0020346108
train-pg_dms__transformer__seed42,PMS2,P43246:142:S>K,0,0.02566053
train-pg_dms__transformer__seed42,PMS2,P43246:142:S>L,0,0.0030072837
train-pg_dms__transformer__seed42,PMS2,P43246:142:S>M,0,0.052930463
train-pg_dms__transformer__seed42,PMS2,P43246:142:S>N,0,0.0017355871
train-pg_dms__transformer__seed42,PMS2,P43246:142:S>P,0,0.01302109
train-pg_dms__transformer__seed42,PMS2,P43246:142:S>Q,0,0.0066098263
train-pg_dms__transformer__seed42,PMS2,P43246:142:S>C,0,0.00054825604
train-pg_dms__transformer__seed42,PMS2,P43246:142:S>H,0,0.011305979
train-pg_dms__transformer__seed42,PMS2,P43246:145:I>W,0,0.5503956
train-pg_dms__transformer__seed42,PMS2,P43246:145:I>V,0,0.005888327
train-pg_dms__transformer__seed42,PMS2,P43246:145:I>T,0,0.018645393
train-pg_dms__transformer__seed42,PMS2,P43246:145:I>S,0,0.009872004
train-pg_dms__transformer__seed42,PMS2,P43246:145:I>K,0,0.10621998
train-pg_dms__transformer__seed42,PMS2,P43246:145:I>H,0,0.1229309
train-pg_dms__transformer__seed42,PMS2,P43246:145:I>Q,0,0.02997434
train-pg_dms__transformer__seed42,PMS2,P43246:145:I>P,0,0.15925916
train-pg_dms__transformer__seed42,PMS2,P43246:145:I>Y,0,0.056616705
train-pg_dms__transformer__seed42,PMS2,P43246:145:I>R,0,0.057221938
train-pg_dms__transformer__seed42,PMS2,P43246:145:I>C,0,0.0068987007
train-pg_dms__transformer__seed42,PMS2,P43246:145:I>D,0,0.2857506
train-pg_dms__transformer__seed42,PMS2,P43246:145:I>A,0,0.004224254
train-pg_dms__transformer__seed42,PMS2,P43246:145:I>N,0,0.01895092
train-pg_dms__transformer__seed42,PMS2,P43246:145:I>E,0,0.117374435
train-pg_dms__transformer__seed42,PMS2,P43246:145:I>F,0,0.004810805
train-pg_dms__transformer__seed42,PMS2,P43246:145:I>G,0,0.01639708
train-pg_dms__transformer__seed42,PMS2,P43246:145:I>L,0,0.01808447
train-pg_dms__transformer__seed42,PMS2,P43246:146:G>Q,0,0.7368261
train-pg_dms__transformer__seed42,PMS2,P43246:146:G>R,0,0.8663821
train-pg_dms__transformer__seed42,PMS2,P43246:146:G>Y,0,0.79104006
train-pg_dms__transformer__seed42,PMS2,P43246:146:G>S,0,0.033605624
train-pg_dms__transformer__seed42,PMS2,P43246:146:G>T,0,0.059826747
train-pg_dms__transformer__seed42,PMS2,P43246:146:G>N,0,0.5211091
train-pg_dms__transformer__seed42,PMS2,P43246:146:G>M,0,0.5241028
train-pg_dms__transformer__seed42,PMS2,P43246:146:G>L,0,0.6214382
train-pg_dms__transformer__seed42,PMS2,P43246:146:G>K,0,0.91201717
train-pg_dms__transformer__seed42,PMS2,P43246:146:G>I,0,0.38793713
train-pg_dms__transformer__seed42,PMS2,P43246:146:G>P,0,0.9321597
train-pg_dms__transformer__seed42,PMS2,P43246:146:G>W,0,0.85133976
train-pg_dms__transformer__seed42,PMS2,P43246:146:G>V,0,0.086078495
train-pg_dms__transformer__seed42,PMS2,P43246:146:G>E,0,0.84675014
train-pg_dms__transformer__seed42,PMS2,P43246:146:G>A,0,0.009092119
train-pg_dms__transformer__seed42,PMS2,P43246:146:G>C,0,0.015163407
train-pg_dms__transformer__seed42,PMS2,P43246:146:G>D,0,0.8945692
train-pg_dms__transformer__seed42,PMS2,P43246:146:G>F,0,0.70382893
train-pg_dms__transformer__seed42,PMS2,P43246:146:G>H,0,0.7940351
train-pg_dms__transformer__seed42,PMS2,P43246:147:V>I,0,0.06286809
train-pg_dms__transformer__seed42,PMS2,P43246:147:V>H,1,0.9281305
train-pg_dms__transformer__seed42,PMS2,P43246:147:V>M,1,0.39878488
train-pg_dms__transformer__seed42,PMS2,P43246:147:V>F,0,0.45751968
train-pg_dms__transformer__seed42,PMS2,P43246:147:V>E,1,0.9837715
train-pg_dms__transformer__seed42,PMS2,P43246:147:V>D,1,0.9863288
train-pg_dms__transformer__seed42,PMS2,P43246:147:V>C,0,0.4939374
train-pg_dms__transformer__seed42,PMS2,P43246:147:V>A,0,0.0616887
train-pg_dms__transformer__seed42,PMS2,P43246:147:V>G,0,0.28095
train-pg_dms__transformer__seed42,PMS2,P43246:147:V>W,1,0.95474845
train-pg_dms__transformer__seed42,PMS2,P43246:147:V>T,0,0.17933637
train-pg_dms__transformer__seed42,PMS2,P43246:147:V>S,0,0.62844944
train-pg_dms__transformer__seed42,PMS2,P43246:147:V>R,1,0.9899977
train-pg_dms__transformer__seed42,PMS2,P43246:147:V>P,0,0.9921731
train-pg_dms__transformer__seed42,PMS2,P43246:147:V>N,0,0.9383096
train-pg_dms__transformer__seed42,PMS2,P43246:147:V>K,1,0.9735103
train-pg_dms__transformer__seed42,PMS2,P43246:147:V>L,0,0.30979222
train-pg_dms__transformer__seed42,PMS2,P43246:151:K>V,0,0.113844335
train-pg_dms__transformer__seed42,PMS2,P43246:151:K>W,0,0.46871534
train-pg_dms__transformer__seed42,PMS2,P43246:151:K>C,0,0.013381822
train-pg_dms__transformer__seed42,PMS2,P43246:151:K>R,0,0.006788617
train-pg_dms__transformer__seed42,PMS2,P43246:151:K>A,0,0.060750253
train-pg_dms__transformer__seed42,PMS2,P43246:151:K>D,0,0.7566823
train-pg_dms__transformer__seed42,PMS2,P43246:151:K>F,0,0.0911328
train-pg_dms__transformer__seed42,PMS2,P43246:151:K>G,0,0.11035102
train-pg_dms__transformer__seed42,PMS2,P43246:151:K>H,0,0.042728987
train-pg_dms__transformer__seed42,PMS2,P43246:151:K>I,0,0.18952343
train-pg_dms__transformer__seed42,PMS2,P43246:151:K>L,0,0.090349175
train-pg_dms__transformer__seed42,PMS2,P43246:151:K>S,0,0.08267207
train-pg_dms__transformer__seed42,PMS2,P43246:151:K>M,0,0.44706178
train-pg_dms__transformer__seed42,PMS2,P43246:151:K>Y,0,0.1123911
train-pg_dms__transformer__seed42,PMS2,P43246:151:K>N,0,0.28249383
train-pg_dms__transformer__seed42,PMS2,P43246:151:K>P,1,0.9393105
train-pg_dms__transformer__seed42,PMS2,P43246:151:K>Q,0,0.006661177
train-pg_dms__transformer__seed42,PMS2,P43246:155:V>Y,0,0.0036914216
train-pg_dms__transformer__seed42,PMS2,P43246:155:V>G,0,0.0018558874
train-pg_dms__transformer__seed42,PMS2,P43246:155:V>P,0,0.014828701
train-pg_dms__transformer__seed42,PMS2,P43246:155:V>E,0,0.0033956422
train-pg_dms__transformer__seed42,PMS2,P43246:155:V>I,0,0.005501891
train-pg_dms__transformer__seed42,PMS2,P43246:155:V>F,0,0.000788086
train-pg_dms__transformer__seed42,PMS2,P43246:155:V>K,0,0.0039652637
train-pg_dms__transformer__seed42,PMS2,P43246:155:V>T,0,0.0012344215
train-pg_dms__transformer__seed42,PMS2,P43246:155:V>M,0,0.030589443
train-pg_dms__transformer__seed42,PMS2,P43246:155:V>N,0,0.0013988401
train-pg_dms__transformer__seed42,PMS2,P43246:155:V>W,0,0.23653431
train-pg_dms__transformer__seed42,PMS2,P43246:155:V>S,0,0.000953886
train-pg_dms__transformer__seed42,PMS2,P43246:155:V>R,0,0.003403248
train-pg_dms__transformer__seed42,PMS2,P43246:155:V>Q,0,0.0022573532
train-pg_dms__transformer__seed42,PMS2,P43246:155:V>C,0,0.001989366
train-pg_dms__transformer__seed42,PMS2,P43246:155:V>L,0,0.0030304112
train-pg_dms__transformer__seed42,PMS2,P43246:155:V>A,0,0.0018171708
train-pg_dms__transformer__seed42,PMS2,P43246:155:V>H,0,0.0065519344
train-pg_dms__transformer__seed42,PMS2,P43246:163:V>M,0,0.28237548
train-pg_dms__transformer__seed42,PMS2,P43246:163:V>S,1,0.31398803
train-pg_dms__transformer__seed42,PMS2,P43246:163:V>R,1,0.9615569
train-pg_dms__transformer__seed42,PMS2,P43246:163:V>Q,1,0.8458449
train-pg_dms__transformer__seed42,PMS2,P43246:163:V>P,1,0.9813059
train-pg_dms__transformer__seed42,PMS2,P43246:163:V>N,1,0.8841716
train-pg_dms__transformer__seed42,PMS2,P43246:163:V>L,0,0.03556
train-pg_dms__transformer__seed42,PMS2,P43246:163:V>A,0,0.020381123
train-pg_dms__transformer__seed42,PMS2,P43246:163:V>H,1,0.78658587
train-pg_dms__transformer__seed42,PMS2,P43246:163:V>F,0,0.03939607
train-pg_dms__transformer__seed42,PMS2,P43246:163:V>E,1,0.9150802
train-pg_dms__transformer__seed42,PMS2,P43246:163:V>C,0,0.15795115
train-pg_dms__transformer__seed42,PMS2,P43246:163:V>W,1,0.88565004
train-pg_dms__transformer__seed42,PMS2,P43246:163:V>K,1,0.90002894
train-pg_dms__transformer__seed42,PMS2,P43246:163:V>Y,1,0.7275355
train-pg_dms__transformer__seed42,PMS2,P43246:163:V>T,1,0.12160787
train-pg_dms__transformer__seed42,PMS2,P43246:167:D>G,0,0.052132525
train-pg_dms__transformer__seed42,PMS2,P43246:167:D>Y,0,0.046898726
train-pg_dms__transformer__seed42,PMS2,P43246:167:D>W,0,0.58647364
train-pg_dms__transformer__seed42,PMS2,P43246:167:D>V,0,0.10290428
train-pg_dms__transformer__seed42,PMS2,P43246:167:D>T,0,0.060165837
train-pg_dms__transformer__seed42,PMS2,P43246:167:D>S,0,0.012246432
train-pg_dms__transformer__seed42,PMS2,P43246:167:D>R,1,0.5462979
train-pg_dms__transformer__seed42,PMS2,P43246:167:D>F,0,0.08393282
train-pg_dms__transformer__seed42,PMS2,P43246:167:D>Q,0,0.122361384
train-pg_dms__transformer__seed42,PMS2,P43246:167:D>N,0,0.0067300587
train-pg_dms__transformer__seed42,PMS2,P43246:167:D>C,0,0.018244756
train-pg_dms__transformer__seed42,PMS2,P43246:167:D>M,0,0.5205247
train-pg_dms__transformer__seed42,PMS2,P43246:167:D>L,0,0.12531503
train-pg_dms__transformer__seed42,PMS2,P43246:167:D>I,1,0.28521878
train-pg_dms__transformer__seed42,PMS2,P43246:167:D>P,1,0.8508678
train-pg_dms__transformer__seed42,PMS2,P43246:167:D>A,0,0.03047476
train-pg_dms__transformer__seed42,PMS2,P43246:167:D>K,0,0.47900197
train-pg_dms__transformer__seed42,PMS2,P43246:169:I>P,0,0.13458636
train-pg_dms__transformer__seed42,PMS2,P43246:169:I>R,0,0.01660739
train-pg_dms__transformer__seed42,PMS2,P43246:169:I>Q,0,0.00579523
train-pg_dms__transformer__seed42,PMS2,P43246:169:I>M,0,0.08298601
train-pg_dms__transformer__seed42,PMS2,P43246:169:I>S,0,0.0014565665
train-pg_dms__transformer__seed42,PMS2,P43246:169:I>L,0,0.0019289348
train-pg_dms__transformer__seed42,PMS2,P43246:169:I>H,0,0.018486626
train-pg_dms__transformer__seed42,PMS2,P43246:169:I>E,0,0.028239405
train-pg_dms__transformer__seed42,PMS2,P43246:169:I>D,0,0.06669664
train-pg_dms__transformer__seed42,PMS2,P43246:169:I>C,0,0.0025030263
train-pg_dms__transformer__seed42,PMS2,P43246:169:I>A,0,0.001798031
train-pg_dms__transformer__seed42,PMS2,P43246:169:I>N,0,0.003627168
train-pg_dms__transformer__seed42,PMS2,P43246:169:I>T,0,0.0016516219
train-pg_dms__transformer__seed42,PMS2,P43246:169:I>G,0,0.0027342297
train-pg_dms__transformer__seed42,PMS2,P43246:169:I>W,0,0.3481585
train-pg_dms__transformer__seed42,PMS2,P43246:169:I>Y,0,0.0070401286
train-pg_dms__transformer__seed42,PMS2,P43246:173:L>W,0,0.88204676
train-pg_dms__transformer__seed42,PMS2,P43246:173:L>D,1,0.9773711
train-pg_dms__transformer__seed42,PMS2,P43246:173:L>G,1,0.9177464
train-pg_dms__transformer__seed42,PMS2,P43246:173:L>H,1,0.88885826
train-pg_dms__transformer__seed42,PMS2,P43246:173:L>I,0,0.019985156
train-pg_dms__transformer__seed42,PMS2,P43246:173:L>K,1,0.9640208
train-pg_dms__transformer__seed42,PMS2,P43246:173:L>M,0,0.10288452
train-pg_dms__transformer__seed42,PMS2,P43246:173:L>N,1,0.94465
train-pg_dms__transformer__seed42,PMS2,P43246:173:L>A,0,0.27413782
train-pg_dms__transformer__seed42,PMS2,P43246:173:L>V,0,0.027733706
train-pg_dms__transformer__seed42,PMS2,P43246:173:L>Q,1,0.8553077
train-pg_dms__transformer__seed42,PMS2,P43246:173:L>F,0,0.0101142675
train-pg_dms__transformer__seed42,PMS2,P43246:173:L>E,1,0.9548792
train-pg_dms__transformer__seed42,PMS2,P43246:173:L>S,1,0.8604672
train-pg_dms__transformer__seed42,PMS2,P43246:173:L>T,1,0.70723337
train-pg_dms__transformer__seed42,PMS2,P43246:174:G>L,0,0.15642935
train-pg_dms__transformer__seed42,PMS2,P43246:174:G>N,0,0.35749227
train-pg_dms__transformer__seed42,PMS2,P43246:174:G>P,1,0.9629782
train-pg_dms__transformer__seed42,PMS2,P43246:174:G>Q,0,0.20145118
train-pg_dms__transformer__seed42,PMS2,P43246:174:G>R,0,0.5075574
train-pg_dms__transformer__seed42,PMS2,P43246:174:G>S,0,0.012492541
train-pg_dms__transformer__seed42,PMS2,P43246:174:G>T,0,0.056288414
train-pg_dms__transformer__seed42,PMS2,P43246:174:G>V,0,0.06196383
train-pg_dms__transformer__seed42,PMS2,P43246:174:G>W,0,0.71239525
train-pg_dms__transformer__seed42,PMS2,P43246:174:G>Y,0,0.15213715
train-pg_dms__transformer__seed42,PMS2,P43246:174:G>A,0,0.008646593
train-pg_dms__transformer__seed42,PMS2,P43246:174:G>C,0,0.00778931
train-pg_dms__transformer__seed42,PMS2,P43246:174:G>D,0,0.8296432
train-pg_dms__transformer__seed42,PMS2,P43246:174:G>E,0,0.319562
train-pg_dms__transformer__seed42,PMS2,P43246:174:G>F,0,0.18064737
train-pg_dms__transformer__seed42,PMS2,P43246:174:G>I,0,0.0829741
train-pg_dms__transformer__seed42,PMS2,P43246:174:G>K,0,0.8040858
train-pg_dms__transformer__seed42,PMS2,P43246:174:G>M,0,0.3585216
train-pg_dms__transformer__seed42,PMS2,P43246:174:G>H,0,0.38051715
train-pg_dms__transformer__seed42,PMS2,P43246:175:L>C,0,0.038133934
train-pg_dms__transformer__seed42,PMS2,P43246:175:L>A,0,0.06776798
train-pg_dms__transformer__seed42,PMS2,P43246:175:L>F,0,0.014682296
train-pg_dms__transformer__seed42,PMS2,P43246:175:L>G,0,0.8280322
train-pg_dms__transformer__seed42,PMS2,P43246:175:L>H,0,0.61017865
train-pg_dms__transformer__seed42,PMS2,P43246:175:L>I,0,0.012393353
train-pg_dms__transformer__seed42,PMS2,P43246:175:L>K,0,0.924276
train-pg_dms__transformer__seed42,PMS2,P43246:175:L>M,0,0.112667605
train-pg_dms__transformer__seed42,PMS2,P43246:175:L>Q,0,0.44398123
train-pg_dms__transformer__seed42,PMS2,P43246:175:L>S,0,0.40665224
train-pg_dms__transformer__seed42,PMS2,P43246:175:L>T,0,0.12572916
train-pg_dms__transformer__seed42,PMS2,P43246:175:L>V,0,0.016259702
train-pg_dms__transformer__seed42,PMS2,P43246:175:L>W,0,0.8004684
train-pg_dms__transformer__seed42,PMS2,P43246:175:L>Y,0,0.21295491
train-pg_dms__transformer__seed42,PMS2,P43246:175:L>D,1,0.9760885
train-pg_dms__transformer__seed42,PMS2,P43246:175:L>R,1,0.9118282
train-pg_dms__transformer__seed42,PMS2,P43246:178:F>C,1,0.14850949
train-pg_dms__transformer__seed42,PMS2,P43246:178:F>D,1,0.7107915
train-pg_dms__transformer__seed42,PMS2,P43246:178:F>E,1,0.68784904
train-pg_dms__transformer__seed42,PMS2,P43246:178:F>G,1,0.6078999
train-pg_dms__transformer__seed42,PMS2,P43246:178:F>I,0,0.11369633
train-pg_dms__transformer__seed42,PMS2,P43246:178:F>K,1,0.5835956
train-pg_dms__transformer__seed42,PMS2,P43246:178:F>W,0,0.7556165
train-pg_dms__transformer__seed42,PMS2,P43246:178:F>V,0,0.2921458
train-pg_dms__transformer__seed42,PMS2,P43246:178:F>T,1,0.5153757
train-pg_dms__transformer__seed42,PMS2,P43246:178:F>S,1,0.5373341
train-pg_dms__transformer__seed42,PMS2,P43246:178:F>R,1,0.7355718
train-pg_dms__transformer__seed42,PMS2,P43246:178:F>P,1,0.8003662
train-pg_dms__transformer__seed42,PMS2,P43246:178:F>N,1,0.48628467
train-pg_dms__transformer__seed42,PMS2,P43246:178:F>M,0,0.47164956
train-pg_dms__transformer__seed42,PMS2,P43246:178:F>A,1,0.4894175
train-pg_dms__transformer__seed42,PMS2,P43246:178:F>Q,1,0.5502015
train-pg_dms__transformer__seed42,PMS2,P43246:179:P>F,0,0.0012031129
train-pg_dms__transformer__seed42,PMS2,P43246:179:P>G,0,0.0006416411
train-pg_dms__transformer__seed42,PMS2,P43246:179:P>H,0,0.0037855837
train-pg_dms__transformer__seed42,PMS2,P43246:179:P>I,0,0.0012640596
train-pg_dms__transformer__seed42,PMS2,P43246:179:P>K,0,0.0046156277
train-pg_dms__transformer__seed42,PMS2,P43246:179:P>E,0,0.002651797
train-pg_dms__transformer__seed42,PMS2,P43246:179:P>L,0,0.00260271
train-pg_dms__transformer__seed42,PMS2,P43246:179:P>A,0,0.0005430844
train-pg_dms__transformer__seed42,PMS2,P43246:179:P>Y,0,0.0017370583
train-pg_dms__transformer__seed42,PMS2,P43246:179:P>W,0,0.114424646
train-pg_dms__transformer__seed42,PMS2,P43246:179:P>V,0,0.0011379269
train-pg_dms__transformer__seed42,PMS2,P43246:179:P>D,0,0.005730056
train-pg_dms__transformer__seed42,PMS2,P43246:179:P>S,0,0.0007020352
train-pg_dms__transformer__seed42,PMS2,P43246:179:P>R,0,0.0011526154
train-pg_dms__transformer__seed42,PMS2,P43246:179:P>Q,0,0.0012017414
train-pg_dms__transformer__seed42,PMS2,P43246:179:P>M,0,0.02578108
train-pg_dms__transformer__seed42,PMS2,P43246:179:P>N,0,0.0017730971
train-pg_dms__transformer__seed42,PMS2,P43246:179:P>T,0,0.0011281623
train-pg_dms__transformer__seed42,PMS2,P43246:187:L>K,1,0.82666135
train-pg_dms__transformer__seed42,PMS2,P43246:187:L>M,0,0.15874644
train-pg_dms__transformer__seed42,PMS2,P43246:187:L>N,1,0.8322451
train-pg_dms__transformer__seed42,PMS2,P43246:187:L>A,0,0.059618358
train-pg_dms__transformer__seed42,PMS2,P43246:187:L>Q,1,0.5823271
train-pg_dms__transformer__seed42,PMS2,P43246:187:L>S,0,0.46641904
train-pg_dms__transformer__seed42,PMS2,P43246:187:L>T,0,0.030769108
train-pg_dms__transformer__seed42,PMS2,P43246:187:L>V,0,0.015748326
train-pg_dms__transformer__seed42,PMS2,P43246:187:L>W,0,0.8098626
train-pg_dms__transformer__seed42,PMS2,P43246:187:L>G,1,0.6354064
train-pg_dms__transformer__seed42,PMS2,P43246:187:L>E,1,0.79844874
train-pg_dms__transformer__seed42,PMS2,P43246:187:L>D,1,0.896309
train-pg_dms__transformer__seed42,PMS2,P43246:187:L>C,0,0.046514675
train-pg_dms__transformer__seed42,PMS2,P43246:187:L>H,1,0.7009998
train-pg_dms__transformer__seed42,PMS2,P43246:190:L>W,1,0.75034004
train-pg_dms__transformer__seed42,PMS2,P43246:190:L>M,0,0.14397962
train-pg_dms__transformer__seed42,PMS2,P43246:190:L>H,0,0.6974425
train-pg_dms__transformer__seed42,PMS2,P43246:190:L>P,1,0.977887
train-pg_dms__transformer__seed42,PMS2,P43246:190:L>Q,1,0.40621957
train-pg_dms__transformer__seed42,PMS2,P43246:190:L>R,0,0.9529975
train-pg_dms__transformer__seed42,PMS2,P43246:190:L>S,0,0.4016277
train-pg_dms__transformer__seed42,PMS2,P43246:190:L>T,0,0.20770073
train-pg_dms__transformer__seed42,PMS2,P43246:190:L>V,0,0.02434849
train-pg_dms__transformer__seed42,PMS2,P43246:190:L>G,0,0.7621692
train-pg_dms__transformer__seed42,PMS2,P43246:190:L>E,1,0.8898648
train-pg_dms__transformer__seed42,PMS2,P43246:190:L>I,0,0.019158741
train-pg_dms__transformer__seed42,PMS2,P43246:190:L>K,0,0.91032344
train-pg_dms__transformer__seed42,PMS2,P43246:190:L>A,0,0.039406925
train-pg_dms__transformer__seed42,PMS2,P43246:190:L>C,0,0.016959915
train-pg_dms__transformer__seed42,PMS2,P43246:190:L>D,1,0.9594123
train-pg_dms__transformer__seed42,PMS2,P43246:193:Q>C,0,0.06299287
train-pg_dms__transformer__seed42,PMS2,P43246:193:Q>D,0,0.71439034
train-pg_dms__transformer__seed42,PMS2,P43246:193:Q>R,0,0.14236744
train-pg_dms__transformer__seed42,PMS2,P43246:193:Q>L,0,0.08911365
train-pg_dms__transformer__seed42,PMS2,P43246:193:Q>K,0,0.28455678
train-pg_dms__transformer__seed42,PMS2,P43246:193:Q>S,0,0.027486784
train-pg_dms__transformer__seed42,PMS2,P43246:193:Q>T,0,0.06752211
train-pg_dms__transformer__seed42,PMS2,P43246:193:Q>V,0,0.28973967
train-pg_dms__transformer__seed42,PMS2,P43246:193:Q>W,0,0.64253926
train-pg_dms__transformer__seed42,PMS2,P43246:193:Q>Y,0,0.4576884
train-pg_dms__transformer__seed42,PMS2,P43246:193:Q>M,0,0.39837
train-pg_dms__transformer__seed42,PMS2,P43246:193:Q>N,0,0.27172405
train-pg_dms__transformer__seed42,PMS2,P43246:193:Q>E,0,0.040158402
train-pg_dms__transformer__seed42,PMS2,P43246:193:Q>F,0,0.21531568
train-pg_dms__transformer__seed42,PMS2,P43246:193:Q>G,0,0.03850773
train-pg_dms__transformer__seed42,PMS2,P43246:193:Q>H,0,0.33601543
train-pg_dms__transformer__seed42,PMS2,P43246:193:Q>I,0,0.3383925
train-pg_dms__transformer__seed42,PMS2,P43246:193:Q>A,0,0.0316483
train-pg_dms__transformer__seed42,PMS2,P43246:196:P>K,0,0.88309735
train-pg_dms__transformer__seed42,PMS2,P43246:196:P>I,0,0.641549
train-pg_dms__transformer__seed42,PMS2,P43246:196:P>H,0,0.5425272
train-pg_dms__transformer__seed42,PMS2,P43246:196:P>G,0,0.12434482
train-pg_dms__transformer__seed42,PMS2,P43246:196:P>C,0,0.045620922
train-pg_dms__transformer__seed42,PMS2,P43246:196:P>F,0,0.20732702
train-pg_dms__transformer__seed42,PMS2,P43246:196:P>A,0,0.0043447
train-pg_dms__transformer__seed42,PMS2,P43246:196:P>E,1,0.8438901
train-pg_dms__transformer__seed42,PMS2,P43246:196:P>L,0,0.25000763
train-pg_dms__transformer__seed42,PMS2,P43246:196:P>Y,0,0.34684443
train-pg_dms__transformer__seed42,PMS2,P43246:196:P>M,0,0.7183352
train-pg_dms__transformer__seed42,PMS2,P43246:196:P>W,0,0.82479364
train-pg_dms__transformer__seed42,PMS2,P43246:196:P>R,1,0.8655912
train-pg_dms__transformer__seed42,PMS2,P43246:196:P>S,0,0.1156469
train-pg_dms__transformer__seed42,PMS2,P43246:196:P>T,0,0.05893124
train-pg_dms__transformer__seed42,PMS2,P43246:196:P>V,0,0.27380037
train-pg_dms__transformer__seed42,PMS2,P43246:196:P>N,0,0.8367159
train-pg_dms__transformer__seed42,PMS2,P43246:197:K>P,0,0.9077363
train-pg_dms__transformer__seed42,PMS2,P43246:197:K>R,0,0.0012529619
train-pg_dms__transformer__seed42,PMS2,P43246:197:K>N,0,0.3146912
train-pg_dms__transformer__seed42,PMS2,P43246:197:K>S,0,0.035443522
train-pg_dms__transformer__seed42,PMS2,P43246:197:K>T,0,0.029538997
train-pg_dms__transformer__seed42,PMS2,P43246:197:K>V,0,0.26525292
train-pg_dms__transformer__seed42,PMS2,P43246:197:K>M,0,0.57704085
train-pg_dms__transformer__seed42,PMS2,P43246:197:K>L,0,0.12737133
train-pg_dms__transformer__seed42,PMS2,P43246:197:K>W,0,0.5050719
train-pg_dms__transformer__seed42,PMS2,P43246:197:K>H,0,0.16002785
train-pg_dms__transformer__seed42,PMS2,P43246:197:K>Y,0,0.08347606
train-pg_dms__transformer__seed42,PMS2,P43246:197:K>A,0,0.038498893
train-pg_dms__transformer__seed42,PMS2,P43246:197:K>D,0,0.665602
train-pg_dms__transformer__seed42,PMS2,P43246:197:K>E,0,0.18878385
train-pg_dms__transformer__seed42,PMS2,P43246:197:K>F,0,0.038033996
train-pg_dms__transformer__seed42,PMS2,P43246:197:K>I,0,0.31971413
train-pg_dms__transformer__seed42,PMS2,P43246:197:K>G,0,0.048560712
train-pg_dms__transformer__seed42,PMS2,P43246:200:V>I,0,0.0349708
train-pg_dms__transformer__seed42,PMS2,P43246:200:V>K,1,0.9633248
train-pg_dms__transformer__seed42,PMS2,P43246:200:V>L,0,0.013038168
train-pg_dms__transformer__seed42,PMS2,P43246:200:V>M,1,0.33230644
train-pg_dms__transformer__seed42,PMS2,P43246:200:V>C,0,0.12958194
train-pg_dms__transformer__seed42,PMS2,P43246:200:V>F,0,0.08368472
train-pg_dms__transformer__seed42,PMS2,P43246:200:V>E,1,0.96001124
train-pg_dms__transformer__seed42,PMS2,P43246:200:V>G,1,0.5124767
train-pg_dms__transformer__seed42,PMS2,P43246:200:V>N,0,0.9528307
train-pg_dms__transformer__seed42,PMS2,P43246:200:V>P,1,0.9894666
train-pg_dms__transformer__seed42,PMS2,P43246:200:V>Q,1,0.85057783
train-pg_dms__transformer__seed42,PMS2,P43246:200:V>H,0,0.7961443
train-pg_dms__transformer__seed42,PMS2,P43246:200:V>R,1,0.9767203
train-pg_dms__transformer__seed42,PMS2,P43246:200:V>T,0,0.2651379
train-pg_dms__transformer__seed42,PMS2,P43246:200:V>W,1,0.91368544
train-pg_dms__transformer__seed42,PMS2,P43246:200:V>Y,0,0.5697321
train-pg_dms__transformer__seed42,PMS2,P43246:200:V>S,1,0.4308532
train-pg_dms__transformer__seed42,PMS2,P43246:205:E>N,0,0.0068262364
train-pg_dms__transformer__seed42,PMS2,P43246:205:E>W,0,0.600871
train-pg_dms__transformer__seed42,PMS2,P43246:205:E>M,0,0.34535456
train-pg_dms__transformer__seed42,PMS2,P43246:205:E>T,0,0.007215081
train-pg_dms__transformer__seed42,PMS2,P43246:205:E>L,0,0.095194146
train-pg_dms__transformer__seed42,PMS2,P43246:205:E>V,0,0.017708898
train-pg_dms__transformer__seed42,PMS2,P43246:205:E>I,0,0.039579697
train-pg_dms__transformer__seed42,PMS2,P43246:205:E>G,1,0.0018451157
train-pg_dms__transformer__seed42,PMS2,P43246:205:E>F,0,0.04871641
train-pg_dms__transformer__seed42,PMS2,P43246:205:E>K,0,0.02967627
train-pg_dms__transformer__seed42,PMS2,P43246:205:E>A,0,0.00389478
train-pg_dms__transformer__seed42,PMS2,P43246:205:E>C,0,0.017586585
train-pg_dms__transformer__seed42,PMS2,P43246:205:E>R,0,0.05890395
train-pg_dms__transformer__seed42,PMS2,P43246:205:E>S,0,0.011601517
train-pg_dms__transformer__seed42,PMS2,P43246:205:E>Y,0,0.13201115
train-pg_dms__transformer__seed42,PMS2,P43246:205:E>Q,0,0.01868272
train-pg_dms__transformer__seed42,PMS2,P43246:205:E>P,0,0.22965135
train-pg_dms__transformer__seed42,PMS2,P43246:210:M>N,0,0.017066374
train-pg_dms__transformer__seed42,PMS2,P43246:210:M>W,0,0.4143928
train-pg_dms__transformer__seed42,PMS2,P43246:210:M>A,0,0.0032458247
train-pg_dms__transformer__seed42,PMS2,P43246:210:M>C,0,0.010611762
train-pg_dms__transformer__seed42,PMS2,P43246:210:M>D,0,0.09286825
train-pg_dms__transformer__seed42,PMS2,P43246:210:M>E,0,0.03666854
train-pg_dms__transformer__seed42,PMS2,P43246:210:M>F,0,0.006233445
train-pg_dms__transformer__seed42,PMS2,P43246:210:M>G,0,0.006767391
train-pg_dms__transformer__seed42,PMS2,P43246:210:M>Y,0,0.015143574
train-pg_dms__transformer__seed42,PMS2,P43246:210:M>K,0,0.035326444
train-pg_dms__transformer__seed42,PMS2,P43246:210:M>P,0,0.099077985
train-pg_dms__transformer__seed42,PMS2,P43246:210:M>Q,0,0.013287334
train-pg_dms__transformer__seed42,PMS2,P43246:210:M>R,0,0.026809704
train-pg_dms__transformer__seed42,PMS2,P43246:210:M>S,0,0.0055478937
train-pg_dms__transformer__seed42,PMS2,P43246:210:M>T,0,0.0042899027
train-pg_dms__transformer__seed42,PMS2,P43246:210:M>V,0,0.022245934
train-pg_dms__transformer__seed42,PMS2,P43246:210:M>L,0,0.009499832
train-pg_dms__transformer__seed42,PMS2,P43246:210:M>H,0,0.03634853
train-pg_dms__transformer__seed42,PMS2,P43246:219:R>Y,0,0.021178411
train-pg_dms__transformer__seed42,PMS2,P43246:219:R>K,0,0.014036954
train-pg_dms__transformer__seed42,PMS2,P43246:219:R>L,0,0.035121053
train-pg_dms__transformer__seed42,PMS2,P43246:219:R>M,0,0.37026137
train-pg_dms__transformer__seed42,PMS2,P43246:219:R>N,0,0.066803165
train-pg_dms__transformer__seed42,PMS2,P43246:219:R>V,0,0.10488176
train-pg_dms__transformer__seed42,PMS2,P43246:219:R>S,0,0.016510352
train-pg_dms__transformer__seed42,PMS2,P43246:219:R>Q,0,0.0023578766
train-pg_dms__transformer__seed42,PMS2,P43246:219:R>P,1,0.4983066
train-pg_dms__transformer__seed42,PMS2,P43246:219:R>I,0,0.044387978
train-pg_dms__transformer__seed42,PMS2,P43246:219:R>W,0,0.3094696
train-pg_dms__transformer__seed42,PMS2,P43246:219:R>H,0,0.012344074
train-pg_dms__transformer__seed42,PMS2,P43246:219:R>E,0,0.03755847
train-pg_dms__transformer__seed42,PMS2,P43246:219:R>F,0,0.030678852
train-pg_dms__transformer__seed42,PMS2,P43246:219:R>D,0,0.13395193
train-pg_dms__transformer__seed42,PMS2,P43246:219:R>C,0,0.0037475547
train-pg_dms__transformer__seed42,PMS2,P43246:219:R>A,0,0.010645508
train-pg_dms__transformer__seed42,PMS2,P43246:219:R>G,0,0.009138271
train-pg_dms__transformer__seed42,PMS2,P43246:221:G>C,0,0.006041303
train-pg_dms__transformer__seed42,PMS2,P43246:221:G>Y,0,0.067155495
train-pg_dms__transformer__seed42,PMS2,P43246:221:G>W,0,0.4763032
train-pg_dms__transformer__seed42,PMS2,P43246:221:G>V,0,0.06794323
train-pg_dms__transformer__seed42,PMS2,P43246:221:G>T,0,0.024550429
train-pg_dms__transformer__seed42,PMS2,P43246:221:G>S,0,0.0038926015
train-pg_dms__transformer__seed42,PMS2,P43246:221:G>R,0,0.013895916
train-pg_dms__transformer__seed42,PMS2,P43246:221:G>Q,0,0.01590843
train-pg_dms__transformer__seed42,PMS2,P43246:221:G>A,0,0.0064891917
train-pg_dms__transformer__seed42,PMS2,P43246:221:G>P,0,0.4240211
train-pg_dms__transformer__seed42,PMS2,P43246:221:G>M,0,0.4083619
train-pg_dms__transformer__seed42,PMS2,P43246:221:G>L,0,0.081871495
train-pg_dms__transformer__seed42,PMS2,P43246:221:G>K,0,0.059960704
train-pg_dms__transformer__seed42,PMS2,P43246:221:G>I,0,0.11285167
train-pg_dms__transformer__seed42,PMS2,P43246:221:G>H,0,0.07780684
train-pg_dms__transformer__seed42,PMS2,P43246:221:G>F,0,0.09895477
train-pg_dms__transformer__seed42,PMS2,P43246:221:G>N,0,0.012119735
train-pg_dms__transformer__seed42,PMS2,P43246:221:G>D,0,0.012766019
train-pg_dms__transformer__seed42,PMS2,P43246:224:I>C,0,0.008406973
train-pg_dms__transformer__seed42,PMS2,P43246:224:I>R,0,0.071944006
train-pg_dms__transformer__seed42,PMS2,P43246:224:I>T,0,0.015928606
train-pg_dms__transformer__seed42,PMS2,P43246:224:I>V,0,0.010419892
train-pg_dms__transformer__seed42,PMS2,P43246:224:I>W,1,0.6410596
train-pg_dms__transformer__seed42,PMS2,P43246:224:I>Y,0,0.06582128
train-pg_dms__transformer__seed42,PMS2,P43246:224:I>D,0,0.560562
train-pg_dms__transformer__seed42,PMS2,P43246:224:I>E,0,0.1607511
train-pg_dms__transformer__seed42,PMS2,P43246:224:I>A,0,0.014357705
train-pg_dms__transformer__seed42,PMS2,P43246:224:I>G,0,0.06568066
train-pg_dms__transformer__seed42,PMS2,P43246:224:I>H,0,0.17003034
train-pg_dms__transformer__seed42,PMS2,P43246:224:I>Q,0,0.034550466
train-pg_dms__transformer__seed42,PMS2,P43246:224:I>P,0,0.48463717
train-pg_dms__transformer__seed42,PMS2,P43246:224:I>N,0,0.023723701
train-pg_dms__transformer__seed42,PMS2,P43246:224:I>M,0,0.15643789
train-pg_dms__transformer__seed42,PMS2,P43246:224:I>L,0,0.014898973
train-pg_dms__transformer__seed42,PMS2,P43246:224:I>K,0,0.12487067
train-pg_dms__transformer__seed42,PMS2,P43246:224:I>F,0,0.008608513
train-pg_dms__transformer__seed42,PMS2,P43246:226:E>C,0,0.02867195
train-pg_dms__transformer__seed42,PMS2,P43246:226:E>D,0,0.005994321
train-pg_dms__transformer__seed42,PMS2,P43246:226:E>Y,0,0.30760202
train-pg_dms__transformer__seed42,PMS2,P43246:226:E>G,0,0.004476794
train-pg_dms__transformer__seed42,PMS2,P43246:226:E>H,0,0.10853696
train-pg_dms__transformer__seed42,PMS2,P43246:226:E>I,0,0.038888764
train-pg_dms__transformer__seed42,PMS2,P43246:226:E>K,0,0.021931326
train-pg_dms__transformer__seed42,PMS2,P43246:226:E>L,0,0.08210122
train-pg_dms__transformer__seed42,PMS2,P43246:226:E>W,0,0.7467199
train-pg_dms__transformer__seed42,PMS2,P43246:226:E>N,0,0.0079541495
train-pg_dms__transformer__seed42,PMS2,P43246:226:E>A,0,0.005329042
train-pg_dms__transformer__seed42,PMS2,P43246:226:E>T,0,0.011045158
train-pg_dms__transformer__seed42,PMS2,P43246:226:E>S,0,0.031964175
train-pg_dms__transformer__seed42,PMS2,P43246:226:E>R,0,0.065005295
train-pg_dms__transformer__seed42,PMS2,P43246:226:E>Q,0,0.0054157767
train-pg_dms__transformer__seed42,PMS2,P43246:226:E>P,0,0.18694396
train-pg_dms__transformer__seed42,PMS2,P43246:226:E>M,0,0.3883907
train-pg_dms__transformer__seed42,PMS2,P43246:226:E>V,0,0.014308716
train-pg_dms__transformer__seed42,PMS2,P43246:226:E>F,1,0.31678632
train-pg_dms__transformer__seed42,PMS2,P43246:227:R>N,0,0.38379785
train-pg_dms__transformer__seed42,PMS2,P43246:227:R>T,0,0.11582403
train-pg_dms__transformer__seed42,PMS2,P43246:227:R>V,0,0.11178587
train-pg_dms__transformer__seed42,PMS2,P43246:227:R>W,0,0.4458694
train-pg_dms__transformer__seed42,PMS2,P43246:227:R>Y,0,0.50269234
train-pg_dms__transformer__seed42,PMS2,P43246:227:R>M,0,0.36278933
train-pg_dms__transformer__seed42,PMS2,P43246:227:R>L,0,0.19551533
train-pg_dms__transformer__seed42,PMS2,P43246:227:R>Q,0,0.014951608
train-pg_dms__transformer__seed42,PMS2,P43246:227:R>K,0,0.019338243
train-pg_dms__transformer__seed42,PMS2,P43246:227:R>H,0,0.058458947
train-pg_dms__transformer__seed42,PMS2,P43246:227:R>G,0,0.09021352
train-pg_dms__transformer__seed42,PMS2,P43246:227:R>F,0,0.615212
train-pg_dms__transformer__seed42,PMS2,P43246:227:R>E,0,0.49501258
train-pg_dms__transformer__seed42,PMS2,P43246:227:R>C,0,0.005385091
train-pg_dms__transformer__seed42,PMS2,P43246:227:R>A,0,0.121581785
train-pg_dms__transformer__seed42,PMS2,P43246:227:R>I,0,0.17563747
train-pg_dms__transformer__seed42,PMS2,P43246:227:R>P,0,0.887951
train-pg_dms__transformer__seed42,PMS2,P43246:233:S>R,0,0.15059052
train-pg_dms__transformer__seed42,PMS2,P43246:233:S>A,0,0.0022487799
train-pg_dms__transformer__seed42,PMS2,P43246:233:S>C,0,0.0069749593
train-pg_dms__transformer__seed42,PMS2,P43246:233:S>D,0,0.15115742
train-pg_dms__transformer__seed42,PMS2,P43246:233:S>E,0,0.14168753
train-pg_dms__transformer__seed42,PMS2,P43246:233:S>F,0,0.013916754
train-pg_dms__transformer__seed42,PMS2,P43246:233:S>G,0,0.0021132214
train-pg_dms__transformer__seed42,PMS2,P43246:233:S>H,0,0.05088404
train-pg_dms__transformer__seed42,PMS2,P43246:233:S>Q,0,0.0459684
train-pg_dms__transformer__seed42,PMS2,P43246:233:S>P,0,0.12921917
train-pg_dms__transformer__seed42,PMS2,P43246:233:S>N,0,0.003468252
train-pg_dms__transformer__seed42,PMS2,P43246:233:S>T,0,0.004479615
train-pg_dms__transformer__seed42,PMS2,P43246:233:S>V,0,0.006212401
train-pg_dms__transformer__seed42,PMS2,P43246:233:S>L,0,0.0055219466
train-pg_dms__transformer__seed42,PMS2,P43246:233:S>K,0,0.1360427
train-pg_dms__transformer__seed42,PMS2,P43246:233:S>I,0,0.004541645
train-pg_dms__transformer__seed42,PMS2,P43246:233:S>W,0,0.29858813
train-pg_dms__transformer__seed42,PMS2,P43246:233:S>Y,0,0.009496283
train-pg_dms__transformer__seed42,PMS2,P43246:233:S>M,0,0.077446505
train-pg_dms__transformer__seed42,PMS2,P43246:238:Y>E,0,0.0040234867
train-pg_dms__transformer__seed42,PMS2,P43246:238:Y>F,0,0.0010522908
train-pg_dms__transformer__seed42,PMS2,P43246:238:Y>V,0,0.0020193772
train-pg_dms__transformer__seed42,PMS2,P43246:238:Y>T,0,0.002273134
train-pg_dms__transformer__seed42,PMS2,P43246:238:Y>S,0,0.0010724734
train-pg_dms__transformer__seed42,PMS2,P43246:238:Y>G,0,0.0011999621
train-pg_dms__transformer__seed42,PMS2,P43246:238:Y>R,0,0.0025801295
train-pg_dms__transformer__seed42,PMS2,P43246:238:Y>L,0,0.0029704324
train-pg_dms__transformer__seed42,PMS2,P43246:238:Y>P,0,0.017022323
train-pg_dms__transformer__seed42,PMS2,P43246:238:Y>M,0,0.096368596
train-pg_dms__transformer__seed42,PMS2,P43246:238:Y>H,0,0.008562924
train-pg_dms__transformer__seed42,PMS2,P43246:238:Y>I,0,0.0018351594
train-pg_dms__transformer__seed42,PMS2,P43246:238:Y>K,0,0.010548777
train-pg_dms__transformer__seed42,PMS2,P43246:238:Y>D,0,0.0096694585
train-pg_dms__transformer__seed42,PMS2,P43246:238:Y>Q,0,0.0032064463
train-pg_dms__transformer__seed42,PMS2,P43246:238:Y>W,0,0.14935945
train-pg_dms__transformer__seed42,PMS2,P43246:238:Y>A,0,0.0016348829
train-pg_dms__transformer__seed42,PMS2,P43246:248:K>W,0,0.16333045
train-pg_dms__transformer__seed42,PMS2,P43246:248:K>N,0,0.0042133224
train-pg_dms__transformer__seed42,PMS2,P43246:248:K>P,0,0.02126963
train-pg_dms__transformer__seed42,PMS2,P43246:248:K>I,0,0.00091922993
train-pg_dms__transformer__seed42,PMS2,P43246:248:K>H,0,0.0030431398
train-pg_dms__transformer__seed42,PMS2,P43246:248:K>G,0,0.000681425
train-pg_dms__transformer__seed42,PMS2,P43246:248:K>F,0,0.0031571907
train-pg_dms__transformer__seed42,PMS2,P43246:248:K>E,0,0.0030864447
train-pg_dms__transformer__seed42,PMS2,P43246:248:K>C,0,0.0008559227
train-pg_dms__transformer__seed42,PMS2,P43246:248:K>A,0,0.0007473364
train-pg_dms__transformer__seed42,PMS2,P43246:248:K>M,0,0.049315687
train-pg_dms__transformer__seed42,PMS2,P43246:248:K>Y,0,0.0025024535
train-pg_dms__transformer__seed42,PMS2,P43246:248:K>D,0,0.004151851
train-pg_dms__transformer__seed42,PMS2,P43246:248:K>R,0,0.0020111746
train-pg_dms__transformer__seed42,PMS2,P43246:248:K>L,0,0.0021819666
train-pg_dms__transformer__seed42,PMS2,P43246:248:K>S,0,0.0006414167
train-pg_dms__transformer__seed42,PMS2,P43246:248:K>T,0,0.0007224751
train-pg_dms__transformer__seed42,PMS2,P43246:248:K>V,0,0.0018526476
train-pg_dms__transformer__seed42,PMS2,P43246:249:K>H,0,0.0035060898
train-pg_dms__transformer__seed42,PMS2,P43246:249:K>G,0,0.0009445449
train-pg_dms__transformer__seed42,PMS2,P43246:249:K>L,0,0.0023971915
train-pg_dms__transformer__seed42,PMS2,P43246:249:K>M,0,0.047415975
train-pg_dms__transformer__seed42,PMS2,P43246:249:K>P,0,0.016315328
train-pg_dms__transformer__seed42,PMS2,P43246:249:K>Q,0,0.00051042455
train-pg_dms__transformer__seed42,PMS2,P43246:249:K>S,0,0.0006899557
train-pg_dms__transformer__seed42,PMS2,P43246:249:K>V,0,0.0020998789
train-pg_dms__transformer__seed42,PMS2,P43246:249:K>W,0,0.1863739
train-pg_dms__transformer__seed42,PMS2,P43246:249:K>Y,0,0.0028445525
train-pg_dms__transformer__seed42,PMS2,P43246:249:K>I,0,0.0011259844
train-pg_dms__transformer__seed42,PMS2,P43246:249:K>A,0,0.0007808104
train-pg_dms__transformer__seed42,PMS2,P43246:249:K>C,0,0.0011544621
train-pg_dms__transformer__seed42,PMS2,P43246:249:K>E,0,0.0009142326
train-pg_dms__transformer__seed42,PMS2,P43246:249:K>F,0,0.0037561166
train-pg_dms__transformer__seed42,PMS2,P43246:254:N>W,0,0.50844723
train-pg_dms__transformer__seed42,PMS2,P43246:254:N>P,0,0.047249984
train-pg_dms__transformer__seed42,PMS2,P43246:254:N>A,0,0.001681875
train-pg_dms__transformer__seed42,PMS2,P43246:254:N>R,0,0.02043952
train-pg_dms__transformer__seed42,PMS2,P43246:254:N>S,0,0.002236417
train-pg_dms__transformer__seed42,PMS2,P43246:254:N>V,0,0.004174621
train-pg_dms__transformer__seed42,PMS2,P43246:254:N>Y,0,0.0044151936
train-pg_dms__transformer__seed42,PMS2,P43246:254:N>Q,0,0.0073332777
train-pg_dms__transformer__seed42,PMS2,P43246:254:N>F,0,0.013639594
train-pg_dms__transformer__seed42,PMS2,P43246:254:N>G,0,0.0017039939
train-pg_dms__transformer__seed42,PMS2,P43246:254:N>E,0,0.036820386
train-pg_dms__transformer__seed42,PMS2,P43246:254:N>D,0,0.004715132
train-pg_dms__transformer__seed42,PMS2,P43246:254:N>C,0,0.0009112361
train-pg_dms__transformer__seed42,PMS2,P43246:254:N>K,0,0.028735217
train-pg_dms__transformer__seed42,PMS2,P43246:254:N>H,0,0.007451715
train-pg_dms__transformer__seed42,PMS2,P43246:254:N>M,0,0.19141132
train-pg_dms__transformer__seed42,PMS2,P43246:254:N>L,0,0.0055228546
train-pg_dms__transformer__seed42,PMS2,P43246:254:N>I,0,0.0075301947
train-pg_dms__transformer__seed42,PMS2,P43246:255:S>P,0,0.054408345
train-pg_dms__transformer__seed42,PMS2,P43246:255:S>Q,0,0.2257377
train-pg_dms__transformer__seed42,PMS2,P43246:255:S>M,0,0.18242379
train-pg_dms__transformer__seed42,PMS2,P43246:255:S>R,0,0.60677516
train-pg_dms__transformer__seed42,PMS2,P43246:255:S>T,0,0.02180053
train-pg_dms__transformer__seed42,PMS2,P43246:255:S>V,0,0.010108812
train-pg_dms__transformer__seed42,PMS2,P43246:255:S>F,0,0.03182028
train-pg_dms__transformer__seed42,PMS2,P43246:255:S>W,0,0.35731968
train-pg_dms__transformer__seed42,PMS2,P43246:255:S>N,0,0.04399537
train-pg_dms__transformer__seed42,PMS2,P43246:255:S>E,0,0.27717882
train-pg_dms__transformer__seed42,PMS2,P43246:255:S>G,0,0.018477025
train-pg_dms__transformer__seed42,PMS2,P43246:255:S>D,0,0.43898025
train-pg_dms__transformer__seed42,PMS2,P43246:255:S>A,0,0.002996301
train-pg_dms__transformer__seed42,PMS2,P43246:255:S>H,0,0.1628785
train-pg_dms__transformer__seed42,PMS2,P43246:255:S>I,0,0.008711985
train-pg_dms__transformer__seed42,PMS2,P43246:255:S>K,0,0.32237285
train-pg_dms__transformer__seed42,PMS2,P43246:255:S>L,0,0.010408383
train-pg_dms__transformer__seed42,PMS2,P43246:255:S>Y,0,0.04006094
train-pg_dms__transformer__seed42,PMS2,P43246:259:P>W,0,0.06232906
train-pg_dms__transformer__seed42,PMS2,P43246:259:P>D,0,0.005435639
train-pg_dms__transformer__seed42,PMS2,P43246:259:P>A,0,0.00045570885
train-pg_dms__transformer__seed42,PMS2,P43246:259:P>C,0,0.0026080601
train-pg_dms__transformer__seed42,PMS2,P43246:259:P>Y,0,0.0053620622
train-pg_dms__transformer__seed42,PMS2,P43246:259:P>E,0,0.0033832684
train-pg_dms__transformer__seed42,PMS2,P43246:259:P>F,0,0.003767525
train-pg_dms__transformer__seed42,PMS2,P43246:259:P>G,0,0.00084179203
train-pg_dms__transformer__seed42,PMS2,P43246:259:P>I,0,0.0021743411
train-pg_dms__transformer__seed42,PMS2,P43246:259:P>K,0,0.0028429045
train-pg_dms__transformer__seed42,PMS2,P43246:259:P>H,0,0.0022603215
train-pg_dms__transformer__seed42,PMS2,P43246:259:P>M,0,0.034386244
train-pg_dms__transformer__seed42,PMS2,P43246:259:P>N,0,0.0037505534
train-pg_dms__transformer__seed42,PMS2,P43246:259:P>Q,0,0.0012886777
train-pg_dms__transformer__seed42,PMS2,P43246:259:P>R,0,0.00078543386
train-pg_dms__transformer__seed42,PMS2,P43246:259:P>S,0,0.0066359434
train-pg_dms__transformer__seed42,PMS2,P43246:259:P>T,0,0.0025122378
train-pg_dms__transformer__seed42,PMS2,P43246:259:P>V,0,0.002160845
train-pg_dms__transformer__seed42,PMS2,P43246:259:P>L,0,0.0013176642
train-pg_dms__transformer__seed42,PMS2,P43246:263:N>I,0,0.010217085
train-pg_dms__transformer__seed42,PMS2,P43246:263:N>H,0,0.0068843807
train-pg_dms__transformer__seed42,PMS2,P43246:263:N>G,0,0.0039675166
train-pg_dms__transformer__seed42,PMS2,P43246:263:N>C,0,0.0012860028
train-pg_dms__transformer__seed42,PMS2,P43246:263:N>E,0,0.011285797
train-pg_dms__transformer__seed42,PMS2,P43246:263:N>D,0,0.007379142
train-pg_dms__transformer__seed42,PMS2,P43246:263:N>A,0,0.0053384025
train-pg_dms__transformer__seed42,PMS2,P43246:263:N>F,0,0.009567426
train-pg_dms__transformer__seed42,PMS2,P43246:263:N>K,0,0.016367143
train-pg_dms__transformer__seed42,PMS2,P43246:263:N>M,0,0.11607325
train-pg_dms__transformer__seed42,PMS2,P43246:263:N>P,0,0.36551788
train-pg_dms__transformer__seed42,PMS2,P43246:263:N>L,0,0.0065537416
train-pg_dms__transformer__seed42,PMS2,P43246:263:N>Y,0,0.0054068924
train-pg_dms__transformer__seed42,PMS2,P43246:263:N>W,0,0.15701427
train-pg_dms__transformer__seed42,PMS2,P43246:263:N>Q,0,0.0053078453
train-pg_dms__transformer__seed42,PMS2,P43246:263:N>T,0,0.005333245
train-pg_dms__transformer__seed42,PMS2,P43246:263:N>R,0,0.004651616
train-pg_dms__transformer__seed42,PMS2,P43246:263:N>V,0,0.011331406
train-pg_dms__transformer__seed42,PMS2,P43246:266:A>Y,1,0.9056674
train-pg_dms__transformer__seed42,PMS2,P43246:266:A>W,1,0.9416524
train-pg_dms__transformer__seed42,PMS2,P43246:266:A>V,1,0.6065655
train-pg_dms__transformer__seed42,PMS2,P43246:266:A>S,0,0.03867116
train-pg_dms__transformer__seed42,PMS2,P43246:266:A>P,0,0.9564038
train-pg_dms__transformer__seed42,PMS2,P43246:266:A>K,1,0.940498
train-pg_dms__transformer__seed42,PMS2,P43246:266:A>L,1,0.8163102
train-pg_dms__transformer__seed42,PMS2,P43246:266:A>R,1,0.9649634
train-pg_dms__transformer__seed42,PMS2,P43246:266:A>I,1,0.9094401
train-pg_dms__transformer__seed42,PMS2,P43246:266:A>H,0,0.90952575
train-pg_dms__transformer__seed42,PMS2,P43246:266:A>G,0,0.014944278
train-pg_dms__transformer__seed42,PMS2,P43246:266:A>F,1,0.902489
train-pg_dms__transformer__seed42,PMS2,P43246:266:A>E,1,0.8982185
train-pg_dms__transformer__seed42,PMS2,P43246:266:A>C,0,0.18631129
train-pg_dms__transformer__seed42,PMS2,P43246:266:A>M,0,0.75442225
train-pg_dms__transformer__seed42,PMS2,P43246:267:V>P,0,0.7844298
train-pg_dms__transformer__seed42,PMS2,P43246:267:V>Q,0,0.07035796
train-pg_dms__transformer__seed42,PMS2,P43246:267:V>R,0,0.16724446
train-pg_dms__transformer__seed42,PMS2,P43246:267:V>S,0,0.010536396
train-pg_dms__transformer__seed42,PMS2,P43246:267:V>W,0,0.6613043
train-pg_dms__transformer__seed42,PMS2,P43246:267:V>G,0,0.007070692
train-pg_dms__transformer__seed42,PMS2,P43246:267:V>H,0,0.21358086
train-pg_dms__transformer__seed42,PMS2,P43246:267:V>I,0,0.0061184387
train-pg_dms__transformer__seed42,PMS2,P43246:267:V>L,0,0.007932022
train-pg_dms__transformer__seed42,PMS2,P43246:267:V>T,0,0.011070265
train-pg_dms__transformer__seed42,PMS2,P43246:267:V>F,0,0.00766454
train-pg_dms__transformer__seed42,PMS2,P43246:267:V>K,0,0.21162994
train-pg_dms__transformer__seed42,PMS2,P43246:267:V>D,1,0.41970018
train-pg_dms__transformer__seed42,PMS2,P43246:267:V>C,0,0.024270529
train-pg_dms__transformer__seed42,PMS2,P43246:267:V>A,0,0.0045120027
train-pg_dms__transformer__seed42,PMS2,P43246:267:V>N,0,0.07572318
train-pg_dms__transformer__seed42,PMS2,P43246:267:V>E,0,0.26185906
train-pg_dms__transformer__seed42,PMS2,P43246:267:V>M,0,0.11770472
train-pg_dms__transformer__seed42,PMS2,P43246:269:S>N,1,0.47494093
train-pg_dms__transformer__seed42,PMS2,P43246:269:S>Y,1,0.5590359
train-pg_dms__transformer__seed42,PMS2,P43246:269:S>W,1,0.7092338
train-pg_dms__transformer__seed42,PMS2,P43246:269:S>V,0,0.233812
train-pg_dms__transformer__seed42,PMS2,P43246:269:S>T,0,0.041227706
train-pg_dms__transformer__seed42,PMS2,P43246:269:S>R,1,0.8728397
train-pg_dms__transformer__seed42,PMS2,P43246:269:S>P,0,0.7803412
train-pg_dms__transformer__seed42,PMS2,P43246:269:S>M,1,0.5228338
train-pg_dms__transformer__seed42,PMS2,P43246:269:S>Q,1,0.70358187
train-pg_dms__transformer__seed42,PMS2,P43246:269:S>K,1,0.68138033
train-pg_dms__transformer__seed42,PMS2,P43246:269:S>C,0,0.00215038
train-pg_dms__transformer__seed42,PMS2,P43246:269:S>D,1,0.8552576
train-pg_dms__transformer__seed42,PMS2,P43246:269:S>F,1,0.52655417
train-pg_dms__transformer__seed42,PMS2,P43246:269:S>A,0,0.006938152
train-pg_dms__transformer__seed42,PMS2,P43246:269:S>H,1,0.4425981
train-pg_dms__transformer__seed42,PMS2,P43246:269:S>I,1,0.45710468
train-pg_dms__transformer__seed42,PMS2,P43246:269:S>G,0,0.008503025
train-pg_dms__transformer__seed42,PMS2,P43246:280:L>V,0,0.001474739
train-pg_dms__transformer__seed42,PMS2,P43246:280:L>T,0,0.003013054
train-pg_dms__transformer__seed42,PMS2,P43246:280:L>S,0,0.014386155
train-pg_dms__transformer__seed42,PMS2,P43246:280:L>R,0,0.14187963
train-pg_dms__transformer__seed42,PMS2,P43246:280:L>Q,0,0.009254445
train-pg_dms__transformer__seed42,PMS2,P43246:280:L>P,0,0.28164512
train-pg_dms__transformer__seed42,PMS2,P43246:280:L>N,0,0.04312167
train-pg_dms__transformer__seed42,PMS2,P43246:280:L>G,0,0.017592378
train-pg_dms__transformer__seed42,PMS2,P43246:280:L>K,0,0.1781069
train-pg_dms__transformer__seed42,PMS2,P43246:280:L>H,0,0.11209886
train-pg_dms__transformer__seed42,PMS2,P43246:280:L>E,0,0.13714935
train-pg_dms__transformer__seed42,PMS2,P43246:280:L>D,0,0.37040734
train-pg_dms__transformer__seed42,PMS2,P43246:280:L>C,0,0.0067630406
train-pg_dms__transformer__seed42,PMS2,P43246:280:L>A,0,0.0038450742
train-pg_dms__transformer__seed42,PMS2,P43246:280:L>Y,0,0.062332105
train-pg_dms__transformer__seed42,PMS2,P43246:280:L>M,0,0.0422809
train-pg_dms__transformer__seed42,PMS2,P43246:280:L>W,1,0.6061759
train-pg_dms__transformer__seed42,PMS2,P43246:280:L>I,0,0.0030506428
train-pg_dms__transformer__seed42,PMS2,P43246:295:D>T,0,0.0017413981
train-pg_dms__transformer__seed42,PMS2,P43246:295:D>M,0,0.23417452
train-pg_dms__transformer__seed42,PMS2,P43246:295:D>L,0,0.0061887945
train-pg_dms__transformer__seed42,PMS2,P43246:295:D>K,0,0.017273623
train-pg_dms__transformer__seed42,PMS2,P43246:295:D>I,0,0.0034466411
train-pg_dms__transformer__seed42,PMS2,P43246:295:D>F,0,0.008036977
train-pg_dms__transformer__seed42,PMS2,P43246:295:D>G,0,0.0016303781
train-pg_dms__transformer__seed42,PMS2,P43246:295:D>E,0,0.01586706
train-pg_dms__transformer__seed42,PMS2,P43246:295:D>C,0,0.0022655462
train-pg_dms__transformer__seed42,PMS2,P43246:295:D>A,0,0.0019161144
train-pg_dms__transformer__seed42,PMS2,P43246:295:D>H,0,0.008097685
train-pg_dms__transformer__seed42,PMS2,P43246:295:D>S,0,0.00075193663
train-pg_dms__transformer__seed42,PMS2,P43246:295:D>N,0,0.0010120084
train-pg_dms__transformer__seed42,PMS2,P43246:295:D>V,0,0.0020797034
train-pg_dms__transformer__seed42,PMS2,P43246:295:D>R,0,0.0053298315
train-pg_dms__transformer__seed42,PMS2,P43246:295:D>Q,0,0.0032919545
train-pg_dms__transformer__seed42,PMS2,P43246:295:D>P,0,0.12630874
train-pg_dms__transformer__seed42,PMS2,P43246:295:D>Y,0,0.001913396
train-pg_dms__transformer__seed42,PMS2,P43246:295:D>W,0,0.31774884
train-pg_dms__transformer__seed42,PMS2,P43246:297:S>A,0,0.0008655557
train-pg_dms__transformer__seed42,PMS2,P43246:297:S>C,0,0.00045429514
train-pg_dms__transformer__seed42,PMS2,P43246:297:S>L,0,0.0023009356
train-pg_dms__transformer__seed42,PMS2,P43246:297:S>P,0,0.026008923
train-pg_dms__transformer__seed42,PMS2,P43246:297:S>Q,0,0.0032873703
train-pg_dms__transformer__seed42,PMS2,P43246:297:S>R,0,0.007044273
train-pg_dms__transformer__seed42,PMS2,P43246:297:S>T,0,0.0013272966
train-pg_dms__transformer__seed42,PMS2,P43246:297:S>V,0,0.0029341357
train-pg_dms__transformer__seed42,PMS2,P43246:297:S>K,0,0.0069534853
train-pg_dms__transformer__seed42,PMS2,P43246:297:S>N,0,0.0012006869
train-pg_dms__transformer__seed42,PMS2,P43246:297:S>W,1,0.1378488
train-pg_dms__transformer__seed42,PMS2,P43246:297:S>I,0,0.004862588
train-pg_dms__transformer__seed42,PMS2,P43246:297:S>H,0,0.008371629
train-pg_dms__transformer__seed42,PMS2,P43246:297:S>G,0,0.0006344138
train-pg_dms__transformer__seed42,PMS2,P43246:297:S>F,0,0.0017627279
train-pg_dms__transformer__seed42,PMS2,P43246:297:S>E,0,0.0037621886
train-pg_dms__transformer__seed42,PMS2,P43246:297:S>D,0,0.005215008
train-pg_dms__transformer__seed42,PMS2,P43246:297:S>Y,0,0.0016102309
train-pg_dms__transformer__seed42,PMS2,P43246:297:S>M,0,0.07998098
train-pg_dms__transformer__seed42,PMS2,P43246:300:M>V,0,0.017218003
train-pg_dms__transformer__seed42,PMS2,P43246:300:M>P,1,0.8699332
train-pg_dms__transformer__seed42,PMS2,P43246:300:M>T,0,0.13567618
train-pg_dms__transformer__seed42,PMS2,P43246:300:M>S,0,0.18576002
train-pg_dms__transformer__seed42,PMS2,P43246:300:M>R,1,0.43083185
train-pg_dms__transformer__seed42,PMS2,P43246:300:M>Q,0,0.24971274
train-pg_dms__transformer__seed42,PMS2,P43246:300:M>N,1,0.5070956
train-pg_dms__transformer__seed42,PMS2,P43246:300:M>I,0,0.21821788
train-pg_dms__transformer__seed42,PMS2,P43246:300:M>D,1,0.6044095
train-pg_dms__transformer__seed42,PMS2,P43246:300:M>C,0,0.062385842
train-pg_dms__transformer__seed42,PMS2,P43246:300:M>A,0,0.088016175
train-pg_dms__transformer__seed42,PMS2,P43246:300:M>H,1,0.4192605
train-pg_dms__transformer__seed42,PMS2,P43246:300:M>K,1,0.53254706
train-pg_dms__transformer__seed42,PMS2,P43246:300:M>Y,1,0.20278004
train-pg_dms__transformer__seed42,PMS2,P43246:300:M>G,0,0.21091498
train-pg_dms__transformer__seed42,PMS2,P43246:300:M>L,0,0.021747572
train-pg_dms__transformer__seed42,PMS2,P43246:300:M>E,1,0.48446158
train-pg_dms__transformer__seed42,PMS2,P43246:300:M>W,1,0.8047251
train-pg_dms__transformer__seed42,PMS2,P43246:303:D>S,0,0.3577555
train-pg_dms__transformer__seed42,PMS2,P43246:303:D>R,0,0.6882659
train-pg_dms__transformer__seed42,PMS2,P43246:303:D>P,0,0.9117865
train-pg_dms__transformer__seed42,PMS2,P43246:303:D>M,0,0.5997004
train-pg_dms__transformer__seed42,PMS2,P43246:303:D>L,1,0.50202006
train-pg_dms__transformer__seed42,PMS2,P43246:303:D>I,1,0.50702846
train-pg_dms__transformer__seed42,PMS2,P43246:303:D>A,0,0.2129565
train-pg_dms__transformer__seed42,PMS2,P43246:303:D>C,0,0.076936975
train-pg_dms__transformer__seed42,PMS2,P43246:303:D>E,0,0.7403467
train-pg_dms__transformer__seed42,PMS2,P43246:303:D>V,1,0.6502782
train-pg_dms__transformer__seed42,PMS2,P43246:303:D>W,1,0.7519182
train-pg_dms__transformer__seed42,PMS2,P43246:303:D>T,0,0.40129527
train-pg_dms__transformer__seed42,PMS2,P43246:307:V>C,0,0.013481308
train-pg_dms__transformer__seed42,PMS2,P43246:307:V>Y,0,0.026204297
train-pg_dms__transformer__seed42,PMS2,P43246:307:V>S,0,0.005591842
train-pg_dms__transformer__seed42,PMS2,P43246:307:V>R,0,0.09134921
train-pg_dms__transformer__seed42,PMS2,P43246:307:V>Q,0,0.027898861
train-pg_dms__transformer__seed42,PMS2,P43246:307:V>P,0,0.7551044
train-pg_dms__transformer__seed42,PMS2,P43246:307:V>N,0,0.07788018
train-pg_dms__transformer__seed42,PMS2,P43246:307:V>M,0,0.10835191
train-pg_dms__transformer__seed42,PMS2,P43246:307:V>T,0,0.010280623
train-pg_dms__transformer__seed42,PMS2,P43246:307:V>L,0,0.0077478825
train-pg_dms__transformer__seed42,PMS2,P43246:307:V>I,0,0.0014047915
train-pg_dms__transformer__seed42,PMS2,P43246:307:V>H,0,0.15801959
train-pg_dms__transformer__seed42,PMS2,P43246:307:V>E,0,0.13616028
train-pg_dms__transformer__seed42,PMS2,P43246:307:V>G,0,0.004794093
train-pg_dms__transformer__seed42,PMS2,P43246:307:V>A,0,0.002874527
train-pg_dms__transformer__seed42,PMS2,P43246:307:V>K,0,0.119725496
train-pg_dms__transformer__seed42,PMS2,P43246:307:V>W,0,0.566267
train-pg_dms__transformer__seed42,PMS2,P43246:326:L>M,0,0.29650366
train-pg_dms__transformer__seed42,PMS2,P43246:326:L>S,1,0.8632315
train-pg_dms__transformer__seed42,PMS2,P43246:326:L>R,1,0.97467196
train-pg_dms__transformer__seed42,PMS2,P43246:326:L>Q,1,0.8777045
train-pg_dms__transformer__seed42,PMS2,P43246:326:L>P,1,0.97352684
train-pg_dms__transformer__seed42,PMS2,P43246:326:L>N,1,0.9384023
train-pg_dms__transformer__seed42,PMS2,P43246:326:L>K,1,0.94615734
train-pg_dms__transformer__seed42,PMS2,P43246:326:L>I,0,0.015319929
train-pg_dms__transformer__seed42,PMS2,P43246:326:L>G,1,0.9211633
train-pg_dms__transformer__seed42,PMS2,P43246:326:L>E,1,0.9183972
train-pg_dms__transformer__seed42,PMS2,P43246:326:L>D,1,0.96830785
train-pg_dms__transformer__seed42,PMS2,P43246:326:L>C,0,0.20468055
train-pg_dms__transformer__seed42,PMS2,P43246:326:L>A,0,0.38343722
train-pg_dms__transformer__seed42,PMS2,P43246:326:L>T,0,0.6304945
train-pg_dms__transformer__seed42,PMS2,P43246:326:L>V,0,0.021496888
train-pg_dms__transformer__seed42,PMS2,P43246:326:L>W,1,0.9492036
train-pg_dms__transformer__seed42,PMS2,P43246:326:L>F,0,0.15153462
train-pg_dms__transformer__seed42,PMS2,P43246:328:A>Q,0,0.021519132
train-pg_dms__transformer__seed42,PMS2,P43246:328:A>R,0,0.0297965
train-pg_dms__transformer__seed42,PMS2,P43246:328:A>T,0,0.019386502
train-pg_dms__transformer__seed42,PMS2,P43246:328:A>P,0,0.13995473
train-pg_dms__transformer__seed42,PMS2,P43246:328:A>W,0,0.41621134
train-pg_dms__transformer__seed42,PMS2,P43246:328:A>M,0,0.09407397
train-pg_dms__transformer__seed42,PMS2,P43246:328:A>L,0,0.007268112
train-pg_dms__transformer__seed42,PMS2,P43246:328:A>K,0,0.08025139
train-pg_dms__transformer__seed42,PMS2,P43246:328:A>I,0,0.023979668
train-pg_dms__transformer__seed42,PMS2,P43246:328:A>H,0,0.100089766
train-pg_dms__transformer__seed42,PMS2,P43246:328:A>V,0,0.017016253
train-pg_dms__transformer__seed42,PMS2,P43246:328:A>F,0,0.012519076
train-pg_dms__transformer__seed42,PMS2,P43246:328:A>E,0,0.016267033
train-pg_dms__transformer__seed42,PMS2,P43246:328:A>G,0,0.0020275312
train-pg_dms__transformer__seed42,PMS2,P43246:328:A>C,0,0.005533527
train-pg_dms__transformer__seed42,PMS2,P43246:328:A>N,0,0.010011567
train-pg_dms__transformer__seed42,PMS2,P43246:328:A>Y,0,0.03488057
train-pg_dms__transformer__seed42,PMS2,P43246:328:A>D,0,0.02606342
train-pg_dms__transformer__seed42,PMS2,P43246:333:C>E,1,0.783834
train-pg_dms__transformer__seed42,PMS2,P43246:333:C>A,0,0.23080292
train-pg_dms__transformer__seed42,PMS2,P43246:333:C>D,1,0.8606457
train-pg_dms__transformer__seed42,PMS2,P43246:333:C>G,0,0.048345152
train-pg_dms__transformer__seed42,PMS2,P43246:333:C>H,1,0.6302473
train-pg_dms__transformer__seed42,PMS2,P43246:333:C>K,1,0.7298573
train-pg_dms__transformer__seed42,PMS2,P43246:333:C>L,1,0.6097473
train-pg_dms__transformer__seed42,PMS2,P43246:333:C>I,1,0.61942166
train-pg_dms__transformer__seed42,PMS2,P43246:333:C>N,1,0.8052352
train-pg_dms__transformer__seed42,PMS2,P43246:333:C>P,1,0.92863286
train-pg_dms__transformer__seed42,PMS2,P43246:333:C>Q,0,0.7640169
train-pg_dms__transformer__seed42,PMS2,P43246:333:C>S,0,0.31541434
train-pg_dms__transformer__seed42,PMS2,P43246:333:C>T,0,0.32951003
train-pg_dms__transformer__seed42,PMS2,P43246:333:C>V,0,0.85425466
train-pg_dms__transformer__seed42,PMS2,P43246:333:C>M,1,0.7553606
train-pg_dms__transformer__seed42,PMS2,P43246:335:T>A,1,0.43489397
train-pg_dms__transformer__seed42,PMS2,P43246:335:T>R,1,0.88413244
train-pg_dms__transformer__seed42,PMS2,P43246:335:T>Y,1,0.74913645
train-pg_dms__transformer__seed42,PMS2,P43246:335:T>E,1,0.72275335
train-pg_dms__transformer__seed42,PMS2,P43246:335:T>F,1,0.58439404
train-pg_dms__transformer__seed42,PMS2,P43246:335:T>G,1,0.4735086
train-pg_dms__transformer__seed42,PMS2,P43246:335:T>H,1,0.679789
train-pg_dms__transformer__seed42,PMS2,P43246:335:T>I,0,0.6064676
train-pg_dms__transformer__seed42,PMS2,P43246:335:T>K,1,0.80058986
train-pg_dms__transformer__seed42,PMS2,P43246:335:T>L,0,0.31583175
train-pg_dms__transformer__seed42,PMS2,P43246:335:T>M,0,0.33015683
train-pg_dms__transformer__seed42,PMS2,P43246:335:T>P,1,0.8740599
train-pg_dms__transformer__seed42,PMS2,P43246:335:T>Q,1,0.7089664
train-pg_dms__transformer__seed42,PMS2,P43246:335:T>D,1,0.8260301
train-pg_dms__transformer__seed42,PMS2,P43246:335:T>S,0,0.08699141
train-pg_dms__transformer__seed42,PMS2,P43246:335:T>V,1,0.72775704
train-pg_dms__transformer__seed42,PMS2,P43246:335:T>W,1,0.8427035
train-pg_dms__transformer__seed42,PMS2,P43246:336:P>W,0,0.57978034
train-pg_dms__transformer__seed42,PMS2,P43246:336:P>Y,0,0.029005459
train-pg_dms__transformer__seed42,PMS2,P43246:336:P>V,0,0.0048397845
train-pg_dms__transformer__seed42,PMS2,P43246:336:P>E,0,0.22931454
train-pg_dms__transformer__seed42,PMS2,P43246:336:P>R,0,0.05373156
train-pg_dms__transformer__seed42,PMS2,P43246:336:P>M,0,0.15536045
train-pg_dms__transformer__seed42,PMS2,P43246:336:P>K,0,0.27624324
train-pg_dms__transformer__seed42,PMS2,P43246:336:P>I,0,0.008232733
train-pg_dms__transformer__seed42,PMS2,P43246:336:P>H,0,0.034239303
train-pg_dms__transformer__seed42,PMS2,P43246:336:P>G,0,0.0015855469
train-pg_dms__transformer__seed42,PMS2,P43246:336:P>F,0,0.017383482
train-pg_dms__transformer__seed42,PMS2,P43246:336:P>T,0,0.003046043
train-pg_dms__transformer__seed42,PMS2,P43246:336:P>D,0,0.5358143
train-pg_dms__transformer__seed42,PMS2,P43246:336:P>C,0,0.006564632
train-pg_dms__transformer__seed42,PMS2,P43246:336:P>A,0,0.0018532578
train-pg_dms__transformer__seed42,PMS2,P43246:336:P>Q,0,0.007051428
train-pg_dms__transformer__seed42,PMS2,P43246:336:P>N,0,0.04410965
train-pg_dms__transformer__seed42,PMS2,P43246:347:K>W,0,0.6515453
train-pg_dms__transformer__seed42,PMS2,P43246:347:K>E,0,0.7908876
train-pg_dms__transformer__seed42,PMS2,P43246:347:K>F,0,0.10175297
train-pg_dms__transformer__seed42,PMS2,P43246:347:K>G,0,0.25483477
train-pg_dms__transformer__seed42,PMS2,P43246:347:K>H,0,0.38188678
train-pg_dms__transformer__seed42,PMS2,P43246:347:K>I,0,0.18743396
train-pg_dms__transformer__seed42,PMS2,P43246:347:K>L,0,0.21736452
train-pg_dms__transformer__seed42,PMS2,P43246:347:K>Y,0,0.23262773
train-pg_dms__transformer__seed42,PMS2,P43246:347:K>M,0,0.60949904
train-pg_dms__transformer__seed42,PMS2,P43246:347:K>P,0,0.955839
train-pg_dms__transformer__seed42,PMS2,P43246:347:K>Q,0,0.080412224
train-pg_dms__transformer__seed42,PMS2,P43246:347:K>R,0,0.0015398683
train-pg_dms__transformer__seed42,PMS2,P43246:347:K>S,0,0.20067848
train-pg_dms__transformer__seed42,PMS2,P43246:347:K>T,0,0.2466793
train-pg_dms__transformer__seed42,PMS2,P43246:347:K>V,0,0.7183951
train-pg_dms__transformer__seed42,PMS2,P43246:347:K>D,1,0.8806583
train-pg_dms__transformer__seed42,PMS2,P43246:347:K>N,0,0.87244934
train-pg_dms__transformer__seed42,PMS2,P43246:347:K>C,0,0.020055799
train-pg_dms__transformer__seed42,PMS2,P43246:347:K>A,0,0.1822252
train-pg_dms__transformer__seed42,PMS2,P43246:358:E>T,0,0.065802254
train-pg_dms__transformer__seed42,PMS2,P43246:358:E>Y,0,0.08698442
train-pg_dms__transformer__seed42,PMS2,P43246:358:E>W,0,0.47003418
train-pg_dms__transformer__seed42,PMS2,P43246:358:E>V,0,0.087349944
train-pg_dms__transformer__seed42,PMS2,P43246:358:E>S,0,0.024480777
train-pg_dms__transformer__seed42,PMS2,P43246:358:E>K,0,0.10619394
train-pg_dms__transformer__seed42,PMS2,P43246:358:E>Q,0,0.031047367
train-pg_dms__transformer__seed42,PMS2,P43246:358:E>P,0,0.7506115
train-pg_dms__transformer__seed42,PMS2,P43246:358:E>N,0,0.110771984
train-pg_dms__transformer__seed42,PMS2,P43246:358:E>M,0,0.44074944
train-pg_dms__transformer__seed42,PMS2,P43246:358:E>L,0,0.13594434
train-pg_dms__transformer__seed42,PMS2,P43246:358:E>C,0,0.023602014
train-pg_dms__transformer__seed42,PMS2,P43246:358:E>D,0,0.049249426
train-pg_dms__transformer__seed42,PMS2,P43246:358:E>F,0,0.04863844
train-pg_dms__transformer__seed42,PMS2,P43246:358:E>G,0,0.009207439
train-pg_dms__transformer__seed42,PMS2,P43246:358:E>H,0,0.14708729
train-pg_dms__transformer__seed42,PMS2,P43246:358:E>R,0,0.06679118
train-pg_dms__transformer__seed42,PMS2,P43246:358:E>I,0,0.05100726
train-pg_dms__transformer__seed42,PMS2,P43246:368:E>Q,0,0.00090748526
train-pg_dms__transformer__seed42,PMS2,P43246:368:E>R,0,0.0016383702
train-pg_dms__transformer__seed42,PMS2,P43246:368:E>S,0,0.0007424619
train-pg_dms__transformer__seed42,PMS2,P43246:368:E>N,0,0.0017664402
train-pg_dms__transformer__seed42,PMS2,P43246:368:E>A,0,0.0008344707
train-pg_dms__transformer__seed42,PMS2,P43246:368:E>V,0,0.0068516615
train-pg_dms__transformer__seed42,PMS2,P43246:368:E>T,0,0.0011874614
train-pg_dms__transformer__seed42,PMS2,P43246:368:E>C,0,0.0024799495
train-pg_dms__transformer__seed42,PMS2,P43246:368:E>H,0,0.011568892
train-pg_dms__transformer__seed42,PMS2,P43246:368:E>F,0,0.0035913887
train-pg_dms__transformer__seed42,PMS2,P43246:368:E>G,0,0.0006764064
train-pg_dms__transformer__seed42,PMS2,P43246:368:E>W,0,0.23487656
train-pg_dms__transformer__seed42,PMS2,P43246:368:E>I,0,0.0018108417
train-pg_dms__transformer__seed42,PMS2,P43246:368:E>K,0,0.0026953777
train-pg_dms__transformer__seed42,PMS2,P43246:368:E>L,0,0.0038605935
train-pg_dms__transformer__seed42,PMS2,P43246:368:E>M,0,0.14571753
train-pg_dms__transformer__seed42,PMS2,P43246:368:E>D,0,0.0017866493
train-pg_dms__transformer__seed42,PMS2,P43246:368:E>Y,0,0.0032986621
train-pg_dms__transformer__seed42,PMS2,P43246:368:E>P,0,0.25282815
train-pg_dms__transformer__seed42,PMS2,P43246:374:Q>P,0,0.1985631
train-pg_dms__transformer__seed42,PMS2,P43246:374:Q>M,0,0.18672514
train-pg_dms__transformer__seed42,PMS2,P43246:374:Q>L,0,0.0034695494
train-pg_dms__transformer__seed42,PMS2,P43246:374:Q>A,0,0.0030181226
train-pg_dms__transformer__seed42,PMS2,P43246:374:Q>I,0,0.006886741
train-pg_dms__transformer__seed42,PMS2,P43246:374:Q>C,0,0.006630005
train-pg_dms__transformer__seed42,PMS2,P43246:374:Q>R,0,0.0148966545
train-pg_dms__transformer__seed42,PMS2,P43246:374:Q>K,0,0.003883879
train-pg_dms__transformer__seed42,PMS2,P43246:374:Q>S,0,0.002593191
train-pg_dms__transformer__seed42,PMS2,P43246:374:Q>Y,0,0.010065003
train-pg_dms__transformer__seed42,PMS2,P43246:374:Q>V,0,0.008101317
train-pg_dms__transformer__seed42,PMS2,P43246:374:Q>W,0,0.20766205
train-pg_dms__transformer__seed42,PMS2,P43246:374:Q>G,0,0.0018931914
train-pg_dms__transformer__seed42,PMS2,P43246:374:Q>F,0,0.01128586
train-pg_dms__transformer__seed42,PMS2,P43246:374:Q>D,0,0.016170774
train-pg_dms__transformer__seed42,PMS2,P43246:374:Q>T,0,0.003345319
train-pg_dms__transformer__seed42,PMS2,P43246:381:L>Q,0,0.808502
train-pg_dms__transformer__seed42,PMS2,P43246:381:L>S,0,0.8401906
train-pg_dms__transformer__seed42,PMS2,P43246:381:L>R,0,0.9820748
train-pg_dms__transformer__seed42,PMS2,P43246:381:L>H,0,0.85593605
train-pg_dms__transformer__seed42,PMS2,P43246:381:L>K,0,0.95063215
train-pg_dms__transformer__seed42,PMS2,P43246:381:L>G,0,0.89917207
train-pg_dms__transformer__seed42,PMS2,P43246:381:L>E,0,0.92045075
train-pg_dms__transformer__seed42,PMS2,P43246:381:L>D,0,0.97073257
train-pg_dms__transformer__seed42,PMS2,P43246:381:L>A,0,0.5735596
train-pg_dms__transformer__seed42,PMS2,P43246:381:L>T,0,0.83001465
train-pg_dms__transformer__seed42,PMS2,P43246:381:L>P,0,0.98703766
train-pg_dms__transformer__seed42,PMS2,P43246:381:L>V,0,0.17926618
train-pg_dms__transformer__seed42,PMS2,P43246:381:L>C,0,0.16374575
train-pg_dms__transformer__seed42,PMS2,P43246:384:F>W,0,0.7214207
train-pg_dms__transformer__seed42,PMS2,P43246:384:F>Y,0,0.029764328
train-pg_dms__transformer__seed42,PMS2,P43246:384:F>V,0,0.03646985
train-pg_dms__transformer__seed42,PMS2,P43246:384:F>T,0,0.55164057
train-pg_dms__transformer__seed42,PMS2,P43246:384:F>S,0,0.5520394
train-pg_dms__transformer__seed42,PMS2,P43246:384:F>R,0,0.9304736
train-pg_dms__transformer__seed42,PMS2,P43246:384:F>M,0,0.3464822
train-pg_dms__transformer__seed42,PMS2,P43246:384:F>K,1,0.770983
train-pg_dms__transformer__seed42,PMS2,P43246:384:F>C,0,0.012849653
train-pg_dms__transformer__seed42,PMS2,P43246:384:F>I,0,0.016525278
train-pg_dms__transformer__seed42,PMS2,P43246:384:F>D,0,0.8949109
train-pg_dms__transformer__seed42,PMS2,P43246:384:F>E,0,0.82020235
train-pg_dms__transformer__seed42,PMS2,P43246:384:F>A,0,0.55432916
train-pg_dms__transformer__seed42,PMS2,P43246:387:L>W,0,0.5260807
train-pg_dms__transformer__seed42,PMS2,P43246:387:L>Y,0,0.068992175
train-pg_dms__transformer__seed42,PMS2,P43246:387:L>E,0,0.77500093
train-pg_dms__transformer__seed42,PMS2,P43246:387:L>F,0,0.01757344
train-pg_dms__transformer__seed42,PMS2,P43246:387:L>G,0,0.33520457
train-pg_dms__transformer__seed42,PMS2,P43246:387:L>H,0,0.38993052
train-pg_dms__transformer__seed42,PMS2,P43246:387:L>T,0,0.11779618
train-pg_dms__transformer__seed42,PMS2,P43246:387:L>S,0,0.23051412
train-pg_dms__transformer__seed42,PMS2,P43246:387:L>Q,0,0.15888117
train-pg_dms__transformer__seed42,PMS2,P43246:387:L>P,0,0.9369863
train-pg_dms__transformer__seed42,PMS2,P43246:387:L>N,0,0.6517705
train-pg_dms__transformer__seed42,PMS2,P43246:387:L>M,0,0.08454854
train-pg_dms__transformer__seed42,PMS2,P43246:387:L>K,0,0.7793853
train-pg_dms__transformer__seed42,PMS2,P43246:387:L>C,0,0.012370881
train-pg_dms__transformer__seed42,PMS2,P43246:387:L>A,0,0.029608784
train-pg_dms__transformer__seed42,PMS2,P43246:388:N>Y,0,0.0024067503
train-pg_dms__transformer__seed42,PMS2,P43246:388:N>W,0,0.3468124
train-pg_dms__transformer__seed42,PMS2,P43246:388:N>V,0,0.003607394
train-pg_dms__transformer__seed42,PMS2,P43246:388:N>A,0,0.0012064931
train-pg_dms__transformer__seed42,PMS2,P43246:388:N>K,0,0.016514247
train-pg_dms__transformer__seed42,PMS2,P43246:388:N>D,0,0.009888428
train-pg_dms__transformer__seed42,PMS2,P43246:388:N>E,0,0.034075152
train-pg_dms__transformer__seed42,PMS2,P43246:388:N>F,0,0.0023766784
train-pg_dms__transformer__seed42,PMS2,P43246:388:N>G,0,0.0012881217
train-pg_dms__transformer__seed42,PMS2,P43246:388:N>I,0,0.0021479926
train-pg_dms__transformer__seed42,PMS2,P43246:388:N>L,0,0.0033126683
train-pg_dms__transformer__seed42,PMS2,P43246:388:N>M,0,0.118260756
train-pg_dms__transformer__seed42,PMS2,P43246:388:N>P,0,0.026672183
train-pg_dms__transformer__seed42,PMS2,P43246:388:N>R,0,0.008870302
train-pg_dms__transformer__seed42,PMS2,P43246:388:N>S,0,0.0009969486
train-pg_dms__transformer__seed42,PMS2,P43246:388:N>T,0,0.002967423
train-pg_dms__transformer__seed42,PMS2,P43246:388:N>C,0,0.00093159993
train-pg_dms__transformer__seed42,PMS2,P43246:388:N>Q,0,0.004443899
train-pg_dms__transformer__seed42,PMS2,P43246:388:N>H,0,0.009067789
train-pg_dms__transformer__seed42,PMS2,P43246:392:K>M,0,0.387175
train-pg_dms__transformer__seed42,PMS2,P43246:392:K>T,0,0.056463823
train-pg_dms__transformer__seed42,PMS2,P43246:392:K>C,0,0.007974018
train-pg_dms__transformer__seed42,PMS2,P43246:392:K>D,1,0.19100082
train-pg_dms__transformer__seed42,PMS2,P43246:392:K>F,0,0.023535745
train-pg_dms__transformer__seed42,PMS2,P43246:392:K>G,0,0.02689018
train-pg_dms__transformer__seed42,PMS2,P43246:392:K>H,0,0.06762008
train-pg_dms__transformer__seed42,PMS2,P43246:392:K>I,0,0.02883751
train-pg_dms__transformer__seed42,PMS2,P43246:392:K>P,0,0.59409094
train-pg_dms__transformer__seed42,PMS2,P43246:392:K>N,0,0.13341828
train-pg_dms__transformer__seed42,PMS2,P43246:392:K>L,0,0.040280316
train-pg_dms__transformer__seed42,PMS2,P43246:392:K>V,0,0.10765502
train-pg_dms__transformer__seed42,PMS2,P43246:392:K>A,0,0.020562572
train-pg_dms__transformer__seed42,PMS2,P43246:392:K>R,0,0.0009769357
train-pg_dms__transformer__seed42,PMS2,P43246:392:K>Q,0,0.00820128
train-pg_dms__transformer__seed42,PMS2,P43246:392:K>S,0,0.029214766
train-pg_dms__transformer__seed42,PMS2,P43246:392:K>Y,0,0.035184037
train-pg_dms__transformer__seed42,PMS2,P43246:392:K>W,0,0.42285544
train-pg_dms__transformer__seed42,PMS2,P43246:398:A>N,0,0.0032817551
train-pg_dms__transformer__seed42,PMS2,P43246:398:A>M,0,0.053805705
train-pg_dms__transformer__seed42,PMS2,P43246:398:A>L,0,0.002959906
train-pg_dms__transformer__seed42,PMS2,P43246:398:A>P,0,0.08738
train-pg_dms__transformer__seed42,PMS2,P43246:398:A>D,0,0.013715081
train-pg_dms__transformer__seed42,PMS2,P43246:398:A>C,0,0.002322643
train-pg_dms__transformer__seed42,PMS2,P43246:398:A>K,0,0.010543354
train-pg_dms__transformer__seed42,PMS2,P43246:398:A>Q,0,0.0040048575
train-pg_dms__transformer__seed42,PMS2,P43246:398:A>S,0,0.0020489644
train-pg_dms__transformer__seed42,PMS2,P43246:398:A>H,0,0.017580507
train-pg_dms__transformer__seed42,PMS2,P43246:398:A>I,0,0.003472213
train-pg_dms__transformer__seed42,PMS2,P43246:398:A>V,0,0.0024742833
train-pg_dms__transformer__seed42,PMS2,P43246:398:A>W,0,0.2914984
train-pg_dms__transformer__seed42,PMS2,P43246:398:A>Y,0,0.009484127
train-pg_dms__transformer__seed42,PMS2,P43246:398:A>E,0,0.0074738753
train-pg_dms__transformer__seed42,PMS2,P43246:398:A>F,0,0.0054846667
train-pg_dms__transformer__seed42,PMS2,P43246:398:A>G,0,0.0014560096
train-pg_dms__transformer__seed42,PMS2,P43246:398:A>R,0,0.004759607
train-pg_dms__transformer__seed42,PMS2,P43246:401:L>D,1,0.5308102
train-pg_dms__transformer__seed42,PMS2,P43246:401:L>Q,0,0.26305634
train-pg_dms__transformer__seed42,PMS2,P43246:401:L>R,0,0.54560477
train-pg_dms__transformer__seed42,PMS2,P43246:401:L>S,0,0.3034164
train-pg_dms__transformer__seed42,PMS2,P43246:401:L>T,0,0.26410705
train-pg_dms__transformer__seed42,PMS2,P43246:401:L>V,0,0.10911544
train-pg_dms__transformer__seed42,PMS2,P43246:401:L>W,0,0.6277398
train-pg_dms__transformer__seed42,PMS2,P43246:401:L>M,1,0.27976987
train-pg_dms__transformer__seed42,PMS2,P43246:401:L>Y,0,0.18031761
train-pg_dms__transformer__seed42,PMS2,P43246:401:L>K,1,0.42126557
train-pg_dms__transformer__seed42,PMS2,P43246:401:L>I,0,0.03601232
train-pg_dms__transformer__seed42,PMS2,P43246:401:L>H,0,0.32174495
train-pg_dms__transformer__seed42,PMS2,P43246:401:L>G,0,0.26929304
train-pg_dms__transformer__seed42,PMS2,P43246:401:L>F,0,0.12518376
train-pg_dms__transformer__seed42,PMS2,P43246:401:L>A,0,0.114263296
train-pg_dms__transformer__seed42,PMS2,P43246:401:L>P,0,0.87138724
train-pg_dms__transformer__seed42,PMS2,P43246:405:Y>E,0,0.43439797
train-pg_dms__transformer__seed42,PMS2,P43246:405:Y>G,0,0.19763483
train-pg_dms__transformer__seed42,PMS2,P43246:405:Y>H,0,0.05483752
train-pg_dms__transformer__seed42,PMS2,P43246:405:Y>I,0,0.16820213
train-pg_dms__transformer__seed42,PMS2,P43246:405:Y>L,0,0.08963786
train-pg_dms__transformer__seed42,PMS2,P43246:405:Y>M,0,0.48347777
train-pg_dms__transformer__seed42,PMS2,P43246:405:Y>N,0,0.18146463
train-pg_dms__transformer__seed42,PMS2,P43246:405:Y>P,1,0.82968426
train-pg_dms__transformer__seed42,PMS2,P43246:405:Y>T,0,0.30630523
train-pg_dms__transformer__seed42,PMS2,P43246:405:Y>R,0,0.49112296
train-pg_dms__transformer__seed42,PMS2,P43246:405:Y>S,0,0.098815866
train-pg_dms__transformer__seed42,PMS2,P43246:405:Y>V,0,0.11932784
train-pg_dms__transformer__seed42,PMS2,P43246:405:Y>W,0,0.25342518
train-pg_dms__transformer__seed42,PMS2,P43246:405:Y>C,0,0.008523553
train-pg_dms__transformer__seed42,PMS2,P43246:405:Y>A,0,0.16695736
train-pg_dms__transformer__seed42,PMS2,P43246:405:Y>Q,0,0.3564316
train-pg_dms__transformer__seed42,PMS2,P43246:408:Y>K,0,0.7402077
train-pg_dms__transformer__seed42,PMS2,P43246:408:Y>I,0,0.5119553
train-pg_dms__transformer__seed42,PMS2,P43246:408:Y>D,0,0.7635314
train-pg_dms__transformer__seed42,PMS2,P43246:408:Y>E,0,0.74170536
train-pg_dms__transformer__seed42,PMS2,P43246:408:Y>L,0,0.19977525
train-pg_dms__transformer__seed42,PMS2,P43246:408:Y>G,0,0.3635899
train-pg_dms__transformer__seed42,PMS2,P43246:408:Y>M,0,0.6046176
train-pg_dms__transformer__seed42,PMS2,P43246:408:Y>P,1,0.93225175
train-pg_dms__transformer__seed42,PMS2,P43246:408:Y>N,0,0.52078944
train-pg_dms__transformer__seed42,PMS2,P43246:408:Y>C,0,0.02525727
train-pg_dms__transformer__seed42,PMS2,P43246:408:Y>W,0,0.36737737
train-pg_dms__transformer__seed42,PMS2,P43246:408:Y>V,0,0.59022456
train-pg_dms__transformer__seed42,PMS2,P43246:408:Y>A,0,0.32909736
train-pg_dms__transformer__seed42,PMS2,P43246:408:Y>R,0,0.7305954
train-pg_dms__transformer__seed42,PMS2,P43246:408:Y>Q,0,0.61528814
train-pg_dms__transformer__seed42,PMS2,P43246:408:Y>T,0,0.51172
train-pg_dms__transformer__seed42,PMS2,P43246:412:N>D,0,0.0045593153
train-pg_dms__transformer__seed42,PMS2,P43246:412:N>Y,0,0.0027186351
train-pg_dms__transformer__seed42,PMS2,P43246:412:N>W,0,0.1488335
train-pg_dms__transformer__seed42,PMS2,P43246:412:N>V,0,0.005257203
train-pg_dms__transformer__seed42,PMS2,P43246:412:N>T,0,0.0023247323
train-pg_dms__transformer__seed42,PMS2,P43246:412:N>S,0,0.002957859
train-pg_dms__transformer__seed42,PMS2,P43246:412:N>R,0,0.003513975
train-pg_dms__transformer__seed42,PMS2,P43246:412:N>Q,0,0.002583536
train-pg_dms__transformer__seed42,PMS2,P43246:412:N>P,0,0.3406829
train-pg_dms__transformer__seed42,PMS2,P43246:412:N>L,0,0.0039008874
train-pg_dms__transformer__seed42,PMS2,P43246:412:N>I,0,0.0029883774
train-pg_dms__transformer__seed42,PMS2,P43246:412:N>H,0,0.004841144
train-pg_dms__transformer__seed42,PMS2,P43246:412:N>G,0,0.0021055778
train-pg_dms__transformer__seed42,PMS2,P43246:412:N>F,0,0.0031463576
train-pg_dms__transformer__seed42,PMS2,P43246:412:N>E,0,0.006421726
train-pg_dms__transformer__seed42,PMS2,P43246:412:N>C,0,0.00072670635
train-pg_dms__transformer__seed42,PMS2,P43246:412:N>M,0,0.132164
train-pg_dms__transformer__seed42,PMS2,P43246:412:N>A,0,0.0019951437
train-pg_dms__transformer__seed42,PMS2,P43246:413:Q>Y,0,0.009382223
train-pg_dms__transformer__seed42,PMS2,P43246:413:Q>W,0,0.21506026
train-pg_dms__transformer__seed42,PMS2,P43246:413:Q>V,0,0.010597719
train-pg_dms__transformer__seed42,PMS2,P43246:413:Q>H,0,0.010049617
train-pg_dms__transformer__seed42,PMS2,P43246:413:Q>S,0,0.0049902806
train-pg_dms__transformer__seed42,PMS2,P43246:413:Q>T,0,0.0061856164
train-pg_dms__transformer__seed42,PMS2,P43246:413:Q>N,0,0.011107762
train-pg_dms__transformer__seed42,PMS2,P43246:413:Q>M,0,0.20496769
train-pg_dms__transformer__seed42,PMS2,P43246:413:Q>L,0,0.004493706
train-pg_dms__transformer__seed42,PMS2,P43246:413:Q>K,0,0.010926325
train-pg_dms__transformer__seed42,PMS2,P43246:413:Q>I,0,0.0071826675
train-pg_dms__transformer__seed42,PMS2,P43246:413:Q>R,0,0.0047218865
train-pg_dms__transformer__seed42,PMS2,P43246:413:Q>G,0,0.0047422056
train-pg_dms__transformer__seed42,PMS2,P43246:413:Q>D,0,0.052882228
train-pg_dms__transformer__seed42,PMS2,P43246:413:Q>C,0,0.0033522742
train-pg_dms__transformer__seed42,PMS2,P43246:413:Q>A,0,0.0038464956
train-pg_dms__transformer__seed42,PMS2,P43246:413:Q>P,0,0.24305755
train-pg_dms__transformer__seed42,PMS2,P43246:424:H>D,0,0.058634073
train-pg_dms__transformer__seed42,PMS2,P43246:424:H>Y,0,0.028884355
train-pg_dms__transformer__seed42,PMS2,P43246:424:H>W,0,0.387275
train-pg_dms__transformer__seed42,PMS2,P43246:424:H>V,0,0.027948182
train-pg_dms__transformer__seed42,PMS2,P43246:424:H>T,0,0.041250642
train-pg_dms__transformer__seed42,PMS2,P43246:424:H>A,0,0.021141037
train-pg_dms__transformer__seed42,PMS2,P43246:424:H>S,0,0.014725957
train-pg_dms__transformer__seed42,PMS2,P43246:424:H>M,0,0.2215567
train-pg_dms__transformer__seed42,PMS2,P43246:424:H>L,0,0.02770899
train-pg_dms__transformer__seed42,PMS2,P43246:424:H>I,0,0.048017714
train-pg_dms__transformer__seed42,PMS2,P43246:424:H>G,0,0.022197256
train-pg_dms__transformer__seed42,PMS2,P43246:424:H>F,0,0.016215837
train-pg_dms__transformer__seed42,PMS2,P43246:424:H>E,0,0.045991905
train-pg_dms__transformer__seed42,PMS2,P43246:424:H>P,0,0.091373816
train-pg_dms__transformer__seed42,PMS2,P43246:424:H>C,0,0.0037066275
train-pg_dms__transformer__seed42,PMS2,P43246:432:L>N,0,0.92559946
train-pg_dms__transformer__seed42,PMS2,P43246:432:L>P,0,0.9688449
train-pg_dms__transformer__seed42,PMS2,P43246:432:L>R,0,0.952129
train-pg_dms__transformer__seed42,PMS2,P43246:432:L>Q,0,0.46863177
train-pg_dms__transformer__seed42,PMS2,P43246:432:L>T,0,0.40918723
train-pg_dms__transformer__seed42,PMS2,P43246:432:L>V,0,0.017842704
train-pg_dms__transformer__seed42,PMS2,P43246:432:L>M,0,0.20533137
train-pg_dms__transformer__seed42,PMS2,P43246:432:L>Y,0,0.4944166
train-pg_dms__transformer__seed42,PMS2,P43246:432:L>S,0,0.6420433
train-pg_dms__transformer__seed42,PMS2,P43246:432:L>K,0,0.91861814
train-pg_dms__transformer__seed42,PMS2,P43246:432:L>F,0,0.058292665
train-pg_dms__transformer__seed42,PMS2,P43246:432:L>H,0,0.72530437
train-pg_dms__transformer__seed42,PMS2,P43246:432:L>G,1,0.89122736
train-pg_dms__transformer__seed42,PMS2,P43246:432:L>E,0,0.8824742
train-pg_dms__transformer__seed42,PMS2,P43246:432:L>D,0,0.97003573
train-pg_dms__transformer__seed42,PMS2,P43246:432:L>C,0,0.04216881
train-pg_dms__transformer__seed42,PMS2,P43246:432:L>A,0,0.25894165
train-pg_dms__transformer__seed42,PMS2,P43246:432:L>I,0,0.0411847
train-pg_dms__transformer__seed42,PMS2,P43246:434:A>L,0,0.042787086
train-pg_dms__transformer__seed42,PMS2,P43246:434:A>R,0,0.050395906
train-pg_dms__transformer__seed42,PMS2,P43246:434:A>S,0,0.011757293
train-pg_dms__transformer__seed42,PMS2,P43246:434:A>T,0,0.031213699
train-pg_dms__transformer__seed42,PMS2,P43246:434:A>V,0,0.023431208
train-pg_dms__transformer__seed42,PMS2,P43246:434:A>P,0,0.32785934
train-pg_dms__transformer__seed42,PMS2,P43246:434:A>N,0,0.018704912
train-pg_dms__transformer__seed42,PMS2,P43246:434:A>M,0,0.22375879
train-pg_dms__transformer__seed42,PMS2,P43246:434:A>K,0,0.15845034
train-pg_dms__transformer__seed42,PMS2,P43246:434:A>W,1,0.65357083
train-pg_dms__transformer__seed42,PMS2,P43246:434:A>G,0,0.0053621083
train-pg_dms__transformer__seed42,PMS2,P43246:434:A>F,0,0.15834236
train-pg_dms__transformer__seed42,PMS2,P43246:434:A>E,0,0.020765461
train-pg_dms__transformer__seed42,PMS2,P43246:434:A>D,0,0.04279863
train-pg_dms__transformer__seed42,PMS2,P43246:434:A>C,0,0.015609124
train-pg_dms__transformer__seed42,PMS2,P43246:434:A>I,0,0.13984266
train-pg_dms__transformer__seed42,PMS2,P43246:440:L>K,1,0.9048731
train-pg_dms__transformer__seed42,PMS2,P43246:440:L>I,0,0.011165483
train-pg_dms__transformer__seed42,PMS2,P43246:440:L>H,1,0.72930205
train-pg_dms__transformer__seed42,PMS2,P43246:440:L>G,0,0.64351976
train-pg_dms__transformer__seed42,PMS2,P43246:440:L>E,1,0.8368203
train-pg_dms__transformer__seed42,PMS2,P43246:440:L>S,0,0.67118096
train-pg_dms__transformer__seed42,PMS2,P43246:440:L>N,1,0.8533363
train-pg_dms__transformer__seed42,PMS2,P43246:440:L>Q,0,0.6277461
train-pg_dms__transformer__seed42,PMS2,P43246:440:L>C,0,0.02318724
train-pg_dms__transformer__seed42,PMS2,P43246:440:L>T,0,0.37725487
train-pg_dms__transformer__seed42,PMS2,P43246:440:L>V,0,0.015657393
train-pg_dms__transformer__seed42,PMS2,P43246:440:L>W,0,0.78669614
train-pg_dms__transformer__seed42,PMS2,P43246:440:L>Y,0,0.4105153
train-pg_dms__transformer__seed42,PMS2,P43246:440:L>M,0,0.17692147
train-pg_dms__transformer__seed42,PMS2,P43246:440:L>A,0,0.11925995
train-pg_dms__transformer__seed42,PMS2,P43246:440:L>D,1,0.93239474
train-pg_dms__transformer__seed42,PMS2,P43246:441:T>W,0,0.24451496
train-pg_dms__transformer__seed42,PMS2,P43246:441:T>A,0,0.005120196
train-pg_dms__transformer__seed42,PMS2,P43246:441:T>C,0,0.001497339
train-pg_dms__transformer__seed42,PMS2,P43246:441:T>D,1,0.011788785
train-pg_dms__transformer__seed42,PMS2,P43246:441:T>E,0,0.0041585597
train-pg_dms__transformer__seed42,PMS2,P43246:441:T>F,0,0.0030546552
train-pg_dms__transformer__seed42,PMS2,P43246:441:T>G,0,0.0036334463
train-pg_dms__transformer__seed42,PMS2,P43246:441:T>H,0,0.016594283
train-pg_dms__transformer__seed42,PMS2,P43246:441:T>I,0,0.0030426146
train-pg_dms__transformer__seed42,PMS2,P43246:441:T>L,0,0.0045148088
train-pg_dms__transformer__seed42,PMS2,P43246:441:T>N,0,0.002623197
train-pg_dms__transformer__seed42,PMS2,P43246:441:T>P,1,0.13447396
train-pg_dms__transformer__seed42,PMS2,P43246:441:T>R,0,0.0030532165
train-pg_dms__transformer__seed42,PMS2,P43246:441:T>V,0,0.0031749336
train-pg_dms__transformer__seed42,PMS2,P43246:441:T>Q,0,0.0038366092
train-pg_dms__transformer__seed42,PMS2,P43246:445:S>Y,0,0.0020481523
train-pg_dms__transformer__seed42,PMS2,P43246:445:S>K,0,0.012417795
train-pg_dms__transformer__seed42,PMS2,P43246:445:S>L,0,0.0026757733
train-pg_dms__transformer__seed42,PMS2,P43246:445:S>M,1,0.07132718
train-pg_dms__transformer__seed42,PMS2,P43246:445:S>N,0,0.0019239172
train-pg_dms__transformer__seed42,PMS2,P43246:445:S>P,0,0.047077082
train-pg_dms__transformer__seed42,PMS2,P43246:445:S>Q,0,0.0059122713
train-pg_dms__transformer__seed42,PMS2,P43246:445:S>T,0,0.0019034912
train-pg_dms__transformer__seed42,PMS2,P43246:445:S>I,0,0.0020412742
train-pg_dms__transformer__seed42,PMS2,P43246:445:S>V,0,0.0040843887
train-pg_dms__transformer__seed42,PMS2,P43246:445:S>W,0,0.14106798
train-pg_dms__transformer__seed42,PMS2,P43246:445:S>E,0,0.0049484344
train-pg_dms__transformer__seed42,PMS2,P43246:445:S>H,0,0.015201715
train-pg_dms__transformer__seed42,PMS2,P43246:445:S>R,0,0.005379557
train-pg_dms__transformer__seed42,PMS2,P43246:445:S>G,0,0.0009784969
train-pg_dms__transformer__seed42,PMS2,P43246:449:K>A,0,0.011356231
train-pg_dms__transformer__seed42,PMS2,P43246:449:K>C,0,0.007731824
train-pg_dms__transformer__seed42,PMS2,P43246:449:K>D,0,0.063387685
train-pg_dms__transformer__seed42,PMS2,P43246:449:K>E,0,0.044877563
train-pg_dms__transformer__seed42,PMS2,P43246:449:K>F,0,0.016482238
train-pg_dms__transformer__seed42,PMS2,P43246:449:K>G,0,0.012130822
train-pg_dms__transformer__seed42,PMS2,P43246:449:K>P,0,0.43592358
train-pg_dms__transformer__seed42,PMS2,P43246:449:K>V,0,0.030839216
train-pg_dms__transformer__seed42,PMS2,P43246:449:K>W,0,0.44802517
train-pg_dms__transformer__seed42,PMS2,P43246:449:K>S,0,0.009897858
train-pg_dms__transformer__seed42,PMS2,P43246:449:K>H,0,0.043026287
train-pg_dms__transformer__seed42,PMS2,P43246:449:K>I,0,0.02270816
train-pg_dms__transformer__seed42,PMS2,P43246:449:K>L,0,0.02996759
train-pg_dms__transformer__seed42,PMS2,P43246:449:K>N,0,0.0333116
train-pg_dms__transformer__seed42,PMS2,P43246:449:K>Q,0,0.0068509993
train-pg_dms__transformer__seed42,PMS2,P43246:449:K>T,0,0.010122993
train-pg_dms__transformer__seed42,PMS2,P43246:455:E>R,0,0.023849992
train-pg_dms__transformer__seed42,PMS2,P43246:455:E>W,1,0.5388692
train-pg_dms__transformer__seed42,PMS2,P43246:455:E>P,0,0.6552519
train-pg_dms__transformer__seed42,PMS2,P43246:455:E>N,0,0.03259294
train-pg_dms__transformer__seed42,PMS2,P43246:455:E>M,1,0.44307652
train-pg_dms__transformer__seed42,PMS2,P43246:455:E>L,0,0.061009564
train-pg_dms__transformer__seed42,PMS2,P43246:455:E>I,0,0.03356031
train-pg_dms__transformer__seed42,PMS2,P43246:455:E>H,0,0.13371028
train-pg_dms__transformer__seed42,PMS2,P43246:455:E>G,0,0.0040732604
train-pg_dms__transformer__seed42,PMS2,P43246:455:E>F,0,0.029571181
train-pg_dms__transformer__seed42,PMS2,P43246:455:E>C,0,0.0150343785
train-pg_dms__transformer__seed42,PMS2,P43246:455:E>A,0,0.0034595253
train-pg_dms__transformer__seed42,PMS2,P43246:455:E>T,0,0.010253076
train-pg_dms__transformer__seed42,PMS2,P43246:455:E>V,0,0.029133556
train-pg_dms__transformer__seed42,PMS2,P43246:455:E>S,0,0.004570459
train-pg_dms__transformer__seed42,PMS2,P43246:455:E>Y,0,0.035793312
train-pg_dms__transformer__seed42,PMS2,P43246:462:Q>R,0,0.00838215
train-pg_dms__transformer__seed42,PMS2,P43246:462:Q>P,0,0.4436054
train-pg_dms__transformer__seed42,PMS2,P43246:462:Q>N,0,0.02428314
train-pg_dms__transformer__seed42,PMS2,P43246:462:Q>M,0,0.29146215
train-pg_dms__transformer__seed42,PMS2,P43246:462:Q>L,0,0.01648816
train-pg_dms__transformer__seed42,PMS2,P43246:462:Q>K,0,0.015066244
train-pg_dms__transformer__seed42,PMS2,P43246:462:Q>I,0,0.036174983
train-pg_dms__transformer__seed42,PMS2,P43246:462:Q>D,0,0.10545971
train-pg_dms__transformer__seed42,PMS2,P43246:462:Q>F,0,0.060659114
train-pg_dms__transformer__seed42,PMS2,P43246:462:Q>E,0,0.008032948
train-pg_dms__transformer__seed42,PMS2,P43246:462:Q>C,0,0.011042923
train-pg_dms__transformer__seed42,PMS2,P43246:462:Q>A,0,0.005044378
train-pg_dms__transformer__seed42,PMS2,P43246:462:Q>Y,0,0.047648616
train-pg_dms__transformer__seed42,PMS2,P43246:462:Q>W,0,0.3820352
train-pg_dms__transformer__seed42,PMS2,P43246:462:Q>V,0,0.025670564
train-pg_dms__transformer__seed42,PMS2,P43246:462:Q>G,0,0.008801548
train-pg_dms__transformer__seed42,PMS2,P43246:462:Q>S,0,0.013601944
train-pg_dms__transformer__seed42,PMS2,P43246:462:Q>T,0,0.015355115
train-pg_dms__transformer__seed42,PMS2,P43246:469:L>T,0,0.15452495
train-pg_dms__transformer__seed42,PMS2,P43246:469:L>D,1,0.78703713
train-pg_dms__transformer__seed42,PMS2,P43246:469:L>C,0,0.019245358
train-pg_dms__transformer__seed42,PMS2,P43246:469:L>A,0,0.07405476
train-pg_dms__transformer__seed42,PMS2,P43246:469:L>M,0,0.08367822
train-pg_dms__transformer__seed42,PMS2,P43246:469:L>N,0,0.48048583
train-pg_dms__transformer__seed42,PMS2,P43246:469:L>P,1,0.85968405
train-pg_dms__transformer__seed42,PMS2,P43246:469:L>Y,0,0.13061318
train-pg_dms__transformer__seed42,PMS2,P43246:469:L>S,0,0.18447436
train-pg_dms__transformer__seed42,PMS2,P43246:469:L>W,0,0.6110775
train-pg_dms__transformer__seed42,PMS2,P43246:469:L>G,0,0.58946383
train-pg_dms__transformer__seed42,PMS2,P43246:469:L>H,0,0.17429163
train-pg_dms__transformer__seed42,PMS2,P43246:469:L>I,0,0.005272368
train-pg_dms__transformer__seed42,PMS2,P43246:469:L>V,0,0.014485801
train-pg_dms__transformer__seed42,PMS2,P43246:469:L>K,0,0.33542556
train-pg_dms__transformer__seed42,PMS2,P43246:469:L>R,0,0.095092684
train-pg_dms__transformer__seed42,PMS2,P43246:471:K>E,0,0.30242622
train-pg_dms__transformer__seed42,PMS2,P43246:471:K>A,0,0.06668233
train-pg_dms__transformer__seed42,PMS2,P43246:471:K>T,0,0.09300818
train-pg_dms__transformer__seed42,PMS2,P43246:471:K>H,0,0.0860438
train-pg_dms__transformer__seed42,PMS2,P43246:471:K>Y,0,0.1470562
train-pg_dms__transformer__seed42,PMS2,P43246:471:K>G,0,0.11694513
train-pg_dms__transformer__seed42,PMS2,P43246:471:K>I,0,0.112557344
train-pg_dms__transformer__seed42,PMS2,P43246:471:K>C,0,0.012413539
train-pg_dms__transformer__seed42,PMS2,P43246:471:K>V,0,0.14767225
train-pg_dms__transformer__seed42,PMS2,P43246:471:K>W,0,0.6833594
train-pg_dms__transformer__seed42,PMS2,P43246:471:K>R,0,0.0014218491
train-pg_dms__transformer__seed42,PMS2,P43246:471:K>Q,0,0.0065102377
train-pg_dms__transformer__seed42,PMS2,P43246:471:K>P,0,0.9250453
train-pg_dms__transformer__seed42,PMS2,P43246:471:K>N,0,0.20823056
train-pg_dms__transformer__seed42,PMS2,P43246:471:K>M,0,0.4789883
train-pg_dms__transformer__seed42,PMS2,P43246:471:K>L,0,0.090130895
train-pg_dms__transformer__seed42,PMS2,P43246:471:K>S,0,0.065053046
train-pg_dms__transformer__seed42,PMS2,P43246:474:F>D,0,0.74577534
train-pg_dms__transformer__seed42,PMS2,P43246:474:F>E,0,0.74379927
train-pg_dms__transformer__seed42,PMS2,P43246:474:F>A,1,0.48433045
train-pg_dms__transformer__seed42,PMS2,P43246:474:F>C,0,0.12816279
train-pg_dms__transformer__seed42,PMS2,P43246:474:F>L,0,0.5066049
train-pg_dms__transformer__seed42,PMS2,P43246:474:F>I,0,0.2917768
train-pg_dms__transformer__seed42,PMS2,P43246:474:F>G,0,0.59975564
train-pg_dms__transformer__seed42,PMS2,P43246:474:F>Y,0,0.07035005
train-pg_dms__transformer__seed42,PMS2,P43246:474:F>V,0,0.37979355
train-pg_dms__transformer__seed42,PMS2,P43246:474:F>T,0,0.5085885
train-pg_dms__transformer__seed42,PMS2,P43246:474:F>R,0,0.8427108
train-pg_dms__transformer__seed42,PMS2,P43246:474:F>Q,0,0.49075875
train-pg_dms__transformer__seed42,PMS2,P43246:474:F>P,1,0.86929303
train-pg_dms__transformer__seed42,PMS2,P43246:474:F>N,0,0.5700309
train-pg_dms__transformer__seed42,PMS2,P43246:474:F>M,0,0.5877254
train-pg_dms__transformer__seed42,PMS2,P43246:474:F>S,0,0.5825767
train-pg_dms__transformer__seed42,PMS2,P43246:474:F>H,0,0.5112237
train-pg_dms__transformer__seed42,PMS2,P43246:474:F>K,0,0.5861121
train-pg_dms__transformer__seed42,PMS2,P43246:477:N>S,0,0.0014034631
train-pg_dms__transformer__seed42,PMS2,P43246:477:N>K,0,0.0048822677
train-pg_dms__transformer__seed42,PMS2,P43246:477:N>L,0,0.003363732
train-pg_dms__transformer__seed42,PMS2,P43246:477:N>V,0,0.001157418
train-pg_dms__transformer__seed42,PMS2,P43246:477:N>W,0,0.5810015
train-pg_dms__transformer__seed42,PMS2,P43246:477:N>T,0,0.0016413695
train-pg_dms__transformer__seed42,PMS2,P43246:477:N>R,0,0.0019514033
train-pg_dms__transformer__seed42,PMS2,P43246:477:N>Q,0,0.0034739708
train-pg_dms__transformer__seed42,PMS2,P43246:477:N>P,0,0.4736136
train-pg_dms__transformer__seed42,PMS2,P43246:477:N>M,1,0.16135599
train-pg_dms__transformer__seed42,PMS2,P43246:477:N>Y,0,0.01319956
train-pg_dms__transformer__seed42,PMS2,P43246:477:N>C,0,0.0006851762
train-pg_dms__transformer__seed42,PMS2,P43246:477:N>D,1,0.0030867264
train-pg_dms__transformer__seed42,PMS2,P43246:477:N>E,0,0.010337179
train-pg_dms__transformer__seed42,PMS2,P43246:477:N>I,0,0.0018904776
train-pg_dms__transformer__seed42,PMS2,P43246:477:N>F,0,0.006101335
train-pg_dms__transformer__seed42,PMS2,P43246:477:N>G,0,0.0012048859
train-pg_dms__transformer__seed42,PMS2,P43246:477:N>H,0,0.0100445235
train-pg_dms__transformer__seed42,PMS2,P43246:477:N>A,0,0.0008169529
train-pg_dms__transformer__seed42,PMS2,P43246:485:M>N,0,0.4208032
train-pg_dms__transformer__seed42,PMS2,P43246:485:M>A,0,0.08096592
train-pg_dms__transformer__seed42,PMS2,P43246:485:M>K,0,0.19078168
train-pg_dms__transformer__seed42,PMS2,P43246:485:M>H,0,0.29799396
train-pg_dms__transformer__seed42,PMS2,P43246:485:M>F,1,0.15075734
train-pg_dms__transformer__seed42,PMS2,P43246:485:M>C,0,0.07180274
train-pg_dms__transformer__seed42,PMS2,P43246:485:M>P,1,0.847304
train-pg_dms__transformer__seed42,PMS2,P43246:485:M>G,1,0.20944372
train-pg_dms__transformer__seed42,PMS2,P43246:485:M>S,0,0.16010348
train-pg_dms__transformer__seed42,PMS2,P43246:485:M>T,0,0.16778739
train-pg_dms__transformer__seed42,PMS2,P43246:485:M>V,0,0.06739632
train-pg_dms__transformer__seed42,PMS2,P43246:485:M>W,1,0.6960785
train-pg_dms__transformer__seed42,PMS2,P43246:485:M>Y,0,0.24256457
train-pg_dms__transformer__seed42,PMS2,P43246:485:M>R,0,0.17610627
train-pg_dms__transformer__seed42,PMS2,P43246:485:M>L,0,0.053955946
train-pg_dms__transformer__seed42,PMS2,P43246:488:L>F,0,0.008730915
train-pg_dms__transformer__seed42,PMS2,P43246:488:L>G,0,0.15302871
train-pg_dms__transformer__seed42,PMS2,P43246:488:L>H,0,0.09750936
train-pg_dms__transformer__seed42,PMS2,P43246:488:L>I,0,0.0049667466
train-pg_dms__transformer__seed42,PMS2,P43246:488:L>K,0,0.06905793
train-pg_dms__transformer__seed42,PMS2,P43246:488:L>M,0,0.14412932
train-pg_dms__transformer__seed42,PMS2,P43246:488:L>P,1,0.9721604
train-pg_dms__transformer__seed42,PMS2,P43246:488:L>Q,0,0.011774031
train-pg_dms__transformer__seed42,PMS2,P43246:488:L>D,0,0.85517925
train-pg_dms__transformer__seed42,PMS2,P43246:488:L>S,0,0.034630336
train-pg_dms__transformer__seed42,PMS2,P43246:488:L>T,0,0.0065283542
train-pg_dms__transformer__seed42,PMS2,P43246:488:L>V,0,0.035321828
train-pg_dms__transformer__seed42,PMS2,P43246:488:L>W,0,0.63009125
train-pg_dms__transformer__seed42,PMS2,P43246:488:L>Y,0,0.045658857
train-pg_dms__transformer__seed42,PMS2,P43246:488:L>N,0,0.050068483
train-pg_dms__transformer__seed42,PMS2,P43246:488:L>R,0,0.051577743
train-pg_dms__transformer__seed42,PMS2,P43246:488:L>E,0,0.15059876
train-pg_dms__transformer__seed42,PMS2,P43246:488:L>C,0,0.005069521
train-pg_dms__transformer__seed42,PMS2,P43246:488:L>A,0,0.0043752105
train-pg_dms__transformer__seed42,PMS2,P43246:498:S>N,0,0.005199991
train-pg_dms__transformer__seed42,PMS2,P43246:498:S>M,0,0.08730955
train-pg_dms__transformer__seed42,PMS2,P43246:498:S>L,0,0.0031299626
train-pg_dms__transformer__seed42,PMS2,P43246:498:S>Y,0,0.0024814315
train-pg_dms__transformer__seed42,PMS2,P43246:498:S>K,0,0.010247223
train-pg_dms__transformer__seed42,PMS2,P43246:498:S>I,0,0.0029332065
train-pg_dms__transformer__seed42,PMS2,P43246:498:S>H,0,0.014364469
train-pg_dms__transformer__seed42,PMS2,P43246:498:S>A,0,0.0013816007
train-pg_dms__transformer__seed42,PMS2,P43246:498:S>G,0,0.0012780287
train-pg_dms__transformer__seed42,PMS2,P43246:498:S>P,0,0.105614625
train-pg_dms__transformer__seed42,PMS2,P43246:498:S>Q,0,0.0059459005
train-pg_dms__transformer__seed42,PMS2,P43246:498:S>R,0,0.006319821
train-pg_dms__transformer__seed42,PMS2,P43246:498:S>T,0,0.002661339
train-pg_dms__transformer__seed42,PMS2,P43246:498:S>V,0,0.0033136162
train-pg_dms__transformer__seed42,PMS2,P43246:498:S>W,0,0.17508723
train-pg_dms__transformer__seed42,PMS2,P43246:498:S>C,0,0.00082840974
train-pg_dms__transformer__seed42,PMS2,P43246:498:S>D,0,0.010622701
train-pg_dms__transformer__seed42,PMS2,P43246:500:A>T,0,0.3570256
train-pg_dms__transformer__seed42,PMS2,P43246:500:A>N,0,0.7635655
train-pg_dms__transformer__seed42,PMS2,P43246:500:A>S,0,0.012274715
train-pg_dms__transformer__seed42,PMS2,P43246:500:A>W,1,0.8589586
train-pg_dms__transformer__seed42,PMS2,P43246:500:A>Y,0,0.7718948
train-pg_dms__transformer__seed42,PMS2,P43246:500:A>P,1,0.8891577
train-pg_dms__transformer__seed42,PMS2,P43246:500:A>Q,0,0.6354614
train-pg_dms__transformer__seed42,PMS2,P43246:500:A>R,0,0.8704297
train-pg_dms__transformer__seed42,PMS2,P43246:500:A>L,1,0.664835
train-pg_dms__transformer__seed42,PMS2,P43246:500:A>C,0,0.10577106
train-pg_dms__transformer__seed42,PMS2,P43246:500:A>D,1,0.835637
train-pg_dms__transformer__seed42,PMS2,P43246:500:A>E,0,0.70378333
train-pg_dms__transformer__seed42,PMS2,P43246:500:A>G,0,0.007056344
train-pg_dms__transformer__seed42,PMS2,P43246:500:A>H,0,0.76407874
train-pg_dms__transformer__seed42,PMS2,P43246:500:A>M,0,0.63700163
train-pg_dms__transformer__seed42,PMS2,P43246:500:A>I,0,0.7748929
train-pg_dms__transformer__seed42,PMS2,P43246:502:D>S,0,0.007847686
train-pg_dms__transformer__seed42,PMS2,P43246:502:D>C,0,0.0029502905
train-pg_dms__transformer__seed42,PMS2,P43246:502:D>A,0,0.0016442131
train-pg_dms__transformer__seed42,PMS2,P43246:502:D>E,0,0.0004539956
train-pg_dms__transformer__seed42,PMS2,P43246:502:D>G,0,0.007413484
train-pg_dms__transformer__seed42,PMS2,P43246:502:D>T,0,0.0024143471
train-pg_dms__transformer__seed42,PMS2,P43246:502:D>W,0,0.7002265
train-pg_dms__transformer__seed42,PMS2,P43246:502:D>Y,0,0.01861528
train-pg_dms__transformer__seed42,PMS2,P43246:502:D>H,0,0.020774217
train-pg_dms__transformer__seed42,PMS2,P43246:502:D>I,0,0.0046651512
train-pg_dms__transformer__seed42,PMS2,P43246:502:D>Q,0,0.0031648385
train-pg_dms__transformer__seed42,PMS2,P43246:502:D>P,0,0.8240437
train-pg_dms__transformer__seed42,PMS2,P43246:502:D>N,0,0.0010275563
train-pg_dms__transformer__seed42,PMS2,P43246:502:D>M,0,0.24719174
train-pg_dms__transformer__seed42,PMS2,P43246:502:D>L,0,0.020244075
train-pg_dms__transformer__seed42,PMS2,P43246:502:D>K,0,0.008418449
train-pg_dms__transformer__seed42,PMS2,P43246:502:D>R,0,0.011132239
train-pg_dms__transformer__seed42,PMS2,P43246:503:L>W,1,0.8489103
train-pg_dms__transformer__seed42,PMS2,P43246:503:L>V,0,0.027433498
train-pg_dms__transformer__seed42,PMS2,P43246:503:L>T,1,0.21942672
train-pg_dms__transformer__seed42,PMS2,P43246:503:L>S,1,0.46280086
train-pg_dms__transformer__seed42,PMS2,P43246:503:L>R,1,0.8922965
train-pg_dms__transformer__seed42,PMS2,P43246:503:L>Q,1,0.4888411
train-pg_dms__transformer__seed42,PMS2,P43246:503:L>P,1,0.96535593
train-pg_dms__transformer__seed42,PMS2,P43246:503:L>N,1,0.8340476
train-pg_dms__transformer__seed42,PMS2,P43246:503:L>M,0,0.21691038
train-pg_dms__transformer__seed42,PMS2,P43246:503:L>K,1,0.8215431
train-pg_dms__transformer__seed42,PMS2,P43246:503:L>G,1,0.626977
train-pg_dms__transformer__seed42,PMS2,P43246:503:L>E,1,0.7576716
train-pg_dms__transformer__seed42,PMS2,P43246:503:L>D,1,0.92136943
train-pg_dms__transformer__seed42,PMS2,P43246:503:L>C,0,0.028634777
train-pg_dms__transformer__seed42,PMS2,P43246:503:L>A,1,0.07461143
train-pg_dms__transformer__seed42,PMS2,P43246:508:G>I,0,0.1282484
train-pg_dms__transformer__seed42,PMS2,P43246:508:G>H,0,0.18617123
train-pg_dms__transformer__seed42,PMS2,P43246:508:G>E,0,0.07484067
train-pg_dms__transformer__seed42,PMS2,P43246:508:G>W,1,0.60506904
train-pg_dms__transformer__seed42,PMS2,P43246:508:G>V,0,0.058347214
train-pg_dms__transformer__seed42,PMS2,P43246:508:G>T,0,0.024753215
train-pg_dms__transformer__seed42,PMS2,P43246:508:G>S,0,0.007998445
train-pg_dms__transformer__seed42,PMS2,P43246:508:G>R,0,0.11221798
train-pg_dms__transformer__seed42,PMS2,P43246:508:G>Q,0,0.038164914
train-pg_dms__transformer__seed42,PMS2,P43246:508:G>P,0,0.6050726
train-pg_dms__transformer__seed42,PMS2,P43246:508:G>N,0,0.017826257
train-pg_dms__transformer__seed42,PMS2,P43246:508:G>L,0,0.09171235
train-pg_dms__transformer__seed42,PMS2,P43246:508:G>K,0,0.22929607
train-pg_dms__transformer__seed42,PMS2,P43246:508:G>C,0,0.015168378
train-pg_dms__transformer__seed42,PMS2,P43246:508:G>Y,0,0.090220325
train-pg_dms__transformer__seed42,PMS2,P43246:508:G>F,0,0.10367059
train-pg_dms__transformer__seed42,PMS2,P43246:510:Q>D,0,0.07008157
train-pg_dms__transformer__seed42,PMS2,P43246:510:Q>C,0,0.0033147123
train-pg_dms__transformer__seed42,PMS2,P43246:510:Q>Y,0,0.041125115
train-pg_dms__transformer__seed42,PMS2,P43246:510:Q>W,0,0.38670778
train-pg_dms__transformer__seed42,PMS2,P43246:510:Q>A,0,0.0054489416
train-pg_dms__transformer__seed42,PMS2,P43246:510:Q>N,0,0.0058347057
train-pg_dms__transformer__seed42,PMS2,P43246:510:Q>M,0,0.08904863
train-pg_dms__transformer__seed42,PMS2,P43246:510:Q>L,0,0.014862203
train-pg_dms__transformer__seed42,PMS2,P43246:510:Q>K,0,0.01505941
train-pg_dms__transformer__seed42,PMS2,P43246:510:Q>I,0,0.006450474
train-pg_dms__transformer__seed42,PMS2,P43246:510:Q>H,0,0.04257434
train-pg_dms__transformer__seed42,PMS2,P43246:510:Q>G,0,0.006658266
train-pg_dms__transformer__seed42,PMS2,P43246:510:Q>V,0,0.006360086
train-pg_dms__transformer__seed42,PMS2,P43246:510:Q>T,0,0.011117468
train-pg_dms__transformer__seed42,PMS2,P43246:510:Q>S,0,0.012671409
train-pg_dms__transformer__seed42,PMS2,P43246:510:Q>F,0,0.040609464
train-pg_dms__transformer__seed42,PMS2,P43246:510:Q>E,0,0.008288756
train-pg_dms__transformer__seed42,PMS2,P43246:510:Q>R,0,0.033599194
train-pg_dms__transformer__seed42,PMS2,P43246:510:Q>P,0,0.053694405
train-pg_dms__transformer__seed42,PMS2,P43246:511:I>N,1,0.9590309
train-pg_dms__transformer__seed42,PMS2,P43246:511:I>P,0,0.9882339
train-pg_dms__transformer__seed42,PMS2,P43246:511:I>G,1,0.9183351
train-pg_dms__transformer__seed42,PMS2,P43246:511:I>L,0,0.024219677
train-pg_dms__transformer__seed42,PMS2,P43246:511:I>K,1,0.9672702
train-pg_dms__transformer__seed42,PMS2,P43246:511:I>H,1,0.9160963
train-pg_dms__transformer__seed42,PMS2,P43246:511:I>F,0,0.2980736
train-pg_dms__transformer__seed42,PMS2,P43246:511:I>E,1,0.9700776
train-pg_dms__transformer__seed42,PMS2,P43246:511:I>D,1,0.9829748
train-pg_dms__transformer__seed42,PMS2,P43246:511:I>C,0,0.14901389
train-pg_dms__transformer__seed42,PMS2,P43246:511:I>A,0,0.55067545
train-pg_dms__transformer__seed42,PMS2,P43246:511:I>S,1,0.84230787
train-pg_dms__transformer__seed42,PMS2,P43246:511:I>R,1,0.9874374
train-pg_dms__transformer__seed42,PMS2,P43246:511:I>Y,1,0.83811766
train-pg_dms__transformer__seed42,PMS2,P43246:511:I>W,1,0.9187949
train-pg_dms__transformer__seed42,PMS2,P43246:511:I>V,0,0.030485341
train-pg_dms__transformer__seed42,PMS2,P43246:511:I>T,0,0.76919425
train-pg_dms__transformer__seed42,PMS2,P43246:511:I>Q,1,0.92734224
train-pg_dms__transformer__seed42,PMS2,P43246:515:S>Q,0,0.017683832
train-pg_dms__transformer__seed42,PMS2,P43246:515:S>V,0,0.004524214
train-pg_dms__transformer__seed42,PMS2,P43246:515:S>W,0,0.16261294
train-pg_dms__transformer__seed42,PMS2,P43246:515:S>Y,0,0.006953917
train-pg_dms__transformer__seed42,PMS2,P43246:515:S>T,0,0.0032651392
train-pg_dms__transformer__seed42,PMS2,P43246:515:S>R,0,0.03316456
train-pg_dms__transformer__seed42,PMS2,P43246:515:S>P,0,0.2477577
train-pg_dms__transformer__seed42,PMS2,P43246:515:S>G,0,0.0017758893
train-pg_dms__transformer__seed42,PMS2,P43246:515:S>M,0,0.056307822
train-pg_dms__transformer__seed42,PMS2,P43246:515:S>A,0,0.0016581638
train-pg_dms__transformer__seed42,PMS2,P43246:515:S>N,0,0.0031485553
train-pg_dms__transformer__seed42,PMS2,P43246:515:S>D,0,0.045159437
train-pg_dms__transformer__seed42,PMS2,P43246:515:S>E,0,0.041834686
train-pg_dms__transformer__seed42,PMS2,P43246:515:S>F,0,0.0028086076
train-pg_dms__transformer__seed42,PMS2,P43246:515:S>C,0,0.0015171105
train-pg_dms__transformer__seed42,PMS2,P43246:515:S>H,0,0.013941387
train-pg_dms__transformer__seed42,PMS2,P43246:515:S>I,0,0.005719108
train-pg_dms__transformer__seed42,PMS2,P43246:515:S>K,0,0.044981886
train-pg_dms__transformer__seed42,PMS2,P43246:515:S>L,0,0.0039049513
train-pg_dms__transformer__seed42,PMS2,P43246:528:K>Y,1,0.04839193
train-pg_dms__transformer__seed42,PMS2,P43246:528:K>W,1,0.46959823
train-pg_dms__transformer__seed42,PMS2,P43246:528:K>C,0,0.009891112
train-pg_dms__transformer__seed42,PMS2,P43246:528:K>I,0,0.033759758
train-pg_dms__transformer__seed42,PMS2,P43246:528:K>N,1,0.0741322
train-pg_dms__transformer__seed42,PMS2,P43246:528:K>P,1,0.38397107
train-pg_dms__transformer__seed42,PMS2,P43246:528:K>H,1,0.115558274
train-pg_dms__transformer__seed42,PMS2,P43246:528:K>G,0,0.02014036
train-pg_dms__transformer__seed42,PMS2,P43246:528:K>T,0,0.032039277
train-pg_dms__transformer__seed42,PMS2,P43246:528:K>S,0,0.025199309
train-pg_dms__transformer__seed42,PMS2,P43246:528:K>R,0,0.0016415094
train-pg_dms__transformer__seed42,PMS2,P43246:528:K>Q,0,0.041223712
train-pg_dms__transformer__seed42,PMS2,P43246:528:K>A,0,0.023365863
train-pg_dms__transformer__seed42,PMS2,P43246:528:K>F,1,0.024497509
train-pg_dms__transformer__seed42,PMS2,P43246:528:K>M,0,0.460984
train-pg_dms__transformer__seed42,PMS2,P43246:528:K>V,0,0.07149581
train-pg_dms__transformer__seed42,PMS2,P43246:528:K>L,0,0.085001655
train-pg_dms__transformer__seed42,PMS2,P43246:531:K>Y,0,0.11496602
train-pg_dms__transformer__seed42,PMS2,P43246:531:K>W,0,0.6055749
train-pg_dms__transformer__seed42,PMS2,P43246:531:K>V,0,0.18369168
train-pg_dms__transformer__seed42,PMS2,P43246:531:K>T,0,0.036281258
train-pg_dms__transformer__seed42,PMS2,P43246:531:K>S,0,0.0404622
train-pg_dms__transformer__seed42,PMS2,P43246:531:K>P,0,0.53200775
train-pg_dms__transformer__seed42,PMS2,P43246:531:K>R,0,0.0011005747
train-pg_dms__transformer__seed42,PMS2,P43246:531:K>G,0,0.027663453
train-pg_dms__transformer__seed42,PMS2,P43246:531:K>H,0,0.14824732
train-pg_dms__transformer__seed42,PMS2,P43246:531:K>F,0,0.06269858
train-pg_dms__transformer__seed42,PMS2,P43246:531:K>L,0,0.19013569
train-pg_dms__transformer__seed42,PMS2,P43246:531:K>M,0,0.49536255
train-pg_dms__transformer__seed42,PMS2,P43246:531:K>D,1,0.26317188
train-pg_dms__transformer__seed42,PMS2,P43246:531:K>C,0,0.019259186
train-pg_dms__transformer__seed42,PMS2,P43246:531:K>A,0,0.040233817
train-pg_dms__transformer__seed42,PMS2,P43246:531:K>I,0,0.08243574
train-pg_dms__transformer__seed42,PMS2,P43246:535:N>R,0,0.054806005
train-pg_dms__transformer__seed42,PMS2,P43246:535:N>K,0,0.10898815
train-pg_dms__transformer__seed42,PMS2,P43246:535:N>P,0,0.64963794
train-pg_dms__transformer__seed42,PMS2,P43246:535:N>A,0,0.004292343
train-pg_dms__transformer__seed42,PMS2,P43246:535:N>C,0,0.0029987793
train-pg_dms__transformer__seed42,PMS2,P43246:535:N>E,0,0.15638804
train-pg_dms__transformer__seed42,PMS2,P43246:535:N>F,0,0.096764274
train-pg_dms__transformer__seed42,PMS2,P43246:535:N>G,0,0.001550123
train-pg_dms__transformer__seed42,PMS2,P43246:535:N>I,0,0.034990344
train-pg_dms__transformer__seed42,PMS2,P43246:535:N>Q,0,0.012607568
train-pg_dms__transformer__seed42,PMS2,P43246:535:N>W,0,0.69871354
train-pg_dms__transformer__seed42,PMS2,P43246:535:N>M,0,0.38855892
train-pg_dms__transformer__seed42,PMS2,P43246:535:N>Y,0,0.015430042
train-pg_dms__transformer__seed42,PMS2,P43246:535:N>T,0,0.0056345784
train-pg_dms__transformer__seed42,PMS2,P43246:535:N>S,0,0.0053998246
train-pg_dms__transformer__seed42,PMS2,P43246:535:N>L,0,0.03829026
train-pg_dms__transformer__seed42,PMS2,P43246:535:N>V,0,0.04239162
train-pg_dms__transformer__seed42,PMS2,P43246:536:N>E,0,0.17007162
train-pg_dms__transformer__seed42,PMS2,P43246:536:N>G,0,0.017004518
train-pg_dms__transformer__seed42,PMS2,P43246:536:N>H,0,0.017657675
train-pg_dms__transformer__seed42,PMS2,P43246:536:N>K,0,0.049904246
train-pg_dms__transformer__seed42,PMS2,P43246:536:N>A,0,0.0068787755
train-pg_dms__transformer__seed42,PMS2,P43246:536:N>P,1,0.93210423
train-pg_dms__transformer__seed42,PMS2,P43246:536:N>Q,0,0.0134129375
train-pg_dms__transformer__seed42,PMS2,P43246:536:N>R,0,0.01691569
train-pg_dms__transformer__seed42,PMS2,P43246:536:N>S,0,0.0075900527
train-pg_dms__transformer__seed42,PMS2,P43246:536:N>T,0,0.008002055
train-pg_dms__transformer__seed42,PMS2,P43246:536:N>V,0,0.01760457
train-pg_dms__transformer__seed42,PMS2,P43246:536:N>W,0,0.78550434
train-pg_dms__transformer__seed42,PMS2,P43246:536:N>Y,0,0.009522391
train-pg_dms__transformer__seed42,PMS2,P43246:536:N>M,0,0.37650463
train-pg_dms__transformer__seed42,PMS2,P43246:536:N>L,0,0.033501606
train-pg_dms__transformer__seed42,PMS2,P43246:537:K>A,0,0.007190142
train-pg_dms__transformer__seed42,PMS2,P43246:537:K>C,0,0.006807377
train-pg_dms__transformer__seed42,PMS2,P43246:537:K>I,0,0.013970049
train-pg_dms__transformer__seed42,PMS2,P43246:537:K>E,0,0.010988621
train-pg_dms__transformer__seed42,PMS2,P43246:537:K>F,0,0.029165132
train-pg_dms__transformer__seed42,PMS2,P43246:537:K>G,0,0.005249189
train-pg_dms__transformer__seed42,PMS2,P43246:537:K>H,0,0.027736725
train-pg_dms__transformer__seed42,PMS2,P43246:537:K>D,0,0.097358026
train-pg_dms__transformer__seed42,PMS2,P43246:537:K>L,0,0.0586586
train-pg_dms__transformer__seed42,PMS2,P43246:537:K>M,0,0.39645195
train-pg_dms__transformer__seed42,PMS2,P43246:537:K>N,0,0.03925451
train-pg_dms__transformer__seed42,PMS2,P43246:537:K>Q,0,0.002496798
train-pg_dms__transformer__seed42,PMS2,P43246:537:K>R,0,0.0008516419
train-pg_dms__transformer__seed42,PMS2,P43246:537:K>S,0,0.006690512
train-pg_dms__transformer__seed42,PMS2,P43246:537:K>T,0,0.00963317
train-pg_dms__transformer__seed42,PMS2,P43246:537:K>V,0,0.039390154
train-pg_dms__transformer__seed42,PMS2,P43246:537:K>W,0,0.4964795
train-pg_dms__transformer__seed42,PMS2,P43246:537:K>Y,0,0.039978635
train-pg_dms__transformer__seed42,PMS2,P43246:537:K>P,0,0.14900479
train-pg_dms__transformer__seed42,PMS2,P43246:542:V>P,1,0.7906121
train-pg_dms__transformer__seed42,PMS2,P43246:542:V>Q,0,0.02647413
train-pg_dms__transformer__seed42,PMS2,P43246:542:V>R,0,0.04132141
train-pg_dms__transformer__seed42,PMS2,P43246:542:V>H,0,0.23053673
train-pg_dms__transformer__seed42,PMS2,P43246:542:V>G,0,0.012269137
train-pg_dms__transformer__seed42,PMS2,P43246:542:V>F,0,0.0019279023
train-pg_dms__transformer__seed42,PMS2,P43246:542:V>E,0,0.1466079
train-pg_dms__transformer__seed42,PMS2,P43246:542:V>Y,0,0.024910748
train-pg_dms__transformer__seed42,PMS2,P43246:542:V>W,0,0.6562881
train-pg_dms__transformer__seed42,PMS2,P43246:542:V>S,0,0.011790631
train-pg_dms__transformer__seed42,PMS2,P43246:542:V>N,0,0.045157403
train-pg_dms__transformer__seed42,PMS2,P43246:542:V>M,0,0.08588267
train-pg_dms__transformer__seed42,PMS2,P43246:542:V>C,0,0.007898637
train-pg_dms__transformer__seed42,PMS2,P43246:542:V>A,0,0.0055817305
train-pg_dms__transformer__seed42,PMS2,P43246:542:V>L,0,0.0014798484
train-pg_dms__transformer__seed42,PMS2,P43246:542:V>K,0,0.06892265
train-pg_dms__transformer__seed42,PMS2,P43246:542:V>I,0,0.00087995623
train-pg_dms__transformer__seed42,PMS2,P43246:542:V>T,0,0.0039300984
train-pg_dms__transformer__seed42,PMS2,P43246:543:D>C,0,0.024286326
train-pg_dms__transformer__seed42,PMS2,P43246:543:D>W,0,0.62632936
train-pg_dms__transformer__seed42,PMS2,P43246:543:D>V,0,0.23195559
train-pg_dms__transformer__seed42,PMS2,P43246:543:D>T,0,0.078471266
train-pg_dms__transformer__seed42,PMS2,P43246:543:D>R,0,0.38445374
train-pg_dms__transformer__seed42,PMS2,P43246:543:D>Q,0,0.15646844
train-pg_dms__transformer__seed42,PMS2,P43246:543:D>P,0,0.75711995
train-pg_dms__transformer__seed42,PMS2,P43246:543:D>M,0,0.48041463
train-pg_dms__transformer__seed42,PMS2,P43246:543:D>L,0,0.16438562
train-pg_dms__transformer__seed42,PMS2,P43246:543:D>I,0,0.18824074
train-pg_dms__transformer__seed42,PMS2,P43246:543:D>H,0,0.24126135
train-pg_dms__transformer__seed42,PMS2,P43246:543:D>F,0,0.071348235
train-pg_dms__transformer__seed42,PMS2,P43246:543:D>Y,0,0.090710886
train-pg_dms__transformer__seed42,PMS2,P43246:543:D>A,0,0.04146369
train-pg_dms__transformer__seed42,PMS2,P43246:543:D>S,0,0.051081546
train-pg_dms__transformer__seed42,PMS2,P43246:543:D>K,0,0.3076989
train-pg_dms__transformer__seed42,PMS2,P43246:545:Q>R,0,0.051597834
train-pg_dms__transformer__seed42,PMS2,P43246:545:Q>I,0,0.017995456
train-pg_dms__transformer__seed42,PMS2,P43246:545:Q>L,0,0.01180439
train-pg_dms__transformer__seed42,PMS2,P43246:545:Q>M,0,0.1410044
train-pg_dms__transformer__seed42,PMS2,P43246:545:Q>N,0,0.026225517
train-pg_dms__transformer__seed42,PMS2,P43246:545:Q>P,1,0.2664885
train-pg_dms__transformer__seed42,PMS2,P43246:545:Q>S,0,0.014212735
train-pg_dms__transformer__seed42,PMS2,P43246:545:Q>C,0,0.020860668
train-pg_dms__transformer__seed42,PMS2,P43246:545:Q>H,0,0.10959844
train-pg_dms__transformer__seed42,PMS2,P43246:545:Q>W,0,0.46211693
train-pg_dms__transformer__seed42,PMS2,P43246:545:Q>Y,0,0.15170583
train-pg_dms__transformer__seed42,PMS2,P43246:545:Q>G,0,0.008162369
train-pg_dms__transformer__seed42,PMS2,P43246:545:Q>F,1,0.0698531
train-pg_dms__transformer__seed42,PMS2,P43246:545:Q>D,0,0.27840176
train-pg_dms__transformer__seed42,PMS2,P43246:545:Q>A,0,0.007437657
train-pg_dms__transformer__seed42,PMS2,P43246:545:Q>T,0,0.007554013
train-pg_dms__transformer__seed42,PMS2,P43246:545:Q>V,0,0.015516156
train-pg_dms__transformer__seed42,PMS2,P43246:545:Q>K,1,0.051108435
train-pg_dms__transformer__seed42,PMS2,P43246:567:K>S,0,0.04599493
train-pg_dms__transformer__seed42,PMS2,P43246:567:K>R,0,0.006040226
train-pg_dms__transformer__seed42,PMS2,P43246:567:K>Q,0,0.003155998
train-pg_dms__transformer__seed42,PMS2,P43246:567:K>N,0,0.13379408
train-pg_dms__transformer__seed42,PMS2,P43246:567:K>G,0,0.07732061
train-pg_dms__transformer__seed42,PMS2,P43246:567:K>L,0,0.06585421
train-pg_dms__transformer__seed42,PMS2,P43246:567:K>M,0,0.38575804
train-pg_dms__transformer__seed42,PMS2,P43246:567:K>P,1,0.78523904
train-pg_dms__transformer__seed42,PMS2,P43246:567:K>T,0,0.02180545
train-pg_dms__transformer__seed42,PMS2,P43246:567:K>E,0,0.07707569
train-pg_dms__transformer__seed42,PMS2,P43246:567:K>W,0,0.54598254
train-pg_dms__transformer__seed42,PMS2,P43246:567:K>D,0,0.31728393
train-pg_dms__transformer__seed42,PMS2,P43246:567:K>H,0,0.08040114
train-pg_dms__transformer__seed42,PMS2,P43246:567:K>I,0,0.040864408
train-pg_dms__transformer__seed42,PMS2,P43246:567:K>A,0,0.04207826
train-pg_dms__transformer__seed42,PMS2,P43246:567:K>C,0,0.0123193385
train-pg_dms__transformer__seed42,PMS2,P43246:567:K>V,0,0.060607336
train-pg_dms__transformer__seed42,PMS2,P43246:568:T>V,0,0.006076941
train-pg_dms__transformer__seed42,PMS2,P43246:568:T>S,0,0.0030599122
train-pg_dms__transformer__seed42,PMS2,P43246:568:T>R,0,0.013854094
train-pg_dms__transformer__seed42,PMS2,P43246:568:T>Q,0,0.01132076
train-pg_dms__transformer__seed42,PMS2,P43246:568:T>P,1,0.37978178
train-pg_dms__transformer__seed42,PMS2,P43246:568:T>N,0,0.004643366
train-pg_dms__transformer__seed42,PMS2,P43246:568:T>M,0,0.09821415
train-pg_dms__transformer__seed42,PMS2,P43246:568:T>W,0,0.33514425
train-pg_dms__transformer__seed42,PMS2,P43246:568:T>A,0,0.0033480327
train-pg_dms__transformer__seed42,PMS2,P43246:568:T>H,0,0.025987944
train-pg_dms__transformer__seed42,PMS2,P43246:568:T>G,0,0.0044467878
train-pg_dms__transformer__seed42,PMS2,P43246:568:T>F,0,0.0055128126
train-pg_dms__transformer__seed42,PMS2,P43246:568:T>E,0,0.005642609
train-pg_dms__transformer__seed42,PMS2,P43246:568:T>D,0,0.0127038425
train-pg_dms__transformer__seed42,PMS2,P43246:568:T>C,0,0.002240206
train-pg_dms__transformer__seed42,PMS2,P43246:568:T>L,0,0.0065131467
train-pg_dms__transformer__seed42,PMS2,P43246:568:T>Y,0,0.009119594
train-pg_dms__transformer__seed42,PMS2,P43246:568:T>K,0,0.01670367
train-pg_dms__transformer__seed42,PMS2,P43246:570:Y>T,0,0.6687535
train-pg_dms__transformer__seed42,PMS2,P43246:570:Y>V,0,0.6201628
train-pg_dms__transformer__seed42,PMS2,P43246:570:Y>D,1,0.716241
train-pg_dms__transformer__seed42,PMS2,P43246:570:Y>E,1,0.5228671
train-pg_dms__transformer__seed42,PMS2,P43246:570:Y>F,0,0.108675964
train-pg_dms__transformer__seed42,PMS2,P43246:570:Y>G,1,0.6089864
train-pg_dms__transformer__seed42,PMS2,P43246:570:Y>I,1,0.5994395
train-pg_dms__transformer__seed42,PMS2,P43246:570:Y>L,0,0.4777628
train-pg_dms__transformer__seed42,PMS2,P43246:570:Y>M,1,0.5241831
train-pg_dms__transformer__seed42,PMS2,P43246:570:Y>N,1,0.45021322
train-pg_dms__transformer__seed42,PMS2,P43246:570:Y>P,1,0.77907723
train-pg_dms__transformer__seed42,PMS2,P43246:570:Y>R,0,0.803963
train-pg_dms__transformer__seed42,PMS2,P43246:570:Y>W,1,0.71634114
train-pg_dms__transformer__seed42,PMS2,P43246:570:Y>A,1,0.51189125
train-pg_dms__transformer__seed42,PMS2,P43246:574:Q>W,1,0.67261165
train-pg_dms__transformer__seed42,PMS2,P43246:574:Q>F,1,0.3174081
train-pg_dms__transformer__seed42,PMS2,P43246:574:Q>G,0,0.22472066
train-pg_dms__transformer__seed42,PMS2,P43246:574:Q>I,1,0.4842001
train-pg_dms__transformer__seed42,PMS2,P43246:574:Q>K,1,0.5787208
train-pg_dms__transformer__seed42,PMS2,P43246:574:Q>L,1,0.48337367
train-pg_dms__transformer__seed42,PMS2,P43246:574:Q>M,1,0.51650405
train-pg_dms__transformer__seed42,PMS2,P43246:574:Q>N,1,0.3939934
train-pg_dms__transformer__seed42,PMS2,P43246:574:Q>P,1,0.78949827
train-pg_dms__transformer__seed42,PMS2,P43246:574:Q>R,1,0.5059667
train-pg_dms__transformer__seed42,PMS2,P43246:574:Q>S,0,0.14831576
train-pg_dms__transformer__seed42,PMS2,P43246:574:Q>T,0,0.25711238
train-pg_dms__transformer__seed42,PMS2,P43246:574:Q>Y,1,0.44350547
train-pg_dms__transformer__seed42,PMS2,P43246:574:Q>V,1,0.47423467
train-pg_dms__transformer__seed42,PMS2,P43246:574:Q>A,0,0.1280203
train-pg_dms__transformer__seed42,PMS2,P43246:578:V>T,0,0.08488676
train-pg_dms__transformer__seed42,PMS2,P43246:578:V>W,1,0.6964223
train-pg_dms__transformer__seed42,PMS2,P43246:578:V>R,1,0.32533994
train-pg_dms__transformer__seed42,PMS2,P43246:578:V>E,0,0.35658717
train-pg_dms__transformer__seed42,PMS2,P43246:578:V>P,1,0.8287907
train-pg_dms__transformer__seed42,PMS2,P43246:578:V>M,0,0.42209628
train-pg_dms__transformer__seed42,PMS2,P43246:578:V>L,1,0.11479238
train-pg_dms__transformer__seed42,PMS2,P43246:578:V>I,0,0.010580419
train-pg_dms__transformer__seed42,PMS2,P43246:578:V>G,0,0.072524525
train-pg_dms__transformer__seed42,PMS2,P43246:578:V>C,0,0.045162585
train-pg_dms__transformer__seed42,PMS2,P43246:578:V>S,0,0.044447657
train-pg_dms__transformer__seed42,PMS2,P43246:578:V>A,0,0.04139567
train-pg_dms__transformer__seed42,PMS2,P43246:578:V>F,1,0.05081488
train-pg_dms__transformer__seed42,PMS2,P43246:580:E>C,0,0.014520061
train-pg_dms__transformer__seed42,PMS2,P43246:580:E>Q,0,0.03964119
train-pg_dms__transformer__seed42,PMS2,P43246:580:E>W,1,0.43948466
train-pg_dms__transformer__seed42,PMS2,P43246:580:E>Y,0,0.045092165
train-pg_dms__transformer__seed42,PMS2,P43246:580:E>V,0,0.09934061
train-pg_dms__transformer__seed42,PMS2,P43246:580:E>T,0,0.05568626
train-pg_dms__transformer__seed42,PMS2,P43246:580:E>S,0,0.028652642
train-pg_dms__transformer__seed42,PMS2,P43246:580:E>R,0,0.18666133
train-pg_dms__transformer__seed42,PMS2,P43246:580:E>P,0,0.6180858
train-pg_dms__transformer__seed42,PMS2,P43246:580:E>M,0,0.44754604
train-pg_dms__transformer__seed42,PMS2,P43246:580:E>N,0,0.10513254
train-pg_dms__transformer__seed42,PMS2,P43246:580:E>K,0,0.19021246
train-pg_dms__transformer__seed42,PMS2,P43246:580:E>I,0,0.05630426
train-pg_dms__transformer__seed42,PMS2,P43246:580:E>H,0,0.13528994
train-pg_dms__transformer__seed42,PMS2,P43246:580:E>G,0,0.055422917
train-pg_dms__transformer__seed42,PMS2,P43246:580:E>F,0,0.022287676
train-pg_dms__transformer__seed42,PMS2,P43246:580:E>D,0,0.12068314
train-pg_dms__transformer__seed42,PMS2,P43246:580:E>A,0,0.0291478
train-pg_dms__transformer__seed42,PMS2,P43246:580:E>L,0,0.06482272
train-pg_dms__transformer__seed42,PMS2,P43246:595:L>T,0,0.11814133
train-pg_dms__transformer__seed42,PMS2,P43246:595:L>S,0,0.350925
train-pg_dms__transformer__seed42,PMS2,P43246:595:L>Q,0,0.5186453
train-pg_dms__transformer__seed42,PMS2,P43246:595:L>N,0,0.89177716
train-pg_dms__transformer__seed42,PMS2,P43246:595:L>M,0,0.22799876
train-pg_dms__transformer__seed42,PMS2,P43246:595:L>K,0,0.9314811
train-pg_dms__transformer__seed42,PMS2,P43246:595:L>F,0,0.021493604
train-pg_dms__transformer__seed42,PMS2,P43246:595:L>H,0,0.7598441
train-pg_dms__transformer__seed42,PMS2,P43246:595:L>G,0,0.6665968
train-pg_dms__transformer__seed42,PMS2,P43246:595:L>E,0,0.84848034
train-pg_dms__transformer__seed42,PMS2,P43246:595:L>D,1,0.9619596
train-pg_dms__transformer__seed42,PMS2,P43246:595:L>C,0,0.022050781
train-pg_dms__transformer__seed42,PMS2,P43246:595:L>A,0,0.022537654
train-pg_dms__transformer__seed42,PMS2,P43246:595:L>W,0,0.7726072
train-pg_dms__transformer__seed42,PMS2,P43246:595:L>I,0,0.01197018
train-pg_dms__transformer__seed42,PMS2,P43246:595:L>Y,0,0.35576147
train-pg_dms__transformer__seed42,PMS2,P43246:598:V>H,0,0.18826953
train-pg_dms__transformer__seed42,PMS2,P43246:598:V>Y,0,0.026788395
train-pg_dms__transformer__seed42,PMS2,P43246:598:V>W,1,0.5863878
train-pg_dms__transformer__seed42,PMS2,P43246:598:V>T,0,0.0045843143
train-pg_dms__transformer__seed42,PMS2,P43246:598:V>S,0,0.0051403623
train-pg_dms__transformer__seed42,PMS2,P43246:598:V>G,0,0.007243091
train-pg_dms__transformer__seed42,PMS2,P43246:598:V>Q,0,0.039409366
train-pg_dms__transformer__seed42,PMS2,P43246:598:V>A,0,0.0041598747
train-pg_dms__transformer__seed42,PMS2,P43246:598:V>D,0,0.16294132
train-pg_dms__transformer__seed42,PMS2,P43246:598:V>E,0,0.04568512
train-pg_dms__transformer__seed42,PMS2,P43246:598:V>F,0,0.0042847847
train-pg_dms__transformer__seed42,PMS2,P43246:598:V>I,0,0.0023897148
train-pg_dms__transformer__seed42,PMS2,P43246:598:V>C,0,0.010077111
train-pg_dms__transformer__seed42,PMS2,P43246:598:V>R,0,0.07732228
train-pg_dms__transformer__seed42,PMS2,P43246:598:V>L,0,0.0062272744
train-pg_dms__transformer__seed42,PMS2,P43246:598:V>M,0,0.22107473
train-pg_dms__transformer__seed42,PMS2,P43246:598:V>N,0,0.044291776
train-pg_dms__transformer__seed42,PMS2,P43246:598:V>P,0,0.9266261
train-pg_dms__transformer__seed42,PMS2,P43246:598:V>K,0,0.1202556
train-pg_dms__transformer__seed42,PMS2,P43246:603:D>C,1,0.111480966
train-pg_dms__transformer__seed42,PMS2,P43246:603:D>E,1,0.83802897
train-pg_dms__transformer__seed42,PMS2,P43246:603:D>W,1,0.8241235
train-pg_dms__transformer__seed42,PMS2,P43246:603:D>R,1,0.8592166
train-pg_dms__transformer__seed42,PMS2,P43246:603:D>Q,1,0.66914135
train-pg_dms__transformer__seed42,PMS2,P43246:603:D>P,1,0.9772159
train-pg_dms__transformer__seed42,PMS2,P43246:603:D>S,0,0.5816535
train-pg_dms__transformer__seed42,PMS2,P43246:603:D>T,1,0.49974263
train-pg_dms__transformer__seed42,PMS2,P43246:603:D>M,1,0.72452873
train-pg_dms__transformer__seed42,PMS2,P43246:603:D>F,1,0.39390954
train-pg_dms__transformer__seed42,PMS2,P43246:603:D>A,0,0.33166605
train-pg_dms__transformer__seed42,PMS2,P43246:603:D>I,1,0.5339282
train-pg_dms__transformer__seed42,PMS2,P43246:603:D>K,1,0.80902636
train-pg_dms__transformer__seed42,PMS2,P43246:603:D>L,1,0.62841535
train-pg_dms__transformer__seed42,PMS2,P43246:603:D>H,1,0.642737
train-pg_dms__transformer__seed42,PMS2,P43246:615:A>S,0,0.039924927
train-pg_dms__transformer__seed42,PMS2,P43246:615:A>R,0,0.9796199
train-pg_dms__transformer__seed42,PMS2,P43246:615:A>Q,0,0.92423886
train-pg_dms__transformer__seed42,PMS2,P43246:615:A>P,0,0.9633273
train-pg_dms__transformer__seed42,PMS2,P43246:615:A>N,0,0.935091
train-pg_dms__transformer__seed42,PMS2,P43246:615:A>M,0,0.63137645
train-pg_dms__transformer__seed42,PMS2,P43246:615:A>K,0,0.97142124
train-pg_dms__transformer__seed42,PMS2,P43246:615:A>I,0,0.8881678
train-pg_dms__transformer__seed42,PMS2,P43246:615:A>H,0,0.9360098
train-pg_dms__transformer__seed42,PMS2,P43246:615:A>F,0,0.8599311
train-pg_dms__transformer__seed42,PMS2,P43246:615:A>E,0,0.9616854
train-pg_dms__transformer__seed42,PMS2,P43246:615:A>D,0,0.97285044
train-pg_dms__transformer__seed42,PMS2,P43246:615:A>T,0,0.24987859
train-pg_dms__transformer__seed42,PMS2,P43246:615:A>L,0,0.51906157
train-pg_dms__transformer__seed42,PMS2,P43246:615:A>G,0,0.05389099
train-pg_dms__transformer__seed42,PMS2,P43246:615:A>C,0,0.032587618
train-pg_dms__transformer__seed42,PMS2,P43246:615:A>Y,0,0.9533366
train-pg_dms__transformer__seed42,PMS2,P43246:615:A>W,0,0.954597
train-pg_dms__transformer__seed42,PMS2,P43246:615:A>V,0,0.2884006
train-pg_dms__transformer__seed42,PMS2,P43246:626:E>N,0,0.009635044
train-pg_dms__transformer__seed42,PMS2,P43246:626:E>I,0,0.024537595
train-pg_dms__transformer__seed42,PMS2,P43246:626:E>K,0,0.013834936
train-pg_dms__transformer__seed42,PMS2,P43246:626:E>L,0,0.018912695
train-pg_dms__transformer__seed42,PMS2,P43246:626:E>M,0,0.28758374
train-pg_dms__transformer__seed42,PMS2,P43246:626:E>P,0,0.04514669
train-pg_dms__transformer__seed42,PMS2,P43246:626:E>G,0,0.0027126132
train-pg_dms__transformer__seed42,PMS2,P43246:626:E>R,0,0.011813849
train-pg_dms__transformer__seed42,PMS2,P43246:626:E>S,0,0.0033656592
train-pg_dms__transformer__seed42,PMS2,P43246:626:E>T,0,0.007890565
train-pg_dms__transformer__seed42,PMS2,P43246:626:E>V,0,0.017065918
train-pg_dms__transformer__seed42,PMS2,P43246:626:E>W,0,0.52720857
train-pg_dms__transformer__seed42,PMS2,P43246:626:E>Y,0,0.026561446
train-pg_dms__transformer__seed42,PMS2,P43246:626:E>F,0,0.0263854
train-pg_dms__transformer__seed42,PMS2,P43246:626:E>H,0,0.04195847
train-pg_dms__transformer__seed42,PMS2,P43246:626:E>D,0,0.008921648
train-pg_dms__transformer__seed42,PMS2,P43246:626:E>C,0,0.009780744
train-pg_dms__transformer__seed42,PMS2,P43246:626:E>A,0,0.0034724423
train-pg_dms__transformer__seed42,PMS2,P43246:631:R>L,0,0.018348718
train-pg_dms__transformer__seed42,PMS2,P43246:631:R>Y,0,0.013405714
train-pg_dms__transformer__seed42,PMS2,P43246:631:R>W,0,0.35332927
train-pg_dms__transformer__seed42,PMS2,P43246:631:R>V,0,0.023563277
train-pg_dms__transformer__seed42,PMS2,P43246:631:R>S,0,0.013585211
train-pg_dms__transformer__seed42,PMS2,P43246:631:R>T,0,0.00886059
train-pg_dms__transformer__seed42,PMS2,P43246:631:R>N,0,0.020029295
train-pg_dms__transformer__seed42,PMS2,P43246:631:R>P,0,0.75597966
train-pg_dms__transformer__seed42,PMS2,P43246:631:R>Q,0,0.0043473057
train-pg_dms__transformer__seed42,PMS2,P43246:631:R>A,0,0.0042578564
train-pg_dms__transformer__seed42,PMS2,P43246:631:R>K,0,0.026696969
train-pg_dms__transformer__seed42,PMS2,P43246:631:R>I,0,0.034053836
train-pg_dms__transformer__seed42,PMS2,P43246:631:R>C,0,0.0019387142
train-pg_dms__transformer__seed42,PMS2,P43246:631:R>H,0,0.012107582
train-pg_dms__transformer__seed42,PMS2,P43246:631:R>G,0,0.0031740826
train-pg_dms__transformer__seed42,PMS2,P43246:631:R>F,0,0.017765215
train-pg_dms__transformer__seed42,PMS2,P43246:631:R>E,0,0.021922193
train-pg_dms__transformer__seed42,PMS2,P43246:631:R>D,0,0.06890637
train-pg_dms__transformer__seed42,PMS2,P43246:631:R>M,0,0.25069588
train-pg_dms__transformer__seed42,PMS2,P43246:634:L>V,0,0.03549593
train-pg_dms__transformer__seed42,PMS2,P43246:634:L>Y,0,0.84417164
train-pg_dms__transformer__seed42,PMS2,P43246:634:L>W,0,0.94086325
train-pg_dms__transformer__seed42,PMS2,P43246:634:L>G,0,0.9623581
train-pg_dms__transformer__seed42,PMS2,P43246:634:L>H,0,0.92596287
train-pg_dms__transformer__seed42,PMS2,P43246:634:L>R,1,0.97904575
train-pg_dms__transformer__seed42,PMS2,P43246:634:L>I,0,0.06342154
train-pg_dms__transformer__seed42,PMS2,P43246:634:L>F,0,0.04465291
train-pg_dms__transformer__seed42,PMS2,P43246:634:L>D,1,0.9887362
train-pg_dms__transformer__seed42,PMS2,P43246:634:L>C,0,0.10395482
train-pg_dms__transformer__seed42,PMS2,P43246:634:L>A,0,0.55973995
train-pg_dms__transformer__seed42,PMS2,P43246:634:L>S,0,0.92505145
train-pg_dms__transformer__seed42,PMS2,P43246:634:L>T,0,0.84942234
train-pg_dms__transformer__seed42,PMS2,P43246:634:L>Q,0,0.8743896
train-pg_dms__transformer__seed42,PMS2,P43246:634:L>M,0,0.15750009
train-pg_dms__transformer__seed42,PMS2,P43246:634:L>P,1,0.98963404
train-pg_dms__transformer__seed42,PMS2,P43246:634:L>N,1,0.9655429
train-pg_dms__transformer__seed42,PMS2,P43246:634:L>K,1,0.97548354
train-pg_dms__transformer__seed42,PMS2,P43246:636:A>M,0,0.2382661
train-pg_dms__transformer__seed42,PMS2,P43246:636:A>T,0,0.059844628
train-pg_dms__transformer__seed42,PMS2,P43246:636:A>Q,0,0.020472804
train-pg_dms__transformer__seed42,PMS2,P43246:636:A>R,0,0.023929302
train-pg_dms__transformer__seed42,PMS2,P43246:636:A>S,0,0.016705345
train-pg_dms__transformer__seed42,PMS2,P43246:636:A>V,0,0.0899106
train-pg_dms__transformer__seed42,PMS2,P43246:636:A>W,0,0.7110646
train-pg_dms__transformer__seed42,PMS2,P43246:636:A>Y,0,0.12692621
train-pg_dms__transformer__seed42,PMS2,P43246:636:A>N,0,0.015951635
train-pg_dms__transformer__seed42,PMS2,P43246:636:A>L,0,0.04908106
train-pg_dms__transformer__seed42,PMS2,P43246:636:A>H,0,0.12683977
train-pg_dms__transformer__seed42,PMS2,P43246:636:A>I,0,0.2122297
train-pg_dms__transformer__seed42,PMS2,P43246:636:A>F,0,0.12540887
train-pg_dms__transformer__seed42,PMS2,P43246:636:A>E,0,0.019445129
train-pg_dms__transformer__seed42,PMS2,P43246:636:A>D,0,0.02295574
train-pg_dms__transformer__seed42,PMS2,P43246:636:A>C,0,0.018018458
train-pg_dms__transformer__seed42,PMS2,P43246:636:A>G,0,0.00783643
train-pg_dms__transformer__seed42,PMS2,P43246:641:C>A,0,0.09613213
train-pg_dms__transformer__seed42,PMS2,P43246:641:C>D,0,0.592709
train-pg_dms__transformer__seed42,PMS2,P43246:641:C>Y,0,0.3094862
train-pg_dms__transformer__seed42,PMS2,P43246:641:C>F,0,0.15905824
train-pg_dms__transformer__seed42,PMS2,P43246:641:C>G,0,0.07914102
train-pg_dms__transformer__seed42,PMS2,P43246:641:C>H,0,0.35993996
train-pg_dms__transformer__seed42,PMS2,P43246:641:C>K,0,0.38319895
train-pg_dms__transformer__seed42,PMS2,P43246:641:C>S,0,0.09655466
train-pg_dms__transformer__seed42,PMS2,P43246:641:C>L,0,0.06410288
train-pg_dms__transformer__seed42,PMS2,P43246:641:C>M,0,0.40301913
train-pg_dms__transformer__seed42,PMS2,P43246:641:C>N,0,0.3797155
train-pg_dms__transformer__seed42,PMS2,P43246:641:C>P,0,0.83726174
train-pg_dms__transformer__seed42,PMS2,P43246:641:C>R,0,0.57808536
train-pg_dms__transformer__seed42,PMS2,P43246:641:C>I,0,0.0901115
train-pg_dms__transformer__seed42,PMS2,P43246:641:C>Q,0,0.43547577
train-pg_dms__transformer__seed42,PMS2,P43246:641:C>V,0,0.073396675
train-pg_dms__transformer__seed42,PMS2,P43246:641:C>T,0,0.16086619
train-pg_dms__transformer__seed42,PMS2,P43246:646:D>R,0,0.018983627
train-pg_dms__transformer__seed42,PMS2,P43246:646:D>W,0,0.47252798
train-pg_dms__transformer__seed42,PMS2,P43246:646:D>T,0,0.010408628
train-pg_dms__transformer__seed42,PMS2,P43246:646:D>S,0,0.0015527717
train-pg_dms__transformer__seed42,PMS2,P43246:646:D>F,0,0.024643913
train-pg_dms__transformer__seed42,PMS2,P43246:646:D>C,0,0.007370226
train-pg_dms__transformer__seed42,PMS2,P43246:646:D>G,0,0.004485707
train-pg_dms__transformer__seed42,PMS2,P43246:646:D>I,0,0.035471275
train-pg_dms__transformer__seed42,PMS2,P43246:646:D>K,0,0.029764472
train-pg_dms__transformer__seed42,PMS2,P43246:646:D>A,0,0.0076281596
train-pg_dms__transformer__seed42,PMS2,P43246:646:D>L,0,0.038817603
train-pg_dms__transformer__seed42,PMS2,P43246:646:D>N,0,0.0020431888
train-pg_dms__transformer__seed42,PMS2,P43246:646:D>P,0,0.20665574
train-pg_dms__transformer__seed42,PMS2,P43246:646:D>Q,0,0.006387637
train-pg_dms__transformer__seed42,PMS2,P43246:646:D>M,0,0.43409312
train-pg_dms__transformer__seed42,PMS2,P43246:649:A>D,0,0.040077202
train-pg_dms__transformer__seed42,PMS2,P43246:649:A>T,0,0.010521259
train-pg_dms__transformer__seed42,PMS2,P43246:649:A>S,0,0.00577746
train-pg_dms__transformer__seed42,PMS2,P43246:649:A>R,0,0.03097226
train-pg_dms__transformer__seed42,PMS2,P43246:649:A>Q,0,0.021064501
train-pg_dms__transformer__seed42,PMS2,P43246:649:A>V,0,0.022458311
train-pg_dms__transformer__seed42,PMS2,P43246:649:A>E,0,0.035034068
train-pg_dms__transformer__seed42,PMS2,P43246:649:A>P,0,0.046243366
train-pg_dms__transformer__seed42,PMS2,P43246:649:A>G,0,0.005041954
train-pg_dms__transformer__seed42,PMS2,P43246:649:A>H,0,0.07168851
train-pg_dms__transformer__seed42,PMS2,P43246:649:A>I,0,0.021854363
train-pg_dms__transformer__seed42,PMS2,P43246:649:A>K,0,0.09181961
train-pg_dms__transformer__seed42,PMS2,P43246:649:A>F,0,0.03279852
train-pg_dms__transformer__seed42,PMS2,P43246:649:A>Y,0,0.06804905
train-pg_dms__transformer__seed42,PMS2,P43246:649:A>C,0,0.0077222018
train-pg_dms__transformer__seed42,PMS2,P43246:649:A>L,0,0.013335182
train-pg_dms__transformer__seed42,PMS2,P43246:649:A>M,0,0.1834783
train-pg_dms__transformer__seed42,PMS2,P43246:649:A>N,0,0.0101983445
train-pg_dms__transformer__seed42,PMS2,P43246:661:K>H,0,0.007656257
train-pg_dms__transformer__seed42,PMS2,P43246:661:K>G,0,0.0010803203
train-pg_dms__transformer__seed42,PMS2,P43246:661:K>P,0,0.4529556
train-pg_dms__transformer__seed42,PMS2,P43246:661:K>N,0,0.0031875945
train-pg_dms__transformer__seed42,PMS2,P43246:661:K>Q,0,0.00056276727
train-pg_dms__transformer__seed42,PMS2,P43246:661:K>M,0,0.17332833
train-pg_dms__transformer__seed42,PMS2,P43246:661:K>F,0,0.005513105
train-pg_dms__transformer__seed42,PMS2,P43246:661:K>D,0,0.004755209
train-pg_dms__transformer__seed42,PMS2,P43246:661:K>R,0,0.0019373051
train-pg_dms__transformer__seed42,PMS2,P43246:661:K>S,0,0.00056392147
train-pg_dms__transformer__seed42,PMS2,P43246:661:K>L,0,0.0037588764
train-pg_dms__transformer__seed42,PMS2,P43246:661:K>C,0,0.0010648775
train-pg_dms__transformer__seed42,PMS2,P43246:661:K>A,0,0.0012338115
train-pg_dms__transformer__seed42,PMS2,P43246:661:K>T,0,0.0007038718
train-pg_dms__transformer__seed42,PMS2,P43246:661:K>V,0,0.0015304952
train-pg_dms__transformer__seed42,PMS2,P43246:661:K>W,0,0.38397527
train-pg_dms__transformer__seed42,PMS2,P43246:661:K>Y,0,0.0039442717
train-pg_dms__transformer__seed42,PMS2,P43246:661:K>E,0,0.00066995836
train-pg_dms__transformer__seed42,PMS2,P43246:661:K>I,0,0.0010218682
train-pg_dms__transformer__seed42,PMS2,P43246:664:F>M,0,0.63690555
train-pg_dms__transformer__seed42,PMS2,P43246:664:F>N,0,0.9553294
train-pg_dms__transformer__seed42,PMS2,P43246:664:F>P,1,0.97722447
train-pg_dms__transformer__seed42,PMS2,P43246:664:F>Q,0,0.96321803
train-pg_dms__transformer__seed42,PMS2,P43246:664:F>R,1,0.99114746
train-pg_dms__transformer__seed42,PMS2,P43246:664:F>S,0,0.98118114
train-pg_dms__transformer__seed42,PMS2,P43246:664:F>T,0,0.96199346
train-pg_dms__transformer__seed42,PMS2,P43246:664:F>W,0,0.9282406
train-pg_dms__transformer__seed42,PMS2,P43246:664:F>Y,0,0.6740197
train-pg_dms__transformer__seed42,PMS2,P43246:664:F>L,0,0.9211791
train-pg_dms__transformer__seed42,PMS2,P43246:664:F>K,1,0.9663408
train-pg_dms__transformer__seed42,PMS2,P43246:664:F>I,0,0.8010432
train-pg_dms__transformer__seed42,PMS2,P43246:664:F>V,0,0.74812025
train-pg_dms__transformer__seed42,PMS2,P43246:664:F>H,0,0.90791965
train-pg_dms__transformer__seed42,PMS2,P43246:664:F>G,1,0.9895242
train-pg_dms__transformer__seed42,PMS2,P43246:664:F>E,0,0.9539095
train-pg_dms__transformer__seed42,PMS2,P43246:664:F>A,0,0.9697262
train-pg_dms__transformer__seed42,PMS2,P43246:664:F>C,0,0.46827358
train-pg_dms__transformer__seed42,PMS2,P43246:669:G>C,0,0.70695186
train-pg_dms__transformer__seed42,PMS2,P43246:669:G>Y,1,0.8907536
train-pg_dms__transformer__seed42,PMS2,P43246:669:G>W,1,0.9341015
train-pg_dms__transformer__seed42,PMS2,P43246:669:G>T,1,0.8909463
train-pg_dms__transformer__seed42,PMS2,P43246:669:G>S,0,0.8828951
train-pg_dms__transformer__seed42,PMS2,P43246:669:G>Q,1,0.9206518
train-pg_dms__transformer__seed42,PMS2,P43246:669:G>N,1,0.92364603
train-pg_dms__transformer__seed42,PMS2,P43246:669:G>L,1,0.929767
train-pg_dms__transformer__seed42,PMS2,P43246:669:G>K,1,0.93706924
train-pg_dms__transformer__seed42,PMS2,P43246:669:G>I,1,0.94756603
train-pg_dms__transformer__seed42,PMS2,P43246:669:G>H,1,0.9018226
train-pg_dms__transformer__seed42,PMS2,P43246:669:G>F,1,0.8673636
train-pg_dms__transformer__seed42,PMS2,P43246:669:G>E,1,0.91871595
train-pg_dms__transformer__seed42,PMS2,P43246:669:G>D,1,0.94718814
train-pg_dms__transformer__seed42,PMS2,P43246:669:G>P,1,0.9577564
train-pg_dms__transformer__seed42,PMS2,P43246:669:G>M,1,0.8533033
train-pg_dms__transformer__seed42,PMS2,P43246:672:M>T,0,0.25851303
train-pg_dms__transformer__seed42,PMS2,P43246:672:M>F,0,0.28171888
train-pg_dms__transformer__seed42,PMS2,P43246:672:M>A,0,0.10770924
train-pg_dms__transformer__seed42,PMS2,P43246:672:M>C,0,0.071565054
train-pg_dms__transformer__seed42,PMS2,P43246:672:M>D,0,0.4590358
train-pg_dms__transformer__seed42,PMS2,P43246:672:M>E,0,0.33920783
train-pg_dms__transformer__seed42,PMS2,P43246:672:M>S,0,0.3758094
train-pg_dms__transformer__seed42,PMS2,P43246:672:M>G,0,0.20851971
train-pg_dms__transformer__seed42,PMS2,P43246:672:M>H,0,0.35541794
train-pg_dms__transformer__seed42,PMS2,P43246:672:M>K,0,0.39537537
train-pg_dms__transformer__seed42,PMS2,P43246:672:M>I,0,0.4135352
train-pg_dms__transformer__seed42,PMS2,P43246:672:M>N,0,0.23117805
train-pg_dms__transformer__seed42,PMS2,P43246:672:M>P,1,0.6294753
train-pg_dms__transformer__seed42,PMS2,P43246:672:M>Q,0,0.20243292
train-pg_dms__transformer__seed42,PMS2,P43246:672:M>R,0,0.42773506
train-pg_dms__transformer__seed42,PMS2,P43246:672:M>Y,0,0.2753186
train-pg_dms__transformer__seed42,PMS2,P43246:672:M>W,0,0.6442047
train-pg_dms__transformer__seed42,PMS2,P43246:672:M>V,0,0.31040242
train-pg_dms__transformer__seed42,PMS2,P43246:672:M>L,0,0.29767722
train-pg_dms__transformer__seed42,PMS2,P43246:675:K>Y,1,0.18902725
train-pg_dms__transformer__seed42,PMS2,P43246:675:K>W,1,0.7317255
train-pg_dms__transformer__seed42,PMS2,P43246:675:K>V,1,0.49163342
train-pg_dms__transformer__seed42,PMS2,P43246:675:K>T,1,0.18063751
train-pg_dms__transformer__seed42,PMS2,P43246:675:K>A,1,0.11545937
train-pg_dms__transformer__seed42,PMS2,P43246:675:K>C,1,0.0400201
train-pg_dms__transformer__seed42,PMS2,P43246:675:K>D,1,0.7985545
train-pg_dms__transformer__seed42,PMS2,P43246:675:K>F,1,0.10311667
train-pg_dms__transformer__seed42,PMS2,P43246:675:K>G,1,0.32102463
train-pg_dms__transformer__seed42,PMS2,P43246:675:K>H,1,0.5140499
train-pg_dms__transformer__seed42,PMS2,P43246:675:K>E,1,0.6607031
train-pg_dms__transformer__seed42,PMS2,P43246:675:K>L,1,0.2860643
train-pg_dms__transformer__seed42,PMS2,P43246:675:K>M,1,0.64174765
train-pg_dms__transformer__seed42,PMS2,P43246:675:K>N,1,0.53684473
train-pg_dms__transformer__seed42,PMS2,P43246:675:K>P,1,0.9369093
train-pg_dms__transformer__seed42,PMS2,P43246:675:K>R,1,0.84186083
train-pg_dms__transformer__seed42,PMS2,P43246:675:K>S,1,0.21063472
train-pg_dms__transformer__seed42,PMS2,P43246:675:K>I,1,0.5042926
train-pg_dms__transformer__seed42,PMS2,P43246:676:S>V,1,0.44997472
train-pg_dms__transformer__seed42,PMS2,P43246:676:S>D,1,0.5591328
train-pg_dms__transformer__seed42,PMS2,P43246:676:S>E,1,0.36762428
train-pg_dms__transformer__seed42,PMS2,P43246:676:S>F,1,0.31087154
train-pg_dms__transformer__seed42,PMS2,P43246:676:S>Y,1,0.34125552
train-pg_dms__transformer__seed42,PMS2,P43246:676:S>W,1,0.61044735
train-pg_dms__transformer__seed42,PMS2,P43246:676:S>T,0,0.3067558
train-pg_dms__transformer__seed42,PMS2,P43246:676:S>H,1,0.42651194
train-pg_dms__transformer__seed42,PMS2,P43246:676:S>Q,1,0.3945451
train-pg_dms__transformer__seed42,PMS2,P43246:676:S>P,1,0.78289443
train-pg_dms__transformer__seed42,PMS2,P43246:676:S>M,1,0.5277284
train-pg_dms__transformer__seed42,PMS2,P43246:676:S>L,1,0.5053761
train-pg_dms__transformer__seed42,PMS2,P43246:676:S>K,1,0.42454952
train-pg_dms__transformer__seed42,PMS2,P43246:676:S>I,1,0.43015468
train-pg_dms__transformer__seed42,PMS2,P43246:676:S>A,1,0.27321705
train-pg_dms__transformer__seed42,PMS2,P43246:676:S>G,0,0.5113156
train-pg_dms__transformer__seed42,PMS2,P43246:676:S>R,1,0.6242121
train-pg_dms__transformer__seed42,PMS2,P43246:676:S>C,1,0.09191716
train-pg_dms__transformer__seed42,PMS2,P43246:685:I>C,0,0.08269465
train-pg_dms__transformer__seed42,PMS2,P43246:685:I>D,0,0.96979886
train-pg_dms__transformer__seed42,PMS2,P43246:685:I>F,0,0.6899077
train-pg_dms__transformer__seed42,PMS2,P43246:685:I>G,0,0.754802
train-pg_dms__transformer__seed42,PMS2,P43246:685:I>H,0,0.87966233
train-pg_dms__transformer__seed42,PMS2,P43246:685:I>P,1,0.98869205
train-pg_dms__transformer__seed42,PMS2,P43246:685:I>S,0,0.076371
train-pg_dms__transformer__seed42,PMS2,P43246:685:I>V,0,0.062997036
train-pg_dms__transformer__seed42,PMS2,P43246:685:I>W,1,0.93470997
train-pg_dms__transformer__seed42,PMS2,P43246:685:I>Y,1,0.87441534
train-pg_dms__transformer__seed42,PMS2,P43246:685:I>A,0,0.04337484
train-pg_dms__transformer__seed42,PMS2,P43246:685:I>N,0,0.25912416
train-pg_dms__transformer__seed42,PMS2,P43246:687:L>T,1,0.6768939
train-pg_dms__transformer__seed42,PMS2,P43246:687:L>V,0,0.079167955
train-pg_dms__transformer__seed42,PMS2,P43246:687:L>Q,0,0.91499746
train-pg_dms__transformer__seed42,PMS2,P43246:687:L>S,0,0.93279755
train-pg_dms__transformer__seed42,PMS2,P43246:687:L>Y,0,0.9048977
train-pg_dms__transformer__seed42,PMS2,P43246:687:L>W,1,0.9737344
train-pg_dms__transformer__seed42,PMS2,P43246:687:L>N,0,0.984097
train-pg_dms__transformer__seed42,PMS2,P43246:687:L>M,0,0.41206798
train-pg_dms__transformer__seed42,PMS2,P43246:687:L>I,0,0.18389925
train-pg_dms__transformer__seed42,PMS2,P43246:687:L>H,0,0.9489368
train-pg_dms__transformer__seed42,PMS2,P43246:687:L>G,1,0.9687849
train-pg_dms__transformer__seed42,PMS2,P43246:687:L>F,0,0.5673803
train-pg_dms__transformer__seed42,PMS2,P43246:687:L>D,1,0.9888699
train-pg_dms__transformer__seed42,PMS2,P43246:687:L>C,0,0.16860022
train-pg_dms__transformer__seed42,PMS2,P43246:687:L>A,0,0.4303147
train-pg_dms__transformer__seed42,PMS2,P43246:687:L>K,1,0.9855003
train-pg_dms__transformer__seed42,PMS2,P43246:694:F>G,1,0.9842918
train-pg_dms__transformer__seed42,PMS2,P43246:694:F>A,1,0.9722047
train-pg_dms__transformer__seed42,PMS2,P43246:694:F>D,1,0.9905205
train-pg_dms__transformer__seed42,PMS2,P43246:694:F>E,1,0.98169637
train-pg_dms__transformer__seed42,PMS2,P43246:694:F>K,1,0.97589976
train-pg_dms__transformer__seed42,PMS2,P43246:694:F>L,0,0.9738424
train-pg_dms__transformer__seed42,PMS2,P43246:694:F>M,0,0.874501
train-pg_dms__transformer__seed42,PMS2,P43246:694:F>N,0,0.97059524
train-pg_dms__transformer__seed42,PMS2,P43246:694:F>P,1,0.99320483
train-pg_dms__transformer__seed42,PMS2,P43246:694:F>R,1,0.9955988
train-pg_dms__transformer__seed42,PMS2,P43246:694:F>T,1,0.9664924
train-pg_dms__transformer__seed42,PMS2,P43246:694:F>V,1,0.9611884
train-pg_dms__transformer__seed42,PMS2,P43246:694:F>W,0,0.9045823
train-pg_dms__transformer__seed42,PMS2,P43246:694:F>Y,0,0.078682885
train-pg_dms__transformer__seed42,PMS2,P43246:694:F>Q,1,0.96955
train-pg_dms__transformer__seed42,PMS2,P43246:697:C>M,1,0.81281364
train-pg_dms__transformer__seed42,PMS2,P43246:697:C>Q,1,0.8263888
train-pg_dms__transformer__seed42,PMS2,P43246:697:C>L,0,0.7891272
train-pg_dms__transformer__seed42,PMS2,P43246:697:C>K,1,0.8446222
train-pg_dms__transformer__seed42,PMS2,P43246:697:C>I,1,0.8616551
train-pg_dms__transformer__seed42,PMS2,P43246:697:C>S,0,0.16438769
train-pg_dms__transformer__seed42,PMS2,P43246:697:C>N,1,0.82747877
train-pg_dms__transformer__seed42,PMS2,P43246:697:C>P,1,0.9722191
train-pg_dms__transformer__seed42,PMS2,P43246:697:C>T,0,0.5542907
train-pg_dms__transformer__seed42,PMS2,P43246:697:C>H,1,0.78043187
train-pg_dms__transformer__seed42,PMS2,P43246:697:C>A,0,0.07429029
train-pg_dms__transformer__seed42,PMS2,P43246:697:C>G,0,0.3105438
train-pg_dms__transformer__seed42,PMS2,P43246:697:C>E,1,0.8522539
train-pg_dms__transformer__seed42,PMS2,P43246:697:C>D,1,0.9225294
train-pg_dms__transformer__seed42,PMS2,P43246:697:C>V,0,0.7663688
train-pg_dms__transformer__seed42,PMS2,P43246:705:V>L,0,0.0599903
train-pg_dms__transformer__seed42,PMS2,P43246:705:V>G,0,0.08203888
train-pg_dms__transformer__seed42,PMS2,P43246:705:V>F,0,0.037735432
train-pg_dms__transformer__seed42,PMS2,P43246:705:V>D,1,0.9435701
train-pg_dms__transformer__seed42,PMS2,P43246:705:V>C,0,0.073532976
train-pg_dms__transformer__seed42,PMS2,P43246:705:V>A,0,0.016404372
train-pg_dms__transformer__seed42,PMS2,P43246:705:V>K,0,0.6921382
train-pg_dms__transformer__seed42,PMS2,P43246:705:V>M,0,0.2963358
train-pg_dms__transformer__seed42,PMS2,P43246:705:V>S,0,0.087315455
train-pg_dms__transformer__seed42,PMS2,P43246:705:V>W,1,0.9238832
train-pg_dms__transformer__seed42,PMS2,P43246:705:V>P,1,0.979802
train-pg_dms__transformer__seed42,PMS2,P43246:705:V>Q,0,0.50527996
train-pg_dms__transformer__seed42,PMS2,P43246:705:V>R,0,0.32714882
train-pg_dms__transformer__seed42,PMS2,P43246:705:V>H,0,0.6975157
train-pg_dms__transformer__seed42,PMS2,P43246:705:V>T,0,0.022133803
train-pg_dms__transformer__seed42,PMS2,P43246:705:V>N,0,0.6644905
train-pg_dms__transformer__seed42,PMS2,P43246:705:V>I,0,0.015112933
train-pg_dms__transformer__seed42,PMS2,P43246:706:D>W,0,0.6700832
train-pg_dms__transformer__seed42,PMS2,P43246:706:D>S,0,0.068158075
train-pg_dms__transformer__seed42,PMS2,P43246:706:D>G,0,0.059076607
train-pg_dms__transformer__seed42,PMS2,P43246:706:D>A,0,0.078596145
train-pg_dms__transformer__seed42,PMS2,P43246:706:D>C,0,0.028498497
train-pg_dms__transformer__seed42,PMS2,P43246:706:D>F,1,0.109880775
train-pg_dms__transformer__seed42,PMS2,P43246:706:D>H,0,0.30340856
train-pg_dms__transformer__seed42,PMS2,P43246:706:D>I,0,0.49606395
train-pg_dms__transformer__seed42,PMS2,P43246:706:D>K,0,0.52369165
train-pg_dms__transformer__seed42,PMS2,P43246:706:D>L,1,0.37598017
train-pg_dms__transformer__seed42,PMS2,P43246:706:D>M,0,0.6541659
train-pg_dms__transformer__seed42,PMS2,P43246:706:D>P,0,0.9489159
train-pg_dms__transformer__seed42,PMS2,P43246:706:D>Q,0,0.15275067
train-pg_dms__transformer__seed42,PMS2,P43246:706:D>R,0,0.57145077
train-pg_dms__transformer__seed42,PMS2,P43246:706:D>V,0,0.28723794
train-pg_dms__transformer__seed42,PMS2,P43246:706:D>Y,0,0.21315627
train-pg_dms__transformer__seed42,PMS2,P43246:706:D>T,0,0.085879736
train-pg_dms__transformer__seed42,PMS2,P43246:710:A>C,0,0.28255767
train-pg_dms__transformer__seed42,PMS2,P43246:710:A>D,1,0.98654306
train-pg_dms__transformer__seed42,PMS2,P43246:710:A>E,0,0.9816359
train-pg_dms__transformer__seed42,PMS2,P43246:710:A>F,0,0.9876102
train-pg_dms__transformer__seed42,PMS2,P43246:710:A>H,0,0.9701306
train-pg_dms__transformer__seed42,PMS2,P43246:710:A>Y,0,0.9840336
train-pg_dms__transformer__seed42,PMS2,P43246:710:A>W,0,0.97333163
train-pg_dms__transformer__seed42,PMS2,P43246:710:A>T,0,0.5735571
train-pg_dms__transformer__seed42,PMS2,P43246:710:A>R,1,0.98948133
train-pg_dms__transformer__seed42,PMS2,P43246:710:A>Q,0,0.9686328
train-pg_dms__transformer__seed42,PMS2,P43246:710:A>M,0,0.87360704
train-pg_dms__transformer__seed42,PMS2,P43246:710:A>L,0,0.952585
train-pg_dms__transformer__seed42,PMS2,P43246:710:A>K,0,0.9832744
train-pg_dms__transformer__seed42,PMS2,P43246:710:A>G,0,0.1785669
train-pg_dms__transformer__seed42,PMS2,P43246:710:A>I,0,0.979981
train-pg_dms__transformer__seed42,PMS2,P43246:710:A>N,0,0.975995
train-pg_dms__transformer__seed42,PMS2,P43246:714:A>R,0,0.38470185
train-pg_dms__transformer__seed42,PMS2,P43246:714:A>Y,0,0.49967346
train-pg_dms__transformer__seed42,PMS2,P43246:714:A>W,0,0.74116474
train-pg_dms__transformer__seed42,PMS2,P43246:714:A>V,0,0.33562648
train-pg_dms__transformer__seed42,PMS2,P43246:714:A>S,0,0.032391742
train-pg_dms__transformer__seed42,PMS2,P43246:714:A>C,0,0.13569751
train-pg_dms__transformer__seed42,PMS2,P43246:714:A>D,0,0.4927468
train-pg_dms__transformer__seed42,PMS2,P43246:714:A>E,0,0.3496519
train-pg_dms__transformer__seed42,PMS2,P43246:714:A>Q,0,0.35720712
train-pg_dms__transformer__seed42,PMS2,P43246:714:A>G,0,0.17987984
train-pg_dms__transformer__seed42,PMS2,P43246:714:A>P,1,0.57050955
train-pg_dms__transformer__seed42,PMS2,P43246:714:A>N,0,0.27716866
train-pg_dms__transformer__seed42,PMS2,P43246:714:A>M,0,0.4563393
train-pg_dms__transformer__seed42,PMS2,P43246:714:A>F,0,0.43183783
train-pg_dms__transformer__seed42,PMS2,P43246:714:A>K,0,0.46991634
train-pg_dms__transformer__seed42,PMS2,P43246:714:A>L,0,0.3416609
train-pg_dms__transformer__seed42,PMS2,P43246:714:A>I,0,0.4857368
train-pg_dms__transformer__seed42,PMS2,P43246:714:A>H,0,0.51899356
train-pg_dms__transformer__seed42,PMS2,P43246:737:R>F,0,0.42656243
train-pg_dms__transformer__seed42,PMS2,P43246:737:R>Y,0,0.40429085
train-pg_dms__transformer__seed42,PMS2,P43246:737:R>W,0,0.5694039
train-pg_dms__transformer__seed42,PMS2,P43246:737:R>V,0,0.47127858
train-pg_dms__transformer__seed42,PMS2,P43246:737:R>Q,0,0.029800855
train-pg_dms__transformer__seed42,PMS2,P43246:737:R>P,0,0.8810378
train-pg_dms__transformer__seed42,PMS2,P43246:737:R>N,0,0.4235201
train-pg_dms__transformer__seed42,PMS2,P43246:737:R>K,0,0.06903405
train-pg_dms__transformer__seed42,PMS2,P43246:737:R>L,0,0.308405
train-pg_dms__transformer__seed42,PMS2,P43246:737:R>H,0,0.08371635
train-pg_dms__transformer__seed42,PMS2,P43246:737:R>G,0,0.124298595
train-pg_dms__transformer__seed42,PMS2,P43246:737:R>E,0,0.4752187
train-pg_dms__transformer__seed42,PMS2,P43246:737:R>C,0,0.019553948
train-pg_dms__transformer__seed42,PMS2,P43246:737:R>A,0,0.1294121
train-pg_dms__transformer__seed42,PMS2,P43246:737:R>I,0,0.45077902
train-pg_dms__transformer__seed42,PMS2,P43246:739:A>F,0,0.9469636
train-pg_dms__transformer__seed42,PMS2,P43246:739:A>L,0,0.8833192
train-pg_dms__transformer__seed42,PMS2,P43246:739:A>Y,1,0.92002255
train-pg_dms__transformer__seed42,PMS2,P43246:739:A>W,1,0.9256824
train-pg_dms__transformer__seed42,PMS2,P43246:739:A>R,1,0.9596331
train-pg_dms__transformer__seed42,PMS2,P43246:739:A>P,0,0.9365749
train-pg_dms__transformer__seed42,PMS2,P43246:739:A>N,1,0.77639294
train-pg_dms__transformer__seed42,PMS2,P43246:739:A>M,0,0.704219
train-pg_dms__transformer__seed42,PMS2,P43246:739:A>K,1,0.9275421
train-pg_dms__transformer__seed42,PMS2,P43246:739:A>I,0,0.8913121
train-pg_dms__transformer__seed42,PMS2,P43246:739:A>H,1,0.89480525
train-pg_dms__transformer__seed42,PMS2,P43246:739:A>G,0,0.22227456
train-pg_dms__transformer__seed42,PMS2,P43246:739:A>E,1,0.89260554
train-pg_dms__transformer__seed42,PMS2,P43246:739:A>D,1,0.912587
train-pg_dms__transformer__seed42,PMS2,P43246:739:A>S,0,0.10565949
train-pg_dms__transformer__seed42,PMS2,P43246:741:K>Y,0,0.04900434
train-pg_dms__transformer__seed42,PMS2,P43246:741:K>T,0,0.0027632471
train-pg_dms__transformer__seed42,PMS2,P43246:741:K>S,0,0.0073025185
train-pg_dms__transformer__seed42,PMS2,P43246:741:K>R,0,0.0036840355
train-pg_dms__transformer__seed42,PMS2,P43246:741:K>N,0,0.0037971968
train-pg_dms__transformer__seed42,PMS2,P43246:741:K>V,0,0.0032109898
train-pg_dms__transformer__seed42,PMS2,P43246:741:K>W,0,0.66459566
train-pg_dms__transformer__seed42,PMS2,P43246:741:K>A,0,0.0020566403
train-pg_dms__transformer__seed42,PMS2,P43246:741:K>M,0,0.381712
train-pg_dms__transformer__seed42,PMS2,P43246:741:K>G,0,0.0055181114
train-pg_dms__transformer__seed42,PMS2,P43246:741:K>H,0,0.02247033
train-pg_dms__transformer__seed42,PMS2,P43246:741:K>I,0,0.0051304908
train-pg_dms__transformer__seed42,PMS2,P43246:741:K>L,0,0.032523055
train-pg_dms__transformer__seed42,PMS2,P43246:741:K>F,0,0.047918484
train-pg_dms__transformer__seed42,PMS2,P43246:741:K>D,0,0.008568196
train-pg_dms__transformer__seed42,PMS2,P43246:741:K>P,0,0.06754118
train-pg_dms__transformer__seed42,PMS2,P43246:741:K>E,0,0.001371972
train-pg_dms__transformer__seed42,PMS2,P43246:741:K>C,0,0.002606073
train-pg_dms__transformer__seed42,PMS2,P43246:741:K>Q,0,0.0024179283
train-pg_dms__transformer__seed42,PMS2,P43246:742:D>V,0,0.051511444
train-pg_dms__transformer__seed42,PMS2,P43246:742:D>C,0,0.020401148
train-pg_dms__transformer__seed42,PMS2,P43246:742:D>W,0,0.8258026
train-pg_dms__transformer__seed42,PMS2,P43246:742:D>S,0,0.028494319
train-pg_dms__transformer__seed42,PMS2,P43246:742:D>R,0,0.18132761
train-pg_dms__transformer__seed42,PMS2,P43246:742:D>Q,0,0.024567362
train-pg_dms__transformer__seed42,PMS2,P43246:742:D>P,0,0.9827216
train-pg_dms__transformer__seed42,PMS2,P43246:742:D>N,0,0.016263524
train-pg_dms__transformer__seed42,PMS2,P43246:742:D>T,0,0.021812694
train-pg_dms__transformer__seed42,PMS2,P43246:742:D>L,0,0.34876287
train-pg_dms__transformer__seed42,PMS2,P43246:742:D>K,0,0.19123699
train-pg_dms__transformer__seed42,PMS2,P43246:742:D>I,0,0.12970975
train-pg_dms__transformer__seed42,PMS2,P43246:742:D>G,0,0.014726565
train-pg_dms__transformer__seed42,PMS2,P43246:742:D>F,0,0.07420333
train-pg_dms__transformer__seed42,PMS2,P43246:742:D>E,0,0.009711108
train-pg_dms__transformer__seed42,PMS2,P43246:742:D>A,0,0.0103132585
train-pg_dms__transformer__seed42,PMS2,P43246:742:D>M,0,0.6066682
train-pg_dms__transformer__seed42,PMS2,P43246:755:S>A,0,0.033457175
train-pg_dms__transformer__seed42,PMS2,P43246:755:S>C,0,0.05693304
train-pg_dms__transformer__seed42,PMS2,P43246:755:S>D,0,0.54500574
train-pg_dms__transformer__seed42,PMS2,P43246:755:S>F,0,0.4857612
train-pg_dms__transformer__seed42,PMS2,P43246:755:S>G,0,0.12410564
train-pg_dms__transformer__seed42,PMS2,P43246:755:S>H,0,0.30851138
train-pg_dms__transformer__seed42,PMS2,P43246:755:S>I,0,0.3950331
train-pg_dms__transformer__seed42,PMS2,P43246:755:S>K,1,0.35825413
train-pg_dms__transformer__seed42,PMS2,P43246:755:S>L,1,0.44960302
train-pg_dms__transformer__seed42,PMS2,P43246:755:S>N,0,0.24596065
train-pg_dms__transformer__seed42,PMS2,P43246:755:S>P,0,0.8059634
train-pg_dms__transformer__seed42,PMS2,P43246:755:S>Q,0,0.1636049
train-pg_dms__transformer__seed42,PMS2,P43246:755:S>R,0,0.6116615
train-pg_dms__transformer__seed42,PMS2,P43246:755:S>V,0,0.3541534
train-pg_dms__transformer__seed42,PMS2,P43246:755:S>W,0,0.69313693
train-pg_dms__transformer__seed42,PMS2,P43246:755:S>M,1,0.67016506
train-pg_dms__transformer__seed42,PMS2,P43246:772:T>N,0,0.008899877
train-pg_dms__transformer__seed42,PMS2,P43246:772:T>Y,0,0.051169958
train-pg_dms__transformer__seed42,PMS2,P43246:772:T>P,1,0.13157614
train-pg_dms__transformer__seed42,PMS2,P43246:772:T>M,0,0.096914865
train-pg_dms__transformer__seed42,PMS2,P43246:772:T>Q,0,0.008148815
train-pg_dms__transformer__seed42,PMS2,P43246:772:T>K,0,0.011863626
train-pg_dms__transformer__seed42,PMS2,P43246:772:T>G,0,0.007657102
train-pg_dms__transformer__seed42,PMS2,P43246:772:T>F,0,0.05527948
train-pg_dms__transformer__seed42,PMS2,P43246:772:T>E,0,0.010059194
train-pg_dms__transformer__seed42,PMS2,P43246:772:T>D,0,0.027910838
train-pg_dms__transformer__seed42,PMS2,P43246:772:T>L,0,0.016035376
train-pg_dms__transformer__seed42,PMS2,P43246:772:T>C,0,0.0062391898
train-pg_dms__transformer__seed42,PMS2,P43246:772:T>V,0,0.0118257785
train-pg_dms__transformer__seed42,PMS2,P43246:772:T>H,0,0.043604974
train-pg_dms__transformer__seed42,PMS2,P43246:772:T>R,0,0.015243968
train-pg_dms__transformer__seed42,PMS2,P43246:772:T>W,1,0.532201
train-pg_dms__transformer__seed42,PMS2,P43246:772:T>I,0,0.02882195
train-pg_dms__transformer__seed42,PMS2,P43246:772:T>S,0,0.016946135
train-pg_dms__transformer__seed42,PMS2,P43246:785:H>M,0,0.5380644
train-pg_dms__transformer__seed42,PMS2,P43246:785:H>L,0,0.3394659
train-pg_dms__transformer__seed42,PMS2,P43246:785:H>D,0,0.45020682
train-pg_dms__transformer__seed42,PMS2,P43246:785:H>R,0,0.31034857
train-pg_dms__transformer__seed42,PMS2,P43246:785:H>Y,0,0.21268013
train-pg_dms__transformer__seed42,PMS2,P43246:785:H>Q,0,0.17379528
train-pg_dms__transformer__seed42,PMS2,P43246:785:H>S,1,0.21568127
train-pg_dms__transformer__seed42,PMS2,P43246:785:H>T,0,0.29366633
train-pg_dms__transformer__seed42,PMS2,P43246:785:H>V,0,0.34172785
train-pg_dms__transformer__seed42,PMS2,P43246:785:H>A,0,0.17172705
train-pg_dms__transformer__seed42,PMS2,P43246:785:H>C,1,0.054251812
train-pg_dms__transformer__seed42,PMS2,P43246:785:H>N,0,0.26881203
train-pg_dms__transformer__seed42,PMS2,P43246:785:H>P,0,0.36577252
train-pg_dms__transformer__seed42,PMS2,P43246:785:H>E,0,0.33301237
train-pg_dms__transformer__seed42,PMS2,P43246:785:H>F,0,0.15396933
train-pg_dms__transformer__seed42,PMS2,P43246:785:H>G,0,0.2669402
train-pg_dms__transformer__seed42,PMS2,P43246:785:H>I,0,0.38172907
train-pg_dms__transformer__seed42,PMS2,P43246:785:H>K,0,0.50263023
train-pg_dms__transformer__seed42,PMS2,P43246:785:H>W,0,0.62044823
train-pg_dms__transformer__seed42,PMS2,P43246:792:N>V,0,0.014191353
train-pg_dms__transformer__seed42,PMS2,P43246:792:N>T,0,0.0060574333
train-pg_dms__transformer__seed42,PMS2,P43246:792:N>S,0,0.010154919
train-pg_dms__transformer__seed42,PMS2,P43246:792:N>R,0,0.0057622893
train-pg_dms__transformer__seed42,PMS2,P43246:792:N>Q,1,0.0040499386
train-pg_dms__transformer__seed42,PMS2,P43246:792:N>P,0,0.11003074
train-pg_dms__transformer__seed42,PMS2,P43246:792:N>A,0,0.0038855318
train-pg_dms__transformer__seed42,PMS2,P43246:792:N>F,0,0.007269265
train-pg_dms__transformer__seed42,PMS2,P43246:792:N>D,0,0.014983962
train-pg_dms__transformer__seed42,PMS2,P43246:792:N>E,0,0.00612375
train-pg_dms__transformer__seed42,PMS2,P43246:792:N>G,0,0.003950015
train-pg_dms__transformer__seed42,PMS2,P43246:792:N>H,0,0.014636183
train-pg_dms__transformer__seed42,PMS2,P43246:792:N>M,0,0.20195757
train-pg_dms__transformer__seed42,PMS2,P43246:792:N>K,0,0.030520637
train-pg_dms__transformer__seed42,PMS2,P43246:792:N>C,0,0.0013283936
train-pg_dms__transformer__seed42,PMS2,P43246:792:N>L,0,0.010492466
train-pg_dms__transformer__seed42,PMS2,P43246:792:N>Y,0,0.004177435
train-pg_dms__transformer__seed42,PMS2,P43246:792:N>W,0,0.29509458
train-pg_dms__transformer__seed42,PMS2,P43246:795:P>K,0,0.008741172
train-pg_dms__transformer__seed42,PMS2,P43246:795:P>Y,0,0.0068800002
train-pg_dms__transformer__seed42,PMS2,P43246:795:P>D,0,0.006709183
train-pg_dms__transformer__seed42,PMS2,P43246:795:P>E,0,0.005623278
train-pg_dms__transformer__seed42,PMS2,P43246:795:P>F,0,0.0057632346
train-pg_dms__transformer__seed42,PMS2,P43246:795:P>G,0,0.0014104868
train-pg_dms__transformer__seed42,PMS2,P43246:795:P>H,0,0.012453558
train-pg_dms__transformer__seed42,PMS2,P43246:795:P>W,0,0.289028
train-pg_dms__transformer__seed42,PMS2,P43246:795:P>V,0,0.010715037
train-pg_dms__transformer__seed42,PMS2,P43246:795:P>A,0,0.0012249799
train-pg_dms__transformer__seed42,PMS2,P43246:795:P>T,0,0.007174511
train-pg_dms__transformer__seed42,PMS2,P43246:795:P>I,0,0.0058245193
train-pg_dms__transformer__seed42,PMS2,P43246:795:P>S,0,0.0019505881
train-pg_dms__transformer__seed42,PMS2,P43246:795:P>R,0,0.002385081
train-pg_dms__transformer__seed42,PMS2,P43246:795:P>M,1,0.17284104
train-pg_dms__transformer__seed42,PMS2,P43246:795:P>C,0,0.0031191856
train-pg_dms__transformer__seed42,PMS2,P43246:800:L>S,0,0.22003908
train-pg_dms__transformer__seed42,PMS2,P43246:800:L>W,1,0.36370894
train-pg_dms__transformer__seed42,PMS2,P43246:800:L>T,0,0.27053326
train-pg_dms__transformer__seed42,PMS2,P43246:800:L>Y,0,0.03498967
train-pg_dms__transformer__seed42,PMS2,P43246:800:L>F,0,0.011643183
train-pg_dms__transformer__seed42,PMS2,P43246:800:L>E,0,0.41392267
train-pg_dms__transformer__seed42,PMS2,P43246:800:L>H,0,0.15648027
train-pg_dms__transformer__seed42,PMS2,P43246:800:L>D,0,0.88435715
train-pg_dms__transformer__seed42,PMS2,P43246:800:L>V,0,0.026124962
train-pg_dms__transformer__seed42,PMS2,P43246:800:L>G,0,0.7726905
train-pg_dms__transformer__seed42,PMS2,P43246:800:L>A,0,0.10299841
train-pg_dms__transformer__seed42,PMS2,P43246:800:L>I,0,0.037660956
train-pg_dms__transformer__seed42,PMS2,P43246:800:L>K,0,0.27297845
train-pg_dms__transformer__seed42,PMS2,P43246:800:L>C,0,0.016324285
train-pg_dms__transformer__seed42,PMS2,P43246:800:L>Q,0,0.047029585
train-pg_dms__transformer__seed42,PMS2,P43246:800:L>P,1,0.94249374
train-pg_dms__transformer__seed42,PMS2,P43246:800:L>N,0,0.56122
train-pg_dms__transformer__seed42,PMS2,P43246:800:L>M,0,0.15990631
train-pg_dms__transformer__seed42,PMS2,P43246:800:L>R,0,0.078506686
train-pg_dms__transformer__seed42,PMS2,P43246:803:T>D,1,0.20893362
train-pg_dms__transformer__seed42,PMS2,P43246:803:T>A,0,0.041156184
train-pg_dms__transformer__seed42,PMS2,P43246:803:T>C,0,0.036700394
train-pg_dms__transformer__seed42,PMS2,P43246:803:T>W,0,0.6366528
train-pg_dms__transformer__seed42,PMS2,P43246:803:T>Y,1,0.29852638
train-pg_dms__transformer__seed42,PMS2,P43246:803:T>S,0,0.03245352
train-pg_dms__transformer__seed42,PMS2,P43246:803:T>M,0,0.15752281
train-pg_dms__transformer__seed42,PMS2,P43246:803:T>L,0,0.06907461
train-pg_dms__transformer__seed42,PMS2,P43246:803:T>N,0,0.05298229
train-pg_dms__transformer__seed42,PMS2,P43246:803:T>E,0,0.10388582
train-pg_dms__transformer__seed42,PMS2,P43246:803:T>P,0,0.564552
train-pg_dms__transformer__seed42,PMS2,P43246:803:T>Q,0,0.065154046
train-pg_dms__transformer__seed42,PMS2,P43246:803:T>V,0,0.086650155
train-pg_dms__transformer__seed42,PMS2,P43246:803:T>K,0,0.110932745
train-pg_dms__transformer__seed42,PMS2,P43246:803:T>H,0,0.24349035
train-pg_dms__transformer__seed42,PMS2,P43246:803:T>G,0,0.05876425
train-pg_dms__transformer__seed42,PMS2,P43246:803:T>R,0,0.08530868
train-pg_dms__transformer__seed42,PMS2,P43246:815:Y>I,1,0.5584807
train-pg_dms__transformer__seed42,PMS2,P43246:815:Y>K,0,0.52671194
train-pg_dms__transformer__seed42,PMS2,P43246:815:Y>L,0,0.4176433
train-pg_dms__transformer__seed42,PMS2,P43246:815:Y>M,1,0.50399834
train-pg_dms__transformer__seed42,PMS2,P43246:815:Y>N,0,0.32774448
train-pg_dms__transformer__seed42,PMS2,P43246:815:Y>P,0,0.70165986
train-pg_dms__transformer__seed42,PMS2,P43246:815:Y>Q,0,0.5193617
train-pg_dms__transformer__seed42,PMS2,P43246:815:Y>R,0,0.5780149
train-pg_dms__transformer__seed42,PMS2,P43246:815:Y>S,1,0.4325738
train-pg_dms__transformer__seed42,PMS2,P43246:815:Y>T,0,0.41652998
train-pg_dms__transformer__seed42,PMS2,P43246:815:Y>V,1,0.4977669
train-pg_dms__transformer__seed42,PMS2,P43246:815:Y>W,0,0.53159744
train-pg_dms__transformer__seed42,PMS2,P43246:815:Y>G,1,0.4617667
train-pg_dms__transformer__seed42,PMS2,P43246:815:Y>F,0,0.036413867
train-pg_dms__transformer__seed42,PMS2,P43246:815:Y>E,1,0.40625152
train-pg_dms__transformer__seed42,PMS2,P43246:815:Y>D,1,0.5447682
train-pg_dms__transformer__seed42,PMS2,P43246:815:Y>A,1,0.4082538
train-pg_dms__transformer__seed42,PMS2,P43246:825:S>A,0,0.13748223
train-pg_dms__transformer__seed42,PMS2,P43246:825:S>C,0,0.048810225
train-pg_dms__transformer__seed42,PMS2,P43246:825:S>D,0,0.35325512
train-pg_dms__transformer__seed42,PMS2,P43246:825:S>E,0,0.18354595
train-pg_dms__transformer__seed42,PMS2,P43246:825:S>H,0,0.24331808
train-pg_dms__transformer__seed42,PMS2,P43246:825:S>L,1,0.30336976
train-pg_dms__transformer__seed42,PMS2,P43246:825:S>K,0,0.2113801
train-pg_dms__transformer__seed42,PMS2,P43246:825:S>V,0,0.32195038
train-pg_dms__transformer__seed42,PMS2,P43246:825:S>T,0,0.23029935
train-pg_dms__transformer__seed42,PMS2,P43246:825:S>R,0,0.2954925
train-pg_dms__transformer__seed42,PMS2,P43246:825:S>P,0,0.5488245
train-pg_dms__transformer__seed42,PMS2,P43246:825:S>N,1,0.18276282
train-pg_dms__transformer__seed42,PMS2,P43246:825:S>M,1,0.50543654
train-pg_dms__transformer__seed42,PMS2,P43246:825:S>W,1,0.5653371
train-pg_dms__transformer__seed42,PMS2,P43246:825:S>I,0,0.2860146
train-pg_dms__transformer__seed42,PMS2,P43246:835:N>I,0,0.038361434
train-pg_dms__transformer__seed42,PMS2,P43246:835:N>K,0,0.019889627
train-pg_dms__transformer__seed42,PMS2,P43246:835:N>L,0,0.057026237
train-pg_dms__transformer__seed42,PMS2,P43246:835:N>Q,0,0.0075071836
train-pg_dms__transformer__seed42,PMS2,P43246:835:N>P,0,0.8546879
train-pg_dms__transformer__seed42,PMS2,P43246:835:N>R,0,0.0045930194
train-pg_dms__transformer__seed42,PMS2,P43246:835:N>H,0,0.03349806
train-pg_dms__transformer__seed42,PMS2,P43246:835:N>M,0,0.33797726
train-pg_dms__transformer__seed42,PMS2,P43246:835:N>V,0,0.021882493
train-pg_dms__transformer__seed42,PMS2,P43246:835:N>G,0,0.0040183617
train-pg_dms__transformer__seed42,PMS2,P43246:835:N>F,0,0.028084237
train-pg_dms__transformer__seed42,PMS2,P43246:835:N>E,0,0.035424627
train-pg_dms__transformer__seed42,PMS2,P43246:835:N>D,0,0.019044552
train-pg_dms__transformer__seed42,PMS2,P43246:835:N>C,0,0.0015877496
train-pg_dms__transformer__seed42,PMS2,P43246:835:N>A,0,0.0030756241
train-pg_dms__transformer__seed42,PMS2,P43246:835:N>S,0,0.010628266
train-pg_dms__transformer__seed42,PMS2,P43246:835:N>Y,0,0.016053308
train-pg_dms__transformer__seed42,PMS2,P43246:835:N>W,0,0.6317984
train-pg_dms__transformer__seed42,PMS2,P43246:835:N>T,0,0.0137063945
train-pg_dms__transformer__seed42,PMS2,P43246:847:K>H,0,0.08868819
train-pg_dms__transformer__seed42,PMS2,P43246:847:K>V,0,0.08633267
train-pg_dms__transformer__seed42,PMS2,P43246:847:K>S,0,0.044092994
train-pg_dms__transformer__seed42,PMS2,P43246:847:K>R,0,0.0021663855
train-pg_dms__transformer__seed42,PMS2,P43246:847:K>P,0,0.43719035
train-pg_dms__transformer__seed42,PMS2,P43246:847:K>N,0,0.114680536
train-pg_dms__transformer__seed42,PMS2,P43246:847:K>M,0,0.43042147
train-pg_dms__transformer__seed42,PMS2,P43246:847:K>L,0,0.09942391
train-pg_dms__transformer__seed42,PMS2,P43246:847:K>I,0,0.06483319
train-pg_dms__transformer__seed42,PMS2,P43246:847:K>E,0,0.07746384
train-pg_dms__transformer__seed42,PMS2,P43246:847:K>G,0,0.045705203
train-pg_dms__transformer__seed42,PMS2,P43246:847:K>A,0,0.04915647
train-pg_dms__transformer__seed42,PMS2,P43246:847:K>C,0,0.015756112
train-pg_dms__transformer__seed42,PMS2,P43246:847:K>D,0,0.08365602
train-pg_dms__transformer__seed42,PMS2,P43246:847:K>W,0,0.51155305
train-pg_dms__transformer__seed42,PMS2,P43246:847:K>Y,0,0.05844627
train-pg_dms__transformer__seed42,PMS2,P43246:847:K>F,0,0.04060954
train-pg_dms__transformer__seed42,PMS2,P43246:849:L>T,0,0.0033284018
train-pg_dms__transformer__seed42,PMS2,P43246:849:L>A,0,0.0012052469
train-pg_dms__transformer__seed42,PMS2,P43246:849:L>R,0,0.006195802
train-pg_dms__transformer__seed42,PMS2,P43246:849:L>P,0,0.35832882
train-pg_dms__transformer__seed42,PMS2,P43246:849:L>N,0,0.0037695658
train-pg_dms__transformer__seed42,PMS2,P43246:849:L>K,0,0.004859072
train-pg_dms__transformer__seed42,PMS2,P43246:849:L>I,0,0.0026365335
train-pg_dms__transformer__seed42,PMS2,P43246:849:L>H,0,0.0062654032
train-pg_dms__transformer__seed42,PMS2,P43246:849:L>G,0,0.0031067524
train-pg_dms__transformer__seed42,PMS2,P43246:849:L>F,0,0.0015880308
train-pg_dms__transformer__seed42,PMS2,P43246:849:L>E,0,0.0042225914
train-pg_dms__transformer__seed42,PMS2,P43246:849:L>D,0,0.008592226
train-pg_dms__transformer__seed42,PMS2,P43246:849:L>C,0,0.0018544879
train-pg_dms__transformer__seed42,PMS2,P43246:849:L>Y,0,0.003547466
train-pg_dms__transformer__seed42,PMS2,P43246:849:L>W,0,0.16669478
train-pg_dms__transformer__seed42,PMS2,P43246:849:L>V,0,0.0062918966
train-pg_dms__transformer__seed42,PMS2,P43246:849:L>S,0,0.0015633123
train-pg_dms__transformer__seed42,PMS2,P43246:859:E>Y,0,0.00418033
train-pg_dms__transformer__seed42,PMS2,P43246:859:E>W,0,0.10506686
train-pg_dms__transformer__seed42,PMS2,P43246:859:E>V,0,0.0042370562
train-pg_dms__transformer__seed42,PMS2,P43246:859:E>G,0,0.003142534
train-pg_dms__transformer__seed42,PMS2,P43246:859:E>F,0,0.0040269243
train-pg_dms__transformer__seed42,PMS2,P43246:859:E>D,0,0.0032368337
train-pg_dms__transformer__seed42,PMS2,P43246:859:E>C,0,0.0034627386
train-pg_dms__transformer__seed42,PMS2,P43246:859:E>A,0,0.0017307139
train-pg_dms__transformer__seed42,PMS2,P43246:859:E>T,0,0.002622909
train-pg_dms__transformer__seed42,PMS2,P43246:859:E>S,0,0.0016151206
train-pg_dms__transformer__seed42,PMS2,P43246:859:E>H,0,0.0069935718
train-pg_dms__transformer__seed42,PMS2,P43246:859:E>L,0,0.0059487876
train-pg_dms__transformer__seed42,PMS2,P43246:859:E>M,0,0.12429409
train-pg_dms__transformer__seed42,PMS2,P43246:859:E>N,0,0.0027692993
train-pg_dms__transformer__seed42,PMS2,P43246:859:E>P,0,0.02020942
train-pg_dms__transformer__seed42,PMS2,P43246:859:E>Q,0,0.002277178
train-pg_dms__transformer__seed42,PMS2,P43246:859:E>R,0,0.0034831394
train-pg_dms__transformer__seed42,PMS2,P43246:859:E>K,0,0.007409548
train-pg_dms__transformer__seed42,PMS2,P43246:859:E>I,0,0.0043904665
train-pg_dms__transformer__seed42,PMS2,P43246:860:S>H,0,0.0055727176
train-pg_dms__transformer__seed42,PMS2,P43246:860:S>Y,0,0.0032591468
train-pg_dms__transformer__seed42,PMS2,P43246:860:S>W,0,0.04815894
train-pg_dms__transformer__seed42,PMS2,P43246:860:S>I,0,0.0041953833
train-pg_dms__transformer__seed42,PMS2,P43246:860:S>T,0,0.0040206676
train-pg_dms__transformer__seed42,PMS2,P43246:860:S>R,0,0.0032466056
train-pg_dms__transformer__seed42,PMS2,P43246:860:S>Q,0,0.0037659577
train-pg_dms__transformer__seed42,PMS2,P43246:860:S>P,0,0.011398651
train-pg_dms__transformer__seed42,PMS2,P43246:860:S>N,0,0.0022256814
train-pg_dms__transformer__seed42,PMS2,P43246:860:S>V,0,0.0038086025
train-pg_dms__transformer__seed42,PMS2,P43246:860:S>D,0,0.0039489013
train-pg_dms__transformer__seed42,PMS2,P43246:860:S>G,0,0.0019135828
train-pg_dms__transformer__seed42,PMS2,P43246:860:S>F,0,0.0033204705
train-pg_dms__transformer__seed42,PMS2,P43246:860:S>E,0,0.0031810848
train-pg_dms__transformer__seed42,PMS2,P43246:860:S>A,0,0.002398809
train-pg_dms__transformer__seed42,PMS2,P43246:860:S>K,0,0.0049847523
train-pg_dms__transformer__seed42,PMS2,P43246:860:S>C,0,0.0012128667
train-pg_dms__transformer__seed42,PMS2,P43246:860:S>M,0,0.07932874
train-pg_dms__transformer__seed42,PMS2,P43246:871:K>S,0,0.053537443
train-pg_dms__transformer__seed42,PMS2,P43246:871:K>R,0,0.0038066052
train-pg_dms__transformer__seed42,PMS2,P43246:871:K>A,0,0.026595287
train-pg_dms__transformer__seed42,PMS2,P43246:871:K>C,0,0.017531792
train-pg_dms__transformer__seed42,PMS2,P43246:871:K>Y,0,0.091356516
train-pg_dms__transformer__seed42,PMS2,P43246:871:K>D,0,0.115564846
train-pg_dms__transformer__seed42,PMS2,P43246:871:K>E,0,0.021381032
train-pg_dms__transformer__seed42,PMS2,P43246:871:K>T,0,0.047222555
train-pg_dms__transformer__seed42,PMS2,P43246:871:K>G,0,0.022129623
train-pg_dms__transformer__seed42,PMS2,P43246:871:K>F,0,0.052007865
train-pg_dms__transformer__seed42,PMS2,P43246:871:K>V,0,0.061521795
train-pg_dms__transformer__seed42,PMS2,P43246:871:K>W,0,0.47388864
train-pg_dms__transformer__seed42,PMS2,P43246:871:K>P,0,0.28224427
train-pg_dms__transformer__seed42,PMS2,P43246:871:K>N,0,0.1190035
train-pg_dms__transformer__seed42,PMS2,P43246:871:K>Q,0,0.0053571924
train-pg_dms__transformer__seed42,PMS2,P43246:871:K>M,0,0.46044612
train-pg_dms__transformer__seed42,PMS2,P43246:871:K>L,0,0.13887301
train-pg_dms__transformer__seed42,PMS2,P43246:871:K>I,0,0.055706125
train-pg_dms__transformer__seed42,PMS2,P43246:871:K>H,0,0.14053293
train-pg_dms__transformer__seed42,PMS2,P43246:894:M>L,0,0.019178258
train-pg_dms__transformer__seed42,PMS2,P43246:894:M>K,0,0.1434986
train-pg_dms__transformer__seed42,PMS2,P43246:894:M>H,0,0.23876478
train-pg_dms__transformer__seed42,PMS2,P43246:894:M>G,0,0.19435933
train-pg_dms__transformer__seed42,PMS2,P43246:894:M>F,0,0.02041343
train-pg_dms__transformer__seed42,PMS2,P43246:894:M>E,0,0.20666426
train-pg_dms__transformer__seed42,PMS2,P43246:894:M>C,0,0.04962688
train-pg_dms__transformer__seed42,PMS2,P43246:894:M>A,0,0.040578008
train-pg_dms__transformer__seed42,PMS2,P43246:894:M>Y,0,0.084270306
train-pg_dms__transformer__seed42,PMS2,P43246:894:M>W,0,0.62169135
train-pg_dms__transformer__seed42,PMS2,P43246:894:M>P,0,0.8642796
train-pg_dms__transformer__seed42,PMS2,P43246:894:M>V,0,0.027850864
train-pg_dms__transformer__seed42,PMS2,P43246:894:M>T,0,0.039007787
train-pg_dms__transformer__seed42,PMS2,P43246:894:M>S,0,0.08480701
train-pg_dms__transformer__seed42,PMS2,P43246:894:M>Q,0,0.064748496
train-pg_dms__transformer__seed42,PMS2,P43246:894:M>N,0,0.18714064
train-pg_dms__transformer__seed42,PMS2,P43246:895:P>Y,0,0.01862219
train-pg_dms__transformer__seed42,PMS2,P43246:895:P>D,0,0.012885922
train-pg_dms__transformer__seed42,PMS2,P43246:895:P>C,0,0.006547957
train-pg_dms__transformer__seed42,PMS2,P43246:895:P>A,0,0.0021272637
train-pg_dms__transformer__seed42,PMS2,P43246:895:P>L,0,0.028312735
train-pg_dms__transformer__seed42,PMS2,P43246:895:P>K,0,0.026223922
train-pg_dms__transformer__seed42,PMS2,P43246:895:P>H,0,0.02078101
train-pg_dms__transformer__seed42,PMS2,P43246:895:P>I,0,0.028114246
train-pg_dms__transformer__seed42,PMS2,P43246:895:P>F,0,0.029531628
train-pg_dms__transformer__seed42,PMS2,P43246:895:P>M,0,0.3358016
train-pg_dms__transformer__seed42,PMS2,P43246:895:P>G,0,0.0028785355
train-pg_dms__transformer__seed42,PMS2,P43246:895:P>Q,0,0.0053751245
train-pg_dms__transformer__seed42,PMS2,P43246:895:P>R,0,0.006039671
train-pg_dms__transformer__seed42,PMS2,P43246:895:P>T,0,0.0042392453
train-pg_dms__transformer__seed42,PMS2,P43246:895:P>V,0,0.0150643615
train-pg_dms__transformer__seed42,PMS2,P43246:895:P>W,0,0.5638877
train-pg_dms__transformer__seed42,PMS2,P43246:895:P>E,0,0.013602563
train-pg_dms__transformer__seed42,PMS2,P43246:895:P>N,0,0.007872035
train-pg_dms__transformer__seed42,PMS2,P43246:900:S>I,0,0.04273746
train-pg_dms__transformer__seed42,PMS2,P43246:900:S>D,0,0.025462875
train-pg_dms__transformer__seed42,PMS2,P43246:900:S>C,0,0.0031658285
train-pg_dms__transformer__seed42,PMS2,P43246:900:S>A,0,0.008585514
train-pg_dms__transformer__seed42,PMS2,P43246:900:S>G,0,0.0074152877
train-pg_dms__transformer__seed42,PMS2,P43246:900:S>H,0,0.07965578
train-pg_dms__transformer__seed42,PMS2,P43246:900:S>K,0,0.045305338
train-pg_dms__transformer__seed42,PMS2,P43246:900:S>L,0,0.027418362
train-pg_dms__transformer__seed42,PMS2,P43246:900:S>M,0,0.19972923
train-pg_dms__transformer__seed42,PMS2,P43246:900:S>P,0,0.043846596
train-pg_dms__transformer__seed42,PMS2,P43246:900:S>E,0,0.02136147
train-pg_dms__transformer__seed42,PMS2,P43246:900:S>Q,0,0.03884319
train-pg_dms__transformer__seed42,PMS2,P43246:900:S>R,0,0.055337045
train-pg_dms__transformer__seed42,PMS2,P43246:900:S>T,0,0.013225858
train-pg_dms__transformer__seed42,PMS2,P43246:900:S>V,0,0.04482051
train-pg_dms__transformer__seed42,PMS2,P43246:900:S>W,0,0.39849928
train-pg_dms__transformer__seed42,PMS2,P43246:900:S>Y,0,0.037088457
train-pg_dms__transformer__seed42,PMS2,P43246:900:S>N,0,0.008134598
train-pg_dms__transformer__seed42,PMS2,P43246:900:S>F,0,0.07844427
train-pg_dms__transformer__seed42,PMS2,P43246:902:E>N,0,0.00948153
train-pg_dms__transformer__seed42,PMS2,P43246:902:E>M,0,0.30435643
train-pg_dms__transformer__seed42,PMS2,P43246:902:E>Q,0,0.002936304
train-pg_dms__transformer__seed42,PMS2,P43246:902:E>R,0,0.009980111
train-pg_dms__transformer__seed42,PMS2,P43246:902:E>V,0,0.012164663
train-pg_dms__transformer__seed42,PMS2,P43246:902:E>T,0,0.0073701013
train-pg_dms__transformer__seed42,PMS2,P43246:902:E>W,0,0.48796964
train-pg_dms__transformer__seed42,PMS2,P43246:902:E>Y,0,0.02799268
train-pg_dms__transformer__seed42,PMS2,P43246:902:E>S,0,0.005671209
train-pg_dms__transformer__seed42,PMS2,P43246:902:E>L,0,0.053104535
train-pg_dms__transformer__seed42,PMS2,P43246:902:E>P,0,0.16638175
train-pg_dms__transformer__seed42,PMS2,P43246:902:E>H,0,0.061511993
train-pg_dms__transformer__seed42,PMS2,P43246:902:E>F,0,0.035477903
train-pg_dms__transformer__seed42,PMS2,P43246:902:E>C,0,0.01333103
train-pg_dms__transformer__seed42,PMS2,P43246:902:E>A,0,0.0029209002
train-pg_dms__transformer__seed42,PMS2,P43246:902:E>I,0,0.014103173
train-pg_dms__transformer__seed42,PMS2,P43246:906:I>T,0,0.025680747
train-pg_dms__transformer__seed42,PMS2,P43246:906:I>S,0,0.004166628
train-pg_dms__transformer__seed42,PMS2,P43246:906:I>R,0,0.01593923
train-pg_dms__transformer__seed42,PMS2,P43246:906:I>Q,0,0.00488421
train-pg_dms__transformer__seed42,PMS2,P43246:906:I>P,0,0.17251669
train-pg_dms__transformer__seed42,PMS2,P43246:906:I>N,0,0.0057461015
train-pg_dms__transformer__seed42,PMS2,P43246:906:I>L,0,0.012992826
train-pg_dms__transformer__seed42,PMS2,P43246:906:I>K,0,0.009285977
train-pg_dms__transformer__seed42,PMS2,P43246:906:I>G,0,0.005510766
train-pg_dms__transformer__seed42,PMS2,P43246:906:I>W,0,0.41927862
train-pg_dms__transformer__seed42,PMS2,P43246:906:I>F,0,0.0057912753
train-pg_dms__transformer__seed42,PMS2,P43246:906:I>Y,0,0.013852479
train-pg_dms__transformer__seed42,PMS2,P43246:906:I>H,0,0.0370121
train-pg_dms__transformer__seed42,PMS2,P43246:906:I>A,0,0.0045086197
train-pg_dms__transformer__seed42,PMS2,P43246:906:I>C,0,0.0036049967
train-pg_dms__transformer__seed42,PMS2,P43246:906:I>D,0,0.011713272
train-pg_dms__transformer__seed42,PMS2,P43246:906:I>E,0,0.00673546
train-pg_dms__transformer__seed42,PMS2,P43246:907:K>S,0,0.0024465618
train-pg_dms__transformer__seed42,PMS2,P43246:907:K>V,0,0.006464072
train-pg_dms__transformer__seed42,PMS2,P43246:907:K>R,0,0.0022164572
train-pg_dms__transformer__seed42,PMS2,P43246:907:K>W,0,0.43991956
train-pg_dms__transformer__seed42,PMS2,P43246:907:K>T,0,0.0018278523
train-pg_dms__transformer__seed42,PMS2,P43246:907:K>Y,0,0.007985164
train-pg_dms__transformer__seed42,PMS2,P43246:907:K>Q,0,0.0019342831
train-pg_dms__transformer__seed42,PMS2,P43246:907:K>D,0,0.019636467
train-pg_dms__transformer__seed42,PMS2,P43246:907:K>N,0,0.008036137
train-pg_dms__transformer__seed42,PMS2,P43246:907:K>L,0,0.006512875
train-pg_dms__transformer__seed42,PMS2,P43246:907:K>I,0,0.003311261
train-pg_dms__transformer__seed42,PMS2,P43246:907:K>H,0,0.022977032
train-pg_dms__transformer__seed42,PMS2,P43246:907:K>G,0,0.004681127
train-pg_dms__transformer__seed42,PMS2,P43246:907:K>F,0,0.011596727
train-pg_dms__transformer__seed42,PMS2,P43246:907:K>E,0,0.0029252325
train-pg_dms__transformer__seed42,PMS2,P43246:907:K>C,0,0.00372869
train-pg_dms__transformer__seed42,PMS2,P43246:907:K>A,0,0.0024925063
train-pg_dms__transformer__seed42,PMS2,P43246:907:K>P,0,0.5866029
train-pg_dms__transformer__seed42,PMS2,P43246:911:L>K,0,0.1500681
train-pg_dms__transformer__seed42,PMS2,P43246:911:L>Q,0,0.027568625
train-pg_dms__transformer__seed42,PMS2,P43246:911:L>G,0,0.27527002
train-pg_dms__transformer__seed42,PMS2,P43246:911:L>F,0,0.010209305
train-pg_dms__transformer__seed42,PMS2,P43246:911:L>E,0,0.10428397
train-pg_dms__transformer__seed42,PMS2,P43246:911:L>I,0,0.02448974
train-pg_dms__transformer__seed42,PMS2,P43246:911:L>M,0,0.1511241
train-pg_dms__transformer__seed42,PMS2,P43246:911:L>W,0,0.3389844
train-pg_dms__transformer__seed42,PMS2,P43246:911:L>P,1,0.8235725
train-pg_dms__transformer__seed42,PMS2,P43246:911:L>R,0,0.10245921
train-pg_dms__transformer__seed42,PMS2,P43246:911:L>S,0,0.16064276
train-pg_dms__transformer__seed42,PMS2,P43246:911:L>T,0,0.13373803
train-pg_dms__transformer__seed42,PMS2,P43246:911:L>V,0,0.021784376
train-pg_dms__transformer__seed42,PMS2,P43246:911:L>C,0,0.017022388
train-pg_dms__transformer__seed42,PMS2,P43246:911:L>Y,0,0.029484237
train-pg_dms__transformer__seed42,PMS2,P43246:911:L>N,0,0.19650461
train-pg_dms__transformer__seed42,PMS2,P43246:911:L>A,0,0.051008098
train-pg_dms__transformer__seed42,PMS2,P43246:912:K>P,1,0.64421296
train-pg_dms__transformer__seed42,PMS2,P43246:912:K>W,0,0.54895276
train-pg_dms__transformer__seed42,PMS2,P43246:912:K>A,0,0.037513826
train-pg_dms__transformer__seed42,PMS2,P43246:912:K>C,0,0.018628169
train-pg_dms__transformer__seed42,PMS2,P43246:912:K>D,0,0.2480747
train-pg_dms__transformer__seed42,PMS2,P43246:912:K>E,0,0.0402696
train-pg_dms__transformer__seed42,PMS2,P43246:912:K>F,0,0.07245403
train-pg_dms__transformer__seed42,PMS2,P43246:912:K>G,0,0.06473403
train-pg_dms__transformer__seed42,PMS2,P43246:912:K>H,0,0.12547357
train-pg_dms__transformer__seed42,PMS2,P43246:912:K>Y,0,0.0762177
train-pg_dms__transformer__seed42,PMS2,P43246:912:K>I,0,0.05322486
train-pg_dms__transformer__seed42,PMS2,P43246:912:K>M,0,0.3453249
train-pg_dms__transformer__seed42,PMS2,P43246:912:K>N,0,0.14790614
train-pg_dms__transformer__seed42,PMS2,P43246:912:K>Q,0,0.010446492
train-pg_dms__transformer__seed42,PMS2,P43246:912:K>R,0,0.00337297
train-pg_dms__transformer__seed42,PMS2,P43246:912:K>S,0,0.05239056
train-pg_dms__transformer__seed42,PMS2,P43246:912:K>T,0,0.022488238
train-pg_dms__transformer__seed42,PMS2,P43246:912:K>V,0,0.081609905
train-pg_dms__transformer__seed42,PMS2,P43246:912:K>L,0,0.08660877
train-pg_dms__transformer__seed42,PMS2,P43246:916:I>H,0,0.037110936
train-pg_dms__transformer__seed42,PMS2,P43246:916:I>S,0,0.004702269
train-pg_dms__transformer__seed42,PMS2,P43246:916:I>R,0,0.005211424
train-pg_dms__transformer__seed42,PMS2,P43246:916:I>A,0,0.0037955157
train-pg_dms__transformer__seed42,PMS2,P43246:916:I>C,0,0.0038704684
train-pg_dms__transformer__seed42,PMS2,P43246:916:I>D,0,0.021908294
train-pg_dms__transformer__seed42,PMS2,P43246:916:I>L,0,0.04258929
train-pg_dms__transformer__seed42,PMS2,P43246:916:I>F,0,0.0041842503
train-pg_dms__transformer__seed42,PMS2,P43246:916:I>G,0,0.010580513
train-pg_dms__transformer__seed42,PMS2,P43246:916:I>K,0,0.009354197
train-pg_dms__transformer__seed42,PMS2,P43246:916:I>E,0,0.007871123
train-pg_dms__transformer__seed42,PMS2,P43246:916:I>W,1,0.44739357
train-pg_dms__transformer__seed42,PMS2,P43246:916:I>V,0,0.012514808
train-pg_dms__transformer__seed42,PMS2,P43246:916:I>T,0,0.021564413
train-pg_dms__transformer__seed42,PMS2,P43246:916:I>P,0,0.45436513
train-pg_dms__transformer__seed42,PMS2,P43246:916:I>N,0,0.008186268
train-pg_dms__transformer__seed42,PMS2,P43246:916:I>Y,0,0.016302967
train-pg_dms__transformer__seed42,PMS2,P43246:918:K>C,0,0.002848032
train-pg_dms__transformer__seed42,PMS2,P43246:918:K>Y,0,0.013184129
train-pg_dms__transformer__seed42,PMS2,P43246:918:K>W,0,0.41630802
train-pg_dms__transformer__seed42,PMS2,P43246:918:K>V,0,0.01134086
train-pg_dms__transformer__seed42,PMS2,P43246:918:K>T,0,0.0096558975
train-pg_dms__transformer__seed42,PMS2,P43246:918:K>S,0,0.0030620045
train-pg_dms__transformer__seed42,PMS2,P43246:918:K>R,0,0.0022096396
train-pg_dms__transformer__seed42,PMS2,P43246:918:K>Q,0,0.0030723931
train-pg_dms__transformer__seed42,PMS2,P43246:918:K>P,0,0.467354
train-pg_dms__transformer__seed42,PMS2,P43246:918:K>L,0,0.019667368
train-pg_dms__transformer__seed42,PMS2,P43246:918:K>I,0,0.0065063126
train-pg_dms__transformer__seed42,PMS2,P43246:918:K>H,0,0.013713312
train-pg_dms__transformer__seed42,PMS2,P43246:918:K>G,0,0.0025074743
train-pg_dms__transformer__seed42,PMS2,P43246:918:K>F,0,0.01703495
train-pg_dms__transformer__seed42,PMS2,P43246:918:K>E,0,0.0028419502
train-pg_dms__transformer__seed42,PMS2,P43246:918:K>A,0,0.0029358114
train-pg_dms__transformer__seed42,PMS2,P43246:918:K>D,0,0.013028472
train-pg_dms__transformer__seed42,PMS2,P43246:920:N>A,0,0.26597592
train-pg_dms__transformer__seed42,PMS2,P43246:920:N>C,0,0.016275812
train-pg_dms__transformer__seed42,PMS2,P43246:920:N>E,0,0.7858272
train-pg_dms__transformer__seed42,PMS2,P43246:920:N>F,0,0.6016457
train-pg_dms__transformer__seed42,PMS2,P43246:920:N>G,1,0.47715813
train-pg_dms__transformer__seed42,PMS2,P43246:920:N>I,0,0.24940063
train-pg_dms__transformer__seed42,PMS2,P43246:920:N>L,0,0.6226651
train-pg_dms__transformer__seed42,PMS2,P43246:920:N>P,0,0.9721829
train-pg_dms__transformer__seed42,PMS2,P43246:920:N>W,1,0.86449206
train-pg_dms__transformer__seed42,PMS2,P43246:920:N>R,0,0.71268094
train-pg_dms__transformer__seed42,PMS2,P43246:920:N>S,0,0.016824884
train-pg_dms__transformer__seed42,PMS2,P43246:920:N>T,1,0.1162427
train-pg_dms__transformer__seed42,PMS2,P43246:920:N>K,0,0.7867659
train-pg_dms__transformer__seed42,PMS2,P43246:920:N>Q,0,0.53861165
train-pg_dms__transformer__seed42,PMS2,P43246:920:N>V,0,0.3827828
train-pg_dms__transformer__seed42,PMS2,P43246:921:S>Y,0,0.0056078266
train-pg_dms__transformer__seed42,PMS2,P43246:921:S>A,0,0.0028391515
train-pg_dms__transformer__seed42,PMS2,P43246:921:S>C,0,0.0009763444
train-pg_dms__transformer__seed42,PMS2,P43246:921:S>W,0,0.19318885
train-pg_dms__transformer__seed42,PMS2,P43246:921:S>E,0,0.010033955
train-pg_dms__transformer__seed42,PMS2,P43246:921:S>F,0,0.006066477
train-pg_dms__transformer__seed42,PMS2,P43246:921:S>G,1,0.007418833
train-pg_dms__transformer__seed42,PMS2,P43246:921:S>I,0,0.0038814812
train-pg_dms__transformer__seed42,PMS2,P43246:921:S>K,0,0.00975851
train-pg_dms__transformer__seed42,PMS2,P43246:921:S>D,0,0.0082118595
train-pg_dms__transformer__seed42,PMS2,P43246:921:S>M,0,0.14741777
train-pg_dms__transformer__seed42,PMS2,P43246:921:S>N,0,0.00428785
train-pg_dms__transformer__seed42,PMS2,P43246:921:S>P,0,0.0381161
train-pg_dms__transformer__seed42,PMS2,P43246:921:S>Q,0,0.0063982443
train-pg_dms__transformer__seed42,PMS2,P43246:921:S>R,0,0.0060903793
train-pg_dms__transformer__seed42,PMS2,P43246:921:S>T,0,0.01366614
train-pg_dms__transformer__seed42,PMS2,P43246:921:S>V,0,0.0047077
train-pg_dms__transformer__seed42,PMS2,P43246:921:S>L,0,0.007325673
train-pg_dms__transformer__seed42,PMS2,P43246:922:F>C,0,0.09483018
train-pg_dms__transformer__seed42,PMS2,P43246:922:F>D,0,0.6858947
train-pg_dms__transformer__seed42,PMS2,P43246:922:F>E,0,0.44830874
train-pg_dms__transformer__seed42,PMS2,P43246:922:F>G,0,0.55078286
train-pg_dms__transformer__seed42,PMS2,P43246:922:F>H,0,0.42233723
train-pg_dms__transformer__seed42,PMS2,P43246:922:F>I,0,0.10518415
train-pg_dms__transformer__seed42,PMS2,P43246:922:F>Q,0,0.38396052
train-pg_dms__transformer__seed42,PMS2,P43246:922:F>M,0,0.5068868
train-pg_dms__transformer__seed42,PMS2,P43246:922:F>R,1,0.78059274
train-pg_dms__transformer__seed42,PMS2,P43246:922:F>N,0,0.4317572
train-pg_dms__transformer__seed42,PMS2,P43246:922:F>P,0,0.8415997
train-pg_dms__transformer__seed42,PMS2,P43246:922:F>A,0,0.34155214
train-pg_dms__transformer__seed42,PMS2,P43246:922:F>L,0,0.3335164
train-pg_dms__transformer__seed42,PMS2,P43246:922:F>V,0,0.07379746
train-pg_dms__transformer__seed42,PMS2,P43246:922:F>T,0,0.34765437
train-pg_dms__transformer__seed42,PMS2,P43246:922:F>S,0,0.4309208
train-pg_dms__transformer__seed42,PMS2,P43246:922:F>W,0,0.5022589
train-pg_dms__transformer__seed42,PMS2,P43246:922:F>Y,0,0.011499385
train-pg_dms__transformer__seed42,PMS2,P43246:926:I>R,0,0.108219065
train-pg_dms__transformer__seed42,PMS2,P43246:926:I>Q,0,0.09132545
train-pg_dms__transformer__seed42,PMS2,P43246:926:I>P,0,0.77409
train-pg_dms__transformer__seed42,PMS2,P43246:926:I>L,0,0.023422437
train-pg_dms__transformer__seed42,PMS2,P43246:926:I>K,0,0.16823669
train-pg_dms__transformer__seed42,PMS2,P43246:926:I>H,0,0.43147752
train-pg_dms__transformer__seed42,PMS2,P43246:926:I>A,0,0.0872042
train-pg_dms__transformer__seed42,PMS2,P43246:926:I>W,0,0.64894646
train-pg_dms__transformer__seed42,PMS2,P43246:926:I>T,0,0.11611225
train-pg_dms__transformer__seed42,PMS2,P43246:926:I>G,0,0.3745097
train-pg_dms__transformer__seed42,PMS2,P43246:926:I>F,0,0.015715241
train-pg_dms__transformer__seed42,PMS2,P43246:926:I>E,0,0.21756783
train-pg_dms__transformer__seed42,PMS2,P43246:926:I>D,0,0.5315179
train-pg_dms__transformer__seed42,PMS2,P43246:926:I>C,0,0.023708515
train-pg_dms__transformer__seed42,PMS2,P43246:926:I>V,0,0.022414766
