cell,gene,variant_key,label,score
train-pg_dms__mlp__seed43,MLH1,P43246:636:A>P,1,0.42043886
train-pg_dms__mlp__seed43,MLH1,P43246:390:L>F,0,0.16301046
train-pg_dms__mlp__seed43,MLH1,P43246:341:L>P,1,0.81945086
train-pg_dms__mlp__seed43,MLH1,P43246:359:R>S,1,0.8076999
train-pg_dms__mlp__seed43,MLH1,P43246:440:L>P,1,0.94567263
train-pg_dms__mlp__seed43,MLH1,P43246:564:T>A,0,0.1010939
train-pg_dms__mlp__seed43,MLH1,P43246:704:I>M,0,0.114125706
train-pg_dms__mlp__seed43,MLH1,P43246:834:A>T,0,0.17461954
train-pg_dms__mlp__seed43,MLH1,P43246:860:S>L,0,0.055630147
train-pg_dms__mlp__seed43,MLH1,P43246:93:L>F,1,0.7696398
train-pg_dms__mlp__seed43,MLH1,P43246:187:L>P,1,0.8140802
train-pg_dms__mlp__seed43,MLH1,P43246:187:L>R,1,0.7797597
train-pg_dms__mlp__seed43,MLH1,P43246:199:C>R,1,0.9683487
train-pg_dms__mlp__seed43,MLH1,P43246:199:C>Y,1,0.9576006
train-pg_dms__mlp__seed43,MLH1,P43246:655:V>I,0,0.14631724
train-pg_dms__mlp__seed43,MLH1,P43246:606:V>D,0,0.451992
train-pg_dms__mlp__seed43,MLH1,P43246:448:S>C,0,0.11318958
train-pg_dms__mlp__seed43,MLH1,P43246:523:F>S,1,0.9802603
train-pg_dms__mlp__seed43,MLH1,P43246:359:R>T,1,0.6539997
train-pg_dms__mlp__seed43,MLH1,P43246:38:D>Y,0,0.26730332
train-pg_dms__mlp__seed43,MLH1,P43246:250:G>V,0,0.051138848
train-pg_dms__mlp__seed43,MLH1,P43246:595:L>R,1,0.94040823
train-pg_dms__mlp__seed43,MLH1,P43246:621:R>L,1,0.44143462
train-pg_dms__mlp__seed43,MLH1,P43246:125:P>L,1,0.5745438
train-pg_dms__mlp__seed43,MLH1,P43246:227:R>S,0,0.27509895
train-pg_dms__mlp__seed43,MLH1,P43246:316:S>Y,0,0.077807404
train-pg_dms__mlp__seed43,MLH1,P43246:319:D>N,0,0.05015907
train-pg_dms__mlp__seed43,MLH1,P43246:551:F>L,0,0.71581763
train-pg_dms__mlp__seed43,MLH1,P43246:654:D>E,0,0.20681304
train-pg_dms__mlp__seed43,MLH1,P43246:789:A>V,0,0.12808034
train-pg_dms__mlp__seed43,MLH1,P43246:793:Q>P,0,0.2512219
train-pg_dms__mlp__seed43,MLH1,P43246:862:G>R,0,0.052960604
train-pg_dms__mlp__seed43,MLH1,P43246:92:L>F,0,0.28589067
train-pg_dms__mlp__seed43,MLH1,P43246:724:T>A,0,0.59152293
train-pg_dms__mlp__seed43,MLH1,P43246:621:R>G,1,0.5709149
train-pg_dms__mlp__seed43,MLH1,P43246:804:A>T,1,0.1948124
train-pg_dms__mlp__seed43,MLH1,P43246:319:D>Y,0,0.058393367
train-pg_dms__mlp__seed43,MLH1,P43246:142:S>A,0,0.061743993
train-pg_dms__mlp__seed43,MLH1,P43246:188:E>Q,0,0.32188028
train-pg_dms__mlp__seed43,MLH1,P43246:236:D>H,0,0.23792054
train-pg_dms__mlp__seed43,MLH1,P43246:245:L>F,0,0.27918422
train-pg_dms__mlp__seed43,MLH1,P43246:303:D>N,0,0.9273259
train-pg_dms__mlp__seed43,MLH1,P43246:883:I>T,0,0.086553276
train-pg_dms__mlp__seed43,MLH1,P43246:694:F>S,1,0.9217899
train-pg_dms__mlp__seed43,MLH1,P43246:726:M>L,0,0.2993975
train-pg_dms__mlp__seed43,MLH1,P43246:220:G>E,0,0.12867983
train-pg_dms__mlp__seed43,MLH1,P43246:236:D>E,0,0.12352853
train-pg_dms__mlp__seed43,MLH1,P43246:92:L>I,0,0.09731793
train-pg_dms__mlp__seed43,MLH1,P43246:726:M>V,0,0.5583606
train-pg_dms__mlp__seed43,MLH1,P43246:670:P>R,0,0.8393531
train-pg_dms__mlp__seed43,MLH1,P43246:918:K>N,0,0.10315782
train-pg_dms__mlp__seed43,MLH1,P43246:889:S>F,0,0.062424764
train-pg_dms__mlp__seed43,MLH1,P43246:62:G>E,0,0.24758314
train-pg_dms__mlp__seed43,MLH1,P43246:231:D>Y,0,0.22609395
train-pg_dms__mlp__seed43,MLH1,P43246:107:A>D,1,0.055908
train-pg_dms__mlp__seed43,MLH1,P43246:359:R>K,0,0.65795535
train-pg_dms__mlp__seed43,MLH1,P43246:187:L>I,0,0.0990648
train-pg_dms__mlp__seed43,MLH1,P43246:187:L>F,0,0.13257782
train-pg_dms__mlp__seed43,MLH1,P43246:205:E>D,0,0.071672946
train-pg_dms__mlp__seed43,MLH1,P43246:250:G>R,0,0.06667463
train-pg_dms__mlp__seed43,MLH1,P43246:526:T>N,0,0.5527906
train-pg_dms__mlp__seed43,MLH1,P43246:593:Q>H,0,0.08555919
train-pg_dms__mlp__seed43,MLH1,P43246:107:A>V,1,0.04429638
train-pg_dms__mlp__seed43,MLH1,P43246:724:T>R,0,0.618833
train-pg_dms__mlp__seed43,MLH1,P43246:793:Q>R,0,0.0837255
train-pg_dms__mlp__seed43,MLH1,P43246:832:E>K,0,0.05795835
train-pg_dms__mlp__seed43,MLH1,P43246:482:R>T,0,0.34974328
train-pg_dms__mlp__seed43,MLH1,P43246:595:L>V,0,0.11747928
train-pg_dms__mlp__seed43,MLH1,P43246:621:R>P,1,0.5709149
train-pg_dms__mlp__seed43,MLH1,P43246:825:S>G,0,0.3170523
train-pg_dms__mlp__seed43,MLH1,P43246:390:L>V,0,0.13189456
train-pg_dms__mlp__seed43,MLH1,P43246:862:G>V,0,0.045714635
train-pg_dms__mlp__seed43,MLH1,P43246:371:E>K,0,0.10117476
train-pg_dms__mlp__seed43,MLH1,P43246:507:P>T,0,0.098571025
train-pg_dms__mlp__seed43,MLH1,P43246:910:Q>R,0,0.122350864
train-pg_dms__mlp__seed43,MLH1,P43246:306:A>V,0,0.5278109
train-pg_dms__mlp__seed43,MLH1,P43246:125:P>T,0,0.81178814
train-pg_dms__mlp__seed43,MLH1,P43246:764:W>R,1,0.8706772
train-pg_dms__mlp__seed43,MLH1,P43246:387:L>V,0,0.09935405
train-pg_dms__mlp__seed43,MLH1,P43246:781:A>T,1,0.80949587
train-pg_dms__mlp__seed43,MLH1,P43246:593:Q>L,0,0.08030059
train-pg_dms__mlp__seed43,MLH1,P43246:292:T>P,1,0.08987471
train-pg_dms__mlp__seed43,MLH1,P43246:572:E>I,0,0.08930826
train-pg_dms__mlp__seed43,MLH1,P43246:262:E>V,0,0.10410743
train-pg_dms__mlp__seed43,MLH1,P43246:670:P>S,0,0.764541
train-pg_dms__mlp__seed43,MLH1,P43246:309:A>P,1,0.91485554
train-pg_dms__mlp__seed43,MLH1,P43246:729:M>V,0,0.71472377
train-pg_dms__mlp__seed43,MLH1,P43246:65:K>E,0,0.3693981
train-pg_dms__mlp__seed43,MLH1,P43246:220:G>R,0,0.11568635
train-pg_dms__mlp__seed43,MLH1,P43246:416:N>D,0,0.112866886
train-pg_dms__mlp__seed43,MLH1,P43246:436:F>S,0,0.8671604
train-pg_dms__mlp__seed43,MLH1,P43246:437:V>M,0,0.13722354
train-pg_dms__mlp__seed43,MLH1,P43246:546:K>R,0,0.06328037
train-pg_dms__mlp__seed43,MLH1,P43246:646:D>Y,0,0.15755674
train-pg_dms__mlp__seed43,MLH1,P43246:703:S>F,1,0.555892
train-pg_dms__mlp__seed43,MLH1,P43246:34:V>L,0,0.09880676
train-pg_dms__mlp__seed43,MLH1,P43246:190:L>F,0,0.12957728
train-pg_dms__mlp__seed43,MLH1,P43246:191:L>V,1,0.13319482
train-pg_dms__mlp__seed43,MLH1,P43246:270:L>P,1,0.96075696
train-pg_dms__mlp__seed43,MLH1,P43246:387:L>R,1,0.64957184
train-pg_dms__mlp__seed43,MLH1,P43246:646:D>V,0,0.1446498
train-pg_dms__mlp__seed43,MLH1,P43246:694:F>I,1,0.9060357
train-pg_dms__mlp__seed43,MLH1,P43246:245:L>W,0,0.5489736
train-pg_dms__mlp__seed43,MLH1,P43246:595:L>P,1,0.96056944
train-pg_dms__mlp__seed43,MLH1,P43246:670:P>T,0,0.8142228
train-pg_dms__mlp__seed43,MLH1,P43246:726:M>T,0,0.676825
train-pg_dms__mlp__seed43,MLH1,P43246:253:M>V,0,0.07382883
train-pg_dms__mlp__seed43,MLH1,P43246:730:L>F,0,0.3036622
train-pg_dms__mlp__seed43,MLH1,P43246:861:Q>K,0,0.04342541
train-pg_dms__mlp__seed43,MLH1,P43246:21:R>P,0,0.22790968
train-pg_dms__mlp__seed43,MLH1,P43246:80:L>V,0,0.17959762
train-pg_dms__mlp__seed43,MLH1,P43246:927:I>T,0,0.14168032
train-pg_dms__mlp__seed43,MLH1,P43246:158:Q>R,0,0.07084396
train-pg_dms__mlp__seed43,MLH1,P43246:303:D>H,0,0.97143656
train-pg_dms__mlp__seed43,MLH1,P43246:140:D>A,0,0.07309005
train-pg_dms__mlp__seed43,MLH1,P43246:359:R>I,1,0.7961011
train-pg_dms__mlp__seed43,MLH1,P43246:691:I>S,0,0.1989964
train-pg_dms__mlp__seed43,MLH1,P43246:440:L>R,1,0.9415944
train-pg_dms__mlp__seed43,MLH1,P43246:277:L>S,0,0.26413527
train-pg_dms__mlp__seed43,MLH1,P43246:316:S>T,0,0.0591859
train-pg_dms__mlp__seed43,MLH1,P43246:532:V>I,0,0.09278023
train-pg_dms__mlp__seed43,MLH1,P43246:93:L>V,0,0.12362909
train-pg_dms__mlp__seed43,MLH1,P43246:67:M>R,0,0.16708629
train-pg_dms__mlp__seed43,MLH1,P43246:427:K>E,0,0.07843568
train-pg_dms__mlp__seed43,MLH1,P43246:654:D>V,0,0.50677127
train-pg_dms__mlp__seed43,MLH1,P43246:92:L>P,0,0.56572825
train-pg_dms__mlp__seed43,MLH1,P43246:873:C>W,0,0.03937658
train-pg_dms__mlp__seed43,MLH1,P43246:883:I>V,0,0.072739534
train-pg_dms__mlp__seed43,MLH1,P43246:432:L>W,0,0.44288212
train-pg_dms__mlp__seed43,MLH1,P43246:140:D>V,0,0.08310845
train-pg_dms__mlp__seed43,MLH1,P43246:262:E>K,0,0.079864055
train-pg_dms__mlp__seed43,MLH1,P43246:429:Q>H,0,0.08730197
train-pg_dms__mlp__seed43,MLH1,P43246:431:L>V,0,0.09689323
train-pg_dms__mlp__seed43,MLH1,P43246:475:D>A,0,0.512906
train-pg_dms__mlp__seed43,MLH1,P43246:527:C>Y,0,0.08541063
train-pg_dms__mlp__seed43,MLH1,P43246:590:E>K,0,0.07018764
train-pg_dms__mlp__seed43,MLH1,P43246:359:R>G,1,0.7941813
train-pg_dms__mlp__seed43,MLH1,P43246:804:A>V,0,0.39971897
train-pg_dms__mlp__seed43,MLH1,P43246:768:E>Q,0,0.117366284
train-pg_dms__mlp__seed43,MLH1,P43246:638:R>K,0,0.9029069
train-pg_dms__mlp__seed43,MLH1,P43246:387:L>I,0,0.13328916
train-pg_dms__mlp__seed43,MLH1,P43246:834:A>G,0,0.25192183
train-pg_dms__mlp__seed43,MLH1,P43246:789:A>D,0,0.23345968
train-pg_dms__mlp__seed43,MLH1,P43246:701:E>G,0,0.12317743
train-pg_dms__mlp__seed43,MLH1,P43246:317:V>I,0,0.05605931
train-pg_dms__mlp__seed43,MLH1,P43246:844:A>T,0,0.8197766
train-pg_dms__mlp__seed43,MLH1,P43246:191:L>P,1,0.8066711
train-pg_dms__mlp__seed43,MLH1,P43246:826:F>S,0,0.5607039
train-pg_dms__mlp__seed43,MLH1,P43246:679:I>V,0,0.1953995
train-pg_dms__mlp__seed43,MLH1,P43246:646:D>E,0,0.072029375
train-pg_dms__mlp__seed43,MLH1,P43246:316:S>C,0,0.060824644
train-pg_dms__mlp__seed43,MLH1,P43246:34:V>G,0,0.425123
train-pg_dms__mlp__seed43,MLH1,P43246:303:D>G,0,0.8929666
train-pg_dms__mlp__seed43,MLH1,P43246:181:N>H,0,0.08223075
train-pg_dms__mlp__seed43,MLH1,P43246:847:K>T,0,0.49028325
train-pg_dms__mlp__seed43,MLH1,P43246:371:E>V,0,0.09677584
train-pg_dms__mlp__seed43,MLH1,P43246:589:V>L,0,0.09379377
train-pg_dms__mlp__seed43,MLH1,P43246:766:I>T,0,0.68026054
train-pg_dms__mlp__seed43,MLH1,P43246:11:L>H,0,0.055180065
train-pg_dms__mlp__seed43,MLH1,P43246:11:L>I,0,0.046324123
train-pg_dms__mlp__seed43,MLH1,P43246:11:L>A,0,0.047576506
train-pg_dms__mlp__seed43,MLH1,P43246:11:L>G,0,0.052220706
train-pg_dms__mlp__seed43,MLH1,P43246:11:L>F,0,0.04676809
train-pg_dms__mlp__seed43,MLH1,P43246:11:L>K,0,0.056207947
train-pg_dms__mlp__seed43,MLH1,P43246:11:L>M,0,0.056083683
train-pg_dms__mlp__seed43,MLH1,P43246:11:L>N,0,0.055788487
train-pg_dms__mlp__seed43,MLH1,P43246:11:L>P,1,0.047954127
train-pg_dms__mlp__seed43,MLH1,P43246:11:L>C,0,0.074654125
train-pg_dms__mlp__seed43,MLH1,P43246:11:L>R,0,0.05317189
train-pg_dms__mlp__seed43,MLH1,P43246:11:L>S,0,0.06383309
train-pg_dms__mlp__seed43,MLH1,P43246:11:L>Q,0,0.047556166
train-pg_dms__mlp__seed43,MLH1,P43246:11:L>V,0,0.04621366
train-pg_dms__mlp__seed43,MLH1,P43246:11:L>W,0,0.050625283
train-pg_dms__mlp__seed43,MLH1,P43246:11:L>Y,0,0.055152256
train-pg_dms__mlp__seed43,MLH1,P43246:11:L>E,0,0.059851084
train-pg_dms__mlp__seed43,MLH1,P43246:11:L>T,0,0.048219293
train-pg_dms__mlp__seed43,MLH1,P43246:21:R>H,0,0.113955796
train-pg_dms__mlp__seed43,MLH1,P43246:21:R>W,0,0.14950103
train-pg_dms__mlp__seed43,MLH1,P43246:21:R>V,0,0.16220452
train-pg_dms__mlp__seed43,MLH1,P43246:21:R>T,0,0.120199144
train-pg_dms__mlp__seed43,MLH1,P43246:21:R>S,0,0.14085728
train-pg_dms__mlp__seed43,MLH1,P43246:21:R>Q,0,0.08950258
train-pg_dms__mlp__seed43,MLH1,P43246:21:R>N,0,0.14758
train-pg_dms__mlp__seed43,MLH1,P43246:21:R>M,0,0.17387037
train-pg_dms__mlp__seed43,MLH1,P43246:21:R>C,0,0.14242116
train-pg_dms__mlp__seed43,MLH1,P43246:21:R>K,0,0.08595082
train-pg_dms__mlp__seed43,MLH1,P43246:21:R>I,0,0.16953716
train-pg_dms__mlp__seed43,MLH1,P43246:21:R>G,0,0.09394729
train-pg_dms__mlp__seed43,MLH1,P43246:21:R>F,0,0.21831697
train-pg_dms__mlp__seed43,MLH1,P43246:21:R>E,0,0.1743128
train-pg_dms__mlp__seed43,MLH1,P43246:21:R>D,0,0.19550489
train-pg_dms__mlp__seed43,MLH1,P43246:21:R>Y,0,0.17246334
train-pg_dms__mlp__seed43,MLH1,P43246:21:R>L,0,0.1388165
train-pg_dms__mlp__seed43,MLH1,P43246:21:R>A,0,0.117036514
train-pg_dms__mlp__seed43,MLH1,P43246:23:F>Q,0,0.17542247
train-pg_dms__mlp__seed43,MLH1,P43246:23:F>H,0,0.119373105
train-pg_dms__mlp__seed43,MLH1,P43246:23:F>G,0,0.21058092
train-pg_dms__mlp__seed43,MLH1,P43246:23:F>M,0,0.13523896
train-pg_dms__mlp__seed43,MLH1,P43246:23:F>P,0,0.23577806
train-pg_dms__mlp__seed43,MLH1,P43246:23:F>N,0,0.18848605
train-pg_dms__mlp__seed43,MLH1,P43246:23:F>R,0,0.18480408
train-pg_dms__mlp__seed43,MLH1,P43246:23:F>S,0,0.15089965
train-pg_dms__mlp__seed43,MLH1,P43246:23:F>A,0,0.16064353
train-pg_dms__mlp__seed43,MLH1,P43246:23:F>V,0,0.0920345
train-pg_dms__mlp__seed43,MLH1,P43246:23:F>E,0,0.22412582
train-pg_dms__mlp__seed43,MLH1,P43246:23:F>T,0,0.1646422
train-pg_dms__mlp__seed43,MLH1,P43246:23:F>L,0,0.22073148
train-pg_dms__mlp__seed43,MLH1,P43246:23:F>I,0,0.09396404
train-pg_dms__mlp__seed43,MLH1,P43246:23:F>W,0,0.111584164
train-pg_dms__mlp__seed43,MLH1,P43246:23:F>C,0,0.09622804
train-pg_dms__mlp__seed43,MLH1,P43246:23:F>Y,0,0.08746439
train-pg_dms__mlp__seed43,MLH1,P43246:34:V>T,0,0.42982092
train-pg_dms__mlp__seed43,MLH1,P43246:34:V>Y,0,0.48328924
train-pg_dms__mlp__seed43,MLH1,P43246:34:V>S,0,0.5772571
train-pg_dms__mlp__seed43,MLH1,P43246:34:V>C,0,0.26615646
train-pg_dms__mlp__seed43,MLH1,P43246:34:V>Q,0,0.6865801
train-pg_dms__mlp__seed43,MLH1,P43246:34:V>I,0,0.08443892
train-pg_dms__mlp__seed43,MLH1,P43246:34:V>F,0,0.1003954
train-pg_dms__mlp__seed43,MLH1,P43246:34:V>R,0,0.6828471
train-pg_dms__mlp__seed43,MLH1,P43246:34:V>E,0,0.6993121
train-pg_dms__mlp__seed43,MLH1,P43246:34:V>H,0,0.69600296
train-pg_dms__mlp__seed43,MLH1,P43246:34:V>K,0,0.7005738
train-pg_dms__mlp__seed43,MLH1,P43246:34:V>D,1,0.7063024
train-pg_dms__mlp__seed43,MLH1,P43246:34:V>A,0,0.19201061
train-pg_dms__mlp__seed43,MLH1,P43246:34:V>M,0,0.26188058
train-pg_dms__mlp__seed43,MLH1,P43246:34:V>N,0,0.6936636
train-pg_dms__mlp__seed43,MLH1,P43246:34:V>P,1,0.69183654
train-pg_dms__mlp__seed43,MLH1,P43246:38:D>I,0,0.29213074
train-pg_dms__mlp__seed43,MLH1,P43246:38:D>W,0,0.33656758
train-pg_dms__mlp__seed43,MLH1,P43246:38:D>V,0,0.20328367
train-pg_dms__mlp__seed43,MLH1,P43246:38:D>T,0,0.26404858
train-pg_dms__mlp__seed43,MLH1,P43246:38:D>S,0,0.10895437
train-pg_dms__mlp__seed43,MLH1,P43246:38:D>R,0,0.28485525
train-pg_dms__mlp__seed43,MLH1,P43246:38:D>Q,0,0.18147685
train-pg_dms__mlp__seed43,MLH1,P43246:38:D>P,0,0.36082664
train-pg_dms__mlp__seed43,MLH1,P43246:38:D>K,0,0.3272371
train-pg_dms__mlp__seed43,MLH1,P43246:38:D>L,0,0.22608775
train-pg_dms__mlp__seed43,MLH1,P43246:38:D>A,0,0.24043156
train-pg_dms__mlp__seed43,MLH1,P43246:38:D>E,0,0.16867243
train-pg_dms__mlp__seed43,MLH1,P43246:38:D>F,0,0.26898438
train-pg_dms__mlp__seed43,MLH1,P43246:38:D>G,0,0.18668889
train-pg_dms__mlp__seed43,MLH1,P43246:38:D>H,0,0.1773572
train-pg_dms__mlp__seed43,MLH1,P43246:38:D>N,0,0.110867955
train-pg_dms__mlp__seed43,MLH1,P43246:39:R>V,0,0.1869342
train-pg_dms__mlp__seed43,MLH1,P43246:39:R>C,1,0.17222883
train-pg_dms__mlp__seed43,MLH1,P43246:39:R>A,0,0.18913852
train-pg_dms__mlp__seed43,MLH1,P43246:39:R>Y,0,0.18094435
train-pg_dms__mlp__seed43,MLH1,P43246:39:R>T,1,0.18982862
train-pg_dms__mlp__seed43,MLH1,P43246:39:R>Q,0,0.2430661
train-pg_dms__mlp__seed43,MLH1,P43246:39:R>P,1,0.25398842
train-pg_dms__mlp__seed43,MLH1,P43246:39:R>N,0,0.18880214
train-pg_dms__mlp__seed43,MLH1,P43246:39:R>S,0,0.19024558
train-pg_dms__mlp__seed43,MLH1,P43246:39:R>L,0,0.24764085
train-pg_dms__mlp__seed43,MLH1,P43246:39:R>I,1,0.1879984
train-pg_dms__mlp__seed43,MLH1,P43246:39:R>H,0,0.1260116
train-pg_dms__mlp__seed43,MLH1,P43246:39:R>G,1,0.18094435
train-pg_dms__mlp__seed43,MLH1,P43246:39:R>F,0,0.18913852
train-pg_dms__mlp__seed43,MLH1,P43246:39:R>E,1,0.18371032
train-pg_dms__mlp__seed43,MLH1,P43246:39:R>M,0,0.19038492
train-pg_dms__mlp__seed43,MLH1,P43246:42:F>T,0,0.4371883
train-pg_dms__mlp__seed43,MLH1,P43246:42:F>S,0,0.41705045
train-pg_dms__mlp__seed43,MLH1,P43246:42:F>Q,0,0.5187397
train-pg_dms__mlp__seed43,MLH1,P43246:42:F>P,0,0.55581635
train-pg_dms__mlp__seed43,MLH1,P43246:42:F>N,0,0.44629428
train-pg_dms__mlp__seed43,MLH1,P43246:42:F>K,0,0.5432017
train-pg_dms__mlp__seed43,MLH1,P43246:42:F>L,0,0.54537046
train-pg_dms__mlp__seed43,MLH1,P43246:42:F>I,0,0.40823543
train-pg_dms__mlp__seed43,MLH1,P43246:42:F>H,0,0.38990942
train-pg_dms__mlp__seed43,MLH1,P43246:42:F>G,0,0.49462572
train-pg_dms__mlp__seed43,MLH1,P43246:42:F>E,0,0.5454097
train-pg_dms__mlp__seed43,MLH1,P43246:42:F>C,0,0.27016407
train-pg_dms__mlp__seed43,MLH1,P43246:42:F>A,0,0.48261365
train-pg_dms__mlp__seed43,MLH1,P43246:42:F>M,0,0.42132142
train-pg_dms__mlp__seed43,MLH1,P43246:42:F>D,0,0.531952
train-pg_dms__mlp__seed43,MLH1,P43246:42:F>R,0,0.51223207
train-pg_dms__mlp__seed43,MLH1,P43246:42:F>Y,0,0.07897202
train-pg_dms__mlp__seed43,MLH1,P43246:42:F>W,0,0.13397466
train-pg_dms__mlp__seed43,MLH1,P43246:42:F>V,0,0.23610196
train-pg_dms__mlp__seed43,MLH1,P43246:62:G>F,0,0.25475854
train-pg_dms__mlp__seed43,MLH1,P43246:62:G>D,1,0.23891316
train-pg_dms__mlp__seed43,MLH1,P43246:62:G>C,0,0.1583562
train-pg_dms__mlp__seed43,MLH1,P43246:62:G>A,0,0.09893957
train-pg_dms__mlp__seed43,MLH1,P43246:62:G>V,0,0.16188884
train-pg_dms__mlp__seed43,MLH1,P43246:62:G>S,0,0.085534655
train-pg_dms__mlp__seed43,MLH1,P43246:62:G>R,0,0.261918
train-pg_dms__mlp__seed43,MLH1,P43246:62:G>Q,0,0.23414233
train-pg_dms__mlp__seed43,MLH1,P43246:62:G>N,0,0.17262027
train-pg_dms__mlp__seed43,MLH1,P43246:62:G>M,0,0.22075544
train-pg_dms__mlp__seed43,MLH1,P43246:62:G>L,0,0.22243987
train-pg_dms__mlp__seed43,MLH1,P43246:62:G>K,0,0.27119374
train-pg_dms__mlp__seed43,MLH1,P43246:62:G>I,0,0.21558116
train-pg_dms__mlp__seed43,MLH1,P43246:62:G>H,0,0.25602126
train-pg_dms__mlp__seed43,MLH1,P43246:62:G>Y,0,0.2372374
train-pg_dms__mlp__seed43,MLH1,P43246:62:G>T,0,0.10641241
train-pg_dms__mlp__seed43,MLH1,P43246:62:G>P,0,0.27607256
train-pg_dms__mlp__seed43,MLH1,P43246:65:K>P,1,0.31132933
train-pg_dms__mlp__seed43,MLH1,P43246:65:K>A,0,0.29518703
train-pg_dms__mlp__seed43,MLH1,P43246:65:K>R,0,0.07614993
train-pg_dms__mlp__seed43,MLH1,P43246:65:K>S,0,0.29494733
train-pg_dms__mlp__seed43,MLH1,P43246:65:K>T,0,0.24776976
train-pg_dms__mlp__seed43,MLH1,P43246:65:K>V,0,0.2834506
train-pg_dms__mlp__seed43,MLH1,P43246:65:K>W,0,0.30879807
train-pg_dms__mlp__seed43,MLH1,P43246:65:K>M,0,0.44357443
train-pg_dms__mlp__seed43,MLH1,P43246:65:K>L,0,0.2775452
train-pg_dms__mlp__seed43,MLH1,P43246:65:K>I,0,0.30333477
train-pg_dms__mlp__seed43,MLH1,P43246:65:K>Q,0,0.17672971
train-pg_dms__mlp__seed43,MLH1,P43246:65:K>G,0,0.27331975
train-pg_dms__mlp__seed43,MLH1,P43246:65:K>F,0,0.3174086
train-pg_dms__mlp__seed43,MLH1,P43246:65:K>C,0,0.2862586
train-pg_dms__mlp__seed43,MLH1,P43246:65:K>H,0,0.16556136
train-pg_dms__mlp__seed43,MLH1,P43246:67:M>A,0,0.1393589
train-pg_dms__mlp__seed43,MLH1,P43246:67:M>K,0,0.19699153
train-pg_dms__mlp__seed43,MLH1,P43246:67:M>E,0,0.5665215
train-pg_dms__mlp__seed43,MLH1,P43246:67:M>F,0,0.08040158
train-pg_dms__mlp__seed43,MLH1,P43246:67:M>G,0,0.4216634
train-pg_dms__mlp__seed43,MLH1,P43246:67:M>I,0,0.07816534
train-pg_dms__mlp__seed43,MLH1,P43246:67:M>L,0,0.068704695
train-pg_dms__mlp__seed43,MLH1,P43246:67:M>N,0,0.47454533
train-pg_dms__mlp__seed43,MLH1,P43246:67:M>P,0,0.6434967
train-pg_dms__mlp__seed43,MLH1,P43246:67:M>D,0,0.7070457
train-pg_dms__mlp__seed43,MLH1,P43246:67:M>S,0,0.2284107
train-pg_dms__mlp__seed43,MLH1,P43246:67:M>V,0,0.06953664
train-pg_dms__mlp__seed43,MLH1,P43246:67:M>W,0,0.14738159
train-pg_dms__mlp__seed43,MLH1,P43246:67:M>Y,0,0.21235716
train-pg_dms__mlp__seed43,MLH1,P43246:67:M>T,0,0.10205917
train-pg_dms__mlp__seed43,MLH1,P43246:67:M>C,0,0.2726595
train-pg_dms__mlp__seed43,MLH1,P43246:74:N>V,0,0.068332404
train-pg_dms__mlp__seed43,MLH1,P43246:74:N>A,0,0.06762317
train-pg_dms__mlp__seed43,MLH1,P43246:74:N>C,0,0.06967863
train-pg_dms__mlp__seed43,MLH1,P43246:74:N>W,0,0.11694199
train-pg_dms__mlp__seed43,MLH1,P43246:74:N>T,0,0.08396229
train-pg_dms__mlp__seed43,MLH1,P43246:74:N>S,0,0.08349845
train-pg_dms__mlp__seed43,MLH1,P43246:74:N>R,0,0.0730942
train-pg_dms__mlp__seed43,MLH1,P43246:74:N>Q,0,0.069126844
train-pg_dms__mlp__seed43,MLH1,P43246:74:N>P,0,0.0690948
train-pg_dms__mlp__seed43,MLH1,P43246:74:N>M,0,0.07082957
train-pg_dms__mlp__seed43,MLH1,P43246:74:N>Y,0,0.09547793
train-pg_dms__mlp__seed43,MLH1,P43246:74:N>K,0,0.09677664
train-pg_dms__mlp__seed43,MLH1,P43246:74:N>I,0,0.06933743
train-pg_dms__mlp__seed43,MLH1,P43246:74:N>H,0,0.09430793
train-pg_dms__mlp__seed43,MLH1,P43246:74:N>G,0,0.06812932
train-pg_dms__mlp__seed43,MLH1,P43246:74:N>F,0,0.07965251
train-pg_dms__mlp__seed43,MLH1,P43246:74:N>E,0,0.07516054
train-pg_dms__mlp__seed43,MLH1,P43246:74:N>L,0,0.06930149
train-pg_dms__mlp__seed43,MLH1,P43246:74:N>D,0,0.08528478
train-pg_dms__mlp__seed43,MLH1,P43246:78:V>D,1,0.9233475
train-pg_dms__mlp__seed43,MLH1,P43246:78:V>E,0,0.92187417
train-pg_dms__mlp__seed43,MLH1,P43246:78:V>G,0,0.84947747
train-pg_dms__mlp__seed43,MLH1,P43246:78:V>H,0,0.9232813
train-pg_dms__mlp__seed43,MLH1,P43246:78:V>I,0,0.13134515
train-pg_dms__mlp__seed43,MLH1,P43246:78:V>K,0,0.92214537
train-pg_dms__mlp__seed43,MLH1,P43246:78:V>L,0,0.46938077
train-pg_dms__mlp__seed43,MLH1,P43246:78:V>N,0,0.9178112
train-pg_dms__mlp__seed43,MLH1,P43246:78:V>P,1,0.92281675
train-pg_dms__mlp__seed43,MLH1,P43246:78:V>Q,0,0.9202926
train-pg_dms__mlp__seed43,MLH1,P43246:78:V>S,0,0.8836167
train-pg_dms__mlp__seed43,MLH1,P43246:78:V>T,0,0.48620337
train-pg_dms__mlp__seed43,MLH1,P43246:78:V>W,0,0.9238025
train-pg_dms__mlp__seed43,MLH1,P43246:78:V>Y,1,0.9226166
train-pg_dms__mlp__seed43,MLH1,P43246:78:V>C,0,0.8098717
train-pg_dms__mlp__seed43,MLH1,P43246:78:V>M,0,0.68116325
train-pg_dms__mlp__seed43,MLH1,P43246:78:V>R,0,0.919593
train-pg_dms__mlp__seed43,MLH1,P43246:78:V>A,0,0.59380203
train-pg_dms__mlp__seed43,MLH1,P43246:80:L>C,0,0.8116319
train-pg_dms__mlp__seed43,MLH1,P43246:80:L>F,0,0.2249852
train-pg_dms__mlp__seed43,MLH1,P43246:80:L>A,0,0.8858298
train-pg_dms__mlp__seed43,MLH1,P43246:80:L>G,0,0.90210104
train-pg_dms__mlp__seed43,MLH1,P43246:80:L>I,0,0.09681971
train-pg_dms__mlp__seed43,MLH1,P43246:80:L>K,0,0.90339625
train-pg_dms__mlp__seed43,MLH1,P43246:80:L>M,0,0.09787712
train-pg_dms__mlp__seed43,MLH1,P43246:80:L>N,1,0.90359384
train-pg_dms__mlp__seed43,MLH1,P43246:80:L>P,1,0.90359384
train-pg_dms__mlp__seed43,MLH1,P43246:80:L>E,1,0.9041836
train-pg_dms__mlp__seed43,MLH1,P43246:80:L>R,1,0.90109134
train-pg_dms__mlp__seed43,MLH1,P43246:80:L>S,0,0.9024018
train-pg_dms__mlp__seed43,MLH1,P43246:80:L>T,0,0.8918584
train-pg_dms__mlp__seed43,MLH1,P43246:80:L>W,0,0.87025887
train-pg_dms__mlp__seed43,MLH1,P43246:80:L>Q,0,0.8989213
train-pg_dms__mlp__seed43,MLH1,P43246:81:S>Q,0,0.37006435
train-pg_dms__mlp__seed43,MLH1,P43246:81:S>P,0,0.36556128
train-pg_dms__mlp__seed43,MLH1,P43246:81:S>N,0,0.24858193
train-pg_dms__mlp__seed43,MLH1,P43246:81:S>M,0,0.32412973
train-pg_dms__mlp__seed43,MLH1,P43246:81:S>L,0,0.29459658
train-pg_dms__mlp__seed43,MLH1,P43246:81:S>K,0,0.40445438
train-pg_dms__mlp__seed43,MLH1,P43246:81:S>I,0,0.4478399
train-pg_dms__mlp__seed43,MLH1,P43246:81:S>F,0,0.39191043
train-pg_dms__mlp__seed43,MLH1,P43246:81:S>G,0,0.10203341
train-pg_dms__mlp__seed43,MLH1,P43246:81:S>C,0,0.15618855
train-pg_dms__mlp__seed43,MLH1,P43246:81:S>A,0,0.13841037
train-pg_dms__mlp__seed43,MLH1,P43246:81:S>T,0,0.19616166
train-pg_dms__mlp__seed43,MLH1,P43246:81:S>V,0,0.3674198
train-pg_dms__mlp__seed43,MLH1,P43246:81:S>R,0,0.49365392
train-pg_dms__mlp__seed43,MLH1,P43246:81:S>H,0,0.34393987
train-pg_dms__mlp__seed43,MLH1,P43246:81:S>W,0,0.38077676
train-pg_dms__mlp__seed43,MLH1,P43246:83:M>D,0,0.26602566
train-pg_dms__mlp__seed43,MLH1,P43246:83:M>C,0,0.19495745
train-pg_dms__mlp__seed43,MLH1,P43246:83:M>F,0,0.10550725
train-pg_dms__mlp__seed43,MLH1,P43246:83:M>G,0,0.10565859
train-pg_dms__mlp__seed43,MLH1,P43246:83:M>H,0,0.17252468
train-pg_dms__mlp__seed43,MLH1,P43246:83:M>K,0,0.16167158
train-pg_dms__mlp__seed43,MLH1,P43246:83:M>L,0,0.07753321
train-pg_dms__mlp__seed43,MLH1,P43246:83:M>A,0,0.09957152
train-pg_dms__mlp__seed43,MLH1,P43246:83:M>N,0,0.10200325
train-pg_dms__mlp__seed43,MLH1,P43246:83:M>P,0,0.16887082
train-pg_dms__mlp__seed43,MLH1,P43246:83:M>Q,0,0.10255617
train-pg_dms__mlp__seed43,MLH1,P43246:83:M>R,0,0.15940696
train-pg_dms__mlp__seed43,MLH1,P43246:83:M>S,0,0.09735176
train-pg_dms__mlp__seed43,MLH1,P43246:83:M>T,0,0.09967352
train-pg_dms__mlp__seed43,MLH1,P43246:83:M>V,0,0.07943317
train-pg_dms__mlp__seed43,MLH1,P43246:83:M>W,0,0.19971305
train-pg_dms__mlp__seed43,MLH1,P43246:83:M>Y,0,0.16563891
train-pg_dms__mlp__seed43,MLH1,P43246:85:F>K,0,0.72150975
train-pg_dms__mlp__seed43,MLH1,P43246:85:F>Y,0,0.10870467
train-pg_dms__mlp__seed43,MLH1,P43246:85:F>W,0,0.41482344
train-pg_dms__mlp__seed43,MLH1,P43246:85:F>V,0,0.18329944
train-pg_dms__mlp__seed43,MLH1,P43246:85:F>T,0,0.51546454
train-pg_dms__mlp__seed43,MLH1,P43246:85:F>S,0,0.6235536
train-pg_dms__mlp__seed43,MLH1,P43246:85:F>R,0,0.711954
train-pg_dms__mlp__seed43,MLH1,P43246:85:F>Q,0,0.7121637
train-pg_dms__mlp__seed43,MLH1,P43246:85:F>P,0,0.7250223
train-pg_dms__mlp__seed43,MLH1,P43246:85:F>N,0,0.71404475
train-pg_dms__mlp__seed43,MLH1,P43246:85:F>L,0,0.6800119
train-pg_dms__mlp__seed43,MLH1,P43246:85:F>I,0,0.41793856
train-pg_dms__mlp__seed43,MLH1,P43246:85:F>H,0,0.6870572
train-pg_dms__mlp__seed43,MLH1,P43246:85:F>G,0,0.6446034
train-pg_dms__mlp__seed43,MLH1,P43246:85:F>E,0,0.72296065
train-pg_dms__mlp__seed43,MLH1,P43246:85:F>C,0,0.14868446
train-pg_dms__mlp__seed43,MLH1,P43246:85:F>A,0,0.39003474
train-pg_dms__mlp__seed43,MLH1,P43246:85:F>M,0,0.33735004
train-pg_dms__mlp__seed43,MLH1,P43246:92:L>D,0,0.5663608
train-pg_dms__mlp__seed43,MLH1,P43246:92:L>C,0,0.13786806
train-pg_dms__mlp__seed43,MLH1,P43246:92:L>E,0,0.553025
train-pg_dms__mlp__seed43,MLH1,P43246:92:L>A,0,0.16071384
train-pg_dms__mlp__seed43,MLH1,P43246:92:L>W,0,0.5330715
train-pg_dms__mlp__seed43,MLH1,P43246:92:L>V,0,0.13451992
train-pg_dms__mlp__seed43,MLH1,P43246:92:L>S,0,0.42363507
train-pg_dms__mlp__seed43,MLH1,P43246:92:L>R,0,0.5345411
train-pg_dms__mlp__seed43,MLH1,P43246:92:L>T,0,0.2354643
train-pg_dms__mlp__seed43,MLH1,P43246:92:L>N,0,0.5330715
train-pg_dms__mlp__seed43,MLH1,P43246:92:L>M,0,0.096857846
train-pg_dms__mlp__seed43,MLH1,P43246:92:L>K,0,0.55493665
train-pg_dms__mlp__seed43,MLH1,P43246:92:L>H,0,0.5584977
train-pg_dms__mlp__seed43,MLH1,P43246:92:L>G,0,0.5019058
train-pg_dms__mlp__seed43,MLH1,P43246:92:L>Q,0,0.4892429
train-pg_dms__mlp__seed43,MLH1,P43246:93:L>P,0,0.91825664
train-pg_dms__mlp__seed43,MLH1,P43246:93:L>W,0,0.91825664
train-pg_dms__mlp__seed43,MLH1,P43246:93:L>S,0,0.91772544
train-pg_dms__mlp__seed43,MLH1,P43246:93:L>R,1,0.9170999
train-pg_dms__mlp__seed43,MLH1,P43246:93:L>N,1,0.9186084
train-pg_dms__mlp__seed43,MLH1,P43246:93:L>T,0,0.90509826
train-pg_dms__mlp__seed43,MLH1,P43246:93:L>K,1,0.91869605
train-pg_dms__mlp__seed43,MLH1,P43246:93:L>I,0,0.10893368
train-pg_dms__mlp__seed43,MLH1,P43246:93:L>H,0,0.91834486
train-pg_dms__mlp__seed43,MLH1,P43246:93:L>G,0,0.9175473
train-pg_dms__mlp__seed43,MLH1,P43246:93:L>A,0,0.9019345
train-pg_dms__mlp__seed43,MLH1,P43246:93:L>E,0,0.91904527
train-pg_dms__mlp__seed43,MLH1,P43246:93:L>C,0,0.88836914
train-pg_dms__mlp__seed43,MLH1,P43246:93:L>M,0,0.38065317
train-pg_dms__mlp__seed43,MLH1,P43246:107:A>C,0,0.045317344
train-pg_dms__mlp__seed43,MLH1,P43246:107:A>T,0,0.04435007
train-pg_dms__mlp__seed43,MLH1,P43246:107:A>Y,0,0.047741152
train-pg_dms__mlp__seed43,MLH1,P43246:107:A>S,0,0.04433882
train-pg_dms__mlp__seed43,MLH1,P43246:107:A>R,0,0.07138875
train-pg_dms__mlp__seed43,MLH1,P43246:107:A>Q,0,0.04540897
train-pg_dms__mlp__seed43,MLH1,P43246:107:A>N,0,0.04434499
train-pg_dms__mlp__seed43,MLH1,P43246:107:A>M,0,0.04431674
train-pg_dms__mlp__seed43,MLH1,P43246:107:A>P,0,0.07660445
train-pg_dms__mlp__seed43,MLH1,P43246:107:A>K,0,0.0718096
train-pg_dms__mlp__seed43,MLH1,P43246:107:A>I,0,0.044333223
train-pg_dms__mlp__seed43,MLH1,P43246:107:A>H,0,0.04942899
train-pg_dms__mlp__seed43,MLH1,P43246:107:A>G,0,0.06658
train-pg_dms__mlp__seed43,MLH1,P43246:107:A>E,0,0.05302985
train-pg_dms__mlp__seed43,MLH1,P43246:107:A>L,0,0.04427977
train-pg_dms__mlp__seed43,MLH1,P43246:108:G>K,0,0.18930674
train-pg_dms__mlp__seed43,MLH1,P43246:108:G>D,0,0.11800127
train-pg_dms__mlp__seed43,MLH1,P43246:108:G>F,0,0.1032799
train-pg_dms__mlp__seed43,MLH1,P43246:108:G>I,0,0.055589728
train-pg_dms__mlp__seed43,MLH1,P43246:108:G>L,0,0.06122685
train-pg_dms__mlp__seed43,MLH1,P43246:108:G>S,0,0.050922472
train-pg_dms__mlp__seed43,MLH1,P43246:108:G>P,0,0.085890226
train-pg_dms__mlp__seed43,MLH1,P43246:108:G>Q,0,0.080414124
train-pg_dms__mlp__seed43,MLH1,P43246:108:G>R,0,0.15553145
train-pg_dms__mlp__seed43,MLH1,P43246:108:G>T,0,0.051616486
train-pg_dms__mlp__seed43,MLH1,P43246:108:G>C,0,0.055361573
train-pg_dms__mlp__seed43,MLH1,P43246:108:G>M,0,0.0645227
train-pg_dms__mlp__seed43,MLH1,P43246:108:G>A,0,0.06410308
train-pg_dms__mlp__seed43,MLH1,P43246:108:G>W,0,0.11076237
train-pg_dms__mlp__seed43,MLH1,P43246:108:G>V,0,0.05234723
train-pg_dms__mlp__seed43,MLH1,P43246:110:K>D,1,0.14816475
train-pg_dms__mlp__seed43,MLH1,P43246:110:K>Q,0,0.08260702
train-pg_dms__mlp__seed43,MLH1,P43246:110:K>P,0,0.074864276
train-pg_dms__mlp__seed43,MLH1,P43246:110:K>S,0,0.08150679
train-pg_dms__mlp__seed43,MLH1,P43246:110:K>N,0,0.10879019
train-pg_dms__mlp__seed43,MLH1,P43246:110:K>M,0,0.08047323
train-pg_dms__mlp__seed43,MLH1,P43246:110:K>L,0,0.08056022
train-pg_dms__mlp__seed43,MLH1,P43246:110:K>I,0,0.0963633
train-pg_dms__mlp__seed43,MLH1,P43246:110:K>H,0,0.057759892
train-pg_dms__mlp__seed43,MLH1,P43246:110:K>F,0,0.19583045
train-pg_dms__mlp__seed43,MLH1,P43246:110:K>E,1,0.1330242
train-pg_dms__mlp__seed43,MLH1,P43246:110:K>W,0,0.18022746
train-pg_dms__mlp__seed43,MLH1,P43246:110:K>V,0,0.07589201
train-pg_dms__mlp__seed43,MLH1,P43246:110:K>T,1,0.056521986
train-pg_dms__mlp__seed43,MLH1,P43246:110:K>Y,0,0.14478208
train-pg_dms__mlp__seed43,MLH1,P43246:110:K>R,0,0.044560865
train-pg_dms__mlp__seed43,MLH1,P43246:110:K>G,0,0.059078604
train-pg_dms__mlp__seed43,MLH1,P43246:110:K>A,0,0.06573185
train-pg_dms__mlp__seed43,MLH1,P43246:125:P>A,0,0.35736978
train-pg_dms__mlp__seed43,MLH1,P43246:125:P>E,1,0.8778244
train-pg_dms__mlp__seed43,MLH1,P43246:125:P>G,0,0.86342674
train-pg_dms__mlp__seed43,MLH1,P43246:125:P>R,1,0.84349537
train-pg_dms__mlp__seed43,MLH1,P43246:125:P>S,0,0.6145407
train-pg_dms__mlp__seed43,MLH1,P43246:125:P>V,0,0.76259446
train-pg_dms__mlp__seed43,MLH1,P43246:125:P>W,0,0.88015735
train-pg_dms__mlp__seed43,MLH1,P43246:125:P>C,0,0.8664683
train-pg_dms__mlp__seed43,MLH1,P43246:125:P>I,0,0.84947854
train-pg_dms__mlp__seed43,MLH1,P43246:125:P>H,1,0.7037203
train-pg_dms__mlp__seed43,MLH1,P43246:125:P>M,0,0.86744654
train-pg_dms__mlp__seed43,MLH1,P43246:134:I>A,0,0.058589734
train-pg_dms__mlp__seed43,MLH1,P43246:134:I>C,0,0.06980233
train-pg_dms__mlp__seed43,MLH1,P43246:134:I>D,0,0.12629217
train-pg_dms__mlp__seed43,MLH1,P43246:134:I>F,0,0.054044444
train-pg_dms__mlp__seed43,MLH1,P43246:134:I>G,0,0.092334874
train-pg_dms__mlp__seed43,MLH1,P43246:134:I>Q,0,0.07628606
train-pg_dms__mlp__seed43,MLH1,P43246:134:I>N,0,0.061535675
train-pg_dms__mlp__seed43,MLH1,P43246:134:I>S,0,0.059752457
train-pg_dms__mlp__seed43,MLH1,P43246:134:I>P,0,0.16291124
train-pg_dms__mlp__seed43,MLH1,P43246:134:I>W,1,0.109822914
train-pg_dms__mlp__seed43,MLH1,P43246:134:I>K,0,0.09449819
train-pg_dms__mlp__seed43,MLH1,P43246:134:I>Y,0,0.067665055
train-pg_dms__mlp__seed43,MLH1,P43246:134:I>V,0,0.072733365
train-pg_dms__mlp__seed43,MLH1,P43246:134:I>H,0,0.07860051
train-pg_dms__mlp__seed43,MLH1,P43246:134:I>R,0,0.0837738
train-pg_dms__mlp__seed43,MLH1,P43246:134:I>T,0,0.08703685
train-pg_dms__mlp__seed43,MLH1,P43246:134:I>L,0,0.076202914
train-pg_dms__mlp__seed43,MLH1,P43246:135:L>V,0,0.10596127
train-pg_dms__mlp__seed43,MLH1,P43246:135:L>T,0,0.35586005
train-pg_dms__mlp__seed43,MLH1,P43246:135:L>S,0,0.48004094
train-pg_dms__mlp__seed43,MLH1,P43246:135:L>R,0,0.4641986
train-pg_dms__mlp__seed43,MLH1,P43246:135:L>Q,0,0.46690735
train-pg_dms__mlp__seed43,MLH1,P43246:135:L>P,0,0.47007158
train-pg_dms__mlp__seed43,MLH1,P43246:135:L>N,0,0.49825257
train-pg_dms__mlp__seed43,MLH1,P43246:135:L>H,0,0.48549208
train-pg_dms__mlp__seed43,MLH1,P43246:135:L>I,0,0.050679997
train-pg_dms__mlp__seed43,MLH1,P43246:135:L>W,0,0.43932185
train-pg_dms__mlp__seed43,MLH1,P43246:135:L>Y,0,0.46555254
train-pg_dms__mlp__seed43,MLH1,P43246:135:L>G,0,0.49277845
train-pg_dms__mlp__seed43,MLH1,P43246:135:L>M,0,0.054810774
train-pg_dms__mlp__seed43,MLH1,P43246:135:L>D,0,0.5161121
train-pg_dms__mlp__seed43,MLH1,P43246:135:L>E,0,0.5064701
train-pg_dms__mlp__seed43,MLH1,P43246:135:L>F,0,0.23704194
train-pg_dms__mlp__seed43,MLH1,P43246:135:L>K,0,0.5032737
train-pg_dms__mlp__seed43,MLH1,P43246:135:L>A,0,0.31359756
train-pg_dms__mlp__seed43,MLH1,P43246:135:L>C,0,0.34628847
train-pg_dms__mlp__seed43,MLH1,P43246:140:D>C,0,0.26617694
train-pg_dms__mlp__seed43,MLH1,P43246:140:D>T,0,0.074844845
train-pg_dms__mlp__seed43,MLH1,P43246:140:D>S,0,0.06292935
train-pg_dms__mlp__seed43,MLH1,P43246:140:D>W,0,0.503744
train-pg_dms__mlp__seed43,MLH1,P43246:140:D>R,0,0.24010527
train-pg_dms__mlp__seed43,MLH1,P43246:140:D>Q,0,0.11240296
train-pg_dms__mlp__seed43,MLH1,P43246:140:D>N,0,0.06214345
train-pg_dms__mlp__seed43,MLH1,P43246:140:D>M,0,0.26210114
train-pg_dms__mlp__seed43,MLH1,P43246:140:D>L,0,0.14748138
train-pg_dms__mlp__seed43,MLH1,P43246:140:D>K,0,0.2540106
train-pg_dms__mlp__seed43,MLH1,P43246:140:D>I,0,0.13886236
train-pg_dms__mlp__seed43,MLH1,P43246:140:D>E,0,0.060327906
train-pg_dms__mlp__seed43,MLH1,P43246:140:D>P,0,0.30246794
train-pg_dms__mlp__seed43,MLH1,P43246:140:D>H,0,0.13606359
train-pg_dms__mlp__seed43,MLH1,P43246:140:D>F,0,0.28979003
train-pg_dms__mlp__seed43,MLH1,P43246:140:D>Y,0,0.10269881
train-pg_dms__mlp__seed43,MLH1,P43246:140:D>G,0,0.0753037
train-pg_dms__mlp__seed43,MLH1,P43246:142:S>R,0,0.17934576
train-pg_dms__mlp__seed43,MLH1,P43246:142:S>D,0,0.08261271
train-pg_dms__mlp__seed43,MLH1,P43246:142:S>W,0,0.078793555
train-pg_dms__mlp__seed43,MLH1,P43246:142:S>V,0,0.053776708
train-pg_dms__mlp__seed43,MLH1,P43246:142:S>T,0,0.052018598
train-pg_dms__mlp__seed43,MLH1,P43246:142:S>E,0,0.0902464
train-pg_dms__mlp__seed43,MLH1,P43246:142:S>F,0,0.05826873
train-pg_dms__mlp__seed43,MLH1,P43246:142:S>G,0,0.052122172
train-pg_dms__mlp__seed43,MLH1,P43246:142:S>I,0,0.055279166
train-pg_dms__mlp__seed43,MLH1,P43246:142:S>K,0,0.20454974
train-pg_dms__mlp__seed43,MLH1,P43246:142:S>L,0,0.052869942
train-pg_dms__mlp__seed43,MLH1,P43246:142:S>M,0,0.05448938
train-pg_dms__mlp__seed43,MLH1,P43246:142:S>N,0,0.053833053
train-pg_dms__mlp__seed43,MLH1,P43246:142:S>P,0,0.05467282
train-pg_dms__mlp__seed43,MLH1,P43246:142:S>Q,0,0.08247893
train-pg_dms__mlp__seed43,MLH1,P43246:142:S>C,0,0.053060748
train-pg_dms__mlp__seed43,MLH1,P43246:142:S>H,0,0.07359092
train-pg_dms__mlp__seed43,MLH1,P43246:146:G>Q,0,0.5504262
train-pg_dms__mlp__seed43,MLH1,P43246:146:G>R,0,0.64560926
train-pg_dms__mlp__seed43,MLH1,P43246:146:G>Y,0,0.57320124
train-pg_dms__mlp__seed43,MLH1,P43246:146:G>S,0,0.10411101
train-pg_dms__mlp__seed43,MLH1,P43246:146:G>T,0,0.06963024
train-pg_dms__mlp__seed43,MLH1,P43246:146:G>N,0,0.29986447
train-pg_dms__mlp__seed43,MLH1,P43246:146:G>M,0,0.2680618
train-pg_dms__mlp__seed43,MLH1,P43246:146:G>L,0,0.23341478
train-pg_dms__mlp__seed43,MLH1,P43246:146:G>K,0,0.8673518
train-pg_dms__mlp__seed43,MLH1,P43246:146:G>I,0,0.10622014
train-pg_dms__mlp__seed43,MLH1,P43246:146:G>P,0,0.7718538
train-pg_dms__mlp__seed43,MLH1,P43246:146:G>W,0,0.49369648
train-pg_dms__mlp__seed43,MLH1,P43246:146:G>V,0,0.15762207
train-pg_dms__mlp__seed43,MLH1,P43246:146:G>E,0,0.6140627
train-pg_dms__mlp__seed43,MLH1,P43246:146:G>A,0,0.06411261
train-pg_dms__mlp__seed43,MLH1,P43246:146:G>C,0,0.069467366
train-pg_dms__mlp__seed43,MLH1,P43246:146:G>D,0,0.7232753
train-pg_dms__mlp__seed43,MLH1,P43246:146:G>F,0,0.5905193
train-pg_dms__mlp__seed43,MLH1,P43246:146:G>H,0,0.7299945
train-pg_dms__mlp__seed43,MLH1,P43246:147:V>I,0,0.12177748
train-pg_dms__mlp__seed43,MLH1,P43246:147:V>H,1,0.9812227
train-pg_dms__mlp__seed43,MLH1,P43246:147:V>M,1,0.13375382
train-pg_dms__mlp__seed43,MLH1,P43246:147:V>F,0,0.6537599
train-pg_dms__mlp__seed43,MLH1,P43246:147:V>E,1,0.97884107
train-pg_dms__mlp__seed43,MLH1,P43246:147:V>D,1,0.9804314
train-pg_dms__mlp__seed43,MLH1,P43246:147:V>C,0,0.9653255
train-pg_dms__mlp__seed43,MLH1,P43246:147:V>A,0,0.16748953
train-pg_dms__mlp__seed43,MLH1,P43246:147:V>G,0,0.44965023
train-pg_dms__mlp__seed43,MLH1,P43246:147:V>W,1,0.98148674
train-pg_dms__mlp__seed43,MLH1,P43246:147:V>T,0,0.20328245
train-pg_dms__mlp__seed43,MLH1,P43246:147:V>S,0,0.53389084
train-pg_dms__mlp__seed43,MLH1,P43246:147:V>R,1,0.9796932
train-pg_dms__mlp__seed43,MLH1,P43246:147:V>P,0,0.9804406
train-pg_dms__mlp__seed43,MLH1,P43246:147:V>N,0,0.9687384
train-pg_dms__mlp__seed43,MLH1,P43246:147:V>K,1,0.98055035
train-pg_dms__mlp__seed43,MLH1,P43246:147:V>L,0,0.21260144
train-pg_dms__mlp__seed43,MLH1,P43246:158:Q>C,0,0.09917216
train-pg_dms__mlp__seed43,MLH1,P43246:158:Q>A,0,0.07349634
train-pg_dms__mlp__seed43,MLH1,P43246:158:Q>H,0,0.07334738
train-pg_dms__mlp__seed43,MLH1,P43246:158:Q>W,0,0.10174363
train-pg_dms__mlp__seed43,MLH1,P43246:158:Q>D,0,0.0887294
train-pg_dms__mlp__seed43,MLH1,P43246:158:Q>I,0,0.07481622
train-pg_dms__mlp__seed43,MLH1,P43246:158:Q>Y,0,0.083290085
train-pg_dms__mlp__seed43,MLH1,P43246:158:Q>K,0,0.070652165
train-pg_dms__mlp__seed43,MLH1,P43246:158:Q>P,0,0.080707036
train-pg_dms__mlp__seed43,MLH1,P43246:158:Q>E,0,0.08796694
train-pg_dms__mlp__seed43,MLH1,P43246:158:Q>F,0,0.105142474
train-pg_dms__mlp__seed43,MLH1,P43246:158:Q>G,0,0.073947705
train-pg_dms__mlp__seed43,MLH1,P43246:158:Q>L,0,0.07072796
train-pg_dms__mlp__seed43,MLH1,P43246:158:Q>M,0,0.076239906
train-pg_dms__mlp__seed43,MLH1,P43246:158:Q>S,0,0.07344163
train-pg_dms__mlp__seed43,MLH1,P43246:158:Q>T,0,0.07278468
train-pg_dms__mlp__seed43,MLH1,P43246:158:Q>V,0,0.072361335
train-pg_dms__mlp__seed43,MLH1,P43246:181:N>Q,0,0.24722435
train-pg_dms__mlp__seed43,MLH1,P43246:181:N>M,0,0.15253296
train-pg_dms__mlp__seed43,MLH1,P43246:181:N>L,0,0.11027641
train-pg_dms__mlp__seed43,MLH1,P43246:181:N>A,0,0.10043735
train-pg_dms__mlp__seed43,MLH1,P43246:181:N>C,0,0.089862764
train-pg_dms__mlp__seed43,MLH1,P43246:181:N>D,0,0.10341932
train-pg_dms__mlp__seed43,MLH1,P43246:181:N>I,0,0.15884075
train-pg_dms__mlp__seed43,MLH1,P43246:181:N>E,0,0.28426346
train-pg_dms__mlp__seed43,MLH1,P43246:181:N>F,0,0.3872631
train-pg_dms__mlp__seed43,MLH1,P43246:181:N>R,0,0.33866468
train-pg_dms__mlp__seed43,MLH1,P43246:181:N>S,0,0.0703454
train-pg_dms__mlp__seed43,MLH1,P43246:181:N>T,0,0.072294906
train-pg_dms__mlp__seed43,MLH1,P43246:181:N>V,0,0.11793257
train-pg_dms__mlp__seed43,MLH1,P43246:181:N>W,0,0.52994287
train-pg_dms__mlp__seed43,MLH1,P43246:181:N>Y,0,0.11885229
train-pg_dms__mlp__seed43,MLH1,P43246:181:N>G,0,0.080198474
train-pg_dms__mlp__seed43,MLH1,P43246:181:N>P,0,0.39733714
train-pg_dms__mlp__seed43,MLH1,P43246:183:Q>R,0,0.09809318
train-pg_dms__mlp__seed43,MLH1,P43246:183:Q>W,0,0.086479455
train-pg_dms__mlp__seed43,MLH1,P43246:183:Q>V,0,0.06488707
train-pg_dms__mlp__seed43,MLH1,P43246:183:Q>T,0,0.06451451
train-pg_dms__mlp__seed43,MLH1,P43246:183:Q>S,0,0.06477202
train-pg_dms__mlp__seed43,MLH1,P43246:183:Q>P,0,0.0709156
train-pg_dms__mlp__seed43,MLH1,P43246:183:Q>A,0,0.06472965
train-pg_dms__mlp__seed43,MLH1,P43246:183:Q>M,0,0.06588011
train-pg_dms__mlp__seed43,MLH1,P43246:183:Q>N,0,0.06522179
train-pg_dms__mlp__seed43,MLH1,P43246:183:Q>Y,0,0.06967044
train-pg_dms__mlp__seed43,MLH1,P43246:183:Q>D,0,0.07452772
train-pg_dms__mlp__seed43,MLH1,P43246:183:Q>E,0,0.0935313
train-pg_dms__mlp__seed43,MLH1,P43246:183:Q>F,0,0.075860344
train-pg_dms__mlp__seed43,MLH1,P43246:183:Q>C,0,0.07667236
train-pg_dms__mlp__seed43,MLH1,P43246:183:Q>H,0,0.06509337
train-pg_dms__mlp__seed43,MLH1,P43246:183:Q>I,0,0.0660341
train-pg_dms__mlp__seed43,MLH1,P43246:183:Q>K,0,0.105746396
train-pg_dms__mlp__seed43,MLH1,P43246:183:Q>L,0,0.0639728
train-pg_dms__mlp__seed43,MLH1,P43246:183:Q>G,0,0.06619329
train-pg_dms__mlp__seed43,MLH1,P43246:187:L>K,1,0.81061393
train-pg_dms__mlp__seed43,MLH1,P43246:187:L>M,0,0.09695871
train-pg_dms__mlp__seed43,MLH1,P43246:187:L>N,1,0.8032691
train-pg_dms__mlp__seed43,MLH1,P43246:187:L>A,0,0.16616541
train-pg_dms__mlp__seed43,MLH1,P43246:187:L>Q,1,0.7051808
train-pg_dms__mlp__seed43,MLH1,P43246:187:L>S,0,0.5203845
train-pg_dms__mlp__seed43,MLH1,P43246:187:L>T,0,0.112758934
train-pg_dms__mlp__seed43,MLH1,P43246:187:L>V,0,0.12479942
train-pg_dms__mlp__seed43,MLH1,P43246:187:L>W,0,0.38457757
train-pg_dms__mlp__seed43,MLH1,P43246:187:L>G,1,0.6278989
train-pg_dms__mlp__seed43,MLH1,P43246:187:L>E,1,0.805188
train-pg_dms__mlp__seed43,MLH1,P43246:187:L>D,1,0.8245772
train-pg_dms__mlp__seed43,MLH1,P43246:187:L>C,0,0.25141782
train-pg_dms__mlp__seed43,MLH1,P43246:187:L>H,1,0.7596576
train-pg_dms__mlp__seed43,MLH1,P43246:188:E>T,0,0.5254088
train-pg_dms__mlp__seed43,MLH1,P43246:188:E>I,1,0.6480939
train-pg_dms__mlp__seed43,MLH1,P43246:188:E>H,0,0.65727013
train-pg_dms__mlp__seed43,MLH1,P43246:188:E>G,0,0.29591742
train-pg_dms__mlp__seed43,MLH1,P43246:188:E>F,0,0.6877076
train-pg_dms__mlp__seed43,MLH1,P43246:188:E>K,0,0.56227
train-pg_dms__mlp__seed43,MLH1,P43246:188:E>S,0,0.35336572
train-pg_dms__mlp__seed43,MLH1,P43246:188:E>D,0,0.26144958
train-pg_dms__mlp__seed43,MLH1,P43246:188:E>R,0,0.56808865
train-pg_dms__mlp__seed43,MLH1,P43246:188:E>V,0,0.5396639
train-pg_dms__mlp__seed43,MLH1,P43246:188:E>W,0,0.69401824
train-pg_dms__mlp__seed43,MLH1,P43246:188:E>M,0,0.6424849
train-pg_dms__mlp__seed43,MLH1,P43246:188:E>N,0,0.59107524
train-pg_dms__mlp__seed43,MLH1,P43246:188:E>P,1,0.686704
train-pg_dms__mlp__seed43,MLH1,P43246:188:E>A,0,0.29919583
train-pg_dms__mlp__seed43,MLH1,P43246:188:E>Y,1,0.6786047
train-pg_dms__mlp__seed43,MLH1,P43246:188:E>L,0,0.6306105
train-pg_dms__mlp__seed43,MLH1,P43246:190:L>W,1,0.19700761
train-pg_dms__mlp__seed43,MLH1,P43246:190:L>M,0,0.092264965
train-pg_dms__mlp__seed43,MLH1,P43246:190:L>H,0,0.46627453
train-pg_dms__mlp__seed43,MLH1,P43246:190:L>P,1,0.84992933
train-pg_dms__mlp__seed43,MLH1,P43246:190:L>Q,1,0.3425604
train-pg_dms__mlp__seed43,MLH1,P43246:190:L>R,0,0.67368376
train-pg_dms__mlp__seed43,MLH1,P43246:190:L>S,0,0.30891857
train-pg_dms__mlp__seed43,MLH1,P43246:190:L>T,0,0.15277906
train-pg_dms__mlp__seed43,MLH1,P43246:190:L>V,0,0.12743254
train-pg_dms__mlp__seed43,MLH1,P43246:190:L>G,0,0.5684207
train-pg_dms__mlp__seed43,MLH1,P43246:190:L>E,1,0.7944365
train-pg_dms__mlp__seed43,MLH1,P43246:190:L>I,0,0.0930636
train-pg_dms__mlp__seed43,MLH1,P43246:190:L>K,0,0.7876405
train-pg_dms__mlp__seed43,MLH1,P43246:190:L>A,0,0.13437273
train-pg_dms__mlp__seed43,MLH1,P43246:190:L>C,0,0.14839765
train-pg_dms__mlp__seed43,MLH1,P43246:190:L>D,1,0.85654336
train-pg_dms__mlp__seed43,MLH1,P43246:191:L>T,0,0.23016146
train-pg_dms__mlp__seed43,MLH1,P43246:191:L>S,0,0.48270357
train-pg_dms__mlp__seed43,MLH1,P43246:191:L>W,1,0.26068896
train-pg_dms__mlp__seed43,MLH1,P43246:191:L>Y,1,0.43113077
train-pg_dms__mlp__seed43,MLH1,P43246:191:L>R,1,0.73629194
train-pg_dms__mlp__seed43,MLH1,P43246:191:L>Q,0,0.52772576
train-pg_dms__mlp__seed43,MLH1,P43246:191:L>E,1,0.7830181
train-pg_dms__mlp__seed43,MLH1,P43246:191:L>F,0,0.10344205
train-pg_dms__mlp__seed43,MLH1,P43246:191:L>G,1,0.6629644
train-pg_dms__mlp__seed43,MLH1,P43246:191:L>H,1,0.6400202
train-pg_dms__mlp__seed43,MLH1,P43246:191:L>I,0,0.09727512
train-pg_dms__mlp__seed43,MLH1,P43246:191:L>M,1,0.09712175
train-pg_dms__mlp__seed43,MLH1,P43246:191:L>K,1,0.78766435
train-pg_dms__mlp__seed43,MLH1,P43246:191:L>D,1,0.8195138
train-pg_dms__mlp__seed43,MLH1,P43246:191:L>A,0,0.25483468
train-pg_dms__mlp__seed43,MLH1,P43246:199:C>W,1,0.9659819
train-pg_dms__mlp__seed43,MLH1,P43246:199:C>L,0,0.37430114
train-pg_dms__mlp__seed43,MLH1,P43246:199:C>V,0,0.11146642
train-pg_dms__mlp__seed43,MLH1,P43246:199:C>S,0,0.7847767
train-pg_dms__mlp__seed43,MLH1,P43246:199:C>T,0,0.82743824
train-pg_dms__mlp__seed43,MLH1,P43246:199:C>N,1,0.9673371
train-pg_dms__mlp__seed43,MLH1,P43246:199:C>P,1,0.9687778
train-pg_dms__mlp__seed43,MLH1,P43246:199:C>Q,1,0.9685532
train-pg_dms__mlp__seed43,MLH1,P43246:199:C>A,0,0.25168946
train-pg_dms__mlp__seed43,MLH1,P43246:199:C>D,1,0.96868825
train-pg_dms__mlp__seed43,MLH1,P43246:199:C>M,0,0.80698544
train-pg_dms__mlp__seed43,MLH1,P43246:199:C>G,0,0.22747889
train-pg_dms__mlp__seed43,MLH1,P43246:199:C>H,1,0.9683943
train-pg_dms__mlp__seed43,MLH1,P43246:199:C>I,0,0.19410229
train-pg_dms__mlp__seed43,MLH1,P43246:199:C>K,1,0.9688668
train-pg_dms__mlp__seed43,MLH1,P43246:199:C>E,1,0.9687778
train-pg_dms__mlp__seed43,MLH1,P43246:203:G>D,0,0.08778954
train-pg_dms__mlp__seed43,MLH1,P43246:203:G>F,0,0.08250966
train-pg_dms__mlp__seed43,MLH1,P43246:203:G>R,0,0.1556707
train-pg_dms__mlp__seed43,MLH1,P43246:203:G>Y,0,0.0816728
train-pg_dms__mlp__seed43,MLH1,P43246:203:G>W,0,0.083257526
train-pg_dms__mlp__seed43,MLH1,P43246:203:G>V,0,0.07315253
train-pg_dms__mlp__seed43,MLH1,P43246:203:G>T,0,0.073274925
train-pg_dms__mlp__seed43,MLH1,P43246:203:G>S,0,0.07317285
train-pg_dms__mlp__seed43,MLH1,P43246:203:G>C,0,0.07406886
train-pg_dms__mlp__seed43,MLH1,P43246:203:G>Q,0,0.08177189
train-pg_dms__mlp__seed43,MLH1,P43246:203:G>A,0,0.090949625
train-pg_dms__mlp__seed43,MLH1,P43246:203:G>N,0,0.07771652
train-pg_dms__mlp__seed43,MLH1,P43246:203:G>M,0,0.076859966
train-pg_dms__mlp__seed43,MLH1,P43246:203:G>L,0,0.075696535
train-pg_dms__mlp__seed43,MLH1,P43246:203:G>K,0,0.10197563
train-pg_dms__mlp__seed43,MLH1,P43246:203:G>I,0,0.07412301
train-pg_dms__mlp__seed43,MLH1,P43246:203:G>H,0,0.08600704
train-pg_dms__mlp__seed43,MLH1,P43246:203:G>P,0,0.095102385
train-pg_dms__mlp__seed43,MLH1,P43246:205:E>N,0,0.068312794
train-pg_dms__mlp__seed43,MLH1,P43246:205:E>W,0,0.33176216
train-pg_dms__mlp__seed43,MLH1,P43246:205:E>M,0,0.11874666
train-pg_dms__mlp__seed43,MLH1,P43246:205:E>T,0,0.07264014
train-pg_dms__mlp__seed43,MLH1,P43246:205:E>L,0,0.09393135
train-pg_dms__mlp__seed43,MLH1,P43246:205:E>V,0,0.072276965
train-pg_dms__mlp__seed43,MLH1,P43246:205:E>I,0,0.08585696
train-pg_dms__mlp__seed43,MLH1,P43246:205:E>G,1,0.0654191
train-pg_dms__mlp__seed43,MLH1,P43246:205:E>F,0,0.20060948
train-pg_dms__mlp__seed43,MLH1,P43246:205:E>K,0,0.08440652
train-pg_dms__mlp__seed43,MLH1,P43246:205:E>A,0,0.07004503
train-pg_dms__mlp__seed43,MLH1,P43246:205:E>C,0,0.25276896
train-pg_dms__mlp__seed43,MLH1,P43246:205:E>R,0,0.10504899
train-pg_dms__mlp__seed43,MLH1,P43246:205:E>S,0,0.067890964
train-pg_dms__mlp__seed43,MLH1,P43246:205:E>Y,0,0.1489519
train-pg_dms__mlp__seed43,MLH1,P43246:205:E>Q,0,0.10938907
train-pg_dms__mlp__seed43,MLH1,P43246:205:E>P,0,0.12912987
train-pg_dms__mlp__seed43,MLH1,P43246:206:T>A,0,0.06713955
train-pg_dms__mlp__seed43,MLH1,P43246:206:T>C,0,0.053989
train-pg_dms__mlp__seed43,MLH1,P43246:206:T>E,0,0.056178104
train-pg_dms__mlp__seed43,MLH1,P43246:206:T>F,0,0.052612036
train-pg_dms__mlp__seed43,MLH1,P43246:206:T>G,0,0.05211
train-pg_dms__mlp__seed43,MLH1,P43246:206:T>H,0,0.05344927
train-pg_dms__mlp__seed43,MLH1,P43246:206:T>I,0,0.05208723
train-pg_dms__mlp__seed43,MLH1,P43246:206:T>V,0,0.0519875
train-pg_dms__mlp__seed43,MLH1,P43246:206:T>L,0,0.051991645
train-pg_dms__mlp__seed43,MLH1,P43246:206:T>M,1,0.05194075
train-pg_dms__mlp__seed43,MLH1,P43246:206:T>N,0,0.052037507
train-pg_dms__mlp__seed43,MLH1,P43246:206:T>P,0,0.052060373
train-pg_dms__mlp__seed43,MLH1,P43246:206:T>R,0,0.05507482
train-pg_dms__mlp__seed43,MLH1,P43246:206:T>S,0,0.07070624
train-pg_dms__mlp__seed43,MLH1,P43246:206:T>W,0,0.06292294
train-pg_dms__mlp__seed43,MLH1,P43246:206:T>K,0,0.055005886
train-pg_dms__mlp__seed43,MLH1,P43246:206:T>Q,0,0.05335065
train-pg_dms__mlp__seed43,MLH1,P43246:217:I>A,0,0.1660102
train-pg_dms__mlp__seed43,MLH1,P43246:217:I>G,0,0.760841
train-pg_dms__mlp__seed43,MLH1,P43246:217:I>D,1,0.9086392
train-pg_dms__mlp__seed43,MLH1,P43246:217:I>C,0,0.27396786
train-pg_dms__mlp__seed43,MLH1,P43246:217:I>L,0,0.08589953
train-pg_dms__mlp__seed43,MLH1,P43246:217:I>M,0,0.08700801
train-pg_dms__mlp__seed43,MLH1,P43246:217:I>N,0,0.7974383
train-pg_dms__mlp__seed43,MLH1,P43246:217:I>P,0,0.88718027
train-pg_dms__mlp__seed43,MLH1,P43246:217:I>R,1,0.8755108
train-pg_dms__mlp__seed43,MLH1,P43246:217:I>K,1,0.89744693
train-pg_dms__mlp__seed43,MLH1,P43246:217:I>T,0,0.17735773
train-pg_dms__mlp__seed43,MLH1,P43246:217:I>V,0,0.11618022
train-pg_dms__mlp__seed43,MLH1,P43246:217:I>W,0,0.8608913
train-pg_dms__mlp__seed43,MLH1,P43246:217:I>H,0,0.8815018
train-pg_dms__mlp__seed43,MLH1,P43246:217:I>F,0,0.0940098
train-pg_dms__mlp__seed43,MLH1,P43246:217:I>E,1,0.9014552
train-pg_dms__mlp__seed43,MLH1,P43246:217:I>S,0,0.34848985
train-pg_dms__mlp__seed43,MLH1,P43246:220:G>W,0,0.10028732
train-pg_dms__mlp__seed43,MLH1,P43246:220:G>V,1,0.06861264
train-pg_dms__mlp__seed43,MLH1,P43246:220:G>T,0,0.066301055
train-pg_dms__mlp__seed43,MLH1,P43246:220:G>S,0,0.065138556
train-pg_dms__mlp__seed43,MLH1,P43246:220:G>Q,0,0.08646841
train-pg_dms__mlp__seed43,MLH1,P43246:220:G>P,0,0.2526758
train-pg_dms__mlp__seed43,MLH1,P43246:220:G>L,0,0.08397834
train-pg_dms__mlp__seed43,MLH1,P43246:220:G>M,0,0.08792163
train-pg_dms__mlp__seed43,MLH1,P43246:220:G>K,0,0.1645495
train-pg_dms__mlp__seed43,MLH1,P43246:220:G>I,0,0.07445146
train-pg_dms__mlp__seed43,MLH1,P43246:220:G>H,0,0.094495
train-pg_dms__mlp__seed43,MLH1,P43246:220:G>C,0,0.06634827
train-pg_dms__mlp__seed43,MLH1,P43246:220:G>A,0,0.06527001
train-pg_dms__mlp__seed43,MLH1,P43246:220:G>N,0,0.07109823
train-pg_dms__mlp__seed43,MLH1,P43246:220:G>Y,0,0.09548283
train-pg_dms__mlp__seed43,MLH1,P43246:220:G>F,0,0.13022695
train-pg_dms__mlp__seed43,MLH1,P43246:227:R>N,0,0.31968036
train-pg_dms__mlp__seed43,MLH1,P43246:227:R>T,0,0.13481638
train-pg_dms__mlp__seed43,MLH1,P43246:227:R>V,0,0.11013504
train-pg_dms__mlp__seed43,MLH1,P43246:227:R>W,0,0.09990115
train-pg_dms__mlp__seed43,MLH1,P43246:227:R>Y,0,0.17652561
train-pg_dms__mlp__seed43,MLH1,P43246:227:R>M,0,0.11528978
train-pg_dms__mlp__seed43,MLH1,P43246:227:R>L,0,0.104626514
train-pg_dms__mlp__seed43,MLH1,P43246:227:R>Q,0,0.079472795
train-pg_dms__mlp__seed43,MLH1,P43246:227:R>K,0,0.07712486
train-pg_dms__mlp__seed43,MLH1,P43246:227:R>H,0,0.08638523
train-pg_dms__mlp__seed43,MLH1,P43246:227:R>G,0,0.2196616
train-pg_dms__mlp__seed43,MLH1,P43246:227:R>F,0,0.2884024
train-pg_dms__mlp__seed43,MLH1,P43246:227:R>E,0,0.18824266
train-pg_dms__mlp__seed43,MLH1,P43246:227:R>C,0,0.082797505
train-pg_dms__mlp__seed43,MLH1,P43246:227:R>A,0,0.17603353
train-pg_dms__mlp__seed43,MLH1,P43246:227:R>I,0,0.10847147
train-pg_dms__mlp__seed43,MLH1,P43246:227:R>P,0,0.3849601
train-pg_dms__mlp__seed43,MLH1,P43246:231:D>L,0,0.20851594
train-pg_dms__mlp__seed43,MLH1,P43246:231:D>V,0,0.11491365
train-pg_dms__mlp__seed43,MLH1,P43246:231:D>W,0,0.659656
train-pg_dms__mlp__seed43,MLH1,P43246:231:D>T,0,0.1676683
train-pg_dms__mlp__seed43,MLH1,P43246:231:D>I,0,0.18255067
train-pg_dms__mlp__seed43,MLH1,P43246:231:D>H,0,0.3568472
train-pg_dms__mlp__seed43,MLH1,P43246:231:D>G,0,0.31354013
train-pg_dms__mlp__seed43,MLH1,P43246:231:D>S,0,0.111047335
train-pg_dms__mlp__seed43,MLH1,P43246:231:D>R,0,0.5214615
train-pg_dms__mlp__seed43,MLH1,P43246:231:D>P,0,0.6671709
train-pg_dms__mlp__seed43,MLH1,P43246:231:D>Q,0,0.22229388
train-pg_dms__mlp__seed43,MLH1,P43246:231:D>M,0,0.41011792
train-pg_dms__mlp__seed43,MLH1,P43246:231:D>A,0,0.11252929
train-pg_dms__mlp__seed43,MLH1,P43246:231:D>C,0,0.29941788
train-pg_dms__mlp__seed43,MLH1,P43246:231:D>E,0,0.08983208
train-pg_dms__mlp__seed43,MLH1,P43246:231:D>K,0,0.5246576
train-pg_dms__mlp__seed43,MLH1,P43246:231:D>F,0,0.34835723
train-pg_dms__mlp__seed43,MLH1,P43246:231:D>N,0,0.16650708
train-pg_dms__mlp__seed43,MLH1,P43246:236:D>A,0,0.18171287
train-pg_dms__mlp__seed43,MLH1,P43246:236:D>F,0,0.25542277
train-pg_dms__mlp__seed43,MLH1,P43246:236:D>G,0,0.2085242
train-pg_dms__mlp__seed43,MLH1,P43246:236:D>N,0,0.092986494
train-pg_dms__mlp__seed43,MLH1,P43246:236:D>M,0,0.27094197
train-pg_dms__mlp__seed43,MLH1,P43246:236:D>L,0,0.23931803
train-pg_dms__mlp__seed43,MLH1,P43246:236:D>C,0,0.26945028
train-pg_dms__mlp__seed43,MLH1,P43246:236:D>I,0,0.25102964
train-pg_dms__mlp__seed43,MLH1,P43246:236:D>Q,0,0.25899917
train-pg_dms__mlp__seed43,MLH1,P43246:236:D>K,0,0.27782184
train-pg_dms__mlp__seed43,MLH1,P43246:236:D>R,0,0.27436155
train-pg_dms__mlp__seed43,MLH1,P43246:236:D>S,0,0.13053332
train-pg_dms__mlp__seed43,MLH1,P43246:236:D>P,0,0.28569436
train-pg_dms__mlp__seed43,MLH1,P43246:236:D>V,0,0.19100079
train-pg_dms__mlp__seed43,MLH1,P43246:236:D>W,0,0.28583962
train-pg_dms__mlp__seed43,MLH1,P43246:236:D>Y,0,0.13555041
train-pg_dms__mlp__seed43,MLH1,P43246:236:D>T,0,0.19383393
train-pg_dms__mlp__seed43,MLH1,P43246:245:L>I,0,0.08197279
train-pg_dms__mlp__seed43,MLH1,P43246:245:L>A,0,0.38630185
train-pg_dms__mlp__seed43,MLH1,P43246:245:L>C,0,0.32293004
train-pg_dms__mlp__seed43,MLH1,P43246:245:L>D,1,0.8882166
train-pg_dms__mlp__seed43,MLH1,P43246:245:L>E,0,0.82543707
train-pg_dms__mlp__seed43,MLH1,P43246:245:L>Y,0,0.7098907
train-pg_dms__mlp__seed43,MLH1,P43246:245:L>V,0,0.08244817
train-pg_dms__mlp__seed43,MLH1,P43246:245:L>T,0,0.22321977
train-pg_dms__mlp__seed43,MLH1,P43246:245:L>S,0,0.70661074
train-pg_dms__mlp__seed43,MLH1,P43246:245:L>R,0,0.4534757
train-pg_dms__mlp__seed43,MLH1,P43246:245:L>P,1,0.8777772
train-pg_dms__mlp__seed43,MLH1,P43246:245:L>N,0,0.8365916
train-pg_dms__mlp__seed43,MLH1,P43246:245:L>M,0,0.08888727
train-pg_dms__mlp__seed43,MLH1,P43246:245:L>G,0,0.78253305
train-pg_dms__mlp__seed43,MLH1,P43246:245:L>H,0,0.733534
train-pg_dms__mlp__seed43,MLH1,P43246:245:L>K,0,0.6990484
train-pg_dms__mlp__seed43,MLH1,P43246:245:L>Q,0,0.37979934
train-pg_dms__mlp__seed43,MLH1,P43246:250:G>M,0,0.05846806
train-pg_dms__mlp__seed43,MLH1,P43246:250:G>Y,0,0.0594871
train-pg_dms__mlp__seed43,MLH1,P43246:250:G>W,0,0.060275957
train-pg_dms__mlp__seed43,MLH1,P43246:250:G>T,0,0.050209634
train-pg_dms__mlp__seed43,MLH1,P43246:250:G>S,0,0.049886547
train-pg_dms__mlp__seed43,MLH1,P43246:250:G>N,0,0.051710814
train-pg_dms__mlp__seed43,MLH1,P43246:250:G>P,0,0.08354887
train-pg_dms__mlp__seed43,MLH1,P43246:250:G>Q,0,0.05293001
train-pg_dms__mlp__seed43,MLH1,P43246:250:G>F,0,0.07761624
train-pg_dms__mlp__seed43,MLH1,P43246:250:G>L,0,0.058329467
train-pg_dms__mlp__seed43,MLH1,P43246:250:G>K,0,0.054404527
train-pg_dms__mlp__seed43,MLH1,P43246:250:G>I,0,0.05329009
train-pg_dms__mlp__seed43,MLH1,P43246:250:G>E,0,0.06470413
train-pg_dms__mlp__seed43,MLH1,P43246:250:G>D,0,0.05108075
train-pg_dms__mlp__seed43,MLH1,P43246:250:G>C,0,0.05256672
train-pg_dms__mlp__seed43,MLH1,P43246:250:G>A,0,0.050176155
train-pg_dms__mlp__seed43,MLH1,P43246:253:M>Q,0,0.055710185
train-pg_dms__mlp__seed43,MLH1,P43246:253:M>Y,0,0.058024697
train-pg_dms__mlp__seed43,MLH1,P43246:253:M>L,0,0.05548623
train-pg_dms__mlp__seed43,MLH1,P43246:253:M>K,0,0.055639427
train-pg_dms__mlp__seed43,MLH1,P43246:253:M>H,0,0.057135236
train-pg_dms__mlp__seed43,MLH1,P43246:253:M>G,0,0.05646113
train-pg_dms__mlp__seed43,MLH1,P43246:253:M>E,0,0.056743637
train-pg_dms__mlp__seed43,MLH1,P43246:253:M>D,0,0.06291165
train-pg_dms__mlp__seed43,MLH1,P43246:253:M>N,0,0.056154434
train-pg_dms__mlp__seed43,MLH1,P43246:253:M>F,0,0.056225277
train-pg_dms__mlp__seed43,MLH1,P43246:253:M>C,0,0.05942717
train-pg_dms__mlp__seed43,MLH1,P43246:253:M>R,0,0.0556324
train-pg_dms__mlp__seed43,MLH1,P43246:253:M>S,0,0.05596682
train-pg_dms__mlp__seed43,MLH1,P43246:253:M>T,0,0.05557202
train-pg_dms__mlp__seed43,MLH1,P43246:253:M>A,0,0.05574597
train-pg_dms__mlp__seed43,MLH1,P43246:253:M>W,1,0.06003319
train-pg_dms__mlp__seed43,MLH1,P43246:253:M>P,0,0.05629025
train-pg_dms__mlp__seed43,MLH1,P43246:262:E>N,0,0.077675164
train-pg_dms__mlp__seed43,MLH1,P43246:262:E>A,0,0.07709325
train-pg_dms__mlp__seed43,MLH1,P43246:262:E>C,0,0.18696488
train-pg_dms__mlp__seed43,MLH1,P43246:262:E>D,0,0.08851166
train-pg_dms__mlp__seed43,MLH1,P43246:262:E>F,0,0.20314008
train-pg_dms__mlp__seed43,MLH1,P43246:262:E>H,0,0.10791084
train-pg_dms__mlp__seed43,MLH1,P43246:262:E>I,0,0.10388998
train-pg_dms__mlp__seed43,MLH1,P43246:262:E>G,0,0.08687368
train-pg_dms__mlp__seed43,MLH1,P43246:262:E>M,0,0.11591945
train-pg_dms__mlp__seed43,MLH1,P43246:262:E>Y,0,0.14422467
train-pg_dms__mlp__seed43,MLH1,P43246:262:E>W,0,0.24678136
train-pg_dms__mlp__seed43,MLH1,P43246:262:E>T,0,0.07967132
train-pg_dms__mlp__seed43,MLH1,P43246:262:E>S,0,0.077428915
train-pg_dms__mlp__seed43,MLH1,P43246:262:E>R,0,0.0867938
train-pg_dms__mlp__seed43,MLH1,P43246:262:E>Q,0,0.09442462
train-pg_dms__mlp__seed43,MLH1,P43246:262:E>L,0,0.10233863
train-pg_dms__mlp__seed43,MLH1,P43246:262:E>P,0,0.1495263
train-pg_dms__mlp__seed43,MLH1,P43246:270:L>G,1,0.9427061
train-pg_dms__mlp__seed43,MLH1,P43246:270:L>H,1,0.9547227
train-pg_dms__mlp__seed43,MLH1,P43246:270:L>I,0,0.10526166
train-pg_dms__mlp__seed43,MLH1,P43246:270:L>K,1,0.95976585
train-pg_dms__mlp__seed43,MLH1,P43246:270:L>M,0,0.11211899
train-pg_dms__mlp__seed43,MLH1,P43246:270:L>N,1,0.95503724
train-pg_dms__mlp__seed43,MLH1,P43246:270:L>Q,1,0.9409398
train-pg_dms__mlp__seed43,MLH1,P43246:270:L>S,1,0.8775494
train-pg_dms__mlp__seed43,MLH1,P43246:270:L>T,0,0.23302697
train-pg_dms__mlp__seed43,MLH1,P43246:270:L>V,0,0.13423915
train-pg_dms__mlp__seed43,MLH1,P43246:270:L>W,1,0.943691
train-pg_dms__mlp__seed43,MLH1,P43246:270:L>Y,1,0.95038897
train-pg_dms__mlp__seed43,MLH1,P43246:270:L>F,1,0.18322867
train-pg_dms__mlp__seed43,MLH1,P43246:270:L>R,1,0.9562467
train-pg_dms__mlp__seed43,MLH1,P43246:270:L>E,1,0.95957583
train-pg_dms__mlp__seed43,MLH1,P43246:270:L>A,0,0.2983662
train-pg_dms__mlp__seed43,MLH1,P43246:270:L>C,0,0.6301023
train-pg_dms__mlp__seed43,MLH1,P43246:270:L>D,1,0.96191853
train-pg_dms__mlp__seed43,MLH1,P43246:277:L>T,0,0.12370047
train-pg_dms__mlp__seed43,MLH1,P43246:277:L>A,0,0.14791329
train-pg_dms__mlp__seed43,MLH1,P43246:277:L>C,0,0.20362265
train-pg_dms__mlp__seed43,MLH1,P43246:277:L>E,0,0.5860326
train-pg_dms__mlp__seed43,MLH1,P43246:277:L>F,0,0.14669791
train-pg_dms__mlp__seed43,MLH1,P43246:277:L>G,0,0.500821
train-pg_dms__mlp__seed43,MLH1,P43246:277:L>H,0,0.33807322
train-pg_dms__mlp__seed43,MLH1,P43246:277:L>I,0,0.10076321
train-pg_dms__mlp__seed43,MLH1,P43246:277:L>K,0,0.6033229
train-pg_dms__mlp__seed43,MLH1,P43246:277:L>N,0,0.5061618
train-pg_dms__mlp__seed43,MLH1,P43246:277:L>P,1,0.78581035
train-pg_dms__mlp__seed43,MLH1,P43246:277:L>Q,0,0.13600937
train-pg_dms__mlp__seed43,MLH1,P43246:277:L>Y,0,0.61750144
train-pg_dms__mlp__seed43,MLH1,P43246:277:L>W,0,0.39677644
train-pg_dms__mlp__seed43,MLH1,P43246:277:L>V,0,0.09788984
train-pg_dms__mlp__seed43,MLH1,P43246:277:L>M,0,0.09391185
train-pg_dms__mlp__seed43,MLH1,P43246:277:L>R,0,0.38891461
train-pg_dms__mlp__seed43,MLH1,P43246:285:N>S,0,0.10087611
train-pg_dms__mlp__seed43,MLH1,P43246:285:N>P,0,0.29166633
train-pg_dms__mlp__seed43,MLH1,P43246:285:N>T,0,0.075895056
train-pg_dms__mlp__seed43,MLH1,P43246:285:N>V,0,0.076186374
train-pg_dms__mlp__seed43,MLH1,P43246:285:N>W,0,0.2682855
train-pg_dms__mlp__seed43,MLH1,P43246:285:N>Y,0,0.07411526
train-pg_dms__mlp__seed43,MLH1,P43246:285:N>M,0,0.09226652
train-pg_dms__mlp__seed43,MLH1,P43246:285:N>L,0,0.07714348
train-pg_dms__mlp__seed43,MLH1,P43246:285:N>K,0,0.3878158
train-pg_dms__mlp__seed43,MLH1,P43246:285:N>R,0,0.16648346
train-pg_dms__mlp__seed43,MLH1,P43246:285:N>Q,0,0.11491293
train-pg_dms__mlp__seed43,MLH1,P43246:285:N>I,0,0.08037167
train-pg_dms__mlp__seed43,MLH1,P43246:285:N>H,0,0.074210264
train-pg_dms__mlp__seed43,MLH1,P43246:285:N>G,0,0.081108145
train-pg_dms__mlp__seed43,MLH1,P43246:285:N>F,0,0.10328587
train-pg_dms__mlp__seed43,MLH1,P43246:285:N>E,0,0.24193911
train-pg_dms__mlp__seed43,MLH1,P43246:285:N>D,0,0.09475804
train-pg_dms__mlp__seed43,MLH1,P43246:285:N>A,0,0.07990886
train-pg_dms__mlp__seed43,MLH1,P43246:290:E>C,0,0.093277715
train-pg_dms__mlp__seed43,MLH1,P43246:290:E>A,0,0.07387842
train-pg_dms__mlp__seed43,MLH1,P43246:290:E>T,0,0.073600605
train-pg_dms__mlp__seed43,MLH1,P43246:290:E>Y,0,0.08519313
train-pg_dms__mlp__seed43,MLH1,P43246:290:E>W,0,0.1502132
train-pg_dms__mlp__seed43,MLH1,P43246:290:E>V,0,0.074176766
train-pg_dms__mlp__seed43,MLH1,P43246:290:E>D,0,0.07386007
train-pg_dms__mlp__seed43,MLH1,P43246:290:E>S,0,0.07370123
train-pg_dms__mlp__seed43,MLH1,P43246:290:E>N,0,0.07530496
train-pg_dms__mlp__seed43,MLH1,P43246:290:E>Q,0,0.097190246
train-pg_dms__mlp__seed43,MLH1,P43246:290:E>F,0,0.09708428
train-pg_dms__mlp__seed43,MLH1,P43246:290:E>R,0,0.07498031
train-pg_dms__mlp__seed43,MLH1,P43246:290:E>G,0,0.09895405
train-pg_dms__mlp__seed43,MLH1,P43246:290:E>I,0,0.07607981
train-pg_dms__mlp__seed43,MLH1,P43246:290:E>H,0,0.07654534
train-pg_dms__mlp__seed43,MLH1,P43246:290:E>L,0,0.07766823
train-pg_dms__mlp__seed43,MLH1,P43246:290:E>P,0,0.18646693
train-pg_dms__mlp__seed43,MLH1,P43246:290:E>M,0,0.080529466
train-pg_dms__mlp__seed43,MLH1,P43246:290:E>K,0,0.07379532
train-pg_dms__mlp__seed43,MLH1,P43246:292:T>W,0,0.091663875
train-pg_dms__mlp__seed43,MLH1,P43246:292:T>C,0,0.07720728
train-pg_dms__mlp__seed43,MLH1,P43246:292:T>E,0,0.07640445
train-pg_dms__mlp__seed43,MLH1,P43246:292:T>F,0,0.07566713
train-pg_dms__mlp__seed43,MLH1,P43246:292:T>G,0,0.07516229
train-pg_dms__mlp__seed43,MLH1,P43246:292:T>H,0,0.07480957
train-pg_dms__mlp__seed43,MLH1,P43246:292:T>I,0,0.074110314
train-pg_dms__mlp__seed43,MLH1,P43246:292:T>Y,0,0.076587096
train-pg_dms__mlp__seed43,MLH1,P43246:292:T>K,0,0.07458207
train-pg_dms__mlp__seed43,MLH1,P43246:292:T>M,0,0.07340316
train-pg_dms__mlp__seed43,MLH1,P43246:292:T>Q,0,0.07480108
train-pg_dms__mlp__seed43,MLH1,P43246:292:T>R,0,0.074112915
train-pg_dms__mlp__seed43,MLH1,P43246:292:T>S,0,0.11709881
train-pg_dms__mlp__seed43,MLH1,P43246:292:T>V,0,0.07365767
train-pg_dms__mlp__seed43,MLH1,P43246:292:T>A,0,0.073152564
train-pg_dms__mlp__seed43,MLH1,P43246:292:T>L,0,0.07348852
train-pg_dms__mlp__seed43,MLH1,P43246:292:T>N,0,0.07357709
train-pg_dms__mlp__seed43,MLH1,P43246:295:D>T,0,0.0792876
train-pg_dms__mlp__seed43,MLH1,P43246:295:D>M,0,0.14596082
train-pg_dms__mlp__seed43,MLH1,P43246:295:D>L,0,0.0926424
train-pg_dms__mlp__seed43,MLH1,P43246:295:D>K,0,0.10988782
train-pg_dms__mlp__seed43,MLH1,P43246:295:D>I,0,0.08444063
train-pg_dms__mlp__seed43,MLH1,P43246:295:D>F,0,0.16404642
train-pg_dms__mlp__seed43,MLH1,P43246:295:D>G,0,0.08154182
train-pg_dms__mlp__seed43,MLH1,P43246:295:D>E,0,0.13205852
train-pg_dms__mlp__seed43,MLH1,P43246:295:D>C,0,0.11381853
train-pg_dms__mlp__seed43,MLH1,P43246:295:D>A,0,0.10098877
train-pg_dms__mlp__seed43,MLH1,P43246:295:D>H,0,0.079248674
train-pg_dms__mlp__seed43,MLH1,P43246:295:D>S,0,0.06916666
train-pg_dms__mlp__seed43,MLH1,P43246:295:D>N,0,0.068094395
train-pg_dms__mlp__seed43,MLH1,P43246:295:D>V,0,0.07383881
train-pg_dms__mlp__seed43,MLH1,P43246:295:D>R,0,0.09612813
train-pg_dms__mlp__seed43,MLH1,P43246:295:D>Q,0,0.08653706
train-pg_dms__mlp__seed43,MLH1,P43246:295:D>P,0,0.19528735
train-pg_dms__mlp__seed43,MLH1,P43246:295:D>Y,0,0.07789016
train-pg_dms__mlp__seed43,MLH1,P43246:295:D>W,0,0.361489
train-pg_dms__mlp__seed43,MLH1,P43246:296:F>C,0,0.051996566
train-pg_dms__mlp__seed43,MLH1,P43246:296:F>E,0,0.067743026
train-pg_dms__mlp__seed43,MLH1,P43246:296:F>G,0,0.055142365
train-pg_dms__mlp__seed43,MLH1,P43246:296:F>H,0,0.053076375
train-pg_dms__mlp__seed43,MLH1,P43246:296:F>D,0,0.062144924
train-pg_dms__mlp__seed43,MLH1,P43246:296:F>A,0,0.05203124
train-pg_dms__mlp__seed43,MLH1,P43246:296:F>M,0,0.051930387
train-pg_dms__mlp__seed43,MLH1,P43246:296:F>W,0,0.05219401
train-pg_dms__mlp__seed43,MLH1,P43246:296:F>V,0,0.05270716
train-pg_dms__mlp__seed43,MLH1,P43246:296:F>T,0,0.051886246
train-pg_dms__mlp__seed43,MLH1,P43246:296:F>S,0,0.05195199
train-pg_dms__mlp__seed43,MLH1,P43246:296:F>R,0,0.055635195
train-pg_dms__mlp__seed43,MLH1,P43246:296:F>Q,0,0.05620712
train-pg_dms__mlp__seed43,MLH1,P43246:296:F>P,0,0.056882996
train-pg_dms__mlp__seed43,MLH1,P43246:296:F>I,0,0.05280499
train-pg_dms__mlp__seed43,MLH1,P43246:296:F>K,0,0.06358963
train-pg_dms__mlp__seed43,MLH1,P43246:296:F>L,0,0.08569385
train-pg_dms__mlp__seed43,MLH1,P43246:296:F>Y,0,0.07738881
train-pg_dms__mlp__seed43,MLH1,P43246:296:F>N,0,0.05338266
train-pg_dms__mlp__seed43,MLH1,P43246:303:D>S,0,0.9468972
train-pg_dms__mlp__seed43,MLH1,P43246:303:D>R,0,0.9726397
train-pg_dms__mlp__seed43,MLH1,P43246:303:D>P,0,0.97266126
train-pg_dms__mlp__seed43,MLH1,P43246:303:D>M,0,0.9732047
train-pg_dms__mlp__seed43,MLH1,P43246:303:D>L,1,0.9726397
train-pg_dms__mlp__seed43,MLH1,P43246:303:D>I,1,0.97310233
train-pg_dms__mlp__seed43,MLH1,P43246:303:D>A,0,0.9710642
train-pg_dms__mlp__seed43,MLH1,P43246:303:D>C,0,0.97259665
train-pg_dms__mlp__seed43,MLH1,P43246:303:D>E,0,0.9553749
train-pg_dms__mlp__seed43,MLH1,P43246:303:D>V,1,0.9724448
train-pg_dms__mlp__seed43,MLH1,P43246:303:D>W,1,0.9732047
train-pg_dms__mlp__seed43,MLH1,P43246:303:D>T,0,0.9721149
train-pg_dms__mlp__seed43,MLH1,P43246:306:A>C,0,0.83168876
train-pg_dms__mlp__seed43,MLH1,P43246:306:A>E,1,0.7944276
train-pg_dms__mlp__seed43,MLH1,P43246:306:A>F,0,0.9611762
train-pg_dms__mlp__seed43,MLH1,P43246:306:A>D,1,0.9624949
train-pg_dms__mlp__seed43,MLH1,P43246:306:A>G,0,0.18310678
train-pg_dms__mlp__seed43,MLH1,P43246:306:A>H,1,0.9625892
train-pg_dms__mlp__seed43,MLH1,P43246:306:A>I,0,0.95609325
train-pg_dms__mlp__seed43,MLH1,P43246:306:A>K,1,0.96286976
train-pg_dms__mlp__seed43,MLH1,P43246:306:A>L,0,0.9305302
train-pg_dms__mlp__seed43,MLH1,P43246:306:A>M,0,0.9409499
train-pg_dms__mlp__seed43,MLH1,P43246:306:A>N,1,0.96004784
train-pg_dms__mlp__seed43,MLH1,P43246:306:A>P,1,0.9615151
train-pg_dms__mlp__seed43,MLH1,P43246:306:A>Q,1,0.96037143
train-pg_dms__mlp__seed43,MLH1,P43246:306:A>R,1,0.96181554
train-pg_dms__mlp__seed43,MLH1,P43246:306:A>S,0,0.1080936
train-pg_dms__mlp__seed43,MLH1,P43246:306:A>T,0,0.27213433
train-pg_dms__mlp__seed43,MLH1,P43246:306:A>W,0,0.96302354
train-pg_dms__mlp__seed43,MLH1,P43246:306:A>Y,1,0.9627144
train-pg_dms__mlp__seed43,MLH1,P43246:309:A>Y,0,0.88194877
train-pg_dms__mlp__seed43,MLH1,P43246:309:A>W,0,0.91389924
train-pg_dms__mlp__seed43,MLH1,P43246:309:A>D,0,0.8250003
train-pg_dms__mlp__seed43,MLH1,P43246:309:A>Q,0,0.8427061
train-pg_dms__mlp__seed43,MLH1,P43246:309:A>R,0,0.9028254
train-pg_dms__mlp__seed43,MLH1,P43246:309:A>C,0,0.6369455
train-pg_dms__mlp__seed43,MLH1,P43246:309:A>T,0,0.28470534
train-pg_dms__mlp__seed43,MLH1,P43246:309:A>V,0,0.4900332
train-pg_dms__mlp__seed43,MLH1,P43246:309:A>N,0,0.7007154
train-pg_dms__mlp__seed43,MLH1,P43246:309:A>S,0,0.07896043
train-pg_dms__mlp__seed43,MLH1,P43246:309:A>L,0,0.79801345
train-pg_dms__mlp__seed43,MLH1,P43246:309:A>K,0,0.91485554
train-pg_dms__mlp__seed43,MLH1,P43246:309:A>I,0,0.891658
train-pg_dms__mlp__seed43,MLH1,P43246:309:A>H,0,0.8609182
train-pg_dms__mlp__seed43,MLH1,P43246:309:A>G,0,0.10628353
train-pg_dms__mlp__seed43,MLH1,P43246:309:A>F,0,0.8443093
train-pg_dms__mlp__seed43,MLH1,P43246:309:A>E,0,0.9008118
train-pg_dms__mlp__seed43,MLH1,P43246:309:A>M,0,0.7791912
train-pg_dms__mlp__seed43,MLH1,P43246:316:S>W,0,0.081067935
train-pg_dms__mlp__seed43,MLH1,P43246:316:S>V,0,0.061658673
train-pg_dms__mlp__seed43,MLH1,P43246:316:S>R,0,0.10916052
train-pg_dms__mlp__seed43,MLH1,P43246:316:S>Q,0,0.084285475
train-pg_dms__mlp__seed43,MLH1,P43246:316:S>P,0,0.060114387
train-pg_dms__mlp__seed43,MLH1,P43246:316:S>N,0,0.060590763
train-pg_dms__mlp__seed43,MLH1,P43246:316:S>M,0,0.06362454
train-pg_dms__mlp__seed43,MLH1,P43246:316:S>L,0,0.06045115
train-pg_dms__mlp__seed43,MLH1,P43246:316:S>I,0,0.062633514
train-pg_dms__mlp__seed43,MLH1,P43246:316:S>H,0,0.0728616
train-pg_dms__mlp__seed43,MLH1,P43246:316:S>G,0,0.059287794
train-pg_dms__mlp__seed43,MLH1,P43246:316:S>F,0,0.077819414
train-pg_dms__mlp__seed43,MLH1,P43246:316:S>D,0,0.07869692
train-pg_dms__mlp__seed43,MLH1,P43246:316:S>A,0,0.05916418
train-pg_dms__mlp__seed43,MLH1,P43246:316:S>K,0,0.12312901
train-pg_dms__mlp__seed43,MLH1,P43246:317:V>M,0,0.05116981
train-pg_dms__mlp__seed43,MLH1,P43246:317:V>L,0,0.051311165
train-pg_dms__mlp__seed43,MLH1,P43246:317:V>T,0,0.051071007
train-pg_dms__mlp__seed43,MLH1,P43246:317:V>S,0,0.050994214
train-pg_dms__mlp__seed43,MLH1,P43246:317:V>R,0,0.053847205
train-pg_dms__mlp__seed43,MLH1,P43246:317:V>P,0,0.051922407
train-pg_dms__mlp__seed43,MLH1,P43246:317:V>N,0,0.051530253
train-pg_dms__mlp__seed43,MLH1,P43246:317:V>K,0,0.054095827
train-pg_dms__mlp__seed43,MLH1,P43246:317:V>W,0,0.06895112
train-pg_dms__mlp__seed43,MLH1,P43246:317:V>G,0,0.051010996
train-pg_dms__mlp__seed43,MLH1,P43246:317:V>F,0,0.05171722
train-pg_dms__mlp__seed43,MLH1,P43246:317:V>E,0,0.05354378
train-pg_dms__mlp__seed43,MLH1,P43246:317:V>D,0,0.05330587
train-pg_dms__mlp__seed43,MLH1,P43246:317:V>C,0,0.062403902
train-pg_dms__mlp__seed43,MLH1,P43246:317:V>A,0,0.06030252
train-pg_dms__mlp__seed43,MLH1,P43246:317:V>H,0,0.05539062
train-pg_dms__mlp__seed43,MLH1,P43246:317:V>Y,0,0.057419736
train-pg_dms__mlp__seed43,MLH1,P43246:318:E>V,0,0.05550296
train-pg_dms__mlp__seed43,MLH1,P43246:318:E>W,0,0.13534398
train-pg_dms__mlp__seed43,MLH1,P43246:318:E>Y,0,0.073476344
train-pg_dms__mlp__seed43,MLH1,P43246:318:E>T,0,0.053454477
train-pg_dms__mlp__seed43,MLH1,P43246:318:E>S,0,0.05248902
train-pg_dms__mlp__seed43,MLH1,P43246:318:E>G,0,0.05677723
train-pg_dms__mlp__seed43,MLH1,P43246:318:E>Q,0,0.05284713
train-pg_dms__mlp__seed43,MLH1,P43246:318:E>P,0,0.061715443
train-pg_dms__mlp__seed43,MLH1,P43246:318:E>N,0,0.05368066
train-pg_dms__mlp__seed43,MLH1,P43246:318:E>M,0,0.0663294
train-pg_dms__mlp__seed43,MLH1,P43246:318:E>L,0,0.06089266
train-pg_dms__mlp__seed43,MLH1,P43246:318:E>H,0,0.06220097
train-pg_dms__mlp__seed43,MLH1,P43246:318:E>I,0,0.061599065
train-pg_dms__mlp__seed43,MLH1,P43246:318:E>A,0,0.05260221
train-pg_dms__mlp__seed43,MLH1,P43246:318:E>C,0,0.10279528
train-pg_dms__mlp__seed43,MLH1,P43246:318:E>F,0,0.0901317
train-pg_dms__mlp__seed43,MLH1,P43246:318:E>R,0,0.057679832
train-pg_dms__mlp__seed43,MLH1,P43246:318:E>K,0,0.054853264
train-pg_dms__mlp__seed43,MLH1,P43246:319:D>K,0,0.05790104
train-pg_dms__mlp__seed43,MLH1,P43246:319:D>T,0,0.05156782
train-pg_dms__mlp__seed43,MLH1,P43246:319:D>S,0,0.05059618
train-pg_dms__mlp__seed43,MLH1,P43246:319:D>R,0,0.060062498
train-pg_dms__mlp__seed43,MLH1,P43246:319:D>Q,0,0.05431013
train-pg_dms__mlp__seed43,MLH1,P43246:319:D>P,0,0.06668046
train-pg_dms__mlp__seed43,MLH1,P43246:319:D>M,0,0.059351098
train-pg_dms__mlp__seed43,MLH1,P43246:319:D>L,0,0.05588119
train-pg_dms__mlp__seed43,MLH1,P43246:319:D>I,0,0.05361234
train-pg_dms__mlp__seed43,MLH1,P43246:319:D>H,0,0.054927565
train-pg_dms__mlp__seed43,MLH1,P43246:319:D>G,0,0.055803757
train-pg_dms__mlp__seed43,MLH1,P43246:319:D>F,0,0.06371819
train-pg_dms__mlp__seed43,MLH1,P43246:319:D>E,0,0.050654214
train-pg_dms__mlp__seed43,MLH1,P43246:319:D>C,0,0.063621245
train-pg_dms__mlp__seed43,MLH1,P43246:319:D>A,0,0.051200755
train-pg_dms__mlp__seed43,MLH1,P43246:319:D>W,0,0.11774045
train-pg_dms__mlp__seed43,MLH1,P43246:319:D>V,0,0.058309473
train-pg_dms__mlp__seed43,MLH1,P43246:341:L>K,0,0.1522743
train-pg_dms__mlp__seed43,MLH1,P43246:341:L>M,0,0.09756686
train-pg_dms__mlp__seed43,MLH1,P43246:341:L>N,1,0.40322897
train-pg_dms__mlp__seed43,MLH1,P43246:341:L>I,0,0.10713466
train-pg_dms__mlp__seed43,MLH1,P43246:341:L>R,0,0.17581335
train-pg_dms__mlp__seed43,MLH1,P43246:341:L>T,0,0.1334937
train-pg_dms__mlp__seed43,MLH1,P43246:341:L>V,0,0.13310976
train-pg_dms__mlp__seed43,MLH1,P43246:341:L>W,0,0.18962646
train-pg_dms__mlp__seed43,MLH1,P43246:341:L>S,1,0.21119039
train-pg_dms__mlp__seed43,MLH1,P43246:341:L>E,0,0.30660492
train-pg_dms__mlp__seed43,MLH1,P43246:341:L>A,0,0.14566997
train-pg_dms__mlp__seed43,MLH1,P43246:341:L>C,0,0.18617633
train-pg_dms__mlp__seed43,MLH1,P43246:341:L>D,1,0.79741395
train-pg_dms__mlp__seed43,MLH1,P43246:341:L>Y,1,0.22966114
train-pg_dms__mlp__seed43,MLH1,P43246:341:L>F,0,0.19280183
train-pg_dms__mlp__seed43,MLH1,P43246:341:L>G,1,0.44057155
train-pg_dms__mlp__seed43,MLH1,P43246:341:L>H,0,0.18445833
train-pg_dms__mlp__seed43,MLH1,P43246:351:M>A,0,0.121915616
train-pg_dms__mlp__seed43,MLH1,P43246:351:M>C,0,0.16810939
train-pg_dms__mlp__seed43,MLH1,P43246:351:M>D,0,0.6077989
train-pg_dms__mlp__seed43,MLH1,P43246:351:M>W,1,0.38289
train-pg_dms__mlp__seed43,MLH1,P43246:351:M>V,0,0.116815165
train-pg_dms__mlp__seed43,MLH1,P43246:351:M>T,0,0.12613814
train-pg_dms__mlp__seed43,MLH1,P43246:351:M>S,0,0.14503649
train-pg_dms__mlp__seed43,MLH1,P43246:351:M>R,0,0.10062162
train-pg_dms__mlp__seed43,MLH1,P43246:351:M>Q,0,0.109004505
train-pg_dms__mlp__seed43,MLH1,P43246:351:M>Y,0,0.38449427
train-pg_dms__mlp__seed43,MLH1,P43246:351:M>P,1,0.60712314
train-pg_dms__mlp__seed43,MLH1,P43246:351:M>L,0,0.093073525
train-pg_dms__mlp__seed43,MLH1,P43246:351:M>K,0,0.10181141
train-pg_dms__mlp__seed43,MLH1,P43246:351:M>I,0,0.14183994
train-pg_dms__mlp__seed43,MLH1,P43246:351:M>H,0,0.26026168
train-pg_dms__mlp__seed43,MLH1,P43246:351:M>G,0,0.1975269
train-pg_dms__mlp__seed43,MLH1,P43246:351:M>F,0,0.18826547
train-pg_dms__mlp__seed43,MLH1,P43246:351:M>N,0,0.3339951
train-pg_dms__mlp__seed43,MLH1,P43246:351:M>E,0,0.20411569
train-pg_dms__mlp__seed43,MLH1,P43246:354:N>Q,0,0.109067835
train-pg_dms__mlp__seed43,MLH1,P43246:354:N>P,0,0.13776937
train-pg_dms__mlp__seed43,MLH1,P43246:354:N>M,0,0.108332485
train-pg_dms__mlp__seed43,MLH1,P43246:354:N>L,0,0.10305649
train-pg_dms__mlp__seed43,MLH1,P43246:354:N>K,0,0.10745767
train-pg_dms__mlp__seed43,MLH1,P43246:354:N>I,0,0.099391945
train-pg_dms__mlp__seed43,MLH1,P43246:354:N>H,0,0.09511562
train-pg_dms__mlp__seed43,MLH1,P43246:354:N>G,0,0.10697757
train-pg_dms__mlp__seed43,MLH1,P43246:354:N>E,0,0.11156346
train-pg_dms__mlp__seed43,MLH1,P43246:354:N>D,0,0.10131225
train-pg_dms__mlp__seed43,MLH1,P43246:354:N>C,0,0.10164029
train-pg_dms__mlp__seed43,MLH1,P43246:354:N>A,0,0.10231721
train-pg_dms__mlp__seed43,MLH1,P43246:354:N>S,0,0.11308528
train-pg_dms__mlp__seed43,MLH1,P43246:354:N>R,0,0.10990238
train-pg_dms__mlp__seed43,MLH1,P43246:354:N>F,0,0.13042007
train-pg_dms__mlp__seed43,MLH1,P43246:354:N>V,0,0.098876365
train-pg_dms__mlp__seed43,MLH1,P43246:354:N>T,0,0.09592061
train-pg_dms__mlp__seed43,MLH1,P43246:354:N>Y,0,0.09666032
train-pg_dms__mlp__seed43,MLH1,P43246:354:N>W,0,0.16742
train-pg_dms__mlp__seed43,MLH1,P43246:359:R>D,1,0.8066515
train-pg_dms__mlp__seed43,MLH1,P43246:359:R>Q,1,0.621576
train-pg_dms__mlp__seed43,MLH1,P43246:359:R>P,1,0.809667
train-pg_dms__mlp__seed43,MLH1,P43246:359:R>A,1,0.8081643
train-pg_dms__mlp__seed43,MLH1,P43246:359:R>C,1,0.68906707
train-pg_dms__mlp__seed43,MLH1,P43246:359:R>Y,1,0.7827319
train-pg_dms__mlp__seed43,MLH1,P43246:359:R>E,1,0.77563715
train-pg_dms__mlp__seed43,MLH1,P43246:359:R>F,1,0.8098973
train-pg_dms__mlp__seed43,MLH1,P43246:359:R>H,1,0.57794994
train-pg_dms__mlp__seed43,MLH1,P43246:359:R>N,1,0.80130464
train-pg_dms__mlp__seed43,MLH1,P43246:359:R>M,1,0.80478865
train-pg_dms__mlp__seed43,MLH1,P43246:359:R>L,1,0.7748685
train-pg_dms__mlp__seed43,MLH1,P43246:359:R>V,1,0.80130464
train-pg_dms__mlp__seed43,MLH1,P43246:359:R>W,1,0.6935025
train-pg_dms__mlp__seed43,MLH1,P43246:362:L>N,0,0.92655987
train-pg_dms__mlp__seed43,MLH1,P43246:362:L>Y,0,0.77040017
train-pg_dms__mlp__seed43,MLH1,P43246:362:L>W,0,0.5329825
train-pg_dms__mlp__seed43,MLH1,P43246:362:L>V,0,0.11303049
train-pg_dms__mlp__seed43,MLH1,P43246:362:L>T,0,0.20702873
train-pg_dms__mlp__seed43,MLH1,P43246:362:L>S,0,0.6785169
train-pg_dms__mlp__seed43,MLH1,P43246:362:L>Q,0,0.62348336
train-pg_dms__mlp__seed43,MLH1,P43246:362:L>P,1,0.95794815
train-pg_dms__mlp__seed43,MLH1,P43246:362:L>M,0,0.11480111
train-pg_dms__mlp__seed43,MLH1,P43246:362:L>C,0,0.42790306
train-pg_dms__mlp__seed43,MLH1,P43246:362:L>D,1,0.95737195
train-pg_dms__mlp__seed43,MLH1,P43246:362:L>E,0,0.9318613
train-pg_dms__mlp__seed43,MLH1,P43246:362:L>F,0,0.20864046
train-pg_dms__mlp__seed43,MLH1,P43246:362:L>G,0,0.90038735
train-pg_dms__mlp__seed43,MLH1,P43246:362:L>H,0,0.83341825
train-pg_dms__mlp__seed43,MLH1,P43246:362:L>I,0,0.11355565
train-pg_dms__mlp__seed43,MLH1,P43246:362:L>K,0,0.93615353
train-pg_dms__mlp__seed43,MLH1,P43246:362:L>A,0,0.25811622
train-pg_dms__mlp__seed43,MLH1,P43246:362:L>R,0,0.87831837
train-pg_dms__mlp__seed43,MLH1,P43246:371:E>P,0,0.1255216
train-pg_dms__mlp__seed43,MLH1,P43246:371:E>L,0,0.11174746
train-pg_dms__mlp__seed43,MLH1,P43246:371:E>M,0,0.1192076
train-pg_dms__mlp__seed43,MLH1,P43246:371:E>A,0,0.093646124
train-pg_dms__mlp__seed43,MLH1,P43246:371:E>C,0,0.18559073
train-pg_dms__mlp__seed43,MLH1,P43246:371:E>D,0,0.09296625
train-pg_dms__mlp__seed43,MLH1,P43246:371:E>F,0,0.16156615
train-pg_dms__mlp__seed43,MLH1,P43246:371:E>G,0,0.11308562
train-pg_dms__mlp__seed43,MLH1,P43246:371:E>Y,0,0.13661279
train-pg_dms__mlp__seed43,MLH1,P43246:371:E>I,0,0.10808534
train-pg_dms__mlp__seed43,MLH1,P43246:371:E>T,0,0.09716788
train-pg_dms__mlp__seed43,MLH1,P43246:371:E>S,0,0.09522057
train-pg_dms__mlp__seed43,MLH1,P43246:371:E>R,0,0.10931805
train-pg_dms__mlp__seed43,MLH1,P43246:371:E>Q,0,0.09433824
train-pg_dms__mlp__seed43,MLH1,P43246:371:E>N,0,0.10228518
train-pg_dms__mlp__seed43,MLH1,P43246:371:E>W,0,0.25390494
train-pg_dms__mlp__seed43,MLH1,P43246:371:E>H,0,0.11946264
train-pg_dms__mlp__seed43,MLH1,P43246:375:T>H,0,0.10548377
train-pg_dms__mlp__seed43,MLH1,P43246:375:T>I,0,0.12216404
train-pg_dms__mlp__seed43,MLH1,P43246:375:T>K,0,0.11389375
train-pg_dms__mlp__seed43,MLH1,P43246:375:T>D,0,0.11528867
train-pg_dms__mlp__seed43,MLH1,P43246:375:T>M,0,0.09807283
train-pg_dms__mlp__seed43,MLH1,P43246:375:T>N,0,0.09774332
train-pg_dms__mlp__seed43,MLH1,P43246:375:T>P,0,0.14284801
train-pg_dms__mlp__seed43,MLH1,P43246:375:T>Q,0,0.10748557
train-pg_dms__mlp__seed43,MLH1,P43246:375:T>R,0,0.10925279
train-pg_dms__mlp__seed43,MLH1,P43246:375:T>E,0,0.11421717
train-pg_dms__mlp__seed43,MLH1,P43246:375:T>V,0,0.09933078
train-pg_dms__mlp__seed43,MLH1,P43246:375:T>S,0,0.1174534
train-pg_dms__mlp__seed43,MLH1,P43246:375:T>L,0,0.09832136
train-pg_dms__mlp__seed43,MLH1,P43246:375:T>F,0,0.103869066
train-pg_dms__mlp__seed43,MLH1,P43246:375:T>G,0,0.10019245
train-pg_dms__mlp__seed43,MLH1,P43246:375:T>C,0,0.103503354
train-pg_dms__mlp__seed43,MLH1,P43246:375:T>A,0,0.0974402
train-pg_dms__mlp__seed43,MLH1,P43246:375:T>W,0,0.13102302
train-pg_dms__mlp__seed43,MLH1,P43246:375:T>Y,0,0.10379668
train-pg_dms__mlp__seed43,MLH1,P43246:387:L>W,0,0.15528648
train-pg_dms__mlp__seed43,MLH1,P43246:387:L>Y,0,0.188991
train-pg_dms__mlp__seed43,MLH1,P43246:387:L>E,0,0.7973915
train-pg_dms__mlp__seed43,MLH1,P43246:387:L>F,0,0.114253186
train-pg_dms__mlp__seed43,MLH1,P43246:387:L>G,0,0.47181234
train-pg_dms__mlp__seed43,MLH1,P43246:387:L>H,0,0.33072126
train-pg_dms__mlp__seed43,MLH1,P43246:387:L>T,0,0.1753497
train-pg_dms__mlp__seed43,MLH1,P43246:387:L>S,0,0.31383267
train-pg_dms__mlp__seed43,MLH1,P43246:387:L>Q,0,0.26826295
train-pg_dms__mlp__seed43,MLH1,P43246:387:L>P,0,0.58678126
train-pg_dms__mlp__seed43,MLH1,P43246:387:L>N,0,0.5250301
train-pg_dms__mlp__seed43,MLH1,P43246:387:L>M,0,0.09768232
train-pg_dms__mlp__seed43,MLH1,P43246:387:L>K,0,0.7731839
train-pg_dms__mlp__seed43,MLH1,P43246:387:L>C,0,0.18798314
train-pg_dms__mlp__seed43,MLH1,P43246:387:L>A,0,0.19676505
train-pg_dms__mlp__seed43,MLH1,P43246:390:L>C,0,0.25963953
train-pg_dms__mlp__seed43,MLH1,P43246:390:L>I,0,0.08925184
train-pg_dms__mlp__seed43,MLH1,P43246:390:L>K,0,0.43196246
train-pg_dms__mlp__seed43,MLH1,P43246:390:L>N,0,0.3111925
train-pg_dms__mlp__seed43,MLH1,P43246:390:L>A,0,0.1608969
train-pg_dms__mlp__seed43,MLH1,P43246:390:L>D,0,0.6993706
train-pg_dms__mlp__seed43,MLH1,P43246:390:L>M,0,0.09292329
train-pg_dms__mlp__seed43,MLH1,P43246:390:L>S,0,0.23396847
train-pg_dms__mlp__seed43,MLH1,P43246:390:L>H,0,0.2548918
train-pg_dms__mlp__seed43,MLH1,P43246:390:L>G,0,0.42347023
train-pg_dms__mlp__seed43,MLH1,P43246:390:L>W,1,0.26915106
train-pg_dms__mlp__seed43,MLH1,P43246:390:L>T,0,0.14972472
train-pg_dms__mlp__seed43,MLH1,P43246:390:L>R,0,0.37087733
train-pg_dms__mlp__seed43,MLH1,P43246:390:L>Q,0,0.16547145
train-pg_dms__mlp__seed43,MLH1,P43246:390:L>P,0,0.5983241
train-pg_dms__mlp__seed43,MLH1,P43246:390:L>E,0,0.47546706
train-pg_dms__mlp__seed43,MLH1,P43246:394:F>Y,0,0.13497387
train-pg_dms__mlp__seed43,MLH1,P43246:394:F>W,0,0.3393855
train-pg_dms__mlp__seed43,MLH1,P43246:394:F>V,0,0.17693661
train-pg_dms__mlp__seed43,MLH1,P43246:394:F>S,0,0.6926177
train-pg_dms__mlp__seed43,MLH1,P43246:394:F>R,1,0.7181913
train-pg_dms__mlp__seed43,MLH1,P43246:394:F>Q,0,0.71533185
train-pg_dms__mlp__seed43,MLH1,P43246:394:F>P,1,0.73612845
train-pg_dms__mlp__seed43,MLH1,P43246:394:F>L,0,0.3426116
train-pg_dms__mlp__seed43,MLH1,P43246:394:F>M,0,0.22481634
train-pg_dms__mlp__seed43,MLH1,P43246:394:F>K,0,0.72881055
train-pg_dms__mlp__seed43,MLH1,P43246:394:F>I,0,0.15826826
train-pg_dms__mlp__seed43,MLH1,P43246:394:F>H,0,0.68052715
train-pg_dms__mlp__seed43,MLH1,P43246:394:F>G,0,0.6975621
train-pg_dms__mlp__seed43,MLH1,P43246:394:F>D,1,0.7334017
train-pg_dms__mlp__seed43,MLH1,P43246:394:F>C,0,0.24509788
train-pg_dms__mlp__seed43,MLH1,P43246:394:F>N,0,0.7092241
train-pg_dms__mlp__seed43,MLH1,P43246:394:F>A,0,0.6411323
train-pg_dms__mlp__seed43,MLH1,P43246:394:F>T,1,0.6740056
train-pg_dms__mlp__seed43,MLH1,P43246:403:D>M,0,0.656262
train-pg_dms__mlp__seed43,MLH1,P43246:403:D>N,0,0.33144763
train-pg_dms__mlp__seed43,MLH1,P43246:403:D>H,0,0.5992188
train-pg_dms__mlp__seed43,MLH1,P43246:403:D>A,0,0.5865144
train-pg_dms__mlp__seed43,MLH1,P43246:403:D>C,0,0.6226912
train-pg_dms__mlp__seed43,MLH1,P43246:403:D>E,0,0.23959784
train-pg_dms__mlp__seed43,MLH1,P43246:403:D>F,0,0.6536435
train-pg_dms__mlp__seed43,MLH1,P43246:403:D>G,0,0.59026766
train-pg_dms__mlp__seed43,MLH1,P43246:403:D>I,0,0.64182204
train-pg_dms__mlp__seed43,MLH1,P43246:403:D>K,0,0.6570054
train-pg_dms__mlp__seed43,MLH1,P43246:403:D>L,0,0.64145124
train-pg_dms__mlp__seed43,MLH1,P43246:403:D>W,0,0.66511863
train-pg_dms__mlp__seed43,MLH1,P43246:403:D>V,0,0.5827529
train-pg_dms__mlp__seed43,MLH1,P43246:403:D>T,0,0.6230674
train-pg_dms__mlp__seed43,MLH1,P43246:403:D>S,0,0.5311373
train-pg_dms__mlp__seed43,MLH1,P43246:403:D>R,0,0.6592299
train-pg_dms__mlp__seed43,MLH1,P43246:403:D>Q,0,0.6298552
train-pg_dms__mlp__seed43,MLH1,P43246:403:D>P,0,0.6669457
train-pg_dms__mlp__seed43,MLH1,P43246:403:D>Y,0,0.5311373
train-pg_dms__mlp__seed43,MLH1,P43246:407:L>Y,0,0.6777419
train-pg_dms__mlp__seed43,MLH1,P43246:407:L>V,0,0.13684992
train-pg_dms__mlp__seed43,MLH1,P43246:407:L>W,0,0.67108583
train-pg_dms__mlp__seed43,MLH1,P43246:407:L>A,0,0.16263886
train-pg_dms__mlp__seed43,MLH1,P43246:407:L>C,0,0.20862733
train-pg_dms__mlp__seed43,MLH1,P43246:407:L>D,1,0.8792366
train-pg_dms__mlp__seed43,MLH1,P43246:407:L>F,0,0.14982341
train-pg_dms__mlp__seed43,MLH1,P43246:407:L>G,0,0.57635474
train-pg_dms__mlp__seed43,MLH1,P43246:407:L>H,0,0.7198931
train-pg_dms__mlp__seed43,MLH1,P43246:407:L>E,0,0.8443901
train-pg_dms__mlp__seed43,MLH1,P43246:407:L>M,0,0.1112076
train-pg_dms__mlp__seed43,MLH1,P43246:407:L>N,0,0.66891396
train-pg_dms__mlp__seed43,MLH1,P43246:407:L>P,1,0.8663951
train-pg_dms__mlp__seed43,MLH1,P43246:407:L>Q,0,0.58931667
train-pg_dms__mlp__seed43,MLH1,P43246:407:L>R,1,0.821557
train-pg_dms__mlp__seed43,MLH1,P43246:407:L>S,0,0.35803756
train-pg_dms__mlp__seed43,MLH1,P43246:407:L>T,0,0.24073441
train-pg_dms__mlp__seed43,MLH1,P43246:407:L>I,0,0.10721847
train-pg_dms__mlp__seed43,MLH1,P43246:416:N>S,0,0.09207605
train-pg_dms__mlp__seed43,MLH1,P43246:416:N>R,0,0.09687236
train-pg_dms__mlp__seed43,MLH1,P43246:416:N>Q,0,0.09601996
train-pg_dms__mlp__seed43,MLH1,P43246:416:N>P,1,0.10156008
train-pg_dms__mlp__seed43,MLH1,P43246:416:N>M,1,0.09601512
train-pg_dms__mlp__seed43,MLH1,P43246:416:N>L,0,0.0933175
train-pg_dms__mlp__seed43,MLH1,P43246:416:N>I,0,0.0931741
train-pg_dms__mlp__seed43,MLH1,P43246:416:N>H,0,0.09237607
train-pg_dms__mlp__seed43,MLH1,P43246:416:N>G,0,0.09361316
train-pg_dms__mlp__seed43,MLH1,P43246:416:N>F,0,0.09872512
train-pg_dms__mlp__seed43,MLH1,P43246:416:N>E,0,0.098496035
train-pg_dms__mlp__seed43,MLH1,P43246:416:N>C,0,0.094320536
train-pg_dms__mlp__seed43,MLH1,P43246:416:N>A,0,0.092317395
train-pg_dms__mlp__seed43,MLH1,P43246:416:N>T,0,0.0924668
train-pg_dms__mlp__seed43,MLH1,P43246:416:N>V,0,0.09278393
train-pg_dms__mlp__seed43,MLH1,P43246:416:N>K,0,0.095884144
train-pg_dms__mlp__seed43,MLH1,P43246:416:N>Y,0,0.09322653
train-pg_dms__mlp__seed43,MLH1,P43246:416:N>W,1,0.11382949
train-pg_dms__mlp__seed43,MLH1,P43246:417:V>Y,0,0.6823357
train-pg_dms__mlp__seed43,MLH1,P43246:417:V>A,0,0.19227393
train-pg_dms__mlp__seed43,MLH1,P43246:417:V>W,0,0.9364795
train-pg_dms__mlp__seed43,MLH1,P43246:417:V>T,0,0.1633955
train-pg_dms__mlp__seed43,MLH1,P43246:417:V>S,0,0.2860227
train-pg_dms__mlp__seed43,MLH1,P43246:417:V>R,1,0.93390936
train-pg_dms__mlp__seed43,MLH1,P43246:417:V>P,0,0.94365555
train-pg_dms__mlp__seed43,MLH1,P43246:417:V>M,0,0.121196315
train-pg_dms__mlp__seed43,MLH1,P43246:417:V>L,0,0.12095251
train-pg_dms__mlp__seed43,MLH1,P43246:417:V>I,0,0.13718788
train-pg_dms__mlp__seed43,MLH1,P43246:417:V>H,0,0.93828106
train-pg_dms__mlp__seed43,MLH1,P43246:417:V>G,0,0.31623057
train-pg_dms__mlp__seed43,MLH1,P43246:417:V>F,0,0.14095975
train-pg_dms__mlp__seed43,MLH1,P43246:417:V>E,1,0.9199215
train-pg_dms__mlp__seed43,MLH1,P43246:417:V>C,0,0.57878214
train-pg_dms__mlp__seed43,MLH1,P43246:417:V>K,0,0.94120425
train-pg_dms__mlp__seed43,MLH1,P43246:418:I>Y,0,0.18004233
train-pg_dms__mlp__seed43,MLH1,P43246:418:I>C,0,0.16181605
train-pg_dms__mlp__seed43,MLH1,P43246:418:I>V,0,0.10127045
train-pg_dms__mlp__seed43,MLH1,P43246:418:I>T,0,0.1442178
train-pg_dms__mlp__seed43,MLH1,P43246:418:I>S,0,0.11794395
train-pg_dms__mlp__seed43,MLH1,P43246:418:I>R,0,0.12888661
train-pg_dms__mlp__seed43,MLH1,P43246:418:I>Q,0,0.132739
train-pg_dms__mlp__seed43,MLH1,P43246:418:I>K,0,0.1435751
train-pg_dms__mlp__seed43,MLH1,P43246:418:I>N,0,0.12930267
train-pg_dms__mlp__seed43,MLH1,P43246:418:I>L,0,0.13170798
train-pg_dms__mlp__seed43,MLH1,P43246:418:I>H,0,0.16692461
train-pg_dms__mlp__seed43,MLH1,P43246:418:I>G,0,0.17843804
train-pg_dms__mlp__seed43,MLH1,P43246:418:I>F,0,0.10974078
train-pg_dms__mlp__seed43,MLH1,P43246:418:I>E,0,0.17494754
train-pg_dms__mlp__seed43,MLH1,P43246:418:I>A,0,0.121461056
train-pg_dms__mlp__seed43,MLH1,P43246:418:I>P,1,0.6704422
train-pg_dms__mlp__seed43,MLH1,P43246:418:I>D,0,0.37768438
train-pg_dms__mlp__seed43,MLH1,P43246:420:A>F,0,0.12551057
train-pg_dms__mlp__seed43,MLH1,P43246:420:A>Y,0,0.15644036
train-pg_dms__mlp__seed43,MLH1,P43246:420:A>G,0,0.10557552
train-pg_dms__mlp__seed43,MLH1,P43246:420:A>S,0,0.12425129
train-pg_dms__mlp__seed43,MLH1,P43246:420:A>V,0,0.12335933
train-pg_dms__mlp__seed43,MLH1,P43246:420:A>T,0,0.098375306
train-pg_dms__mlp__seed43,MLH1,P43246:420:A>H,0,0.17149398
train-pg_dms__mlp__seed43,MLH1,P43246:420:A>P,0,0.5527538
train-pg_dms__mlp__seed43,MLH1,P43246:420:A>N,0,0.12473319
train-pg_dms__mlp__seed43,MLH1,P43246:420:A>M,0,0.10650055
train-pg_dms__mlp__seed43,MLH1,P43246:420:A>L,0,0.10462374
train-pg_dms__mlp__seed43,MLH1,P43246:420:A>W,0,0.4060595
train-pg_dms__mlp__seed43,MLH1,P43246:420:A>R,0,0.21362066
train-pg_dms__mlp__seed43,MLH1,P43246:420:A>I,0,0.105611496
train-pg_dms__mlp__seed43,MLH1,P43246:420:A>D,0,0.17375524
train-pg_dms__mlp__seed43,MLH1,P43246:420:A>C,0,0.12151992
train-pg_dms__mlp__seed43,MLH1,P43246:420:A>K,0,0.24820411
train-pg_dms__mlp__seed43,MLH1,P43246:420:A>E,0,0.13042825
train-pg_dms__mlp__seed43,MLH1,P43246:427:K>F,0,0.097495265
train-pg_dms__mlp__seed43,MLH1,P43246:427:K>G,0,0.08190155
train-pg_dms__mlp__seed43,MLH1,P43246:427:K>W,0,0.10590358
train-pg_dms__mlp__seed43,MLH1,P43246:427:K>L,0,0.080837786
train-pg_dms__mlp__seed43,MLH1,P43246:427:K>M,0,0.08014426
train-pg_dms__mlp__seed43,MLH1,P43246:427:K>N,0,0.10134162
train-pg_dms__mlp__seed43,MLH1,P43246:427:K>P,0,0.08179269
train-pg_dms__mlp__seed43,MLH1,P43246:427:K>R,0,0.07803276
train-pg_dms__mlp__seed43,MLH1,P43246:427:K>S,0,0.080166236
train-pg_dms__mlp__seed43,MLH1,P43246:427:K>H,0,0.08134989
train-pg_dms__mlp__seed43,MLH1,P43246:427:K>T,0,0.07848582
train-pg_dms__mlp__seed43,MLH1,P43246:427:K>A,0,0.07994102
train-pg_dms__mlp__seed43,MLH1,P43246:427:K>Y,0,0.089183114
train-pg_dms__mlp__seed43,MLH1,P43246:427:K>D,0,0.082122184
train-pg_dms__mlp__seed43,MLH1,P43246:427:K>C,0,0.08831226
train-pg_dms__mlp__seed43,MLH1,P43246:427:K>V,0,0.080166236
train-pg_dms__mlp__seed43,MLH1,P43246:427:K>I,0,0.07998788
train-pg_dms__mlp__seed43,MLH1,P43246:429:Q>V,0,0.097019635
train-pg_dms__mlp__seed43,MLH1,P43246:429:Q>A,0,0.08795555
train-pg_dms__mlp__seed43,MLH1,P43246:429:Q>C,0,0.112290055
train-pg_dms__mlp__seed43,MLH1,P43246:429:Q>D,0,0.09522249
train-pg_dms__mlp__seed43,MLH1,P43246:429:Q>E,0,0.0832776
train-pg_dms__mlp__seed43,MLH1,P43246:429:Q>W,0,0.10608011
train-pg_dms__mlp__seed43,MLH1,P43246:429:Q>F,0,0.17359342
train-pg_dms__mlp__seed43,MLH1,P43246:429:Q>G,0,0.086512685
train-pg_dms__mlp__seed43,MLH1,P43246:429:Q>I,0,0.11304129
train-pg_dms__mlp__seed43,MLH1,P43246:429:Q>K,1,0.10451757
train-pg_dms__mlp__seed43,MLH1,P43246:429:Q>L,0,0.08756329
train-pg_dms__mlp__seed43,MLH1,P43246:429:Q>M,0,0.10850287
train-pg_dms__mlp__seed43,MLH1,P43246:429:Q>N,0,0.09319671
train-pg_dms__mlp__seed43,MLH1,P43246:429:Q>P,0,0.09353735
train-pg_dms__mlp__seed43,MLH1,P43246:429:Q>R,0,0.083350904
train-pg_dms__mlp__seed43,MLH1,P43246:429:Q>S,0,0.08780375
train-pg_dms__mlp__seed43,MLH1,P43246:429:Q>T,0,0.08896415
train-pg_dms__mlp__seed43,MLH1,P43246:429:Q>Y,0,0.10328132
train-pg_dms__mlp__seed43,MLH1,P43246:431:L>P,0,0.15492001
train-pg_dms__mlp__seed43,MLH1,P43246:431:L>Q,0,0.11699837
train-pg_dms__mlp__seed43,MLH1,P43246:431:L>R,0,0.1468058
train-pg_dms__mlp__seed43,MLH1,P43246:431:L>S,0,0.15253392
train-pg_dms__mlp__seed43,MLH1,P43246:431:L>T,0,0.11604785
train-pg_dms__mlp__seed43,MLH1,P43246:431:L>Y,0,0.17782988
train-pg_dms__mlp__seed43,MLH1,P43246:431:L>W,1,0.14580955
train-pg_dms__mlp__seed43,MLH1,P43246:431:L>N,0,0.15756144
train-pg_dms__mlp__seed43,MLH1,P43246:431:L>M,1,0.09751081
train-pg_dms__mlp__seed43,MLH1,P43246:431:L>K,0,0.19590463
train-pg_dms__mlp__seed43,MLH1,P43246:431:L>I,0,0.09731805
train-pg_dms__mlp__seed43,MLH1,P43246:431:L>H,0,0.14538217
train-pg_dms__mlp__seed43,MLH1,P43246:431:L>G,0,0.21309008
train-pg_dms__mlp__seed43,MLH1,P43246:431:L>E,0,0.18706694
train-pg_dms__mlp__seed43,MLH1,P43246:431:L>A,0,0.127162
train-pg_dms__mlp__seed43,MLH1,P43246:432:L>N,0,0.9062788
train-pg_dms__mlp__seed43,MLH1,P43246:432:L>P,0,0.90409535
train-pg_dms__mlp__seed43,MLH1,P43246:432:L>R,0,0.74163175
train-pg_dms__mlp__seed43,MLH1,P43246:432:L>Q,0,0.5294313
train-pg_dms__mlp__seed43,MLH1,P43246:432:L>T,0,0.4078705
train-pg_dms__mlp__seed43,MLH1,P43246:432:L>V,0,0.10940356
train-pg_dms__mlp__seed43,MLH1,P43246:432:L>M,0,0.1458217
train-pg_dms__mlp__seed43,MLH1,P43246:432:L>Y,0,0.65418607
train-pg_dms__mlp__seed43,MLH1,P43246:432:L>S,0,0.64164984
train-pg_dms__mlp__seed43,MLH1,P43246:432:L>K,0,0.8933692
train-pg_dms__mlp__seed43,MLH1,P43246:432:L>F,0,0.1778605
train-pg_dms__mlp__seed43,MLH1,P43246:432:L>H,0,0.7631722
train-pg_dms__mlp__seed43,MLH1,P43246:432:L>G,1,0.90173966
train-pg_dms__mlp__seed43,MLH1,P43246:432:L>E,0,0.9198393
train-pg_dms__mlp__seed43,MLH1,P43246:432:L>D,0,0.9490612
train-pg_dms__mlp__seed43,MLH1,P43246:432:L>C,0,0.48444074
train-pg_dms__mlp__seed43,MLH1,P43246:432:L>A,0,0.412539
train-pg_dms__mlp__seed43,MLH1,P43246:432:L>I,0,0.108070105
train-pg_dms__mlp__seed43,MLH1,P43246:434:A>L,0,0.1066322
train-pg_dms__mlp__seed43,MLH1,P43246:434:A>R,0,0.13162845
train-pg_dms__mlp__seed43,MLH1,P43246:434:A>S,0,0.09262163
train-pg_dms__mlp__seed43,MLH1,P43246:434:A>T,0,0.11380749
train-pg_dms__mlp__seed43,MLH1,P43246:434:A>V,0,0.099781685
train-pg_dms__mlp__seed43,MLH1,P43246:434:A>P,0,0.18931249
train-pg_dms__mlp__seed43,MLH1,P43246:434:A>N,0,0.10468958
train-pg_dms__mlp__seed43,MLH1,P43246:434:A>M,0,0.107428424
train-pg_dms__mlp__seed43,MLH1,P43246:434:A>K,0,0.14383827
train-pg_dms__mlp__seed43,MLH1,P43246:434:A>W,1,0.24871424
train-pg_dms__mlp__seed43,MLH1,P43246:434:A>G,0,0.097001396
train-pg_dms__mlp__seed43,MLH1,P43246:434:A>F,0,0.14164005
train-pg_dms__mlp__seed43,MLH1,P43246:434:A>E,0,0.10292015
train-pg_dms__mlp__seed43,MLH1,P43246:434:A>D,0,0.104224145
train-pg_dms__mlp__seed43,MLH1,P43246:434:A>C,0,0.1284365
train-pg_dms__mlp__seed43,MLH1,P43246:434:A>I,0,0.122917846
train-pg_dms__mlp__seed43,MLH1,P43246:436:F>A,1,0.8737961
train-pg_dms__mlp__seed43,MLH1,P43246:436:F>C,0,0.6150992
train-pg_dms__mlp__seed43,MLH1,P43246:436:F>E,0,0.9123958
train-pg_dms__mlp__seed43,MLH1,P43246:436:F>G,0,0.9036888
train-pg_dms__mlp__seed43,MLH1,P43246:436:F>I,0,0.3834891
train-pg_dms__mlp__seed43,MLH1,P43246:436:F>K,1,0.9126167
train-pg_dms__mlp__seed43,MLH1,P43246:436:F>L,0,0.8878632
train-pg_dms__mlp__seed43,MLH1,P43246:436:F>D,1,0.9120629
train-pg_dms__mlp__seed43,MLH1,P43246:436:F>N,0,0.9074473
train-pg_dms__mlp__seed43,MLH1,P43246:436:F>M,0,0.7876503
train-pg_dms__mlp__seed43,MLH1,P43246:436:F>W,0,0.55864906
train-pg_dms__mlp__seed43,MLH1,P43246:436:F>V,0,0.38513476
train-pg_dms__mlp__seed43,MLH1,P43246:436:F>P,1,0.9130563
train-pg_dms__mlp__seed43,MLH1,P43246:436:F>R,1,0.90939116
train-pg_dms__mlp__seed43,MLH1,P43246:436:F>Q,0,0.9102561
train-pg_dms__mlp__seed43,MLH1,P43246:436:F>T,0,0.8852035
train-pg_dms__mlp__seed43,MLH1,P43246:437:V>T,0,0.10241358
train-pg_dms__mlp__seed43,MLH1,P43246:437:V>S,0,0.103950344
train-pg_dms__mlp__seed43,MLH1,P43246:437:V>R,0,0.12478413
train-pg_dms__mlp__seed43,MLH1,P43246:437:V>Q,0,0.124562815
train-pg_dms__mlp__seed43,MLH1,P43246:437:V>P,1,0.47060755
train-pg_dms__mlp__seed43,MLH1,P43246:437:V>L,0,0.13288733
train-pg_dms__mlp__seed43,MLH1,P43246:437:V>I,0,0.09977515
train-pg_dms__mlp__seed43,MLH1,P43246:437:V>H,0,0.15436718
train-pg_dms__mlp__seed43,MLH1,P43246:437:V>G,0,0.105565466
train-pg_dms__mlp__seed43,MLH1,P43246:437:V>E,0,0.12928511
train-pg_dms__mlp__seed43,MLH1,P43246:437:V>D,0,0.14434041
train-pg_dms__mlp__seed43,MLH1,P43246:437:V>C,0,0.14938301
train-pg_dms__mlp__seed43,MLH1,P43246:437:V>A,0,0.10249227
train-pg_dms__mlp__seed43,MLH1,P43246:437:V>W,0,0.4073667
train-pg_dms__mlp__seed43,MLH1,P43246:437:V>K,0,0.13208187
train-pg_dms__mlp__seed43,MLH1,P43246:437:V>F,0,0.1109851
train-pg_dms__mlp__seed43,MLH1,P43246:437:V>Y,0,0.16206378
train-pg_dms__mlp__seed43,MLH1,P43246:440:L>K,1,0.94889003
train-pg_dms__mlp__seed43,MLH1,P43246:440:L>I,0,0.11603692
train-pg_dms__mlp__seed43,MLH1,P43246:440:L>H,1,0.9233011
train-pg_dms__mlp__seed43,MLH1,P43246:440:L>G,0,0.9348883
train-pg_dms__mlp__seed43,MLH1,P43246:440:L>E,1,0.9471445
train-pg_dms__mlp__seed43,MLH1,P43246:440:L>S,0,0.90085554
train-pg_dms__mlp__seed43,MLH1,P43246:440:L>N,1,0.94497806
train-pg_dms__mlp__seed43,MLH1,P43246:440:L>Q,0,0.90363526
train-pg_dms__mlp__seed43,MLH1,P43246:440:L>C,0,0.4073665
train-pg_dms__mlp__seed43,MLH1,P43246:440:L>T,0,0.687134
train-pg_dms__mlp__seed43,MLH1,P43246:440:L>V,0,0.15228435
train-pg_dms__mlp__seed43,MLH1,P43246:440:L>W,0,0.49035186
train-pg_dms__mlp__seed43,MLH1,P43246:440:L>Y,0,0.7242076
train-pg_dms__mlp__seed43,MLH1,P43246:440:L>M,0,0.11891227
train-pg_dms__mlp__seed43,MLH1,P43246:440:L>A,0,0.45841783
train-pg_dms__mlp__seed43,MLH1,P43246:440:L>D,1,0.95425344
train-pg_dms__mlp__seed43,MLH1,P43246:448:S>D,0,0.104099475
train-pg_dms__mlp__seed43,MLH1,P43246:448:S>N,0,0.09214418
train-pg_dms__mlp__seed43,MLH1,P43246:448:S>M,0,0.09310085
train-pg_dms__mlp__seed43,MLH1,P43246:448:S>L,0,0.08929884
train-pg_dms__mlp__seed43,MLH1,P43246:448:S>I,0,0.09180514
train-pg_dms__mlp__seed43,MLH1,P43246:448:S>H,0,0.10220697
train-pg_dms__mlp__seed43,MLH1,P43246:448:S>G,0,0.08936892
train-pg_dms__mlp__seed43,MLH1,P43246:448:S>F,0,0.11895395
train-pg_dms__mlp__seed43,MLH1,P43246:448:S>E,0,0.10682726
train-pg_dms__mlp__seed43,MLH1,P43246:448:S>W,1,0.106747285
train-pg_dms__mlp__seed43,MLH1,P43246:448:S>V,0,0.09175251
train-pg_dms__mlp__seed43,MLH1,P43246:448:S>T,0,0.0893783
train-pg_dms__mlp__seed43,MLH1,P43246:448:S>Q,0,0.107994385
train-pg_dms__mlp__seed43,MLH1,P43246:448:S>P,0,0.20931867
train-pg_dms__mlp__seed43,MLH1,P43246:448:S>R,0,0.117909156
train-pg_dms__mlp__seed43,MLH1,P43246:448:S>A,0,0.08885316
train-pg_dms__mlp__seed43,MLH1,P43246:451:Q>N,0,0.23042104
train-pg_dms__mlp__seed43,MLH1,P43246:451:Q>W,0,0.49607182
train-pg_dms__mlp__seed43,MLH1,P43246:451:Q>V,1,0.102788545
train-pg_dms__mlp__seed43,MLH1,P43246:451:Q>T,0,0.104223475
train-pg_dms__mlp__seed43,MLH1,P43246:451:Q>S,0,0.12767951
train-pg_dms__mlp__seed43,MLH1,P43246:451:Q>R,0,0.09541621
train-pg_dms__mlp__seed43,MLH1,P43246:451:Q>P,0,0.63801247
train-pg_dms__mlp__seed43,MLH1,P43246:451:Q>Y,0,0.37360093
train-pg_dms__mlp__seed43,MLH1,P43246:451:Q>M,1,0.11796168
train-pg_dms__mlp__seed43,MLH1,P43246:451:Q>I,1,0.11828611
train-pg_dms__mlp__seed43,MLH1,P43246:451:Q>K,0,0.09496753
train-pg_dms__mlp__seed43,MLH1,P43246:451:Q>H,0,0.1515557
train-pg_dms__mlp__seed43,MLH1,P43246:451:Q>G,0,0.122003496
train-pg_dms__mlp__seed43,MLH1,P43246:451:Q>E,0,0.091239825
train-pg_dms__mlp__seed43,MLH1,P43246:451:Q>D,0,0.50357455
train-pg_dms__mlp__seed43,MLH1,P43246:451:Q>C,0,0.19933559
train-pg_dms__mlp__seed43,MLH1,P43246:451:Q>A,0,0.105548926
train-pg_dms__mlp__seed43,MLH1,P43246:451:Q>L,0,0.09539978
train-pg_dms__mlp__seed43,MLH1,P43246:457:T>W,0,0.86753017
train-pg_dms__mlp__seed43,MLH1,P43246:457:T>V,0,0.47876465
train-pg_dms__mlp__seed43,MLH1,P43246:457:T>S,0,0.6969329
train-pg_dms__mlp__seed43,MLH1,P43246:457:T>R,1,0.86206245
train-pg_dms__mlp__seed43,MLH1,P43246:457:T>Q,0,0.8609655
train-pg_dms__mlp__seed43,MLH1,P43246:457:T>P,1,0.84326804
train-pg_dms__mlp__seed43,MLH1,P43246:457:T>N,0,0.8407374
train-pg_dms__mlp__seed43,MLH1,P43246:457:T>M,0,0.63623303
train-pg_dms__mlp__seed43,MLH1,P43246:457:T>L,0,0.7568899
train-pg_dms__mlp__seed43,MLH1,P43246:457:T>K,0,0.8642207
train-pg_dms__mlp__seed43,MLH1,P43246:457:T>I,0,0.6442363
train-pg_dms__mlp__seed43,MLH1,P43246:457:T>H,0,0.8592877
train-pg_dms__mlp__seed43,MLH1,P43246:457:T>A,1,0.46046674
train-pg_dms__mlp__seed43,MLH1,P43246:457:T>C,0,0.82130176
train-pg_dms__mlp__seed43,MLH1,P43246:457:T>D,0,0.8666533
train-pg_dms__mlp__seed43,MLH1,P43246:457:T>G,1,0.8486106
train-pg_dms__mlp__seed43,MLH1,P43246:462:Q>R,0,0.08983358
train-pg_dms__mlp__seed43,MLH1,P43246:462:Q>P,0,0.48982695
train-pg_dms__mlp__seed43,MLH1,P43246:462:Q>N,0,0.08386615
train-pg_dms__mlp__seed43,MLH1,P43246:462:Q>M,0,0.07305159
train-pg_dms__mlp__seed43,MLH1,P43246:462:Q>L,0,0.06616957
train-pg_dms__mlp__seed43,MLH1,P43246:462:Q>K,0,0.0888519
train-pg_dms__mlp__seed43,MLH1,P43246:462:Q>I,0,0.114709005
train-pg_dms__mlp__seed43,MLH1,P43246:462:Q>D,0,0.1883914
train-pg_dms__mlp__seed43,MLH1,P43246:462:Q>F,0,0.30402532
train-pg_dms__mlp__seed43,MLH1,P43246:462:Q>E,0,0.09583769
train-pg_dms__mlp__seed43,MLH1,P43246:462:Q>C,0,0.12590325
train-pg_dms__mlp__seed43,MLH1,P43246:462:Q>A,0,0.06722618
train-pg_dms__mlp__seed43,MLH1,P43246:462:Q>Y,0,0.13032468
train-pg_dms__mlp__seed43,MLH1,P43246:462:Q>W,0,0.31418526
train-pg_dms__mlp__seed43,MLH1,P43246:462:Q>V,0,0.07629126
train-pg_dms__mlp__seed43,MLH1,P43246:462:Q>G,0,0.07851493
train-pg_dms__mlp__seed43,MLH1,P43246:462:Q>S,0,0.0745924
train-pg_dms__mlp__seed43,MLH1,P43246:462:Q>T,0,0.07101062
train-pg_dms__mlp__seed43,MLH1,P43246:468:F>D,1,0.87231785
train-pg_dms__mlp__seed43,MLH1,P43246:468:F>E,1,0.8734701
train-pg_dms__mlp__seed43,MLH1,P43246:468:F>G,1,0.8717373
train-pg_dms__mlp__seed43,MLH1,P43246:468:F>H,0,0.8544593
train-pg_dms__mlp__seed43,MLH1,P43246:468:F>I,0,0.74139047
train-pg_dms__mlp__seed43,MLH1,P43246:468:F>M,0,0.8466818
train-pg_dms__mlp__seed43,MLH1,P43246:468:F>L,0,0.6772225
train-pg_dms__mlp__seed43,MLH1,P43246:468:F>W,0,0.5516271
train-pg_dms__mlp__seed43,MLH1,P43246:468:F>V,0,0.7725622
train-pg_dms__mlp__seed43,MLH1,P43246:468:F>T,1,0.8707115
train-pg_dms__mlp__seed43,MLH1,P43246:468:F>S,1,0.8686196
train-pg_dms__mlp__seed43,MLH1,P43246:468:F>P,0,0.8741843
train-pg_dms__mlp__seed43,MLH1,P43246:468:F>C,0,0.84237576
train-pg_dms__mlp__seed43,MLH1,P43246:468:F>N,1,0.86086553
train-pg_dms__mlp__seed43,MLH1,P43246:468:F>K,0,0.8731831
train-pg_dms__mlp__seed43,MLH1,P43246:468:F>Y,0,0.07876977
train-pg_dms__mlp__seed43,MLH1,P43246:468:F>A,0,0.8708595
train-pg_dms__mlp__seed43,MLH1,P43246:468:F>R,0,0.8713
train-pg_dms__mlp__seed43,MLH1,P43246:473:S>D,0,0.095489405
train-pg_dms__mlp__seed43,MLH1,P43246:473:S>Y,0,0.11486659
train-pg_dms__mlp__seed43,MLH1,P43246:473:S>W,0,0.24685892
train-pg_dms__mlp__seed43,MLH1,P43246:473:S>V,0,0.081977025
train-pg_dms__mlp__seed43,MLH1,P43246:473:S>T,0,0.071471974
train-pg_dms__mlp__seed43,MLH1,P43246:473:S>A,0,0.072134174
train-pg_dms__mlp__seed43,MLH1,P43246:473:S>C,0,0.076614834
train-pg_dms__mlp__seed43,MLH1,P43246:473:S>E,0,0.12317726
train-pg_dms__mlp__seed43,MLH1,P43246:473:S>G,0,0.07309242
train-pg_dms__mlp__seed43,MLH1,P43246:473:S>R,0,0.33677432
train-pg_dms__mlp__seed43,MLH1,P43246:473:S>Q,0,0.1555515
train-pg_dms__mlp__seed43,MLH1,P43246:473:S>P,0,0.2746375
train-pg_dms__mlp__seed43,MLH1,P43246:473:S>N,0,0.07766398
train-pg_dms__mlp__seed43,MLH1,P43246:473:S>M,0,0.08429839
train-pg_dms__mlp__seed43,MLH1,P43246:473:S>L,0,0.10852003
train-pg_dms__mlp__seed43,MLH1,P43246:473:S>K,0,0.35848704
train-pg_dms__mlp__seed43,MLH1,P43246:473:S>I,0,0.08984362
train-pg_dms__mlp__seed43,MLH1,P43246:473:S>H,0,0.13593857
train-pg_dms__mlp__seed43,MLH1,P43246:473:S>F,0,0.1342715
train-pg_dms__mlp__seed43,MLH1,P43246:475:D>C,0,0.6031498
train-pg_dms__mlp__seed43,MLH1,P43246:475:D>S,0,0.3838671
train-pg_dms__mlp__seed43,MLH1,P43246:475:D>V,0,0.57435733
train-pg_dms__mlp__seed43,MLH1,P43246:475:D>W,0,0.63812524
train-pg_dms__mlp__seed43,MLH1,P43246:475:D>Y,0,0.4763311
train-pg_dms__mlp__seed43,MLH1,P43246:475:D>R,0,0.61848587
train-pg_dms__mlp__seed43,MLH1,P43246:475:D>Q,0,0.6126757
train-pg_dms__mlp__seed43,MLH1,P43246:475:D>T,0,0.61964345
train-pg_dms__mlp__seed43,MLH1,P43246:475:D>N,0,0.34223643
train-pg_dms__mlp__seed43,MLH1,P43246:475:D>F,0,0.62172
train-pg_dms__mlp__seed43,MLH1,P43246:475:D>M,0,0.6342646
train-pg_dms__mlp__seed43,MLH1,P43246:475:D>L,0,0.573082
train-pg_dms__mlp__seed43,MLH1,P43246:475:D>K,0,0.6304032
train-pg_dms__mlp__seed43,MLH1,P43246:475:D>I,0,0.61819625
train-pg_dms__mlp__seed43,MLH1,P43246:475:D>P,1,0.63574433
train-pg_dms__mlp__seed43,MLH1,P43246:475:D>E,0,0.51020306
train-pg_dms__mlp__seed43,MLH1,P43246:475:D>G,0,0.61354965
train-pg_dms__mlp__seed43,MLH1,P43246:475:D>H,0,0.6024004
train-pg_dms__mlp__seed43,MLH1,P43246:482:R>Y,0,0.17887974
train-pg_dms__mlp__seed43,MLH1,P43246:482:R>W,0,0.12902398
train-pg_dms__mlp__seed43,MLH1,P43246:482:R>V,0,0.25457224
train-pg_dms__mlp__seed43,MLH1,P43246:482:R>S,0,0.24555734
train-pg_dms__mlp__seed43,MLH1,P43246:482:R>P,1,0.53940713
train-pg_dms__mlp__seed43,MLH1,P43246:482:R>M,0,0.21829078
train-pg_dms__mlp__seed43,MLH1,P43246:482:R>L,1,0.18264836
train-pg_dms__mlp__seed43,MLH1,P43246:482:R>H,0,0.08921581
train-pg_dms__mlp__seed43,MLH1,P43246:482:R>G,0,0.25658372
train-pg_dms__mlp__seed43,MLH1,P43246:482:R>F,0,0.33270547
train-pg_dms__mlp__seed43,MLH1,P43246:482:R>E,1,0.2135259
train-pg_dms__mlp__seed43,MLH1,P43246:482:R>D,0,0.4093384
train-pg_dms__mlp__seed43,MLH1,P43246:482:R>A,0,0.22370976
train-pg_dms__mlp__seed43,MLH1,P43246:482:R>N,0,0.29114336
train-pg_dms__mlp__seed43,MLH1,P43246:482:R>K,0,0.08900516
train-pg_dms__mlp__seed43,MLH1,P43246:482:R>Q,0,0.09306355
train-pg_dms__mlp__seed43,MLH1,P43246:489:E>D,0,0.08825838
train-pg_dms__mlp__seed43,MLH1,P43246:489:E>K,1,0.20425776
train-pg_dms__mlp__seed43,MLH1,P43246:489:E>C,0,0.64035887
train-pg_dms__mlp__seed43,MLH1,P43246:489:E>L,0,0.21999545
train-pg_dms__mlp__seed43,MLH1,P43246:489:E>M,0,0.34175608
train-pg_dms__mlp__seed43,MLH1,P43246:489:E>N,0,0.11942877
train-pg_dms__mlp__seed43,MLH1,P43246:489:E>P,0,0.721933
train-pg_dms__mlp__seed43,MLH1,P43246:489:E>Q,0,0.0928555
train-pg_dms__mlp__seed43,MLH1,P43246:489:E>R,0,0.15978432
train-pg_dms__mlp__seed43,MLH1,P43246:489:E>S,0,0.109992065
train-pg_dms__mlp__seed43,MLH1,P43246:489:E>T,0,0.12873207
train-pg_dms__mlp__seed43,MLH1,P43246:489:E>V,0,0.14311375
train-pg_dms__mlp__seed43,MLH1,P43246:489:E>W,0,0.7062686
train-pg_dms__mlp__seed43,MLH1,P43246:489:E>Y,0,0.47529373
train-pg_dms__mlp__seed43,MLH1,P43246:489:E>A,0,0.1139019
train-pg_dms__mlp__seed43,MLH1,P43246:489:E>G,0,0.09679712
train-pg_dms__mlp__seed43,MLH1,P43246:489:E>F,0,0.652596
train-pg_dms__mlp__seed43,MLH1,P43246:489:E>I,0,0.24650463
train-pg_dms__mlp__seed43,MLH1,P43246:489:E>H,0,0.20083351
train-pg_dms__mlp__seed43,MLH1,P43246:490:K>N,0,0.08929785
train-pg_dms__mlp__seed43,MLH1,P43246:490:K>P,0,0.38803682
train-pg_dms__mlp__seed43,MLH1,P43246:490:K>M,1,0.088860735
train-pg_dms__mlp__seed43,MLH1,P43246:490:K>L,0,0.09241109
train-pg_dms__mlp__seed43,MLH1,P43246:490:K>I,0,0.09288333
train-pg_dms__mlp__seed43,MLH1,P43246:490:K>H,0,0.09173431
train-pg_dms__mlp__seed43,MLH1,P43246:490:K>G,0,0.08970147
train-pg_dms__mlp__seed43,MLH1,P43246:490:K>F,0,0.13625483
train-pg_dms__mlp__seed43,MLH1,P43246:490:K>E,0,0.08615927
train-pg_dms__mlp__seed43,MLH1,P43246:490:K>D,0,0.09429551
train-pg_dms__mlp__seed43,MLH1,P43246:490:K>C,0,0.114047065
train-pg_dms__mlp__seed43,MLH1,P43246:490:K>A,0,0.08968587
train-pg_dms__mlp__seed43,MLH1,P43246:490:K>R,0,0.08580147
train-pg_dms__mlp__seed43,MLH1,P43246:490:K>Q,0,0.08576228
train-pg_dms__mlp__seed43,MLH1,P43246:490:K>T,0,0.08655618
train-pg_dms__mlp__seed43,MLH1,P43246:490:K>S,0,0.08999986
train-pg_dms__mlp__seed43,MLH1,P43246:490:K>V,0,0.09075644
train-pg_dms__mlp__seed43,MLH1,P43246:490:K>W,0,0.15215383
train-pg_dms__mlp__seed43,MLH1,P43246:490:K>Y,0,0.1143985
train-pg_dms__mlp__seed43,MLH1,P43246:491:K>N,0,0.12492235
train-pg_dms__mlp__seed43,MLH1,P43246:491:K>Q,0,0.091534354
train-pg_dms__mlp__seed43,MLH1,P43246:491:K>P,1,0.41539776
train-pg_dms__mlp__seed43,MLH1,P43246:491:K>M,0,0.100610875
train-pg_dms__mlp__seed43,MLH1,P43246:491:K>L,0,0.108395815
train-pg_dms__mlp__seed43,MLH1,P43246:491:K>I,0,0.113033034
train-pg_dms__mlp__seed43,MLH1,P43246:491:K>R,0,0.09101918
train-pg_dms__mlp__seed43,MLH1,P43246:491:K>S,0,0.098883815
train-pg_dms__mlp__seed43,MLH1,P43246:491:K>V,0,0.10731851
train-pg_dms__mlp__seed43,MLH1,P43246:491:K>T,0,0.09316197
train-pg_dms__mlp__seed43,MLH1,P43246:491:K>Y,0,0.15454224
train-pg_dms__mlp__seed43,MLH1,P43246:491:K>A,0,0.10189838
train-pg_dms__mlp__seed43,MLH1,P43246:491:K>W,0,0.21243216
train-pg_dms__mlp__seed43,MLH1,P43246:491:K>D,0,0.10382294
train-pg_dms__mlp__seed43,MLH1,P43246:491:K>E,0,0.092618145
train-pg_dms__mlp__seed43,MLH1,P43246:491:K>C,0,0.13697182
train-pg_dms__mlp__seed43,MLH1,P43246:491:K>G,0,0.10704769
train-pg_dms__mlp__seed43,MLH1,P43246:491:K>H,0,0.10193842
train-pg_dms__mlp__seed43,MLH1,P43246:491:K>F,0,0.22078459
train-pg_dms__mlp__seed43,MLH1,P43246:505:L>P,1,0.8497528
train-pg_dms__mlp__seed43,MLH1,P43246:505:L>Q,0,0.25515503
train-pg_dms__mlp__seed43,MLH1,P43246:505:L>C,0,0.3063115
train-pg_dms__mlp__seed43,MLH1,P43246:505:L>D,1,0.84960794
train-pg_dms__mlp__seed43,MLH1,P43246:505:L>E,1,0.77245075
train-pg_dms__mlp__seed43,MLH1,P43246:505:L>F,0,0.1192385
train-pg_dms__mlp__seed43,MLH1,P43246:505:L>G,0,0.7103318
train-pg_dms__mlp__seed43,MLH1,P43246:505:L>H,0,0.61308545
train-pg_dms__mlp__seed43,MLH1,P43246:505:L>I,0,0.08777185
train-pg_dms__mlp__seed43,MLH1,P43246:505:L>K,0,0.6587153
train-pg_dms__mlp__seed43,MLH1,P43246:505:L>M,0,0.08748533
train-pg_dms__mlp__seed43,MLH1,P43246:505:L>V,0,0.08983469
train-pg_dms__mlp__seed43,MLH1,P43246:505:L>T,0,0.2672811
train-pg_dms__mlp__seed43,MLH1,P43246:505:L>S,0,0.5736961
train-pg_dms__mlp__seed43,MLH1,P43246:505:L>R,0,0.6324239
train-pg_dms__mlp__seed43,MLH1,P43246:505:L>A,0,0.26351973
train-pg_dms__mlp__seed43,MLH1,P43246:505:L>Y,0,0.5627895
train-pg_dms__mlp__seed43,MLH1,P43246:507:P>A,0,0.0728125
train-pg_dms__mlp__seed43,MLH1,P43246:507:P>W,0,0.3846073
train-pg_dms__mlp__seed43,MLH1,P43246:507:P>V,0,0.07705858
train-pg_dms__mlp__seed43,MLH1,P43246:507:P>C,0,0.09564992
train-pg_dms__mlp__seed43,MLH1,P43246:507:P>R,0,0.14232154
train-pg_dms__mlp__seed43,MLH1,P43246:507:P>Y,0,0.12693961
train-pg_dms__mlp__seed43,MLH1,P43246:507:P>Q,0,0.07878504
train-pg_dms__mlp__seed43,MLH1,P43246:507:P>N,0,0.09675292
train-pg_dms__mlp__seed43,MLH1,P43246:507:P>M,0,0.08662425
train-pg_dms__mlp__seed43,MLH1,P43246:507:P>L,0,0.0784533
train-pg_dms__mlp__seed43,MLH1,P43246:507:P>K,0,0.101306975
train-pg_dms__mlp__seed43,MLH1,P43246:507:P>I,0,0.08288974
train-pg_dms__mlp__seed43,MLH1,P43246:507:P>H,0,0.08335107
train-pg_dms__mlp__seed43,MLH1,P43246:507:P>G,0,0.082268655
train-pg_dms__mlp__seed43,MLH1,P43246:507:P>F,0,0.13937852
train-pg_dms__mlp__seed43,MLH1,P43246:507:P>E,0,0.09887727
train-pg_dms__mlp__seed43,MLH1,P43246:507:P>D,0,0.20899765
train-pg_dms__mlp__seed43,MLH1,P43246:507:P>S,0,0.07499574
train-pg_dms__mlp__seed43,MLH1,P43246:523:F>Y,0,0.122887366
train-pg_dms__mlp__seed43,MLH1,P43246:523:F>W,0,0.9617625
train-pg_dms__mlp__seed43,MLH1,P43246:523:F>V,1,0.90130365
train-pg_dms__mlp__seed43,MLH1,P43246:523:F>T,1,0.9806638
train-pg_dms__mlp__seed43,MLH1,P43246:523:F>R,1,0.98090017
train-pg_dms__mlp__seed43,MLH1,P43246:523:F>Q,1,0.9807709
train-pg_dms__mlp__seed43,MLH1,P43246:523:F>P,1,0.9813208
train-pg_dms__mlp__seed43,MLH1,P43246:523:F>M,0,0.35161328
train-pg_dms__mlp__seed43,MLH1,P43246:523:F>N,1,0.9807945
train-pg_dms__mlp__seed43,MLH1,P43246:523:F>A,1,0.9795632
train-pg_dms__mlp__seed43,MLH1,P43246:523:F>D,1,0.98128754
train-pg_dms__mlp__seed43,MLH1,P43246:523:F>E,1,0.981254
train-pg_dms__mlp__seed43,MLH1,P43246:523:F>C,0,0.8637905
train-pg_dms__mlp__seed43,MLH1,P43246:523:F>H,1,0.97960234
train-pg_dms__mlp__seed43,MLH1,P43246:523:F>I,1,0.8094476
train-pg_dms__mlp__seed43,MLH1,P43246:523:F>K,1,0.9811979
train-pg_dms__mlp__seed43,MLH1,P43246:523:F>L,0,0.81528133
train-pg_dms__mlp__seed43,MLH1,P43246:523:F>G,1,0.9804703
train-pg_dms__mlp__seed43,MLH1,P43246:526:T>K,0,0.81752145
train-pg_dms__mlp__seed43,MLH1,P43246:526:T>Q,0,0.8142432
train-pg_dms__mlp__seed43,MLH1,P43246:526:T>R,0,0.8074138
train-pg_dms__mlp__seed43,MLH1,P43246:526:T>S,0,0.18548642
train-pg_dms__mlp__seed43,MLH1,P43246:526:T>I,0,0.64391285
train-pg_dms__mlp__seed43,MLH1,P43246:526:T>H,0,0.82463026
train-pg_dms__mlp__seed43,MLH1,P43246:526:T>A,0,0.20254698
train-pg_dms__mlp__seed43,MLH1,P43246:526:T>F,0,0.8287045
train-pg_dms__mlp__seed43,MLH1,P43246:526:T>E,0,0.8558619
train-pg_dms__mlp__seed43,MLH1,P43246:526:T>D,0,0.8530376
train-pg_dms__mlp__seed43,MLH1,P43246:526:T>V,0,0.6336356
train-pg_dms__mlp__seed43,MLH1,P43246:526:T>L,0,0.4030358
train-pg_dms__mlp__seed43,MLH1,P43246:526:T>C,0,0.8272895
train-pg_dms__mlp__seed43,MLH1,P43246:526:T>P,0,0.15837947
train-pg_dms__mlp__seed43,MLH1,P43246:526:T>M,0,0.31873983
train-pg_dms__mlp__seed43,MLH1,P43246:526:T>G,0,0.38664564
train-pg_dms__mlp__seed43,MLH1,P43246:526:T>W,1,0.8565211
train-pg_dms__mlp__seed43,MLH1,P43246:527:C>W,0,0.47350782
train-pg_dms__mlp__seed43,MLH1,P43246:527:C>S,0,0.16827515
train-pg_dms__mlp__seed43,MLH1,P43246:527:C>A,0,0.07307638
train-pg_dms__mlp__seed43,MLH1,P43246:527:C>E,1,0.74627435
train-pg_dms__mlp__seed43,MLH1,P43246:527:C>G,0,0.06135844
train-pg_dms__mlp__seed43,MLH1,P43246:527:C>H,0,0.378313
train-pg_dms__mlp__seed43,MLH1,P43246:527:C>I,0,0.11444138
train-pg_dms__mlp__seed43,MLH1,P43246:527:C>K,0,0.6448333
train-pg_dms__mlp__seed43,MLH1,P43246:527:C>L,0,0.065478295
train-pg_dms__mlp__seed43,MLH1,P43246:527:C>D,1,0.74627435
train-pg_dms__mlp__seed43,MLH1,P43246:527:C>M,0,0.09649937
train-pg_dms__mlp__seed43,MLH1,P43246:527:C>P,0,0.6154752
train-pg_dms__mlp__seed43,MLH1,P43246:527:C>Q,0,0.24282777
train-pg_dms__mlp__seed43,MLH1,P43246:527:C>R,0,0.25698787
train-pg_dms__mlp__seed43,MLH1,P43246:527:C>T,0,0.09140899
train-pg_dms__mlp__seed43,MLH1,P43246:527:C>V,0,0.1549356
train-pg_dms__mlp__seed43,MLH1,P43246:527:C>N,0,0.104906574
train-pg_dms__mlp__seed43,MLH1,P43246:527:C>F,0,0.07121504
train-pg_dms__mlp__seed43,MLH1,P43246:529:E>I,0,0.6642204
train-pg_dms__mlp__seed43,MLH1,P43246:529:E>C,0,0.7720637
train-pg_dms__mlp__seed43,MLH1,P43246:529:E>A,0,0.17803338
train-pg_dms__mlp__seed43,MLH1,P43246:529:E>Y,0,0.7266051
train-pg_dms__mlp__seed43,MLH1,P43246:529:E>W,0,0.7930645
train-pg_dms__mlp__seed43,MLH1,P43246:529:E>T,0,0.48196822
train-pg_dms__mlp__seed43,MLH1,P43246:529:E>S,0,0.35983267
train-pg_dms__mlp__seed43,MLH1,P43246:529:E>R,0,0.7342167
train-pg_dms__mlp__seed43,MLH1,P43246:529:E>Q,0,0.22645889
train-pg_dms__mlp__seed43,MLH1,P43246:529:E>P,0,0.79510033
train-pg_dms__mlp__seed43,MLH1,P43246:529:E>V,0,0.37142262
train-pg_dms__mlp__seed43,MLH1,P43246:529:E>M,0,0.64496684
train-pg_dms__mlp__seed43,MLH1,P43246:529:E>N,0,0.31037405
train-pg_dms__mlp__seed43,MLH1,P43246:529:E>D,0,0.06881032
train-pg_dms__mlp__seed43,MLH1,P43246:529:E>F,0,0.7702578
train-pg_dms__mlp__seed43,MLH1,P43246:529:E>H,0,0.7475716
train-pg_dms__mlp__seed43,MLH1,P43246:529:E>K,0,0.65986276
train-pg_dms__mlp__seed43,MLH1,P43246:529:E>G,0,0.21398912
train-pg_dms__mlp__seed43,MLH1,P43246:529:E>L,0,0.6416186
train-pg_dms__mlp__seed43,MLH1,P43246:532:V>D,0,0.17337048
train-pg_dms__mlp__seed43,MLH1,P43246:532:V>K,0,0.12730703
train-pg_dms__mlp__seed43,MLH1,P43246:532:V>G,0,0.06892742
train-pg_dms__mlp__seed43,MLH1,P43246:532:V>F,0,0.071729586
train-pg_dms__mlp__seed43,MLH1,P43246:532:V>A,0,0.0943632
train-pg_dms__mlp__seed43,MLH1,P43246:532:V>C,0,0.091845
train-pg_dms__mlp__seed43,MLH1,P43246:532:V>E,0,0.100552514
train-pg_dms__mlp__seed43,MLH1,P43246:532:V>Y,0,0.10867707
train-pg_dms__mlp__seed43,MLH1,P43246:532:V>W,0,0.33492157
train-pg_dms__mlp__seed43,MLH1,P43246:532:V>L,0,0.06996172
train-pg_dms__mlp__seed43,MLH1,P43246:532:V>M,0,0.06917776
train-pg_dms__mlp__seed43,MLH1,P43246:532:V>N,0,0.07025524
train-pg_dms__mlp__seed43,MLH1,P43246:532:V>P,0,0.10455272
train-pg_dms__mlp__seed43,MLH1,P43246:532:V>T,0,0.06847308
train-pg_dms__mlp__seed43,MLH1,P43246:532:V>S,0,0.0680903
train-pg_dms__mlp__seed43,MLH1,P43246:532:V>Q,0,0.08182928
train-pg_dms__mlp__seed43,MLH1,P43246:532:V>R,0,0.13335341
train-pg_dms__mlp__seed43,MLH1,P43246:546:K>I,1,0.47029918
train-pg_dms__mlp__seed43,MLH1,P43246:546:K>A,0,0.45506814
train-pg_dms__mlp__seed43,MLH1,P43246:546:K>Y,0,0.47256812
train-pg_dms__mlp__seed43,MLH1,P43246:546:K>W,1,0.47884217
train-pg_dms__mlp__seed43,MLH1,P43246:546:K>V,0,0.44775933
train-pg_dms__mlp__seed43,MLH1,P43246:546:K>T,0,0.43067777
train-pg_dms__mlp__seed43,MLH1,P43246:546:K>S,0,0.46553585
train-pg_dms__mlp__seed43,MLH1,P43246:546:K>Q,0,0.40098634
train-pg_dms__mlp__seed43,MLH1,P43246:546:K>P,1,0.46644756
train-pg_dms__mlp__seed43,MLH1,P43246:546:K>N,0,0.38498506
train-pg_dms__mlp__seed43,MLH1,P43246:546:K>M,0,0.4564601
train-pg_dms__mlp__seed43,MLH1,P43246:546:K>L,0,0.46203956
train-pg_dms__mlp__seed43,MLH1,P43246:546:K>H,0,0.43046317
train-pg_dms__mlp__seed43,MLH1,P43246:546:K>G,0,0.43497846
train-pg_dms__mlp__seed43,MLH1,P43246:546:K>C,0,0.4712065
train-pg_dms__mlp__seed43,MLH1,P43246:546:K>E,1,0.4750538
train-pg_dms__mlp__seed43,MLH1,P43246:546:K>D,1,0.4766131
train-pg_dms__mlp__seed43,MLH1,P43246:549:V>A,1,0.85054326
train-pg_dms__mlp__seed43,MLH1,P43246:549:V>I,0,0.13311978
train-pg_dms__mlp__seed43,MLH1,P43246:549:V>H,0,0.9201903
train-pg_dms__mlp__seed43,MLH1,P43246:549:V>G,1,0.8455787
train-pg_dms__mlp__seed43,MLH1,P43246:549:V>F,0,0.7443653
train-pg_dms__mlp__seed43,MLH1,P43246:549:V>E,1,0.9165186
train-pg_dms__mlp__seed43,MLH1,P43246:549:V>D,1,0.9214229
train-pg_dms__mlp__seed43,MLH1,P43246:549:V>L,0,0.6087162
train-pg_dms__mlp__seed43,MLH1,P43246:549:V>M,1,0.46763122
train-pg_dms__mlp__seed43,MLH1,P43246:549:V>N,1,0.9068597
train-pg_dms__mlp__seed43,MLH1,P43246:549:V>P,1,0.92133576
train-pg_dms__mlp__seed43,MLH1,P43246:549:V>R,1,0.909452
train-pg_dms__mlp__seed43,MLH1,P43246:549:V>S,1,0.8901088
train-pg_dms__mlp__seed43,MLH1,P43246:549:V>T,1,0.7312094
train-pg_dms__mlp__seed43,MLH1,P43246:549:V>W,0,0.92080945
train-pg_dms__mlp__seed43,MLH1,P43246:549:V>Y,0,0.9103348
train-pg_dms__mlp__seed43,MLH1,P43246:551:F>P,1,0.91065276
train-pg_dms__mlp__seed43,MLH1,P43246:551:F>N,1,0.91017896
train-pg_dms__mlp__seed43,MLH1,P43246:551:F>Y,1,0.4333707
train-pg_dms__mlp__seed43,MLH1,P43246:551:F>W,1,0.88266814
train-pg_dms__mlp__seed43,MLH1,P43246:551:F>V,0,0.89744407
train-pg_dms__mlp__seed43,MLH1,P43246:551:F>T,0,0.9103147
train-pg_dms__mlp__seed43,MLH1,P43246:551:F>S,0,0.91017896
train-pg_dms__mlp__seed43,MLH1,P43246:551:F>C,0,0.90251726
train-pg_dms__mlp__seed43,MLH1,P43246:551:F>D,1,0.91051775
train-pg_dms__mlp__seed43,MLH1,P43246:551:F>E,1,0.9105852
train-pg_dms__mlp__seed43,MLH1,P43246:551:F>G,0,0.9095566
train-pg_dms__mlp__seed43,MLH1,P43246:551:F>H,1,0.9087892
train-pg_dms__mlp__seed43,MLH1,P43246:551:F>M,0,0.90527564
train-pg_dms__mlp__seed43,MLH1,P43246:551:F>I,0,0.901526
train-pg_dms__mlp__seed43,MLH1,P43246:551:F>A,0,0.9096954
train-pg_dms__mlp__seed43,MLH1,P43246:551:F>R,1,0.91017896
train-pg_dms__mlp__seed43,MLH1,P43246:551:F>Q,1,0.91045004
train-pg_dms__mlp__seed43,MLH1,P43246:559:L>E,0,0.21006227
train-pg_dms__mlp__seed43,MLH1,P43246:559:L>W,0,0.10465144
train-pg_dms__mlp__seed43,MLH1,P43246:559:L>V,0,0.09747307
train-pg_dms__mlp__seed43,MLH1,P43246:559:L>T,0,0.1132338
train-pg_dms__mlp__seed43,MLH1,P43246:559:L>S,0,0.1757695
train-pg_dms__mlp__seed43,MLH1,P43246:559:L>A,0,0.110166684
train-pg_dms__mlp__seed43,MLH1,P43246:559:L>D,0,0.58782953
train-pg_dms__mlp__seed43,MLH1,P43246:559:L>R,0,0.12623739
train-pg_dms__mlp__seed43,MLH1,P43246:559:L>P,1,0.9331221
train-pg_dms__mlp__seed43,MLH1,P43246:559:L>C,0,0.10778451
train-pg_dms__mlp__seed43,MLH1,P43246:559:L>M,0,0.09660171
train-pg_dms__mlp__seed43,MLH1,P43246:559:L>I,1,0.123320855
train-pg_dms__mlp__seed43,MLH1,P43246:559:L>H,0,0.11032731
train-pg_dms__mlp__seed43,MLH1,P43246:559:L>G,0,0.24288982
train-pg_dms__mlp__seed43,MLH1,P43246:559:L>F,0,0.1276543
train-pg_dms__mlp__seed43,MLH1,P43246:559:L>Q,0,0.10709513
train-pg_dms__mlp__seed43,MLH1,P43246:559:L>N,0,0.15502514
train-pg_dms__mlp__seed43,MLH1,P43246:562:E>C,0,0.19740249
train-pg_dms__mlp__seed43,MLH1,P43246:562:E>Y,0,0.13373496
train-pg_dms__mlp__seed43,MLH1,P43246:562:E>D,0,0.10996962
train-pg_dms__mlp__seed43,MLH1,P43246:562:E>A,0,0.08499859
train-pg_dms__mlp__seed43,MLH1,P43246:562:E>V,0,0.11604785
train-pg_dms__mlp__seed43,MLH1,P43246:562:E>W,0,0.4350302
train-pg_dms__mlp__seed43,MLH1,P43246:562:E>G,0,0.121873945
train-pg_dms__mlp__seed43,MLH1,P43246:562:E>T,0,0.08566832
train-pg_dms__mlp__seed43,MLH1,P43246:562:E>H,0,0.110997714
train-pg_dms__mlp__seed43,MLH1,P43246:562:E>I,0,0.09006771
train-pg_dms__mlp__seed43,MLH1,P43246:562:E>L,0,0.09325336
train-pg_dms__mlp__seed43,MLH1,P43246:562:E>M,0,0.09739493
train-pg_dms__mlp__seed43,MLH1,P43246:562:E>P,1,0.5622916
train-pg_dms__mlp__seed43,MLH1,P43246:562:E>Q,0,0.11406812
train-pg_dms__mlp__seed43,MLH1,P43246:562:E>R,0,0.09611613
train-pg_dms__mlp__seed43,MLH1,P43246:562:E>F,0,0.19937629
train-pg_dms__mlp__seed43,MLH1,P43246:562:E>S,0,0.08714275
train-pg_dms__mlp__seed43,MLH1,P43246:564:T>S,0,0.079964384
train-pg_dms__mlp__seed43,MLH1,P43246:564:T>R,0,0.08214763
train-pg_dms__mlp__seed43,MLH1,P43246:564:T>Q,0,0.08169895
train-pg_dms__mlp__seed43,MLH1,P43246:564:T>P,1,0.3592633
train-pg_dms__mlp__seed43,MLH1,P43246:564:T>M,0,0.07984487
train-pg_dms__mlp__seed43,MLH1,P43246:564:T>L,0,0.079499885
train-pg_dms__mlp__seed43,MLH1,P43246:564:T>I,0,0.08015333
train-pg_dms__mlp__seed43,MLH1,P43246:564:T>F,0,0.08239431
train-pg_dms__mlp__seed43,MLH1,P43246:564:T>G,0,0.08135231
train-pg_dms__mlp__seed43,MLH1,P43246:564:T>E,0,0.08502922
train-pg_dms__mlp__seed43,MLH1,P43246:564:T>D,0,0.09194034
train-pg_dms__mlp__seed43,MLH1,P43246:564:T>Y,0,0.083491825
train-pg_dms__mlp__seed43,MLH1,P43246:564:T>W,0,0.10062858
train-pg_dms__mlp__seed43,MLH1,P43246:564:T>H,0,0.08261894
train-pg_dms__mlp__seed43,MLH1,P43246:564:T>V,0,0.080041505
train-pg_dms__mlp__seed43,MLH1,P43246:564:T>N,0,0.104957044
train-pg_dms__mlp__seed43,MLH1,P43246:567:K>S,0,0.25918546
train-pg_dms__mlp__seed43,MLH1,P43246:567:K>R,0,0.107683785
train-pg_dms__mlp__seed43,MLH1,P43246:567:K>Q,0,0.08855058
train-pg_dms__mlp__seed43,MLH1,P43246:567:K>N,0,0.30380923
train-pg_dms__mlp__seed43,MLH1,P43246:567:K>G,0,0.29124656
train-pg_dms__mlp__seed43,MLH1,P43246:567:K>L,0,0.15162309
train-pg_dms__mlp__seed43,MLH1,P43246:567:K>M,0,0.116144754
train-pg_dms__mlp__seed43,MLH1,P43246:567:K>P,1,0.74663985
train-pg_dms__mlp__seed43,MLH1,P43246:567:K>T,0,0.12239399
train-pg_dms__mlp__seed43,MLH1,P43246:567:K>E,0,0.20511003
train-pg_dms__mlp__seed43,MLH1,P43246:567:K>W,0,0.34869304
train-pg_dms__mlp__seed43,MLH1,P43246:567:K>D,0,0.6163051
train-pg_dms__mlp__seed43,MLH1,P43246:567:K>H,0,0.10683045
train-pg_dms__mlp__seed43,MLH1,P43246:567:K>I,0,0.15101878
train-pg_dms__mlp__seed43,MLH1,P43246:567:K>A,0,0.20260128
train-pg_dms__mlp__seed43,MLH1,P43246:567:K>C,0,0.1777121
train-pg_dms__mlp__seed43,MLH1,P43246:567:K>V,0,0.138244
train-pg_dms__mlp__seed43,MLH1,P43246:569:E>P,1,0.7009329
train-pg_dms__mlp__seed43,MLH1,P43246:569:E>Q,0,0.092830196
train-pg_dms__mlp__seed43,MLH1,P43246:569:E>N,0,0.1045711
train-pg_dms__mlp__seed43,MLH1,P43246:569:E>I,0,0.11227255
train-pg_dms__mlp__seed43,MLH1,P43246:569:E>H,0,0.14975007
train-pg_dms__mlp__seed43,MLH1,P43246:569:E>R,0,0.11220208
train-pg_dms__mlp__seed43,MLH1,P43246:569:E>S,0,0.097207606
train-pg_dms__mlp__seed43,MLH1,P43246:569:E>G,0,0.1407786
train-pg_dms__mlp__seed43,MLH1,P43246:569:E>T,0,0.09792741
train-pg_dms__mlp__seed43,MLH1,P43246:569:E>V,0,0.09861915
train-pg_dms__mlp__seed43,MLH1,P43246:569:E>W,0,0.59142375
train-pg_dms__mlp__seed43,MLH1,P43246:569:E>Y,0,0.21171504
train-pg_dms__mlp__seed43,MLH1,P43246:569:E>F,0,0.30396008
train-pg_dms__mlp__seed43,MLH1,P43246:569:E>D,0,0.09172347
train-pg_dms__mlp__seed43,MLH1,P43246:569:E>C,0,0.2672345
train-pg_dms__mlp__seed43,MLH1,P43246:569:E>A,0,0.09051924
train-pg_dms__mlp__seed43,MLH1,P43246:569:E>M,0,0.12744737
train-pg_dms__mlp__seed43,MLH1,P43246:569:E>L,0,0.111735836
train-pg_dms__mlp__seed43,MLH1,P43246:572:E>K,1,0.11709
train-pg_dms__mlp__seed43,MLH1,P43246:572:E>F,0,0.17198795
train-pg_dms__mlp__seed43,MLH1,P43246:572:E>G,0,0.08612607
train-pg_dms__mlp__seed43,MLH1,P43246:572:E>H,0,0.10810807
train-pg_dms__mlp__seed43,MLH1,P43246:572:E>L,0,0.092934035
train-pg_dms__mlp__seed43,MLH1,P43246:572:E>M,0,0.09581402
train-pg_dms__mlp__seed43,MLH1,P43246:572:E>N,0,0.08779355
train-pg_dms__mlp__seed43,MLH1,P43246:572:E>P,1,0.6461172
train-pg_dms__mlp__seed43,MLH1,P43246:572:E>Q,0,0.0849113
train-pg_dms__mlp__seed43,MLH1,P43246:572:E>R,0,0.09452189
train-pg_dms__mlp__seed43,MLH1,P43246:572:E>S,0,0.086785845
train-pg_dms__mlp__seed43,MLH1,P43246:572:E>T,0,0.085130826
train-pg_dms__mlp__seed43,MLH1,P43246:572:E>V,0,0.08529073
train-pg_dms__mlp__seed43,MLH1,P43246:572:E>W,0,0.4553603
train-pg_dms__mlp__seed43,MLH1,P43246:572:E>C,0,0.21272027
train-pg_dms__mlp__seed43,MLH1,P43246:572:E>Y,0,0.13865623
train-pg_dms__mlp__seed43,MLH1,P43246:572:E>A,0,0.1107581
train-pg_dms__mlp__seed43,MLH1,P43246:588:Y>A,0,0.93178916
train-pg_dms__mlp__seed43,MLH1,P43246:588:Y>V,0,0.9179969
train-pg_dms__mlp__seed43,MLH1,P43246:588:Y>P,1,0.9331498
train-pg_dms__mlp__seed43,MLH1,P43246:588:Y>Q,0,0.9332106
train-pg_dms__mlp__seed43,MLH1,P43246:588:Y>S,0,0.9243238
train-pg_dms__mlp__seed43,MLH1,P43246:588:Y>R,0,0.9317259
train-pg_dms__mlp__seed43,MLH1,P43246:588:Y>I,1,0.92588174
train-pg_dms__mlp__seed43,MLH1,P43246:588:Y>G,0,0.92622966
train-pg_dms__mlp__seed43,MLH1,P43246:588:Y>T,0,0.93121696
train-pg_dms__mlp__seed43,MLH1,P43246:588:Y>E,0,0.9330888
train-pg_dms__mlp__seed43,MLH1,P43246:588:Y>D,0,0.93024796
train-pg_dms__mlp__seed43,MLH1,P43246:588:Y>C,0,0.65557384
train-pg_dms__mlp__seed43,MLH1,P43246:588:Y>K,0,0.93296665
train-pg_dms__mlp__seed43,MLH1,P43246:588:Y>F,0,0.12895471
train-pg_dms__mlp__seed43,MLH1,P43246:588:Y>N,0,0.92165744
train-pg_dms__mlp__seed43,MLH1,P43246:588:Y>W,0,0.8871575
train-pg_dms__mlp__seed43,MLH1,P43246:588:Y>M,0,0.926299
train-pg_dms__mlp__seed43,MLH1,P43246:588:Y>L,0,0.8993787
train-pg_dms__mlp__seed43,MLH1,P43246:589:V>G,0,0.089400746
train-pg_dms__mlp__seed43,MLH1,P43246:589:V>H,0,0.39774653
train-pg_dms__mlp__seed43,MLH1,P43246:589:V>E,0,0.1886237
train-pg_dms__mlp__seed43,MLH1,P43246:589:V>D,0,0.5310504
train-pg_dms__mlp__seed43,MLH1,P43246:589:V>C,0,0.1746643
train-pg_dms__mlp__seed43,MLH1,P43246:589:V>A,0,0.08328608
train-pg_dms__mlp__seed43,MLH1,P43246:589:V>I,0,0.10840506
train-pg_dms__mlp__seed43,MLH1,P43246:589:V>F,0,0.09331561
train-pg_dms__mlp__seed43,MLH1,P43246:589:V>K,0,0.2185137
train-pg_dms__mlp__seed43,MLH1,P43246:589:V>M,0,0.0857243
train-pg_dms__mlp__seed43,MLH1,P43246:589:V>N,0,0.13078588
train-pg_dms__mlp__seed43,MLH1,P43246:589:V>P,0,0.9393149
train-pg_dms__mlp__seed43,MLH1,P43246:589:V>Q,0,0.1310406
train-pg_dms__mlp__seed43,MLH1,P43246:589:V>R,0,0.14893341
train-pg_dms__mlp__seed43,MLH1,P43246:589:V>S,0,0.0864147
train-pg_dms__mlp__seed43,MLH1,P43246:589:V>T,0,0.08386891
train-pg_dms__mlp__seed43,MLH1,P43246:589:V>W,0,0.8633085
train-pg_dms__mlp__seed43,MLH1,P43246:589:V>Y,0,0.35945287
train-pg_dms__mlp__seed43,MLH1,P43246:590:E>D,0,0.09113428
train-pg_dms__mlp__seed43,MLH1,P43246:590:E>Q,0,0.0671798
train-pg_dms__mlp__seed43,MLH1,P43246:590:E>A,0,0.06682077
train-pg_dms__mlp__seed43,MLH1,P43246:590:E>P,0,0.07696087
train-pg_dms__mlp__seed43,MLH1,P43246:590:E>N,0,0.06898073
train-pg_dms__mlp__seed43,MLH1,P43246:590:E>M,0,0.07884574
train-pg_dms__mlp__seed43,MLH1,P43246:590:E>L,0,0.07113594
train-pg_dms__mlp__seed43,MLH1,P43246:590:E>I,0,0.070839114
train-pg_dms__mlp__seed43,MLH1,P43246:590:E>C,0,0.20392202
train-pg_dms__mlp__seed43,MLH1,P43246:590:E>H,0,0.08807056
train-pg_dms__mlp__seed43,MLH1,P43246:590:E>T,0,0.067797475
train-pg_dms__mlp__seed43,MLH1,P43246:590:E>V,0,0.06724865
train-pg_dms__mlp__seed43,MLH1,P43246:590:E>W,0,0.37304467
train-pg_dms__mlp__seed43,MLH1,P43246:590:E>F,0,0.14545415
train-pg_dms__mlp__seed43,MLH1,P43246:590:E>Y,0,0.09303642
train-pg_dms__mlp__seed43,MLH1,P43246:590:E>R,0,0.07800258
train-pg_dms__mlp__seed43,MLH1,P43246:590:E>S,0,0.06734981
train-pg_dms__mlp__seed43,MLH1,P43246:590:E>G,0,0.06674787
train-pg_dms__mlp__seed43,MLH1,P43246:593:Q>V,0,0.08465103
train-pg_dms__mlp__seed43,MLH1,P43246:593:Q>C,0,0.12170379
train-pg_dms__mlp__seed43,MLH1,P43246:593:Q>E,0,0.08113201
train-pg_dms__mlp__seed43,MLH1,P43246:593:Q>F,0,0.1359623
train-pg_dms__mlp__seed43,MLH1,P43246:593:Q>G,0,0.08853414
train-pg_dms__mlp__seed43,MLH1,P43246:593:Q>W,0,0.14418723
train-pg_dms__mlp__seed43,MLH1,P43246:593:Q>M,0,0.08624141
train-pg_dms__mlp__seed43,MLH1,P43246:593:Q>N,0,0.090635076
train-pg_dms__mlp__seed43,MLH1,P43246:593:Q>P,0,0.7553311
train-pg_dms__mlp__seed43,MLH1,P43246:593:Q>R,0,0.08182298
train-pg_dms__mlp__seed43,MLH1,P43246:593:Q>S,0,0.09153227
train-pg_dms__mlp__seed43,MLH1,P43246:593:Q>T,0,0.085397564
train-pg_dms__mlp__seed43,MLH1,P43246:593:Q>A,0,0.0857651
train-pg_dms__mlp__seed43,MLH1,P43246:593:Q>I,0,0.08808171
train-pg_dms__mlp__seed43,MLH1,P43246:595:L>T,0,0.19072257
train-pg_dms__mlp__seed43,MLH1,P43246:595:L>S,0,0.4611987
train-pg_dms__mlp__seed43,MLH1,P43246:595:L>Q,0,0.75179255
train-pg_dms__mlp__seed43,MLH1,P43246:595:L>N,0,0.93856776
train-pg_dms__mlp__seed43,MLH1,P43246:595:L>M,0,0.11451657
train-pg_dms__mlp__seed43,MLH1,P43246:595:L>K,0,0.951624
train-pg_dms__mlp__seed43,MLH1,P43246:595:L>F,0,0.1599782
train-pg_dms__mlp__seed43,MLH1,P43246:595:L>H,0,0.9152384
train-pg_dms__mlp__seed43,MLH1,P43246:595:L>G,0,0.8227354
train-pg_dms__mlp__seed43,MLH1,P43246:595:L>E,0,0.9506234
train-pg_dms__mlp__seed43,MLH1,P43246:595:L>D,1,0.9605961
train-pg_dms__mlp__seed43,MLH1,P43246:595:L>C,0,0.27827755
train-pg_dms__mlp__seed43,MLH1,P43246:595:L>A,0,0.16640541
train-pg_dms__mlp__seed43,MLH1,P43246:595:L>W,0,0.60167843
train-pg_dms__mlp__seed43,MLH1,P43246:595:L>I,0,0.11888088
train-pg_dms__mlp__seed43,MLH1,P43246:595:L>Y,0,0.81195974
train-pg_dms__mlp__seed43,MLH1,P43246:598:V>H,0,0.39395228
train-pg_dms__mlp__seed43,MLH1,P43246:598:V>Y,0,0.29888743
train-pg_dms__mlp__seed43,MLH1,P43246:598:V>W,1,0.89204466
train-pg_dms__mlp__seed43,MLH1,P43246:598:V>T,0,0.11507334
train-pg_dms__mlp__seed43,MLH1,P43246:598:V>S,0,0.1287934
train-pg_dms__mlp__seed43,MLH1,P43246:598:V>G,0,0.13522905
train-pg_dms__mlp__seed43,MLH1,P43246:598:V>Q,0,0.19132175
train-pg_dms__mlp__seed43,MLH1,P43246:598:V>A,0,0.122358985
train-pg_dms__mlp__seed43,MLH1,P43246:598:V>D,0,0.2343364
train-pg_dms__mlp__seed43,MLH1,P43246:598:V>E,0,0.1925029
train-pg_dms__mlp__seed43,MLH1,P43246:598:V>F,0,0.12612012
train-pg_dms__mlp__seed43,MLH1,P43246:598:V>I,0,0.10706273
train-pg_dms__mlp__seed43,MLH1,P43246:598:V>C,0,0.26638857
train-pg_dms__mlp__seed43,MLH1,P43246:598:V>R,0,0.2084536
train-pg_dms__mlp__seed43,MLH1,P43246:598:V>L,0,0.118147865
train-pg_dms__mlp__seed43,MLH1,P43246:598:V>M,0,0.14070398
train-pg_dms__mlp__seed43,MLH1,P43246:598:V>N,0,0.14791629
train-pg_dms__mlp__seed43,MLH1,P43246:598:V>P,0,0.95411277
train-pg_dms__mlp__seed43,MLH1,P43246:598:V>K,0,0.23130956
train-pg_dms__mlp__seed43,MLH1,P43246:599:L>P,1,0.9662614
train-pg_dms__mlp__seed43,MLH1,P43246:599:L>N,0,0.94092554
train-pg_dms__mlp__seed43,MLH1,P43246:599:L>M,0,0.11894108
train-pg_dms__mlp__seed43,MLH1,P43246:599:L>K,0,0.9638342
train-pg_dms__mlp__seed43,MLH1,P43246:599:L>I,0,0.11445046
train-pg_dms__mlp__seed43,MLH1,P43246:599:L>Q,0,0.8925354
train-pg_dms__mlp__seed43,MLH1,P43246:599:L>R,1,0.9563871
train-pg_dms__mlp__seed43,MLH1,P43246:599:L>S,0,0.45320937
train-pg_dms__mlp__seed43,MLH1,P43246:599:L>A,0,0.18492909
train-pg_dms__mlp__seed43,MLH1,P43246:599:L>T,0,0.14881393
train-pg_dms__mlp__seed43,MLH1,P43246:599:L>W,0,0.6218069
train-pg_dms__mlp__seed43,MLH1,P43246:599:L>G,0,0.90955436
train-pg_dms__mlp__seed43,MLH1,P43246:599:L>F,0,0.13307743
train-pg_dms__mlp__seed43,MLH1,P43246:599:L>E,0,0.9600172
train-pg_dms__mlp__seed43,MLH1,P43246:599:L>D,1,0.96956897
train-pg_dms__mlp__seed43,MLH1,P43246:599:L>C,0,0.32764268
train-pg_dms__mlp__seed43,MLH1,P43246:599:L>H,0,0.9339073
train-pg_dms__mlp__seed43,MLH1,P43246:599:L>V,0,0.11565408
train-pg_dms__mlp__seed43,MLH1,P43246:606:V>T,0,0.15005703
train-pg_dms__mlp__seed43,MLH1,P43246:606:V>W,0,0.9646832
train-pg_dms__mlp__seed43,MLH1,P43246:606:V>S,0,0.19198106
train-pg_dms__mlp__seed43,MLH1,P43246:606:V>M,0,0.15569232
train-pg_dms__mlp__seed43,MLH1,P43246:606:V>Q,0,0.9259924
train-pg_dms__mlp__seed43,MLH1,P43246:606:V>P,1,0.96448696
train-pg_dms__mlp__seed43,MLH1,P43246:606:V>N,0,0.61707515
train-pg_dms__mlp__seed43,MLH1,P43246:606:V>Y,0,0.95069265
train-pg_dms__mlp__seed43,MLH1,P43246:606:V>R,0,0.9536011
train-pg_dms__mlp__seed43,MLH1,P43246:606:V>I,0,0.120162256
train-pg_dms__mlp__seed43,MLH1,P43246:606:V>E,0,0.94026995
train-pg_dms__mlp__seed43,MLH1,P43246:606:V>L,0,0.14143375
train-pg_dms__mlp__seed43,MLH1,P43246:606:V>H,0,0.9597626
train-pg_dms__mlp__seed43,MLH1,P43246:606:V>G,0,0.20353226
train-pg_dms__mlp__seed43,MLH1,P43246:606:V>F,0,0.28054905
train-pg_dms__mlp__seed43,MLH1,P43246:606:V>C,0,0.7162152
train-pg_dms__mlp__seed43,MLH1,P43246:606:V>A,0,0.20198187
train-pg_dms__mlp__seed43,MLH1,P43246:606:V>K,0,0.9608583
train-pg_dms__mlp__seed43,MLH1,P43246:607:S>Y,0,0.9525206
train-pg_dms__mlp__seed43,MLH1,P43246:607:S>W,1,0.9620493
train-pg_dms__mlp__seed43,MLH1,P43246:607:S>V,0,0.8867396
train-pg_dms__mlp__seed43,MLH1,P43246:607:S>T,0,0.1851364
train-pg_dms__mlp__seed43,MLH1,P43246:607:S>R,0,0.96475554
train-pg_dms__mlp__seed43,MLH1,P43246:607:S>Q,0,0.9613082
train-pg_dms__mlp__seed43,MLH1,P43246:607:S>H,0,0.95867056
train-pg_dms__mlp__seed43,MLH1,P43246:607:S>N,0,0.61592853
train-pg_dms__mlp__seed43,MLH1,P43246:607:S>M,0,0.90062225
train-pg_dms__mlp__seed43,MLH1,P43246:607:S>L,0,0.61427695
train-pg_dms__mlp__seed43,MLH1,P43246:607:S>I,0,0.80635554
train-pg_dms__mlp__seed43,MLH1,P43246:607:S>G,0,0.15559956
train-pg_dms__mlp__seed43,MLH1,P43246:607:S>E,1,0.9641004
train-pg_dms__mlp__seed43,MLH1,P43246:607:S>D,0,0.96231693
train-pg_dms__mlp__seed43,MLH1,P43246:607:S>C,0,0.13180722
train-pg_dms__mlp__seed43,MLH1,P43246:607:S>P,1,0.96261925
train-pg_dms__mlp__seed43,MLH1,P43246:607:S>A,0,0.123172194
train-pg_dms__mlp__seed43,MLH1,P43246:617:V>H,0,0.1140834
train-pg_dms__mlp__seed43,MLH1,P43246:617:V>G,0,0.13115247
train-pg_dms__mlp__seed43,MLH1,P43246:617:V>F,0,0.09356444
train-pg_dms__mlp__seed43,MLH1,P43246:617:V>I,0,0.090328135
train-pg_dms__mlp__seed43,MLH1,P43246:617:V>K,0,0.10230926
train-pg_dms__mlp__seed43,MLH1,P43246:617:V>L,0,0.12007617
train-pg_dms__mlp__seed43,MLH1,P43246:617:V>M,0,0.09164103
train-pg_dms__mlp__seed43,MLH1,P43246:617:V>N,0,0.097673975
train-pg_dms__mlp__seed43,MLH1,P43246:617:V>E,0,0.09990013
train-pg_dms__mlp__seed43,MLH1,P43246:617:V>Q,0,0.09911235
train-pg_dms__mlp__seed43,MLH1,P43246:617:V>R,0,0.10160118
train-pg_dms__mlp__seed43,MLH1,P43246:617:V>W,0,0.19543606
train-pg_dms__mlp__seed43,MLH1,P43246:617:V>T,0,0.09342148
train-pg_dms__mlp__seed43,MLH1,P43246:617:V>D,0,0.107294075
train-pg_dms__mlp__seed43,MLH1,P43246:617:V>C,0,0.1359395
train-pg_dms__mlp__seed43,MLH1,P43246:617:V>A,0,0.09465553
train-pg_dms__mlp__seed43,MLH1,P43246:617:V>S,0,0.09434791
train-pg_dms__mlp__seed43,MLH1,P43246:617:V>Y,0,0.11266964
train-pg_dms__mlp__seed43,MLH1,P43246:617:V>P,0,0.19902138
train-pg_dms__mlp__seed43,MLH1,P43246:619:Y>K,0,0.959065
train-pg_dms__mlp__seed43,MLH1,P43246:619:Y>S,0,0.8639833
train-pg_dms__mlp__seed43,MLH1,P43246:619:Y>R,0,0.956387
train-pg_dms__mlp__seed43,MLH1,P43246:619:Y>Q,0,0.95690686
train-pg_dms__mlp__seed43,MLH1,P43246:619:Y>P,1,0.95700026
train-pg_dms__mlp__seed43,MLH1,P43246:619:Y>N,0,0.91448665
train-pg_dms__mlp__seed43,MLH1,P43246:619:Y>M,0,0.824767
train-pg_dms__mlp__seed43,MLH1,P43246:619:Y>L,0,0.389893
train-pg_dms__mlp__seed43,MLH1,P43246:619:Y>W,0,0.19549373
train-pg_dms__mlp__seed43,MLH1,P43246:619:Y>V,0,0.87754655
train-pg_dms__mlp__seed43,MLH1,P43246:619:Y>T,0,0.94786507
train-pg_dms__mlp__seed43,MLH1,P43246:619:Y>I,1,0.93966347
train-pg_dms__mlp__seed43,MLH1,P43246:619:Y>A,0,0.9426183
train-pg_dms__mlp__seed43,MLH1,P43246:619:Y>G,0,0.9182441
train-pg_dms__mlp__seed43,MLH1,P43246:619:Y>F,0,0.103513144
train-pg_dms__mlp__seed43,MLH1,P43246:619:Y>E,1,0.9587635
train-pg_dms__mlp__seed43,MLH1,P43246:619:Y>D,1,0.9514831
train-pg_dms__mlp__seed43,MLH1,P43246:619:Y>C,0,0.3939006
train-pg_dms__mlp__seed43,MLH1,P43246:619:Y>H,0,0.9027314
train-pg_dms__mlp__seed43,MLH1,P43246:621:R>S,1,0.6542231
train-pg_dms__mlp__seed43,MLH1,P43246:621:R>T,1,0.63701284
train-pg_dms__mlp__seed43,MLH1,P43246:621:R>V,1,0.5620995
train-pg_dms__mlp__seed43,MLH1,P43246:621:R>A,1,0.56160957
train-pg_dms__mlp__seed43,MLH1,P43246:621:R>C,0,0.12635355
train-pg_dms__mlp__seed43,MLH1,P43246:621:R>K,0,0.122204445
train-pg_dms__mlp__seed43,MLH1,P43246:621:R>M,0,0.51603514
train-pg_dms__mlp__seed43,MLH1,P43246:621:R>E,1,0.55724746
train-pg_dms__mlp__seed43,MLH1,P43246:621:R>F,1,0.64757776
train-pg_dms__mlp__seed43,MLH1,P43246:621:R>I,1,0.5498675
train-pg_dms__mlp__seed43,MLH1,P43246:621:R>W,1,0.25705907
train-pg_dms__mlp__seed43,MLH1,P43246:621:R>N,1,0.70986193
train-pg_dms__mlp__seed43,MLH1,P43246:621:R>D,1,0.7275739
train-pg_dms__mlp__seed43,MLH1,P43246:627:K>D,0,0.16547605
train-pg_dms__mlp__seed43,MLH1,P43246:627:K>E,0,0.0989735
train-pg_dms__mlp__seed43,MLH1,P43246:627:K>F,0,0.35262004
train-pg_dms__mlp__seed43,MLH1,P43246:627:K>G,0,0.12553632
train-pg_dms__mlp__seed43,MLH1,P43246:627:K>I,0,0.11832374
train-pg_dms__mlp__seed43,MLH1,P43246:627:K>L,0,0.117107056
train-pg_dms__mlp__seed43,MLH1,P43246:627:K>N,0,0.20352882
train-pg_dms__mlp__seed43,MLH1,P43246:627:K>C,0,0.18255205
train-pg_dms__mlp__seed43,MLH1,P43246:627:K>P,0,0.11929343
train-pg_dms__mlp__seed43,MLH1,P43246:627:K>Q,0,0.096183114
train-pg_dms__mlp__seed43,MLH1,P43246:627:K>R,0,0.09227071
train-pg_dms__mlp__seed43,MLH1,P43246:627:K>S,0,0.12583034
train-pg_dms__mlp__seed43,MLH1,P43246:627:K>T,0,0.10186705
train-pg_dms__mlp__seed43,MLH1,P43246:627:K>M,0,0.10261561
train-pg_dms__mlp__seed43,MLH1,P43246:627:K>V,0,0.115580305
train-pg_dms__mlp__seed43,MLH1,P43246:627:K>W,0,0.30908275
train-pg_dms__mlp__seed43,MLH1,P43246:627:K>A,0,0.1109059
train-pg_dms__mlp__seed43,MLH1,P43246:636:A>M,0,0.113265455
train-pg_dms__mlp__seed43,MLH1,P43246:636:A>T,0,0.13211204
train-pg_dms__mlp__seed43,MLH1,P43246:636:A>Q,0,0.10369425
train-pg_dms__mlp__seed43,MLH1,P43246:636:A>R,0,0.11516159
train-pg_dms__mlp__seed43,MLH1,P43246:636:A>S,0,0.096928395
train-pg_dms__mlp__seed43,MLH1,P43246:636:A>V,0,0.15755488
train-pg_dms__mlp__seed43,MLH1,P43246:636:A>W,0,0.3627757
train-pg_dms__mlp__seed43,MLH1,P43246:636:A>Y,0,0.13304283
train-pg_dms__mlp__seed43,MLH1,P43246:636:A>N,0,0.09973953
train-pg_dms__mlp__seed43,MLH1,P43246:636:A>L,0,0.11392127
train-pg_dms__mlp__seed43,MLH1,P43246:636:A>H,0,0.12342159
train-pg_dms__mlp__seed43,MLH1,P43246:636:A>I,0,0.16232762
train-pg_dms__mlp__seed43,MLH1,P43246:636:A>F,0,0.136874
train-pg_dms__mlp__seed43,MLH1,P43246:636:A>E,0,0.10247511
train-pg_dms__mlp__seed43,MLH1,P43246:636:A>D,0,0.10296143
train-pg_dms__mlp__seed43,MLH1,P43246:636:A>C,0,0.1221349
train-pg_dms__mlp__seed43,MLH1,P43246:636:A>G,0,0.09668133
train-pg_dms__mlp__seed43,MLH1,P43246:638:R>H,0,0.91088283
train-pg_dms__mlp__seed43,MLH1,P43246:638:R>A,1,0.9735571
train-pg_dms__mlp__seed43,MLH1,P43246:638:R>C,0,0.91496295
train-pg_dms__mlp__seed43,MLH1,P43246:638:R>D,1,0.9739348
train-pg_dms__mlp__seed43,MLH1,P43246:638:R>E,1,0.97303075
train-pg_dms__mlp__seed43,MLH1,P43246:638:R>T,0,0.9736468
train-pg_dms__mlp__seed43,MLH1,P43246:638:R>I,0,0.9734668
train-pg_dms__mlp__seed43,MLH1,P43246:638:R>V,0,0.97330755
train-pg_dms__mlp__seed43,MLH1,P43246:638:R>Y,0,0.97248626
train-pg_dms__mlp__seed43,MLH1,P43246:638:R>W,0,0.9650159
train-pg_dms__mlp__seed43,MLH1,P43246:638:R>L,0,0.97219443
train-pg_dms__mlp__seed43,MLH1,P43246:638:R>P,1,0.9737583
train-pg_dms__mlp__seed43,MLH1,P43246:638:R>Q,1,0.91212237
train-pg_dms__mlp__seed43,MLH1,P43246:638:R>S,0,0.88923603
train-pg_dms__mlp__seed43,MLH1,P43246:638:R>F,0,0.9737583
train-pg_dms__mlp__seed43,MLH1,P43246:638:R>G,1,0.97281986
train-pg_dms__mlp__seed43,MLH1,P43246:646:D>R,0,0.23303592
train-pg_dms__mlp__seed43,MLH1,P43246:646:D>W,0,0.75921464
train-pg_dms__mlp__seed43,MLH1,P43246:646:D>T,0,0.11151881
train-pg_dms__mlp__seed43,MLH1,P43246:646:D>S,0,0.075511776
train-pg_dms__mlp__seed43,MLH1,P43246:646:D>F,0,0.6728267
train-pg_dms__mlp__seed43,MLH1,P43246:646:D>C,0,0.53297096
train-pg_dms__mlp__seed43,MLH1,P43246:646:D>G,0,0.11396148
train-pg_dms__mlp__seed43,MLH1,P43246:646:D>I,0,0.45446172
train-pg_dms__mlp__seed43,MLH1,P43246:646:D>K,0,0.1871229
train-pg_dms__mlp__seed43,MLH1,P43246:646:D>A,0,0.1344407
train-pg_dms__mlp__seed43,MLH1,P43246:646:D>L,0,0.3001282
train-pg_dms__mlp__seed43,MLH1,P43246:646:D>N,0,0.07349784
train-pg_dms__mlp__seed43,MLH1,P43246:646:D>P,0,0.25488138
train-pg_dms__mlp__seed43,MLH1,P43246:646:D>Q,0,0.12162158
train-pg_dms__mlp__seed43,MLH1,P43246:646:D>M,0,0.49901405
train-pg_dms__mlp__seed43,MLH1,P43246:654:D>Q,0,0.54343295
train-pg_dms__mlp__seed43,MLH1,P43246:654:D>A,0,0.20188367
train-pg_dms__mlp__seed43,MLH1,P43246:654:D>C,0,0.60110605
train-pg_dms__mlp__seed43,MLH1,P43246:654:D>P,0,0.6738264
train-pg_dms__mlp__seed43,MLH1,P43246:654:D>S,0,0.10301414
train-pg_dms__mlp__seed43,MLH1,P43246:654:D>Y,0,0.30948514
train-pg_dms__mlp__seed43,MLH1,P43246:654:D>W,0,0.76645124
train-pg_dms__mlp__seed43,MLH1,P43246:654:D>N,0,0.09361351
train-pg_dms__mlp__seed43,MLH1,P43246:654:D>M,0,0.7198938
train-pg_dms__mlp__seed43,MLH1,P43246:654:D>L,0,0.6720284
train-pg_dms__mlp__seed43,MLH1,P43246:654:D>K,0,0.64725447
train-pg_dms__mlp__seed43,MLH1,P43246:654:D>I,0,0.68537056
train-pg_dms__mlp__seed43,MLH1,P43246:654:D>R,0,0.62684786
train-pg_dms__mlp__seed43,MLH1,P43246:654:D>T,0,0.15485479
train-pg_dms__mlp__seed43,MLH1,P43246:654:D>H,0,0.20028076
train-pg_dms__mlp__seed43,MLH1,P43246:654:D>G,0,0.14918114
train-pg_dms__mlp__seed43,MLH1,P43246:654:D>F,0,0.72716326
train-pg_dms__mlp__seed43,MLH1,P43246:655:V>N,0,0.46581215
train-pg_dms__mlp__seed43,MLH1,P43246:655:V>K,1,0.9133824
train-pg_dms__mlp__seed43,MLH1,P43246:655:V>M,0,0.13195847
train-pg_dms__mlp__seed43,MLH1,P43246:655:V>L,0,0.13967311
train-pg_dms__mlp__seed43,MLH1,P43246:655:V>P,1,0.9413653
train-pg_dms__mlp__seed43,MLH1,P43246:655:V>D,1,0.9100343
train-pg_dms__mlp__seed43,MLH1,P43246:655:V>Q,0,0.8673113
train-pg_dms__mlp__seed43,MLH1,P43246:655:V>W,1,0.9409736
train-pg_dms__mlp__seed43,MLH1,P43246:655:V>T,0,0.12931891
train-pg_dms__mlp__seed43,MLH1,P43246:655:V>S,0,0.18326557
train-pg_dms__mlp__seed43,MLH1,P43246:655:V>R,1,0.85695994
train-pg_dms__mlp__seed43,MLH1,P43246:655:V>A,0,0.13179238
train-pg_dms__mlp__seed43,MLH1,P43246:655:V>C,0,0.24025497
train-pg_dms__mlp__seed43,MLH1,P43246:655:V>H,0,0.9094983
train-pg_dms__mlp__seed43,MLH1,P43246:655:V>E,1,0.89890474
train-pg_dms__mlp__seed43,MLH1,P43246:655:V>F,0,0.22469541
train-pg_dms__mlp__seed43,MLH1,P43246:655:V>G,0,0.33376887
train-pg_dms__mlp__seed43,MLH1,P43246:670:P>L,0,0.40270478
train-pg_dms__mlp__seed43,MLH1,P43246:670:P>I,0,0.84881365
train-pg_dms__mlp__seed43,MLH1,P43246:670:P>K,0,0.84941584
train-pg_dms__mlp__seed43,MLH1,P43246:670:P>F,0,0.85061336
train-pg_dms__mlp__seed43,MLH1,P43246:670:P>E,0,0.8482093
train-pg_dms__mlp__seed43,MLH1,P43246:670:P>D,0,0.85016537
train-pg_dms__mlp__seed43,MLH1,P43246:670:P>C,0,0.8414624
train-pg_dms__mlp__seed43,MLH1,P43246:670:P>A,0,0.71203977
train-pg_dms__mlp__seed43,MLH1,P43246:670:P>Y,0,0.85046417
train-pg_dms__mlp__seed43,MLH1,P43246:670:P>W,0,0.85106015
train-pg_dms__mlp__seed43,MLH1,P43246:670:P>V,0,0.84354544
train-pg_dms__mlp__seed43,MLH1,P43246:670:P>Q,0,0.8454565
train-pg_dms__mlp__seed43,MLH1,P43246:670:P>N,0,0.849566
train-pg_dms__mlp__seed43,MLH1,P43246:670:P>M,0,0.84662145
train-pg_dms__mlp__seed43,MLH1,P43246:670:P>G,0,0.8411626
train-pg_dms__mlp__seed43,MLH1,P43246:670:P>H,0,0.84560263
train-pg_dms__mlp__seed43,MLH1,P43246:679:I>Y,0,0.96837384
train-pg_dms__mlp__seed43,MLH1,P43246:679:I>W,0,0.96893746
train-pg_dms__mlp__seed43,MLH1,P43246:679:I>T,0,0.96172184
train-pg_dms__mlp__seed43,MLH1,P43246:679:I>S,0,0.7920566
train-pg_dms__mlp__seed43,MLH1,P43246:679:I>R,1,0.96781856
train-pg_dms__mlp__seed43,MLH1,P43246:679:I>Q,0,0.9670793
train-pg_dms__mlp__seed43,MLH1,P43246:679:I>A,0,0.9532686
train-pg_dms__mlp__seed43,MLH1,P43246:679:I>D,1,0.96901304
train-pg_dms__mlp__seed43,MLH1,P43246:679:I>C,0,0.96560663
train-pg_dms__mlp__seed43,MLH1,P43246:679:I>G,0,0.9671907
train-pg_dms__mlp__seed43,MLH1,P43246:679:I>P,0,0.96860653
train-pg_dms__mlp__seed43,MLH1,P43246:679:I>N,0,0.96671295
train-pg_dms__mlp__seed43,MLH1,P43246:679:I>H,0,0.9687601
train-pg_dms__mlp__seed43,MLH1,P43246:679:I>K,1,0.96845174
train-pg_dms__mlp__seed43,MLH1,P43246:679:I>L,0,0.12770058
train-pg_dms__mlp__seed43,MLH1,P43246:679:I>M,0,0.13470113
train-pg_dms__mlp__seed43,MLH1,P43246:679:I>F,0,0.951614
train-pg_dms__mlp__seed43,MLH1,P43246:691:I>V,0,0.15257704
train-pg_dms__mlp__seed43,MLH1,P43246:691:I>P,1,0.94535846
train-pg_dms__mlp__seed43,MLH1,P43246:691:I>N,0,0.7706642
train-pg_dms__mlp__seed43,MLH1,P43246:691:I>R,1,0.91842455
train-pg_dms__mlp__seed43,MLH1,P43246:691:I>A,0,0.14276512
train-pg_dms__mlp__seed43,MLH1,P43246:691:I>C,0,0.4672069
train-pg_dms__mlp__seed43,MLH1,P43246:691:I>T,0,0.15166593
train-pg_dms__mlp__seed43,MLH1,P43246:691:I>E,1,0.9318565
train-pg_dms__mlp__seed43,MLH1,P43246:691:I>G,1,0.7696682
train-pg_dms__mlp__seed43,MLH1,P43246:691:I>H,1,0.9428895
train-pg_dms__mlp__seed43,MLH1,P43246:691:I>K,1,0.93722373
train-pg_dms__mlp__seed43,MLH1,P43246:691:I>Y,0,0.9353184
train-pg_dms__mlp__seed43,MLH1,P43246:691:I>W,0,0.9447506
train-pg_dms__mlp__seed43,MLH1,P43246:691:I>F,0,0.4036244
train-pg_dms__mlp__seed43,MLH1,P43246:691:I>M,0,0.14875968
train-pg_dms__mlp__seed43,MLH1,P43246:691:I>L,0,0.13304435
train-pg_dms__mlp__seed43,MLH1,P43246:694:F>G,1,0.95504713
train-pg_dms__mlp__seed43,MLH1,P43246:694:F>A,1,0.9399665
train-pg_dms__mlp__seed43,MLH1,P43246:694:F>D,1,0.9636669
train-pg_dms__mlp__seed43,MLH1,P43246:694:F>E,1,0.96480954
train-pg_dms__mlp__seed43,MLH1,P43246:694:F>K,1,0.96379626
train-pg_dms__mlp__seed43,MLH1,P43246:694:F>L,0,0.9506774
train-pg_dms__mlp__seed43,MLH1,P43246:694:F>M,0,0.89862704
train-pg_dms__mlp__seed43,MLH1,P43246:694:F>N,0,0.9504659
train-pg_dms__mlp__seed43,MLH1,P43246:694:F>P,1,0.9621539
train-pg_dms__mlp__seed43,MLH1,P43246:694:F>R,1,0.95468456
train-pg_dms__mlp__seed43,MLH1,P43246:694:F>T,1,0.9570442
train-pg_dms__mlp__seed43,MLH1,P43246:694:F>V,1,0.8287819
train-pg_dms__mlp__seed43,MLH1,P43246:694:F>W,0,0.33222315
train-pg_dms__mlp__seed43,MLH1,P43246:694:F>Y,0,0.11413487
train-pg_dms__mlp__seed43,MLH1,P43246:694:F>Q,1,0.9617347
train-pg_dms__mlp__seed43,MLH1,P43246:701:E>L,0,0.13037418
train-pg_dms__mlp__seed43,MLH1,P43246:701:E>C,0,0.32294387
train-pg_dms__mlp__seed43,MLH1,P43246:701:E>A,0,0.1417832
train-pg_dms__mlp__seed43,MLH1,P43246:701:E>W,0,0.69361407
train-pg_dms__mlp__seed43,MLH1,P43246:701:E>V,0,0.1058768
train-pg_dms__mlp__seed43,MLH1,P43246:701:E>T,0,0.104993485
train-pg_dms__mlp__seed43,MLH1,P43246:701:E>S,0,0.10691704
train-pg_dms__mlp__seed43,MLH1,P43246:701:E>R,0,0.11455876
train-pg_dms__mlp__seed43,MLH1,P43246:701:E>Q,0,0.10354088
train-pg_dms__mlp__seed43,MLH1,P43246:701:E>P,1,0.8127907
train-pg_dms__mlp__seed43,MLH1,P43246:701:E>Y,0,0.21228242
train-pg_dms__mlp__seed43,MLH1,P43246:701:E>M,0,0.13034591
train-pg_dms__mlp__seed43,MLH1,P43246:701:E>D,0,0.107415915
train-pg_dms__mlp__seed43,MLH1,P43246:701:E>F,0,0.35252652
train-pg_dms__mlp__seed43,MLH1,P43246:701:E>H,0,0.13010676
train-pg_dms__mlp__seed43,MLH1,P43246:701:E>I,0,0.11585848
train-pg_dms__mlp__seed43,MLH1,P43246:701:E>K,0,0.14249592
train-pg_dms__mlp__seed43,MLH1,P43246:701:E>N,0,0.119897395
train-pg_dms__mlp__seed43,MLH1,P43246:703:S>I,1,0.4675286
train-pg_dms__mlp__seed43,MLH1,P43246:703:S>G,0,0.11314646
train-pg_dms__mlp__seed43,MLH1,P43246:703:S>E,0,0.8854188
train-pg_dms__mlp__seed43,MLH1,P43246:703:S>C,0,0.11330463
train-pg_dms__mlp__seed43,MLH1,P43246:703:S>A,0,0.114372484
train-pg_dms__mlp__seed43,MLH1,P43246:703:S>N,0,0.16349383
train-pg_dms__mlp__seed43,MLH1,P43246:703:S>M,0,0.17063607
train-pg_dms__mlp__seed43,MLH1,P43246:703:S>P,0,0.14522181
train-pg_dms__mlp__seed43,MLH1,P43246:703:S>Q,0,0.83879787
train-pg_dms__mlp__seed43,MLH1,P43246:703:S>R,0,0.89461356
train-pg_dms__mlp__seed43,MLH1,P43246:703:S>T,0,0.10989493
train-pg_dms__mlp__seed43,MLH1,P43246:703:S>V,0,0.19973204
train-pg_dms__mlp__seed43,MLH1,P43246:703:S>L,0,0.1529859
train-pg_dms__mlp__seed43,MLH1,P43246:703:S>W,1,0.78397006
train-pg_dms__mlp__seed43,MLH1,P43246:703:S>K,0,0.91852695
train-pg_dms__mlp__seed43,MLH1,P43246:704:I>C,0,0.35682747
train-pg_dms__mlp__seed43,MLH1,P43246:704:I>A,0,0.14758377
train-pg_dms__mlp__seed43,MLH1,P43246:704:I>Y,1,0.69719845
train-pg_dms__mlp__seed43,MLH1,P43246:704:I>W,1,0.8534325
train-pg_dms__mlp__seed43,MLH1,P43246:704:I>V,0,0.1434863
train-pg_dms__mlp__seed43,MLH1,P43246:704:I>T,0,0.17527875
train-pg_dms__mlp__seed43,MLH1,P43246:704:I>R,0,0.37597984
train-pg_dms__mlp__seed43,MLH1,P43246:704:I>Q,0,0.6150399
train-pg_dms__mlp__seed43,MLH1,P43246:704:I>P,0,0.27466688
train-pg_dms__mlp__seed43,MLH1,P43246:704:I>S,0,0.20740409
train-pg_dms__mlp__seed43,MLH1,P43246:704:I>L,0,0.11257751
train-pg_dms__mlp__seed43,MLH1,P43246:704:I>K,1,0.52727383
train-pg_dms__mlp__seed43,MLH1,P43246:704:I>H,1,0.7465859
train-pg_dms__mlp__seed43,MLH1,P43246:704:I>G,1,0.5932553
train-pg_dms__mlp__seed43,MLH1,P43246:704:I>F,0,0.15474586
train-pg_dms__mlp__seed43,MLH1,P43246:704:I>E,1,0.75795513
train-pg_dms__mlp__seed43,MLH1,P43246:704:I>D,1,0.8672197
train-pg_dms__mlp__seed43,MLH1,P43246:716:D>M,1,0.33924425
train-pg_dms__mlp__seed43,MLH1,P43246:716:D>G,0,0.33666173
train-pg_dms__mlp__seed43,MLH1,P43246:716:D>H,0,0.3384832
train-pg_dms__mlp__seed43,MLH1,P43246:716:D>I,1,0.3389397
train-pg_dms__mlp__seed43,MLH1,P43246:716:D>K,0,0.33878753
train-pg_dms__mlp__seed43,MLH1,P43246:716:D>L,0,0.3384832
train-pg_dms__mlp__seed43,MLH1,P43246:716:D>N,0,0.32615653
train-pg_dms__mlp__seed43,MLH1,P43246:716:D>T,1,0.33863533
train-pg_dms__mlp__seed43,MLH1,P43246:716:D>Q,0,0.33878753
train-pg_dms__mlp__seed43,MLH1,P43246:716:D>R,0,0.33817914
train-pg_dms__mlp__seed43,MLH1,P43246:716:D>S,0,0.33530027
train-pg_dms__mlp__seed43,MLH1,P43246:716:D>V,0,0.33787534
train-pg_dms__mlp__seed43,MLH1,P43246:716:D>W,0,0.33924425
train-pg_dms__mlp__seed43,MLH1,P43246:716:D>Y,0,0.33484745
train-pg_dms__mlp__seed43,MLH1,P43246:716:D>P,0,0.33909202
train-pg_dms__mlp__seed43,MLH1,P43246:716:D>C,0,0.33909202
train-pg_dms__mlp__seed43,MLH1,P43246:716:D>A,0,0.33787534
train-pg_dms__mlp__seed43,MLH1,P43246:719:L>Y,0,0.12429892
train-pg_dms__mlp__seed43,MLH1,P43246:719:L>W,0,0.096259944
train-pg_dms__mlp__seed43,MLH1,P43246:719:L>V,0,0.0585431
train-pg_dms__mlp__seed43,MLH1,P43246:719:L>T,0,0.07151941
train-pg_dms__mlp__seed43,MLH1,P43246:719:L>F,0,0.06507507
train-pg_dms__mlp__seed43,MLH1,P43246:719:L>E,0,0.15528068
train-pg_dms__mlp__seed43,MLH1,P43246:719:L>S,0,0.109205835
train-pg_dms__mlp__seed43,MLH1,P43246:719:L>C,0,0.15352902
train-pg_dms__mlp__seed43,MLH1,P43246:719:L>G,0,0.1511743
train-pg_dms__mlp__seed43,MLH1,P43246:719:L>I,0,0.050127126
train-pg_dms__mlp__seed43,MLH1,P43246:719:L>D,0,0.25902376
train-pg_dms__mlp__seed43,MLH1,P43246:719:L>M,0,0.050390758
train-pg_dms__mlp__seed43,MLH1,P43246:719:L>K,0,0.15192755
train-pg_dms__mlp__seed43,MLH1,P43246:719:L>P,0,0.24204238
train-pg_dms__mlp__seed43,MLH1,P43246:719:L>N,0,0.113995306
train-pg_dms__mlp__seed43,MLH1,P43246:719:L>A,0,0.0756039
train-pg_dms__mlp__seed43,MLH1,P43246:719:L>R,0,0.11793443
train-pg_dms__mlp__seed43,MLH1,P43246:719:L>Q,0,0.063114874
train-pg_dms__mlp__seed43,MLH1,P43246:719:L>H,0,0.12447197
train-pg_dms__mlp__seed43,MLH1,P43246:724:T>I,0,0.5974021
train-pg_dms__mlp__seed43,MLH1,P43246:724:T>H,0,0.6005262
train-pg_dms__mlp__seed43,MLH1,P43246:724:T>G,0,0.5916983
train-pg_dms__mlp__seed43,MLH1,P43246:724:T>F,0,0.60550314
train-pg_dms__mlp__seed43,MLH1,P43246:724:T>E,0,0.6110531
train-pg_dms__mlp__seed43,MLH1,P43246:724:T>D,0,0.61286914
train-pg_dms__mlp__seed43,MLH1,P43246:724:T>V,0,0.5478705
train-pg_dms__mlp__seed43,MLH1,P43246:724:T>Y,0,0.60922164
train-pg_dms__mlp__seed43,MLH1,P43246:724:T>W,0,0.61347365
train-pg_dms__mlp__seed43,MLH1,P43246:724:T>S,0,0.49119645
train-pg_dms__mlp__seed43,MLH1,P43246:724:T>K,0,0.60612375
train-pg_dms__mlp__seed43,MLH1,P43246:724:T>C,0,0.61044717
train-pg_dms__mlp__seed43,MLH1,P43246:724:T>L,1,0.5440778
train-pg_dms__mlp__seed43,MLH1,P43246:724:T>P,1,0.51771027
train-pg_dms__mlp__seed43,MLH1,P43246:724:T>Q,0,0.60550314
train-pg_dms__mlp__seed43,MLH1,P43246:724:T>N,0,0.5859703
train-pg_dms__mlp__seed43,MLH1,P43246:726:M>A,0,0.6787144
train-pg_dms__mlp__seed43,MLH1,P43246:726:M>W,0,0.66581255
train-pg_dms__mlp__seed43,MLH1,P43246:726:M>Y,1,0.6537957
train-pg_dms__mlp__seed43,MLH1,P43246:726:M>Q,0,0.52653086
train-pg_dms__mlp__seed43,MLH1,P43246:726:M>P,1,0.6937269
train-pg_dms__mlp__seed43,MLH1,P43246:726:M>E,0,0.6890338
train-pg_dms__mlp__seed43,MLH1,P43246:726:M>F,1,0.20381913
train-pg_dms__mlp__seed43,MLH1,P43246:726:M>G,0,0.68524367
train-pg_dms__mlp__seed43,MLH1,P43246:726:M>H,0,0.64853674
train-pg_dms__mlp__seed43,MLH1,P43246:726:M>K,0,0.65522754
train-pg_dms__mlp__seed43,MLH1,P43246:726:M>N,0,0.68761617
train-pg_dms__mlp__seed43,MLH1,P43246:726:M>S,0,0.6653284
train-pg_dms__mlp__seed43,MLH1,P43246:726:M>R,0,0.64282906
train-pg_dms__mlp__seed43,MLH1,P43246:726:M>C,0,0.65906495
train-pg_dms__mlp__seed43,MLH1,P43246:726:M>D,0,0.695125
train-pg_dms__mlp__seed43,MLH1,P43246:729:M>G,0,0.8803041
train-pg_dms__mlp__seed43,MLH1,P43246:729:M>H,0,0.88000035
train-pg_dms__mlp__seed43,MLH1,P43246:729:M>F,1,0.8717838
train-pg_dms__mlp__seed43,MLH1,P43246:729:M>K,1,0.87853223
train-pg_dms__mlp__seed43,MLH1,P43246:729:M>L,0,0.8305871
train-pg_dms__mlp__seed43,MLH1,P43246:729:M>N,0,0.87809074
train-pg_dms__mlp__seed43,MLH1,P43246:729:M>P,1,0.88168764
train-pg_dms__mlp__seed43,MLH1,P43246:729:M>I,0,0.72544575
train-pg_dms__mlp__seed43,MLH1,P43246:729:M>E,1,0.8795546
train-pg_dms__mlp__seed43,MLH1,P43246:729:M>Y,0,0.8803041
train-pg_dms__mlp__seed43,MLH1,P43246:729:M>A,0,0.87926364
train-pg_dms__mlp__seed43,MLH1,P43246:729:M>W,1,0.8810743
train-pg_dms__mlp__seed43,MLH1,P43246:729:M>T,0,0.8795546
train-pg_dms__mlp__seed43,MLH1,P43246:729:M>S,0,0.8779432
train-pg_dms__mlp__seed43,MLH1,P43246:729:M>R,1,0.72651434
train-pg_dms__mlp__seed43,MLH1,P43246:729:M>Q,0,0.87062466
train-pg_dms__mlp__seed43,MLH1,P43246:729:M>C,0,0.8753995
train-pg_dms__mlp__seed43,MLH1,P43246:730:L>S,0,0.5229155
train-pg_dms__mlp__seed43,MLH1,P43246:730:L>R,0,0.34887525
train-pg_dms__mlp__seed43,MLH1,P43246:730:L>Q,0,0.2558497
train-pg_dms__mlp__seed43,MLH1,P43246:730:L>P,1,0.6683315
train-pg_dms__mlp__seed43,MLH1,P43246:730:L>N,0,0.47045162
train-pg_dms__mlp__seed43,MLH1,P43246:730:L>V,0,0.062282044
train-pg_dms__mlp__seed43,MLH1,P43246:730:L>T,0,0.1645588
train-pg_dms__mlp__seed43,MLH1,P43246:730:L>Y,0,0.5811101
train-pg_dms__mlp__seed43,MLH1,P43246:730:L>A,0,0.26226786
train-pg_dms__mlp__seed43,MLH1,P43246:730:L>H,0,0.56049293
train-pg_dms__mlp__seed43,MLH1,P43246:730:L>G,0,0.53160536
train-pg_dms__mlp__seed43,MLH1,P43246:730:L>E,0,0.5719793
train-pg_dms__mlp__seed43,MLH1,P43246:730:L>D,0,0.664536
train-pg_dms__mlp__seed43,MLH1,P43246:730:L>C,0,0.5359468
train-pg_dms__mlp__seed43,MLH1,P43246:730:L>M,0,0.06146855
train-pg_dms__mlp__seed43,MLH1,P43246:730:L>I,0,0.061676513
train-pg_dms__mlp__seed43,MLH1,P43246:730:L>K,0,0.5019243
train-pg_dms__mlp__seed43,MLH1,P43246:752:R>G,1,0.8470475
train-pg_dms__mlp__seed43,MLH1,P43246:752:R>A,1,0.85010564
train-pg_dms__mlp__seed43,MLH1,P43246:752:R>C,0,0.8434508
train-pg_dms__mlp__seed43,MLH1,P43246:752:R>M,0,0.8513417
train-pg_dms__mlp__seed43,MLH1,P43246:752:R>E,1,0.8394551
train-pg_dms__mlp__seed43,MLH1,P43246:752:R>Y,0,0.8507251
train-pg_dms__mlp__seed43,MLH1,P43246:752:R>W,0,0.8397663
train-pg_dms__mlp__seed43,MLH1,P43246:752:R>V,0,0.8507251
train-pg_dms__mlp__seed43,MLH1,P43246:752:R>T,1,0.85103375
train-pg_dms__mlp__seed43,MLH1,P43246:752:R>D,1,0.8507251
train-pg_dms__mlp__seed43,MLH1,P43246:752:R>P,1,0.85103375
train-pg_dms__mlp__seed43,MLH1,P43246:752:R>N,0,0.8507251
train-pg_dms__mlp__seed43,MLH1,P43246:752:R>S,1,0.85041577
train-pg_dms__mlp__seed43,MLH1,P43246:752:R>L,0,0.8488664
train-pg_dms__mlp__seed43,MLH1,P43246:752:R>K,0,0.8269104
train-pg_dms__mlp__seed43,MLH1,P43246:752:R>I,1,0.85103375
train-pg_dms__mlp__seed43,MLH1,P43246:752:R>H,0,0.84284306
train-pg_dms__mlp__seed43,MLH1,P43246:752:R>F,0,0.85103375
train-pg_dms__mlp__seed43,MLH1,P43246:764:W>D,1,0.8935814
train-pg_dms__mlp__seed43,MLH1,P43246:764:W>Y,0,0.2774552
train-pg_dms__mlp__seed43,MLH1,P43246:764:W>V,0,0.76996523
train-pg_dms__mlp__seed43,MLH1,P43246:764:W>T,0,0.8357547
train-pg_dms__mlp__seed43,MLH1,P43246:764:W>F,0,0.20369093
train-pg_dms__mlp__seed43,MLH1,P43246:764:W>G,0,0.6039675
train-pg_dms__mlp__seed43,MLH1,P43246:764:W>H,0,0.8163012
train-pg_dms__mlp__seed43,MLH1,P43246:764:W>I,0,0.8615092
train-pg_dms__mlp__seed43,MLH1,P43246:764:W>E,0,0.88905704
train-pg_dms__mlp__seed43,MLH1,P43246:764:W>K,1,0.88801235
train-pg_dms__mlp__seed43,MLH1,P43246:764:W>S,0,0.5365082
train-pg_dms__mlp__seed43,MLH1,P43246:764:W>L,1,0.68445677
train-pg_dms__mlp__seed43,MLH1,P43246:764:W>M,0,0.81867856
train-pg_dms__mlp__seed43,MLH1,P43246:764:W>N,1,0.8774296
train-pg_dms__mlp__seed43,MLH1,P43246:764:W>P,1,0.8955529
train-pg_dms__mlp__seed43,MLH1,P43246:764:W>A,0,0.6994304
train-pg_dms__mlp__seed43,MLH1,P43246:764:W>C,0,0.73231167
train-pg_dms__mlp__seed43,MLH1,P43246:764:W>Q,0,0.8789322
train-pg_dms__mlp__seed43,MLH1,P43246:766:I>M,0,0.2513122
train-pg_dms__mlp__seed43,MLH1,P43246:766:I>H,0,0.82100976
train-pg_dms__mlp__seed43,MLH1,P43246:766:I>L,0,0.21848397
train-pg_dms__mlp__seed43,MLH1,P43246:766:I>A,0,0.6598919
train-pg_dms__mlp__seed43,MLH1,P43246:766:I>V,0,0.15265808
train-pg_dms__mlp__seed43,MLH1,P43246:766:I>D,1,0.82134616
train-pg_dms__mlp__seed43,MLH1,P43246:766:I>E,1,0.818808
train-pg_dms__mlp__seed43,MLH1,P43246:766:I>F,0,0.72329813
train-pg_dms__mlp__seed43,MLH1,P43246:766:I>G,1,0.81623554
train-pg_dms__mlp__seed43,MLH1,P43246:766:I>P,1,0.82016593
train-pg_dms__mlp__seed43,MLH1,P43246:766:I>R,1,0.81623554
train-pg_dms__mlp__seed43,MLH1,P43246:766:I>S,0,0.7619451
train-pg_dms__mlp__seed43,MLH1,P43246:766:I>C,0,0.78162867
train-pg_dms__mlp__seed43,MLH1,P43246:766:I>W,0,0.82184964
train-pg_dms__mlp__seed43,MLH1,P43246:766:I>Y,1,0.81829625
train-pg_dms__mlp__seed43,MLH1,P43246:768:E>Y,0,0.574659
train-pg_dms__mlp__seed43,MLH1,P43246:768:E>W,0,0.8119094
train-pg_dms__mlp__seed43,MLH1,P43246:768:E>V,0,0.27637792
train-pg_dms__mlp__seed43,MLH1,P43246:768:E>A,0,0.18265495
train-pg_dms__mlp__seed43,MLH1,P43246:768:E>C,0,0.73416406
train-pg_dms__mlp__seed43,MLH1,P43246:768:E>D,0,0.15293477
train-pg_dms__mlp__seed43,MLH1,P43246:768:E>S,0,0.16787642
train-pg_dms__mlp__seed43,MLH1,P43246:768:E>R,1,0.15688479
train-pg_dms__mlp__seed43,MLH1,P43246:768:E>P,1,0.8375515
train-pg_dms__mlp__seed43,MLH1,P43246:768:E>N,0,0.20728067
train-pg_dms__mlp__seed43,MLH1,P43246:768:E>F,0,0.76998913
train-pg_dms__mlp__seed43,MLH1,P43246:768:E>M,0,0.4869819
train-pg_dms__mlp__seed43,MLH1,P43246:768:E>L,0,0.43834737
train-pg_dms__mlp__seed43,MLH1,P43246:768:E>K,0,0.1264689
train-pg_dms__mlp__seed43,MLH1,P43246:768:E>H,0,0.2726459
train-pg_dms__mlp__seed43,MLH1,P43246:768:E>G,0,0.17489958
train-pg_dms__mlp__seed43,MLH1,P43246:768:E>T,0,0.20920107
train-pg_dms__mlp__seed43,MLH1,P43246:768:E>I,0,0.47852138
train-pg_dms__mlp__seed43,MLH1,P43246:770:I>W,1,0.84778845
train-pg_dms__mlp__seed43,MLH1,P43246:770:I>A,0,0.37365404
train-pg_dms__mlp__seed43,MLH1,P43246:770:I>C,0,0.72115487
train-pg_dms__mlp__seed43,MLH1,P43246:770:I>D,1,0.8502162
train-pg_dms__mlp__seed43,MLH1,P43246:770:I>E,0,0.84308904
train-pg_dms__mlp__seed43,MLH1,P43246:770:I>F,0,0.53857917
train-pg_dms__mlp__seed43,MLH1,P43246:770:I>G,1,0.8291509
train-pg_dms__mlp__seed43,MLH1,P43246:770:I>K,1,0.8396819
train-pg_dms__mlp__seed43,MLH1,P43246:770:I>L,0,0.15116665
train-pg_dms__mlp__seed43,MLH1,P43246:770:I>Q,0,0.8374928
train-pg_dms__mlp__seed43,MLH1,P43246:770:I>R,1,0.83121675
train-pg_dms__mlp__seed43,MLH1,P43246:770:I>S,0,0.7219679
train-pg_dms__mlp__seed43,MLH1,P43246:770:I>T,0,0.34449586
train-pg_dms__mlp__seed43,MLH1,P43246:770:I>V,0,0.1280076
train-pg_dms__mlp__seed43,MLH1,P43246:770:I>Y,0,0.83642364
train-pg_dms__mlp__seed43,MLH1,P43246:770:I>P,1,0.84481114
train-pg_dms__mlp__seed43,MLH1,P43246:770:I>M,0,0.16957814
train-pg_dms__mlp__seed43,MLH1,P43246:781:A>Q,1,0.8898575
train-pg_dms__mlp__seed43,MLH1,P43246:781:A>V,1,0.8410469
train-pg_dms__mlp__seed43,MLH1,P43246:781:A>W,1,0.9013456
train-pg_dms__mlp__seed43,MLH1,P43246:781:A>Y,1,0.90064806
train-pg_dms__mlp__seed43,MLH1,P43246:781:A>S,0,0.22415617
train-pg_dms__mlp__seed43,MLH1,P43246:781:A>R,1,0.8944113
train-pg_dms__mlp__seed43,MLH1,P43246:781:A>C,0,0.85509485
train-pg_dms__mlp__seed43,MLH1,P43246:781:A>E,0,0.8997024
train-pg_dms__mlp__seed43,MLH1,P43246:781:A>P,0,0.84572285
train-pg_dms__mlp__seed43,MLH1,P43246:781:A>G,0,0.7456405
train-pg_dms__mlp__seed43,MLH1,P43246:781:A>H,1,0.8989933
train-pg_dms__mlp__seed43,MLH1,P43246:781:A>I,1,0.8994645
train-pg_dms__mlp__seed43,MLH1,P43246:781:A>N,0,0.898167
train-pg_dms__mlp__seed43,MLH1,P43246:781:A>M,1,0.8939154
train-pg_dms__mlp__seed43,MLH1,P43246:781:A>L,0,0.87547445
train-pg_dms__mlp__seed43,MLH1,P43246:781:A>K,1,0.9012308
train-pg_dms__mlp__seed43,MLH1,P43246:781:A>F,1,0.8973334
train-pg_dms__mlp__seed43,MLH1,P43246:789:A>Y,0,0.2284447
train-pg_dms__mlp__seed43,MLH1,P43246:789:A>W,1,0.5877695
train-pg_dms__mlp__seed43,MLH1,P43246:789:A>R,0,0.2292864
train-pg_dms__mlp__seed43,MLH1,P43246:789:A>Q,0,0.15346898
train-pg_dms__mlp__seed43,MLH1,P43246:789:A>P,0,0.7415325
train-pg_dms__mlp__seed43,MLH1,P43246:789:A>N,0,0.13025439
train-pg_dms__mlp__seed43,MLH1,P43246:789:A>M,0,0.10490167
train-pg_dms__mlp__seed43,MLH1,P43246:789:A>L,0,0.103657015
train-pg_dms__mlp__seed43,MLH1,P43246:789:A>K,0,0.29636687
train-pg_dms__mlp__seed43,MLH1,P43246:789:A>I,0,0.117752776
train-pg_dms__mlp__seed43,MLH1,P43246:789:A>H,0,0.24690305
train-pg_dms__mlp__seed43,MLH1,P43246:789:A>G,0,0.10578135
train-pg_dms__mlp__seed43,MLH1,P43246:789:A>F,0,0.16062054
train-pg_dms__mlp__seed43,MLH1,P43246:789:A>E,0,0.14304282
train-pg_dms__mlp__seed43,MLH1,P43246:789:A>C,0,0.17320733
train-pg_dms__mlp__seed43,MLH1,P43246:789:A>S,0,0.091538765
train-pg_dms__mlp__seed43,MLH1,P43246:789:A>T,0,0.09136567
train-pg_dms__mlp__seed43,MLH1,P43246:790:L>F,0,0.41316694
train-pg_dms__mlp__seed43,MLH1,P43246:790:L>P,1,0.84512794
train-pg_dms__mlp__seed43,MLH1,P43246:790:L>R,1,0.78306115
train-pg_dms__mlp__seed43,MLH1,P43246:790:L>S,1,0.81667644
train-pg_dms__mlp__seed43,MLH1,P43246:790:L>T,0,0.71072614
train-pg_dms__mlp__seed43,MLH1,P43246:790:L>V,0,0.1660229
train-pg_dms__mlp__seed43,MLH1,P43246:790:L>W,1,0.7990741
train-pg_dms__mlp__seed43,MLH1,P43246:790:L>M,0,0.14155586
train-pg_dms__mlp__seed43,MLH1,P43246:790:L>K,1,0.80231214
train-pg_dms__mlp__seed43,MLH1,P43246:790:L>I,0,0.14633662
train-pg_dms__mlp__seed43,MLH1,P43246:790:L>H,1,0.81649655
train-pg_dms__mlp__seed43,MLH1,P43246:790:L>G,1,0.83678204
train-pg_dms__mlp__seed43,MLH1,P43246:790:L>D,1,0.85247666
train-pg_dms__mlp__seed43,MLH1,P43246:790:L>C,0,0.78890455
train-pg_dms__mlp__seed43,MLH1,P43246:790:L>A,0,0.6357283
train-pg_dms__mlp__seed43,MLH1,P43246:790:L>Q,0,0.73935485
train-pg_dms__mlp__seed43,MLH1,P43246:790:L>N,1,0.83870405
train-pg_dms__mlp__seed43,MLH1,P43246:793:Q>A,0,0.089819334
train-pg_dms__mlp__seed43,MLH1,P43246:793:Q>E,0,0.10414702
train-pg_dms__mlp__seed43,MLH1,P43246:793:Q>F,0,0.18078057
train-pg_dms__mlp__seed43,MLH1,P43246:793:Q>G,0,0.09464285
train-pg_dms__mlp__seed43,MLH1,P43246:793:Q>H,0,0.11759766
train-pg_dms__mlp__seed43,MLH1,P43246:793:Q>I,0,0.095809706
train-pg_dms__mlp__seed43,MLH1,P43246:793:Q>Y,0,0.10612591
train-pg_dms__mlp__seed43,MLH1,P43246:793:Q>W,1,0.14588659
train-pg_dms__mlp__seed43,MLH1,P43246:793:Q>V,0,0.08931235
train-pg_dms__mlp__seed43,MLH1,P43246:793:Q>T,0,0.08615572
train-pg_dms__mlp__seed43,MLH1,P43246:793:Q>S,0,0.089325525
train-pg_dms__mlp__seed43,MLH1,P43246:793:Q>N,0,0.08953072
train-pg_dms__mlp__seed43,MLH1,P43246:793:Q>M,0,0.098929435
train-pg_dms__mlp__seed43,MLH1,P43246:793:Q>D,0,0.09020233
train-pg_dms__mlp__seed43,MLH1,P43246:793:Q>C,0,0.13272187
train-pg_dms__mlp__seed43,MLH1,P43246:793:Q>K,0,0.08317285
train-pg_dms__mlp__seed43,MLH1,P43246:793:Q>L,0,0.08595213
train-pg_dms__mlp__seed43,MLH1,P43246:800:L>S,0,0.18552008
train-pg_dms__mlp__seed43,MLH1,P43246:800:L>W,1,0.11183529
train-pg_dms__mlp__seed43,MLH1,P43246:800:L>T,0,0.19647974
train-pg_dms__mlp__seed43,MLH1,P43246:800:L>Y,0,0.110171504
train-pg_dms__mlp__seed43,MLH1,P43246:800:L>F,0,0.099107616
train-pg_dms__mlp__seed43,MLH1,P43246:800:L>E,0,0.41801178
train-pg_dms__mlp__seed43,MLH1,P43246:800:L>H,0,0.12618734
train-pg_dms__mlp__seed43,MLH1,P43246:800:L>D,0,0.93334377
train-pg_dms__mlp__seed43,MLH1,P43246:800:L>V,0,0.09967947
train-pg_dms__mlp__seed43,MLH1,P43246:800:L>G,0,0.78935796
train-pg_dms__mlp__seed43,MLH1,P43246:800:L>A,0,0.17792179
train-pg_dms__mlp__seed43,MLH1,P43246:800:L>I,0,0.10167475
train-pg_dms__mlp__seed43,MLH1,P43246:800:L>K,0,0.17066689
train-pg_dms__mlp__seed43,MLH1,P43246:800:L>C,0,0.13569488
train-pg_dms__mlp__seed43,MLH1,P43246:800:L>Q,0,0.11377279
train-pg_dms__mlp__seed43,MLH1,P43246:800:L>P,1,0.95137185
train-pg_dms__mlp__seed43,MLH1,P43246:800:L>N,0,0.4643986
train-pg_dms__mlp__seed43,MLH1,P43246:800:L>M,0,0.0984012
train-pg_dms__mlp__seed43,MLH1,P43246:800:L>R,0,0.11489031
train-pg_dms__mlp__seed43,MLH1,P43246:804:A>K,0,0.6812725
train-pg_dms__mlp__seed43,MLH1,P43246:804:A>M,0,0.502843
train-pg_dms__mlp__seed43,MLH1,P43246:804:A>P,0,0.6655645
train-pg_dms__mlp__seed43,MLH1,P43246:804:A>Y,1,0.65605736
train-pg_dms__mlp__seed43,MLH1,P43246:804:A>W,0,0.67827535
train-pg_dms__mlp__seed43,MLH1,P43246:804:A>L,0,0.3652767
train-pg_dms__mlp__seed43,MLH1,P43246:804:A>R,0,0.6572043
train-pg_dms__mlp__seed43,MLH1,P43246:804:A>S,0,0.091104805
train-pg_dms__mlp__seed43,MLH1,P43246:804:A>D,0,0.67976004
train-pg_dms__mlp__seed43,MLH1,P43246:804:A>E,0,0.6749525
train-pg_dms__mlp__seed43,MLH1,P43246:804:A>F,1,0.59113467
train-pg_dms__mlp__seed43,MLH1,P43246:804:A>C,0,0.23276725
train-pg_dms__mlp__seed43,MLH1,P43246:804:A>G,0,0.21516399
train-pg_dms__mlp__seed43,MLH1,P43246:804:A>I,0,0.50090486
train-pg_dms__mlp__seed43,MLH1,P43246:808:E>Y,0,0.043336637
train-pg_dms__mlp__seed43,MLH1,P43246:808:E>G,0,0.04267004
train-pg_dms__mlp__seed43,MLH1,P43246:808:E>W,0,0.09299251
train-pg_dms__mlp__seed43,MLH1,P43246:808:E>V,0,0.04139304
train-pg_dms__mlp__seed43,MLH1,P43246:808:E>T,0,0.042127818
train-pg_dms__mlp__seed43,MLH1,P43246:808:E>S,0,0.042489395
train-pg_dms__mlp__seed43,MLH1,P43246:808:E>R,0,0.04212982
train-pg_dms__mlp__seed43,MLH1,P43246:808:E>C,0,0.050208066
train-pg_dms__mlp__seed43,MLH1,P43246:808:E>Q,0,0.042459693
train-pg_dms__mlp__seed43,MLH1,P43246:808:E>N,0,0.042476885
train-pg_dms__mlp__seed43,MLH1,P43246:808:E>M,0,0.04162514
train-pg_dms__mlp__seed43,MLH1,P43246:808:E>D,0,0.042779706
train-pg_dms__mlp__seed43,MLH1,P43246:808:E>L,0,0.041391425
train-pg_dms__mlp__seed43,MLH1,P43246:808:E>I,0,0.04147645
train-pg_dms__mlp__seed43,MLH1,P43246:808:E>F,0,0.06303324
train-pg_dms__mlp__seed43,MLH1,P43246:808:E>P,0,0.0413028
train-pg_dms__mlp__seed43,MLH1,P43246:808:E>A,0,0.042424403
train-pg_dms__mlp__seed43,MLH1,P43246:808:E>H,0,0.0414624
train-pg_dms__mlp__seed43,MLH1,P43246:809:E>W,0,0.12278974
train-pg_dms__mlp__seed43,MLH1,P43246:809:E>S,0,0.04166036
train-pg_dms__mlp__seed43,MLH1,P43246:809:E>R,0,0.040981796
train-pg_dms__mlp__seed43,MLH1,P43246:809:E>Q,0,0.0416486
train-pg_dms__mlp__seed43,MLH1,P43246:809:E>P,0,0.063198105
train-pg_dms__mlp__seed43,MLH1,P43246:809:E>M,0,0.04179982
train-pg_dms__mlp__seed43,MLH1,P43246:809:E>L,0,0.042003337
train-pg_dms__mlp__seed43,MLH1,P43246:809:E>K,0,0.0795122
train-pg_dms__mlp__seed43,MLH1,P43246:809:E>I,0,0.04250128
train-pg_dms__mlp__seed43,MLH1,P43246:809:E>H,0,0.04075365
train-pg_dms__mlp__seed43,MLH1,P43246:809:E>G,0,0.07225601
train-pg_dms__mlp__seed43,MLH1,P43246:809:E>F,0,0.074580535
train-pg_dms__mlp__seed43,MLH1,P43246:809:E>Y,0,0.042207815
train-pg_dms__mlp__seed43,MLH1,P43246:809:E>N,0,0.041779283
train-pg_dms__mlp__seed43,MLH1,P43246:809:E>V,0,0.04065825
train-pg_dms__mlp__seed43,MLH1,P43246:809:E>T,0,0.04134379
train-pg_dms__mlp__seed43,MLH1,P43246:809:E>D,0,0.058358062
train-pg_dms__mlp__seed43,MLH1,P43246:809:E>A,0,0.06211965
train-pg_dms__mlp__seed43,MLH1,P43246:811:L>H,0,0.47918946
train-pg_dms__mlp__seed43,MLH1,P43246:811:L>M,0,0.06743506
train-pg_dms__mlp__seed43,MLH1,P43246:811:L>I,0,0.062441755
train-pg_dms__mlp__seed43,MLH1,P43246:811:L>Q,0,0.4612211
train-pg_dms__mlp__seed43,MLH1,P43246:811:L>R,0,0.44024777
train-pg_dms__mlp__seed43,MLH1,P43246:811:L>G,1,0.51301694
train-pg_dms__mlp__seed43,MLH1,P43246:811:L>F,0,0.10285777
train-pg_dms__mlp__seed43,MLH1,P43246:811:L>E,0,0.5098282
train-pg_dms__mlp__seed43,MLH1,P43246:811:L>D,0,0.5279529
train-pg_dms__mlp__seed43,MLH1,P43246:811:L>S,1,0.5055829
train-pg_dms__mlp__seed43,MLH1,P43246:811:L>T,0,0.3980037
train-pg_dms__mlp__seed43,MLH1,P43246:811:L>V,0,0.06377988
train-pg_dms__mlp__seed43,MLH1,P43246:811:L>W,0,0.39319494
train-pg_dms__mlp__seed43,MLH1,P43246:811:L>Y,0,0.44662365
train-pg_dms__mlp__seed43,MLH1,P43246:811:L>C,0,0.40696448
train-pg_dms__mlp__seed43,MLH1,P43246:811:L>A,1,0.40696448
train-pg_dms__mlp__seed43,MLH1,P43246:811:L>N,0,0.51053655
train-pg_dms__mlp__seed43,MLH1,P43246:811:L>P,1,0.49007347
train-pg_dms__mlp__seed43,MLH1,P43246:817:V>I,0,0.090778634
train-pg_dms__mlp__seed43,MLH1,P43246:817:V>C,0,0.9269678
train-pg_dms__mlp__seed43,MLH1,P43246:817:V>A,0,0.891804
train-pg_dms__mlp__seed43,MLH1,P43246:817:V>D,1,0.94013983
train-pg_dms__mlp__seed43,MLH1,P43246:817:V>F,0,0.8705549
train-pg_dms__mlp__seed43,MLH1,P43246:817:V>G,1,0.8657849
train-pg_dms__mlp__seed43,MLH1,P43246:817:V>N,0,0.93377054
train-pg_dms__mlp__seed43,MLH1,P43246:817:V>M,1,0.53392553
train-pg_dms__mlp__seed43,MLH1,P43246:817:V>P,1,0.93721485
train-pg_dms__mlp__seed43,MLH1,P43246:817:V>Q,0,0.9341163
train-pg_dms__mlp__seed43,MLH1,P43246:817:V>R,1,0.9304942
train-pg_dms__mlp__seed43,MLH1,P43246:817:V>S,0,0.9290642
train-pg_dms__mlp__seed43,MLH1,P43246:817:V>T,0,0.90172297
train-pg_dms__mlp__seed43,MLH1,P43246:817:V>L,0,0.35926637
train-pg_dms__mlp__seed43,MLH1,P43246:817:V>W,1,0.94135326
train-pg_dms__mlp__seed43,MLH1,P43246:817:V>K,1,0.9342884
train-pg_dms__mlp__seed43,MLH1,P43246:825:S>A,0,0.1767593
train-pg_dms__mlp__seed43,MLH1,P43246:825:S>C,0,0.3384947
train-pg_dms__mlp__seed43,MLH1,P43246:825:S>D,0,0.40633944
train-pg_dms__mlp__seed43,MLH1,P43246:825:S>E,0,0.40019488
train-pg_dms__mlp__seed43,MLH1,P43246:825:S>H,0,0.39449054
train-pg_dms__mlp__seed43,MLH1,P43246:825:S>L,1,0.39044422
train-pg_dms__mlp__seed43,MLH1,P43246:825:S>K,0,0.42240256
train-pg_dms__mlp__seed43,MLH1,P43246:825:S>V,0,0.39449054
train-pg_dms__mlp__seed43,MLH1,P43246:825:S>T,0,0.14452766
train-pg_dms__mlp__seed43,MLH1,P43246:825:S>R,0,0.41987497
train-pg_dms__mlp__seed43,MLH1,P43246:825:S>P,0,0.40842617
train-pg_dms__mlp__seed43,MLH1,P43246:825:S>N,1,0.36579627
train-pg_dms__mlp__seed43,MLH1,P43246:825:S>M,1,0.3900409
train-pg_dms__mlp__seed43,MLH1,P43246:825:S>W,1,0.4014116
train-pg_dms__mlp__seed43,MLH1,P43246:825:S>I,0,0.39815235
train-pg_dms__mlp__seed43,MLH1,P43246:826:F>L,0,0.4297387
train-pg_dms__mlp__seed43,MLH1,P43246:826:F>K,0,0.43176365
train-pg_dms__mlp__seed43,MLH1,P43246:826:F>I,0,0.4143687
train-pg_dms__mlp__seed43,MLH1,P43246:826:F>H,0,0.417686
train-pg_dms__mlp__seed43,MLH1,P43246:826:F>G,0,0.42872787
train-pg_dms__mlp__seed43,MLH1,P43246:826:F>E,0,0.43311608
train-pg_dms__mlp__seed43,MLH1,P43246:826:F>D,0,0.43311608
train-pg_dms__mlp__seed43,MLH1,P43246:826:F>W,0,0.23500532
train-pg_dms__mlp__seed43,MLH1,P43246:826:F>M,0,0.40646487
train-pg_dms__mlp__seed43,MLH1,P43246:826:F>C,0,0.41007718
train-pg_dms__mlp__seed43,MLH1,P43246:826:F>P,0,0.43480936
train-pg_dms__mlp__seed43,MLH1,P43246:826:F>Q,0,0.4307506
train-pg_dms__mlp__seed43,MLH1,P43246:826:F>R,0,0.4223529
train-pg_dms__mlp__seed43,MLH1,P43246:826:F>T,0,0.42940167
train-pg_dms__mlp__seed43,MLH1,P43246:826:F>V,0,0.3986454
train-pg_dms__mlp__seed43,MLH1,P43246:826:F>A,0,0.42503145
train-pg_dms__mlp__seed43,MLH1,P43246:826:F>N,0,0.4277183
train-pg_dms__mlp__seed43,MLH1,P43246:826:F>Y,0,0.08039072
train-pg_dms__mlp__seed43,MLH1,P43246:832:E>Y,0,0.47871527
train-pg_dms__mlp__seed43,MLH1,P43246:832:E>W,0,0.80419016
train-pg_dms__mlp__seed43,MLH1,P43246:832:E>V,0,0.05943326
train-pg_dms__mlp__seed43,MLH1,P43246:832:E>S,0,0.05831348
train-pg_dms__mlp__seed43,MLH1,P43246:832:E>R,0,0.058357783
train-pg_dms__mlp__seed43,MLH1,P43246:832:E>Q,0,0.087410994
train-pg_dms__mlp__seed43,MLH1,P43246:832:E>P,0,0.83052605
train-pg_dms__mlp__seed43,MLH1,P43246:832:E>N,0,0.07239811
train-pg_dms__mlp__seed43,MLH1,P43246:832:E>M,0,0.07331602
train-pg_dms__mlp__seed43,MLH1,P43246:832:E>L,0,0.08967312
train-pg_dms__mlp__seed43,MLH1,P43246:832:E>T,0,0.05932633
train-pg_dms__mlp__seed43,MLH1,P43246:832:E>I,0,0.07651516
train-pg_dms__mlp__seed43,MLH1,P43246:832:E>F,0,0.69626516
train-pg_dms__mlp__seed43,MLH1,P43246:832:E>D,0,0.21008304
train-pg_dms__mlp__seed43,MLH1,P43246:832:E>C,0,0.49608928
train-pg_dms__mlp__seed43,MLH1,P43246:832:E>A,0,0.057954706
train-pg_dms__mlp__seed43,MLH1,P43246:832:E>G,0,0.058360327
train-pg_dms__mlp__seed43,MLH1,P43246:834:A>Y,0,0.8192139
train-pg_dms__mlp__seed43,MLH1,P43246:834:A>W,0,0.8297247
train-pg_dms__mlp__seed43,MLH1,P43246:834:A>V,0,0.06118814
train-pg_dms__mlp__seed43,MLH1,P43246:834:A>S,0,0.06138669
train-pg_dms__mlp__seed43,MLH1,P43246:834:A>R,0,0.79547036
train-pg_dms__mlp__seed43,MLH1,P43246:834:A>Q,0,0.77639216
train-pg_dms__mlp__seed43,MLH1,P43246:834:A>P,1,0.817508
train-pg_dms__mlp__seed43,MLH1,P43246:834:A>M,0,0.5307509
train-pg_dms__mlp__seed43,MLH1,P43246:834:A>L,0,0.15257487
train-pg_dms__mlp__seed43,MLH1,P43246:834:A>N,0,0.8043325
train-pg_dms__mlp__seed43,MLH1,P43246:834:A>I,0,0.2774281
train-pg_dms__mlp__seed43,MLH1,P43246:834:A>H,0,0.82114226
train-pg_dms__mlp__seed43,MLH1,P43246:834:A>F,0,0.80021274
train-pg_dms__mlp__seed43,MLH1,P43246:834:A>E,0,0.81677157
train-pg_dms__mlp__seed43,MLH1,P43246:834:A>D,1,0.8297247
train-pg_dms__mlp__seed43,MLH1,P43246:834:A>C,0,0.17550759
train-pg_dms__mlp__seed43,MLH1,P43246:834:A>K,0,0.8285929
train-pg_dms__mlp__seed43,MLH1,P43246:835:N>I,0,0.06423152
train-pg_dms__mlp__seed43,MLH1,P43246:835:N>K,0,0.0593614
train-pg_dms__mlp__seed43,MLH1,P43246:835:N>L,0,0.099126585
train-pg_dms__mlp__seed43,MLH1,P43246:835:N>Q,0,0.059393656
train-pg_dms__mlp__seed43,MLH1,P43246:835:N>P,0,0.66294587
train-pg_dms__mlp__seed43,MLH1,P43246:835:N>R,0,0.059036855
train-pg_dms__mlp__seed43,MLH1,P43246:835:N>H,0,0.099386446
train-pg_dms__mlp__seed43,MLH1,P43246:835:N>M,0,0.06307934
train-pg_dms__mlp__seed43,MLH1,P43246:835:N>V,0,0.06126466
train-pg_dms__mlp__seed43,MLH1,P43246:835:N>G,0,0.058691725
train-pg_dms__mlp__seed43,MLH1,P43246:835:N>F,0,0.07332235
train-pg_dms__mlp__seed43,MLH1,P43246:835:N>E,0,0.06294771
train-pg_dms__mlp__seed43,MLH1,P43246:835:N>D,0,0.08934885
train-pg_dms__mlp__seed43,MLH1,P43246:835:N>C,0,0.058398012
train-pg_dms__mlp__seed43,MLH1,P43246:835:N>A,0,0.058135774
train-pg_dms__mlp__seed43,MLH1,P43246:835:N>S,0,0.08672871
train-pg_dms__mlp__seed43,MLH1,P43246:835:N>Y,0,0.058494955
train-pg_dms__mlp__seed43,MLH1,P43246:835:N>W,0,0.16113736
train-pg_dms__mlp__seed43,MLH1,P43246:835:N>T,0,0.05870292
train-pg_dms__mlp__seed43,MLH1,P43246:843:C>P,0,0.8262597
train-pg_dms__mlp__seed43,MLH1,P43246:843:C>W,0,0.074933425
train-pg_dms__mlp__seed43,MLH1,P43246:843:C>D,0,0.07261302
train-pg_dms__mlp__seed43,MLH1,P43246:843:C>Y,0,0.102301754
train-pg_dms__mlp__seed43,MLH1,P43246:843:C>S,0,0.07074919
train-pg_dms__mlp__seed43,MLH1,P43246:843:C>N,0,0.07082902
train-pg_dms__mlp__seed43,MLH1,P43246:843:C>V,0,0.072730295
train-pg_dms__mlp__seed43,MLH1,P43246:843:C>E,0,0.07798239
train-pg_dms__mlp__seed43,MLH1,P43246:843:C>A,0,0.07189304
train-pg_dms__mlp__seed43,MLH1,P43246:843:C>T,0,0.07190727
train-pg_dms__mlp__seed43,MLH1,P43246:843:C>G,0,0.07068815
train-pg_dms__mlp__seed43,MLH1,P43246:843:C>H,0,0.071455605
train-pg_dms__mlp__seed43,MLH1,P43246:843:C>I,0,0.073633894
train-pg_dms__mlp__seed43,MLH1,P43246:843:C>K,0,0.07509991
train-pg_dms__mlp__seed43,MLH1,P43246:843:C>L,0,0.07308394
train-pg_dms__mlp__seed43,MLH1,P43246:843:C>M,0,0.07526426
train-pg_dms__mlp__seed43,MLH1,P43246:843:C>R,0,0.07172158
train-pg_dms__mlp__seed43,MLH1,P43246:843:C>Q,0,0.07318121
train-pg_dms__mlp__seed43,MLH1,P43246:843:C>F,0,0.07060974
train-pg_dms__mlp__seed43,MLH1,P43246:844:A>E,0,0.90410656
train-pg_dms__mlp__seed43,MLH1,P43246:844:A>D,1,0.906209
train-pg_dms__mlp__seed43,MLH1,P43246:844:A>C,0,0.83455116
train-pg_dms__mlp__seed43,MLH1,P43246:844:A>G,0,0.23108552
train-pg_dms__mlp__seed43,MLH1,P43246:844:A>H,1,0.90509444
train-pg_dms__mlp__seed43,MLH1,P43246:844:A>F,0,0.90551424
train-pg_dms__mlp__seed43,MLH1,P43246:844:A>M,0,0.8977104
train-pg_dms__mlp__seed43,MLH1,P43246:844:A>L,0,0.89017296
train-pg_dms__mlp__seed43,MLH1,P43246:844:A>P,1,0.7336234
train-pg_dms__mlp__seed43,MLH1,P43246:844:A>Q,0,0.88901466
train-pg_dms__mlp__seed43,MLH1,P43246:844:A>R,1,0.89800906
train-pg_dms__mlp__seed43,MLH1,P43246:844:A>Y,0,0.906209
train-pg_dms__mlp__seed43,MLH1,P43246:844:A>W,0,0.9070345
train-pg_dms__mlp__seed43,MLH1,P43246:844:A>V,0,0.8815966
train-pg_dms__mlp__seed43,MLH1,P43246:844:A>I,0,0.9045314
train-pg_dms__mlp__seed43,MLH1,P43246:844:A>S,0,0.0856289
train-pg_dms__mlp__seed43,MLH1,P43246:847:K>H,0,0.24606137
train-pg_dms__mlp__seed43,MLH1,P43246:847:K>V,0,0.4380593
train-pg_dms__mlp__seed43,MLH1,P43246:847:K>S,0,0.8334754
train-pg_dms__mlp__seed43,MLH1,P43246:847:K>R,0,0.06633687
train-pg_dms__mlp__seed43,MLH1,P43246:847:K>P,0,0.8622532
train-pg_dms__mlp__seed43,MLH1,P43246:847:K>N,0,0.8011875
train-pg_dms__mlp__seed43,MLH1,P43246:847:K>M,0,0.22838108
train-pg_dms__mlp__seed43,MLH1,P43246:847:K>L,0,0.56967884
train-pg_dms__mlp__seed43,MLH1,P43246:847:K>I,0,0.63417774
train-pg_dms__mlp__seed43,MLH1,P43246:847:K>E,0,0.50585777
train-pg_dms__mlp__seed43,MLH1,P43246:847:K>G,0,0.8222973
train-pg_dms__mlp__seed43,MLH1,P43246:847:K>A,0,0.72224
train-pg_dms__mlp__seed43,MLH1,P43246:847:K>C,0,0.77502507
train-pg_dms__mlp__seed43,MLH1,P43246:847:K>D,0,0.85171765
train-pg_dms__mlp__seed43,MLH1,P43246:847:K>W,0,0.8398425
train-pg_dms__mlp__seed43,MLH1,P43246:847:K>Y,0,0.76848936
train-pg_dms__mlp__seed43,MLH1,P43246:847:K>F,0,0.8477879
train-pg_dms__mlp__seed43,MLH1,P43246:858:G>A,0,0.045963258
train-pg_dms__mlp__seed43,MLH1,P43246:858:G>W,0,0.04984339
train-pg_dms__mlp__seed43,MLH1,P43246:858:G>K,0,0.047464903
train-pg_dms__mlp__seed43,MLH1,P43246:858:G>Q,0,0.04725785
train-pg_dms__mlp__seed43,MLH1,P43246:858:G>P,0,0.0531124
train-pg_dms__mlp__seed43,MLH1,P43246:858:G>N,0,0.046914853
train-pg_dms__mlp__seed43,MLH1,P43246:858:G>M,0,0.05090291
train-pg_dms__mlp__seed43,MLH1,P43246:858:G>L,0,0.04940949
train-pg_dms__mlp__seed43,MLH1,P43246:858:G>I,0,0.04737744
train-pg_dms__mlp__seed43,MLH1,P43246:858:G>H,0,0.047969937
train-pg_dms__mlp__seed43,MLH1,P43246:858:G>R,0,0.059689734
train-pg_dms__mlp__seed43,MLH1,P43246:858:G>S,0,0.045841742
train-pg_dms__mlp__seed43,MLH1,P43246:858:G>T,0,0.046006992
train-pg_dms__mlp__seed43,MLH1,P43246:858:G>V,0,0.04643575
train-pg_dms__mlp__seed43,MLH1,P43246:858:G>Y,0,0.049163733
train-pg_dms__mlp__seed43,MLH1,P43246:858:G>F,0,0.05522514
train-pg_dms__mlp__seed43,MLH1,P43246:858:G>E,0,0.046392113
train-pg_dms__mlp__seed43,MLH1,P43246:858:G>C,0,0.046437483
train-pg_dms__mlp__seed43,MLH1,P43246:860:S>H,0,0.04404279
train-pg_dms__mlp__seed43,MLH1,P43246:860:S>Y,0,0.04387074
train-pg_dms__mlp__seed43,MLH1,P43246:860:S>W,0,0.04512105
train-pg_dms__mlp__seed43,MLH1,P43246:860:S>I,0,0.043872904
train-pg_dms__mlp__seed43,MLH1,P43246:860:S>T,0,0.043680184
train-pg_dms__mlp__seed43,MLH1,P43246:860:S>R,0,0.044375617
train-pg_dms__mlp__seed43,MLH1,P43246:860:S>Q,0,0.04428588
train-pg_dms__mlp__seed43,MLH1,P43246:860:S>P,0,0.04371378
train-pg_dms__mlp__seed43,MLH1,P43246:860:S>N,0,0.04368581
train-pg_dms__mlp__seed43,MLH1,P43246:860:S>V,0,0.04388695
train-pg_dms__mlp__seed43,MLH1,P43246:860:S>D,0,0.043992806
train-pg_dms__mlp__seed43,MLH1,P43246:860:S>G,0,0.043684315
train-pg_dms__mlp__seed43,MLH1,P43246:860:S>F,0,0.044080332
train-pg_dms__mlp__seed43,MLH1,P43246:860:S>E,0,0.04414712
train-pg_dms__mlp__seed43,MLH1,P43246:860:S>A,0,0.043703005
train-pg_dms__mlp__seed43,MLH1,P43246:860:S>K,0,0.04434658
train-pg_dms__mlp__seed43,MLH1,P43246:860:S>C,0,0.043778986
train-pg_dms__mlp__seed43,MLH1,P43246:860:S>M,0,0.044107273
train-pg_dms__mlp__seed43,MLH1,P43246:861:Q>V,0,0.043943755
train-pg_dms__mlp__seed43,MLH1,P43246:861:Q>F,0,0.04731038
train-pg_dms__mlp__seed43,MLH1,P43246:861:Q>G,0,0.04367926
train-pg_dms__mlp__seed43,MLH1,P43246:861:Q>H,0,0.043665674
train-pg_dms__mlp__seed43,MLH1,P43246:861:Q>T,0,0.04358206
train-pg_dms__mlp__seed43,MLH1,P43246:861:Q>L,0,0.057087705
train-pg_dms__mlp__seed43,MLH1,P43246:861:Q>A,0,0.043640267
train-pg_dms__mlp__seed43,MLH1,P43246:861:Q>C,0,0.045756448
train-pg_dms__mlp__seed43,MLH1,P43246:861:Q>D,0,0.043764487
train-pg_dms__mlp__seed43,MLH1,P43246:861:Q>E,0,0.050128777
train-pg_dms__mlp__seed43,MLH1,P43246:861:Q>M,0,0.044748686
train-pg_dms__mlp__seed43,MLH1,P43246:861:Q>P,0,0.043508112
train-pg_dms__mlp__seed43,MLH1,P43246:861:Q>R,0,0.043494593
train-pg_dms__mlp__seed43,MLH1,P43246:861:Q>S,0,0.04357428
train-pg_dms__mlp__seed43,MLH1,P43246:861:Q>I,0,0.04443958
train-pg_dms__mlp__seed43,MLH1,P43246:861:Q>Y,0,0.04485414
train-pg_dms__mlp__seed43,MLH1,P43246:861:Q>W,0,0.046272032
train-pg_dms__mlp__seed43,MLH1,P43246:862:G>F,0,0.048521355
train-pg_dms__mlp__seed43,MLH1,P43246:862:G>A,0,0.045654133
train-pg_dms__mlp__seed43,MLH1,P43246:862:G>C,0,0.045934685
train-pg_dms__mlp__seed43,MLH1,P43246:862:G>D,0,0.045471955
train-pg_dms__mlp__seed43,MLH1,P43246:862:G>H,0,0.046191115
train-pg_dms__mlp__seed43,MLH1,P43246:862:G>I,0,0.046037264
train-pg_dms__mlp__seed43,MLH1,P43246:862:G>K,0,0.045967862
train-pg_dms__mlp__seed43,MLH1,P43246:862:G>L,0,0.046853654
train-pg_dms__mlp__seed43,MLH1,P43246:862:G>P,0,0.04836763
train-pg_dms__mlp__seed43,MLH1,P43246:862:G>N,0,0.045767087
train-pg_dms__mlp__seed43,MLH1,P43246:862:G>S,0,0.045498464
train-pg_dms__mlp__seed43,MLH1,P43246:862:G>T,0,0.045629427
train-pg_dms__mlp__seed43,MLH1,P43246:862:G>W,0,0.047281865
train-pg_dms__mlp__seed43,MLH1,P43246:862:G>Y,0,0.0463307
train-pg_dms__mlp__seed43,MLH1,P43246:862:G>Q,0,0.045960084
train-pg_dms__mlp__seed43,MLH1,P43246:870:A>T,0,0.05582706
train-pg_dms__mlp__seed43,MLH1,P43246:870:A>I,0,0.050084073
train-pg_dms__mlp__seed43,MLH1,P43246:870:A>K,0,0.05391719
train-pg_dms__mlp__seed43,MLH1,P43246:870:A>W,0,0.09661444
train-pg_dms__mlp__seed43,MLH1,P43246:870:A>Y,0,0.060642388
train-pg_dms__mlp__seed43,MLH1,P43246:870:A>V,0,0.055661928
train-pg_dms__mlp__seed43,MLH1,P43246:870:A>L,0,0.049713537
train-pg_dms__mlp__seed43,MLH1,P43246:870:A>S,0,0.04801513
train-pg_dms__mlp__seed43,MLH1,P43246:870:A>R,0,0.052168626
train-pg_dms__mlp__seed43,MLH1,P43246:870:A>Q,0,0.051307324
train-pg_dms__mlp__seed43,MLH1,P43246:870:A>P,0,0.05003374
train-pg_dms__mlp__seed43,MLH1,P43246:870:A>H,0,0.06249322
train-pg_dms__mlp__seed43,MLH1,P43246:870:A>N,0,0.051608194
train-pg_dms__mlp__seed43,MLH1,P43246:870:A>M,1,0.051014792
train-pg_dms__mlp__seed43,MLH1,P43246:870:A>C,0,0.059547137
train-pg_dms__mlp__seed43,MLH1,P43246:870:A>D,0,0.05649239
train-pg_dms__mlp__seed43,MLH1,P43246:870:A>E,0,0.05993549
train-pg_dms__mlp__seed43,MLH1,P43246:870:A>F,0,0.056013826
train-pg_dms__mlp__seed43,MLH1,P43246:870:A>G,0,0.055305745
train-pg_dms__mlp__seed43,MLH1,P43246:871:K>S,0,0.10489063
train-pg_dms__mlp__seed43,MLH1,P43246:871:K>R,0,0.055532917
train-pg_dms__mlp__seed43,MLH1,P43246:871:K>A,0,0.08879041
train-pg_dms__mlp__seed43,MLH1,P43246:871:K>C,0,0.138471
train-pg_dms__mlp__seed43,MLH1,P43246:871:K>Y,0,0.13153353
train-pg_dms__mlp__seed43,MLH1,P43246:871:K>D,0,0.12046583
train-pg_dms__mlp__seed43,MLH1,P43246:871:K>E,0,0.05850013
train-pg_dms__mlp__seed43,MLH1,P43246:871:K>T,0,0.07382102
train-pg_dms__mlp__seed43,MLH1,P43246:871:K>G,0,0.08508074
train-pg_dms__mlp__seed43,MLH1,P43246:871:K>F,0,0.15795076
train-pg_dms__mlp__seed43,MLH1,P43246:871:K>V,0,0.08268335
train-pg_dms__mlp__seed43,MLH1,P43246:871:K>W,0,0.14669655
train-pg_dms__mlp__seed43,MLH1,P43246:871:K>P,0,0.11335619
train-pg_dms__mlp__seed43,MLH1,P43246:871:K>N,0,0.12716444
train-pg_dms__mlp__seed43,MLH1,P43246:871:K>Q,0,0.054617565
train-pg_dms__mlp__seed43,MLH1,P43246:871:K>M,0,0.07823333
train-pg_dms__mlp__seed43,MLH1,P43246:871:K>L,0,0.0875587
train-pg_dms__mlp__seed43,MLH1,P43246:871:K>I,0,0.10061989
train-pg_dms__mlp__seed43,MLH1,P43246:871:K>H,0,0.08876925
train-pg_dms__mlp__seed43,MLH1,P43246:873:C>A,0,0.040162794
train-pg_dms__mlp__seed43,MLH1,P43246:873:C>D,0,0.03909319
train-pg_dms__mlp__seed43,MLH1,P43246:873:C>E,0,0.038843982
train-pg_dms__mlp__seed43,MLH1,P43246:873:C>F,0,0.040614214
train-pg_dms__mlp__seed43,MLH1,P43246:873:C>H,0,0.040237926
train-pg_dms__mlp__seed43,MLH1,P43246:873:C>I,0,0.03962756
train-pg_dms__mlp__seed43,MLH1,P43246:873:C>K,0,0.03986373
train-pg_dms__mlp__seed43,MLH1,P43246:873:C>L,0,0.04003827
train-pg_dms__mlp__seed43,MLH1,P43246:873:C>N,0,0.040187206
train-pg_dms__mlp__seed43,MLH1,P43246:873:C>P,0,0.038333837
train-pg_dms__mlp__seed43,MLH1,P43246:873:C>G,0,0.04085299
train-pg_dms__mlp__seed43,MLH1,P43246:873:C>Q,0,0.04012222
train-pg_dms__mlp__seed43,MLH1,P43246:873:C>R,0,0.04094397
train-pg_dms__mlp__seed43,MLH1,P43246:873:C>S,0,0.040457744
train-pg_dms__mlp__seed43,MLH1,P43246:873:C>T,0,0.039829444
train-pg_dms__mlp__seed43,MLH1,P43246:873:C>V,0,0.039969403
train-pg_dms__mlp__seed43,MLH1,P43246:883:I>A,0,0.09572689
train-pg_dms__mlp__seed43,MLH1,P43246:883:I>C,0,0.16134623
train-pg_dms__mlp__seed43,MLH1,P43246:883:I>D,0,0.22845963
train-pg_dms__mlp__seed43,MLH1,P43246:883:I>E,0,0.13201296
train-pg_dms__mlp__seed43,MLH1,P43246:883:I>F,0,0.07786519
train-pg_dms__mlp__seed43,MLH1,P43246:883:I>G,0,0.32158986
train-pg_dms__mlp__seed43,MLH1,P43246:883:I>H,0,0.13622592
train-pg_dms__mlp__seed43,MLH1,P43246:883:I>K,0,0.12074124
train-pg_dms__mlp__seed43,MLH1,P43246:883:I>N,0,0.16854355
train-pg_dms__mlp__seed43,MLH1,P43246:883:I>M,0,0.105752714
train-pg_dms__mlp__seed43,MLH1,P43246:883:I>P,0,0.77365613
train-pg_dms__mlp__seed43,MLH1,P43246:883:I>Q,0,0.11985227
train-pg_dms__mlp__seed43,MLH1,P43246:883:I>S,0,0.10263692
train-pg_dms__mlp__seed43,MLH1,P43246:883:I>W,0,0.29409462
train-pg_dms__mlp__seed43,MLH1,P43246:883:I>Y,0,0.10399733
train-pg_dms__mlp__seed43,MLH1,P43246:883:I>L,0,0.10411444
train-pg_dms__mlp__seed43,MLH1,P43246:883:I>R,0,0.0997583
train-pg_dms__mlp__seed43,MLH1,P43246:888:L>A,0,0.07715261
train-pg_dms__mlp__seed43,MLH1,P43246:888:L>N,0,0.30401057
train-pg_dms__mlp__seed43,MLH1,P43246:888:L>Y,0,0.10685177
train-pg_dms__mlp__seed43,MLH1,P43246:888:L>P,0,0.6697641
train-pg_dms__mlp__seed43,MLH1,P43246:888:L>R,0,0.08168384
train-pg_dms__mlp__seed43,MLH1,P43246:888:L>K,0,0.15718584
train-pg_dms__mlp__seed43,MLH1,P43246:888:L>I,0,0.058120385
train-pg_dms__mlp__seed43,MLH1,P43246:888:L>G,0,0.38074172
train-pg_dms__mlp__seed43,MLH1,P43246:888:L>W,0,0.08166052
train-pg_dms__mlp__seed43,MLH1,P43246:888:L>F,0,0.0586329
train-pg_dms__mlp__seed43,MLH1,P43246:888:L>C,0,0.07482392
train-pg_dms__mlp__seed43,MLH1,P43246:888:L>S,0,0.11615034
train-pg_dms__mlp__seed43,MLH1,P43246:888:L>T,0,0.071626924
train-pg_dms__mlp__seed43,MLH1,P43246:888:L>V,0,0.0907964
train-pg_dms__mlp__seed43,MLH1,P43246:888:L>D,0,0.6595026
train-pg_dms__mlp__seed43,MLH1,P43246:888:L>Q,0,0.07647727
train-pg_dms__mlp__seed43,MLH1,P43246:889:S>N,0,0.06198134
train-pg_dms__mlp__seed43,MLH1,P43246:889:S>M,0,0.06259411
train-pg_dms__mlp__seed43,MLH1,P43246:889:S>I,0,0.062280178
train-pg_dms__mlp__seed43,MLH1,P43246:889:S>P,0,0.14305857
train-pg_dms__mlp__seed43,MLH1,P43246:889:S>Y,0,0.06217042
train-pg_dms__mlp__seed43,MLH1,P43246:889:S>W,0,0.06364079
train-pg_dms__mlp__seed43,MLH1,P43246:889:S>V,0,0.06235677
train-pg_dms__mlp__seed43,MLH1,P43246:889:S>T,0,0.0619396
train-pg_dms__mlp__seed43,MLH1,P43246:889:S>L,0,0.061936222
train-pg_dms__mlp__seed43,MLH1,P43246:889:S>K,0,0.063769914
train-pg_dms__mlp__seed43,MLH1,P43246:889:S>Q,0,0.06338142
train-pg_dms__mlp__seed43,MLH1,P43246:889:S>H,0,0.06264489
train-pg_dms__mlp__seed43,MLH1,P43246:889:S>G,0,0.061977003
train-pg_dms__mlp__seed43,MLH1,P43246:889:S>E,0,0.062943265
train-pg_dms__mlp__seed43,MLH1,P43246:889:S>D,0,0.062483314
train-pg_dms__mlp__seed43,MLH1,P43246:889:S>A,0,0.061875433
train-pg_dms__mlp__seed43,MLH1,P43246:889:S>R,0,0.063382916
train-pg_dms__mlp__seed43,MLH1,P43246:896:F>Q,0,0.061412662
train-pg_dms__mlp__seed43,MLH1,P43246:896:F>V,0,0.08807697
train-pg_dms__mlp__seed43,MLH1,P43246:896:F>T,0,0.057018667
train-pg_dms__mlp__seed43,MLH1,P43246:896:F>R,0,0.060641207
train-pg_dms__mlp__seed43,MLH1,P43246:896:F>P,0,0.06642697
train-pg_dms__mlp__seed43,MLH1,P43246:896:F>E,0,0.063310176
train-pg_dms__mlp__seed43,MLH1,P43246:896:F>M,0,0.05693748
train-pg_dms__mlp__seed43,MLH1,P43246:896:F>L,0,0.057781238
train-pg_dms__mlp__seed43,MLH1,P43246:896:F>I,0,0.056698505
train-pg_dms__mlp__seed43,MLH1,P43246:896:F>H,0,0.05950895
train-pg_dms__mlp__seed43,MLH1,P43246:896:F>G,0,0.059412334
train-pg_dms__mlp__seed43,MLH1,P43246:896:F>D,0,0.0599326
train-pg_dms__mlp__seed43,MLH1,P43246:896:F>A,0,0.057020217
train-pg_dms__mlp__seed43,MLH1,P43246:896:F>N,0,0.058099676
train-pg_dms__mlp__seed43,MLH1,P43246:896:F>W,0,0.05821121
train-pg_dms__mlp__seed43,MLH1,P43246:896:F>K,0,0.06236233
train-pg_dms__mlp__seed43,MLH1,P43246:896:F>S,0,0.057001017
train-pg_dms__mlp__seed43,MLH1,P43246:896:F>Y,0,0.05679824
train-pg_dms__mlp__seed43,MLH1,P43246:898:E>C,0,0.080159925
train-pg_dms__mlp__seed43,MLH1,P43246:898:E>D,0,0.094157726
train-pg_dms__mlp__seed43,MLH1,P43246:898:E>G,0,0.0625031
train-pg_dms__mlp__seed43,MLH1,P43246:898:E>H,0,0.06460248
train-pg_dms__mlp__seed43,MLH1,P43246:898:E>I,0,0.06471784
train-pg_dms__mlp__seed43,MLH1,P43246:898:E>L,0,0.064887635
train-pg_dms__mlp__seed43,MLH1,P43246:898:E>M,1,0.0664588
train-pg_dms__mlp__seed43,MLH1,P43246:898:E>N,0,0.06272885
train-pg_dms__mlp__seed43,MLH1,P43246:898:E>Q,0,0.06275964
train-pg_dms__mlp__seed43,MLH1,P43246:898:E>R,0,0.06367885
train-pg_dms__mlp__seed43,MLH1,P43246:898:E>S,0,0.06266353
train-pg_dms__mlp__seed43,MLH1,P43246:898:E>V,0,0.063202225
train-pg_dms__mlp__seed43,MLH1,P43246:898:E>W,0,0.13836186
train-pg_dms__mlp__seed43,MLH1,P43246:898:E>Y,0,0.06772725
train-pg_dms__mlp__seed43,MLH1,P43246:898:E>A,0,0.09414907
train-pg_dms__mlp__seed43,MLH1,P43246:898:E>P,0,0.07199642
train-pg_dms__mlp__seed43,MLH1,P43246:898:E>T,0,0.06279071
train-pg_dms__mlp__seed43,MLH1,P43246:910:Q>C,0,0.10672329
train-pg_dms__mlp__seed43,MLH1,P43246:910:Q>W,0,0.114668176
train-pg_dms__mlp__seed43,MLH1,P43246:910:Q>Y,0,0.09118738
train-pg_dms__mlp__seed43,MLH1,P43246:910:Q>T,0,0.08105055
train-pg_dms__mlp__seed43,MLH1,P43246:910:Q>S,0,0.08265736
train-pg_dms__mlp__seed43,MLH1,P43246:910:Q>V,1,0.08395483
train-pg_dms__mlp__seed43,MLH1,P43246:910:Q>P,0,0.12377161
train-pg_dms__mlp__seed43,MLH1,P43246:910:Q>N,0,0.08212517
train-pg_dms__mlp__seed43,MLH1,P43246:910:Q>M,0,0.08731037
train-pg_dms__mlp__seed43,MLH1,P43246:910:Q>L,0,0.079871766
train-pg_dms__mlp__seed43,MLH1,P43246:910:Q>K,0,0.11710704
train-pg_dms__mlp__seed43,MLH1,P43246:910:Q>I,0,0.087303184
train-pg_dms__mlp__seed43,MLH1,P43246:910:Q>H,0,0.1280422
train-pg_dms__mlp__seed43,MLH1,P43246:910:Q>G,0,0.08308472
train-pg_dms__mlp__seed43,MLH1,P43246:910:Q>F,0,0.11974267
train-pg_dms__mlp__seed43,MLH1,P43246:910:Q>A,0,0.08109139
train-pg_dms__mlp__seed43,MLH1,P43246:910:Q>E,0,0.11634928
train-pg_dms__mlp__seed43,MLH1,P43246:914:E>D,0,0.08881823
train-pg_dms__mlp__seed43,MLH1,P43246:914:E>F,0,0.25840425
train-pg_dms__mlp__seed43,MLH1,P43246:914:E>G,0,0.13748752
train-pg_dms__mlp__seed43,MLH1,P43246:914:E>H,0,0.11832651
train-pg_dms__mlp__seed43,MLH1,P43246:914:E>I,0,0.11263488
train-pg_dms__mlp__seed43,MLH1,P43246:914:E>K,0,0.09116571
train-pg_dms__mlp__seed43,MLH1,P43246:914:E>L,0,0.11544006
train-pg_dms__mlp__seed43,MLH1,P43246:914:E>V,0,0.09886082
train-pg_dms__mlp__seed43,MLH1,P43246:914:E>N,0,0.095339425
train-pg_dms__mlp__seed43,MLH1,P43246:914:E>P,0,0.6201169
train-pg_dms__mlp__seed43,MLH1,P43246:914:E>Q,0,0.09161883
train-pg_dms__mlp__seed43,MLH1,P43246:914:E>R,0,0.10095167
train-pg_dms__mlp__seed43,MLH1,P43246:914:E>S,0,0.09424592
train-pg_dms__mlp__seed43,MLH1,P43246:914:E>T,0,0.094695725
train-pg_dms__mlp__seed43,MLH1,P43246:914:E>C,0,0.29858756
train-pg_dms__mlp__seed43,MLH1,P43246:914:E>M,0,0.12104765
train-pg_dms__mlp__seed43,MLH1,P43246:914:E>A,0,0.090696394
train-pg_dms__mlp__seed43,MLH1,P43246:914:E>Y,0,0.15082581
train-pg_dms__mlp__seed43,MLH1,P43246:918:K>C,0,0.13401386
train-pg_dms__mlp__seed43,MLH1,P43246:918:K>Y,0,0.1379521
train-pg_dms__mlp__seed43,MLH1,P43246:918:K>W,0,0.22261754
train-pg_dms__mlp__seed43,MLH1,P43246:918:K>V,0,0.1104909
train-pg_dms__mlp__seed43,MLH1,P43246:918:K>T,0,0.13792638
train-pg_dms__mlp__seed43,MLH1,P43246:918:K>S,0,0.103998385
train-pg_dms__mlp__seed43,MLH1,P43246:918:K>R,0,0.092284955
train-pg_dms__mlp__seed43,MLH1,P43246:918:K>Q,0,0.12869678
train-pg_dms__mlp__seed43,MLH1,P43246:918:K>P,0,0.33614287
train-pg_dms__mlp__seed43,MLH1,P43246:918:K>L,0,0.1092833
train-pg_dms__mlp__seed43,MLH1,P43246:918:K>I,0,0.116719656
train-pg_dms__mlp__seed43,MLH1,P43246:918:K>H,0,0.10215924
train-pg_dms__mlp__seed43,MLH1,P43246:918:K>G,0,0.10418201
train-pg_dms__mlp__seed43,MLH1,P43246:918:K>F,0,0.2015922
train-pg_dms__mlp__seed43,MLH1,P43246:918:K>E,0,0.092519395
train-pg_dms__mlp__seed43,MLH1,P43246:918:K>A,0,0.10146917
train-pg_dms__mlp__seed43,MLH1,P43246:918:K>D,0,0.12016308
train-pg_dms__mlp__seed43,MLH1,P43246:921:S>Y,0,0.07704746
train-pg_dms__mlp__seed43,MLH1,P43246:921:S>A,0,0.07387975
train-pg_dms__mlp__seed43,MLH1,P43246:921:S>C,0,0.07493075
train-pg_dms__mlp__seed43,MLH1,P43246:921:S>W,0,0.09033598
train-pg_dms__mlp__seed43,MLH1,P43246:921:S>E,0,0.086885065
train-pg_dms__mlp__seed43,MLH1,P43246:921:S>F,0,0.07950435
train-pg_dms__mlp__seed43,MLH1,P43246:921:S>G,1,0.10438471
train-pg_dms__mlp__seed43,MLH1,P43246:921:S>I,0,0.07548636
train-pg_dms__mlp__seed43,MLH1,P43246:921:S>K,0,0.08717999
train-pg_dms__mlp__seed43,MLH1,P43246:921:S>D,0,0.08059836
train-pg_dms__mlp__seed43,MLH1,P43246:921:S>M,0,0.08144336
train-pg_dms__mlp__seed43,MLH1,P43246:921:S>N,0,0.074848145
train-pg_dms__mlp__seed43,MLH1,P43246:921:S>P,0,0.10942314
train-pg_dms__mlp__seed43,MLH1,P43246:921:S>Q,0,0.086006396
train-pg_dms__mlp__seed43,MLH1,P43246:921:S>R,0,0.081647165
train-pg_dms__mlp__seed43,MLH1,P43246:921:S>T,0,0.10696305
train-pg_dms__mlp__seed43,MLH1,P43246:921:S>V,0,0.076291434
train-pg_dms__mlp__seed43,MLH1,P43246:921:S>L,0,0.0752316
train-pg_dms__mlp__seed43,MLH1,P43246:924:N>C,0,0.08380399
train-pg_dms__mlp__seed43,MLH1,P43246:924:N>T,0,0.078011036
train-pg_dms__mlp__seed43,MLH1,P43246:924:N>S,0,0.11093529
train-pg_dms__mlp__seed43,MLH1,P43246:924:N>R,0,0.08063609
train-pg_dms__mlp__seed43,MLH1,P43246:924:N>Q,0,0.08215562
train-pg_dms__mlp__seed43,MLH1,P43246:924:N>P,1,0.2943931
train-pg_dms__mlp__seed43,MLH1,P43246:924:N>L,0,0.08262098
train-pg_dms__mlp__seed43,MLH1,P43246:924:N>K,0,0.108595826
train-pg_dms__mlp__seed43,MLH1,P43246:924:N>I,0,0.08560288
train-pg_dms__mlp__seed43,MLH1,P43246:924:N>H,0,0.10805539
train-pg_dms__mlp__seed43,MLH1,P43246:924:N>G,0,0.0826506
train-pg_dms__mlp__seed43,MLH1,P43246:924:N>F,0,0.1087771
train-pg_dms__mlp__seed43,MLH1,P43246:924:N>E,0,0.08307075
train-pg_dms__mlp__seed43,MLH1,P43246:924:N>D,0,0.07864539
train-pg_dms__mlp__seed43,MLH1,P43246:924:N>A,0,0.08080439
train-pg_dms__mlp__seed43,MLH1,P43246:924:N>Y,0,0.07909523
train-pg_dms__mlp__seed43,MLH1,P43246:924:N>W,0,0.14983514
train-pg_dms__mlp__seed43,MLH1,P43246:927:I>Y,0,0.13961156
train-pg_dms__mlp__seed43,MLH1,P43246:927:I>W,0,0.23811701
train-pg_dms__mlp__seed43,MLH1,P43246:927:I>V,0,0.10450883
train-pg_dms__mlp__seed43,MLH1,P43246:927:I>C,0,0.14454363
train-pg_dms__mlp__seed43,MLH1,P43246:927:I>S,0,0.10855681
train-pg_dms__mlp__seed43,MLH1,P43246:927:I>R,0,0.11833108
train-pg_dms__mlp__seed43,MLH1,P43246:927:I>Q,0,0.16042145
train-pg_dms__mlp__seed43,MLH1,P43246:927:I>P,0,0.33040372
train-pg_dms__mlp__seed43,MLH1,P43246:927:I>D,0,0.2829212
train-pg_dms__mlp__seed43,MLH1,P43246:927:I>M,0,0.07629688
train-pg_dms__mlp__seed43,MLH1,P43246:927:I>L,0,0.074362285
train-pg_dms__mlp__seed43,MLH1,P43246:927:I>K,0,0.1440268
train-pg_dms__mlp__seed43,MLH1,P43246:927:I>H,0,0.17687145
train-pg_dms__mlp__seed43,MLH1,P43246:927:I>G,0,0.20101318
train-pg_dms__mlp__seed43,MLH1,P43246:927:I>N,1,0.11323978
train-pg_dms__mlp__seed43,MLH1,P43246:927:I>F,0,0.078076616
train-pg_dms__mlp__seed43,MLH1,P43246:927:I>A,0,0.10316146
train-pg_dms__mlp__seed43,MLH1,P43246:927:I>E,0,0.22541277
train-pg_dms__mlp__seed43,MLH1,P43246:931:K>Y,0,0.07677197
train-pg_dms__mlp__seed43,MLH1,P43246:931:K>N,0,0.056669462
train-pg_dms__mlp__seed43,MLH1,P43246:931:K>T,0,0.054980222
train-pg_dms__mlp__seed43,MLH1,P43246:931:K>S,0,0.056740228
train-pg_dms__mlp__seed43,MLH1,P43246:931:K>R,0,0.054655287
train-pg_dms__mlp__seed43,MLH1,P43246:931:K>P,0,0.059139274
train-pg_dms__mlp__seed43,MLH1,P43246:931:K>M,0,0.058960117
train-pg_dms__mlp__seed43,MLH1,P43246:931:K>L,0,0.06194856
train-pg_dms__mlp__seed43,MLH1,P43246:931:K>V,0,0.059519373
train-pg_dms__mlp__seed43,MLH1,P43246:931:K>I,0,0.06142701
train-pg_dms__mlp__seed43,MLH1,P43246:931:K>G,0,0.057384416
train-pg_dms__mlp__seed43,MLH1,P43246:931:K>F,0,0.10273313
train-pg_dms__mlp__seed43,MLH1,P43246:931:K>E,0,0.06689947
train-pg_dms__mlp__seed43,MLH1,P43246:931:K>D,0,0.05777827
train-pg_dms__mlp__seed43,MLH1,P43246:931:K>A,0,0.056834362
train-pg_dms__mlp__seed43,MLH1,P43246:931:K>H,0,0.057803534
train-pg_dms__mlp__seed43,MLH1,P43246:931:K>W,0,0.12578014
train-pg_dms__mlp__seed43,MLH1,P43246:932:V>E,0,0.05405379
train-pg_dms__mlp__seed43,MLH1,P43246:932:V>D,0,0.053686123
train-pg_dms__mlp__seed43,MLH1,P43246:932:V>W,0,0.079389885
train-pg_dms__mlp__seed43,MLH1,P43246:932:V>C,0,0.0666752
train-pg_dms__mlp__seed43,MLH1,P43246:932:V>Y,0,0.05734232
train-pg_dms__mlp__seed43,MLH1,P43246:932:V>F,0,0.053744204
train-pg_dms__mlp__seed43,MLH1,P43246:932:V>G,0,0.05345192
train-pg_dms__mlp__seed43,MLH1,P43246:932:V>H,0,0.058269087
train-pg_dms__mlp__seed43,MLH1,P43246:932:V>I,0,0.06387107
train-pg_dms__mlp__seed43,MLH1,P43246:932:V>K,0,0.054737166
train-pg_dms__mlp__seed43,MLH1,P43246:932:V>L,0,0.05415311
train-pg_dms__mlp__seed43,MLH1,P43246:932:V>A,0,0.05376411
train-pg_dms__mlp__seed43,MLH1,P43246:932:V>N,0,0.05370469
train-pg_dms__mlp__seed43,MLH1,P43246:932:V>P,0,0.054941125
train-pg_dms__mlp__seed43,MLH1,P43246:932:V>Q,0,0.055290025
train-pg_dms__mlp__seed43,MLH1,P43246:932:V>R,0,0.05504476
train-pg_dms__mlp__seed43,MLH1,P43246:932:V>S,0,0.06449224
train-pg_dms__mlp__seed43,MLH1,P43246:932:V>T,0,0.053898234
train-pg_dms__mlp__seed43,MLH1,P43246:932:V>M,1,0.0541383
train-pg_dms__mlp__seed43,MSH6,P43246:577:I>T,0,0.20741545
train-pg_dms__mlp__seed43,MSH6,P43246:409:Q>K,0,0.09075154
train-pg_dms__mlp__seed43,MSH6,P43246:440:L>P,1,0.9080725
train-pg_dms__mlp__seed43,MSH6,P43246:652:P>H,0,0.17553431
train-pg_dms__mlp__seed43,MSH6,P43246:688:M>R,1,0.8060863
train-pg_dms__mlp__seed43,MSH6,P43246:697:C>R,1,0.93556446
train-pg_dms__mlp__seed43,MSH6,P43246:697:C>F,1,0.9345029
train-pg_dms__mlp__seed43,MSH6,P43246:8:T>M,0,0.02265337
train-pg_dms__mlp__seed43,MSH6,P43246:834:A>T,0,0.10367754
train-pg_dms__mlp__seed43,MSH6,P43246:860:S>L,0,0.027894218
train-pg_dms__mlp__seed43,MSH6,P43246:96:R>H,0,0.06936783
train-pg_dms__mlp__seed43,MSH6,P43246:310:L>P,1,0.9385159
train-pg_dms__mlp__seed43,MSH6,P43246:310:L>R,1,0.9336136
train-pg_dms__mlp__seed43,MSH6,P43246:331:N>D,0,0.10072112
train-pg_dms__mlp__seed43,MSH6,P43246:22:F>L,0,0.35893044
train-pg_dms__mlp__seed43,MSH6,P43246:732:T>S,0,0.15666384
train-pg_dms__mlp__seed43,MSH6,P43246:856:Y>F,0,0.027409252
train-pg_dms__mlp__seed43,MSH6,P43246:117:W>S,0,0.50324345
train-pg_dms__mlp__seed43,MSH6,P43246:159:R>I,0,0.105401754
train-pg_dms__mlp__seed43,MSH6,P43246:697:C>Y,1,0.9383346
train-pg_dms__mlp__seed43,MSH6,P43246:856:Y>H,0,0.027455714
train-pg_dms__mlp__seed43,MSH6,P43246:310:L>V,0,0.20629418
train-pg_dms__mlp__seed43,MSH6,P43246:316:S>Y,0,0.036943313
train-pg_dms__mlp__seed43,MSH6,P43246:443:L>V,0,0.09957829
train-pg_dms__mlp__seed43,MSH6,P43246:652:P>T,0,0.07495052
train-pg_dms__mlp__seed43,MSH6,P43246:677:T>R,1,0.9140277
train-pg_dms__mlp__seed43,MSH6,P43246:796:T>S,0,0.08367088
train-pg_dms__mlp__seed43,MSH6,P43246:121:Y>N,0,0.059629735
train-pg_dms__mlp__seed43,MSH6,P43246:393:K>Q,0,0.16533382
train-pg_dms__mlp__seed43,MSH6,P43246:479:S>R,0,0.14316186
train-pg_dms__mlp__seed43,MSH6,P43246:710:A>V,0,0.38938054
train-pg_dms__mlp__seed43,MSH6,P43246:422:E>K,0,0.07821521
train-pg_dms__mlp__seed43,MSH6,P43246:804:A>T,1,0.1797889
train-pg_dms__mlp__seed43,MSH6,P43246:709:L>V,0,0.09630255
train-pg_dms__mlp__seed43,MSH6,P43246:196:P>Q,0,0.89531785
train-pg_dms__mlp__seed43,MSH6,P43246:188:E>Q,0,0.29139873
train-pg_dms__mlp__seed43,MSH6,P43246:266:A>T,1,0.12608191
train-pg_dms__mlp__seed43,MSH6,P43246:689:A>P,1,0.9092861
train-pg_dms__mlp__seed43,MSH6,P43246:694:F>S,1,0.8573323
train-pg_dms__mlp__seed43,MSH6,P43246:726:M>L,0,0.31876418
train-pg_dms__mlp__seed43,MSH6,P43246:855:Q>H,0,0.037249867
train-pg_dms__mlp__seed43,MSH6,P43246:536:N>I,0,0.054047026
train-pg_dms__mlp__seed43,MSH6,P43246:116:D>V,0,0.101985954
train-pg_dms__mlp__seed43,MSH6,P43246:726:M>V,0,0.46941745
train-pg_dms__mlp__seed43,MSH6,P43246:889:S>F,0,0.036573004
train-pg_dms__mlp__seed43,MSH6,P43246:104:K>N,0,0.28902948
train-pg_dms__mlp__seed43,MSH6,P43246:62:G>E,0,0.17634448
train-pg_dms__mlp__seed43,MSH6,P43246:207:A>S,0,0.059565417
train-pg_dms__mlp__seed43,MSH6,P43246:337:Q>R,0,0.59766686
train-pg_dms__mlp__seed43,MSH6,P43246:111:A>T,0,0.03555317
train-pg_dms__mlp__seed43,MSH6,P43246:525:V>I,0,0.08960096
train-pg_dms__mlp__seed43,MSH6,P43246:242:N>H,0,0.08590896
train-pg_dms__mlp__seed43,MSH6,P43246:543:D>E,0,0.15348266
train-pg_dms__mlp__seed43,MSH6,P43246:538:N>D,0,0.050983556
train-pg_dms__mlp__seed43,MSH6,P43246:568:T>I,1,0.07542773
train-pg_dms__mlp__seed43,MSH6,P43246:445:S>A,0,0.07715213
train-pg_dms__mlp__seed43,MSH6,P43246:238:Y>C,0,0.068360366
train-pg_dms__mlp__seed43,MSH6,P43246:340:R>G,0,0.6308528
train-pg_dms__mlp__seed43,MSH6,P43246:732:T>I,0,0.41337013
train-pg_dms__mlp__seed43,MSH6,P43246:454:I>R,1,0.89739835
train-pg_dms__mlp__seed43,MSH6,P43246:117:W>G,0,0.4824976
train-pg_dms__mlp__seed43,MSH6,P43246:779:M>L,0,0.10739082
train-pg_dms__mlp__seed43,MSH6,P43246:798:N>T,0,0.098841734
train-pg_dms__mlp__seed43,MSH6,P43246:795:P>Q,0,0.074876994
train-pg_dms__mlp__seed43,MSH6,P43246:572:E>I,0,0.06477083
train-pg_dms__mlp__seed43,MSH6,P43246:791:A>V,0,0.108817026
train-pg_dms__mlp__seed43,MSH6,P43246:281:S>T,0,0.067989714
train-pg_dms__mlp__seed43,MSH6,P43246:710:A>P,0,0.8117349
train-pg_dms__mlp__seed43,MSH6,P43246:382:R>S,0,0.24206552
train-pg_dms__mlp__seed43,MSH6,P43246:309:A>P,1,0.88864124
train-pg_dms__mlp__seed43,MSH6,P43246:3:V>L,0,0.060053755
train-pg_dms__mlp__seed43,MSH6,P43246:389:R>L,0,0.33356747
train-pg_dms__mlp__seed43,MSH6,P43246:710:A>S,0,0.060313962
train-pg_dms__mlp__seed43,MSH6,P43246:79:V>M,0,0.15122467
train-pg_dms__mlp__seed43,MSH6,P43246:502:D>V,0,0.05216994
train-pg_dms__mlp__seed43,MSH6,P43246:546:K>R,0,0.05063221
train-pg_dms__mlp__seed43,MSH6,P43246:557:T>A,0,0.066217184
train-pg_dms__mlp__seed43,MSH6,P43246:645:Q>P,0,0.23176771
train-pg_dms__mlp__seed43,MSH6,P43246:646:D>Y,0,0.09637231
train-pg_dms__mlp__seed43,MSH6,P43246:760:F>S,0,0.6953732
train-pg_dms__mlp__seed43,MSH6,P43246:821:V>L,0,0.0687462
train-pg_dms__mlp__seed43,MSH6,P43246:841:I>M,0,0.044238947
train-pg_dms__mlp__seed43,MSH6,P43246:895:P>S,0,0.061804805
train-pg_dms__mlp__seed43,MSH6,P43246:791:A>P,0,0.19845894
train-pg_dms__mlp__seed43,MSH6,P43246:33:T>R,0,0.382422
train-pg_dms__mlp__seed43,MSH6,P43246:68:G>V,0,0.09832914
train-pg_dms__mlp__seed43,MSH6,P43246:193:Q>P,0,0.32757705
train-pg_dms__mlp__seed43,MSH6,P43246:646:D>V,0,0.088766776
train-pg_dms__mlp__seed43,MSH6,P43246:694:F>I,1,0.8362374
train-pg_dms__mlp__seed43,MSH6,P43246:8:T>K,0,0.04702589
train-pg_dms__mlp__seed43,MSH6,P43246:82:K>R,0,0.05279314
train-pg_dms__mlp__seed43,MSH6,P43246:96:R>L,0,0.12046724
train-pg_dms__mlp__seed43,MSH6,P43246:340:R>T,0,0.6705838
train-pg_dms__mlp__seed43,MSH6,P43246:577:I>L,0,0.08008052
train-pg_dms__mlp__seed43,MSH6,P43246:726:M>T,0,0.46022573
train-pg_dms__mlp__seed43,MSH6,P43246:796:T>N,1,0.057409927
train-pg_dms__mlp__seed43,MSH6,P43246:836:F>S,1,0.48060185
train-pg_dms__mlp__seed43,MSH6,P43246:156:D>H,0,0.075984046
train-pg_dms__mlp__seed43,MSH6,P43246:444:R>P,0,0.29675394
train-pg_dms__mlp__seed43,MSH6,P43246:571:E>G,0,0.080291875
train-pg_dms__mlp__seed43,MSH6,P43246:610:H>D,0,0.09191182
train-pg_dms__mlp__seed43,MSH6,P43246:730:L>F,0,0.3431791
train-pg_dms__mlp__seed43,MSH6,P43246:791:A>S,0,0.054358285
train-pg_dms__mlp__seed43,MSH6,P43246:861:Q>K,0,0.02582861
train-pg_dms__mlp__seed43,MSH6,P43246:221:G>E,0,0.06095
train-pg_dms__mlp__seed43,MSH6,P43246:80:L>V,0,0.11571319
train-pg_dms__mlp__seed43,MSH6,P43246:798:N>K,0,0.10658554
train-pg_dms__mlp__seed43,MSH6,P43246:224:I>S,0,0.05394849
train-pg_dms__mlp__seed43,MSH6,P43246:260:E>K,0,0.069435105
train-pg_dms__mlp__seed43,MSH6,P43246:685:I>T,0,0.06591064
train-pg_dms__mlp__seed43,MSH6,P43246:778:C>W,1,0.92152137
train-pg_dms__mlp__seed43,MSH6,P43246:419:Q>E,0,0.060666118
train-pg_dms__mlp__seed43,MSH6,P43246:536:N>D,0,0.051467303
train-pg_dms__mlp__seed43,MSH6,P43246:308:R>K,0,0.053043295
train-pg_dms__mlp__seed43,MSH6,P43246:652:P>S,0,0.10816571
train-pg_dms__mlp__seed43,MSH6,P43246:685:I>L,0,0.07869411
train-pg_dms__mlp__seed43,MSH6,P43246:915:V>L,0,0.10918462
train-pg_dms__mlp__seed43,MSH6,P43246:731:E>G,0,0.82899463
train-pg_dms__mlp__seed43,MSH6,P43246:440:L>R,1,0.8994642
train-pg_dms__mlp__seed43,MSH6,P43246:277:L>S,0,0.24233662
train-pg_dms__mlp__seed43,MSH6,P43246:382:R>L,0,0.10944117
train-pg_dms__mlp__seed43,MSH6,P43246:357:E>K,0,0.077066146
train-pg_dms__mlp__seed43,MSH6,P43246:652:P>L,0,0.20164023
train-pg_dms__mlp__seed43,MSH6,P43246:316:S>T,0,0.028401863
train-pg_dms__mlp__seed43,MSH6,P43246:207:A>V,0,0.060769554
train-pg_dms__mlp__seed43,MSH6,P43246:459:D>G,1,0.5764564
train-pg_dms__mlp__seed43,MSH6,P43246:159:R>K,0,0.05126017
train-pg_dms__mlp__seed43,MSH6,P43246:79:V>G,0,0.069617406
train-pg_dms__mlp__seed43,MSH6,P43246:610:H>R,0,0.06970295
train-pg_dms__mlp__seed43,MSH6,P43246:67:M>R,0,0.06887017
train-pg_dms__mlp__seed43,MSH6,P43246:357:E>V,0,0.14345002
train-pg_dms__mlp__seed43,MSH6,P43246:218:Q>E,0,0.065803066
train-pg_dms__mlp__seed43,MSH6,P43246:28:E>D,0,0.06154052
train-pg_dms__mlp__seed43,MSH6,P43246:180:D>A,0,0.6267646
train-pg_dms__mlp__seed43,MSH6,P43246:685:I>R,1,0.6503424
train-pg_dms__mlp__seed43,MSH6,P43246:307:V>F,0,0.06727727
train-pg_dms__mlp__seed43,MSH6,P43246:454:I>L,0,0.111791454
train-pg_dms__mlp__seed43,MSH6,P43246:182:D>E,0,0.05374754
train-pg_dms__mlp__seed43,MSH6,P43246:865:I>M,0,0.036842097
train-pg_dms__mlp__seed43,MSH6,P43246:520:G>V,0,0.97738975
train-pg_dms__mlp__seed43,MSH6,P43246:382:R>P,0,0.13554052
train-pg_dms__mlp__seed43,MSH6,P43246:116:D>E,0,0.059248626
train-pg_dms__mlp__seed43,MSH6,P43246:409:Q>R,0,0.1260149
train-pg_dms__mlp__seed43,MSH6,P43246:429:Q>H,0,0.05434234
train-pg_dms__mlp__seed43,MSH6,P43246:543:D>G,0,0.5147054
train-pg_dms__mlp__seed43,MSH6,P43246:590:E>K,0,0.04632028
train-pg_dms__mlp__seed43,MSH6,P43246:610:H>P,1,0.3086136
train-pg_dms__mlp__seed43,MSH6,P43246:804:A>V,0,0.28400552
train-pg_dms__mlp__seed43,MSH6,P43246:12:E>D,0,0.05682047
train-pg_dms__mlp__seed43,MSH6,P43246:834:A>G,0,0.118258476
train-pg_dms__mlp__seed43,MSH6,P43246:50:A>T,0,0.67434037
train-pg_dms__mlp__seed43,MSH6,P43246:479:S>N,0,0.07721841
train-pg_dms__mlp__seed43,MSH6,P43246:117:W>R,0,0.43914938
train-pg_dms__mlp__seed43,MSH6,P43246:26:M>K,0,0.14625144
train-pg_dms__mlp__seed43,MSH6,P43246:697:C>W,1,0.9391667
train-pg_dms__mlp__seed43,MSH6,P43246:844:A>T,0,0.77954406
train-pg_dms__mlp__seed43,MSH6,P43246:926:I>S,0,0.108795226
train-pg_dms__mlp__seed43,MSH6,P43246:218:Q>K,0,0.06755175
train-pg_dms__mlp__seed43,MSH6,P43246:96:R>P,0,0.3429416
train-pg_dms__mlp__seed43,MSH6,P43246:281:S>L,0,0.07212369
train-pg_dms__mlp__seed43,MSH6,P43246:460:M>I,0,0.17091115
train-pg_dms__mlp__seed43,MSH6,P43246:8:T>A,0,0.04196139
train-pg_dms__mlp__seed43,MSH6,P43246:156:D>G,0,0.06288649
train-pg_dms__mlp__seed43,MSH6,P43246:646:D>E,0,0.05480056
train-pg_dms__mlp__seed43,MSH6,P43246:316:S>C,0,0.028578848
train-pg_dms__mlp__seed43,MSH6,P43246:428:H>Y,0,0.049890686
train-pg_dms__mlp__seed43,MSH6,P43246:419:Q>R,0,0.061146207
train-pg_dms__mlp__seed43,MSH6,P43246:310:L>H,0,0.6832887
train-pg_dms__mlp__seed43,MSH6,P43246:795:P>L,0,0.07613878
train-pg_dms__mlp__seed43,MSH6,P43246:788:T>I,1,0.6140931
train-pg_dms__mlp__seed43,MSH6,P43246:766:I>T,0,0.62211823
train-pg_dms__mlp__seed43,MSH6,P43246:3:V>W,0,0.21749178
train-pg_dms__mlp__seed43,MSH6,P43246:3:V>T,0,0.09349071
train-pg_dms__mlp__seed43,MSH6,P43246:3:V>S,0,0.09053281
train-pg_dms__mlp__seed43,MSH6,P43246:3:V>R,0,0.11596898
train-pg_dms__mlp__seed43,MSH6,P43246:3:V>P,0,0.1113718
train-pg_dms__mlp__seed43,MSH6,P43246:3:V>M,0,0.089244455
train-pg_dms__mlp__seed43,MSH6,P43246:3:V>I,0,0.048333667
train-pg_dms__mlp__seed43,MSH6,P43246:3:V>H,0,0.21197954
train-pg_dms__mlp__seed43,MSH6,P43246:3:V>G,0,0.07070387
train-pg_dms__mlp__seed43,MSH6,P43246:3:V>F,0,0.060629398
train-pg_dms__mlp__seed43,MSH6,P43246:3:V>D,0,0.16941172
train-pg_dms__mlp__seed43,MSH6,P43246:3:V>C,1,0.1785279
train-pg_dms__mlp__seed43,MSH6,P43246:3:V>A,0,0.07397668
train-pg_dms__mlp__seed43,MSH6,P43246:3:V>K,0,0.15141806
train-pg_dms__mlp__seed43,MSH6,P43246:3:V>Y,0,0.15565202
train-pg_dms__mlp__seed43,MSH6,P43246:8:T>G,0,0.04309431
train-pg_dms__mlp__seed43,MSH6,P43246:8:T>C,0,0.04815262
train-pg_dms__mlp__seed43,MSH6,P43246:8:T>D,0,0.049486406
train-pg_dms__mlp__seed43,MSH6,P43246:8:T>E,0,0.04719555
train-pg_dms__mlp__seed43,MSH6,P43246:8:T>F,0,0.04508799
train-pg_dms__mlp__seed43,MSH6,P43246:8:T>H,0,0.04441202
train-pg_dms__mlp__seed43,MSH6,P43246:8:T>I,0,0.04373959
train-pg_dms__mlp__seed43,MSH6,P43246:8:T>L,0,0.04305179
train-pg_dms__mlp__seed43,MSH6,P43246:8:T>N,0,0.042038742
train-pg_dms__mlp__seed43,MSH6,P43246:8:T>P,0,0.04265515
train-pg_dms__mlp__seed43,MSH6,P43246:8:T>V,0,0.042841125
train-pg_dms__mlp__seed43,MSH6,P43246:8:T>Y,0,0.045526013
train-pg_dms__mlp__seed43,MSH6,P43246:8:T>W,0,0.06085592
train-pg_dms__mlp__seed43,MSH6,P43246:8:T>Q,0,0.043573555
train-pg_dms__mlp__seed43,MSH6,P43246:8:T>R,0,0.04817631
train-pg_dms__mlp__seed43,MSH6,P43246:8:T>S,0,0.04216141
train-pg_dms__mlp__seed43,MSH6,P43246:11:L>H,0,0.052464403
train-pg_dms__mlp__seed43,MSH6,P43246:11:L>I,0,0.04556277
train-pg_dms__mlp__seed43,MSH6,P43246:11:L>A,0,0.04687275
train-pg_dms__mlp__seed43,MSH6,P43246:11:L>G,0,0.050002247
train-pg_dms__mlp__seed43,MSH6,P43246:11:L>F,0,0.046177782
train-pg_dms__mlp__seed43,MSH6,P43246:11:L>K,0,0.05328687
train-pg_dms__mlp__seed43,MSH6,P43246:11:L>M,0,0.04845539
train-pg_dms__mlp__seed43,MSH6,P43246:11:L>N,0,0.052948836
train-pg_dms__mlp__seed43,MSH6,P43246:11:L>P,1,0.04711822
train-pg_dms__mlp__seed43,MSH6,P43246:11:L>C,0,0.06508851
train-pg_dms__mlp__seed43,MSH6,P43246:11:L>R,0,0.050695475
train-pg_dms__mlp__seed43,MSH6,P43246:11:L>S,0,0.0542854
train-pg_dms__mlp__seed43,MSH6,P43246:11:L>Q,0,0.04685949
train-pg_dms__mlp__seed43,MSH6,P43246:11:L>V,0,0.045337565
train-pg_dms__mlp__seed43,MSH6,P43246:11:L>W,0,0.048960645
train-pg_dms__mlp__seed43,MSH6,P43246:11:L>Y,0,0.052441448
train-pg_dms__mlp__seed43,MSH6,P43246:11:L>E,0,0.056164403
train-pg_dms__mlp__seed43,MSH6,P43246:11:L>T,0,0.047305126
train-pg_dms__mlp__seed43,MSH6,P43246:12:E>W,1,0.25493023
train-pg_dms__mlp__seed43,MSH6,P43246:12:E>A,0,0.07236022
train-pg_dms__mlp__seed43,MSH6,P43246:12:E>C,0,0.21803926
train-pg_dms__mlp__seed43,MSH6,P43246:12:E>K,0,0.17174946
train-pg_dms__mlp__seed43,MSH6,P43246:12:E>F,0,0.22617933
train-pg_dms__mlp__seed43,MSH6,P43246:12:E>G,0,0.07140201
train-pg_dms__mlp__seed43,MSH6,P43246:12:E>H,0,0.16264401
train-pg_dms__mlp__seed43,MSH6,P43246:12:E>I,0,0.19339253
train-pg_dms__mlp__seed43,MSH6,P43246:12:E>L,0,0.15193616
train-pg_dms__mlp__seed43,MSH6,P43246:12:E>Y,0,0.19921184
train-pg_dms__mlp__seed43,MSH6,P43246:12:E>N,0,0.07787119
train-pg_dms__mlp__seed43,MSH6,P43246:12:E>P,0,0.096367285
train-pg_dms__mlp__seed43,MSH6,P43246:12:E>Q,0,0.072602615
train-pg_dms__mlp__seed43,MSH6,P43246:12:E>R,0,0.13820413
train-pg_dms__mlp__seed43,MSH6,P43246:12:E>S,0,0.06828338
train-pg_dms__mlp__seed43,MSH6,P43246:12:E>T,0,0.09223504
train-pg_dms__mlp__seed43,MSH6,P43246:12:E>M,1,0.21628343
train-pg_dms__mlp__seed43,MSH6,P43246:12:E>V,0,0.11669095
train-pg_dms__mlp__seed43,MSH6,P43246:22:F>I,0,0.18436599
train-pg_dms__mlp__seed43,MSH6,P43246:22:F>H,0,0.12379888
train-pg_dms__mlp__seed43,MSH6,P43246:22:F>G,0,0.18626781
train-pg_dms__mlp__seed43,MSH6,P43246:22:F>K,0,0.23669529
train-pg_dms__mlp__seed43,MSH6,P43246:22:F>C,0,0.09161188
train-pg_dms__mlp__seed43,MSH6,P43246:22:F>A,0,0.11445102
train-pg_dms__mlp__seed43,MSH6,P43246:22:F>D,0,0.24645624
train-pg_dms__mlp__seed43,MSH6,P43246:22:F>E,0,0.24420649
train-pg_dms__mlp__seed43,MSH6,P43246:22:F>N,0,0.17389008
train-pg_dms__mlp__seed43,MSH6,P43246:22:F>P,0,0.26132867
train-pg_dms__mlp__seed43,MSH6,P43246:22:F>Q,0,0.18569575
train-pg_dms__mlp__seed43,MSH6,P43246:22:F>Y,0,0.06472913
train-pg_dms__mlp__seed43,MSH6,P43246:22:F>W,0,0.10572678
train-pg_dms__mlp__seed43,MSH6,P43246:22:F>V,0,0.101574786
train-pg_dms__mlp__seed43,MSH6,P43246:22:F>T,0,0.13884723
train-pg_dms__mlp__seed43,MSH6,P43246:22:F>M,0,0.163167
train-pg_dms__mlp__seed43,MSH6,P43246:22:F>R,0,0.20257223
train-pg_dms__mlp__seed43,MSH6,P43246:22:F>S,0,0.13013467
train-pg_dms__mlp__seed43,MSH6,P43246:24:Q>D,0,0.07870817
train-pg_dms__mlp__seed43,MSH6,P43246:24:Q>Y,0,0.07561733
train-pg_dms__mlp__seed43,MSH6,P43246:24:Q>W,0,0.08264203
train-pg_dms__mlp__seed43,MSH6,P43246:24:Q>V,0,0.072549455
train-pg_dms__mlp__seed43,MSH6,P43246:24:Q>T,0,0.07065444
train-pg_dms__mlp__seed43,MSH6,P43246:24:Q>S,0,0.07038703
train-pg_dms__mlp__seed43,MSH6,P43246:24:Q>R,0,0.076177515
train-pg_dms__mlp__seed43,MSH6,P43246:24:Q>P,0,0.08870021
train-pg_dms__mlp__seed43,MSH6,P43246:24:Q>N,0,0.072083846
train-pg_dms__mlp__seed43,MSH6,P43246:24:Q>M,0,0.07454291
train-pg_dms__mlp__seed43,MSH6,P43246:24:Q>L,0,0.06926967
train-pg_dms__mlp__seed43,MSH6,P43246:24:Q>I,0,0.07715551
train-pg_dms__mlp__seed43,MSH6,P43246:24:Q>H,0,0.078273825
train-pg_dms__mlp__seed43,MSH6,P43246:24:Q>G,0,0.071261354
train-pg_dms__mlp__seed43,MSH6,P43246:24:Q>F,0,0.08245901
train-pg_dms__mlp__seed43,MSH6,P43246:24:Q>A,0,0.07027152
train-pg_dms__mlp__seed43,MSH6,P43246:24:Q>E,0,0.07698685
train-pg_dms__mlp__seed43,MSH6,P43246:24:Q>K,0,0.07736704
train-pg_dms__mlp__seed43,MSH6,P43246:26:M>L,0,0.072658084
train-pg_dms__mlp__seed43,MSH6,P43246:26:M>P,0,0.30356553
train-pg_dms__mlp__seed43,MSH6,P43246:26:M>N,0,0.2528827
train-pg_dms__mlp__seed43,MSH6,P43246:26:M>H,0,0.2632622
train-pg_dms__mlp__seed43,MSH6,P43246:26:M>D,0,0.3198583
train-pg_dms__mlp__seed43,MSH6,P43246:26:M>E,0,0.27998662
train-pg_dms__mlp__seed43,MSH6,P43246:26:M>Q,0,0.12464819
train-pg_dms__mlp__seed43,MSH6,P43246:26:M>A,0,0.17519014
train-pg_dms__mlp__seed43,MSH6,P43246:26:M>R,0,0.17633364
train-pg_dms__mlp__seed43,MSH6,P43246:26:M>G,0,0.26196143
train-pg_dms__mlp__seed43,MSH6,P43246:26:M>T,0,0.19042052
train-pg_dms__mlp__seed43,MSH6,P43246:26:M>V,0,0.060801495
train-pg_dms__mlp__seed43,MSH6,P43246:26:M>F,0,0.07521895
train-pg_dms__mlp__seed43,MSH6,P43246:26:M>S,0,0.21474288
train-pg_dms__mlp__seed43,MSH6,P43246:26:M>Y,0,0.22291274
train-pg_dms__mlp__seed43,MSH6,P43246:28:E>A,0,0.06204314
train-pg_dms__mlp__seed43,MSH6,P43246:28:E>C,0,0.13670437
train-pg_dms__mlp__seed43,MSH6,P43246:28:E>F,0,0.1388669
train-pg_dms__mlp__seed43,MSH6,P43246:28:E>Y,0,0.110084236
train-pg_dms__mlp__seed43,MSH6,P43246:28:E>I,0,0.071520016
train-pg_dms__mlp__seed43,MSH6,P43246:28:E>L,0,0.07053588
train-pg_dms__mlp__seed43,MSH6,P43246:28:E>M,0,0.0842089
train-pg_dms__mlp__seed43,MSH6,P43246:28:E>P,0,0.065508045
train-pg_dms__mlp__seed43,MSH6,P43246:28:E>Q,0,0.06854614
train-pg_dms__mlp__seed43,MSH6,P43246:28:E>R,0,0.07161259
train-pg_dms__mlp__seed43,MSH6,P43246:28:E>G,0,0.06289412
train-pg_dms__mlp__seed43,MSH6,P43246:28:E>N,0,0.06660786
train-pg_dms__mlp__seed43,MSH6,P43246:28:E>W,0,0.21053363
train-pg_dms__mlp__seed43,MSH6,P43246:28:E>T,0,0.06465144
train-pg_dms__mlp__seed43,MSH6,P43246:28:E>S,0,0.063209325
train-pg_dms__mlp__seed43,MSH6,P43246:28:E>V,0,0.06396195
train-pg_dms__mlp__seed43,MSH6,P43246:32:T>F,0,0.15216728
train-pg_dms__mlp__seed43,MSH6,P43246:32:T>W,0,0.2469943
train-pg_dms__mlp__seed43,MSH6,P43246:32:T>V,0,0.090265
train-pg_dms__mlp__seed43,MSH6,P43246:32:T>S,0,0.073481746
train-pg_dms__mlp__seed43,MSH6,P43246:32:T>Q,0,0.08652587
train-pg_dms__mlp__seed43,MSH6,P43246:32:T>P,0,0.0783961
train-pg_dms__mlp__seed43,MSH6,P43246:32:T>N,0,0.08071499
train-pg_dms__mlp__seed43,MSH6,P43246:32:T>M,0,0.07071249
train-pg_dms__mlp__seed43,MSH6,P43246:32:T>I,0,0.25904256
train-pg_dms__mlp__seed43,MSH6,P43246:32:T>K,0,0.13760291
train-pg_dms__mlp__seed43,MSH6,P43246:32:T>E,0,0.15117061
train-pg_dms__mlp__seed43,MSH6,P43246:32:T>H,0,0.09486383
train-pg_dms__mlp__seed43,MSH6,P43246:32:T>G,0,0.061883714
train-pg_dms__mlp__seed43,MSH6,P43246:32:T>A,0,0.059434444
train-pg_dms__mlp__seed43,MSH6,P43246:32:T>C,0,0.104465425
train-pg_dms__mlp__seed43,MSH6,P43246:32:T>D,0,0.14989471
train-pg_dms__mlp__seed43,MSH6,P43246:32:T>L,0,0.08053511
train-pg_dms__mlp__seed43,MSH6,P43246:32:T>Y,0,0.12994148
train-pg_dms__mlp__seed43,MSH6,P43246:32:T>R,0,0.10161008
train-pg_dms__mlp__seed43,MSH6,P43246:33:T>F,0,0.37159327
train-pg_dms__mlp__seed43,MSH6,P43246:33:T>K,0,0.76418316
train-pg_dms__mlp__seed43,MSH6,P43246:33:T>G,0,0.09474034
train-pg_dms__mlp__seed43,MSH6,P43246:33:T>L,0,0.068879925
train-pg_dms__mlp__seed43,MSH6,P43246:33:T>M,0,0.05705564
train-pg_dms__mlp__seed43,MSH6,P43246:33:T>N,0,0.17672135
train-pg_dms__mlp__seed43,MSH6,P43246:33:T>P,0,0.40937012
train-pg_dms__mlp__seed43,MSH6,P43246:33:T>Q,0,0.3026229
train-pg_dms__mlp__seed43,MSH6,P43246:33:T>S,0,0.052684896
train-pg_dms__mlp__seed43,MSH6,P43246:33:T>I,0,0.32533836
train-pg_dms__mlp__seed43,MSH6,P43246:33:T>W,0,0.46527052
train-pg_dms__mlp__seed43,MSH6,P43246:33:T>H,0,0.34681726
train-pg_dms__mlp__seed43,MSH6,P43246:33:T>A,0,0.09792716
train-pg_dms__mlp__seed43,MSH6,P43246:33:T>C,0,0.061288215
train-pg_dms__mlp__seed43,MSH6,P43246:33:T>D,0,0.4645982
train-pg_dms__mlp__seed43,MSH6,P43246:33:T>E,0,0.43693402
train-pg_dms__mlp__seed43,MSH6,P43246:33:T>V,0,0.054389812
train-pg_dms__mlp__seed43,MSH6,P43246:47:G>A,0,0.05907465
train-pg_dms__mlp__seed43,MSH6,P43246:47:G>C,0,0.18145774
train-pg_dms__mlp__seed43,MSH6,P43246:47:G>R,0,0.37697372
train-pg_dms__mlp__seed43,MSH6,P43246:47:G>F,0,0.25653303
train-pg_dms__mlp__seed43,MSH6,P43246:47:G>W,0,0.23731793
train-pg_dms__mlp__seed43,MSH6,P43246:47:G>V,0,0.25950623
train-pg_dms__mlp__seed43,MSH6,P43246:47:G>T,0,0.13470925
train-pg_dms__mlp__seed43,MSH6,P43246:47:G>S,0,0.06954077
train-pg_dms__mlp__seed43,MSH6,P43246:47:G>E,0,0.1250654
train-pg_dms__mlp__seed43,MSH6,P43246:47:G>Q,0,0.11844328
train-pg_dms__mlp__seed43,MSH6,P43246:47:G>P,1,0.3947917
train-pg_dms__mlp__seed43,MSH6,P43246:47:G>N,0,0.09260821
train-pg_dms__mlp__seed43,MSH6,P43246:47:G>M,0,0.26030633
train-pg_dms__mlp__seed43,MSH6,P43246:47:G>L,0,0.20849927
train-pg_dms__mlp__seed43,MSH6,P43246:47:G>K,0,0.28851068
train-pg_dms__mlp__seed43,MSH6,P43246:47:G>I,0,0.33567682
train-pg_dms__mlp__seed43,MSH6,P43246:47:G>H,0,0.19353291
train-pg_dms__mlp__seed43,MSH6,P43246:47:G>Y,0,0.20424025
train-pg_dms__mlp__seed43,MSH6,P43246:50:A>I,1,0.51130533
train-pg_dms__mlp__seed43,MSH6,P43246:50:A>E,0,0.7695498
train-pg_dms__mlp__seed43,MSH6,P43246:50:A>C,0,0.23112434
train-pg_dms__mlp__seed43,MSH6,P43246:50:A>V,0,0.6219165
train-pg_dms__mlp__seed43,MSH6,P43246:50:A>S,0,0.108819164
train-pg_dms__mlp__seed43,MSH6,P43246:50:A>R,0,0.5170727
train-pg_dms__mlp__seed43,MSH6,P43246:50:A>P,1,0.5170727
train-pg_dms__mlp__seed43,MSH6,P43246:50:A>W,1,0.52867895
train-pg_dms__mlp__seed43,MSH6,P43246:50:A>M,1,0.5055298
train-pg_dms__mlp__seed43,MSH6,P43246:50:A>L,1,0.45760784
train-pg_dms__mlp__seed43,MSH6,P43246:50:A>K,0,0.52867895
train-pg_dms__mlp__seed43,MSH6,P43246:50:A>H,0,0.5225067
train-pg_dms__mlp__seed43,MSH6,P43246:50:A>G,0,0.11564835
train-pg_dms__mlp__seed43,MSH6,P43246:50:A>F,0,0.51809216
train-pg_dms__mlp__seed43,MSH6,P43246:50:A>N,1,0.51741254
train-pg_dms__mlp__seed43,MSH6,P43246:52:L>R,0,0.069347635
train-pg_dms__mlp__seed43,MSH6,P43246:52:L>Q,0,0.06446188
train-pg_dms__mlp__seed43,MSH6,P43246:52:L>D,0,0.16252908
train-pg_dms__mlp__seed43,MSH6,P43246:52:L>E,0,0.09049322
train-pg_dms__mlp__seed43,MSH6,P43246:52:L>F,0,0.05979873
train-pg_dms__mlp__seed43,MSH6,P43246:52:L>G,0,0.09824999
train-pg_dms__mlp__seed43,MSH6,P43246:52:L>H,0,0.06830436
train-pg_dms__mlp__seed43,MSH6,P43246:52:L>I,0,0.06085853
train-pg_dms__mlp__seed43,MSH6,P43246:52:L>K,0,0.07589173
train-pg_dms__mlp__seed43,MSH6,P43246:52:L>M,0,0.06039375
train-pg_dms__mlp__seed43,MSH6,P43246:52:L>N,0,0.092888154
train-pg_dms__mlp__seed43,MSH6,P43246:52:L>P,0,0.39167854
train-pg_dms__mlp__seed43,MSH6,P43246:52:L>A,0,0.069129035
train-pg_dms__mlp__seed43,MSH6,P43246:52:L>W,0,0.06667758
train-pg_dms__mlp__seed43,MSH6,P43246:52:L>T,0,0.065572634
train-pg_dms__mlp__seed43,MSH6,P43246:52:L>V,0,0.060265835
train-pg_dms__mlp__seed43,MSH6,P43246:52:L>Y,0,0.06814524
train-pg_dms__mlp__seed43,MSH6,P43246:52:L>S,0,0.07907408
train-pg_dms__mlp__seed43,MSH6,P43246:62:G>F,0,0.18282051
train-pg_dms__mlp__seed43,MSH6,P43246:62:G>D,1,0.16878226
train-pg_dms__mlp__seed43,MSH6,P43246:62:G>C,0,0.106760405
train-pg_dms__mlp__seed43,MSH6,P43246:62:G>A,0,0.073314704
train-pg_dms__mlp__seed43,MSH6,P43246:62:G>V,0,0.1487141
train-pg_dms__mlp__seed43,MSH6,P43246:62:G>S,0,0.06627023
train-pg_dms__mlp__seed43,MSH6,P43246:62:G>R,0,0.29322708
train-pg_dms__mlp__seed43,MSH6,P43246:62:G>Q,0,0.1648698
train-pg_dms__mlp__seed43,MSH6,P43246:62:G>N,0,0.11674315
train-pg_dms__mlp__seed43,MSH6,P43246:62:G>M,0,0.15387037
train-pg_dms__mlp__seed43,MSH6,P43246:62:G>L,0,0.15529308
train-pg_dms__mlp__seed43,MSH6,P43246:62:G>K,0,0.19783561
train-pg_dms__mlp__seed43,MSH6,P43246:62:G>I,0,0.14951698
train-pg_dms__mlp__seed43,MSH6,P43246:62:G>H,0,0.1839643
train-pg_dms__mlp__seed43,MSH6,P43246:62:G>Y,0,0.16740492
train-pg_dms__mlp__seed43,MSH6,P43246:62:G>T,0,0.075317785
train-pg_dms__mlp__seed43,MSH6,P43246:62:G>P,0,0.20240584
train-pg_dms__mlp__seed43,MSH6,P43246:67:M>A,0,0.060858365
train-pg_dms__mlp__seed43,MSH6,P43246:67:M>K,0,0.0783527
train-pg_dms__mlp__seed43,MSH6,P43246:67:M>E,0,0.28970686
train-pg_dms__mlp__seed43,MSH6,P43246:67:M>F,0,0.048110582
train-pg_dms__mlp__seed43,MSH6,P43246:67:M>G,0,0.1712753
train-pg_dms__mlp__seed43,MSH6,P43246:67:M>I,0,0.047587276
train-pg_dms__mlp__seed43,MSH6,P43246:67:M>L,0,0.04503307
train-pg_dms__mlp__seed43,MSH6,P43246:67:M>N,0,0.20861472
train-pg_dms__mlp__seed43,MSH6,P43246:67:M>P,0,0.3815649
train-pg_dms__mlp__seed43,MSH6,P43246:67:M>D,0,0.4803489
train-pg_dms__mlp__seed43,MSH6,P43246:67:M>S,0,0.08907131
train-pg_dms__mlp__seed43,MSH6,P43246:67:M>V,0,0.04522733
train-pg_dms__mlp__seed43,MSH6,P43246:67:M>W,0,0.063125946
train-pg_dms__mlp__seed43,MSH6,P43246:67:M>Y,0,0.08380837
train-pg_dms__mlp__seed43,MSH6,P43246:67:M>T,0,0.051853497
train-pg_dms__mlp__seed43,MSH6,P43246:67:M>C,0,0.104411826
train-pg_dms__mlp__seed43,MSH6,P43246:68:G>F,0,0.07189408
train-pg_dms__mlp__seed43,MSH6,P43246:68:G>A,0,0.06303476
train-pg_dms__mlp__seed43,MSH6,P43246:68:G>E,0,0.2382726
train-pg_dms__mlp__seed43,MSH6,P43246:68:G>P,0,0.088939555
train-pg_dms__mlp__seed43,MSH6,P43246:68:G>M,0,0.07236197
train-pg_dms__mlp__seed43,MSH6,P43246:68:G>L,0,0.05878318
train-pg_dms__mlp__seed43,MSH6,P43246:68:G>K,0,0.0960543
train-pg_dms__mlp__seed43,MSH6,P43246:68:G>D,0,0.086241625
train-pg_dms__mlp__seed43,MSH6,P43246:68:G>I,1,0.05727842
train-pg_dms__mlp__seed43,MSH6,P43246:68:G>Q,0,0.0794805
train-pg_dms__mlp__seed43,MSH6,P43246:68:G>R,0,0.24955395
train-pg_dms__mlp__seed43,MSH6,P43246:68:G>S,0,0.039533284
train-pg_dms__mlp__seed43,MSH6,P43246:68:G>T,0,0.048681065
train-pg_dms__mlp__seed43,MSH6,P43246:68:G>W,0,0.22969083
train-pg_dms__mlp__seed43,MSH6,P43246:68:G>Y,0,0.074400835
train-pg_dms__mlp__seed43,MSH6,P43246:68:G>H,0,0.09315434
train-pg_dms__mlp__seed43,MSH6,P43246:79:V>L,0,0.17776604
train-pg_dms__mlp__seed43,MSH6,P43246:79:V>Y,0,0.25030765
train-pg_dms__mlp__seed43,MSH6,P43246:79:V>W,0,0.4885147
train-pg_dms__mlp__seed43,MSH6,P43246:79:V>T,0,0.063717924
train-pg_dms__mlp__seed43,MSH6,P43246:79:V>S,0,0.06291088
train-pg_dms__mlp__seed43,MSH6,P43246:79:V>R,0,0.41320392
train-pg_dms__mlp__seed43,MSH6,P43246:79:V>Q,0,0.25713363
train-pg_dms__mlp__seed43,MSH6,P43246:79:V>P,0,0.25623775
train-pg_dms__mlp__seed43,MSH6,P43246:79:V>N,0,0.11197849
train-pg_dms__mlp__seed43,MSH6,P43246:79:V>K,0,0.48410287
train-pg_dms__mlp__seed43,MSH6,P43246:79:V>I,0,0.052999396
train-pg_dms__mlp__seed43,MSH6,P43246:79:V>F,0,0.06504048
train-pg_dms__mlp__seed43,MSH6,P43246:79:V>E,0,0.48240677
train-pg_dms__mlp__seed43,MSH6,P43246:79:V>A,0,0.06304325
train-pg_dms__mlp__seed43,MSH6,P43246:80:L>C,0,0.71725684
train-pg_dms__mlp__seed43,MSH6,P43246:80:L>F,0,0.13781749
train-pg_dms__mlp__seed43,MSH6,P43246:80:L>A,0,0.8614668
train-pg_dms__mlp__seed43,MSH6,P43246:80:L>G,0,0.8862694
train-pg_dms__mlp__seed43,MSH6,P43246:80:L>I,0,0.057293806
train-pg_dms__mlp__seed43,MSH6,P43246:80:L>K,0,0.88818246
train-pg_dms__mlp__seed43,MSH6,P43246:80:L>M,0,0.05759763
train-pg_dms__mlp__seed43,MSH6,P43246:80:L>N,1,0.88847363
train-pg_dms__mlp__seed43,MSH6,P43246:80:L>P,1,0.88847363
train-pg_dms__mlp__seed43,MSH6,P43246:80:L>E,1,0.8893417
train-pg_dms__mlp__seed43,MSH6,P43246:80:L>R,1,0.8847726
train-pg_dms__mlp__seed43,MSH6,P43246:80:L>S,0,0.8867141
train-pg_dms__mlp__seed43,MSH6,P43246:80:L>T,0,0.87110287
train-pg_dms__mlp__seed43,MSH6,P43246:80:L>W,0,0.83496445
train-pg_dms__mlp__seed43,MSH6,P43246:80:L>Q,0,0.88157487
train-pg_dms__mlp__seed43,MSH6,P43246:82:K>C,0,0.15305361
train-pg_dms__mlp__seed43,MSH6,P43246:82:K>N,0,0.14629258
train-pg_dms__mlp__seed43,MSH6,P43246:82:K>W,0,0.15977621
train-pg_dms__mlp__seed43,MSH6,P43246:82:K>A,0,0.12397309
train-pg_dms__mlp__seed43,MSH6,P43246:82:K>S,0,0.13408442
train-pg_dms__mlp__seed43,MSH6,P43246:82:K>Q,0,0.090360306
train-pg_dms__mlp__seed43,MSH6,P43246:82:K>P,0,0.12583102
train-pg_dms__mlp__seed43,MSH6,P43246:82:K>T,0,0.09279147
train-pg_dms__mlp__seed43,MSH6,P43246:82:K>V,0,0.108856715
train-pg_dms__mlp__seed43,MSH6,P43246:82:K>L,0,0.11570435
train-pg_dms__mlp__seed43,MSH6,P43246:82:K>I,0,0.14125596
train-pg_dms__mlp__seed43,MSH6,P43246:82:K>H,0,0.07128935
train-pg_dms__mlp__seed43,MSH6,P43246:82:K>G,0,0.11435314
train-pg_dms__mlp__seed43,MSH6,P43246:82:K>F,0,0.17791243
train-pg_dms__mlp__seed43,MSH6,P43246:82:K>E,0,0.24775416
train-pg_dms__mlp__seed43,MSH6,P43246:82:K>D,0,0.16767626
train-pg_dms__mlp__seed43,MSH6,P43246:82:K>M,1,0.11273336
train-pg_dms__mlp__seed43,MSH6,P43246:85:F>K,0,0.52143055
train-pg_dms__mlp__seed43,MSH6,P43246:85:F>Y,0,0.07496541
train-pg_dms__mlp__seed43,MSH6,P43246:85:F>W,0,0.20639214
train-pg_dms__mlp__seed43,MSH6,P43246:85:F>V,0,0.11564763
train-pg_dms__mlp__seed43,MSH6,P43246:85:F>T,0,0.26430094
train-pg_dms__mlp__seed43,MSH6,P43246:85:F>S,0,0.36169547
train-pg_dms__mlp__seed43,MSH6,P43246:85:F>R,0,0.5035214
train-pg_dms__mlp__seed43,MSH6,P43246:85:F>Q,0,0.5039114
train-pg_dms__mlp__seed43,MSH6,P43246:85:F>P,0,0.5278993
train-pg_dms__mlp__seed43,MSH6,P43246:85:F>N,0,0.50742066
train-pg_dms__mlp__seed43,MSH6,P43246:85:F>L,0,0.44489372
train-pg_dms__mlp__seed43,MSH6,P43246:85:F>I,0,0.20787983
train-pg_dms__mlp__seed43,MSH6,P43246:85:F>H,0,0.45772284
train-pg_dms__mlp__seed43,MSH6,P43246:85:F>G,0,0.3877981
train-pg_dms__mlp__seed43,MSH6,P43246:85:F>E,0,0.5240954
train-pg_dms__mlp__seed43,MSH6,P43246:85:F>C,0,0.099330015
train-pg_dms__mlp__seed43,MSH6,P43246:85:F>A,0,0.19506018
train-pg_dms__mlp__seed43,MSH6,P43246:85:F>M,0,0.17267203
train-pg_dms__mlp__seed43,MSH6,P43246:94:L>W,0,0.14795779
train-pg_dms__mlp__seed43,MSH6,P43246:94:L>V,0,0.09420797
train-pg_dms__mlp__seed43,MSH6,P43246:94:L>T,0,0.10702374
train-pg_dms__mlp__seed43,MSH6,P43246:94:L>S,0,0.1857071
train-pg_dms__mlp__seed43,MSH6,P43246:94:L>R,0,0.15426171
train-pg_dms__mlp__seed43,MSH6,P43246:94:L>Q,0,0.14031108
train-pg_dms__mlp__seed43,MSH6,P43246:94:L>P,0,0.20901662
train-pg_dms__mlp__seed43,MSH6,P43246:94:L>N,0,0.19056615
train-pg_dms__mlp__seed43,MSH6,P43246:94:L>K,0,0.1861648
train-pg_dms__mlp__seed43,MSH6,P43246:94:L>I,0,0.060321152
train-pg_dms__mlp__seed43,MSH6,P43246:94:L>G,0,0.18650901
train-pg_dms__mlp__seed43,MSH6,P43246:94:L>F,0,0.08502494
train-pg_dms__mlp__seed43,MSH6,P43246:94:L>C,0,0.16615134
train-pg_dms__mlp__seed43,MSH6,P43246:94:L>A,0,0.13786839
train-pg_dms__mlp__seed43,MSH6,P43246:94:L>M,0,0.05752839
train-pg_dms__mlp__seed43,MSH6,P43246:94:L>E,0,0.19988398
train-pg_dms__mlp__seed43,MSH6,P43246:96:R>W,0,0.07599108
train-pg_dms__mlp__seed43,MSH6,P43246:96:R>G,0,0.09695112
train-pg_dms__mlp__seed43,MSH6,P43246:96:R>A,0,0.18632206
train-pg_dms__mlp__seed43,MSH6,P43246:96:R>C,0,0.09256826
train-pg_dms__mlp__seed43,MSH6,P43246:96:R>D,0,0.23630494
train-pg_dms__mlp__seed43,MSH6,P43246:96:R>E,0,0.12517574
train-pg_dms__mlp__seed43,MSH6,P43246:96:R>F,0,0.20369099
train-pg_dms__mlp__seed43,MSH6,P43246:96:R>I,0,0.18304431
train-pg_dms__mlp__seed43,MSH6,P43246:96:R>K,0,0.05773199
train-pg_dms__mlp__seed43,MSH6,P43246:96:R>Y,0,0.11476049
train-pg_dms__mlp__seed43,MSH6,P43246:96:R>M,0,0.12188824
train-pg_dms__mlp__seed43,MSH6,P43246:96:R>N,0,0.17755772
train-pg_dms__mlp__seed43,MSH6,P43246:96:R>Q,0,0.059839975
train-pg_dms__mlp__seed43,MSH6,P43246:96:R>S,0,0.17700414
train-pg_dms__mlp__seed43,MSH6,P43246:96:R>T,0,0.15771484
train-pg_dms__mlp__seed43,MSH6,P43246:96:R>V,0,0.19618008
train-pg_dms__mlp__seed43,MSH6,P43246:97:Q>P,0,0.08824895
train-pg_dms__mlp__seed43,MSH6,P43246:97:Q>Y,0,0.07169288
train-pg_dms__mlp__seed43,MSH6,P43246:97:Q>W,0,0.22923568
train-pg_dms__mlp__seed43,MSH6,P43246:97:Q>V,0,0.06957143
train-pg_dms__mlp__seed43,MSH6,P43246:97:Q>T,0,0.051175408
train-pg_dms__mlp__seed43,MSH6,P43246:97:Q>S,0,0.047264315
train-pg_dms__mlp__seed43,MSH6,P43246:97:Q>R,0,0.046760183
train-pg_dms__mlp__seed43,MSH6,P43246:97:Q>N,0,0.04784514
train-pg_dms__mlp__seed43,MSH6,P43246:97:Q>D,0,0.0882919
train-pg_dms__mlp__seed43,MSH6,P43246:97:Q>L,0,0.047757573
train-pg_dms__mlp__seed43,MSH6,P43246:97:Q>K,0,0.046995208
train-pg_dms__mlp__seed43,MSH6,P43246:97:Q>I,0,0.19158363
train-pg_dms__mlp__seed43,MSH6,P43246:97:Q>G,0,0.047257226
train-pg_dms__mlp__seed43,MSH6,P43246:97:Q>F,0,0.29385567
train-pg_dms__mlp__seed43,MSH6,P43246:97:Q>E,0,0.066614635
train-pg_dms__mlp__seed43,MSH6,P43246:97:Q>C,0,0.08156951
train-pg_dms__mlp__seed43,MSH6,P43246:97:Q>A,0,0.048684586
train-pg_dms__mlp__seed43,MSH6,P43246:97:Q>M,0,0.058032975
train-pg_dms__mlp__seed43,MSH6,P43246:101:E>M,0,0.3760225
train-pg_dms__mlp__seed43,MSH6,P43246:101:E>V,0,0.19381024
train-pg_dms__mlp__seed43,MSH6,P43246:101:E>A,0,0.15058425
train-pg_dms__mlp__seed43,MSH6,P43246:101:E>C,0,0.39615515
train-pg_dms__mlp__seed43,MSH6,P43246:101:E>D,0,0.3074053
train-pg_dms__mlp__seed43,MSH6,P43246:101:E>F,0,0.44304273
train-pg_dms__mlp__seed43,MSH6,P43246:101:E>G,0,0.35468093
train-pg_dms__mlp__seed43,MSH6,P43246:101:E>H,0,0.42020592
train-pg_dms__mlp__seed43,MSH6,P43246:101:E>W,0,0.44811285
train-pg_dms__mlp__seed43,MSH6,P43246:101:E>I,0,0.3219333
train-pg_dms__mlp__seed43,MSH6,P43246:101:E>N,0,0.41905656
train-pg_dms__mlp__seed43,MSH6,P43246:101:E>P,1,0.4508484
train-pg_dms__mlp__seed43,MSH6,P43246:101:E>Q,0,0.12516291
train-pg_dms__mlp__seed43,MSH6,P43246:101:E>R,0,0.4098979
train-pg_dms__mlp__seed43,MSH6,P43246:101:E>S,0,0.28160313
train-pg_dms__mlp__seed43,MSH6,P43246:101:E>T,0,0.34167847
train-pg_dms__mlp__seed43,MSH6,P43246:101:E>L,0,0.39364803
train-pg_dms__mlp__seed43,MSH6,P43246:101:E>Y,0,0.43915257
train-pg_dms__mlp__seed43,MSH6,P43246:104:K>A,0,0.08050437
train-pg_dms__mlp__seed43,MSH6,P43246:104:K>C,0,0.0822684
train-pg_dms__mlp__seed43,MSH6,P43246:104:K>Y,0,0.18889028
train-pg_dms__mlp__seed43,MSH6,P43246:104:K>V,0,0.06559186
train-pg_dms__mlp__seed43,MSH6,P43246:104:K>T,0,0.059212945
train-pg_dms__mlp__seed43,MSH6,P43246:104:K>S,0,0.106564984
train-pg_dms__mlp__seed43,MSH6,P43246:104:K>R,0,0.05232142
train-pg_dms__mlp__seed43,MSH6,P43246:104:K>Q,0,0.053050924
train-pg_dms__mlp__seed43,MSH6,P43246:104:K>P,0,0.27163196
train-pg_dms__mlp__seed43,MSH6,P43246:104:K>L,0,0.09170109
train-pg_dms__mlp__seed43,MSH6,P43246:104:K>I,0,0.08142077
train-pg_dms__mlp__seed43,MSH6,P43246:104:K>H,0,0.06391222
train-pg_dms__mlp__seed43,MSH6,P43246:104:K>G,0,0.104723416
train-pg_dms__mlp__seed43,MSH6,P43246:104:K>E,0,0.13017331
train-pg_dms__mlp__seed43,MSH6,P43246:104:K>D,0,0.23289211
train-pg_dms__mlp__seed43,MSH6,P43246:106:R>W,0,0.06294696
train-pg_dms__mlp__seed43,MSH6,P43246:106:R>C,0,0.059029132
train-pg_dms__mlp__seed43,MSH6,P43246:106:R>E,0,0.06896903
train-pg_dms__mlp__seed43,MSH6,P43246:106:R>F,0,0.09607496
train-pg_dms__mlp__seed43,MSH6,P43246:106:R>G,0,0.07516061
train-pg_dms__mlp__seed43,MSH6,P43246:106:R>H,0,0.05273804
train-pg_dms__mlp__seed43,MSH6,P43246:106:R>I,0,0.06298478
train-pg_dms__mlp__seed43,MSH6,P43246:106:R>L,0,0.060360517
train-pg_dms__mlp__seed43,MSH6,P43246:106:R>M,0,0.062044315
train-pg_dms__mlp__seed43,MSH6,P43246:106:R>P,0,0.09103111
train-pg_dms__mlp__seed43,MSH6,P43246:106:R>Q,0,0.05174557
train-pg_dms__mlp__seed43,MSH6,P43246:106:R>S,0,0.07668009
train-pg_dms__mlp__seed43,MSH6,P43246:106:R>T,0,0.07522702
train-pg_dms__mlp__seed43,MSH6,P43246:106:R>V,0,0.06306249
train-pg_dms__mlp__seed43,MSH6,P43246:106:R>Y,0,0.07621503
train-pg_dms__mlp__seed43,MSH6,P43246:106:R>A,0,0.06541652
train-pg_dms__mlp__seed43,MSH6,P43246:106:R>N,0,0.08656143
train-pg_dms__mlp__seed43,MSH6,P43246:111:A>D,0,0.051714383
train-pg_dms__mlp__seed43,MSH6,P43246:111:A>K,0,0.070857584
train-pg_dms__mlp__seed43,MSH6,P43246:111:A>G,0,0.03991928
train-pg_dms__mlp__seed43,MSH6,P43246:111:A>L,0,0.036338348
train-pg_dms__mlp__seed43,MSH6,P43246:111:A>M,0,0.036654696
train-pg_dms__mlp__seed43,MSH6,P43246:111:A>N,0,0.03661674
train-pg_dms__mlp__seed43,MSH6,P43246:111:A>P,0,0.03650542
train-pg_dms__mlp__seed43,MSH6,P43246:111:A>Q,0,0.042162295
train-pg_dms__mlp__seed43,MSH6,P43246:111:A>R,0,0.07480455
train-pg_dms__mlp__seed43,MSH6,P43246:111:A>E,0,0.071485505
train-pg_dms__mlp__seed43,MSH6,P43246:111:A>S,0,0.035601433
train-pg_dms__mlp__seed43,MSH6,P43246:111:A>V,0,0.040346622
train-pg_dms__mlp__seed43,MSH6,P43246:111:A>C,0,0.042056855
train-pg_dms__mlp__seed43,MSH6,P43246:111:A>W,0,0.07252504
train-pg_dms__mlp__seed43,MSH6,P43246:111:A>Y,0,0.045300048
train-pg_dms__mlp__seed43,MSH6,P43246:111:A>I,0,0.03661551
train-pg_dms__mlp__seed43,MSH6,P43246:111:A>H,0,0.047464088
train-pg_dms__mlp__seed43,MSH6,P43246:111:A>F,0,0.04012939
train-pg_dms__mlp__seed43,MSH6,P43246:116:D>C,0,0.17082803
train-pg_dms__mlp__seed43,MSH6,P43246:116:D>F,0,0.18419857
train-pg_dms__mlp__seed43,MSH6,P43246:116:D>G,0,0.06102732
train-pg_dms__mlp__seed43,MSH6,P43246:116:D>H,0,0.09278716
train-pg_dms__mlp__seed43,MSH6,P43246:116:D>I,0,0.08293137
train-pg_dms__mlp__seed43,MSH6,P43246:116:D>K,0,0.13852161
train-pg_dms__mlp__seed43,MSH6,P43246:116:D>L,0,0.09386949
train-pg_dms__mlp__seed43,MSH6,P43246:116:D>M,0,0.16026512
train-pg_dms__mlp__seed43,MSH6,P43246:116:D>N,0,0.047762327
train-pg_dms__mlp__seed43,MSH6,P43246:116:D>P,0,0.25740314
train-pg_dms__mlp__seed43,MSH6,P43246:116:D>Q,0,0.0726823
train-pg_dms__mlp__seed43,MSH6,P43246:116:D>A,0,0.05454725
train-pg_dms__mlp__seed43,MSH6,P43246:116:D>W,1,0.29303783
train-pg_dms__mlp__seed43,MSH6,P43246:116:D>R,0,0.14030953
train-pg_dms__mlp__seed43,MSH6,P43246:116:D>Y,0,0.07505302
train-pg_dms__mlp__seed43,MSH6,P43246:116:D>T,0,0.057009533
train-pg_dms__mlp__seed43,MSH6,P43246:116:D>S,0,0.04995852
train-pg_dms__mlp__seed43,MSH6,P43246:117:W>Y,0,0.27048507
train-pg_dms__mlp__seed43,MSH6,P43246:117:W>V,0,0.5007897
train-pg_dms__mlp__seed43,MSH6,P43246:117:W>T,0,0.5067394
train-pg_dms__mlp__seed43,MSH6,P43246:117:W>Q,0,0.5108621
train-pg_dms__mlp__seed43,MSH6,P43246:117:W>M,0,0.50541484
train-pg_dms__mlp__seed43,MSH6,P43246:117:W>L,0,0.49261588
train-pg_dms__mlp__seed43,MSH6,P43246:117:W>K,0,0.5108621
train-pg_dms__mlp__seed43,MSH6,P43246:117:W>I,0,0.50188017
train-pg_dms__mlp__seed43,MSH6,P43246:117:W>A,0,0.5067394
train-pg_dms__mlp__seed43,MSH6,P43246:117:W>H,0,0.5056839
train-pg_dms__mlp__seed43,MSH6,P43246:117:W>F,0,0.09692678
train-pg_dms__mlp__seed43,MSH6,P43246:117:W>P,0,0.5098285
train-pg_dms__mlp__seed43,MSH6,P43246:121:Y>W,0,0.05499561
train-pg_dms__mlp__seed43,MSH6,P43246:121:Y>V,0,0.05735459
train-pg_dms__mlp__seed43,MSH6,P43246:121:Y>I,0,0.0681863
train-pg_dms__mlp__seed43,MSH6,P43246:121:Y>S,0,0.053735826
train-pg_dms__mlp__seed43,MSH6,P43246:121:Y>M,0,0.06943898
train-pg_dms__mlp__seed43,MSH6,P43246:121:Y>H,0,0.053148814
train-pg_dms__mlp__seed43,MSH6,P43246:121:Y>T,0,0.06863184
train-pg_dms__mlp__seed43,MSH6,P43246:121:Y>P,0,0.38835073
train-pg_dms__mlp__seed43,MSH6,P43246:121:Y>R,0,0.09275252
train-pg_dms__mlp__seed43,MSH6,P43246:121:Y>A,0,0.06133415
train-pg_dms__mlp__seed43,MSH6,P43246:121:Y>Q,0,0.07796945
train-pg_dms__mlp__seed43,MSH6,P43246:121:Y>G,0,0.062296934
train-pg_dms__mlp__seed43,MSH6,P43246:121:Y>F,0,0.047301624
train-pg_dms__mlp__seed43,MSH6,P43246:121:Y>E,0,0.18980184
train-pg_dms__mlp__seed43,MSH6,P43246:121:Y>C,0,0.0759805
train-pg_dms__mlp__seed43,MSH6,P43246:121:Y>L,0,0.06584137
train-pg_dms__mlp__seed43,MSH6,P43246:121:Y>K,0,0.15367095
train-pg_dms__mlp__seed43,MSH6,P43246:139:N>L,0,0.034764044
train-pg_dms__mlp__seed43,MSH6,P43246:139:N>S,0,0.03996364
train-pg_dms__mlp__seed43,MSH6,P43246:139:N>A,0,0.034102593
train-pg_dms__mlp__seed43,MSH6,P43246:139:N>C,0,0.034220897
train-pg_dms__mlp__seed43,MSH6,P43246:139:N>D,0,0.03565686
train-pg_dms__mlp__seed43,MSH6,P43246:139:N>E,0,0.043851648
train-pg_dms__mlp__seed43,MSH6,P43246:139:N>F,0,0.039140604
train-pg_dms__mlp__seed43,MSH6,P43246:139:N>G,0,0.0342085
train-pg_dms__mlp__seed43,MSH6,P43246:139:N>H,0,0.03408331
train-pg_dms__mlp__seed43,MSH6,P43246:139:N>I,0,0.03447565
train-pg_dms__mlp__seed43,MSH6,P43246:139:N>Y,0,0.03466186
train-pg_dms__mlp__seed43,MSH6,P43246:139:N>W,0,0.056086335
train-pg_dms__mlp__seed43,MSH6,P43246:139:N>V,0,0.034271065
train-pg_dms__mlp__seed43,MSH6,P43246:139:N>T,0,0.033840813
train-pg_dms__mlp__seed43,MSH6,P43246:139:N>R,0,0.04094033
train-pg_dms__mlp__seed43,MSH6,P43246:139:N>K,0,0.050733317
train-pg_dms__mlp__seed43,MSH6,P43246:139:N>P,0,0.037530262
train-pg_dms__mlp__seed43,MSH6,P43246:139:N>M,0,0.035134766
train-pg_dms__mlp__seed43,MSH6,P43246:139:N>Q,0,0.035735834
train-pg_dms__mlp__seed43,MSH6,P43246:147:V>I,0,0.0768345
train-pg_dms__mlp__seed43,MSH6,P43246:147:V>H,1,0.97182524
train-pg_dms__mlp__seed43,MSH6,P43246:147:V>M,1,0.072680436
train-pg_dms__mlp__seed43,MSH6,P43246:147:V>F,0,0.23381318
train-pg_dms__mlp__seed43,MSH6,P43246:147:V>E,1,0.9615708
train-pg_dms__mlp__seed43,MSH6,P43246:147:V>D,1,0.9685162
train-pg_dms__mlp__seed43,MSH6,P43246:147:V>C,0,0.894625
train-pg_dms__mlp__seed43,MSH6,P43246:147:V>A,0,0.08046423
train-pg_dms__mlp__seed43,MSH6,P43246:147:V>G,0,0.2866043
train-pg_dms__mlp__seed43,MSH6,P43246:147:V>W,1,0.97286147
train-pg_dms__mlp__seed43,MSH6,P43246:147:V>T,0,0.08897834
train-pg_dms__mlp__seed43,MSH6,P43246:147:V>S,0,0.18417151
train-pg_dms__mlp__seed43,MSH6,P43246:147:V>R,1,0.9652879
train-pg_dms__mlp__seed43,MSH6,P43246:147:V>P,0,0.96855676
train-pg_dms__mlp__seed43,MSH6,P43246:147:V>N,0,0.91206217
train-pg_dms__mlp__seed43,MSH6,P43246:147:V>K,1,0.96903336
train-pg_dms__mlp__seed43,MSH6,P43246:147:V>L,0,0.09102803
train-pg_dms__mlp__seed43,MSH6,P43246:153:S>T,0,0.053114187
train-pg_dms__mlp__seed43,MSH6,P43246:153:S>R,0,0.06747078
train-pg_dms__mlp__seed43,MSH6,P43246:153:S>Q,0,0.05673741
train-pg_dms__mlp__seed43,MSH6,P43246:153:S>P,0,0.06381933
train-pg_dms__mlp__seed43,MSH6,P43246:153:S>N,0,0.05344425
train-pg_dms__mlp__seed43,MSH6,P43246:153:S>L,0,0.053244267
train-pg_dms__mlp__seed43,MSH6,P43246:153:S>K,0,0.0711984
train-pg_dms__mlp__seed43,MSH6,P43246:153:S>C,0,0.06915742
train-pg_dms__mlp__seed43,MSH6,P43246:153:S>H,0,0.055503853
train-pg_dms__mlp__seed43,MSH6,P43246:153:S>A,0,0.053081114
train-pg_dms__mlp__seed43,MSH6,P43246:153:S>V,0,0.05333258
train-pg_dms__mlp__seed43,MSH6,P43246:153:S>D,0,0.060641196
train-pg_dms__mlp__seed43,MSH6,P43246:153:S>E,0,0.06700572
train-pg_dms__mlp__seed43,MSH6,P43246:153:S>F,0,0.07474971
train-pg_dms__mlp__seed43,MSH6,P43246:153:S>G,0,0.05308213
train-pg_dms__mlp__seed43,MSH6,P43246:153:S>I,0,0.053354707
train-pg_dms__mlp__seed43,MSH6,P43246:153:S>W,0,0.05643884
train-pg_dms__mlp__seed43,MSH6,P43246:153:S>M,0,0.053518184
train-pg_dms__mlp__seed43,MSH6,P43246:153:S>Y,0,0.05441546
train-pg_dms__mlp__seed43,MSH6,P43246:156:D>T,0,0.06727233
train-pg_dms__mlp__seed43,MSH6,P43246:156:D>C,0,0.11178055
train-pg_dms__mlp__seed43,MSH6,P43246:156:D>A,0,0.061518546
train-pg_dms__mlp__seed43,MSH6,P43246:156:D>I,0,0.08993069
train-pg_dms__mlp__seed43,MSH6,P43246:156:D>K,0,0.09133086
train-pg_dms__mlp__seed43,MSH6,P43246:156:D>L,0,0.07980887
train-pg_dms__mlp__seed43,MSH6,P43246:156:D>E,0,0.059264686
train-pg_dms__mlp__seed43,MSH6,P43246:156:D>M,0,0.1176829
train-pg_dms__mlp__seed43,MSH6,P43246:156:D>N,0,0.058743287
train-pg_dms__mlp__seed43,MSH6,P43246:156:D>P,0,0.1080364
train-pg_dms__mlp__seed43,MSH6,P43246:156:D>Q,0,0.07178218
train-pg_dms__mlp__seed43,MSH6,P43246:156:D>F,0,0.13010956
train-pg_dms__mlp__seed43,MSH6,P43246:156:D>S,0,0.059583817
train-pg_dms__mlp__seed43,MSH6,P43246:156:D>V,0,0.069663234
train-pg_dms__mlp__seed43,MSH6,P43246:156:D>W,0,0.3342929
train-pg_dms__mlp__seed43,MSH6,P43246:156:D>Y,0,0.07025541
train-pg_dms__mlp__seed43,MSH6,P43246:156:D>R,0,0.09594278
train-pg_dms__mlp__seed43,MSH6,P43246:159:R>G,0,0.054511342
train-pg_dms__mlp__seed43,MSH6,P43246:159:R>H,0,0.05157598
train-pg_dms__mlp__seed43,MSH6,P43246:159:R>Q,0,0.05147919
train-pg_dms__mlp__seed43,MSH6,P43246:159:R>M,0,0.05356802
train-pg_dms__mlp__seed43,MSH6,P43246:159:R>P,0,0.067343704
train-pg_dms__mlp__seed43,MSH6,P43246:159:R>F,0,0.062452577
train-pg_dms__mlp__seed43,MSH6,P43246:159:R>S,0,0.07139896
train-pg_dms__mlp__seed43,MSH6,P43246:159:R>T,0,0.054957803
train-pg_dms__mlp__seed43,MSH6,P43246:159:R>V,0,0.054711636
train-pg_dms__mlp__seed43,MSH6,P43246:159:R>W,1,0.052219693
train-pg_dms__mlp__seed43,MSH6,P43246:159:R>Y,0,0.055118892
train-pg_dms__mlp__seed43,MSH6,P43246:159:R>L,0,0.0530361
train-pg_dms__mlp__seed43,MSH6,P43246:159:R>D,0,0.17107473
train-pg_dms__mlp__seed43,MSH6,P43246:159:R>A,0,0.06388591
train-pg_dms__mlp__seed43,MSH6,P43246:159:R>C,0,0.05194763
train-pg_dms__mlp__seed43,MSH6,P43246:179:P>F,0,0.057538338
train-pg_dms__mlp__seed43,MSH6,P43246:179:P>G,0,0.05667113
train-pg_dms__mlp__seed43,MSH6,P43246:179:P>H,0,0.070442185
train-pg_dms__mlp__seed43,MSH6,P43246:179:P>I,0,0.05611786
train-pg_dms__mlp__seed43,MSH6,P43246:179:P>K,0,0.0578026
train-pg_dms__mlp__seed43,MSH6,P43246:179:P>E,0,0.057535797
train-pg_dms__mlp__seed43,MSH6,P43246:179:P>L,0,0.06847767
train-pg_dms__mlp__seed43,MSH6,P43246:179:P>A,0,0.05558184
train-pg_dms__mlp__seed43,MSH6,P43246:179:P>Y,0,0.05809232
train-pg_dms__mlp__seed43,MSH6,P43246:179:P>W,0,0.061897635
train-pg_dms__mlp__seed43,MSH6,P43246:179:P>V,0,0.05586147
train-pg_dms__mlp__seed43,MSH6,P43246:179:P>D,0,0.061230093
train-pg_dms__mlp__seed43,MSH6,P43246:179:P>S,0,0.055789016
train-pg_dms__mlp__seed43,MSH6,P43246:179:P>R,0,0.0565161
train-pg_dms__mlp__seed43,MSH6,P43246:179:P>Q,0,0.056001283
train-pg_dms__mlp__seed43,MSH6,P43246:179:P>M,0,0.056257978
train-pg_dms__mlp__seed43,MSH6,P43246:179:P>N,0,0.05693145
train-pg_dms__mlp__seed43,MSH6,P43246:179:P>T,0,0.05567018
train-pg_dms__mlp__seed43,MSH6,P43246:180:D>S,0,0.5070823
train-pg_dms__mlp__seed43,MSH6,P43246:180:D>T,0,0.7138737
train-pg_dms__mlp__seed43,MSH6,P43246:180:D>V,0,0.4758142
train-pg_dms__mlp__seed43,MSH6,P43246:180:D>W,0,0.815084
train-pg_dms__mlp__seed43,MSH6,P43246:180:D>P,0,0.8100676
train-pg_dms__mlp__seed43,MSH6,P43246:180:D>K,1,0.79854685
train-pg_dms__mlp__seed43,MSH6,P43246:180:D>L,0,0.7677377
train-pg_dms__mlp__seed43,MSH6,P43246:180:D>C,0,0.73548555
train-pg_dms__mlp__seed43,MSH6,P43246:180:D>F,0,0.807358
train-pg_dms__mlp__seed43,MSH6,P43246:180:D>G,0,0.5668769
train-pg_dms__mlp__seed43,MSH6,P43246:180:D>I,0,0.7751709
train-pg_dms__mlp__seed43,MSH6,P43246:180:D>M,0,0.8060036
train-pg_dms__mlp__seed43,MSH6,P43246:180:D>E,0,0.08962844
train-pg_dms__mlp__seed43,MSH6,P43246:180:D>Y,0,0.7617167
train-pg_dms__mlp__seed43,MSH6,P43246:180:D>R,1,0.7871291
train-pg_dms__mlp__seed43,MSH6,P43246:180:D>Q,0,0.77821106
train-pg_dms__mlp__seed43,MSH6,P43246:182:D>C,0,0.18782897
train-pg_dms__mlp__seed43,MSH6,P43246:182:D>A,0,0.06457785
train-pg_dms__mlp__seed43,MSH6,P43246:182:D>K,0,0.1362076
train-pg_dms__mlp__seed43,MSH6,P43246:182:D>G,0,0.06502403
train-pg_dms__mlp__seed43,MSH6,P43246:182:D>L,0,0.08682053
train-pg_dms__mlp__seed43,MSH6,P43246:182:D>M,0,0.17258513
train-pg_dms__mlp__seed43,MSH6,P43246:182:D>P,0,0.20715022
train-pg_dms__mlp__seed43,MSH6,P43246:182:D>F,0,0.18165086
train-pg_dms__mlp__seed43,MSH6,P43246:182:D>Y,0,0.11269135
train-pg_dms__mlp__seed43,MSH6,P43246:182:D>Q,0,0.08269263
train-pg_dms__mlp__seed43,MSH6,P43246:182:D>V,0,0.06491098
train-pg_dms__mlp__seed43,MSH6,P43246:182:D>T,0,0.07159649
train-pg_dms__mlp__seed43,MSH6,P43246:182:D>S,0,0.05904027
train-pg_dms__mlp__seed43,MSH6,P43246:182:D>R,0,0.1436592
train-pg_dms__mlp__seed43,MSH6,P43246:182:D>I,0,0.08470781
train-pg_dms__mlp__seed43,MSH6,P43246:182:D>W,0,0.34417373
train-pg_dms__mlp__seed43,MSH6,P43246:188:E>T,0,0.47720978
train-pg_dms__mlp__seed43,MSH6,P43246:188:E>I,1,0.60199434
train-pg_dms__mlp__seed43,MSH6,P43246:188:E>H,0,0.61133766
train-pg_dms__mlp__seed43,MSH6,P43246:188:E>G,0,0.28190428
train-pg_dms__mlp__seed43,MSH6,P43246:188:E>F,0,0.6426674
train-pg_dms__mlp__seed43,MSH6,P43246:188:E>K,0,0.5119908
train-pg_dms__mlp__seed43,MSH6,P43246:188:E>S,0,0.33794627
train-pg_dms__mlp__seed43,MSH6,P43246:188:E>D,0,0.24796887
train-pg_dms__mlp__seed43,MSH6,P43246:188:E>R,0,0.5182169
train-pg_dms__mlp__seed43,MSH6,P43246:188:E>V,0,0.490875
train-pg_dms__mlp__seed43,MSH6,P43246:188:E>W,0,0.6492071
train-pg_dms__mlp__seed43,MSH6,P43246:188:E>M,0,0.59620476
train-pg_dms__mlp__seed43,MSH6,P43246:188:E>N,0,0.5422883
train-pg_dms__mlp__seed43,MSH6,P43246:188:E>P,1,0.6416292
train-pg_dms__mlp__seed43,MSH6,P43246:188:E>A,0,0.2849111
train-pg_dms__mlp__seed43,MSH6,P43246:188:E>Y,1,0.63327104
train-pg_dms__mlp__seed43,MSH6,P43246:188:E>L,0,0.58343536
train-pg_dms__mlp__seed43,MSH6,P43246:193:Q>C,0,0.34493232
train-pg_dms__mlp__seed43,MSH6,P43246:193:Q>D,0,0.52083707
train-pg_dms__mlp__seed43,MSH6,P43246:193:Q>R,0,0.1065026
train-pg_dms__mlp__seed43,MSH6,P43246:193:Q>L,0,0.08114569
train-pg_dms__mlp__seed43,MSH6,P43246:193:Q>K,0,0.13126595
train-pg_dms__mlp__seed43,MSH6,P43246:193:Q>S,0,0.07042789
train-pg_dms__mlp__seed43,MSH6,P43246:193:Q>T,0,0.08427101
train-pg_dms__mlp__seed43,MSH6,P43246:193:Q>V,0,0.1339258
train-pg_dms__mlp__seed43,MSH6,P43246:193:Q>W,0,0.5333901
train-pg_dms__mlp__seed43,MSH6,P43246:193:Q>Y,0,0.45845687
train-pg_dms__mlp__seed43,MSH6,P43246:193:Q>M,0,0.10834587
train-pg_dms__mlp__seed43,MSH6,P43246:193:Q>N,0,0.16391787
train-pg_dms__mlp__seed43,MSH6,P43246:193:Q>E,0,0.06724186
train-pg_dms__mlp__seed43,MSH6,P43246:193:Q>F,0,0.48662573
train-pg_dms__mlp__seed43,MSH6,P43246:193:Q>G,0,0.09168413
train-pg_dms__mlp__seed43,MSH6,P43246:193:Q>H,0,0.46111107
train-pg_dms__mlp__seed43,MSH6,P43246:193:Q>I,0,0.22259079
train-pg_dms__mlp__seed43,MSH6,P43246:193:Q>A,0,0.07243505
train-pg_dms__mlp__seed43,MSH6,P43246:196:P>K,0,0.9207753
train-pg_dms__mlp__seed43,MSH6,P43246:196:P>I,0,0.4925268
train-pg_dms__mlp__seed43,MSH6,P43246:196:P>H,0,0.9094939
train-pg_dms__mlp__seed43,MSH6,P43246:196:P>G,0,0.56856686
train-pg_dms__mlp__seed43,MSH6,P43246:196:P>C,0,0.257167
train-pg_dms__mlp__seed43,MSH6,P43246:196:P>F,0,0.91333973
train-pg_dms__mlp__seed43,MSH6,P43246:196:P>A,0,0.058350973
train-pg_dms__mlp__seed43,MSH6,P43246:196:P>E,1,0.91789514
train-pg_dms__mlp__seed43,MSH6,P43246:196:P>L,0,0.38680083
train-pg_dms__mlp__seed43,MSH6,P43246:196:P>Y,0,0.92020893
train-pg_dms__mlp__seed43,MSH6,P43246:196:P>M,0,0.7988717
train-pg_dms__mlp__seed43,MSH6,P43246:196:P>W,0,0.9227197
train-pg_dms__mlp__seed43,MSH6,P43246:196:P>R,1,0.90706474
train-pg_dms__mlp__seed43,MSH6,P43246:196:P>S,0,0.32590047
train-pg_dms__mlp__seed43,MSH6,P43246:196:P>T,0,0.11850582
train-pg_dms__mlp__seed43,MSH6,P43246:196:P>V,0,0.10367288
train-pg_dms__mlp__seed43,MSH6,P43246:196:P>N,0,0.91550165
train-pg_dms__mlp__seed43,MSH6,P43246:201:L>C,0,0.16270912
train-pg_dms__mlp__seed43,MSH6,P43246:201:L>V,0,0.05414077
train-pg_dms__mlp__seed43,MSH6,P43246:201:L>T,0,0.15221865
train-pg_dms__mlp__seed43,MSH6,P43246:201:L>S,0,0.41900268
train-pg_dms__mlp__seed43,MSH6,P43246:201:L>R,0,0.7608971
train-pg_dms__mlp__seed43,MSH6,P43246:201:L>Q,0,0.37436044
train-pg_dms__mlp__seed43,MSH6,P43246:201:L>P,1,0.8884224
train-pg_dms__mlp__seed43,MSH6,P43246:201:L>N,1,0.8436298
train-pg_dms__mlp__seed43,MSH6,P43246:201:L>W,0,0.119725004
train-pg_dms__mlp__seed43,MSH6,P43246:201:L>H,0,0.58873117
train-pg_dms__mlp__seed43,MSH6,P43246:201:L>G,1,0.7558647
train-pg_dms__mlp__seed43,MSH6,P43246:201:L>F,0,0.05591964
train-pg_dms__mlp__seed43,MSH6,P43246:201:L>E,1,0.85625356
train-pg_dms__mlp__seed43,MSH6,P43246:201:L>D,1,0.90365475
train-pg_dms__mlp__seed43,MSH6,P43246:201:L>M,0,0.054850012
train-pg_dms__mlp__seed43,MSH6,P43246:201:L>I,0,0.053613707
train-pg_dms__mlp__seed43,MSH6,P43246:201:L>A,0,0.16215587
train-pg_dms__mlp__seed43,MSH6,P43246:201:L>Y,0,0.18694927
train-pg_dms__mlp__seed43,MSH6,P43246:207:A>C,0,0.05344009
train-pg_dms__mlp__seed43,MSH6,P43246:207:A>D,0,0.056525886
train-pg_dms__mlp__seed43,MSH6,P43246:207:A>E,0,0.056235965
train-pg_dms__mlp__seed43,MSH6,P43246:207:A>F,0,0.050668485
train-pg_dms__mlp__seed43,MSH6,P43246:207:A>G,0,0.04705945
train-pg_dms__mlp__seed43,MSH6,P43246:207:A>H,0,0.05687435
train-pg_dms__mlp__seed43,MSH6,P43246:207:A>K,0,0.07069857
train-pg_dms__mlp__seed43,MSH6,P43246:207:A>L,0,0.04766145
train-pg_dms__mlp__seed43,MSH6,P43246:207:A>I,0,0.04801316
train-pg_dms__mlp__seed43,MSH6,P43246:207:A>N,0,0.048712797
train-pg_dms__mlp__seed43,MSH6,P43246:207:A>P,0,0.04796486
train-pg_dms__mlp__seed43,MSH6,P43246:207:A>Q,0,0.052268423
train-pg_dms__mlp__seed43,MSH6,P43246:207:A>R,0,0.07258936
train-pg_dms__mlp__seed43,MSH6,P43246:207:A>Y,0,0.056377005
train-pg_dms__mlp__seed43,MSH6,P43246:207:A>W,0,0.08153784
train-pg_dms__mlp__seed43,MSH6,P43246:207:A>M,1,0.048069127
train-pg_dms__mlp__seed43,MSH6,P43246:207:A>T,0,0.046926174
train-pg_dms__mlp__seed43,MSH6,P43246:208:G>S,0,0.046261586
train-pg_dms__mlp__seed43,MSH6,P43246:208:G>V,0,0.046391442
train-pg_dms__mlp__seed43,MSH6,P43246:208:G>Q,0,0.05254167
train-pg_dms__mlp__seed43,MSH6,P43246:208:G>R,0,0.05870325
train-pg_dms__mlp__seed43,MSH6,P43246:208:G>W,0,0.053206205
train-pg_dms__mlp__seed43,MSH6,P43246:208:G>A,0,0.046225477
train-pg_dms__mlp__seed43,MSH6,P43246:208:G>T,0,0.04638448
train-pg_dms__mlp__seed43,MSH6,P43246:208:G>C,0,0.04794699
train-pg_dms__mlp__seed43,MSH6,P43246:208:G>D,0,0.05488903
train-pg_dms__mlp__seed43,MSH6,P43246:208:G>E,0,0.053090177
train-pg_dms__mlp__seed43,MSH6,P43246:208:G>H,0,0.05583228
train-pg_dms__mlp__seed43,MSH6,P43246:208:G>I,0,0.047239177
train-pg_dms__mlp__seed43,MSH6,P43246:208:G>K,0,0.068233535
train-pg_dms__mlp__seed43,MSH6,P43246:208:G>L,0,0.048819754
train-pg_dms__mlp__seed43,MSH6,P43246:208:G>M,0,0.04946273
train-pg_dms__mlp__seed43,MSH6,P43246:208:G>P,0,0.052693855
train-pg_dms__mlp__seed43,MSH6,P43246:218:Q>L,0,0.05151783
train-pg_dms__mlp__seed43,MSH6,P43246:218:Q>I,0,0.059275318
train-pg_dms__mlp__seed43,MSH6,P43246:218:Q>H,0,0.053068526
train-pg_dms__mlp__seed43,MSH6,P43246:218:Q>G,0,0.05310715
train-pg_dms__mlp__seed43,MSH6,P43246:218:Q>D,0,0.05738778
train-pg_dms__mlp__seed43,MSH6,P43246:218:Q>C,0,0.0688784
train-pg_dms__mlp__seed43,MSH6,P43246:218:Q>A,0,0.052818686
train-pg_dms__mlp__seed43,MSH6,P43246:218:Q>M,0,0.05771591
train-pg_dms__mlp__seed43,MSH6,P43246:218:Q>F,0,0.07465296
train-pg_dms__mlp__seed43,MSH6,P43246:218:Q>N,0,0.054823928
train-pg_dms__mlp__seed43,MSH6,P43246:218:Q>V,0,0.054944754
train-pg_dms__mlp__seed43,MSH6,P43246:218:Q>R,0,0.066627994
train-pg_dms__mlp__seed43,MSH6,P43246:218:Q>S,0,0.05287296
train-pg_dms__mlp__seed43,MSH6,P43246:218:Q>T,0,0.05251195
train-pg_dms__mlp__seed43,MSH6,P43246:218:Q>W,0,0.07027111
train-pg_dms__mlp__seed43,MSH6,P43246:218:Q>Y,0,0.062389057
train-pg_dms__mlp__seed43,MSH6,P43246:218:Q>P,0,0.066450186
train-pg_dms__mlp__seed43,MSH6,P43246:221:G>C,0,0.05757475
train-pg_dms__mlp__seed43,MSH6,P43246:221:G>Y,0,0.08551186
train-pg_dms__mlp__seed43,MSH6,P43246:221:G>W,0,0.10781274
train-pg_dms__mlp__seed43,MSH6,P43246:221:G>V,0,0.072694816
train-pg_dms__mlp__seed43,MSH6,P43246:221:G>T,0,0.05927411
train-pg_dms__mlp__seed43,MSH6,P43246:221:G>S,0,0.051892754
train-pg_dms__mlp__seed43,MSH6,P43246:221:G>R,0,0.06547431
train-pg_dms__mlp__seed43,MSH6,P43246:221:G>Q,0,0.060773935
train-pg_dms__mlp__seed43,MSH6,P43246:221:G>A,0,0.05522149
train-pg_dms__mlp__seed43,MSH6,P43246:221:G>P,0,0.39407957
train-pg_dms__mlp__seed43,MSH6,P43246:221:G>M,0,0.09565394
train-pg_dms__mlp__seed43,MSH6,P43246:221:G>L,0,0.09773119
train-pg_dms__mlp__seed43,MSH6,P43246:221:G>K,0,0.07756027
train-pg_dms__mlp__seed43,MSH6,P43246:221:G>I,0,0.10076335
train-pg_dms__mlp__seed43,MSH6,P43246:221:G>H,0,0.06728457
train-pg_dms__mlp__seed43,MSH6,P43246:221:G>F,0,0.1774645
train-pg_dms__mlp__seed43,MSH6,P43246:221:G>N,0,0.05444939
train-pg_dms__mlp__seed43,MSH6,P43246:221:G>D,0,0.057768885
train-pg_dms__mlp__seed43,MSH6,P43246:224:I>C,0,0.06303925
train-pg_dms__mlp__seed43,MSH6,P43246:224:I>R,0,0.06701366
train-pg_dms__mlp__seed43,MSH6,P43246:224:I>T,0,0.051448226
train-pg_dms__mlp__seed43,MSH6,P43246:224:I>V,0,0.04933861
train-pg_dms__mlp__seed43,MSH6,P43246:224:I>W,1,0.15976939
train-pg_dms__mlp__seed43,MSH6,P43246:224:I>Y,0,0.069405586
train-pg_dms__mlp__seed43,MSH6,P43246:224:I>D,0,0.44338587
train-pg_dms__mlp__seed43,MSH6,P43246:224:I>E,0,0.13019867
train-pg_dms__mlp__seed43,MSH6,P43246:224:I>A,0,0.052894015
train-pg_dms__mlp__seed43,MSH6,P43246:224:I>G,0,0.07278129
train-pg_dms__mlp__seed43,MSH6,P43246:224:I>H,0,0.081013195
train-pg_dms__mlp__seed43,MSH6,P43246:224:I>Q,0,0.06408831
train-pg_dms__mlp__seed43,MSH6,P43246:224:I>P,0,0.09165736
train-pg_dms__mlp__seed43,MSH6,P43246:224:I>N,0,0.05790378
train-pg_dms__mlp__seed43,MSH6,P43246:224:I>M,0,0.07830758
train-pg_dms__mlp__seed43,MSH6,P43246:224:I>L,0,0.049464054
train-pg_dms__mlp__seed43,MSH6,P43246:224:I>K,0,0.08037417
train-pg_dms__mlp__seed43,MSH6,P43246:224:I>F,0,0.05076227
train-pg_dms__mlp__seed43,MSH6,P43246:238:Y>E,0,0.05950264
train-pg_dms__mlp__seed43,MSH6,P43246:238:Y>F,0,0.0536236
train-pg_dms__mlp__seed43,MSH6,P43246:238:Y>V,0,0.05405534
train-pg_dms__mlp__seed43,MSH6,P43246:238:Y>T,0,0.054210342
train-pg_dms__mlp__seed43,MSH6,P43246:238:Y>S,0,0.053327717
train-pg_dms__mlp__seed43,MSH6,P43246:238:Y>G,0,0.05453469
train-pg_dms__mlp__seed43,MSH6,P43246:238:Y>R,0,0.057627745
train-pg_dms__mlp__seed43,MSH6,P43246:238:Y>L,0,0.055705026
train-pg_dms__mlp__seed43,MSH6,P43246:238:Y>P,0,0.05658787
train-pg_dms__mlp__seed43,MSH6,P43246:238:Y>M,0,0.057721887
train-pg_dms__mlp__seed43,MSH6,P43246:238:Y>H,0,0.054467276
train-pg_dms__mlp__seed43,MSH6,P43246:238:Y>I,0,0.05460718
train-pg_dms__mlp__seed43,MSH6,P43246:238:Y>K,0,0.0615725
train-pg_dms__mlp__seed43,MSH6,P43246:238:Y>D,0,0.07512235
train-pg_dms__mlp__seed43,MSH6,P43246:238:Y>Q,0,0.055742934
train-pg_dms__mlp__seed43,MSH6,P43246:238:Y>W,0,0.060225718
train-pg_dms__mlp__seed43,MSH6,P43246:238:Y>A,0,0.05449981
train-pg_dms__mlp__seed43,MSH6,P43246:242:N>R,0,0.083588384
train-pg_dms__mlp__seed43,MSH6,P43246:242:N>T,0,0.06066333
train-pg_dms__mlp__seed43,MSH6,P43246:242:N>S,0,0.07280424
train-pg_dms__mlp__seed43,MSH6,P43246:242:N>Q,0,0.07087541
train-pg_dms__mlp__seed43,MSH6,P43246:242:N>P,0,0.115165286
train-pg_dms__mlp__seed43,MSH6,P43246:242:N>M,0,0.078172654
train-pg_dms__mlp__seed43,MSH6,P43246:242:N>L,0,0.0694322
train-pg_dms__mlp__seed43,MSH6,P43246:242:N>I,0,0.0730361
train-pg_dms__mlp__seed43,MSH6,P43246:242:N>G,0,0.061715007
train-pg_dms__mlp__seed43,MSH6,P43246:242:N>F,0,0.13342142
train-pg_dms__mlp__seed43,MSH6,P43246:242:N>D,0,0.06483028
train-pg_dms__mlp__seed43,MSH6,P43246:242:N>C,0,0.06546619
train-pg_dms__mlp__seed43,MSH6,P43246:242:N>A,0,0.06645827
train-pg_dms__mlp__seed43,MSH6,P43246:242:N>V,0,0.06863302
train-pg_dms__mlp__seed43,MSH6,P43246:242:N>W,0,0.19010696
train-pg_dms__mlp__seed43,MSH6,P43246:242:N>K,0,0.24542248
train-pg_dms__mlp__seed43,MSH6,P43246:242:N>Y,0,0.067868106
train-pg_dms__mlp__seed43,MSH6,P43246:247:G>E,0,0.04242868
train-pg_dms__mlp__seed43,MSH6,P43246:247:G>F,0,0.044879366
train-pg_dms__mlp__seed43,MSH6,P43246:247:G>M,0,0.043536656
train-pg_dms__mlp__seed43,MSH6,P43246:247:G>N,0,0.042398475
train-pg_dms__mlp__seed43,MSH6,P43246:247:G>P,0,0.044131055
train-pg_dms__mlp__seed43,MSH6,P43246:247:G>Q,0,0.042928565
train-pg_dms__mlp__seed43,MSH6,P43246:247:G>H,0,0.043541186
train-pg_dms__mlp__seed43,MSH6,P43246:247:G>S,0,0.041582227
train-pg_dms__mlp__seed43,MSH6,P43246:247:G>T,0,0.041667674
train-pg_dms__mlp__seed43,MSH6,P43246:247:G>V,0,0.041727398
train-pg_dms__mlp__seed43,MSH6,P43246:247:G>W,0,0.043782018
train-pg_dms__mlp__seed43,MSH6,P43246:247:G>Y,0,0.04306778
train-pg_dms__mlp__seed43,MSH6,P43246:247:G>D,0,0.042667218
train-pg_dms__mlp__seed43,MSH6,P43246:247:G>I,0,0.042263538
train-pg_dms__mlp__seed43,MSH6,P43246:247:G>R,0,0.04309349
train-pg_dms__mlp__seed43,MSH6,P43246:247:G>C,0,0.041867517
train-pg_dms__mlp__seed43,MSH6,P43246:247:G>K,0,0.043863945
train-pg_dms__mlp__seed43,MSH6,P43246:247:G>L,0,0.04288327
train-pg_dms__mlp__seed43,MSH6,P43246:247:G>A,0,0.04158769
train-pg_dms__mlp__seed43,MSH6,P43246:257:V>G,0,0.04839797
train-pg_dms__mlp__seed43,MSH6,P43246:257:V>W,0,0.11302339
train-pg_dms__mlp__seed43,MSH6,P43246:257:V>Y,0,0.06427903
train-pg_dms__mlp__seed43,MSH6,P43246:257:V>A,0,0.04758205
train-pg_dms__mlp__seed43,MSH6,P43246:257:V>C,0,0.06924911
train-pg_dms__mlp__seed43,MSH6,P43246:257:V>D,0,0.05719927
train-pg_dms__mlp__seed43,MSH6,P43246:257:V>E,0,0.058132183
train-pg_dms__mlp__seed43,MSH6,P43246:257:V>H,0,0.06548486
train-pg_dms__mlp__seed43,MSH6,P43246:257:V>I,0,0.047508616
train-pg_dms__mlp__seed43,MSH6,P43246:257:V>K,0,0.061222594
train-pg_dms__mlp__seed43,MSH6,P43246:257:V>F,0,0.04957664
train-pg_dms__mlp__seed43,MSH6,P43246:257:V>M,0,0.048367973
train-pg_dms__mlp__seed43,MSH6,P43246:257:V>N,0,0.05007483
train-pg_dms__mlp__seed43,MSH6,P43246:257:V>P,0,0.06269742
train-pg_dms__mlp__seed43,MSH6,P43246:257:V>Q,0,0.05501881
train-pg_dms__mlp__seed43,MSH6,P43246:257:V>R,0,0.058925036
train-pg_dms__mlp__seed43,MSH6,P43246:257:V>S,0,0.047840662
train-pg_dms__mlp__seed43,MSH6,P43246:257:V>T,0,0.04821668
train-pg_dms__mlp__seed43,MSH6,P43246:257:V>L,0,0.048867986
train-pg_dms__mlp__seed43,MSH6,P43246:259:P>W,0,0.07548449
train-pg_dms__mlp__seed43,MSH6,P43246:259:P>D,0,0.0654636
train-pg_dms__mlp__seed43,MSH6,P43246:259:P>A,0,0.051644657
train-pg_dms__mlp__seed43,MSH6,P43246:259:P>C,0,0.06394782
train-pg_dms__mlp__seed43,MSH6,P43246:259:P>Y,0,0.06423682
train-pg_dms__mlp__seed43,MSH6,P43246:259:P>E,0,0.057811413
train-pg_dms__mlp__seed43,MSH6,P43246:259:P>F,0,0.06638029
train-pg_dms__mlp__seed43,MSH6,P43246:259:P>G,0,0.05668954
train-pg_dms__mlp__seed43,MSH6,P43246:259:P>I,0,0.057964925
train-pg_dms__mlp__seed43,MSH6,P43246:259:P>K,0,0.056194212
train-pg_dms__mlp__seed43,MSH6,P43246:259:P>H,0,0.054841526
train-pg_dms__mlp__seed43,MSH6,P43246:259:P>M,0,0.057952534
train-pg_dms__mlp__seed43,MSH6,P43246:259:P>N,0,0.059096597
train-pg_dms__mlp__seed43,MSH6,P43246:259:P>Q,0,0.053412475
train-pg_dms__mlp__seed43,MSH6,P43246:259:P>R,0,0.05393597
train-pg_dms__mlp__seed43,MSH6,P43246:259:P>S,0,0.05757141
train-pg_dms__mlp__seed43,MSH6,P43246:259:P>T,0,0.061225474
train-pg_dms__mlp__seed43,MSH6,P43246:259:P>V,0,0.05451505
train-pg_dms__mlp__seed43,MSH6,P43246:259:P>L,0,0.0528642
train-pg_dms__mlp__seed43,MSH6,P43246:260:E>P,0,0.14743046
train-pg_dms__mlp__seed43,MSH6,P43246:260:E>N,0,0.09728448
train-pg_dms__mlp__seed43,MSH6,P43246:260:E>L,0,0.10232153
train-pg_dms__mlp__seed43,MSH6,P43246:260:E>I,0,0.07370834
train-pg_dms__mlp__seed43,MSH6,P43246:260:E>Q,0,0.053226978
train-pg_dms__mlp__seed43,MSH6,P43246:260:E>G,0,0.060911324
train-pg_dms__mlp__seed43,MSH6,P43246:260:E>F,0,0.26722726
train-pg_dms__mlp__seed43,MSH6,P43246:260:E>D,0,0.084639095
train-pg_dms__mlp__seed43,MSH6,P43246:260:E>C,0,0.21620266
train-pg_dms__mlp__seed43,MSH6,P43246:260:E>A,0,0.054664165
train-pg_dms__mlp__seed43,MSH6,P43246:260:E>H,0,0.14835054
train-pg_dms__mlp__seed43,MSH6,P43246:260:E>R,0,0.08748331
train-pg_dms__mlp__seed43,MSH6,P43246:260:E>M,0,0.10805383
train-pg_dms__mlp__seed43,MSH6,P43246:260:E>T,0,0.07246199
train-pg_dms__mlp__seed43,MSH6,P43246:260:E>V,0,0.060156103
train-pg_dms__mlp__seed43,MSH6,P43246:260:E>W,0,0.41112414
train-pg_dms__mlp__seed43,MSH6,P43246:260:E>Y,0,0.19837095
train-pg_dms__mlp__seed43,MSH6,P43246:260:E>S,0,0.065581545
train-pg_dms__mlp__seed43,MSH6,P43246:266:A>Y,1,0.9263731
train-pg_dms__mlp__seed43,MSH6,P43246:266:A>W,1,0.93113744
train-pg_dms__mlp__seed43,MSH6,P43246:266:A>V,1,0.22076303
train-pg_dms__mlp__seed43,MSH6,P43246:266:A>S,0,0.09451442
train-pg_dms__mlp__seed43,MSH6,P43246:266:A>P,0,0.7994336
train-pg_dms__mlp__seed43,MSH6,P43246:266:A>K,1,0.93053114
train-pg_dms__mlp__seed43,MSH6,P43246:266:A>L,1,0.7920403
train-pg_dms__mlp__seed43,MSH6,P43246:266:A>R,1,0.9250545
train-pg_dms__mlp__seed43,MSH6,P43246:266:A>I,1,0.86693203
train-pg_dms__mlp__seed43,MSH6,P43246:266:A>H,0,0.92728525
train-pg_dms__mlp__seed43,MSH6,P43246:266:A>G,0,0.055194873
train-pg_dms__mlp__seed43,MSH6,P43246:266:A>F,1,0.91715944
train-pg_dms__mlp__seed43,MSH6,P43246:266:A>E,1,0.92191976
train-pg_dms__mlp__seed43,MSH6,P43246:266:A>C,0,0.48956978
train-pg_dms__mlp__seed43,MSH6,P43246:266:A>M,0,0.81681734
train-pg_dms__mlp__seed43,MSH6,P43246:277:L>T,0,0.09561872
train-pg_dms__mlp__seed43,MSH6,P43246:277:L>A,0,0.11848987
train-pg_dms__mlp__seed43,MSH6,P43246:277:L>C,0,0.16121937
train-pg_dms__mlp__seed43,MSH6,P43246:277:L>E,0,0.40142843
train-pg_dms__mlp__seed43,MSH6,P43246:277:L>F,0,0.11745242
train-pg_dms__mlp__seed43,MSH6,P43246:277:L>G,0,0.33654177
train-pg_dms__mlp__seed43,MSH6,P43246:277:L>H,0,0.2397451
train-pg_dms__mlp__seed43,MSH6,P43246:277:L>I,0,0.07276536
train-pg_dms__mlp__seed43,MSH6,P43246:277:L>K,0,0.4159179
train-pg_dms__mlp__seed43,MSH6,P43246:277:L>N,0,0.34013522
train-pg_dms__mlp__seed43,MSH6,P43246:277:L>P,1,0.61493605
train-pg_dms__mlp__seed43,MSH6,P43246:277:L>Q,0,0.107443735
train-pg_dms__mlp__seed43,MSH6,P43246:277:L>Y,0,0.42821252
train-pg_dms__mlp__seed43,MSH6,P43246:277:L>W,0,0.27159262
train-pg_dms__mlp__seed43,MSH6,P43246:277:L>V,0,0.07034905
train-pg_dms__mlp__seed43,MSH6,P43246:277:L>M,0,0.06583004
train-pg_dms__mlp__seed43,MSH6,P43246:277:L>R,0,0.26735613
train-pg_dms__mlp__seed43,MSH6,P43246:281:S>Q,0,0.089112185
train-pg_dms__mlp__seed43,MSH6,P43246:281:S>P,0,0.16732368
train-pg_dms__mlp__seed43,MSH6,P43246:281:S>N,0,0.060624946
train-pg_dms__mlp__seed43,MSH6,P43246:281:S>M,0,0.06426291
train-pg_dms__mlp__seed43,MSH6,P43246:281:S>V,0,0.06508838
train-pg_dms__mlp__seed43,MSH6,P43246:281:S>I,0,0.06966241
train-pg_dms__mlp__seed43,MSH6,P43246:281:S>H,0,0.08129953
train-pg_dms__mlp__seed43,MSH6,P43246:281:S>G,0,0.057211403
train-pg_dms__mlp__seed43,MSH6,P43246:281:S>F,0,0.07478386
train-pg_dms__mlp__seed43,MSH6,P43246:281:S>D,1,0.11229857
train-pg_dms__mlp__seed43,MSH6,P43246:281:S>C,0,0.06006444
train-pg_dms__mlp__seed43,MSH6,P43246:281:S>A,0,0.057391983
train-pg_dms__mlp__seed43,MSH6,P43246:281:S>W,0,0.10045688
train-pg_dms__mlp__seed43,MSH6,P43246:281:S>Y,0,0.07442172
train-pg_dms__mlp__seed43,MSH6,P43246:281:S>R,0,0.20494302
train-pg_dms__mlp__seed43,MSH6,P43246:295:D>T,0,0.051933676
train-pg_dms__mlp__seed43,MSH6,P43246:295:D>M,0,0.12679304
train-pg_dms__mlp__seed43,MSH6,P43246:295:D>L,0,0.06016536
train-pg_dms__mlp__seed43,MSH6,P43246:295:D>K,0,0.08066584
train-pg_dms__mlp__seed43,MSH6,P43246:295:D>I,0,0.054747283
train-pg_dms__mlp__seed43,MSH6,P43246:295:D>F,0,0.15218528
train-pg_dms__mlp__seed43,MSH6,P43246:295:D>G,0,0.053091902
train-pg_dms__mlp__seed43,MSH6,P43246:295:D>E,0,0.08782113
train-pg_dms__mlp__seed43,MSH6,P43246:295:D>C,0,0.085187145
train-pg_dms__mlp__seed43,MSH6,P43246:295:D>A,0,0.076189466
train-pg_dms__mlp__seed43,MSH6,P43246:295:D>H,0,0.051913735
train-pg_dms__mlp__seed43,MSH6,P43246:295:D>S,0,0.047340084
train-pg_dms__mlp__seed43,MSH6,P43246:295:D>N,0,0.046923924
train-pg_dms__mlp__seed43,MSH6,P43246:295:D>V,0,0.049217604
train-pg_dms__mlp__seed43,MSH6,P43246:295:D>R,0,0.0637583
train-pg_dms__mlp__seed43,MSH6,P43246:295:D>Q,0,0.05599764
train-pg_dms__mlp__seed43,MSH6,P43246:295:D>P,0,0.19514088
train-pg_dms__mlp__seed43,MSH6,P43246:295:D>Y,0,0.05125507
train-pg_dms__mlp__seed43,MSH6,P43246:295:D>W,0,0.40175563
train-pg_dms__mlp__seed43,MSH6,P43246:299:Y>A,0,0.5421067
train-pg_dms__mlp__seed43,MSH6,P43246:299:Y>V,0,0.2353195
train-pg_dms__mlp__seed43,MSH6,P43246:299:Y>W,0,0.1549736
train-pg_dms__mlp__seed43,MSH6,P43246:299:Y>C,0,0.15321794
train-pg_dms__mlp__seed43,MSH6,P43246:299:Y>M,0,0.50099695
train-pg_dms__mlp__seed43,MSH6,P43246:299:Y>G,0,0.38562673
train-pg_dms__mlp__seed43,MSH6,P43246:299:Y>F,0,0.054880675
train-pg_dms__mlp__seed43,MSH6,P43246:299:Y>T,0,0.49158412
train-pg_dms__mlp__seed43,MSH6,P43246:299:Y>S,0,0.23303771
train-pg_dms__mlp__seed43,MSH6,P43246:299:Y>Q,0,0.5721818
train-pg_dms__mlp__seed43,MSH6,P43246:299:Y>P,0,0.7479831
train-pg_dms__mlp__seed43,MSH6,P43246:299:Y>R,0,0.48493513
train-pg_dms__mlp__seed43,MSH6,P43246:299:Y>L,0,0.40118352
train-pg_dms__mlp__seed43,MSH6,P43246:299:Y>K,0,0.6565228
train-pg_dms__mlp__seed43,MSH6,P43246:299:Y>I,0,0.51899743
train-pg_dms__mlp__seed43,MSH6,P43246:299:Y>H,0,0.0895165
train-pg_dms__mlp__seed43,MSH6,P43246:299:Y>N,0,0.12077416
train-pg_dms__mlp__seed43,MSH6,P43246:304:I>Y,0,0.05313739
train-pg_dms__mlp__seed43,MSH6,P43246:304:I>W,0,0.07920208
train-pg_dms__mlp__seed43,MSH6,P43246:304:I>V,0,0.0459813
train-pg_dms__mlp__seed43,MSH6,P43246:304:I>T,0,0.074561454
train-pg_dms__mlp__seed43,MSH6,P43246:304:I>S,0,0.046679135
train-pg_dms__mlp__seed43,MSH6,P43246:304:I>R,0,0.053085536
train-pg_dms__mlp__seed43,MSH6,P43246:304:I>Q,0,0.052474365
train-pg_dms__mlp__seed43,MSH6,P43246:304:I>P,0,0.07788458
train-pg_dms__mlp__seed43,MSH6,P43246:304:I>C,0,0.057497997
train-pg_dms__mlp__seed43,MSH6,P43246:304:I>L,0,0.046420213
train-pg_dms__mlp__seed43,MSH6,P43246:304:I>K,0,0.057888616
train-pg_dms__mlp__seed43,MSH6,P43246:304:I>A,0,0.047059033
train-pg_dms__mlp__seed43,MSH6,P43246:304:I>H,0,0.049980085
train-pg_dms__mlp__seed43,MSH6,P43246:304:I>G,0,0.051302094
train-pg_dms__mlp__seed43,MSH6,P43246:304:I>F,0,0.04741646
train-pg_dms__mlp__seed43,MSH6,P43246:304:I>D,0,0.06424644
train-pg_dms__mlp__seed43,MSH6,P43246:304:I>M,0,0.04602787
train-pg_dms__mlp__seed43,MSH6,P43246:304:I>N,0,0.046768423
train-pg_dms__mlp__seed43,MSH6,P43246:304:I>E,0,0.06696892
train-pg_dms__mlp__seed43,MSH6,P43246:307:V>C,0,0.16623423
train-pg_dms__mlp__seed43,MSH6,P43246:307:V>Y,0,0.17883451
train-pg_dms__mlp__seed43,MSH6,P43246:307:V>S,0,0.07395802
train-pg_dms__mlp__seed43,MSH6,P43246:307:V>R,0,0.21195652
train-pg_dms__mlp__seed43,MSH6,P43246:307:V>Q,0,0.111243226
train-pg_dms__mlp__seed43,MSH6,P43246:307:V>P,0,0.7273384
train-pg_dms__mlp__seed43,MSH6,P43246:307:V>N,0,0.15124068
train-pg_dms__mlp__seed43,MSH6,P43246:307:V>M,0,0.06106401
train-pg_dms__mlp__seed43,MSH6,P43246:307:V>T,0,0.07103227
train-pg_dms__mlp__seed43,MSH6,P43246:307:V>L,0,0.067930155
train-pg_dms__mlp__seed43,MSH6,P43246:307:V>I,0,0.055137932
train-pg_dms__mlp__seed43,MSH6,P43246:307:V>H,0,0.41254544
train-pg_dms__mlp__seed43,MSH6,P43246:307:V>E,0,0.21376154
train-pg_dms__mlp__seed43,MSH6,P43246:307:V>G,0,0.073117785
train-pg_dms__mlp__seed43,MSH6,P43246:307:V>A,0,0.06825708
train-pg_dms__mlp__seed43,MSH6,P43246:307:V>K,0,0.29897234
train-pg_dms__mlp__seed43,MSH6,P43246:307:V>W,0,0.5939598
train-pg_dms__mlp__seed43,MSH6,P43246:308:R>D,0,0.077351555
train-pg_dms__mlp__seed43,MSH6,P43246:308:R>Y,0,0.07049194
train-pg_dms__mlp__seed43,MSH6,P43246:308:R>C,0,0.05903651
train-pg_dms__mlp__seed43,MSH6,P43246:308:R>A,0,0.064206675
train-pg_dms__mlp__seed43,MSH6,P43246:308:R>G,0,0.05733787
train-pg_dms__mlp__seed43,MSH6,P43246:308:R>I,0,0.118687384
train-pg_dms__mlp__seed43,MSH6,P43246:308:R>L,0,0.06588001
train-pg_dms__mlp__seed43,MSH6,P43246:308:R>E,0,0.06146024
train-pg_dms__mlp__seed43,MSH6,P43246:308:R>M,0,0.06627973
train-pg_dms__mlp__seed43,MSH6,P43246:308:R>Q,0,0.05355449
train-pg_dms__mlp__seed43,MSH6,P43246:308:R>S,0,0.064413674
train-pg_dms__mlp__seed43,MSH6,P43246:308:R>T,0,0.08168689
train-pg_dms__mlp__seed43,MSH6,P43246:308:R>V,0,0.073283814
train-pg_dms__mlp__seed43,MSH6,P43246:308:R>W,0,0.061025172
train-pg_dms__mlp__seed43,MSH6,P43246:308:R>P,0,0.14159057
train-pg_dms__mlp__seed43,MSH6,P43246:308:R>H,0,0.054066706
train-pg_dms__mlp__seed43,MSH6,P43246:309:A>Y,0,0.83708745
train-pg_dms__mlp__seed43,MSH6,P43246:309:A>W,0,0.88708055
train-pg_dms__mlp__seed43,MSH6,P43246:309:A>D,0,0.8151362
train-pg_dms__mlp__seed43,MSH6,P43246:309:A>Q,0,0.7687473
train-pg_dms__mlp__seed43,MSH6,P43246:309:A>R,0,0.8698261
train-pg_dms__mlp__seed43,MSH6,P43246:309:A>C,0,0.44589356
train-pg_dms__mlp__seed43,MSH6,P43246:309:A>T,0,0.27167985
train-pg_dms__mlp__seed43,MSH6,P43246:309:A>V,0,0.48271567
train-pg_dms__mlp__seed43,MSH6,P43246:309:A>N,0,0.52985203
train-pg_dms__mlp__seed43,MSH6,P43246:309:A>S,0,0.04887637
train-pg_dms__mlp__seed43,MSH6,P43246:309:A>L,0,0.6869196
train-pg_dms__mlp__seed43,MSH6,P43246:309:A>K,0,0.88864124
train-pg_dms__mlp__seed43,MSH6,P43246:309:A>I,0,0.85254425
train-pg_dms__mlp__seed43,MSH6,P43246:309:A>H,0,0.8022637
train-pg_dms__mlp__seed43,MSH6,P43246:309:A>G,0,0.06585733
train-pg_dms__mlp__seed43,MSH6,P43246:309:A>F,0,0.7718104
train-pg_dms__mlp__seed43,MSH6,P43246:309:A>E,0,0.8667962
train-pg_dms__mlp__seed43,MSH6,P43246:309:A>M,0,0.6547876
train-pg_dms__mlp__seed43,MSH6,P43246:310:L>Y,0,0.93653053
train-pg_dms__mlp__seed43,MSH6,P43246:310:L>W,0,0.93313986
train-pg_dms__mlp__seed43,MSH6,P43246:310:L>T,0,0.8931159
train-pg_dms__mlp__seed43,MSH6,P43246:310:L>S,1,0.9311024
train-pg_dms__mlp__seed43,MSH6,P43246:310:L>N,1,0.9352794
train-pg_dms__mlp__seed43,MSH6,P43246:310:L>E,1,0.93749166
train-pg_dms__mlp__seed43,MSH6,P43246:310:L>K,1,0.9370572
train-pg_dms__mlp__seed43,MSH6,P43246:310:L>I,0,0.23380344
train-pg_dms__mlp__seed43,MSH6,P43246:310:L>G,1,0.9300039
train-pg_dms__mlp__seed43,MSH6,P43246:310:L>D,1,0.94002235
train-pg_dms__mlp__seed43,MSH6,P43246:310:L>C,0,0.8843761
train-pg_dms__mlp__seed43,MSH6,P43246:310:L>A,0,0.89987504
train-pg_dms__mlp__seed43,MSH6,P43246:310:L>M,0,0.07706423
train-pg_dms__mlp__seed43,MSH6,P43246:313:F>R,0,0.3324574
train-pg_dms__mlp__seed43,MSH6,P43246:313:F>Y,0,0.05494453
train-pg_dms__mlp__seed43,MSH6,P43246:313:F>W,0,0.086420804
train-pg_dms__mlp__seed43,MSH6,P43246:313:F>V,0,0.062702164
train-pg_dms__mlp__seed43,MSH6,P43246:313:F>T,0,0.124853216
train-pg_dms__mlp__seed43,MSH6,P43246:313:F>S,0,0.18345942
train-pg_dms__mlp__seed43,MSH6,P43246:313:F>Q,0,0.2108176
train-pg_dms__mlp__seed43,MSH6,P43246:313:F>P,0,0.61657125
train-pg_dms__mlp__seed43,MSH6,P43246:313:F>N,0,0.20416726
train-pg_dms__mlp__seed43,MSH6,P43246:313:F>M,0,0.09571021
train-pg_dms__mlp__seed43,MSH6,P43246:313:F>L,0,0.33111122
train-pg_dms__mlp__seed43,MSH6,P43246:313:F>I,0,0.11932771
train-pg_dms__mlp__seed43,MSH6,P43246:313:F>K,0,0.49434072
train-pg_dms__mlp__seed43,MSH6,P43246:313:F>G,0,0.28936133
train-pg_dms__mlp__seed43,MSH6,P43246:313:F>E,0,0.44885635
train-pg_dms__mlp__seed43,MSH6,P43246:313:F>D,0,0.48997346
train-pg_dms__mlp__seed43,MSH6,P43246:313:F>C,0,0.06764841
train-pg_dms__mlp__seed43,MSH6,P43246:313:F>A,0,0.21364975
train-pg_dms__mlp__seed43,MSH6,P43246:313:F>H,0,0.11548855
train-pg_dms__mlp__seed43,MSH6,P43246:316:S>W,0,0.030765537
train-pg_dms__mlp__seed43,MSH6,P43246:316:S>V,0,0.02866251
train-pg_dms__mlp__seed43,MSH6,P43246:316:S>R,0,0.035870843
train-pg_dms__mlp__seed43,MSH6,P43246:316:S>Q,0,0.031097306
train-pg_dms__mlp__seed43,MSH6,P43246:316:S>P,0,0.028505541
train-pg_dms__mlp__seed43,MSH6,P43246:316:S>N,0,0.028555073
train-pg_dms__mlp__seed43,MSH6,P43246:316:S>M,0,0.028878007
train-pg_dms__mlp__seed43,MSH6,P43246:316:S>L,0,0.028540455
train-pg_dms__mlp__seed43,MSH6,P43246:316:S>I,0,0.028770046
train-pg_dms__mlp__seed43,MSH6,P43246:316:S>H,0,0.029882759
train-pg_dms__mlp__seed43,MSH6,P43246:316:S>G,0,0.028413357
train-pg_dms__mlp__seed43,MSH6,P43246:316:S>F,0,0.03755135
train-pg_dms__mlp__seed43,MSH6,P43246:316:S>D,0,0.030519448
train-pg_dms__mlp__seed43,MSH6,P43246:316:S>A,0,0.028399426
train-pg_dms__mlp__seed43,MSH6,P43246:316:S>K,0,0.039258774
train-pg_dms__mlp__seed43,MSH6,P43246:327:A>R,0,0.1317901
train-pg_dms__mlp__seed43,MSH6,P43246:327:A>S,0,0.054187633
train-pg_dms__mlp__seed43,MSH6,P43246:327:A>G,0,0.055086803
train-pg_dms__mlp__seed43,MSH6,P43246:327:A>Q,0,0.07960662
train-pg_dms__mlp__seed43,MSH6,P43246:327:A>E,0,0.08736491
train-pg_dms__mlp__seed43,MSH6,P43246:327:A>D,0,0.2137298
train-pg_dms__mlp__seed43,MSH6,P43246:327:A>T,0,0.054709885
train-pg_dms__mlp__seed43,MSH6,P43246:327:A>F,0,0.061728492
train-pg_dms__mlp__seed43,MSH6,P43246:327:A>V,0,0.0846661
train-pg_dms__mlp__seed43,MSH6,P43246:327:A>N,0,0.070335545
train-pg_dms__mlp__seed43,MSH6,P43246:327:A>Y,0,0.07062852
train-pg_dms__mlp__seed43,MSH6,P43246:327:A>H,0,0.091417335
train-pg_dms__mlp__seed43,MSH6,P43246:327:A>I,0,0.060754266
train-pg_dms__mlp__seed43,MSH6,P43246:327:A>K,0,0.20397958
train-pg_dms__mlp__seed43,MSH6,P43246:327:A>L,0,0.057650723
train-pg_dms__mlp__seed43,MSH6,P43246:327:A>M,0,0.060423806
train-pg_dms__mlp__seed43,MSH6,P43246:327:A>P,0,0.08207172
train-pg_dms__mlp__seed43,MSH6,P43246:327:A>W,0,0.13252223
train-pg_dms__mlp__seed43,MSH6,P43246:331:N>C,0,0.06659634
train-pg_dms__mlp__seed43,MSH6,P43246:331:N>W,0,0.8149673
train-pg_dms__mlp__seed43,MSH6,P43246:331:N>T,0,0.07217636
train-pg_dms__mlp__seed43,MSH6,P43246:331:N>V,0,0.12562679
train-pg_dms__mlp__seed43,MSH6,P43246:331:N>A,0,0.08900564
train-pg_dms__mlp__seed43,MSH6,P43246:331:N>E,0,0.5391005
train-pg_dms__mlp__seed43,MSH6,P43246:331:N>H,0,0.06888843
train-pg_dms__mlp__seed43,MSH6,P43246:331:N>G,0,0.06656037
train-pg_dms__mlp__seed43,MSH6,P43246:331:N>S,0,0.078609265
train-pg_dms__mlp__seed43,MSH6,P43246:331:N>R,0,0.3748694
train-pg_dms__mlp__seed43,MSH6,P43246:331:N>P,1,0.8355479
train-pg_dms__mlp__seed43,MSH6,P43246:331:N>F,0,0.69683635
train-pg_dms__mlp__seed43,MSH6,P43246:331:N>Y,0,0.08214796
train-pg_dms__mlp__seed43,MSH6,P43246:331:N>I,0,0.27913052
train-pg_dms__mlp__seed43,MSH6,P43246:331:N>K,0,0.5562622
train-pg_dms__mlp__seed43,MSH6,P43246:331:N>L,0,0.097261496
train-pg_dms__mlp__seed43,MSH6,P43246:331:N>M,0,0.20302458
train-pg_dms__mlp__seed43,MSH6,P43246:332:K>C,0,0.10572722
train-pg_dms__mlp__seed43,MSH6,P43246:332:K>Y,0,0.106100254
train-pg_dms__mlp__seed43,MSH6,P43246:332:K>W,0,0.14119862
train-pg_dms__mlp__seed43,MSH6,P43246:332:K>V,0,0.10146974
train-pg_dms__mlp__seed43,MSH6,P43246:332:K>T,0,0.085332125
train-pg_dms__mlp__seed43,MSH6,P43246:332:K>S,0,0.11363025
train-pg_dms__mlp__seed43,MSH6,P43246:332:K>R,0,0.06244246
train-pg_dms__mlp__seed43,MSH6,P43246:332:K>Q,0,0.06825505
train-pg_dms__mlp__seed43,MSH6,P43246:332:K>P,0,0.32505953
train-pg_dms__mlp__seed43,MSH6,P43246:332:K>N,0,0.22395115
train-pg_dms__mlp__seed43,MSH6,P43246:332:K>L,0,0.10575682
train-pg_dms__mlp__seed43,MSH6,P43246:332:K>I,0,0.11274327
train-pg_dms__mlp__seed43,MSH6,P43246:332:K>H,0,0.07062934
train-pg_dms__mlp__seed43,MSH6,P43246:332:K>G,0,0.10623599
train-pg_dms__mlp__seed43,MSH6,P43246:332:K>E,0,0.14548749
train-pg_dms__mlp__seed43,MSH6,P43246:332:K>D,0,0.1938865
train-pg_dms__mlp__seed43,MSH6,P43246:332:K>A,0,0.10823674
train-pg_dms__mlp__seed43,MSH6,P43246:332:K>M,0,0.09137379
train-pg_dms__mlp__seed43,MSH6,P43246:337:Q>A,0,0.0557131
train-pg_dms__mlp__seed43,MSH6,P43246:337:Q>W,0,0.87026566
train-pg_dms__mlp__seed43,MSH6,P43246:337:Q>Y,0,0.8169478
train-pg_dms__mlp__seed43,MSH6,P43246:337:Q>V,0,0.08911742
train-pg_dms__mlp__seed43,MSH6,P43246:337:Q>D,1,0.84198946
train-pg_dms__mlp__seed43,MSH6,P43246:337:Q>C,0,0.36984035
train-pg_dms__mlp__seed43,MSH6,P43246:337:Q>T,0,0.093298264
train-pg_dms__mlp__seed43,MSH6,P43246:337:Q>S,0,0.065743566
train-pg_dms__mlp__seed43,MSH6,P43246:337:Q>P,0,0.059980296
train-pg_dms__mlp__seed43,MSH6,P43246:337:Q>M,0,0.070980825
train-pg_dms__mlp__seed43,MSH6,P43246:337:Q>L,0,0.07710134
train-pg_dms__mlp__seed43,MSH6,P43246:337:Q>I,0,0.16418836
train-pg_dms__mlp__seed43,MSH6,P43246:337:Q>H,0,0.34571874
train-pg_dms__mlp__seed43,MSH6,P43246:337:Q>G,0,0.06402578
train-pg_dms__mlp__seed43,MSH6,P43246:337:Q>F,0,0.7008707
train-pg_dms__mlp__seed43,MSH6,P43246:337:Q>E,0,0.14176328
train-pg_dms__mlp__seed43,MSH6,P43246:337:Q>K,1,0.5441242
train-pg_dms__mlp__seed43,MSH6,P43246:340:R>Y,0,0.5193992
train-pg_dms__mlp__seed43,MSH6,P43246:340:R>W,0,0.28184292
train-pg_dms__mlp__seed43,MSH6,P43246:340:R>V,1,0.62841195
train-pg_dms__mlp__seed43,MSH6,P43246:340:R>S,0,0.7096227
train-pg_dms__mlp__seed43,MSH6,P43246:340:R>P,1,0.7299823
train-pg_dms__mlp__seed43,MSH6,P43246:340:R>M,0,0.67254055
train-pg_dms__mlp__seed43,MSH6,P43246:340:R>F,0,0.6921795
train-pg_dms__mlp__seed43,MSH6,P43246:340:R>N,0,0.7031265
train-pg_dms__mlp__seed43,MSH6,P43246:340:R>K,0,0.1619676
train-pg_dms__mlp__seed43,MSH6,P43246:340:R>I,0,0.59418535
train-pg_dms__mlp__seed43,MSH6,P43246:340:R>H,0,0.18537502
train-pg_dms__mlp__seed43,MSH6,P43246:340:R>A,0,0.6917392
train-pg_dms__mlp__seed43,MSH6,P43246:340:R>D,0,0.71937376
train-pg_dms__mlp__seed43,MSH6,P43246:340:R>L,0,0.4793686
train-pg_dms__mlp__seed43,MSH6,P43246:340:R>C,0,0.34219998
train-pg_dms__mlp__seed43,MSH6,P43246:345:W>C,1,0.49652147
train-pg_dms__mlp__seed43,MSH6,P43246:345:W>S,1,0.571416
train-pg_dms__mlp__seed43,MSH6,P43246:345:W>R,1,0.7389396
train-pg_dms__mlp__seed43,MSH6,P43246:345:W>Q,1,0.73450685
train-pg_dms__mlp__seed43,MSH6,P43246:345:W>P,1,0.74747896
train-pg_dms__mlp__seed43,MSH6,P43246:345:W>N,1,0.7208812
train-pg_dms__mlp__seed43,MSH6,P43246:345:W>M,0,0.51990175
train-pg_dms__mlp__seed43,MSH6,P43246:345:W>L,0,0.3239452
train-pg_dms__mlp__seed43,MSH6,P43246:345:W>A,1,0.6261319
train-pg_dms__mlp__seed43,MSH6,P43246:345:W>Y,0,0.22355771
train-pg_dms__mlp__seed43,MSH6,P43246:345:W>K,1,0.744098
train-pg_dms__mlp__seed43,MSH6,P43246:345:W>I,0,0.6496514
train-pg_dms__mlp__seed43,MSH6,P43246:345:W>H,1,0.7089832
train-pg_dms__mlp__seed43,MSH6,P43246:345:W>G,1,0.43341854
train-pg_dms__mlp__seed43,MSH6,P43246:345:W>F,0,0.11547713
train-pg_dms__mlp__seed43,MSH6,P43246:345:W>E,1,0.7389396
train-pg_dms__mlp__seed43,MSH6,P43246:345:W>D,1,0.73981076
train-pg_dms__mlp__seed43,MSH6,P43246:345:W>T,1,0.69230694
train-pg_dms__mlp__seed43,MSH6,P43246:345:W>V,1,0.62948596
train-pg_dms__mlp__seed43,MSH6,P43246:357:E>L,0,0.099186815
train-pg_dms__mlp__seed43,MSH6,P43246:357:E>A,0,0.11029374
train-pg_dms__mlp__seed43,MSH6,P43246:357:E>M,0,0.10669935
train-pg_dms__mlp__seed43,MSH6,P43246:357:E>N,0,0.07330953
train-pg_dms__mlp__seed43,MSH6,P43246:357:E>P,1,0.48733485
train-pg_dms__mlp__seed43,MSH6,P43246:357:E>Q,0,0.066568665
train-pg_dms__mlp__seed43,MSH6,P43246:357:E>R,0,0.084380336
train-pg_dms__mlp__seed43,MSH6,P43246:357:E>T,0,0.07771845
train-pg_dms__mlp__seed43,MSH6,P43246:357:E>S,0,0.075663194
train-pg_dms__mlp__seed43,MSH6,P43246:357:E>W,0,0.42138833
train-pg_dms__mlp__seed43,MSH6,P43246:357:E>Y,0,0.20008707
train-pg_dms__mlp__seed43,MSH6,P43246:357:E>I,0,0.10450357
train-pg_dms__mlp__seed43,MSH6,P43246:357:E>H,0,0.11860645
train-pg_dms__mlp__seed43,MSH6,P43246:357:E>G,0,0.0700156
train-pg_dms__mlp__seed43,MSH6,P43246:357:E>F,0,0.31014886
train-pg_dms__mlp__seed43,MSH6,P43246:357:E>D,0,0.10700383
train-pg_dms__mlp__seed43,MSH6,P43246:357:E>C,0,0.21697728
train-pg_dms__mlp__seed43,MSH6,P43246:368:E>Q,0,0.06425605
train-pg_dms__mlp__seed43,MSH6,P43246:368:E>R,0,0.06746563
train-pg_dms__mlp__seed43,MSH6,P43246:368:E>S,0,0.06478101
train-pg_dms__mlp__seed43,MSH6,P43246:368:E>N,0,0.06618263
train-pg_dms__mlp__seed43,MSH6,P43246:368:E>A,0,0.064038865
train-pg_dms__mlp__seed43,MSH6,P43246:368:E>V,0,0.083279185
train-pg_dms__mlp__seed43,MSH6,P43246:368:E>T,0,0.06507117
train-pg_dms__mlp__seed43,MSH6,P43246:368:E>C,0,0.087859415
train-pg_dms__mlp__seed43,MSH6,P43246:368:E>H,0,0.071725555
train-pg_dms__mlp__seed43,MSH6,P43246:368:E>F,0,0.087859415
train-pg_dms__mlp__seed43,MSH6,P43246:368:E>G,0,0.06387944
train-pg_dms__mlp__seed43,MSH6,P43246:368:E>W,0,0.10521148
train-pg_dms__mlp__seed43,MSH6,P43246:368:E>I,0,0.07026664
train-pg_dms__mlp__seed43,MSH6,P43246:368:E>K,0,0.06526636
train-pg_dms__mlp__seed43,MSH6,P43246:368:E>L,0,0.07012227
train-pg_dms__mlp__seed43,MSH6,P43246:368:E>M,0,0.072941035
train-pg_dms__mlp__seed43,MSH6,P43246:368:E>D,0,0.063706845
train-pg_dms__mlp__seed43,MSH6,P43246:368:E>Y,0,0.080133036
train-pg_dms__mlp__seed43,MSH6,P43246:368:E>P,0,0.11736651
train-pg_dms__mlp__seed43,MSH6,P43246:375:T>H,0,0.07436877
train-pg_dms__mlp__seed43,MSH6,P43246:375:T>I,0,0.08782344
train-pg_dms__mlp__seed43,MSH6,P43246:375:T>K,0,0.081701435
train-pg_dms__mlp__seed43,MSH6,P43246:375:T>D,0,0.083039224
train-pg_dms__mlp__seed43,MSH6,P43246:375:T>M,0,0.067572884
train-pg_dms__mlp__seed43,MSH6,P43246:375:T>N,0,0.067248486
train-pg_dms__mlp__seed43,MSH6,P43246:375:T>P,0,0.10453288
train-pg_dms__mlp__seed43,MSH6,P43246:375:T>Q,0,0.07603706
train-pg_dms__mlp__seed43,MSH6,P43246:375:T>R,0,0.077484876
train-pg_dms__mlp__seed43,MSH6,P43246:375:T>E,0,0.082047224
train-pg_dms__mlp__seed43,MSH6,P43246:375:T>V,0,0.06881455
train-pg_dms__mlp__seed43,MSH6,P43246:375:T>S,0,0.08693384
train-pg_dms__mlp__seed43,MSH6,P43246:375:T>L,0,0.067818224
train-pg_dms__mlp__seed43,MSH6,P43246:375:T>F,0,0.0730741
train-pg_dms__mlp__seed43,MSH6,P43246:375:T>G,0,0.06967818
train-pg_dms__mlp__seed43,MSH6,P43246:375:T>C,0,0.07278258
train-pg_dms__mlp__seed43,MSH6,P43246:375:T>A,0,0.066961594
train-pg_dms__mlp__seed43,MSH6,P43246:375:T>W,0,0.09618011
train-pg_dms__mlp__seed43,MSH6,P43246:375:T>Y,0,0.073016375
train-pg_dms__mlp__seed43,MSH6,P43246:382:R>A,0,0.18491364
train-pg_dms__mlp__seed43,MSH6,P43246:382:R>Y,0,0.14087188
train-pg_dms__mlp__seed43,MSH6,P43246:382:R>W,1,0.08759152
train-pg_dms__mlp__seed43,MSH6,P43246:382:R>V,0,0.14521323
train-pg_dms__mlp__seed43,MSH6,P43246:382:R>T,0,0.18524367
train-pg_dms__mlp__seed43,MSH6,P43246:382:R>Q,0,0.0741649
train-pg_dms__mlp__seed43,MSH6,P43246:382:R>C,0,0.10445865
train-pg_dms__mlp__seed43,MSH6,P43246:382:R>M,0,0.17424554
train-pg_dms__mlp__seed43,MSH6,P43246:382:R>K,0,0.06918364
train-pg_dms__mlp__seed43,MSH6,P43246:382:R>I,0,0.14927651
train-pg_dms__mlp__seed43,MSH6,P43246:382:R>G,0,0.20768817
train-pg_dms__mlp__seed43,MSH6,P43246:382:R>E,0,0.24102658
train-pg_dms__mlp__seed43,MSH6,P43246:382:R>D,0,0.3385554
train-pg_dms__mlp__seed43,MSH6,P43246:382:R>N,0,0.29856315
train-pg_dms__mlp__seed43,MSH6,P43246:384:F>W,0,0.20897639
train-pg_dms__mlp__seed43,MSH6,P43246:384:F>Y,0,0.06905397
train-pg_dms__mlp__seed43,MSH6,P43246:384:F>V,0,0.06421057
train-pg_dms__mlp__seed43,MSH6,P43246:384:F>T,0,0.526541
train-pg_dms__mlp__seed43,MSH6,P43246:384:F>S,0,0.42931634
train-pg_dms__mlp__seed43,MSH6,P43246:384:F>R,0,0.91154337
train-pg_dms__mlp__seed43,MSH6,P43246:384:F>M,0,0.08089897
train-pg_dms__mlp__seed43,MSH6,P43246:384:F>K,1,0.91765404
train-pg_dms__mlp__seed43,MSH6,P43246:384:F>C,0,0.0725264
train-pg_dms__mlp__seed43,MSH6,P43246:384:F>I,0,0.06164478
train-pg_dms__mlp__seed43,MSH6,P43246:384:F>D,0,0.9203291
train-pg_dms__mlp__seed43,MSH6,P43246:384:F>E,0,0.9185578
train-pg_dms__mlp__seed43,MSH6,P43246:384:F>A,0,0.59910005
train-pg_dms__mlp__seed43,MSH6,P43246:389:R>A,0,0.30072328
train-pg_dms__mlp__seed43,MSH6,P43246:389:R>C,0,0.10766497
train-pg_dms__mlp__seed43,MSH6,P43246:389:R>Y,0,0.19257022
train-pg_dms__mlp__seed43,MSH6,P43246:389:R>W,1,0.11046609
train-pg_dms__mlp__seed43,MSH6,P43246:389:R>V,0,0.20721294
train-pg_dms__mlp__seed43,MSH6,P43246:389:R>T,0,0.28402722
train-pg_dms__mlp__seed43,MSH6,P43246:389:R>S,0,0.33503002
train-pg_dms__mlp__seed43,MSH6,P43246:389:R>P,0,0.36813343
train-pg_dms__mlp__seed43,MSH6,P43246:389:R>N,0,0.3512799
train-pg_dms__mlp__seed43,MSH6,P43246:389:R>Q,0,0.10628346
train-pg_dms__mlp__seed43,MSH6,P43246:389:R>K,0,0.056501776
train-pg_dms__mlp__seed43,MSH6,P43246:389:R>I,0,0.18930173
train-pg_dms__mlp__seed43,MSH6,P43246:389:R>G,0,0.20836176
train-pg_dms__mlp__seed43,MSH6,P43246:389:R>F,0,0.2784783
train-pg_dms__mlp__seed43,MSH6,P43246:389:R>E,1,0.34078377
train-pg_dms__mlp__seed43,MSH6,P43246:389:R>D,1,0.38259307
train-pg_dms__mlp__seed43,MSH6,P43246:389:R>M,0,0.23218694
train-pg_dms__mlp__seed43,MSH6,P43246:393:K>W,0,0.27561632
train-pg_dms__mlp__seed43,MSH6,P43246:393:K>R,0,0.053855613
train-pg_dms__mlp__seed43,MSH6,P43246:393:K>S,0,0.26931238
train-pg_dms__mlp__seed43,MSH6,P43246:393:K>T,0,0.24185494
train-pg_dms__mlp__seed43,MSH6,P43246:393:K>V,0,0.24222423
train-pg_dms__mlp__seed43,MSH6,P43246:393:K>Y,0,0.25773826
train-pg_dms__mlp__seed43,MSH6,P43246:393:K>A,0,0.2606345
train-pg_dms__mlp__seed43,MSH6,P43246:393:K>P,1,0.27637103
train-pg_dms__mlp__seed43,MSH6,P43246:393:K>N,0,0.26153362
train-pg_dms__mlp__seed43,MSH6,P43246:393:K>L,0,0.23149192
train-pg_dms__mlp__seed43,MSH6,P43246:393:K>I,0,0.25557116
train-pg_dms__mlp__seed43,MSH6,P43246:393:K>H,0,0.16745827
train-pg_dms__mlp__seed43,MSH6,P43246:393:K>G,0,0.26041046
train-pg_dms__mlp__seed43,MSH6,P43246:393:K>F,0,0.28057152
train-pg_dms__mlp__seed43,MSH6,P43246:393:K>D,0,0.2747394
train-pg_dms__mlp__seed43,MSH6,P43246:393:K>C,0,0.25154015
train-pg_dms__mlp__seed43,MSH6,P43246:393:K>M,0,0.24121076
train-pg_dms__mlp__seed43,MSH6,P43246:396:R>Y,0,0.1163367
train-pg_dms__mlp__seed43,MSH6,P43246:396:R>W,0,0.08050974
train-pg_dms__mlp__seed43,MSH6,P43246:396:R>T,0,0.27408892
train-pg_dms__mlp__seed43,MSH6,P43246:396:R>A,0,0.153908
train-pg_dms__mlp__seed43,MSH6,P43246:396:R>E,0,0.14975908
train-pg_dms__mlp__seed43,MSH6,P43246:396:R>V,0,0.12429366
train-pg_dms__mlp__seed43,MSH6,P43246:396:R>G,0,0.09203502
train-pg_dms__mlp__seed43,MSH6,P43246:396:R>H,0,0.05340227
train-pg_dms__mlp__seed43,MSH6,P43246:396:R>F,0,0.16672103
train-pg_dms__mlp__seed43,MSH6,P43246:396:R>L,0,0.0904507
train-pg_dms__mlp__seed43,MSH6,P43246:396:R>M,1,0.111852735
train-pg_dms__mlp__seed43,MSH6,P43246:396:R>P,0,0.21991001
train-pg_dms__mlp__seed43,MSH6,P43246:396:R>Q,0,0.05333079
train-pg_dms__mlp__seed43,MSH6,P43246:396:R>S,0,0.16128488
train-pg_dms__mlp__seed43,MSH6,P43246:396:R>K,0,0.04872989
train-pg_dms__mlp__seed43,MSH6,P43246:396:R>C,0,0.06286098
train-pg_dms__mlp__seed43,MSH6,P43246:403:D>M,0,0.5332321
train-pg_dms__mlp__seed43,MSH6,P43246:403:D>N,0,0.26470777
train-pg_dms__mlp__seed43,MSH6,P43246:403:D>H,0,0.5683085
train-pg_dms__mlp__seed43,MSH6,P43246:403:D>A,0,0.46717763
train-pg_dms__mlp__seed43,MSH6,P43246:403:D>C,0,0.50132185
train-pg_dms__mlp__seed43,MSH6,P43246:403:D>E,0,0.19963185
train-pg_dms__mlp__seed43,MSH6,P43246:403:D>F,0,0.5307494
train-pg_dms__mlp__seed43,MSH6,P43246:403:D>G,0,0.47064897
train-pg_dms__mlp__seed43,MSH6,P43246:403:D>I,0,0.51937217
train-pg_dms__mlp__seed43,MSH6,P43246:403:D>K,0,0.5339394
train-pg_dms__mlp__seed43,MSH6,P43246:403:D>L,0,0.51901597
train-pg_dms__mlp__seed43,MSH6,P43246:403:D>W,0,0.5414964
train-pg_dms__mlp__seed43,MSH6,P43246:403:D>V,0,0.46368906
train-pg_dms__mlp__seed43,MSH6,P43246:403:D>T,0,0.5016705
train-pg_dms__mlp__seed43,MSH6,P43246:403:D>S,0,0.41877627
train-pg_dms__mlp__seed43,MSH6,P43246:403:D>R,0,0.5360031
train-pg_dms__mlp__seed43,MSH6,P43246:403:D>Q,0,0.5079704
train-pg_dms__mlp__seed43,MSH6,P43246:403:D>P,0,0.5432101
train-pg_dms__mlp__seed43,MSH6,P43246:403:D>Y,0,0.41877627
train-pg_dms__mlp__seed43,MSH6,P43246:409:Q>P,0,0.32990655
train-pg_dms__mlp__seed43,MSH6,P43246:409:Q>Y,0,0.22823034
train-pg_dms__mlp__seed43,MSH6,P43246:409:Q>W,0,0.28352958
train-pg_dms__mlp__seed43,MSH6,P43246:409:Q>V,0,0.07810796
train-pg_dms__mlp__seed43,MSH6,P43246:409:Q>T,0,0.08857965
train-pg_dms__mlp__seed43,MSH6,P43246:409:Q>S,0,0.1030964
train-pg_dms__mlp__seed43,MSH6,P43246:409:Q>M,0,0.086069055
train-pg_dms__mlp__seed43,MSH6,P43246:409:Q>A,0,0.090590134
train-pg_dms__mlp__seed43,MSH6,P43246:409:Q>L,0,0.07047713
train-pg_dms__mlp__seed43,MSH6,P43246:409:Q>C,0,0.16886698
train-pg_dms__mlp__seed43,MSH6,P43246:409:Q>D,0,0.28971794
train-pg_dms__mlp__seed43,MSH6,P43246:409:Q>G,0,0.11611698
train-pg_dms__mlp__seed43,MSH6,P43246:409:Q>F,0,0.26777667
train-pg_dms__mlp__seed43,MSH6,P43246:409:Q>H,0,0.14401254
train-pg_dms__mlp__seed43,MSH6,P43246:409:Q>I,0,0.09884653
train-pg_dms__mlp__seed43,MSH6,P43246:409:Q>E,0,0.10718585
train-pg_dms__mlp__seed43,MSH6,P43246:419:Q>V,0,0.06367733
train-pg_dms__mlp__seed43,MSH6,P43246:419:Q>F,0,0.071659386
train-pg_dms__mlp__seed43,MSH6,P43246:419:Q>A,0,0.061718468
train-pg_dms__mlp__seed43,MSH6,P43246:419:Q>G,0,0.06282411
train-pg_dms__mlp__seed43,MSH6,P43246:419:Q>Y,0,0.06789037
train-pg_dms__mlp__seed43,MSH6,P43246:419:Q>H,1,0.062231816
train-pg_dms__mlp__seed43,MSH6,P43246:419:Q>I,0,0.06633845
train-pg_dms__mlp__seed43,MSH6,P43246:419:Q>L,0,0.060830664
train-pg_dms__mlp__seed43,MSH6,P43246:419:Q>N,0,0.06407306
train-pg_dms__mlp__seed43,MSH6,P43246:419:Q>M,0,0.066495314
train-pg_dms__mlp__seed43,MSH6,P43246:419:Q>S,0,0.062585354
train-pg_dms__mlp__seed43,MSH6,P43246:419:Q>T,0,0.06197614
train-pg_dms__mlp__seed43,MSH6,P43246:419:Q>C,0,0.06999043
train-pg_dms__mlp__seed43,MSH6,P43246:419:Q>D,0,0.06464031
train-pg_dms__mlp__seed43,MSH6,P43246:419:Q>P,0,0.071737476
train-pg_dms__mlp__seed43,MSH6,P43246:422:E>D,1,0.06369282
train-pg_dms__mlp__seed43,MSH6,P43246:422:E>Y,0,0.08122526
train-pg_dms__mlp__seed43,MSH6,P43246:422:E>W,0,0.11100936
train-pg_dms__mlp__seed43,MSH6,P43246:422:E>V,0,0.06479622
train-pg_dms__mlp__seed43,MSH6,P43246:422:E>T,0,0.06353999
train-pg_dms__mlp__seed43,MSH6,P43246:422:E>S,0,0.062767535
train-pg_dms__mlp__seed43,MSH6,P43246:422:E>R,0,0.063909926
train-pg_dms__mlp__seed43,MSH6,P43246:422:E>Q,0,0.060273174
train-pg_dms__mlp__seed43,MSH6,P43246:422:E>P,0,0.16071822
train-pg_dms__mlp__seed43,MSH6,P43246:422:E>M,0,0.07294619
train-pg_dms__mlp__seed43,MSH6,P43246:422:E>L,0,0.0690302
train-pg_dms__mlp__seed43,MSH6,P43246:422:E>I,0,0.07075591
train-pg_dms__mlp__seed43,MSH6,P43246:422:E>F,0,0.097588636
train-pg_dms__mlp__seed43,MSH6,P43246:422:E>A,0,0.061594643
train-pg_dms__mlp__seed43,MSH6,P43246:422:E>G,0,0.0604579
train-pg_dms__mlp__seed43,MSH6,P43246:422:E>H,0,0.07105305
train-pg_dms__mlp__seed43,MSH6,P43246:423:K>G,0,0.06808951
train-pg_dms__mlp__seed43,MSH6,P43246:423:K>D,0,0.07466027
train-pg_dms__mlp__seed43,MSH6,P43246:423:K>A,0,0.06853901
train-pg_dms__mlp__seed43,MSH6,P43246:423:K>I,0,0.070748225
train-pg_dms__mlp__seed43,MSH6,P43246:423:K>Y,0,0.07754584
train-pg_dms__mlp__seed43,MSH6,P43246:423:K>M,0,0.06686912
train-pg_dms__mlp__seed43,MSH6,P43246:423:K>P,0,0.09813097
train-pg_dms__mlp__seed43,MSH6,P43246:423:K>Q,0,0.064417504
train-pg_dms__mlp__seed43,MSH6,P43246:423:K>R,0,0.07559502
train-pg_dms__mlp__seed43,MSH6,P43246:423:K>S,0,0.06955912
train-pg_dms__mlp__seed43,MSH6,P43246:423:K>T,0,0.06532025
train-pg_dms__mlp__seed43,MSH6,P43246:423:K>V,0,0.069960885
train-pg_dms__mlp__seed43,MSH6,P43246:423:K>W,0,0.08431709
train-pg_dms__mlp__seed43,MSH6,P43246:423:K>L,0,0.06925826
train-pg_dms__mlp__seed43,MSH6,P43246:423:K>E,0,0.07669726
train-pg_dms__mlp__seed43,MSH6,P43246:423:K>F,0,0.08450814
train-pg_dms__mlp__seed43,MSH6,P43246:428:H>G,0,0.07294899
train-pg_dms__mlp__seed43,MSH6,P43246:428:H>I,1,0.08109659
train-pg_dms__mlp__seed43,MSH6,P43246:428:H>L,0,0.055537652
train-pg_dms__mlp__seed43,MSH6,P43246:428:H>M,0,0.11605891
train-pg_dms__mlp__seed43,MSH6,P43246:428:H>N,0,0.051915575
train-pg_dms__mlp__seed43,MSH6,P43246:428:H>P,0,0.06822653
train-pg_dms__mlp__seed43,MSH6,P43246:428:H>Q,0,0.10634467
train-pg_dms__mlp__seed43,MSH6,P43246:428:H>R,0,0.09510003
train-pg_dms__mlp__seed43,MSH6,P43246:428:H>S,0,0.06344509
train-pg_dms__mlp__seed43,MSH6,P43246:428:H>T,0,0.07664536
train-pg_dms__mlp__seed43,MSH6,P43246:428:H>V,0,0.07528387
train-pg_dms__mlp__seed43,MSH6,P43246:428:H>F,0,0.058079418
train-pg_dms__mlp__seed43,MSH6,P43246:428:H>D,0,0.10771024
train-pg_dms__mlp__seed43,MSH6,P43246:428:H>W,1,0.063604616
train-pg_dms__mlp__seed43,MSH6,P43246:428:H>C,0,0.054604493
train-pg_dms__mlp__seed43,MSH6,P43246:428:H>A,0,0.07993458
train-pg_dms__mlp__seed43,MSH6,P43246:429:Q>V,0,0.061141457
train-pg_dms__mlp__seed43,MSH6,P43246:429:Q>A,0,0.0548
train-pg_dms__mlp__seed43,MSH6,P43246:429:Q>C,0,0.06925628
train-pg_dms__mlp__seed43,MSH6,P43246:429:Q>D,0,0.05986551
train-pg_dms__mlp__seed43,MSH6,P43246:429:Q>E,0,0.051664673
train-pg_dms__mlp__seed43,MSH6,P43246:429:Q>W,0,0.06611352
train-pg_dms__mlp__seed43,MSH6,P43246:429:Q>F,0,0.08945806
train-pg_dms__mlp__seed43,MSH6,P43246:429:Q>G,0,0.053803977
train-pg_dms__mlp__seed43,MSH6,P43246:429:Q>I,0,0.0696376
train-pg_dms__mlp__seed43,MSH6,P43246:429:Q>K,1,0.07046351
train-pg_dms__mlp__seed43,MSH6,P43246:429:Q>L,0,0.0545254
train-pg_dms__mlp__seed43,MSH6,P43246:429:Q>M,0,0.06733823
train-pg_dms__mlp__seed43,MSH6,P43246:429:Q>N,0,0.058554098
train-pg_dms__mlp__seed43,MSH6,P43246:429:Q>P,0,0.058795713
train-pg_dms__mlp__seed43,MSH6,P43246:429:Q>R,0,0.05171058
train-pg_dms__mlp__seed43,MSH6,P43246:429:Q>S,0,0.054693922
train-pg_dms__mlp__seed43,MSH6,P43246:429:Q>T,0,0.055516288
train-pg_dms__mlp__seed43,MSH6,P43246:429:Q>Y,0,0.06485897
train-pg_dms__mlp__seed43,MSH6,P43246:434:A>L,0,0.06808168
train-pg_dms__mlp__seed43,MSH6,P43246:434:A>R,0,0.07742297
train-pg_dms__mlp__seed43,MSH6,P43246:434:A>S,0,0.060336836
train-pg_dms__mlp__seed43,MSH6,P43246:434:A>T,0,0.080414444
train-pg_dms__mlp__seed43,MSH6,P43246:434:A>V,0,0.06472885
train-pg_dms__mlp__seed43,MSH6,P43246:434:A>P,0,0.09277885
train-pg_dms__mlp__seed43,MSH6,P43246:434:A>N,0,0.06731491
train-pg_dms__mlp__seed43,MSH6,P43246:434:A>M,0,0.068371244
train-pg_dms__mlp__seed43,MSH6,P43246:434:A>K,0,0.08042931
train-pg_dms__mlp__seed43,MSH6,P43246:434:A>W,1,0.12254395
train-pg_dms__mlp__seed43,MSH6,P43246:434:A>G,0,0.06307812
train-pg_dms__mlp__seed43,MSH6,P43246:434:A>F,0,0.079848155
train-pg_dms__mlp__seed43,MSH6,P43246:434:A>E,0,0.06644926
train-pg_dms__mlp__seed43,MSH6,P43246:434:A>D,0,0.06710785
train-pg_dms__mlp__seed43,MSH6,P43246:434:A>C,0,0.076597616
train-pg_dms__mlp__seed43,MSH6,P43246:434:A>I,0,0.07473869
train-pg_dms__mlp__seed43,MSH6,P43246:439:P>F,0,0.30601552
train-pg_dms__mlp__seed43,MSH6,P43246:439:P>R,0,0.089105755
train-pg_dms__mlp__seed43,MSH6,P43246:439:P>Q,0,0.08382292
train-pg_dms__mlp__seed43,MSH6,P43246:439:P>N,0,0.12309223
train-pg_dms__mlp__seed43,MSH6,P43246:439:P>L,0,0.08707662
train-pg_dms__mlp__seed43,MSH6,P43246:439:P>K,0,0.11506199
train-pg_dms__mlp__seed43,MSH6,P43246:439:P>I,0,0.12884364
train-pg_dms__mlp__seed43,MSH6,P43246:439:P>D,0,0.16051275
train-pg_dms__mlp__seed43,MSH6,P43246:439:P>M,0,0.13914503
train-pg_dms__mlp__seed43,MSH6,P43246:439:P>C,0,0.15027657
train-pg_dms__mlp__seed43,MSH6,P43246:439:P>S,0,0.1011934
train-pg_dms__mlp__seed43,MSH6,P43246:439:P>H,0,0.0950894
train-pg_dms__mlp__seed43,MSH6,P43246:439:P>T,0,0.07413607
train-pg_dms__mlp__seed43,MSH6,P43246:439:P>V,0,0.09569653
train-pg_dms__mlp__seed43,MSH6,P43246:439:P>W,1,0.35875183
train-pg_dms__mlp__seed43,MSH6,P43246:439:P>A,0,0.09575535
train-pg_dms__mlp__seed43,MSH6,P43246:439:P>G,0,0.1088318
train-pg_dms__mlp__seed43,MSH6,P43246:440:L>K,1,0.91476846
train-pg_dms__mlp__seed43,MSH6,P43246:440:L>I,0,0.063872084
train-pg_dms__mlp__seed43,MSH6,P43246:440:L>H,1,0.86211425
train-pg_dms__mlp__seed43,MSH6,P43246:440:L>G,0,0.8852728
train-pg_dms__mlp__seed43,MSH6,P43246:440:L>E,1,0.9111431
train-pg_dms__mlp__seed43,MSH6,P43246:440:L>S,0,0.8183724
train-pg_dms__mlp__seed43,MSH6,P43246:440:L>N,1,0.90660936
train-pg_dms__mlp__seed43,MSH6,P43246:440:L>Q,0,0.8234485
train-pg_dms__mlp__seed43,MSH6,P43246:440:L>C,0,0.24428432
train-pg_dms__mlp__seed43,MSH6,P43246:440:L>T,0,0.46369192
train-pg_dms__mlp__seed43,MSH6,P43246:440:L>V,0,0.10537736
train-pg_dms__mlp__seed43,MSH6,P43246:440:L>W,0,0.3052727
train-pg_dms__mlp__seed43,MSH6,P43246:440:L>Y,0,0.5151187
train-pg_dms__mlp__seed43,MSH6,P43246:440:L>M,0,0.06595614
train-pg_dms__mlp__seed43,MSH6,P43246:440:L>A,0,0.28135788
train-pg_dms__mlp__seed43,MSH6,P43246:440:L>D,1,0.9268117
train-pg_dms__mlp__seed43,MSH6,P43246:442:D>P,0,0.236056
train-pg_dms__mlp__seed43,MSH6,P43246:442:D>A,0,0.07737766
train-pg_dms__mlp__seed43,MSH6,P43246:442:D>C,0,0.107696235
train-pg_dms__mlp__seed43,MSH6,P43246:442:D>E,0,0.074238725
train-pg_dms__mlp__seed43,MSH6,P43246:442:D>H,0,0.08524688
train-pg_dms__mlp__seed43,MSH6,P43246:442:D>I,0,0.085396364
train-pg_dms__mlp__seed43,MSH6,P43246:442:D>K,0,0.09467546
train-pg_dms__mlp__seed43,MSH6,P43246:442:D>L,0,0.08800646
train-pg_dms__mlp__seed43,MSH6,P43246:442:D>N,0,0.07462198
train-pg_dms__mlp__seed43,MSH6,P43246:442:D>R,0,0.095693775
train-pg_dms__mlp__seed43,MSH6,P43246:442:D>Q,0,0.08512243
train-pg_dms__mlp__seed43,MSH6,P43246:442:D>W,0,0.2057809
train-pg_dms__mlp__seed43,MSH6,P43246:442:D>Y,0,0.080903
train-pg_dms__mlp__seed43,MSH6,P43246:442:D>V,0,0.07816338
train-pg_dms__mlp__seed43,MSH6,P43246:442:D>T,0,0.07982429
train-pg_dms__mlp__seed43,MSH6,P43246:442:D>S,0,0.0755973
train-pg_dms__mlp__seed43,MSH6,P43246:443:L>R,0,0.20484613
train-pg_dms__mlp__seed43,MSH6,P43246:443:L>Y,0,0.13183676
train-pg_dms__mlp__seed43,MSH6,P43246:443:L>K,0,0.30943942
train-pg_dms__mlp__seed43,MSH6,P43246:443:L>S,0,0.11416487
train-pg_dms__mlp__seed43,MSH6,P43246:443:L>Q,1,0.10749109
train-pg_dms__mlp__seed43,MSH6,P43246:443:L>P,1,0.75348455
train-pg_dms__mlp__seed43,MSH6,P43246:443:L>H,0,0.118138544
train-pg_dms__mlp__seed43,MSH6,P43246:443:L>E,0,0.3168753
train-pg_dms__mlp__seed43,MSH6,P43246:443:L>C,0,0.11083987
train-pg_dms__mlp__seed43,MSH6,P43246:443:L>T,0,0.09476177
train-pg_dms__mlp__seed43,MSH6,P43246:444:R>T,0,0.06692832
train-pg_dms__mlp__seed43,MSH6,P43246:444:R>S,0,0.06966919
train-pg_dms__mlp__seed43,MSH6,P43246:444:R>A,0,0.06955986
train-pg_dms__mlp__seed43,MSH6,P43246:444:R>M,0,0.068642676
train-pg_dms__mlp__seed43,MSH6,P43246:444:R>V,1,0.0691476
train-pg_dms__mlp__seed43,MSH6,P43246:444:R>N,0,0.07461586
train-pg_dms__mlp__seed43,MSH6,P43246:444:R>W,0,0.06838991
train-pg_dms__mlp__seed43,MSH6,P43246:444:R>L,0,0.08062459
train-pg_dms__mlp__seed43,MSH6,P43246:444:R>I,0,0.06695937
train-pg_dms__mlp__seed43,MSH6,P43246:444:R>Y,0,0.06962051
train-pg_dms__mlp__seed43,MSH6,P43246:444:R>D,0,0.08228025
train-pg_dms__mlp__seed43,MSH6,P43246:444:R>E,0,0.07145076
train-pg_dms__mlp__seed43,MSH6,P43246:444:R>F,0,0.076541536
train-pg_dms__mlp__seed43,MSH6,P43246:444:R>G,0,0.08691369
train-pg_dms__mlp__seed43,MSH6,P43246:444:R>K,0,0.065821886
train-pg_dms__mlp__seed43,MSH6,P43246:444:R>C,0,0.08192829
train-pg_dms__mlp__seed43,MSH6,P43246:444:R>H,0,0.08035142
train-pg_dms__mlp__seed43,MSH6,P43246:445:S>Y,0,0.06326663
train-pg_dms__mlp__seed43,MSH6,P43246:445:S>K,0,0.0721802
train-pg_dms__mlp__seed43,MSH6,P43246:445:S>L,0,0.06033249
train-pg_dms__mlp__seed43,MSH6,P43246:445:S>M,1,0.062167875
train-pg_dms__mlp__seed43,MSH6,P43246:445:S>N,0,0.06079956
train-pg_dms__mlp__seed43,MSH6,P43246:445:S>P,0,0.07285375
train-pg_dms__mlp__seed43,MSH6,P43246:445:S>Q,0,0.06919553
train-pg_dms__mlp__seed43,MSH6,P43246:445:S>T,0,0.05999254
train-pg_dms__mlp__seed43,MSH6,P43246:445:S>I,0,0.06189814
train-pg_dms__mlp__seed43,MSH6,P43246:445:S>V,0,0.061776906
train-pg_dms__mlp__seed43,MSH6,P43246:445:S>W,0,0.067886606
train-pg_dms__mlp__seed43,MSH6,P43246:445:S>E,0,0.06813072
train-pg_dms__mlp__seed43,MSH6,P43246:445:S>H,0,0.06607336
train-pg_dms__mlp__seed43,MSH6,P43246:445:S>R,0,0.07112807
train-pg_dms__mlp__seed43,MSH6,P43246:445:S>G,0,0.05989764
train-pg_dms__mlp__seed43,MSH6,P43246:454:I>D,1,0.9137443
train-pg_dms__mlp__seed43,MSH6,P43246:454:I>E,1,0.90665877
train-pg_dms__mlp__seed43,MSH6,P43246:454:I>A,0,0.14446118
train-pg_dms__mlp__seed43,MSH6,P43246:454:I>G,1,0.89683664
train-pg_dms__mlp__seed43,MSH6,P43246:454:I>V,0,0.06470615
train-pg_dms__mlp__seed43,MSH6,P43246:454:I>K,1,0.90677667
train-pg_dms__mlp__seed43,MSH6,P43246:454:I>P,1,0.9108288
train-pg_dms__mlp__seed43,MSH6,P43246:454:I>S,0,0.6295294
train-pg_dms__mlp__seed43,MSH6,P43246:454:I>T,0,0.15099484
train-pg_dms__mlp__seed43,MSH6,P43246:454:I>W,1,0.9112878
train-pg_dms__mlp__seed43,MSH6,P43246:454:I>C,0,0.8073125
train-pg_dms__mlp__seed43,MSH6,P43246:454:I>F,1,0.6220734
train-pg_dms__mlp__seed43,MSH6,P43246:459:D>E,0,0.60422385
train-pg_dms__mlp__seed43,MSH6,P43246:459:D>W,0,0.7238309
train-pg_dms__mlp__seed43,MSH6,P43246:459:D>V,1,0.50620955
train-pg_dms__mlp__seed43,MSH6,P43246:459:D>T,1,0.70569086
train-pg_dms__mlp__seed43,MSH6,P43246:459:D>S,0,0.43025476
train-pg_dms__mlp__seed43,MSH6,P43246:459:D>R,1,0.69805723
train-pg_dms__mlp__seed43,MSH6,P43246:459:D>Q,1,0.6882243
train-pg_dms__mlp__seed43,MSH6,P43246:459:D>A,0,0.5121399
train-pg_dms__mlp__seed43,MSH6,P43246:459:D>M,0,0.71567047
train-pg_dms__mlp__seed43,MSH6,P43246:459:D>L,0,0.63518703
train-pg_dms__mlp__seed43,MSH6,P43246:459:D>K,0,0.7147167
train-pg_dms__mlp__seed43,MSH6,P43246:459:D>I,1,0.6736415
train-pg_dms__mlp__seed43,MSH6,P43246:459:D>F,0,0.70634425
train-pg_dms__mlp__seed43,MSH6,P43246:459:D>P,1,0.7207149
train-pg_dms__mlp__seed43,MSH6,P43246:460:M>A,0,0.12679128
train-pg_dms__mlp__seed43,MSH6,P43246:460:M>C,1,0.19588087
train-pg_dms__mlp__seed43,MSH6,P43246:460:M>D,0,0.33552957
train-pg_dms__mlp__seed43,MSH6,P43246:460:M>E,0,0.18208662
train-pg_dms__mlp__seed43,MSH6,P43246:460:M>F,0,0.04722818
train-pg_dms__mlp__seed43,MSH6,P43246:460:M>G,0,0.22660203
train-pg_dms__mlp__seed43,MSH6,P43246:460:M>H,0,0.16458698
train-pg_dms__mlp__seed43,MSH6,P43246:460:M>L,0,0.042025723
train-pg_dms__mlp__seed43,MSH6,P43246:460:M>K,0,0.060217895
train-pg_dms__mlp__seed43,MSH6,P43246:460:M>N,0,0.18501912
train-pg_dms__mlp__seed43,MSH6,P43246:460:M>P,0,0.27824476
train-pg_dms__mlp__seed43,MSH6,P43246:460:M>R,0,0.06613166
train-pg_dms__mlp__seed43,MSH6,P43246:460:M>Y,0,0.12123414
train-pg_dms__mlp__seed43,MSH6,P43246:460:M>T,0,0.11593154
train-pg_dms__mlp__seed43,MSH6,P43246:460:M>V,0,0.06022097
train-pg_dms__mlp__seed43,MSH6,P43246:460:M>S,0,0.18222721
train-pg_dms__mlp__seed43,MSH6,P43246:460:M>W,1,0.10510928
train-pg_dms__mlp__seed43,MSH6,P43246:473:S>D,0,0.06304809
train-pg_dms__mlp__seed43,MSH6,P43246:473:S>Y,0,0.07016475
train-pg_dms__mlp__seed43,MSH6,P43246:473:S>W,0,0.12808406
train-pg_dms__mlp__seed43,MSH6,P43246:473:S>V,0,0.056517668
train-pg_dms__mlp__seed43,MSH6,P43246:473:S>T,0,0.04953817
train-pg_dms__mlp__seed43,MSH6,P43246:473:S>A,0,0.04994982
train-pg_dms__mlp__seed43,MSH6,P43246:473:S>C,0,0.053138163
train-pg_dms__mlp__seed43,MSH6,P43246:473:S>E,0,0.07311363
train-pg_dms__mlp__seed43,MSH6,P43246:473:S>G,0,0.050609156
train-pg_dms__mlp__seed43,MSH6,P43246:473:S>R,0,0.20079999
train-pg_dms__mlp__seed43,MSH6,P43246:473:S>Q,0,0.08438495
train-pg_dms__mlp__seed43,MSH6,P43246:473:S>P,0,0.14845045
train-pg_dms__mlp__seed43,MSH6,P43246:473:S>N,0,0.05386097
train-pg_dms__mlp__seed43,MSH6,P43246:473:S>M,0,0.05770404
train-pg_dms__mlp__seed43,MSH6,P43246:473:S>L,0,0.07351665
train-pg_dms__mlp__seed43,MSH6,P43246:473:S>K,0,0.22176099
train-pg_dms__mlp__seed43,MSH6,P43246:473:S>I,0,0.06037469
train-pg_dms__mlp__seed43,MSH6,P43246:473:S>H,0,0.07704023
train-pg_dms__mlp__seed43,MSH6,P43246:473:S>F,0,0.07649643
train-pg_dms__mlp__seed43,MSH6,P43246:477:N>S,0,0.053978283
train-pg_dms__mlp__seed43,MSH6,P43246:477:N>K,0,0.060382538
train-pg_dms__mlp__seed43,MSH6,P43246:477:N>L,0,0.058251537
train-pg_dms__mlp__seed43,MSH6,P43246:477:N>V,0,0.0555854
train-pg_dms__mlp__seed43,MSH6,P43246:477:N>W,0,0.1411042
train-pg_dms__mlp__seed43,MSH6,P43246:477:N>T,0,0.054458484
train-pg_dms__mlp__seed43,MSH6,P43246:477:N>R,0,0.060283665
train-pg_dms__mlp__seed43,MSH6,P43246:477:N>Q,0,0.059677947
train-pg_dms__mlp__seed43,MSH6,P43246:477:N>P,0,0.10243894
train-pg_dms__mlp__seed43,MSH6,P43246:477:N>M,1,0.06246341
train-pg_dms__mlp__seed43,MSH6,P43246:477:N>Y,0,0.079877496
train-pg_dms__mlp__seed43,MSH6,P43246:477:N>C,0,0.058683034
train-pg_dms__mlp__seed43,MSH6,P43246:477:N>D,1,0.057489805
train-pg_dms__mlp__seed43,MSH6,P43246:477:N>E,0,0.064424895
train-pg_dms__mlp__seed43,MSH6,P43246:477:N>I,0,0.056842502
train-pg_dms__mlp__seed43,MSH6,P43246:477:N>F,0,0.07250976
train-pg_dms__mlp__seed43,MSH6,P43246:477:N>G,0,0.057371467
train-pg_dms__mlp__seed43,MSH6,P43246:477:N>H,0,0.0727202
train-pg_dms__mlp__seed43,MSH6,P43246:477:N>A,0,0.055520974
train-pg_dms__mlp__seed43,MSH6,P43246:479:S>P,0,0.42116618
train-pg_dms__mlp__seed43,MSH6,P43246:479:S>A,0,0.04835708
train-pg_dms__mlp__seed43,MSH6,P43246:479:S>C,0,0.049068004
train-pg_dms__mlp__seed43,MSH6,P43246:479:S>D,0,0.06750377
train-pg_dms__mlp__seed43,MSH6,P43246:479:S>F,0,0.055184904
train-pg_dms__mlp__seed43,MSH6,P43246:479:S>G,0,0.0487962
train-pg_dms__mlp__seed43,MSH6,P43246:479:S>H,0,0.060056753
train-pg_dms__mlp__seed43,MSH6,P43246:479:S>I,0,0.05207479
train-pg_dms__mlp__seed43,MSH6,P43246:479:S>K,0,0.07053001
train-pg_dms__mlp__seed43,MSH6,P43246:479:S>L,0,0.048859652
train-pg_dms__mlp__seed43,MSH6,P43246:479:S>M,0,0.05022975
train-pg_dms__mlp__seed43,MSH6,P43246:479:S>Y,0,0.05365449
train-pg_dms__mlp__seed43,MSH6,P43246:479:S>W,0,0.067476474
train-pg_dms__mlp__seed43,MSH6,P43246:479:S>V,0,0.05130629
train-pg_dms__mlp__seed43,MSH6,P43246:479:S>T,0,0.04832189
train-pg_dms__mlp__seed43,MSH6,P43246:479:S>Q,0,0.060518794
train-pg_dms__mlp__seed43,MSH6,P43246:481:L>A,0,0.14733978
train-pg_dms__mlp__seed43,MSH6,P43246:481:L>Y,1,0.10562663
train-pg_dms__mlp__seed43,MSH6,P43246:481:L>C,0,0.13924779
train-pg_dms__mlp__seed43,MSH6,P43246:481:L>V,0,0.063381225
train-pg_dms__mlp__seed43,MSH6,P43246:481:L>P,0,0.88442236
train-pg_dms__mlp__seed43,MSH6,P43246:481:L>S,0,0.30859786
train-pg_dms__mlp__seed43,MSH6,P43246:481:L>N,0,0.24975711
train-pg_dms__mlp__seed43,MSH6,P43246:481:L>W,0,0.11631353
train-pg_dms__mlp__seed43,MSH6,P43246:481:L>R,0,0.09107079
train-pg_dms__mlp__seed43,MSH6,P43246:481:L>M,0,0.057410613
train-pg_dms__mlp__seed43,MSH6,P43246:481:L>Q,0,0.07785867
train-pg_dms__mlp__seed43,MSH6,P43246:481:L>K,0,0.093566924
train-pg_dms__mlp__seed43,MSH6,P43246:481:L>D,1,0.83704877
train-pg_dms__mlp__seed43,MSH6,P43246:481:L>F,0,0.07924187
train-pg_dms__mlp__seed43,MSH6,P43246:481:L>G,0,0.5830994
train-pg_dms__mlp__seed43,MSH6,P43246:481:L>I,0,0.058522888
train-pg_dms__mlp__seed43,MSH6,P43246:481:L>H,0,0.109151945
train-pg_dms__mlp__seed43,MSH6,P43246:481:L>T,0,0.14138062
train-pg_dms__mlp__seed43,MSH6,P43246:493:Q>D,0,0.06045348
train-pg_dms__mlp__seed43,MSH6,P43246:493:Q>E,0,0.05350808
train-pg_dms__mlp__seed43,MSH6,P43246:493:Q>T,0,0.056215975
train-pg_dms__mlp__seed43,MSH6,P43246:493:Q>Y,0,0.06957214
train-pg_dms__mlp__seed43,MSH6,P43246:493:Q>W,0,0.09042859
train-pg_dms__mlp__seed43,MSH6,P43246:493:Q>V,0,0.06191084
train-pg_dms__mlp__seed43,MSH6,P43246:493:Q>S,0,0.056674056
train-pg_dms__mlp__seed43,MSH6,P43246:493:Q>R,0,0.054463435
train-pg_dms__mlp__seed43,MSH6,P43246:493:Q>C,0,0.0808965
train-pg_dms__mlp__seed43,MSH6,P43246:493:Q>P,0,0.0805881
train-pg_dms__mlp__seed43,MSH6,P43246:493:Q>M,0,0.06809615
train-pg_dms__mlp__seed43,MSH6,P43246:493:Q>L,0,0.07807981
train-pg_dms__mlp__seed43,MSH6,P43246:493:Q>K,0,0.053857982
train-pg_dms__mlp__seed43,MSH6,P43246:493:Q>I,0,0.06930726
train-pg_dms__mlp__seed43,MSH6,P43246:493:Q>G,0,0.05755336
train-pg_dms__mlp__seed43,MSH6,P43246:493:Q>F,0,0.0884465
train-pg_dms__mlp__seed43,MSH6,P43246:493:Q>N,0,0.055832338
train-pg_dms__mlp__seed43,MSH6,P43246:493:Q>A,0,0.057177313
train-pg_dms__mlp__seed43,MSH6,P43246:495:T>G,0,0.051389422
train-pg_dms__mlp__seed43,MSH6,P43246:495:T>F,0,0.052681766
train-pg_dms__mlp__seed43,MSH6,P43246:495:T>E,0,0.056053523
train-pg_dms__mlp__seed43,MSH6,P43246:495:T>D,0,0.07275955
train-pg_dms__mlp__seed43,MSH6,P43246:495:T>C,0,0.05040536
train-pg_dms__mlp__seed43,MSH6,P43246:495:T>V,0,0.04846315
train-pg_dms__mlp__seed43,MSH6,P43246:495:T>Y,0,0.052905694
train-pg_dms__mlp__seed43,MSH6,P43246:495:T>H,0,0.052005254
train-pg_dms__mlp__seed43,MSH6,P43246:495:T>I,0,0.07951421
train-pg_dms__mlp__seed43,MSH6,P43246:495:T>K,0,0.059772007
train-pg_dms__mlp__seed43,MSH6,P43246:495:T>A,0,0.076020144
train-pg_dms__mlp__seed43,MSH6,P43246:495:T>M,0,0.048684187
train-pg_dms__mlp__seed43,MSH6,P43246:495:T>N,0,0.049313243
train-pg_dms__mlp__seed43,MSH6,P43246:495:T>P,1,0.41590288
train-pg_dms__mlp__seed43,MSH6,P43246:495:T>Q,0,0.05259129
train-pg_dms__mlp__seed43,MSH6,P43246:495:T>R,0,0.05709543
train-pg_dms__mlp__seed43,MSH6,P43246:495:T>S,0,0.04853975
train-pg_dms__mlp__seed43,MSH6,P43246:495:T>W,0,0.10358325
train-pg_dms__mlp__seed43,MSH6,P43246:495:T>L,0,0.0483028
train-pg_dms__mlp__seed43,MSH6,P43246:502:D>S,0,0.051147714
train-pg_dms__mlp__seed43,MSH6,P43246:502:D>C,0,0.0714962
train-pg_dms__mlp__seed43,MSH6,P43246:502:D>A,0,0.05211707
train-pg_dms__mlp__seed43,MSH6,P43246:502:D>E,0,0.050440177
train-pg_dms__mlp__seed43,MSH6,P43246:502:D>G,0,0.058635347
train-pg_dms__mlp__seed43,MSH6,P43246:502:D>T,0,0.05210987
train-pg_dms__mlp__seed43,MSH6,P43246:502:D>W,0,0.15798184
train-pg_dms__mlp__seed43,MSH6,P43246:502:D>Y,0,0.0555945
train-pg_dms__mlp__seed43,MSH6,P43246:502:D>H,0,0.056675274
train-pg_dms__mlp__seed43,MSH6,P43246:502:D>I,0,0.054923404
train-pg_dms__mlp__seed43,MSH6,P43246:502:D>Q,0,0.05374658
train-pg_dms__mlp__seed43,MSH6,P43246:502:D>P,0,0.22865686
train-pg_dms__mlp__seed43,MSH6,P43246:502:D>N,0,0.051095966
train-pg_dms__mlp__seed43,MSH6,P43246:502:D>M,0,0.06216795
train-pg_dms__mlp__seed43,MSH6,P43246:502:D>L,0,0.057018187
train-pg_dms__mlp__seed43,MSH6,P43246:502:D>K,0,0.057898264
train-pg_dms__mlp__seed43,MSH6,P43246:502:D>R,0,0.06351145
train-pg_dms__mlp__seed43,MSH6,P43246:506:D>Y,0,0.1087028
train-pg_dms__mlp__seed43,MSH6,P43246:506:D>L,0,0.08300866
train-pg_dms__mlp__seed43,MSH6,P43246:506:D>I,0,0.08311573
train-pg_dms__mlp__seed43,MSH6,P43246:506:D>H,0,0.1579391
train-pg_dms__mlp__seed43,MSH6,P43246:506:D>G,0,0.25475082
train-pg_dms__mlp__seed43,MSH6,P43246:506:D>F,0,0.28361726
train-pg_dms__mlp__seed43,MSH6,P43246:506:D>E,0,0.04831872
train-pg_dms__mlp__seed43,MSH6,P43246:506:D>C,0,0.24888568
train-pg_dms__mlp__seed43,MSH6,P43246:506:D>A,0,0.062946536
train-pg_dms__mlp__seed43,MSH6,P43246:506:D>M,0,0.1757607
train-pg_dms__mlp__seed43,MSH6,P43246:506:D>K,1,0.18290666
train-pg_dms__mlp__seed43,MSH6,P43246:506:D>N,0,0.055876926
train-pg_dms__mlp__seed43,MSH6,P43246:506:D>Q,0,0.08441606
train-pg_dms__mlp__seed43,MSH6,P43246:506:D>R,0,0.24994849
train-pg_dms__mlp__seed43,MSH6,P43246:506:D>S,0,0.05983913
train-pg_dms__mlp__seed43,MSH6,P43246:506:D>T,0,0.066627
train-pg_dms__mlp__seed43,MSH6,P43246:506:D>V,0,0.059732143
train-pg_dms__mlp__seed43,MSH6,P43246:506:D>W,0,0.5210314
train-pg_dms__mlp__seed43,MSH6,P43246:506:D>P,0,0.24767636
train-pg_dms__mlp__seed43,MSH6,P43246:520:G>A,0,0.56260705
train-pg_dms__mlp__seed43,MSH6,P43246:520:G>C,0,0.9643437
train-pg_dms__mlp__seed43,MSH6,P43246:520:G>D,0,0.97770256
train-pg_dms__mlp__seed43,MSH6,P43246:520:G>F,0,0.97894216
train-pg_dms__mlp__seed43,MSH6,P43246:520:G>H,0,0.9776253
train-pg_dms__mlp__seed43,MSH6,P43246:520:G>I,0,0.97851664
train-pg_dms__mlp__seed43,MSH6,P43246:520:G>K,0,0.97750825
train-pg_dms__mlp__seed43,MSH6,P43246:520:G>L,0,0.97736984
train-pg_dms__mlp__seed43,MSH6,P43246:520:G>M,0,0.9787404
train-pg_dms__mlp__seed43,MSH6,P43246:520:G>N,0,0.97384554
train-pg_dms__mlp__seed43,MSH6,P43246:520:G>Q,0,0.97537667
train-pg_dms__mlp__seed43,MSH6,P43246:520:G>R,0,0.68478566
train-pg_dms__mlp__seed43,MSH6,P43246:520:G>S,0,0.27319077
train-pg_dms__mlp__seed43,MSH6,P43246:520:G>T,0,0.9706391
train-pg_dms__mlp__seed43,MSH6,P43246:520:G>P,0,0.979202
train-pg_dms__mlp__seed43,MSH6,P43246:520:G>Y,0,0.9786034
train-pg_dms__mlp__seed43,MSH6,P43246:520:G>W,0,0.9787064
train-pg_dms__mlp__seed43,MSH6,P43246:525:V>P,1,0.93399554
train-pg_dms__mlp__seed43,MSH6,P43246:525:V>Y,1,0.9322501
train-pg_dms__mlp__seed43,MSH6,P43246:525:V>H,1,0.9347428
train-pg_dms__mlp__seed43,MSH6,P43246:525:V>G,0,0.85456765
train-pg_dms__mlp__seed43,MSH6,P43246:525:V>R,1,0.9316936
train-pg_dms__mlp__seed43,MSH6,P43246:525:V>S,0,0.9102163
train-pg_dms__mlp__seed43,MSH6,P43246:525:V>W,0,0.9350635
train-pg_dms__mlp__seed43,MSH6,P43246:525:V>K,1,0.9330203
train-pg_dms__mlp__seed43,MSH6,P43246:525:V>F,0,0.88235474
train-pg_dms__mlp__seed43,MSH6,P43246:525:V>E,1,0.9330203
train-pg_dms__mlp__seed43,MSH6,P43246:525:V>D,1,0.93463665
train-pg_dms__mlp__seed43,MSH6,P43246:525:V>C,0,0.8714852
train-pg_dms__mlp__seed43,MSH6,P43246:525:V>A,0,0.7702395
train-pg_dms__mlp__seed43,MSH6,P43246:525:V>M,0,0.32946774
train-pg_dms__mlp__seed43,MSH6,P43246:525:V>N,1,0.92986906
train-pg_dms__mlp__seed43,MSH6,P43246:525:V>L,0,0.13531552
train-pg_dms__mlp__seed43,MSH6,P43246:525:V>T,0,0.73956764
train-pg_dms__mlp__seed43,MSH6,P43246:536:N>E,0,0.07234693
train-pg_dms__mlp__seed43,MSH6,P43246:536:N>G,0,0.062367592
train-pg_dms__mlp__seed43,MSH6,P43246:536:N>H,0,0.04820052
train-pg_dms__mlp__seed43,MSH6,P43246:536:N>K,0,0.0545325
train-pg_dms__mlp__seed43,MSH6,P43246:536:N>A,0,0.053708155
train-pg_dms__mlp__seed43,MSH6,P43246:536:N>P,1,0.4064031
train-pg_dms__mlp__seed43,MSH6,P43246:536:N>Q,0,0.05188695
train-pg_dms__mlp__seed43,MSH6,P43246:536:N>R,0,0.054022495
train-pg_dms__mlp__seed43,MSH6,P43246:536:N>S,0,0.07381889
train-pg_dms__mlp__seed43,MSH6,P43246:536:N>T,0,0.05038392
train-pg_dms__mlp__seed43,MSH6,P43246:536:N>V,0,0.052466366
train-pg_dms__mlp__seed43,MSH6,P43246:536:N>W,0,0.21437985
train-pg_dms__mlp__seed43,MSH6,P43246:536:N>Y,0,0.05036993
train-pg_dms__mlp__seed43,MSH6,P43246:536:N>M,0,0.05927244
train-pg_dms__mlp__seed43,MSH6,P43246:536:N>L,0,0.054090247
train-pg_dms__mlp__seed43,MSH6,P43246:538:N>R,0,0.05069653
train-pg_dms__mlp__seed43,MSH6,P43246:538:N>Q,0,0.05040217
train-pg_dms__mlp__seed43,MSH6,P43246:538:N>S,0,0.06342512
train-pg_dms__mlp__seed43,MSH6,P43246:538:N>P,0,0.091519006
train-pg_dms__mlp__seed43,MSH6,P43246:538:N>V,0,0.05031304
train-pg_dms__mlp__seed43,MSH6,P43246:538:N>W,0,0.079485565
train-pg_dms__mlp__seed43,MSH6,P43246:538:N>Y,0,0.05010897
train-pg_dms__mlp__seed43,MSH6,P43246:538:N>T,0,0.04949639
train-pg_dms__mlp__seed43,MSH6,P43246:538:N>M,0,0.051777225
train-pg_dms__mlp__seed43,MSH6,P43246:538:N>H,0,0.04938722
train-pg_dms__mlp__seed43,MSH6,P43246:538:N>K,0,0.050022647
train-pg_dms__mlp__seed43,MSH6,P43246:538:N>I,0,0.0506312
train-pg_dms__mlp__seed43,MSH6,P43246:538:N>G,0,0.050869957
train-pg_dms__mlp__seed43,MSH6,P43246:538:N>F,0,0.057135355
train-pg_dms__mlp__seed43,MSH6,P43246:538:N>E,0,0.053633023
train-pg_dms__mlp__seed43,MSH6,P43246:538:N>C,0,0.050893456
train-pg_dms__mlp__seed43,MSH6,P43246:538:N>A,0,0.04970408
train-pg_dms__mlp__seed43,MSH6,P43246:538:N>L,0,0.050625093
train-pg_dms__mlp__seed43,MSH6,P43246:543:D>C,0,0.75527066
train-pg_dms__mlp__seed43,MSH6,P43246:543:D>W,0,0.7715093
train-pg_dms__mlp__seed43,MSH6,P43246:543:D>V,0,0.68288106
train-pg_dms__mlp__seed43,MSH6,P43246:543:D>T,0,0.6250637
train-pg_dms__mlp__seed43,MSH6,P43246:543:D>R,0,0.75754076
train-pg_dms__mlp__seed43,MSH6,P43246:543:D>Q,0,0.708757
train-pg_dms__mlp__seed43,MSH6,P43246:543:D>P,0,0.7728632
train-pg_dms__mlp__seed43,MSH6,P43246:543:D>M,0,0.7523569
train-pg_dms__mlp__seed43,MSH6,P43246:543:D>L,0,0.71826684
train-pg_dms__mlp__seed43,MSH6,P43246:543:D>I,0,0.7462339
train-pg_dms__mlp__seed43,MSH6,P43246:543:D>H,0,0.7447359
train-pg_dms__mlp__seed43,MSH6,P43246:543:D>F,0,0.7567172
train-pg_dms__mlp__seed43,MSH6,P43246:543:D>Y,0,0.68610924
train-pg_dms__mlp__seed43,MSH6,P43246:543:D>A,0,0.44373417
train-pg_dms__mlp__seed43,MSH6,P43246:543:D>S,0,0.3664756
train-pg_dms__mlp__seed43,MSH6,P43246:543:D>K,0,0.76060873
train-pg_dms__mlp__seed43,MSH6,P43246:544:I>E,1,0.607114
train-pg_dms__mlp__seed43,MSH6,P43246:544:I>C,0,0.31816202
train-pg_dms__mlp__seed43,MSH6,P43246:544:I>A,0,0.09714164
train-pg_dms__mlp__seed43,MSH6,P43246:544:I>Y,0,0.3857025
train-pg_dms__mlp__seed43,MSH6,P43246:544:I>W,0,0.5845527
train-pg_dms__mlp__seed43,MSH6,P43246:544:I>V,0,0.07029179
train-pg_dms__mlp__seed43,MSH6,P43246:544:I>S,0,0.070074864
train-pg_dms__mlp__seed43,MSH6,P43246:544:I>R,0,0.45044446
train-pg_dms__mlp__seed43,MSH6,P43246:544:I>P,1,0.5779492
train-pg_dms__mlp__seed43,MSH6,P43246:544:I>T,0,0.08444812
train-pg_dms__mlp__seed43,MSH6,P43246:544:I>M,0,0.082309
train-pg_dms__mlp__seed43,MSH6,P43246:544:I>L,0,0.0596548
train-pg_dms__mlp__seed43,MSH6,P43246:544:I>K,0,0.5287357
train-pg_dms__mlp__seed43,MSH6,P43246:544:I>G,1,0.47489688
train-pg_dms__mlp__seed43,MSH6,P43246:544:I>F,0,0.07419479
train-pg_dms__mlp__seed43,MSH6,P43246:544:I>D,1,0.6253732
train-pg_dms__mlp__seed43,MSH6,P43246:544:I>N,1,0.12596075
train-pg_dms__mlp__seed43,MSH6,P43246:546:K>I,1,0.3756066
train-pg_dms__mlp__seed43,MSH6,P43246:546:K>A,0,0.36217916
train-pg_dms__mlp__seed43,MSH6,P43246:546:K>Y,0,0.37766445
train-pg_dms__mlp__seed43,MSH6,P43246:546:K>W,1,0.38337988
train-pg_dms__mlp__seed43,MSH6,P43246:546:K>V,0,0.3555224
train-pg_dms__mlp__seed43,MSH6,P43246:546:K>T,0,0.33940983
train-pg_dms__mlp__seed43,MSH6,P43246:546:K>S,0,0.37130842
train-pg_dms__mlp__seed43,MSH6,P43246:546:K>Q,0,0.3116017
train-pg_dms__mlp__seed43,MSH6,P43246:546:K>P,1,0.37212464
train-pg_dms__mlp__seed43,MSH6,P43246:546:K>N,0,0.4153041
train-pg_dms__mlp__seed43,MSH6,P43246:546:K>M,0,0.36341846
train-pg_dms__mlp__seed43,MSH6,P43246:546:K>L,0,0.36825693
train-pg_dms__mlp__seed43,MSH6,P43246:546:K>H,0,0.33920985
train-pg_dms__mlp__seed43,MSH6,P43246:546:K>G,0,0.34344593
train-pg_dms__mlp__seed43,MSH6,P43246:546:K>C,0,0.3764289
train-pg_dms__mlp__seed43,MSH6,P43246:546:K>E,1,0.37993428
train-pg_dms__mlp__seed43,MSH6,P43246:546:K>D,1,0.38135082
train-pg_dms__mlp__seed43,MSH6,P43246:557:T>F,0,0.04607411
train-pg_dms__mlp__seed43,MSH6,P43246:557:T>C,0,0.046820685
train-pg_dms__mlp__seed43,MSH6,P43246:557:T>H,0,0.045954783
train-pg_dms__mlp__seed43,MSH6,P43246:557:T>I,0,0.06987303
train-pg_dms__mlp__seed43,MSH6,P43246:557:T>K,0,0.046381894
train-pg_dms__mlp__seed43,MSH6,P43246:557:T>M,0,0.044660237
train-pg_dms__mlp__seed43,MSH6,P43246:557:T>N,0,0.06710054
train-pg_dms__mlp__seed43,MSH6,P43246:557:T>P,1,0.08933198
train-pg_dms__mlp__seed43,MSH6,P43246:557:T>Q,0,0.045851815
train-pg_dms__mlp__seed43,MSH6,P43246:557:T>R,0,0.04621491
train-pg_dms__mlp__seed43,MSH6,P43246:557:T>S,0,0.06679511
train-pg_dms__mlp__seed43,MSH6,P43246:557:T>V,0,0.044847462
train-pg_dms__mlp__seed43,MSH6,P43246:557:T>W,0,0.0621759
train-pg_dms__mlp__seed43,MSH6,P43246:557:T>Y,0,0.046589393
train-pg_dms__mlp__seed43,MSH6,P43246:557:T>D,0,0.050658338
train-pg_dms__mlp__seed43,MSH6,P43246:557:T>L,0,0.044505112
train-pg_dms__mlp__seed43,MSH6,P43246:557:T>G,0,0.045197994
train-pg_dms__mlp__seed43,MSH6,P43246:558:S>V,0,0.047089085
train-pg_dms__mlp__seed43,MSH6,P43246:558:S>W,0,0.051400796
train-pg_dms__mlp__seed43,MSH6,P43246:558:S>A,0,0.046501108
train-pg_dms__mlp__seed43,MSH6,P43246:558:S>C,0,0.047033623
train-pg_dms__mlp__seed43,MSH6,P43246:558:S>D,0,0.04902629
train-pg_dms__mlp__seed43,MSH6,P43246:558:S>Y,0,0.06847749
train-pg_dms__mlp__seed43,MSH6,P43246:558:S>E,0,0.049746584
train-pg_dms__mlp__seed43,MSH6,P43246:558:S>F,0,0.06769348
train-pg_dms__mlp__seed43,MSH6,P43246:558:S>G,0,0.04677745
train-pg_dms__mlp__seed43,MSH6,P43246:558:S>I,0,0.04714852
train-pg_dms__mlp__seed43,MSH6,P43246:558:S>H,0,0.04851035
train-pg_dms__mlp__seed43,MSH6,P43246:558:S>L,0,0.046721525
train-pg_dms__mlp__seed43,MSH6,P43246:558:S>Q,0,0.04937003
train-pg_dms__mlp__seed43,MSH6,P43246:558:S>K,0,0.051641025
train-pg_dms__mlp__seed43,MSH6,P43246:558:S>P,0,0.3969789
train-pg_dms__mlp__seed43,MSH6,P43246:558:S>R,0,0.05116895
train-pg_dms__mlp__seed43,MSH6,P43246:558:S>T,0,0.06497341
train-pg_dms__mlp__seed43,MSH6,P43246:558:S>M,0,0.047326963
train-pg_dms__mlp__seed43,MSH6,P43246:558:S>N,0,0.04695829
train-pg_dms__mlp__seed43,MSH6,P43246:567:K>S,0,0.22929938
train-pg_dms__mlp__seed43,MSH6,P43246:567:K>R,0,0.07243371
train-pg_dms__mlp__seed43,MSH6,P43246:567:K>Q,0,0.05925437
train-pg_dms__mlp__seed43,MSH6,P43246:567:K>N,0,0.2667289
train-pg_dms__mlp__seed43,MSH6,P43246:567:K>G,0,0.25539204
train-pg_dms__mlp__seed43,MSH6,P43246:567:K>L,0,0.11745319
train-pg_dms__mlp__seed43,MSH6,P43246:567:K>M,0,0.0869445
train-pg_dms__mlp__seed43,MSH6,P43246:567:K>P,1,0.76161116
train-pg_dms__mlp__seed43,MSH6,P43246:567:K>T,0,0.0927401
train-pg_dms__mlp__seed43,MSH6,P43246:567:K>E,0,0.19088358
train-pg_dms__mlp__seed43,MSH6,P43246:567:K>W,0,0.31615928
train-pg_dms__mlp__seed43,MSH6,P43246:567:K>D,0,0.6377208
train-pg_dms__mlp__seed43,MSH6,P43246:567:K>H,0,0.077240855
train-pg_dms__mlp__seed43,MSH6,P43246:567:K>I,0,0.11680213
train-pg_dms__mlp__seed43,MSH6,P43246:567:K>A,0,0.16988808
train-pg_dms__mlp__seed43,MSH6,P43246:567:K>C,0,0.14471763
train-pg_dms__mlp__seed43,MSH6,P43246:567:K>V,0,0.10503823
train-pg_dms__mlp__seed43,MSH6,P43246:568:T>V,0,0.05364662
train-pg_dms__mlp__seed43,MSH6,P43246:568:T>S,0,0.053458113
train-pg_dms__mlp__seed43,MSH6,P43246:568:T>R,0,0.075617775
train-pg_dms__mlp__seed43,MSH6,P43246:568:T>Q,0,0.07743806
train-pg_dms__mlp__seed43,MSH6,P43246:568:T>P,1,0.15807086
train-pg_dms__mlp__seed43,MSH6,P43246:568:T>N,0,0.05359709
train-pg_dms__mlp__seed43,MSH6,P43246:568:T>M,0,0.053278744
train-pg_dms__mlp__seed43,MSH6,P43246:568:T>W,0,0.07466997
train-pg_dms__mlp__seed43,MSH6,P43246:568:T>A,0,0.052966185
train-pg_dms__mlp__seed43,MSH6,P43246:568:T>H,0,0.056056075
train-pg_dms__mlp__seed43,MSH6,P43246:568:T>G,0,0.054754965
train-pg_dms__mlp__seed43,MSH6,P43246:568:T>F,0,0.05730139
train-pg_dms__mlp__seed43,MSH6,P43246:568:T>E,0,0.055860136
train-pg_dms__mlp__seed43,MSH6,P43246:568:T>D,0,0.05900354
train-pg_dms__mlp__seed43,MSH6,P43246:568:T>C,0,0.058847383
train-pg_dms__mlp__seed43,MSH6,P43246:568:T>L,0,0.05325093
train-pg_dms__mlp__seed43,MSH6,P43246:568:T>Y,0,0.0584737
train-pg_dms__mlp__seed43,MSH6,P43246:568:T>K,0,0.07321126
train-pg_dms__mlp__seed43,MSH6,P43246:571:E>D,0,0.055427495
train-pg_dms__mlp__seed43,MSH6,P43246:571:E>H,0,0.08562638
train-pg_dms__mlp__seed43,MSH6,P43246:571:E>I,0,0.06614242
train-pg_dms__mlp__seed43,MSH6,P43246:571:E>K,0,0.05785492
train-pg_dms__mlp__seed43,MSH6,P43246:571:E>L,0,0.06619989
train-pg_dms__mlp__seed43,MSH6,P43246:571:E>M,0,0.06856588
train-pg_dms__mlp__seed43,MSH6,P43246:571:E>N,0,0.060077775
train-pg_dms__mlp__seed43,MSH6,P43246:571:E>P,1,0.7905899
train-pg_dms__mlp__seed43,MSH6,P43246:571:E>Q,0,0.052597072
train-pg_dms__mlp__seed43,MSH6,P43246:571:E>S,0,0.056505386
train-pg_dms__mlp__seed43,MSH6,P43246:571:E>T,0,0.05467009
train-pg_dms__mlp__seed43,MSH6,P43246:571:E>V,0,0.0580048
train-pg_dms__mlp__seed43,MSH6,P43246:571:E>W,0,0.68559897
train-pg_dms__mlp__seed43,MSH6,P43246:571:E>Y,0,0.14368537
train-pg_dms__mlp__seed43,MSH6,P43246:571:E>C,0,0.27953258
train-pg_dms__mlp__seed43,MSH6,P43246:571:E>A,0,0.05353588
train-pg_dms__mlp__seed43,MSH6,P43246:571:E>R,0,0.06610297
train-pg_dms__mlp__seed43,MSH6,P43246:571:E>F,0,0.28670344
train-pg_dms__mlp__seed43,MSH6,P43246:572:E>K,1,0.07720768
train-pg_dms__mlp__seed43,MSH6,P43246:572:E>F,0,0.09241336
train-pg_dms__mlp__seed43,MSH6,P43246:572:E>G,0,0.061880913
train-pg_dms__mlp__seed43,MSH6,P43246:572:E>H,0,0.07456303
train-pg_dms__mlp__seed43,MSH6,P43246:572:E>L,0,0.06723292
train-pg_dms__mlp__seed43,MSH6,P43246:572:E>M,0,0.06895238
train-pg_dms__mlp__seed43,MSH6,P43246:572:E>N,0,0.06343566
train-pg_dms__mlp__seed43,MSH6,P43246:572:E>P,1,0.41133028
train-pg_dms__mlp__seed43,MSH6,P43246:572:E>Q,0,0.060720213
train-pg_dms__mlp__seed43,MSH6,P43246:572:E>R,0,0.06826623
train-pg_dms__mlp__seed43,MSH6,P43246:572:E>S,0,0.06251537
train-pg_dms__mlp__seed43,MSH6,P43246:572:E>T,0,0.06092739
train-pg_dms__mlp__seed43,MSH6,P43246:572:E>V,0,0.061072793
train-pg_dms__mlp__seed43,MSH6,P43246:572:E>W,0,0.22043717
train-pg_dms__mlp__seed43,MSH6,P43246:572:E>C,0,0.106728844
train-pg_dms__mlp__seed43,MSH6,P43246:572:E>Y,0,0.08221378
train-pg_dms__mlp__seed43,MSH6,P43246:572:E>A,0,0.07278523
train-pg_dms__mlp__seed43,MSH6,P43246:573:A>E,0,0.1300161
train-pg_dms__mlp__seed43,MSH6,P43246:573:A>G,0,0.12911385
train-pg_dms__mlp__seed43,MSH6,P43246:573:A>I,0,0.08127283
train-pg_dms__mlp__seed43,MSH6,P43246:573:A>K,0,0.28866127
train-pg_dms__mlp__seed43,MSH6,P43246:573:A>L,0,0.0644499
train-pg_dms__mlp__seed43,MSH6,P43246:573:A>M,0,0.057711508
train-pg_dms__mlp__seed43,MSH6,P43246:573:A>N,0,0.11266222
train-pg_dms__mlp__seed43,MSH6,P43246:573:A>Y,0,0.19775173
train-pg_dms__mlp__seed43,MSH6,P43246:573:A>W,1,0.79397833
train-pg_dms__mlp__seed43,MSH6,P43246:573:A>V,0,0.10083912
train-pg_dms__mlp__seed43,MSH6,P43246:573:A>C,0,0.09568001
train-pg_dms__mlp__seed43,MSH6,P43246:573:A>T,0,0.079107076
train-pg_dms__mlp__seed43,MSH6,P43246:573:A>S,0,0.05244089
train-pg_dms__mlp__seed43,MSH6,P43246:573:A>R,0,0.18067169
train-pg_dms__mlp__seed43,MSH6,P43246:573:A>D,0,0.6575191
train-pg_dms__mlp__seed43,MSH6,P43246:573:A>P,1,0.91128784
train-pg_dms__mlp__seed43,MSH6,P43246:573:A>Q,0,0.073710024
train-pg_dms__mlp__seed43,MSH6,P43246:575:D>A,0,0.051781666
train-pg_dms__mlp__seed43,MSH6,P43246:575:D>C,0,0.06747576
train-pg_dms__mlp__seed43,MSH6,P43246:575:D>G,0,0.07036571
train-pg_dms__mlp__seed43,MSH6,P43246:575:D>F,0,0.067979336
train-pg_dms__mlp__seed43,MSH6,P43246:575:D>T,0,0.052374195
train-pg_dms__mlp__seed43,MSH6,P43246:575:D>I,0,0.056375418
train-pg_dms__mlp__seed43,MSH6,P43246:575:D>K,0,0.057876214
train-pg_dms__mlp__seed43,MSH6,P43246:575:D>L,0,0.056072526
train-pg_dms__mlp__seed43,MSH6,P43246:575:D>M,0,0.062126234
train-pg_dms__mlp__seed43,MSH6,P43246:575:D>N,0,0.068509534
train-pg_dms__mlp__seed43,MSH6,P43246:575:D>P,1,0.59128284
train-pg_dms__mlp__seed43,MSH6,P43246:575:D>Q,0,0.055233564
train-pg_dms__mlp__seed43,MSH6,P43246:575:D>R,0,0.06138307
train-pg_dms__mlp__seed43,MSH6,P43246:575:D>S,0,0.051400755
train-pg_dms__mlp__seed43,MSH6,P43246:575:D>V,0,0.07387701
train-pg_dms__mlp__seed43,MSH6,P43246:575:D>W,0,0.21534596
train-pg_dms__mlp__seed43,MSH6,P43246:575:D>H,0,0.055777367
train-pg_dms__mlp__seed43,MSH6,P43246:577:I>Y,1,0.9033037
train-pg_dms__mlp__seed43,MSH6,P43246:577:I>W,0,0.9074515
train-pg_dms__mlp__seed43,MSH6,P43246:577:I>V,0,0.07854164
train-pg_dms__mlp__seed43,MSH6,P43246:577:I>S,1,0.89046824
train-pg_dms__mlp__seed43,MSH6,P43246:577:I>R,0,0.89941335
train-pg_dms__mlp__seed43,MSH6,P43246:577:I>Q,0,0.90625775
train-pg_dms__mlp__seed43,MSH6,P43246:577:I>P,1,0.90851164
train-pg_dms__mlp__seed43,MSH6,P43246:577:I>M,0,0.10709294
train-pg_dms__mlp__seed43,MSH6,P43246:577:I>K,0,0.90357447
train-pg_dms__mlp__seed43,MSH6,P43246:577:I>G,1,0.90758497
train-pg_dms__mlp__seed43,MSH6,P43246:577:I>F,0,0.72067535
train-pg_dms__mlp__seed43,MSH6,P43246:577:I>E,0,0.90638936
train-pg_dms__mlp__seed43,MSH6,P43246:577:I>C,0,0.9014283
train-pg_dms__mlp__seed43,MSH6,P43246:577:I>A,0,0.79989123
train-pg_dms__mlp__seed43,MSH6,P43246:577:I>N,0,0.90156066
train-pg_dms__mlp__seed43,MSH6,P43246:577:I>H,0,0.90824807
train-pg_dms__mlp__seed43,MSH6,P43246:590:E>D,0,0.059769567
train-pg_dms__mlp__seed43,MSH6,P43246:590:E>Q,0,0.044981744
train-pg_dms__mlp__seed43,MSH6,P43246:590:E>A,0,0.044618867
train-pg_dms__mlp__seed43,MSH6,P43246:590:E>P,0,0.0485857
train-pg_dms__mlp__seed43,MSH6,P43246:590:E>N,0,0.04583299
train-pg_dms__mlp__seed43,MSH6,P43246:590:E>M,0,0.049361784
train-pg_dms__mlp__seed43,MSH6,P43246:590:E>L,0,0.046669886
train-pg_dms__mlp__seed43,MSH6,P43246:590:E>I,0,0.04656285
train-pg_dms__mlp__seed43,MSH6,P43246:590:E>C,0,0.080835804
train-pg_dms__mlp__seed43,MSH6,P43246:590:E>H,0,0.05217873
train-pg_dms__mlp__seed43,MSH6,P43246:590:E>T,0,0.045278408
train-pg_dms__mlp__seed43,MSH6,P43246:590:E>V,0,0.04502633
train-pg_dms__mlp__seed43,MSH6,P43246:590:E>W,0,0.15199685
train-pg_dms__mlp__seed43,MSH6,P43246:590:E>F,0,0.06459942
train-pg_dms__mlp__seed43,MSH6,P43246:590:E>Y,0,0.05342056
train-pg_dms__mlp__seed43,MSH6,P43246:590:E>R,0,0.049018685
train-pg_dms__mlp__seed43,MSH6,P43246:590:E>S,0,0.045078725
train-pg_dms__mlp__seed43,MSH6,P43246:590:E>G,0,0.04453931
train-pg_dms__mlp__seed43,MSH6,P43246:598:V>H,0,0.18537466
train-pg_dms__mlp__seed43,MSH6,P43246:598:V>Y,0,0.1380499
train-pg_dms__mlp__seed43,MSH6,P43246:598:V>W,1,0.7504559
train-pg_dms__mlp__seed43,MSH6,P43246:598:V>T,0,0.057572942
train-pg_dms__mlp__seed43,MSH6,P43246:598:V>S,0,0.06536025
train-pg_dms__mlp__seed43,MSH6,P43246:598:V>G,0,0.06858721
train-pg_dms__mlp__seed43,MSH6,P43246:598:V>Q,0,0.095947385
train-pg_dms__mlp__seed43,MSH6,P43246:598:V>A,0,0.06174414
train-pg_dms__mlp__seed43,MSH6,P43246:598:V>D,0,0.112668395
train-pg_dms__mlp__seed43,MSH6,P43246:598:V>E,0,0.09640068
train-pg_dms__mlp__seed43,MSH6,P43246:598:V>F,0,0.06400114
train-pg_dms__mlp__seed43,MSH6,P43246:598:V>I,0,0.053407453
train-pg_dms__mlp__seed43,MSH6,P43246:598:V>C,0,0.12495692
train-pg_dms__mlp__seed43,MSH6,P43246:598:V>R,0,0.10313157
train-pg_dms__mlp__seed43,MSH6,P43246:598:V>L,0,0.059286237
train-pg_dms__mlp__seed43,MSH6,P43246:598:V>M,0,0.092481285
train-pg_dms__mlp__seed43,MSH6,P43246:598:V>N,0,0.07577076
train-pg_dms__mlp__seed43,MSH6,P43246:598:V>P,0,0.911026
train-pg_dms__mlp__seed43,MSH6,P43246:598:V>K,0,0.1115707
train-pg_dms__mlp__seed43,MSH6,P43246:605:V>G,0,0.087154984
train-pg_dms__mlp__seed43,MSH6,P43246:605:V>R,0,0.8616228
train-pg_dms__mlp__seed43,MSH6,P43246:605:V>Y,0,0.44939545
train-pg_dms__mlp__seed43,MSH6,P43246:605:V>W,1,0.8968294
train-pg_dms__mlp__seed43,MSH6,P43246:605:V>T,0,0.06529941
train-pg_dms__mlp__seed43,MSH6,P43246:605:V>S,0,0.086274035
train-pg_dms__mlp__seed43,MSH6,P43246:605:V>H,0,0.8930582
train-pg_dms__mlp__seed43,MSH6,P43246:605:V>Q,0,0.6729686
train-pg_dms__mlp__seed43,MSH6,P43246:605:V>P,0,0.94537765
train-pg_dms__mlp__seed43,MSH6,P43246:605:V>M,0,0.058352794
train-pg_dms__mlp__seed43,MSH6,P43246:605:V>N,0,0.30873466
train-pg_dms__mlp__seed43,MSH6,P43246:605:V>K,0,0.9099961
train-pg_dms__mlp__seed43,MSH6,P43246:605:V>I,0,0.09048825
train-pg_dms__mlp__seed43,MSH6,P43246:605:V>A,0,0.1192258
train-pg_dms__mlp__seed43,MSH6,P43246:605:V>C,0,0.25558138
train-pg_dms__mlp__seed43,MSH6,P43246:605:V>D,0,0.8863624
train-pg_dms__mlp__seed43,MSH6,P43246:605:V>E,0,0.7295122
train-pg_dms__mlp__seed43,MSH6,P43246:605:V>F,0,0.11797339
train-pg_dms__mlp__seed43,MSH6,P43246:605:V>L,0,0.10699761
train-pg_dms__mlp__seed43,MSH6,P43246:610:H>A,0,0.067699626
train-pg_dms__mlp__seed43,MSH6,P43246:610:H>L,0,0.061562836
train-pg_dms__mlp__seed43,MSH6,P43246:610:H>E,0,0.09488852
train-pg_dms__mlp__seed43,MSH6,P43246:610:H>F,0,0.06605423
train-pg_dms__mlp__seed43,MSH6,P43246:610:H>G,0,0.08737153
train-pg_dms__mlp__seed43,MSH6,P43246:610:H>I,0,0.06598737
train-pg_dms__mlp__seed43,MSH6,P43246:610:H>K,0,0.10892764
train-pg_dms__mlp__seed43,MSH6,P43246:610:H>M,0,0.07656073
train-pg_dms__mlp__seed43,MSH6,P43246:610:H>N,0,0.08870291
train-pg_dms__mlp__seed43,MSH6,P43246:610:H>S,0,0.0649261
train-pg_dms__mlp__seed43,MSH6,P43246:610:H>T,0,0.06683595
train-pg_dms__mlp__seed43,MSH6,P43246:610:H>V,0,0.06321851
train-pg_dms__mlp__seed43,MSH6,P43246:610:H>W,0,0.08434629
train-pg_dms__mlp__seed43,MSH6,P43246:610:H>Y,0,0.08433782
train-pg_dms__mlp__seed43,MSH6,P43246:610:H>Q,0,0.103663765
train-pg_dms__mlp__seed43,MSH6,P43246:616:P>S,0,0.0910684
train-pg_dms__mlp__seed43,MSH6,P43246:616:P>A,0,0.072949514
train-pg_dms__mlp__seed43,MSH6,P43246:616:P>R,0,0.110724434
train-pg_dms__mlp__seed43,MSH6,P43246:616:P>D,0,0.24378765
train-pg_dms__mlp__seed43,MSH6,P43246:616:P>E,0,0.16344553
train-pg_dms__mlp__seed43,MSH6,P43246:616:P>F,0,0.18264441
train-pg_dms__mlp__seed43,MSH6,P43246:616:P>G,0,0.11326313
train-pg_dms__mlp__seed43,MSH6,P43246:616:P>C,0,0.14474185
train-pg_dms__mlp__seed43,MSH6,P43246:616:P>I,0,0.10254757
train-pg_dms__mlp__seed43,MSH6,P43246:616:P>T,0,0.07721053
train-pg_dms__mlp__seed43,MSH6,P43246:616:P>V,0,0.08249564
train-pg_dms__mlp__seed43,MSH6,P43246:616:P>W,0,0.28603485
train-pg_dms__mlp__seed43,MSH6,P43246:616:P>H,0,0.10564884
train-pg_dms__mlp__seed43,MSH6,P43246:616:P>Q,0,0.09257888
train-pg_dms__mlp__seed43,MSH6,P43246:616:P>N,0,0.13418227
train-pg_dms__mlp__seed43,MSH6,P43246:616:P>M,0,0.10541352
train-pg_dms__mlp__seed43,MSH6,P43246:616:P>L,0,0.078256615
train-pg_dms__mlp__seed43,MSH6,P43246:616:P>K,0,0.15715851
train-pg_dms__mlp__seed43,MSH6,P43246:616:P>Y,0,0.18778893
train-pg_dms__mlp__seed43,MSH6,P43246:645:Q>C,0,0.36601686
train-pg_dms__mlp__seed43,MSH6,P43246:645:Q>A,0,0.06368764
train-pg_dms__mlp__seed43,MSH6,P43246:645:Q>E,0,0.07562785
train-pg_dms__mlp__seed43,MSH6,P43246:645:Q>H,0,0.19836316
train-pg_dms__mlp__seed43,MSH6,P43246:645:Q>F,0,0.5004247
train-pg_dms__mlp__seed43,MSH6,P43246:645:Q>D,0,0.13782217
train-pg_dms__mlp__seed43,MSH6,P43246:645:Q>G,0,0.068549655
train-pg_dms__mlp__seed43,MSH6,P43246:645:Q>R,0,0.06384
train-pg_dms__mlp__seed43,MSH6,P43246:645:Q>W,0,0.43921804
train-pg_dms__mlp__seed43,MSH6,P43246:645:Q>V,0,0.0738506
train-pg_dms__mlp__seed43,MSH6,P43246:645:Q>T,0,0.064974755
train-pg_dms__mlp__seed43,MSH6,P43246:645:Q>Y,0,0.33397678
train-pg_dms__mlp__seed43,MSH6,P43246:645:Q>I,0,0.120643236
train-pg_dms__mlp__seed43,MSH6,P43246:645:Q>S,0,0.06360828
train-pg_dms__mlp__seed43,MSH6,P43246:645:Q>L,0,0.061065614
train-pg_dms__mlp__seed43,MSH6,P43246:645:Q>M,0,0.069270074
train-pg_dms__mlp__seed43,MSH6,P43246:645:Q>N,0,0.07296335
train-pg_dms__mlp__seed43,MSH6,P43246:645:Q>K,0,0.0648237
train-pg_dms__mlp__seed43,MSH6,P43246:646:D>R,0,0.1394866
train-pg_dms__mlp__seed43,MSH6,P43246:646:D>W,0,0.6139725
train-pg_dms__mlp__seed43,MSH6,P43246:646:D>T,0,0.07134516
train-pg_dms__mlp__seed43,MSH6,P43246:646:D>S,0,0.05659818
train-pg_dms__mlp__seed43,MSH6,P43246:646:D>F,0,0.50552756
train-pg_dms__mlp__seed43,MSH6,P43246:646:D>C,0,0.35885605
train-pg_dms__mlp__seed43,MSH6,P43246:646:D>G,0,0.082588114
train-pg_dms__mlp__seed43,MSH6,P43246:646:D>I,0,0.2929085
train-pg_dms__mlp__seed43,MSH6,P43246:646:D>K,0,0.11261673
train-pg_dms__mlp__seed43,MSH6,P43246:646:D>A,0,0.09575268
train-pg_dms__mlp__seed43,MSH6,P43246:646:D>L,0,0.17737168
train-pg_dms__mlp__seed43,MSH6,P43246:646:D>N,0,0.055550687
train-pg_dms__mlp__seed43,MSH6,P43246:646:D>P,0,0.1523082
train-pg_dms__mlp__seed43,MSH6,P43246:646:D>Q,0,0.07587638
train-pg_dms__mlp__seed43,MSH6,P43246:646:D>M,0,0.32945096
train-pg_dms__mlp__seed43,MSH6,P43246:652:P>A,0,0.057856977
train-pg_dms__mlp__seed43,MSH6,P43246:652:P>C,0,0.26895624
train-pg_dms__mlp__seed43,MSH6,P43246:652:P>E,0,0.21161021
train-pg_dms__mlp__seed43,MSH6,P43246:652:P>V,0,0.37758356
train-pg_dms__mlp__seed43,MSH6,P43246:652:P>R,0,0.2373034
train-pg_dms__mlp__seed43,MSH6,P43246:652:P>Q,0,0.094672926
train-pg_dms__mlp__seed43,MSH6,P43246:652:P>M,0,0.5337392
train-pg_dms__mlp__seed43,MSH6,P43246:652:P>K,0,0.2828088
train-pg_dms__mlp__seed43,MSH6,P43246:652:P>I,0,0.6764779
train-pg_dms__mlp__seed43,MSH6,P43246:652:P>F,0,0.73539114
train-pg_dms__mlp__seed43,MSH6,P43246:652:P>G,0,0.10459514
train-pg_dms__mlp__seed43,MSH6,P43246:652:P>W,1,0.74451554
train-pg_dms__mlp__seed43,MSH6,P43246:653:N>L,0,0.9382499
train-pg_dms__mlp__seed43,MSH6,P43246:653:N>V,0,0.9394604
train-pg_dms__mlp__seed43,MSH6,P43246:653:N>T,0,0.8879098
train-pg_dms__mlp__seed43,MSH6,P43246:653:N>S,0,0.22784887
train-pg_dms__mlp__seed43,MSH6,P43246:653:N>R,0,0.9490395
train-pg_dms__mlp__seed43,MSH6,P43246:653:N>Q,0,0.949349
train-pg_dms__mlp__seed43,MSH6,P43246:653:N>P,1,0.9492873
train-pg_dms__mlp__seed43,MSH6,P43246:653:N>M,0,0.94680446
train-pg_dms__mlp__seed43,MSH6,P43246:653:N>K,0,0.9517206
train-pg_dms__mlp__seed43,MSH6,P43246:653:N>W,0,0.9530172
train-pg_dms__mlp__seed43,MSH6,P43246:653:N>I,1,0.9490395
train-pg_dms__mlp__seed43,MSH6,P43246:653:N>G,0,0.8949476
train-pg_dms__mlp__seed43,MSH6,P43246:653:N>F,0,0.9528506
train-pg_dms__mlp__seed43,MSH6,P43246:653:N>E,0,0.95137477
train-pg_dms__mlp__seed43,MSH6,P43246:653:N>C,0,0.6953186
train-pg_dms__mlp__seed43,MSH6,P43246:653:N>A,0,0.9336284
train-pg_dms__mlp__seed43,MSH6,P43246:653:N>H,0,0.9271138
train-pg_dms__mlp__seed43,MSH6,P43246:653:N>Y,1,0.9471321
train-pg_dms__mlp__seed43,MSH6,P43246:658:E>V,0,0.05791521
train-pg_dms__mlp__seed43,MSH6,P43246:658:E>S,0,0.059972063
train-pg_dms__mlp__seed43,MSH6,P43246:658:E>R,0,0.059976187
train-pg_dms__mlp__seed43,MSH6,P43246:658:E>P,1,0.27181944
train-pg_dms__mlp__seed43,MSH6,P43246:658:E>N,0,0.06508281
train-pg_dms__mlp__seed43,MSH6,P43246:658:E>M,0,0.06849401
train-pg_dms__mlp__seed43,MSH6,P43246:658:E>W,0,0.25350118
train-pg_dms__mlp__seed43,MSH6,P43246:658:E>L,0,0.063098505
train-pg_dms__mlp__seed43,MSH6,P43246:658:E>H,0,0.06584489
train-pg_dms__mlp__seed43,MSH6,P43246:658:E>G,0,0.097963296
train-pg_dms__mlp__seed43,MSH6,P43246:658:E>F,0,0.12572731
train-pg_dms__mlp__seed43,MSH6,P43246:658:E>C,0,0.11292102
train-pg_dms__mlp__seed43,MSH6,P43246:658:E>A,0,0.058458064
train-pg_dms__mlp__seed43,MSH6,P43246:658:E>T,0,0.059254155
train-pg_dms__mlp__seed43,MSH6,P43246:658:E>I,0,0.06133592
train-pg_dms__mlp__seed43,MSH6,P43246:658:E>D,0,0.058518212
train-pg_dms__mlp__seed43,MSH6,P43246:658:E>Q,0,0.056272153
train-pg_dms__mlp__seed43,MSH6,P43246:664:F>M,0,0.419433
train-pg_dms__mlp__seed43,MSH6,P43246:664:F>N,0,0.95417464
train-pg_dms__mlp__seed43,MSH6,P43246:664:F>P,1,0.9583359
train-pg_dms__mlp__seed43,MSH6,P43246:664:F>Q,0,0.9556544
train-pg_dms__mlp__seed43,MSH6,P43246:664:F>R,1,0.9558528
train-pg_dms__mlp__seed43,MSH6,P43246:664:F>S,0,0.9492946
train-pg_dms__mlp__seed43,MSH6,P43246:664:F>T,0,0.9486027
train-pg_dms__mlp__seed43,MSH6,P43246:664:F>W,0,0.87313855
train-pg_dms__mlp__seed43,MSH6,P43246:664:F>Y,0,0.2007624
train-pg_dms__mlp__seed43,MSH6,P43246:664:F>L,0,0.70132464
train-pg_dms__mlp__seed43,MSH6,P43246:664:F>K,1,0.95750344
train-pg_dms__mlp__seed43,MSH6,P43246:664:F>I,0,0.30711856
train-pg_dms__mlp__seed43,MSH6,P43246:664:F>V,0,0.27483058
train-pg_dms__mlp__seed43,MSH6,P43246:664:F>H,0,0.9504739
train-pg_dms__mlp__seed43,MSH6,P43246:664:F>G,1,0.95234334
train-pg_dms__mlp__seed43,MSH6,P43246:664:F>E,0,0.95764375
train-pg_dms__mlp__seed43,MSH6,P43246:664:F>A,0,0.9462778
train-pg_dms__mlp__seed43,MSH6,P43246:664:F>C,0,0.38634413
train-pg_dms__mlp__seed43,MSH6,P43246:667:I>G,1,0.9564148
train-pg_dms__mlp__seed43,MSH6,P43246:667:I>M,0,0.10768133
train-pg_dms__mlp__seed43,MSH6,P43246:667:I>N,1,0.9534252
train-pg_dms__mlp__seed43,MSH6,P43246:667:I>P,1,0.95603895
train-pg_dms__mlp__seed43,MSH6,P43246:667:I>R,1,0.9552104
train-pg_dms__mlp__seed43,MSH6,P43246:667:I>V,0,0.096284375
train-pg_dms__mlp__seed43,MSH6,P43246:667:I>W,1,0.956848
train-pg_dms__mlp__seed43,MSH6,P43246:667:I>F,0,0.8999762
train-pg_dms__mlp__seed43,MSH6,P43246:667:I>S,1,0.94974035
train-pg_dms__mlp__seed43,MSH6,P43246:667:I>K,1,0.9559127
train-pg_dms__mlp__seed43,MSH6,P43246:667:I>A,0,0.9427129
train-pg_dms__mlp__seed43,MSH6,P43246:667:I>C,0,0.9429745
train-pg_dms__mlp__seed43,MSH6,P43246:667:I>D,1,0.957397
train-pg_dms__mlp__seed43,MSH6,P43246:667:I>T,0,0.93168235
train-pg_dms__mlp__seed43,MSH6,P43246:667:I>L,0,0.06577642
train-pg_dms__mlp__seed43,MSH6,P43246:667:I>E,1,0.9566011
train-pg_dms__mlp__seed43,MSH6,P43246:677:T>W,1,0.93542063
train-pg_dms__mlp__seed43,MSH6,P43246:677:T>L,0,0.31421605
train-pg_dms__mlp__seed43,MSH6,P43246:677:T>F,0,0.9252744
train-pg_dms__mlp__seed43,MSH6,P43246:677:T>G,0,0.892565
train-pg_dms__mlp__seed43,MSH6,P43246:677:T>I,0,0.68724096
train-pg_dms__mlp__seed43,MSH6,P43246:677:T>K,1,0.93212193
train-pg_dms__mlp__seed43,MSH6,P43246:677:T>Y,0,0.9310652
train-pg_dms__mlp__seed43,MSH6,P43246:677:T>M,0,0.24269694
train-pg_dms__mlp__seed43,MSH6,P43246:677:T>N,0,0.83665913
train-pg_dms__mlp__seed43,MSH6,P43246:677:T>C,0,0.8518963
train-pg_dms__mlp__seed43,MSH6,P43246:677:T>P,1,0.8639093
train-pg_dms__mlp__seed43,MSH6,P43246:677:T>S,0,0.13408247
train-pg_dms__mlp__seed43,MSH6,P43246:677:T>V,0,0.117212474
train-pg_dms__mlp__seed43,MSH6,P43246:677:T>Q,0,0.92351365
train-pg_dms__mlp__seed43,MSH6,P43246:677:T>A,0,0.2395685
train-pg_dms__mlp__seed43,MSH6,P43246:685:I>C,0,0.15195704
train-pg_dms__mlp__seed43,MSH6,P43246:685:I>D,0,0.68873817
train-pg_dms__mlp__seed43,MSH6,P43246:685:I>F,0,0.3708683
train-pg_dms__mlp__seed43,MSH6,P43246:685:I>G,0,0.24524754
train-pg_dms__mlp__seed43,MSH6,P43246:685:I>H,0,0.65062463
train-pg_dms__mlp__seed43,MSH6,P43246:685:I>P,1,0.7671729
train-pg_dms__mlp__seed43,MSH6,P43246:685:I>S,0,0.07627189
train-pg_dms__mlp__seed43,MSH6,P43246:685:I>V,0,0.0928614
train-pg_dms__mlp__seed43,MSH6,P43246:685:I>W,1,0.8040017
train-pg_dms__mlp__seed43,MSH6,P43246:685:I>Y,1,0.7390288
train-pg_dms__mlp__seed43,MSH6,P43246:685:I>A,0,0.07265601
train-pg_dms__mlp__seed43,MSH6,P43246:685:I>N,0,0.087061934
train-pg_dms__mlp__seed43,MSH6,P43246:688:M>W,1,0.8240969
train-pg_dms__mlp__seed43,MSH6,P43246:688:M>V,0,0.17899992
train-pg_dms__mlp__seed43,MSH6,P43246:688:M>T,0,0.62062
train-pg_dms__mlp__seed43,MSH6,P43246:688:M>S,1,0.73643076
train-pg_dms__mlp__seed43,MSH6,P43246:688:M>Q,0,0.66777635
train-pg_dms__mlp__seed43,MSH6,P43246:688:M>L,0,0.06821248
train-pg_dms__mlp__seed43,MSH6,P43246:688:M>N,1,0.816603
train-pg_dms__mlp__seed43,MSH6,P43246:688:M>Y,1,0.8172052
train-pg_dms__mlp__seed43,MSH6,P43246:688:M>K,1,0.7925824
train-pg_dms__mlp__seed43,MSH6,P43246:688:M>I,0,0.27921084
train-pg_dms__mlp__seed43,MSH6,P43246:688:M>G,1,0.80671954
train-pg_dms__mlp__seed43,MSH6,P43246:688:M>F,0,0.36313137
train-pg_dms__mlp__seed43,MSH6,P43246:688:M>E,1,0.8180052
train-pg_dms__mlp__seed43,MSH6,P43246:688:M>D,1,0.84397835
train-pg_dms__mlp__seed43,MSH6,P43246:688:M>C,0,0.7145864
train-pg_dms__mlp__seed43,MSH6,P43246:688:M>A,0,0.6551972
train-pg_dms__mlp__seed43,MSH6,P43246:688:M>P,1,0.84345335
train-pg_dms__mlp__seed43,MSH6,P43246:688:M>H,1,0.8262145
train-pg_dms__mlp__seed43,MSH6,P43246:689:A>F,1,0.7714627
train-pg_dms__mlp__seed43,MSH6,P43246:689:A>T,0,0.12158209
train-pg_dms__mlp__seed43,MSH6,P43246:689:A>V,0,0.119916104
train-pg_dms__mlp__seed43,MSH6,P43246:689:A>W,1,0.90767694
train-pg_dms__mlp__seed43,MSH6,P43246:689:A>Y,1,0.8553411
train-pg_dms__mlp__seed43,MSH6,P43246:689:A>S,0,0.096630596
train-pg_dms__mlp__seed43,MSH6,P43246:689:A>E,1,0.85892177
train-pg_dms__mlp__seed43,MSH6,P43246:689:A>R,1,0.89750046
train-pg_dms__mlp__seed43,MSH6,P43246:689:A>D,1,0.88862455
train-pg_dms__mlp__seed43,MSH6,P43246:689:A>G,0,0.06915431
train-pg_dms__mlp__seed43,MSH6,P43246:689:A>H,1,0.87100995
train-pg_dms__mlp__seed43,MSH6,P43246:689:A>I,0,0.5827921
train-pg_dms__mlp__seed43,MSH6,P43246:689:A>K,1,0.9102099
train-pg_dms__mlp__seed43,MSH6,P43246:689:A>L,1,0.17044385
train-pg_dms__mlp__seed43,MSH6,P43246:689:A>M,0,0.14538737
train-pg_dms__mlp__seed43,MSH6,P43246:689:A>N,1,0.36135495
train-pg_dms__mlp__seed43,MSH6,P43246:689:A>Q,1,0.78116983
train-pg_dms__mlp__seed43,MSH6,P43246:689:A>C,0,0.17435679
train-pg_dms__mlp__seed43,MSH6,P43246:694:F>G,1,0.913597
train-pg_dms__mlp__seed43,MSH6,P43246:694:F>A,1,0.88594675
train-pg_dms__mlp__seed43,MSH6,P43246:694:F>D,1,0.9304562
train-pg_dms__mlp__seed43,MSH6,P43246:694:F>E,1,0.9328556
train-pg_dms__mlp__seed43,MSH6,P43246:694:F>K,1,0.9307279
train-pg_dms__mlp__seed43,MSH6,P43246:694:F>L,0,0.9053607
train-pg_dms__mlp__seed43,MSH6,P43246:694:F>M,0,0.8269919
train-pg_dms__mlp__seed43,MSH6,P43246:694:F>N,0,0.90496504
train-pg_dms__mlp__seed43,MSH6,P43246:694:F>P,1,0.92736644
train-pg_dms__mlp__seed43,MSH6,P43246:694:F>R,1,0.9128816
train-pg_dms__mlp__seed43,MSH6,P43246:694:F>T,1,0.91751915
train-pg_dms__mlp__seed43,MSH6,P43246:694:F>V,1,0.7504818
train-pg_dms__mlp__seed43,MSH6,P43246:694:F>W,0,0.31743222
train-pg_dms__mlp__seed43,MSH6,P43246:694:F>Y,0,0.06739148
train-pg_dms__mlp__seed43,MSH6,P43246:694:F>Q,1,0.9265213
train-pg_dms__mlp__seed43,MSH6,P43246:697:C>M,1,0.9327128
train-pg_dms__mlp__seed43,MSH6,P43246:697:C>Q,1,0.9382747
train-pg_dms__mlp__seed43,MSH6,P43246:697:C>L,0,0.9244019
train-pg_dms__mlp__seed43,MSH6,P43246:697:C>K,1,0.939636
train-pg_dms__mlp__seed43,MSH6,P43246:697:C>I,1,0.92791563
train-pg_dms__mlp__seed43,MSH6,P43246:697:C>S,0,0.162714
train-pg_dms__mlp__seed43,MSH6,P43246:697:C>N,1,0.93437743
train-pg_dms__mlp__seed43,MSH6,P43246:697:C>P,1,0.9387524
train-pg_dms__mlp__seed43,MSH6,P43246:697:C>T,0,0.6917656
train-pg_dms__mlp__seed43,MSH6,P43246:697:C>H,1,0.9385141
train-pg_dms__mlp__seed43,MSH6,P43246:697:C>A,0,0.101092696
train-pg_dms__mlp__seed43,MSH6,P43246:697:C>G,0,0.17414255
train-pg_dms__mlp__seed43,MSH6,P43246:697:C>E,1,0.93940187
train-pg_dms__mlp__seed43,MSH6,P43246:697:C>D,1,0.9386334
train-pg_dms__mlp__seed43,MSH6,P43246:697:C>V,0,0.73856705
train-pg_dms__mlp__seed43,MSH6,P43246:706:D>W,0,0.8589539
train-pg_dms__mlp__seed43,MSH6,P43246:706:D>S,0,0.3674593
train-pg_dms__mlp__seed43,MSH6,P43246:706:D>G,0,0.71196824
train-pg_dms__mlp__seed43,MSH6,P43246:706:D>A,0,0.802576
train-pg_dms__mlp__seed43,MSH6,P43246:706:D>C,0,0.85095024
train-pg_dms__mlp__seed43,MSH6,P43246:706:D>F,1,0.8565814
train-pg_dms__mlp__seed43,MSH6,P43246:706:D>H,0,0.68274707
train-pg_dms__mlp__seed43,MSH6,P43246:706:D>I,0,0.8541617
train-pg_dms__mlp__seed43,MSH6,P43246:706:D>K,0,0.8450666
train-pg_dms__mlp__seed43,MSH6,P43246:706:D>L,1,0.8501084
train-pg_dms__mlp__seed43,MSH6,P43246:706:D>M,0,0.8573774
train-pg_dms__mlp__seed43,MSH6,P43246:706:D>P,0,0.8475555
train-pg_dms__mlp__seed43,MSH6,P43246:706:D>Q,0,0.8325616
train-pg_dms__mlp__seed43,MSH6,P43246:706:D>R,0,0.83919287
train-pg_dms__mlp__seed43,MSH6,P43246:706:D>V,0,0.83838063
train-pg_dms__mlp__seed43,MSH6,P43246:706:D>Y,0,0.8193298
train-pg_dms__mlp__seed43,MSH6,P43246:706:D>T,0,0.78631264
train-pg_dms__mlp__seed43,MSH6,P43246:707:C>A,0,0.06990131
train-pg_dms__mlp__seed43,MSH6,P43246:707:C>W,0,0.6786805
train-pg_dms__mlp__seed43,MSH6,P43246:707:C>V,0,0.38348287
train-pg_dms__mlp__seed43,MSH6,P43246:707:C>T,0,0.14730974
train-pg_dms__mlp__seed43,MSH6,P43246:707:C>S,0,0.08415649
train-pg_dms__mlp__seed43,MSH6,P43246:707:C>R,0,0.19356185
train-pg_dms__mlp__seed43,MSH6,P43246:707:C>Q,0,0.32520583
train-pg_dms__mlp__seed43,MSH6,P43246:707:C>Y,0,0.19678925
train-pg_dms__mlp__seed43,MSH6,P43246:707:C>P,1,0.9045138
train-pg_dms__mlp__seed43,MSH6,P43246:707:C>M,1,0.53828424
train-pg_dms__mlp__seed43,MSH6,P43246:707:C>L,0,0.5779708
train-pg_dms__mlp__seed43,MSH6,P43246:707:C>K,0,0.78748727
train-pg_dms__mlp__seed43,MSH6,P43246:707:C>I,0,0.76319534
train-pg_dms__mlp__seed43,MSH6,P43246:707:C>G,0,0.058513377
train-pg_dms__mlp__seed43,MSH6,P43246:707:C>F,0,0.17843255
train-pg_dms__mlp__seed43,MSH6,P43246:707:C>E,0,0.820074
train-pg_dms__mlp__seed43,MSH6,P43246:707:C>N,0,0.15762314
train-pg_dms__mlp__seed43,MSH6,P43246:707:C>D,0,0.78164804
train-pg_dms__mlp__seed43,MSH6,P43246:709:L>G,0,0.87645787
train-pg_dms__mlp__seed43,MSH6,P43246:709:L>R,0,0.6382636
train-pg_dms__mlp__seed43,MSH6,P43246:709:L>F,0,0.067755215
train-pg_dms__mlp__seed43,MSH6,P43246:709:L>A,0,0.50658095
train-pg_dms__mlp__seed43,MSH6,P43246:709:L>C,0,0.46676287
train-pg_dms__mlp__seed43,MSH6,P43246:709:L>S,0,0.6960248
train-pg_dms__mlp__seed43,MSH6,P43246:709:L>E,0,0.8952157
train-pg_dms__mlp__seed43,MSH6,P43246:709:L>I,0,0.097489886
train-pg_dms__mlp__seed43,MSH6,P43246:709:L>T,0,0.73737186
train-pg_dms__mlp__seed43,MSH6,P43246:709:L>W,0,0.35065925
train-pg_dms__mlp__seed43,MSH6,P43246:709:L>H,0,0.40560755
train-pg_dms__mlp__seed43,MSH6,P43246:709:L>D,0,0.92979145
train-pg_dms__mlp__seed43,MSH6,P43246:709:L>Y,0,0.40617543
train-pg_dms__mlp__seed43,MSH6,P43246:709:L>Q,0,0.36049986
train-pg_dms__mlp__seed43,MSH6,P43246:709:L>P,0,0.92858136
train-pg_dms__mlp__seed43,MSH6,P43246:709:L>N,0,0.87352043
train-pg_dms__mlp__seed43,MSH6,P43246:709:L>M,0,0.058802266
train-pg_dms__mlp__seed43,MSH6,P43246:709:L>K,0,0.8542473
train-pg_dms__mlp__seed43,MSH6,P43246:710:A>C,0,0.14156346
train-pg_dms__mlp__seed43,MSH6,P43246:710:A>D,1,0.9154272
train-pg_dms__mlp__seed43,MSH6,P43246:710:A>E,0,0.9141256
train-pg_dms__mlp__seed43,MSH6,P43246:710:A>F,0,0.9058954
train-pg_dms__mlp__seed43,MSH6,P43246:710:A>H,0,0.9146688
train-pg_dms__mlp__seed43,MSH6,P43246:710:A>Y,0,0.9137962
train-pg_dms__mlp__seed43,MSH6,P43246:710:A>W,0,0.91715485
train-pg_dms__mlp__seed43,MSH6,P43246:710:A>T,0,0.10101373
train-pg_dms__mlp__seed43,MSH6,P43246:710:A>R,1,0.9135721
train-pg_dms__mlp__seed43,MSH6,P43246:710:A>Q,0,0.9061424
train-pg_dms__mlp__seed43,MSH6,P43246:710:A>M,0,0.81277597
train-pg_dms__mlp__seed43,MSH6,P43246:710:A>L,0,0.7035019
train-pg_dms__mlp__seed43,MSH6,P43246:710:A>K,0,0.9169411
train-pg_dms__mlp__seed43,MSH6,P43246:710:A>G,0,0.14723922
train-pg_dms__mlp__seed43,MSH6,P43246:710:A>I,0,0.87484974
train-pg_dms__mlp__seed43,MSH6,P43246:710:A>N,0,0.90271807
train-pg_dms__mlp__seed43,MSH6,P43246:717:S>C,0,0.02647035
train-pg_dms__mlp__seed43,MSH6,P43246:717:S>D,0,0.046265747
train-pg_dms__mlp__seed43,MSH6,P43246:717:S>E,0,0.04963671
train-pg_dms__mlp__seed43,MSH6,P43246:717:S>F,0,0.029163303
train-pg_dms__mlp__seed43,MSH6,P43246:717:S>G,0,0.037260678
train-pg_dms__mlp__seed43,MSH6,P43246:717:S>A,0,0.026276136
train-pg_dms__mlp__seed43,MSH6,P43246:717:S>H,0,0.03243212
train-pg_dms__mlp__seed43,MSH6,P43246:717:S>K,0,0.06379423
train-pg_dms__mlp__seed43,MSH6,P43246:717:S>L,0,0.026213598
train-pg_dms__mlp__seed43,MSH6,P43246:717:S>M,1,0.026287168
train-pg_dms__mlp__seed43,MSH6,P43246:717:S>I,0,0.028750328
train-pg_dms__mlp__seed43,MSH6,P43246:717:S>P,0,0.0655609
train-pg_dms__mlp__seed43,MSH6,P43246:717:S>Q,0,0.03793255
train-pg_dms__mlp__seed43,MSH6,P43246:717:S>R,0,0.056737047
train-pg_dms__mlp__seed43,MSH6,P43246:717:S>T,0,0.026203437
train-pg_dms__mlp__seed43,MSH6,P43246:717:S>V,0,0.027298367
train-pg_dms__mlp__seed43,MSH6,P43246:717:S>W,0,0.03209292
train-pg_dms__mlp__seed43,MSH6,P43246:717:S>Y,0,0.026853813
train-pg_dms__mlp__seed43,MSH6,P43246:717:S>N,0,0.04080289
train-pg_dms__mlp__seed43,MSH6,P43246:726:M>A,0,0.46221638
train-pg_dms__mlp__seed43,MSH6,P43246:726:M>W,0,0.44873714
train-pg_dms__mlp__seed43,MSH6,P43246:726:M>Y,1,0.43626046
train-pg_dms__mlp__seed43,MSH6,P43246:726:M>Q,0,0.3190486
train-pg_dms__mlp__seed43,MSH6,P43246:726:M>P,1,0.4790175
train-pg_dms__mlp__seed43,MSH6,P43246:726:M>E,0,0.47382596
train-pg_dms__mlp__seed43,MSH6,P43246:726:M>F,1,0.098208934
train-pg_dms__mlp__seed43,MSH6,P43246:726:M>G,0,0.469626
train-pg_dms__mlp__seed43,MSH6,P43246:726:M>H,0,0.4308083
train-pg_dms__mlp__seed43,MSH6,P43246:726:M>K,0,0.43775636
train-pg_dms__mlp__seed43,MSH6,P43246:726:M>N,0,0.4722558
train-pg_dms__mlp__seed43,MSH6,P43246:726:M>S,0,0.44823775
train-pg_dms__mlp__seed43,MSH6,P43246:726:M>R,0,0.4249474
train-pg_dms__mlp__seed43,MSH6,P43246:726:M>C,0,0.4417475
train-pg_dms__mlp__seed43,MSH6,P43246:726:M>D,0,0.48057127
train-pg_dms__mlp__seed43,MSH6,P43246:730:L>S,0,0.66141367
train-pg_dms__mlp__seed43,MSH6,P43246:730:L>R,0,0.40880874
train-pg_dms__mlp__seed43,MSH6,P43246:730:L>Q,0,0.26890436
train-pg_dms__mlp__seed43,MSH6,P43246:730:L>P,1,0.8083916
train-pg_dms__mlp__seed43,MSH6,P43246:730:L>N,0,0.59309375
train-pg_dms__mlp__seed43,MSH6,P43246:730:L>V,0,0.033691432
train-pg_dms__mlp__seed43,MSH6,P43246:730:L>T,0,0.12910762
train-pg_dms__mlp__seed43,MSH6,P43246:730:L>Y,0,0.72580814
train-pg_dms__mlp__seed43,MSH6,P43246:730:L>A,0,0.27904925
train-pg_dms__mlp__seed43,MSH6,P43246:730:L>H,0,0.70399135
train-pg_dms__mlp__seed43,MSH6,P43246:730:L>G,0,0.6716068
train-pg_dms__mlp__seed43,MSH6,P43246:730:L>E,0,0.7161955
train-pg_dms__mlp__seed43,MSH6,P43246:730:L>D,0,0.80512255
train-pg_dms__mlp__seed43,MSH6,P43246:730:L>C,0,0.6766461
train-pg_dms__mlp__seed43,MSH6,P43246:730:L>M,0,0.033973936
train-pg_dms__mlp__seed43,MSH6,P43246:730:L>I,0,0.033881087
train-pg_dms__mlp__seed43,MSH6,P43246:730:L>K,0,0.63550895
train-pg_dms__mlp__seed43,MSH6,P43246:731:E>D,0,0.78793114
train-pg_dms__mlp__seed43,MSH6,P43246:731:E>P,0,0.86942977
train-pg_dms__mlp__seed43,MSH6,P43246:731:E>A,0,0.8413336
train-pg_dms__mlp__seed43,MSH6,P43246:731:E>F,0,0.86942977
train-pg_dms__mlp__seed43,MSH6,P43246:731:E>H,0,0.8671582
train-pg_dms__mlp__seed43,MSH6,P43246:731:E>I,0,0.8686769
train-pg_dms__mlp__seed43,MSH6,P43246:731:E>L,0,0.8681726
train-pg_dms__mlp__seed43,MSH6,P43246:731:E>M,0,0.8679197
train-pg_dms__mlp__seed43,MSH6,P43246:731:E>N,0,0.8663903
train-pg_dms__mlp__seed43,MSH6,P43246:731:E>C,0,0.86741245
train-pg_dms__mlp__seed43,MSH6,P43246:731:E>Q,0,0.79248136
train-pg_dms__mlp__seed43,MSH6,P43246:731:E>R,0,0.861191
train-pg_dms__mlp__seed43,MSH6,P43246:731:E>S,0,0.8494682
train-pg_dms__mlp__seed43,MSH6,P43246:731:E>T,0,0.8651017
train-pg_dms__mlp__seed43,MSH6,P43246:731:E>V,0,0.8651017
train-pg_dms__mlp__seed43,MSH6,P43246:731:E>W,0,0.8696798
train-pg_dms__mlp__seed43,MSH6,P43246:731:E>Y,0,0.8686769
train-pg_dms__mlp__seed43,MSH6,P43246:732:T>A,0,0.044854287
train-pg_dms__mlp__seed43,MSH6,P43246:732:T>G,0,0.27074504
train-pg_dms__mlp__seed43,MSH6,P43246:732:T>C,0,0.09378539
train-pg_dms__mlp__seed43,MSH6,P43246:732:T>E,0,0.9310338
train-pg_dms__mlp__seed43,MSH6,P43246:732:T>Y,1,0.932644
train-pg_dms__mlp__seed43,MSH6,P43246:732:T>V,0,0.06008258
train-pg_dms__mlp__seed43,MSH6,P43246:732:T>R,1,0.9322765
train-pg_dms__mlp__seed43,MSH6,P43246:732:T>Q,0,0.9128333
train-pg_dms__mlp__seed43,MSH6,P43246:732:T>W,1,0.94046855
train-pg_dms__mlp__seed43,MSH6,P43246:732:T>K,0,0.9328877
train-pg_dms__mlp__seed43,MSH6,P43246:732:T>P,1,0.93408465
train-pg_dms__mlp__seed43,MSH6,P43246:732:T>M,0,0.042689886
train-pg_dms__mlp__seed43,MSH6,P43246:732:T>L,0,0.07383363
train-pg_dms__mlp__seed43,MSH6,P43246:752:R>G,1,0.7102635
train-pg_dms__mlp__seed43,MSH6,P43246:752:R>A,1,0.7155265
train-pg_dms__mlp__seed43,MSH6,P43246:752:R>C,0,0.7037727
train-pg_dms__mlp__seed43,MSH6,P43246:752:R>M,0,0.71759605
train-pg_dms__mlp__seed43,MSH6,P43246:752:R>E,1,0.6966316
train-pg_dms__mlp__seed43,MSH6,P43246:752:R>Y,0,0.71656287
train-pg_dms__mlp__seed43,MSH6,P43246:752:R>W,0,0.69717985
train-pg_dms__mlp__seed43,MSH6,P43246:752:R>V,0,0.71656287
train-pg_dms__mlp__seed43,MSH6,P43246:752:R>T,1,0.71707976
train-pg_dms__mlp__seed43,MSH6,P43246:752:R>D,1,0.71656287
train-pg_dms__mlp__seed43,MSH6,P43246:752:R>P,1,0.71707976
train-pg_dms__mlp__seed43,MSH6,P43246:752:R>N,0,0.71656287
train-pg_dms__mlp__seed43,MSH6,P43246:752:R>S,1,0.7160451
train-pg_dms__mlp__seed43,MSH6,P43246:752:R>L,0,0.7134442
train-pg_dms__mlp__seed43,MSH6,P43246:752:R>K,0,0.6747172
train-pg_dms__mlp__seed43,MSH6,P43246:752:R>I,1,0.71707976
train-pg_dms__mlp__seed43,MSH6,P43246:752:R>H,0,0.7026795
train-pg_dms__mlp__seed43,MSH6,P43246:752:R>F,0,0.71707976
train-pg_dms__mlp__seed43,MSH6,P43246:760:F>A,0,0.9095548
train-pg_dms__mlp__seed43,MSH6,P43246:760:F>T,0,0.92061096
train-pg_dms__mlp__seed43,MSH6,P43246:760:F>R,0,0.91942275
train-pg_dms__mlp__seed43,MSH6,P43246:760:F>C,0,0.6352984
train-pg_dms__mlp__seed43,MSH6,P43246:760:F>Q,0,0.9262683
train-pg_dms__mlp__seed43,MSH6,P43246:760:F>P,1,0.9297576
train-pg_dms__mlp__seed43,MSH6,P43246:760:F>N,0,0.92071664
train-pg_dms__mlp__seed43,MSH6,P43246:760:F>M,0,0.8576311
train-pg_dms__mlp__seed43,MSH6,P43246:760:F>W,0,0.8500412
train-pg_dms__mlp__seed43,MSH6,P43246:760:F>Y,0,0.09148761
train-pg_dms__mlp__seed43,MSH6,P43246:760:F>V,0,0.79139334
train-pg_dms__mlp__seed43,MSH6,P43246:760:F>L,0,0.92387706
train-pg_dms__mlp__seed43,MSH6,P43246:760:F>K,0,0.92726463
train-pg_dms__mlp__seed43,MSH6,P43246:760:F>I,0,0.8480512
train-pg_dms__mlp__seed43,MSH6,P43246:760:F>H,0,0.92113715
train-pg_dms__mlp__seed43,MSH6,P43246:760:F>G,1,0.92155313
train-pg_dms__mlp__seed43,MSH6,P43246:760:F>E,0,0.92843235
train-pg_dms__mlp__seed43,MSH6,P43246:766:I>M,0,0.19078103
train-pg_dms__mlp__seed43,MSH6,P43246:766:I>H,0,0.7633446
train-pg_dms__mlp__seed43,MSH6,P43246:766:I>L,0,0.11486968
train-pg_dms__mlp__seed43,MSH6,P43246:766:I>A,0,0.6027961
train-pg_dms__mlp__seed43,MSH6,P43246:766:I>V,0,0.10022052
train-pg_dms__mlp__seed43,MSH6,P43246:766:I>D,1,0.7637544
train-pg_dms__mlp__seed43,MSH6,P43246:766:I>E,1,0.7606659
train-pg_dms__mlp__seed43,MSH6,P43246:766:I>F,0,0.66266423
train-pg_dms__mlp__seed43,MSH6,P43246:766:I>G,1,0.7575974
train-pg_dms__mlp__seed43,MSH6,P43246:766:I>P,1,0.76231736
train-pg_dms__mlp__seed43,MSH6,P43246:766:I>R,1,0.7575974
train-pg_dms__mlp__seed43,MSH6,P43246:766:I>S,0,0.69957244
train-pg_dms__mlp__seed43,MSH6,P43246:766:I>C,0,0.71930635
train-pg_dms__mlp__seed43,MSH6,P43246:766:I>W,0,0.764368
train-pg_dms__mlp__seed43,MSH6,P43246:766:I>Y,1,0.76004416
train-pg_dms__mlp__seed43,MSH6,P43246:776:A>K,1,0.87972075
train-pg_dms__mlp__seed43,MSH6,P43246:776:A>L,1,0.6778684
train-pg_dms__mlp__seed43,MSH6,P43246:776:A>M,1,0.72349006
train-pg_dms__mlp__seed43,MSH6,P43246:776:A>N,0,0.74317455
train-pg_dms__mlp__seed43,MSH6,P43246:776:A>P,0,0.48515493
train-pg_dms__mlp__seed43,MSH6,P43246:776:A>Q,1,0.84403294
train-pg_dms__mlp__seed43,MSH6,P43246:776:A>R,1,0.86373496
train-pg_dms__mlp__seed43,MSH6,P43246:776:A>W,1,0.8837751
train-pg_dms__mlp__seed43,MSH6,P43246:776:A>T,0,0.13296476
train-pg_dms__mlp__seed43,MSH6,P43246:776:A>V,1,0.15958047
train-pg_dms__mlp__seed43,MSH6,P43246:776:A>H,1,0.86373496
train-pg_dms__mlp__seed43,MSH6,P43246:776:A>Y,1,0.86979884
train-pg_dms__mlp__seed43,MSH6,P43246:776:A>F,1,0.8604457
train-pg_dms__mlp__seed43,MSH6,P43246:776:A>E,1,0.86540157
train-pg_dms__mlp__seed43,MSH6,P43246:776:A>C,0,0.08746618
train-pg_dms__mlp__seed43,MSH6,P43246:776:A>S,0,0.063613035
train-pg_dms__mlp__seed43,MSH6,P43246:776:A>I,1,0.6842055
train-pg_dms__mlp__seed43,MSH6,P43246:776:A>G,0,0.10929624
train-pg_dms__mlp__seed43,MSH6,P43246:778:C>T,0,0.08696911
train-pg_dms__mlp__seed43,MSH6,P43246:778:C>A,0,0.1658775
train-pg_dms__mlp__seed43,MSH6,P43246:778:C>D,1,0.9209183
train-pg_dms__mlp__seed43,MSH6,P43246:778:C>E,1,0.92293805
train-pg_dms__mlp__seed43,MSH6,P43246:778:C>F,1,0.8882244
train-pg_dms__mlp__seed43,MSH6,P43246:778:C>G,0,0.07388864
train-pg_dms__mlp__seed43,MSH6,P43246:778:C>H,1,0.91838014
train-pg_dms__mlp__seed43,MSH6,P43246:778:C>V,0,0.63875353
train-pg_dms__mlp__seed43,MSH6,P43246:778:C>I,0,0.9047657
train-pg_dms__mlp__seed43,MSH6,P43246:778:C>L,0,0.8765787
train-pg_dms__mlp__seed43,MSH6,P43246:778:C>M,0,0.9005648
train-pg_dms__mlp__seed43,MSH6,P43246:778:C>P,1,0.92205757
train-pg_dms__mlp__seed43,MSH6,P43246:778:C>Q,1,0.9199569
train-pg_dms__mlp__seed43,MSH6,P43246:778:C>R,1,0.91893035
train-pg_dms__mlp__seed43,MSH6,P43246:778:C>S,0,0.07987827
train-pg_dms__mlp__seed43,MSH6,P43246:778:C>K,1,0.9235758
train-pg_dms__mlp__seed43,MSH6,P43246:779:M>C,0,0.30511755
train-pg_dms__mlp__seed43,MSH6,P43246:779:M>W,0,0.85253686
train-pg_dms__mlp__seed43,MSH6,P43246:779:M>V,0,0.06326015
train-pg_dms__mlp__seed43,MSH6,P43246:779:M>T,0,0.18915933
train-pg_dms__mlp__seed43,MSH6,P43246:779:M>S,0,0.68400544
train-pg_dms__mlp__seed43,MSH6,P43246:779:M>R,1,0.83580554
train-pg_dms__mlp__seed43,MSH6,P43246:779:M>Q,0,0.7611598
train-pg_dms__mlp__seed43,MSH6,P43246:779:M>P,1,0.91336024
train-pg_dms__mlp__seed43,MSH6,P43246:779:M>N,0,0.8725781
train-pg_dms__mlp__seed43,MSH6,P43246:779:M>K,0,0.8283723
train-pg_dms__mlp__seed43,MSH6,P43246:779:M>I,0,0.20578787
train-pg_dms__mlp__seed43,MSH6,P43246:779:M>H,0,0.87001896
train-pg_dms__mlp__seed43,MSH6,P43246:779:M>G,1,0.8541769
train-pg_dms__mlp__seed43,MSH6,P43246:779:M>F,0,0.11408701
train-pg_dms__mlp__seed43,MSH6,P43246:779:M>E,1,0.89284325
train-pg_dms__mlp__seed43,MSH6,P43246:779:M>D,1,0.91872984
train-pg_dms__mlp__seed43,MSH6,P43246:779:M>Y,0,0.78523624
train-pg_dms__mlp__seed43,MSH6,P43246:779:M>A,0,0.37206927
train-pg_dms__mlp__seed43,MSH6,P43246:788:T>C,0,0.45859948
train-pg_dms__mlp__seed43,MSH6,P43246:788:T>A,0,0.086448155
train-pg_dms__mlp__seed43,MSH6,P43246:788:T>H,0,0.70645994
train-pg_dms__mlp__seed43,MSH6,P43246:788:T>K,0,0.710906
train-pg_dms__mlp__seed43,MSH6,P43246:788:T>L,0,0.31558323
train-pg_dms__mlp__seed43,MSH6,P43246:788:T>F,0,0.7634037
train-pg_dms__mlp__seed43,MSH6,P43246:788:T>N,0,0.26796544
train-pg_dms__mlp__seed43,MSH6,P43246:788:T>M,1,0.112493224
train-pg_dms__mlp__seed43,MSH6,P43246:788:T>Q,0,0.61881495
train-pg_dms__mlp__seed43,MSH6,P43246:788:T>R,0,0.6250938
train-pg_dms__mlp__seed43,MSH6,P43246:788:T>S,0,0.10245418
train-pg_dms__mlp__seed43,MSH6,P43246:788:T>V,0,0.26153147
train-pg_dms__mlp__seed43,MSH6,P43246:788:T>W,1,0.78492296
train-pg_dms__mlp__seed43,MSH6,P43246:788:T>Y,0,0.76643723
train-pg_dms__mlp__seed43,MSH6,P43246:788:T>E,0,0.7312448
train-pg_dms__mlp__seed43,MSH6,P43246:788:T>P,0,0.25423008
train-pg_dms__mlp__seed43,MSH6,P43246:788:T>G,0,0.21016707
train-pg_dms__mlp__seed43,MSH6,P43246:790:L>F,0,0.29023325
train-pg_dms__mlp__seed43,MSH6,P43246:790:L>P,1,0.779993
train-pg_dms__mlp__seed43,MSH6,P43246:790:L>R,1,0.7066325
train-pg_dms__mlp__seed43,MSH6,P43246:790:L>S,1,0.7453522
train-pg_dms__mlp__seed43,MSH6,P43246:790:L>T,0,0.63061404
train-pg_dms__mlp__seed43,MSH6,P43246:790:L>V,0,0.082004175
train-pg_dms__mlp__seed43,MSH6,P43246:790:L>W,1,0.7246504
train-pg_dms__mlp__seed43,MSH6,P43246:790:L>M,0,0.07093491
train-pg_dms__mlp__seed43,MSH6,P43246:790:L>K,1,0.7283323
train-pg_dms__mlp__seed43,MSH6,P43246:790:L>I,0,0.072934344
train-pg_dms__mlp__seed43,MSH6,P43246:790:L>H,1,0.74513596
train-pg_dms__mlp__seed43,MSH6,P43246:790:L>G,1,0.769695
train-pg_dms__mlp__seed43,MSH6,P43246:790:L>D,1,0.7897171
train-pg_dms__mlp__seed43,MSH6,P43246:790:L>C,0,0.7131718
train-pg_dms__mlp__seed43,MSH6,P43246:790:L>A,0,0.5469595
train-pg_dms__mlp__seed43,MSH6,P43246:790:L>Q,0,0.6597203
train-pg_dms__mlp__seed43,MSH6,P43246:790:L>N,1,0.77205247
train-pg_dms__mlp__seed43,MSH6,P43246:791:A>N,0,0.085056975
train-pg_dms__mlp__seed43,MSH6,P43246:791:A>Y,0,0.32068244
train-pg_dms__mlp__seed43,MSH6,P43246:791:A>W,0,0.6397961
train-pg_dms__mlp__seed43,MSH6,P43246:791:A>R,0,0.17850225
train-pg_dms__mlp__seed43,MSH6,P43246:791:A>C,0,0.12973213
train-pg_dms__mlp__seed43,MSH6,P43246:791:A>Q,0,0.08039262
train-pg_dms__mlp__seed43,MSH6,P43246:791:A>D,0,0.07432478
train-pg_dms__mlp__seed43,MSH6,P43246:791:A>F,0,0.3319739
train-pg_dms__mlp__seed43,MSH6,P43246:791:A>G,0,0.058303937
train-pg_dms__mlp__seed43,MSH6,P43246:791:A>H,0,0.18038443
train-pg_dms__mlp__seed43,MSH6,P43246:791:A>I,0,0.15829015
train-pg_dms__mlp__seed43,MSH6,P43246:791:A>K,0,0.21728723
train-pg_dms__mlp__seed43,MSH6,P43246:791:A>L,0,0.16011392
train-pg_dms__mlp__seed43,MSH6,P43246:791:A>M,1,0.13703422
train-pg_dms__mlp__seed43,MSH6,P43246:791:A>E,0,0.06583847
train-pg_dms__mlp__seed43,MSH6,P43246:795:P>K,0,0.062303938
train-pg_dms__mlp__seed43,MSH6,P43246:795:P>Y,0,0.07403194
train-pg_dms__mlp__seed43,MSH6,P43246:795:P>D,0,0.06454247
train-pg_dms__mlp__seed43,MSH6,P43246:795:P>E,0,0.06289356
train-pg_dms__mlp__seed43,MSH6,P43246:795:P>F,0,0.08255523
train-pg_dms__mlp__seed43,MSH6,P43246:795:P>G,0,0.065297976
train-pg_dms__mlp__seed43,MSH6,P43246:795:P>H,0,0.061665226
train-pg_dms__mlp__seed43,MSH6,P43246:795:P>W,0,0.09993214
train-pg_dms__mlp__seed43,MSH6,P43246:795:P>V,0,0.06462675
train-pg_dms__mlp__seed43,MSH6,P43246:795:P>A,0,0.059473373
train-pg_dms__mlp__seed43,MSH6,P43246:795:P>T,0,0.072607405
train-pg_dms__mlp__seed43,MSH6,P43246:795:P>I,0,0.0698035
train-pg_dms__mlp__seed43,MSH6,P43246:795:P>S,0,0.059944976
train-pg_dms__mlp__seed43,MSH6,P43246:795:P>R,0,0.061396386
train-pg_dms__mlp__seed43,MSH6,P43246:795:P>M,1,0.06892443
train-pg_dms__mlp__seed43,MSH6,P43246:795:P>C,0,0.07252804
train-pg_dms__mlp__seed43,MSH6,P43246:796:T>H,1,0.06256554
train-pg_dms__mlp__seed43,MSH6,P43246:796:T>E,0,0.067947425
train-pg_dms__mlp__seed43,MSH6,P43246:796:T>Y,0,0.06638005
train-pg_dms__mlp__seed43,MSH6,P43246:796:T>W,0,0.13600972
train-pg_dms__mlp__seed43,MSH6,P43246:796:T>V,0,0.05827904
train-pg_dms__mlp__seed43,MSH6,P43246:796:T>R,0,0.059220906
train-pg_dms__mlp__seed43,MSH6,P43246:796:T>Q,0,0.061305378
train-pg_dms__mlp__seed43,MSH6,P43246:796:T>P,0,0.07207052
train-pg_dms__mlp__seed43,MSH6,P43246:796:T>M,0,0.055551775
train-pg_dms__mlp__seed43,MSH6,P43246:796:T>K,0,0.06224307
train-pg_dms__mlp__seed43,MSH6,P43246:796:T>D,0,0.08417018
train-pg_dms__mlp__seed43,MSH6,P43246:796:T>C,0,0.066869326
train-pg_dms__mlp__seed43,MSH6,P43246:796:T>A,0,0.08266333
train-pg_dms__mlp__seed43,MSH6,P43246:796:T>G,0,0.057604976
train-pg_dms__mlp__seed43,MSH6,P43246:796:T>I,0,0.10356966
train-pg_dms__mlp__seed43,MSH6,P43246:796:T>L,0,0.057750992
train-pg_dms__mlp__seed43,MSH6,P43246:796:T>F,0,0.06500447
train-pg_dms__mlp__seed43,MSH6,P43246:798:N>P,1,0.8535942
train-pg_dms__mlp__seed43,MSH6,P43246:798:N>M,0,0.07288305
train-pg_dms__mlp__seed43,MSH6,P43246:798:N>L,0,0.06740826
train-pg_dms__mlp__seed43,MSH6,P43246:798:N>I,0,0.06175438
train-pg_dms__mlp__seed43,MSH6,P43246:798:N>D,0,0.10272842
train-pg_dms__mlp__seed43,MSH6,P43246:798:N>G,0,0.06285887
train-pg_dms__mlp__seed43,MSH6,P43246:798:N>F,0,0.09741199
train-pg_dms__mlp__seed43,MSH6,P43246:798:N>Q,0,0.060176004
train-pg_dms__mlp__seed43,MSH6,P43246:798:N>A,0,0.059063997
train-pg_dms__mlp__seed43,MSH6,P43246:798:N>C,0,0.057329252
train-pg_dms__mlp__seed43,MSH6,P43246:798:N>H,1,0.054933537
train-pg_dms__mlp__seed43,MSH6,P43246:798:N>E,0,0.062058866
train-pg_dms__mlp__seed43,MSH6,P43246:798:N>R,0,0.060065717
train-pg_dms__mlp__seed43,MSH6,P43246:798:N>V,0,0.060326394
train-pg_dms__mlp__seed43,MSH6,P43246:798:N>W,0,0.32315424
train-pg_dms__mlp__seed43,MSH6,P43246:798:N>Y,0,0.05739098
train-pg_dms__mlp__seed43,MSH6,P43246:798:N>S,0,0.09396275
train-pg_dms__mlp__seed43,MSH6,P43246:804:A>K,0,0.5363155
train-pg_dms__mlp__seed43,MSH6,P43246:804:A>M,0,0.413523
train-pg_dms__mlp__seed43,MSH6,P43246:804:A>P,0,0.52591187
train-pg_dms__mlp__seed43,MSH6,P43246:804:A>Y,1,0.5196788
train-pg_dms__mlp__seed43,MSH6,P43246:804:A>W,0,0.53434265
train-pg_dms__mlp__seed43,MSH6,P43246:804:A>L,0,0.32543045
train-pg_dms__mlp__seed43,MSH6,P43246:804:A>R,0,0.52042615
train-pg_dms__mlp__seed43,MSH6,P43246:804:A>S,0,0.06396796
train-pg_dms__mlp__seed43,MSH6,P43246:804:A>D,0,0.53532904
train-pg_dms__mlp__seed43,MSH6,P43246:804:A>E,0,0.532124
train-pg_dms__mlp__seed43,MSH6,P43246:804:A>F,1,0.47615072
train-pg_dms__mlp__seed43,MSH6,P43246:804:A>C,0,0.2206039
train-pg_dms__mlp__seed43,MSH6,P43246:804:A>G,0,0.2027433
train-pg_dms__mlp__seed43,MSH6,P43246:804:A>I,0,0.41228017
train-pg_dms__mlp__seed43,MSH6,P43246:808:E>Y,0,0.03986036
train-pg_dms__mlp__seed43,MSH6,P43246:808:E>G,0,0.034895588
train-pg_dms__mlp__seed43,MSH6,P43246:808:E>W,0,0.08031942
train-pg_dms__mlp__seed43,MSH6,P43246:808:E>V,0,0.035592046
train-pg_dms__mlp__seed43,MSH6,P43246:808:E>T,0,0.03506715
train-pg_dms__mlp__seed43,MSH6,P43246:808:E>S,0,0.034942064
train-pg_dms__mlp__seed43,MSH6,P43246:808:E>R,0,0.035066236
train-pg_dms__mlp__seed43,MSH6,P43246:808:E>C,0,0.045110043
train-pg_dms__mlp__seed43,MSH6,P43246:808:E>Q,0,0.034950748
train-pg_dms__mlp__seed43,MSH6,P43246:808:E>N,0,0.034945652
train-pg_dms__mlp__seed43,MSH6,P43246:808:E>M,0,0.037889786
train-pg_dms__mlp__seed43,MSH6,P43246:808:E>D,0,0.034870856
train-pg_dms__mlp__seed43,MSH6,P43246:808:E>L,0,0.0371454
train-pg_dms__mlp__seed43,MSH6,P43246:808:E>I,0,0.037446234
train-pg_dms__mlp__seed43,MSH6,P43246:808:E>F,0,0.055558536
train-pg_dms__mlp__seed43,MSH6,P43246:808:E>P,0,0.035735924
train-pg_dms__mlp__seed43,MSH6,P43246:808:E>A,0,0.034961455
train-pg_dms__mlp__seed43,MSH6,P43246:808:E>H,0,0.035509784
train-pg_dms__mlp__seed43,MSH6,P43246:811:L>H,0,0.3841766
train-pg_dms__mlp__seed43,MSH6,P43246:811:L>M,0,0.045434143
train-pg_dms__mlp__seed43,MSH6,P43246:811:L>I,0,0.042602222
train-pg_dms__mlp__seed43,MSH6,P43246:811:L>Q,0,0.37100512
train-pg_dms__mlp__seed43,MSH6,P43246:811:L>R,0,0.35630214
train-pg_dms__mlp__seed43,MSH6,P43246:811:L>G,1,0.40941912
train-pg_dms__mlp__seed43,MSH6,P43246:811:L>F,0,0.07383516
train-pg_dms__mlp__seed43,MSH6,P43246:811:L>E,0,0.40698186
train-pg_dms__mlp__seed43,MSH6,P43246:811:L>D,0,0.42102128
train-pg_dms__mlp__seed43,MSH6,P43246:811:L>S,1,0.40378526
train-pg_dms__mlp__seed43,MSH6,P43246:811:L>T,0,0.3259241
train-pg_dms__mlp__seed43,MSH6,P43246:811:L>V,0,0.043357946
train-pg_dms__mlp__seed43,MSH6,P43246:811:L>W,0,0.32257006
train-pg_dms__mlp__seed43,MSH6,P43246:811:L>Y,0,0.36075678
train-pg_dms__mlp__seed43,MSH6,P43246:811:L>C,0,0.3321274
train-pg_dms__mlp__seed43,MSH6,P43246:811:L>A,1,0.3321274
train-pg_dms__mlp__seed43,MSH6,P43246:811:L>N,0,0.4075228
train-pg_dms__mlp__seed43,MSH6,P43246:811:L>P,1,0.3922087
train-pg_dms__mlp__seed43,MSH6,P43246:812:T>A,0,0.06642443
train-pg_dms__mlp__seed43,MSH6,P43246:812:T>C,0,0.35382903
train-pg_dms__mlp__seed43,MSH6,P43246:812:T>E,0,0.75453186
train-pg_dms__mlp__seed43,MSH6,P43246:812:T>F,0,0.6549789
train-pg_dms__mlp__seed43,MSH6,P43246:812:T>G,1,0.591951
train-pg_dms__mlp__seed43,MSH6,P43246:812:T>H,0,0.3323098
train-pg_dms__mlp__seed43,MSH6,P43246:812:T>I,0,0.14268045
train-pg_dms__mlp__seed43,MSH6,P43246:812:T>L,0,0.07078724
train-pg_dms__mlp__seed43,MSH6,P43246:812:T>M,0,0.053425815
train-pg_dms__mlp__seed43,MSH6,P43246:812:T>N,0,0.2514789
train-pg_dms__mlp__seed43,MSH6,P43246:812:T>P,0,0.76101047
train-pg_dms__mlp__seed43,MSH6,P43246:812:T>Q,0,0.26174748
train-pg_dms__mlp__seed43,MSH6,P43246:812:T>R,0,0.3585191
train-pg_dms__mlp__seed43,MSH6,P43246:812:T>S,0,0.17726278
train-pg_dms__mlp__seed43,MSH6,P43246:812:T>Y,0,0.67804307
train-pg_dms__mlp__seed43,MSH6,P43246:812:T>W,0,0.81268126
train-pg_dms__mlp__seed43,MSH6,P43246:812:T>V,0,0.056288183
train-pg_dms__mlp__seed43,MSH6,P43246:812:T>K,0,0.4843739
train-pg_dms__mlp__seed43,MSH6,P43246:817:V>I,0,0.050301123
train-pg_dms__mlp__seed43,MSH6,P43246:817:V>C,0,0.9024654
train-pg_dms__mlp__seed43,MSH6,P43246:817:V>A,0,0.84770733
train-pg_dms__mlp__seed43,MSH6,P43246:817:V>D,1,0.92302215
train-pg_dms__mlp__seed43,MSH6,P43246:817:V>F,0,0.8179072
train-pg_dms__mlp__seed43,MSH6,P43246:817:V>G,1,0.81147224
train-pg_dms__mlp__seed43,MSH6,P43246:817:V>N,0,0.9130337
train-pg_dms__mlp__seed43,MSH6,P43246:817:V>M,1,0.3888963
train-pg_dms__mlp__seed43,MSH6,P43246:817:V>P,1,0.9184627
train-pg_dms__mlp__seed43,MSH6,P43246:817:V>Q,0,0.91358244
train-pg_dms__mlp__seed43,MSH6,P43246:817:V>R,1,0.90799844
train-pg_dms__mlp__seed43,MSH6,P43246:817:V>S,0,0.9057983
train-pg_dms__mlp__seed43,MSH6,P43246:817:V>T,0,0.86156964
train-pg_dms__mlp__seed43,MSH6,P43246:817:V>L,0,0.2618835
train-pg_dms__mlp__seed43,MSH6,P43246:817:V>W,1,0.9248789
train-pg_dms__mlp__seed43,MSH6,P43246:817:V>K,1,0.9138553
train-pg_dms__mlp__seed43,MSH6,P43246:821:V>F,0,0.04887122
train-pg_dms__mlp__seed43,MSH6,P43246:821:V>E,0,0.08358305
train-pg_dms__mlp__seed43,MSH6,P43246:821:V>C,0,0.22100338
train-pg_dms__mlp__seed43,MSH6,P43246:821:V>R,0,0.10059847
train-pg_dms__mlp__seed43,MSH6,P43246:821:V>N,0,0.067986816
train-pg_dms__mlp__seed43,MSH6,P43246:821:V>P,0,0.065657996
train-pg_dms__mlp__seed43,MSH6,P43246:821:V>Q,0,0.09127808
train-pg_dms__mlp__seed43,MSH6,P43246:821:V>G,0,0.051514402
train-pg_dms__mlp__seed43,MSH6,P43246:821:V>S,0,0.04715355
train-pg_dms__mlp__seed43,MSH6,P43246:821:V>T,0,0.04862484
train-pg_dms__mlp__seed43,MSH6,P43246:821:V>W,0,0.7026402
train-pg_dms__mlp__seed43,MSH6,P43246:821:V>Y,0,0.20021139
train-pg_dms__mlp__seed43,MSH6,P43246:821:V>D,0,0.16143383
train-pg_dms__mlp__seed43,MSH6,P43246:821:V>H,0,0.32531527
train-pg_dms__mlp__seed43,MSH6,P43246:821:V>A,0,0.045042813
train-pg_dms__mlp__seed43,MSH6,P43246:821:V>K,0,0.1435297
train-pg_dms__mlp__seed43,MSH6,P43246:821:V>M,0,0.0471375
train-pg_dms__mlp__seed43,MSH6,P43246:821:V>I,0,0.042682044
train-pg_dms__mlp__seed43,MSH6,P43246:834:A>Y,0,0.62111574
train-pg_dms__mlp__seed43,MSH6,P43246:834:A>W,0,0.638706
train-pg_dms__mlp__seed43,MSH6,P43246:834:A>V,0,0.044564854
train-pg_dms__mlp__seed43,MSH6,P43246:834:A>S,0,0.04475012
train-pg_dms__mlp__seed43,MSH6,P43246:834:A>R,0,0.5831989
train-pg_dms__mlp__seed43,MSH6,P43246:834:A>Q,0,0.5518571
train-pg_dms__mlp__seed43,MSH6,P43246:834:A>P,1,0.6183688
train-pg_dms__mlp__seed43,MSH6,P43246:834:A>M,0,0.25861964
train-pg_dms__mlp__seed43,MSH6,P43246:834:A>L,0,0.0762064
train-pg_dms__mlp__seed43,MSH6,P43246:834:A>N,0,0.5974021
train-pg_dms__mlp__seed43,MSH6,P43246:834:A>I,0,0.12955017
train-pg_dms__mlp__seed43,MSH6,P43246:834:A>H,0,0.6242391
train-pg_dms__mlp__seed43,MSH6,P43246:834:A>F,0,0.5908043
train-pg_dms__mlp__seed43,MSH6,P43246:834:A>E,0,0.61718434
train-pg_dms__mlp__seed43,MSH6,P43246:834:A>D,1,0.638706
train-pg_dms__mlp__seed43,MSH6,P43246:834:A>C,0,0.08431525
train-pg_dms__mlp__seed43,MSH6,P43246:834:A>K,0,0.6367423
train-pg_dms__mlp__seed43,MSH6,P43246:836:F>I,0,0.26543888
train-pg_dms__mlp__seed43,MSH6,P43246:836:F>H,1,0.6943705
train-pg_dms__mlp__seed43,MSH6,P43246:836:F>G,1,0.70351243
train-pg_dms__mlp__seed43,MSH6,P43246:836:F>E,1,0.7048521
train-pg_dms__mlp__seed43,MSH6,P43246:836:F>D,1,0.70518637
train-pg_dms__mlp__seed43,MSH6,P43246:836:F>C,0,0.64500517
train-pg_dms__mlp__seed43,MSH6,P43246:836:F>A,0,0.6967572
train-pg_dms__mlp__seed43,MSH6,P43246:836:F>L,0,0.6536082
train-pg_dms__mlp__seed43,MSH6,P43246:836:F>M,0,0.46361068
train-pg_dms__mlp__seed43,MSH6,P43246:836:F>K,1,0.70351243
train-pg_dms__mlp__seed43,MSH6,P43246:836:F>W,0,0.65248805
train-pg_dms__mlp__seed43,MSH6,P43246:836:F>V,0,0.36712846
train-pg_dms__mlp__seed43,MSH6,P43246:836:F>T,0,0.6967572
train-pg_dms__mlp__seed43,MSH6,P43246:836:F>R,1,0.69811577
train-pg_dms__mlp__seed43,MSH6,P43246:836:F>Q,0,0.70082176
train-pg_dms__mlp__seed43,MSH6,P43246:836:F>P,1,0.7061849
train-pg_dms__mlp__seed43,MSH6,P43246:836:F>N,1,0.70048434
train-pg_dms__mlp__seed43,MSH6,P43246:836:F>Y,0,0.33312067
train-pg_dms__mlp__seed43,MSH6,P43246:837:P>T,0,0.68213946
train-pg_dms__mlp__seed43,MSH6,P43246:837:P>L,1,0.7003361
train-pg_dms__mlp__seed43,MSH6,P43246:837:P>S,0,0.44647405
train-pg_dms__mlp__seed43,MSH6,P43246:837:P>R,0,0.6756598
train-pg_dms__mlp__seed43,MSH6,P43246:837:P>Q,0,0.6741291
train-pg_dms__mlp__seed43,MSH6,P43246:837:P>N,0,0.70368
train-pg_dms__mlp__seed43,MSH6,P43246:837:P>M,0,0.7146214
train-pg_dms__mlp__seed43,MSH6,P43246:837:P>K,0,0.69793046
train-pg_dms__mlp__seed43,MSH6,P43246:837:P>W,1,0.71552503
train-pg_dms__mlp__seed43,MSH6,P43246:837:P>I,1,0.7152993
train-pg_dms__mlp__seed43,MSH6,P43246:837:P>G,0,0.69367486
train-pg_dms__mlp__seed43,MSH6,P43246:837:P>F,1,0.71620125
train-pg_dms__mlp__seed43,MSH6,P43246:837:P>E,0,0.6943847
train-pg_dms__mlp__seed43,MSH6,P43246:837:P>Y,0,0.7150734
train-pg_dms__mlp__seed43,MSH6,P43246:837:P>D,0,0.6946211
train-pg_dms__mlp__seed43,MSH6,P43246:837:P>C,0,0.71187186
train-pg_dms__mlp__seed43,MSH6,P43246:837:P>A,0,0.6486366
train-pg_dms__mlp__seed43,MSH6,P43246:837:P>H,0,0.67916816
train-pg_dms__mlp__seed43,MSH6,P43246:837:P>V,1,0.71187186
train-pg_dms__mlp__seed43,MSH6,P43246:841:I>K,0,0.38761044
train-pg_dms__mlp__seed43,MSH6,P43246:841:I>L,0,0.083061494
train-pg_dms__mlp__seed43,MSH6,P43246:841:I>P,1,0.9105032
train-pg_dms__mlp__seed43,MSH6,P43246:841:I>N,0,0.6858928
train-pg_dms__mlp__seed43,MSH6,P43246:841:I>H,0,0.89828
train-pg_dms__mlp__seed43,MSH6,P43246:841:I>Q,0,0.7070917
train-pg_dms__mlp__seed43,MSH6,P43246:841:I>R,0,0.17712231
train-pg_dms__mlp__seed43,MSH6,P43246:841:I>S,0,0.24228029
train-pg_dms__mlp__seed43,MSH6,P43246:841:I>T,0,0.082739234
train-pg_dms__mlp__seed43,MSH6,P43246:841:I>V,0,0.069726065
train-pg_dms__mlp__seed43,MSH6,P43246:841:I>Y,0,0.8999093
train-pg_dms__mlp__seed43,MSH6,P43246:841:I>G,0,0.8517602
train-pg_dms__mlp__seed43,MSH6,P43246:841:I>W,0,0.9144722
train-pg_dms__mlp__seed43,MSH6,P43246:841:I>E,0,0.85660714
train-pg_dms__mlp__seed43,MSH6,P43246:841:I>F,0,0.5390468
train-pg_dms__mlp__seed43,MSH6,P43246:841:I>D,1,0.9198715
train-pg_dms__mlp__seed43,MSH6,P43246:841:I>C,0,0.717351
train-pg_dms__mlp__seed43,MSH6,P43246:841:I>A,0,0.0961222
train-pg_dms__mlp__seed43,MSH6,P43246:844:A>E,0,0.8696796
train-pg_dms__mlp__seed43,MSH6,P43246:844:A>D,1,0.8720075
train-pg_dms__mlp__seed43,MSH6,P43246:844:A>C,0,0.7947555
train-pg_dms__mlp__seed43,MSH6,P43246:844:A>G,0,0.1709368
train-pg_dms__mlp__seed43,MSH6,P43246:844:A>H,1,0.87076545
train-pg_dms__mlp__seed43,MSH6,P43246:844:A>F,0,0.8712329
train-pg_dms__mlp__seed43,MSH6,P43246:844:A>M,0,0.86260015
train-pg_dms__mlp__seed43,MSH6,P43246:844:A>L,0,0.8542545
train-pg_dms__mlp__seed43,MSH6,P43246:844:A>P,1,0.6355491
train-pg_dms__mlp__seed43,MSH6,P43246:844:A>Q,0,0.85296607
train-pg_dms__mlp__seed43,MSH6,P43246:844:A>R,1,0.8629355
train-pg_dms__mlp__seed43,MSH6,P43246:844:A>Y,0,0.8720075
train-pg_dms__mlp__seed43,MSH6,P43246:844:A>W,0,0.87292933
train-pg_dms__mlp__seed43,MSH6,P43246:844:A>V,0,0.8446915
train-pg_dms__mlp__seed43,MSH6,P43246:844:A>I,0,0.870139
train-pg_dms__mlp__seed43,MSH6,P43246:844:A>S,0,0.04932954
train-pg_dms__mlp__seed43,MSH6,P43246:853:E>H,0,0.031769913
train-pg_dms__mlp__seed43,MSH6,P43246:853:E>M,0,0.032620095
train-pg_dms__mlp__seed43,MSH6,P43246:853:E>G,0,0.04454675
train-pg_dms__mlp__seed43,MSH6,P43246:853:E>A,0,0.038039327
train-pg_dms__mlp__seed43,MSH6,P43246:853:E>Q,0,0.030847678
train-pg_dms__mlp__seed43,MSH6,P43246:853:E>I,0,0.032252606
train-pg_dms__mlp__seed43,MSH6,P43246:853:E>K,0,0.030794691
train-pg_dms__mlp__seed43,MSH6,P43246:853:E>L,0,0.0325226
train-pg_dms__mlp__seed43,MSH6,P43246:853:E>C,0,0.040396117
train-pg_dms__mlp__seed43,MSH6,P43246:853:E>D,0,0.031084908
train-pg_dms__mlp__seed43,MSH6,P43246:853:E>P,0,0.04230972
train-pg_dms__mlp__seed43,MSH6,P43246:853:E>F,0,0.040647168
train-pg_dms__mlp__seed43,MSH6,P43246:853:E>R,0,0.030689018
train-pg_dms__mlp__seed43,MSH6,P43246:853:E>S,0,0.03083257
train-pg_dms__mlp__seed43,MSH6,P43246:853:E>Y,0,0.033506807
train-pg_dms__mlp__seed43,MSH6,P43246:853:E>W,0,0.05047286
train-pg_dms__mlp__seed43,MSH6,P43246:853:E>V,0,0.030631835
train-pg_dms__mlp__seed43,MSH6,P43246:853:E>T,0,0.030789506
train-pg_dms__mlp__seed43,MSH6,P43246:853:E>N,0,0.03082748
train-pg_dms__mlp__seed43,MSH6,P43246:855:Q>T,0,0.026789363
train-pg_dms__mlp__seed43,MSH6,P43246:855:Q>V,0,0.026216038
train-pg_dms__mlp__seed43,MSH6,P43246:855:Q>W,0,0.028045462
train-pg_dms__mlp__seed43,MSH6,P43246:855:Q>Y,0,0.026689176
train-pg_dms__mlp__seed43,MSH6,P43246:855:Q>D,0,0.02617653
train-pg_dms__mlp__seed43,MSH6,P43246:855:Q>E,0,0.03454695
train-pg_dms__mlp__seed43,MSH6,P43246:855:Q>F,0,0.031180847
train-pg_dms__mlp__seed43,MSH6,P43246:855:Q>A,0,0.026672995
train-pg_dms__mlp__seed43,MSH6,P43246:855:Q>C,0,0.027411584
train-pg_dms__mlp__seed43,MSH6,P43246:855:Q>G,0,0.026777335
train-pg_dms__mlp__seed43,MSH6,P43246:855:Q>I,0,0.02644328
train-pg_dms__mlp__seed43,MSH6,P43246:855:Q>L,0,0.026821688
train-pg_dms__mlp__seed43,MSH6,P43246:855:Q>N,0,0.026493419
train-pg_dms__mlp__seed43,MSH6,P43246:855:Q>P,0,0.026810521
train-pg_dms__mlp__seed43,MSH6,P43246:855:Q>R,0,0.036051705
train-pg_dms__mlp__seed43,MSH6,P43246:855:Q>S,0,0.0357533
train-pg_dms__mlp__seed43,MSH6,P43246:856:Y>A,0,0.02729013
train-pg_dms__mlp__seed43,MSH6,P43246:856:Y>K,0,0.027099188
train-pg_dms__mlp__seed43,MSH6,P43246:856:Y>D,0,0.027530635
train-pg_dms__mlp__seed43,MSH6,P43246:856:Y>N,0,0.027657373
train-pg_dms__mlp__seed43,MSH6,P43246:856:Y>M,0,0.026814764
train-pg_dms__mlp__seed43,MSH6,P43246:856:Y>L,0,0.027039781
train-pg_dms__mlp__seed43,MSH6,P43246:856:Y>C,0,0.033711612
train-pg_dms__mlp__seed43,MSH6,P43246:856:Y>R,0,0.027156303
train-pg_dms__mlp__seed43,MSH6,P43246:856:Y>S,0,0.027572379
train-pg_dms__mlp__seed43,MSH6,P43246:856:Y>T,0,0.027380742
train-pg_dms__mlp__seed43,MSH6,P43246:856:Y>V,0,0.027293967
train-pg_dms__mlp__seed43,MSH6,P43246:856:Y>W,0,0.026359398
train-pg_dms__mlp__seed43,MSH6,P43246:856:Y>P,0,0.026447082
train-pg_dms__mlp__seed43,MSH6,P43246:856:Y>Q,0,0.02714782
train-pg_dms__mlp__seed43,MSH6,P43246:856:Y>I,0,0.027128424
train-pg_dms__mlp__seed43,MSH6,P43246:856:Y>G,0,0.027362537
train-pg_dms__mlp__seed43,MSH6,P43246:856:Y>E,0,0.027047478
train-pg_dms__mlp__seed43,MSH6,P43246:859:E>Y,0,0.025916526
train-pg_dms__mlp__seed43,MSH6,P43246:859:E>W,0,0.03028872
train-pg_dms__mlp__seed43,MSH6,P43246:859:E>V,0,0.02585512
train-pg_dms__mlp__seed43,MSH6,P43246:859:E>G,0,0.030664321
train-pg_dms__mlp__seed43,MSH6,P43246:859:E>F,0,0.026296774
train-pg_dms__mlp__seed43,MSH6,P43246:859:E>D,0,0.025901439
train-pg_dms__mlp__seed43,MSH6,P43246:859:E>C,0,0.027009955
train-pg_dms__mlp__seed43,MSH6,P43246:859:E>A,0,0.025870856
train-pg_dms__mlp__seed43,MSH6,P43246:859:E>T,0,0.02586533
train-pg_dms__mlp__seed43,MSH6,P43246:859:E>S,0,0.025881601
train-pg_dms__mlp__seed43,MSH6,P43246:859:E>H,0,0.025847174
train-pg_dms__mlp__seed43,MSH6,P43246:859:E>L,0,0.025852488
train-pg_dms__mlp__seed43,MSH6,P43246:859:E>M,0,0.02588881
train-pg_dms__mlp__seed43,MSH6,P43246:859:E>N,0,0.025872428
train-pg_dms__mlp__seed43,MSH6,P43246:859:E>P,0,0.025873313
train-pg_dms__mlp__seed43,MSH6,P43246:859:E>Q,0,0.025886923
train-pg_dms__mlp__seed43,MSH6,P43246:859:E>R,0,0.025853101
train-pg_dms__mlp__seed43,MSH6,P43246:859:E>K,0,0.03134192
train-pg_dms__mlp__seed43,MSH6,P43246:859:E>I,0,0.025842756
train-pg_dms__mlp__seed43,MSH6,P43246:860:S>H,0,0.023923956
train-pg_dms__mlp__seed43,MSH6,P43246:860:S>Y,0,0.023923408
train-pg_dms__mlp__seed43,MSH6,P43246:860:S>W,0,0.024047166
train-pg_dms__mlp__seed43,MSH6,P43246:860:S>I,0,0.023923341
train-pg_dms__mlp__seed43,MSH6,P43246:860:S>T,0,0.023954103
train-pg_dms__mlp__seed43,MSH6,P43246:860:S>R,0,0.023948468
train-pg_dms__mlp__seed43,MSH6,P43246:860:S>Q,0,0.02394172
train-pg_dms__mlp__seed43,MSH6,P43246:860:S>P,0,0.023945564
train-pg_dms__mlp__seed43,MSH6,P43246:860:S>N,0,0.023952607
train-pg_dms__mlp__seed43,MSH6,P43246:860:S>V,0,0.023923
train-pg_dms__mlp__seed43,MSH6,P43246:860:S>D,0,0.023921864
train-pg_dms__mlp__seed43,MSH6,P43246:860:S>G,0,0.023953
train-pg_dms__mlp__seed43,MSH6,P43246:860:S>F,0,0.02392603
train-pg_dms__mlp__seed43,MSH6,P43246:860:S>E,0,0.023930628
train-pg_dms__mlp__seed43,MSH6,P43246:860:S>A,0,0.023948222
train-pg_dms__mlp__seed43,MSH6,P43246:860:S>K,0,0.02394603
train-pg_dms__mlp__seed43,MSH6,P43246:860:S>C,0,0.023932265
train-pg_dms__mlp__seed43,MSH6,P43246:860:S>M,0,0.02392775
train-pg_dms__mlp__seed43,MSH6,P43246:861:Q>V,0,0.025843712
train-pg_dms__mlp__seed43,MSH6,P43246:861:Q>F,0,0.026815124
train-pg_dms__mlp__seed43,MSH6,P43246:861:Q>G,0,0.025824696
train-pg_dms__mlp__seed43,MSH6,P43246:861:Q>H,0,0.02582439
train-pg_dms__mlp__seed43,MSH6,P43246:861:Q>T,0,0.025823142
train-pg_dms__mlp__seed43,MSH6,P43246:861:Q>L,0,0.028652826
train-pg_dms__mlp__seed43,MSH6,P43246:861:Q>A,0,0.025823899
train-pg_dms__mlp__seed43,MSH6,P43246:861:Q>C,0,0.026239049
train-pg_dms__mlp__seed43,MSH6,P43246:861:Q>D,0,0.025828896
train-pg_dms__mlp__seed43,MSH6,P43246:861:Q>E,0,0.030388786
train-pg_dms__mlp__seed43,MSH6,P43246:861:Q>M,0,0.025953813
train-pg_dms__mlp__seed43,MSH6,P43246:861:Q>P,0,0.025824552
train-pg_dms__mlp__seed43,MSH6,P43246:861:Q>R,0,0.025825122
train-pg_dms__mlp__seed43,MSH6,P43246:861:Q>S,0,0.025823113
train-pg_dms__mlp__seed43,MSH6,P43246:861:Q>I,0,0.025901422
train-pg_dms__mlp__seed43,MSH6,P43246:861:Q>Y,0,0.02597625
train-pg_dms__mlp__seed43,MSH6,P43246:861:Q>W,0,0.02640846
train-pg_dms__mlp__seed43,MSH6,P43246:863:Y>R,0,0.025150856
train-pg_dms__mlp__seed43,MSH6,P43246:863:Y>V,0,0.025164135
train-pg_dms__mlp__seed43,MSH6,P43246:863:Y>W,0,0.025520548
train-pg_dms__mlp__seed43,MSH6,P43246:863:Y>T,0,0.02514134
train-pg_dms__mlp__seed43,MSH6,P43246:863:Y>S,0,0.025120558
train-pg_dms__mlp__seed43,MSH6,P43246:863:Y>Q,0,0.025163637
train-pg_dms__mlp__seed43,MSH6,P43246:863:Y>D,0,0.025124967
train-pg_dms__mlp__seed43,MSH6,P43246:863:Y>N,0,0.025117733
train-pg_dms__mlp__seed43,MSH6,P43246:863:Y>M,0,0.025321852
train-pg_dms__mlp__seed43,MSH6,P43246:863:Y>L,0,0.025214974
train-pg_dms__mlp__seed43,MSH6,P43246:863:Y>K,0,0.025156286
train-pg_dms__mlp__seed43,MSH6,P43246:863:Y>I,0,0.02519149
train-pg_dms__mlp__seed43,MSH6,P43246:863:Y>H,0,0.025145367
train-pg_dms__mlp__seed43,MSH6,P43246:863:Y>P,0,0.025307823
train-pg_dms__mlp__seed43,MSH6,P43246:863:Y>F,0,0.025151888
train-pg_dms__mlp__seed43,MSH6,P43246:863:Y>E,0,0.025176378
train-pg_dms__mlp__seed43,MSH6,P43246:863:Y>C,0,0.029976279
train-pg_dms__mlp__seed43,MSH6,P43246:863:Y>A,0,0.025156643
train-pg_dms__mlp__seed43,MSH6,P43246:863:Y>G,0,0.02514178
train-pg_dms__mlp__seed43,MSH6,P43246:865:I>P,0,0.031168977
train-pg_dms__mlp__seed43,MSH6,P43246:865:I>Q,0,0.030413825
train-pg_dms__mlp__seed43,MSH6,P43246:865:I>R,0,0.0303017
train-pg_dms__mlp__seed43,MSH6,P43246:865:I>S,0,0.03026324
train-pg_dms__mlp__seed43,MSH6,P43246:865:I>T,0,0.038676858
train-pg_dms__mlp__seed43,MSH6,P43246:865:I>V,0,0.037434176
train-pg_dms__mlp__seed43,MSH6,P43246:865:I>W,0,0.03424855
train-pg_dms__mlp__seed43,MSH6,P43246:865:I>Y,0,0.030851722
train-pg_dms__mlp__seed43,MSH6,P43246:865:I>N,0,0.030232042
train-pg_dms__mlp__seed43,MSH6,P43246:865:I>F,0,0.030449092
train-pg_dms__mlp__seed43,MSH6,P43246:865:I>A,0,0.030311622
train-pg_dms__mlp__seed43,MSH6,P43246:865:I>C,0,0.03155884
train-pg_dms__mlp__seed43,MSH6,P43246:865:I>D,0,0.030389385
train-pg_dms__mlp__seed43,MSH6,P43246:865:I>E,0,0.030358816
train-pg_dms__mlp__seed43,MSH6,P43246:865:I>G,0,0.03063664
train-pg_dms__mlp__seed43,MSH6,P43246:865:I>H,0,0.030600704
train-pg_dms__mlp__seed43,MSH6,P43246:865:I>K,0,0.030306652
train-pg_dms__mlp__seed43,MSH6,P43246:865:I>L,0,0.030327171
train-pg_dms__mlp__seed43,MSH6,P43246:870:A>T,0,0.030880507
train-pg_dms__mlp__seed43,MSH6,P43246:870:A>I,0,0.023806538
train-pg_dms__mlp__seed43,MSH6,P43246:870:A>K,0,0.02398104
train-pg_dms__mlp__seed43,MSH6,P43246:870:A>W,0,0.030926986
train-pg_dms__mlp__seed43,MSH6,P43246:870:A>Y,0,0.024651527
train-pg_dms__mlp__seed43,MSH6,P43246:870:A>V,0,0.030608086
train-pg_dms__mlp__seed43,MSH6,P43246:870:A>L,0,0.023817178
train-pg_dms__mlp__seed43,MSH6,P43246:870:A>S,0,0.024099763
train-pg_dms__mlp__seed43,MSH6,P43246:870:A>R,0,0.02388267
train-pg_dms__mlp__seed43,MSH6,P43246:870:A>Q,0,0.023836708
train-pg_dms__mlp__seed43,MSH6,P43246:870:A>P,0,0.023807812
train-pg_dms__mlp__seed43,MSH6,P43246:870:A>H,0,0.024902688
train-pg_dms__mlp__seed43,MSH6,P43246:870:A>N,0,0.023851039
train-pg_dms__mlp__seed43,MSH6,P43246:870:A>M,1,0.023822721
train-pg_dms__mlp__seed43,MSH6,P43246:870:A>C,0,0.024519825
train-pg_dms__mlp__seed43,MSH6,P43246:870:A>D,0,0.024192858
train-pg_dms__mlp__seed43,MSH6,P43246:870:A>E,0,0.032922223
train-pg_dms__mlp__seed43,MSH6,P43246:870:A>F,0,0.02414463
train-pg_dms__mlp__seed43,MSH6,P43246:870:A>G,0,0.029738545
train-pg_dms__mlp__seed43,MSH6,P43246:887:F>W,0,0.06449512
train-pg_dms__mlp__seed43,MSH6,P43246:887:F>V,0,0.04158267
train-pg_dms__mlp__seed43,MSH6,P43246:887:F>S,0,0.6180436
train-pg_dms__mlp__seed43,MSH6,P43246:887:F>R,1,0.838561
train-pg_dms__mlp__seed43,MSH6,P43246:887:F>Q,0,0.83677137
train-pg_dms__mlp__seed43,MSH6,P43246:887:F>P,1,0.8881515
train-pg_dms__mlp__seed43,MSH6,P43246:887:F>N,0,0.75602716
train-pg_dms__mlp__seed43,MSH6,P43246:887:F>M,0,0.055747706
train-pg_dms__mlp__seed43,MSH6,P43246:887:F>T,0,0.29001468
train-pg_dms__mlp__seed43,MSH6,P43246:887:F>K,0,0.85564077
train-pg_dms__mlp__seed43,MSH6,P43246:887:F>I,0,0.041599598
train-pg_dms__mlp__seed43,MSH6,P43246:887:F>H,0,0.5768332
train-pg_dms__mlp__seed43,MSH6,P43246:887:F>G,0,0.784442
train-pg_dms__mlp__seed43,MSH6,P43246:887:F>E,0,0.86248964
train-pg_dms__mlp__seed43,MSH6,P43246:887:F>D,0,0.86766815
train-pg_dms__mlp__seed43,MSH6,P43246:887:F>C,0,0.044486813
train-pg_dms__mlp__seed43,MSH6,P43246:887:F>A,0,0.45379582
train-pg_dms__mlp__seed43,MSH6,P43246:887:F>Y,0,0.03985364
train-pg_dms__mlp__seed43,MSH6,P43246:887:F>L,0,0.34425235
train-pg_dms__mlp__seed43,MSH6,P43246:889:S>N,0,0.036534656
train-pg_dms__mlp__seed43,MSH6,P43246:889:S>M,0,0.036584727
train-pg_dms__mlp__seed43,MSH6,P43246:889:S>I,0,0.03656469
train-pg_dms__mlp__seed43,MSH6,P43246:889:S>P,0,0.06866977
train-pg_dms__mlp__seed43,MSH6,P43246:889:S>Y,0,0.036557492
train-pg_dms__mlp__seed43,MSH6,P43246:889:S>W,0,0.036566216
train-pg_dms__mlp__seed43,MSH6,P43246:889:S>V,0,0.03656894
train-pg_dms__mlp__seed43,MSH6,P43246:889:S>T,0,0.036529317
train-pg_dms__mlp__seed43,MSH6,P43246:889:S>L,0,0.036528893
train-pg_dms__mlp__seed43,MSH6,P43246:889:S>K,0,0.03657145
train-pg_dms__mlp__seed43,MSH6,P43246:889:S>Q,0,0.036563713
train-pg_dms__mlp__seed43,MSH6,P43246:889:S>H,0,0.03658728
train-pg_dms__mlp__seed43,MSH6,P43246:889:S>G,0,0.03653411
train-pg_dms__mlp__seed43,MSH6,P43246:889:S>E,0,0.036580212
train-pg_dms__mlp__seed43,MSH6,P43246:889:S>D,0,0.036577173
train-pg_dms__mlp__seed43,MSH6,P43246:889:S>A,0,0.03652129
train-pg_dms__mlp__seed43,MSH6,P43246:889:S>R,0,0.036563702
train-pg_dms__mlp__seed43,MSH6,P43246:895:P>Y,0,0.046291217
train-pg_dms__mlp__seed43,MSH6,P43246:895:P>D,0,0.039761953
train-pg_dms__mlp__seed43,MSH6,P43246:895:P>C,0,0.044042334
train-pg_dms__mlp__seed43,MSH6,P43246:895:P>A,0,0.03890684
train-pg_dms__mlp__seed43,MSH6,P43246:895:P>L,0,0.07171622
train-pg_dms__mlp__seed43,MSH6,P43246:895:P>K,0,0.03991421
train-pg_dms__mlp__seed43,MSH6,P43246:895:P>H,0,0.039598916
train-pg_dms__mlp__seed43,MSH6,P43246:895:P>I,0,0.044286154
train-pg_dms__mlp__seed43,MSH6,P43246:895:P>F,0,0.0658982
train-pg_dms__mlp__seed43,MSH6,P43246:895:P>M,0,0.045185536
train-pg_dms__mlp__seed43,MSH6,P43246:895:P>G,0,0.040373974
train-pg_dms__mlp__seed43,MSH6,P43246:895:P>Q,0,0.039332997
train-pg_dms__mlp__seed43,MSH6,P43246:895:P>R,0,0.03956058
train-pg_dms__mlp__seed43,MSH6,P43246:895:P>T,0,0.03891565
train-pg_dms__mlp__seed43,MSH6,P43246:895:P>V,0,0.04074125
train-pg_dms__mlp__seed43,MSH6,P43246:895:P>W,0,0.100684315
train-pg_dms__mlp__seed43,MSH6,P43246:895:P>E,0,0.03992807
train-pg_dms__mlp__seed43,MSH6,P43246:895:P>N,0,0.0395842
train-pg_dms__mlp__seed43,MSH6,P43246:897:T>W,0,0.048558883
train-pg_dms__mlp__seed43,MSH6,P43246:897:T>V,0,0.044893093
train-pg_dms__mlp__seed43,MSH6,P43246:897:T>S,0,0.044711247
train-pg_dms__mlp__seed43,MSH6,P43246:897:T>R,0,0.044989053
train-pg_dms__mlp__seed43,MSH6,P43246:897:T>Q,0,0.04527398
train-pg_dms__mlp__seed43,MSH6,P43246:897:T>P,0,0.04482528
train-pg_dms__mlp__seed43,MSH6,P43246:897:T>N,0,0.04480268
train-pg_dms__mlp__seed43,MSH6,P43246:897:T>M,0,0.044827625
train-pg_dms__mlp__seed43,MSH6,P43246:897:T>A,0,0.04460081
train-pg_dms__mlp__seed43,MSH6,P43246:897:T>K,0,0.04502935
train-pg_dms__mlp__seed43,MSH6,P43246:897:T>L,0,0.044790816
train-pg_dms__mlp__seed43,MSH6,P43246:897:T>C,0,0.046309177
train-pg_dms__mlp__seed43,MSH6,P43246:897:T>D,0,0.04536669
train-pg_dms__mlp__seed43,MSH6,P43246:897:T>E,0,0.045151692
train-pg_dms__mlp__seed43,MSH6,P43246:897:T>Y,0,0.04566468
train-pg_dms__mlp__seed43,MSH6,P43246:897:T>G,0,0.045282766
train-pg_dms__mlp__seed43,MSH6,P43246:897:T>H,0,0.045339268
train-pg_dms__mlp__seed43,MSH6,P43246:897:T>I,0,0.04505352
train-pg_dms__mlp__seed43,MSH6,P43246:897:T>F,0,0.045856625
train-pg_dms__mlp__seed43,MSH6,P43246:915:V>M,0,0.06669218
train-pg_dms__mlp__seed43,MSH6,P43246:915:V>G,0,0.10295635
train-pg_dms__mlp__seed43,MSH6,P43246:915:V>F,0,0.08557486
train-pg_dms__mlp__seed43,MSH6,P43246:915:V>E,0,0.41143692
train-pg_dms__mlp__seed43,MSH6,P43246:915:V>D,0,0.5696914
train-pg_dms__mlp__seed43,MSH6,P43246:915:V>C,0,0.33473304
train-pg_dms__mlp__seed43,MSH6,P43246:915:V>A,0,0.11001841
train-pg_dms__mlp__seed43,MSH6,P43246:915:V>I,0,0.055452626
train-pg_dms__mlp__seed43,MSH6,P43246:915:V>H,0,0.6114308
train-pg_dms__mlp__seed43,MSH6,P43246:915:V>N,0,0.35898513
train-pg_dms__mlp__seed43,MSH6,P43246:915:V>P,0,0.6454036
train-pg_dms__mlp__seed43,MSH6,P43246:915:V>Q,0,0.48467973
train-pg_dms__mlp__seed43,MSH6,P43246:915:V>R,1,0.5298163
train-pg_dms__mlp__seed43,MSH6,P43246:915:V>S,0,0.15664105
train-pg_dms__mlp__seed43,MSH6,P43246:915:V>T,0,0.093764775
train-pg_dms__mlp__seed43,MSH6,P43246:915:V>Y,0,0.37732404
train-pg_dms__mlp__seed43,MSH6,P43246:921:S>Y,0,0.050027832
train-pg_dms__mlp__seed43,MSH6,P43246:921:S>A,0,0.047552288
train-pg_dms__mlp__seed43,MSH6,P43246:921:S>C,0,0.048337035
train-pg_dms__mlp__seed43,MSH6,P43246:921:S>W,0,0.061215702
train-pg_dms__mlp__seed43,MSH6,P43246:921:S>E,0,0.05801176
train-pg_dms__mlp__seed43,MSH6,P43246:921:S>F,0,0.0519001
train-pg_dms__mlp__seed43,MSH6,P43246:921:S>G,1,0.06388867
train-pg_dms__mlp__seed43,MSH6,P43246:921:S>I,0,0.048774883
train-pg_dms__mlp__seed43,MSH6,P43246:921:S>K,0,0.058264922
train-pg_dms__mlp__seed43,MSH6,P43246:921:S>D,0,0.052803632
train-pg_dms__mlp__seed43,MSH6,P43246:921:S>M,0,0.053486906
train-pg_dms__mlp__seed43,MSH6,P43246:921:S>N,0,0.04827431
train-pg_dms__mlp__seed43,MSH6,P43246:921:S>P,0,0.06505392
train-pg_dms__mlp__seed43,MSH6,P43246:921:S>Q,0,0.05726041
train-pg_dms__mlp__seed43,MSH6,P43246:921:S>R,0,0.053647928
train-pg_dms__mlp__seed43,MSH6,P43246:921:S>T,0,0.06360924
train-pg_dms__mlp__seed43,MSH6,P43246:921:S>V,0,0.049434513
train-pg_dms__mlp__seed43,MSH6,P43246:921:S>L,0,0.04857198
train-pg_dms__mlp__seed43,MSH6,P43246:926:I>R,0,0.09505006
train-pg_dms__mlp__seed43,MSH6,P43246:926:I>Q,0,0.11992516
train-pg_dms__mlp__seed43,MSH6,P43246:926:I>P,0,0.24845076
train-pg_dms__mlp__seed43,MSH6,P43246:926:I>L,0,0.049079902
train-pg_dms__mlp__seed43,MSH6,P43246:926:I>K,0,0.108595654
train-pg_dms__mlp__seed43,MSH6,P43246:926:I>H,0,0.14541613
train-pg_dms__mlp__seed43,MSH6,P43246:926:I>A,0,0.09599013
train-pg_dms__mlp__seed43,MSH6,P43246:926:I>W,0,0.17314826
train-pg_dms__mlp__seed43,MSH6,P43246:926:I>T,0,0.08822797
train-pg_dms__mlp__seed43,MSH6,P43246:926:I>G,0,0.18875252
train-pg_dms__mlp__seed43,MSH6,P43246:926:I>F,0,0.055736724
train-pg_dms__mlp__seed43,MSH6,P43246:926:I>E,0,0.16105042
train-pg_dms__mlp__seed43,MSH6,P43246:926:I>D,0,0.21586531
train-pg_dms__mlp__seed43,MSH6,P43246:926:I>C,0,0.11646411
train-pg_dms__mlp__seed43,MSH6,P43246:926:I>V,0,0.061794717
train-pg_dms__mlp__seed43,MSH6,P43246:931:K>Y,0,0.08231229
train-pg_dms__mlp__seed43,MSH6,P43246:931:K>N,0,0.051524878
train-pg_dms__mlp__seed43,MSH6,P43246:931:K>T,0,0.048260182
train-pg_dms__mlp__seed43,MSH6,P43246:931:K>S,0,0.051643856
train-pg_dms__mlp__seed43,MSH6,P43246:931:K>R,0,0.04762666
train-pg_dms__mlp__seed43,MSH6,P43246:931:K>P,0,0.05555001
train-pg_dms__mlp__seed43,MSH6,P43246:931:K>M,0,0.055266358
train-pg_dms__mlp__seed43,MSH6,P43246:931:K>L,0,0.059985325
train-pg_dms__mlp__seed43,MSH6,P43246:931:K>V,0,0.05616176
train-pg_dms__mlp__seed43,MSH6,P43246:931:K>I,0,0.059165455
train-pg_dms__mlp__seed43,MSH6,P43246:931:K>G,0,0.052725334
train-pg_dms__mlp__seed43,MSH6,P43246:931:K>F,0,0.11515542
train-pg_dms__mlp__seed43,MSH6,P43246:931:K>E,0,0.054315347
train-pg_dms__mlp__seed43,MSH6,P43246:931:K>D,0,0.05337987
train-pg_dms__mlp__seed43,MSH6,P43246:931:K>A,0,0.051802017
train-pg_dms__mlp__seed43,MSH6,P43246:931:K>H,0,0.053421095
train-pg_dms__mlp__seed43,MSH6,P43246:931:K>W,0,0.14073831
train-pg_dms__mlp__seed43,PMS2,P43246:636:A>P,1,0.49612784
train-pg_dms__mlp__seed43,PMS2,P43246:577:I>T,0,0.53310394
train-pg_dms__mlp__seed43,PMS2,P43246:336:P>S,0,0.058301672
train-pg_dms__mlp__seed43,PMS2,P43246:409:Q>K,0,0.090075545
train-pg_dms__mlp__seed43,PMS2,P43246:453:M>K,0,0.76515836
train-pg_dms__mlp__seed43,PMS2,P43246:46:H>Q,0,0.4574065
train-pg_dms__mlp__seed43,PMS2,P43246:554:S>G,0,0.041658536
train-pg_dms__mlp__seed43,PMS2,P43246:554:S>C,0,0.041318182
train-pg_dms__mlp__seed43,PMS2,P43246:554:S>T,0,0.04164211
train-pg_dms__mlp__seed43,PMS2,P43246:687:L>P,1,0.87927747
train-pg_dms__mlp__seed43,PMS2,P43246:697:C>R,1,0.9378979
train-pg_dms__mlp__seed43,PMS2,P43246:697:C>F,1,0.93691576
train-pg_dms__mlp__seed43,PMS2,P43246:71:G>D,0,0.07151026
train-pg_dms__mlp__seed43,PMS2,P43246:834:A>T,0,0.30751967
train-pg_dms__mlp__seed43,PMS2,P43246:886:E>G,0,0.04674816
train-pg_dms__mlp__seed43,PMS2,P43246:163:V>D,1,0.92257303
train-pg_dms__mlp__seed43,PMS2,P43246:163:V>G,1,0.28959647
train-pg_dms__mlp__seed43,PMS2,P43246:164:G>R,1,0.92838067
train-pg_dms__mlp__seed43,PMS2,P43246:173:L>P,1,0.59151495
train-pg_dms__mlp__seed43,PMS2,P43246:173:L>R,1,0.80507123
train-pg_dms__mlp__seed43,PMS2,P43246:175:L>P,1,0.91499436
train-pg_dms__mlp__seed43,PMS2,P43246:177:E>K,0,0.09460469
train-pg_dms__mlp__seed43,PMS2,P43246:187:L>P,1,0.59251004
train-pg_dms__mlp__seed43,PMS2,P43246:187:L>R,1,0.56777066
train-pg_dms__mlp__seed43,PMS2,P43246:265:V>I,0,0.07910666
train-pg_dms__mlp__seed43,PMS2,P43246:606:V>D,0,0.6516358
train-pg_dms__mlp__seed43,PMS2,P43246:358:E>A,0,0.12453883
train-pg_dms__mlp__seed43,PMS2,P43246:534:R>P,1,0.53292024
train-pg_dms__mlp__seed43,PMS2,P43246:71:G>R,0,0.11176444
train-pg_dms__mlp__seed43,PMS2,P43246:250:G>V,0,0.05080389
train-pg_dms__mlp__seed43,PMS2,P43246:461:D>G,0,0.06896195
train-pg_dms__mlp__seed43,PMS2,P43246:177:E>V,0,0.065008804
train-pg_dms__mlp__seed43,PMS2,P43246:595:L>R,1,0.71895814
train-pg_dms__mlp__seed43,PMS2,P43246:697:C>Y,1,0.94037724
train-pg_dms__mlp__seed43,PMS2,P43246:164:G>E,1,0.9287625
train-pg_dms__mlp__seed43,PMS2,P43246:727:A>P,0,0.4328971
train-pg_dms__mlp__seed43,PMS2,P43246:125:P>L,1,0.32918695
train-pg_dms__mlp__seed43,PMS2,P43246:862:G>R,0,0.039033283
train-pg_dms__mlp__seed43,PMS2,P43246:906:I>V,0,0.10230701
train-pg_dms__mlp__seed43,PMS2,P43246:724:T>A,0,0.5342921
train-pg_dms__mlp__seed43,PMS2,P43246:422:E>K,0,0.09063457
train-pg_dms__mlp__seed43,PMS2,P43246:499:A>P,1,0.82592386
train-pg_dms__mlp__seed43,PMS2,P43246:13:S>R,0,0.1934804
train-pg_dms__mlp__seed43,PMS2,P43246:61:Q>E,0,0.048558027
train-pg_dms__mlp__seed43,PMS2,P43246:602:L>P,1,0.90880024
train-pg_dms__mlp__seed43,PMS2,P43246:398:A>T,0,0.07356835
train-pg_dms__mlp__seed43,PMS2,P43246:855:Q>H,0,0.05854746
train-pg_dms__mlp__seed43,PMS2,P43246:597:D>V,0,0.08070449
train-pg_dms__mlp__seed43,PMS2,P43246:624:I>V,0,0.07970948
train-pg_dms__mlp__seed43,PMS2,P43246:876:E>G,0,0.0832865
train-pg_dms__mlp__seed43,PMS2,P43246:107:A>D,1,0.07348925
train-pg_dms__mlp__seed43,PMS2,P43246:178:F>L,0,0.36232778
train-pg_dms__mlp__seed43,PMS2,P43246:187:L>I,0,0.07298524
train-pg_dms__mlp__seed43,PMS2,P43246:187:L>F,0,0.10523311
train-pg_dms__mlp__seed43,PMS2,P43246:205:E>D,0,0.057438646
train-pg_dms__mlp__seed43,PMS2,P43246:250:G>R,0,0.07983792
train-pg_dms__mlp__seed43,PMS2,P43246:242:N>H,0,0.10112754
train-pg_dms__mlp__seed43,PMS2,P43246:554:S>N,0,0.041416045
train-pg_dms__mlp__seed43,PMS2,P43246:563:Y>N,0,0.18204115
train-pg_dms__mlp__seed43,PMS2,P43246:593:Q>H,0,0.07191182
train-pg_dms__mlp__seed43,PMS2,P43246:107:A>V,1,0.037807647
train-pg_dms__mlp__seed43,PMS2,P43246:724:T>R,0,0.5397015
train-pg_dms__mlp__seed43,PMS2,P43246:832:E>K,0,0.044053245
train-pg_dms__mlp__seed43,PMS2,P43246:511:I>M,0,0.13301077
train-pg_dms__mlp__seed43,PMS2,P43246:852:E>K,0,0.07975459
train-pg_dms__mlp__seed43,PMS2,P43246:595:L>V,0,0.07632175
train-pg_dms__mlp__seed43,PMS2,P43246:678:Y>C,0,0.27591178
train-pg_dms__mlp__seed43,PMS2,P43246:445:S>A,0,0.10448765
train-pg_dms__mlp__seed43,PMS2,P43246:618:P>L,0,0.110849835
train-pg_dms__mlp__seed43,PMS2,P43246:862:G>V,0,0.033066045
train-pg_dms__mlp__seed43,PMS2,P43246:177:E>G,0,0.0623175
train-pg_dms__mlp__seed43,PMS2,P43246:149:G>A,0,0.122246124
train-pg_dms__mlp__seed43,PMS2,P43246:177:E>D,0,0.11736671
train-pg_dms__mlp__seed43,PMS2,P43246:125:P>T,0,0.5029883
train-pg_dms__mlp__seed43,PMS2,P43246:46:H>P,0,0.47597608
train-pg_dms__mlp__seed43,PMS2,P43246:263:N>S,0,0.0489782
train-pg_dms__mlp__seed43,PMS2,P43246:77:S>R,0,0.4479136
train-pg_dms__mlp__seed43,PMS2,P43246:781:A>T,1,0.70831937
train-pg_dms__mlp__seed43,PMS2,P43246:438:T>I,0,0.08409679
train-pg_dms__mlp__seed43,PMS2,P43246:593:Q>L,0,0.06742811
train-pg_dms__mlp__seed43,PMS2,P43246:784:F>L,0,0.5517301
train-pg_dms__mlp__seed43,PMS2,P43246:382:R>S,0,0.26822558
train-pg_dms__mlp__seed43,PMS2,P43246:827:G>R,0,0.17583582
train-pg_dms__mlp__seed43,PMS2,P43246:178:F>Y,0,0.0726159
train-pg_dms__mlp__seed43,PMS2,P43246:729:M>V,0,0.6771318
train-pg_dms__mlp__seed43,PMS2,P43246:360:L>W,0,0.22717525
train-pg_dms__mlp__seed43,PMS2,P43246:695:V>M,1,0.7417913
train-pg_dms__mlp__seed43,PMS2,P43246:894:M>R,0,0.113537066
train-pg_dms__mlp__seed43,PMS2,P43246:20:V>L,0,0.09666433
train-pg_dms__mlp__seed43,PMS2,P43246:363:V>M,0,0.39432937
train-pg_dms__mlp__seed43,PMS2,P43246:436:F>S,0,0.6299004
train-pg_dms__mlp__seed43,PMS2,P43246:553:N>K,1,0.56251717
train-pg_dms__mlp__seed43,PMS2,P43246:557:T>A,0,0.10030089
train-pg_dms__mlp__seed43,PMS2,P43246:618:P>S,0,0.07484037
train-pg_dms__mlp__seed43,PMS2,P43246:321:T>A,0,0.03073498
train-pg_dms__mlp__seed43,PMS2,P43246:59:K>R,0,0.057987873
train-pg_dms__mlp__seed43,PMS2,P43246:68:G>V,0,0.14379154
train-pg_dms__mlp__seed43,PMS2,P43246:411:I>V,0,0.070996776
train-pg_dms__mlp__seed43,PMS2,P43246:618:P>A,0,0.073846176
train-pg_dms__mlp__seed43,PMS2,P43246:711:R>P,1,0.8817409
train-pg_dms__mlp__seed43,PMS2,P43246:894:M>I,0,0.06668639
train-pg_dms__mlp__seed43,PMS2,P43246:577:I>L,0,0.101056084
train-pg_dms__mlp__seed43,PMS2,P43246:595:L>P,1,0.8604572
train-pg_dms__mlp__seed43,PMS2,P43246:293:T>I,0,0.07270972
train-pg_dms__mlp__seed43,PMS2,P43246:571:E>G,0,0.1320197
train-pg_dms__mlp__seed43,PMS2,P43246:579:K>E,0,0.1303337
train-pg_dms__mlp__seed43,PMS2,P43246:820:G>A,0,0.49062005
train-pg_dms__mlp__seed43,PMS2,P43246:861:Q>K,0,0.02921535
train-pg_dms__mlp__seed43,PMS2,P43246:221:G>E,0,0.044747982
train-pg_dms__mlp__seed43,PMS2,P43246:346:I>V,0,0.1359708
train-pg_dms__mlp__seed43,PMS2,P43246:799:N>K,0,0.8801554
train-pg_dms__mlp__seed43,PMS2,P43246:438:T>P,0,0.08514522
train-pg_dms__mlp__seed43,PMS2,P43246:695:V>A,0,0.67906404
train-pg_dms__mlp__seed43,PMS2,P43246:486:N>Y,0,0.07283718
train-pg_dms__mlp__seed43,PMS2,P43246:279:L>P,0,0.36483145
train-pg_dms__mlp__seed43,PMS2,P43246:419:Q>E,0,0.07837676
train-pg_dms__mlp__seed43,PMS2,P43246:799:N>S,0,0.121778
train-pg_dms__mlp__seed43,PMS2,P43246:378:E>K,0,0.09776401
train-pg_dms__mlp__seed43,PMS2,P43246:731:E>G,0,0.5319297
train-pg_dms__mlp__seed43,PMS2,P43246:411:I>M,1,0.07214643
train-pg_dms__mlp__seed43,PMS2,P43246:563:Y>H,0,0.18145843
train-pg_dms__mlp__seed43,PMS2,P43246:382:R>L,0,0.14976007
train-pg_dms__mlp__seed43,PMS2,P43246:665:H>P,1,0.6756474
train-pg_dms__mlp__seed43,PMS2,P43246:459:D>G,1,0.44983202
train-pg_dms__mlp__seed43,PMS2,P43246:438:T>S,1,0.110202685
train-pg_dms__mlp__seed43,PMS2,P43246:276:F>C,1,0.07574433
train-pg_dms__mlp__seed43,PMS2,P43246:336:P>L,0,0.058756415
train-pg_dms__mlp__seed43,PMS2,P43246:166:V>L,0,0.179495
train-pg_dms__mlp__seed43,PMS2,P43246:307:V>F,0,0.0662859
train-pg_dms__mlp__seed43,PMS2,P43246:382:R>P,0,0.18808633
train-pg_dms__mlp__seed43,PMS2,P43246:409:Q>R,0,0.116445355
train-pg_dms__mlp__seed43,PMS2,P43246:475:D>A,0,0.30291533
train-pg_dms__mlp__seed43,PMS2,P43246:500:A>V,0,0.5839222
train-pg_dms__mlp__seed43,PMS2,P43246:499:A>T,0,0.064891055
train-pg_dms__mlp__seed43,PMS2,P43246:6:K>R,0,0.08732218
train-pg_dms__mlp__seed43,PMS2,P43246:539:F>L,0,0.6501869
train-pg_dms__mlp__seed43,PMS2,P43246:624:I>T,0,0.60363823
train-pg_dms__mlp__seed43,PMS2,P43246:687:L>R,1,0.8691729
train-pg_dms__mlp__seed43,PMS2,P43246:727:A>T,0,0.045232207
train-pg_dms__mlp__seed43,PMS2,P43246:818:K>R,0,0.07359227
train-pg_dms__mlp__seed43,PMS2,P43246:820:G>R,0,0.6746425
train-pg_dms__mlp__seed43,PMS2,P43246:820:G>C,0,0.50121737
train-pg_dms__mlp__seed43,PMS2,P43246:77:S>G,0,0.08654794
train-pg_dms__mlp__seed43,PMS2,P43246:934:T>A,0,0.070294864
train-pg_dms__mlp__seed43,PMS2,P43246:834:A>G,0,0.12240202
train-pg_dms__mlp__seed43,PMS2,P43246:695:V>L,0,0.5912715
train-pg_dms__mlp__seed43,PMS2,P43246:386:D>H,0,0.40551874
train-pg_dms__mlp__seed43,PMS2,P43246:697:C>W,1,0.9411032
train-pg_dms__mlp__seed43,PMS2,P43246:919:N>H,0,0.06903394
train-pg_dms__mlp__seed43,PMS2,P43246:476:P>R,0,0.07465737
train-pg_dms__mlp__seed43,PMS2,P43246:53:A>V,0,0.09618182
train-pg_dms__mlp__seed43,PMS2,P43246:885:Q>L,0,0.044180863
train-pg_dms__mlp__seed43,PMS2,P43246:163:V>I,0,0.0788291
train-pg_dms__mlp__seed43,PMS2,P43246:499:A>S,0,0.1004385
train-pg_dms__mlp__seed43,PMS2,P43246:476:P>L,0,0.06942411
train-pg_dms__mlp__seed43,PMS2,P43246:428:H>Y,0,0.07682021
train-pg_dms__mlp__seed43,PMS2,P43246:419:Q>R,0,0.07883828
train-pg_dms__mlp__seed43,PMS2,P43246:405:Y>D,1,0.56815827
train-pg_dms__mlp__seed43,PMS2,P43246:325:S>T,0,0.06670316
train-pg_dms__mlp__seed43,PMS2,P43246:831:A>G,0,0.04776154
train-pg_dms__mlp__seed43,PMS2,P43246:16:E>K,0,0.22455563
train-pg_dms__mlp__seed43,PMS2,P43246:788:T>I,1,0.50053567
train-pg_dms__mlp__seed43,PMS2,P43246:589:V>L,0,0.06284009
train-pg_dms__mlp__seed43,PMS2,P43246:325:S>C,0,0.0672472
train-pg_dms__mlp__seed43,PMS2,P43246:6:K>C,0,0.40477803
train-pg_dms__mlp__seed43,PMS2,P43246:6:K>D,0,0.35999852
train-pg_dms__mlp__seed43,PMS2,P43246:6:K>A,0,0.19879572
train-pg_dms__mlp__seed43,PMS2,P43246:6:K>F,0,0.43908232
train-pg_dms__mlp__seed43,PMS2,P43246:6:K>G,0,0.17978537
train-pg_dms__mlp__seed43,PMS2,P43246:6:K>H,0,0.2516076
train-pg_dms__mlp__seed43,PMS2,P43246:6:K>I,0,0.33996335
train-pg_dms__mlp__seed43,PMS2,P43246:6:K>L,0,0.29800168
train-pg_dms__mlp__seed43,PMS2,P43246:6:K>M,0,0.29988632
train-pg_dms__mlp__seed43,PMS2,P43246:6:K>N,0,0.27892384
train-pg_dms__mlp__seed43,PMS2,P43246:6:K>E,0,0.1496506
train-pg_dms__mlp__seed43,PMS2,P43246:6:K>P,0,0.2580566
train-pg_dms__mlp__seed43,PMS2,P43246:6:K>S,0,0.28681085
train-pg_dms__mlp__seed43,PMS2,P43246:6:K>T,0,0.17254806
train-pg_dms__mlp__seed43,PMS2,P43246:6:K>V,0,0.25042912
train-pg_dms__mlp__seed43,PMS2,P43246:6:K>W,0,0.43478906
train-pg_dms__mlp__seed43,PMS2,P43246:6:K>Q,0,0.101365484
train-pg_dms__mlp__seed43,PMS2,P43246:6:K>Y,0,0.417369
train-pg_dms__mlp__seed43,PMS2,P43246:13:S>Q,0,0.08999122
train-pg_dms__mlp__seed43,PMS2,P43246:13:S>P,0,0.06311342
train-pg_dms__mlp__seed43,PMS2,P43246:13:S>N,0,0.07602087
train-pg_dms__mlp__seed43,PMS2,P43246:13:S>M,0,0.069217846
train-pg_dms__mlp__seed43,PMS2,P43246:13:S>L,0,0.067142785
train-pg_dms__mlp__seed43,PMS2,P43246:13:S>K,0,0.14229113
train-pg_dms__mlp__seed43,PMS2,P43246:13:S>G,0,0.06013548
train-pg_dms__mlp__seed43,PMS2,P43246:13:S>H,0,0.085102156
train-pg_dms__mlp__seed43,PMS2,P43246:13:S>F,0,0.08507287
train-pg_dms__mlp__seed43,PMS2,P43246:13:S>D,0,0.091783434
train-pg_dms__mlp__seed43,PMS2,P43246:13:S>C,0,0.06543114
train-pg_dms__mlp__seed43,PMS2,P43246:13:S>A,0,0.06075364
train-pg_dms__mlp__seed43,PMS2,P43246:13:S>I,0,0.100485966
train-pg_dms__mlp__seed43,PMS2,P43246:13:S>T,0,0.07916528
train-pg_dms__mlp__seed43,PMS2,P43246:13:S>E,0,0.10544631
train-pg_dms__mlp__seed43,PMS2,P43246:13:S>W,0,0.12273649
train-pg_dms__mlp__seed43,PMS2,P43246:13:S>Y,0,0.08219828
train-pg_dms__mlp__seed43,PMS2,P43246:13:S>V,0,0.06521237
train-pg_dms__mlp__seed43,PMS2,P43246:16:E>I,0,0.1713371
train-pg_dms__mlp__seed43,PMS2,P43246:16:E>H,0,0.2001067
train-pg_dms__mlp__seed43,PMS2,P43246:16:E>G,0,0.09152606
train-pg_dms__mlp__seed43,PMS2,P43246:16:E>A,0,0.12066128
train-pg_dms__mlp__seed43,PMS2,P43246:16:E>C,0,0.22206703
train-pg_dms__mlp__seed43,PMS2,P43246:16:E>F,0,0.22097522
train-pg_dms__mlp__seed43,PMS2,P43246:16:E>L,0,0.167445
train-pg_dms__mlp__seed43,PMS2,P43246:16:E>M,0,0.19032961
train-pg_dms__mlp__seed43,PMS2,P43246:16:E>S,0,0.09681895
train-pg_dms__mlp__seed43,PMS2,P43246:16:E>Y,0,0.21091047
train-pg_dms__mlp__seed43,PMS2,P43246:16:E>W,0,0.23428932
train-pg_dms__mlp__seed43,PMS2,P43246:16:E>V,0,0.11067062
train-pg_dms__mlp__seed43,PMS2,P43246:16:E>T,0,0.112181515
train-pg_dms__mlp__seed43,PMS2,P43246:16:E>R,0,0.16486622
train-pg_dms__mlp__seed43,PMS2,P43246:16:E>Q,0,0.08577026
train-pg_dms__mlp__seed43,PMS2,P43246:16:E>P,0,0.18844989
train-pg_dms__mlp__seed43,PMS2,P43246:18:G>F,0,0.18955252
train-pg_dms__mlp__seed43,PMS2,P43246:18:G>N,0,0.11729767
train-pg_dms__mlp__seed43,PMS2,P43246:18:G>M,1,0.18445696
train-pg_dms__mlp__seed43,PMS2,P43246:18:G>L,0,0.15773165
train-pg_dms__mlp__seed43,PMS2,P43246:18:G>K,0,0.2345318
train-pg_dms__mlp__seed43,PMS2,P43246:18:G>I,0,0.1426371
train-pg_dms__mlp__seed43,PMS2,P43246:18:G>H,0,0.20980105
train-pg_dms__mlp__seed43,PMS2,P43246:18:G>E,0,0.21017374
train-pg_dms__mlp__seed43,PMS2,P43246:18:G>V,0,0.13286895
train-pg_dms__mlp__seed43,PMS2,P43246:18:G>S,0,0.06917804
train-pg_dms__mlp__seed43,PMS2,P43246:18:G>T,0,0.08042186
train-pg_dms__mlp__seed43,PMS2,P43246:18:G>D,0,0.2727277
train-pg_dms__mlp__seed43,PMS2,P43246:18:G>W,0,0.195978
train-pg_dms__mlp__seed43,PMS2,P43246:18:G>Y,0,0.18208776
train-pg_dms__mlp__seed43,PMS2,P43246:18:G>C,0,0.15177372
train-pg_dms__mlp__seed43,PMS2,P43246:18:G>Q,0,0.17942657
train-pg_dms__mlp__seed43,PMS2,P43246:18:G>R,0,0.21635354
train-pg_dms__mlp__seed43,PMS2,P43246:18:G>P,0,0.19211762
train-pg_dms__mlp__seed43,PMS2,P43246:18:G>A,0,0.070150994
train-pg_dms__mlp__seed43,PMS2,P43246:20:V>Q,0,0.11717954
train-pg_dms__mlp__seed43,PMS2,P43246:20:V>P,0,0.21860795
train-pg_dms__mlp__seed43,PMS2,P43246:20:V>R,0,0.1340919
train-pg_dms__mlp__seed43,PMS2,P43246:20:V>W,0,0.18811753
train-pg_dms__mlp__seed43,PMS2,P43246:20:V>T,0,0.09009655
train-pg_dms__mlp__seed43,PMS2,P43246:20:V>Y,0,0.13114367
train-pg_dms__mlp__seed43,PMS2,P43246:20:V>N,0,0.14296663
train-pg_dms__mlp__seed43,PMS2,P43246:20:V>S,0,0.09374035
train-pg_dms__mlp__seed43,PMS2,P43246:20:V>A,0,0.08263145
train-pg_dms__mlp__seed43,PMS2,P43246:20:V>C,0,0.10305063
train-pg_dms__mlp__seed43,PMS2,P43246:20:V>D,0,0.22232588
train-pg_dms__mlp__seed43,PMS2,P43246:20:V>K,0,0.17885864
train-pg_dms__mlp__seed43,PMS2,P43246:20:V>I,0,0.066861205
train-pg_dms__mlp__seed43,PMS2,P43246:20:V>H,0,0.17864099
train-pg_dms__mlp__seed43,PMS2,P43246:20:V>G,0,0.08381571
train-pg_dms__mlp__seed43,PMS2,P43246:20:V>E,0,0.16214487
train-pg_dms__mlp__seed43,PMS2,P43246:23:F>Q,0,0.2224346
train-pg_dms__mlp__seed43,PMS2,P43246:23:F>H,0,0.1220913
train-pg_dms__mlp__seed43,PMS2,P43246:23:F>G,0,0.26054674
train-pg_dms__mlp__seed43,PMS2,P43246:23:F>M,0,0.14744662
train-pg_dms__mlp__seed43,PMS2,P43246:23:F>P,0,0.2829576
train-pg_dms__mlp__seed43,PMS2,P43246:23:F>N,0,0.23937462
train-pg_dms__mlp__seed43,PMS2,P43246:23:F>R,0,0.23498492
train-pg_dms__mlp__seed43,PMS2,P43246:23:F>S,0,0.18137845
train-pg_dms__mlp__seed43,PMS2,P43246:23:F>A,0,0.19988479
train-pg_dms__mlp__seed43,PMS2,P43246:23:F>V,0,0.07710488
train-pg_dms__mlp__seed43,PMS2,P43246:23:F>E,0,0.27268058
train-pg_dms__mlp__seed43,PMS2,P43246:23:F>T,0,0.20651516
train-pg_dms__mlp__seed43,PMS2,P43246:23:F>L,0,0.33536562
train-pg_dms__mlp__seed43,PMS2,P43246:23:F>I,0,0.07989422
train-pg_dms__mlp__seed43,PMS2,P43246:23:F>W,0,0.10918703
train-pg_dms__mlp__seed43,PMS2,P43246:23:F>C,0,0.08373814
train-pg_dms__mlp__seed43,PMS2,P43246:23:F>Y,0,0.07148146
train-pg_dms__mlp__seed43,PMS2,P43246:27:P>A,0,0.053707164
train-pg_dms__mlp__seed43,PMS2,P43246:27:P>C,0,0.085449286
train-pg_dms__mlp__seed43,PMS2,P43246:27:P>D,0,0.0748745
train-pg_dms__mlp__seed43,PMS2,P43246:27:P>F,0,0.109149486
train-pg_dms__mlp__seed43,PMS2,P43246:27:P>G,0,0.055935383
train-pg_dms__mlp__seed43,PMS2,P43246:27:P>M,0,0.061786145
train-pg_dms__mlp__seed43,PMS2,P43246:27:P>R,0,0.08492784
train-pg_dms__mlp__seed43,PMS2,P43246:27:P>S,0,0.06596586
train-pg_dms__mlp__seed43,PMS2,P43246:27:P>T,0,0.06597804
train-pg_dms__mlp__seed43,PMS2,P43246:27:P>V,0,0.057340108
train-pg_dms__mlp__seed43,PMS2,P43246:27:P>Y,0,0.11535984
train-pg_dms__mlp__seed43,PMS2,P43246:27:P>Q,0,0.072123185
train-pg_dms__mlp__seed43,PMS2,P43246:27:P>H,0,0.06317331
train-pg_dms__mlp__seed43,PMS2,P43246:27:P>N,0,0.060613573
train-pg_dms__mlp__seed43,PMS2,P43246:27:P>I,0,0.06651252
train-pg_dms__mlp__seed43,PMS2,P43246:27:P>L,0,0.095470354
train-pg_dms__mlp__seed43,PMS2,P43246:27:P>K,0,0.07070013
train-pg_dms__mlp__seed43,PMS2,P43246:42:F>T,0,0.17660052
train-pg_dms__mlp__seed43,PMS2,P43246:42:F>S,0,0.16605581
train-pg_dms__mlp__seed43,PMS2,P43246:42:F>Q,0,0.21856761
train-pg_dms__mlp__seed43,PMS2,P43246:42:F>P,0,0.23985496
train-pg_dms__mlp__seed43,PMS2,P43246:42:F>N,0,0.18123463
train-pg_dms__mlp__seed43,PMS2,P43246:42:F>K,0,0.23248574
train-pg_dms__mlp__seed43,PMS2,P43246:42:F>L,0,0.31409028
train-pg_dms__mlp__seed43,PMS2,P43246:42:F>I,0,0.21261184
train-pg_dms__mlp__seed43,PMS2,P43246:42:F>H,0,0.15151541
train-pg_dms__mlp__seed43,PMS2,P43246:42:F>G,0,0.20576657
train-pg_dms__mlp__seed43,PMS2,P43246:42:F>E,0,0.2337579
train-pg_dms__mlp__seed43,PMS2,P43246:42:F>C,0,0.09880443
train-pg_dms__mlp__seed43,PMS2,P43246:42:F>A,0,0.19974636
train-pg_dms__mlp__seed43,PMS2,P43246:42:F>M,0,0.16827613
train-pg_dms__mlp__seed43,PMS2,P43246:42:F>D,0,0.2260071
train-pg_dms__mlp__seed43,PMS2,P43246:42:F>R,0,0.21504302
train-pg_dms__mlp__seed43,PMS2,P43246:42:F>Y,0,0.050444912
train-pg_dms__mlp__seed43,PMS2,P43246:42:F>W,0,0.05858141
train-pg_dms__mlp__seed43,PMS2,P43246:42:F>V,0,0.08637456
train-pg_dms__mlp__seed43,PMS2,P43246:46:H>S,0,0.48159578
train-pg_dms__mlp__seed43,PMS2,P43246:46:H>N,0,0.38479945
train-pg_dms__mlp__seed43,PMS2,P43246:46:H>M,0,0.45971948
train-pg_dms__mlp__seed43,PMS2,P43246:46:H>L,0,0.110155046
train-pg_dms__mlp__seed43,PMS2,P43246:46:H>R,0,0.5575816
train-pg_dms__mlp__seed43,PMS2,P43246:46:H>T,0,0.5575816
train-pg_dms__mlp__seed43,PMS2,P43246:46:H>F,0,0.11782747
train-pg_dms__mlp__seed43,PMS2,P43246:46:H>W,0,0.15743914
train-pg_dms__mlp__seed43,PMS2,P43246:46:H>Y,0,0.1658231
train-pg_dms__mlp__seed43,PMS2,P43246:46:H>G,0,0.5822593
train-pg_dms__mlp__seed43,PMS2,P43246:46:H>K,0,0.6154948
train-pg_dms__mlp__seed43,PMS2,P43246:46:H>A,0,0.48400444
train-pg_dms__mlp__seed43,PMS2,P43246:46:H>C,0,0.07496925
train-pg_dms__mlp__seed43,PMS2,P43246:46:H>D,1,0.60973734
train-pg_dms__mlp__seed43,PMS2,P43246:46:H>V,0,0.27478504
train-pg_dms__mlp__seed43,PMS2,P43246:46:H>I,0,0.38876912
train-pg_dms__mlp__seed43,PMS2,P43246:48:E>D,0,0.07381957
train-pg_dms__mlp__seed43,PMS2,P43246:48:E>F,0,0.1221227
train-pg_dms__mlp__seed43,PMS2,P43246:48:E>H,0,0.06967719
train-pg_dms__mlp__seed43,PMS2,P43246:48:E>I,0,0.065895215
train-pg_dms__mlp__seed43,PMS2,P43246:48:E>K,0,0.061744794
train-pg_dms__mlp__seed43,PMS2,P43246:48:E>L,0,0.06740858
train-pg_dms__mlp__seed43,PMS2,P43246:48:E>M,0,0.0720787
train-pg_dms__mlp__seed43,PMS2,P43246:48:E>Q,0,0.060444474
train-pg_dms__mlp__seed43,PMS2,P43246:48:E>N,0,0.060588017
train-pg_dms__mlp__seed43,PMS2,P43246:48:E>Y,0,0.0903144
train-pg_dms__mlp__seed43,PMS2,P43246:48:E>W,0,0.18282337
train-pg_dms__mlp__seed43,PMS2,P43246:48:E>V,0,0.06174989
train-pg_dms__mlp__seed43,PMS2,P43246:48:E>T,0,0.06070696
train-pg_dms__mlp__seed43,PMS2,P43246:48:E>S,0,0.060189694
train-pg_dms__mlp__seed43,PMS2,P43246:48:E>R,0,0.06460313
train-pg_dms__mlp__seed43,PMS2,P43246:48:E>G,0,0.060408957
train-pg_dms__mlp__seed43,PMS2,P43246:48:E>C,0,0.12136442
train-pg_dms__mlp__seed43,PMS2,P43246:48:E>P,0,0.06219214
train-pg_dms__mlp__seed43,PMS2,P43246:48:E>A,0,0.060131047
train-pg_dms__mlp__seed43,PMS2,P43246:53:A>P,0,0.5040156
train-pg_dms__mlp__seed43,PMS2,P43246:53:A>T,0,0.12200263
train-pg_dms__mlp__seed43,PMS2,P43246:53:A>Y,0,0.5297877
train-pg_dms__mlp__seed43,PMS2,P43246:53:A>E,1,0.5499445
train-pg_dms__mlp__seed43,PMS2,P43246:53:A>F,0,0.38102615
train-pg_dms__mlp__seed43,PMS2,P43246:53:A>G,0,0.081535816
train-pg_dms__mlp__seed43,PMS2,P43246:53:A>C,0,0.089683585
train-pg_dms__mlp__seed43,PMS2,P43246:53:A>S,0,0.115706496
train-pg_dms__mlp__seed43,PMS2,P43246:53:A>D,1,0.4680517
train-pg_dms__mlp__seed43,PMS2,P43246:53:A>R,0,0.5526528
train-pg_dms__mlp__seed43,PMS2,P43246:53:A>I,0,0.07267698
train-pg_dms__mlp__seed43,PMS2,P43246:53:A>L,0,0.08786805
train-pg_dms__mlp__seed43,PMS2,P43246:53:A>M,0,0.13846818
train-pg_dms__mlp__seed43,PMS2,P43246:53:A>W,0,0.55571187
train-pg_dms__mlp__seed43,PMS2,P43246:59:K>V,0,0.32918954
train-pg_dms__mlp__seed43,PMS2,P43246:59:K>W,0,0.3282763
train-pg_dms__mlp__seed43,PMS2,P43246:59:K>T,0,0.3083974
train-pg_dms__mlp__seed43,PMS2,P43246:59:K>S,0,0.30370766
train-pg_dms__mlp__seed43,PMS2,P43246:59:K>Q,0,0.08579728
train-pg_dms__mlp__seed43,PMS2,P43246:59:K>C,0,0.23525172
train-pg_dms__mlp__seed43,PMS2,P43246:59:K>N,0,0.20885694
train-pg_dms__mlp__seed43,PMS2,P43246:59:K>M,1,0.29305917
train-pg_dms__mlp__seed43,PMS2,P43246:59:K>I,0,0.3453118
train-pg_dms__mlp__seed43,PMS2,P43246:59:K>H,0,0.060659744
train-pg_dms__mlp__seed43,PMS2,P43246:59:K>G,0,0.20357135
train-pg_dms__mlp__seed43,PMS2,P43246:59:K>E,0,0.21108091
train-pg_dms__mlp__seed43,PMS2,P43246:59:K>D,0,0.3411865
train-pg_dms__mlp__seed43,PMS2,P43246:59:K>A,0,0.3079274
train-pg_dms__mlp__seed43,PMS2,P43246:59:K>P,1,0.3442305
train-pg_dms__mlp__seed43,PMS2,P43246:59:K>L,0,0.2948972
train-pg_dms__mlp__seed43,PMS2,P43246:59:K>Y,0,0.3163121
train-pg_dms__mlp__seed43,PMS2,P43246:61:Q>D,0,0.05442265
train-pg_dms__mlp__seed43,PMS2,P43246:61:Q>L,0,0.06442651
train-pg_dms__mlp__seed43,PMS2,P43246:61:Q>H,0,0.068569936
train-pg_dms__mlp__seed43,PMS2,P43246:61:Q>G,0,0.048692815
train-pg_dms__mlp__seed43,PMS2,P43246:61:Q>F,0,0.096847504
train-pg_dms__mlp__seed43,PMS2,P43246:61:Q>A,0,0.048559695
train-pg_dms__mlp__seed43,PMS2,P43246:61:Q>C,0,0.10342394
train-pg_dms__mlp__seed43,PMS2,P43246:61:Q>I,0,0.05575571
train-pg_dms__mlp__seed43,PMS2,P43246:61:Q>Y,0,0.06470056
train-pg_dms__mlp__seed43,PMS2,P43246:61:Q>W,0,0.08818312
train-pg_dms__mlp__seed43,PMS2,P43246:61:Q>V,0,0.049255855
train-pg_dms__mlp__seed43,PMS2,P43246:61:Q>T,0,0.048557118
train-pg_dms__mlp__seed43,PMS2,P43246:61:Q>S,0,0.048558597
train-pg_dms__mlp__seed43,PMS2,P43246:61:Q>R,0,0.067111254
train-pg_dms__mlp__seed43,PMS2,P43246:61:Q>P,0,0.06440463
train-pg_dms__mlp__seed43,PMS2,P43246:61:Q>N,0,0.048600603
train-pg_dms__mlp__seed43,PMS2,P43246:61:Q>M,0,0.0503793
train-pg_dms__mlp__seed43,PMS2,P43246:61:Q>K,0,0.07066345
train-pg_dms__mlp__seed43,PMS2,P43246:68:G>F,0,0.12517406
train-pg_dms__mlp__seed43,PMS2,P43246:68:G>A,0,0.063663624
train-pg_dms__mlp__seed43,PMS2,P43246:68:G>E,0,0.27366686
train-pg_dms__mlp__seed43,PMS2,P43246:68:G>P,0,0.15529738
train-pg_dms__mlp__seed43,PMS2,P43246:68:G>M,0,0.12614842
train-pg_dms__mlp__seed43,PMS2,P43246:68:G>L,0,0.094905645
train-pg_dms__mlp__seed43,PMS2,P43246:68:G>K,0,0.16630131
train-pg_dms__mlp__seed43,PMS2,P43246:68:G>D,0,0.15107524
train-pg_dms__mlp__seed43,PMS2,P43246:68:G>I,1,0.09082516
train-pg_dms__mlp__seed43,PMS2,P43246:68:G>Q,0,0.14004536
train-pg_dms__mlp__seed43,PMS2,P43246:68:G>R,0,0.3498727
train-pg_dms__mlp__seed43,PMS2,P43246:68:G>S,0,0.046441462
train-pg_dms__mlp__seed43,PMS2,P43246:68:G>T,0,0.06881384
train-pg_dms__mlp__seed43,PMS2,P43246:68:G>W,0,0.265044
train-pg_dms__mlp__seed43,PMS2,P43246:68:G>Y,0,0.13036512
train-pg_dms__mlp__seed43,PMS2,P43246:68:G>H,0,0.16177563
train-pg_dms__mlp__seed43,PMS2,P43246:71:G>A,0,0.053928647
train-pg_dms__mlp__seed43,PMS2,P43246:71:G>N,0,0.061896194
train-pg_dms__mlp__seed43,PMS2,P43246:71:G>V,0,0.07547117
train-pg_dms__mlp__seed43,PMS2,P43246:71:G>T,0,0.05475071
train-pg_dms__mlp__seed43,PMS2,P43246:71:G>S,0,0.05285979
train-pg_dms__mlp__seed43,PMS2,P43246:71:G>C,0,0.07001856
train-pg_dms__mlp__seed43,PMS2,P43246:71:G>W,0,0.13846141
train-pg_dms__mlp__seed43,PMS2,P43246:71:G>Q,0,0.079424426
train-pg_dms__mlp__seed43,PMS2,P43246:71:G>Y,0,0.11479514
train-pg_dms__mlp__seed43,PMS2,P43246:71:G>M,0,0.09107154
train-pg_dms__mlp__seed43,PMS2,P43246:71:G>E,0,0.09380869
train-pg_dms__mlp__seed43,PMS2,P43246:71:G>F,0,0.1409842
train-pg_dms__mlp__seed43,PMS2,P43246:71:G>H,0,0.09507811
train-pg_dms__mlp__seed43,PMS2,P43246:71:G>I,0,0.07358705
train-pg_dms__mlp__seed43,PMS2,P43246:71:G>K,0,0.1373221
train-pg_dms__mlp__seed43,PMS2,P43246:71:G>L,0,0.08849739
train-pg_dms__mlp__seed43,PMS2,P43246:71:G>P,0,0.10805206
train-pg_dms__mlp__seed43,PMS2,P43246:75:L>D,0,0.5410409
train-pg_dms__mlp__seed43,PMS2,P43246:75:L>E,0,0.3392008
train-pg_dms__mlp__seed43,PMS2,P43246:75:L>F,0,0.05507359
train-pg_dms__mlp__seed43,PMS2,P43246:75:L>G,0,0.4067424
train-pg_dms__mlp__seed43,PMS2,P43246:75:L>H,0,0.15378554
train-pg_dms__mlp__seed43,PMS2,P43246:75:L>N,0,0.3732753
train-pg_dms__mlp__seed43,PMS2,P43246:75:L>S,0,0.2642025
train-pg_dms__mlp__seed43,PMS2,P43246:75:L>Q,0,0.068906136
train-pg_dms__mlp__seed43,PMS2,P43246:75:L>R,0,0.1199902
train-pg_dms__mlp__seed43,PMS2,P43246:75:L>T,0,0.06388938
train-pg_dms__mlp__seed43,PMS2,P43246:75:L>V,0,0.05313948
train-pg_dms__mlp__seed43,PMS2,P43246:75:L>W,0,0.10949828
train-pg_dms__mlp__seed43,PMS2,P43246:75:L>Y,0,0.14599209
train-pg_dms__mlp__seed43,PMS2,P43246:75:L>C,0,0.106614135
train-pg_dms__mlp__seed43,PMS2,P43246:75:L>P,0,0.4450613
train-pg_dms__mlp__seed43,PMS2,P43246:75:L>A,0,0.09085508
train-pg_dms__mlp__seed43,PMS2,P43246:75:L>I,0,0.053147353
train-pg_dms__mlp__seed43,PMS2,P43246:76:Q>Y,0,0.088532746
train-pg_dms__mlp__seed43,PMS2,P43246:76:Q>A,0,0.058965996
train-pg_dms__mlp__seed43,PMS2,P43246:76:Q>C,0,0.076991364
train-pg_dms__mlp__seed43,PMS2,P43246:76:Q>D,0,0.075027235
train-pg_dms__mlp__seed43,PMS2,P43246:76:Q>F,0,0.16891725
train-pg_dms__mlp__seed43,PMS2,P43246:76:Q>G,0,0.05989749
train-pg_dms__mlp__seed43,PMS2,P43246:76:Q>H,0,0.09275076
train-pg_dms__mlp__seed43,PMS2,P43246:76:Q>I,0,0.08023226
train-pg_dms__mlp__seed43,PMS2,P43246:76:Q>K,0,0.084650375
train-pg_dms__mlp__seed43,PMS2,P43246:76:Q>L,0,0.05924264
train-pg_dms__mlp__seed43,PMS2,P43246:76:Q>M,0,0.06366083
train-pg_dms__mlp__seed43,PMS2,P43246:76:Q>P,0,0.078018546
train-pg_dms__mlp__seed43,PMS2,P43246:76:Q>R,0,0.058985632
train-pg_dms__mlp__seed43,PMS2,P43246:76:Q>N,0,0.0613478
train-pg_dms__mlp__seed43,PMS2,P43246:76:Q>T,0,0.059903868
train-pg_dms__mlp__seed43,PMS2,P43246:76:Q>V,0,0.0610071
train-pg_dms__mlp__seed43,PMS2,P43246:76:Q>W,0,0.17267177
train-pg_dms__mlp__seed43,PMS2,P43246:76:Q>S,0,0.059044167
train-pg_dms__mlp__seed43,PMS2,P43246:77:S>C,0,0.063788794
train-pg_dms__mlp__seed43,PMS2,P43246:77:S>W,0,0.121769026
train-pg_dms__mlp__seed43,PMS2,P43246:77:S>V,0,0.09066211
train-pg_dms__mlp__seed43,PMS2,P43246:77:S>T,0,0.06299691
train-pg_dms__mlp__seed43,PMS2,P43246:77:S>Q,0,0.31948537
train-pg_dms__mlp__seed43,PMS2,P43246:77:S>P,1,0.4363653
train-pg_dms__mlp__seed43,PMS2,P43246:77:S>A,0,0.0636293
train-pg_dms__mlp__seed43,PMS2,P43246:77:S>Y,0,0.06892032
train-pg_dms__mlp__seed43,PMS2,P43246:77:S>F,0,0.08762533
train-pg_dms__mlp__seed43,PMS2,P43246:77:S>E,0,0.40558282
train-pg_dms__mlp__seed43,PMS2,P43246:77:S>M,0,0.07398461
train-pg_dms__mlp__seed43,PMS2,P43246:77:S>L,0,0.078435965
train-pg_dms__mlp__seed43,PMS2,P43246:77:S>N,0,0.22358398
train-pg_dms__mlp__seed43,PMS2,P43246:77:S>I,0,0.3013461
train-pg_dms__mlp__seed43,PMS2,P43246:77:S>H,0,0.20137006
train-pg_dms__mlp__seed43,PMS2,P43246:77:S>K,0,0.44028863
train-pg_dms__mlp__seed43,PMS2,P43246:81:S>Q,0,0.33333892
train-pg_dms__mlp__seed43,PMS2,P43246:81:S>P,0,0.32794252
train-pg_dms__mlp__seed43,PMS2,P43246:81:S>N,0,0.15580261
train-pg_dms__mlp__seed43,PMS2,P43246:81:S>M,0,0.27550423
train-pg_dms__mlp__seed43,PMS2,P43246:81:S>L,0,0.24002992
train-pg_dms__mlp__seed43,PMS2,P43246:81:S>K,0,0.3711399
train-pg_dms__mlp__seed43,PMS2,P43246:81:S>I,0,0.3130637
train-pg_dms__mlp__seed43,PMS2,P43246:81:S>F,0,0.35787213
train-pg_dms__mlp__seed43,PMS2,P43246:81:S>G,0,0.057031177
train-pg_dms__mlp__seed43,PMS2,P43246:81:S>C,0,0.08702593
train-pg_dms__mlp__seed43,PMS2,P43246:81:S>A,0,0.07445889
train-pg_dms__mlp__seed43,PMS2,P43246:81:S>T,0,0.12591976
train-pg_dms__mlp__seed43,PMS2,P43246:81:S>V,0,0.33017293
train-pg_dms__mlp__seed43,PMS2,P43246:81:S>R,0,0.33359852
train-pg_dms__mlp__seed43,PMS2,P43246:81:S>H,0,0.30104214
train-pg_dms__mlp__seed43,PMS2,P43246:81:S>W,0,0.34587502
train-pg_dms__mlp__seed43,PMS2,P43246:107:A>C,0,0.04317758
train-pg_dms__mlp__seed43,PMS2,P43246:107:A>T,0,0.037756026
train-pg_dms__mlp__seed43,PMS2,P43246:107:A>Y,0,0.05170225
train-pg_dms__mlp__seed43,PMS2,P43246:107:A>S,0,0.037760306
train-pg_dms__mlp__seed43,PMS2,P43246:107:A>R,0,0.0997392
train-pg_dms__mlp__seed43,PMS2,P43246:107:A>Q,0,0.043520406
train-pg_dms__mlp__seed43,PMS2,P43246:107:A>N,0,0.03849826
train-pg_dms__mlp__seed43,PMS2,P43246:107:A>M,0,0.038202725
train-pg_dms__mlp__seed43,PMS2,P43246:107:A>P,0,0.061123546
train-pg_dms__mlp__seed43,PMS2,P43246:107:A>K,0,0.100335404
train-pg_dms__mlp__seed43,PMS2,P43246:107:A>I,0,0.038292613
train-pg_dms__mlp__seed43,PMS2,P43246:107:A>H,0,0.056567583
train-pg_dms__mlp__seed43,PMS2,P43246:107:A>G,0,0.052566566
train-pg_dms__mlp__seed43,PMS2,P43246:107:A>E,0,0.06659936
train-pg_dms__mlp__seed43,PMS2,P43246:107:A>L,0,0.03801037
train-pg_dms__mlp__seed43,PMS2,P43246:114:E>T,0,0.051372852
train-pg_dms__mlp__seed43,PMS2,P43246:114:E>S,0,0.041756272
train-pg_dms__mlp__seed43,PMS2,P43246:114:E>R,0,0.11609198
train-pg_dms__mlp__seed43,PMS2,P43246:114:E>Q,0,0.04412818
train-pg_dms__mlp__seed43,PMS2,P43246:114:E>P,0,0.11577448
train-pg_dms__mlp__seed43,PMS2,P43246:114:E>N,0,0.040191464
train-pg_dms__mlp__seed43,PMS2,P43246:114:E>M,0,0.15549028
train-pg_dms__mlp__seed43,PMS2,P43246:114:E>L,0,0.118666515
train-pg_dms__mlp__seed43,PMS2,P43246:114:E>K,0,0.09929152
train-pg_dms__mlp__seed43,PMS2,P43246:114:E>I,0,0.11151493
train-pg_dms__mlp__seed43,PMS2,P43246:114:E>G,0,0.037465364
train-pg_dms__mlp__seed43,PMS2,P43246:114:E>F,0,0.2056602
train-pg_dms__mlp__seed43,PMS2,P43246:114:E>D,0,0.03630734
train-pg_dms__mlp__seed43,PMS2,P43246:114:E>C,0,0.20776318
train-pg_dms__mlp__seed43,PMS2,P43246:114:E>A,0,0.08804646
train-pg_dms__mlp__seed43,PMS2,P43246:114:E>V,0,0.059240457
train-pg_dms__mlp__seed43,PMS2,P43246:114:E>W,0,0.23379418
train-pg_dms__mlp__seed43,PMS2,P43246:114:E>H,0,0.15785699
train-pg_dms__mlp__seed43,PMS2,P43246:125:P>A,0,0.08923606
train-pg_dms__mlp__seed43,PMS2,P43246:125:P>E,1,0.71956533
train-pg_dms__mlp__seed43,PMS2,P43246:125:P>G,0,0.67803746
train-pg_dms__mlp__seed43,PMS2,P43246:125:P>R,1,0.61254245
train-pg_dms__mlp__seed43,PMS2,P43246:125:P>S,0,0.37241587
train-pg_dms__mlp__seed43,PMS2,P43246:125:P>V,0,0.36772802
train-pg_dms__mlp__seed43,PMS2,P43246:125:P>W,0,0.72607017
train-pg_dms__mlp__seed43,PMS2,P43246:125:P>C,0,0.6870627
train-pg_dms__mlp__seed43,PMS2,P43246:125:P>I,0,0.63286966
train-pg_dms__mlp__seed43,PMS2,P43246:125:P>H,1,0.44839433
train-pg_dms__mlp__seed43,PMS2,P43246:125:P>M,0,0.68996215
train-pg_dms__mlp__seed43,PMS2,P43246:134:I>A,0,0.04399973
train-pg_dms__mlp__seed43,PMS2,P43246:134:I>C,0,0.07191389
train-pg_dms__mlp__seed43,PMS2,P43246:134:I>D,0,0.18510434
train-pg_dms__mlp__seed43,PMS2,P43246:134:I>F,0,0.037780467
train-pg_dms__mlp__seed43,PMS2,P43246:134:I>G,0,0.12514147
train-pg_dms__mlp__seed43,PMS2,P43246:134:I>Q,0,0.08844003
train-pg_dms__mlp__seed43,PMS2,P43246:134:I>N,0,0.051491987
train-pg_dms__mlp__seed43,PMS2,P43246:134:I>S,0,0.04677517
train-pg_dms__mlp__seed43,PMS2,P43246:134:I>P,0,0.23281723
train-pg_dms__mlp__seed43,PMS2,P43246:134:I>W,1,0.15856823
train-pg_dms__mlp__seed43,PMS2,P43246:134:I>K,0,0.12948696
train-pg_dms__mlp__seed43,PMS2,P43246:134:I>Y,0,0.06654792
train-pg_dms__mlp__seed43,PMS2,P43246:134:I>V,0,0.048741523
train-pg_dms__mlp__seed43,PMS2,P43246:134:I>H,0,0.094020806
train-pg_dms__mlp__seed43,PMS2,P43246:134:I>R,0,0.10679061
train-pg_dms__mlp__seed43,PMS2,P43246:134:I>T,0,0.055915445
train-pg_dms__mlp__seed43,PMS2,P43246:134:I>L,0,0.05054113
train-pg_dms__mlp__seed43,PMS2,P43246:139:N>L,0,0.039132636
train-pg_dms__mlp__seed43,PMS2,P43246:139:N>S,0,0.041816972
train-pg_dms__mlp__seed43,PMS2,P43246:139:N>A,0,0.03792903
train-pg_dms__mlp__seed43,PMS2,P43246:139:N>C,0,0.03813063
train-pg_dms__mlp__seed43,PMS2,P43246:139:N>D,0,0.040773463
train-pg_dms__mlp__seed43,PMS2,P43246:139:N>E,0,0.05383654
train-pg_dms__mlp__seed43,PMS2,P43246:139:N>F,0,0.04570714
train-pg_dms__mlp__seed43,PMS2,P43246:139:N>G,0,0.038108855
train-pg_dms__mlp__seed43,PMS2,P43246:139:N>H,0,0.037898052
train-pg_dms__mlp__seed43,PMS2,P43246:139:N>I,0,0.03859347
train-pg_dms__mlp__seed43,PMS2,P43246:139:N>Y,0,0.03893678
train-pg_dms__mlp__seed43,PMS2,P43246:139:N>W,0,0.07740982
train-pg_dms__mlp__seed43,PMS2,P43246:139:N>V,0,0.038221773
train-pg_dms__mlp__seed43,PMS2,P43246:139:N>T,0,0.037532087
train-pg_dms__mlp__seed43,PMS2,P43246:139:N>R,0,0.048663516
train-pg_dms__mlp__seed43,PMS2,P43246:139:N>K,0,0.05960171
train-pg_dms__mlp__seed43,PMS2,P43246:139:N>P,0,0.043400537
train-pg_dms__mlp__seed43,PMS2,P43246:139:N>M,0,0.039873593
train-pg_dms__mlp__seed43,PMS2,P43246:139:N>Q,0,0.04088645
train-pg_dms__mlp__seed43,PMS2,P43246:141:M>V,0,0.054222714
train-pg_dms__mlp__seed43,PMS2,P43246:141:M>T,0,0.04608608
train-pg_dms__mlp__seed43,PMS2,P43246:141:M>S,0,0.043748055
train-pg_dms__mlp__seed43,PMS2,P43246:141:M>R,0,0.058600742
train-pg_dms__mlp__seed43,PMS2,P43246:141:M>Q,0,0.047165975
train-pg_dms__mlp__seed43,PMS2,P43246:141:M>P,0,0.06719794
train-pg_dms__mlp__seed43,PMS2,P43246:141:M>N,0,0.050150566
train-pg_dms__mlp__seed43,PMS2,P43246:141:M>L,0,0.039735686
train-pg_dms__mlp__seed43,PMS2,P43246:141:M>K,0,0.051022615
train-pg_dms__mlp__seed43,PMS2,P43246:141:M>I,0,0.04308163
train-pg_dms__mlp__seed43,PMS2,P43246:141:M>G,0,0.051363766
train-pg_dms__mlp__seed43,PMS2,P43246:141:M>F,0,0.045113605
train-pg_dms__mlp__seed43,PMS2,P43246:141:M>E,0,0.08106977
train-pg_dms__mlp__seed43,PMS2,P43246:141:M>C,0,0.07665749
train-pg_dms__mlp__seed43,PMS2,P43246:141:M>D,0,0.12703924
train-pg_dms__mlp__seed43,PMS2,P43246:141:M>W,0,0.094563164
train-pg_dms__mlp__seed43,PMS2,P43246:141:M>Y,0,0.06925051
train-pg_dms__mlp__seed43,PMS2,P43246:141:M>A,0,0.042844437
train-pg_dms__mlp__seed43,PMS2,P43246:144:S>H,0,0.070017375
train-pg_dms__mlp__seed43,PMS2,P43246:144:S>A,0,0.04222425
train-pg_dms__mlp__seed43,PMS2,P43246:144:S>C,0,0.042826142
train-pg_dms__mlp__seed43,PMS2,P43246:144:S>D,0,0.09193214
train-pg_dms__mlp__seed43,PMS2,P43246:144:S>G,0,0.042475585
train-pg_dms__mlp__seed43,PMS2,P43246:144:S>E,0,0.123458326
train-pg_dms__mlp__seed43,PMS2,P43246:144:S>Y,0,0.04799407
train-pg_dms__mlp__seed43,PMS2,P43246:144:S>V,0,0.044114485
train-pg_dms__mlp__seed43,PMS2,P43246:144:S>F,0,0.047043487
train-pg_dms__mlp__seed43,PMS2,P43246:144:S>I,0,0.04642429
train-pg_dms__mlp__seed43,PMS2,P43246:144:S>K,0,0.22408228
train-pg_dms__mlp__seed43,PMS2,P43246:144:S>L,0,0.043411203
train-pg_dms__mlp__seed43,PMS2,P43246:144:S>M,0,0.045355678
train-pg_dms__mlp__seed43,PMS2,P43246:144:S>N,0,0.044547703
train-pg_dms__mlp__seed43,PMS2,P43246:144:S>P,0,0.052692797
train-pg_dms__mlp__seed43,PMS2,P43246:144:S>W,0,0.06289746
train-pg_dms__mlp__seed43,PMS2,P43246:144:S>R,0,0.18741949
train-pg_dms__mlp__seed43,PMS2,P43246:144:S>Q,0,0.09487284
train-pg_dms__mlp__seed43,PMS2,P43246:144:S>T,0,0.04254307
train-pg_dms__mlp__seed43,PMS2,P43246:149:G>C,1,0.16699345
train-pg_dms__mlp__seed43,PMS2,P43246:149:G>W,1,0.9510684
train-pg_dms__mlp__seed43,PMS2,P43246:149:G>V,0,0.45965505
train-pg_dms__mlp__seed43,PMS2,P43246:149:G>T,0,0.4851484
train-pg_dms__mlp__seed43,PMS2,P43246:149:G>S,0,0.1466457
train-pg_dms__mlp__seed43,PMS2,P43246:149:G>R,1,0.9517086
train-pg_dms__mlp__seed43,PMS2,P43246:149:G>Q,1,0.9512961
train-pg_dms__mlp__seed43,PMS2,P43246:149:G>P,1,0.95233375
train-pg_dms__mlp__seed43,PMS2,P43246:149:G>N,1,0.9480589
train-pg_dms__mlp__seed43,PMS2,P43246:149:G>M,1,0.94238067
train-pg_dms__mlp__seed43,PMS2,P43246:149:G>Y,1,0.9509921
train-pg_dms__mlp__seed43,PMS2,P43246:149:G>E,1,0.9517086
train-pg_dms__mlp__seed43,PMS2,P43246:149:G>L,1,0.92656344
train-pg_dms__mlp__seed43,PMS2,P43246:149:G>K,1,0.9527305
train-pg_dms__mlp__seed43,PMS2,P43246:149:G>I,1,0.9356532
train-pg_dms__mlp__seed43,PMS2,P43246:149:G>H,1,0.951857
train-pg_dms__mlp__seed43,PMS2,P43246:149:G>D,1,0.6144426
train-pg_dms__mlp__seed43,PMS2,P43246:163:V>M,0,0.09038765
train-pg_dms__mlp__seed43,PMS2,P43246:163:V>S,1,0.3931416
train-pg_dms__mlp__seed43,PMS2,P43246:163:V>R,1,0.91823524
train-pg_dms__mlp__seed43,PMS2,P43246:163:V>Q,1,0.91505283
train-pg_dms__mlp__seed43,PMS2,P43246:163:V>P,1,0.9220374
train-pg_dms__mlp__seed43,PMS2,P43246:163:V>N,1,0.9106921
train-pg_dms__mlp__seed43,PMS2,P43246:163:V>L,0,0.09204472
train-pg_dms__mlp__seed43,PMS2,P43246:163:V>A,0,0.09183039
train-pg_dms__mlp__seed43,PMS2,P43246:163:V>H,1,0.9223358
train-pg_dms__mlp__seed43,PMS2,P43246:163:V>F,0,0.10568408
train-pg_dms__mlp__seed43,PMS2,P43246:163:V>E,1,0.91823524
train-pg_dms__mlp__seed43,PMS2,P43246:163:V>C,0,0.5550128
train-pg_dms__mlp__seed43,PMS2,P43246:163:V>W,1,0.9164263
train-pg_dms__mlp__seed43,PMS2,P43246:163:V>K,1,0.92221665
train-pg_dms__mlp__seed43,PMS2,P43246:163:V>Y,1,0.8977558
train-pg_dms__mlp__seed43,PMS2,P43246:163:V>T,1,0.12403388
train-pg_dms__mlp__seed43,PMS2,P43246:164:G>Y,1,0.9276064
train-pg_dms__mlp__seed43,PMS2,P43246:164:G>S,0,0.100770116
train-pg_dms__mlp__seed43,PMS2,P43246:164:G>Q,1,0.92823654
train-pg_dms__mlp__seed43,PMS2,P43246:164:G>P,1,0.92923504
train-pg_dms__mlp__seed43,PMS2,P43246:164:G>N,1,0.9257614
train-pg_dms__mlp__seed43,PMS2,P43246:164:G>M,1,0.92046326
train-pg_dms__mlp__seed43,PMS2,P43246:164:G>L,1,0.9110645
train-pg_dms__mlp__seed43,PMS2,P43246:164:G>K,1,0.92970103
train-pg_dms__mlp__seed43,PMS2,P43246:164:G>I,1,0.88456595
train-pg_dms__mlp__seed43,PMS2,P43246:164:G>H,1,0.92881
train-pg_dms__mlp__seed43,PMS2,P43246:164:G>F,1,0.9256594
train-pg_dms__mlp__seed43,PMS2,P43246:164:G>D,1,0.9278013
train-pg_dms__mlp__seed43,PMS2,P43246:164:G>C,0,0.17798297
train-pg_dms__mlp__seed43,PMS2,P43246:164:G>T,1,0.46008074
train-pg_dms__mlp__seed43,PMS2,P43246:164:G>A,0,0.08999848
train-pg_dms__mlp__seed43,PMS2,P43246:164:G>V,1,0.65017396
train-pg_dms__mlp__seed43,PMS2,P43246:166:V>R,1,0.8427327
train-pg_dms__mlp__seed43,PMS2,P43246:166:V>Y,0,0.816465
train-pg_dms__mlp__seed43,PMS2,P43246:166:V>Q,0,0.8170557
train-pg_dms__mlp__seed43,PMS2,P43246:166:V>P,1,0.87222636
train-pg_dms__mlp__seed43,PMS2,P43246:166:V>N,0,0.7949159
train-pg_dms__mlp__seed43,PMS2,P43246:166:V>M,0,0.14439903
train-pg_dms__mlp__seed43,PMS2,P43246:166:V>K,1,0.8645235
train-pg_dms__mlp__seed43,PMS2,P43246:166:V>I,0,0.069164425
train-pg_dms__mlp__seed43,PMS2,P43246:166:V>H,0,0.86421335
train-pg_dms__mlp__seed43,PMS2,P43246:166:V>G,0,0.1023493
train-pg_dms__mlp__seed43,PMS2,P43246:166:V>D,1,0.86873955
train-pg_dms__mlp__seed43,PMS2,P43246:166:V>C,0,0.37740412
train-pg_dms__mlp__seed43,PMS2,P43246:166:V>A,0,0.07294925
train-pg_dms__mlp__seed43,PMS2,P43246:166:V>T,0,0.0828759
train-pg_dms__mlp__seed43,PMS2,P43246:166:V>W,1,0.8673478
train-pg_dms__mlp__seed43,PMS2,P43246:166:V>S,0,0.10939373
train-pg_dms__mlp__seed43,PMS2,P43246:166:V>F,0,0.11608124
train-pg_dms__mlp__seed43,PMS2,P43246:173:L>W,0,0.3780481
train-pg_dms__mlp__seed43,PMS2,P43246:173:L>D,1,0.8318939
train-pg_dms__mlp__seed43,PMS2,P43246:173:L>G,1,0.78166395
train-pg_dms__mlp__seed43,PMS2,P43246:173:L>H,1,0.7993267
train-pg_dms__mlp__seed43,PMS2,P43246:173:L>I,0,0.07051044
train-pg_dms__mlp__seed43,PMS2,P43246:173:L>K,1,0.82264316
train-pg_dms__mlp__seed43,PMS2,P43246:173:L>M,0,0.07051044
train-pg_dms__mlp__seed43,PMS2,P43246:173:L>N,1,0.8247934
train-pg_dms__mlp__seed43,PMS2,P43246:173:L>A,0,0.19468851
train-pg_dms__mlp__seed43,PMS2,P43246:173:L>V,0,0.107526876
train-pg_dms__mlp__seed43,PMS2,P43246:173:L>Q,1,0.7805767
train-pg_dms__mlp__seed43,PMS2,P43246:173:L>F,0,0.07160643
train-pg_dms__mlp__seed43,PMS2,P43246:173:L>E,1,0.82412493
train-pg_dms__mlp__seed43,PMS2,P43246:173:L>S,1,0.77537256
train-pg_dms__mlp__seed43,PMS2,P43246:173:L>T,1,0.53846097
train-pg_dms__mlp__seed43,PMS2,P43246:175:L>C,0,0.14680018
train-pg_dms__mlp__seed43,PMS2,P43246:175:L>A,0,0.1179663
train-pg_dms__mlp__seed43,PMS2,P43246:175:L>F,0,0.08397708
train-pg_dms__mlp__seed43,PMS2,P43246:175:L>G,0,0.6989596
train-pg_dms__mlp__seed43,PMS2,P43246:175:L>H,0,0.3623746
train-pg_dms__mlp__seed43,PMS2,P43246:175:L>I,0,0.07790946
train-pg_dms__mlp__seed43,PMS2,P43246:175:L>K,0,0.82107824
train-pg_dms__mlp__seed43,PMS2,P43246:175:L>M,0,0.080179885
train-pg_dms__mlp__seed43,PMS2,P43246:175:L>Q,0,0.25854653
train-pg_dms__mlp__seed43,PMS2,P43246:175:L>S,0,0.2571796
train-pg_dms__mlp__seed43,PMS2,P43246:175:L>T,0,0.11408143
train-pg_dms__mlp__seed43,PMS2,P43246:175:L>V,0,0.0778469
train-pg_dms__mlp__seed43,PMS2,P43246:175:L>W,0,0.19720918
train-pg_dms__mlp__seed43,PMS2,P43246:175:L>Y,0,0.18526867
train-pg_dms__mlp__seed43,PMS2,P43246:175:L>D,1,0.92275083
train-pg_dms__mlp__seed43,PMS2,P43246:175:L>R,1,0.53570396
train-pg_dms__mlp__seed43,PMS2,P43246:177:E>A,0,0.060348526
train-pg_dms__mlp__seed43,PMS2,P43246:177:E>C,0,0.2884688
train-pg_dms__mlp__seed43,PMS2,P43246:177:E>N,1,0.067724384
train-pg_dms__mlp__seed43,PMS2,P43246:177:E>P,0,0.5519868
train-pg_dms__mlp__seed43,PMS2,P43246:177:E>Q,0,0.060316157
train-pg_dms__mlp__seed43,PMS2,P43246:177:E>R,0,0.12515026
train-pg_dms__mlp__seed43,PMS2,P43246:177:E>M,0,0.10704511
train-pg_dms__mlp__seed43,PMS2,P43246:177:E>W,0,0.58215946
train-pg_dms__mlp__seed43,PMS2,P43246:177:E>Y,0,0.43572196
train-pg_dms__mlp__seed43,PMS2,P43246:177:E>H,0,0.16265723
train-pg_dms__mlp__seed43,PMS2,P43246:177:E>I,0,0.10375242
train-pg_dms__mlp__seed43,PMS2,P43246:177:E>L,0,0.17721297
train-pg_dms__mlp__seed43,PMS2,P43246:177:E>S,0,0.060338065
train-pg_dms__mlp__seed43,PMS2,P43246:177:E>T,0,0.06166812
train-pg_dms__mlp__seed43,PMS2,P43246:178:F>C,1,0.29370108
train-pg_dms__mlp__seed43,PMS2,P43246:178:F>D,1,0.38968804
train-pg_dms__mlp__seed43,PMS2,P43246:178:F>E,1,0.38805327
train-pg_dms__mlp__seed43,PMS2,P43246:178:F>G,1,0.37597883
train-pg_dms__mlp__seed43,PMS2,P43246:178:F>I,0,0.08601551
train-pg_dms__mlp__seed43,PMS2,P43246:178:F>K,1,0.38712004
train-pg_dms__mlp__seed43,PMS2,P43246:178:F>W,0,0.24437141
train-pg_dms__mlp__seed43,PMS2,P43246:178:F>V,0,0.12502514
train-pg_dms__mlp__seed43,PMS2,P43246:178:F>T,1,0.36883378
train-pg_dms__mlp__seed43,PMS2,P43246:178:F>S,1,0.3677545
train-pg_dms__mlp__seed43,PMS2,P43246:178:F>R,1,0.3824638
train-pg_dms__mlp__seed43,PMS2,P43246:178:F>P,1,0.392495
train-pg_dms__mlp__seed43,PMS2,P43246:178:F>N,1,0.37684754
train-pg_dms__mlp__seed43,PMS2,P43246:178:F>M,0,0.215682
train-pg_dms__mlp__seed43,PMS2,P43246:178:F>A,1,0.3709959
train-pg_dms__mlp__seed43,PMS2,P43246:178:F>Q,1,0.38199914
train-pg_dms__mlp__seed43,PMS2,P43246:183:Q>R,0,0.08398383
train-pg_dms__mlp__seed43,PMS2,P43246:183:Q>W,0,0.080909505
train-pg_dms__mlp__seed43,PMS2,P43246:183:Q>V,0,0.05371512
train-pg_dms__mlp__seed43,PMS2,P43246:183:Q>T,0,0.053515796
train-pg_dms__mlp__seed43,PMS2,P43246:183:Q>S,0,0.053649727
train-pg_dms__mlp__seed43,PMS2,P43246:183:Q>P,0,0.058352493
train-pg_dms__mlp__seed43,PMS2,P43246:183:Q>A,0,0.053627037
train-pg_dms__mlp__seed43,PMS2,P43246:183:Q>M,0,0.054316178
train-pg_dms__mlp__seed43,PMS2,P43246:183:Q>N,0,0.053895447
train-pg_dms__mlp__seed43,PMS2,P43246:183:Q>Y,0,0.056934975
train-pg_dms__mlp__seed43,PMS2,P43246:183:Q>D,0,0.06379339
train-pg_dms__mlp__seed43,PMS2,P43246:183:Q>E,0,0.08017027
train-pg_dms__mlp__seed43,PMS2,P43246:183:Q>F,0,0.06586974
train-pg_dms__mlp__seed43,PMS2,P43246:183:Q>C,0,0.067164816
train-pg_dms__mlp__seed43,PMS2,P43246:183:Q>H,0,0.05382845
train-pg_dms__mlp__seed43,PMS2,P43246:183:Q>I,0,0.054419655
train-pg_dms__mlp__seed43,PMS2,P43246:183:Q>K,0,0.08886032
train-pg_dms__mlp__seed43,PMS2,P43246:183:Q>L,0,0.053354733
train-pg_dms__mlp__seed43,PMS2,P43246:183:Q>G,0,0.05451749
train-pg_dms__mlp__seed43,PMS2,P43246:187:L>K,1,0.58985335
train-pg_dms__mlp__seed43,PMS2,P43246:187:L>M,0,0.07133333
train-pg_dms__mlp__seed43,PMS2,P43246:187:L>N,1,0.5843306
train-pg_dms__mlp__seed43,PMS2,P43246:187:L>A,0,0.15778142
train-pg_dms__mlp__seed43,PMS2,P43246:187:L>Q,1,0.5204462
train-pg_dms__mlp__seed43,PMS2,P43246:187:L>S,0,0.4120807
train-pg_dms__mlp__seed43,PMS2,P43246:187:L>T,0,0.08477182
train-pg_dms__mlp__seed43,PMS2,P43246:187:L>V,0,0.100294605
train-pg_dms__mlp__seed43,PMS2,P43246:187:L>W,0,0.33905655
train-pg_dms__mlp__seed43,PMS2,P43246:187:L>G,1,0.47416207
train-pg_dms__mlp__seed43,PMS2,P43246:187:L>E,1,0.58575994
train-pg_dms__mlp__seed43,PMS2,P43246:187:L>D,1,0.600825
train-pg_dms__mlp__seed43,PMS2,P43246:187:L>C,0,0.24732848
train-pg_dms__mlp__seed43,PMS2,P43246:187:L>H,1,0.5546334
train-pg_dms__mlp__seed43,PMS2,P43246:194:I>G,0,0.09641486
train-pg_dms__mlp__seed43,PMS2,P43246:194:I>A,1,0.06498339
train-pg_dms__mlp__seed43,PMS2,P43246:194:I>C,0,0.09114453
train-pg_dms__mlp__seed43,PMS2,P43246:194:I>Y,0,0.107447416
train-pg_dms__mlp__seed43,PMS2,P43246:194:I>F,0,0.09169018
train-pg_dms__mlp__seed43,PMS2,P43246:194:I>W,0,0.14192982
train-pg_dms__mlp__seed43,PMS2,P43246:194:I>T,0,0.07742238
train-pg_dms__mlp__seed43,PMS2,P43246:194:I>S,0,0.06686788
train-pg_dms__mlp__seed43,PMS2,P43246:194:I>Q,0,0.08869586
train-pg_dms__mlp__seed43,PMS2,P43246:194:I>P,1,0.28673303
train-pg_dms__mlp__seed43,PMS2,P43246:194:I>D,1,0.23321824
train-pg_dms__mlp__seed43,PMS2,P43246:194:I>M,0,0.087025404
train-pg_dms__mlp__seed43,PMS2,P43246:194:I>L,0,0.06317738
train-pg_dms__mlp__seed43,PMS2,P43246:194:I>K,0,0.097817965
train-pg_dms__mlp__seed43,PMS2,P43246:194:I>H,0,0.11859326
train-pg_dms__mlp__seed43,PMS2,P43246:194:I>V,0,0.08505461
train-pg_dms__mlp__seed43,PMS2,P43246:194:I>N,0,0.073930465
train-pg_dms__mlp__seed43,PMS2,P43246:194:I>R,0,0.07865952
train-pg_dms__mlp__seed43,PMS2,P43246:197:K>P,0,0.3335922
train-pg_dms__mlp__seed43,PMS2,P43246:197:K>R,0,0.062635
train-pg_dms__mlp__seed43,PMS2,P43246:197:K>N,0,0.29180157
train-pg_dms__mlp__seed43,PMS2,P43246:197:K>S,0,0.22536902
train-pg_dms__mlp__seed43,PMS2,P43246:197:K>T,0,0.11808837
train-pg_dms__mlp__seed43,PMS2,P43246:197:K>V,0,0.1752453
train-pg_dms__mlp__seed43,PMS2,P43246:197:K>M,0,0.17083816
train-pg_dms__mlp__seed43,PMS2,P43246:197:K>L,0,0.20555282
train-pg_dms__mlp__seed43,PMS2,P43246:197:K>W,0,0.3360235
train-pg_dms__mlp__seed43,PMS2,P43246:197:K>H,0,0.13116458
train-pg_dms__mlp__seed43,PMS2,P43246:197:K>Y,0,0.321893
train-pg_dms__mlp__seed43,PMS2,P43246:197:K>A,0,0.17426188
train-pg_dms__mlp__seed43,PMS2,P43246:197:K>D,0,0.33413166
train-pg_dms__mlp__seed43,PMS2,P43246:197:K>E,0,0.22054335
train-pg_dms__mlp__seed43,PMS2,P43246:197:K>F,0,0.37111044
train-pg_dms__mlp__seed43,PMS2,P43246:197:K>I,0,0.26353177
train-pg_dms__mlp__seed43,PMS2,P43246:197:K>G,0,0.1958656
train-pg_dms__mlp__seed43,PMS2,P43246:202:P>W,1,0.073790625
train-pg_dms__mlp__seed43,PMS2,P43246:202:P>A,0,0.05677856
train-pg_dms__mlp__seed43,PMS2,P43246:202:P>C,0,0.056490134
train-pg_dms__mlp__seed43,PMS2,P43246:202:P>D,0,0.13468663
train-pg_dms__mlp__seed43,PMS2,P43246:202:P>F,0,0.05734548
train-pg_dms__mlp__seed43,PMS2,P43246:202:P>G,0,0.056501977
train-pg_dms__mlp__seed43,PMS2,P43246:202:P>H,0,0.056722812
train-pg_dms__mlp__seed43,PMS2,P43246:202:P>I,0,0.056577053
train-pg_dms__mlp__seed43,PMS2,P43246:202:P>L,0,0.07860306
train-pg_dms__mlp__seed43,PMS2,P43246:202:P>M,0,0.05657695
train-pg_dms__mlp__seed43,PMS2,P43246:202:P>N,0,0.057364274
train-pg_dms__mlp__seed43,PMS2,P43246:202:P>R,0,0.110452205
train-pg_dms__mlp__seed43,PMS2,P43246:202:P>S,0,0.056556065
train-pg_dms__mlp__seed43,PMS2,P43246:202:P>T,0,0.056636784
train-pg_dms__mlp__seed43,PMS2,P43246:202:P>V,0,0.056537207
train-pg_dms__mlp__seed43,PMS2,P43246:202:P>K,0,0.08935741
train-pg_dms__mlp__seed43,PMS2,P43246:202:P>Y,0,0.0593203
train-pg_dms__mlp__seed43,PMS2,P43246:205:E>N,0,0.054270223
train-pg_dms__mlp__seed43,PMS2,P43246:205:E>W,0,0.53877264
train-pg_dms__mlp__seed43,PMS2,P43246:205:E>M,0,0.21204841
train-pg_dms__mlp__seed43,PMS2,P43246:205:E>T,0,0.06401663
train-pg_dms__mlp__seed43,PMS2,P43246:205:E>L,0,0.13350014
train-pg_dms__mlp__seed43,PMS2,P43246:205:E>V,0,0.062981285
train-pg_dms__mlp__seed43,PMS2,P43246:205:E>I,0,0.107008845
train-pg_dms__mlp__seed43,PMS2,P43246:205:E>G,1,0.049891554
train-pg_dms__mlp__seed43,PMS2,P43246:205:E>F,0,0.40801743
train-pg_dms__mlp__seed43,PMS2,P43246:205:E>K,0,0.10180732
train-pg_dms__mlp__seed43,PMS2,P43246:205:E>A,0,0.057391368
train-pg_dms__mlp__seed43,PMS2,P43246:205:E>C,0,0.4768625
train-pg_dms__mlp__seed43,PMS2,P43246:205:E>R,0,0.17081398
train-pg_dms__mlp__seed43,PMS2,P43246:205:E>S,0,0.05354105
train-pg_dms__mlp__seed43,PMS2,P43246:205:E>Y,0,0.2940408
train-pg_dms__mlp__seed43,PMS2,P43246:205:E>Q,0,0.109507635
train-pg_dms__mlp__seed43,PMS2,P43246:205:E>P,0,0.24106503
train-pg_dms__mlp__seed43,PMS2,P43246:206:T>A,0,0.05399018
train-pg_dms__mlp__seed43,PMS2,P43246:206:T>C,0,0.042700633
train-pg_dms__mlp__seed43,PMS2,P43246:206:T>E,0,0.045828894
train-pg_dms__mlp__seed43,PMS2,P43246:206:T>F,0,0.041275922
train-pg_dms__mlp__seed43,PMS2,P43246:206:T>G,0,0.04089205
train-pg_dms__mlp__seed43,PMS2,P43246:206:T>H,0,0.042091247
train-pg_dms__mlp__seed43,PMS2,P43246:206:T>I,0,0.04088364
train-pg_dms__mlp__seed43,PMS2,P43246:206:T>V,0,0.040854067
train-pg_dms__mlp__seed43,PMS2,P43246:206:T>L,0,0.040854767
train-pg_dms__mlp__seed43,PMS2,P43246:206:T>M,1,0.040848505
train-pg_dms__mlp__seed43,PMS2,P43246:206:T>N,0,0.04086543
train-pg_dms__mlp__seed43,PMS2,P43246:206:T>P,0,0.04087297
train-pg_dms__mlp__seed43,PMS2,P43246:206:T>R,0,0.04410237
train-pg_dms__mlp__seed43,PMS2,P43246:206:T>S,0,0.05408665
train-pg_dms__mlp__seed43,PMS2,P43246:206:T>W,0,0.060272522
train-pg_dms__mlp__seed43,PMS2,P43246:206:T>K,0,0.04400324
train-pg_dms__mlp__seed43,PMS2,P43246:206:T>Q,0,0.041984748
train-pg_dms__mlp__seed43,PMS2,P43246:208:G>S,0,0.046212777
train-pg_dms__mlp__seed43,PMS2,P43246:208:G>V,0,0.046300657
train-pg_dms__mlp__seed43,PMS2,P43246:208:G>Q,0,0.05350792
train-pg_dms__mlp__seed43,PMS2,P43246:208:G>R,0,0.06254262
train-pg_dms__mlp__seed43,PMS2,P43246:208:G>W,0,0.054613736
train-pg_dms__mlp__seed43,PMS2,P43246:208:G>A,0,0.04618875
train-pg_dms__mlp__seed43,PMS2,P43246:208:G>T,0,0.046295892
train-pg_dms__mlp__seed43,PMS2,P43246:208:G>C,0,0.047525994
train-pg_dms__mlp__seed43,PMS2,P43246:208:G>D,0,0.05730813
train-pg_dms__mlp__seed43,PMS2,P43246:208:G>E,0,0.05442012
train-pg_dms__mlp__seed43,PMS2,P43246:208:G>H,0,0.05860243
train-pg_dms__mlp__seed43,PMS2,P43246:208:G>I,0,0.046908043
train-pg_dms__mlp__seed43,PMS2,P43246:208:G>K,0,0.07976281
train-pg_dms__mlp__seed43,PMS2,P43246:208:G>L,0,0.04842931
train-pg_dms__mlp__seed43,PMS2,P43246:208:G>M,0,0.049237236
train-pg_dms__mlp__seed43,PMS2,P43246:208:G>P,0,0.05375871
train-pg_dms__mlp__seed43,PMS2,P43246:221:G>C,0,0.04269739
train-pg_dms__mlp__seed43,PMS2,P43246:221:G>Y,0,0.07822251
train-pg_dms__mlp__seed43,PMS2,P43246:221:G>W,0,0.10272135
train-pg_dms__mlp__seed43,PMS2,P43246:221:G>V,0,0.05809568
train-pg_dms__mlp__seed43,PMS2,P43246:221:G>T,0,0.04365414
train-pg_dms__mlp__seed43,PMS2,P43246:221:G>S,0,0.04135065
train-pg_dms__mlp__seed43,PMS2,P43246:221:G>R,0,0.048626624
train-pg_dms__mlp__seed43,PMS2,P43246:221:G>Q,0,0.044621825
train-pg_dms__mlp__seed43,PMS2,P43246:221:G>A,0,0.041788835
train-pg_dms__mlp__seed43,PMS2,P43246:221:G>P,0,0.29531175
train-pg_dms__mlp__seed43,PMS2,P43246:221:G>M,0,0.09011622
train-pg_dms__mlp__seed43,PMS2,P43246:221:G>L,0,0.092469685
train-pg_dms__mlp__seed43,PMS2,P43246:221:G>K,0,0.06619951
train-pg_dms__mlp__seed43,PMS2,P43246:221:G>I,0,0.095603734
train-pg_dms__mlp__seed43,PMS2,P43246:221:G>H,0,0.050462306
train-pg_dms__mlp__seed43,PMS2,P43246:221:G>F,0,0.17151791
train-pg_dms__mlp__seed43,PMS2,P43246:221:G>N,0,0.041606613
train-pg_dms__mlp__seed43,PMS2,P43246:221:G>D,0,0.042798836
train-pg_dms__mlp__seed43,PMS2,P43246:222:I>C,0,0.07132905
train-pg_dms__mlp__seed43,PMS2,P43246:222:I>A,0,0.07309009
train-pg_dms__mlp__seed43,PMS2,P43246:222:I>E,0,0.5861369
train-pg_dms__mlp__seed43,PMS2,P43246:222:I>W,0,0.46191895
train-pg_dms__mlp__seed43,PMS2,P43246:222:I>V,0,0.07782754
train-pg_dms__mlp__seed43,PMS2,P43246:222:I>T,0,0.077197775
train-pg_dms__mlp__seed43,PMS2,P43246:222:I>S,0,0.074117385
train-pg_dms__mlp__seed43,PMS2,P43246:222:I>R,0,0.25426447
train-pg_dms__mlp__seed43,PMS2,P43246:222:I>Q,0,0.27304304
train-pg_dms__mlp__seed43,PMS2,P43246:222:I>Y,0,0.1284685
train-pg_dms__mlp__seed43,PMS2,P43246:222:I>N,0,0.08190855
train-pg_dms__mlp__seed43,PMS2,P43246:222:I>M,0,0.057456125
train-pg_dms__mlp__seed43,PMS2,P43246:222:I>L,0,0.057449702
train-pg_dms__mlp__seed43,PMS2,P43246:222:I>K,0,0.40073898
train-pg_dms__mlp__seed43,PMS2,P43246:222:I>H,0,0.2838357
train-pg_dms__mlp__seed43,PMS2,P43246:222:I>G,0,0.20888281
train-pg_dms__mlp__seed43,PMS2,P43246:222:I>F,0,0.08718394
train-pg_dms__mlp__seed43,PMS2,P43246:222:I>P,0,0.52484256
train-pg_dms__mlp__seed43,PMS2,P43246:233:S>R,0,0.22218066
train-pg_dms__mlp__seed43,PMS2,P43246:233:S>A,0,0.056233145
train-pg_dms__mlp__seed43,PMS2,P43246:233:S>C,0,0.08504988
train-pg_dms__mlp__seed43,PMS2,P43246:233:S>D,0,0.1159766
train-pg_dms__mlp__seed43,PMS2,P43246:233:S>E,0,0.19445194
train-pg_dms__mlp__seed43,PMS2,P43246:233:S>F,0,0.0882635
train-pg_dms__mlp__seed43,PMS2,P43246:233:S>G,0,0.056232248
train-pg_dms__mlp__seed43,PMS2,P43246:233:S>H,0,0.060769673
train-pg_dms__mlp__seed43,PMS2,P43246:233:S>Q,0,0.07244491
train-pg_dms__mlp__seed43,PMS2,P43246:233:S>P,0,0.13173918
train-pg_dms__mlp__seed43,PMS2,P43246:233:S>N,0,0.056117356
train-pg_dms__mlp__seed43,PMS2,P43246:233:S>T,0,0.056232754
train-pg_dms__mlp__seed43,PMS2,P43246:233:S>V,0,0.056105606
train-pg_dms__mlp__seed43,PMS2,P43246:233:S>L,0,0.056197546
train-pg_dms__mlp__seed43,PMS2,P43246:233:S>K,0,0.2586586
train-pg_dms__mlp__seed43,PMS2,P43246:233:S>I,0,0.056104437
train-pg_dms__mlp__seed43,PMS2,P43246:233:S>W,0,0.06361316
train-pg_dms__mlp__seed43,PMS2,P43246:233:S>Y,0,0.056820773
train-pg_dms__mlp__seed43,PMS2,P43246:233:S>M,0,0.056101587
train-pg_dms__mlp__seed43,PMS2,P43246:242:N>R,0,0.091316506
train-pg_dms__mlp__seed43,PMS2,P43246:242:N>T,0,0.06613699
train-pg_dms__mlp__seed43,PMS2,P43246:242:N>S,0,0.08934931
train-pg_dms__mlp__seed43,PMS2,P43246:242:N>Q,0,0.07501827
train-pg_dms__mlp__seed43,PMS2,P43246:242:N>P,0,0.13899237
train-pg_dms__mlp__seed43,PMS2,P43246:242:N>M,0,0.083699614
train-pg_dms__mlp__seed43,PMS2,P43246:242:N>L,0,0.07363482
train-pg_dms__mlp__seed43,PMS2,P43246:242:N>I,0,0.077491075
train-pg_dms__mlp__seed43,PMS2,P43246:242:N>G,0,0.06678734
train-pg_dms__mlp__seed43,PMS2,P43246:242:N>F,0,0.17397916
train-pg_dms__mlp__seed43,PMS2,P43246:242:N>D,0,0.0689681
train-pg_dms__mlp__seed43,PMS2,P43246:242:N>C,0,0.069571555
train-pg_dms__mlp__seed43,PMS2,P43246:242:N>A,0,0.07099535
train-pg_dms__mlp__seed43,PMS2,P43246:242:N>V,0,0.07312748
train-pg_dms__mlp__seed43,PMS2,P43246:242:N>W,0,0.2501869
train-pg_dms__mlp__seed43,PMS2,P43246:242:N>K,0,0.17913431
train-pg_dms__mlp__seed43,PMS2,P43246:242:N>Y,0,0.07256472
train-pg_dms__mlp__seed43,PMS2,P43246:247:G>E,0,0.04189499
train-pg_dms__mlp__seed43,PMS2,P43246:247:G>F,0,0.044735655
train-pg_dms__mlp__seed43,PMS2,P43246:247:G>M,0,0.042933486
train-pg_dms__mlp__seed43,PMS2,P43246:247:G>N,0,0.041871626
train-pg_dms__mlp__seed43,PMS2,P43246:247:G>P,0,0.04361278
train-pg_dms__mlp__seed43,PMS2,P43246:247:G>Q,0,0.042338982
train-pg_dms__mlp__seed43,PMS2,P43246:247:G>H,0,0.04293831
train-pg_dms__mlp__seed43,PMS2,P43246:247:G>S,0,0.041579623
train-pg_dms__mlp__seed43,PMS2,P43246:247:G>T,0,0.041582797
train-pg_dms__mlp__seed43,PMS2,P43246:247:G>V,0,0.041589677
train-pg_dms__mlp__seed43,PMS2,P43246:247:G>W,0,0.043194395
train-pg_dms__mlp__seed43,PMS2,P43246:247:G>Y,0,0.042466044
train-pg_dms__mlp__seed43,PMS2,P43246:247:G>D,0,0.04209778
train-pg_dms__mlp__seed43,PMS2,P43246:247:G>I,0,0.04177387
train-pg_dms__mlp__seed43,PMS2,P43246:247:G>R,0,0.0424912
train-pg_dms__mlp__seed43,PMS2,P43246:247:G>C,0,0.041615274
train-pg_dms__mlp__seed43,PMS2,P43246:247:G>K,0,0.043280113
train-pg_dms__mlp__seed43,PMS2,P43246:247:G>L,0,0.042299803
train-pg_dms__mlp__seed43,PMS2,P43246:247:G>A,0,0.041579176
train-pg_dms__mlp__seed43,PMS2,P43246:250:G>M,0,0.075962596
train-pg_dms__mlp__seed43,PMS2,P43246:250:G>Y,0,0.07885085
train-pg_dms__mlp__seed43,PMS2,P43246:250:G>W,0,0.08104086
train-pg_dms__mlp__seed43,PMS2,P43246:250:G>T,0,0.04804087
train-pg_dms__mlp__seed43,PMS2,P43246:250:G>S,0,0.047132786
train-pg_dms__mlp__seed43,PMS2,P43246:250:G>N,0,0.05304217
train-pg_dms__mlp__seed43,PMS2,P43246:250:G>P,0,0.12934591
train-pg_dms__mlp__seed43,PMS2,P43246:250:G>Q,0,0.05792869
train-pg_dms__mlp__seed43,PMS2,P43246:250:G>F,0,0.11899283
train-pg_dms__mlp__seed43,PMS2,P43246:250:G>L,0,0.07556449
train-pg_dms__mlp__seed43,PMS2,P43246:250:G>K,0,0.063184455
train-pg_dms__mlp__seed43,PMS2,P43246:250:G>I,0,0.059278153
train-pg_dms__mlp__seed43,PMS2,P43246:250:G>E,0,0.0594325
train-pg_dms__mlp__seed43,PMS2,P43246:250:G>D,0,0.05058615
train-pg_dms__mlp__seed43,PMS2,P43246:250:G>C,0,0.056516465
train-pg_dms__mlp__seed43,PMS2,P43246:250:G>A,0,0.04794649
train-pg_dms__mlp__seed43,PMS2,P43246:252:Q>F,0,0.08668807
train-pg_dms__mlp__seed43,PMS2,P43246:252:Q>M,1,0.048549533
train-pg_dms__mlp__seed43,PMS2,P43246:252:Q>C,0,0.090210095
train-pg_dms__mlp__seed43,PMS2,P43246:252:Q>N,0,0.046218302
train-pg_dms__mlp__seed43,PMS2,P43246:252:Q>D,0,0.05063887
train-pg_dms__mlp__seed43,PMS2,P43246:252:Q>E,0,0.04491191
train-pg_dms__mlp__seed43,PMS2,P43246:252:Q>A,0,0.0452027
train-pg_dms__mlp__seed43,PMS2,P43246:252:Q>G,0,0.04640985
train-pg_dms__mlp__seed43,PMS2,P43246:252:Q>W,0,0.10093361
train-pg_dms__mlp__seed43,PMS2,P43246:252:Q>I,0,0.047940254
train-pg_dms__mlp__seed43,PMS2,P43246:252:Q>K,0,0.04493732
train-pg_dms__mlp__seed43,PMS2,P43246:252:Q>L,0,0.044939123
train-pg_dms__mlp__seed43,PMS2,P43246:252:Q>V,0,0.045874808
train-pg_dms__mlp__seed43,PMS2,P43246:252:Q>Y,0,0.055417735
train-pg_dms__mlp__seed43,PMS2,P43246:252:Q>R,0,0.055775914
train-pg_dms__mlp__seed43,PMS2,P43246:252:Q>S,0,0.045829583
train-pg_dms__mlp__seed43,PMS2,P43246:252:Q>T,0,0.045078803
train-pg_dms__mlp__seed43,PMS2,P43246:252:Q>H,0,0.06360294
train-pg_dms__mlp__seed43,PMS2,P43246:252:Q>P,0,0.05606629
train-pg_dms__mlp__seed43,PMS2,P43246:263:N>I,0,0.048229624
train-pg_dms__mlp__seed43,PMS2,P43246:263:N>H,0,0.049130656
train-pg_dms__mlp__seed43,PMS2,P43246:263:N>G,0,0.048217766
train-pg_dms__mlp__seed43,PMS2,P43246:263:N>C,0,0.04853678
train-pg_dms__mlp__seed43,PMS2,P43246:263:N>E,0,0.048127815
train-pg_dms__mlp__seed43,PMS2,P43246:263:N>D,0,0.04868169
train-pg_dms__mlp__seed43,PMS2,P43246:263:N>A,0,0.048378915
train-pg_dms__mlp__seed43,PMS2,P43246:263:N>F,0,0.04855742
train-pg_dms__mlp__seed43,PMS2,P43246:263:N>K,0,0.06516909
train-pg_dms__mlp__seed43,PMS2,P43246:263:N>M,0,0.048269216
train-pg_dms__mlp__seed43,PMS2,P43246:263:N>P,0,0.092244364
train-pg_dms__mlp__seed43,PMS2,P43246:263:N>L,0,0.048511893
train-pg_dms__mlp__seed43,PMS2,P43246:263:N>Y,0,0.049023807
train-pg_dms__mlp__seed43,PMS2,P43246:263:N>W,0,0.0529177
train-pg_dms__mlp__seed43,PMS2,P43246:263:N>Q,0,0.04860093
train-pg_dms__mlp__seed43,PMS2,P43246:263:N>T,0,0.048591256
train-pg_dms__mlp__seed43,PMS2,P43246:263:N>R,0,0.048602335
train-pg_dms__mlp__seed43,PMS2,P43246:263:N>V,0,0.048275895
train-pg_dms__mlp__seed43,PMS2,P43246:265:V>P,0,0.11560913
train-pg_dms__mlp__seed43,PMS2,P43246:265:V>M,0,0.081411995
train-pg_dms__mlp__seed43,PMS2,P43246:265:V>N,0,0.08782723
train-pg_dms__mlp__seed43,PMS2,P43246:265:V>Q,0,0.10930802
train-pg_dms__mlp__seed43,PMS2,P43246:265:V>R,0,0.13171029
train-pg_dms__mlp__seed43,PMS2,P43246:265:V>S,0,0.085187405
train-pg_dms__mlp__seed43,PMS2,P43246:265:V>T,0,0.08185706
train-pg_dms__mlp__seed43,PMS2,P43246:265:V>W,0,0.22509997
train-pg_dms__mlp__seed43,PMS2,P43246:265:V>K,0,0.14019036
train-pg_dms__mlp__seed43,PMS2,P43246:265:V>H,0,0.12996131
train-pg_dms__mlp__seed43,PMS2,P43246:265:V>G,0,0.08442469
train-pg_dms__mlp__seed43,PMS2,P43246:265:V>F,0,0.116822906
train-pg_dms__mlp__seed43,PMS2,P43246:265:V>E,0,0.11302138
train-pg_dms__mlp__seed43,PMS2,P43246:265:V>D,0,0.11506007
train-pg_dms__mlp__seed43,PMS2,P43246:265:V>C,0,0.15690055
train-pg_dms__mlp__seed43,PMS2,P43246:265:V>A,0,0.08160594
train-pg_dms__mlp__seed43,PMS2,P43246:265:V>Y,0,0.11615587
train-pg_dms__mlp__seed43,PMS2,P43246:265:V>L,0,0.08216326
train-pg_dms__mlp__seed43,PMS2,P43246:268:S>G,0,0.08640222
train-pg_dms__mlp__seed43,PMS2,P43246:268:S>M,0,0.10010392
train-pg_dms__mlp__seed43,PMS2,P43246:268:S>L,0,0.121360816
train-pg_dms__mlp__seed43,PMS2,P43246:268:S>K,0,0.7930762
train-pg_dms__mlp__seed43,PMS2,P43246:268:S>E,0,0.60111123
train-pg_dms__mlp__seed43,PMS2,P43246:268:S>I,0,0.10849459
train-pg_dms__mlp__seed43,PMS2,P43246:268:S>F,0,0.10668764
train-pg_dms__mlp__seed43,PMS2,P43246:268:S>H,0,0.28872377
train-pg_dms__mlp__seed43,PMS2,P43246:268:S>Q,0,0.3258652
train-pg_dms__mlp__seed43,PMS2,P43246:268:S>P,0,0.1258398
train-pg_dms__mlp__seed43,PMS2,P43246:268:S>W,0,0.22720772
train-pg_dms__mlp__seed43,PMS2,P43246:268:S>V,0,0.100763984
train-pg_dms__mlp__seed43,PMS2,P43246:268:S>A,0,0.108457856
train-pg_dms__mlp__seed43,PMS2,P43246:268:S>Y,0,0.118303984
train-pg_dms__mlp__seed43,PMS2,P43246:268:S>D,0,0.6121463
train-pg_dms__mlp__seed43,PMS2,P43246:268:S>T,0,0.0896478
train-pg_dms__mlp__seed43,PMS2,P43246:268:S>R,0,0.72404176
train-pg_dms__mlp__seed43,PMS2,P43246:268:S>C,0,0.08735128
train-pg_dms__mlp__seed43,PMS2,P43246:271:S>T,0,0.0969942
train-pg_dms__mlp__seed43,PMS2,P43246:271:S>A,0,0.0918069
train-pg_dms__mlp__seed43,PMS2,P43246:271:S>C,0,0.12071752
train-pg_dms__mlp__seed43,PMS2,P43246:271:S>D,0,0.72030544
train-pg_dms__mlp__seed43,PMS2,P43246:271:S>E,0,0.71730083
train-pg_dms__mlp__seed43,PMS2,P43246:271:S>G,0,0.09357118
train-pg_dms__mlp__seed43,PMS2,P43246:271:S>H,0,0.27038947
train-pg_dms__mlp__seed43,PMS2,P43246:271:S>I,0,0.15524282
train-pg_dms__mlp__seed43,PMS2,P43246:271:S>L,0,0.09980773
train-pg_dms__mlp__seed43,PMS2,P43246:271:S>M,0,0.11444751
train-pg_dms__mlp__seed43,PMS2,P43246:271:S>N,0,0.11951681
train-pg_dms__mlp__seed43,PMS2,P43246:271:S>P,1,0.7280265
train-pg_dms__mlp__seed43,PMS2,P43246:271:S>Y,0,0.18588981
train-pg_dms__mlp__seed43,PMS2,P43246:271:S>W,0,0.25280237
train-pg_dms__mlp__seed43,PMS2,P43246:271:S>V,0,0.11880171
train-pg_dms__mlp__seed43,PMS2,P43246:271:S>K,0,0.840556
train-pg_dms__mlp__seed43,PMS2,P43246:271:S>F,0,0.136891
train-pg_dms__mlp__seed43,PMS2,P43246:271:S>Q,0,0.4378284
train-pg_dms__mlp__seed43,PMS2,P43246:271:S>R,0,0.7764871
train-pg_dms__mlp__seed43,PMS2,P43246:276:F>L,0,0.49897572
train-pg_dms__mlp__seed43,PMS2,P43246:276:F>A,0,0.35690647
train-pg_dms__mlp__seed43,PMS2,P43246:276:F>D,0,0.5157184
train-pg_dms__mlp__seed43,PMS2,P43246:276:F>E,0,0.5504194
train-pg_dms__mlp__seed43,PMS2,P43246:276:F>G,0,0.45540404
train-pg_dms__mlp__seed43,PMS2,P43246:276:F>H,0,0.097652495
train-pg_dms__mlp__seed43,PMS2,P43246:276:F>T,0,0.25402698
train-pg_dms__mlp__seed43,PMS2,P43246:276:F>S,0,0.14796762
train-pg_dms__mlp__seed43,PMS2,P43246:276:F>I,0,0.07508693
train-pg_dms__mlp__seed43,PMS2,P43246:276:F>Q,0,0.43796957
train-pg_dms__mlp__seed43,PMS2,P43246:276:F>P,1,0.62062854
train-pg_dms__mlp__seed43,PMS2,P43246:276:F>N,0,0.2048908
train-pg_dms__mlp__seed43,PMS2,P43246:276:F>M,0,0.18031606
train-pg_dms__mlp__seed43,PMS2,P43246:276:F>K,0,0.57078856
train-pg_dms__mlp__seed43,PMS2,P43246:276:F>R,0,0.4999826
train-pg_dms__mlp__seed43,PMS2,P43246:276:F>V,0,0.071927465
train-pg_dms__mlp__seed43,PMS2,P43246:276:F>Y,0,0.06322111
train-pg_dms__mlp__seed43,PMS2,P43246:279:L>A,0,0.16990165
train-pg_dms__mlp__seed43,PMS2,P43246:279:L>C,0,0.14276667
train-pg_dms__mlp__seed43,PMS2,P43246:279:L>W,0,0.2709323
train-pg_dms__mlp__seed43,PMS2,P43246:279:L>V,0,0.13904883
train-pg_dms__mlp__seed43,PMS2,P43246:279:L>T,0,0.23650433
train-pg_dms__mlp__seed43,PMS2,P43246:279:L>S,0,0.36487228
train-pg_dms__mlp__seed43,PMS2,P43246:279:L>R,0,0.3636693
train-pg_dms__mlp__seed43,PMS2,P43246:279:L>Q,0,0.29780415
train-pg_dms__mlp__seed43,PMS2,P43246:279:L>Y,0,0.2253512
train-pg_dms__mlp__seed43,PMS2,P43246:279:L>M,0,0.05754666
train-pg_dms__mlp__seed43,PMS2,P43246:279:L>I,0,0.05756346
train-pg_dms__mlp__seed43,PMS2,P43246:279:L>H,0,0.36046848
train-pg_dms__mlp__seed43,PMS2,P43246:279:L>G,0,0.36930472
train-pg_dms__mlp__seed43,PMS2,P43246:279:L>F,0,0.06705555
train-pg_dms__mlp__seed43,PMS2,P43246:279:L>E,0,0.393275
train-pg_dms__mlp__seed43,PMS2,P43246:279:L>D,0,0.43734762
train-pg_dms__mlp__seed43,PMS2,P43246:279:L>N,0,0.36930472
train-pg_dms__mlp__seed43,PMS2,P43246:284:S>T,0,0.043385476
train-pg_dms__mlp__seed43,PMS2,P43246:284:S>Y,0,0.07237923
train-pg_dms__mlp__seed43,PMS2,P43246:284:S>W,0,0.044808857
train-pg_dms__mlp__seed43,PMS2,P43246:284:S>V,0,0.042506993
train-pg_dms__mlp__seed43,PMS2,P43246:284:S>R,0,0.05161932
train-pg_dms__mlp__seed43,PMS2,P43246:284:S>K,0,0.0625463
train-pg_dms__mlp__seed43,PMS2,P43246:284:S>N,0,0.042596437
train-pg_dms__mlp__seed43,PMS2,P43246:284:S>M,0,0.042402174
train-pg_dms__mlp__seed43,PMS2,P43246:284:S>L,0,0.043044873
train-pg_dms__mlp__seed43,PMS2,P43246:284:S>I,0,0.0421041
train-pg_dms__mlp__seed43,PMS2,P43246:284:S>H,0,0.042601414
train-pg_dms__mlp__seed43,PMS2,P43246:284:S>A,0,0.043380804
train-pg_dms__mlp__seed43,PMS2,P43246:284:S>E,0,0.047925185
train-pg_dms__mlp__seed43,PMS2,P43246:284:S>F,0,0.04191229
train-pg_dms__mlp__seed43,PMS2,P43246:284:S>G,0,0.04331897
train-pg_dms__mlp__seed43,PMS2,P43246:284:S>Q,0,0.044567205
train-pg_dms__mlp__seed43,PMS2,P43246:284:S>C,0,0.043083765
train-pg_dms__mlp__seed43,PMS2,P43246:284:S>P,0,0.053481378
train-pg_dms__mlp__seed43,PMS2,P43246:285:N>S,0,0.0803169
train-pg_dms__mlp__seed43,PMS2,P43246:285:N>P,0,0.1253015
train-pg_dms__mlp__seed43,PMS2,P43246:285:N>T,0,0.05178249
train-pg_dms__mlp__seed43,PMS2,P43246:285:N>V,0,0.05179025
train-pg_dms__mlp__seed43,PMS2,P43246:285:N>W,0,0.11843143
train-pg_dms__mlp__seed43,PMS2,P43246:285:N>Y,0,0.05172324
train-pg_dms__mlp__seed43,PMS2,P43246:285:N>M,0,0.05525741
train-pg_dms__mlp__seed43,PMS2,P43246:285:N>L,0,0.051826928
train-pg_dms__mlp__seed43,PMS2,P43246:285:N>K,0,0.2916462
train-pg_dms__mlp__seed43,PMS2,P43246:285:N>R,0,0.08689678
train-pg_dms__mlp__seed43,PMS2,P43246:285:N>Q,0,0.064009085
train-pg_dms__mlp__seed43,PMS2,P43246:285:N>I,0,0.052059315
train-pg_dms__mlp__seed43,PMS2,P43246:285:N>H,0,0.051726926
train-pg_dms__mlp__seed43,PMS2,P43246:285:N>G,0,0.05214434
train-pg_dms__mlp__seed43,PMS2,P43246:285:N>F,0,0.05903724
train-pg_dms__mlp__seed43,PMS2,P43246:285:N>E,0,0.110265195
train-pg_dms__mlp__seed43,PMS2,P43246:285:N>D,0,0.0560739
train-pg_dms__mlp__seed43,PMS2,P43246:285:N>A,0,0.052022044
train-pg_dms__mlp__seed43,PMS2,P43246:293:T>A,0,0.07331906
train-pg_dms__mlp__seed43,PMS2,P43246:293:T>C,0,0.05396796
train-pg_dms__mlp__seed43,PMS2,P43246:293:T>P,0,0.071081825
train-pg_dms__mlp__seed43,PMS2,P43246:293:T>N,0,0.05552869
train-pg_dms__mlp__seed43,PMS2,P43246:293:T>M,0,0.055562172
train-pg_dms__mlp__seed43,PMS2,P43246:293:T>L,0,0.05563581
train-pg_dms__mlp__seed43,PMS2,P43246:293:T>K,0,0.055228125
train-pg_dms__mlp__seed43,PMS2,P43246:293:T>H,0,0.05497621
train-pg_dms__mlp__seed43,PMS2,P43246:293:T>G,0,0.055034
train-pg_dms__mlp__seed43,PMS2,P43246:293:T>F,0,0.054320134
train-pg_dms__mlp__seed43,PMS2,P43246:293:T>E,0,0.05372041
train-pg_dms__mlp__seed43,PMS2,P43246:293:T>D,0,0.05295246
train-pg_dms__mlp__seed43,PMS2,P43246:293:T>Q,0,0.054857563
train-pg_dms__mlp__seed43,PMS2,P43246:293:T>R,0,0.05541484
train-pg_dms__mlp__seed43,PMS2,P43246:293:T>S,0,0.05576249
train-pg_dms__mlp__seed43,PMS2,P43246:293:T>V,0,0.05552869
train-pg_dms__mlp__seed43,PMS2,P43246:293:T>W,0,0.052345958
train-pg_dms__mlp__seed43,PMS2,P43246:293:T>Y,0,0.054277647
train-pg_dms__mlp__seed43,PMS2,P43246:307:V>C,0,0.0899398
train-pg_dms__mlp__seed43,PMS2,P43246:307:V>Y,0,0.09220284
train-pg_dms__mlp__seed43,PMS2,P43246:307:V>S,0,0.06844618
train-pg_dms__mlp__seed43,PMS2,P43246:307:V>R,0,0.0997169
train-pg_dms__mlp__seed43,PMS2,P43246:307:V>Q,0,0.08117669
train-pg_dms__mlp__seed43,PMS2,P43246:307:V>P,0,0.3799218
train-pg_dms__mlp__seed43,PMS2,P43246:307:V>N,0,0.08778418
train-pg_dms__mlp__seed43,PMS2,P43246:307:V>M,0,0.064927086
train-pg_dms__mlp__seed43,PMS2,P43246:307:V>T,0,0.06749256
train-pg_dms__mlp__seed43,PMS2,P43246:307:V>L,0,0.06646985
train-pg_dms__mlp__seed43,PMS2,P43246:307:V>I,0,0.06362371
train-pg_dms__mlp__seed43,PMS2,P43246:307:V>H,0,0.16080779
train-pg_dms__mlp__seed43,PMS2,P43246:307:V>E,0,0.100201644
train-pg_dms__mlp__seed43,PMS2,P43246:307:V>G,0,0.06815023
train-pg_dms__mlp__seed43,PMS2,P43246:307:V>A,0,0.066571616
train-pg_dms__mlp__seed43,PMS2,P43246:307:V>K,0,0.12758382
train-pg_dms__mlp__seed43,PMS2,P43246:307:V>W,0,0.23979717
train-pg_dms__mlp__seed43,PMS2,P43246:311:N>E,0,0.18664801
train-pg_dms__mlp__seed43,PMS2,P43246:311:N>A,0,0.05942991
train-pg_dms__mlp__seed43,PMS2,P43246:311:N>C,0,0.055395834
train-pg_dms__mlp__seed43,PMS2,P43246:311:N>D,0,0.058303792
train-pg_dms__mlp__seed43,PMS2,P43246:311:N>F,0,0.12672083
train-pg_dms__mlp__seed43,PMS2,P43246:311:N>M,0,0.0857428
train-pg_dms__mlp__seed43,PMS2,P43246:311:N>H,0,0.077721424
train-pg_dms__mlp__seed43,PMS2,P43246:311:N>Y,0,0.05580339
train-pg_dms__mlp__seed43,PMS2,P43246:311:N>W,0,0.37586972
train-pg_dms__mlp__seed43,PMS2,P43246:311:N>V,0,0.106837906
train-pg_dms__mlp__seed43,PMS2,P43246:311:N>T,0,0.09153068
train-pg_dms__mlp__seed43,PMS2,P43246:311:N>S,0,0.054779053
train-pg_dms__mlp__seed43,PMS2,P43246:311:N>R,0,0.09099145
train-pg_dms__mlp__seed43,PMS2,P43246:311:N>G,0,0.055652235
train-pg_dms__mlp__seed43,PMS2,P43246:311:N>P,0,0.55199564
train-pg_dms__mlp__seed43,PMS2,P43246:311:N>Q,0,0.061606377
train-pg_dms__mlp__seed43,PMS2,P43246:311:N>I,0,0.17855325
train-pg_dms__mlp__seed43,PMS2,P43246:311:N>K,1,0.12187736
train-pg_dms__mlp__seed43,PMS2,P43246:311:N>L,0,0.07187528
train-pg_dms__mlp__seed43,PMS2,P43246:321:T>Q,0,0.03148704
train-pg_dms__mlp__seed43,PMS2,P43246:321:T>I,0,0.031082962
train-pg_dms__mlp__seed43,PMS2,P43246:321:T>P,0,0.030911801
train-pg_dms__mlp__seed43,PMS2,P43246:321:T>N,0,0.030881368
train-pg_dms__mlp__seed43,PMS2,P43246:321:T>M,0,0.030956268
train-pg_dms__mlp__seed43,PMS2,P43246:321:T>L,0,0.03092072
train-pg_dms__mlp__seed43,PMS2,P43246:321:T>K,0,0.03182495
train-pg_dms__mlp__seed43,PMS2,P43246:321:T>H,0,0.03131993
train-pg_dms__mlp__seed43,PMS2,P43246:321:T>V,0,0.030906327
train-pg_dms__mlp__seed43,PMS2,P43246:321:T>F,0,0.031545807
train-pg_dms__mlp__seed43,PMS2,P43246:321:T>E,0,0.032985844
train-pg_dms__mlp__seed43,PMS2,P43246:321:T>D,0,0.03284578
train-pg_dms__mlp__seed43,PMS2,P43246:321:T>W,0,0.03507124
train-pg_dms__mlp__seed43,PMS2,P43246:321:T>Y,0,0.031713814
train-pg_dms__mlp__seed43,PMS2,P43246:321:T>R,0,0.0315891
train-pg_dms__mlp__seed43,PMS2,P43246:321:T>G,0,0.03087236
train-pg_dms__mlp__seed43,PMS2,P43246:321:T>S,0,0.0356827
train-pg_dms__mlp__seed43,PMS2,P43246:325:S>V,0,0.108343154
train-pg_dms__mlp__seed43,PMS2,P43246:325:S>D,0,0.33251235
train-pg_dms__mlp__seed43,PMS2,P43246:325:S>A,0,0.07018653
train-pg_dms__mlp__seed43,PMS2,P43246:325:S>G,0,0.06787453
train-pg_dms__mlp__seed43,PMS2,P43246:325:S>H,0,0.1318792
train-pg_dms__mlp__seed43,PMS2,P43246:325:S>I,0,0.18006875
train-pg_dms__mlp__seed43,PMS2,P43246:325:S>E,1,0.60364443
train-pg_dms__mlp__seed43,PMS2,P43246:325:S>K,0,0.6544127
train-pg_dms__mlp__seed43,PMS2,P43246:325:S>L,0,0.08932684
train-pg_dms__mlp__seed43,PMS2,P43246:325:S>M,0,0.10844507
train-pg_dms__mlp__seed43,PMS2,P43246:325:S>N,0,0.07124709
train-pg_dms__mlp__seed43,PMS2,P43246:325:S>P,0,0.119890094
train-pg_dms__mlp__seed43,PMS2,P43246:325:S>Q,0,0.42763543
train-pg_dms__mlp__seed43,PMS2,P43246:325:S>R,0,0.6320393
train-pg_dms__mlp__seed43,PMS2,P43246:325:S>W,0,0.3126543
train-pg_dms__mlp__seed43,PMS2,P43246:325:S>Y,0,0.18816867
train-pg_dms__mlp__seed43,PMS2,P43246:325:S>F,0,0.28729284
train-pg_dms__mlp__seed43,PMS2,P43246:326:L>M,0,0.09946691
train-pg_dms__mlp__seed43,PMS2,P43246:326:L>S,1,0.84526956
train-pg_dms__mlp__seed43,PMS2,P43246:326:L>R,1,0.85511386
train-pg_dms__mlp__seed43,PMS2,P43246:326:L>Q,1,0.8450641
train-pg_dms__mlp__seed43,PMS2,P43246:326:L>P,1,0.77191293
train-pg_dms__mlp__seed43,PMS2,P43246:326:L>N,1,0.8688473
train-pg_dms__mlp__seed43,PMS2,P43246:326:L>K,1,0.86491597
train-pg_dms__mlp__seed43,PMS2,P43246:326:L>I,0,0.081061035
train-pg_dms__mlp__seed43,PMS2,P43246:326:L>G,1,0.8597214
train-pg_dms__mlp__seed43,PMS2,P43246:326:L>E,1,0.8686714
train-pg_dms__mlp__seed43,PMS2,P43246:326:L>D,1,0.8762126
train-pg_dms__mlp__seed43,PMS2,P43246:326:L>C,0,0.7116551
train-pg_dms__mlp__seed43,PMS2,P43246:326:L>A,0,0.5218549
train-pg_dms__mlp__seed43,PMS2,P43246:326:L>T,0,0.49505746
train-pg_dms__mlp__seed43,PMS2,P43246:326:L>V,0,0.11703986
train-pg_dms__mlp__seed43,PMS2,P43246:326:L>W,1,0.8342944
train-pg_dms__mlp__seed43,PMS2,P43246:326:L>F,0,0.21634296
train-pg_dms__mlp__seed43,PMS2,P43246:332:K>C,0,0.10661316
train-pg_dms__mlp__seed43,PMS2,P43246:332:K>Y,0,0.10706296
train-pg_dms__mlp__seed43,PMS2,P43246:332:K>W,0,0.14273675
train-pg_dms__mlp__seed43,PMS2,P43246:332:K>V,0,0.1014875
train-pg_dms__mlp__seed43,PMS2,P43246:332:K>T,0,0.084168285
train-pg_dms__mlp__seed43,PMS2,P43246:332:K>S,0,0.11644029
train-pg_dms__mlp__seed43,PMS2,P43246:332:K>R,0,0.07074313
train-pg_dms__mlp__seed43,PMS2,P43246:332:K>Q,0,0.0736011
train-pg_dms__mlp__seed43,PMS2,P43246:332:K>P,0,0.25762233
train-pg_dms__mlp__seed43,PMS2,P43246:332:K>N,0,0.13704798
train-pg_dms__mlp__seed43,PMS2,P43246:332:K>L,0,0.10664883
train-pg_dms__mlp__seed43,PMS2,P43246:332:K>I,0,0.11536053
train-pg_dms__mlp__seed43,PMS2,P43246:332:K>H,0,0.074967235
train-pg_dms__mlp__seed43,PMS2,P43246:332:K>G,0,0.10722568
train-pg_dms__mlp__seed43,PMS2,P43246:332:K>E,0,0.11816634
train-pg_dms__mlp__seed43,PMS2,P43246:332:K>D,0,0.18377842
train-pg_dms__mlp__seed43,PMS2,P43246:332:K>A,0,0.109712556
train-pg_dms__mlp__seed43,PMS2,P43246:332:K>M,0,0.09051977
train-pg_dms__mlp__seed43,PMS2,P43246:336:P>W,0,0.2195385
train-pg_dms__mlp__seed43,PMS2,P43246:336:P>Y,0,0.12884624
train-pg_dms__mlp__seed43,PMS2,P43246:336:P>V,0,0.058998283
train-pg_dms__mlp__seed43,PMS2,P43246:336:P>E,0,0.18838668
train-pg_dms__mlp__seed43,PMS2,P43246:336:P>R,0,0.088501416
train-pg_dms__mlp__seed43,PMS2,P43246:336:P>M,0,0.061584927
train-pg_dms__mlp__seed43,PMS2,P43246:336:P>K,0,0.16019729
train-pg_dms__mlp__seed43,PMS2,P43246:336:P>I,0,0.062297992
train-pg_dms__mlp__seed43,PMS2,P43246:336:P>H,0,0.0698689
train-pg_dms__mlp__seed43,PMS2,P43246:336:P>G,0,0.060753487
train-pg_dms__mlp__seed43,PMS2,P43246:336:P>F,0,0.10739893
train-pg_dms__mlp__seed43,PMS2,P43246:336:P>T,0,0.0583744
train-pg_dms__mlp__seed43,PMS2,P43246:336:P>D,0,0.30196157
train-pg_dms__mlp__seed43,PMS2,P43246:336:P>C,0,0.07602728
train-pg_dms__mlp__seed43,PMS2,P43246:336:P>A,0,0.08880073
train-pg_dms__mlp__seed43,PMS2,P43246:336:P>Q,0,0.061409008
train-pg_dms__mlp__seed43,PMS2,P43246:336:P>N,0,0.07338642
train-pg_dms__mlp__seed43,PMS2,P43246:346:I>G,1,0.83026284
train-pg_dms__mlp__seed43,PMS2,P43246:346:I>R,1,0.8283036
train-pg_dms__mlp__seed43,PMS2,P43246:346:I>Q,1,0.83004487
train-pg_dms__mlp__seed43,PMS2,P43246:346:I>P,1,0.847744
train-pg_dms__mlp__seed43,PMS2,P43246:346:I>N,1,0.8203337
train-pg_dms__mlp__seed43,PMS2,P43246:346:I>M,0,0.084417835
train-pg_dms__mlp__seed43,PMS2,P43246:346:I>L,0,0.0820878
train-pg_dms__mlp__seed43,PMS2,P43246:346:I>K,1,0.83598304
train-pg_dms__mlp__seed43,PMS2,P43246:346:I>T,0,0.5058717
train-pg_dms__mlp__seed43,PMS2,P43246:346:I>F,0,0.19497985
train-pg_dms__mlp__seed43,PMS2,P43246:346:I>E,1,0.8442337
train-pg_dms__mlp__seed43,PMS2,P43246:346:I>D,1,0.8512376
train-pg_dms__mlp__seed43,PMS2,P43246:346:I>C,0,0.65208924
train-pg_dms__mlp__seed43,PMS2,P43246:346:I>A,0,0.65208924
train-pg_dms__mlp__seed43,PMS2,P43246:346:I>S,0,0.7794484
train-pg_dms__mlp__seed43,PMS2,P43246:346:I>H,1,0.8438605
train-pg_dms__mlp__seed43,PMS2,P43246:346:I>Y,1,0.8048506
train-pg_dms__mlp__seed43,PMS2,P43246:346:I>W,1,0.83536893
train-pg_dms__mlp__seed43,PMS2,P43246:358:E>T,0,0.16719806
train-pg_dms__mlp__seed43,PMS2,P43246:358:E>Y,0,0.28108883
train-pg_dms__mlp__seed43,PMS2,P43246:358:E>W,0,0.35820773
train-pg_dms__mlp__seed43,PMS2,P43246:358:E>V,0,0.15944989
train-pg_dms__mlp__seed43,PMS2,P43246:358:E>S,0,0.1564082
train-pg_dms__mlp__seed43,PMS2,P43246:358:E>K,0,0.20681924
train-pg_dms__mlp__seed43,PMS2,P43246:358:E>Q,0,0.14809333
train-pg_dms__mlp__seed43,PMS2,P43246:358:E>P,0,0.3685133
train-pg_dms__mlp__seed43,PMS2,P43246:358:E>N,0,0.18447606
train-pg_dms__mlp__seed43,PMS2,P43246:358:E>M,0,0.22819875
train-pg_dms__mlp__seed43,PMS2,P43246:358:E>L,0,0.23904884
train-pg_dms__mlp__seed43,PMS2,P43246:358:E>C,0,0.3246487
train-pg_dms__mlp__seed43,PMS2,P43246:358:E>D,0,0.14775299
train-pg_dms__mlp__seed43,PMS2,P43246:358:E>F,0,0.34144637
train-pg_dms__mlp__seed43,PMS2,P43246:358:E>G,0,0.11546978
train-pg_dms__mlp__seed43,PMS2,P43246:358:E>H,0,0.29447162
train-pg_dms__mlp__seed43,PMS2,P43246:358:E>R,0,0.18468305
train-pg_dms__mlp__seed43,PMS2,P43246:358:E>I,0,0.25199395
train-pg_dms__mlp__seed43,PMS2,P43246:360:L>C,0,0.34371623
train-pg_dms__mlp__seed43,PMS2,P43246:360:L>A,0,0.46152213
train-pg_dms__mlp__seed43,PMS2,P43246:360:L>I,0,0.13069542
train-pg_dms__mlp__seed43,PMS2,P43246:360:L>D,1,0.8190789
train-pg_dms__mlp__seed43,PMS2,P43246:360:L>F,1,0.2055912
train-pg_dms__mlp__seed43,PMS2,P43246:360:L>G,0,0.6264672
train-pg_dms__mlp__seed43,PMS2,P43246:360:L>H,0,0.16305721
train-pg_dms__mlp__seed43,PMS2,P43246:360:L>K,1,0.66577333
train-pg_dms__mlp__seed43,PMS2,P43246:360:L>M,0,0.10310258
train-pg_dms__mlp__seed43,PMS2,P43246:360:L>P,1,0.823093
train-pg_dms__mlp__seed43,PMS2,P43246:360:L>Q,0,0.124009416
train-pg_dms__mlp__seed43,PMS2,P43246:360:L>R,1,0.53420675
train-pg_dms__mlp__seed43,PMS2,P43246:360:L>S,0,0.52665627
train-pg_dms__mlp__seed43,PMS2,P43246:360:L>T,1,0.51503086
train-pg_dms__mlp__seed43,PMS2,P43246:360:L>V,0,0.15726411
train-pg_dms__mlp__seed43,PMS2,P43246:363:V>Q,0,0.7954112
train-pg_dms__mlp__seed43,PMS2,P43246:363:V>Y,1,0.84912544
train-pg_dms__mlp__seed43,PMS2,P43246:363:V>W,1,0.8543673
train-pg_dms__mlp__seed43,PMS2,P43246:363:V>T,0,0.11591565
train-pg_dms__mlp__seed43,PMS2,P43246:363:V>S,0,0.36475462
train-pg_dms__mlp__seed43,PMS2,P43246:363:V>R,1,0.8041247
train-pg_dms__mlp__seed43,PMS2,P43246:363:V>A,0,0.18673325
train-pg_dms__mlp__seed43,PMS2,P43246:363:V>C,0,0.7663052
train-pg_dms__mlp__seed43,PMS2,P43246:363:V>F,1,0.8039016
train-pg_dms__mlp__seed43,PMS2,P43246:363:V>G,0,0.38518584
train-pg_dms__mlp__seed43,PMS2,P43246:363:V>H,1,0.84633845
train-pg_dms__mlp__seed43,PMS2,P43246:363:V>I,0,0.09903009
train-pg_dms__mlp__seed43,PMS2,P43246:363:V>K,1,0.8301
train-pg_dms__mlp__seed43,PMS2,P43246:363:V>L,0,0.437795
train-pg_dms__mlp__seed43,PMS2,P43246:363:V>P,1,0.8372583
train-pg_dms__mlp__seed43,PMS2,P43246:378:E>A,0,0.123155095
train-pg_dms__mlp__seed43,PMS2,P43246:378:E>C,0,0.23910454
train-pg_dms__mlp__seed43,PMS2,P43246:378:E>D,0,0.06942159
train-pg_dms__mlp__seed43,PMS2,P43246:378:E>F,0,0.2336442
train-pg_dms__mlp__seed43,PMS2,P43246:378:E>H,0,0.15385239
train-pg_dms__mlp__seed43,PMS2,P43246:378:E>G,0,0.073395215
train-pg_dms__mlp__seed43,PMS2,P43246:378:E>W,0,0.28474236
train-pg_dms__mlp__seed43,PMS2,P43246:378:E>I,0,0.14841971
train-pg_dms__mlp__seed43,PMS2,P43246:378:E>L,0,0.13748822
train-pg_dms__mlp__seed43,PMS2,P43246:378:E>M,0,0.14881468
train-pg_dms__mlp__seed43,PMS2,P43246:378:E>N,0,0.07944055
train-pg_dms__mlp__seed43,PMS2,P43246:378:E>P,0,0.29930657
train-pg_dms__mlp__seed43,PMS2,P43246:378:E>Q,0,0.078508645
train-pg_dms__mlp__seed43,PMS2,P43246:378:E>R,0,0.114664376
train-pg_dms__mlp__seed43,PMS2,P43246:378:E>S,0,0.08052121
train-pg_dms__mlp__seed43,PMS2,P43246:378:E>T,0,0.084631436
train-pg_dms__mlp__seed43,PMS2,P43246:378:E>V,0,0.090266764
train-pg_dms__mlp__seed43,PMS2,P43246:378:E>Y,0,0.16962293
train-pg_dms__mlp__seed43,PMS2,P43246:382:R>A,0,0.23121826
train-pg_dms__mlp__seed43,PMS2,P43246:382:R>Y,0,0.19389798
train-pg_dms__mlp__seed43,PMS2,P43246:382:R>W,1,0.113420874
train-pg_dms__mlp__seed43,PMS2,P43246:382:R>V,0,0.19798309
train-pg_dms__mlp__seed43,PMS2,P43246:382:R>T,0,0.23142534
train-pg_dms__mlp__seed43,PMS2,P43246:382:R>Q,0,0.08571492
train-pg_dms__mlp__seed43,PMS2,P43246:382:R>C,0,0.19785552
train-pg_dms__mlp__seed43,PMS2,P43246:382:R>M,0,0.22300576
train-pg_dms__mlp__seed43,PMS2,P43246:382:R>K,0,0.079913564
train-pg_dms__mlp__seed43,PMS2,P43246:382:R>I,0,0.20158592
train-pg_dms__mlp__seed43,PMS2,P43246:382:R>G,0,0.16370408
train-pg_dms__mlp__seed43,PMS2,P43246:382:R>E,0,0.26751196
train-pg_dms__mlp__seed43,PMS2,P43246:382:R>D,0,0.33387133
train-pg_dms__mlp__seed43,PMS2,P43246:382:R>N,0,0.30776775
train-pg_dms__mlp__seed43,PMS2,P43246:386:D>E,0,0.60832465
train-pg_dms__mlp__seed43,PMS2,P43246:386:D>A,0,0.6342003
train-pg_dms__mlp__seed43,PMS2,P43246:386:D>C,0,0.6663027
train-pg_dms__mlp__seed43,PMS2,P43246:386:D>F,0,0.67723745
train-pg_dms__mlp__seed43,PMS2,P43246:386:D>Y,0,0.3908244
train-pg_dms__mlp__seed43,PMS2,P43246:386:D>G,0,0.41925472
train-pg_dms__mlp__seed43,PMS2,P43246:386:D>W,0,0.6826938
train-pg_dms__mlp__seed43,PMS2,P43246:386:D>V,0,0.63228184
train-pg_dms__mlp__seed43,PMS2,P43246:386:D>T,0,0.6711609
train-pg_dms__mlp__seed43,PMS2,P43246:386:D>S,0,0.58168626
train-pg_dms__mlp__seed43,PMS2,P43246:386:D>R,0,0.66875327
train-pg_dms__mlp__seed43,PMS2,P43246:386:D>P,0,0.66684866
train-pg_dms__mlp__seed43,PMS2,P43246:386:D>N,0,0.3302685
train-pg_dms__mlp__seed43,PMS2,P43246:386:D>M,1,0.6816613
train-pg_dms__mlp__seed43,PMS2,P43246:386:D>L,0,0.6610756
train-pg_dms__mlp__seed43,PMS2,P43246:386:D>K,0,0.6785445
train-pg_dms__mlp__seed43,PMS2,P43246:386:D>Q,0,0.6700933
train-pg_dms__mlp__seed43,PMS2,P43246:386:D>I,0,0.67062753
train-pg_dms__mlp__seed43,PMS2,P43246:388:N>Y,0,0.06343424
train-pg_dms__mlp__seed43,PMS2,P43246:388:N>W,0,0.10017437
train-pg_dms__mlp__seed43,PMS2,P43246:388:N>V,0,0.06420141
train-pg_dms__mlp__seed43,PMS2,P43246:388:N>A,0,0.063864015
train-pg_dms__mlp__seed43,PMS2,P43246:388:N>K,0,0.08252464
train-pg_dms__mlp__seed43,PMS2,P43246:388:N>D,0,0.06967169
train-pg_dms__mlp__seed43,PMS2,P43246:388:N>E,0,0.09227811
train-pg_dms__mlp__seed43,PMS2,P43246:388:N>F,0,0.06862935
train-pg_dms__mlp__seed43,PMS2,P43246:388:N>G,0,0.06390616
train-pg_dms__mlp__seed43,PMS2,P43246:388:N>I,0,0.06424267
train-pg_dms__mlp__seed43,PMS2,P43246:388:N>L,0,0.06420756
train-pg_dms__mlp__seed43,PMS2,P43246:388:N>M,0,0.0659217
train-pg_dms__mlp__seed43,PMS2,P43246:388:N>P,0,0.06607405
train-pg_dms__mlp__seed43,PMS2,P43246:388:N>R,0,0.08137669
train-pg_dms__mlp__seed43,PMS2,P43246:388:N>S,0,0.06273717
train-pg_dms__mlp__seed43,PMS2,P43246:388:N>T,0,0.063290484
train-pg_dms__mlp__seed43,PMS2,P43246:388:N>C,0,0.0636364
train-pg_dms__mlp__seed43,PMS2,P43246:388:N>Q,0,0.066641234
train-pg_dms__mlp__seed43,PMS2,P43246:388:N>H,0,0.101161316
train-pg_dms__mlp__seed43,PMS2,P43246:397:Q>G,0,0.05066753
train-pg_dms__mlp__seed43,PMS2,P43246:397:Q>A,0,0.050590754
train-pg_dms__mlp__seed43,PMS2,P43246:397:Q>C,0,0.055580568
train-pg_dms__mlp__seed43,PMS2,P43246:397:Q>D,0,0.052684564
train-pg_dms__mlp__seed43,PMS2,P43246:397:Q>E,0,0.080214985
train-pg_dms__mlp__seed43,PMS2,P43246:397:Q>F,0,0.0986059
train-pg_dms__mlp__seed43,PMS2,P43246:397:Q>T,0,0.050735302
train-pg_dms__mlp__seed43,PMS2,P43246:397:Q>S,0,0.050553925
train-pg_dms__mlp__seed43,PMS2,P43246:397:Q>Y,0,0.054665208
train-pg_dms__mlp__seed43,PMS2,P43246:397:Q>W,0,0.12367259
train-pg_dms__mlp__seed43,PMS2,P43246:397:Q>V,0,0.054817885
train-pg_dms__mlp__seed43,PMS2,P43246:397:Q>I,0,0.07988674
train-pg_dms__mlp__seed43,PMS2,P43246:397:Q>K,0,0.050744873
train-pg_dms__mlp__seed43,PMS2,P43246:397:Q>L,0,0.05055138
train-pg_dms__mlp__seed43,PMS2,P43246:397:Q>H,0,0.065050215
train-pg_dms__mlp__seed43,PMS2,P43246:397:Q>R,0,0.050712757
train-pg_dms__mlp__seed43,PMS2,P43246:397:Q>P,0,0.052208886
train-pg_dms__mlp__seed43,PMS2,P43246:397:Q>N,0,0.050552893
train-pg_dms__mlp__seed43,PMS2,P43246:397:Q>M,0,0.054937564
train-pg_dms__mlp__seed43,PMS2,P43246:398:A>N,0,0.059219632
train-pg_dms__mlp__seed43,PMS2,P43246:398:A>M,0,0.058515247
train-pg_dms__mlp__seed43,PMS2,P43246:398:A>L,0,0.05853014
train-pg_dms__mlp__seed43,PMS2,P43246:398:A>P,0,0.18662128
train-pg_dms__mlp__seed43,PMS2,P43246:398:A>D,0,0.07369046
train-pg_dms__mlp__seed43,PMS2,P43246:398:A>C,0,0.061459232
train-pg_dms__mlp__seed43,PMS2,P43246:398:A>K,0,0.06910987
train-pg_dms__mlp__seed43,PMS2,P43246:398:A>Q,0,0.060396686
train-pg_dms__mlp__seed43,PMS2,P43246:398:A>S,0,0.05775535
train-pg_dms__mlp__seed43,PMS2,P43246:398:A>H,0,0.06413845
train-pg_dms__mlp__seed43,PMS2,P43246:398:A>I,0,0.05881891
train-pg_dms__mlp__seed43,PMS2,P43246:398:A>V,0,0.057780914
train-pg_dms__mlp__seed43,PMS2,P43246:398:A>W,0,0.12300142
train-pg_dms__mlp__seed43,PMS2,P43246:398:A>Y,0,0.06526009
train-pg_dms__mlp__seed43,PMS2,P43246:398:A>E,0,0.06577437
train-pg_dms__mlp__seed43,PMS2,P43246:398:A>F,0,0.062389612
train-pg_dms__mlp__seed43,PMS2,P43246:398:A>G,0,0.05813455
train-pg_dms__mlp__seed43,PMS2,P43246:398:A>R,0,0.07076573
train-pg_dms__mlp__seed43,PMS2,P43246:404:C>S,0,0.13805671
train-pg_dms__mlp__seed43,PMS2,P43246:404:C>R,1,0.7421501
train-pg_dms__mlp__seed43,PMS2,P43246:404:C>T,0,0.1728993
train-pg_dms__mlp__seed43,PMS2,P43246:404:C>Y,0,0.7033335
train-pg_dms__mlp__seed43,PMS2,P43246:404:C>A,0,0.17766191
train-pg_dms__mlp__seed43,PMS2,P43246:404:C>W,0,0.73840314
train-pg_dms__mlp__seed43,PMS2,P43246:404:C>Q,0,0.74079317
train-pg_dms__mlp__seed43,PMS2,P43246:404:C>V,0,0.11454643
train-pg_dms__mlp__seed43,PMS2,P43246:404:C>P,0,0.7518027
train-pg_dms__mlp__seed43,PMS2,P43246:404:C>M,0,0.40616632
train-pg_dms__mlp__seed43,PMS2,P43246:404:C>L,0,0.22744642
train-pg_dms__mlp__seed43,PMS2,P43246:404:C>I,0,0.187022
train-pg_dms__mlp__seed43,PMS2,P43246:404:C>H,0,0.7387457
train-pg_dms__mlp__seed43,PMS2,P43246:404:C>G,0,0.1314548
train-pg_dms__mlp__seed43,PMS2,P43246:404:C>F,0,0.46899933
train-pg_dms__mlp__seed43,PMS2,P43246:404:C>E,0,0.75081944
train-pg_dms__mlp__seed43,PMS2,P43246:404:C>D,0,0.74718344
train-pg_dms__mlp__seed43,PMS2,P43246:404:C>N,0,0.6506196
train-pg_dms__mlp__seed43,PMS2,P43246:405:Y>E,0,0.6081581
train-pg_dms__mlp__seed43,PMS2,P43246:405:Y>G,0,0.42334437
train-pg_dms__mlp__seed43,PMS2,P43246:405:Y>H,0,0.11876011
train-pg_dms__mlp__seed43,PMS2,P43246:405:Y>I,0,0.3448976
train-pg_dms__mlp__seed43,PMS2,P43246:405:Y>L,0,0.27923155
train-pg_dms__mlp__seed43,PMS2,P43246:405:Y>M,0,0.46728528
train-pg_dms__mlp__seed43,PMS2,P43246:405:Y>N,0,0.26976255
train-pg_dms__mlp__seed43,PMS2,P43246:405:Y>P,1,0.6198069
train-pg_dms__mlp__seed43,PMS2,P43246:405:Y>T,0,0.44854847
train-pg_dms__mlp__seed43,PMS2,P43246:405:Y>R,0,0.4541434
train-pg_dms__mlp__seed43,PMS2,P43246:405:Y>S,0,0.25002107
train-pg_dms__mlp__seed43,PMS2,P43246:405:Y>V,0,0.18194458
train-pg_dms__mlp__seed43,PMS2,P43246:405:Y>W,0,0.1436941
train-pg_dms__mlp__seed43,PMS2,P43246:405:Y>C,0,0.12808791
train-pg_dms__mlp__seed43,PMS2,P43246:405:Y>A,0,0.42315266
train-pg_dms__mlp__seed43,PMS2,P43246:405:Y>Q,0,0.49556556
train-pg_dms__mlp__seed43,PMS2,P43246:407:L>Y,0,0.45346984
train-pg_dms__mlp__seed43,PMS2,P43246:407:L>V,0,0.11330156
train-pg_dms__mlp__seed43,PMS2,P43246:407:L>W,0,0.44547632
train-pg_dms__mlp__seed43,PMS2,P43246:407:L>A,0,0.10774487
train-pg_dms__mlp__seed43,PMS2,P43246:407:L>C,0,0.14055029
train-pg_dms__mlp__seed43,PMS2,P43246:407:L>D,1,0.7930941
train-pg_dms__mlp__seed43,PMS2,P43246:407:L>F,0,0.09922058
train-pg_dms__mlp__seed43,PMS2,P43246:407:L>G,0,0.35583633
train-pg_dms__mlp__seed43,PMS2,P43246:407:L>H,0,0.5109918
train-pg_dms__mlp__seed43,PMS2,P43246:407:L>E,0,0.7274526
train-pg_dms__mlp__seed43,PMS2,P43246:407:L>M,0,0.08086269
train-pg_dms__mlp__seed43,PMS2,P43246:407:L>N,0,0.4429623
train-pg_dms__mlp__seed43,PMS2,P43246:407:L>P,1,0.7687821
train-pg_dms__mlp__seed43,PMS2,P43246:407:L>Q,0,0.36682633
train-pg_dms__mlp__seed43,PMS2,P43246:407:L>R,1,0.68356365
train-pg_dms__mlp__seed43,PMS2,P43246:407:L>S,0,0.21968164
train-pg_dms__mlp__seed43,PMS2,P43246:407:L>T,0,0.1641129
train-pg_dms__mlp__seed43,PMS2,P43246:407:L>I,0,0.07899399
train-pg_dms__mlp__seed43,PMS2,P43246:409:Q>P,0,0.3005519
train-pg_dms__mlp__seed43,PMS2,P43246:409:Q>Y,0,0.21151541
train-pg_dms__mlp__seed43,PMS2,P43246:409:Q>W,0,0.2521859
train-pg_dms__mlp__seed43,PMS2,P43246:409:Q>V,0,0.08191283
train-pg_dms__mlp__seed43,PMS2,P43246:409:Q>T,0,0.08863444
train-pg_dms__mlp__seed43,PMS2,P43246:409:Q>S,0,0.098945394
train-pg_dms__mlp__seed43,PMS2,P43246:409:Q>M,0,0.08715275
train-pg_dms__mlp__seed43,PMS2,P43246:409:Q>A,0,0.08996434
train-pg_dms__mlp__seed43,PMS2,P43246:409:Q>L,0,0.0774369
train-pg_dms__mlp__seed43,PMS2,P43246:409:Q>C,0,0.16330951
train-pg_dms__mlp__seed43,PMS2,P43246:409:Q>D,0,0.25800958
train-pg_dms__mlp__seed43,PMS2,P43246:409:Q>G,0,0.11023961
train-pg_dms__mlp__seed43,PMS2,P43246:409:Q>F,0,0.23810706
train-pg_dms__mlp__seed43,PMS2,P43246:409:Q>H,0,0.13621351
train-pg_dms__mlp__seed43,PMS2,P43246:409:Q>I,0,0.0961036
train-pg_dms__mlp__seed43,PMS2,P43246:409:Q>E,0,0.11411182
train-pg_dms__mlp__seed43,PMS2,P43246:411:I>Y,0,0.30585027
train-pg_dms__mlp__seed43,PMS2,P43246:411:I>T,0,0.08614599
train-pg_dms__mlp__seed43,PMS2,P43246:411:I>S,0,0.10039977
train-pg_dms__mlp__seed43,PMS2,P43246:411:I>R,1,0.40057483
train-pg_dms__mlp__seed43,PMS2,P43246:411:I>Q,0,0.3806231
train-pg_dms__mlp__seed43,PMS2,P43246:411:I>P,0,0.72529995
train-pg_dms__mlp__seed43,PMS2,P43246:411:I>N,0,0.13302916
train-pg_dms__mlp__seed43,PMS2,P43246:411:I>K,1,0.54218394
train-pg_dms__mlp__seed43,PMS2,P43246:411:I>H,0,0.5344517
train-pg_dms__mlp__seed43,PMS2,P43246:411:I>G,0,0.21668626
train-pg_dms__mlp__seed43,PMS2,P43246:411:I>F,0,0.08263282
train-pg_dms__mlp__seed43,PMS2,P43246:411:I>D,0,0.712596
train-pg_dms__mlp__seed43,PMS2,P43246:411:I>C,0,0.11735786
train-pg_dms__mlp__seed43,PMS2,P43246:411:I>L,0,0.10066871
train-pg_dms__mlp__seed43,PMS2,P43246:411:I>W,0,0.6063631
train-pg_dms__mlp__seed43,PMS2,P43246:411:I>A,0,0.09262273
train-pg_dms__mlp__seed43,PMS2,P43246:419:Q>V,0,0.08140289
train-pg_dms__mlp__seed43,PMS2,P43246:419:Q>F,0,0.09262696
train-pg_dms__mlp__seed43,PMS2,P43246:419:Q>A,0,0.07938918
train-pg_dms__mlp__seed43,PMS2,P43246:419:Q>G,0,0.08048347
train-pg_dms__mlp__seed43,PMS2,P43246:419:Q>Y,0,0.08622375
train-pg_dms__mlp__seed43,PMS2,P43246:419:Q>H,1,0.07989111
train-pg_dms__mlp__seed43,PMS2,P43246:419:Q>I,0,0.08429453
train-pg_dms__mlp__seed43,PMS2,P43246:419:Q>L,0,0.07853525
train-pg_dms__mlp__seed43,PMS2,P43246:419:Q>N,0,0.08183743
train-pg_dms__mlp__seed43,PMS2,P43246:419:Q>M,0,0.08449803
train-pg_dms__mlp__seed43,PMS2,P43246:419:Q>S,0,0.08023672
train-pg_dms__mlp__seed43,PMS2,P43246:419:Q>T,0,0.0796412
train-pg_dms__mlp__seed43,PMS2,P43246:419:Q>C,0,0.089297906
train-pg_dms__mlp__seed43,PMS2,P43246:419:Q>D,0,0.08244022
train-pg_dms__mlp__seed43,PMS2,P43246:419:Q>P,0,0.09283888
train-pg_dms__mlp__seed43,PMS2,P43246:422:E>D,1,0.07739613
train-pg_dms__mlp__seed43,PMS2,P43246:422:E>Y,0,0.09769742
train-pg_dms__mlp__seed43,PMS2,P43246:422:E>W,0,0.15137893
train-pg_dms__mlp__seed43,PMS2,P43246:422:E>V,0,0.07834942
train-pg_dms__mlp__seed43,PMS2,P43246:422:E>T,0,0.077255644
train-pg_dms__mlp__seed43,PMS2,P43246:422:E>S,0,0.07655975
train-pg_dms__mlp__seed43,PMS2,P43246:422:E>R,0,0.07759581
train-pg_dms__mlp__seed43,PMS2,P43246:422:E>Q,0,0.074384704
train-pg_dms__mlp__seed43,PMS2,P43246:422:E>P,0,0.23807144
train-pg_dms__mlp__seed43,PMS2,P43246:422:E>M,0,0.08643918
train-pg_dms__mlp__seed43,PMS2,P43246:422:E>L,0,0.08214813
train-pg_dms__mlp__seed43,PMS2,P43246:422:E>I,0,0.08400584
train-pg_dms__mlp__seed43,PMS2,P43246:422:E>F,0,0.1262337
train-pg_dms__mlp__seed43,PMS2,P43246:422:E>A,0,0.07553288
train-pg_dms__mlp__seed43,PMS2,P43246:422:E>G,0,0.0745415
train-pg_dms__mlp__seed43,PMS2,P43246:422:E>H,0,0.08431272
train-pg_dms__mlp__seed43,PMS2,P43246:423:K>G,0,0.07213338
train-pg_dms__mlp__seed43,PMS2,P43246:423:K>D,0,0.07473149
train-pg_dms__mlp__seed43,PMS2,P43246:423:K>A,0,0.0722508
train-pg_dms__mlp__seed43,PMS2,P43246:423:K>I,0,0.072921984
train-pg_dms__mlp__seed43,PMS2,P43246:423:K>Y,0,0.076053396
train-pg_dms__mlp__seed43,PMS2,P43246:423:K>M,0,0.07182022
train-pg_dms__mlp__seed43,PMS2,P43246:423:K>P,0,0.08299443
train-pg_dms__mlp__seed43,PMS2,P43246:423:K>Q,0,0.07098318
train-pg_dms__mlp__seed43,PMS2,P43246:423:K>R,0,0.084914155
train-pg_dms__mlp__seed43,PMS2,P43246:423:K>S,0,0.072548196
train-pg_dms__mlp__seed43,PMS2,P43246:423:K>T,0,0.071334496
train-pg_dms__mlp__seed43,PMS2,P43246:423:K>V,0,0.0726707
train-pg_dms__mlp__seed43,PMS2,P43246:423:K>W,0,0.07890841
train-pg_dms__mlp__seed43,PMS2,P43246:423:K>L,0,0.07245494
train-pg_dms__mlp__seed43,PMS2,P43246:423:K>E,0,0.080306545
train-pg_dms__mlp__seed43,PMS2,P43246:423:K>F,0,0.078933775
train-pg_dms__mlp__seed43,PMS2,P43246:428:H>G,0,0.10422307
train-pg_dms__mlp__seed43,PMS2,P43246:428:H>I,1,0.1136346
train-pg_dms__mlp__seed43,PMS2,P43246:428:H>L,0,0.08421325
train-pg_dms__mlp__seed43,PMS2,P43246:428:H>M,0,0.15072264
train-pg_dms__mlp__seed43,PMS2,P43246:428:H>N,0,0.079721466
train-pg_dms__mlp__seed43,PMS2,P43246:428:H>P,0,0.09841824
train-pg_dms__mlp__seed43,PMS2,P43246:428:H>Q,0,0.13569489
train-pg_dms__mlp__seed43,PMS2,P43246:428:H>R,0,0.12686229
train-pg_dms__mlp__seed43,PMS2,P43246:428:H>S,0,0.093185216
train-pg_dms__mlp__seed43,PMS2,P43246:428:H>T,0,0.10870314
train-pg_dms__mlp__seed43,PMS2,P43246:428:H>V,0,0.107104786
train-pg_dms__mlp__seed43,PMS2,P43246:428:H>F,0,0.08709958
train-pg_dms__mlp__seed43,PMS2,P43246:428:H>D,0,0.13105161
train-pg_dms__mlp__seed43,PMS2,P43246:428:H>W,1,0.09336343
train-pg_dms__mlp__seed43,PMS2,P43246:428:H>C,0,0.08311396
train-pg_dms__mlp__seed43,PMS2,P43246:428:H>A,0,0.112425886
train-pg_dms__mlp__seed43,PMS2,P43246:435:V>Y,0,0.101745576
train-pg_dms__mlp__seed43,PMS2,P43246:435:V>W,1,0.18687065
train-pg_dms__mlp__seed43,PMS2,P43246:435:V>T,0,0.075331256
train-pg_dms__mlp__seed43,PMS2,P43246:435:V>S,0,0.076232366
train-pg_dms__mlp__seed43,PMS2,P43246:435:V>R,0,0.09072353
train-pg_dms__mlp__seed43,PMS2,P43246:435:V>Q,0,0.08843679
train-pg_dms__mlp__seed43,PMS2,P43246:435:V>P,0,0.19209707
train-pg_dms__mlp__seed43,PMS2,P43246:435:V>N,0,0.07971008
train-pg_dms__mlp__seed43,PMS2,P43246:435:V>I,0,0.07335457
train-pg_dms__mlp__seed43,PMS2,P43246:435:V>L,0,0.076770954
train-pg_dms__mlp__seed43,PMS2,P43246:435:V>K,0,0.0987446
train-pg_dms__mlp__seed43,PMS2,P43246:435:V>A,0,0.07491064
train-pg_dms__mlp__seed43,PMS2,P43246:435:V>H,0,0.10379992
train-pg_dms__mlp__seed43,PMS2,P43246:435:V>G,0,0.07841294
train-pg_dms__mlp__seed43,PMS2,P43246:435:V>C,0,0.10973259
train-pg_dms__mlp__seed43,PMS2,P43246:435:V>D,0,0.09214663
train-pg_dms__mlp__seed43,PMS2,P43246:435:V>M,0,0.074828126
train-pg_dms__mlp__seed43,PMS2,P43246:435:V>E,0,0.08906302
train-pg_dms__mlp__seed43,PMS2,P43246:436:F>A,1,0.6485258
train-pg_dms__mlp__seed43,PMS2,P43246:436:F>C,0,0.25928104
train-pg_dms__mlp__seed43,PMS2,P43246:436:F>E,0,0.7981584
train-pg_dms__mlp__seed43,PMS2,P43246:436:F>G,0,0.76053464
train-pg_dms__mlp__seed43,PMS2,P43246:436:F>I,0,0.16859062
train-pg_dms__mlp__seed43,PMS2,P43246:436:F>K,1,0.7991456
train-pg_dms__mlp__seed43,PMS2,P43246:436:F>L,0,0.6942509
train-pg_dms__mlp__seed43,PMS2,P43246:436:F>D,1,0.79666865
train-pg_dms__mlp__seed43,PMS2,P43246:436:F>N,0,0.77617186
train-pg_dms__mlp__seed43,PMS2,P43246:436:F>M,0,0.45347357
train-pg_dms__mlp__seed43,PMS2,P43246:436:F>W,0,0.22998825
train-pg_dms__mlp__seed43,PMS2,P43246:436:F>V,0,0.16908514
train-pg_dms__mlp__seed43,PMS2,P43246:436:F>P,1,0.8011053
train-pg_dms__mlp__seed43,PMS2,P43246:436:F>R,1,0.78466576
train-pg_dms__mlp__seed43,PMS2,P43246:436:F>Q,0,0.7885426
train-pg_dms__mlp__seed43,PMS2,P43246:436:F>T,0,0.6846799
train-pg_dms__mlp__seed43,PMS2,P43246:438:T>A,0,0.081552856
train-pg_dms__mlp__seed43,PMS2,P43246:438:T>C,0,0.09407026
train-pg_dms__mlp__seed43,PMS2,P43246:438:T>Y,0,0.0877447
train-pg_dms__mlp__seed43,PMS2,P43246:438:T>W,0,0.10888297
train-pg_dms__mlp__seed43,PMS2,P43246:438:T>V,0,0.083274744
train-pg_dms__mlp__seed43,PMS2,P43246:438:T>R,0,0.0854068
train-pg_dms__mlp__seed43,PMS2,P43246:438:T>Q,0,0.08533968
train-pg_dms__mlp__seed43,PMS2,P43246:438:T>N,0,0.0820385
train-pg_dms__mlp__seed43,PMS2,P43246:438:T>L,0,0.08186782
train-pg_dms__mlp__seed43,PMS2,P43246:438:T>K,0,0.08518087
train-pg_dms__mlp__seed43,PMS2,P43246:438:T>G,0,0.08492325
train-pg_dms__mlp__seed43,PMS2,P43246:438:T>F,0,0.086914234
train-pg_dms__mlp__seed43,PMS2,P43246:438:T>M,0,0.082063064
train-pg_dms__mlp__seed43,PMS2,P43246:438:T>E,0,0.08633852
train-pg_dms__mlp__seed43,PMS2,P43246:438:T>D,0,0.08780704
train-pg_dms__mlp__seed43,PMS2,P43246:439:P>F,0,0.27224067
train-pg_dms__mlp__seed43,PMS2,P43246:439:P>R,0,0.1074766
train-pg_dms__mlp__seed43,PMS2,P43246:439:P>Q,0,0.101346664
train-pg_dms__mlp__seed43,PMS2,P43246:439:P>N,0,0.14275214
train-pg_dms__mlp__seed43,PMS2,P43246:439:P>L,0,0.10526153
train-pg_dms__mlp__seed43,PMS2,P43246:439:P>K,0,0.13504606
train-pg_dms__mlp__seed43,PMS2,P43246:439:P>I,0,0.14726251
train-pg_dms__mlp__seed43,PMS2,P43246:439:P>D,0,0.1702456
train-pg_dms__mlp__seed43,PMS2,P43246:439:P>M,0,0.1544115
train-pg_dms__mlp__seed43,PMS2,P43246:439:P>C,0,0.16305844
train-pg_dms__mlp__seed43,PMS2,P43246:439:P>S,0,0.11595989
train-pg_dms__mlp__seed43,PMS2,P43246:439:P>H,0,0.11345941
train-pg_dms__mlp__seed43,PMS2,P43246:439:P>T,0,0.090678774
train-pg_dms__mlp__seed43,PMS2,P43246:439:P>V,0,0.114199184
train-pg_dms__mlp__seed43,PMS2,P43246:439:P>W,1,0.3061807
train-pg_dms__mlp__seed43,PMS2,P43246:439:P>A,0,0.116563916
train-pg_dms__mlp__seed43,PMS2,P43246:439:P>G,0,0.12883271
train-pg_dms__mlp__seed43,PMS2,P43246:445:S>Y,0,0.07931333
train-pg_dms__mlp__seed43,PMS2,P43246:445:S>K,0,0.09503163
train-pg_dms__mlp__seed43,PMS2,P43246:445:S>L,0,0.0764945
train-pg_dms__mlp__seed43,PMS2,P43246:445:S>M,1,0.078210704
train-pg_dms__mlp__seed43,PMS2,P43246:445:S>N,0,0.076932296
train-pg_dms__mlp__seed43,PMS2,P43246:445:S>P,0,0.09715059
train-pg_dms__mlp__seed43,PMS2,P43246:445:S>Q,0,0.08861145
train-pg_dms__mlp__seed43,PMS2,P43246:445:S>T,0,0.076168455
train-pg_dms__mlp__seed43,PMS2,P43246:445:S>I,0,0.077950716
train-pg_dms__mlp__seed43,PMS2,P43246:445:S>V,0,0.0778338
train-pg_dms__mlp__seed43,PMS2,P43246:445:S>W,0,0.086273305
train-pg_dms__mlp__seed43,PMS2,P43246:445:S>E,0,0.08674891
train-pg_dms__mlp__seed43,PMS2,P43246:445:S>H,0,0.082905084
train-pg_dms__mlp__seed43,PMS2,P43246:445:S>R,0,0.09251473
train-pg_dms__mlp__seed43,PMS2,P43246:445:S>G,0,0.076078646
train-pg_dms__mlp__seed43,PMS2,P43246:453:M>T,0,0.55599904
train-pg_dms__mlp__seed43,PMS2,P43246:453:M>F,0,0.73647034
train-pg_dms__mlp__seed43,PMS2,P43246:453:M>Y,0,0.7801755
train-pg_dms__mlp__seed43,PMS2,P43246:453:M>C,0,0.7736591
train-pg_dms__mlp__seed43,PMS2,P43246:453:M>D,0,0.7877423
train-pg_dms__mlp__seed43,PMS2,P43246:453:M>E,0,0.7849288
train-pg_dms__mlp__seed43,PMS2,P43246:453:M>W,1,0.7852416
train-pg_dms__mlp__seed43,PMS2,P43246:453:M>V,0,0.5819222
train-pg_dms__mlp__seed43,PMS2,P43246:453:M>S,0,0.7839873
train-pg_dms__mlp__seed43,PMS2,P43246:453:M>A,0,0.7782422
train-pg_dms__mlp__seed43,PMS2,P43246:453:M>Q,0,0.77102333
train-pg_dms__mlp__seed43,PMS2,P43246:453:M>H,0,0.78430164
train-pg_dms__mlp__seed43,PMS2,P43246:453:M>R,0,0.7788887
train-pg_dms__mlp__seed43,PMS2,P43246:453:M>I,0,0.77629024
train-pg_dms__mlp__seed43,PMS2,P43246:453:M>G,0,0.7827248
train-pg_dms__mlp__seed43,PMS2,P43246:453:M>L,0,0.105852164
train-pg_dms__mlp__seed43,PMS2,P43246:453:M>N,0,0.7746496
train-pg_dms__mlp__seed43,PMS2,P43246:453:M>P,1,0.7899518
train-pg_dms__mlp__seed43,PMS2,P43246:457:T>W,0,0.78680044
train-pg_dms__mlp__seed43,PMS2,P43246:457:T>V,0,0.15095977
train-pg_dms__mlp__seed43,PMS2,P43246:457:T>S,0,0.32633907
train-pg_dms__mlp__seed43,PMS2,P43246:457:T>R,1,0.7652302
train-pg_dms__mlp__seed43,PMS2,P43246:457:T>Q,0,0.761192
train-pg_dms__mlp__seed43,PMS2,P43246:457:T>P,1,0.705131
train-pg_dms__mlp__seed43,PMS2,P43246:457:T>N,0,0.6975109
train-pg_dms__mlp__seed43,PMS2,P43246:457:T>M,0,0.25119892
train-pg_dms__mlp__seed43,PMS2,P43246:457:T>L,0,0.4460365
train-pg_dms__mlp__seed43,PMS2,P43246:457:T>K,0,0.77317995
train-pg_dms__mlp__seed43,PMS2,P43246:457:T>I,0,0.5335028
train-pg_dms__mlp__seed43,PMS2,P43246:457:T>H,0,0.75515866
train-pg_dms__mlp__seed43,PMS2,P43246:457:T>A,1,0.37361816
train-pg_dms__mlp__seed43,PMS2,P43246:457:T>C,0,0.63633835
train-pg_dms__mlp__seed43,PMS2,P43246:457:T>D,0,0.7831364
train-pg_dms__mlp__seed43,PMS2,P43246:457:T>G,1,0.72100025
train-pg_dms__mlp__seed43,PMS2,P43246:459:D>E,0,0.6214325
train-pg_dms__mlp__seed43,PMS2,P43246:459:D>W,0,0.69065094
train-pg_dms__mlp__seed43,PMS2,P43246:459:D>V,1,0.388789
train-pg_dms__mlp__seed43,PMS2,P43246:459:D>T,1,0.68069917
train-pg_dms__mlp__seed43,PMS2,P43246:459:D>S,0,0.50540805
train-pg_dms__mlp__seed43,PMS2,P43246:459:D>R,1,0.6765405
train-pg_dms__mlp__seed43,PMS2,P43246:459:D>Q,1,0.67095447
train-pg_dms__mlp__seed43,PMS2,P43246:459:D>A,0,0.39361322
train-pg_dms__mlp__seed43,PMS2,P43246:459:D>M,0,0.6861463
train-pg_dms__mlp__seed43,PMS2,P43246:459:D>L,0,0.6402698
train-pg_dms__mlp__seed43,PMS2,P43246:459:D>K,0,0.6856225
train-pg_dms__mlp__seed43,PMS2,P43246:459:D>I,1,0.66260415
train-pg_dms__mlp__seed43,PMS2,P43246:459:D>F,0,0.68105257
train-pg_dms__mlp__seed43,PMS2,P43246:459:D>P,1,0.6889258
train-pg_dms__mlp__seed43,PMS2,P43246:461:D>F,0,0.0680429
train-pg_dms__mlp__seed43,PMS2,P43246:461:D>A,0,0.069007024
train-pg_dms__mlp__seed43,PMS2,P43246:461:D>C,0,0.055637397
train-pg_dms__mlp__seed43,PMS2,P43246:461:D>V,0,0.050539702
train-pg_dms__mlp__seed43,PMS2,P43246:461:D>H,0,0.050685585
train-pg_dms__mlp__seed43,PMS2,P43246:461:D>I,0,0.0510633
train-pg_dms__mlp__seed43,PMS2,P43246:461:D>K,0,0.050819997
train-pg_dms__mlp__seed43,PMS2,P43246:461:D>L,0,0.051288165
train-pg_dms__mlp__seed43,PMS2,P43246:461:D>W,0,0.28408447
train-pg_dms__mlp__seed43,PMS2,P43246:461:D>N,0,0.07278503
train-pg_dms__mlp__seed43,PMS2,P43246:461:D>P,0,0.08448231
train-pg_dms__mlp__seed43,PMS2,P43246:461:D>Q,0,0.050582103
train-pg_dms__mlp__seed43,PMS2,P43246:461:D>R,0,0.05147621
train-pg_dms__mlp__seed43,PMS2,P43246:461:D>S,0,0.050518755
train-pg_dms__mlp__seed43,PMS2,P43246:461:D>Y,0,0.050963152
train-pg_dms__mlp__seed43,PMS2,P43246:461:D>T,0,0.050527174
train-pg_dms__mlp__seed43,PMS2,P43246:461:D>M,0,0.05520808
train-pg_dms__mlp__seed43,PMS2,P43246:463:V>A,0,0.049206074
train-pg_dms__mlp__seed43,PMS2,P43246:463:V>C,0,0.46244663
train-pg_dms__mlp__seed43,PMS2,P43246:463:V>D,1,0.58464646
train-pg_dms__mlp__seed43,PMS2,P43246:463:V>E,0,0.53826123
train-pg_dms__mlp__seed43,PMS2,P43246:463:V>F,0,0.16515237
train-pg_dms__mlp__seed43,PMS2,P43246:463:V>G,0,0.1410641
train-pg_dms__mlp__seed43,PMS2,P43246:463:V>H,0,0.59324193
train-pg_dms__mlp__seed43,PMS2,P43246:463:V>I,0,0.049237136
train-pg_dms__mlp__seed43,PMS2,P43246:463:V>K,0,0.5623036
train-pg_dms__mlp__seed43,PMS2,P43246:463:V>L,0,0.063978285
train-pg_dms__mlp__seed43,PMS2,P43246:463:V>M,0,0.17655775
train-pg_dms__mlp__seed43,PMS2,P43246:463:V>N,0,0.5272502
train-pg_dms__mlp__seed43,PMS2,P43246:463:V>P,1,0.57320833
train-pg_dms__mlp__seed43,PMS2,P43246:463:V>Q,0,0.523876
train-pg_dms__mlp__seed43,PMS2,P43246:463:V>R,0,0.5170969
train-pg_dms__mlp__seed43,PMS2,P43246:463:V>S,0,0.17877899
train-pg_dms__mlp__seed43,PMS2,P43246:463:V>Y,0,0.5362824
train-pg_dms__mlp__seed43,PMS2,P43246:463:V>T,0,0.059094187
train-pg_dms__mlp__seed43,PMS2,P43246:463:V>W,1,0.59939164
train-pg_dms__mlp__seed43,PMS2,P43246:468:F>D,1,0.7733184
train-pg_dms__mlp__seed43,PMS2,P43246:468:F>E,1,0.7748377
train-pg_dms__mlp__seed43,PMS2,P43246:468:F>G,1,0.7725439
train-pg_dms__mlp__seed43,PMS2,P43246:468:F>H,0,0.7504715
train-pg_dms__mlp__seed43,PMS2,P43246:468:F>I,0,0.6224361
train-pg_dms__mlp__seed43,PMS2,P43246:468:F>M,0,0.74058247
train-pg_dms__mlp__seed43,PMS2,P43246:468:F>L,0,0.5098893
train-pg_dms__mlp__seed43,PMS2,P43246:468:F>W,0,0.44385484
train-pg_dms__mlp__seed43,PMS2,P43246:468:F>V,0,0.6540724
train-pg_dms__mlp__seed43,PMS2,P43246:468:F>T,1,0.7711814
train-pg_dms__mlp__seed43,PMS2,P43246:468:F>S,1,0.7684299
train-pg_dms__mlp__seed43,PMS2,P43246:468:F>P,0,0.7757806
train-pg_dms__mlp__seed43,PMS2,P43246:468:F>C,0,0.73519695
train-pg_dms__mlp__seed43,PMS2,P43246:468:F>N,1,0.7584558
train-pg_dms__mlp__seed43,PMS2,P43246:468:F>K,0,0.7744593
train-pg_dms__mlp__seed43,PMS2,P43246:468:F>Y,0,0.06361826
train-pg_dms__mlp__seed43,PMS2,P43246:468:F>A,0,0.7713766
train-pg_dms__mlp__seed43,PMS2,P43246:468:F>R,0,0.7719611
train-pg_dms__mlp__seed43,PMS2,P43246:475:D>C,0,0.38964862
train-pg_dms__mlp__seed43,PMS2,P43246:475:D>S,0,0.19141127
train-pg_dms__mlp__seed43,PMS2,P43246:475:D>V,0,0.38762257
train-pg_dms__mlp__seed43,PMS2,P43246:475:D>W,0,0.4241693
train-pg_dms__mlp__seed43,PMS2,P43246:475:D>Y,0,0.26960245
train-pg_dms__mlp__seed43,PMS2,P43246:475:D>R,0,0.4048062
train-pg_dms__mlp__seed43,PMS2,P43246:475:D>Q,0,0.39907303
train-pg_dms__mlp__seed43,PMS2,P43246:475:D>T,0,0.40595445
train-pg_dms__mlp__seed43,PMS2,P43246:475:D>N,0,0.16309752
train-pg_dms__mlp__seed43,PMS2,P43246:475:D>F,0,0.40796527
train-pg_dms__mlp__seed43,PMS2,P43246:475:D>M,0,0.42005768
train-pg_dms__mlp__seed43,PMS2,P43246:475:D>L,0,0.3603338
train-pg_dms__mlp__seed43,PMS2,P43246:475:D>K,0,0.41631028
train-pg_dms__mlp__seed43,PMS2,P43246:475:D>I,0,0.40451917
train-pg_dms__mlp__seed43,PMS2,P43246:475:D>P,1,0.4216263
train-pg_dms__mlp__seed43,PMS2,P43246:475:D>E,0,0.39762118
train-pg_dms__mlp__seed43,PMS2,P43246:475:D>G,0,0.39993212
train-pg_dms__mlp__seed43,PMS2,P43246:475:D>H,0,0.32178432
train-pg_dms__mlp__seed43,PMS2,P43246:476:P>W,0,0.41125643
train-pg_dms__mlp__seed43,PMS2,P43246:476:P>M,0,0.08711715
train-pg_dms__mlp__seed43,PMS2,P43246:476:P>V,0,0.07357309
train-pg_dms__mlp__seed43,PMS2,P43246:476:P>T,0,0.06497391
train-pg_dms__mlp__seed43,PMS2,P43246:476:P>S,0,0.06632651
train-pg_dms__mlp__seed43,PMS2,P43246:476:P>Y,0,0.22808568
train-pg_dms__mlp__seed43,PMS2,P43246:476:P>G,0,0.08017289
train-pg_dms__mlp__seed43,PMS2,P43246:476:P>I,0,0.09146122
train-pg_dms__mlp__seed43,PMS2,P43246:476:P>H,0,0.0739414
train-pg_dms__mlp__seed43,PMS2,P43246:476:P>F,0,0.28287247
train-pg_dms__mlp__seed43,PMS2,P43246:476:P>E,0,0.06985775
train-pg_dms__mlp__seed43,PMS2,P43246:476:P>D,0,0.08170397
train-pg_dms__mlp__seed43,PMS2,P43246:476:P>C,0,0.17242232
train-pg_dms__mlp__seed43,PMS2,P43246:476:P>A,0,0.063991874
train-pg_dms__mlp__seed43,PMS2,P43246:476:P>K,0,0.082114264
train-pg_dms__mlp__seed43,PMS2,P43246:476:P>Q,0,0.067553446
train-pg_dms__mlp__seed43,PMS2,P43246:483:E>Q,0,0.08232524
train-pg_dms__mlp__seed43,PMS2,P43246:483:E>L,0,0.08808354
train-pg_dms__mlp__seed43,PMS2,P43246:483:E>K,0,0.08294021
train-pg_dms__mlp__seed43,PMS2,P43246:483:E>I,0,0.08602273
train-pg_dms__mlp__seed43,PMS2,P43246:483:E>H,1,0.09027099
train-pg_dms__mlp__seed43,PMS2,P43246:483:E>G,0,0.08143388
train-pg_dms__mlp__seed43,PMS2,P43246:483:E>F,0,0.11210334
train-pg_dms__mlp__seed43,PMS2,P43246:483:E>D,0,0.081508294
train-pg_dms__mlp__seed43,PMS2,P43246:483:E>C,0,0.11229706
train-pg_dms__mlp__seed43,PMS2,P43246:483:E>A,0,0.082237944
train-pg_dms__mlp__seed43,PMS2,P43246:483:E>M,0,0.089803465
train-pg_dms__mlp__seed43,PMS2,P43246:483:E>Y,0,0.097650796
train-pg_dms__mlp__seed43,PMS2,P43246:483:E>W,0,0.19915642
train-pg_dms__mlp__seed43,PMS2,P43246:483:E>V,0,0.082947925
train-pg_dms__mlp__seed43,PMS2,P43246:483:E>T,0,0.0823655
train-pg_dms__mlp__seed43,PMS2,P43246:483:E>S,0,0.08275685
train-pg_dms__mlp__seed43,PMS2,P43246:483:E>R,0,0.08695981
train-pg_dms__mlp__seed43,PMS2,P43246:483:E>P,0,0.36323413
train-pg_dms__mlp__seed43,PMS2,P43246:486:N>W,0,0.1622242
train-pg_dms__mlp__seed43,PMS2,P43246:486:N>Q,0,0.07514982
train-pg_dms__mlp__seed43,PMS2,P43246:486:N>P,1,0.50949234
train-pg_dms__mlp__seed43,PMS2,P43246:486:N>M,0,0.07470501
train-pg_dms__mlp__seed43,PMS2,P43246:486:N>L,0,0.07285847
train-pg_dms__mlp__seed43,PMS2,P43246:486:N>K,0,0.07495903
train-pg_dms__mlp__seed43,PMS2,P43246:486:N>I,0,0.07191181
train-pg_dms__mlp__seed43,PMS2,P43246:486:N>E,0,0.07376388
train-pg_dms__mlp__seed43,PMS2,P43246:486:N>G,0,0.072237514
train-pg_dms__mlp__seed43,PMS2,P43246:486:N>H,0,0.07093999
train-pg_dms__mlp__seed43,PMS2,P43246:486:N>S,0,0.069625586
train-pg_dms__mlp__seed43,PMS2,P43246:486:N>V,0,0.071220405
train-pg_dms__mlp__seed43,PMS2,P43246:486:N>T,0,0.06956176
train-pg_dms__mlp__seed43,PMS2,P43246:486:N>R,0,0.07784645
train-pg_dms__mlp__seed43,PMS2,P43246:486:N>C,0,0.07365489
train-pg_dms__mlp__seed43,PMS2,P43246:486:N>D,0,0.10216284
train-pg_dms__mlp__seed43,PMS2,P43246:486:N>F,0,0.08977374
train-pg_dms__mlp__seed43,PMS2,P43246:486:N>A,0,0.07123107
train-pg_dms__mlp__seed43,PMS2,P43246:496:L>V,0,0.15331806
train-pg_dms__mlp__seed43,PMS2,P43246:496:L>A,0,0.102731794
train-pg_dms__mlp__seed43,PMS2,P43246:496:L>T,0,0.125375
train-pg_dms__mlp__seed43,PMS2,P43246:496:L>S,0,0.12898646
train-pg_dms__mlp__seed43,PMS2,P43246:496:L>R,0,0.11752249
train-pg_dms__mlp__seed43,PMS2,P43246:496:L>Q,0,0.09322502
train-pg_dms__mlp__seed43,PMS2,P43246:496:L>P,1,0.8371836
train-pg_dms__mlp__seed43,PMS2,P43246:496:L>N,0,0.1934312
train-pg_dms__mlp__seed43,PMS2,P43246:496:L>W,0,0.12474808
train-pg_dms__mlp__seed43,PMS2,P43246:496:L>M,0,0.084168255
train-pg_dms__mlp__seed43,PMS2,P43246:496:L>I,0,0.08907146
train-pg_dms__mlp__seed43,PMS2,P43246:496:L>G,0,0.22393283
train-pg_dms__mlp__seed43,PMS2,P43246:496:L>F,0,0.1344578
train-pg_dms__mlp__seed43,PMS2,P43246:496:L>E,0,0.22261779
train-pg_dms__mlp__seed43,PMS2,P43246:496:L>Y,0,0.1069298
train-pg_dms__mlp__seed43,PMS2,P43246:496:L>C,0,0.10751357
train-pg_dms__mlp__seed43,PMS2,P43246:496:L>K,0,0.14500801
train-pg_dms__mlp__seed43,PMS2,P43246:496:L>D,1,0.8230383
train-pg_dms__mlp__seed43,PMS2,P43246:496:L>H,0,0.10105388
train-pg_dms__mlp__seed43,PMS2,P43246:499:A>W,1,0.81497145
train-pg_dms__mlp__seed43,PMS2,P43246:499:A>H,1,0.6005583
train-pg_dms__mlp__seed43,PMS2,P43246:499:A>G,0,0.069653966
train-pg_dms__mlp__seed43,PMS2,P43246:499:A>Y,0,0.637625
train-pg_dms__mlp__seed43,PMS2,P43246:499:A>F,1,0.34521168
train-pg_dms__mlp__seed43,PMS2,P43246:499:A>E,0,0.5830678
train-pg_dms__mlp__seed43,PMS2,P43246:499:A>C,0,0.12751055
train-pg_dms__mlp__seed43,PMS2,P43246:499:A>I,0,0.07391765
train-pg_dms__mlp__seed43,PMS2,P43246:499:A>L,1,0.082884975
train-pg_dms__mlp__seed43,PMS2,P43246:499:A>N,1,0.28636667
train-pg_dms__mlp__seed43,PMS2,P43246:499:A>Q,0,0.39904708
train-pg_dms__mlp__seed43,PMS2,P43246:499:A>R,1,0.727653
train-pg_dms__mlp__seed43,PMS2,P43246:499:A>V,0,0.09930871
train-pg_dms__mlp__seed43,PMS2,P43246:499:A>M,0,0.07835116
train-pg_dms__mlp__seed43,PMS2,P43246:499:A>K,1,0.7907299
train-pg_dms__mlp__seed43,PMS2,P43246:500:A>T,0,0.18955483
train-pg_dms__mlp__seed43,PMS2,P43246:500:A>N,0,0.7861924
train-pg_dms__mlp__seed43,PMS2,P43246:500:A>S,0,0.0686247
train-pg_dms__mlp__seed43,PMS2,P43246:500:A>W,1,0.8202409
train-pg_dms__mlp__seed43,PMS2,P43246:500:A>Y,0,0.80953944
train-pg_dms__mlp__seed43,PMS2,P43246:500:A>P,1,0.81962997
train-pg_dms__mlp__seed43,PMS2,P43246:500:A>Q,0,0.684903
train-pg_dms__mlp__seed43,PMS2,P43246:500:A>R,0,0.8028463
train-pg_dms__mlp__seed43,PMS2,P43246:500:A>L,1,0.75067854
train-pg_dms__mlp__seed43,PMS2,P43246:500:A>C,0,0.22816782
train-pg_dms__mlp__seed43,PMS2,P43246:500:A>D,1,0.81794655
train-pg_dms__mlp__seed43,PMS2,P43246:500:A>E,0,0.7956654
train-pg_dms__mlp__seed43,PMS2,P43246:500:A>G,0,0.070278235
train-pg_dms__mlp__seed43,PMS2,P43246:500:A>H,0,0.80113846
train-pg_dms__mlp__seed43,PMS2,P43246:500:A>M,0,0.71967435
train-pg_dms__mlp__seed43,PMS2,P43246:500:A>I,0,0.7926787
train-pg_dms__mlp__seed43,PMS2,P43246:506:D>Y,0,0.17230557
train-pg_dms__mlp__seed43,PMS2,P43246:506:D>L,0,0.11226176
train-pg_dms__mlp__seed43,PMS2,P43246:506:D>I,0,0.11247145
train-pg_dms__mlp__seed43,PMS2,P43246:506:D>H,0,0.305537
train-pg_dms__mlp__seed43,PMS2,P43246:506:D>G,0,0.30702844
train-pg_dms__mlp__seed43,PMS2,P43246:506:D>F,0,0.51333123
train-pg_dms__mlp__seed43,PMS2,P43246:506:D>E,0,0.057480957
train-pg_dms__mlp__seed43,PMS2,P43246:506:D>C,0,0.47030693
train-pg_dms__mlp__seed43,PMS2,P43246:506:D>A,0,0.07392934
train-pg_dms__mlp__seed43,PMS2,P43246:506:D>M,0,0.34813273
train-pg_dms__mlp__seed43,PMS2,P43246:506:D>K,1,0.36397442
train-pg_dms__mlp__seed43,PMS2,P43246:506:D>N,0,0.06477434
train-pg_dms__mlp__seed43,PMS2,P43246:506:D>Q,0,0.11531866
train-pg_dms__mlp__seed43,PMS2,P43246:506:D>R,0,0.471694
train-pg_dms__mlp__seed43,PMS2,P43246:506:D>S,0,0.06924654
train-pg_dms__mlp__seed43,PMS2,P43246:506:D>T,0,0.0803738
train-pg_dms__mlp__seed43,PMS2,P43246:506:D>V,0,0.069093406
train-pg_dms__mlp__seed43,PMS2,P43246:506:D>W,0,0.66763073
train-pg_dms__mlp__seed43,PMS2,P43246:506:D>P,0,0.4687221
train-pg_dms__mlp__seed43,PMS2,P43246:510:Q>D,0,0.054628402
train-pg_dms__mlp__seed43,PMS2,P43246:510:Q>C,0,0.053223178
train-pg_dms__mlp__seed43,PMS2,P43246:510:Q>Y,0,0.053204197
train-pg_dms__mlp__seed43,PMS2,P43246:510:Q>W,0,0.18380709
train-pg_dms__mlp__seed43,PMS2,P43246:510:Q>A,0,0.05396813
train-pg_dms__mlp__seed43,PMS2,P43246:510:Q>N,0,0.05387154
train-pg_dms__mlp__seed43,PMS2,P43246:510:Q>M,0,0.05386918
train-pg_dms__mlp__seed43,PMS2,P43246:510:Q>L,0,0.053936336
train-pg_dms__mlp__seed43,PMS2,P43246:510:Q>K,0,0.0532268
train-pg_dms__mlp__seed43,PMS2,P43246:510:Q>I,0,0.053816497
train-pg_dms__mlp__seed43,PMS2,P43246:510:Q>H,0,0.08263115
train-pg_dms__mlp__seed43,PMS2,P43246:510:Q>G,0,0.053847823
train-pg_dms__mlp__seed43,PMS2,P43246:510:Q>V,0,0.053917263
train-pg_dms__mlp__seed43,PMS2,P43246:510:Q>T,0,0.05399196
train-pg_dms__mlp__seed43,PMS2,P43246:510:Q>S,0,0.05396746
train-pg_dms__mlp__seed43,PMS2,P43246:510:Q>F,0,0.053355657
train-pg_dms__mlp__seed43,PMS2,P43246:510:Q>E,0,0.053719826
train-pg_dms__mlp__seed43,PMS2,P43246:510:Q>R,0,0.05325634
train-pg_dms__mlp__seed43,PMS2,P43246:510:Q>P,0,0.053477112
train-pg_dms__mlp__seed43,PMS2,P43246:511:I>N,1,0.83770645
train-pg_dms__mlp__seed43,PMS2,P43246:511:I>P,0,0.8509242
train-pg_dms__mlp__seed43,PMS2,P43246:511:I>G,1,0.8359312
train-pg_dms__mlp__seed43,PMS2,P43246:511:I>L,0,0.085868105
train-pg_dms__mlp__seed43,PMS2,P43246:511:I>K,1,0.8548683
train-pg_dms__mlp__seed43,PMS2,P43246:511:I>H,1,0.8577524
train-pg_dms__mlp__seed43,PMS2,P43246:511:I>F,0,0.23745643
train-pg_dms__mlp__seed43,PMS2,P43246:511:I>E,1,0.8573711
train-pg_dms__mlp__seed43,PMS2,P43246:511:I>D,1,0.8611389
train-pg_dms__mlp__seed43,PMS2,P43246:511:I>C,0,0.53680944
train-pg_dms__mlp__seed43,PMS2,P43246:511:I>A,0,0.6257207
train-pg_dms__mlp__seed43,PMS2,P43246:511:I>S,1,0.814233
train-pg_dms__mlp__seed43,PMS2,P43246:511:I>R,1,0.85052335
train-pg_dms__mlp__seed43,PMS2,P43246:511:I>Y,1,0.8244371
train-pg_dms__mlp__seed43,PMS2,P43246:511:I>W,1,0.85311013
train-pg_dms__mlp__seed43,PMS2,P43246:511:I>V,0,0.08470518
train-pg_dms__mlp__seed43,PMS2,P43246:511:I>T,0,0.6883723
train-pg_dms__mlp__seed43,PMS2,P43246:511:I>Q,1,0.8501215
train-pg_dms__mlp__seed43,PMS2,P43246:515:S>Q,0,0.06649854
train-pg_dms__mlp__seed43,PMS2,P43246:515:S>V,0,0.057033446
train-pg_dms__mlp__seed43,PMS2,P43246:515:S>W,0,0.061398536
train-pg_dms__mlp__seed43,PMS2,P43246:515:S>Y,0,0.08077677
train-pg_dms__mlp__seed43,PMS2,P43246:515:S>T,0,0.057101756
train-pg_dms__mlp__seed43,PMS2,P43246:515:S>R,0,0.13407655
train-pg_dms__mlp__seed43,PMS2,P43246:515:S>P,0,0.27278042
train-pg_dms__mlp__seed43,PMS2,P43246:515:S>G,0,0.05707911
train-pg_dms__mlp__seed43,PMS2,P43246:515:S>M,0,0.057071578
train-pg_dms__mlp__seed43,PMS2,P43246:515:S>A,0,0.05709654
train-pg_dms__mlp__seed43,PMS2,P43246:515:S>N,0,0.057025034
train-pg_dms__mlp__seed43,PMS2,P43246:515:S>D,0,0.119085886
train-pg_dms__mlp__seed43,PMS2,P43246:515:S>E,0,0.16832668
train-pg_dms__mlp__seed43,PMS2,P43246:515:S>F,0,0.057090465
train-pg_dms__mlp__seed43,PMS2,P43246:515:S>C,0,0.076828614
train-pg_dms__mlp__seed43,PMS2,P43246:515:S>H,0,0.057928767
train-pg_dms__mlp__seed43,PMS2,P43246:515:S>I,0,0.057125255
train-pg_dms__mlp__seed43,PMS2,P43246:515:S>K,0,0.18656369
train-pg_dms__mlp__seed43,PMS2,P43246:515:S>L,0,0.057059083
train-pg_dms__mlp__seed43,PMS2,P43246:516:S>A,0,0.052751534
train-pg_dms__mlp__seed43,PMS2,P43246:516:S>C,0,0.052737564
train-pg_dms__mlp__seed43,PMS2,P43246:516:S>D,0,0.2908074
train-pg_dms__mlp__seed43,PMS2,P43246:516:S>E,0,0.5176181
train-pg_dms__mlp__seed43,PMS2,P43246:516:S>F,0,0.16900922
train-pg_dms__mlp__seed43,PMS2,P43246:516:S>G,0,0.08552819
train-pg_dms__mlp__seed43,PMS2,P43246:516:S>H,0,0.10081407
train-pg_dms__mlp__seed43,PMS2,P43246:516:S>I,0,0.13643593
train-pg_dms__mlp__seed43,PMS2,P43246:516:S>L,0,0.05401276
train-pg_dms__mlp__seed43,PMS2,P43246:516:S>Y,0,0.12984174
train-pg_dms__mlp__seed43,PMS2,P43246:516:S>M,0,0.056590788
train-pg_dms__mlp__seed43,PMS2,P43246:516:S>N,0,0.08727907
train-pg_dms__mlp__seed43,PMS2,P43246:516:S>P,0,0.46084613
train-pg_dms__mlp__seed43,PMS2,P43246:516:S>Q,0,0.35263705
train-pg_dms__mlp__seed43,PMS2,P43246:516:S>R,0,0.53884405
train-pg_dms__mlp__seed43,PMS2,P43246:516:S>T,0,0.080771446
train-pg_dms__mlp__seed43,PMS2,P43246:516:S>V,0,0.055120047
train-pg_dms__mlp__seed43,PMS2,P43246:516:S>W,0,0.42183143
train-pg_dms__mlp__seed43,PMS2,P43246:516:S>K,0,0.54475486
train-pg_dms__mlp__seed43,PMS2,P43246:534:R>D,1,0.7075663
train-pg_dms__mlp__seed43,PMS2,P43246:534:R>Q,1,0.6310435
train-pg_dms__mlp__seed43,PMS2,P43246:534:R>E,1,0.702112
train-pg_dms__mlp__seed43,PMS2,P43246:534:R>G,1,0.6953724
train-pg_dms__mlp__seed43,PMS2,P43246:534:R>H,0,0.5162511
train-pg_dms__mlp__seed43,PMS2,P43246:534:R>I,1,0.7046416
train-pg_dms__mlp__seed43,PMS2,P43246:534:R>L,1,0.47315055
train-pg_dms__mlp__seed43,PMS2,P43246:534:R>M,1,0.7068379
train-pg_dms__mlp__seed43,PMS2,P43246:534:R>Y,1,0.69709766
train-pg_dms__mlp__seed43,PMS2,P43246:534:R>W,0,0.6529675
train-pg_dms__mlp__seed43,PMS2,P43246:534:R>V,1,0.7053755
train-pg_dms__mlp__seed43,PMS2,P43246:534:R>T,1,0.706942
train-pg_dms__mlp__seed43,PMS2,P43246:534:R>S,1,0.7066294
train-pg_dms__mlp__seed43,PMS2,P43246:534:R>A,1,0.7056895
train-pg_dms__mlp__seed43,PMS2,P43246:534:R>N,0,0.7067337
train-pg_dms__mlp__seed43,PMS2,P43246:539:F>M,0,0.7659592
train-pg_dms__mlp__seed43,PMS2,P43246:539:F>P,1,0.8697218
train-pg_dms__mlp__seed43,PMS2,P43246:539:F>Q,1,0.8646793
train-pg_dms__mlp__seed43,PMS2,P43246:539:F>W,0,0.22218536
train-pg_dms__mlp__seed43,PMS2,P43246:539:F>S,1,0.85024035
train-pg_dms__mlp__seed43,PMS2,P43246:539:F>T,0,0.8519444
train-pg_dms__mlp__seed43,PMS2,P43246:539:F>V,0,0.34150746
train-pg_dms__mlp__seed43,PMS2,P43246:539:F>Y,0,0.07106771
train-pg_dms__mlp__seed43,PMS2,P43246:539:F>R,1,0.8594333
train-pg_dms__mlp__seed43,PMS2,P43246:539:F>I,0,0.39442417
train-pg_dms__mlp__seed43,PMS2,P43246:539:F>K,1,0.8665556
train-pg_dms__mlp__seed43,PMS2,P43246:539:F>G,1,0.86349624
train-pg_dms__mlp__seed43,PMS2,P43246:539:F>E,1,0.8687415
train-pg_dms__mlp__seed43,PMS2,P43246:539:F>D,1,0.86773765
train-pg_dms__mlp__seed43,PMS2,P43246:539:F>C,0,0.61631376
train-pg_dms__mlp__seed43,PMS2,P43246:539:F>A,1,0.85725665
train-pg_dms__mlp__seed43,PMS2,P43246:539:F>H,1,0.78323954
train-pg_dms__mlp__seed43,PMS2,P43246:545:Q>R,0,0.093822934
train-pg_dms__mlp__seed43,PMS2,P43246:545:Q>I,0,0.05631106
train-pg_dms__mlp__seed43,PMS2,P43246:545:Q>L,0,0.05261339
train-pg_dms__mlp__seed43,PMS2,P43246:545:Q>M,0,0.053175204
train-pg_dms__mlp__seed43,PMS2,P43246:545:Q>N,0,0.05554144
train-pg_dms__mlp__seed43,PMS2,P43246:545:Q>P,1,0.22232644
train-pg_dms__mlp__seed43,PMS2,P43246:545:Q>S,0,0.052979764
train-pg_dms__mlp__seed43,PMS2,P43246:545:Q>C,0,0.34050488
train-pg_dms__mlp__seed43,PMS2,P43246:545:Q>H,0,0.13227029
train-pg_dms__mlp__seed43,PMS2,P43246:545:Q>W,0,0.64186674
train-pg_dms__mlp__seed43,PMS2,P43246:545:Q>Y,0,0.5302766
train-pg_dms__mlp__seed43,PMS2,P43246:545:Q>G,0,0.05553123
train-pg_dms__mlp__seed43,PMS2,P43246:545:Q>F,1,0.5429781
train-pg_dms__mlp__seed43,PMS2,P43246:545:Q>D,0,0.6549489
train-pg_dms__mlp__seed43,PMS2,P43246:545:Q>A,0,0.053295333
train-pg_dms__mlp__seed43,PMS2,P43246:545:Q>T,0,0.052726556
train-pg_dms__mlp__seed43,PMS2,P43246:545:Q>V,0,0.052905623
train-pg_dms__mlp__seed43,PMS2,P43246:545:Q>K,1,0.07907846
train-pg_dms__mlp__seed43,PMS2,P43246:553:N>S,0,0.11970168
train-pg_dms__mlp__seed43,PMS2,P43246:553:N>T,0,0.085277095
train-pg_dms__mlp__seed43,PMS2,P43246:553:N>V,1,0.15774493
train-pg_dms__mlp__seed43,PMS2,P43246:553:N>C,0,0.097077444
train-pg_dms__mlp__seed43,PMS2,P43246:553:N>W,1,0.6642921
train-pg_dms__mlp__seed43,PMS2,P43246:553:N>Y,0,0.3688967
train-pg_dms__mlp__seed43,PMS2,P43246:553:N>M,1,0.3091985
train-pg_dms__mlp__seed43,PMS2,P43246:553:N>P,1,0.6492024
train-pg_dms__mlp__seed43,PMS2,P43246:553:N>R,1,0.54068804
train-pg_dms__mlp__seed43,PMS2,P43246:553:N>A,1,0.14530012
train-pg_dms__mlp__seed43,PMS2,P43246:553:N>D,0,0.09343036
train-pg_dms__mlp__seed43,PMS2,P43246:553:N>E,0,0.55032516
train-pg_dms__mlp__seed43,PMS2,P43246:553:N>F,0,0.5769079
train-pg_dms__mlp__seed43,PMS2,P43246:553:N>G,0,0.11825355
train-pg_dms__mlp__seed43,PMS2,P43246:553:N>H,0,0.096563056
train-pg_dms__mlp__seed43,PMS2,P43246:553:N>I,1,0.2589503
train-pg_dms__mlp__seed43,PMS2,P43246:553:N>L,1,0.25157297
train-pg_dms__mlp__seed43,PMS2,P43246:554:S>L,0,0.04137593
train-pg_dms__mlp__seed43,PMS2,P43246:554:S>M,0,0.04117627
train-pg_dms__mlp__seed43,PMS2,P43246:554:S>P,0,0.0411676
train-pg_dms__mlp__seed43,PMS2,P43246:554:S>W,0,0.046033494
train-pg_dms__mlp__seed43,PMS2,P43246:554:S>V,0,0.041222364
train-pg_dms__mlp__seed43,PMS2,P43246:554:S>K,0,0.04475517
train-pg_dms__mlp__seed43,PMS2,P43246:554:S>Y,0,0.041416444
train-pg_dms__mlp__seed43,PMS2,P43246:554:S>R,0,0.06463722
train-pg_dms__mlp__seed43,PMS2,P43246:554:S>I,0,0.041198373
train-pg_dms__mlp__seed43,PMS2,P43246:554:S>Q,0,0.04207062
train-pg_dms__mlp__seed43,PMS2,P43246:554:S>F,0,0.04175731
train-pg_dms__mlp__seed43,PMS2,P43246:554:S>E,0,0.047952622
train-pg_dms__mlp__seed43,PMS2,P43246:554:S>D,0,0.04466869
train-pg_dms__mlp__seed43,PMS2,P43246:554:S>A,0,0.041590862
train-pg_dms__mlp__seed43,PMS2,P43246:554:S>H,0,0.041493863
train-pg_dms__mlp__seed43,PMS2,P43246:557:T>F,0,0.06931523
train-pg_dms__mlp__seed43,PMS2,P43246:557:T>C,0,0.07037366
train-pg_dms__mlp__seed43,PMS2,P43246:557:T>H,0,0.06914401
train-pg_dms__mlp__seed43,PMS2,P43246:557:T>I,0,0.10391129
train-pg_dms__mlp__seed43,PMS2,P43246:557:T>K,0,0.06976622
train-pg_dms__mlp__seed43,PMS2,P43246:557:T>M,0,0.06730887
train-pg_dms__mlp__seed43,PMS2,P43246:557:T>N,0,0.12067753
train-pg_dms__mlp__seed43,PMS2,P43246:557:T>P,1,0.12092375
train-pg_dms__mlp__seed43,PMS2,P43246:557:T>Q,0,0.068991624
train-pg_dms__mlp__seed43,PMS2,P43246:557:T>R,0,0.06952154
train-pg_dms__mlp__seed43,PMS2,P43246:557:T>S,0,0.10087363
train-pg_dms__mlp__seed43,PMS2,P43246:557:T>V,0,0.0675759
train-pg_dms__mlp__seed43,PMS2,P43246:557:T>W,0,0.08933571
train-pg_dms__mlp__seed43,PMS2,P43246:557:T>Y,0,0.07006969
train-pg_dms__mlp__seed43,PMS2,P43246:557:T>D,0,0.07482677
train-pg_dms__mlp__seed43,PMS2,P43246:557:T>L,0,0.06707946
train-pg_dms__mlp__seed43,PMS2,P43246:557:T>G,0,0.06807143
train-pg_dms__mlp__seed43,PMS2,P43246:561:E>F,0,0.11172856
train-pg_dms__mlp__seed43,PMS2,P43246:561:E>C,0,0.11915149
train-pg_dms__mlp__seed43,PMS2,P43246:561:E>Y,0,0.09329561
train-pg_dms__mlp__seed43,PMS2,P43246:561:E>W,0,0.25141534
train-pg_dms__mlp__seed43,PMS2,P43246:561:E>V,0,0.074240886
train-pg_dms__mlp__seed43,PMS2,P43246:561:E>S,0,0.07307012
train-pg_dms__mlp__seed43,PMS2,P43246:561:E>R,0,0.07878461
train-pg_dms__mlp__seed43,PMS2,P43246:561:E>Q,0,0.07268913
train-pg_dms__mlp__seed43,PMS2,P43246:561:E>P,0,0.43230727
train-pg_dms__mlp__seed43,PMS2,P43246:561:E>N,0,0.07346176
train-pg_dms__mlp__seed43,PMS2,P43246:561:E>M,0,0.082004145
train-pg_dms__mlp__seed43,PMS2,P43246:561:E>T,0,0.07285169
train-pg_dms__mlp__seed43,PMS2,P43246:561:E>L,0,0.079073556
train-pg_dms__mlp__seed43,PMS2,P43246:561:E>G,0,0.09611831
train-pg_dms__mlp__seed43,PMS2,P43246:561:E>A,0,0.072545454
train-pg_dms__mlp__seed43,PMS2,P43246:561:E>D,0,0.07122988
train-pg_dms__mlp__seed43,PMS2,P43246:561:E>H,0,0.08461826
train-pg_dms__mlp__seed43,PMS2,P43246:561:E>I,0,0.07735928
train-pg_dms__mlp__seed43,PMS2,P43246:561:E>K,0,0.110533014
train-pg_dms__mlp__seed43,PMS2,P43246:563:Y>P,1,0.8953776
train-pg_dms__mlp__seed43,PMS2,P43246:563:Y>E,0,0.8567119
train-pg_dms__mlp__seed43,PMS2,P43246:563:Y>Q,0,0.6821722
train-pg_dms__mlp__seed43,PMS2,P43246:563:Y>W,0,0.13538
train-pg_dms__mlp__seed43,PMS2,P43246:563:Y>V,0,0.25080886
train-pg_dms__mlp__seed43,PMS2,P43246:563:Y>T,0,0.79466605
train-pg_dms__mlp__seed43,PMS2,P43246:563:Y>M,0,0.4454052
train-pg_dms__mlp__seed43,PMS2,P43246:563:Y>L,0,0.27251914
train-pg_dms__mlp__seed43,PMS2,P43246:563:Y>R,0,0.53148717
train-pg_dms__mlp__seed43,PMS2,P43246:563:Y>G,1,0.7234711
train-pg_dms__mlp__seed43,PMS2,P43246:563:Y>F,0,0.14881931
train-pg_dms__mlp__seed43,PMS2,P43246:563:Y>C,0,0.23418328
train-pg_dms__mlp__seed43,PMS2,P43246:563:Y>A,0,0.7287704
train-pg_dms__mlp__seed43,PMS2,P43246:563:Y>S,1,0.46633616
train-pg_dms__mlp__seed43,PMS2,P43246:563:Y>I,0,0.4422315
train-pg_dms__mlp__seed43,PMS2,P43246:566:N>V,0,0.07686215
train-pg_dms__mlp__seed43,PMS2,P43246:566:N>T,0,0.07509914
train-pg_dms__mlp__seed43,PMS2,P43246:566:N>S,0,0.11842009
train-pg_dms__mlp__seed43,PMS2,P43246:566:N>R,0,0.084327415
train-pg_dms__mlp__seed43,PMS2,P43246:566:N>P,0,0.8941697
train-pg_dms__mlp__seed43,PMS2,P43246:566:N>M,0,0.0806949
train-pg_dms__mlp__seed43,PMS2,P43246:566:N>L,0,0.0786936
train-pg_dms__mlp__seed43,PMS2,P43246:566:N>K,0,0.14077047
train-pg_dms__mlp__seed43,PMS2,P43246:566:N>Q,0,0.079899214
train-pg_dms__mlp__seed43,PMS2,P43246:566:N>H,0,0.07442622
train-pg_dms__mlp__seed43,PMS2,P43246:566:N>G,0,0.08130268
train-pg_dms__mlp__seed43,PMS2,P43246:566:N>Y,0,0.074918255
train-pg_dms__mlp__seed43,PMS2,P43246:566:N>F,0,0.091134414
train-pg_dms__mlp__seed43,PMS2,P43246:566:N>W,1,0.13648625
train-pg_dms__mlp__seed43,PMS2,P43246:566:N>E,0,0.10148741
train-pg_dms__mlp__seed43,PMS2,P43246:566:N>D,0,0.1757993
train-pg_dms__mlp__seed43,PMS2,P43246:566:N>A,0,0.07665174
train-pg_dms__mlp__seed43,PMS2,P43246:566:N>C,0,0.07480879
train-pg_dms__mlp__seed43,PMS2,P43246:566:N>I,0,0.14697467
train-pg_dms__mlp__seed43,PMS2,P43246:571:E>D,0,0.07842493
train-pg_dms__mlp__seed43,PMS2,P43246:571:E>H,0,0.15018174
train-pg_dms__mlp__seed43,PMS2,P43246:571:E>I,0,0.095340006
train-pg_dms__mlp__seed43,PMS2,P43246:571:E>K,0,0.08127072
train-pg_dms__mlp__seed43,PMS2,P43246:571:E>L,0,0.095490865
train-pg_dms__mlp__seed43,PMS2,P43246:571:E>M,0,0.10166467
train-pg_dms__mlp__seed43,PMS2,P43246:571:E>N,0,0.083984554
train-pg_dms__mlp__seed43,PMS2,P43246:571:E>P,1,0.7686262
train-pg_dms__mlp__seed43,PMS2,P43246:571:E>Q,0,0.07496808
train-pg_dms__mlp__seed43,PMS2,P43246:571:E>S,0,0.07967088
train-pg_dms__mlp__seed43,PMS2,P43246:571:E>T,0,0.07753486
train-pg_dms__mlp__seed43,PMS2,P43246:571:E>V,0,0.081448935
train-pg_dms__mlp__seed43,PMS2,P43246:571:E>W,0,0.718435
train-pg_dms__mlp__seed43,PMS2,P43246:571:E>Y,0,0.32432637
train-pg_dms__mlp__seed43,PMS2,P43246:571:E>C,0,0.5033516
train-pg_dms__mlp__seed43,PMS2,P43246:571:E>A,0,0.07614422
train-pg_dms__mlp__seed43,PMS2,P43246:571:E>R,0,0.09523642
train-pg_dms__mlp__seed43,PMS2,P43246:571:E>F,0,0.5093529
train-pg_dms__mlp__seed43,PMS2,P43246:577:I>Y,1,0.89939433
train-pg_dms__mlp__seed43,PMS2,P43246:577:I>W,0,0.90439
train-pg_dms__mlp__seed43,PMS2,P43246:577:I>V,0,0.10401127
train-pg_dms__mlp__seed43,PMS2,P43246:577:I>S,1,0.88362527
train-pg_dms__mlp__seed43,PMS2,P43246:577:I>R,0,0.89452034
train-pg_dms__mlp__seed43,PMS2,P43246:577:I>Q,0,0.9029569
train-pg_dms__mlp__seed43,PMS2,P43246:577:I>P,1,0.90564066
train-pg_dms__mlp__seed43,PMS2,P43246:577:I>M,0,0.11856714
train-pg_dms__mlp__seed43,PMS2,P43246:577:I>K,0,0.89972
train-pg_dms__mlp__seed43,PMS2,P43246:577:I>G,1,0.9045475
train-pg_dms__mlp__seed43,PMS2,P43246:577:I>F,0,0.6636975
train-pg_dms__mlp__seed43,PMS2,P43246:577:I>E,0,0.9031176
train-pg_dms__mlp__seed43,PMS2,P43246:577:I>C,0,0.89705855
train-pg_dms__mlp__seed43,PMS2,P43246:577:I>A,0,0.76807904
train-pg_dms__mlp__seed43,PMS2,P43246:577:I>N,0,0.8972283
train-pg_dms__mlp__seed43,PMS2,P43246:577:I>H,0,0.90533006
train-pg_dms__mlp__seed43,PMS2,P43246:578:V>T,0,0.09125545
train-pg_dms__mlp__seed43,PMS2,P43246:578:V>W,1,0.8844723
train-pg_dms__mlp__seed43,PMS2,P43246:578:V>R,1,0.33011582
train-pg_dms__mlp__seed43,PMS2,P43246:578:V>E,0,0.7054242
train-pg_dms__mlp__seed43,PMS2,P43246:578:V>P,1,0.88960457
train-pg_dms__mlp__seed43,PMS2,P43246:578:V>M,0,0.12702593
train-pg_dms__mlp__seed43,PMS2,P43246:578:V>L,1,0.37163064
train-pg_dms__mlp__seed43,PMS2,P43246:578:V>I,0,0.12720194
train-pg_dms__mlp__seed43,PMS2,P43246:578:V>G,0,0.13382874
train-pg_dms__mlp__seed43,PMS2,P43246:578:V>C,0,0.64249325
train-pg_dms__mlp__seed43,PMS2,P43246:578:V>S,0,0.104547
train-pg_dms__mlp__seed43,PMS2,P43246:578:V>A,0,0.21671994
train-pg_dms__mlp__seed43,PMS2,P43246:578:V>F,1,0.26435804
train-pg_dms__mlp__seed43,PMS2,P43246:579:K>N,0,0.08029758
train-pg_dms__mlp__seed43,PMS2,P43246:579:K>T,0,0.09975977
train-pg_dms__mlp__seed43,PMS2,P43246:579:K>V,0,0.07944311
train-pg_dms__mlp__seed43,PMS2,P43246:579:K>S,0,0.07849403
train-pg_dms__mlp__seed43,PMS2,P43246:579:K>R,0,0.06788681
train-pg_dms__mlp__seed43,PMS2,P43246:579:K>W,0,0.14659789
train-pg_dms__mlp__seed43,PMS2,P43246:579:K>M,0,0.0744533
train-pg_dms__mlp__seed43,PMS2,P43246:579:K>Q,0,0.068947144
train-pg_dms__mlp__seed43,PMS2,P43246:579:K>I,0,0.08329212
train-pg_dms__mlp__seed43,PMS2,P43246:579:K>A,0,0.07747381
train-pg_dms__mlp__seed43,PMS2,P43246:579:K>C,0,0.091559745
train-pg_dms__mlp__seed43,PMS2,P43246:579:K>F,0,0.2135933
train-pg_dms__mlp__seed43,PMS2,P43246:579:K>G,0,0.07899229
train-pg_dms__mlp__seed43,PMS2,P43246:579:K>H,0,0.073312856
train-pg_dms__mlp__seed43,PMS2,P43246:579:K>L,0,0.07996203
train-pg_dms__mlp__seed43,PMS2,P43246:579:K>P,1,0.41375893
train-pg_dms__mlp__seed43,PMS2,P43246:588:Y>A,0,0.8502269
train-pg_dms__mlp__seed43,PMS2,P43246:588:Y>V,0,0.7999599
train-pg_dms__mlp__seed43,PMS2,P43246:588:Y>P,1,0.8550524
train-pg_dms__mlp__seed43,PMS2,P43246:588:Y>Q,0,0.855266
train-pg_dms__mlp__seed43,PMS2,P43246:588:Y>S,0,0.82255507
train-pg_dms__mlp__seed43,PMS2,P43246:588:Y>R,0,0.8500009
train-pg_dms__mlp__seed43,PMS2,P43246:588:Y>I,1,0.8284615
train-pg_dms__mlp__seed43,PMS2,P43246:588:Y>G,0,0.82977486
train-pg_dms__mlp__seed43,PMS2,P43246:588:Y>T,0,0.8481719
train-pg_dms__mlp__seed43,PMS2,P43246:588:Y>E,0,0.85483843
train-pg_dms__mlp__seed43,PMS2,P43246:588:Y>D,0,0.8446767
train-pg_dms__mlp__seed43,PMS2,P43246:588:Y>C,0,0.5766009
train-pg_dms__mlp__seed43,PMS2,P43246:588:Y>K,0,0.85440934
train-pg_dms__mlp__seed43,PMS2,P43246:588:Y>F,0,0.08124997
train-pg_dms__mlp__seed43,PMS2,P43246:588:Y>N,0,0.81267124
train-pg_dms__mlp__seed43,PMS2,P43246:588:Y>W,0,0.7077545
train-pg_dms__mlp__seed43,PMS2,P43246:588:Y>M,0,0.83003616
train-pg_dms__mlp__seed43,PMS2,P43246:588:Y>L,0,0.74346304
train-pg_dms__mlp__seed43,PMS2,P43246:589:V>G,0,0.062006857
train-pg_dms__mlp__seed43,PMS2,P43246:589:V>H,0,0.10373103
train-pg_dms__mlp__seed43,PMS2,P43246:589:V>E,0,0.0737079
train-pg_dms__mlp__seed43,PMS2,P43246:589:V>D,0,0.13303402
train-pg_dms__mlp__seed43,PMS2,P43246:589:V>C,0,0.07161275
train-pg_dms__mlp__seed43,PMS2,P43246:589:V>A,0,0.060465228
train-pg_dms__mlp__seed43,PMS2,P43246:589:V>I,0,0.08954374
train-pg_dms__mlp__seed43,PMS2,P43246:589:V>F,0,0.06275017
train-pg_dms__mlp__seed43,PMS2,P43246:589:V>K,0,0.078401625
train-pg_dms__mlp__seed43,PMS2,P43246:589:V>M,0,0.061268233
train-pg_dms__mlp__seed43,PMS2,P43246:589:V>N,0,0.066512235
train-pg_dms__mlp__seed43,PMS2,P43246:589:V>P,0,0.7976903
train-pg_dms__mlp__seed43,PMS2,P43246:589:V>Q,0,0.06653419
train-pg_dms__mlp__seed43,PMS2,P43246:589:V>R,0,0.06822094
train-pg_dms__mlp__seed43,PMS2,P43246:589:V>S,0,0.06144289
train-pg_dms__mlp__seed43,PMS2,P43246:589:V>T,0,0.060656827
train-pg_dms__mlp__seed43,PMS2,P43246:589:V>W,0,0.43785205
train-pg_dms__mlp__seed43,PMS2,P43246:589:V>Y,0,0.09783118
train-pg_dms__mlp__seed43,PMS2,P43246:593:Q>V,0,0.071059585
train-pg_dms__mlp__seed43,PMS2,P43246:593:Q>C,0,0.08810887
train-pg_dms__mlp__seed43,PMS2,P43246:593:Q>E,0,0.06803496
train-pg_dms__mlp__seed43,PMS2,P43246:593:Q>F,0,0.09194199
train-pg_dms__mlp__seed43,PMS2,P43246:593:Q>G,0,0.07436058
train-pg_dms__mlp__seed43,PMS2,P43246:593:Q>W,0,0.09429443
train-pg_dms__mlp__seed43,PMS2,P43246:593:Q>M,0,0.072459504
train-pg_dms__mlp__seed43,PMS2,P43246:593:Q>N,0,0.076039776
train-pg_dms__mlp__seed43,PMS2,P43246:593:Q>P,0,0.515215
train-pg_dms__mlp__seed43,PMS2,P43246:593:Q>R,0,0.06852784
train-pg_dms__mlp__seed43,PMS2,P43246:593:Q>S,0,0.07672961
train-pg_dms__mlp__seed43,PMS2,P43246:593:Q>T,0,0.07176358
train-pg_dms__mlp__seed43,PMS2,P43246:593:Q>A,0,0.072089344
train-pg_dms__mlp__seed43,PMS2,P43246:593:Q>I,0,0.07400848
train-pg_dms__mlp__seed43,PMS2,P43246:595:L>T,0,0.08661545
train-pg_dms__mlp__seed43,PMS2,P43246:595:L>S,0,0.13344048
train-pg_dms__mlp__seed43,PMS2,P43246:595:L>Q,0,0.24644288
train-pg_dms__mlp__seed43,PMS2,P43246:595:L>N,0,0.7072678
train-pg_dms__mlp__seed43,PMS2,P43246:595:L>M,0,0.07575911
train-pg_dms__mlp__seed43,PMS2,P43246:595:L>K,0,0.79624194
train-pg_dms__mlp__seed43,PMS2,P43246:595:L>F,0,0.11396851
train-pg_dms__mlp__seed43,PMS2,P43246:595:L>H,0,0.5803877
train-pg_dms__mlp__seed43,PMS2,P43246:595:L>G,0,0.32789153
train-pg_dms__mlp__seed43,PMS2,P43246:595:L>E,0,0.7888733
train-pg_dms__mlp__seed43,PMS2,P43246:595:L>D,1,0.86063564
train-pg_dms__mlp__seed43,PMS2,P43246:595:L>C,0,0.10106884
train-pg_dms__mlp__seed43,PMS2,P43246:595:L>A,0,0.08328062
train-pg_dms__mlp__seed43,PMS2,P43246:595:L>W,0,0.1708921
train-pg_dms__mlp__seed43,PMS2,P43246:595:L>I,0,0.07658333
train-pg_dms__mlp__seed43,PMS2,P43246:595:L>Y,0,0.3107997
train-pg_dms__mlp__seed43,PMS2,P43246:597:D>M,0,0.094905525
train-pg_dms__mlp__seed43,PMS2,P43246:597:D>L,0,0.08714962
train-pg_dms__mlp__seed43,PMS2,P43246:597:D>K,0,0.09422964
train-pg_dms__mlp__seed43,PMS2,P43246:597:D>I,0,0.084953845
train-pg_dms__mlp__seed43,PMS2,P43246:597:D>H,0,0.084865496
train-pg_dms__mlp__seed43,PMS2,P43246:597:D>S,0,0.07992269
train-pg_dms__mlp__seed43,PMS2,P43246:597:D>F,0,0.09432527
train-pg_dms__mlp__seed43,PMS2,P43246:597:D>T,0,0.08216272
train-pg_dms__mlp__seed43,PMS2,P43246:597:D>C,0,0.09488208
train-pg_dms__mlp__seed43,PMS2,P43246:597:D>A,0,0.09602164
train-pg_dms__mlp__seed43,PMS2,P43246:597:D>N,0,0.07868511
train-pg_dms__mlp__seed43,PMS2,P43246:597:D>P,0,0.47502053
train-pg_dms__mlp__seed43,PMS2,P43246:597:D>Q,0,0.08718902
train-pg_dms__mlp__seed43,PMS2,P43246:597:D>R,0,0.093835615
train-pg_dms__mlp__seed43,PMS2,P43246:597:D>Y,0,0.08177255
train-pg_dms__mlp__seed43,PMS2,P43246:597:D>W,0,0.17096618
train-pg_dms__mlp__seed43,PMS2,P43246:597:D>E,0,0.08007617
train-pg_dms__mlp__seed43,PMS2,P43246:597:D>G,0,0.111982554
train-pg_dms__mlp__seed43,PMS2,P43246:602:L>F,0,0.12483324
train-pg_dms__mlp__seed43,PMS2,P43246:602:L>R,1,0.8922236
train-pg_dms__mlp__seed43,PMS2,P43246:602:L>H,1,0.8987946
train-pg_dms__mlp__seed43,PMS2,P43246:602:L>I,0,0.08530468
train-pg_dms__mlp__seed43,PMS2,P43246:602:L>K,1,0.90264094
train-pg_dms__mlp__seed43,PMS2,P43246:602:L>M,0,0.085443676
train-pg_dms__mlp__seed43,PMS2,P43246:602:L>N,1,0.90183187
train-pg_dms__mlp__seed43,PMS2,P43246:602:L>Q,0,0.8599761
train-pg_dms__mlp__seed43,PMS2,P43246:602:L>S,0,0.8383554
train-pg_dms__mlp__seed43,PMS2,P43246:602:L>T,0,0.15308462
train-pg_dms__mlp__seed43,PMS2,P43246:602:L>V,0,0.12062134
train-pg_dms__mlp__seed43,PMS2,P43246:602:L>W,0,0.7861116
train-pg_dms__mlp__seed43,PMS2,P43246:602:L>E,1,0.90169615
train-pg_dms__mlp__seed43,PMS2,P43246:602:L>D,1,0.9122787
train-pg_dms__mlp__seed43,PMS2,P43246:602:L>C,0,0.3613319
train-pg_dms__mlp__seed43,PMS2,P43246:602:L>A,0,0.18471341
train-pg_dms__mlp__seed43,PMS2,P43246:602:L>G,0,0.8549909
train-pg_dms__mlp__seed43,PMS2,P43246:606:V>T,0,0.09858193
train-pg_dms__mlp__seed43,PMS2,P43246:606:V>W,0,0.85667866
train-pg_dms__mlp__seed43,PMS2,P43246:606:V>S,0,0.11493995
train-pg_dms__mlp__seed43,PMS2,P43246:606:V>M,0,0.10045332
train-pg_dms__mlp__seed43,PMS2,P43246:606:V>Q,0,0.6600841
train-pg_dms__mlp__seed43,PMS2,P43246:606:V>P,1,0.85546154
train-pg_dms__mlp__seed43,PMS2,P43246:606:V>N,0,0.28018352
train-pg_dms__mlp__seed43,PMS2,P43246:606:V>Y,0,0.770285
train-pg_dms__mlp__seed43,PMS2,P43246:606:V>R,0,0.7869093
train-pg_dms__mlp__seed43,PMS2,P43246:606:V>I,0,0.088914126
train-pg_dms__mlp__seed43,PMS2,P43246:606:V>E,0,0.7185648
train-pg_dms__mlp__seed43,PMS2,P43246:606:V>L,0,0.09605998
train-pg_dms__mlp__seed43,PMS2,P43246:606:V>H,0,0.8255253
train-pg_dms__mlp__seed43,PMS2,P43246:606:V>G,0,0.12007703
train-pg_dms__mlp__seed43,PMS2,P43246:606:V>F,0,0.15038654
train-pg_dms__mlp__seed43,PMS2,P43246:606:V>C,0,0.3398454
train-pg_dms__mlp__seed43,PMS2,P43246:606:V>A,0,0.158339
train-pg_dms__mlp__seed43,PMS2,P43246:606:V>K,0,0.83262396
train-pg_dms__mlp__seed43,PMS2,P43246:612:S>A,0,0.085691676
train-pg_dms__mlp__seed43,PMS2,P43246:612:S>W,0,0.8251762
train-pg_dms__mlp__seed43,PMS2,P43246:612:S>Y,0,0.784447
train-pg_dms__mlp__seed43,PMS2,P43246:612:S>P,0,0.7770475
train-pg_dms__mlp__seed43,PMS2,P43246:612:S>N,0,0.6576039
train-pg_dms__mlp__seed43,PMS2,P43246:612:S>M,0,0.20241292
train-pg_dms__mlp__seed43,PMS2,P43246:612:S>L,0,0.13224073
train-pg_dms__mlp__seed43,PMS2,P43246:612:S>K,0,0.8597629
train-pg_dms__mlp__seed43,PMS2,P43246:612:S>Q,0,0.7999836
train-pg_dms__mlp__seed43,PMS2,P43246:612:S>I,0,0.1916768
train-pg_dms__mlp__seed43,PMS2,P43246:612:S>G,0,0.10039424
train-pg_dms__mlp__seed43,PMS2,P43246:612:S>F,0,0.718944
train-pg_dms__mlp__seed43,PMS2,P43246:612:S>E,0,0.83507997
train-pg_dms__mlp__seed43,PMS2,P43246:612:S>C,0,0.08946552
train-pg_dms__mlp__seed43,PMS2,P43246:612:S>R,0,0.8515275
train-pg_dms__mlp__seed43,PMS2,P43246:612:S>T,0,0.0952714
train-pg_dms__mlp__seed43,PMS2,P43246:612:S>V,0,0.11434833
train-pg_dms__mlp__seed43,PMS2,P43246:612:S>H,0,0.8251762
train-pg_dms__mlp__seed43,PMS2,P43246:618:P>R,0,0.07803813
train-pg_dms__mlp__seed43,PMS2,P43246:618:P>Q,0,0.07657263
train-pg_dms__mlp__seed43,PMS2,P43246:618:P>N,0,0.083290435
train-pg_dms__mlp__seed43,PMS2,P43246:618:P>K,0,0.08413696
train-pg_dms__mlp__seed43,PMS2,P43246:618:P>I,0,0.084281735
train-pg_dms__mlp__seed43,PMS2,P43246:618:P>E,0,0.083096035
train-pg_dms__mlp__seed43,PMS2,P43246:618:P>G,0,0.07855622
train-pg_dms__mlp__seed43,PMS2,P43246:618:P>F,0,0.08994786
train-pg_dms__mlp__seed43,PMS2,P43246:618:P>D,0,0.08949716
train-pg_dms__mlp__seed43,PMS2,P43246:618:P>C,0,0.08337071
train-pg_dms__mlp__seed43,PMS2,P43246:618:P>H,0,0.07911916
train-pg_dms__mlp__seed43,PMS2,P43246:618:P>T,0,0.07501792
train-pg_dms__mlp__seed43,PMS2,P43246:618:P>M,0,0.082393244
train-pg_dms__mlp__seed43,PMS2,P43246:618:P>Y,0,0.08879677
train-pg_dms__mlp__seed43,PMS2,P43246:618:P>W,0,0.11236375
train-pg_dms__mlp__seed43,PMS2,P43246:618:P>V,0,0.078910775
train-pg_dms__mlp__seed43,PMS2,P43246:624:I>Y,0,0.6467081
train-pg_dms__mlp__seed43,PMS2,P43246:624:I>W,1,0.80981815
train-pg_dms__mlp__seed43,PMS2,P43246:624:I>S,1,0.6760136
train-pg_dms__mlp__seed43,PMS2,P43246:624:I>R,1,0.7967436
train-pg_dms__mlp__seed43,PMS2,P43246:624:I>Q,1,0.821353
train-pg_dms__mlp__seed43,PMS2,P43246:624:I>C,0,0.6176896
train-pg_dms__mlp__seed43,PMS2,P43246:624:I>A,1,0.5238798
train-pg_dms__mlp__seed43,PMS2,P43246:624:I>M,0,0.082474254
train-pg_dms__mlp__seed43,PMS2,P43246:624:I>L,0,0.08053956
train-pg_dms__mlp__seed43,PMS2,P43246:624:I>K,1,0.83022296
train-pg_dms__mlp__seed43,PMS2,P43246:624:I>G,1,0.8176004
train-pg_dms__mlp__seed43,PMS2,P43246:624:I>F,0,0.089335285
train-pg_dms__mlp__seed43,PMS2,P43246:624:I>E,1,0.8560674
train-pg_dms__mlp__seed43,PMS2,P43246:624:I>D,1,0.86743283
train-pg_dms__mlp__seed43,PMS2,P43246:624:I>N,1,0.7441767
train-pg_dms__mlp__seed43,PMS2,P43246:624:I>P,1,0.7343369
train-pg_dms__mlp__seed43,PMS2,P43246:625:L>C,0,0.086523555
train-pg_dms__mlp__seed43,PMS2,P43246:625:L>E,0,0.085492216
train-pg_dms__mlp__seed43,PMS2,P43246:625:L>D,0,0.13592258
train-pg_dms__mlp__seed43,PMS2,P43246:625:L>A,0,0.08154016
train-pg_dms__mlp__seed43,PMS2,P43246:625:L>F,0,0.0788905
train-pg_dms__mlp__seed43,PMS2,P43246:625:L>G,0,0.08927125
train-pg_dms__mlp__seed43,PMS2,P43246:625:L>H,0,0.08021951
train-pg_dms__mlp__seed43,PMS2,P43246:625:L>I,0,0.0797051
train-pg_dms__mlp__seed43,PMS2,P43246:625:L>M,0,0.079626195
train-pg_dms__mlp__seed43,PMS2,P43246:625:L>N,0,0.08918408
train-pg_dms__mlp__seed43,PMS2,P43246:625:L>K,0,0.08144655
train-pg_dms__mlp__seed43,PMS2,P43246:625:L>Q,0,0.079964295
train-pg_dms__mlp__seed43,PMS2,P43246:625:L>R,0,0.07978419
train-pg_dms__mlp__seed43,PMS2,P43246:625:L>S,0,0.081380785
train-pg_dms__mlp__seed43,PMS2,P43246:625:L>T,0,0.080278605
train-pg_dms__mlp__seed43,PMS2,P43246:625:L>V,0,0.079252884
train-pg_dms__mlp__seed43,PMS2,P43246:625:L>W,0,0.081265695
train-pg_dms__mlp__seed43,PMS2,P43246:625:L>Y,0,0.083971195
train-pg_dms__mlp__seed43,PMS2,P43246:625:L>P,1,0.13325953
train-pg_dms__mlp__seed43,PMS2,P43246:632:I>W,0,0.86646384
train-pg_dms__mlp__seed43,PMS2,P43246:632:I>G,1,0.8994717
train-pg_dms__mlp__seed43,PMS2,P43246:632:I>K,0,0.90070784
train-pg_dms__mlp__seed43,PMS2,P43246:632:I>H,0,0.90376204
train-pg_dms__mlp__seed43,PMS2,P43246:632:I>F,0,0.10730469
train-pg_dms__mlp__seed43,PMS2,P43246:632:I>E,0,0.92024386
train-pg_dms__mlp__seed43,PMS2,P43246:632:I>C,0,0.72131276
train-pg_dms__mlp__seed43,PMS2,P43246:632:I>A,0,0.7320067
train-pg_dms__mlp__seed43,PMS2,P43246:632:I>M,0,0.091828056
train-pg_dms__mlp__seed43,PMS2,P43246:632:I>Y,0,0.6361164
train-pg_dms__mlp__seed43,PMS2,P43246:632:I>L,0,0.090875044
train-pg_dms__mlp__seed43,PMS2,P43246:632:I>N,0,0.83539826
train-pg_dms__mlp__seed43,PMS2,P43246:632:I>P,1,0.9208818
train-pg_dms__mlp__seed43,PMS2,P43246:632:I>Q,0,0.9002956
train-pg_dms__mlp__seed43,PMS2,P43246:632:I>R,1,0.88432914
train-pg_dms__mlp__seed43,PMS2,P43246:632:I>S,0,0.84806985
train-pg_dms__mlp__seed43,PMS2,P43246:632:I>T,0,0.66943634
train-pg_dms__mlp__seed43,PMS2,P43246:632:I>V,0,0.1390865
train-pg_dms__mlp__seed43,PMS2,P43246:634:L>V,0,0.09872886
train-pg_dms__mlp__seed43,PMS2,P43246:634:L>Y,0,0.88983697
train-pg_dms__mlp__seed43,PMS2,P43246:634:L>W,0,0.8708263
train-pg_dms__mlp__seed43,PMS2,P43246:634:L>G,0,0.9118665
train-pg_dms__mlp__seed43,PMS2,P43246:634:L>H,0,0.91688675
train-pg_dms__mlp__seed43,PMS2,P43246:634:L>R,1,0.9145653
train-pg_dms__mlp__seed43,PMS2,P43246:634:L>I,0,0.097060956
train-pg_dms__mlp__seed43,PMS2,P43246:634:L>F,0,0.11499864
train-pg_dms__mlp__seed43,PMS2,P43246:634:L>D,1,0.9287781
train-pg_dms__mlp__seed43,PMS2,P43246:634:L>C,0,0.42088068
train-pg_dms__mlp__seed43,PMS2,P43246:634:L>A,0,0.81660324
train-pg_dms__mlp__seed43,PMS2,P43246:634:L>S,0,0.9133539
train-pg_dms__mlp__seed43,PMS2,P43246:634:L>T,0,0.8607093
train-pg_dms__mlp__seed43,PMS2,P43246:634:L>Q,0,0.9027753
train-pg_dms__mlp__seed43,PMS2,P43246:634:L>M,0,0.09671254
train-pg_dms__mlp__seed43,PMS2,P43246:634:L>P,1,0.92525524
train-pg_dms__mlp__seed43,PMS2,P43246:634:L>N,1,0.92537516
train-pg_dms__mlp__seed43,PMS2,P43246:634:L>K,1,0.92383313
train-pg_dms__mlp__seed43,PMS2,P43246:636:A>M,0,0.07638918
train-pg_dms__mlp__seed43,PMS2,P43246:636:A>T,0,0.10130873
train-pg_dms__mlp__seed43,PMS2,P43246:636:A>Q,0,0.07169289
train-pg_dms__mlp__seed43,PMS2,P43246:636:A>R,0,0.077229984
train-pg_dms__mlp__seed43,PMS2,P43246:636:A>S,0,0.06923519
train-pg_dms__mlp__seed43,PMS2,P43246:636:A>V,0,0.12038937
train-pg_dms__mlp__seed43,PMS2,P43246:636:A>W,0,0.29789394
train-pg_dms__mlp__seed43,PMS2,P43246:636:A>Y,0,0.08460425
train-pg_dms__mlp__seed43,PMS2,P43246:636:A>N,0,0.070243225
train-pg_dms__mlp__seed43,PMS2,P43246:636:A>L,0,0.07669688
train-pg_dms__mlp__seed43,PMS2,P43246:636:A>H,0,0.0809237
train-pg_dms__mlp__seed43,PMS2,P43246:636:A>I,0,0.09704808
train-pg_dms__mlp__seed43,PMS2,P43246:636:A>F,0,0.0862449
train-pg_dms__mlp__seed43,PMS2,P43246:636:A>E,0,0.07119719
train-pg_dms__mlp__seed43,PMS2,P43246:636:A>D,0,0.071391076
train-pg_dms__mlp__seed43,PMS2,P43246:636:A>C,0,0.0802996
train-pg_dms__mlp__seed43,PMS2,P43246:636:A>G,0,0.06914132
train-pg_dms__mlp__seed43,PMS2,P43246:642:V>H,0,0.6573159
train-pg_dms__mlp__seed43,PMS2,P43246:642:V>C,0,0.49605748
train-pg_dms__mlp__seed43,PMS2,P43246:642:V>D,0,0.66477793
train-pg_dms__mlp__seed43,PMS2,P43246:642:V>E,0,0.5799557
train-pg_dms__mlp__seed43,PMS2,P43246:642:V>F,0,0.26770675
train-pg_dms__mlp__seed43,PMS2,P43246:642:V>G,0,0.38681793
train-pg_dms__mlp__seed43,PMS2,P43246:642:V>I,0,0.10967106
train-pg_dms__mlp__seed43,PMS2,P43246:642:V>K,0,0.5770937
train-pg_dms__mlp__seed43,PMS2,P43246:642:V>L,0,0.085238315
train-pg_dms__mlp__seed43,PMS2,P43246:642:V>M,0,0.08683869
train-pg_dms__mlp__seed43,PMS2,P43246:642:V>N,0,0.5420584
train-pg_dms__mlp__seed43,PMS2,P43246:642:V>P,0,0.6426112
train-pg_dms__mlp__seed43,PMS2,P43246:642:V>Q,0,0.47962496
train-pg_dms__mlp__seed43,PMS2,P43246:642:V>R,0,0.5108549
train-pg_dms__mlp__seed43,PMS2,P43246:642:V>S,0,0.41166353
train-pg_dms__mlp__seed43,PMS2,P43246:642:V>T,0,0.2707732
train-pg_dms__mlp__seed43,PMS2,P43246:642:V>A,0,0.26228136
train-pg_dms__mlp__seed43,PMS2,P43246:642:V>W,0,0.6507757
train-pg_dms__mlp__seed43,PMS2,P43246:642:V>Y,0,0.55483747
train-pg_dms__mlp__seed43,PMS2,P43246:653:N>L,0,0.93238693
train-pg_dms__mlp__seed43,PMS2,P43246:653:N>V,0,0.9335706
train-pg_dms__mlp__seed43,PMS2,P43246:653:N>T,0,0.8732855
train-pg_dms__mlp__seed43,PMS2,P43246:653:N>S,0,0.2495663
train-pg_dms__mlp__seed43,PMS2,P43246:653:N>R,0,0.9431169
train-pg_dms__mlp__seed43,PMS2,P43246:653:N>Q,0,0.9434399
train-pg_dms__mlp__seed43,PMS2,P43246:653:N>P,1,0.94337547
train-pg_dms__mlp__seed43,PMS2,P43246:653:N>M,0,0.9408186
train-pg_dms__mlp__seed43,PMS2,P43246:653:N>K,0,0.94591737
train-pg_dms__mlp__seed43,PMS2,P43246:653:N>W,0,0.94732046
train-pg_dms__mlp__seed43,PMS2,P43246:653:N>I,1,0.9431169
train-pg_dms__mlp__seed43,PMS2,P43246:653:N>G,0,0.8823703
train-pg_dms__mlp__seed43,PMS2,P43246:653:N>F,0,0.94713736
train-pg_dms__mlp__seed43,PMS2,P43246:653:N>E,0,0.945559
train-pg_dms__mlp__seed43,PMS2,P43246:653:N>C,0,0.6208889
train-pg_dms__mlp__seed43,PMS2,P43246:653:N>A,0,0.92790335
train-pg_dms__mlp__seed43,PMS2,P43246:653:N>H,0,0.92157805
train-pg_dms__mlp__seed43,PMS2,P43246:653:N>Y,1,0.941151
train-pg_dms__mlp__seed43,PMS2,P43246:664:F>M,0,0.40809488
train-pg_dms__mlp__seed43,PMS2,P43246:664:F>N,0,0.921554
train-pg_dms__mlp__seed43,PMS2,P43246:664:F>P,1,0.9280124
train-pg_dms__mlp__seed43,PMS2,P43246:664:F>Q,0,0.9238074
train-pg_dms__mlp__seed43,PMS2,P43246:664:F>R,1,0.92411196
train-pg_dms__mlp__seed43,PMS2,P43246:664:F>S,0,0.9141936
train-pg_dms__mlp__seed43,PMS2,P43246:664:F>T,0,0.9132064
train-pg_dms__mlp__seed43,PMS2,P43246:664:F>W,0,0.8189311
train-pg_dms__mlp__seed43,PMS2,P43246:664:F>Y,0,0.23307168
train-pg_dms__mlp__seed43,PMS2,P43246:664:F>L,0,0.73764986
train-pg_dms__mlp__seed43,PMS2,P43246:664:F>K,1,0.9267155
train-pg_dms__mlp__seed43,PMS2,P43246:664:F>I,0,0.32176626
train-pg_dms__mlp__seed43,PMS2,P43246:664:F>V,0,0.29534483
train-pg_dms__mlp__seed43,PMS2,P43246:664:F>H,0,0.9159549
train-pg_dms__mlp__seed43,PMS2,P43246:664:F>G,1,0.9187797
train-pg_dms__mlp__seed43,PMS2,P43246:664:F>E,0,0.9269336
train-pg_dms__mlp__seed43,PMS2,P43246:664:F>A,0,0.909967
train-pg_dms__mlp__seed43,PMS2,P43246:664:F>C,0,0.38288316
train-pg_dms__mlp__seed43,PMS2,P43246:665:H>Q,0,0.14712754
train-pg_dms__mlp__seed43,PMS2,P43246:665:H>A,0,0.17145236
train-pg_dms__mlp__seed43,PMS2,P43246:665:H>N,0,0.09274506
train-pg_dms__mlp__seed43,PMS2,P43246:665:H>M,0,0.20525825
train-pg_dms__mlp__seed43,PMS2,P43246:665:H>L,0,0.1377182
train-pg_dms__mlp__seed43,PMS2,P43246:665:H>K,0,0.28131136
train-pg_dms__mlp__seed43,PMS2,P43246:665:H>R,0,0.17740744
train-pg_dms__mlp__seed43,PMS2,P43246:665:H>G,0,0.34294146
train-pg_dms__mlp__seed43,PMS2,P43246:665:H>F,0,0.13150255
train-pg_dms__mlp__seed43,PMS2,P43246:665:H>I,0,0.15072194
train-pg_dms__mlp__seed43,PMS2,P43246:665:H>D,0,0.17913993
train-pg_dms__mlp__seed43,PMS2,P43246:665:H>E,0,0.20507072
train-pg_dms__mlp__seed43,PMS2,P43246:665:H>S,0,0.107585646
train-pg_dms__mlp__seed43,PMS2,P43246:665:H>T,0,0.14068851
train-pg_dms__mlp__seed43,PMS2,P43246:665:H>W,0,0.14648245
train-pg_dms__mlp__seed43,PMS2,P43246:665:H>Y,0,0.12315701
train-pg_dms__mlp__seed43,PMS2,P43246:665:H>C,0,0.09479089
train-pg_dms__mlp__seed43,PMS2,P43246:665:H>V,0,0.1308862
train-pg_dms__mlp__seed43,PMS2,P43246:678:Y>G,1,0.8460162
train-pg_dms__mlp__seed43,PMS2,P43246:678:Y>H,0,0.5161075
train-pg_dms__mlp__seed43,PMS2,P43246:678:Y>I,0,0.60380465
train-pg_dms__mlp__seed43,PMS2,P43246:678:Y>K,1,0.88733786
train-pg_dms__mlp__seed43,PMS2,P43246:678:Y>L,0,0.31079084
train-pg_dms__mlp__seed43,PMS2,P43246:678:Y>E,1,0.8874642
train-pg_dms__mlp__seed43,PMS2,P43246:678:Y>A,0,0.844477
train-pg_dms__mlp__seed43,PMS2,P43246:678:Y>F,0,0.0737889
train-pg_dms__mlp__seed43,PMS2,P43246:678:Y>M,1,0.73652685
train-pg_dms__mlp__seed43,PMS2,P43246:678:Y>D,1,0.8789521
train-pg_dms__mlp__seed43,PMS2,P43246:678:Y>R,1,0.88238513
train-pg_dms__mlp__seed43,PMS2,P43246:678:Y>W,0,0.09681308
train-pg_dms__mlp__seed43,PMS2,P43246:678:Y>V,0,0.30435604
train-pg_dms__mlp__seed43,PMS2,P43246:678:Y>P,1,0.8874642
train-pg_dms__mlp__seed43,PMS2,P43246:678:Y>S,1,0.74571615
train-pg_dms__mlp__seed43,PMS2,P43246:678:Y>T,0,0.8391812
train-pg_dms__mlp__seed43,PMS2,P43246:687:L>T,1,0.23951232
train-pg_dms__mlp__seed43,PMS2,P43246:687:L>V,0,0.15343462
train-pg_dms__mlp__seed43,PMS2,P43246:687:L>Q,0,0.8314197
train-pg_dms__mlp__seed43,PMS2,P43246:687:L>S,0,0.70714176
train-pg_dms__mlp__seed43,PMS2,P43246:687:L>Y,0,0.85711837
train-pg_dms__mlp__seed43,PMS2,P43246:687:L>W,1,0.8569177
train-pg_dms__mlp__seed43,PMS2,P43246:687:L>N,0,0.8682565
train-pg_dms__mlp__seed43,PMS2,P43246:687:L>M,0,0.09647179
train-pg_dms__mlp__seed43,PMS2,P43246:687:L>I,0,0.095083416
train-pg_dms__mlp__seed43,PMS2,P43246:687:L>H,0,0.86299855
train-pg_dms__mlp__seed43,PMS2,P43246:687:L>G,1,0.81530935
train-pg_dms__mlp__seed43,PMS2,P43246:687:L>F,0,0.34899685
train-pg_dms__mlp__seed43,PMS2,P43246:687:L>D,1,0.88724566
train-pg_dms__mlp__seed43,PMS2,P43246:687:L>C,0,0.33021358
train-pg_dms__mlp__seed43,PMS2,P43246:687:L>A,0,0.20710804
train-pg_dms__mlp__seed43,PMS2,P43246:687:L>K,1,0.8804092
train-pg_dms__mlp__seed43,PMS2,P43246:695:V>G,1,0.8917906
train-pg_dms__mlp__seed43,PMS2,P43246:695:V>Y,1,0.92670083
train-pg_dms__mlp__seed43,PMS2,P43246:695:V>F,1,0.8890202
train-pg_dms__mlp__seed43,PMS2,P43246:695:V>E,1,0.92560357
train-pg_dms__mlp__seed43,PMS2,P43246:695:V>H,1,0.92770517
train-pg_dms__mlp__seed43,PMS2,P43246:695:V>K,1,0.92662835
train-pg_dms__mlp__seed43,PMS2,P43246:695:V>D,1,0.92820024
train-pg_dms__mlp__seed43,PMS2,P43246:695:V>N,1,0.92560357
train-pg_dms__mlp__seed43,PMS2,P43246:695:V>P,1,0.9212451
train-pg_dms__mlp__seed43,PMS2,P43246:695:V>Q,1,0.9234802
train-pg_dms__mlp__seed43,PMS2,P43246:695:V>R,1,0.9228503
train-pg_dms__mlp__seed43,PMS2,P43246:695:V>S,1,0.85437435
train-pg_dms__mlp__seed43,PMS2,P43246:695:V>I,0,0.1034147
train-pg_dms__mlp__seed43,PMS2,P43246:695:V>C,0,0.888083
train-pg_dms__mlp__seed43,PMS2,P43246:695:V>T,0,0.59198046
train-pg_dms__mlp__seed43,PMS2,P43246:697:C>M,1,0.93530715
train-pg_dms__mlp__seed43,PMS2,P43246:697:C>Q,1,0.94032496
train-pg_dms__mlp__seed43,PMS2,P43246:697:C>L,0,0.92837036
train-pg_dms__mlp__seed43,PMS2,P43246:697:C>K,1,0.94151175
train-pg_dms__mlp__seed43,PMS2,P43246:697:C>I,1,0.9313101
train-pg_dms__mlp__seed43,PMS2,P43246:697:C>S,0,0.18944675
train-pg_dms__mlp__seed43,PMS2,P43246:697:C>N,1,0.9367987
train-pg_dms__mlp__seed43,PMS2,P43246:697:C>P,1,0.940742
train-pg_dms__mlp__seed43,PMS2,P43246:697:C>T,0,0.6750303
train-pg_dms__mlp__seed43,PMS2,P43246:697:C>H,1,0.94053406
train-pg_dms__mlp__seed43,PMS2,P43246:697:C>A,0,0.13791329
train-pg_dms__mlp__seed43,PMS2,P43246:697:C>G,0,0.19783716
train-pg_dms__mlp__seed43,PMS2,P43246:697:C>E,1,0.9413081
train-pg_dms__mlp__seed43,PMS2,P43246:697:C>D,1,0.9406381
train-pg_dms__mlp__seed43,PMS2,P43246:697:C>V,0,0.7297914
train-pg_dms__mlp__seed43,PMS2,P43246:699:S>M,0,0.08576791
train-pg_dms__mlp__seed43,PMS2,P43246:699:S>N,0,0.08531333
train-pg_dms__mlp__seed43,PMS2,P43246:699:S>P,1,0.34025055
train-pg_dms__mlp__seed43,PMS2,P43246:699:S>Q,0,0.0897384
train-pg_dms__mlp__seed43,PMS2,P43246:699:S>R,0,0.091794886
train-pg_dms__mlp__seed43,PMS2,P43246:699:S>T,0,0.13634744
train-pg_dms__mlp__seed43,PMS2,P43246:699:S>W,0,0.09046307
train-pg_dms__mlp__seed43,PMS2,P43246:699:S>Y,0,0.08501868
train-pg_dms__mlp__seed43,PMS2,P43246:699:S>V,0,0.08583553
train-pg_dms__mlp__seed43,PMS2,P43246:699:S>A,0,0.08412217
train-pg_dms__mlp__seed43,PMS2,P43246:699:S>C,0,0.08533272
train-pg_dms__mlp__seed43,PMS2,P43246:699:S>D,0,0.088673964
train-pg_dms__mlp__seed43,PMS2,P43246:699:S>E,0,0.08674767
train-pg_dms__mlp__seed43,PMS2,P43246:699:S>F,0,0.085301705
train-pg_dms__mlp__seed43,PMS2,P43246:699:S>G,0,0.08538333
train-pg_dms__mlp__seed43,PMS2,P43246:699:S>H,0,0.08799326
train-pg_dms__mlp__seed43,PMS2,P43246:699:S>L,0,0.0847752
train-pg_dms__mlp__seed43,PMS2,P43246:699:S>I,0,0.086044
train-pg_dms__mlp__seed43,PMS2,P43246:699:S>K,0,0.0916412
train-pg_dms__mlp__seed43,PMS2,P43246:711:R>S,1,0.88158727
train-pg_dms__mlp__seed43,PMS2,P43246:711:R>G,1,0.8797262
train-pg_dms__mlp__seed43,PMS2,P43246:711:R>H,0,0.8581978
train-pg_dms__mlp__seed43,PMS2,P43246:711:R>I,1,0.88189423
train-pg_dms__mlp__seed43,PMS2,P43246:711:R>K,0,0.85274243
train-pg_dms__mlp__seed43,PMS2,P43246:711:R>L,1,0.87676895
train-pg_dms__mlp__seed43,PMS2,P43246:711:R>M,1,0.88265765
train-pg_dms__mlp__seed43,PMS2,P43246:711:R>Q,1,0.6808173
train-pg_dms__mlp__seed43,PMS2,P43246:711:R>D,0,0.88265765
train-pg_dms__mlp__seed43,PMS2,P43246:711:R>T,1,0.88189423
train-pg_dms__mlp__seed43,PMS2,P43246:711:R>V,1,0.8798825
train-pg_dms__mlp__seed43,PMS2,P43246:711:R>W,1,0.8686875
train-pg_dms__mlp__seed43,PMS2,P43246:711:R>Y,0,0.8817409
train-pg_dms__mlp__seed43,PMS2,P43246:711:R>C,1,0.8455152
train-pg_dms__mlp__seed43,PMS2,P43246:711:R>A,1,0.8814335
train-pg_dms__mlp__seed43,PMS2,P43246:711:R>F,0,0.8829614
train-pg_dms__mlp__seed43,PMS2,P43246:711:R>E,1,0.87630045
train-pg_dms__mlp__seed43,PMS2,P43246:716:D>M,1,0.19672246
train-pg_dms__mlp__seed43,PMS2,P43246:716:D>G,0,0.19530262
train-pg_dms__mlp__seed43,PMS2,P43246:716:D>H,0,0.1963038
train-pg_dms__mlp__seed43,PMS2,P43246:716:D>I,1,0.19655485
train-pg_dms__mlp__seed43,PMS2,P43246:716:D>K,0,0.19647114
train-pg_dms__mlp__seed43,PMS2,P43246:716:D>L,0,0.1963038
train-pg_dms__mlp__seed43,PMS2,P43246:716:D>N,0,0.18956208
train-pg_dms__mlp__seed43,PMS2,P43246:716:D>T,1,0.19638748
train-pg_dms__mlp__seed43,PMS2,P43246:716:D>Q,0,0.19647114
train-pg_dms__mlp__seed43,PMS2,P43246:716:D>R,0,0.19613658
train-pg_dms__mlp__seed43,PMS2,P43246:716:D>S,0,0.19455506
train-pg_dms__mlp__seed43,PMS2,P43246:716:D>V,0,0.19596949
train-pg_dms__mlp__seed43,PMS2,P43246:716:D>W,0,0.19672246
train-pg_dms__mlp__seed43,PMS2,P43246:716:D>Y,0,0.19430646
train-pg_dms__mlp__seed43,PMS2,P43246:716:D>P,0,0.19663864
train-pg_dms__mlp__seed43,PMS2,P43246:716:D>C,0,0.19663864
train-pg_dms__mlp__seed43,PMS2,P43246:716:D>A,0,0.19596949
train-pg_dms__mlp__seed43,PMS2,P43246:719:L>Y,0,0.07944831
train-pg_dms__mlp__seed43,PMS2,P43246:719:L>W,0,0.071889244
train-pg_dms__mlp__seed43,PMS2,P43246:719:L>V,0,0.043844506
train-pg_dms__mlp__seed43,PMS2,P43246:719:L>T,0,0.04792428
train-pg_dms__mlp__seed43,PMS2,P43246:719:L>F,0,0.04331983
train-pg_dms__mlp__seed43,PMS2,P43246:719:L>E,0,0.09758897
train-pg_dms__mlp__seed43,PMS2,P43246:719:L>S,0,0.070140295
train-pg_dms__mlp__seed43,PMS2,P43246:719:L>C,0,0.09658431
train-pg_dms__mlp__seed43,PMS2,P43246:719:L>G,0,0.09522169
train-pg_dms__mlp__seed43,PMS2,P43246:719:L>I,0,0.03298425
train-pg_dms__mlp__seed43,PMS2,P43246:719:L>D,0,0.15442279
train-pg_dms__mlp__seed43,PMS2,P43246:719:L>M,0,0.03316047
train-pg_dms__mlp__seed43,PMS2,P43246:719:L>K,0,0.095661625
train-pg_dms__mlp__seed43,PMS2,P43246:719:L>P,0,0.14506234
train-pg_dms__mlp__seed43,PMS2,P43246:719:L>N,0,0.07311628
train-pg_dms__mlp__seed43,PMS2,P43246:719:L>A,0,0.05066261
train-pg_dms__mlp__seed43,PMS2,P43246:719:L>R,0,0.07557108
train-pg_dms__mlp__seed43,PMS2,P43246:719:L>Q,0,0.041972417
train-pg_dms__mlp__seed43,PMS2,P43246:719:L>H,0,0.07955168
train-pg_dms__mlp__seed43,PMS2,P43246:720:K>C,0,0.07960911
train-pg_dms__mlp__seed43,PMS2,P43246:720:K>W,0,0.092204265
train-pg_dms__mlp__seed43,PMS2,P43246:720:K>V,0,0.0795707
train-pg_dms__mlp__seed43,PMS2,P43246:720:K>E,0,0.21522059
train-pg_dms__mlp__seed43,PMS2,P43246:720:K>F,0,0.10367336
train-pg_dms__mlp__seed43,PMS2,P43246:720:K>G,0,0.07432677
train-pg_dms__mlp__seed43,PMS2,P43246:720:K>H,0,0.043260664
train-pg_dms__mlp__seed43,PMS2,P43246:720:K>I,0,0.09084554
train-pg_dms__mlp__seed43,PMS2,P43246:720:K>L,0,0.057185344
train-pg_dms__mlp__seed43,PMS2,P43246:720:K>A,0,0.07359918
train-pg_dms__mlp__seed43,PMS2,P43246:720:K>D,0,0.10356021
train-pg_dms__mlp__seed43,PMS2,P43246:720:K>P,0,0.102438
train-pg_dms__mlp__seed43,PMS2,P43246:720:K>N,0,0.09345161
train-pg_dms__mlp__seed43,PMS2,P43246:720:K>Y,0,0.09089039
train-pg_dms__mlp__seed43,PMS2,P43246:720:K>S,0,0.085511014
train-pg_dms__mlp__seed43,PMS2,P43246:720:K>T,0,0.064828455
train-pg_dms__mlp__seed43,PMS2,P43246:720:K>R,0,0.03407985
train-pg_dms__mlp__seed43,PMS2,P43246:720:K>M,0,0.058247905
train-pg_dms__mlp__seed43,PMS2,P43246:720:K>Q,0,0.034298904
train-pg_dms__mlp__seed43,PMS2,P43246:724:T>I,0,0.17152299
train-pg_dms__mlp__seed43,PMS2,P43246:724:T>H,0,0.17289549
train-pg_dms__mlp__seed43,PMS2,P43246:724:T>G,0,0.16907729
train-pg_dms__mlp__seed43,PMS2,P43246:724:T>F,0,0.1751124
train-pg_dms__mlp__seed43,PMS2,P43246:724:T>E,0,0.17771769
train-pg_dms__mlp__seed43,PMS2,P43246:724:T>D,0,0.17860566
train-pg_dms__mlp__seed43,PMS2,P43246:724:T>V,0,0.15227546
train-pg_dms__mlp__seed43,PMS2,P43246:724:T>Y,0,0.17683357
train-pg_dms__mlp__seed43,PMS2,P43246:724:T>W,0,0.1789026
train-pg_dms__mlp__seed43,PMS2,P43246:724:T>S,0,0.13438594
train-pg_dms__mlp__seed43,PMS2,P43246:724:T>K,0,0.17539133
train-pg_dms__mlp__seed43,PMS2,P43246:724:T>C,0,0.17742257
train-pg_dms__mlp__seed43,PMS2,P43246:724:T>L,1,0.15101382
train-pg_dms__mlp__seed43,PMS2,P43246:724:T>P,1,0.14258088
train-pg_dms__mlp__seed43,PMS2,P43246:724:T>Q,0,0.1751124
train-pg_dms__mlp__seed43,PMS2,P43246:724:T>N,0,0.16671368
train-pg_dms__mlp__seed43,PMS2,P43246:727:A>V,0,0.10069224
train-pg_dms__mlp__seed43,PMS2,P43246:727:A>R,0,0.19342162
train-pg_dms__mlp__seed43,PMS2,P43246:727:A>Q,0,0.042089142
train-pg_dms__mlp__seed43,PMS2,P43246:727:A>N,0,0.04556513
train-pg_dms__mlp__seed43,PMS2,P43246:727:A>M,0,0.04423593
train-pg_dms__mlp__seed43,PMS2,P43246:727:A>L,0,0.04383938
train-pg_dms__mlp__seed43,PMS2,P43246:727:A>Y,0,0.08733554
train-pg_dms__mlp__seed43,PMS2,P43246:727:A>W,0,0.266692
train-pg_dms__mlp__seed43,PMS2,P43246:727:A>C,0,0.04163836
train-pg_dms__mlp__seed43,PMS2,P43246:727:A>D,0,0.28250757
train-pg_dms__mlp__seed43,PMS2,P43246:727:A>E,0,0.0713961
train-pg_dms__mlp__seed43,PMS2,P43246:727:A>F,0,0.04698664
train-pg_dms__mlp__seed43,PMS2,P43246:727:A>K,0,0.30691475
train-pg_dms__mlp__seed43,PMS2,P43246:727:A>I,0,0.0410987
train-pg_dms__mlp__seed43,PMS2,P43246:727:A>H,0,0.13787542
train-pg_dms__mlp__seed43,PMS2,P43246:727:A>G,0,0.043375928
train-pg_dms__mlp__seed43,PMS2,P43246:727:A>S,0,0.07811065
train-pg_dms__mlp__seed43,PMS2,P43246:729:M>G,0,0.8015734
train-pg_dms__mlp__seed43,PMS2,P43246:729:M>H,0,0.80113554
train-pg_dms__mlp__seed43,PMS2,P43246:729:M>F,1,0.7886588
train-pg_dms__mlp__seed43,PMS2,P43246:729:M>K,1,0.79892975
train-pg_dms__mlp__seed43,PMS2,P43246:729:M>L,0,0.7311757
train-pg_dms__mlp__seed43,PMS2,P43246:729:M>N,0,0.79826254
train-pg_dms__mlp__seed43,PMS2,P43246:729:M>P,1,0.80352974
train-pg_dms__mlp__seed43,PMS2,P43246:729:M>I,0,0.68729246
train-pg_dms__mlp__seed43,PMS2,P43246:729:M>E,1,0.80047673
train-pg_dms__mlp__seed43,PMS2,P43246:729:M>Y,0,0.8015734
train-pg_dms__mlp__seed43,PMS2,P43246:729:M>A,0,0.8000362
train-pg_dms__mlp__seed43,PMS2,P43246:729:M>W,1,0.802663
train-pg_dms__mlp__seed43,PMS2,P43246:729:M>T,0,0.80047673
train-pg_dms__mlp__seed43,PMS2,P43246:729:M>S,0,0.79803956
train-pg_dms__mlp__seed43,PMS2,P43246:729:M>R,1,0.68829554
train-pg_dms__mlp__seed43,PMS2,P43246:729:M>Q,0,0.7869524
train-pg_dms__mlp__seed43,PMS2,P43246:729:M>C,0,0.79416007
train-pg_dms__mlp__seed43,PMS2,P43246:731:E>D,0,0.46534657
train-pg_dms__mlp__seed43,PMS2,P43246:731:E>P,0,0.6171744
train-pg_dms__mlp__seed43,PMS2,P43246:731:E>A,0,0.55600893
train-pg_dms__mlp__seed43,PMS2,P43246:731:E>F,0,0.6171744
train-pg_dms__mlp__seed43,PMS2,P43246:731:E>H,0,0.611932
train-pg_dms__mlp__seed43,PMS2,P43246:731:E>I,0,0.6154304
train-pg_dms__mlp__seed43,PMS2,P43246:731:E>L,0,0.6142658
train-pg_dms__mlp__seed43,PMS2,P43246:731:E>M,0,0.61368287
train-pg_dms__mlp__seed43,PMS2,P43246:731:E>N,0,0.6101775
train-pg_dms__mlp__seed43,PMS2,P43246:731:E>C,0,0.612516
train-pg_dms__mlp__seed43,PMS2,P43246:731:E>Q,0,0.47211993
train-pg_dms__mlp__seed43,PMS2,P43246:731:E>R,0,0.5984131
train-pg_dms__mlp__seed43,PMS2,P43246:731:E>S,0,0.57275134
train-pg_dms__mlp__seed43,PMS2,P43246:731:E>T,0,0.6072459
train-pg_dms__mlp__seed43,PMS2,P43246:731:E>V,0,0.6072459
train-pg_dms__mlp__seed43,PMS2,P43246:731:E>W,0,0.6177549
train-pg_dms__mlp__seed43,PMS2,P43246:731:E>Y,0,0.6154304
train-pg_dms__mlp__seed43,PMS2,P43246:743:S>M,1,0.81685203
train-pg_dms__mlp__seed43,PMS2,P43246:743:S>K,1,0.84314615
train-pg_dms__mlp__seed43,PMS2,P43246:743:S>E,1,0.8403379
train-pg_dms__mlp__seed43,PMS2,P43246:743:S>F,1,0.84090346
train-pg_dms__mlp__seed43,PMS2,P43246:743:S>G,0,0.3741872
train-pg_dms__mlp__seed43,PMS2,P43246:743:S>H,0,0.8240462
train-pg_dms__mlp__seed43,PMS2,P43246:743:S>I,1,0.835549
train-pg_dms__mlp__seed43,PMS2,P43246:743:S>L,1,0.8205853
train-pg_dms__mlp__seed43,PMS2,P43246:743:S>N,0,0.8106871
train-pg_dms__mlp__seed43,PMS2,P43246:743:S>P,1,0.8410915
train-pg_dms__mlp__seed43,PMS2,P43246:743:S>Q,1,0.834966
train-pg_dms__mlp__seed43,PMS2,P43246:743:S>R,1,0.8412794
train-pg_dms__mlp__seed43,PMS2,P43246:743:S>T,0,0.18008073
train-pg_dms__mlp__seed43,PMS2,P43246:743:S>V,1,0.81326073
train-pg_dms__mlp__seed43,PMS2,P43246:743:S>W,1,0.8410915
train-pg_dms__mlp__seed43,PMS2,P43246:743:S>Y,0,0.83477306
train-pg_dms__mlp__seed43,PMS2,P43246:743:S>C,0,0.31679904
train-pg_dms__mlp__seed43,PMS2,P43246:743:S>A,0,0.27852705
train-pg_dms__mlp__seed43,PMS2,P43246:744:L>V,0,0.114227526
train-pg_dms__mlp__seed43,PMS2,P43246:744:L>W,1,0.77810293
train-pg_dms__mlp__seed43,PMS2,P43246:744:L>C,0,0.69133335
train-pg_dms__mlp__seed43,PMS2,P43246:744:L>A,1,0.8482619
train-pg_dms__mlp__seed43,PMS2,P43246:744:L>T,1,0.8731781
train-pg_dms__mlp__seed43,PMS2,P43246:744:L>S,1,0.89810175
train-pg_dms__mlp__seed43,PMS2,P43246:744:L>R,1,0.8949499
train-pg_dms__mlp__seed43,PMS2,P43246:744:L>Q,1,0.8927301
train-pg_dms__mlp__seed43,PMS2,P43246:744:L>Y,0,0.81829494
train-pg_dms__mlp__seed43,PMS2,P43246:744:L>N,1,0.90189916
train-pg_dms__mlp__seed43,PMS2,P43246:744:L>M,0,0.11603841
train-pg_dms__mlp__seed43,PMS2,P43246:744:L>P,1,0.9024413
train-pg_dms__mlp__seed43,PMS2,P43246:744:L>I,0,0.11031508
train-pg_dms__mlp__seed43,PMS2,P43246:744:L>H,1,0.89259785
train-pg_dms__mlp__seed43,PMS2,P43246:744:L>G,1,0.9002519
train-pg_dms__mlp__seed43,PMS2,P43246:744:L>F,0,0.11932385
train-pg_dms__mlp__seed43,PMS2,P43246:744:L>E,1,0.90276504
train-pg_dms__mlp__seed43,PMS2,P43246:744:L>D,1,0.9041537
train-pg_dms__mlp__seed43,PMS2,P43246:744:L>K,1,0.90080446
train-pg_dms__mlp__seed43,PMS2,P43246:747:I>F,0,0.6804894
train-pg_dms__mlp__seed43,PMS2,P43246:747:I>G,1,0.9277477
train-pg_dms__mlp__seed43,PMS2,P43246:747:I>L,0,0.113664016
train-pg_dms__mlp__seed43,PMS2,P43246:747:I>M,0,0.101436205
train-pg_dms__mlp__seed43,PMS2,P43246:747:I>T,0,0.3973993
train-pg_dms__mlp__seed43,PMS2,P43246:747:I>R,1,0.92899406
train-pg_dms__mlp__seed43,PMS2,P43246:747:I>S,0,0.864102
train-pg_dms__mlp__seed43,PMS2,P43246:747:I>V,0,0.088095434
train-pg_dms__mlp__seed43,PMS2,P43246:747:I>W,0,0.93203413
train-pg_dms__mlp__seed43,PMS2,P43246:747:I>Y,0,0.92997193
train-pg_dms__mlp__seed43,PMS2,P43246:747:I>Q,1,0.92915815
train-pg_dms__mlp__seed43,PMS2,P43246:747:I>D,1,0.93311244
train-pg_dms__mlp__seed43,PMS2,P43246:747:I>P,1,0.93195623
train-pg_dms__mlp__seed43,PMS2,P43246:747:I>E,1,0.93061465
train-pg_dms__mlp__seed43,PMS2,P43246:747:I>A,0,0.5260365
train-pg_dms__mlp__seed43,PMS2,P43246:747:I>C,0,0.88144195
train-pg_dms__mlp__seed43,PMS2,P43246:754:T>C,0,0.71639866
train-pg_dms__mlp__seed43,PMS2,P43246:754:T>M,0,0.6943684
train-pg_dms__mlp__seed43,PMS2,P43246:754:T>D,1,0.726159
train-pg_dms__mlp__seed43,PMS2,P43246:754:T>E,1,0.72407466
train-pg_dms__mlp__seed43,PMS2,P43246:754:T>F,1,0.72589916
train-pg_dms__mlp__seed43,PMS2,P43246:754:T>G,0,0.7118112
train-pg_dms__mlp__seed43,PMS2,P43246:754:T>H,1,0.72223914
train-pg_dms__mlp__seed43,PMS2,P43246:754:T>I,1,0.72407466
train-pg_dms__mlp__seed43,PMS2,P43246:754:T>K,1,0.7177356
train-pg_dms__mlp__seed43,PMS2,P43246:754:T>L,1,0.71126723
train-pg_dms__mlp__seed43,PMS2,P43246:754:T>N,1,0.71208286
train-pg_dms__mlp__seed43,PMS2,P43246:754:T>P,1,0.71126723
train-pg_dms__mlp__seed43,PMS2,P43246:754:T>R,1,0.71933246
train-pg_dms__mlp__seed43,PMS2,P43246:754:T>S,0,0.6400638
train-pg_dms__mlp__seed43,PMS2,P43246:754:T>V,1,0.70880824
train-pg_dms__mlp__seed43,PMS2,P43246:754:T>W,1,0.7274543
train-pg_dms__mlp__seed43,PMS2,P43246:754:T>Y,1,0.726159
train-pg_dms__mlp__seed43,PMS2,P43246:754:T>A,0,0.6470655
train-pg_dms__mlp__seed43,PMS2,P43246:762:L>H,0,0.72914124
train-pg_dms__mlp__seed43,PMS2,P43246:762:L>N,0,0.72651756
train-pg_dms__mlp__seed43,PMS2,P43246:762:L>M,1,0.1767482
train-pg_dms__mlp__seed43,PMS2,P43246:762:L>K,1,0.7238746
train-pg_dms__mlp__seed43,PMS2,P43246:762:L>I,0,0.107014924
train-pg_dms__mlp__seed43,PMS2,P43246:762:L>F,0,0.6644628
train-pg_dms__mlp__seed43,PMS2,P43246:762:L>T,0,0.70054907
train-pg_dms__mlp__seed43,PMS2,P43246:762:L>W,1,0.723116
train-pg_dms__mlp__seed43,PMS2,P43246:762:L>V,0,0.18771333
train-pg_dms__mlp__seed43,PMS2,P43246:762:L>G,1,0.7295144
train-pg_dms__mlp__seed43,PMS2,P43246:762:L>S,0,0.72914124
train-pg_dms__mlp__seed43,PMS2,P43246:762:L>R,1,0.7178906
train-pg_dms__mlp__seed43,PMS2,P43246:762:L>Q,0,0.7261412
train-pg_dms__mlp__seed43,PMS2,P43246:762:L>C,0,0.71058416
train-pg_dms__mlp__seed43,PMS2,P43246:762:L>P,1,0.7328553
train-pg_dms__mlp__seed43,PMS2,P43246:762:L>Y,0,0.7276444
train-pg_dms__mlp__seed43,PMS2,P43246:762:L>A,1,0.69898033
train-pg_dms__mlp__seed43,PMS2,P43246:762:L>D,1,0.7343298
train-pg_dms__mlp__seed43,PMS2,P43246:781:A>Q,1,0.80764824
train-pg_dms__mlp__seed43,PMS2,P43246:781:A>V,1,0.7494418
train-pg_dms__mlp__seed43,PMS2,P43246:781:A>W,1,0.81980133
train-pg_dms__mlp__seed43,PMS2,P43246:781:A>Y,1,0.8190505
train-pg_dms__mlp__seed43,PMS2,P43246:781:A>S,0,0.19085
train-pg_dms__mlp__seed43,PMS2,P43246:781:A>R,1,0.81238574
train-pg_dms__mlp__seed43,PMS2,P43246:781:A>C,0,0.7742994
train-pg_dms__mlp__seed43,PMS2,P43246:781:A>E,0,0.8180435
train-pg_dms__mlp__seed43,PMS2,P43246:781:A>P,0,0.7551167
train-pg_dms__mlp__seed43,PMS2,P43246:781:A>G,0,0.6807511
train-pg_dms__mlp__seed43,PMS2,P43246:781:A>H,1,0.81728375
train-pg_dms__mlp__seed43,PMS2,P43246:781:A>I,1,0.81779075
train-pg_dms__mlp__seed43,PMS2,P43246:781:A>N,0,0.8163927
train-pg_dms__mlp__seed43,PMS2,P43246:781:A>M,1,0.81186366
train-pg_dms__mlp__seed43,PMS2,P43246:781:A>L,0,0.79316497
train-pg_dms__mlp__seed43,PMS2,P43246:781:A>K,1,0.81967646
train-pg_dms__mlp__seed43,PMS2,P43246:781:A>F,1,0.8154963
train-pg_dms__mlp__seed43,PMS2,P43246:784:F>V,1,0.5249754
train-pg_dms__mlp__seed43,PMS2,P43246:784:F>T,1,0.52932227
train-pg_dms__mlp__seed43,PMS2,P43246:784:F>S,1,0.5257411
train-pg_dms__mlp__seed43,PMS2,P43246:784:F>R,1,0.52613914
train-pg_dms__mlp__seed43,PMS2,P43246:784:F>P,1,0.5311115
train-pg_dms__mlp__seed43,PMS2,P43246:784:F>M,0,0.52613914
train-pg_dms__mlp__seed43,PMS2,P43246:784:F>Y,0,0.2186555
train-pg_dms__mlp__seed43,PMS2,P43246:784:F>W,0,0.5006076
train-pg_dms__mlp__seed43,PMS2,P43246:784:F>I,0,0.5259402
train-pg_dms__mlp__seed43,PMS2,P43246:784:F>H,1,0.5197071
train-pg_dms__mlp__seed43,PMS2,P43246:784:F>G,1,0.5299188
train-pg_dms__mlp__seed43,PMS2,P43246:784:F>E,1,0.5301176
train-pg_dms__mlp__seed43,PMS2,P43246:784:F>D,1,0.5301176
train-pg_dms__mlp__seed43,PMS2,P43246:784:F>C,1,0.5265372
train-pg_dms__mlp__seed43,PMS2,P43246:784:F>A,1,0.52932227
train-pg_dms__mlp__seed43,PMS2,P43246:784:F>K,1,0.5299188
train-pg_dms__mlp__seed43,PMS2,P43246:788:T>C,0,0.30714664
train-pg_dms__mlp__seed43,PMS2,P43246:788:T>A,0,0.11971151
train-pg_dms__mlp__seed43,PMS2,P43246:788:T>H,0,0.49061662
train-pg_dms__mlp__seed43,PMS2,P43246:788:T>K,0,0.4948306
train-pg_dms__mlp__seed43,PMS2,P43246:788:T>L,0,0.24541298
train-pg_dms__mlp__seed43,PMS2,P43246:788:T>F,0,0.55118686
train-pg_dms__mlp__seed43,PMS2,P43246:788:T>N,0,0.22415784
train-pg_dms__mlp__seed43,PMS2,P43246:788:T>M,1,0.14450802
train-pg_dms__mlp__seed43,PMS2,P43246:788:T>Q,0,0.4189739
train-pg_dms__mlp__seed43,PMS2,P43246:788:T>R,0,0.42405635
train-pg_dms__mlp__seed43,PMS2,P43246:788:T>S,0,0.13556567
train-pg_dms__mlp__seed43,PMS2,P43246:788:T>V,0,0.22125769
train-pg_dms__mlp__seed43,PMS2,P43246:788:T>W,1,0.5780246
train-pg_dms__mlp__seed43,PMS2,P43246:788:T>Y,0,0.554837
train-pg_dms__mlp__seed43,PMS2,P43246:788:T>E,0,0.5150206
train-pg_dms__mlp__seed43,PMS2,P43246:788:T>P,0,0.6477179
train-pg_dms__mlp__seed43,PMS2,P43246:788:T>G,0,0.1993005
train-pg_dms__mlp__seed43,PMS2,P43246:799:N>Y,0,0.6502219
train-pg_dms__mlp__seed43,PMS2,P43246:799:N>W,0,0.8894742
train-pg_dms__mlp__seed43,PMS2,P43246:799:N>V,0,0.53172946
train-pg_dms__mlp__seed43,PMS2,P43246:799:N>T,0,0.40400663
train-pg_dms__mlp__seed43,PMS2,P43246:799:N>R,0,0.86375934
train-pg_dms__mlp__seed43,PMS2,P43246:799:N>Q,0,0.85736305
train-pg_dms__mlp__seed43,PMS2,P43246:799:N>P,0,0.8185297
train-pg_dms__mlp__seed43,PMS2,P43246:799:N>M,1,0.7666467
train-pg_dms__mlp__seed43,PMS2,P43246:799:N>L,0,0.4188585
train-pg_dms__mlp__seed43,PMS2,P43246:799:N>C,0,0.22213118
train-pg_dms__mlp__seed43,PMS2,P43246:799:N>A,0,0.71716124
train-pg_dms__mlp__seed43,PMS2,P43246:799:N>D,0,0.7585304
train-pg_dms__mlp__seed43,PMS2,P43246:799:N>E,0,0.8813107
train-pg_dms__mlp__seed43,PMS2,P43246:799:N>F,0,0.8748205
train-pg_dms__mlp__seed43,PMS2,P43246:799:N>I,0,0.5444246
train-pg_dms__mlp__seed43,PMS2,P43246:799:N>H,0,0.40030938
train-pg_dms__mlp__seed43,PMS2,P43246:799:N>G,0,0.7437421
train-pg_dms__mlp__seed43,PMS2,P43246:806:T>A,0,0.04666148
train-pg_dms__mlp__seed43,PMS2,P43246:806:T>C,0,0.06818805
train-pg_dms__mlp__seed43,PMS2,P43246:806:T>D,0,0.33438247
train-pg_dms__mlp__seed43,PMS2,P43246:806:T>N,0,0.06692234
train-pg_dms__mlp__seed43,PMS2,P43246:806:T>G,0,0.107460044
train-pg_dms__mlp__seed43,PMS2,P43246:806:T>F,1,0.18046008
train-pg_dms__mlp__seed43,PMS2,P43246:806:T>Y,0,0.19172265
train-pg_dms__mlp__seed43,PMS2,P43246:806:T>W,0,0.40297097
train-pg_dms__mlp__seed43,PMS2,P43246:806:T>V,0,0.048055734
train-pg_dms__mlp__seed43,PMS2,P43246:806:T>S,0,0.10605965
train-pg_dms__mlp__seed43,PMS2,P43246:806:T>R,0,0.068791136
train-pg_dms__mlp__seed43,PMS2,P43246:806:T>E,0,0.15670478
train-pg_dms__mlp__seed43,PMS2,P43246:806:T>M,0,0.045674205
train-pg_dms__mlp__seed43,PMS2,P43246:806:T>L,0,0.049085356
train-pg_dms__mlp__seed43,PMS2,P43246:806:T>K,0,0.07421158
train-pg_dms__mlp__seed43,PMS2,P43246:806:T>I,0,0.13456808
train-pg_dms__mlp__seed43,PMS2,P43246:806:T>H,0,0.10122699
train-pg_dms__mlp__seed43,PMS2,P43246:806:T>P,0,0.0688739
train-pg_dms__mlp__seed43,PMS2,P43246:809:E>W,0,0.116915114
train-pg_dms__mlp__seed43,PMS2,P43246:809:E>S,0,0.033285823
train-pg_dms__mlp__seed43,PMS2,P43246:809:E>R,0,0.03244008
train-pg_dms__mlp__seed43,PMS2,P43246:809:E>Q,0,0.033270635
train-pg_dms__mlp__seed43,PMS2,P43246:809:E>P,0,0.059154816
train-pg_dms__mlp__seed43,PMS2,P43246:809:E>M,0,0.033970695
train-pg_dms__mlp__seed43,PMS2,P43246:809:E>L,0,0.03430893
train-pg_dms__mlp__seed43,PMS2,P43246:809:E>K,0,0.05945728
train-pg_dms__mlp__seed43,PMS2,P43246:809:E>I,0,0.035111584
train-pg_dms__mlp__seed43,PMS2,P43246:809:E>H,0,0.032076623
train-pg_dms__mlp__seed43,PMS2,P43246:809:E>G,0,0.05346992
train-pg_dms__mlp__seed43,PMS2,P43246:809:E>F,0,0.072561406
train-pg_dms__mlp__seed43,PMS2,P43246:809:E>Y,0,0.034637984
train-pg_dms__mlp__seed43,PMS2,P43246:809:E>N,0,0.033438724
train-pg_dms__mlp__seed43,PMS2,P43246:809:E>V,0,0.03195288
train-pg_dms__mlp__seed43,PMS2,P43246:809:E>T,0,0.03289977
train-pg_dms__mlp__seed43,PMS2,P43246:809:E>D,0,0.04821961
train-pg_dms__mlp__seed43,PMS2,P43246:809:E>A,0,0.050606016
train-pg_dms__mlp__seed43,PMS2,P43246:818:K>Y,0,0.2421964
train-pg_dms__mlp__seed43,PMS2,P43246:818:K>W,0,0.28779948
train-pg_dms__mlp__seed43,PMS2,P43246:818:K>T,0,0.08123176
train-pg_dms__mlp__seed43,PMS2,P43246:818:K>S,0,0.100390404
train-pg_dms__mlp__seed43,PMS2,P43246:818:K>P,1,0.5551635
train-pg_dms__mlp__seed43,PMS2,P43246:818:K>Q,0,0.07443149
train-pg_dms__mlp__seed43,PMS2,P43246:818:K>N,0,0.10479767
train-pg_dms__mlp__seed43,PMS2,P43246:818:K>M,0,0.08325526
train-pg_dms__mlp__seed43,PMS2,P43246:818:K>L,0,0.0952212
train-pg_dms__mlp__seed43,PMS2,P43246:818:K>V,0,0.09204378
train-pg_dms__mlp__seed43,PMS2,P43246:818:K>I,0,0.102467686
train-pg_dms__mlp__seed43,PMS2,P43246:818:K>G,0,0.10766861
train-pg_dms__mlp__seed43,PMS2,P43246:818:K>F,0,0.40736198
train-pg_dms__mlp__seed43,PMS2,P43246:818:K>E,0,0.11240479
train-pg_dms__mlp__seed43,PMS2,P43246:818:K>D,0,0.21239722
train-pg_dms__mlp__seed43,PMS2,P43246:818:K>C,0,0.11967302
train-pg_dms__mlp__seed43,PMS2,P43246:818:K>A,0,0.09783926
train-pg_dms__mlp__seed43,PMS2,P43246:818:K>H,0,0.083884776
train-pg_dms__mlp__seed43,PMS2,P43246:820:G>V,0,0.6700802
train-pg_dms__mlp__seed43,PMS2,P43246:820:G>T,0,0.65091443
train-pg_dms__mlp__seed43,PMS2,P43246:820:G>S,0,0.4775583
train-pg_dms__mlp__seed43,PMS2,P43246:820:G>Q,0,0.68435884
train-pg_dms__mlp__seed43,PMS2,P43246:820:G>P,0,0.69916075
train-pg_dms__mlp__seed43,PMS2,P43246:820:G>N,0,0.66745216
train-pg_dms__mlp__seed43,PMS2,P43246:820:G>W,0,0.68477273
train-pg_dms__mlp__seed43,PMS2,P43246:820:G>Y,0,0.6874528
train-pg_dms__mlp__seed43,PMS2,P43246:820:G>L,0,0.69154114
train-pg_dms__mlp__seed43,PMS2,P43246:820:G>I,1,0.6892978
train-pg_dms__mlp__seed43,PMS2,P43246:820:G>H,0,0.69478106
train-pg_dms__mlp__seed43,PMS2,P43246:820:G>F,0,0.69677836
train-pg_dms__mlp__seed43,PMS2,P43246:820:G>E,0,0.6481799
train-pg_dms__mlp__seed43,PMS2,P43246:820:G>D,0,0.47182193
train-pg_dms__mlp__seed43,PMS2,P43246:820:G>M,0,0.69296193
train-pg_dms__mlp__seed43,PMS2,P43246:827:G>T,0,0.17016524
train-pg_dms__mlp__seed43,PMS2,P43246:827:G>S,0,0.13331796
train-pg_dms__mlp__seed43,PMS2,P43246:827:G>M,0,0.17907421
train-pg_dms__mlp__seed43,PMS2,P43246:827:G>Q,0,0.17770593
train-pg_dms__mlp__seed43,PMS2,P43246:827:G>N,1,0.17934895
train-pg_dms__mlp__seed43,PMS2,P43246:827:G>D,1,0.17770593
train-pg_dms__mlp__seed43,PMS2,P43246:827:G>F,0,0.17825225
train-pg_dms__mlp__seed43,PMS2,P43246:827:G>H,0,0.1801754
train-pg_dms__mlp__seed43,PMS2,P43246:827:G>I,0,0.17557453
train-pg_dms__mlp__seed43,PMS2,P43246:827:G>P,0,0.17989947
train-pg_dms__mlp__seed43,PMS2,P43246:827:G>K,0,0.1801754
train-pg_dms__mlp__seed43,PMS2,P43246:827:G>L,0,0.17375475
train-pg_dms__mlp__seed43,PMS2,P43246:827:G>C,0,0.1555257
train-pg_dms__mlp__seed43,PMS2,P43246:827:G>V,0,0.1709288
train-pg_dms__mlp__seed43,PMS2,P43246:827:G>A,0,0.1378005
train-pg_dms__mlp__seed43,PMS2,P43246:827:G>Y,0,0.17962396
train-pg_dms__mlp__seed43,PMS2,P43246:831:A>Y,0,0.2733869
train-pg_dms__mlp__seed43,PMS2,P43246:831:A>K,1,0.27650252
train-pg_dms__mlp__seed43,PMS2,P43246:831:A>C,0,0.18788901
train-pg_dms__mlp__seed43,PMS2,P43246:831:A>D,1,0.2768502
train-pg_dms__mlp__seed43,PMS2,P43246:831:A>H,1,0.2758082
train-pg_dms__mlp__seed43,PMS2,P43246:831:A>W,0,0.27615517
train-pg_dms__mlp__seed43,PMS2,P43246:831:A>I,0,0.265193
train-pg_dms__mlp__seed43,PMS2,P43246:831:A>F,0,0.26586938
train-pg_dms__mlp__seed43,PMS2,P43246:831:A>V,0,0.5611923
train-pg_dms__mlp__seed43,PMS2,P43246:831:A>L,0,0.12965229
train-pg_dms__mlp__seed43,PMS2,P43246:831:A>S,0,0.047309812
train-pg_dms__mlp__seed43,PMS2,P43246:831:A>Q,0,0.26049125
train-pg_dms__mlp__seed43,PMS2,P43246:831:A>P,1,0.2737319
train-pg_dms__mlp__seed43,PMS2,P43246:831:A>T,0,0.20883311
train-pg_dms__mlp__seed43,PMS2,P43246:831:A>M,0,0.21939707
train-pg_dms__mlp__seed43,PMS2,P43246:831:A>R,1,0.2638437
train-pg_dms__mlp__seed43,PMS2,P43246:831:A>N,1,0.27476868
train-pg_dms__mlp__seed43,PMS2,P43246:832:E>Y,0,0.15591791
train-pg_dms__mlp__seed43,PMS2,P43246:832:E>W,0,0.44928762
train-pg_dms__mlp__seed43,PMS2,P43246:832:E>V,0,0.038921926
train-pg_dms__mlp__seed43,PMS2,P43246:832:E>S,0,0.0416941
train-pg_dms__mlp__seed43,PMS2,P43246:832:E>R,0,0.041491255
train-pg_dms__mlp__seed43,PMS2,P43246:832:E>Q,0,0.080333665
train-pg_dms__mlp__seed43,PMS2,P43246:832:E>P,0,0.4912723
train-pg_dms__mlp__seed43,PMS2,P43246:832:E>N,0,0.0351002
train-pg_dms__mlp__seed43,PMS2,P43246:832:E>M,0,0.035138983
train-pg_dms__mlp__seed43,PMS2,P43246:832:E>L,0,0.037076037
train-pg_dms__mlp__seed43,PMS2,P43246:832:E>T,0,0.039090406
train-pg_dms__mlp__seed43,PMS2,P43246:832:E>I,0,0.035367887
train-pg_dms__mlp__seed43,PMS2,P43246:832:E>F,0,0.3111556
train-pg_dms__mlp__seed43,PMS2,P43246:832:E>D,0,0.16918044
train-pg_dms__mlp__seed43,PMS2,P43246:832:E>C,0,0.16464804
train-pg_dms__mlp__seed43,PMS2,P43246:832:E>A,0,0.04407915
train-pg_dms__mlp__seed43,PMS2,P43246:832:E>G,0,0.041480128
train-pg_dms__mlp__seed43,PMS2,P43246:834:A>Y,0,0.5763948
train-pg_dms__mlp__seed43,PMS2,P43246:834:A>W,0,0.5901595
train-pg_dms__mlp__seed43,PMS2,P43246:834:A>V,0,0.042368896
train-pg_dms__mlp__seed43,PMS2,P43246:834:A>S,0,0.04225245
train-pg_dms__mlp__seed43,PMS2,P43246:834:A>R,0,0.545955
train-pg_dms__mlp__seed43,PMS2,P43246:834:A>Q,0,0.5228838
train-pg_dms__mlp__seed43,PMS2,P43246:834:A>P,1,0.5742873
train-pg_dms__mlp__seed43,PMS2,P43246:834:A>M,0,0.298261
train-pg_dms__mlp__seed43,PMS2,P43246:834:A>L,0,0.06908016
train-pg_dms__mlp__seed43,PMS2,P43246:834:A>N,0,0.5576914
train-pg_dms__mlp__seed43,PMS2,P43246:834:A>I,0,0.13650902
train-pg_dms__mlp__seed43,PMS2,P43246:834:A>H,0,0.57879496
train-pg_dms__mlp__seed43,PMS2,P43246:834:A>F,0,0.55223405
train-pg_dms__mlp__seed43,PMS2,P43246:834:A>E,0,0.573382
train-pg_dms__mlp__seed43,PMS2,P43246:834:A>D,1,0.5901595
train-pg_dms__mlp__seed43,PMS2,P43246:834:A>C,0,0.0804808
train-pg_dms__mlp__seed43,PMS2,P43246:834:A>K,0,0.5886181
train-pg_dms__mlp__seed43,PMS2,P43246:837:P>T,0,0.6538567
train-pg_dms__mlp__seed43,PMS2,P43246:837:P>L,1,0.66820776
train-pg_dms__mlp__seed43,PMS2,P43246:837:P>S,0,0.6219545
train-pg_dms__mlp__seed43,PMS2,P43246:837:P>R,0,0.64882183
train-pg_dms__mlp__seed43,PMS2,P43246:837:P>Q,0,0.64765096
train-pg_dms__mlp__seed43,PMS2,P43246:837:P>N,0,0.6707913
train-pg_dms__mlp__seed43,PMS2,P43246:837:P>M,0,0.67937994
train-pg_dms__mlp__seed43,PMS2,P43246:837:P>K,0,0.66635084
train-pg_dms__mlp__seed43,PMS2,P43246:837:P>W,1,0.68009675
train-pg_dms__mlp__seed43,PMS2,P43246:837:P>I,1,0.67991775
train-pg_dms__mlp__seed43,PMS2,P43246:837:P>G,0,0.6629844
train-pg_dms__mlp__seed43,PMS2,P43246:837:P>F,1,0.6806335
train-pg_dms__mlp__seed43,PMS2,P43246:837:P>E,0,0.6635476
train-pg_dms__mlp__seed43,PMS2,P43246:837:P>Y,0,0.6797385
train-pg_dms__mlp__seed43,PMS2,P43246:837:P>D,0,0.6637352
train-pg_dms__mlp__seed43,PMS2,P43246:837:P>C,0,0.67720324
train-pg_dms__mlp__seed43,PMS2,P43246:837:P>A,0,0.629121
train-pg_dms__mlp__seed43,PMS2,P43246:837:P>H,0,0.6515409
train-pg_dms__mlp__seed43,PMS2,P43246:837:P>V,1,0.67720324
train-pg_dms__mlp__seed43,PMS2,P43246:842:E>F,0,0.06821772
train-pg_dms__mlp__seed43,PMS2,P43246:842:E>Y,0,0.06410125
train-pg_dms__mlp__seed43,PMS2,P43246:842:E>W,0,0.10104285
train-pg_dms__mlp__seed43,PMS2,P43246:842:E>V,0,0.09809723
train-pg_dms__mlp__seed43,PMS2,P43246:842:E>T,0,0.061907537
train-pg_dms__mlp__seed43,PMS2,P43246:842:E>S,0,0.06189206
train-pg_dms__mlp__seed43,PMS2,P43246:842:E>R,0,0.06205685
train-pg_dms__mlp__seed43,PMS2,P43246:842:E>C,0,0.06880166
train-pg_dms__mlp__seed43,PMS2,P43246:842:E>D,0,0.061851826
train-pg_dms__mlp__seed43,PMS2,P43246:842:E>N,0,0.061976913
train-pg_dms__mlp__seed43,PMS2,P43246:842:E>L,0,0.062352598
train-pg_dms__mlp__seed43,PMS2,P43246:842:E>K,0,0.06189817
train-pg_dms__mlp__seed43,PMS2,P43246:842:E>I,0,0.06237606
train-pg_dms__mlp__seed43,PMS2,P43246:842:E>H,0,0.06237998
train-pg_dms__mlp__seed43,PMS2,P43246:842:E>G,0,0.10226854
train-pg_dms__mlp__seed43,PMS2,P43246:842:E>Q,0,0.061822325
train-pg_dms__mlp__seed43,PMS2,P43246:842:E>P,0,0.16963394
train-pg_dms__mlp__seed43,PMS2,P43246:842:E>A,0,0.061745215
train-pg_dms__mlp__seed43,PMS2,P43246:846:Q>C,0,0.06607075
train-pg_dms__mlp__seed43,PMS2,P43246:846:Q>L,0,0.061771024
train-pg_dms__mlp__seed43,PMS2,P43246:846:Q>K,0,0.061439615
train-pg_dms__mlp__seed43,PMS2,P43246:846:Q>I,0,0.063038625
train-pg_dms__mlp__seed43,PMS2,P43246:846:Q>G,0,0.062330853
train-pg_dms__mlp__seed43,PMS2,P43246:846:Q>F,0,0.07241868
train-pg_dms__mlp__seed43,PMS2,P43246:846:Q>E,0,0.099393725
train-pg_dms__mlp__seed43,PMS2,P43246:846:Q>D,0,0.06335296
train-pg_dms__mlp__seed43,PMS2,P43246:846:Q>P,0,0.1258912
train-pg_dms__mlp__seed43,PMS2,P43246:846:Q>R,0,0.083450146
train-pg_dms__mlp__seed43,PMS2,P43246:846:Q>S,0,0.06237713
train-pg_dms__mlp__seed43,PMS2,P43246:846:Q>T,0,0.06218802
train-pg_dms__mlp__seed43,PMS2,P43246:846:Q>V,0,0.062350646
train-pg_dms__mlp__seed43,PMS2,P43246:846:Q>W,0,0.06689374
train-pg_dms__mlp__seed43,PMS2,P43246:846:Q>Y,0,0.06440087
train-pg_dms__mlp__seed43,PMS2,P43246:846:Q>H,0,0.062333345
train-pg_dms__mlp__seed43,PMS2,P43246:846:Q>A,0,0.062070187
train-pg_dms__mlp__seed43,PMS2,P43246:846:Q>N,0,0.062461168
train-pg_dms__mlp__seed43,PMS2,P43246:846:Q>M,0,0.06276474
train-pg_dms__mlp__seed43,PMS2,P43246:852:E>Y,0,0.16448224
train-pg_dms__mlp__seed43,PMS2,P43246:852:E>N,0,0.12873948
train-pg_dms__mlp__seed43,PMS2,P43246:852:E>D,0,0.39314416
train-pg_dms__mlp__seed43,PMS2,P43246:852:E>F,0,0.17243297
train-pg_dms__mlp__seed43,PMS2,P43246:852:E>G,0,0.05445567
train-pg_dms__mlp__seed43,PMS2,P43246:852:E>H,0,0.14730044
train-pg_dms__mlp__seed43,PMS2,P43246:852:E>I,0,0.15596442
train-pg_dms__mlp__seed43,PMS2,P43246:852:E>L,0,0.14118989
train-pg_dms__mlp__seed43,PMS2,P43246:852:E>M,0,0.14842586
train-pg_dms__mlp__seed43,PMS2,P43246:852:E>P,0,0.16744268
train-pg_dms__mlp__seed43,PMS2,P43246:852:E>Q,0,0.13889259
train-pg_dms__mlp__seed43,PMS2,P43246:852:E>A,0,0.0626649
train-pg_dms__mlp__seed43,PMS2,P43246:852:E>C,0,0.15663446
train-pg_dms__mlp__seed43,PMS2,P43246:852:E>S,0,0.07582108
train-pg_dms__mlp__seed43,PMS2,P43246:852:E>T,0,0.10900336
train-pg_dms__mlp__seed43,PMS2,P43246:852:E>V,0,0.116663896
train-pg_dms__mlp__seed43,PMS2,P43246:852:E>R,0,0.0836173
train-pg_dms__mlp__seed43,PMS2,P43246:855:Q>T,0,0.03634582
train-pg_dms__mlp__seed43,PMS2,P43246:855:Q>V,0,0.037125245
train-pg_dms__mlp__seed43,PMS2,P43246:855:Q>W,0,0.046626262
train-pg_dms__mlp__seed43,PMS2,P43246:855:Q>Y,0,0.041181184
train-pg_dms__mlp__seed43,PMS2,P43246:855:Q>D,0,0.03787524
train-pg_dms__mlp__seed43,PMS2,P43246:855:Q>E,0,0.050867874
train-pg_dms__mlp__seed43,PMS2,P43246:855:Q>F,0,0.056697946
train-pg_dms__mlp__seed43,PMS2,P43246:855:Q>A,0,0.036334757
train-pg_dms__mlp__seed43,PMS2,P43246:855:Q>C,0,0.044235565
train-pg_dms__mlp__seed43,PMS2,P43246:855:Q>G,0,0.036343325
train-pg_dms__mlp__seed43,PMS2,P43246:855:Q>I,0,0.03934126
train-pg_dms__mlp__seed43,PMS2,P43246:855:Q>L,0,0.03635346
train-pg_dms__mlp__seed43,PMS2,P43246:855:Q>N,0,0.03644686
train-pg_dms__mlp__seed43,PMS2,P43246:855:Q>P,0,0.036350667
train-pg_dms__mlp__seed43,PMS2,P43246:855:Q>R,0,0.052524567
train-pg_dms__mlp__seed43,PMS2,P43246:855:Q>S,0,0.054683857
train-pg_dms__mlp__seed43,PMS2,P43246:861:Q>V,0,0.029623505
train-pg_dms__mlp__seed43,PMS2,P43246:861:Q>F,0,0.032791466
train-pg_dms__mlp__seed43,PMS2,P43246:861:Q>G,0,0.02940525
train-pg_dms__mlp__seed43,PMS2,P43246:861:Q>H,0,0.029394206
train-pg_dms__mlp__seed43,PMS2,P43246:861:Q>T,0,0.029326076
train-pg_dms__mlp__seed43,PMS2,P43246:861:Q>L,0,0.044610396
train-pg_dms__mlp__seed43,PMS2,P43246:861:Q>A,0,0.029374326
train-pg_dms__mlp__seed43,PMS2,P43246:861:Q>C,0,0.03133949
train-pg_dms__mlp__seed43,PMS2,P43246:861:Q>D,0,0.02947482
train-pg_dms__mlp__seed43,PMS2,P43246:861:Q>E,0,0.03617386
train-pg_dms__mlp__seed43,PMS2,P43246:861:Q>M,0,0.030351125
train-pg_dms__mlp__seed43,PMS2,P43246:861:Q>P,0,0.029270785
train-pg_dms__mlp__seed43,PMS2,P43246:861:Q>R,0,0.029261613
train-pg_dms__mlp__seed43,PMS2,P43246:861:Q>S,0,0.029319748
train-pg_dms__mlp__seed43,PMS2,P43246:861:Q>I,0,0.030056147
train-pg_dms__mlp__seed43,PMS2,P43246:861:Q>Y,0,0.030455407
train-pg_dms__mlp__seed43,PMS2,P43246:861:Q>W,0,0.03185716
train-pg_dms__mlp__seed43,PMS2,P43246:862:G>F,0,0.035852622
train-pg_dms__mlp__seed43,PMS2,P43246:862:G>A,0,0.033005644
train-pg_dms__mlp__seed43,PMS2,P43246:862:G>C,0,0.033287343
train-pg_dms__mlp__seed43,PMS2,P43246:862:G>D,0,0.03282142
train-pg_dms__mlp__seed43,PMS2,P43246:862:G>H,0,0.033555616
train-pg_dms__mlp__seed43,PMS2,P43246:862:G>I,0,0.03339254
train-pg_dms__mlp__seed43,PMS2,P43246:862:G>K,0,0.033320747
train-pg_dms__mlp__seed43,PMS2,P43246:862:G>L,0,0.03423257
train-pg_dms__mlp__seed43,PMS2,P43246:862:G>P,0,0.03571352
train-pg_dms__mlp__seed43,PMS2,P43246:862:G>N,0,0.033118594
train-pg_dms__mlp__seed43,PMS2,P43246:862:G>S,0,0.032848574
train-pg_dms__mlp__seed43,PMS2,P43246:862:G>T,0,0.032980923
train-pg_dms__mlp__seed43,PMS2,P43246:862:G>W,0,0.034664467
train-pg_dms__mlp__seed43,PMS2,P43246:862:G>Y,0,0.033704944
train-pg_dms__mlp__seed43,PMS2,P43246:862:G>Q,0,0.033312898
train-pg_dms__mlp__seed43,PMS2,P43246:870:A>T,0,0.034058522
train-pg_dms__mlp__seed43,PMS2,P43246:870:A>I,0,0.025968276
train-pg_dms__mlp__seed43,PMS2,P43246:870:A>K,0,0.026950505
train-pg_dms__mlp__seed43,PMS2,P43246:870:A>W,0,0.038191486
train-pg_dms__mlp__seed43,PMS2,P43246:870:A>Y,0,0.028890632
train-pg_dms__mlp__seed43,PMS2,P43246:870:A>V,0,0.033563633
train-pg_dms__mlp__seed43,PMS2,P43246:870:A>L,0,0.025915975
train-pg_dms__mlp__seed43,PMS2,P43246:870:A>S,0,0.02597373
train-pg_dms__mlp__seed43,PMS2,P43246:870:A>R,0,0.026428457
train-pg_dms__mlp__seed43,PMS2,P43246:870:A>Q,0,0.026204312
train-pg_dms__mlp__seed43,PMS2,P43246:870:A>P,0,0.025960311
train-pg_dms__mlp__seed43,PMS2,P43246:870:A>H,0,0.029392282
train-pg_dms__mlp__seed43,PMS2,P43246:870:A>N,0,0.02628156
train-pg_dms__mlp__seed43,PMS2,P43246:870:A>M,1,0.026136423
train-pg_dms__mlp__seed43,PMS2,P43246:870:A>C,0,0.028585367
train-pg_dms__mlp__seed43,PMS2,P43246:870:A>D,0,0.02771882
train-pg_dms__mlp__seed43,PMS2,P43246:870:A>E,0,0.036060944
train-pg_dms__mlp__seed43,PMS2,P43246:870:A>F,0,0.02757179
train-pg_dms__mlp__seed43,PMS2,P43246:870:A>G,0,0.03267276
train-pg_dms__mlp__seed43,PMS2,P43246:876:E>S,0,0.034033697
train-pg_dms__mlp__seed43,PMS2,P43246:876:E>R,0,0.033173066
train-pg_dms__mlp__seed43,PMS2,P43246:876:E>M,0,0.0337042
train-pg_dms__mlp__seed43,PMS2,P43246:876:E>T,0,0.03336021
train-pg_dms__mlp__seed43,PMS2,P43246:876:E>V,0,0.034523435
train-pg_dms__mlp__seed43,PMS2,P43246:876:E>W,0,0.104710035
train-pg_dms__mlp__seed43,PMS2,P43246:876:E>Y,0,0.040455855
train-pg_dms__mlp__seed43,PMS2,P43246:876:E>L,0,0.033076074
train-pg_dms__mlp__seed43,PMS2,P43246:876:E>I,0,0.032931417
train-pg_dms__mlp__seed43,PMS2,P43246:876:E>Q,0,0.03721972
train-pg_dms__mlp__seed43,PMS2,P43246:876:E>H,0,0.033921573
train-pg_dms__mlp__seed43,PMS2,P43246:876:E>F,0,0.061315995
train-pg_dms__mlp__seed43,PMS2,P43246:876:E>D,0,0.07467449
train-pg_dms__mlp__seed43,PMS2,P43246:876:E>C,0,0.07577077
train-pg_dms__mlp__seed43,PMS2,P43246:876:E>A,0,0.03629628
train-pg_dms__mlp__seed43,PMS2,P43246:876:E>P,0,0.06422153
train-pg_dms__mlp__seed43,PMS2,P43246:880:G>N,0,0.21382648
train-pg_dms__mlp__seed43,PMS2,P43246:880:G>M,0,0.2186782
train-pg_dms__mlp__seed43,PMS2,P43246:880:G>P,0,0.24135487
train-pg_dms__mlp__seed43,PMS2,P43246:880:G>K,0,0.23072715
train-pg_dms__mlp__seed43,PMS2,P43246:880:G>I,0,0.19373128
train-pg_dms__mlp__seed43,PMS2,P43246:880:G>H,0,0.23822984
train-pg_dms__mlp__seed43,PMS2,P43246:880:G>F,0,0.2370663
train-pg_dms__mlp__seed43,PMS2,P43246:880:G>E,0,0.19140357
train-pg_dms__mlp__seed43,PMS2,P43246:880:G>D,0,0.20053025
train-pg_dms__mlp__seed43,PMS2,P43246:880:G>C,0,0.14701061
train-pg_dms__mlp__seed43,PMS2,P43246:880:G>A,0,0.044823907
train-pg_dms__mlp__seed43,PMS2,P43246:880:G>V,0,0.13827054
train-pg_dms__mlp__seed43,PMS2,P43246:880:G>Y,0,0.22922719
train-pg_dms__mlp__seed43,PMS2,P43246:880:G>T,0,0.12690933
train-pg_dms__mlp__seed43,PMS2,P43246:880:G>S,0,0.27051073
train-pg_dms__mlp__seed43,PMS2,P43246:880:G>R,0,0.22013415
train-pg_dms__mlp__seed43,PMS2,P43246:880:G>L,0,0.22068232
train-pg_dms__mlp__seed43,PMS2,P43246:880:G>Q,0,0.2199517
train-pg_dms__mlp__seed43,PMS2,P43246:885:Q>G,0,0.043430567
train-pg_dms__mlp__seed43,PMS2,P43246:885:Q>I,0,0.040553436
train-pg_dms__mlp__seed43,PMS2,P43246:885:Q>K,0,0.044837885
train-pg_dms__mlp__seed43,PMS2,P43246:885:Q>M,0,0.040783662
train-pg_dms__mlp__seed43,PMS2,P43246:885:Q>A,0,0.043638572
train-pg_dms__mlp__seed43,PMS2,P43246:885:Q>E,0,0.044989783
train-pg_dms__mlp__seed43,PMS2,P43246:885:Q>F,0,0.034599863
train-pg_dms__mlp__seed43,PMS2,P43246:885:Q>D,0,0.040987518
train-pg_dms__mlp__seed43,PMS2,P43246:885:Q>C,0,0.037836697
train-pg_dms__mlp__seed43,PMS2,P43246:885:Q>P,0,0.0362749
train-pg_dms__mlp__seed43,PMS2,P43246:885:Q>R,0,0.044747993
train-pg_dms__mlp__seed43,PMS2,P43246:885:Q>S,0,0.042788748
train-pg_dms__mlp__seed43,PMS2,P43246:885:Q>T,0,0.043623917
train-pg_dms__mlp__seed43,PMS2,P43246:885:Q>V,0,0.042456068
train-pg_dms__mlp__seed43,PMS2,P43246:885:Q>Y,0,0.040697243
train-pg_dms__mlp__seed43,PMS2,P43246:885:Q>N,0,0.042066094
train-pg_dms__mlp__seed43,PMS2,P43246:886:E>C,0,0.035688534
train-pg_dms__mlp__seed43,PMS2,P43246:886:E>D,0,0.047141127
train-pg_dms__mlp__seed43,PMS2,P43246:886:E>Y,0,0.04247772
train-pg_dms__mlp__seed43,PMS2,P43246:886:E>W,0,0.04377693
train-pg_dms__mlp__seed43,PMS2,P43246:886:E>V,0,0.045915786
train-pg_dms__mlp__seed43,PMS2,P43246:886:E>T,0,0.046431337
train-pg_dms__mlp__seed43,PMS2,P43246:886:E>S,0,0.046520725
train-pg_dms__mlp__seed43,PMS2,P43246:886:E>P,1,0.24681637
train-pg_dms__mlp__seed43,PMS2,P43246:886:E>Q,0,0.08305753
train-pg_dms__mlp__seed43,PMS2,P43246:886:E>N,0,0.04659383
train-pg_dms__mlp__seed43,PMS2,P43246:886:E>M,0,0.042811155
train-pg_dms__mlp__seed43,PMS2,P43246:886:E>L,0,0.04437863
train-pg_dms__mlp__seed43,PMS2,P43246:886:E>K,0,0.07972315
train-pg_dms__mlp__seed43,PMS2,P43246:886:E>I,0,0.044247564
train-pg_dms__mlp__seed43,PMS2,P43246:886:E>H,0,0.044056166
train-pg_dms__mlp__seed43,PMS2,P43246:886:E>R,0,0.044580117
train-pg_dms__mlp__seed43,PMS2,P43246:886:E>A,0,0.046837784
train-pg_dms__mlp__seed43,PMS2,P43246:886:E>F,0,0.035853703
train-pg_dms__mlp__seed43,PMS2,P43246:887:F>W,0,0.07373399
train-pg_dms__mlp__seed43,PMS2,P43246:887:F>V,0,0.05794372
train-pg_dms__mlp__seed43,PMS2,P43246:887:F>S,0,0.41821927
train-pg_dms__mlp__seed43,PMS2,P43246:887:F>R,1,0.6453297
train-pg_dms__mlp__seed43,PMS2,P43246:887:F>Q,0,0.6428677
train-pg_dms__mlp__seed43,PMS2,P43246:887:F>P,1,0.720389
train-pg_dms__mlp__seed43,PMS2,P43246:887:F>N,0,0.54692024
train-pg_dms__mlp__seed43,PMS2,P43246:887:F>M,0,0.06828073
train-pg_dms__mlp__seed43,PMS2,P43246:887:F>T,0,0.2015912
train-pg_dms__mlp__seed43,PMS2,P43246:887:F>K,0,0.66936433
train-pg_dms__mlp__seed43,PMS2,P43246:887:F>I,0,0.05794126
train-pg_dms__mlp__seed43,PMS2,P43246:887:F>H,0,0.38478714
train-pg_dms__mlp__seed43,PMS2,P43246:887:F>G,0,0.57796246
train-pg_dms__mlp__seed43,PMS2,P43246:887:F>E,0,0.6791423
train-pg_dms__mlp__seed43,PMS2,P43246:887:F>D,0,0.68667626
train-pg_dms__mlp__seed43,PMS2,P43246:887:F>C,0,0.059868887
train-pg_dms__mlp__seed43,PMS2,P43246:887:F>A,0,0.30203736
train-pg_dms__mlp__seed43,PMS2,P43246:887:F>Y,0,0.05850596
train-pg_dms__mlp__seed43,PMS2,P43246:887:F>L,0,0.526721
train-pg_dms__mlp__seed43,PMS2,P43246:893:Q>V,0,0.05260595
train-pg_dms__mlp__seed43,PMS2,P43246:893:Q>T,0,0.052771162
train-pg_dms__mlp__seed43,PMS2,P43246:893:Q>S,0,0.052677114
train-pg_dms__mlp__seed43,PMS2,P43246:893:Q>N,0,0.052696116
train-pg_dms__mlp__seed43,PMS2,P43246:893:Q>W,0,0.049630933
train-pg_dms__mlp__seed43,PMS2,P43246:893:Q>Y,0,0.051737163
train-pg_dms__mlp__seed43,PMS2,P43246:893:Q>R,0,0.052767117
train-pg_dms__mlp__seed43,PMS2,P43246:893:Q>P,0,0.04979778
train-pg_dms__mlp__seed43,PMS2,P43246:893:Q>A,0,0.05278376
train-pg_dms__mlp__seed43,PMS2,P43246:893:Q>M,0,0.05218645
train-pg_dms__mlp__seed43,PMS2,P43246:893:Q>K,0,0.052888732
train-pg_dms__mlp__seed43,PMS2,P43246:893:Q>I,0,0.0521508
train-pg_dms__mlp__seed43,PMS2,P43246:893:Q>H,0,0.05264041
train-pg_dms__mlp__seed43,PMS2,P43246:893:Q>F,0,0.049292825
train-pg_dms__mlp__seed43,PMS2,P43246:893:Q>E,0,0.05293004
train-pg_dms__mlp__seed43,PMS2,P43246:893:Q>D,0,0.052613225
train-pg_dms__mlp__seed43,PMS2,P43246:893:Q>C,0,0.050906308
train-pg_dms__mlp__seed43,PMS2,P43246:893:Q>G,0,0.05268298
train-pg_dms__mlp__seed43,PMS2,P43246:893:Q>L,0,0.052829135
train-pg_dms__mlp__seed43,PMS2,P43246:894:M>L,0,0.10696093
train-pg_dms__mlp__seed43,PMS2,P43246:894:M>K,0,0.0982215
train-pg_dms__mlp__seed43,PMS2,P43246:894:M>H,0,0.18333893
train-pg_dms__mlp__seed43,PMS2,P43246:894:M>G,0,0.3570738
train-pg_dms__mlp__seed43,PMS2,P43246:894:M>F,0,0.072867975
train-pg_dms__mlp__seed43,PMS2,P43246:894:M>E,0,0.14773189
train-pg_dms__mlp__seed43,PMS2,P43246:894:M>C,0,0.20802207
train-pg_dms__mlp__seed43,PMS2,P43246:894:M>A,0,0.12005572
train-pg_dms__mlp__seed43,PMS2,P43246:894:M>Y,0,0.12504816
train-pg_dms__mlp__seed43,PMS2,P43246:894:M>W,0,0.15189411
train-pg_dms__mlp__seed43,PMS2,P43246:894:M>P,0,0.6288373
train-pg_dms__mlp__seed43,PMS2,P43246:894:M>V,0,0.10955047
train-pg_dms__mlp__seed43,PMS2,P43246:894:M>T,0,0.16441806
train-pg_dms__mlp__seed43,PMS2,P43246:894:M>S,0,0.15313767
train-pg_dms__mlp__seed43,PMS2,P43246:894:M>Q,0,0.096359335
train-pg_dms__mlp__seed43,PMS2,P43246:894:M>N,0,0.35184485
train-pg_dms__mlp__seed43,PMS2,P43246:906:I>T,0,0.100806035
train-pg_dms__mlp__seed43,PMS2,P43246:906:I>S,0,0.06664275
train-pg_dms__mlp__seed43,PMS2,P43246:906:I>R,0,0.10099687
train-pg_dms__mlp__seed43,PMS2,P43246:906:I>Q,0,0.066803105
train-pg_dms__mlp__seed43,PMS2,P43246:906:I>P,0,0.08051671
train-pg_dms__mlp__seed43,PMS2,P43246:906:I>N,0,0.06653503
train-pg_dms__mlp__seed43,PMS2,P43246:906:I>L,0,0.06650232
train-pg_dms__mlp__seed43,PMS2,P43246:906:I>K,0,0.066616535
train-pg_dms__mlp__seed43,PMS2,P43246:906:I>G,0,0.0676025
train-pg_dms__mlp__seed43,PMS2,P43246:906:I>W,0,0.0746029
train-pg_dms__mlp__seed43,PMS2,P43246:906:I>F,0,0.06708973
train-pg_dms__mlp__seed43,PMS2,P43246:906:I>Y,0,0.06884086
train-pg_dms__mlp__seed43,PMS2,P43246:906:I>H,0,0.06770905
train-pg_dms__mlp__seed43,PMS2,P43246:906:I>A,0,0.06655097
train-pg_dms__mlp__seed43,PMS2,P43246:906:I>C,0,0.07083423
train-pg_dms__mlp__seed43,PMS2,P43246:906:I>D,0,0.067598395
train-pg_dms__mlp__seed43,PMS2,P43246:906:I>E,0,0.06696446
train-pg_dms__mlp__seed43,PMS2,P43246:911:L>K,0,0.12314664
train-pg_dms__mlp__seed43,PMS2,P43246:911:L>Q,0,0.09318902
train-pg_dms__mlp__seed43,PMS2,P43246:911:L>G,0,0.26872194
train-pg_dms__mlp__seed43,PMS2,P43246:911:L>F,0,0.081926845
train-pg_dms__mlp__seed43,PMS2,P43246:911:L>E,0,0.13816877
train-pg_dms__mlp__seed43,PMS2,P43246:911:L>I,0,0.08254829
train-pg_dms__mlp__seed43,PMS2,P43246:911:L>M,0,0.07971699
train-pg_dms__mlp__seed43,PMS2,P43246:911:L>W,0,0.08765415
train-pg_dms__mlp__seed43,PMS2,P43246:911:L>P,1,0.611824
train-pg_dms__mlp__seed43,PMS2,P43246:911:L>R,0,0.32910964
train-pg_dms__mlp__seed43,PMS2,P43246:911:L>S,0,0.16132447
train-pg_dms__mlp__seed43,PMS2,P43246:911:L>T,0,0.13861029
train-pg_dms__mlp__seed43,PMS2,P43246:911:L>V,0,0.08407698
train-pg_dms__mlp__seed43,PMS2,P43246:911:L>C,0,0.11680729
train-pg_dms__mlp__seed43,PMS2,P43246:911:L>Y,0,0.091941275
train-pg_dms__mlp__seed43,PMS2,P43246:911:L>N,0,0.20979853
train-pg_dms__mlp__seed43,PMS2,P43246:911:L>A,0,0.11629645
train-pg_dms__mlp__seed43,PMS2,P43246:919:N>R,0,0.072626315
train-pg_dms__mlp__seed43,PMS2,P43246:919:N>T,0,0.07328482
train-pg_dms__mlp__seed43,PMS2,P43246:919:N>S,0,0.089936696
train-pg_dms__mlp__seed43,PMS2,P43246:919:N>P,0,0.12202112
train-pg_dms__mlp__seed43,PMS2,P43246:919:N>K,0,0.06976709
train-pg_dms__mlp__seed43,PMS2,P43246:919:N>Q,0,0.07198064
train-pg_dms__mlp__seed43,PMS2,P43246:919:N>E,0,0.0712458
train-pg_dms__mlp__seed43,PMS2,P43246:919:N>D,0,0.089441575
train-pg_dms__mlp__seed43,PMS2,P43246:919:N>G,0,0.07054396
train-pg_dms__mlp__seed43,PMS2,P43246:934:T>W,0,0.107668646
train-pg_dms__mlp__seed43,PMS2,P43246:934:T>C,0,0.08061954
train-pg_dms__mlp__seed43,PMS2,P43246:934:T>D,0,0.069836795
train-pg_dms__mlp__seed43,PMS2,P43246:934:T>E,0,0.06821426
train-pg_dms__mlp__seed43,PMS2,P43246:934:T>F,0,0.074582264
train-pg_dms__mlp__seed43,PMS2,P43246:934:T>G,0,0.067844324
train-pg_dms__mlp__seed43,PMS2,P43246:934:T>H,0,0.07118853
train-pg_dms__mlp__seed43,PMS2,P43246:934:T>I,0,0.068229795
train-pg_dms__mlp__seed43,PMS2,P43246:934:T>K,0,0.069517404
train-pg_dms__mlp__seed43,PMS2,P43246:934:T>L,0,0.066203766
train-pg_dms__mlp__seed43,PMS2,P43246:934:T>N,0,0.06456257
train-pg_dms__mlp__seed43,PMS2,P43246:934:T>P,0,0.06324981
train-pg_dms__mlp__seed43,PMS2,P43246:934:T>Q,0,0.06794401
train-pg_dms__mlp__seed43,PMS2,P43246:934:T>R,0,0.06636614
train-pg_dms__mlp__seed43,PMS2,P43246:934:T>S,0,0.064229324
train-pg_dms__mlp__seed43,PMS2,P43246:934:T>Y,0,0.07207182
train-pg_dms__mlp__seed43,PMS2,P43246:934:T>V,0,0.06646262
