cell,gene,variant_key,label,score
train-clinvar+pg_dms__transformer__seed43,MLH1,P52701:878:V>A,0,0.009824539
train-clinvar+pg_dms__transformer__seed43,MLH1,P43246:390:L>F,0,0.035796918
train-clinvar+pg_dms__transformer__seed43,MLH1,P54278:20:R>Q,0,0.06510452
train-clinvar+pg_dms__transformer__seed43,MLH1,P52701:54:G>A,0,0.026293753
train-clinvar+pg_dms__transformer__seed43,MLH1,P52701:81:A>T,0,0.031039529
train-clinvar+pg_dms__transformer__seed43,MLH1,P52701:1163:E>V,0,0.019135632
train-clinvar+pg_dms__transformer__seed43,MLH1,P52701:20:A>V,0,0.0072463215
train-clinvar+pg_dms__transformer__seed43,MLH1,P43246:336:P>S,0,0.0074698054
train-clinvar+pg_dms__transformer__seed43,MLH1,P43246:338:G>R,1,0.99838793
train-clinvar+pg_dms__transformer__seed43,MLH1,P43246:338:G>E,1,0.99418145
train-clinvar+pg_dms__transformer__seed43,MLH1,P43246:341:L>P,1,0.9911442
train-clinvar+pg_dms__transformer__seed43,MLH1,P43246:440:L>P,1,0.9750828
train-clinvar+pg_dms__transformer__seed43,MLH1,P43246:564:T>A,0,0.046338197
train-clinvar+pg_dms__transformer__seed43,MLH1,P43246:603:D>N,1,0.8362174
train-clinvar+pg_dms__transformer__seed43,MLH1,P43246:603:D>G,1,0.97320575
train-clinvar+pg_dms__transformer__seed43,MLH1,P43246:687:L>P,1,0.9824569
train-clinvar+pg_dms__transformer__seed43,MLH1,P43246:751:G>R,1,0.998623
train-clinvar+pg_dms__transformer__seed43,MLH1,P43246:886:E>G,0,0.001128768
train-clinvar+pg_dms__transformer__seed43,MLH1,P43246:905:T>R,0,0.03329964
train-clinvar+pg_dms__transformer__seed43,MLH1,P43246:923:V>E,1,0.49958503
train-clinvar+pg_dms__transformer__seed43,MLH1,P43246:93:L>F,1,0.56468844
train-clinvar+pg_dms__transformer__seed43,MLH1,P43246:187:L>P,1,0.9478592
train-clinvar+pg_dms__transformer__seed43,MLH1,P43246:187:L>R,1,0.7299043
train-clinvar+pg_dms__transformer__seed43,MLH1,P43246:199:C>R,1,0.9731843
train-clinvar+pg_dms__transformer__seed43,MLH1,P43246:199:C>Y,1,0.74006456
train-clinvar+pg_dms__transformer__seed43,MLH1,P43246:264:Q>H,0,0.005172948
train-clinvar+pg_dms__transformer__seed43,MLH1,P52701:1055:A>P,1,0.97270805
train-clinvar+pg_dms__transformer__seed43,MLH1,P52701:767:T>I,1,0.9903072
train-clinvar+pg_dms__transformer__seed43,MLH1,P43246:534:R>P,1,0.95822936
train-clinvar+pg_dms__transformer__seed43,MLH1,P52701:164:H>P,0,0.07135731
train-clinvar+pg_dms__transformer__seed43,MLH1,P43246:38:D>Y,0,0.111415565
train-clinvar+pg_dms__transformer__seed43,MLH1,P43246:508:G>A,0,0.06394459
train-clinvar+pg_dms__transformer__seed43,MLH1,P43246:803:T>I,0,0.39092192
train-clinvar+pg_dms__transformer__seed43,MLH1,P43246:408:Y>F,0,0.009066593
train-clinvar+pg_dms__transformer__seed43,MLH1,P52701:1058:D>H,1,0.96768904
train-clinvar+pg_dms__transformer__seed43,MLH1,P43246:89:V>I,0,0.012891867
train-clinvar+pg_dms__transformer__seed43,MLH1,P43246:227:R>S,0,0.23154281
train-clinvar+pg_dms__transformer__seed43,MLH1,P43246:316:S>Y,0,0.12808308
train-clinvar+pg_dms__transformer__seed43,MLH1,P43246:551:F>L,0,0.82344514
train-clinvar+pg_dms__transformer__seed43,MLH1,P43246:700:A>E,1,0.9692582
train-clinvar+pg_dms__transformer__seed43,MLH1,P43246:414:L>R,1,0.7876829
train-clinvar+pg_dms__transformer__seed43,MLH1,P43246:479:S>R,0,0.24437104
train-clinvar+pg_dms__transformer__seed43,MLH1,P43246:92:L>F,0,0.16272274
train-clinvar+pg_dms__transformer__seed43,MLH1,P43246:499:A>P,1,0.92539084
train-clinvar+pg_dms__transformer__seed43,MLH1,P43246:709:L>V,0,0.03965044
train-clinvar+pg_dms__transformer__seed43,MLH1,P52701:1063:L>R,1,0.9547642
train-clinvar+pg_dms__transformer__seed43,MLH1,P43246:236:D>H,0,0.01331928
train-clinvar+pg_dms__transformer__seed43,MLH1,P43246:245:L>F,0,0.09744943
train-clinvar+pg_dms__transformer__seed43,MLH1,P43246:303:D>N,0,0.16976397
train-clinvar+pg_dms__transformer__seed43,MLH1,P43246:908:L>I,0,0.039687514
train-clinvar+pg_dms__transformer__seed43,MLH1,P43246:220:G>E,0,0.08037024
train-clinvar+pg_dms__transformer__seed43,MLH1,P43246:236:D>E,0,0.011467467
train-clinvar+pg_dms__transformer__seed43,MLH1,P43246:92:L>I,0,0.021182409
train-clinvar+pg_dms__transformer__seed43,MLH1,P43246:402:Q>H,0,0.023015033
train-clinvar+pg_dms__transformer__seed43,MLH1,P43246:670:P>R,0,0.8836747
train-clinvar+pg_dms__transformer__seed43,MLH1,P43246:740:T>A,0,0.046288352
train-clinvar+pg_dms__transformer__seed43,MLH1,P43246:889:S>F,0,0.0040122974
train-clinvar+pg_dms__transformer__seed43,MLH1,P43246:231:D>Y,0,0.103263654
train-clinvar+pg_dms__transformer__seed43,MLH1,P43246:107:A>D,1,0.09764269
train-clinvar+pg_dms__transformer__seed43,MLH1,P43246:187:L>I,0,0.019302705
train-clinvar+pg_dms__transformer__seed43,MLH1,P43246:187:L>F,0,0.026297037
train-clinvar+pg_dms__transformer__seed43,MLH1,P43246:415:P>A,0,0.007936646
train-clinvar+pg_dms__transformer__seed43,MLH1,P43246:107:A>V,1,0.00067244476
train-clinvar+pg_dms__transformer__seed43,MLH1,P43246:482:R>T,0,0.49535015
train-clinvar+pg_dms__transformer__seed43,MLH1,P43246:603:D>V,1,0.9572434
train-clinvar+pg_dms__transformer__seed43,MLH1,P43246:825:S>G,0,0.43975016
train-clinvar+pg_dms__transformer__seed43,MLH1,P43246:138:N>D,0,0.043002
train-clinvar+pg_dms__transformer__seed43,MLH1,P43246:390:L>V,0,0.018714221
train-clinvar+pg_dms__transformer__seed43,MLH1,P43246:149:G>A,0,0.025541414
train-clinvar+pg_dms__transformer__seed43,MLH1,P43246:507:P>T,0,0.03823217
train-clinvar+pg_dms__transformer__seed43,MLH1,P43246:792:N>I,0,0.051523313
train-clinvar+pg_dms__transformer__seed43,MLH1,P43246:454:I>R,1,0.9366458
train-clinvar+pg_dms__transformer__seed43,MLH1,P43246:348:Q>E,0,0.4055928
train-clinvar+pg_dms__transformer__seed43,MLH1,P43246:864:D>N,0,0.0106156925
train-clinvar+pg_dms__transformer__seed43,MLH1,P43246:781:A>T,1,0.8994158
train-clinvar+pg_dms__transformer__seed43,MLH1,P43246:58:F>L,0,0.28146747
train-clinvar+pg_dms__transformer__seed43,MLH1,P43246:210:M>I,0,0.09072365
train-clinvar+pg_dms__transformer__seed43,MLH1,P43246:292:T>P,1,0.15190382
train-clinvar+pg_dms__transformer__seed43,MLH1,P43246:338:G>V,1,0.99864453
train-clinvar+pg_dms__transformer__seed43,MLH1,P43246:72:A>G,0,0.008444456
train-clinvar+pg_dms__transformer__seed43,MLH1,P43246:262:E>V,0,0.0088699795
train-clinvar+pg_dms__transformer__seed43,MLH1,P43246:670:P>S,0,0.30478382
train-clinvar+pg_dms__transformer__seed43,MLH1,P43246:773:K>E,0,0.025479496
train-clinvar+pg_dms__transformer__seed43,MLH1,P43246:729:M>V,0,0.35668713
train-clinvar+pg_dms__transformer__seed43,MLH1,P43246:894:M>R,0,0.12002303
train-clinvar+pg_dms__transformer__seed43,MLH1,P43246:79:V>M,0,0.22257045
train-clinvar+pg_dms__transformer__seed43,MLH1,P43246:220:G>R,0,0.04257415
train-clinvar+pg_dms__transformer__seed43,MLH1,P43246:415:P>R,0,0.04448784
train-clinvar+pg_dms__transformer__seed43,MLH1,P43246:416:N>D,0,0.027511766
train-clinvar+pg_dms__transformer__seed43,MLH1,P43246:436:F>S,0,0.9662575
train-clinvar+pg_dms__transformer__seed43,MLH1,P43246:437:V>M,0,0.31713718
train-clinvar+pg_dms__transformer__seed43,MLH1,P43246:546:K>R,0,0.0042897393
train-clinvar+pg_dms__transformer__seed43,MLH1,P43246:703:S>F,1,0.81438386
train-clinvar+pg_dms__transformer__seed43,MLH1,P43246:740:T>I,1,0.7479332
train-clinvar+pg_dms__transformer__seed43,MLH1,P43246:751:G>E,1,0.9991844
train-clinvar+pg_dms__transformer__seed43,MLH1,P43246:895:P>S,0,0.04665215
train-clinvar+pg_dms__transformer__seed43,MLH1,P43246:321:T>A,0,0.0031803576
train-clinvar+pg_dms__transformer__seed43,MLH1,P43246:59:K>R,0,0.02180327
train-clinvar+pg_dms__transformer__seed43,MLH1,P43246:190:L>F,0,0.02179357
train-clinvar+pg_dms__transformer__seed43,MLH1,P43246:191:L>V,1,0.029275404
train-clinvar+pg_dms__transformer__seed43,MLH1,P43246:270:L>P,1,0.9962205
train-clinvar+pg_dms__transformer__seed43,MLH1,P43246:381:L>I,0,0.09423461
train-clinvar+pg_dms__transformer__seed43,MLH1,P43246:772:T>A,0,0.04190651
train-clinvar+pg_dms__transformer__seed43,MLH1,P43246:894:M>I,0,0.055550262
train-clinvar+pg_dms__transformer__seed43,MLH1,P43246:82:K>R,0,0.0014437771
train-clinvar+pg_dms__transformer__seed43,MLH1,P43246:245:L>W,0,0.77506274
train-clinvar+pg_dms__transformer__seed43,MLH1,P43246:670:P>T,0,0.6753004
train-clinvar+pg_dms__transformer__seed43,MLH1,P43246:814:L>I,0,0.34398538
train-clinvar+pg_dms__transformer__seed43,MLH1,P43246:879:Q>K,0,0.010859198
train-clinvar+pg_dms__transformer__seed43,MLH1,P43246:610:H>D,0,0.06378026
train-clinvar+pg_dms__transformer__seed43,MLH1,P43246:21:R>P,0,0.30604342
train-clinvar+pg_dms__transformer__seed43,MLH1,P43246:158:Q>R,0,0.0036294488
train-clinvar+pg_dms__transformer__seed43,MLH1,P43246:303:D>H,0,0.6404625
train-clinvar+pg_dms__transformer__seed43,MLH1,P43246:264:Q>P,0,0.06023866
train-clinvar+pg_dms__transformer__seed43,MLH1,P43246:140:D>A,0,0.0035513802
train-clinvar+pg_dms__transformer__seed43,MLH1,P43246:651:I>T,0,0.3537673
train-clinvar+pg_dms__transformer__seed43,MLH1,P43246:771:A>T,0,0.019053627
train-clinvar+pg_dms__transformer__seed43,MLH1,P43246:99:R>S,0,0.44041893
train-clinvar+pg_dms__transformer__seed43,MLH1,P43246:415:P>L,0,0.09472723
train-clinvar+pg_dms__transformer__seed43,MLH1,P43246:378:E>K,0,0.018418577
train-clinvar+pg_dms__transformer__seed43,MLH1,P43246:915:V>L,0,0.06155888
train-clinvar+pg_dms__transformer__seed43,MLH1,P43246:596:N>I,0,0.23536372
train-clinvar+pg_dms__transformer__seed43,MLH1,P43246:440:L>R,1,0.9466883
train-clinvar+pg_dms__transformer__seed43,MLH1,P43246:277:L>S,0,0.17973341
train-clinvar+pg_dms__transformer__seed43,MLH1,P43246:316:S>T,0,0.015138574
train-clinvar+pg_dms__transformer__seed43,MLH1,P43246:381:L>F,0,0.088231735
train-clinvar+pg_dms__transformer__seed43,MLH1,P43246:79:V>G,0,0.06679416
train-clinvar+pg_dms__transformer__seed43,MLH1,P43246:755:S>T,0,0.9920515
train-clinvar+pg_dms__transformer__seed43,MLH1,P43246:336:P>L,0,0.03646705
train-clinvar+pg_dms__transformer__seed43,MLH1,P43246:93:L>V,0,0.026172481
train-clinvar+pg_dms__transformer__seed43,MLH1,P43246:610:H>R,0,0.01746125
train-clinvar+pg_dms__transformer__seed43,MLH1,P43246:427:K>E,0,0.003117666
train-clinvar+pg_dms__transformer__seed43,MLH1,P43246:92:L>P,0,0.96843195
train-clinvar+pg_dms__transformer__seed43,MLH1,P43246:873:C>W,0,0.24813305
train-clinvar+pg_dms__transformer__seed43,MLH1,P43246:763:A>P,1,0.9984855
train-clinvar+pg_dms__transformer__seed43,MLH1,P43246:454:I>L,0,0.06917517
train-clinvar+pg_dms__transformer__seed43,MLH1,P43246:432:L>W,0,0.5553315
train-clinvar+pg_dms__transformer__seed43,MLH1,P43246:414:L>V,0,0.008103068
train-clinvar+pg_dms__transformer__seed43,MLH1,P43246:140:D>V,0,0.0068663917
train-clinvar+pg_dms__transformer__seed43,MLH1,P43246:408:Y>S,0,0.15729003
train-clinvar+pg_dms__transformer__seed43,MLH1,P43246:262:E>K,0,0.0035409268
train-clinvar+pg_dms__transformer__seed43,MLH1,P43246:431:L>V,0,0.007943911
train-clinvar+pg_dms__transformer__seed43,MLH1,P43246:500:A>V,0,0.13504627
train-clinvar+pg_dms__transformer__seed43,MLH1,P43246:527:C>Y,0,0.0509563
train-clinvar+pg_dms__transformer__seed43,MLH1,P43246:499:A>T,0,0.015617069
train-clinvar+pg_dms__transformer__seed43,MLH1,P43246:603:D>Y,1,0.97887254
train-clinvar+pg_dms__transformer__seed43,MLH1,P43246:610:H>P,1,0.87832576
train-clinvar+pg_dms__transformer__seed43,MLH1,P43246:687:L>R,1,0.96349275
train-clinvar+pg_dms__transformer__seed43,MLH1,P43246:755:S>Y,1,0.9897083
train-clinvar+pg_dms__transformer__seed43,MLH1,P43246:666:I>T,0,0.75300366
train-clinvar+pg_dms__transformer__seed43,MLH1,P43246:700:A>G,0,0.010532991
train-clinvar+pg_dms__transformer__seed43,MLH1,P43246:479:S>N,0,0.07324183
train-clinvar+pg_dms__transformer__seed43,MLH1,P43246:317:V>I,0,0.007513823
train-clinvar+pg_dms__transformer__seed43,MLH1,P43246:651:I>L,0,0.13893348
train-clinvar+pg_dms__transformer__seed43,MLH1,P43246:386:D>H,0,0.17576337
train-clinvar+pg_dms__transformer__seed43,MLH1,P43246:138:N>K,0,0.014662711
train-clinvar+pg_dms__transformer__seed43,MLH1,P43246:926:I>S,0,0.08949
train-clinvar+pg_dms__transformer__seed43,MLH1,P43246:771:A>E,0,0.46684507
train-clinvar+pg_dms__transformer__seed43,MLH1,P43246:191:L>P,1,0.9798151
train-clinvar+pg_dms__transformer__seed43,MLH1,P43246:499:A>S,0,0.041598257
train-clinvar+pg_dms__transformer__seed43,MLH1,P43246:879:Q>H,0,0.0078097116
train-clinvar+pg_dms__transformer__seed43,MLH1,P43246:316:S>C,0,0.0038639472
train-clinvar+pg_dms__transformer__seed43,MLH1,P43246:408:Y>H,0,0.009715903
train-clinvar+pg_dms__transformer__seed43,MLH1,P43246:303:D>G,0,0.42126855
train-clinvar+pg_dms__transformer__seed43,MLH1,P43246:181:N>H,0,0.007439322
train-clinvar+pg_dms__transformer__seed43,MLH1,P43246:508:G>D,0,0.21528172
train-clinvar+pg_dms__transformer__seed43,MLH1,P43246:325:S>T,0,0.053120255
train-clinvar+pg_dms__transformer__seed43,MLH1,P43246:831:A>G,0,0.036305033
train-clinvar+pg_dms__transformer__seed43,MLH1,P43246:868:P>Q,0,0.023885561
train-clinvar+pg_dms__transformer__seed43,MLH1,P43246:31:T>I,0,0.018311929
train-clinvar+pg_dms__transformer__seed43,MLH1,P43246:325:S>C,0,0.0073910295
train-clinvar+pg_dms__transformer__seed43,MLH1,P43246:766:I>T,0,0.2294587
train-clinvar+pg_dms__transformer__seed43,MLH1,P43246:21:R>H,0,0.02067586
train-clinvar+pg_dms__transformer__seed43,MLH1,P43246:21:R>W,0,0.3281299
train-clinvar+pg_dms__transformer__seed43,MLH1,P43246:21:R>V,0,0.056501497
train-clinvar+pg_dms__transformer__seed43,MLH1,P43246:21:R>T,0,0.056131084
train-clinvar+pg_dms__transformer__seed43,MLH1,P43246:21:R>S,0,0.037582166
train-clinvar+pg_dms__transformer__seed43,MLH1,P43246:21:R>Q,0,0.0023534107
train-clinvar+pg_dms__transformer__seed43,MLH1,P43246:21:R>N,0,0.0122011015
train-clinvar+pg_dms__transformer__seed43,MLH1,P43246:21:R>M,0,0.3907886
train-clinvar+pg_dms__transformer__seed43,MLH1,P43246:21:R>C,0,0.025579669
train-clinvar+pg_dms__transformer__seed43,MLH1,P43246:21:R>K,0,0.0008336477
train-clinvar+pg_dms__transformer__seed43,MLH1,P43246:21:R>I,0,0.07945771
train-clinvar+pg_dms__transformer__seed43,MLH1,P43246:21:R>G,0,0.0017688493
train-clinvar+pg_dms__transformer__seed43,MLH1,P43246:21:R>F,0,0.053994894
train-clinvar+pg_dms__transformer__seed43,MLH1,P43246:21:R>E,0,0.02260156
train-clinvar+pg_dms__transformer__seed43,MLH1,P43246:21:R>D,0,0.10151888
train-clinvar+pg_dms__transformer__seed43,MLH1,P43246:21:R>Y,0,0.114574805
train-clinvar+pg_dms__transformer__seed43,MLH1,P43246:21:R>L,0,0.10743481
train-clinvar+pg_dms__transformer__seed43,MLH1,P43246:21:R>A,0,0.0071991743
train-clinvar+pg_dms__transformer__seed43,MLH1,P43246:23:F>Q,0,0.1656585
train-clinvar+pg_dms__transformer__seed43,MLH1,P43246:23:F>H,0,0.008835049
train-clinvar+pg_dms__transformer__seed43,MLH1,P43246:23:F>G,0,0.4443645
train-clinvar+pg_dms__transformer__seed43,MLH1,P43246:23:F>M,0,0.434265
train-clinvar+pg_dms__transformer__seed43,MLH1,P43246:23:F>P,0,0.92876774
train-clinvar+pg_dms__transformer__seed43,MLH1,P43246:23:F>N,0,0.23105375
train-clinvar+pg_dms__transformer__seed43,MLH1,P43246:23:F>R,0,0.5259533
train-clinvar+pg_dms__transformer__seed43,MLH1,P43246:23:F>S,0,0.30827346
train-clinvar+pg_dms__transformer__seed43,MLH1,P43246:23:F>A,0,0.17888682
train-clinvar+pg_dms__transformer__seed43,MLH1,P43246:23:F>V,0,0.0019167884
train-clinvar+pg_dms__transformer__seed43,MLH1,P43246:23:F>E,0,0.7079287
train-clinvar+pg_dms__transformer__seed43,MLH1,P43246:23:F>T,0,0.23222542
train-clinvar+pg_dms__transformer__seed43,MLH1,P43246:23:F>L,0,0.10778949
train-clinvar+pg_dms__transformer__seed43,MLH1,P43246:23:F>I,0,0.010970902
train-clinvar+pg_dms__transformer__seed43,MLH1,P43246:23:F>W,0,0.21754694
train-clinvar+pg_dms__transformer__seed43,MLH1,P43246:23:F>C,0,0.0033211347
train-clinvar+pg_dms__transformer__seed43,MLH1,P43246:23:F>Y,0,0.0074189072
train-clinvar+pg_dms__transformer__seed43,MLH1,P43246:31:T>F,0,0.0021673043
train-clinvar+pg_dms__transformer__seed43,MLH1,P43246:31:T>E,0,0.0054708077
train-clinvar+pg_dms__transformer__seed43,MLH1,P43246:31:T>N,0,0.0036885394
train-clinvar+pg_dms__transformer__seed43,MLH1,P43246:31:T>V,0,0.0013446932
train-clinvar+pg_dms__transformer__seed43,MLH1,P43246:31:T>L,0,0.0030839266
train-clinvar+pg_dms__transformer__seed43,MLH1,P43246:31:T>K,0,0.0042875786
train-clinvar+pg_dms__transformer__seed43,MLH1,P43246:31:T>M,0,0.141912
train-clinvar+pg_dms__transformer__seed43,MLH1,P43246:31:T>H,0,0.0017024614
train-clinvar+pg_dms__transformer__seed43,MLH1,P43246:31:T>G,0,0.001157574
train-clinvar+pg_dms__transformer__seed43,MLH1,P43246:31:T>A,0,0.0022447233
train-clinvar+pg_dms__transformer__seed43,MLH1,P43246:31:T>C,0,0.00088768866
train-clinvar+pg_dms__transformer__seed43,MLH1,P43246:31:T>D,0,0.026860245
train-clinvar+pg_dms__transformer__seed43,MLH1,P43246:31:T>P,0,0.060619816
train-clinvar+pg_dms__transformer__seed43,MLH1,P43246:31:T>S,0,0.03759924
train-clinvar+pg_dms__transformer__seed43,MLH1,P43246:31:T>Y,0,0.004337548
train-clinvar+pg_dms__transformer__seed43,MLH1,P43246:31:T>W,0,0.15750462
train-clinvar+pg_dms__transformer__seed43,MLH1,P43246:31:T>R,0,0.0027180533
train-clinvar+pg_dms__transformer__seed43,MLH1,P43246:31:T>Q,0,0.0031792119
train-clinvar+pg_dms__transformer__seed43,MLH1,P43246:38:D>I,0,0.17713864
train-clinvar+pg_dms__transformer__seed43,MLH1,P43246:38:D>W,0,0.37547332
train-clinvar+pg_dms__transformer__seed43,MLH1,P43246:38:D>V,0,0.04146825
train-clinvar+pg_dms__transformer__seed43,MLH1,P43246:38:D>T,0,0.13022742
train-clinvar+pg_dms__transformer__seed43,MLH1,P43246:38:D>S,0,0.023698842
train-clinvar+pg_dms__transformer__seed43,MLH1,P43246:38:D>R,0,0.07858622
train-clinvar+pg_dms__transformer__seed43,MLH1,P43246:38:D>Q,0,0.019326286
train-clinvar+pg_dms__transformer__seed43,MLH1,P43246:38:D>P,0,0.52017
train-clinvar+pg_dms__transformer__seed43,MLH1,P43246:38:D>K,0,0.07625765
train-clinvar+pg_dms__transformer__seed43,MLH1,P43246:38:D>L,0,0.16540729
train-clinvar+pg_dms__transformer__seed43,MLH1,P43246:38:D>A,0,0.05861152
train-clinvar+pg_dms__transformer__seed43,MLH1,P43246:38:D>E,0,0.047852125
train-clinvar+pg_dms__transformer__seed43,MLH1,P43246:38:D>F,0,0.13541341
train-clinvar+pg_dms__transformer__seed43,MLH1,P43246:38:D>G,0,0.04884444
train-clinvar+pg_dms__transformer__seed43,MLH1,P43246:38:D>H,0,0.060102433
train-clinvar+pg_dms__transformer__seed43,MLH1,P43246:38:D>N,0,0.012205195
train-clinvar+pg_dms__transformer__seed43,MLH1,P43246:40:G>M,0,0.37723887
train-clinvar+pg_dms__transformer__seed43,MLH1,P43246:40:G>C,0,0.007045331
train-clinvar+pg_dms__transformer__seed43,MLH1,P43246:40:G>A,0,0.009122818
train-clinvar+pg_dms__transformer__seed43,MLH1,P43246:40:G>H,0,0.06829571
train-clinvar+pg_dms__transformer__seed43,MLH1,P43246:40:G>I,0,0.048785914
train-clinvar+pg_dms__transformer__seed43,MLH1,P43246:40:G>K,0,0.02580811
train-clinvar+pg_dms__transformer__seed43,MLH1,P43246:40:G>L,0,0.06170534
train-clinvar+pg_dms__transformer__seed43,MLH1,P43246:40:G>N,0,0.0075452956
train-clinvar+pg_dms__transformer__seed43,MLH1,P43246:40:G>W,0,0.44663236
train-clinvar+pg_dms__transformer__seed43,MLH1,P43246:40:G>Q,0,0.014104261
train-clinvar+pg_dms__transformer__seed43,MLH1,P43246:40:G>R,0,0.07845301
train-clinvar+pg_dms__transformer__seed43,MLH1,P43246:40:G>S,0,0.019938592
train-clinvar+pg_dms__transformer__seed43,MLH1,P43246:40:G>T,0,0.026694039
train-clinvar+pg_dms__transformer__seed43,MLH1,P43246:40:G>V,0,0.036345664
train-clinvar+pg_dms__transformer__seed43,MLH1,P43246:40:G>Y,0,0.11183712
train-clinvar+pg_dms__transformer__seed43,MLH1,P43246:40:G>F,0,0.08736557
train-clinvar+pg_dms__transformer__seed43,MLH1,P43246:40:G>P,0,0.44261885
train-clinvar+pg_dms__transformer__seed43,MLH1,P43246:40:G>D,0,0.086396866
train-clinvar+pg_dms__transformer__seed43,MLH1,P43246:42:F>T,0,0.22666174
train-clinvar+pg_dms__transformer__seed43,MLH1,P43246:42:F>S,0,0.36223435
train-clinvar+pg_dms__transformer__seed43,MLH1,P43246:42:F>Q,0,0.15096833
train-clinvar+pg_dms__transformer__seed43,MLH1,P43246:42:F>P,0,0.88758343
train-clinvar+pg_dms__transformer__seed43,MLH1,P43246:42:F>N,0,0.15796009
train-clinvar+pg_dms__transformer__seed43,MLH1,P43246:42:F>K,0,0.33586118
train-clinvar+pg_dms__transformer__seed43,MLH1,P43246:42:F>L,0,0.2965051
train-clinvar+pg_dms__transformer__seed43,MLH1,P43246:42:F>I,0,0.2691198
train-clinvar+pg_dms__transformer__seed43,MLH1,P43246:42:F>H,0,0.15631646
train-clinvar+pg_dms__transformer__seed43,MLH1,P43246:42:F>G,0,0.19498159
train-clinvar+pg_dms__transformer__seed43,MLH1,P43246:42:F>E,0,0.38643405
train-clinvar+pg_dms__transformer__seed43,MLH1,P43246:42:F>C,0,0.076506674
train-clinvar+pg_dms__transformer__seed43,MLH1,P43246:42:F>A,0,0.29267025
train-clinvar+pg_dms__transformer__seed43,MLH1,P43246:42:F>M,0,0.40152028
train-clinvar+pg_dms__transformer__seed43,MLH1,P43246:42:F>D,0,0.5186655
train-clinvar+pg_dms__transformer__seed43,MLH1,P43246:42:F>R,0,0.4016968
train-clinvar+pg_dms__transformer__seed43,MLH1,P43246:42:F>Y,0,0.050180722
train-clinvar+pg_dms__transformer__seed43,MLH1,P43246:42:F>W,0,0.36837023
train-clinvar+pg_dms__transformer__seed43,MLH1,P43246:42:F>V,0,0.08479955
train-clinvar+pg_dms__transformer__seed43,MLH1,P43246:47:G>A,0,0.00999983
train-clinvar+pg_dms__transformer__seed43,MLH1,P43246:47:G>C,0,0.07931694
train-clinvar+pg_dms__transformer__seed43,MLH1,P43246:47:G>R,0,0.54107547
train-clinvar+pg_dms__transformer__seed43,MLH1,P43246:47:G>F,0,0.27577418
train-clinvar+pg_dms__transformer__seed43,MLH1,P43246:47:G>W,0,0.7070113
train-clinvar+pg_dms__transformer__seed43,MLH1,P43246:47:G>V,0,0.41668436
train-clinvar+pg_dms__transformer__seed43,MLH1,P43246:47:G>T,0,0.2522703
train-clinvar+pg_dms__transformer__seed43,MLH1,P43246:47:G>S,0,0.05926409
train-clinvar+pg_dms__transformer__seed43,MLH1,P43246:47:G>E,0,0.13328472
train-clinvar+pg_dms__transformer__seed43,MLH1,P43246:47:G>Q,0,0.03546482
train-clinvar+pg_dms__transformer__seed43,MLH1,P43246:47:G>P,1,0.9479219
train-clinvar+pg_dms__transformer__seed43,MLH1,P43246:47:G>N,0,0.122863084
train-clinvar+pg_dms__transformer__seed43,MLH1,P43246:47:G>M,0,0.6991727
train-clinvar+pg_dms__transformer__seed43,MLH1,P43246:47:G>L,0,0.5807136
train-clinvar+pg_dms__transformer__seed43,MLH1,P43246:47:G>K,0,0.54925984
train-clinvar+pg_dms__transformer__seed43,MLH1,P43246:47:G>I,0,0.86882454
train-clinvar+pg_dms__transformer__seed43,MLH1,P43246:47:G>H,0,0.36711425
train-clinvar+pg_dms__transformer__seed43,MLH1,P43246:47:G>Y,0,0.3613425
train-clinvar+pg_dms__transformer__seed43,MLH1,P43246:48:E>D,0,0.03600704
train-clinvar+pg_dms__transformer__seed43,MLH1,P43246:48:E>F,0,0.04359775
train-clinvar+pg_dms__transformer__seed43,MLH1,P43246:48:E>H,0,0.012034981
train-clinvar+pg_dms__transformer__seed43,MLH1,P43246:48:E>I,0,0.005041337
train-clinvar+pg_dms__transformer__seed43,MLH1,P43246:48:E>K,0,0.004710952
train-clinvar+pg_dms__transformer__seed43,MLH1,P43246:48:E>L,0,0.030556675
train-clinvar+pg_dms__transformer__seed43,MLH1,P43246:48:E>M,0,0.2977093
train-clinvar+pg_dms__transformer__seed43,MLH1,P43246:48:E>Q,0,0.0016721888
train-clinvar+pg_dms__transformer__seed43,MLH1,P43246:48:E>N,0,0.0021659085
train-clinvar+pg_dms__transformer__seed43,MLH1,P43246:48:E>Y,0,0.102347694
train-clinvar+pg_dms__transformer__seed43,MLH1,P43246:48:E>W,0,0.49431393
train-clinvar+pg_dms__transformer__seed43,MLH1,P43246:48:E>V,0,0.0032382908
train-clinvar+pg_dms__transformer__seed43,MLH1,P43246:48:E>T,0,0.0036494127
train-clinvar+pg_dms__transformer__seed43,MLH1,P43246:48:E>S,0,0.0017384174
train-clinvar+pg_dms__transformer__seed43,MLH1,P43246:48:E>R,0,0.009478605
train-clinvar+pg_dms__transformer__seed43,MLH1,P43246:48:E>G,0,0.001254898
train-clinvar+pg_dms__transformer__seed43,MLH1,P43246:48:E>C,0,0.008874898
train-clinvar+pg_dms__transformer__seed43,MLH1,P43246:48:E>P,0,0.038180444
train-clinvar+pg_dms__transformer__seed43,MLH1,P43246:48:E>A,0,0.0014802127
train-clinvar+pg_dms__transformer__seed43,MLH1,P43246:58:F>V,0,0.13162643
train-clinvar+pg_dms__transformer__seed43,MLH1,P43246:58:F>W,0,0.38842964
train-clinvar+pg_dms__transformer__seed43,MLH1,P43246:58:F>A,0,0.25151235
train-clinvar+pg_dms__transformer__seed43,MLH1,P43246:58:F>I,1,0.47817943
train-clinvar+pg_dms__transformer__seed43,MLH1,P43246:58:F>M,1,0.4771284
train-clinvar+pg_dms__transformer__seed43,MLH1,P43246:58:F>P,0,0.8690364
train-clinvar+pg_dms__transformer__seed43,MLH1,P43246:58:F>S,0,0.34183335
train-clinvar+pg_dms__transformer__seed43,MLH1,P43246:58:F>R,0,0.42376393
train-clinvar+pg_dms__transformer__seed43,MLH1,P43246:58:F>H,0,0.25220373
train-clinvar+pg_dms__transformer__seed43,MLH1,P43246:58:F>G,1,0.14251484
train-clinvar+pg_dms__transformer__seed43,MLH1,P43246:58:F>E,0,0.26221755
train-clinvar+pg_dms__transformer__seed43,MLH1,P43246:58:F>T,0,0.33351228
train-clinvar+pg_dms__transformer__seed43,MLH1,P43246:59:K>V,0,0.12922393
train-clinvar+pg_dms__transformer__seed43,MLH1,P43246:59:K>W,0,0.6225669
train-clinvar+pg_dms__transformer__seed43,MLH1,P43246:59:K>T,0,0.14486642
train-clinvar+pg_dms__transformer__seed43,MLH1,P43246:59:K>S,0,0.04350085
train-clinvar+pg_dms__transformer__seed43,MLH1,P43246:59:K>Q,0,0.047524676
train-clinvar+pg_dms__transformer__seed43,MLH1,P43246:59:K>C,0,0.02476778
train-clinvar+pg_dms__transformer__seed43,MLH1,P43246:59:K>N,0,0.39127582
train-clinvar+pg_dms__transformer__seed43,MLH1,P43246:59:K>M,1,0.62344277
train-clinvar+pg_dms__transformer__seed43,MLH1,P43246:59:K>I,0,0.24962969
train-clinvar+pg_dms__transformer__seed43,MLH1,P43246:59:K>H,0,0.017373735
train-clinvar+pg_dms__transformer__seed43,MLH1,P43246:59:K>G,0,0.034659848
train-clinvar+pg_dms__transformer__seed43,MLH1,P43246:59:K>E,0,0.6415111
train-clinvar+pg_dms__transformer__seed43,MLH1,P43246:59:K>D,0,0.24372576
train-clinvar+pg_dms__transformer__seed43,MLH1,P43246:59:K>A,0,0.09599207
train-clinvar+pg_dms__transformer__seed43,MLH1,P43246:59:K>P,1,0.72466946
train-clinvar+pg_dms__transformer__seed43,MLH1,P43246:59:K>L,0,0.119014844
train-clinvar+pg_dms__transformer__seed43,MLH1,P43246:59:K>Y,0,0.20544688
train-clinvar+pg_dms__transformer__seed43,MLH1,P43246:72:A>W,0,0.0766751
train-clinvar+pg_dms__transformer__seed43,MLH1,P43246:72:A>V,0,0.0016140676
train-clinvar+pg_dms__transformer__seed43,MLH1,P43246:72:A>T,0,0.037724875
train-clinvar+pg_dms__transformer__seed43,MLH1,P43246:72:A>S,0,0.006498175
train-clinvar+pg_dms__transformer__seed43,MLH1,P43246:72:A>R,0,0.009770318
train-clinvar+pg_dms__transformer__seed43,MLH1,P43246:72:A>Q,0,0.0031172289
train-clinvar+pg_dms__transformer__seed43,MLH1,P43246:72:A>N,0,0.0033189035
train-clinvar+pg_dms__transformer__seed43,MLH1,P43246:72:A>M,0,0.08007219
train-clinvar+pg_dms__transformer__seed43,MLH1,P43246:72:A>L,0,0.0016533493
train-clinvar+pg_dms__transformer__seed43,MLH1,P43246:72:A>I,0,0.010898605
train-clinvar+pg_dms__transformer__seed43,MLH1,P43246:72:A>H,0,0.008518025
train-clinvar+pg_dms__transformer__seed43,MLH1,P43246:72:A>F,0,0.017090324
train-clinvar+pg_dms__transformer__seed43,MLH1,P43246:72:A>D,0,0.012200257
train-clinvar+pg_dms__transformer__seed43,MLH1,P43246:72:A>C,0,0.0019295793
train-clinvar+pg_dms__transformer__seed43,MLH1,P43246:72:A>P,0,0.040169116
train-clinvar+pg_dms__transformer__seed43,MLH1,P43246:72:A>K,0,0.0074685034
train-clinvar+pg_dms__transformer__seed43,MLH1,P43246:72:A>E,0,0.036082093
train-clinvar+pg_dms__transformer__seed43,MLH1,P43246:72:A>Y,0,0.010542617
train-clinvar+pg_dms__transformer__seed43,MLH1,P43246:75:L>D,0,0.8455233
train-clinvar+pg_dms__transformer__seed43,MLH1,P43246:75:L>E,0,0.6965397
train-clinvar+pg_dms__transformer__seed43,MLH1,P43246:75:L>F,0,0.017250681
train-clinvar+pg_dms__transformer__seed43,MLH1,P43246:75:L>G,0,0.62470126
train-clinvar+pg_dms__transformer__seed43,MLH1,P43246:75:L>H,0,0.14062622
train-clinvar+pg_dms__transformer__seed43,MLH1,P43246:75:L>N,0,0.6190358
train-clinvar+pg_dms__transformer__seed43,MLH1,P43246:75:L>S,0,0.5255446
train-clinvar+pg_dms__transformer__seed43,MLH1,P43246:75:L>Q,0,0.0612074
train-clinvar+pg_dms__transformer__seed43,MLH1,P43246:75:L>R,0,0.21455035
train-clinvar+pg_dms__transformer__seed43,MLH1,P43246:75:L>T,0,0.14797644
train-clinvar+pg_dms__transformer__seed43,MLH1,P43246:75:L>V,0,0.004857415
train-clinvar+pg_dms__transformer__seed43,MLH1,P43246:75:L>W,0,0.29049107
train-clinvar+pg_dms__transformer__seed43,MLH1,P43246:75:L>Y,0,0.18394619
train-clinvar+pg_dms__transformer__seed43,MLH1,P43246:75:L>C,0,0.038230997
train-clinvar+pg_dms__transformer__seed43,MLH1,P43246:75:L>P,0,0.95988625
train-clinvar+pg_dms__transformer__seed43,MLH1,P43246:75:L>A,0,0.044013016
train-clinvar+pg_dms__transformer__seed43,MLH1,P43246:75:L>I,0,0.009569157
train-clinvar+pg_dms__transformer__seed43,MLH1,P43246:78:V>D,1,0.97427034
train-clinvar+pg_dms__transformer__seed43,MLH1,P43246:78:V>E,0,0.95336956
train-clinvar+pg_dms__transformer__seed43,MLH1,P43246:78:V>G,0,0.8867302
train-clinvar+pg_dms__transformer__seed43,MLH1,P43246:78:V>H,0,0.7834192
train-clinvar+pg_dms__transformer__seed43,MLH1,P43246:78:V>I,0,0.025832646
train-clinvar+pg_dms__transformer__seed43,MLH1,P43246:78:V>K,0,0.94681644
train-clinvar+pg_dms__transformer__seed43,MLH1,P43246:78:V>L,0,0.32236522
train-clinvar+pg_dms__transformer__seed43,MLH1,P43246:78:V>N,0,0.85402745
train-clinvar+pg_dms__transformer__seed43,MLH1,P43246:78:V>P,1,0.9887193
train-clinvar+pg_dms__transformer__seed43,MLH1,P43246:78:V>Q,0,0.918231
train-clinvar+pg_dms__transformer__seed43,MLH1,P43246:78:V>S,0,0.8297514
train-clinvar+pg_dms__transformer__seed43,MLH1,P43246:78:V>T,0,0.49718297
train-clinvar+pg_dms__transformer__seed43,MLH1,P43246:78:V>W,0,0.9213328
train-clinvar+pg_dms__transformer__seed43,MLH1,P43246:78:V>Y,1,0.84974533
train-clinvar+pg_dms__transformer__seed43,MLH1,P43246:78:V>C,0,0.25132507
train-clinvar+pg_dms__transformer__seed43,MLH1,P43246:78:V>M,0,0.594064
train-clinvar+pg_dms__transformer__seed43,MLH1,P43246:78:V>R,0,0.97432786
train-clinvar+pg_dms__transformer__seed43,MLH1,P43246:78:V>A,0,0.14116977
train-clinvar+pg_dms__transformer__seed43,MLH1,P43246:79:V>L,0,0.16331698
train-clinvar+pg_dms__transformer__seed43,MLH1,P43246:79:V>Y,0,0.31445903
train-clinvar+pg_dms__transformer__seed43,MLH1,P43246:79:V>W,0,0.67031014
train-clinvar+pg_dms__transformer__seed43,MLH1,P43246:79:V>T,0,0.14679722
train-clinvar+pg_dms__transformer__seed43,MLH1,P43246:79:V>S,0,0.057458304
train-clinvar+pg_dms__transformer__seed43,MLH1,P43246:79:V>R,0,0.79615706
train-clinvar+pg_dms__transformer__seed43,MLH1,P43246:79:V>Q,0,0.32989174
train-clinvar+pg_dms__transformer__seed43,MLH1,P43246:79:V>P,0,0.90761226
train-clinvar+pg_dms__transformer__seed43,MLH1,P43246:79:V>N,0,0.12685853
train-clinvar+pg_dms__transformer__seed43,MLH1,P43246:79:V>K,0,0.6577752
train-clinvar+pg_dms__transformer__seed43,MLH1,P43246:79:V>I,0,0.026616769
train-clinvar+pg_dms__transformer__seed43,MLH1,P43246:79:V>F,0,0.04684528
train-clinvar+pg_dms__transformer__seed43,MLH1,P43246:79:V>E,0,0.6865267
train-clinvar+pg_dms__transformer__seed43,MLH1,P43246:79:V>A,0,0.018844662
train-clinvar+pg_dms__transformer__seed43,MLH1,P43246:81:S>Q,0,0.17297632
train-clinvar+pg_dms__transformer__seed43,MLH1,P43246:81:S>P,0,0.8641271
train-clinvar+pg_dms__transformer__seed43,MLH1,P43246:81:S>N,0,0.23380011
train-clinvar+pg_dms__transformer__seed43,MLH1,P43246:81:S>M,0,0.54445225
train-clinvar+pg_dms__transformer__seed43,MLH1,P43246:81:S>L,0,0.33931774
train-clinvar+pg_dms__transformer__seed43,MLH1,P43246:81:S>K,0,0.24226548
train-clinvar+pg_dms__transformer__seed43,MLH1,P43246:81:S>I,0,0.57187593
train-clinvar+pg_dms__transformer__seed43,MLH1,P43246:81:S>F,0,0.3995927
train-clinvar+pg_dms__transformer__seed43,MLH1,P43246:81:S>G,0,0.06255923
train-clinvar+pg_dms__transformer__seed43,MLH1,P43246:81:S>C,0,0.03328761
train-clinvar+pg_dms__transformer__seed43,MLH1,P43246:81:S>A,0,0.046991166
train-clinvar+pg_dms__transformer__seed43,MLH1,P43246:81:S>T,0,0.3254083
train-clinvar+pg_dms__transformer__seed43,MLH1,P43246:81:S>V,0,0.21510284
train-clinvar+pg_dms__transformer__seed43,MLH1,P43246:81:S>R,0,0.45925125
train-clinvar+pg_dms__transformer__seed43,MLH1,P43246:81:S>H,0,0.22100759
train-clinvar+pg_dms__transformer__seed43,MLH1,P43246:81:S>W,0,0.579922
train-clinvar+pg_dms__transformer__seed43,MLH1,P43246:82:K>C,0,0.008690133
train-clinvar+pg_dms__transformer__seed43,MLH1,P43246:82:K>N,0,0.008519907
train-clinvar+pg_dms__transformer__seed43,MLH1,P43246:82:K>W,0,0.19181013
train-clinvar+pg_dms__transformer__seed43,MLH1,P43246:82:K>A,0,0.009109582
train-clinvar+pg_dms__transformer__seed43,MLH1,P43246:82:K>S,0,0.005519619
train-clinvar+pg_dms__transformer__seed43,MLH1,P43246:82:K>Q,0,0.014109076
train-clinvar+pg_dms__transformer__seed43,MLH1,P43246:82:K>P,0,0.14557365
train-clinvar+pg_dms__transformer__seed43,MLH1,P43246:82:K>T,0,0.07700212
train-clinvar+pg_dms__transformer__seed43,MLH1,P43246:82:K>V,0,0.012261806
train-clinvar+pg_dms__transformer__seed43,MLH1,P43246:82:K>L,0,0.025339937
train-clinvar+pg_dms__transformer__seed43,MLH1,P43246:82:K>I,0,0.020935751
train-clinvar+pg_dms__transformer__seed43,MLH1,P43246:82:K>H,0,0.0063909725
train-clinvar+pg_dms__transformer__seed43,MLH1,P43246:82:K>G,0,0.009626345
train-clinvar+pg_dms__transformer__seed43,MLH1,P43246:82:K>F,0,0.016378772
train-clinvar+pg_dms__transformer__seed43,MLH1,P43246:82:K>E,0,0.21834302
train-clinvar+pg_dms__transformer__seed43,MLH1,P43246:82:K>D,0,0.053573284
train-clinvar+pg_dms__transformer__seed43,MLH1,P43246:82:K>M,1,0.03875653
train-clinvar+pg_dms__transformer__seed43,MLH1,P43246:89:V>A,0,0.035147708
train-clinvar+pg_dms__transformer__seed43,MLH1,P43246:89:V>E,0,0.88257027
train-clinvar+pg_dms__transformer__seed43,MLH1,P43246:89:V>F,0,0.7422629
train-clinvar+pg_dms__transformer__seed43,MLH1,P43246:89:V>G,0,0.13313366
train-clinvar+pg_dms__transformer__seed43,MLH1,P43246:89:V>H,0,0.7795635
train-clinvar+pg_dms__transformer__seed43,MLH1,P43246:89:V>L,0,0.012765886
train-clinvar+pg_dms__transformer__seed43,MLH1,P43246:89:V>M,0,0.075386584
train-clinvar+pg_dms__transformer__seed43,MLH1,P43246:89:V>P,1,0.9789797
train-clinvar+pg_dms__transformer__seed43,MLH1,P43246:89:V>Q,0,0.8974886
train-clinvar+pg_dms__transformer__seed43,MLH1,P43246:89:V>T,0,0.14957018
train-clinvar+pg_dms__transformer__seed43,MLH1,P43246:89:V>S,0,0.21174854
train-clinvar+pg_dms__transformer__seed43,MLH1,P43246:89:V>K,0,0.86019194
train-clinvar+pg_dms__transformer__seed43,MLH1,P43246:89:V>R,0,0.9509872
train-clinvar+pg_dms__transformer__seed43,MLH1,P43246:89:V>Y,0,0.78365237
train-clinvar+pg_dms__transformer__seed43,MLH1,P43246:89:V>W,1,0.7857401
train-clinvar+pg_dms__transformer__seed43,MLH1,P43246:89:V>C,0,0.04125635
train-clinvar+pg_dms__transformer__seed43,MLH1,P43246:92:L>D,0,0.78503895
train-clinvar+pg_dms__transformer__seed43,MLH1,P43246:92:L>C,0,0.012049674
train-clinvar+pg_dms__transformer__seed43,MLH1,P43246:92:L>E,0,0.6806182
train-clinvar+pg_dms__transformer__seed43,MLH1,P43246:92:L>A,0,0.053181257
train-clinvar+pg_dms__transformer__seed43,MLH1,P43246:92:L>W,0,0.71421576
train-clinvar+pg_dms__transformer__seed43,MLH1,P43246:92:L>V,0,0.02269652
train-clinvar+pg_dms__transformer__seed43,MLH1,P43246:92:L>S,0,0.62468046
train-clinvar+pg_dms__transformer__seed43,MLH1,P43246:92:L>R,0,0.8113154
train-clinvar+pg_dms__transformer__seed43,MLH1,P43246:92:L>T,0,0.32499355
train-clinvar+pg_dms__transformer__seed43,MLH1,P43246:92:L>N,0,0.59725004
train-clinvar+pg_dms__transformer__seed43,MLH1,P43246:92:L>M,0,0.09970511
train-clinvar+pg_dms__transformer__seed43,MLH1,P43246:92:L>K,0,0.748692
train-clinvar+pg_dms__transformer__seed43,MLH1,P43246:92:L>H,0,0.4505984
train-clinvar+pg_dms__transformer__seed43,MLH1,P43246:92:L>G,0,0.3370613
train-clinvar+pg_dms__transformer__seed43,MLH1,P43246:92:L>Q,0,0.51105624
train-clinvar+pg_dms__transformer__seed43,MLH1,P43246:93:L>P,0,0.9783205
train-clinvar+pg_dms__transformer__seed43,MLH1,P43246:93:L>W,0,0.7465883
train-clinvar+pg_dms__transformer__seed43,MLH1,P43246:93:L>S,0,0.8740495
train-clinvar+pg_dms__transformer__seed43,MLH1,P43246:93:L>R,1,0.91802806
train-clinvar+pg_dms__transformer__seed43,MLH1,P43246:93:L>N,1,0.8436371
train-clinvar+pg_dms__transformer__seed43,MLH1,P43246:93:L>T,0,0.7208103
train-clinvar+pg_dms__transformer__seed43,MLH1,P43246:93:L>K,1,0.8426439
train-clinvar+pg_dms__transformer__seed43,MLH1,P43246:93:L>I,0,0.074411124
train-clinvar+pg_dms__transformer__seed43,MLH1,P43246:93:L>H,0,0.56997323
train-clinvar+pg_dms__transformer__seed43,MLH1,P43246:93:L>G,0,0.589739
train-clinvar+pg_dms__transformer__seed43,MLH1,P43246:93:L>A,0,0.37659597
train-clinvar+pg_dms__transformer__seed43,MLH1,P43246:93:L>E,0,0.85020477
train-clinvar+pg_dms__transformer__seed43,MLH1,P43246:93:L>C,0,0.14747517
train-clinvar+pg_dms__transformer__seed43,MLH1,P43246:93:L>M,0,0.37990832
train-clinvar+pg_dms__transformer__seed43,MLH1,P43246:94:L>W,0,0.36730927
train-clinvar+pg_dms__transformer__seed43,MLH1,P43246:94:L>V,0,0.035435315
train-clinvar+pg_dms__transformer__seed43,MLH1,P43246:94:L>T,0,0.113939665
train-clinvar+pg_dms__transformer__seed43,MLH1,P43246:94:L>S,0,0.08460286
train-clinvar+pg_dms__transformer__seed43,MLH1,P43246:94:L>R,0,0.06304119
train-clinvar+pg_dms__transformer__seed43,MLH1,P43246:94:L>Q,0,0.05664985
train-clinvar+pg_dms__transformer__seed43,MLH1,P43246:94:L>P,0,0.7570099
train-clinvar+pg_dms__transformer__seed43,MLH1,P43246:94:L>N,0,0.06005356
train-clinvar+pg_dms__transformer__seed43,MLH1,P43246:94:L>K,0,0.08917243
train-clinvar+pg_dms__transformer__seed43,MLH1,P43246:94:L>I,0,0.025033342
train-clinvar+pg_dms__transformer__seed43,MLH1,P43246:94:L>G,0,0.055469897
train-clinvar+pg_dms__transformer__seed43,MLH1,P43246:94:L>F,0,0.029540787
train-clinvar+pg_dms__transformer__seed43,MLH1,P43246:94:L>C,0,0.015083428
train-clinvar+pg_dms__transformer__seed43,MLH1,P43246:94:L>A,0,0.041446857
train-clinvar+pg_dms__transformer__seed43,MLH1,P43246:94:L>M,0,0.054939087
train-clinvar+pg_dms__transformer__seed43,MLH1,P43246:94:L>E,0,0.120047
train-clinvar+pg_dms__transformer__seed43,MLH1,P43246:99:R>Y,0,0.3649878
train-clinvar+pg_dms__transformer__seed43,MLH1,P43246:99:R>W,0,0.5676106
train-clinvar+pg_dms__transformer__seed43,MLH1,P43246:99:R>V,1,0.29752162
train-clinvar+pg_dms__transformer__seed43,MLH1,P43246:99:R>T,1,0.60256547
train-clinvar+pg_dms__transformer__seed43,MLH1,P43246:99:R>Q,0,0.15461418
train-clinvar+pg_dms__transformer__seed43,MLH1,P43246:99:R>P,0,0.9558886
train-clinvar+pg_dms__transformer__seed43,MLH1,P43246:99:R>M,0,0.38543847
train-clinvar+pg_dms__transformer__seed43,MLH1,P43246:99:R>L,0,0.30512297
train-clinvar+pg_dms__transformer__seed43,MLH1,P43246:99:R>K,0,0.15676923
train-clinvar+pg_dms__transformer__seed43,MLH1,P43246:99:R>I,0,0.469296
train-clinvar+pg_dms__transformer__seed43,MLH1,P43246:99:R>G,0,0.34123492
train-clinvar+pg_dms__transformer__seed43,MLH1,P43246:99:R>F,1,0.48574954
train-clinvar+pg_dms__transformer__seed43,MLH1,P43246:99:R>C,0,0.07594494
train-clinvar+pg_dms__transformer__seed43,MLH1,P43246:99:R>A,0,0.64357495
train-clinvar+pg_dms__transformer__seed43,MLH1,P43246:107:A>C,0,0.0024461069
train-clinvar+pg_dms__transformer__seed43,MLH1,P43246:107:A>T,0,0.005201548
train-clinvar+pg_dms__transformer__seed43,MLH1,P43246:107:A>Y,0,0.008066641
train-clinvar+pg_dms__transformer__seed43,MLH1,P43246:107:A>S,0,0.0007910787
train-clinvar+pg_dms__transformer__seed43,MLH1,P43246:107:A>R,0,0.032055173
train-clinvar+pg_dms__transformer__seed43,MLH1,P43246:107:A>Q,0,0.0026335109
train-clinvar+pg_dms__transformer__seed43,MLH1,P43246:107:A>N,0,0.0012960414
train-clinvar+pg_dms__transformer__seed43,MLH1,P43246:107:A>M,0,0.00342904
train-clinvar+pg_dms__transformer__seed43,MLH1,P43246:107:A>P,0,0.1612145
train-clinvar+pg_dms__transformer__seed43,MLH1,P43246:107:A>K,0,0.020839898
train-clinvar+pg_dms__transformer__seed43,MLH1,P43246:107:A>I,0,0.0049429457
train-clinvar+pg_dms__transformer__seed43,MLH1,P43246:107:A>H,0,0.008350892
train-clinvar+pg_dms__transformer__seed43,MLH1,P43246:107:A>G,0,0.0041563427
train-clinvar+pg_dms__transformer__seed43,MLH1,P43246:107:A>E,0,0.03595235
train-clinvar+pg_dms__transformer__seed43,MLH1,P43246:107:A>L,0,0.0013259004
train-clinvar+pg_dms__transformer__seed43,MLH1,P43246:108:G>K,0,0.050840817
train-clinvar+pg_dms__transformer__seed43,MLH1,P43246:108:G>D,0,0.2527447
train-clinvar+pg_dms__transformer__seed43,MLH1,P43246:108:G>F,0,0.10592904
train-clinvar+pg_dms__transformer__seed43,MLH1,P43246:108:G>I,0,0.09276408
train-clinvar+pg_dms__transformer__seed43,MLH1,P43246:108:G>L,0,0.071965985
train-clinvar+pg_dms__transformer__seed43,MLH1,P43246:108:G>S,0,0.011294718
train-clinvar+pg_dms__transformer__seed43,MLH1,P43246:108:G>P,0,0.12250384
train-clinvar+pg_dms__transformer__seed43,MLH1,P43246:108:G>Q,0,0.020753078
train-clinvar+pg_dms__transformer__seed43,MLH1,P43246:108:G>R,0,0.13960473
train-clinvar+pg_dms__transformer__seed43,MLH1,P43246:108:G>T,0,0.05041457
train-clinvar+pg_dms__transformer__seed43,MLH1,P43246:108:G>C,0,0.008568541
train-clinvar+pg_dms__transformer__seed43,MLH1,P43246:108:G>M,0,0.23961635
train-clinvar+pg_dms__transformer__seed43,MLH1,P43246:108:G>A,0,0.016054038
train-clinvar+pg_dms__transformer__seed43,MLH1,P43246:108:G>W,0,0.5341873
train-clinvar+pg_dms__transformer__seed43,MLH1,P43246:108:G>V,0,0.011425057
train-clinvar+pg_dms__transformer__seed43,MLH1,P43246:131:F>Y,0,0.0703156
train-clinvar+pg_dms__transformer__seed43,MLH1,P43246:131:F>W,0,0.39302847
train-clinvar+pg_dms__transformer__seed43,MLH1,P43246:131:F>V,0,0.041167323
train-clinvar+pg_dms__transformer__seed43,MLH1,P43246:131:F>T,0,0.44224232
train-clinvar+pg_dms__transformer__seed43,MLH1,P43246:131:F>S,0,0.28417045
train-clinvar+pg_dms__transformer__seed43,MLH1,P43246:131:F>R,0,0.571293
train-clinvar+pg_dms__transformer__seed43,MLH1,P43246:131:F>N,0,0.18336907
train-clinvar+pg_dms__transformer__seed43,MLH1,P43246:131:F>P,0,0.8521909
train-clinvar+pg_dms__transformer__seed43,MLH1,P43246:131:F>L,0,0.28065363
train-clinvar+pg_dms__transformer__seed43,MLH1,P43246:131:F>K,0,0.47598535
train-clinvar+pg_dms__transformer__seed43,MLH1,P43246:131:F>I,0,0.0317853
train-clinvar+pg_dms__transformer__seed43,MLH1,P43246:131:F>H,0,0.09897524
train-clinvar+pg_dms__transformer__seed43,MLH1,P43246:131:F>G,0,0.23845032
train-clinvar+pg_dms__transformer__seed43,MLH1,P43246:131:F>E,0,0.47461075
train-clinvar+pg_dms__transformer__seed43,MLH1,P43246:131:F>A,0,0.091900654
train-clinvar+pg_dms__transformer__seed43,MLH1,P43246:131:F>M,0,0.3274597
train-clinvar+pg_dms__transformer__seed43,MLH1,P43246:131:F>C,0,0.022751024
train-clinvar+pg_dms__transformer__seed43,MLH1,P43246:134:I>A,0,0.008741433
train-clinvar+pg_dms__transformer__seed43,MLH1,P43246:134:I>C,0,0.015869798
train-clinvar+pg_dms__transformer__seed43,MLH1,P43246:134:I>D,0,0.07666928
train-clinvar+pg_dms__transformer__seed43,MLH1,P43246:134:I>F,0,0.0064796964
train-clinvar+pg_dms__transformer__seed43,MLH1,P43246:134:I>G,0,0.03321408
train-clinvar+pg_dms__transformer__seed43,MLH1,P43246:134:I>Q,0,0.011368733
train-clinvar+pg_dms__transformer__seed43,MLH1,P43246:134:I>N,0,0.00877737
train-clinvar+pg_dms__transformer__seed43,MLH1,P43246:134:I>S,0,0.013082637
train-clinvar+pg_dms__transformer__seed43,MLH1,P43246:134:I>P,0,0.18359843
train-clinvar+pg_dms__transformer__seed43,MLH1,P43246:134:I>W,1,0.4026915
train-clinvar+pg_dms__transformer__seed43,MLH1,P43246:134:I>K,0,0.014374754
train-clinvar+pg_dms__transformer__seed43,MLH1,P43246:134:I>Y,0,0.022469435
train-clinvar+pg_dms__transformer__seed43,MLH1,P43246:134:I>V,0,0.006664011
train-clinvar+pg_dms__transformer__seed43,MLH1,P43246:134:I>H,0,0.03865261
train-clinvar+pg_dms__transformer__seed43,MLH1,P43246:134:I>R,0,0.04329853
train-clinvar+pg_dms__transformer__seed43,MLH1,P43246:134:I>T,0,0.06146251
train-clinvar+pg_dms__transformer__seed43,MLH1,P43246:134:I>L,0,0.016759258
train-clinvar+pg_dms__transformer__seed43,MLH1,P43246:138:N>C,0,0.0022346803
train-clinvar+pg_dms__transformer__seed43,MLH1,P43246:138:N>Y,0,0.00978146
train-clinvar+pg_dms__transformer__seed43,MLH1,P43246:138:N>W,0,0.27713737
train-clinvar+pg_dms__transformer__seed43,MLH1,P43246:138:N>V,0,0.0055054505
train-clinvar+pg_dms__transformer__seed43,MLH1,P43246:138:N>T,0,0.010852681
train-clinvar+pg_dms__transformer__seed43,MLH1,P43246:138:N>S,0,0.009064138
train-clinvar+pg_dms__transformer__seed43,MLH1,P43246:138:N>R,0,0.024913585
train-clinvar+pg_dms__transformer__seed43,MLH1,P43246:138:N>Q,0,0.0045712013
train-clinvar+pg_dms__transformer__seed43,MLH1,P43246:138:N>L,0,0.023052646
train-clinvar+pg_dms__transformer__seed43,MLH1,P43246:138:N>A,0,0.0031820373
train-clinvar+pg_dms__transformer__seed43,MLH1,P43246:138:N>I,0,0.030501772
train-clinvar+pg_dms__transformer__seed43,MLH1,P43246:138:N>H,0,0.003674083
train-clinvar+pg_dms__transformer__seed43,MLH1,P43246:138:N>G,0,0.00355818
train-clinvar+pg_dms__transformer__seed43,MLH1,P43246:138:N>F,0,0.016567467
train-clinvar+pg_dms__transformer__seed43,MLH1,P43246:138:N>E,0,0.02520359
train-clinvar+pg_dms__transformer__seed43,MLH1,P43246:138:N>M,0,0.036634866
train-clinvar+pg_dms__transformer__seed43,MLH1,P43246:138:N>P,0,0.050264087
train-clinvar+pg_dms__transformer__seed43,MLH1,P43246:140:D>C,0,0.009563684
train-clinvar+pg_dms__transformer__seed43,MLH1,P43246:140:D>T,0,0.016111754
train-clinvar+pg_dms__transformer__seed43,MLH1,P43246:140:D>S,0,0.0022570977
train-clinvar+pg_dms__transformer__seed43,MLH1,P43246:140:D>W,0,0.09319388
train-clinvar+pg_dms__transformer__seed43,MLH1,P43246:140:D>R,0,0.02131604
train-clinvar+pg_dms__transformer__seed43,MLH1,P43246:140:D>Q,0,0.0049601807
train-clinvar+pg_dms__transformer__seed43,MLH1,P43246:140:D>N,0,0.0012259872
train-clinvar+pg_dms__transformer__seed43,MLH1,P43246:140:D>M,0,0.026193108
train-clinvar+pg_dms__transformer__seed43,MLH1,P43246:140:D>L,0,0.015794855
train-clinvar+pg_dms__transformer__seed43,MLH1,P43246:140:D>K,0,0.013951505
train-clinvar+pg_dms__transformer__seed43,MLH1,P43246:140:D>I,0,0.016140694
train-clinvar+pg_dms__transformer__seed43,MLH1,P43246:140:D>E,0,0.0052932687
train-clinvar+pg_dms__transformer__seed43,MLH1,P43246:140:D>P,0,0.085615985
train-clinvar+pg_dms__transformer__seed43,MLH1,P43246:140:D>H,0,0.008245989
train-clinvar+pg_dms__transformer__seed43,MLH1,P43246:140:D>F,0,0.035712674
train-clinvar+pg_dms__transformer__seed43,MLH1,P43246:140:D>Y,0,0.081097215
train-clinvar+pg_dms__transformer__seed43,MLH1,P43246:140:D>G,0,0.010261921
train-clinvar+pg_dms__transformer__seed43,MLH1,P43246:146:G>Q,0,0.12632503
train-clinvar+pg_dms__transformer__seed43,MLH1,P43246:146:G>R,0,0.31414753
train-clinvar+pg_dms__transformer__seed43,MLH1,P43246:146:G>Y,0,0.2024442
train-clinvar+pg_dms__transformer__seed43,MLH1,P43246:146:G>S,0,0.015571757
train-clinvar+pg_dms__transformer__seed43,MLH1,P43246:146:G>T,0,0.038471006
train-clinvar+pg_dms__transformer__seed43,MLH1,P43246:146:G>N,0,0.08975116
train-clinvar+pg_dms__transformer__seed43,MLH1,P43246:146:G>M,0,0.063232586
train-clinvar+pg_dms__transformer__seed43,MLH1,P43246:146:G>L,0,0.06020365
train-clinvar+pg_dms__transformer__seed43,MLH1,P43246:146:G>K,0,0.37804514
train-clinvar+pg_dms__transformer__seed43,MLH1,P43246:146:G>I,0,0.030146003
train-clinvar+pg_dms__transformer__seed43,MLH1,P43246:146:G>P,0,0.8205523
train-clinvar+pg_dms__transformer__seed43,MLH1,P43246:146:G>W,0,0.12895744
train-clinvar+pg_dms__transformer__seed43,MLH1,P43246:146:G>V,0,0.017026057
train-clinvar+pg_dms__transformer__seed43,MLH1,P43246:146:G>E,0,0.4723358
train-clinvar+pg_dms__transformer__seed43,MLH1,P43246:146:G>A,0,0.004604445
train-clinvar+pg_dms__transformer__seed43,MLH1,P43246:146:G>C,0,0.0051181098
train-clinvar+pg_dms__transformer__seed43,MLH1,P43246:146:G>D,0,0.4284567
train-clinvar+pg_dms__transformer__seed43,MLH1,P43246:146:G>F,0,0.16626087
train-clinvar+pg_dms__transformer__seed43,MLH1,P43246:146:G>H,0,0.20977993
train-clinvar+pg_dms__transformer__seed43,MLH1,P43246:147:V>I,0,0.02427176
train-clinvar+pg_dms__transformer__seed43,MLH1,P43246:147:V>H,1,0.97375137
train-clinvar+pg_dms__transformer__seed43,MLH1,P43246:147:V>M,1,0.38781545
train-clinvar+pg_dms__transformer__seed43,MLH1,P43246:147:V>F,0,0.78215635
train-clinvar+pg_dms__transformer__seed43,MLH1,P43246:147:V>E,1,0.9973941
train-clinvar+pg_dms__transformer__seed43,MLH1,P43246:147:V>D,1,0.9941246
train-clinvar+pg_dms__transformer__seed43,MLH1,P43246:147:V>C,0,0.87588537
train-clinvar+pg_dms__transformer__seed43,MLH1,P43246:147:V>A,0,0.08417575
train-clinvar+pg_dms__transformer__seed43,MLH1,P43246:147:V>G,0,0.5723066
train-clinvar+pg_dms__transformer__seed43,MLH1,P43246:147:V>W,1,0.9947803
train-clinvar+pg_dms__transformer__seed43,MLH1,P43246:147:V>T,0,0.34376404
train-clinvar+pg_dms__transformer__seed43,MLH1,P43246:147:V>S,0,0.69739795
train-clinvar+pg_dms__transformer__seed43,MLH1,P43246:147:V>R,1,0.9986815
train-clinvar+pg_dms__transformer__seed43,MLH1,P43246:147:V>P,0,0.9977837
train-clinvar+pg_dms__transformer__seed43,MLH1,P43246:147:V>N,0,0.9781085
train-clinvar+pg_dms__transformer__seed43,MLH1,P43246:147:V>K,1,0.99732214
train-clinvar+pg_dms__transformer__seed43,MLH1,P43246:147:V>L,0,0.39105383
train-clinvar+pg_dms__transformer__seed43,MLH1,P43246:149:G>C,1,0.108378775
train-clinvar+pg_dms__transformer__seed43,MLH1,P43246:149:G>W,1,0.9725927
train-clinvar+pg_dms__transformer__seed43,MLH1,P43246:149:G>V,0,0.76041156
train-clinvar+pg_dms__transformer__seed43,MLH1,P43246:149:G>T,0,0.68183887
train-clinvar+pg_dms__transformer__seed43,MLH1,P43246:149:G>S,0,0.061993804
train-clinvar+pg_dms__transformer__seed43,MLH1,P43246:149:G>R,1,0.99216616
train-clinvar+pg_dms__transformer__seed43,MLH1,P43246:149:G>Q,1,0.98617524
train-clinvar+pg_dms__transformer__seed43,MLH1,P43246:149:G>P,1,0.9957562
train-clinvar+pg_dms__transformer__seed43,MLH1,P43246:149:G>N,1,0.98594296
train-clinvar+pg_dms__transformer__seed43,MLH1,P43246:149:G>M,1,0.8371539
train-clinvar+pg_dms__transformer__seed43,MLH1,P43246:149:G>Y,1,0.9958781
train-clinvar+pg_dms__transformer__seed43,MLH1,P43246:149:G>E,1,0.9975574
train-clinvar+pg_dms__transformer__seed43,MLH1,P43246:149:G>L,1,0.98452723
train-clinvar+pg_dms__transformer__seed43,MLH1,P43246:149:G>K,1,0.99499726
train-clinvar+pg_dms__transformer__seed43,MLH1,P43246:149:G>I,1,0.9926938
train-clinvar+pg_dms__transformer__seed43,MLH1,P43246:149:G>H,1,0.9869566
train-clinvar+pg_dms__transformer__seed43,MLH1,P43246:149:G>D,1,0.9806027
train-clinvar+pg_dms__transformer__seed43,MLH1,P43246:158:Q>C,0,0.0075019132
train-clinvar+pg_dms__transformer__seed43,MLH1,P43246:158:Q>A,0,0.012182174
train-clinvar+pg_dms__transformer__seed43,MLH1,P43246:158:Q>H,0,0.0116936
train-clinvar+pg_dms__transformer__seed43,MLH1,P43246:158:Q>W,0,0.27709392
train-clinvar+pg_dms__transformer__seed43,MLH1,P43246:158:Q>D,0,0.027697872
train-clinvar+pg_dms__transformer__seed43,MLH1,P43246:158:Q>I,0,0.010472629
train-clinvar+pg_dms__transformer__seed43,MLH1,P43246:158:Q>Y,0,0.023787053
train-clinvar+pg_dms__transformer__seed43,MLH1,P43246:158:Q>K,0,0.0025455225
train-clinvar+pg_dms__transformer__seed43,MLH1,P43246:158:Q>P,0,0.1462494
train-clinvar+pg_dms__transformer__seed43,MLH1,P43246:158:Q>E,0,0.030322393
train-clinvar+pg_dms__transformer__seed43,MLH1,P43246:158:Q>F,0,0.021340465
train-clinvar+pg_dms__transformer__seed43,MLH1,P43246:158:Q>G,0,0.006621716
train-clinvar+pg_dms__transformer__seed43,MLH1,P43246:158:Q>L,0,0.0034424441
train-clinvar+pg_dms__transformer__seed43,MLH1,P43246:158:Q>M,0,0.2983818
train-clinvar+pg_dms__transformer__seed43,MLH1,P43246:158:Q>S,0,0.004720896
train-clinvar+pg_dms__transformer__seed43,MLH1,P43246:158:Q>T,0,0.01870875
train-clinvar+pg_dms__transformer__seed43,MLH1,P43246:158:Q>V,0,0.0027985014
train-clinvar+pg_dms__transformer__seed43,MLH1,P43246:168:S>Y,1,0.0048592594
train-clinvar+pg_dms__transformer__seed43,MLH1,P43246:168:S>M,0,0.10564217
train-clinvar+pg_dms__transformer__seed43,MLH1,P43246:168:S>G,0,0.001924692
train-clinvar+pg_dms__transformer__seed43,MLH1,P43246:168:S>L,0,0.0037621493
train-clinvar+pg_dms__transformer__seed43,MLH1,P43246:168:S>Q,0,0.011102301
train-clinvar+pg_dms__transformer__seed43,MLH1,P43246:168:S>H,0,0.015179673
train-clinvar+pg_dms__transformer__seed43,MLH1,P43246:168:S>I,0,0.0030517175
train-clinvar+pg_dms__transformer__seed43,MLH1,P43246:168:S>R,0,0.13459775
train-clinvar+pg_dms__transformer__seed43,MLH1,P43246:168:S>K,0,0.13879442
train-clinvar+pg_dms__transformer__seed43,MLH1,P43246:168:S>N,0,0.0014790031
train-clinvar+pg_dms__transformer__seed43,MLH1,P43246:168:S>P,0,0.021757755
train-clinvar+pg_dms__transformer__seed43,MLH1,P43246:168:S>F,0,0.022753466
train-clinvar+pg_dms__transformer__seed43,MLH1,P43246:168:S>E,0,0.10989408
train-clinvar+pg_dms__transformer__seed43,MLH1,P43246:168:S>A,0,0.005362238
train-clinvar+pg_dms__transformer__seed43,MLH1,P43246:168:S>T,0,0.004309979
train-clinvar+pg_dms__transformer__seed43,MLH1,P43246:168:S>C,0,0.00082226604
train-clinvar+pg_dms__transformer__seed43,MLH1,P43246:168:S>D,0,0.04472683
train-clinvar+pg_dms__transformer__seed43,MLH1,P43246:168:S>V,0,0.0017410639
train-clinvar+pg_dms__transformer__seed43,MLH1,P43246:168:S>W,0,0.17718962
train-clinvar+pg_dms__transformer__seed43,MLH1,P43246:181:N>Q,0,0.05746178
train-clinvar+pg_dms__transformer__seed43,MLH1,P43246:181:N>M,0,0.43947184
train-clinvar+pg_dms__transformer__seed43,MLH1,P43246:181:N>L,0,0.06399293
train-clinvar+pg_dms__transformer__seed43,MLH1,P43246:181:N>A,0,0.033490844
train-clinvar+pg_dms__transformer__seed43,MLH1,P43246:181:N>C,0,0.0057682917
train-clinvar+pg_dms__transformer__seed43,MLH1,P43246:181:N>D,0,0.054813616
train-clinvar+pg_dms__transformer__seed43,MLH1,P43246:181:N>I,0,0.041639004
train-clinvar+pg_dms__transformer__seed43,MLH1,P43246:181:N>E,0,0.4444354
train-clinvar+pg_dms__transformer__seed43,MLH1,P43246:181:N>F,0,0.06490047
train-clinvar+pg_dms__transformer__seed43,MLH1,P43246:181:N>R,0,0.09718767
train-clinvar+pg_dms__transformer__seed43,MLH1,P43246:181:N>S,0,0.0028378668
train-clinvar+pg_dms__transformer__seed43,MLH1,P43246:181:N>T,0,0.008292633
train-clinvar+pg_dms__transformer__seed43,MLH1,P43246:181:N>V,0,0.014465543
train-clinvar+pg_dms__transformer__seed43,MLH1,P43246:181:N>W,0,0.5686922
train-clinvar+pg_dms__transformer__seed43,MLH1,P43246:181:N>Y,0,0.02918991
train-clinvar+pg_dms__transformer__seed43,MLH1,P43246:181:N>G,0,0.003656584
train-clinvar+pg_dms__transformer__seed43,MLH1,P43246:181:N>P,0,0.89360845
train-clinvar+pg_dms__transformer__seed43,MLH1,P43246:183:Q>R,0,0.025430534
train-clinvar+pg_dms__transformer__seed43,MLH1,P43246:183:Q>W,0,0.309938
train-clinvar+pg_dms__transformer__seed43,MLH1,P43246:183:Q>V,0,0.001354301
train-clinvar+pg_dms__transformer__seed43,MLH1,P43246:183:Q>T,0,0.02398664
train-clinvar+pg_dms__transformer__seed43,MLH1,P43246:183:Q>S,0,0.0015388202
train-clinvar+pg_dms__transformer__seed43,MLH1,P43246:183:Q>P,0,0.10731289
train-clinvar+pg_dms__transformer__seed43,MLH1,P43246:183:Q>A,0,0.0024256802
train-clinvar+pg_dms__transformer__seed43,MLH1,P43246:183:Q>M,0,0.08328708
train-clinvar+pg_dms__transformer__seed43,MLH1,P43246:183:Q>N,0,0.0024608125
train-clinvar+pg_dms__transformer__seed43,MLH1,P43246:183:Q>Y,0,0.008291006
train-clinvar+pg_dms__transformer__seed43,MLH1,P43246:183:Q>D,0,0.047663204
train-clinvar+pg_dms__transformer__seed43,MLH1,P43246:183:Q>E,0,0.03323067
train-clinvar+pg_dms__transformer__seed43,MLH1,P43246:183:Q>F,0,0.013923333
train-clinvar+pg_dms__transformer__seed43,MLH1,P43246:183:Q>C,0,0.0072492
train-clinvar+pg_dms__transformer__seed43,MLH1,P43246:183:Q>H,0,0.005210547
train-clinvar+pg_dms__transformer__seed43,MLH1,P43246:183:Q>I,0,0.009035078
train-clinvar+pg_dms__transformer__seed43,MLH1,P43246:183:Q>K,0,0.03475256
train-clinvar+pg_dms__transformer__seed43,MLH1,P43246:183:Q>L,0,0.0029250598
train-clinvar+pg_dms__transformer__seed43,MLH1,P43246:183:Q>G,0,0.0013559671
train-clinvar+pg_dms__transformer__seed43,MLH1,P43246:187:L>K,1,0.5931764
train-clinvar+pg_dms__transformer__seed43,MLH1,P43246:187:L>M,0,0.012066341
train-clinvar+pg_dms__transformer__seed43,MLH1,P43246:187:L>N,1,0.5115213
train-clinvar+pg_dms__transformer__seed43,MLH1,P43246:187:L>A,0,0.013071954
train-clinvar+pg_dms__transformer__seed43,MLH1,P43246:187:L>Q,1,0.29530022
train-clinvar+pg_dms__transformer__seed43,MLH1,P43246:187:L>S,0,0.23966734
train-clinvar+pg_dms__transformer__seed43,MLH1,P43246:187:L>T,0,0.028164295
train-clinvar+pg_dms__transformer__seed43,MLH1,P43246:187:L>V,0,0.03530667
train-clinvar+pg_dms__transformer__seed43,MLH1,P43246:187:L>W,0,0.2905223
train-clinvar+pg_dms__transformer__seed43,MLH1,P43246:187:L>G,1,0.18733576
train-clinvar+pg_dms__transformer__seed43,MLH1,P43246:187:L>E,1,0.6271143
train-clinvar+pg_dms__transformer__seed43,MLH1,P43246:187:L>D,1,0.7969989
train-clinvar+pg_dms__transformer__seed43,MLH1,P43246:187:L>C,0,0.0154536115
train-clinvar+pg_dms__transformer__seed43,MLH1,P43246:187:L>H,1,0.21514234
train-clinvar+pg_dms__transformer__seed43,MLH1,P43246:190:L>W,1,0.16377808
train-clinvar+pg_dms__transformer__seed43,MLH1,P43246:190:L>M,0,0.14461517
train-clinvar+pg_dms__transformer__seed43,MLH1,P43246:190:L>H,0,0.08221168
train-clinvar+pg_dms__transformer__seed43,MLH1,P43246:190:L>P,1,0.9512564
train-clinvar+pg_dms__transformer__seed43,MLH1,P43246:190:L>Q,1,0.11229739
train-clinvar+pg_dms__transformer__seed43,MLH1,P43246:190:L>R,0,0.4542639
train-clinvar+pg_dms__transformer__seed43,MLH1,P43246:190:L>S,0,0.108489595
train-clinvar+pg_dms__transformer__seed43,MLH1,P43246:190:L>T,0,0.09869228
train-clinvar+pg_dms__transformer__seed43,MLH1,P43246:190:L>V,0,0.02238003
train-clinvar+pg_dms__transformer__seed43,MLH1,P43246:190:L>G,0,0.19987002
train-clinvar+pg_dms__transformer__seed43,MLH1,P43246:190:L>E,1,0.629722
train-clinvar+pg_dms__transformer__seed43,MLH1,P43246:190:L>I,0,0.013258627
train-clinvar+pg_dms__transformer__seed43,MLH1,P43246:190:L>K,0,0.5248999
train-clinvar+pg_dms__transformer__seed43,MLH1,P43246:190:L>A,0,0.01669497
train-clinvar+pg_dms__transformer__seed43,MLH1,P43246:190:L>C,0,0.011703765
train-clinvar+pg_dms__transformer__seed43,MLH1,P43246:190:L>D,1,0.7698192
train-clinvar+pg_dms__transformer__seed43,MLH1,P43246:191:L>T,0,0.22570553
train-clinvar+pg_dms__transformer__seed43,MLH1,P43246:191:L>S,0,0.38082218
train-clinvar+pg_dms__transformer__seed43,MLH1,P43246:191:L>W,1,0.32290623
train-clinvar+pg_dms__transformer__seed43,MLH1,P43246:191:L>Y,1,0.2219473
train-clinvar+pg_dms__transformer__seed43,MLH1,P43246:191:L>R,1,0.9033387
train-clinvar+pg_dms__transformer__seed43,MLH1,P43246:191:L>Q,0,0.34518355
train-clinvar+pg_dms__transformer__seed43,MLH1,P43246:191:L>E,1,0.89225066
train-clinvar+pg_dms__transformer__seed43,MLH1,P43246:191:L>F,0,0.005630943
train-clinvar+pg_dms__transformer__seed43,MLH1,P43246:191:L>G,1,0.55423373
train-clinvar+pg_dms__transformer__seed43,MLH1,P43246:191:L>H,1,0.41001165
train-clinvar+pg_dms__transformer__seed43,MLH1,P43246:191:L>I,0,0.012293552
train-clinvar+pg_dms__transformer__seed43,MLH1,P43246:191:L>M,1,0.05380251
train-clinvar+pg_dms__transformer__seed43,MLH1,P43246:191:L>K,1,0.7464432
train-clinvar+pg_dms__transformer__seed43,MLH1,P43246:191:L>D,1,0.9188996
train-clinvar+pg_dms__transformer__seed43,MLH1,P43246:191:L>A,0,0.052332215
train-clinvar+pg_dms__transformer__seed43,MLH1,P43246:195:G>C,0,0.008739236
train-clinvar+pg_dms__transformer__seed43,MLH1,P43246:195:G>A,0,0.01324906
train-clinvar+pg_dms__transformer__seed43,MLH1,P43246:195:G>D,0,0.46454847
train-clinvar+pg_dms__transformer__seed43,MLH1,P43246:195:G>E,0,0.12810992
train-clinvar+pg_dms__transformer__seed43,MLH1,P43246:195:G>F,0,0.4117943
train-clinvar+pg_dms__transformer__seed43,MLH1,P43246:195:G>H,0,0.24956594
train-clinvar+pg_dms__transformer__seed43,MLH1,P43246:195:G>I,1,0.41937822
train-clinvar+pg_dms__transformer__seed43,MLH1,P43246:195:G>K,0,0.8307199
train-clinvar+pg_dms__transformer__seed43,MLH1,P43246:195:G>L,0,0.18727824
train-clinvar+pg_dms__transformer__seed43,MLH1,P43246:195:G>N,0,0.09493977
train-clinvar+pg_dms__transformer__seed43,MLH1,P43246:195:G>P,1,0.97972566
train-clinvar+pg_dms__transformer__seed43,MLH1,P43246:195:G>M,0,0.41740772
train-clinvar+pg_dms__transformer__seed43,MLH1,P43246:195:G>R,0,0.36138764
train-clinvar+pg_dms__transformer__seed43,MLH1,P43246:195:G>S,0,0.017015193
train-clinvar+pg_dms__transformer__seed43,MLH1,P43246:195:G>T,0,0.059976947
train-clinvar+pg_dms__transformer__seed43,MLH1,P43246:195:G>V,0,0.041543797
train-clinvar+pg_dms__transformer__seed43,MLH1,P43246:195:G>W,0,0.33705914
train-clinvar+pg_dms__transformer__seed43,MLH1,P43246:195:G>Y,0,0.4506678
train-clinvar+pg_dms__transformer__seed43,MLH1,P43246:195:G>Q,0,0.059372727
train-clinvar+pg_dms__transformer__seed43,MLH1,P43246:199:C>W,1,0.8892245
train-clinvar+pg_dms__transformer__seed43,MLH1,P43246:199:C>L,0,0.097518295
train-clinvar+pg_dms__transformer__seed43,MLH1,P43246:199:C>V,0,0.036766462
train-clinvar+pg_dms__transformer__seed43,MLH1,P43246:199:C>S,0,0.7386233
train-clinvar+pg_dms__transformer__seed43,MLH1,P43246:199:C>T,0,0.653979
train-clinvar+pg_dms__transformer__seed43,MLH1,P43246:199:C>N,1,0.7241282
train-clinvar+pg_dms__transformer__seed43,MLH1,P43246:199:C>P,1,0.98251086
train-clinvar+pg_dms__transformer__seed43,MLH1,P43246:199:C>Q,1,0.84677815
train-clinvar+pg_dms__transformer__seed43,MLH1,P43246:199:C>A,0,0.06672488
train-clinvar+pg_dms__transformer__seed43,MLH1,P43246:199:C>D,1,0.9705706
train-clinvar+pg_dms__transformer__seed43,MLH1,P43246:199:C>M,0,0.6173765
train-clinvar+pg_dms__transformer__seed43,MLH1,P43246:199:C>G,0,0.12027536
train-clinvar+pg_dms__transformer__seed43,MLH1,P43246:199:C>H,1,0.86879164
train-clinvar+pg_dms__transformer__seed43,MLH1,P43246:199:C>I,0,0.13396429
train-clinvar+pg_dms__transformer__seed43,MLH1,P43246:199:C>K,1,0.97137713
train-clinvar+pg_dms__transformer__seed43,MLH1,P43246:199:C>E,1,0.9608013
train-clinvar+pg_dms__transformer__seed43,MLH1,P43246:210:M>N,0,0.025507037
train-clinvar+pg_dms__transformer__seed43,MLH1,P43246:210:M>W,0,0.6162387
train-clinvar+pg_dms__transformer__seed43,MLH1,P43246:210:M>A,0,0.03227118
train-clinvar+pg_dms__transformer__seed43,MLH1,P43246:210:M>C,0,0.049737968
train-clinvar+pg_dms__transformer__seed43,MLH1,P43246:210:M>D,0,0.20667458
train-clinvar+pg_dms__transformer__seed43,MLH1,P43246:210:M>E,0,0.10953655
train-clinvar+pg_dms__transformer__seed43,MLH1,P43246:210:M>F,0,0.0683121
train-clinvar+pg_dms__transformer__seed43,MLH1,P43246:210:M>G,0,0.040657267
train-clinvar+pg_dms__transformer__seed43,MLH1,P43246:210:M>Y,0,0.04758823
train-clinvar+pg_dms__transformer__seed43,MLH1,P43246:210:M>K,0,0.074246064
train-clinvar+pg_dms__transformer__seed43,MLH1,P43246:210:M>P,0,0.18024132
train-clinvar+pg_dms__transformer__seed43,MLH1,P43246:210:M>Q,0,0.04518997
train-clinvar+pg_dms__transformer__seed43,MLH1,P43246:210:M>R,0,0.115401566
train-clinvar+pg_dms__transformer__seed43,MLH1,P43246:210:M>S,0,0.054632585
train-clinvar+pg_dms__transformer__seed43,MLH1,P43246:210:M>T,0,0.034739424
train-clinvar+pg_dms__transformer__seed43,MLH1,P43246:210:M>V,0,0.04814193
train-clinvar+pg_dms__transformer__seed43,MLH1,P43246:210:M>L,0,0.03323425
train-clinvar+pg_dms__transformer__seed43,MLH1,P43246:210:M>H,0,0.07441081
train-clinvar+pg_dms__transformer__seed43,MLH1,P43246:217:I>A,0,0.018417206
train-clinvar+pg_dms__transformer__seed43,MLH1,P43246:217:I>G,0,0.26511636
train-clinvar+pg_dms__transformer__seed43,MLH1,P43246:217:I>D,1,0.8355277
train-clinvar+pg_dms__transformer__seed43,MLH1,P43246:217:I>C,0,0.019867605
train-clinvar+pg_dms__transformer__seed43,MLH1,P43246:217:I>L,0,0.0030984313
train-clinvar+pg_dms__transformer__seed43,MLH1,P43246:217:I>M,0,0.120646454
train-clinvar+pg_dms__transformer__seed43,MLH1,P43246:217:I>N,0,0.19817735
train-clinvar+pg_dms__transformer__seed43,MLH1,P43246:217:I>P,0,0.8459209
train-clinvar+pg_dms__transformer__seed43,MLH1,P43246:217:I>R,1,0.6062225
train-clinvar+pg_dms__transformer__seed43,MLH1,P43246:217:I>K,1,0.62931985
train-clinvar+pg_dms__transformer__seed43,MLH1,P43246:217:I>T,0,0.10179373
train-clinvar+pg_dms__transformer__seed43,MLH1,P43246:217:I>V,0,0.008409474
train-clinvar+pg_dms__transformer__seed43,MLH1,P43246:217:I>W,0,0.3464416
train-clinvar+pg_dms__transformer__seed43,MLH1,P43246:217:I>H,0,0.32788962
train-clinvar+pg_dms__transformer__seed43,MLH1,P43246:217:I>F,0,0.0069476496
train-clinvar+pg_dms__transformer__seed43,MLH1,P43246:217:I>E,1,0.56543267
train-clinvar+pg_dms__transformer__seed43,MLH1,P43246:217:I>S,0,0.08445625
train-clinvar+pg_dms__transformer__seed43,MLH1,P43246:220:G>W,0,0.31904063
train-clinvar+pg_dms__transformer__seed43,MLH1,P43246:220:G>V,1,0.012147107
train-clinvar+pg_dms__transformer__seed43,MLH1,P43246:220:G>T,0,0.0053423084
train-clinvar+pg_dms__transformer__seed43,MLH1,P43246:220:G>S,0,0.002970582
train-clinvar+pg_dms__transformer__seed43,MLH1,P43246:220:G>Q,0,0.018420404
train-clinvar+pg_dms__transformer__seed43,MLH1,P43246:220:G>P,0,0.30154908
train-clinvar+pg_dms__transformer__seed43,MLH1,P43246:220:G>L,0,0.09999755
train-clinvar+pg_dms__transformer__seed43,MLH1,P43246:220:G>M,0,0.40863818
train-clinvar+pg_dms__transformer__seed43,MLH1,P43246:220:G>K,0,0.029456388
train-clinvar+pg_dms__transformer__seed43,MLH1,P43246:220:G>I,0,0.03883698
train-clinvar+pg_dms__transformer__seed43,MLH1,P43246:220:G>H,0,0.04156695
train-clinvar+pg_dms__transformer__seed43,MLH1,P43246:220:G>C,0,0.0043143705
train-clinvar+pg_dms__transformer__seed43,MLH1,P43246:220:G>A,0,0.004983875
train-clinvar+pg_dms__transformer__seed43,MLH1,P43246:220:G>N,0,0.0031453753
train-clinvar+pg_dms__transformer__seed43,MLH1,P43246:220:G>Y,0,0.13707453
train-clinvar+pg_dms__transformer__seed43,MLH1,P43246:220:G>F,0,0.068958506
train-clinvar+pg_dms__transformer__seed43,MLH1,P43246:227:R>N,0,0.19893417
train-clinvar+pg_dms__transformer__seed43,MLH1,P43246:227:R>T,0,0.11066736
train-clinvar+pg_dms__transformer__seed43,MLH1,P43246:227:R>V,0,0.07535558
train-clinvar+pg_dms__transformer__seed43,MLH1,P43246:227:R>W,0,0.5271411
train-clinvar+pg_dms__transformer__seed43,MLH1,P43246:227:R>Y,0,0.097029544
train-clinvar+pg_dms__transformer__seed43,MLH1,P43246:227:R>M,0,0.4935869
train-clinvar+pg_dms__transformer__seed43,MLH1,P43246:227:R>L,0,0.06587597
train-clinvar+pg_dms__transformer__seed43,MLH1,P43246:227:R>Q,0,0.006200499
train-clinvar+pg_dms__transformer__seed43,MLH1,P43246:227:R>K,0,0.009692622
train-clinvar+pg_dms__transformer__seed43,MLH1,P43246:227:R>H,0,0.10156255
train-clinvar+pg_dms__transformer__seed43,MLH1,P43246:227:R>G,0,0.11009405
train-clinvar+pg_dms__transformer__seed43,MLH1,P43246:227:R>F,0,0.36022955
train-clinvar+pg_dms__transformer__seed43,MLH1,P43246:227:R>E,0,0.31249014
train-clinvar+pg_dms__transformer__seed43,MLH1,P43246:227:R>C,0,0.008057504
train-clinvar+pg_dms__transformer__seed43,MLH1,P43246:227:R>A,0,0.11956743
train-clinvar+pg_dms__transformer__seed43,MLH1,P43246:227:R>I,0,0.1286509
train-clinvar+pg_dms__transformer__seed43,MLH1,P43246:227:R>P,0,0.962519
train-clinvar+pg_dms__transformer__seed43,MLH1,P43246:231:D>L,0,0.022716053
train-clinvar+pg_dms__transformer__seed43,MLH1,P43246:231:D>V,0,0.012656354
train-clinvar+pg_dms__transformer__seed43,MLH1,P43246:231:D>W,0,0.42942193
train-clinvar+pg_dms__transformer__seed43,MLH1,P43246:231:D>T,0,0.026985683
train-clinvar+pg_dms__transformer__seed43,MLH1,P43246:231:D>I,0,0.043154508
train-clinvar+pg_dms__transformer__seed43,MLH1,P43246:231:D>H,0,0.10354846
train-clinvar+pg_dms__transformer__seed43,MLH1,P43246:231:D>G,0,0.039027918
train-clinvar+pg_dms__transformer__seed43,MLH1,P43246:231:D>S,0,0.0126052825
train-clinvar+pg_dms__transformer__seed43,MLH1,P43246:231:D>R,0,0.18188092
train-clinvar+pg_dms__transformer__seed43,MLH1,P43246:231:D>P,0,0.8618161
train-clinvar+pg_dms__transformer__seed43,MLH1,P43246:231:D>Q,0,0.04034325
train-clinvar+pg_dms__transformer__seed43,MLH1,P43246:231:D>M,0,0.3671835
train-clinvar+pg_dms__transformer__seed43,MLH1,P43246:231:D>A,0,0.009315621
train-clinvar+pg_dms__transformer__seed43,MLH1,P43246:231:D>C,0,0.011439052
train-clinvar+pg_dms__transformer__seed43,MLH1,P43246:231:D>E,0,0.002484508
train-clinvar+pg_dms__transformer__seed43,MLH1,P43246:231:D>K,0,0.17548493
train-clinvar+pg_dms__transformer__seed43,MLH1,P43246:231:D>F,0,0.04318699
train-clinvar+pg_dms__transformer__seed43,MLH1,P43246:231:D>N,0,0.013006751
train-clinvar+pg_dms__transformer__seed43,MLH1,P43246:236:D>A,0,0.009464325
train-clinvar+pg_dms__transformer__seed43,MLH1,P43246:236:D>F,0,0.012957172
train-clinvar+pg_dms__transformer__seed43,MLH1,P43246:236:D>G,0,0.023262497
train-clinvar+pg_dms__transformer__seed43,MLH1,P43246:236:D>N,0,0.00168761
train-clinvar+pg_dms__transformer__seed43,MLH1,P43246:236:D>M,0,0.33493575
train-clinvar+pg_dms__transformer__seed43,MLH1,P43246:236:D>L,0,0.012021178
train-clinvar+pg_dms__transformer__seed43,MLH1,P43246:236:D>C,0,0.005107055
train-clinvar+pg_dms__transformer__seed43,MLH1,P43246:236:D>I,0,0.01434702
train-clinvar+pg_dms__transformer__seed43,MLH1,P43246:236:D>Q,0,0.017334657
train-clinvar+pg_dms__transformer__seed43,MLH1,P43246:236:D>K,0,0.029990291
train-clinvar+pg_dms__transformer__seed43,MLH1,P43246:236:D>R,0,0.034417003
train-clinvar+pg_dms__transformer__seed43,MLH1,P43246:236:D>S,0,0.006673134
train-clinvar+pg_dms__transformer__seed43,MLH1,P43246:236:D>P,0,0.41018677
train-clinvar+pg_dms__transformer__seed43,MLH1,P43246:236:D>V,0,0.007924172
train-clinvar+pg_dms__transformer__seed43,MLH1,P43246:236:D>W,0,0.41725698
train-clinvar+pg_dms__transformer__seed43,MLH1,P43246:236:D>Y,0,0.03600331
train-clinvar+pg_dms__transformer__seed43,MLH1,P43246:236:D>T,0,0.023762623
train-clinvar+pg_dms__transformer__seed43,MLH1,P43246:245:L>I,0,0.031504676
train-clinvar+pg_dms__transformer__seed43,MLH1,P43246:245:L>A,0,0.3375391
train-clinvar+pg_dms__transformer__seed43,MLH1,P43246:245:L>C,0,0.10918306
train-clinvar+pg_dms__transformer__seed43,MLH1,P43246:245:L>D,1,0.9663462
train-clinvar+pg_dms__transformer__seed43,MLH1,P43246:245:L>E,0,0.97500664
train-clinvar+pg_dms__transformer__seed43,MLH1,P43246:245:L>Y,0,0.6033722
train-clinvar+pg_dms__transformer__seed43,MLH1,P43246:245:L>V,0,0.0046240506
train-clinvar+pg_dms__transformer__seed43,MLH1,P43246:245:L>T,0,0.38634035
train-clinvar+pg_dms__transformer__seed43,MLH1,P43246:245:L>S,0,0.94342023
train-clinvar+pg_dms__transformer__seed43,MLH1,P43246:245:L>R,0,0.84982044
train-clinvar+pg_dms__transformer__seed43,MLH1,P43246:245:L>P,1,0.9934604
train-clinvar+pg_dms__transformer__seed43,MLH1,P43246:245:L>N,0,0.9473565
train-clinvar+pg_dms__transformer__seed43,MLH1,P43246:245:L>M,0,0.056931414
train-clinvar+pg_dms__transformer__seed43,MLH1,P43246:245:L>G,0,0.97399706
train-clinvar+pg_dms__transformer__seed43,MLH1,P43246:245:L>H,0,0.53868175
train-clinvar+pg_dms__transformer__seed43,MLH1,P43246:245:L>K,0,0.9514227
train-clinvar+pg_dms__transformer__seed43,MLH1,P43246:245:L>Q,0,0.616516
train-clinvar+pg_dms__transformer__seed43,MLH1,P43246:262:E>N,0,0.0008968649
train-clinvar+pg_dms__transformer__seed43,MLH1,P43246:262:E>A,0,0.00067286176
train-clinvar+pg_dms__transformer__seed43,MLH1,P43246:262:E>C,0,0.0031740116
train-clinvar+pg_dms__transformer__seed43,MLH1,P43246:262:E>D,0,0.012588712
train-clinvar+pg_dms__transformer__seed43,MLH1,P43246:262:E>F,0,0.0035529244
train-clinvar+pg_dms__transformer__seed43,MLH1,P43246:262:E>H,0,0.0024940702
train-clinvar+pg_dms__transformer__seed43,MLH1,P43246:262:E>I,0,0.0037755424
train-clinvar+pg_dms__transformer__seed43,MLH1,P43246:262:E>G,0,0.0012565204
train-clinvar+pg_dms__transformer__seed43,MLH1,P43246:262:E>M,0,0.030329585
train-clinvar+pg_dms__transformer__seed43,MLH1,P43246:262:E>Y,0,0.013787051
train-clinvar+pg_dms__transformer__seed43,MLH1,P43246:262:E>W,0,0.16536543
train-clinvar+pg_dms__transformer__seed43,MLH1,P43246:262:E>T,0,0.0032021853
train-clinvar+pg_dms__transformer__seed43,MLH1,P43246:262:E>S,0,0.00063942454
train-clinvar+pg_dms__transformer__seed43,MLH1,P43246:262:E>R,0,0.0034026774
train-clinvar+pg_dms__transformer__seed43,MLH1,P43246:262:E>Q,0,0.0035155837
train-clinvar+pg_dms__transformer__seed43,MLH1,P43246:262:E>L,0,0.0049069743
train-clinvar+pg_dms__transformer__seed43,MLH1,P43246:262:E>P,0,0.051738266
train-clinvar+pg_dms__transformer__seed43,MLH1,P43246:264:Q>V,0,0.003664046
train-clinvar+pg_dms__transformer__seed43,MLH1,P43246:264:Q>T,0,0.008362055
train-clinvar+pg_dms__transformer__seed43,MLH1,P43246:264:Q>S,0,0.0021184585
train-clinvar+pg_dms__transformer__seed43,MLH1,P43246:264:Q>R,0,0.029825302
train-clinvar+pg_dms__transformer__seed43,MLH1,P43246:264:Q>N,0,0.0025350426
train-clinvar+pg_dms__transformer__seed43,MLH1,P43246:264:Q>M,0,0.023201149
train-clinvar+pg_dms__transformer__seed43,MLH1,P43246:264:Q>K,0,0.011817552
train-clinvar+pg_dms__transformer__seed43,MLH1,P43246:264:Q>I,0,0.005392592
train-clinvar+pg_dms__transformer__seed43,MLH1,P43246:264:Q>F,0,0.014921985
train-clinvar+pg_dms__transformer__seed43,MLH1,P43246:264:Q>E,0,0.0027372192
train-clinvar+pg_dms__transformer__seed43,MLH1,P43246:264:Q>D,0,0.016401887
train-clinvar+pg_dms__transformer__seed43,MLH1,P43246:264:Q>C,0,0.007784255
train-clinvar+pg_dms__transformer__seed43,MLH1,P43246:264:Q>A,0,0.0022607138
train-clinvar+pg_dms__transformer__seed43,MLH1,P43246:264:Q>L,0,0.0043909457
train-clinvar+pg_dms__transformer__seed43,MLH1,P43246:264:Q>G,0,0.0018093737
train-clinvar+pg_dms__transformer__seed43,MLH1,P43246:264:Q>Y,0,0.032994635
train-clinvar+pg_dms__transformer__seed43,MLH1,P43246:264:Q>W,0,0.19305873
train-clinvar+pg_dms__transformer__seed43,MLH1,P43246:270:L>G,1,0.93932056
train-clinvar+pg_dms__transformer__seed43,MLH1,P43246:270:L>H,1,0.929044
train-clinvar+pg_dms__transformer__seed43,MLH1,P43246:270:L>I,0,0.016762016
train-clinvar+pg_dms__transformer__seed43,MLH1,P43246:270:L>K,1,0.9810424
train-clinvar+pg_dms__transformer__seed43,MLH1,P43246:270:L>M,0,0.037963066
train-clinvar+pg_dms__transformer__seed43,MLH1,P43246:270:L>N,1,0.9859028
train-clinvar+pg_dms__transformer__seed43,MLH1,P43246:270:L>Q,1,0.917594
train-clinvar+pg_dms__transformer__seed43,MLH1,P43246:270:L>S,1,0.91156167
train-clinvar+pg_dms__transformer__seed43,MLH1,P43246:270:L>T,0,0.27880114
train-clinvar+pg_dms__transformer__seed43,MLH1,P43246:270:L>V,0,0.036080077
train-clinvar+pg_dms__transformer__seed43,MLH1,P43246:270:L>W,1,0.96518856
train-clinvar+pg_dms__transformer__seed43,MLH1,P43246:270:L>Y,1,0.9440893
train-clinvar+pg_dms__transformer__seed43,MLH1,P43246:270:L>F,1,0.08347358
train-clinvar+pg_dms__transformer__seed43,MLH1,P43246:270:L>R,1,0.9941151
train-clinvar+pg_dms__transformer__seed43,MLH1,P43246:270:L>E,1,0.9797214
train-clinvar+pg_dms__transformer__seed43,MLH1,P43246:270:L>A,0,0.05390452
train-clinvar+pg_dms__transformer__seed43,MLH1,P43246:270:L>C,0,0.1853517
train-clinvar+pg_dms__transformer__seed43,MLH1,P43246:270:L>D,1,0.98879635
train-clinvar+pg_dms__transformer__seed43,MLH1,P43246:277:L>T,0,0.08571645
train-clinvar+pg_dms__transformer__seed43,MLH1,P43246:277:L>A,0,0.022606462
train-clinvar+pg_dms__transformer__seed43,MLH1,P43246:277:L>C,0,0.01631618
train-clinvar+pg_dms__transformer__seed43,MLH1,P43246:277:L>E,0,0.39765644
train-clinvar+pg_dms__transformer__seed43,MLH1,P43246:277:L>F,0,0.03801854
train-clinvar+pg_dms__transformer__seed43,MLH1,P43246:277:L>G,0,0.17029311
train-clinvar+pg_dms__transformer__seed43,MLH1,P43246:277:L>H,0,0.17456533
train-clinvar+pg_dms__transformer__seed43,MLH1,P43246:277:L>I,0,0.032035295
train-clinvar+pg_dms__transformer__seed43,MLH1,P43246:277:L>K,0,0.35441425
train-clinvar+pg_dms__transformer__seed43,MLH1,P43246:277:L>N,0,0.3479539
train-clinvar+pg_dms__transformer__seed43,MLH1,P43246:277:L>P,1,0.96538824
train-clinvar+pg_dms__transformer__seed43,MLH1,P43246:277:L>Q,0,0.039537404
train-clinvar+pg_dms__transformer__seed43,MLH1,P43246:277:L>Y,0,0.23719248
train-clinvar+pg_dms__transformer__seed43,MLH1,P43246:277:L>W,0,0.5202992
train-clinvar+pg_dms__transformer__seed43,MLH1,P43246:277:L>V,0,0.0052553522
train-clinvar+pg_dms__transformer__seed43,MLH1,P43246:277:L>M,0,0.06267387
train-clinvar+pg_dms__transformer__seed43,MLH1,P43246:277:L>R,0,0.43624875
train-clinvar+pg_dms__transformer__seed43,MLH1,P43246:285:N>S,0,0.024556926
train-clinvar+pg_dms__transformer__seed43,MLH1,P43246:285:N>P,0,0.89278084
train-clinvar+pg_dms__transformer__seed43,MLH1,P43246:285:N>T,0,0.009106182
train-clinvar+pg_dms__transformer__seed43,MLH1,P43246:285:N>V,0,0.0070358636
train-clinvar+pg_dms__transformer__seed43,MLH1,P43246:285:N>W,0,0.77077764
train-clinvar+pg_dms__transformer__seed43,MLH1,P43246:285:N>Y,0,0.005252522
train-clinvar+pg_dms__transformer__seed43,MLH1,P43246:285:N>M,0,0.49982303
train-clinvar+pg_dms__transformer__seed43,MLH1,P43246:285:N>L,0,0.037908282
train-clinvar+pg_dms__transformer__seed43,MLH1,P43246:285:N>K,0,0.6473277
train-clinvar+pg_dms__transformer__seed43,MLH1,P43246:285:N>R,0,0.16341838
train-clinvar+pg_dms__transformer__seed43,MLH1,P43246:285:N>Q,0,0.020694995
train-clinvar+pg_dms__transformer__seed43,MLH1,P43246:285:N>I,0,0.016521668
train-clinvar+pg_dms__transformer__seed43,MLH1,P43246:285:N>H,0,0.015841296
train-clinvar+pg_dms__transformer__seed43,MLH1,P43246:285:N>G,0,0.0042965575
train-clinvar+pg_dms__transformer__seed43,MLH1,P43246:285:N>F,0,0.028065523
train-clinvar+pg_dms__transformer__seed43,MLH1,P43246:285:N>E,0,0.35614824
train-clinvar+pg_dms__transformer__seed43,MLH1,P43246:285:N>D,0,0.02878213
train-clinvar+pg_dms__transformer__seed43,MLH1,P43246:285:N>A,0,0.011959093
train-clinvar+pg_dms__transformer__seed43,MLH1,P43246:290:E>C,0,0.0037365505
train-clinvar+pg_dms__transformer__seed43,MLH1,P43246:290:E>A,0,0.0027328883
train-clinvar+pg_dms__transformer__seed43,MLH1,P43246:290:E>T,0,0.0024262492
train-clinvar+pg_dms__transformer__seed43,MLH1,P43246:290:E>Y,0,0.013153523
train-clinvar+pg_dms__transformer__seed43,MLH1,P43246:290:E>W,0,0.41448492
train-clinvar+pg_dms__transformer__seed43,MLH1,P43246:290:E>V,0,0.0019755024
train-clinvar+pg_dms__transformer__seed43,MLH1,P43246:290:E>D,0,0.015978266
train-clinvar+pg_dms__transformer__seed43,MLH1,P43246:290:E>S,0,0.0015550244
train-clinvar+pg_dms__transformer__seed43,MLH1,P43246:290:E>N,0,0.0018930457
train-clinvar+pg_dms__transformer__seed43,MLH1,P43246:290:E>Q,0,0.0068545397
train-clinvar+pg_dms__transformer__seed43,MLH1,P43246:290:E>F,0,0.0060295374
train-clinvar+pg_dms__transformer__seed43,MLH1,P43246:290:E>R,0,0.004012261
train-clinvar+pg_dms__transformer__seed43,MLH1,P43246:290:E>G,0,0.013078992
train-clinvar+pg_dms__transformer__seed43,MLH1,P43246:290:E>I,0,0.0015991766
train-clinvar+pg_dms__transformer__seed43,MLH1,P43246:290:E>H,0,0.0069088712
train-clinvar+pg_dms__transformer__seed43,MLH1,P43246:290:E>L,0,0.017724048
train-clinvar+pg_dms__transformer__seed43,MLH1,P43246:290:E>P,0,0.49215692
train-clinvar+pg_dms__transformer__seed43,MLH1,P43246:290:E>M,0,0.28181872
train-clinvar+pg_dms__transformer__seed43,MLH1,P43246:290:E>K,0,0.004222965
train-clinvar+pg_dms__transformer__seed43,MLH1,P43246:292:T>W,0,0.3082037
train-clinvar+pg_dms__transformer__seed43,MLH1,P43246:292:T>C,0,0.0012443472
train-clinvar+pg_dms__transformer__seed43,MLH1,P43246:292:T>E,0,0.0042109964
train-clinvar+pg_dms__transformer__seed43,MLH1,P43246:292:T>F,0,0.0019255282
train-clinvar+pg_dms__transformer__seed43,MLH1,P43246:292:T>G,0,0.0017966203
train-clinvar+pg_dms__transformer__seed43,MLH1,P43246:292:T>H,0,0.0038362122
train-clinvar+pg_dms__transformer__seed43,MLH1,P43246:292:T>I,0,0.0035198072
train-clinvar+pg_dms__transformer__seed43,MLH1,P43246:292:T>Y,0,0.0067969845
train-clinvar+pg_dms__transformer__seed43,MLH1,P43246:292:T>K,0,0.0076671806
train-clinvar+pg_dms__transformer__seed43,MLH1,P43246:292:T>M,0,0.16122815
train-clinvar+pg_dms__transformer__seed43,MLH1,P43246:292:T>Q,0,0.0023747152
train-clinvar+pg_dms__transformer__seed43,MLH1,P43246:292:T>R,0,0.004220878
train-clinvar+pg_dms__transformer__seed43,MLH1,P43246:292:T>S,0,0.01117996
train-clinvar+pg_dms__transformer__seed43,MLH1,P43246:292:T>V,0,0.00786138
train-clinvar+pg_dms__transformer__seed43,MLH1,P43246:292:T>A,0,0.0027394067
train-clinvar+pg_dms__transformer__seed43,MLH1,P43246:292:T>L,0,0.00910866
train-clinvar+pg_dms__transformer__seed43,MLH1,P43246:292:T>N,0,0.0017367582
train-clinvar+pg_dms__transformer__seed43,MLH1,P43246:295:D>T,0,0.05163995
train-clinvar+pg_dms__transformer__seed43,MLH1,P43246:295:D>M,0,0.49886206
train-clinvar+pg_dms__transformer__seed43,MLH1,P43246:295:D>L,0,0.01866389
train-clinvar+pg_dms__transformer__seed43,MLH1,P43246:295:D>K,0,0.019624881
train-clinvar+pg_dms__transformer__seed43,MLH1,P43246:295:D>I,0,0.010422916
train-clinvar+pg_dms__transformer__seed43,MLH1,P43246:295:D>F,0,0.02776714
train-clinvar+pg_dms__transformer__seed43,MLH1,P43246:295:D>G,0,0.004946242
train-clinvar+pg_dms__transformer__seed43,MLH1,P43246:295:D>E,0,0.057320222
train-clinvar+pg_dms__transformer__seed43,MLH1,P43246:295:D>C,0,0.00717099
train-clinvar+pg_dms__transformer__seed43,MLH1,P43246:295:D>A,0,0.011075194
train-clinvar+pg_dms__transformer__seed43,MLH1,P43246:295:D>H,0,0.00516652
train-clinvar+pg_dms__transformer__seed43,MLH1,P43246:295:D>S,0,0.0044452087
train-clinvar+pg_dms__transformer__seed43,MLH1,P43246:295:D>N,0,0.0010152787
train-clinvar+pg_dms__transformer__seed43,MLH1,P43246:295:D>V,0,0.0071385563
train-clinvar+pg_dms__transformer__seed43,MLH1,P43246:295:D>R,0,0.015459169
train-clinvar+pg_dms__transformer__seed43,MLH1,P43246:295:D>Q,0,0.005050261
train-clinvar+pg_dms__transformer__seed43,MLH1,P43246:295:D>P,0,0.363153
train-clinvar+pg_dms__transformer__seed43,MLH1,P43246:295:D>Y,0,0.0063336533
train-clinvar+pg_dms__transformer__seed43,MLH1,P43246:295:D>W,0,0.56136686
train-clinvar+pg_dms__transformer__seed43,MLH1,P43246:296:F>C,0,0.0015141439
train-clinvar+pg_dms__transformer__seed43,MLH1,P43246:296:F>E,0,0.070819676
train-clinvar+pg_dms__transformer__seed43,MLH1,P43246:296:F>G,0,0.014612594
train-clinvar+pg_dms__transformer__seed43,MLH1,P43246:296:F>H,0,0.04269736
train-clinvar+pg_dms__transformer__seed43,MLH1,P43246:296:F>D,0,0.09288454
train-clinvar+pg_dms__transformer__seed43,MLH1,P43246:296:F>A,0,0.008483758
train-clinvar+pg_dms__transformer__seed43,MLH1,P43246:296:F>M,0,0.36893153
train-clinvar+pg_dms__transformer__seed43,MLH1,P43246:296:F>W,0,0.39975002
train-clinvar+pg_dms__transformer__seed43,MLH1,P43246:296:F>V,0,0.004814121
train-clinvar+pg_dms__transformer__seed43,MLH1,P43246:296:F>T,0,0.04469803
train-clinvar+pg_dms__transformer__seed43,MLH1,P43246:296:F>S,0,0.04263916
train-clinvar+pg_dms__transformer__seed43,MLH1,P43246:296:F>R,0,0.058416035
train-clinvar+pg_dms__transformer__seed43,MLH1,P43246:296:F>Q,0,0.015195778
train-clinvar+pg_dms__transformer__seed43,MLH1,P43246:296:F>P,0,0.3845518
train-clinvar+pg_dms__transformer__seed43,MLH1,P43246:296:F>I,0,0.0085248705
train-clinvar+pg_dms__transformer__seed43,MLH1,P43246:296:F>K,0,0.049009383
train-clinvar+pg_dms__transformer__seed43,MLH1,P43246:296:F>L,0,0.060168788
train-clinvar+pg_dms__transformer__seed43,MLH1,P43246:296:F>Y,0,0.02564367
train-clinvar+pg_dms__transformer__seed43,MLH1,P43246:296:F>N,0,0.026129501
train-clinvar+pg_dms__transformer__seed43,MLH1,P43246:299:Y>A,0,0.16946393
train-clinvar+pg_dms__transformer__seed43,MLH1,P43246:299:Y>V,0,0.042514592
train-clinvar+pg_dms__transformer__seed43,MLH1,P43246:299:Y>W,0,0.28435403
train-clinvar+pg_dms__transformer__seed43,MLH1,P43246:299:Y>C,0,0.012997445
train-clinvar+pg_dms__transformer__seed43,MLH1,P43246:299:Y>M,0,0.53991777
train-clinvar+pg_dms__transformer__seed43,MLH1,P43246:299:Y>G,0,0.13888775
train-clinvar+pg_dms__transformer__seed43,MLH1,P43246:299:Y>F,0,0.0020598304
train-clinvar+pg_dms__transformer__seed43,MLH1,P43246:299:Y>T,0,0.12346491
train-clinvar+pg_dms__transformer__seed43,MLH1,P43246:299:Y>S,0,0.17283794
train-clinvar+pg_dms__transformer__seed43,MLH1,P43246:299:Y>Q,0,0.45647508
train-clinvar+pg_dms__transformer__seed43,MLH1,P43246:299:Y>P,0,0.9326911
train-clinvar+pg_dms__transformer__seed43,MLH1,P43246:299:Y>R,0,0.24906856
train-clinvar+pg_dms__transformer__seed43,MLH1,P43246:299:Y>L,0,0.04615268
train-clinvar+pg_dms__transformer__seed43,MLH1,P43246:299:Y>K,0,0.6673052
train-clinvar+pg_dms__transformer__seed43,MLH1,P43246:299:Y>I,0,0.16965123
train-clinvar+pg_dms__transformer__seed43,MLH1,P43246:299:Y>H,0,0.05642804
train-clinvar+pg_dms__transformer__seed43,MLH1,P43246:299:Y>N,0,0.013846239
train-clinvar+pg_dms__transformer__seed43,MLH1,P43246:303:D>S,0,0.33132753
train-clinvar+pg_dms__transformer__seed43,MLH1,P43246:303:D>R,0,0.7707758
train-clinvar+pg_dms__transformer__seed43,MLH1,P43246:303:D>P,0,0.96205413
train-clinvar+pg_dms__transformer__seed43,MLH1,P43246:303:D>M,0,0.44419155
train-clinvar+pg_dms__transformer__seed43,MLH1,P43246:303:D>L,1,0.4020967
train-clinvar+pg_dms__transformer__seed43,MLH1,P43246:303:D>I,1,0.7098316
train-clinvar+pg_dms__transformer__seed43,MLH1,P43246:303:D>A,0,0.23121299
train-clinvar+pg_dms__transformer__seed43,MLH1,P43246:303:D>C,0,0.16467021
train-clinvar+pg_dms__transformer__seed43,MLH1,P43246:303:D>E,0,0.7158402
train-clinvar+pg_dms__transformer__seed43,MLH1,P43246:303:D>V,1,0.34340465
train-clinvar+pg_dms__transformer__seed43,MLH1,P43246:303:D>W,1,0.5116202
train-clinvar+pg_dms__transformer__seed43,MLH1,P43246:303:D>T,0,0.4661926
train-clinvar+pg_dms__transformer__seed43,MLH1,P43246:304:I>Y,0,0.006351636
train-clinvar+pg_dms__transformer__seed43,MLH1,P43246:304:I>W,0,0.3590925
train-clinvar+pg_dms__transformer__seed43,MLH1,P43246:304:I>V,0,0.0011183231
train-clinvar+pg_dms__transformer__seed43,MLH1,P43246:304:I>T,0,0.06076226
train-clinvar+pg_dms__transformer__seed43,MLH1,P43246:304:I>S,0,0.0025869948
train-clinvar+pg_dms__transformer__seed43,MLH1,P43246:304:I>R,0,0.0067419484
train-clinvar+pg_dms__transformer__seed43,MLH1,P43246:304:I>Q,0,0.004080306
train-clinvar+pg_dms__transformer__seed43,MLH1,P43246:304:I>P,0,0.2094989
train-clinvar+pg_dms__transformer__seed43,MLH1,P43246:304:I>C,0,0.0043533286
train-clinvar+pg_dms__transformer__seed43,MLH1,P43246:304:I>L,0,0.0022778064
train-clinvar+pg_dms__transformer__seed43,MLH1,P43246:304:I>K,0,0.012466519
train-clinvar+pg_dms__transformer__seed43,MLH1,P43246:304:I>A,0,0.0034308087
train-clinvar+pg_dms__transformer__seed43,MLH1,P43246:304:I>H,0,0.0069526657
train-clinvar+pg_dms__transformer__seed43,MLH1,P43246:304:I>G,0,0.0044322037
train-clinvar+pg_dms__transformer__seed43,MLH1,P43246:304:I>F,0,0.003945673
train-clinvar+pg_dms__transformer__seed43,MLH1,P43246:304:I>D,0,0.034252148
train-clinvar+pg_dms__transformer__seed43,MLH1,P43246:304:I>M,0,0.015477484
train-clinvar+pg_dms__transformer__seed43,MLH1,P43246:304:I>N,0,0.0017915956
train-clinvar+pg_dms__transformer__seed43,MLH1,P43246:304:I>E,0,0.008086146
train-clinvar+pg_dms__transformer__seed43,MLH1,P43246:314:Q>I,0,0.040057108
train-clinvar+pg_dms__transformer__seed43,MLH1,P43246:314:Q>K,0,0.01553671
train-clinvar+pg_dms__transformer__seed43,MLH1,P43246:314:Q>L,0,0.061512094
train-clinvar+pg_dms__transformer__seed43,MLH1,P43246:314:Q>N,0,0.0037116301
train-clinvar+pg_dms__transformer__seed43,MLH1,P43246:314:Q>P,0,0.08773032
train-clinvar+pg_dms__transformer__seed43,MLH1,P43246:314:Q>S,0,0.015768383
train-clinvar+pg_dms__transformer__seed43,MLH1,P43246:314:Q>R,0,0.026524147
train-clinvar+pg_dms__transformer__seed43,MLH1,P43246:314:Q>C,0,0.008441215
train-clinvar+pg_dms__transformer__seed43,MLH1,P43246:314:Q>A,0,0.0045697954
train-clinvar+pg_dms__transformer__seed43,MLH1,P43246:314:Q>T,0,0.01209475
train-clinvar+pg_dms__transformer__seed43,MLH1,P43246:314:Q>H,0,0.06476558
train-clinvar+pg_dms__transformer__seed43,MLH1,P43246:314:Q>V,0,0.012618596
train-clinvar+pg_dms__transformer__seed43,MLH1,P43246:314:Q>E,0,0.022260414
train-clinvar+pg_dms__transformer__seed43,MLH1,P43246:314:Q>W,0,0.34314248
train-clinvar+pg_dms__transformer__seed43,MLH1,P43246:314:Q>F,0,0.04774334
train-clinvar+pg_dms__transformer__seed43,MLH1,P43246:314:Q>D,0,0.020696905
train-clinvar+pg_dms__transformer__seed43,MLH1,P43246:314:Q>G,0,0.002454739
train-clinvar+pg_dms__transformer__seed43,MLH1,P43246:314:Q>Y,0,0.013507818
train-clinvar+pg_dms__transformer__seed43,MLH1,P43246:316:S>W,0,0.2856479
train-clinvar+pg_dms__transformer__seed43,MLH1,P43246:316:S>V,0,0.015404137
train-clinvar+pg_dms__transformer__seed43,MLH1,P43246:316:S>R,0,0.025592515
train-clinvar+pg_dms__transformer__seed43,MLH1,P43246:316:S>Q,0,0.008443159
train-clinvar+pg_dms__transformer__seed43,MLH1,P43246:316:S>P,0,0.03914734
train-clinvar+pg_dms__transformer__seed43,MLH1,P43246:316:S>N,0,0.0070722345
train-clinvar+pg_dms__transformer__seed43,MLH1,P43246:316:S>M,0,0.32596743
train-clinvar+pg_dms__transformer__seed43,MLH1,P43246:316:S>L,0,0.022465818
train-clinvar+pg_dms__transformer__seed43,MLH1,P43246:316:S>I,0,0.028767327
train-clinvar+pg_dms__transformer__seed43,MLH1,P43246:316:S>H,0,0.053431876
train-clinvar+pg_dms__transformer__seed43,MLH1,P43246:316:S>G,0,0.01823432
train-clinvar+pg_dms__transformer__seed43,MLH1,P43246:316:S>F,0,0.068712
train-clinvar+pg_dms__transformer__seed43,MLH1,P43246:316:S>D,0,0.043112215
train-clinvar+pg_dms__transformer__seed43,MLH1,P43246:316:S>A,0,0.009945748
train-clinvar+pg_dms__transformer__seed43,MLH1,P43246:316:S>K,0,0.016162228
train-clinvar+pg_dms__transformer__seed43,MLH1,P43246:317:V>M,0,0.09481946
train-clinvar+pg_dms__transformer__seed43,MLH1,P43246:317:V>L,0,0.003921201
train-clinvar+pg_dms__transformer__seed43,MLH1,P43246:317:V>T,0,0.0025735118
train-clinvar+pg_dms__transformer__seed43,MLH1,P43246:317:V>S,0,0.0027377477
train-clinvar+pg_dms__transformer__seed43,MLH1,P43246:317:V>R,0,0.009007096
train-clinvar+pg_dms__transformer__seed43,MLH1,P43246:317:V>P,0,0.01108658
train-clinvar+pg_dms__transformer__seed43,MLH1,P43246:317:V>N,0,0.0012734035
train-clinvar+pg_dms__transformer__seed43,MLH1,P43246:317:V>K,0,0.0019897115
train-clinvar+pg_dms__transformer__seed43,MLH1,P43246:317:V>W,0,0.24437563
train-clinvar+pg_dms__transformer__seed43,MLH1,P43246:317:V>G,0,0.0008765904
train-clinvar+pg_dms__transformer__seed43,MLH1,P43246:317:V>F,0,0.0018716466
train-clinvar+pg_dms__transformer__seed43,MLH1,P43246:317:V>E,0,0.0020106637
train-clinvar+pg_dms__transformer__seed43,MLH1,P43246:317:V>D,0,0.0079256985
train-clinvar+pg_dms__transformer__seed43,MLH1,P43246:317:V>C,0,0.005012079
train-clinvar+pg_dms__transformer__seed43,MLH1,P43246:317:V>A,0,0.006347135
train-clinvar+pg_dms__transformer__seed43,MLH1,P43246:317:V>H,0,0.0046606013
train-clinvar+pg_dms__transformer__seed43,MLH1,P43246:317:V>Y,0,0.0027210265
train-clinvar+pg_dms__transformer__seed43,MLH1,P43246:318:E>V,0,0.0021903599
train-clinvar+pg_dms__transformer__seed43,MLH1,P43246:318:E>W,0,0.33464932
train-clinvar+pg_dms__transformer__seed43,MLH1,P43246:318:E>Y,0,0.011561957
train-clinvar+pg_dms__transformer__seed43,MLH1,P43246:318:E>T,0,0.0027000832
train-clinvar+pg_dms__transformer__seed43,MLH1,P43246:318:E>S,0,0.0016867578
train-clinvar+pg_dms__transformer__seed43,MLH1,P43246:318:E>G,0,0.012570102
train-clinvar+pg_dms__transformer__seed43,MLH1,P43246:318:E>Q,0,0.0010706506
train-clinvar+pg_dms__transformer__seed43,MLH1,P43246:318:E>P,0,0.033104327
train-clinvar+pg_dms__transformer__seed43,MLH1,P43246:318:E>N,0,0.0017827055
train-clinvar+pg_dms__transformer__seed43,MLH1,P43246:318:E>M,0,0.300711
train-clinvar+pg_dms__transformer__seed43,MLH1,P43246:318:E>L,0,0.012666285
train-clinvar+pg_dms__transformer__seed43,MLH1,P43246:318:E>H,0,0.014675502
train-clinvar+pg_dms__transformer__seed43,MLH1,P43246:318:E>I,0,0.0055615953
train-clinvar+pg_dms__transformer__seed43,MLH1,P43246:318:E>A,0,0.0020826575
train-clinvar+pg_dms__transformer__seed43,MLH1,P43246:318:E>C,0,0.0068394034
train-clinvar+pg_dms__transformer__seed43,MLH1,P43246:318:E>F,0,0.0107830055
train-clinvar+pg_dms__transformer__seed43,MLH1,P43246:318:E>R,0,0.0047175386
train-clinvar+pg_dms__transformer__seed43,MLH1,P43246:318:E>K,0,0.0034940387
train-clinvar+pg_dms__transformer__seed43,MLH1,P43246:321:T>Q,0,0.0025235561
train-clinvar+pg_dms__transformer__seed43,MLH1,P43246:321:T>I,0,0.027073873
train-clinvar+pg_dms__transformer__seed43,MLH1,P43246:321:T>P,0,0.017861556
train-clinvar+pg_dms__transformer__seed43,MLH1,P43246:321:T>N,0,0.0018583039
train-clinvar+pg_dms__transformer__seed43,MLH1,P43246:321:T>M,0,0.18119691
train-clinvar+pg_dms__transformer__seed43,MLH1,P43246:321:T>L,0,0.0062294966
train-clinvar+pg_dms__transformer__seed43,MLH1,P43246:321:T>K,0,0.004072881
train-clinvar+pg_dms__transformer__seed43,MLH1,P43246:321:T>H,0,0.007716751
train-clinvar+pg_dms__transformer__seed43,MLH1,P43246:321:T>V,0,0.0070927
train-clinvar+pg_dms__transformer__seed43,MLH1,P43246:321:T>F,0,0.005332822
train-clinvar+pg_dms__transformer__seed43,MLH1,P43246:321:T>E,0,0.0023734798
train-clinvar+pg_dms__transformer__seed43,MLH1,P43246:321:T>D,0,0.013585626
train-clinvar+pg_dms__transformer__seed43,MLH1,P43246:321:T>W,0,0.20279522
train-clinvar+pg_dms__transformer__seed43,MLH1,P43246:321:T>Y,0,0.006298817
train-clinvar+pg_dms__transformer__seed43,MLH1,P43246:321:T>R,0,0.01012146
train-clinvar+pg_dms__transformer__seed43,MLH1,P43246:321:T>G,0,0.0077395216
train-clinvar+pg_dms__transformer__seed43,MLH1,P43246:321:T>S,0,0.015572993
train-clinvar+pg_dms__transformer__seed43,MLH1,P43246:325:S>V,0,0.18875425
train-clinvar+pg_dms__transformer__seed43,MLH1,P43246:325:S>D,0,0.56591177
train-clinvar+pg_dms__transformer__seed43,MLH1,P43246:325:S>A,0,0.02918056
train-clinvar+pg_dms__transformer__seed43,MLH1,P43246:325:S>G,0,0.009927449
train-clinvar+pg_dms__transformer__seed43,MLH1,P43246:325:S>H,0,0.37006447
train-clinvar+pg_dms__transformer__seed43,MLH1,P43246:325:S>I,0,0.56583995
train-clinvar+pg_dms__transformer__seed43,MLH1,P43246:325:S>E,1,0.73879457
train-clinvar+pg_dms__transformer__seed43,MLH1,P43246:325:S>K,0,0.7113884
train-clinvar+pg_dms__transformer__seed43,MLH1,P43246:325:S>L,0,0.15813318
train-clinvar+pg_dms__transformer__seed43,MLH1,P43246:325:S>M,0,0.5553084
train-clinvar+pg_dms__transformer__seed43,MLH1,P43246:325:S>N,0,0.027073698
train-clinvar+pg_dms__transformer__seed43,MLH1,P43246:325:S>P,0,0.6314642
train-clinvar+pg_dms__transformer__seed43,MLH1,P43246:325:S>Q,0,0.50878906
train-clinvar+pg_dms__transformer__seed43,MLH1,P43246:325:S>R,0,0.8408343
train-clinvar+pg_dms__transformer__seed43,MLH1,P43246:325:S>W,0,0.72684383
train-clinvar+pg_dms__transformer__seed43,MLH1,P43246:325:S>Y,0,0.27266786
train-clinvar+pg_dms__transformer__seed43,MLH1,P43246:325:S>F,0,0.5317971
train-clinvar+pg_dms__transformer__seed43,MLH1,P43246:336:P>W,0,0.5222482
train-clinvar+pg_dms__transformer__seed43,MLH1,P43246:336:P>Y,0,0.2812961
train-clinvar+pg_dms__transformer__seed43,MLH1,P43246:336:P>V,0,0.03693952
train-clinvar+pg_dms__transformer__seed43,MLH1,P43246:336:P>E,0,0.42374095
train-clinvar+pg_dms__transformer__seed43,MLH1,P43246:336:P>R,0,0.2907303
train-clinvar+pg_dms__transformer__seed43,MLH1,P43246:336:P>M,0,0.37578654
train-clinvar+pg_dms__transformer__seed43,MLH1,P43246:336:P>K,0,0.3467605
train-clinvar+pg_dms__transformer__seed43,MLH1,P43246:336:P>I,0,0.021880712
train-clinvar+pg_dms__transformer__seed43,MLH1,P43246:336:P>H,0,0.0471046
train-clinvar+pg_dms__transformer__seed43,MLH1,P43246:336:P>G,0,0.044940755
train-clinvar+pg_dms__transformer__seed43,MLH1,P43246:336:P>F,0,0.16587998
train-clinvar+pg_dms__transformer__seed43,MLH1,P43246:336:P>T,0,0.030396495
train-clinvar+pg_dms__transformer__seed43,MLH1,P43246:336:P>D,0,0.7462104
train-clinvar+pg_dms__transformer__seed43,MLH1,P43246:336:P>C,0,0.031897996
train-clinvar+pg_dms__transformer__seed43,MLH1,P43246:336:P>A,0,0.099742584
train-clinvar+pg_dms__transformer__seed43,MLH1,P43246:336:P>Q,0,0.03390191
train-clinvar+pg_dms__transformer__seed43,MLH1,P43246:336:P>N,0,0.036118697
train-clinvar+pg_dms__transformer__seed43,MLH1,P43246:338:G>P,1,0.9992495
train-clinvar+pg_dms__transformer__seed43,MLH1,P43246:338:G>Y,1,0.99824584
train-clinvar+pg_dms__transformer__seed43,MLH1,P43246:338:G>W,1,0.96272767
train-clinvar+pg_dms__transformer__seed43,MLH1,P43246:338:G>S,1,0.9931566
train-clinvar+pg_dms__transformer__seed43,MLH1,P43246:338:G>Q,1,0.99810696
train-clinvar+pg_dms__transformer__seed43,MLH1,P43246:338:G>N,1,0.99545765
train-clinvar+pg_dms__transformer__seed43,MLH1,P43246:338:G>F,1,0.9971219
train-clinvar+pg_dms__transformer__seed43,MLH1,P43246:338:G>L,1,0.99255764
train-clinvar+pg_dms__transformer__seed43,MLH1,P43246:338:G>K,1,0.99941874
train-clinvar+pg_dms__transformer__seed43,MLH1,P43246:338:G>I,1,0.9994406
train-clinvar+pg_dms__transformer__seed43,MLH1,P43246:338:G>H,1,0.99952924
train-clinvar+pg_dms__transformer__seed43,MLH1,P43246:338:G>D,1,0.99986434
train-clinvar+pg_dms__transformer__seed43,MLH1,P43246:338:G>C,1,0.9432588
train-clinvar+pg_dms__transformer__seed43,MLH1,P43246:338:G>A,1,0.94766474
train-clinvar+pg_dms__transformer__seed43,MLH1,P43246:338:G>M,1,0.9046911
train-clinvar+pg_dms__transformer__seed43,MLH1,P43246:338:G>T,1,0.9819151
train-clinvar+pg_dms__transformer__seed43,MLH1,P43246:341:L>K,0,0.098323256
train-clinvar+pg_dms__transformer__seed43,MLH1,P43246:341:L>M,0,0.3352814
train-clinvar+pg_dms__transformer__seed43,MLH1,P43246:341:L>N,1,0.8020588
train-clinvar+pg_dms__transformer__seed43,MLH1,P43246:341:L>I,0,0.013188125
train-clinvar+pg_dms__transformer__seed43,MLH1,P43246:341:L>R,0,0.14772488
train-clinvar+pg_dms__transformer__seed43,MLH1,P43246:341:L>T,0,0.13215397
train-clinvar+pg_dms__transformer__seed43,MLH1,P43246:341:L>V,0,0.07266393
train-clinvar+pg_dms__transformer__seed43,MLH1,P43246:341:L>W,0,0.37172696
train-clinvar+pg_dms__transformer__seed43,MLH1,P43246:341:L>S,1,0.36436078
train-clinvar+pg_dms__transformer__seed43,MLH1,P43246:341:L>E,0,0.78733325
train-clinvar+pg_dms__transformer__seed43,MLH1,P43246:341:L>A,0,0.072586104
train-clinvar+pg_dms__transformer__seed43,MLH1,P43246:341:L>C,0,0.026516575
train-clinvar+pg_dms__transformer__seed43,MLH1,P43246:341:L>D,1,0.9828872
train-clinvar+pg_dms__transformer__seed43,MLH1,P43246:341:L>Y,1,0.32198948
train-clinvar+pg_dms__transformer__seed43,MLH1,P43246:341:L>F,0,0.10240968
train-clinvar+pg_dms__transformer__seed43,MLH1,P43246:341:L>G,1,0.82134634
train-clinvar+pg_dms__transformer__seed43,MLH1,P43246:341:L>H,0,0.08774707
train-clinvar+pg_dms__transformer__seed43,MLH1,P43246:343:N>P,0,0.98118263
train-clinvar+pg_dms__transformer__seed43,MLH1,P43246:343:N>C,0,0.0014640007
train-clinvar+pg_dms__transformer__seed43,MLH1,P43246:343:N>R,0,0.020942742
train-clinvar+pg_dms__transformer__seed43,MLH1,P43246:343:N>S,0,0.021777544
train-clinvar+pg_dms__transformer__seed43,MLH1,P43246:343:N>T,0,0.010571675
train-clinvar+pg_dms__transformer__seed43,MLH1,P43246:343:N>V,0,0.004031419
train-clinvar+pg_dms__transformer__seed43,MLH1,P43246:343:N>W,0,0.055992626
train-clinvar+pg_dms__transformer__seed43,MLH1,P43246:343:N>Y,0,0.008963075
train-clinvar+pg_dms__transformer__seed43,MLH1,P43246:343:N>M,0,0.26441652
train-clinvar+pg_dms__transformer__seed43,MLH1,P43246:343:N>L,0,0.008537507
train-clinvar+pg_dms__transformer__seed43,MLH1,P43246:343:N>I,0,0.004987792
train-clinvar+pg_dms__transformer__seed43,MLH1,P43246:343:N>H,0,0.0020193185
train-clinvar+pg_dms__transformer__seed43,MLH1,P43246:343:N>G,0,0.0047370614
train-clinvar+pg_dms__transformer__seed43,MLH1,P43246:343:N>F,0,0.009042518
train-clinvar+pg_dms__transformer__seed43,MLH1,P43246:343:N>E,0,0.045083556
train-clinvar+pg_dms__transformer__seed43,MLH1,P43246:343:N>D,0,0.0171164
train-clinvar+pg_dms__transformer__seed43,MLH1,P43246:343:N>K,0,0.009273062
train-clinvar+pg_dms__transformer__seed43,MLH1,P43246:343:N>A,0,0.0080093
train-clinvar+pg_dms__transformer__seed43,MLH1,P43246:348:Q>A,0,0.44025213
train-clinvar+pg_dms__transformer__seed43,MLH1,P43246:348:Q>C,0,0.31767365
train-clinvar+pg_dms__transformer__seed43,MLH1,P43246:348:Q>F,0,0.89107674
train-clinvar+pg_dms__transformer__seed43,MLH1,P43246:348:Q>G,0,0.8824407
train-clinvar+pg_dms__transformer__seed43,MLH1,P43246:348:Q>I,0,0.86014146
train-clinvar+pg_dms__transformer__seed43,MLH1,P43246:348:Q>K,0,0.50128895
train-clinvar+pg_dms__transformer__seed43,MLH1,P43246:348:Q>W,0,0.66459686
train-clinvar+pg_dms__transformer__seed43,MLH1,P43246:348:Q>M,0,0.21626246
train-clinvar+pg_dms__transformer__seed43,MLH1,P43246:348:Q>N,0,0.73391086
train-clinvar+pg_dms__transformer__seed43,MLH1,P43246:348:Q>P,1,0.9889952
train-clinvar+pg_dms__transformer__seed43,MLH1,P43246:348:Q>R,0,0.5757455
train-clinvar+pg_dms__transformer__seed43,MLH1,P43246:348:Q>S,0,0.23468015
train-clinvar+pg_dms__transformer__seed43,MLH1,P43246:348:Q>T,0,0.70110816
train-clinvar+pg_dms__transformer__seed43,MLH1,P43246:348:Q>V,0,0.70062625
train-clinvar+pg_dms__transformer__seed43,MLH1,P43246:348:Q>Y,0,0.88558644
train-clinvar+pg_dms__transformer__seed43,MLH1,P43246:348:Q>L,0,0.09630465
train-clinvar+pg_dms__transformer__seed43,MLH1,P43246:365:A>F,0,0.097123004
train-clinvar+pg_dms__transformer__seed43,MLH1,P43246:365:A>C,0,0.00762668
train-clinvar+pg_dms__transformer__seed43,MLH1,P43246:365:A>E,0,0.3120573
train-clinvar+pg_dms__transformer__seed43,MLH1,P43246:365:A>G,0,0.0117255775
train-clinvar+pg_dms__transformer__seed43,MLH1,P43246:365:A>H,0,0.10541934
train-clinvar+pg_dms__transformer__seed43,MLH1,P43246:365:A>I,0,0.019066207
train-clinvar+pg_dms__transformer__seed43,MLH1,P43246:365:A>K,0,0.28396112
train-clinvar+pg_dms__transformer__seed43,MLH1,P43246:365:A>L,0,0.034291737
train-clinvar+pg_dms__transformer__seed43,MLH1,P43246:365:A>N,0,0.049804986
train-clinvar+pg_dms__transformer__seed43,MLH1,P43246:365:A>P,0,0.95951885
train-clinvar+pg_dms__transformer__seed43,MLH1,P43246:365:A>M,1,0.02377424
train-clinvar+pg_dms__transformer__seed43,MLH1,P43246:365:A>R,0,0.3702085
train-clinvar+pg_dms__transformer__seed43,MLH1,P43246:365:A>S,0,0.005068388
train-clinvar+pg_dms__transformer__seed43,MLH1,P43246:365:A>T,0,0.013126619
train-clinvar+pg_dms__transformer__seed43,MLH1,P43246:365:A>V,0,0.023418048
train-clinvar+pg_dms__transformer__seed43,MLH1,P43246:365:A>W,0,0.43024608
train-clinvar+pg_dms__transformer__seed43,MLH1,P43246:365:A>Y,0,0.040823787
train-clinvar+pg_dms__transformer__seed43,MLH1,P43246:365:A>Q,0,0.05595531
train-clinvar+pg_dms__transformer__seed43,MLH1,P43246:378:E>A,0,0.02345542
train-clinvar+pg_dms__transformer__seed43,MLH1,P43246:378:E>C,0,0.0061484626
train-clinvar+pg_dms__transformer__seed43,MLH1,P43246:378:E>D,0,0.010676639
train-clinvar+pg_dms__transformer__seed43,MLH1,P43246:378:E>F,0,0.01484239
train-clinvar+pg_dms__transformer__seed43,MLH1,P43246:378:E>H,0,0.010207324
train-clinvar+pg_dms__transformer__seed43,MLH1,P43246:378:E>G,0,0.0011740213
train-clinvar+pg_dms__transformer__seed43,MLH1,P43246:378:E>W,0,0.15659893
train-clinvar+pg_dms__transformer__seed43,MLH1,P43246:378:E>I,0,0.010943226
train-clinvar+pg_dms__transformer__seed43,MLH1,P43246:378:E>L,0,0.03467006
train-clinvar+pg_dms__transformer__seed43,MLH1,P43246:378:E>M,0,0.346302
train-clinvar+pg_dms__transformer__seed43,MLH1,P43246:378:E>N,0,0.007113655
train-clinvar+pg_dms__transformer__seed43,MLH1,P43246:378:E>P,0,0.17540216
train-clinvar+pg_dms__transformer__seed43,MLH1,P43246:378:E>Q,0,0.0054497505
train-clinvar+pg_dms__transformer__seed43,MLH1,P43246:378:E>R,0,0.023435252
train-clinvar+pg_dms__transformer__seed43,MLH1,P43246:378:E>S,0,0.011521896
train-clinvar+pg_dms__transformer__seed43,MLH1,P43246:378:E>T,0,0.0045625004
train-clinvar+pg_dms__transformer__seed43,MLH1,P43246:378:E>V,0,0.006561022
train-clinvar+pg_dms__transformer__seed43,MLH1,P43246:378:E>Y,0,0.044993337
train-clinvar+pg_dms__transformer__seed43,MLH1,P43246:381:L>Q,0,0.4595173
train-clinvar+pg_dms__transformer__seed43,MLH1,P43246:381:L>S,0,0.58989245
train-clinvar+pg_dms__transformer__seed43,MLH1,P43246:381:L>R,0,0.85729843
train-clinvar+pg_dms__transformer__seed43,MLH1,P43246:381:L>H,0,0.2922583
train-clinvar+pg_dms__transformer__seed43,MLH1,P43246:381:L>K,0,0.7866916
train-clinvar+pg_dms__transformer__seed43,MLH1,P43246:381:L>G,0,0.38193235
train-clinvar+pg_dms__transformer__seed43,MLH1,P43246:381:L>E,0,0.78511643
train-clinvar+pg_dms__transformer__seed43,MLH1,P43246:381:L>D,0,0.8985953
train-clinvar+pg_dms__transformer__seed43,MLH1,P43246:381:L>A,0,0.20435125
train-clinvar+pg_dms__transformer__seed43,MLH1,P43246:381:L>T,0,0.5966666
train-clinvar+pg_dms__transformer__seed43,MLH1,P43246:381:L>P,0,0.9494922
train-clinvar+pg_dms__transformer__seed43,MLH1,P43246:381:L>V,0,0.06928077
train-clinvar+pg_dms__transformer__seed43,MLH1,P43246:381:L>C,0,0.083383866
train-clinvar+pg_dms__transformer__seed43,MLH1,P43246:386:D>E,0,0.6116049
train-clinvar+pg_dms__transformer__seed43,MLH1,P43246:386:D>A,0,0.15322472
train-clinvar+pg_dms__transformer__seed43,MLH1,P43246:386:D>C,0,0.028129565
train-clinvar+pg_dms__transformer__seed43,MLH1,P43246:386:D>F,0,0.1087763
train-clinvar+pg_dms__transformer__seed43,MLH1,P43246:386:D>Y,0,0.3452551
train-clinvar+pg_dms__transformer__seed43,MLH1,P43246:386:D>G,0,0.11812031
train-clinvar+pg_dms__transformer__seed43,MLH1,P43246:386:D>W,0,0.22477643
train-clinvar+pg_dms__transformer__seed43,MLH1,P43246:386:D>V,0,0.065828584
train-clinvar+pg_dms__transformer__seed43,MLH1,P43246:386:D>T,0,0.1020996
train-clinvar+pg_dms__transformer__seed43,MLH1,P43246:386:D>S,0,0.09237203
train-clinvar+pg_dms__transformer__seed43,MLH1,P43246:386:D>R,0,0.30647615
train-clinvar+pg_dms__transformer__seed43,MLH1,P43246:386:D>P,0,0.85264754
train-clinvar+pg_dms__transformer__seed43,MLH1,P43246:386:D>N,0,0.093865804
train-clinvar+pg_dms__transformer__seed43,MLH1,P43246:386:D>M,1,0.30353877
train-clinvar+pg_dms__transformer__seed43,MLH1,P43246:386:D>L,0,0.060580555
train-clinvar+pg_dms__transformer__seed43,MLH1,P43246:386:D>K,0,0.3411113
train-clinvar+pg_dms__transformer__seed43,MLH1,P43246:386:D>Q,0,0.23654124
train-clinvar+pg_dms__transformer__seed43,MLH1,P43246:386:D>I,0,0.084323496
train-clinvar+pg_dms__transformer__seed43,MLH1,P43246:388:N>Y,0,0.009990203
train-clinvar+pg_dms__transformer__seed43,MLH1,P43246:388:N>W,0,0.054488435
train-clinvar+pg_dms__transformer__seed43,MLH1,P43246:388:N>V,0,0.001483649
train-clinvar+pg_dms__transformer__seed43,MLH1,P43246:388:N>A,0,0.004237396
train-clinvar+pg_dms__transformer__seed43,MLH1,P43246:388:N>K,0,0.012127165
train-clinvar+pg_dms__transformer__seed43,MLH1,P43246:388:N>D,0,0.019416433
train-clinvar+pg_dms__transformer__seed43,MLH1,P43246:388:N>E,0,0.05097518
train-clinvar+pg_dms__transformer__seed43,MLH1,P43246:388:N>F,0,0.0033427242
train-clinvar+pg_dms__transformer__seed43,MLH1,P43246:388:N>G,0,0.0008179165
train-clinvar+pg_dms__transformer__seed43,MLH1,P43246:388:N>I,0,0.0017845222
train-clinvar+pg_dms__transformer__seed43,MLH1,P43246:388:N>L,0,0.0011559812
train-clinvar+pg_dms__transformer__seed43,MLH1,P43246:388:N>M,0,0.28404102
train-clinvar+pg_dms__transformer__seed43,MLH1,P43246:388:N>P,0,0.06995512
train-clinvar+pg_dms__transformer__seed43,MLH1,P43246:388:N>R,0,0.008902649
train-clinvar+pg_dms__transformer__seed43,MLH1,P43246:388:N>S,0,0.0032751765
train-clinvar+pg_dms__transformer__seed43,MLH1,P43246:388:N>T,0,0.0063033495
train-clinvar+pg_dms__transformer__seed43,MLH1,P43246:388:N>C,0,0.00063472945
train-clinvar+pg_dms__transformer__seed43,MLH1,P43246:388:N>Q,0,0.0021355706
train-clinvar+pg_dms__transformer__seed43,MLH1,P43246:388:N>H,0,0.012368741
train-clinvar+pg_dms__transformer__seed43,MLH1,P43246:390:L>C,0,0.0527932
train-clinvar+pg_dms__transformer__seed43,MLH1,P43246:390:L>I,0,0.0055312105
train-clinvar+pg_dms__transformer__seed43,MLH1,P43246:390:L>K,0,0.79345113
train-clinvar+pg_dms__transformer__seed43,MLH1,P43246:390:L>N,0,0.48627356
train-clinvar+pg_dms__transformer__seed43,MLH1,P43246:390:L>A,0,0.05510876
train-clinvar+pg_dms__transformer__seed43,MLH1,P43246:390:L>D,0,0.9518276
train-clinvar+pg_dms__transformer__seed43,MLH1,P43246:390:L>M,0,0.17222293
train-clinvar+pg_dms__transformer__seed43,MLH1,P43246:390:L>S,0,0.29584655
train-clinvar+pg_dms__transformer__seed43,MLH1,P43246:390:L>H,0,0.13702457
train-clinvar+pg_dms__transformer__seed43,MLH1,P43246:390:L>G,0,0.5943774
train-clinvar+pg_dms__transformer__seed43,MLH1,P43246:390:L>W,1,0.3630491
train-clinvar+pg_dms__transformer__seed43,MLH1,P43246:390:L>T,0,0.14004116
train-clinvar+pg_dms__transformer__seed43,MLH1,P43246:390:L>R,0,0.76893044
train-clinvar+pg_dms__transformer__seed43,MLH1,P43246:390:L>Q,0,0.08485447
train-clinvar+pg_dms__transformer__seed43,MLH1,P43246:390:L>P,0,0.97107834
train-clinvar+pg_dms__transformer__seed43,MLH1,P43246:390:L>E,0,0.82921076
train-clinvar+pg_dms__transformer__seed43,MLH1,P43246:402:Q>Y,0,0.1384483
train-clinvar+pg_dms__transformer__seed43,MLH1,P43246:402:Q>A,0,0.008816178
train-clinvar+pg_dms__transformer__seed43,MLH1,P43246:402:Q>S,0,0.0044730892
train-clinvar+pg_dms__transformer__seed43,MLH1,P43246:402:Q>V,0,0.008174959
train-clinvar+pg_dms__transformer__seed43,MLH1,P43246:402:Q>E,0,0.06461659
train-clinvar+pg_dms__transformer__seed43,MLH1,P43246:402:Q>F,0,0.025239598
train-clinvar+pg_dms__transformer__seed43,MLH1,P43246:402:Q>G,0,0.0065808776
train-clinvar+pg_dms__transformer__seed43,MLH1,P43246:402:Q>I,0,0.03282533
train-clinvar+pg_dms__transformer__seed43,MLH1,P43246:402:Q>T,0,0.03323819
train-clinvar+pg_dms__transformer__seed43,MLH1,P43246:402:Q>K,0,0.09845565
train-clinvar+pg_dms__transformer__seed43,MLH1,P43246:402:Q>D,0,0.089890674
train-clinvar+pg_dms__transformer__seed43,MLH1,P43246:402:Q>C,0,0.015203349
train-clinvar+pg_dms__transformer__seed43,MLH1,P43246:402:Q>M,0,0.1402678
train-clinvar+pg_dms__transformer__seed43,MLH1,P43246:402:Q>N,0,0.028668491
train-clinvar+pg_dms__transformer__seed43,MLH1,P43246:402:Q>P,0,0.05506989
train-clinvar+pg_dms__transformer__seed43,MLH1,P43246:402:Q>R,0,0.0708478
train-clinvar+pg_dms__transformer__seed43,MLH1,P43246:402:Q>L,0,0.022935841
train-clinvar+pg_dms__transformer__seed43,MLH1,P43246:402:Q>W,0,0.40592012
train-clinvar+pg_dms__transformer__seed43,MLH1,P43246:403:D>M,0,0.09833678
train-clinvar+pg_dms__transformer__seed43,MLH1,P43246:403:D>N,0,0.016035104
train-clinvar+pg_dms__transformer__seed43,MLH1,P43246:403:D>H,0,0.087884866
train-clinvar+pg_dms__transformer__seed43,MLH1,P43246:403:D>A,0,0.043430462
train-clinvar+pg_dms__transformer__seed43,MLH1,P43246:403:D>C,0,0.007954883
train-clinvar+pg_dms__transformer__seed43,MLH1,P43246:403:D>E,0,0.04354751
train-clinvar+pg_dms__transformer__seed43,MLH1,P43246:403:D>F,0,0.040022373
train-clinvar+pg_dms__transformer__seed43,MLH1,P43246:403:D>G,0,0.021654934
train-clinvar+pg_dms__transformer__seed43,MLH1,P43246:403:D>I,0,0.039811704
train-clinvar+pg_dms__transformer__seed43,MLH1,P43246:403:D>K,0,0.07703583
train-clinvar+pg_dms__transformer__seed43,MLH1,P43246:403:D>L,0,0.038286533
train-clinvar+pg_dms__transformer__seed43,MLH1,P43246:403:D>W,0,0.23912415
train-clinvar+pg_dms__transformer__seed43,MLH1,P43246:403:D>V,0,0.03503805
train-clinvar+pg_dms__transformer__seed43,MLH1,P43246:403:D>T,0,0.064821705
train-clinvar+pg_dms__transformer__seed43,MLH1,P43246:403:D>S,0,0.008020263
train-clinvar+pg_dms__transformer__seed43,MLH1,P43246:403:D>R,0,0.05082259
train-clinvar+pg_dms__transformer__seed43,MLH1,P43246:403:D>Q,0,0.017804805
train-clinvar+pg_dms__transformer__seed43,MLH1,P43246:403:D>P,0,0.6138703
train-clinvar+pg_dms__transformer__seed43,MLH1,P43246:403:D>Y,0,0.10210891
train-clinvar+pg_dms__transformer__seed43,MLH1,P43246:407:L>Y,0,0.47138646
train-clinvar+pg_dms__transformer__seed43,MLH1,P43246:407:L>V,0,0.02512252
train-clinvar+pg_dms__transformer__seed43,MLH1,P43246:407:L>W,0,0.68243533
train-clinvar+pg_dms__transformer__seed43,MLH1,P43246:407:L>A,0,0.046868928
train-clinvar+pg_dms__transformer__seed43,MLH1,P43246:407:L>C,0,0.04459063
train-clinvar+pg_dms__transformer__seed43,MLH1,P43246:407:L>D,1,0.9132272
train-clinvar+pg_dms__transformer__seed43,MLH1,P43246:407:L>F,0,0.024378026
train-clinvar+pg_dms__transformer__seed43,MLH1,P43246:407:L>G,0,0.5512385
train-clinvar+pg_dms__transformer__seed43,MLH1,P43246:407:L>H,0,0.5704058
train-clinvar+pg_dms__transformer__seed43,MLH1,P43246:407:L>E,0,0.9337964
train-clinvar+pg_dms__transformer__seed43,MLH1,P43246:407:L>M,0,0.034225713
train-clinvar+pg_dms__transformer__seed43,MLH1,P43246:407:L>N,0,0.7132723
train-clinvar+pg_dms__transformer__seed43,MLH1,P43246:407:L>P,1,0.9823437
train-clinvar+pg_dms__transformer__seed43,MLH1,P43246:407:L>Q,0,0.6118154
train-clinvar+pg_dms__transformer__seed43,MLH1,P43246:407:L>R,1,0.94831973
train-clinvar+pg_dms__transformer__seed43,MLH1,P43246:407:L>S,0,0.32896903
train-clinvar+pg_dms__transformer__seed43,MLH1,P43246:407:L>T,0,0.24421741
train-clinvar+pg_dms__transformer__seed43,MLH1,P43246:407:L>I,0,0.009573047
train-clinvar+pg_dms__transformer__seed43,MLH1,P43246:408:Y>K,0,0.5883426
train-clinvar+pg_dms__transformer__seed43,MLH1,P43246:408:Y>I,0,0.20769693
train-clinvar+pg_dms__transformer__seed43,MLH1,P43246:408:Y>D,0,0.9306558
train-clinvar+pg_dms__transformer__seed43,MLH1,P43246:408:Y>E,0,0.58002436
train-clinvar+pg_dms__transformer__seed43,MLH1,P43246:408:Y>L,0,0.064406805
train-clinvar+pg_dms__transformer__seed43,MLH1,P43246:408:Y>G,0,0.3101086
train-clinvar+pg_dms__transformer__seed43,MLH1,P43246:408:Y>M,0,0.18843187
train-clinvar+pg_dms__transformer__seed43,MLH1,P43246:408:Y>P,1,0.97712475
train-clinvar+pg_dms__transformer__seed43,MLH1,P43246:408:Y>N,0,0.07593179
train-clinvar+pg_dms__transformer__seed43,MLH1,P43246:408:Y>C,0,0.02678262
train-clinvar+pg_dms__transformer__seed43,MLH1,P43246:408:Y>W,0,0.036944855
train-clinvar+pg_dms__transformer__seed43,MLH1,P43246:408:Y>V,0,0.15858074
train-clinvar+pg_dms__transformer__seed43,MLH1,P43246:408:Y>A,0,0.15161745
train-clinvar+pg_dms__transformer__seed43,MLH1,P43246:408:Y>R,0,0.68599606
train-clinvar+pg_dms__transformer__seed43,MLH1,P43246:408:Y>Q,0,0.35132393
train-clinvar+pg_dms__transformer__seed43,MLH1,P43246:408:Y>T,0,0.48914695
train-clinvar+pg_dms__transformer__seed43,MLH1,P43246:414:L>D,1,0.8094254
train-clinvar+pg_dms__transformer__seed43,MLH1,P43246:414:L>C,0,0.037586085
train-clinvar+pg_dms__transformer__seed43,MLH1,P43246:414:L>A,0,0.038019843
train-clinvar+pg_dms__transformer__seed43,MLH1,P43246:414:L>E,0,0.699493
train-clinvar+pg_dms__transformer__seed43,MLH1,P43246:414:L>F,0,0.012939564
train-clinvar+pg_dms__transformer__seed43,MLH1,P43246:414:L>W,1,0.2946066
train-clinvar+pg_dms__transformer__seed43,MLH1,P43246:414:L>Y,0,0.18554449
train-clinvar+pg_dms__transformer__seed43,MLH1,P43246:414:L>I,0,0.010676957
train-clinvar+pg_dms__transformer__seed43,MLH1,P43246:414:L>K,0,0.8350532
train-clinvar+pg_dms__transformer__seed43,MLH1,P43246:414:L>H,0,0.23933682
train-clinvar+pg_dms__transformer__seed43,MLH1,P43246:414:L>N,0,0.6209907
train-clinvar+pg_dms__transformer__seed43,MLH1,P43246:414:L>P,1,0.97408766
train-clinvar+pg_dms__transformer__seed43,MLH1,P43246:414:L>M,0,0.051601343
train-clinvar+pg_dms__transformer__seed43,MLH1,P43246:414:L>G,0,0.363261
train-clinvar+pg_dms__transformer__seed43,MLH1,P43246:414:L>S,0,0.19730875
train-clinvar+pg_dms__transformer__seed43,MLH1,P43246:414:L>T,0,0.124059126
train-clinvar+pg_dms__transformer__seed43,MLH1,P43246:414:L>Q,0,0.1650766
train-clinvar+pg_dms__transformer__seed43,MLH1,P43246:415:P>Q,0,0.012526357
train-clinvar+pg_dms__transformer__seed43,MLH1,P43246:415:P>N,0,0.015814295
train-clinvar+pg_dms__transformer__seed43,MLH1,P43246:415:P>M,0,0.020836657
train-clinvar+pg_dms__transformer__seed43,MLH1,P43246:415:P>K,0,0.009576223
train-clinvar+pg_dms__transformer__seed43,MLH1,P43246:415:P>D,0,0.019475816
train-clinvar+pg_dms__transformer__seed43,MLH1,P43246:415:P>H,0,0.0123391915
train-clinvar+pg_dms__transformer__seed43,MLH1,P43246:415:P>G,0,0.00502892
train-clinvar+pg_dms__transformer__seed43,MLH1,P43246:415:P>F,0,0.045553446
train-clinvar+pg_dms__transformer__seed43,MLH1,P43246:415:P>E,0,0.009212285
train-clinvar+pg_dms__transformer__seed43,MLH1,P43246:415:P>C,0,0.016070338
train-clinvar+pg_dms__transformer__seed43,MLH1,P43246:415:P>T,0,0.014494592
train-clinvar+pg_dms__transformer__seed43,MLH1,P43246:415:P>I,0,0.026018657
train-clinvar+pg_dms__transformer__seed43,MLH1,P43246:415:P>V,0,0.019080408
train-clinvar+pg_dms__transformer__seed43,MLH1,P43246:415:P>S,0,0.016025852
train-clinvar+pg_dms__transformer__seed43,MLH1,P43246:415:P>Y,0,0.045150377
train-clinvar+pg_dms__transformer__seed43,MLH1,P43246:415:P>W,0,0.084299855
train-clinvar+pg_dms__transformer__seed43,MLH1,P43246:416:N>S,0,0.0010164473
train-clinvar+pg_dms__transformer__seed43,MLH1,P43246:416:N>R,0,0.002359195
train-clinvar+pg_dms__transformer__seed43,MLH1,P43246:416:N>Q,0,0.0013266001
train-clinvar+pg_dms__transformer__seed43,MLH1,P43246:416:N>P,1,0.03846478
train-clinvar+pg_dms__transformer__seed43,MLH1,P43246:416:N>M,1,0.056222532
train-clinvar+pg_dms__transformer__seed43,MLH1,P43246:416:N>L,0,0.0026926822
train-clinvar+pg_dms__transformer__seed43,MLH1,P43246:416:N>I,0,0.0065847943
train-clinvar+pg_dms__transformer__seed43,MLH1,P43246:416:N>H,0,0.0009584699
train-clinvar+pg_dms__transformer__seed43,MLH1,P43246:416:N>G,0,0.0008137701
train-clinvar+pg_dms__transformer__seed43,MLH1,P43246:416:N>F,0,0.0025411
train-clinvar+pg_dms__transformer__seed43,MLH1,P43246:416:N>E,0,0.003101119
train-clinvar+pg_dms__transformer__seed43,MLH1,P43246:416:N>C,0,0.0006337729
train-clinvar+pg_dms__transformer__seed43,MLH1,P43246:416:N>A,0,0.0014659398
train-clinvar+pg_dms__transformer__seed43,MLH1,P43246:416:N>T,0,0.003864028
train-clinvar+pg_dms__transformer__seed43,MLH1,P43246:416:N>V,0,0.00093702844
train-clinvar+pg_dms__transformer__seed43,MLH1,P43246:416:N>K,0,0.002125323
train-clinvar+pg_dms__transformer__seed43,MLH1,P43246:416:N>Y,0,0.002097104
train-clinvar+pg_dms__transformer__seed43,MLH1,P43246:416:N>W,1,0.028727906
train-clinvar+pg_dms__transformer__seed43,MLH1,P43246:427:K>F,0,0.003385739
train-clinvar+pg_dms__transformer__seed43,MLH1,P43246:427:K>G,0,0.00093782245
train-clinvar+pg_dms__transformer__seed43,MLH1,P43246:427:K>W,0,0.3008908
train-clinvar+pg_dms__transformer__seed43,MLH1,P43246:427:K>L,0,0.0028518792
train-clinvar+pg_dms__transformer__seed43,MLH1,P43246:427:K>M,0,0.059813917
train-clinvar+pg_dms__transformer__seed43,MLH1,P43246:427:K>N,0,0.00784133
train-clinvar+pg_dms__transformer__seed43,MLH1,P43246:427:K>P,0,0.020101503
train-clinvar+pg_dms__transformer__seed43,MLH1,P43246:427:K>R,0,0.0046553705
train-clinvar+pg_dms__transformer__seed43,MLH1,P43246:427:K>S,0,0.0016302251
train-clinvar+pg_dms__transformer__seed43,MLH1,P43246:427:K>H,0,0.0050970726
train-clinvar+pg_dms__transformer__seed43,MLH1,P43246:427:K>T,0,0.0054051895
train-clinvar+pg_dms__transformer__seed43,MLH1,P43246:427:K>A,0,0.0016679681
train-clinvar+pg_dms__transformer__seed43,MLH1,P43246:427:K>Y,0,0.0039566527
train-clinvar+pg_dms__transformer__seed43,MLH1,P43246:427:K>D,0,0.004198514
train-clinvar+pg_dms__transformer__seed43,MLH1,P43246:427:K>C,0,0.0039441497
train-clinvar+pg_dms__transformer__seed43,MLH1,P43246:427:K>V,0,0.0011453425
train-clinvar+pg_dms__transformer__seed43,MLH1,P43246:427:K>I,0,0.003197963
train-clinvar+pg_dms__transformer__seed43,MLH1,P43246:431:L>P,0,0.5574982
train-clinvar+pg_dms__transformer__seed43,MLH1,P43246:431:L>Q,0,0.008203204
train-clinvar+pg_dms__transformer__seed43,MLH1,P43246:431:L>R,0,0.07106929
train-clinvar+pg_dms__transformer__seed43,MLH1,P43246:431:L>S,0,0.06714365
train-clinvar+pg_dms__transformer__seed43,MLH1,P43246:431:L>T,0,0.081590004
train-clinvar+pg_dms__transformer__seed43,MLH1,P43246:431:L>Y,0,0.046072975
train-clinvar+pg_dms__transformer__seed43,MLH1,P43246:431:L>W,1,0.4738731
train-clinvar+pg_dms__transformer__seed43,MLH1,P43246:431:L>N,0,0.052440394
train-clinvar+pg_dms__transformer__seed43,MLH1,P43246:431:L>M,1,0.36736006
train-clinvar+pg_dms__transformer__seed43,MLH1,P43246:431:L>K,0,0.06960354
train-clinvar+pg_dms__transformer__seed43,MLH1,P43246:431:L>I,0,0.03426861
train-clinvar+pg_dms__transformer__seed43,MLH1,P43246:431:L>H,0,0.079308
train-clinvar+pg_dms__transformer__seed43,MLH1,P43246:431:L>G,0,0.10444117
train-clinvar+pg_dms__transformer__seed43,MLH1,P43246:431:L>E,0,0.09905581
train-clinvar+pg_dms__transformer__seed43,MLH1,P43246:431:L>A,0,0.022867743
train-clinvar+pg_dms__transformer__seed43,MLH1,P43246:432:L>N,0,0.8463089
train-clinvar+pg_dms__transformer__seed43,MLH1,P43246:432:L>P,0,0.98545086
train-clinvar+pg_dms__transformer__seed43,MLH1,P43246:432:L>R,0,0.8861114
train-clinvar+pg_dms__transformer__seed43,MLH1,P43246:432:L>Q,0,0.17654702
train-clinvar+pg_dms__transformer__seed43,MLH1,P43246:432:L>T,0,0.35606247
train-clinvar+pg_dms__transformer__seed43,MLH1,P43246:432:L>V,0,0.00791204
train-clinvar+pg_dms__transformer__seed43,MLH1,P43246:432:L>M,0,0.39466316
train-clinvar+pg_dms__transformer__seed43,MLH1,P43246:432:L>Y,0,0.23916312
train-clinvar+pg_dms__transformer__seed43,MLH1,P43246:432:L>S,0,0.7661594
train-clinvar+pg_dms__transformer__seed43,MLH1,P43246:432:L>K,0,0.89408475
train-clinvar+pg_dms__transformer__seed43,MLH1,P43246:432:L>F,0,0.13234313
train-clinvar+pg_dms__transformer__seed43,MLH1,P43246:432:L>H,0,0.6254964
train-clinvar+pg_dms__transformer__seed43,MLH1,P43246:432:L>G,1,0.8489947
train-clinvar+pg_dms__transformer__seed43,MLH1,P43246:432:L>E,0,0.9701058
train-clinvar+pg_dms__transformer__seed43,MLH1,P43246:432:L>D,0,0.9837869
train-clinvar+pg_dms__transformer__seed43,MLH1,P43246:432:L>C,0,0.05813203
train-clinvar+pg_dms__transformer__seed43,MLH1,P43246:432:L>A,0,0.096189104
train-clinvar+pg_dms__transformer__seed43,MLH1,P43246:432:L>I,0,0.025695002
train-clinvar+pg_dms__transformer__seed43,MLH1,P43246:436:F>A,1,0.81443816
train-clinvar+pg_dms__transformer__seed43,MLH1,P43246:436:F>C,0,0.060592193
train-clinvar+pg_dms__transformer__seed43,MLH1,P43246:436:F>E,0,0.9889587
train-clinvar+pg_dms__transformer__seed43,MLH1,P43246:436:F>G,0,0.96371865
train-clinvar+pg_dms__transformer__seed43,MLH1,P43246:436:F>I,0,0.13092753
train-clinvar+pg_dms__transformer__seed43,MLH1,P43246:436:F>K,1,0.98699176
train-clinvar+pg_dms__transformer__seed43,MLH1,P43246:436:F>L,0,0.80178857
train-clinvar+pg_dms__transformer__seed43,MLH1,P43246:436:F>D,1,0.9937848
train-clinvar+pg_dms__transformer__seed43,MLH1,P43246:436:F>N,0,0.9564155
train-clinvar+pg_dms__transformer__seed43,MLH1,P43246:436:F>M,0,0.5776508
train-clinvar+pg_dms__transformer__seed43,MLH1,P43246:436:F>W,0,0.5326319
train-clinvar+pg_dms__transformer__seed43,MLH1,P43246:436:F>V,0,0.1281943
train-clinvar+pg_dms__transformer__seed43,MLH1,P43246:436:F>P,1,0.9913186
train-clinvar+pg_dms__transformer__seed43,MLH1,P43246:436:F>R,1,0.99538076
train-clinvar+pg_dms__transformer__seed43,MLH1,P43246:436:F>Q,0,0.9859994
train-clinvar+pg_dms__transformer__seed43,MLH1,P43246:436:F>T,0,0.91654235
train-clinvar+pg_dms__transformer__seed43,MLH1,P43246:437:V>T,0,0.011133373
train-clinvar+pg_dms__transformer__seed43,MLH1,P43246:437:V>S,0,0.027208583
train-clinvar+pg_dms__transformer__seed43,MLH1,P43246:437:V>R,0,0.02409727
train-clinvar+pg_dms__transformer__seed43,MLH1,P43246:437:V>Q,0,0.024403552
train-clinvar+pg_dms__transformer__seed43,MLH1,P43246:437:V>P,1,0.9164183
train-clinvar+pg_dms__transformer__seed43,MLH1,P43246:437:V>L,0,0.012697822
train-clinvar+pg_dms__transformer__seed43,MLH1,P43246:437:V>I,0,0.003489415
train-clinvar+pg_dms__transformer__seed43,MLH1,P43246:437:V>H,0,0.086061575
train-clinvar+pg_dms__transformer__seed43,MLH1,P43246:437:V>G,0,0.0030266133
train-clinvar+pg_dms__transformer__seed43,MLH1,P43246:437:V>E,0,0.01896626
train-clinvar+pg_dms__transformer__seed43,MLH1,P43246:437:V>D,0,0.07438631
train-clinvar+pg_dms__transformer__seed43,MLH1,P43246:437:V>C,0,0.010309804
train-clinvar+pg_dms__transformer__seed43,MLH1,P43246:437:V>A,0,0.0046260585
train-clinvar+pg_dms__transformer__seed43,MLH1,P43246:437:V>W,0,0.55613554
train-clinvar+pg_dms__transformer__seed43,MLH1,P43246:437:V>K,0,0.01691255
train-clinvar+pg_dms__transformer__seed43,MLH1,P43246:437:V>F,0,0.009071663
train-clinvar+pg_dms__transformer__seed43,MLH1,P43246:437:V>Y,0,0.038221635
train-clinvar+pg_dms__transformer__seed43,MLH1,P43246:440:L>K,1,0.82763493
train-clinvar+pg_dms__transformer__seed43,MLH1,P43246:440:L>I,0,0.010109332
train-clinvar+pg_dms__transformer__seed43,MLH1,P43246:440:L>H,1,0.28757542
train-clinvar+pg_dms__transformer__seed43,MLH1,P43246:440:L>G,0,0.60297453
train-clinvar+pg_dms__transformer__seed43,MLH1,P43246:440:L>E,1,0.9530496
train-clinvar+pg_dms__transformer__seed43,MLH1,P43246:440:L>S,0,0.8113407
train-clinvar+pg_dms__transformer__seed43,MLH1,P43246:440:L>N,1,0.56798375
train-clinvar+pg_dms__transformer__seed43,MLH1,P43246:440:L>Q,0,0.3039677
train-clinvar+pg_dms__transformer__seed43,MLH1,P43246:440:L>C,0,0.019677168
train-clinvar+pg_dms__transformer__seed43,MLH1,P43246:440:L>T,0,0.35731348
train-clinvar+pg_dms__transformer__seed43,MLH1,P43246:440:L>V,0,0.045649033
train-clinvar+pg_dms__transformer__seed43,MLH1,P43246:440:L>W,0,0.44404492
train-clinvar+pg_dms__transformer__seed43,MLH1,P43246:440:L>Y,0,0.23954278
train-clinvar+pg_dms__transformer__seed43,MLH1,P43246:440:L>M,0,0.21639055
train-clinvar+pg_dms__transformer__seed43,MLH1,P43246:440:L>A,0,0.08310451
train-clinvar+pg_dms__transformer__seed43,MLH1,P43246:440:L>D,1,0.9539746
train-clinvar+pg_dms__transformer__seed43,MLH1,P43246:451:Q>N,0,0.14515916
train-clinvar+pg_dms__transformer__seed43,MLH1,P43246:451:Q>W,0,0.7715733
train-clinvar+pg_dms__transformer__seed43,MLH1,P43246:451:Q>V,1,0.07950679
train-clinvar+pg_dms__transformer__seed43,MLH1,P43246:451:Q>T,0,0.2343745
train-clinvar+pg_dms__transformer__seed43,MLH1,P43246:451:Q>S,0,0.083056964
train-clinvar+pg_dms__transformer__seed43,MLH1,P43246:451:Q>R,0,0.018963614
train-clinvar+pg_dms__transformer__seed43,MLH1,P43246:451:Q>P,0,0.95069504
train-clinvar+pg_dms__transformer__seed43,MLH1,P43246:451:Q>Y,0,0.77324265
train-clinvar+pg_dms__transformer__seed43,MLH1,P43246:451:Q>M,1,0.5515893
train-clinvar+pg_dms__transformer__seed43,MLH1,P43246:451:Q>I,1,0.17346813
train-clinvar+pg_dms__transformer__seed43,MLH1,P43246:451:Q>K,0,0.005404628
train-clinvar+pg_dms__transformer__seed43,MLH1,P43246:451:Q>H,0,0.28922525
train-clinvar+pg_dms__transformer__seed43,MLH1,P43246:451:Q>G,0,0.035084125
train-clinvar+pg_dms__transformer__seed43,MLH1,P43246:451:Q>E,0,0.029101202
train-clinvar+pg_dms__transformer__seed43,MLH1,P43246:451:Q>D,0,0.89510405
train-clinvar+pg_dms__transformer__seed43,MLH1,P43246:451:Q>C,0,0.05879695
train-clinvar+pg_dms__transformer__seed43,MLH1,P43246:451:Q>A,0,0.042425383
train-clinvar+pg_dms__transformer__seed43,MLH1,P43246:451:Q>L,0,0.05108898
train-clinvar+pg_dms__transformer__seed43,MLH1,P43246:452:E>V,0,0.037634153
train-clinvar+pg_dms__transformer__seed43,MLH1,P43246:452:E>P,0,0.8472503
train-clinvar+pg_dms__transformer__seed43,MLH1,P43246:452:E>T,0,0.16003382
train-clinvar+pg_dms__transformer__seed43,MLH1,P43246:452:E>S,0,0.04190578
train-clinvar+pg_dms__transformer__seed43,MLH1,P43246:452:E>R,0,0.17955327
train-clinvar+pg_dms__transformer__seed43,MLH1,P43246:452:E>Q,0,0.012207713
train-clinvar+pg_dms__transformer__seed43,MLH1,P43246:452:E>M,0,0.57574797
train-clinvar+pg_dms__transformer__seed43,MLH1,P43246:452:E>K,0,0.3885572
train-clinvar+pg_dms__transformer__seed43,MLH1,P43246:452:E>I,0,0.14143123
train-clinvar+pg_dms__transformer__seed43,MLH1,P43246:452:E>H,0,0.11622148
train-clinvar+pg_dms__transformer__seed43,MLH1,P43246:452:E>G,0,0.007748744
train-clinvar+pg_dms__transformer__seed43,MLH1,P43246:452:E>D,0,0.032912616
train-clinvar+pg_dms__transformer__seed43,MLH1,P43246:452:E>C,0,0.03133929
train-clinvar+pg_dms__transformer__seed43,MLH1,P43246:452:E>A,0,0.016676383
train-clinvar+pg_dms__transformer__seed43,MLH1,P43246:452:E>W,0,0.6383901
train-clinvar+pg_dms__transformer__seed43,MLH1,P43246:452:E>L,0,0.17523952
train-clinvar+pg_dms__transformer__seed43,MLH1,P43246:452:E>Y,0,0.08920829
train-clinvar+pg_dms__transformer__seed43,MLH1,P43246:454:I>D,1,0.9855409
train-clinvar+pg_dms__transformer__seed43,MLH1,P43246:454:I>E,1,0.9349348
train-clinvar+pg_dms__transformer__seed43,MLH1,P43246:454:I>A,0,0.0414398
train-clinvar+pg_dms__transformer__seed43,MLH1,P43246:454:I>G,1,0.65893537
train-clinvar+pg_dms__transformer__seed43,MLH1,P43246:454:I>V,0,0.024530731
train-clinvar+pg_dms__transformer__seed43,MLH1,P43246:454:I>K,1,0.93312716
train-clinvar+pg_dms__transformer__seed43,MLH1,P43246:454:I>P,1,0.96916413
train-clinvar+pg_dms__transformer__seed43,MLH1,P43246:454:I>S,0,0.625625
train-clinvar+pg_dms__transformer__seed43,MLH1,P43246:454:I>T,0,0.1608185
train-clinvar+pg_dms__transformer__seed43,MLH1,P43246:454:I>W,1,0.6653091
train-clinvar+pg_dms__transformer__seed43,MLH1,P43246:454:I>C,0,0.102006584
train-clinvar+pg_dms__transformer__seed43,MLH1,P43246:454:I>F,1,0.33553338
train-clinvar+pg_dms__transformer__seed43,MLH1,P43246:462:Q>R,0,0.1127351
train-clinvar+pg_dms__transformer__seed43,MLH1,P43246:462:Q>P,0,0.92247117
train-clinvar+pg_dms__transformer__seed43,MLH1,P43246:462:Q>N,0,0.07168753
train-clinvar+pg_dms__transformer__seed43,MLH1,P43246:462:Q>M,0,0.5224975
train-clinvar+pg_dms__transformer__seed43,MLH1,P43246:462:Q>L,0,0.020353364
train-clinvar+pg_dms__transformer__seed43,MLH1,P43246:462:Q>K,0,0.058430046
train-clinvar+pg_dms__transformer__seed43,MLH1,P43246:462:Q>I,0,0.25110948
train-clinvar+pg_dms__transformer__seed43,MLH1,P43246:462:Q>D,0,0.44950458
train-clinvar+pg_dms__transformer__seed43,MLH1,P43246:462:Q>F,0,0.25712457
train-clinvar+pg_dms__transformer__seed43,MLH1,P43246:462:Q>E,0,0.13263787
train-clinvar+pg_dms__transformer__seed43,MLH1,P43246:462:Q>C,0,0.1104213
train-clinvar+pg_dms__transformer__seed43,MLH1,P43246:462:Q>A,0,0.011408557
train-clinvar+pg_dms__transformer__seed43,MLH1,P43246:462:Q>Y,0,0.46665916
train-clinvar+pg_dms__transformer__seed43,MLH1,P43246:462:Q>W,0,0.6394844
train-clinvar+pg_dms__transformer__seed43,MLH1,P43246:462:Q>V,0,0.064134575
train-clinvar+pg_dms__transformer__seed43,MLH1,P43246:462:Q>G,0,0.063092686
train-clinvar+pg_dms__transformer__seed43,MLH1,P43246:462:Q>S,0,0.016335355
train-clinvar+pg_dms__transformer__seed43,MLH1,P43246:462:Q>T,0,0.24003144
train-clinvar+pg_dms__transformer__seed43,MLH1,P43246:463:V>A,0,0.019388963
train-clinvar+pg_dms__transformer__seed43,MLH1,P43246:463:V>C,0,0.06342814
train-clinvar+pg_dms__transformer__seed43,MLH1,P43246:463:V>D,1,0.769941
train-clinvar+pg_dms__transformer__seed43,MLH1,P43246:463:V>E,0,0.52805215
train-clinvar+pg_dms__transformer__seed43,MLH1,P43246:463:V>F,0,0.04134467
train-clinvar+pg_dms__transformer__seed43,MLH1,P43246:463:V>G,0,0.09958364
train-clinvar+pg_dms__transformer__seed43,MLH1,P43246:463:V>H,0,0.20057492
train-clinvar+pg_dms__transformer__seed43,MLH1,P43246:463:V>I,0,0.0061213165
train-clinvar+pg_dms__transformer__seed43,MLH1,P43246:463:V>K,0,0.5328021
train-clinvar+pg_dms__transformer__seed43,MLH1,P43246:463:V>L,0,0.05195322
train-clinvar+pg_dms__transformer__seed43,MLH1,P43246:463:V>M,0,0.3927157
train-clinvar+pg_dms__transformer__seed43,MLH1,P43246:463:V>N,0,0.1603071
train-clinvar+pg_dms__transformer__seed43,MLH1,P43246:463:V>P,1,0.92282444
train-clinvar+pg_dms__transformer__seed43,MLH1,P43246:463:V>Q,0,0.1654599
train-clinvar+pg_dms__transformer__seed43,MLH1,P43246:463:V>R,0,0.6816751
train-clinvar+pg_dms__transformer__seed43,MLH1,P43246:463:V>S,0,0.10888098
train-clinvar+pg_dms__transformer__seed43,MLH1,P43246:463:V>Y,0,0.2035159
train-clinvar+pg_dms__transformer__seed43,MLH1,P43246:463:V>T,0,0.22140884
train-clinvar+pg_dms__transformer__seed43,MLH1,P43246:463:V>W,1,0.5549945
train-clinvar+pg_dms__transformer__seed43,MLH1,P43246:477:N>S,0,0.005100522
train-clinvar+pg_dms__transformer__seed43,MLH1,P43246:477:N>K,0,0.004176023
train-clinvar+pg_dms__transformer__seed43,MLH1,P43246:477:N>L,0,0.0025205251
train-clinvar+pg_dms__transformer__seed43,MLH1,P43246:477:N>V,0,0.0006613072
train-clinvar+pg_dms__transformer__seed43,MLH1,P43246:477:N>W,0,0.2102887
train-clinvar+pg_dms__transformer__seed43,MLH1,P43246:477:N>T,0,0.014257841
train-clinvar+pg_dms__transformer__seed43,MLH1,P43246:477:N>R,0,0.00803822
train-clinvar+pg_dms__transformer__seed43,MLH1,P43246:477:N>Q,0,0.0033543664
train-clinvar+pg_dms__transformer__seed43,MLH1,P43246:477:N>P,0,0.6749763
train-clinvar+pg_dms__transformer__seed43,MLH1,P43246:477:N>M,1,0.33142802
train-clinvar+pg_dms__transformer__seed43,MLH1,P43246:477:N>Y,0,0.015439658
train-clinvar+pg_dms__transformer__seed43,MLH1,P43246:477:N>C,0,0.0011604595
train-clinvar+pg_dms__transformer__seed43,MLH1,P43246:477:N>D,1,0.018136851
train-clinvar+pg_dms__transformer__seed43,MLH1,P43246:477:N>E,0,0.01599524
train-clinvar+pg_dms__transformer__seed43,MLH1,P43246:477:N>I,0,0.0031882825
train-clinvar+pg_dms__transformer__seed43,MLH1,P43246:477:N>F,0,0.010548024
train-clinvar+pg_dms__transformer__seed43,MLH1,P43246:477:N>G,0,0.0013577414
train-clinvar+pg_dms__transformer__seed43,MLH1,P43246:477:N>H,0,0.015824407
train-clinvar+pg_dms__transformer__seed43,MLH1,P43246:477:N>A,0,0.0037473515
train-clinvar+pg_dms__transformer__seed43,MLH1,P43246:479:S>P,0,0.9396597
train-clinvar+pg_dms__transformer__seed43,MLH1,P43246:479:S>A,0,0.018510345
train-clinvar+pg_dms__transformer__seed43,MLH1,P43246:479:S>C,0,0.008551746
train-clinvar+pg_dms__transformer__seed43,MLH1,P43246:479:S>D,0,0.24685712
train-clinvar+pg_dms__transformer__seed43,MLH1,P43246:479:S>F,0,0.06680376
train-clinvar+pg_dms__transformer__seed43,MLH1,P43246:479:S>G,0,0.0026470767
train-clinvar+pg_dms__transformer__seed43,MLH1,P43246:479:S>H,0,0.053270545
train-clinvar+pg_dms__transformer__seed43,MLH1,P43246:479:S>I,0,0.0657329
train-clinvar+pg_dms__transformer__seed43,MLH1,P43246:479:S>K,0,0.023398405
train-clinvar+pg_dms__transformer__seed43,MLH1,P43246:479:S>L,0,0.02613173
train-clinvar+pg_dms__transformer__seed43,MLH1,P43246:479:S>M,0,0.30162624
train-clinvar+pg_dms__transformer__seed43,MLH1,P43246:479:S>Y,0,0.21375243
train-clinvar+pg_dms__transformer__seed43,MLH1,P43246:479:S>W,0,0.3814053
train-clinvar+pg_dms__transformer__seed43,MLH1,P43246:479:S>V,0,0.039388936
train-clinvar+pg_dms__transformer__seed43,MLH1,P43246:479:S>T,0,0.067053854
train-clinvar+pg_dms__transformer__seed43,MLH1,P43246:479:S>Q,0,0.020877382
train-clinvar+pg_dms__transformer__seed43,MLH1,P43246:482:R>Y,0,0.11012773
train-clinvar+pg_dms__transformer__seed43,MLH1,P43246:482:R>W,0,0.28852248
train-clinvar+pg_dms__transformer__seed43,MLH1,P43246:482:R>V,0,0.101013206
train-clinvar+pg_dms__transformer__seed43,MLH1,P43246:482:R>S,0,0.057900086
train-clinvar+pg_dms__transformer__seed43,MLH1,P43246:482:R>P,1,0.9377738
train-clinvar+pg_dms__transformer__seed43,MLH1,P43246:482:R>M,0,0.32022196
train-clinvar+pg_dms__transformer__seed43,MLH1,P43246:482:R>L,1,0.088386305
train-clinvar+pg_dms__transformer__seed43,MLH1,P43246:482:R>H,0,0.0071131024
train-clinvar+pg_dms__transformer__seed43,MLH1,P43246:482:R>G,0,0.09759513
train-clinvar+pg_dms__transformer__seed43,MLH1,P43246:482:R>F,0,0.08509468
train-clinvar+pg_dms__transformer__seed43,MLH1,P43246:482:R>E,1,0.25651592
train-clinvar+pg_dms__transformer__seed43,MLH1,P43246:482:R>D,0,0.7401351
train-clinvar+pg_dms__transformer__seed43,MLH1,P43246:482:R>A,0,0.067700274
train-clinvar+pg_dms__transformer__seed43,MLH1,P43246:482:R>N,0,0.055785254
train-clinvar+pg_dms__transformer__seed43,MLH1,P43246:482:R>K,0,0.0094994595
train-clinvar+pg_dms__transformer__seed43,MLH1,P43246:482:R>Q,0,0.0045292336
train-clinvar+pg_dms__transformer__seed43,MLH1,P43246:488:L>F,0,0.03736625
train-clinvar+pg_dms__transformer__seed43,MLH1,P43246:488:L>G,0,0.07481878
train-clinvar+pg_dms__transformer__seed43,MLH1,P43246:488:L>H,0,0.09996445
train-clinvar+pg_dms__transformer__seed43,MLH1,P43246:488:L>I,0,0.033085763
train-clinvar+pg_dms__transformer__seed43,MLH1,P43246:488:L>K,0,0.048768744
train-clinvar+pg_dms__transformer__seed43,MLH1,P43246:488:L>M,0,0.39911884
train-clinvar+pg_dms__transformer__seed43,MLH1,P43246:488:L>P,1,0.99454725
train-clinvar+pg_dms__transformer__seed43,MLH1,P43246:488:L>Q,0,0.029344264
train-clinvar+pg_dms__transformer__seed43,MLH1,P43246:488:L>D,0,0.8502495
train-clinvar+pg_dms__transformer__seed43,MLH1,P43246:488:L>S,0,0.167101
train-clinvar+pg_dms__transformer__seed43,MLH1,P43246:488:L>T,0,0.06407091
train-clinvar+pg_dms__transformer__seed43,MLH1,P43246:488:L>V,0,0.031155122
train-clinvar+pg_dms__transformer__seed43,MLH1,P43246:488:L>W,0,0.5024705
train-clinvar+pg_dms__transformer__seed43,MLH1,P43246:488:L>Y,0,0.047361955
train-clinvar+pg_dms__transformer__seed43,MLH1,P43246:488:L>N,0,0.06320358
train-clinvar+pg_dms__transformer__seed43,MLH1,P43246:488:L>R,0,0.08913521
train-clinvar+pg_dms__transformer__seed43,MLH1,P43246:488:L>E,0,0.15909539
train-clinvar+pg_dms__transformer__seed43,MLH1,P43246:488:L>C,0,0.008971516
train-clinvar+pg_dms__transformer__seed43,MLH1,P43246:488:L>A,0,0.016614785
train-clinvar+pg_dms__transformer__seed43,MLH1,P43246:489:E>D,0,0.02577405
train-clinvar+pg_dms__transformer__seed43,MLH1,P43246:489:E>K,1,0.09274795
train-clinvar+pg_dms__transformer__seed43,MLH1,P43246:489:E>C,0,0.038788103
train-clinvar+pg_dms__transformer__seed43,MLH1,P43246:489:E>L,0,0.035174854
train-clinvar+pg_dms__transformer__seed43,MLH1,P43246:489:E>M,0,0.4386336
train-clinvar+pg_dms__transformer__seed43,MLH1,P43246:489:E>N,0,0.014307243
train-clinvar+pg_dms__transformer__seed43,MLH1,P43246:489:E>P,0,0.8873448
train-clinvar+pg_dms__transformer__seed43,MLH1,P43246:489:E>Q,0,0.0035369112
train-clinvar+pg_dms__transformer__seed43,MLH1,P43246:489:E>R,0,0.092273474
train-clinvar+pg_dms__transformer__seed43,MLH1,P43246:489:E>S,0,0.0041669053
train-clinvar+pg_dms__transformer__seed43,MLH1,P43246:489:E>T,0,0.11057132
train-clinvar+pg_dms__transformer__seed43,MLH1,P43246:489:E>V,0,0.01163608
train-clinvar+pg_dms__transformer__seed43,MLH1,P43246:489:E>W,0,0.5519518
train-clinvar+pg_dms__transformer__seed43,MLH1,P43246:489:E>Y,0,0.10154178
train-clinvar+pg_dms__transformer__seed43,MLH1,P43246:489:E>A,0,0.011469066
train-clinvar+pg_dms__transformer__seed43,MLH1,P43246:489:E>G,0,0.0015684091
train-clinvar+pg_dms__transformer__seed43,MLH1,P43246:489:E>F,0,0.037551247
train-clinvar+pg_dms__transformer__seed43,MLH1,P43246:489:E>I,0,0.023089914
train-clinvar+pg_dms__transformer__seed43,MLH1,P43246:489:E>H,0,0.029556202
train-clinvar+pg_dms__transformer__seed43,MLH1,P43246:491:K>N,0,0.022846857
train-clinvar+pg_dms__transformer__seed43,MLH1,P43246:491:K>Q,0,0.00076128513
train-clinvar+pg_dms__transformer__seed43,MLH1,P43246:491:K>P,1,0.8083658
train-clinvar+pg_dms__transformer__seed43,MLH1,P43246:491:K>M,0,0.32899946
train-clinvar+pg_dms__transformer__seed43,MLH1,P43246:491:K>L,0,0.006000665
train-clinvar+pg_dms__transformer__seed43,MLH1,P43246:491:K>I,0,0.0038510552
train-clinvar+pg_dms__transformer__seed43,MLH1,P43246:491:K>R,0,0.009925724
train-clinvar+pg_dms__transformer__seed43,MLH1,P43246:491:K>S,0,0.0029705397
train-clinvar+pg_dms__transformer__seed43,MLH1,P43246:491:K>V,0,0.0039128605
train-clinvar+pg_dms__transformer__seed43,MLH1,P43246:491:K>T,0,0.015832525
train-clinvar+pg_dms__transformer__seed43,MLH1,P43246:491:K>Y,0,0.011464148
train-clinvar+pg_dms__transformer__seed43,MLH1,P43246:491:K>A,0,0.0041419417
train-clinvar+pg_dms__transformer__seed43,MLH1,P43246:491:K>W,0,0.43462577
train-clinvar+pg_dms__transformer__seed43,MLH1,P43246:491:K>D,0,0.011861014
train-clinvar+pg_dms__transformer__seed43,MLH1,P43246:491:K>E,0,0.0034589383
train-clinvar+pg_dms__transformer__seed43,MLH1,P43246:491:K>C,0,0.010289472
train-clinvar+pg_dms__transformer__seed43,MLH1,P43246:491:K>G,0,0.0012167396
train-clinvar+pg_dms__transformer__seed43,MLH1,P43246:491:K>H,0,0.00751991
train-clinvar+pg_dms__transformer__seed43,MLH1,P43246:491:K>F,0,0.009985178
train-clinvar+pg_dms__transformer__seed43,MLH1,P43246:492:M>W,1,0.98324627
train-clinvar+pg_dms__transformer__seed43,MLH1,P43246:492:M>V,0,0.075906284
train-clinvar+pg_dms__transformer__seed43,MLH1,P43246:492:M>T,0,0.20991336
train-clinvar+pg_dms__transformer__seed43,MLH1,P43246:492:M>P,1,0.9913326
train-clinvar+pg_dms__transformer__seed43,MLH1,P43246:492:M>S,0,0.74684966
train-clinvar+pg_dms__transformer__seed43,MLH1,P43246:492:M>R,0,0.96633506
train-clinvar+pg_dms__transformer__seed43,MLH1,P43246:492:M>Q,0,0.61188644
train-clinvar+pg_dms__transformer__seed43,MLH1,P43246:492:M>N,1,0.7774114
train-clinvar+pg_dms__transformer__seed43,MLH1,P43246:492:M>D,1,0.9529593
train-clinvar+pg_dms__transformer__seed43,MLH1,P43246:492:M>K,0,0.9083381
train-clinvar+pg_dms__transformer__seed43,MLH1,P43246:492:M>I,0,0.26533124
train-clinvar+pg_dms__transformer__seed43,MLH1,P43246:492:M>G,0,0.7984111
train-clinvar+pg_dms__transformer__seed43,MLH1,P43246:492:M>F,0,0.5190518
train-clinvar+pg_dms__transformer__seed43,MLH1,P43246:492:M>E,1,0.9127336
train-clinvar+pg_dms__transformer__seed43,MLH1,P43246:492:M>C,0,0.44240952
train-clinvar+pg_dms__transformer__seed43,MLH1,P43246:492:M>A,0,0.24515507
train-clinvar+pg_dms__transformer__seed43,MLH1,P43246:492:M>Y,0,0.8414038
train-clinvar+pg_dms__transformer__seed43,MLH1,P43246:492:M>L,0,0.09465248
train-clinvar+pg_dms__transformer__seed43,MLH1,P43246:499:A>W,1,0.65857613
train-clinvar+pg_dms__transformer__seed43,MLH1,P43246:499:A>H,1,0.33034799
train-clinvar+pg_dms__transformer__seed43,MLH1,P43246:499:A>G,0,0.012161752
train-clinvar+pg_dms__transformer__seed43,MLH1,P43246:499:A>Y,0,0.6171082
train-clinvar+pg_dms__transformer__seed43,MLH1,P43246:499:A>F,1,0.37011707
train-clinvar+pg_dms__transformer__seed43,MLH1,P43246:499:A>E,0,0.4031448
train-clinvar+pg_dms__transformer__seed43,MLH1,P43246:499:A>C,0,0.02333581
train-clinvar+pg_dms__transformer__seed43,MLH1,P43246:499:A>I,0,0.03681063
train-clinvar+pg_dms__transformer__seed43,MLH1,P43246:499:A>L,1,0.038400374
train-clinvar+pg_dms__transformer__seed43,MLH1,P43246:499:A>N,1,0.06697682
train-clinvar+pg_dms__transformer__seed43,MLH1,P43246:499:A>Q,0,0.13472374
train-clinvar+pg_dms__transformer__seed43,MLH1,P43246:499:A>R,1,0.66519564
train-clinvar+pg_dms__transformer__seed43,MLH1,P43246:499:A>V,0,0.019138856
train-clinvar+pg_dms__transformer__seed43,MLH1,P43246:499:A>M,0,0.34641284
train-clinvar+pg_dms__transformer__seed43,MLH1,P43246:499:A>K,1,0.5373108
train-clinvar+pg_dms__transformer__seed43,MLH1,P43246:500:A>T,0,0.10166169
train-clinvar+pg_dms__transformer__seed43,MLH1,P43246:500:A>N,0,0.11173343
train-clinvar+pg_dms__transformer__seed43,MLH1,P43246:500:A>S,0,0.017342033
train-clinvar+pg_dms__transformer__seed43,MLH1,P43246:500:A>W,1,0.55060774
train-clinvar+pg_dms__transformer__seed43,MLH1,P43246:500:A>Y,0,0.581677
train-clinvar+pg_dms__transformer__seed43,MLH1,P43246:500:A>P,1,0.9074544
train-clinvar+pg_dms__transformer__seed43,MLH1,P43246:500:A>Q,0,0.16239715
train-clinvar+pg_dms__transformer__seed43,MLH1,P43246:500:A>R,0,0.57534325
train-clinvar+pg_dms__transformer__seed43,MLH1,P43246:500:A>L,1,0.21455035
train-clinvar+pg_dms__transformer__seed43,MLH1,P43246:500:A>C,0,0.014350008
train-clinvar+pg_dms__transformer__seed43,MLH1,P43246:500:A>D,1,0.7020891
train-clinvar+pg_dms__transformer__seed43,MLH1,P43246:500:A>E,0,0.49289525
train-clinvar+pg_dms__transformer__seed43,MLH1,P43246:500:A>G,0,0.003919903
train-clinvar+pg_dms__transformer__seed43,MLH1,P43246:500:A>H,0,0.2803485
train-clinvar+pg_dms__transformer__seed43,MLH1,P43246:500:A>M,0,0.44823402
train-clinvar+pg_dms__transformer__seed43,MLH1,P43246:500:A>I,0,0.2194102
train-clinvar+pg_dms__transformer__seed43,MLH1,P43246:505:L>P,1,0.9827062
train-clinvar+pg_dms__transformer__seed43,MLH1,P43246:505:L>Q,0,0.08085791
train-clinvar+pg_dms__transformer__seed43,MLH1,P43246:505:L>C,0,0.023372805
train-clinvar+pg_dms__transformer__seed43,MLH1,P43246:505:L>D,1,0.96310997
train-clinvar+pg_dms__transformer__seed43,MLH1,P43246:505:L>E,1,0.9250758
train-clinvar+pg_dms__transformer__seed43,MLH1,P43246:505:L>F,0,0.01124972
train-clinvar+pg_dms__transformer__seed43,MLH1,P43246:505:L>G,0,0.7725328
train-clinvar+pg_dms__transformer__seed43,MLH1,P43246:505:L>H,0,0.33389196
train-clinvar+pg_dms__transformer__seed43,MLH1,P43246:505:L>I,0,0.008367675
train-clinvar+pg_dms__transformer__seed43,MLH1,P43246:505:L>K,0,0.81261843
train-clinvar+pg_dms__transformer__seed43,MLH1,P43246:505:L>M,0,0.19856575
train-clinvar+pg_dms__transformer__seed43,MLH1,P43246:505:L>V,0,0.0041488805
train-clinvar+pg_dms__transformer__seed43,MLH1,P43246:505:L>T,0,0.1211083
train-clinvar+pg_dms__transformer__seed43,MLH1,P43246:505:L>S,0,0.46001413
train-clinvar+pg_dms__transformer__seed43,MLH1,P43246:505:L>R,0,0.62727684
train-clinvar+pg_dms__transformer__seed43,MLH1,P43246:505:L>A,0,0.0783519
train-clinvar+pg_dms__transformer__seed43,MLH1,P43246:505:L>Y,0,0.3212769
train-clinvar+pg_dms__transformer__seed43,MLH1,P43246:507:P>A,0,0.0406556
train-clinvar+pg_dms__transformer__seed43,MLH1,P43246:507:P>W,0,0.24309546
train-clinvar+pg_dms__transformer__seed43,MLH1,P43246:507:P>V,0,0.017972345
train-clinvar+pg_dms__transformer__seed43,MLH1,P43246:507:P>C,0,0.015338714
train-clinvar+pg_dms__transformer__seed43,MLH1,P43246:507:P>R,0,0.06786595
train-clinvar+pg_dms__transformer__seed43,MLH1,P43246:507:P>Y,0,0.16624808
train-clinvar+pg_dms__transformer__seed43,MLH1,P43246:507:P>Q,0,0.02495626
train-clinvar+pg_dms__transformer__seed43,MLH1,P43246:507:P>N,0,0.020873833
train-clinvar+pg_dms__transformer__seed43,MLH1,P43246:507:P>M,0,0.08149894
train-clinvar+pg_dms__transformer__seed43,MLH1,P43246:507:P>L,0,0.02753008
train-clinvar+pg_dms__transformer__seed43,MLH1,P43246:507:P>K,0,0.05454483
train-clinvar+pg_dms__transformer__seed43,MLH1,P43246:507:P>I,0,0.024783116
train-clinvar+pg_dms__transformer__seed43,MLH1,P43246:507:P>H,0,0.05000912
train-clinvar+pg_dms__transformer__seed43,MLH1,P43246:507:P>G,0,0.02867973
train-clinvar+pg_dms__transformer__seed43,MLH1,P43246:507:P>F,0,0.062397093
train-clinvar+pg_dms__transformer__seed43,MLH1,P43246:507:P>E,0,0.06480747
train-clinvar+pg_dms__transformer__seed43,MLH1,P43246:507:P>D,0,0.19806895
train-clinvar+pg_dms__transformer__seed43,MLH1,P43246:507:P>S,0,0.007713156
train-clinvar+pg_dms__transformer__seed43,MLH1,P43246:508:G>I,0,0.059817724
train-clinvar+pg_dms__transformer__seed43,MLH1,P43246:508:G>H,0,0.088644415
train-clinvar+pg_dms__transformer__seed43,MLH1,P43246:508:G>E,0,0.11175315
train-clinvar+pg_dms__transformer__seed43,MLH1,P43246:508:G>W,1,0.29362816
train-clinvar+pg_dms__transformer__seed43,MLH1,P43246:508:G>V,0,0.022167603
train-clinvar+pg_dms__transformer__seed43,MLH1,P43246:508:G>T,0,0.05635811
train-clinvar+pg_dms__transformer__seed43,MLH1,P43246:508:G>S,0,0.07756749
train-clinvar+pg_dms__transformer__seed43,MLH1,P43246:508:G>R,0,0.21198118
train-clinvar+pg_dms__transformer__seed43,MLH1,P43246:508:G>Q,0,0.04192045
train-clinvar+pg_dms__transformer__seed43,MLH1,P43246:508:G>P,0,0.95454836
train-clinvar+pg_dms__transformer__seed43,MLH1,P43246:508:G>N,0,0.011758904
train-clinvar+pg_dms__transformer__seed43,MLH1,P43246:508:G>L,0,0.07022581
train-clinvar+pg_dms__transformer__seed43,MLH1,P43246:508:G>K,0,0.39913085
train-clinvar+pg_dms__transformer__seed43,MLH1,P43246:508:G>C,0,0.06165014
train-clinvar+pg_dms__transformer__seed43,MLH1,P43246:508:G>Y,0,0.2770599
train-clinvar+pg_dms__transformer__seed43,MLH1,P43246:508:G>F,0,0.10772532
train-clinvar+pg_dms__transformer__seed43,MLH1,P43246:512:K>L,0,0.08805049
train-clinvar+pg_dms__transformer__seed43,MLH1,P43246:512:K>R,0,0.006132347
train-clinvar+pg_dms__transformer__seed43,MLH1,P43246:512:K>Q,0,0.108197615
train-clinvar+pg_dms__transformer__seed43,MLH1,P43246:512:K>P,1,0.8974013
train-clinvar+pg_dms__transformer__seed43,MLH1,P43246:512:K>M,0,0.40102443
train-clinvar+pg_dms__transformer__seed43,MLH1,P43246:512:K>I,0,0.076656654
train-clinvar+pg_dms__transformer__seed43,MLH1,P43246:512:K>H,0,0.020908011
train-clinvar+pg_dms__transformer__seed43,MLH1,P43246:512:K>G,1,0.13138185
train-clinvar+pg_dms__transformer__seed43,MLH1,P43246:512:K>F,0,0.051901415
train-clinvar+pg_dms__transformer__seed43,MLH1,P43246:512:K>E,1,0.43799156
train-clinvar+pg_dms__transformer__seed43,MLH1,P43246:512:K>T,0,0.0963055
train-clinvar+pg_dms__transformer__seed43,MLH1,P43246:512:K>S,0,0.15672839
train-clinvar+pg_dms__transformer__seed43,MLH1,P43246:512:K>A,0,0.07747903
train-clinvar+pg_dms__transformer__seed43,MLH1,P43246:512:K>Y,0,0.124028
train-clinvar+pg_dms__transformer__seed43,MLH1,P43246:512:K>W,0,0.14753993
train-clinvar+pg_dms__transformer__seed43,MLH1,P43246:512:K>V,0,0.040321536
train-clinvar+pg_dms__transformer__seed43,MLH1,P43246:527:C>W,0,0.6023017
train-clinvar+pg_dms__transformer__seed43,MLH1,P43246:527:C>S,0,0.14582781
train-clinvar+pg_dms__transformer__seed43,MLH1,P43246:527:C>A,0,0.032314915
train-clinvar+pg_dms__transformer__seed43,MLH1,P43246:527:C>E,1,0.5139897
train-clinvar+pg_dms__transformer__seed43,MLH1,P43246:527:C>G,0,0.005367235
train-clinvar+pg_dms__transformer__seed43,MLH1,P43246:527:C>H,0,0.25606835
train-clinvar+pg_dms__transformer__seed43,MLH1,P43246:527:C>I,0,0.12000782
train-clinvar+pg_dms__transformer__seed43,MLH1,P43246:527:C>K,0,0.25560313
train-clinvar+pg_dms__transformer__seed43,MLH1,P43246:527:C>L,0,0.019218843
train-clinvar+pg_dms__transformer__seed43,MLH1,P43246:527:C>D,1,0.395655
train-clinvar+pg_dms__transformer__seed43,MLH1,P43246:527:C>M,0,0.46266466
train-clinvar+pg_dms__transformer__seed43,MLH1,P43246:527:C>P,0,0.7871503
train-clinvar+pg_dms__transformer__seed43,MLH1,P43246:527:C>Q,0,0.023564423
train-clinvar+pg_dms__transformer__seed43,MLH1,P43246:527:C>R,0,0.27375272
train-clinvar+pg_dms__transformer__seed43,MLH1,P43246:527:C>T,0,0.054105554
train-clinvar+pg_dms__transformer__seed43,MLH1,P43246:527:C>V,0,0.08792346
train-clinvar+pg_dms__transformer__seed43,MLH1,P43246:527:C>N,0,0.04148466
train-clinvar+pg_dms__transformer__seed43,MLH1,P43246:527:C>F,0,0.020510456
train-clinvar+pg_dms__transformer__seed43,MLH1,P43246:534:R>D,1,0.90705657
train-clinvar+pg_dms__transformer__seed43,MLH1,P43246:534:R>Q,1,0.72073686
train-clinvar+pg_dms__transformer__seed43,MLH1,P43246:534:R>E,1,0.9208279
train-clinvar+pg_dms__transformer__seed43,MLH1,P43246:534:R>G,1,0.81495196
train-clinvar+pg_dms__transformer__seed43,MLH1,P43246:534:R>H,0,0.74889755
train-clinvar+pg_dms__transformer__seed43,MLH1,P43246:534:R>I,1,0.89201176
train-clinvar+pg_dms__transformer__seed43,MLH1,P43246:534:R>L,1,0.7453172
train-clinvar+pg_dms__transformer__seed43,MLH1,P43246:534:R>M,1,0.8603671
train-clinvar+pg_dms__transformer__seed43,MLH1,P43246:534:R>Y,1,0.71615016
train-clinvar+pg_dms__transformer__seed43,MLH1,P43246:534:R>W,0,0.85607064
train-clinvar+pg_dms__transformer__seed43,MLH1,P43246:534:R>V,1,0.81800103
train-clinvar+pg_dms__transformer__seed43,MLH1,P43246:534:R>T,1,0.8633529
train-clinvar+pg_dms__transformer__seed43,MLH1,P43246:534:R>S,1,0.8661838
train-clinvar+pg_dms__transformer__seed43,MLH1,P43246:534:R>A,1,0.7970925
train-clinvar+pg_dms__transformer__seed43,MLH1,P43246:534:R>N,0,0.76775956
train-clinvar+pg_dms__transformer__seed43,MLH1,P43246:546:K>I,1,0.016643306
train-clinvar+pg_dms__transformer__seed43,MLH1,P43246:546:K>A,0,0.06539255
train-clinvar+pg_dms__transformer__seed43,MLH1,P43246:546:K>Y,0,0.08274702
train-clinvar+pg_dms__transformer__seed43,MLH1,P43246:546:K>W,1,0.46447742
train-clinvar+pg_dms__transformer__seed43,MLH1,P43246:546:K>V,0,0.056701526
train-clinvar+pg_dms__transformer__seed43,MLH1,P43246:546:K>T,0,0.12524915
train-clinvar+pg_dms__transformer__seed43,MLH1,P43246:546:K>S,0,0.027953079
train-clinvar+pg_dms__transformer__seed43,MLH1,P43246:546:K>Q,0,0.026952783
train-clinvar+pg_dms__transformer__seed43,MLH1,P43246:546:K>P,1,0.72648674
train-clinvar+pg_dms__transformer__seed43,MLH1,P43246:546:K>N,0,0.12681243
train-clinvar+pg_dms__transformer__seed43,MLH1,P43246:546:K>M,0,0.52904564
train-clinvar+pg_dms__transformer__seed43,MLH1,P43246:546:K>L,0,0.04226626
train-clinvar+pg_dms__transformer__seed43,MLH1,P43246:546:K>H,0,0.07432352
train-clinvar+pg_dms__transformer__seed43,MLH1,P43246:546:K>G,0,0.08197944
train-clinvar+pg_dms__transformer__seed43,MLH1,P43246:546:K>C,0,0.02316006
train-clinvar+pg_dms__transformer__seed43,MLH1,P43246:546:K>E,1,0.15167472
train-clinvar+pg_dms__transformer__seed43,MLH1,P43246:546:K>D,1,0.29710427
train-clinvar+pg_dms__transformer__seed43,MLH1,P43246:551:F>P,1,0.99822325
train-clinvar+pg_dms__transformer__seed43,MLH1,P43246:551:F>N,1,0.96142256
train-clinvar+pg_dms__transformer__seed43,MLH1,P43246:551:F>Y,1,0.67023975
train-clinvar+pg_dms__transformer__seed43,MLH1,P43246:551:F>W,1,0.9283831
train-clinvar+pg_dms__transformer__seed43,MLH1,P43246:551:F>V,0,0.9927331
train-clinvar+pg_dms__transformer__seed43,MLH1,P43246:551:F>T,0,0.9936335
train-clinvar+pg_dms__transformer__seed43,MLH1,P43246:551:F>S,0,0.99654716
train-clinvar+pg_dms__transformer__seed43,MLH1,P43246:551:F>C,0,0.8580318
train-clinvar+pg_dms__transformer__seed43,MLH1,P43246:551:F>D,1,0.99735665
train-clinvar+pg_dms__transformer__seed43,MLH1,P43246:551:F>E,1,0.99086505
train-clinvar+pg_dms__transformer__seed43,MLH1,P43246:551:F>G,0,0.9970841
train-clinvar+pg_dms__transformer__seed43,MLH1,P43246:551:F>H,1,0.9845776
train-clinvar+pg_dms__transformer__seed43,MLH1,P43246:551:F>M,0,0.9114326
train-clinvar+pg_dms__transformer__seed43,MLH1,P43246:551:F>I,0,0.98733854
train-clinvar+pg_dms__transformer__seed43,MLH1,P43246:551:F>A,0,0.990647
train-clinvar+pg_dms__transformer__seed43,MLH1,P43246:551:F>R,1,0.99749666
train-clinvar+pg_dms__transformer__seed43,MLH1,P43246:551:F>Q,1,0.99635625
train-clinvar+pg_dms__transformer__seed43,MLH1,P43246:554:S>L,0,0.15734802
train-clinvar+pg_dms__transformer__seed43,MLH1,P43246:554:S>M,0,0.43010965
train-clinvar+pg_dms__transformer__seed43,MLH1,P43246:554:S>P,0,0.20548637
train-clinvar+pg_dms__transformer__seed43,MLH1,P43246:554:S>W,0,0.38167796
train-clinvar+pg_dms__transformer__seed43,MLH1,P43246:554:S>V,0,0.13301255
train-clinvar+pg_dms__transformer__seed43,MLH1,P43246:554:S>K,0,0.04140981
train-clinvar+pg_dms__transformer__seed43,MLH1,P43246:554:S>Y,0,0.17233075
train-clinvar+pg_dms__transformer__seed43,MLH1,P43246:554:S>R,0,0.24626817
train-clinvar+pg_dms__transformer__seed43,MLH1,P43246:554:S>I,0,0.09259605
train-clinvar+pg_dms__transformer__seed43,MLH1,P43246:554:S>Q,0,0.046892695
train-clinvar+pg_dms__transformer__seed43,MLH1,P43246:554:S>F,0,0.1385346
train-clinvar+pg_dms__transformer__seed43,MLH1,P43246:554:S>E,0,0.13211305
train-clinvar+pg_dms__transformer__seed43,MLH1,P43246:554:S>D,0,0.14535125
train-clinvar+pg_dms__transformer__seed43,MLH1,P43246:554:S>A,0,0.13709104
train-clinvar+pg_dms__transformer__seed43,MLH1,P43246:554:S>H,0,0.13230196
train-clinvar+pg_dms__transformer__seed43,MLH1,P43246:558:S>V,0,0.03104198
train-clinvar+pg_dms__transformer__seed43,MLH1,P43246:558:S>W,0,0.39713937
train-clinvar+pg_dms__transformer__seed43,MLH1,P43246:558:S>A,0,0.010354857
train-clinvar+pg_dms__transformer__seed43,MLH1,P43246:558:S>C,0,0.0018026576
train-clinvar+pg_dms__transformer__seed43,MLH1,P43246:558:S>D,0,0.03471329
train-clinvar+pg_dms__transformer__seed43,MLH1,P43246:558:S>Y,0,0.11834375
train-clinvar+pg_dms__transformer__seed43,MLH1,P43246:558:S>E,0,0.029941613
train-clinvar+pg_dms__transformer__seed43,MLH1,P43246:558:S>F,0,0.16107213
train-clinvar+pg_dms__transformer__seed43,MLH1,P43246:558:S>G,0,0.0027874173
train-clinvar+pg_dms__transformer__seed43,MLH1,P43246:558:S>I,0,0.018902007
train-clinvar+pg_dms__transformer__seed43,MLH1,P43246:558:S>H,0,0.047733296
train-clinvar+pg_dms__transformer__seed43,MLH1,P43246:558:S>L,0,0.028153613
train-clinvar+pg_dms__transformer__seed43,MLH1,P43246:558:S>Q,0,0.009437631
train-clinvar+pg_dms__transformer__seed43,MLH1,P43246:558:S>K,0,0.014830785
train-clinvar+pg_dms__transformer__seed43,MLH1,P43246:558:S>P,0,0.8627273
train-clinvar+pg_dms__transformer__seed43,MLH1,P43246:558:S>R,0,0.023463137
train-clinvar+pg_dms__transformer__seed43,MLH1,P43246:558:S>T,0,0.15022722
train-clinvar+pg_dms__transformer__seed43,MLH1,P43246:558:S>M,0,0.48018977
train-clinvar+pg_dms__transformer__seed43,MLH1,P43246:558:S>N,0,0.009018409
train-clinvar+pg_dms__transformer__seed43,MLH1,P43246:559:L>E,0,0.30875102
train-clinvar+pg_dms__transformer__seed43,MLH1,P43246:559:L>W,0,0.3677567
train-clinvar+pg_dms__transformer__seed43,MLH1,P43246:559:L>V,0,0.03097799
train-clinvar+pg_dms__transformer__seed43,MLH1,P43246:559:L>T,0,0.13301991
train-clinvar+pg_dms__transformer__seed43,MLH1,P43246:559:L>S,0,0.23907565
train-clinvar+pg_dms__transformer__seed43,MLH1,P43246:559:L>A,0,0.031717945
train-clinvar+pg_dms__transformer__seed43,MLH1,P43246:559:L>D,0,0.8814819
train-clinvar+pg_dms__transformer__seed43,MLH1,P43246:559:L>R,0,0.121841416
train-clinvar+pg_dms__transformer__seed43,MLH1,P43246:559:L>P,1,0.99773586
train-clinvar+pg_dms__transformer__seed43,MLH1,P43246:559:L>C,0,0.010467985
train-clinvar+pg_dms__transformer__seed43,MLH1,P43246:559:L>M,0,0.44748113
train-clinvar+pg_dms__transformer__seed43,MLH1,P43246:559:L>I,1,0.10787543
train-clinvar+pg_dms__transformer__seed43,MLH1,P43246:559:L>H,0,0.07637686
train-clinvar+pg_dms__transformer__seed43,MLH1,P43246:559:L>G,0,0.20849317
train-clinvar+pg_dms__transformer__seed43,MLH1,P43246:559:L>F,0,0.16455759
train-clinvar+pg_dms__transformer__seed43,MLH1,P43246:559:L>Q,0,0.016232846
train-clinvar+pg_dms__transformer__seed43,MLH1,P43246:559:L>N,0,0.25149673
train-clinvar+pg_dms__transformer__seed43,MLH1,P43246:564:T>S,0,0.014710869
train-clinvar+pg_dms__transformer__seed43,MLH1,P43246:564:T>R,0,0.050930906
train-clinvar+pg_dms__transformer__seed43,MLH1,P43246:564:T>Q,0,0.011675317
train-clinvar+pg_dms__transformer__seed43,MLH1,P43246:564:T>P,1,0.9184428
train-clinvar+pg_dms__transformer__seed43,MLH1,P43246:564:T>M,0,0.40542123
train-clinvar+pg_dms__transformer__seed43,MLH1,P43246:564:T>L,0,0.00875054
train-clinvar+pg_dms__transformer__seed43,MLH1,P43246:564:T>I,0,0.011946619
train-clinvar+pg_dms__transformer__seed43,MLH1,P43246:564:T>F,0,0.0130988695
train-clinvar+pg_dms__transformer__seed43,MLH1,P43246:564:T>G,0,0.0049175634
train-clinvar+pg_dms__transformer__seed43,MLH1,P43246:564:T>E,0,0.020135937
train-clinvar+pg_dms__transformer__seed43,MLH1,P43246:564:T>D,0,0.16420545
train-clinvar+pg_dms__transformer__seed43,MLH1,P43246:564:T>Y,0,0.012655651
train-clinvar+pg_dms__transformer__seed43,MLH1,P43246:564:T>W,0,0.48168844
train-clinvar+pg_dms__transformer__seed43,MLH1,P43246:564:T>H,0,0.01886587
train-clinvar+pg_dms__transformer__seed43,MLH1,P43246:564:T>V,0,0.012276455
train-clinvar+pg_dms__transformer__seed43,MLH1,P43246:564:T>N,0,0.083893776
train-clinvar+pg_dms__transformer__seed43,MLH1,P43246:569:E>P,1,0.95899904
train-clinvar+pg_dms__transformer__seed43,MLH1,P43246:569:E>Q,0,0.00093495095
train-clinvar+pg_dms__transformer__seed43,MLH1,P43246:569:E>N,0,0.0072838934
train-clinvar+pg_dms__transformer__seed43,MLH1,P43246:569:E>I,0,0.013170532
train-clinvar+pg_dms__transformer__seed43,MLH1,P43246:569:E>H,0,0.03788969
train-clinvar+pg_dms__transformer__seed43,MLH1,P43246:569:E>R,0,0.027428828
train-clinvar+pg_dms__transformer__seed43,MLH1,P43246:569:E>S,0,0.00076778827
train-clinvar+pg_dms__transformer__seed43,MLH1,P43246:569:E>G,0,0.0063894372
train-clinvar+pg_dms__transformer__seed43,MLH1,P43246:569:E>T,0,0.0043408605
train-clinvar+pg_dms__transformer__seed43,MLH1,P43246:569:E>V,0,0.008299385
train-clinvar+pg_dms__transformer__seed43,MLH1,P43246:569:E>W,0,0.68490845
train-clinvar+pg_dms__transformer__seed43,MLH1,P43246:569:E>Y,0,0.02857643
train-clinvar+pg_dms__transformer__seed43,MLH1,P43246:569:E>F,0,0.045688666
train-clinvar+pg_dms__transformer__seed43,MLH1,P43246:569:E>D,0,0.006330112
train-clinvar+pg_dms__transformer__seed43,MLH1,P43246:569:E>C,0,0.014102028
train-clinvar+pg_dms__transformer__seed43,MLH1,P43246:569:E>A,0,0.0036439556
train-clinvar+pg_dms__transformer__seed43,MLH1,P43246:569:E>M,0,0.36753514
train-clinvar+pg_dms__transformer__seed43,MLH1,P43246:569:E>L,0,0.011770025
train-clinvar+pg_dms__transformer__seed43,MLH1,P43246:588:Y>A,0,0.23036116
train-clinvar+pg_dms__transformer__seed43,MLH1,P43246:588:Y>V,0,0.31587476
train-clinvar+pg_dms__transformer__seed43,MLH1,P43246:588:Y>P,1,0.98593444
train-clinvar+pg_dms__transformer__seed43,MLH1,P43246:588:Y>Q,0,0.39307725
train-clinvar+pg_dms__transformer__seed43,MLH1,P43246:588:Y>S,0,0.4935186
train-clinvar+pg_dms__transformer__seed43,MLH1,P43246:588:Y>R,0,0.8556117
train-clinvar+pg_dms__transformer__seed43,MLH1,P43246:588:Y>I,1,0.32824254
train-clinvar+pg_dms__transformer__seed43,MLH1,P43246:588:Y>G,0,0.5055624
train-clinvar+pg_dms__transformer__seed43,MLH1,P43246:588:Y>T,0,0.72715074
train-clinvar+pg_dms__transformer__seed43,MLH1,P43246:588:Y>E,0,0.5710914
train-clinvar+pg_dms__transformer__seed43,MLH1,P43246:588:Y>D,0,0.95055705
train-clinvar+pg_dms__transformer__seed43,MLH1,P43246:588:Y>C,0,0.11711199
train-clinvar+pg_dms__transformer__seed43,MLH1,P43246:588:Y>K,0,0.8459415
train-clinvar+pg_dms__transformer__seed43,MLH1,P43246:588:Y>F,0,0.013199355
train-clinvar+pg_dms__transformer__seed43,MLH1,P43246:588:Y>N,0,0.18316308
train-clinvar+pg_dms__transformer__seed43,MLH1,P43246:588:Y>W,0,0.6679995
train-clinvar+pg_dms__transformer__seed43,MLH1,P43246:588:Y>M,0,0.7012654
train-clinvar+pg_dms__transformer__seed43,MLH1,P43246:588:Y>L,0,0.22575568
train-clinvar+pg_dms__transformer__seed43,MLH1,P43246:596:N>Q,0,0.029335061
train-clinvar+pg_dms__transformer__seed43,MLH1,P43246:596:N>V,0,0.014659053
train-clinvar+pg_dms__transformer__seed43,MLH1,P43246:596:N>P,0,0.9387395
train-clinvar+pg_dms__transformer__seed43,MLH1,P43246:596:N>T,0,0.01564838
train-clinvar+pg_dms__transformer__seed43,MLH1,P43246:596:N>S,0,0.016083274
train-clinvar+pg_dms__transformer__seed43,MLH1,P43246:596:N>W,0,0.7186614
train-clinvar+pg_dms__transformer__seed43,MLH1,P43246:596:N>A,0,0.0035099904
train-clinvar+pg_dms__transformer__seed43,MLH1,P43246:596:N>C,0,0.0031543886
train-clinvar+pg_dms__transformer__seed43,MLH1,P43246:596:N>D,0,0.0092219
train-clinvar+pg_dms__transformer__seed43,MLH1,P43246:596:N>E,0,0.5327431
train-clinvar+pg_dms__transformer__seed43,MLH1,P43246:596:N>G,0,0.0020185574
train-clinvar+pg_dms__transformer__seed43,MLH1,P43246:596:N>R,0,0.32546785
train-clinvar+pg_dms__transformer__seed43,MLH1,P43246:596:N>Y,0,0.043416806
train-clinvar+pg_dms__transformer__seed43,MLH1,P43246:596:N>M,0,0.45337483
train-clinvar+pg_dms__transformer__seed43,MLH1,P43246:596:N>L,0,0.063155465
train-clinvar+pg_dms__transformer__seed43,MLH1,P43246:596:N>H,0,0.04163976
train-clinvar+pg_dms__transformer__seed43,MLH1,P43246:596:N>K,0,0.5212887
train-clinvar+pg_dms__transformer__seed43,MLH1,P43246:598:V>H,0,0.16624653
train-clinvar+pg_dms__transformer__seed43,MLH1,P43246:598:V>Y,0,0.24754477
train-clinvar+pg_dms__transformer__seed43,MLH1,P43246:598:V>W,1,0.74832124
train-clinvar+pg_dms__transformer__seed43,MLH1,P43246:598:V>T,0,0.013219089
train-clinvar+pg_dms__transformer__seed43,MLH1,P43246:598:V>S,0,0.0050632115
train-clinvar+pg_dms__transformer__seed43,MLH1,P43246:598:V>G,0,0.0059734634
train-clinvar+pg_dms__transformer__seed43,MLH1,P43246:598:V>Q,0,0.015346523
train-clinvar+pg_dms__transformer__seed43,MLH1,P43246:598:V>A,0,0.0031786405
train-clinvar+pg_dms__transformer__seed43,MLH1,P43246:598:V>D,0,0.17414382
train-clinvar+pg_dms__transformer__seed43,MLH1,P43246:598:V>E,0,0.018888578
train-clinvar+pg_dms__transformer__seed43,MLH1,P43246:598:V>F,0,0.0043080333
train-clinvar+pg_dms__transformer__seed43,MLH1,P43246:598:V>I,0,0.0010926838
train-clinvar+pg_dms__transformer__seed43,MLH1,P43246:598:V>C,0,0.011481421
train-clinvar+pg_dms__transformer__seed43,MLH1,P43246:598:V>R,0,0.063939914
train-clinvar+pg_dms__transformer__seed43,MLH1,P43246:598:V>L,0,0.005224002
train-clinvar+pg_dms__transformer__seed43,MLH1,P43246:598:V>M,0,0.3710444
train-clinvar+pg_dms__transformer__seed43,MLH1,P43246:598:V>N,0,0.0066776043
train-clinvar+pg_dms__transformer__seed43,MLH1,P43246:598:V>P,0,0.9908668
train-clinvar+pg_dms__transformer__seed43,MLH1,P43246:598:V>K,0,0.03558152
train-clinvar+pg_dms__transformer__seed43,MLH1,P43246:599:L>P,1,0.9984572
train-clinvar+pg_dms__transformer__seed43,MLH1,P43246:599:L>N,0,0.99274504
train-clinvar+pg_dms__transformer__seed43,MLH1,P43246:599:L>M,0,0.28305456
train-clinvar+pg_dms__transformer__seed43,MLH1,P43246:599:L>K,0,0.9944608
train-clinvar+pg_dms__transformer__seed43,MLH1,P43246:599:L>I,0,0.0054984945
train-clinvar+pg_dms__transformer__seed43,MLH1,P43246:599:L>Q,0,0.9154724
train-clinvar+pg_dms__transformer__seed43,MLH1,P43246:599:L>R,1,0.990473
train-clinvar+pg_dms__transformer__seed43,MLH1,P43246:599:L>S,0,0.7028375
train-clinvar+pg_dms__transformer__seed43,MLH1,P43246:599:L>A,0,0.035782002
train-clinvar+pg_dms__transformer__seed43,MLH1,P43246:599:L>T,0,0.042839147
train-clinvar+pg_dms__transformer__seed43,MLH1,P43246:599:L>W,0,0.6915469
train-clinvar+pg_dms__transformer__seed43,MLH1,P43246:599:L>G,0,0.8855795
train-clinvar+pg_dms__transformer__seed43,MLH1,P43246:599:L>F,0,0.012230342
train-clinvar+pg_dms__transformer__seed43,MLH1,P43246:599:L>E,0,0.99314356
train-clinvar+pg_dms__transformer__seed43,MLH1,P43246:599:L>D,1,0.9968851
train-clinvar+pg_dms__transformer__seed43,MLH1,P43246:599:L>C,0,0.022057151
train-clinvar+pg_dms__transformer__seed43,MLH1,P43246:599:L>H,0,0.86670834
train-clinvar+pg_dms__transformer__seed43,MLH1,P43246:599:L>V,0,0.008332953
train-clinvar+pg_dms__transformer__seed43,MLH1,P43246:603:D>C,1,0.262145
train-clinvar+pg_dms__transformer__seed43,MLH1,P43246:603:D>E,1,0.95842224
train-clinvar+pg_dms__transformer__seed43,MLH1,P43246:603:D>W,1,0.8503216
train-clinvar+pg_dms__transformer__seed43,MLH1,P43246:603:D>R,1,0.9579056
train-clinvar+pg_dms__transformer__seed43,MLH1,P43246:603:D>Q,1,0.8890027
train-clinvar+pg_dms__transformer__seed43,MLH1,P43246:603:D>P,1,0.9941831
train-clinvar+pg_dms__transformer__seed43,MLH1,P43246:603:D>S,0,0.82697874
train-clinvar+pg_dms__transformer__seed43,MLH1,P43246:603:D>T,1,0.8151995
train-clinvar+pg_dms__transformer__seed43,MLH1,P43246:603:D>M,1,0.8884928
train-clinvar+pg_dms__transformer__seed43,MLH1,P43246:603:D>F,1,0.8939821
train-clinvar+pg_dms__transformer__seed43,MLH1,P43246:603:D>A,0,0.2442413
train-clinvar+pg_dms__transformer__seed43,MLH1,P43246:603:D>I,1,0.967109
train-clinvar+pg_dms__transformer__seed43,MLH1,P43246:603:D>K,1,0.97896284
train-clinvar+pg_dms__transformer__seed43,MLH1,P43246:603:D>L,1,0.9452579
train-clinvar+pg_dms__transformer__seed43,MLH1,P43246:603:D>H,1,0.8674412
train-clinvar+pg_dms__transformer__seed43,MLH1,P43246:607:S>Y,0,0.92425716
train-clinvar+pg_dms__transformer__seed43,MLH1,P43246:607:S>W,1,0.9168226
train-clinvar+pg_dms__transformer__seed43,MLH1,P43246:607:S>V,0,0.9174187
train-clinvar+pg_dms__transformer__seed43,MLH1,P43246:607:S>T,0,0.119227834
train-clinvar+pg_dms__transformer__seed43,MLH1,P43246:607:S>R,0,0.98841256
train-clinvar+pg_dms__transformer__seed43,MLH1,P43246:607:S>Q,0,0.91068476
train-clinvar+pg_dms__transformer__seed43,MLH1,P43246:607:S>H,0,0.9384198
train-clinvar+pg_dms__transformer__seed43,MLH1,P43246:607:S>N,0,0.6805741
train-clinvar+pg_dms__transformer__seed43,MLH1,P43246:607:S>M,0,0.8903674
train-clinvar+pg_dms__transformer__seed43,MLH1,P43246:607:S>L,0,0.75231576
train-clinvar+pg_dms__transformer__seed43,MLH1,P43246:607:S>I,0,0.96339935
train-clinvar+pg_dms__transformer__seed43,MLH1,P43246:607:S>G,0,0.089021
train-clinvar+pg_dms__transformer__seed43,MLH1,P43246:607:S>E,1,0.97443265
train-clinvar+pg_dms__transformer__seed43,MLH1,P43246:607:S>D,0,0.97468024
train-clinvar+pg_dms__transformer__seed43,MLH1,P43246:607:S>C,0,0.009652465
train-clinvar+pg_dms__transformer__seed43,MLH1,P43246:607:S>P,1,0.99557364
train-clinvar+pg_dms__transformer__seed43,MLH1,P43246:607:S>A,0,0.008250814
train-clinvar+pg_dms__transformer__seed43,MLH1,P43246:608:F>S,1,0.7891421
train-clinvar+pg_dms__transformer__seed43,MLH1,P43246:608:F>P,1,0.9842976
train-clinvar+pg_dms__transformer__seed43,MLH1,P43246:608:F>Q,1,0.55550075
train-clinvar+pg_dms__transformer__seed43,MLH1,P43246:608:F>R,1,0.9592494
train-clinvar+pg_dms__transformer__seed43,MLH1,P43246:608:F>T,1,0.67983186
train-clinvar+pg_dms__transformer__seed43,MLH1,P43246:608:F>V,0,0.13838089
train-clinvar+pg_dms__transformer__seed43,MLH1,P43246:608:F>Y,0,0.04585117
train-clinvar+pg_dms__transformer__seed43,MLH1,P43246:608:F>N,1,0.60883456
train-clinvar+pg_dms__transformer__seed43,MLH1,P43246:608:F>M,0,0.13809776
train-clinvar+pg_dms__transformer__seed43,MLH1,P43246:608:F>H,0,0.7092547
train-clinvar+pg_dms__transformer__seed43,MLH1,P43246:608:F>K,1,0.79760563
train-clinvar+pg_dms__transformer__seed43,MLH1,P43246:608:F>I,0,0.19059962
train-clinvar+pg_dms__transformer__seed43,MLH1,P43246:608:F>G,1,0.83843875
train-clinvar+pg_dms__transformer__seed43,MLH1,P43246:608:F>E,1,0.85038686
train-clinvar+pg_dms__transformer__seed43,MLH1,P43246:608:F>D,1,0.81909585
train-clinvar+pg_dms__transformer__seed43,MLH1,P43246:608:F>C,0,0.079194166
train-clinvar+pg_dms__transformer__seed43,MLH1,P43246:608:F>A,1,0.33808777
train-clinvar+pg_dms__transformer__seed43,MLH1,P43246:608:F>L,0,0.22101296
train-clinvar+pg_dms__transformer__seed43,MLH1,P43246:610:H>A,0,0.00998104
train-clinvar+pg_dms__transformer__seed43,MLH1,P43246:610:H>L,0,0.0033210055
train-clinvar+pg_dms__transformer__seed43,MLH1,P43246:610:H>E,0,0.025524432
train-clinvar+pg_dms__transformer__seed43,MLH1,P43246:610:H>F,0,0.0057201656
train-clinvar+pg_dms__transformer__seed43,MLH1,P43246:610:H>G,0,0.024624046
train-clinvar+pg_dms__transformer__seed43,MLH1,P43246:610:H>I,0,0.012594113
train-clinvar+pg_dms__transformer__seed43,MLH1,P43246:610:H>K,0,0.01880265
train-clinvar+pg_dms__transformer__seed43,MLH1,P43246:610:H>M,0,0.25118214
train-clinvar+pg_dms__transformer__seed43,MLH1,P43246:610:H>N,0,0.034136806
train-clinvar+pg_dms__transformer__seed43,MLH1,P43246:610:H>S,0,0.012473095
train-clinvar+pg_dms__transformer__seed43,MLH1,P43246:610:H>T,0,0.033984926
train-clinvar+pg_dms__transformer__seed43,MLH1,P43246:610:H>V,0,0.010254736
train-clinvar+pg_dms__transformer__seed43,MLH1,P43246:610:H>W,0,0.19089164
train-clinvar+pg_dms__transformer__seed43,MLH1,P43246:610:H>Y,0,0.034974933
train-clinvar+pg_dms__transformer__seed43,MLH1,P43246:610:H>Q,0,0.028271731
train-clinvar+pg_dms__transformer__seed43,MLH1,P43246:612:S>A,0,0.009831383
train-clinvar+pg_dms__transformer__seed43,MLH1,P43246:612:S>W,0,0.7395108
train-clinvar+pg_dms__transformer__seed43,MLH1,P43246:612:S>Y,0,0.8949723
train-clinvar+pg_dms__transformer__seed43,MLH1,P43246:612:S>P,0,0.9696529
train-clinvar+pg_dms__transformer__seed43,MLH1,P43246:612:S>N,0,0.70515114
train-clinvar+pg_dms__transformer__seed43,MLH1,P43246:612:S>M,0,0.4752218
train-clinvar+pg_dms__transformer__seed43,MLH1,P43246:612:S>L,0,0.13335052
train-clinvar+pg_dms__transformer__seed43,MLH1,P43246:612:S>K,0,0.6729057
train-clinvar+pg_dms__transformer__seed43,MLH1,P43246:612:S>Q,0,0.7855165
train-clinvar+pg_dms__transformer__seed43,MLH1,P43246:612:S>I,0,0.33782974
train-clinvar+pg_dms__transformer__seed43,MLH1,P43246:612:S>G,0,0.01460925
train-clinvar+pg_dms__transformer__seed43,MLH1,P43246:612:S>F,0,0.80720717
train-clinvar+pg_dms__transformer__seed43,MLH1,P43246:612:S>E,0,0.8654723
train-clinvar+pg_dms__transformer__seed43,MLH1,P43246:612:S>C,0,0.009020385
train-clinvar+pg_dms__transformer__seed43,MLH1,P43246:612:S>R,0,0.94729114
train-clinvar+pg_dms__transformer__seed43,MLH1,P43246:612:S>T,0,0.10850366
train-clinvar+pg_dms__transformer__seed43,MLH1,P43246:612:S>V,0,0.07793026
train-clinvar+pg_dms__transformer__seed43,MLH1,P43246:612:S>H,0,0.8402979
train-clinvar+pg_dms__transformer__seed43,MLH1,P43246:617:V>H,0,0.018632
train-clinvar+pg_dms__transformer__seed43,MLH1,P43246:617:V>G,0,0.057261016
train-clinvar+pg_dms__transformer__seed43,MLH1,P43246:617:V>F,0,0.008322422
train-clinvar+pg_dms__transformer__seed43,MLH1,P43246:617:V>I,0,0.00833079
train-clinvar+pg_dms__transformer__seed43,MLH1,P43246:617:V>K,0,0.019927498
train-clinvar+pg_dms__transformer__seed43,MLH1,P43246:617:V>L,0,0.018574195
train-clinvar+pg_dms__transformer__seed43,MLH1,P43246:617:V>M,0,0.22258095
train-clinvar+pg_dms__transformer__seed43,MLH1,P43246:617:V>N,0,0.007689717
train-clinvar+pg_dms__transformer__seed43,MLH1,P43246:617:V>E,0,0.014888429
train-clinvar+pg_dms__transformer__seed43,MLH1,P43246:617:V>Q,0,0.004075201
train-clinvar+pg_dms__transformer__seed43,MLH1,P43246:617:V>R,0,0.03273081
train-clinvar+pg_dms__transformer__seed43,MLH1,P43246:617:V>W,0,0.41612348
train-clinvar+pg_dms__transformer__seed43,MLH1,P43246:617:V>T,0,0.024828576
train-clinvar+pg_dms__transformer__seed43,MLH1,P43246:617:V>D,0,0.06970525
train-clinvar+pg_dms__transformer__seed43,MLH1,P43246:617:V>C,0,0.015800726
train-clinvar+pg_dms__transformer__seed43,MLH1,P43246:617:V>A,0,0.008548642
train-clinvar+pg_dms__transformer__seed43,MLH1,P43246:617:V>S,0,0.0113423625
train-clinvar+pg_dms__transformer__seed43,MLH1,P43246:617:V>Y,0,0.043148752
train-clinvar+pg_dms__transformer__seed43,MLH1,P43246:617:V>P,0,0.72622555
train-clinvar+pg_dms__transformer__seed43,MLH1,P43246:642:V>H,0,0.62561285
train-clinvar+pg_dms__transformer__seed43,MLH1,P43246:642:V>C,0,0.251611
train-clinvar+pg_dms__transformer__seed43,MLH1,P43246:642:V>D,0,0.90887725
train-clinvar+pg_dms__transformer__seed43,MLH1,P43246:642:V>E,0,0.672387
train-clinvar+pg_dms__transformer__seed43,MLH1,P43246:642:V>F,0,0.13389201
train-clinvar+pg_dms__transformer__seed43,MLH1,P43246:642:V>G,0,0.39100444
train-clinvar+pg_dms__transformer__seed43,MLH1,P43246:642:V>I,0,0.053166922
train-clinvar+pg_dms__transformer__seed43,MLH1,P43246:642:V>K,0,0.69543606
train-clinvar+pg_dms__transformer__seed43,MLH1,P43246:642:V>L,0,0.018716386
train-clinvar+pg_dms__transformer__seed43,MLH1,P43246:642:V>M,0,0.21705927
train-clinvar+pg_dms__transformer__seed43,MLH1,P43246:642:V>N,0,0.36324787
train-clinvar+pg_dms__transformer__seed43,MLH1,P43246:642:V>P,0,0.9748249
train-clinvar+pg_dms__transformer__seed43,MLH1,P43246:642:V>Q,0,0.59397435
train-clinvar+pg_dms__transformer__seed43,MLH1,P43246:642:V>R,0,0.8483786
train-clinvar+pg_dms__transformer__seed43,MLH1,P43246:642:V>S,0,0.52601814
train-clinvar+pg_dms__transformer__seed43,MLH1,P43246:642:V>T,0,0.23460582
train-clinvar+pg_dms__transformer__seed43,MLH1,P43246:642:V>A,0,0.089727476
train-clinvar+pg_dms__transformer__seed43,MLH1,P43246:642:V>W,0,0.78536165
train-clinvar+pg_dms__transformer__seed43,MLH1,P43246:642:V>Y,0,0.5197125
train-clinvar+pg_dms__transformer__seed43,MLH1,P43246:647:E>Q,0,0.0051660133
train-clinvar+pg_dms__transformer__seed43,MLH1,P43246:647:E>D,0,0.0066087814
train-clinvar+pg_dms__transformer__seed43,MLH1,P43246:647:E>C,0,0.0061210175
train-clinvar+pg_dms__transformer__seed43,MLH1,P43246:647:E>G,0,0.0007903065
train-clinvar+pg_dms__transformer__seed43,MLH1,P43246:647:E>H,0,0.0041526593
train-clinvar+pg_dms__transformer__seed43,MLH1,P43246:647:E>A,0,0.0035329673
train-clinvar+pg_dms__transformer__seed43,MLH1,P43246:647:E>N,0,0.007161717
train-clinvar+pg_dms__transformer__seed43,MLH1,P43246:647:E>R,0,0.0020509688
train-clinvar+pg_dms__transformer__seed43,MLH1,P43246:647:E>P,0,0.15608458
train-clinvar+pg_dms__transformer__seed43,MLH1,P43246:647:E>I,0,0.009894182
train-clinvar+pg_dms__transformer__seed43,MLH1,P43246:647:E>L,0,0.017787978
train-clinvar+pg_dms__transformer__seed43,MLH1,P43246:647:E>M,0,0.049501743
train-clinvar+pg_dms__transformer__seed43,MLH1,P43246:647:E>F,0,0.0046223165
train-clinvar+pg_dms__transformer__seed43,MLH1,P43246:647:E>K,0,0.042249817
train-clinvar+pg_dms__transformer__seed43,MLH1,P43246:647:E>S,0,0.00048823043
train-clinvar+pg_dms__transformer__seed43,MLH1,P43246:647:E>V,0,0.0013898336
train-clinvar+pg_dms__transformer__seed43,MLH1,P43246:647:E>W,1,0.0784569
train-clinvar+pg_dms__transformer__seed43,MLH1,P43246:647:E>Y,0,0.01613051
train-clinvar+pg_dms__transformer__seed43,MLH1,P43246:647:E>T,0,0.0023704784
train-clinvar+pg_dms__transformer__seed43,MLH1,P43246:651:I>F,0,0.124471925
train-clinvar+pg_dms__transformer__seed43,MLH1,P43246:651:I>G,0,0.83148915
train-clinvar+pg_dms__transformer__seed43,MLH1,P43246:651:I>E,0,0.88821685
train-clinvar+pg_dms__transformer__seed43,MLH1,P43246:651:I>D,0,0.97401685
train-clinvar+pg_dms__transformer__seed43,MLH1,P43246:651:I>C,0,0.0762953
train-clinvar+pg_dms__transformer__seed43,MLH1,P43246:651:I>A,0,0.42032787
train-clinvar+pg_dms__transformer__seed43,MLH1,P43246:651:I>K,0,0.79035044
train-clinvar+pg_dms__transformer__seed43,MLH1,P43246:651:I>M,0,0.48807663
train-clinvar+pg_dms__transformer__seed43,MLH1,P43246:651:I>N,0,0.48466814
train-clinvar+pg_dms__transformer__seed43,MLH1,P43246:651:I>P,1,0.98602444
train-clinvar+pg_dms__transformer__seed43,MLH1,P43246:651:I>Q,0,0.6374801
train-clinvar+pg_dms__transformer__seed43,MLH1,P43246:651:I>R,0,0.83224833
train-clinvar+pg_dms__transformer__seed43,MLH1,P43246:651:I>S,0,0.8194209
train-clinvar+pg_dms__transformer__seed43,MLH1,P43246:651:I>V,0,0.04551539
train-clinvar+pg_dms__transformer__seed43,MLH1,P43246:651:I>W,0,0.6322055
train-clinvar+pg_dms__transformer__seed43,MLH1,P43246:651:I>Y,0,0.5096256
train-clinvar+pg_dms__transformer__seed43,MLH1,P43246:656:Y>S,0,0.0048259646
train-clinvar+pg_dms__transformer__seed43,MLH1,P43246:656:Y>Q,0,0.003086141
train-clinvar+pg_dms__transformer__seed43,MLH1,P43246:656:Y>V,0,0.0011519168
train-clinvar+pg_dms__transformer__seed43,MLH1,P43246:656:Y>W,0,0.024068892
train-clinvar+pg_dms__transformer__seed43,MLH1,P43246:656:Y>T,0,0.0051099677
train-clinvar+pg_dms__transformer__seed43,MLH1,P43246:656:Y>P,0,0.6158553
train-clinvar+pg_dms__transformer__seed43,MLH1,P43246:656:Y>R,0,0.00095908146
train-clinvar+pg_dms__transformer__seed43,MLH1,P43246:656:Y>M,0,0.0098226145
train-clinvar+pg_dms__transformer__seed43,MLH1,P43246:656:Y>N,0,0.001927873
train-clinvar+pg_dms__transformer__seed43,MLH1,P43246:656:Y>C,0,0.0037356864
train-clinvar+pg_dms__transformer__seed43,MLH1,P43246:656:Y>D,0,0.006377069
train-clinvar+pg_dms__transformer__seed43,MLH1,P43246:656:Y>E,0,0.0034946115
train-clinvar+pg_dms__transformer__seed43,MLH1,P43246:656:Y>F,0,0.0010557259
train-clinvar+pg_dms__transformer__seed43,MLH1,P43246:656:Y>A,0,0.0021782417
train-clinvar+pg_dms__transformer__seed43,MLH1,P43246:656:Y>G,0,0.0013391592
train-clinvar+pg_dms__transformer__seed43,MLH1,P43246:656:Y>I,0,0.0037117414
train-clinvar+pg_dms__transformer__seed43,MLH1,P43246:656:Y>K,0,0.0016784677
train-clinvar+pg_dms__transformer__seed43,MLH1,P43246:656:Y>L,0,0.0018511139
train-clinvar+pg_dms__transformer__seed43,MLH1,P43246:662:Q>V,0,0.054663613
train-clinvar+pg_dms__transformer__seed43,MLH1,P43246:662:Q>W,0,0.6849386
train-clinvar+pg_dms__transformer__seed43,MLH1,P43246:662:Q>Y,0,0.078765474
train-clinvar+pg_dms__transformer__seed43,MLH1,P43246:662:Q>T,0,0.21738432
train-clinvar+pg_dms__transformer__seed43,MLH1,P43246:662:Q>R,0,0.010820791
train-clinvar+pg_dms__transformer__seed43,MLH1,P43246:662:Q>H,0,0.30340937
train-clinvar+pg_dms__transformer__seed43,MLH1,P43246:662:Q>I,0,0.16226864
train-clinvar+pg_dms__transformer__seed43,MLH1,P43246:662:Q>S,0,0.017162304
train-clinvar+pg_dms__transformer__seed43,MLH1,P43246:662:Q>K,0,0.0064044036
train-clinvar+pg_dms__transformer__seed43,MLH1,P43246:662:Q>L,0,0.025113663
train-clinvar+pg_dms__transformer__seed43,MLH1,P43246:662:Q>G,0,0.017023154
train-clinvar+pg_dms__transformer__seed43,MLH1,P43246:662:Q>F,0,0.27479813
train-clinvar+pg_dms__transformer__seed43,MLH1,P43246:662:Q>E,0,0.005788215
train-clinvar+pg_dms__transformer__seed43,MLH1,P43246:662:Q>D,0,0.1434419
train-clinvar+pg_dms__transformer__seed43,MLH1,P43246:662:Q>C,0,0.037789103
train-clinvar+pg_dms__transformer__seed43,MLH1,P43246:662:Q>A,0,0.013405285
train-clinvar+pg_dms__transformer__seed43,MLH1,P43246:662:Q>M,0,0.5312699
train-clinvar+pg_dms__transformer__seed43,MLH1,P43246:662:Q>N,0,0.02027368
train-clinvar+pg_dms__transformer__seed43,MLH1,P43246:662:Q>P,0,0.6635844
train-clinvar+pg_dms__transformer__seed43,MLH1,P43246:664:F>M,0,0.7101808
train-clinvar+pg_dms__transformer__seed43,MLH1,P43246:664:F>N,0,0.9850175
train-clinvar+pg_dms__transformer__seed43,MLH1,P43246:664:F>P,1,0.9979358
train-clinvar+pg_dms__transformer__seed43,MLH1,P43246:664:F>Q,0,0.997767
train-clinvar+pg_dms__transformer__seed43,MLH1,P43246:664:F>R,1,0.99842864
train-clinvar+pg_dms__transformer__seed43,MLH1,P43246:664:F>S,0,0.9973489
train-clinvar+pg_dms__transformer__seed43,MLH1,P43246:664:F>T,0,0.9556732
train-clinvar+pg_dms__transformer__seed43,MLH1,P43246:664:F>W,0,0.8618606
train-clinvar+pg_dms__transformer__seed43,MLH1,P43246:664:F>Y,0,0.2904351
train-clinvar+pg_dms__transformer__seed43,MLH1,P43246:664:F>L,0,0.7198328
train-clinvar+pg_dms__transformer__seed43,MLH1,P43246:664:F>K,1,0.9989039
train-clinvar+pg_dms__transformer__seed43,MLH1,P43246:664:F>I,0,0.8769167
train-clinvar+pg_dms__transformer__seed43,MLH1,P43246:664:F>V,0,0.41358626
train-clinvar+pg_dms__transformer__seed43,MLH1,P43246:664:F>H,0,0.96372616
train-clinvar+pg_dms__transformer__seed43,MLH1,P43246:664:F>G,1,0.99688965
train-clinvar+pg_dms__transformer__seed43,MLH1,P43246:664:F>E,0,0.99915826
train-clinvar+pg_dms__transformer__seed43,MLH1,P43246:664:F>A,0,0.9741397
train-clinvar+pg_dms__transformer__seed43,MLH1,P43246:664:F>C,0,0.13548853
train-clinvar+pg_dms__transformer__seed43,MLH1,P43246:666:I>M,0,0.26104456
train-clinvar+pg_dms__transformer__seed43,MLH1,P43246:666:I>Y,0,0.9717177
train-clinvar+pg_dms__transformer__seed43,MLH1,P43246:666:I>W,0,0.84501463
train-clinvar+pg_dms__transformer__seed43,MLH1,P43246:666:I>V,0,0.021883758
train-clinvar+pg_dms__transformer__seed43,MLH1,P43246:666:I>R,1,0.9955159
train-clinvar+pg_dms__transformer__seed43,MLH1,P43246:666:I>Q,1,0.9977664
train-clinvar+pg_dms__transformer__seed43,MLH1,P43246:666:I>P,1,0.99781597
train-clinvar+pg_dms__transformer__seed43,MLH1,P43246:666:I>L,0,0.017726673
train-clinvar+pg_dms__transformer__seed43,MLH1,P43246:666:I>S,0,0.9945984
train-clinvar+pg_dms__transformer__seed43,MLH1,P43246:666:I>H,0,0.9943065
train-clinvar+pg_dms__transformer__seed43,MLH1,P43246:666:I>G,1,0.9972644
train-clinvar+pg_dms__transformer__seed43,MLH1,P43246:666:I>F,0,0.76994854
train-clinvar+pg_dms__transformer__seed43,MLH1,P43246:666:I>E,1,0.9993456
train-clinvar+pg_dms__transformer__seed43,MLH1,P43246:666:I>D,1,0.9990909
train-clinvar+pg_dms__transformer__seed43,MLH1,P43246:666:I>C,0,0.33291763
train-clinvar+pg_dms__transformer__seed43,MLH1,P43246:666:I>A,0,0.79956865
train-clinvar+pg_dms__transformer__seed43,MLH1,P43246:666:I>K,1,0.9985447
train-clinvar+pg_dms__transformer__seed43,MLH1,P43246:670:P>L,0,0.263939
train-clinvar+pg_dms__transformer__seed43,MLH1,P43246:670:P>I,0,0.5296119
train-clinvar+pg_dms__transformer__seed43,MLH1,P43246:670:P>K,0,0.63276714
train-clinvar+pg_dms__transformer__seed43,MLH1,P43246:670:P>F,0,0.6397114
train-clinvar+pg_dms__transformer__seed43,MLH1,P43246:670:P>E,0,0.82044685
train-clinvar+pg_dms__transformer__seed43,MLH1,P43246:670:P>D,0,0.7435416
train-clinvar+pg_dms__transformer__seed43,MLH1,P43246:670:P>C,0,0.22173801
train-clinvar+pg_dms__transformer__seed43,MLH1,P43246:670:P>A,0,0.27385968
train-clinvar+pg_dms__transformer__seed43,MLH1,P43246:670:P>Y,0,0.51462823
train-clinvar+pg_dms__transformer__seed43,MLH1,P43246:670:P>W,0,0.78978306
train-clinvar+pg_dms__transformer__seed43,MLH1,P43246:670:P>V,0,0.58433205
train-clinvar+pg_dms__transformer__seed43,MLH1,P43246:670:P>Q,0,0.4041326
train-clinvar+pg_dms__transformer__seed43,MLH1,P43246:670:P>N,0,0.18696423
train-clinvar+pg_dms__transformer__seed43,MLH1,P43246:670:P>M,0,0.741715
train-clinvar+pg_dms__transformer__seed43,MLH1,P43246:670:P>G,0,0.6148598
train-clinvar+pg_dms__transformer__seed43,MLH1,P43246:670:P>H,0,0.68425804
train-clinvar+pg_dms__transformer__seed43,MLH1,P43246:681:Q>D,0,0.98655903
train-clinvar+pg_dms__transformer__seed43,MLH1,P43246:681:Q>E,0,0.17366824
train-clinvar+pg_dms__transformer__seed43,MLH1,P43246:681:Q>F,0,0.8965684
train-clinvar+pg_dms__transformer__seed43,MLH1,P43246:681:Q>G,0,0.01310546
train-clinvar+pg_dms__transformer__seed43,MLH1,P43246:681:Q>H,0,0.9295713
train-clinvar+pg_dms__transformer__seed43,MLH1,P43246:681:Q>I,0,0.9527134
train-clinvar+pg_dms__transformer__seed43,MLH1,P43246:681:Q>V,0,0.6567703
train-clinvar+pg_dms__transformer__seed43,MLH1,P43246:681:Q>L,0,0.2407467
train-clinvar+pg_dms__transformer__seed43,MLH1,P43246:681:Q>M,0,0.43520817
train-clinvar+pg_dms__transformer__seed43,MLH1,P43246:681:Q>N,0,0.16222301
train-clinvar+pg_dms__transformer__seed43,MLH1,P43246:681:Q>P,1,0.99139845
train-clinvar+pg_dms__transformer__seed43,MLH1,P43246:681:Q>R,1,0.9716068
train-clinvar+pg_dms__transformer__seed43,MLH1,P43246:681:Q>S,0,0.009137156
train-clinvar+pg_dms__transformer__seed43,MLH1,P43246:681:Q>W,0,0.8989378
train-clinvar+pg_dms__transformer__seed43,MLH1,P43246:681:Q>T,0,0.081005774
train-clinvar+pg_dms__transformer__seed43,MLH1,P43246:681:Q>K,0,0.9899672
train-clinvar+pg_dms__transformer__seed43,MLH1,P43246:681:Q>A,0,0.012158648
train-clinvar+pg_dms__transformer__seed43,MLH1,P43246:681:Q>C,0,0.24952099
train-clinvar+pg_dms__transformer__seed43,MLH1,P43246:681:Q>Y,0,0.9321933
train-clinvar+pg_dms__transformer__seed43,MLH1,P43246:687:L>T,1,0.25462672
train-clinvar+pg_dms__transformer__seed43,MLH1,P43246:687:L>V,0,0.100693904
train-clinvar+pg_dms__transformer__seed43,MLH1,P43246:687:L>Q,0,0.7809604
train-clinvar+pg_dms__transformer__seed43,MLH1,P43246:687:L>S,0,0.7725657
train-clinvar+pg_dms__transformer__seed43,MLH1,P43246:687:L>Y,0,0.67917097
train-clinvar+pg_dms__transformer__seed43,MLH1,P43246:687:L>W,1,0.8227922
train-clinvar+pg_dms__transformer__seed43,MLH1,P43246:687:L>N,0,0.92581254
train-clinvar+pg_dms__transformer__seed43,MLH1,P43246:687:L>M,0,0.3180537
train-clinvar+pg_dms__transformer__seed43,MLH1,P43246:687:L>I,0,0.054675087
train-clinvar+pg_dms__transformer__seed43,MLH1,P43246:687:L>H,0,0.5889999
train-clinvar+pg_dms__transformer__seed43,MLH1,P43246:687:L>G,1,0.7643837
train-clinvar+pg_dms__transformer__seed43,MLH1,P43246:687:L>F,0,0.16656137
train-clinvar+pg_dms__transformer__seed43,MLH1,P43246:687:L>D,1,0.95059305
train-clinvar+pg_dms__transformer__seed43,MLH1,P43246:687:L>C,0,0.08846805
train-clinvar+pg_dms__transformer__seed43,MLH1,P43246:687:L>A,0,0.08517779
train-clinvar+pg_dms__transformer__seed43,MLH1,P43246:687:L>K,1,0.9348806
train-clinvar+pg_dms__transformer__seed43,MLH1,P43246:699:S>M,0,0.41922963
train-clinvar+pg_dms__transformer__seed43,MLH1,P43246:699:S>N,0,0.015788294
train-clinvar+pg_dms__transformer__seed43,MLH1,P43246:699:S>P,1,0.99015737
train-clinvar+pg_dms__transformer__seed43,MLH1,P43246:699:S>Q,0,0.029800767
train-clinvar+pg_dms__transformer__seed43,MLH1,P43246:699:S>R,0,0.083422035
train-clinvar+pg_dms__transformer__seed43,MLH1,P43246:699:S>T,0,0.18100466
train-clinvar+pg_dms__transformer__seed43,MLH1,P43246:699:S>W,0,0.24724601
train-clinvar+pg_dms__transformer__seed43,MLH1,P43246:699:S>Y,0,0.061790884
train-clinvar+pg_dms__transformer__seed43,MLH1,P43246:699:S>V,0,0.031342
train-clinvar+pg_dms__transformer__seed43,MLH1,P43246:699:S>A,0,0.07101987
train-clinvar+pg_dms__transformer__seed43,MLH1,P43246:699:S>C,0,0.01665134
train-clinvar+pg_dms__transformer__seed43,MLH1,P43246:699:S>D,0,0.23261529
train-clinvar+pg_dms__transformer__seed43,MLH1,P43246:699:S>E,0,0.037329543
train-clinvar+pg_dms__transformer__seed43,MLH1,P43246:699:S>F,0,0.03092722
train-clinvar+pg_dms__transformer__seed43,MLH1,P43246:699:S>G,0,0.034393463
train-clinvar+pg_dms__transformer__seed43,MLH1,P43246:699:S>H,0,0.03922021
train-clinvar+pg_dms__transformer__seed43,MLH1,P43246:699:S>L,0,0.078954734
train-clinvar+pg_dms__transformer__seed43,MLH1,P43246:699:S>I,0,0.07228249
train-clinvar+pg_dms__transformer__seed43,MLH1,P43246:699:S>K,0,0.05892018
train-clinvar+pg_dms__transformer__seed43,MLH1,P43246:700:A>Q,1,0.66633284
train-clinvar+pg_dms__transformer__seed43,MLH1,P43246:700:A>P,0,0.99202067
train-clinvar+pg_dms__transformer__seed43,MLH1,P43246:700:A>N,1,0.65411884
train-clinvar+pg_dms__transformer__seed43,MLH1,P43246:700:A>K,1,0.9079792
train-clinvar+pg_dms__transformer__seed43,MLH1,P43246:700:A>L,0,0.25112954
train-clinvar+pg_dms__transformer__seed43,MLH1,P43246:700:A>R,1,0.8732718
train-clinvar+pg_dms__transformer__seed43,MLH1,P43246:700:A>M,0,0.38808608
train-clinvar+pg_dms__transformer__seed43,MLH1,P43246:700:A>S,0,0.04859628
train-clinvar+pg_dms__transformer__seed43,MLH1,P43246:700:A>F,1,0.51396304
train-clinvar+pg_dms__transformer__seed43,MLH1,P43246:700:A>V,0,0.03754236
train-clinvar+pg_dms__transformer__seed43,MLH1,P43246:700:A>W,1,0.7005861
train-clinvar+pg_dms__transformer__seed43,MLH1,P43246:700:A>Y,1,0.752856
train-clinvar+pg_dms__transformer__seed43,MLH1,P43246:700:A>D,1,0.9731866
train-clinvar+pg_dms__transformer__seed43,MLH1,P43246:700:A>C,0,0.019457126
train-clinvar+pg_dms__transformer__seed43,MLH1,P43246:700:A>H,1,0.5764478
train-clinvar+pg_dms__transformer__seed43,MLH1,P43246:700:A>T,0,0.1842893
train-clinvar+pg_dms__transformer__seed43,MLH1,P43246:700:A>I,0,0.67203236
train-clinvar+pg_dms__transformer__seed43,MLH1,P43246:703:S>I,1,0.92803717
train-clinvar+pg_dms__transformer__seed43,MLH1,P43246:703:S>G,0,0.018223548
train-clinvar+pg_dms__transformer__seed43,MLH1,P43246:703:S>E,0,0.9888565
train-clinvar+pg_dms__transformer__seed43,MLH1,P43246:703:S>C,0,0.015263385
train-clinvar+pg_dms__transformer__seed43,MLH1,P43246:703:S>A,0,0.064996906
train-clinvar+pg_dms__transformer__seed43,MLH1,P43246:703:S>N,0,0.16610597
train-clinvar+pg_dms__transformer__seed43,MLH1,P43246:703:S>M,0,0.57423687
train-clinvar+pg_dms__transformer__seed43,MLH1,P43246:703:S>P,0,0.5378992
train-clinvar+pg_dms__transformer__seed43,MLH1,P43246:703:S>Q,0,0.9750456
train-clinvar+pg_dms__transformer__seed43,MLH1,P43246:703:S>R,0,0.998784
train-clinvar+pg_dms__transformer__seed43,MLH1,P43246:703:S>T,0,0.06057259
train-clinvar+pg_dms__transformer__seed43,MLH1,P43246:703:S>V,0,0.21621132
train-clinvar+pg_dms__transformer__seed43,MLH1,P43246:703:S>L,0,0.1799904
train-clinvar+pg_dms__transformer__seed43,MLH1,P43246:703:S>W,1,0.9071222
train-clinvar+pg_dms__transformer__seed43,MLH1,P43246:703:S>K,0,0.98246014
train-clinvar+pg_dms__transformer__seed43,MLH1,P43246:704:I>C,0,0.039819475
train-clinvar+pg_dms__transformer__seed43,MLH1,P43246:704:I>A,0,0.035328645
train-clinvar+pg_dms__transformer__seed43,MLH1,P43246:704:I>Y,1,0.31794712
train-clinvar+pg_dms__transformer__seed43,MLH1,P43246:704:I>W,1,0.667504
train-clinvar+pg_dms__transformer__seed43,MLH1,P43246:704:I>V,0,0.012618763
train-clinvar+pg_dms__transformer__seed43,MLH1,P43246:704:I>T,0,0.083488524
train-clinvar+pg_dms__transformer__seed43,MLH1,P43246:704:I>R,0,0.538567
train-clinvar+pg_dms__transformer__seed43,MLH1,P43246:704:I>Q,0,0.51506835
train-clinvar+pg_dms__transformer__seed43,MLH1,P43246:704:I>P,0,0.83612865
train-clinvar+pg_dms__transformer__seed43,MLH1,P43246:704:I>S,0,0.09161194
train-clinvar+pg_dms__transformer__seed43,MLH1,P43246:704:I>L,0,0.02788974
train-clinvar+pg_dms__transformer__seed43,MLH1,P43246:704:I>K,1,0.5341679
train-clinvar+pg_dms__transformer__seed43,MLH1,P43246:704:I>H,1,0.37764978
train-clinvar+pg_dms__transformer__seed43,MLH1,P43246:704:I>G,1,0.60068876
train-clinvar+pg_dms__transformer__seed43,MLH1,P43246:704:I>F,0,0.049775057
train-clinvar+pg_dms__transformer__seed43,MLH1,P43246:704:I>E,1,0.8398688
train-clinvar+pg_dms__transformer__seed43,MLH1,P43246:704:I>D,1,0.9491721
train-clinvar+pg_dms__transformer__seed43,MLH1,P43246:709:L>G,0,0.9746757
train-clinvar+pg_dms__transformer__seed43,MLH1,P43246:709:L>R,0,0.93704987
train-clinvar+pg_dms__transformer__seed43,MLH1,P43246:709:L>F,0,0.023292022
train-clinvar+pg_dms__transformer__seed43,MLH1,P43246:709:L>A,0,0.5334545
train-clinvar+pg_dms__transformer__seed43,MLH1,P43246:709:L>C,0,0.10471769
train-clinvar+pg_dms__transformer__seed43,MLH1,P43246:709:L>S,0,0.7338044
train-clinvar+pg_dms__transformer__seed43,MLH1,P43246:709:L>E,0,0.9840164
train-clinvar+pg_dms__transformer__seed43,MLH1,P43246:709:L>I,0,0.048042446
train-clinvar+pg_dms__transformer__seed43,MLH1,P43246:709:L>T,0,0.5403301
train-clinvar+pg_dms__transformer__seed43,MLH1,P43246:709:L>W,0,0.5313612
train-clinvar+pg_dms__transformer__seed43,MLH1,P43246:709:L>H,0,0.2053032
train-clinvar+pg_dms__transformer__seed43,MLH1,P43246:709:L>D,0,0.9789098
train-clinvar+pg_dms__transformer__seed43,MLH1,P43246:709:L>Y,0,0.41513187
train-clinvar+pg_dms__transformer__seed43,MLH1,P43246:709:L>Q,0,0.515585
train-clinvar+pg_dms__transformer__seed43,MLH1,P43246:709:L>P,0,0.99221474
train-clinvar+pg_dms__transformer__seed43,MLH1,P43246:709:L>N,0,0.81330127
train-clinvar+pg_dms__transformer__seed43,MLH1,P43246:709:L>M,0,0.23287623
train-clinvar+pg_dms__transformer__seed43,MLH1,P43246:709:L>K,0,0.97717494
train-clinvar+pg_dms__transformer__seed43,MLH1,P43246:712:V>R,0,0.7509834
train-clinvar+pg_dms__transformer__seed43,MLH1,P43246:712:V>L,0,0.1459334
train-clinvar+pg_dms__transformer__seed43,MLH1,P43246:712:V>K,0,0.6308779
train-clinvar+pg_dms__transformer__seed43,MLH1,P43246:712:V>I,0,0.0020436137
train-clinvar+pg_dms__transformer__seed43,MLH1,P43246:712:V>H,0,0.32314968
train-clinvar+pg_dms__transformer__seed43,MLH1,P43246:712:V>Y,0,0.38615334
train-clinvar+pg_dms__transformer__seed43,MLH1,P43246:712:V>W,0,0.49861187
train-clinvar+pg_dms__transformer__seed43,MLH1,P43246:712:V>G,0,0.57352906
train-clinvar+pg_dms__transformer__seed43,MLH1,P43246:712:V>S,0,0.240794
train-clinvar+pg_dms__transformer__seed43,MLH1,P43246:712:V>F,0,0.096392855
train-clinvar+pg_dms__transformer__seed43,MLH1,P43246:712:V>D,0,0.70803213
train-clinvar+pg_dms__transformer__seed43,MLH1,P43246:712:V>M,0,0.45536217
train-clinvar+pg_dms__transformer__seed43,MLH1,P43246:712:V>N,0,0.067538284
train-clinvar+pg_dms__transformer__seed43,MLH1,P43246:712:V>P,0,0.94680905
train-clinvar+pg_dms__transformer__seed43,MLH1,P43246:712:V>Q,0,0.41200766
train-clinvar+pg_dms__transformer__seed43,MLH1,P43246:712:V>A,0,0.18965153
train-clinvar+pg_dms__transformer__seed43,MLH1,P43246:712:V>C,0,0.039843265
train-clinvar+pg_dms__transformer__seed43,MLH1,P43246:712:V>E,0,0.40171933
train-clinvar+pg_dms__transformer__seed43,MLH1,P43246:712:V>T,0,0.12838529
train-clinvar+pg_dms__transformer__seed43,MLH1,P43246:719:L>Y,0,0.05149332
train-clinvar+pg_dms__transformer__seed43,MLH1,P43246:719:L>W,0,0.5230528
train-clinvar+pg_dms__transformer__seed43,MLH1,P43246:719:L>V,0,0.016376158
train-clinvar+pg_dms__transformer__seed43,MLH1,P43246:719:L>T,0,0.06642241
train-clinvar+pg_dms__transformer__seed43,MLH1,P43246:719:L>F,0,0.016735205
train-clinvar+pg_dms__transformer__seed43,MLH1,P43246:719:L>E,0,0.057945583
train-clinvar+pg_dms__transformer__seed43,MLH1,P43246:719:L>S,0,0.08394046
train-clinvar+pg_dms__transformer__seed43,MLH1,P43246:719:L>C,0,0.022976857
train-clinvar+pg_dms__transformer__seed43,MLH1,P43246:719:L>G,0,0.08694247
train-clinvar+pg_dms__transformer__seed43,MLH1,P43246:719:L>I,0,0.009598702
train-clinvar+pg_dms__transformer__seed43,MLH1,P43246:719:L>D,0,0.14041121
train-clinvar+pg_dms__transformer__seed43,MLH1,P43246:719:L>M,0,0.270727
train-clinvar+pg_dms__transformer__seed43,MLH1,P43246:719:L>K,0,0.05445533
train-clinvar+pg_dms__transformer__seed43,MLH1,P43246:719:L>P,0,0.5115229
train-clinvar+pg_dms__transformer__seed43,MLH1,P43246:719:L>N,0,0.067704834
train-clinvar+pg_dms__transformer__seed43,MLH1,P43246:719:L>A,0,0.036878824
train-clinvar+pg_dms__transformer__seed43,MLH1,P43246:719:L>R,0,0.063040115
train-clinvar+pg_dms__transformer__seed43,MLH1,P43246:719:L>Q,0,0.020159392
train-clinvar+pg_dms__transformer__seed43,MLH1,P43246:719:L>H,0,0.06765975
train-clinvar+pg_dms__transformer__seed43,MLH1,P43246:729:M>G,0,0.41942394
train-clinvar+pg_dms__transformer__seed43,MLH1,P43246:729:M>H,0,0.54570353
train-clinvar+pg_dms__transformer__seed43,MLH1,P43246:729:M>F,1,0.37649038
train-clinvar+pg_dms__transformer__seed43,MLH1,P43246:729:M>K,1,0.50372106
train-clinvar+pg_dms__transformer__seed43,MLH1,P43246:729:M>L,0,0.51179945
train-clinvar+pg_dms__transformer__seed43,MLH1,P43246:729:M>N,0,0.34427786
train-clinvar+pg_dms__transformer__seed43,MLH1,P43246:729:M>P,1,0.93629265
train-clinvar+pg_dms__transformer__seed43,MLH1,P43246:729:M>I,0,0.40210012
train-clinvar+pg_dms__transformer__seed43,MLH1,P43246:729:M>E,1,0.52010447
train-clinvar+pg_dms__transformer__seed43,MLH1,P43246:729:M>Y,0,0.5171219
train-clinvar+pg_dms__transformer__seed43,MLH1,P43246:729:M>A,0,0.25328794
train-clinvar+pg_dms__transformer__seed43,MLH1,P43246:729:M>W,1,0.8265327
train-clinvar+pg_dms__transformer__seed43,MLH1,P43246:729:M>T,0,0.35619873
train-clinvar+pg_dms__transformer__seed43,MLH1,P43246:729:M>S,0,0.44450954
train-clinvar+pg_dms__transformer__seed43,MLH1,P43246:729:M>R,1,0.58296245
train-clinvar+pg_dms__transformer__seed43,MLH1,P43246:729:M>Q,0,0.35107812
train-clinvar+pg_dms__transformer__seed43,MLH1,P43246:729:M>C,0,0.18391219
train-clinvar+pg_dms__transformer__seed43,MLH1,P43246:740:T>K,0,0.20012276
train-clinvar+pg_dms__transformer__seed43,MLH1,P43246:740:T>L,0,0.21456352
train-clinvar+pg_dms__transformer__seed43,MLH1,P43246:740:T>M,0,0.22250095
train-clinvar+pg_dms__transformer__seed43,MLH1,P43246:740:T>N,0,0.047393613
train-clinvar+pg_dms__transformer__seed43,MLH1,P43246:740:T>P,0,0.9848717
train-clinvar+pg_dms__transformer__seed43,MLH1,P43246:740:T>Q,0,0.13949537
train-clinvar+pg_dms__transformer__seed43,MLH1,P43246:740:T>R,0,0.17883632
train-clinvar+pg_dms__transformer__seed43,MLH1,P43246:740:T>V,0,0.37626836
train-clinvar+pg_dms__transformer__seed43,MLH1,P43246:740:T>S,0,0.0707617
train-clinvar+pg_dms__transformer__seed43,MLH1,P43246:740:T>H,0,0.17886002
train-clinvar+pg_dms__transformer__seed43,MLH1,P43246:740:T>G,0,0.055127848
train-clinvar+pg_dms__transformer__seed43,MLH1,P43246:740:T>F,0,0.7810325
train-clinvar+pg_dms__transformer__seed43,MLH1,P43246:740:T>D,0,0.49290955
train-clinvar+pg_dms__transformer__seed43,MLH1,P43246:740:T>E,0,0.32403365
train-clinvar+pg_dms__transformer__seed43,MLH1,P43246:740:T>Y,1,0.7663955
train-clinvar+pg_dms__transformer__seed43,MLH1,P43246:740:T>W,1,0.8787095
train-clinvar+pg_dms__transformer__seed43,MLH1,P43246:740:T>C,0,0.10111356
train-clinvar+pg_dms__transformer__seed43,MLH1,P43246:744:L>V,0,0.032026637
train-clinvar+pg_dms__transformer__seed43,MLH1,P43246:744:L>W,1,0.9696427
train-clinvar+pg_dms__transformer__seed43,MLH1,P43246:744:L>C,0,0.44058296
train-clinvar+pg_dms__transformer__seed43,MLH1,P43246:744:L>A,1,0.9143894
train-clinvar+pg_dms__transformer__seed43,MLH1,P43246:744:L>T,1,0.9529092
train-clinvar+pg_dms__transformer__seed43,MLH1,P43246:744:L>S,1,0.99414355
train-clinvar+pg_dms__transformer__seed43,MLH1,P43246:744:L>R,1,0.99882203
train-clinvar+pg_dms__transformer__seed43,MLH1,P43246:744:L>Q,1,0.9954401
train-clinvar+pg_dms__transformer__seed43,MLH1,P43246:744:L>Y,0,0.890419
train-clinvar+pg_dms__transformer__seed43,MLH1,P43246:744:L>N,1,0.9939569
train-clinvar+pg_dms__transformer__seed43,MLH1,P43246:744:L>M,0,0.33575922
train-clinvar+pg_dms__transformer__seed43,MLH1,P43246:744:L>P,1,0.99819094
train-clinvar+pg_dms__transformer__seed43,MLH1,P43246:744:L>I,0,0.09243274
train-clinvar+pg_dms__transformer__seed43,MLH1,P43246:744:L>H,1,0.96636695
train-clinvar+pg_dms__transformer__seed43,MLH1,P43246:744:L>G,1,0.9983917
train-clinvar+pg_dms__transformer__seed43,MLH1,P43246:744:L>F,0,0.061976563
train-clinvar+pg_dms__transformer__seed43,MLH1,P43246:744:L>E,1,0.998769
train-clinvar+pg_dms__transformer__seed43,MLH1,P43246:744:L>D,1,0.99684155
train-clinvar+pg_dms__transformer__seed43,MLH1,P43246:744:L>K,1,0.99847275
train-clinvar+pg_dms__transformer__seed43,MLH1,P43246:746:I>D,1,0.996485
train-clinvar+pg_dms__transformer__seed43,MLH1,P43246:746:I>Y,0,0.7747754
train-clinvar+pg_dms__transformer__seed43,MLH1,P43246:746:I>W,1,0.92438185
train-clinvar+pg_dms__transformer__seed43,MLH1,P43246:746:I>V,0,0.02664586
train-clinvar+pg_dms__transformer__seed43,MLH1,P43246:746:I>T,0,0.59805423
train-clinvar+pg_dms__transformer__seed43,MLH1,P43246:746:I>S,1,0.9745754
train-clinvar+pg_dms__transformer__seed43,MLH1,P43246:746:I>R,1,0.9971123
train-clinvar+pg_dms__transformer__seed43,MLH1,P43246:746:I>Q,1,0.99094385
train-clinvar+pg_dms__transformer__seed43,MLH1,P43246:746:I>C,0,0.24840388
train-clinvar+pg_dms__transformer__seed43,MLH1,P43246:746:I>N,1,0.86686414
train-clinvar+pg_dms__transformer__seed43,MLH1,P43246:746:I>M,0,0.32580268
train-clinvar+pg_dms__transformer__seed43,MLH1,P43246:746:I>L,0,0.025288811
train-clinvar+pg_dms__transformer__seed43,MLH1,P43246:746:I>K,1,0.9949877
train-clinvar+pg_dms__transformer__seed43,MLH1,P43246:746:I>G,0,0.98777485
train-clinvar+pg_dms__transformer__seed43,MLH1,P43246:746:I>F,1,0.6364132
train-clinvar+pg_dms__transformer__seed43,MLH1,P43246:746:I>E,1,0.99365413
train-clinvar+pg_dms__transformer__seed43,MLH1,P43246:746:I>A,0,0.688429
train-clinvar+pg_dms__transformer__seed43,MLH1,P43246:746:I>P,1,0.99439985
train-clinvar+pg_dms__transformer__seed43,MLH1,P43246:751:G>H,1,0.97729933
train-clinvar+pg_dms__transformer__seed43,MLH1,P43246:751:G>I,1,0.99909866
train-clinvar+pg_dms__transformer__seed43,MLH1,P43246:751:G>K,1,0.9973736
train-clinvar+pg_dms__transformer__seed43,MLH1,P43246:751:G>L,1,0.9975871
train-clinvar+pg_dms__transformer__seed43,MLH1,P43246:751:G>M,0,0.9232673
train-clinvar+pg_dms__transformer__seed43,MLH1,P43246:751:G>P,1,0.99858874
train-clinvar+pg_dms__transformer__seed43,MLH1,P43246:751:G>Q,1,0.9869609
train-clinvar+pg_dms__transformer__seed43,MLH1,P43246:751:G>C,1,0.83948714
train-clinvar+pg_dms__transformer__seed43,MLH1,P43246:751:G>S,0,0.99165076
train-clinvar+pg_dms__transformer__seed43,MLH1,P43246:751:G>T,1,0.98771113
train-clinvar+pg_dms__transformer__seed43,MLH1,P43246:751:G>A,0,0.9901225
train-clinvar+pg_dms__transformer__seed43,MLH1,P43246:751:G>V,0,0.9977412
train-clinvar+pg_dms__transformer__seed43,MLH1,P43246:751:G>W,1,0.9625804
train-clinvar+pg_dms__transformer__seed43,MLH1,P43246:751:G>D,0,0.99878603
train-clinvar+pg_dms__transformer__seed43,MLH1,P43246:751:G>F,1,0.9933443
train-clinvar+pg_dms__transformer__seed43,MLH1,P43246:755:S>A,0,0.86228776
train-clinvar+pg_dms__transformer__seed43,MLH1,P43246:755:S>C,0,0.963043
train-clinvar+pg_dms__transformer__seed43,MLH1,P43246:755:S>D,0,0.9893495
train-clinvar+pg_dms__transformer__seed43,MLH1,P43246:755:S>F,0,0.9917603
train-clinvar+pg_dms__transformer__seed43,MLH1,P43246:755:S>G,0,0.98036367
train-clinvar+pg_dms__transformer__seed43,MLH1,P43246:755:S>H,0,0.9906816
train-clinvar+pg_dms__transformer__seed43,MLH1,P43246:755:S>I,0,0.99709666
train-clinvar+pg_dms__transformer__seed43,MLH1,P43246:755:S>K,1,0.97264445
train-clinvar+pg_dms__transformer__seed43,MLH1,P43246:755:S>L,1,0.99108785
train-clinvar+pg_dms__transformer__seed43,MLH1,P43246:755:S>N,0,0.92427874
train-clinvar+pg_dms__transformer__seed43,MLH1,P43246:755:S>P,0,0.997549
train-clinvar+pg_dms__transformer__seed43,MLH1,P43246:755:S>Q,0,0.9703466
train-clinvar+pg_dms__transformer__seed43,MLH1,P43246:755:S>R,0,0.9944248
train-clinvar+pg_dms__transformer__seed43,MLH1,P43246:755:S>V,0,0.980163
train-clinvar+pg_dms__transformer__seed43,MLH1,P43246:755:S>W,0,0.9787159
train-clinvar+pg_dms__transformer__seed43,MLH1,P43246:755:S>M,1,0.9732256
train-clinvar+pg_dms__transformer__seed43,MLH1,P43246:756:T>A,1,0.5545825
train-clinvar+pg_dms__transformer__seed43,MLH1,P43246:756:T>S,0,0.67564166
train-clinvar+pg_dms__transformer__seed43,MLH1,P43246:756:T>N,0,0.06069892
train-clinvar+pg_dms__transformer__seed43,MLH1,P43246:756:T>C,0,0.0940711
train-clinvar+pg_dms__transformer__seed43,MLH1,P43246:756:T>M,0,0.5871425
train-clinvar+pg_dms__transformer__seed43,MLH1,P43246:756:T>L,0,0.43391815
train-clinvar+pg_dms__transformer__seed43,MLH1,P43246:756:T>K,1,0.45747483
train-clinvar+pg_dms__transformer__seed43,MLH1,P43246:756:T>I,0,0.50704765
train-clinvar+pg_dms__transformer__seed43,MLH1,P43246:756:T>H,1,0.22711094
train-clinvar+pg_dms__transformer__seed43,MLH1,P43246:756:T>G,1,0.43574613
train-clinvar+pg_dms__transformer__seed43,MLH1,P43246:756:T>E,0,0.26328117
train-clinvar+pg_dms__transformer__seed43,MLH1,P43246:756:T>F,0,0.4882848
train-clinvar+pg_dms__transformer__seed43,MLH1,P43246:756:T>Y,1,0.58623296
train-clinvar+pg_dms__transformer__seed43,MLH1,P43246:756:T>R,1,0.668278
train-clinvar+pg_dms__transformer__seed43,MLH1,P43246:756:T>Q,0,0.21063347
train-clinvar+pg_dms__transformer__seed43,MLH1,P43246:756:T>P,1,0.9349948
train-clinvar+pg_dms__transformer__seed43,MLH1,P43246:756:T>W,1,0.7477628
train-clinvar+pg_dms__transformer__seed43,MLH1,P43246:756:T>D,0,0.6354174
train-clinvar+pg_dms__transformer__seed43,MLH1,P43246:756:T>V,0,0.20984522
train-clinvar+pg_dms__transformer__seed43,MLH1,P43246:763:A>N,0,0.9502178
train-clinvar+pg_dms__transformer__seed43,MLH1,P43246:763:A>S,0,0.11127697
train-clinvar+pg_dms__transformer__seed43,MLH1,P43246:763:A>R,1,0.9935628
train-clinvar+pg_dms__transformer__seed43,MLH1,P43246:763:A>Q,0,0.9339639
train-clinvar+pg_dms__transformer__seed43,MLH1,P43246:763:A>Y,0,0.97014064
train-clinvar+pg_dms__transformer__seed43,MLH1,P43246:763:A>W,1,0.97382325
train-clinvar+pg_dms__transformer__seed43,MLH1,P43246:763:A>M,0,0.9647445
train-clinvar+pg_dms__transformer__seed43,MLH1,P43246:763:A>L,0,0.9954715
train-clinvar+pg_dms__transformer__seed43,MLH1,P43246:763:A>K,1,0.9792357
train-clinvar+pg_dms__transformer__seed43,MLH1,P43246:763:A>I,0,0.9945194
train-clinvar+pg_dms__transformer__seed43,MLH1,P43246:763:A>H,1,0.9663036
train-clinvar+pg_dms__transformer__seed43,MLH1,P43246:763:A>G,0,0.89139605
train-clinvar+pg_dms__transformer__seed43,MLH1,P43246:763:A>F,0,0.9836572
train-clinvar+pg_dms__transformer__seed43,MLH1,P43246:763:A>E,1,0.98079014
train-clinvar+pg_dms__transformer__seed43,MLH1,P43246:763:A>D,0,0.99026066
train-clinvar+pg_dms__transformer__seed43,MLH1,P43246:763:A>C,0,0.4127713
train-clinvar+pg_dms__transformer__seed43,MLH1,P43246:763:A>V,0,0.9204438
train-clinvar+pg_dms__transformer__seed43,MLH1,P43246:763:A>T,0,0.92265767
train-clinvar+pg_dms__transformer__seed43,MLH1,P43246:766:I>M,0,0.37709668
train-clinvar+pg_dms__transformer__seed43,MLH1,P43246:766:I>H,0,0.67684287
train-clinvar+pg_dms__transformer__seed43,MLH1,P43246:766:I>L,0,0.023704482
train-clinvar+pg_dms__transformer__seed43,MLH1,P43246:766:I>A,0,0.25454977
train-clinvar+pg_dms__transformer__seed43,MLH1,P43246:766:I>V,0,0.023231363
train-clinvar+pg_dms__transformer__seed43,MLH1,P43246:766:I>D,1,0.98279446
train-clinvar+pg_dms__transformer__seed43,MLH1,P43246:766:I>E,1,0.86015075
train-clinvar+pg_dms__transformer__seed43,MLH1,P43246:766:I>F,0,0.35317308
train-clinvar+pg_dms__transformer__seed43,MLH1,P43246:766:I>G,1,0.97962797
train-clinvar+pg_dms__transformer__seed43,MLH1,P43246:766:I>P,1,0.98048556
train-clinvar+pg_dms__transformer__seed43,MLH1,P43246:766:I>R,1,0.9794165
train-clinvar+pg_dms__transformer__seed43,MLH1,P43246:766:I>S,0,0.6259973
train-clinvar+pg_dms__transformer__seed43,MLH1,P43246:766:I>C,0,0.094504975
train-clinvar+pg_dms__transformer__seed43,MLH1,P43246:766:I>W,0,0.8163002
train-clinvar+pg_dms__transformer__seed43,MLH1,P43246:766:I>Y,1,0.3778267
train-clinvar+pg_dms__transformer__seed43,MLH1,P43246:770:I>W,1,0.8792137
train-clinvar+pg_dms__transformer__seed43,MLH1,P43246:770:I>A,0,0.1220296
train-clinvar+pg_dms__transformer__seed43,MLH1,P43246:770:I>C,0,0.11366072
train-clinvar+pg_dms__transformer__seed43,MLH1,P43246:770:I>D,1,0.9944115
train-clinvar+pg_dms__transformer__seed43,MLH1,P43246:770:I>E,0,0.9318129
train-clinvar+pg_dms__transformer__seed43,MLH1,P43246:770:I>F,0,0.23703541
train-clinvar+pg_dms__transformer__seed43,MLH1,P43246:770:I>G,1,0.99087197
train-clinvar+pg_dms__transformer__seed43,MLH1,P43246:770:I>K,1,0.98791087
train-clinvar+pg_dms__transformer__seed43,MLH1,P43246:770:I>L,0,0.008853144
train-clinvar+pg_dms__transformer__seed43,MLH1,P43246:770:I>Q,0,0.78036135
train-clinvar+pg_dms__transformer__seed43,MLH1,P43246:770:I>R,1,0.9902435
train-clinvar+pg_dms__transformer__seed43,MLH1,P43246:770:I>S,0,0.7104332
train-clinvar+pg_dms__transformer__seed43,MLH1,P43246:770:I>T,0,0.10492045
train-clinvar+pg_dms__transformer__seed43,MLH1,P43246:770:I>V,0,0.01603926
train-clinvar+pg_dms__transformer__seed43,MLH1,P43246:770:I>Y,0,0.64615977
train-clinvar+pg_dms__transformer__seed43,MLH1,P43246:770:I>P,1,0.9904953
train-clinvar+pg_dms__transformer__seed43,MLH1,P43246:770:I>M,0,0.26051933
train-clinvar+pg_dms__transformer__seed43,MLH1,P43246:771:A>M,0,0.51840305
train-clinvar+pg_dms__transformer__seed43,MLH1,P43246:771:A>N,0,0.112177245
train-clinvar+pg_dms__transformer__seed43,MLH1,P43246:771:A>P,0,0.98299015
train-clinvar+pg_dms__transformer__seed43,MLH1,P43246:771:A>Q,0,0.16054887
train-clinvar+pg_dms__transformer__seed43,MLH1,P43246:771:A>R,0,0.8788622
train-clinvar+pg_dms__transformer__seed43,MLH1,P43246:771:A>S,0,0.021966206
train-clinvar+pg_dms__transformer__seed43,MLH1,P43246:771:A>V,0,0.013042342
train-clinvar+pg_dms__transformer__seed43,MLH1,P43246:771:A>W,0,0.7899216
train-clinvar+pg_dms__transformer__seed43,MLH1,P43246:771:A>Y,0,0.48550668
train-clinvar+pg_dms__transformer__seed43,MLH1,P43246:771:A>C,0,0.013529343
train-clinvar+pg_dms__transformer__seed43,MLH1,P43246:771:A>D,0,0.75102836
train-clinvar+pg_dms__transformer__seed43,MLH1,P43246:771:A>F,0,0.27652037
train-clinvar+pg_dms__transformer__seed43,MLH1,P43246:771:A>G,0,0.041082043
train-clinvar+pg_dms__transformer__seed43,MLH1,P43246:771:A>H,0,0.45714834
train-clinvar+pg_dms__transformer__seed43,MLH1,P43246:771:A>I,0,0.10977328
train-clinvar+pg_dms__transformer__seed43,MLH1,P43246:771:A>L,0,0.04443301
train-clinvar+pg_dms__transformer__seed43,MLH1,P43246:772:T>N,0,0.0044486015
train-clinvar+pg_dms__transformer__seed43,MLH1,P43246:772:T>Y,0,0.016781343
train-clinvar+pg_dms__transformer__seed43,MLH1,P43246:772:T>P,1,0.3851891
train-clinvar+pg_dms__transformer__seed43,MLH1,P43246:772:T>M,0,0.046129923
train-clinvar+pg_dms__transformer__seed43,MLH1,P43246:772:T>Q,0,0.010458219
train-clinvar+pg_dms__transformer__seed43,MLH1,P43246:772:T>K,0,0.01438293
train-clinvar+pg_dms__transformer__seed43,MLH1,P43246:772:T>G,0,0.008523165
train-clinvar+pg_dms__transformer__seed43,MLH1,P43246:772:T>F,0,0.021919949
train-clinvar+pg_dms__transformer__seed43,MLH1,P43246:772:T>E,0,0.0049516545
train-clinvar+pg_dms__transformer__seed43,MLH1,P43246:772:T>D,0,0.047065396
train-clinvar+pg_dms__transformer__seed43,MLH1,P43246:772:T>L,0,0.011807383
train-clinvar+pg_dms__transformer__seed43,MLH1,P43246:772:T>C,0,0.009179861
train-clinvar+pg_dms__transformer__seed43,MLH1,P43246:772:T>V,0,0.010064671
train-clinvar+pg_dms__transformer__seed43,MLH1,P43246:772:T>H,0,0.019620158
train-clinvar+pg_dms__transformer__seed43,MLH1,P43246:772:T>R,0,0.05617167
train-clinvar+pg_dms__transformer__seed43,MLH1,P43246:772:T>W,1,0.3337659
train-clinvar+pg_dms__transformer__seed43,MLH1,P43246:772:T>I,0,0.03515267
train-clinvar+pg_dms__transformer__seed43,MLH1,P43246:772:T>S,0,0.00875105
train-clinvar+pg_dms__transformer__seed43,MLH1,P43246:773:K>A,0,0.009055487
train-clinvar+pg_dms__transformer__seed43,MLH1,P43246:773:K>C,0,0.021749115
train-clinvar+pg_dms__transformer__seed43,MLH1,P43246:773:K>D,0,0.0101385955
train-clinvar+pg_dms__transformer__seed43,MLH1,P43246:773:K>F,0,0.14499816
train-clinvar+pg_dms__transformer__seed43,MLH1,P43246:773:K>G,0,0.0035972705
train-clinvar+pg_dms__transformer__seed43,MLH1,P43246:773:K>H,0,0.021825584
train-clinvar+pg_dms__transformer__seed43,MLH1,P43246:773:K>I,0,0.031981826
train-clinvar+pg_dms__transformer__seed43,MLH1,P43246:773:K>L,0,0.06592695
train-clinvar+pg_dms__transformer__seed43,MLH1,P43246:773:K>M,0,0.47527826
train-clinvar+pg_dms__transformer__seed43,MLH1,P43246:773:K>P,0,0.950586
train-clinvar+pg_dms__transformer__seed43,MLH1,P43246:773:K>Q,0,0.01587779
train-clinvar+pg_dms__transformer__seed43,MLH1,P43246:773:K>R,0,0.0046487376
train-clinvar+pg_dms__transformer__seed43,MLH1,P43246:773:K>S,0,0.008890452
train-clinvar+pg_dms__transformer__seed43,MLH1,P43246:773:K>T,0,0.0140722515
train-clinvar+pg_dms__transformer__seed43,MLH1,P43246:773:K>W,0,0.7433227
train-clinvar+pg_dms__transformer__seed43,MLH1,P43246:773:K>Y,0,0.3369381
train-clinvar+pg_dms__transformer__seed43,MLH1,P43246:773:K>V,0,0.019951498
train-clinvar+pg_dms__transformer__seed43,MLH1,P43246:777:F>W,0,0.5779729
train-clinvar+pg_dms__transformer__seed43,MLH1,P43246:777:F>C,0,0.05256363
train-clinvar+pg_dms__transformer__seed43,MLH1,P43246:777:F>D,1,0.96340364
train-clinvar+pg_dms__transformer__seed43,MLH1,P43246:777:F>E,0,0.9264398
train-clinvar+pg_dms__transformer__seed43,MLH1,P43246:777:F>G,0,0.840393
train-clinvar+pg_dms__transformer__seed43,MLH1,P43246:777:F>I,0,0.2299474
train-clinvar+pg_dms__transformer__seed43,MLH1,P43246:777:F>K,0,0.9449239
train-clinvar+pg_dms__transformer__seed43,MLH1,P43246:777:F>A,0,0.5077428
train-clinvar+pg_dms__transformer__seed43,MLH1,P43246:777:F>L,0,0.56150836
train-clinvar+pg_dms__transformer__seed43,MLH1,P43246:777:F>N,0,0.5443196
train-clinvar+pg_dms__transformer__seed43,MLH1,P43246:777:F>P,0,0.9911849
train-clinvar+pg_dms__transformer__seed43,MLH1,P43246:777:F>Q,0,0.7298741
train-clinvar+pg_dms__transformer__seed43,MLH1,P43246:777:F>R,0,0.94179654
train-clinvar+pg_dms__transformer__seed43,MLH1,P43246:777:F>S,0,0.41733962
train-clinvar+pg_dms__transformer__seed43,MLH1,P43246:777:F>T,0,0.59102273
train-clinvar+pg_dms__transformer__seed43,MLH1,P43246:777:F>M,0,0.7189483
train-clinvar+pg_dms__transformer__seed43,MLH1,P43246:777:F>V,0,0.16007052
train-clinvar+pg_dms__transformer__seed43,MLH1,P43246:777:F>Y,0,0.024488298
train-clinvar+pg_dms__transformer__seed43,MLH1,P43246:781:A>Q,1,0.97617394
train-clinvar+pg_dms__transformer__seed43,MLH1,P43246:781:A>V,1,0.9700686
train-clinvar+pg_dms__transformer__seed43,MLH1,P43246:781:A>W,1,0.9723727
train-clinvar+pg_dms__transformer__seed43,MLH1,P43246:781:A>Y,1,0.9835865
train-clinvar+pg_dms__transformer__seed43,MLH1,P43246:781:A>S,0,0.36727366
train-clinvar+pg_dms__transformer__seed43,MLH1,P43246:781:A>R,1,0.9865975
train-clinvar+pg_dms__transformer__seed43,MLH1,P43246:781:A>C,0,0.81500894
train-clinvar+pg_dms__transformer__seed43,MLH1,P43246:781:A>E,0,0.98235625
train-clinvar+pg_dms__transformer__seed43,MLH1,P43246:781:A>P,0,0.9955805
train-clinvar+pg_dms__transformer__seed43,MLH1,P43246:781:A>G,0,0.9454717
train-clinvar+pg_dms__transformer__seed43,MLH1,P43246:781:A>H,1,0.9804417
train-clinvar+pg_dms__transformer__seed43,MLH1,P43246:781:A>I,1,0.99011785
train-clinvar+pg_dms__transformer__seed43,MLH1,P43246:781:A>N,0,0.91451555
train-clinvar+pg_dms__transformer__seed43,MLH1,P43246:781:A>M,1,0.9777641
train-clinvar+pg_dms__transformer__seed43,MLH1,P43246:781:A>L,0,0.9894498
train-clinvar+pg_dms__transformer__seed43,MLH1,P43246:781:A>K,1,0.9811694
train-clinvar+pg_dms__transformer__seed43,MLH1,P43246:781:A>F,1,0.9807716
train-clinvar+pg_dms__transformer__seed43,MLH1,P43246:786:E>Y,1,0.046965417
train-clinvar+pg_dms__transformer__seed43,MLH1,P43246:786:E>W,1,0.48730457
train-clinvar+pg_dms__transformer__seed43,MLH1,P43246:786:E>V,0,0.04885624
train-clinvar+pg_dms__transformer__seed43,MLH1,P43246:786:E>T,0,0.046857927
train-clinvar+pg_dms__transformer__seed43,MLH1,P43246:786:E>S,0,0.049935807
train-clinvar+pg_dms__transformer__seed43,MLH1,P43246:786:E>R,0,0.16176927
train-clinvar+pg_dms__transformer__seed43,MLH1,P43246:786:E>Q,0,0.011596919
train-clinvar+pg_dms__transformer__seed43,MLH1,P43246:786:E>P,0,0.666485
train-clinvar+pg_dms__transformer__seed43,MLH1,P43246:786:E>L,0,0.04834681
train-clinvar+pg_dms__transformer__seed43,MLH1,P43246:786:E>A,0,0.034661826
train-clinvar+pg_dms__transformer__seed43,MLH1,P43246:786:E>I,0,0.043990556
train-clinvar+pg_dms__transformer__seed43,MLH1,P43246:786:E>H,0,0.09481911
train-clinvar+pg_dms__transformer__seed43,MLH1,P43246:786:E>G,0,0.022778189
train-clinvar+pg_dms__transformer__seed43,MLH1,P43246:786:E>F,0,0.025931213
train-clinvar+pg_dms__transformer__seed43,MLH1,P43246:786:E>C,0,0.015850835
train-clinvar+pg_dms__transformer__seed43,MLH1,P43246:786:E>D,0,0.20778476
train-clinvar+pg_dms__transformer__seed43,MLH1,P43246:786:E>N,0,0.0457379
train-clinvar+pg_dms__transformer__seed43,MLH1,P43246:786:E>M,0,0.5219897
train-clinvar+pg_dms__transformer__seed43,MLH1,P43246:790:L>F,0,0.16033804
train-clinvar+pg_dms__transformer__seed43,MLH1,P43246:790:L>P,1,0.9878092
train-clinvar+pg_dms__transformer__seed43,MLH1,P43246:790:L>R,1,0.92176753
train-clinvar+pg_dms__transformer__seed43,MLH1,P43246:790:L>S,1,0.7025265
train-clinvar+pg_dms__transformer__seed43,MLH1,P43246:790:L>T,0,0.5099662
train-clinvar+pg_dms__transformer__seed43,MLH1,P43246:790:L>V,0,0.08612566
train-clinvar+pg_dms__transformer__seed43,MLH1,P43246:790:L>W,1,0.79026
train-clinvar+pg_dms__transformer__seed43,MLH1,P43246:790:L>M,0,0.4254198
train-clinvar+pg_dms__transformer__seed43,MLH1,P43246:790:L>K,1,0.8504626
train-clinvar+pg_dms__transformer__seed43,MLH1,P43246:790:L>I,0,0.0557218
train-clinvar+pg_dms__transformer__seed43,MLH1,P43246:790:L>H,1,0.67925984
train-clinvar+pg_dms__transformer__seed43,MLH1,P43246:790:L>G,1,0.74275523
train-clinvar+pg_dms__transformer__seed43,MLH1,P43246:790:L>D,1,0.9468502
train-clinvar+pg_dms__transformer__seed43,MLH1,P43246:790:L>C,0,0.15683797
train-clinvar+pg_dms__transformer__seed43,MLH1,P43246:790:L>A,0,0.3090089
train-clinvar+pg_dms__transformer__seed43,MLH1,P43246:790:L>Q,0,0.42649686
train-clinvar+pg_dms__transformer__seed43,MLH1,P43246:790:L>N,1,0.78962755
train-clinvar+pg_dms__transformer__seed43,MLH1,P43246:792:N>V,0,0.005333222
train-clinvar+pg_dms__transformer__seed43,MLH1,P43246:792:N>T,0,0.01207478
train-clinvar+pg_dms__transformer__seed43,MLH1,P43246:792:N>S,0,0.0063330466
train-clinvar+pg_dms__transformer__seed43,MLH1,P43246:792:N>R,0,0.008327162
train-clinvar+pg_dms__transformer__seed43,MLH1,P43246:792:N>Q,1,0.0019102314
train-clinvar+pg_dms__transformer__seed43,MLH1,P43246:792:N>P,0,0.066011466
train-clinvar+pg_dms__transformer__seed43,MLH1,P43246:792:N>A,0,0.0018701524
train-clinvar+pg_dms__transformer__seed43,MLH1,P43246:792:N>F,0,0.012961043
train-clinvar+pg_dms__transformer__seed43,MLH1,P43246:792:N>D,0,0.024163472
train-clinvar+pg_dms__transformer__seed43,MLH1,P43246:792:N>E,0,0.004797869
train-clinvar+pg_dms__transformer__seed43,MLH1,P43246:792:N>G,0,0.0018954355
train-clinvar+pg_dms__transformer__seed43,MLH1,P43246:792:N>H,0,0.007857606
train-clinvar+pg_dms__transformer__seed43,MLH1,P43246:792:N>M,0,0.17902705
train-clinvar+pg_dms__transformer__seed43,MLH1,P43246:792:N>K,0,0.030375976
train-clinvar+pg_dms__transformer__seed43,MLH1,P43246:792:N>C,0,0.003087867
train-clinvar+pg_dms__transformer__seed43,MLH1,P43246:792:N>L,0,0.0074174292
train-clinvar+pg_dms__transformer__seed43,MLH1,P43246:792:N>Y,0,0.0042220163
train-clinvar+pg_dms__transformer__seed43,MLH1,P43246:792:N>W,0,0.23609433
train-clinvar+pg_dms__transformer__seed43,MLH1,P43246:794:I>C,0,0.042285547
train-clinvar+pg_dms__transformer__seed43,MLH1,P43246:794:I>V,0,0.05739523
train-clinvar+pg_dms__transformer__seed43,MLH1,P43246:794:I>T,0,0.105562046
train-clinvar+pg_dms__transformer__seed43,MLH1,P43246:794:I>S,0,0.059829276
train-clinvar+pg_dms__transformer__seed43,MLH1,P43246:794:I>R,0,0.09889264
train-clinvar+pg_dms__transformer__seed43,MLH1,P43246:794:I>Q,0,0.031183597
train-clinvar+pg_dms__transformer__seed43,MLH1,P43246:794:I>P,1,0.96638316
train-clinvar+pg_dms__transformer__seed43,MLH1,P43246:794:I>N,0,0.06459385
train-clinvar+pg_dms__transformer__seed43,MLH1,P43246:794:I>M,1,0.37039885
train-clinvar+pg_dms__transformer__seed43,MLH1,P43246:794:I>A,0,0.06753728
train-clinvar+pg_dms__transformer__seed43,MLH1,P43246:794:I>L,0,0.034870174
train-clinvar+pg_dms__transformer__seed43,MLH1,P43246:794:I>H,0,0.16270109
train-clinvar+pg_dms__transformer__seed43,MLH1,P43246:794:I>G,0,0.37232813
train-clinvar+pg_dms__transformer__seed43,MLH1,P43246:794:I>F,0,0.022389676
train-clinvar+pg_dms__transformer__seed43,MLH1,P43246:794:I>E,0,0.13658153
train-clinvar+pg_dms__transformer__seed43,MLH1,P43246:794:I>D,0,0.56784976
train-clinvar+pg_dms__transformer__seed43,MLH1,P43246:794:I>Y,0,0.064127974
train-clinvar+pg_dms__transformer__seed43,MLH1,P43246:794:I>W,0,0.5540761
train-clinvar+pg_dms__transformer__seed43,MLH1,P43246:803:T>D,1,0.45011675
train-clinvar+pg_dms__transformer__seed43,MLH1,P43246:803:T>A,0,0.056004018
train-clinvar+pg_dms__transformer__seed43,MLH1,P43246:803:T>C,0,0.07503867
train-clinvar+pg_dms__transformer__seed43,MLH1,P43246:803:T>W,0,0.7321048
train-clinvar+pg_dms__transformer__seed43,MLH1,P43246:803:T>Y,1,0.21878164
train-clinvar+pg_dms__transformer__seed43,MLH1,P43246:803:T>S,0,0.04446351
train-clinvar+pg_dms__transformer__seed43,MLH1,P43246:803:T>M,0,0.3330377
train-clinvar+pg_dms__transformer__seed43,MLH1,P43246:803:T>L,0,0.06396756
train-clinvar+pg_dms__transformer__seed43,MLH1,P43246:803:T>N,0,0.13170199
train-clinvar+pg_dms__transformer__seed43,MLH1,P43246:803:T>E,0,0.17317952
train-clinvar+pg_dms__transformer__seed43,MLH1,P43246:803:T>P,0,0.94647276
train-clinvar+pg_dms__transformer__seed43,MLH1,P43246:803:T>Q,0,0.06758091
train-clinvar+pg_dms__transformer__seed43,MLH1,P43246:803:T>V,0,0.14804952
train-clinvar+pg_dms__transformer__seed43,MLH1,P43246:803:T>K,0,0.16545545
train-clinvar+pg_dms__transformer__seed43,MLH1,P43246:803:T>H,0,0.31469572
train-clinvar+pg_dms__transformer__seed43,MLH1,P43246:803:T>G,0,0.088341236
train-clinvar+pg_dms__transformer__seed43,MLH1,P43246:803:T>R,0,0.23004507
train-clinvar+pg_dms__transformer__seed43,MLH1,P43246:812:T>A,0,0.06654676
train-clinvar+pg_dms__transformer__seed43,MLH1,P43246:812:T>C,0,0.02893803
train-clinvar+pg_dms__transformer__seed43,MLH1,P43246:812:T>E,0,0.5067898
train-clinvar+pg_dms__transformer__seed43,MLH1,P43246:812:T>F,0,0.26863652
train-clinvar+pg_dms__transformer__seed43,MLH1,P43246:812:T>G,1,0.1721143
train-clinvar+pg_dms__transformer__seed43,MLH1,P43246:812:T>H,0,0.1903754
train-clinvar+pg_dms__transformer__seed43,MLH1,P43246:812:T>I,0,0.22800048
train-clinvar+pg_dms__transformer__seed43,MLH1,P43246:812:T>L,0,0.061215743
train-clinvar+pg_dms__transformer__seed43,MLH1,P43246:812:T>M,0,0.35935453
train-clinvar+pg_dms__transformer__seed43,MLH1,P43246:812:T>N,0,0.24241932
train-clinvar+pg_dms__transformer__seed43,MLH1,P43246:812:T>P,0,0.9635102
train-clinvar+pg_dms__transformer__seed43,MLH1,P43246:812:T>Q,0,0.12747379
train-clinvar+pg_dms__transformer__seed43,MLH1,P43246:812:T>R,0,0.3448189
train-clinvar+pg_dms__transformer__seed43,MLH1,P43246:812:T>S,0,0.31400645
train-clinvar+pg_dms__transformer__seed43,MLH1,P43246:812:T>Y,0,0.1880767
train-clinvar+pg_dms__transformer__seed43,MLH1,P43246:812:T>W,0,0.7663863
train-clinvar+pg_dms__transformer__seed43,MLH1,P43246:812:T>V,0,0.04918808
train-clinvar+pg_dms__transformer__seed43,MLH1,P43246:812:T>K,0,0.51550186
train-clinvar+pg_dms__transformer__seed43,MLH1,P43246:814:L>W,0,0.82684934
train-clinvar+pg_dms__transformer__seed43,MLH1,P43246:814:L>P,0,0.98995763
train-clinvar+pg_dms__transformer__seed43,MLH1,P43246:814:L>V,0,0.06835914
train-clinvar+pg_dms__transformer__seed43,MLH1,P43246:814:L>T,0,0.32031372
train-clinvar+pg_dms__transformer__seed43,MLH1,P43246:814:L>S,0,0.8486258
train-clinvar+pg_dms__transformer__seed43,MLH1,P43246:814:L>R,0,0.61012906
train-clinvar+pg_dms__transformer__seed43,MLH1,P43246:814:L>Q,0,0.3519983
train-clinvar+pg_dms__transformer__seed43,MLH1,P43246:814:L>N,0,0.82454556
train-clinvar+pg_dms__transformer__seed43,MLH1,P43246:814:L>F,0,0.17030658
train-clinvar+pg_dms__transformer__seed43,MLH1,P43246:814:L>K,0,0.8921331
train-clinvar+pg_dms__transformer__seed43,MLH1,P43246:814:L>H,0,0.6024385
train-clinvar+pg_dms__transformer__seed43,MLH1,P43246:814:L>G,0,0.85290927
train-clinvar+pg_dms__transformer__seed43,MLH1,P43246:814:L>Y,0,0.47537512
train-clinvar+pg_dms__transformer__seed43,MLH1,P43246:814:L>E,0,0.8561921
train-clinvar+pg_dms__transformer__seed43,MLH1,P43246:814:L>D,0,0.9286716
train-clinvar+pg_dms__transformer__seed43,MLH1,P43246:814:L>A,0,0.49676698
train-clinvar+pg_dms__transformer__seed43,MLH1,P43246:814:L>M,0,0.517007
train-clinvar+pg_dms__transformer__seed43,MLH1,P43246:814:L>C,0,0.07901026
train-clinvar+pg_dms__transformer__seed43,MLH1,P43246:817:V>I,0,0.014868742
train-clinvar+pg_dms__transformer__seed43,MLH1,P43246:817:V>C,0,0.5894449
train-clinvar+pg_dms__transformer__seed43,MLH1,P43246:817:V>A,0,0.9551657
train-clinvar+pg_dms__transformer__seed43,MLH1,P43246:817:V>D,1,0.9970812
train-clinvar+pg_dms__transformer__seed43,MLH1,P43246:817:V>F,0,0.95808464
train-clinvar+pg_dms__transformer__seed43,MLH1,P43246:817:V>G,1,0.9983753
train-clinvar+pg_dms__transformer__seed43,MLH1,P43246:817:V>N,0,0.9477187
train-clinvar+pg_dms__transformer__seed43,MLH1,P43246:817:V>M,1,0.62151843
train-clinvar+pg_dms__transformer__seed43,MLH1,P43246:817:V>P,1,0.99761486
train-clinvar+pg_dms__transformer__seed43,MLH1,P43246:817:V>Q,0,0.9972366
train-clinvar+pg_dms__transformer__seed43,MLH1,P43246:817:V>R,1,0.99513215
train-clinvar+pg_dms__transformer__seed43,MLH1,P43246:817:V>S,0,0.97982967
train-clinvar+pg_dms__transformer__seed43,MLH1,P43246:817:V>T,0,0.8212203
train-clinvar+pg_dms__transformer__seed43,MLH1,P43246:817:V>L,0,0.38627747
train-clinvar+pg_dms__transformer__seed43,MLH1,P43246:817:V>W,1,0.8881248
train-clinvar+pg_dms__transformer__seed43,MLH1,P43246:817:V>K,1,0.9975471
train-clinvar+pg_dms__transformer__seed43,MLH1,P43246:824:Q>H,0,0.06952685
train-clinvar+pg_dms__transformer__seed43,MLH1,P43246:824:Q>Y,0,0.343766
train-clinvar+pg_dms__transformer__seed43,MLH1,P43246:824:Q>W,1,0.40984523
train-clinvar+pg_dms__transformer__seed43,MLH1,P43246:824:Q>V,0,0.02315944
train-clinvar+pg_dms__transformer__seed43,MLH1,P43246:824:Q>T,0,0.12596448
train-clinvar+pg_dms__transformer__seed43,MLH1,P43246:824:Q>S,0,0.012212302
train-clinvar+pg_dms__transformer__seed43,MLH1,P43246:824:Q>I,0,0.19499876
train-clinvar+pg_dms__transformer__seed43,MLH1,P43246:824:Q>P,1,0.87370676
train-clinvar+pg_dms__transformer__seed43,MLH1,P43246:824:Q>A,0,0.03137475
train-clinvar+pg_dms__transformer__seed43,MLH1,P43246:824:Q>R,0,0.0019067978
train-clinvar+pg_dms__transformer__seed43,MLH1,P43246:824:Q>D,0,0.39499864
train-clinvar+pg_dms__transformer__seed43,MLH1,P43246:824:Q>E,0,0.035336364
train-clinvar+pg_dms__transformer__seed43,MLH1,P43246:824:Q>F,0,0.13851632
train-clinvar+pg_dms__transformer__seed43,MLH1,P43246:824:Q>N,0,0.03383317
train-clinvar+pg_dms__transformer__seed43,MLH1,P43246:824:Q>M,0,0.19482042
train-clinvar+pg_dms__transformer__seed43,MLH1,P43246:824:Q>L,0,0.02875239
train-clinvar+pg_dms__transformer__seed43,MLH1,P43246:824:Q>K,0,0.0018709583
train-clinvar+pg_dms__transformer__seed43,MLH1,P43246:824:Q>G,0,0.056291174
train-clinvar+pg_dms__transformer__seed43,MLH1,P43246:824:Q>C,0,0.0600495
train-clinvar+pg_dms__transformer__seed43,MLH1,P43246:825:S>A,0,0.19627094
train-clinvar+pg_dms__transformer__seed43,MLH1,P43246:825:S>C,0,0.14267497
train-clinvar+pg_dms__transformer__seed43,MLH1,P43246:825:S>D,0,0.5694849
train-clinvar+pg_dms__transformer__seed43,MLH1,P43246:825:S>E,0,0.252161
train-clinvar+pg_dms__transformer__seed43,MLH1,P43246:825:S>H,0,0.47149432
train-clinvar+pg_dms__transformer__seed43,MLH1,P43246:825:S>L,1,0.31868732
train-clinvar+pg_dms__transformer__seed43,MLH1,P43246:825:S>K,0,0.16633193
train-clinvar+pg_dms__transformer__seed43,MLH1,P43246:825:S>V,0,0.27921173
train-clinvar+pg_dms__transformer__seed43,MLH1,P43246:825:S>T,0,0.34542575
train-clinvar+pg_dms__transformer__seed43,MLH1,P43246:825:S>R,0,0.3272278
train-clinvar+pg_dms__transformer__seed43,MLH1,P43246:825:S>P,0,0.8027755
train-clinvar+pg_dms__transformer__seed43,MLH1,P43246:825:S>N,1,0.17924516
train-clinvar+pg_dms__transformer__seed43,MLH1,P43246:825:S>M,1,0.6114028
train-clinvar+pg_dms__transformer__seed43,MLH1,P43246:825:S>W,1,0.66106313
train-clinvar+pg_dms__transformer__seed43,MLH1,P43246:825:S>I,0,0.70929074
train-clinvar+pg_dms__transformer__seed43,MLH1,P43246:831:A>Y,0,0.13068448
train-clinvar+pg_dms__transformer__seed43,MLH1,P43246:831:A>K,1,0.083035514
train-clinvar+pg_dms__transformer__seed43,MLH1,P43246:831:A>C,0,0.0379467
train-clinvar+pg_dms__transformer__seed43,MLH1,P43246:831:A>D,1,0.39842987
train-clinvar+pg_dms__transformer__seed43,MLH1,P43246:831:A>H,1,0.11456456
train-clinvar+pg_dms__transformer__seed43,MLH1,P43246:831:A>W,0,0.38330913
train-clinvar+pg_dms__transformer__seed43,MLH1,P43246:831:A>I,0,0.25994474
train-clinvar+pg_dms__transformer__seed43,MLH1,P43246:831:A>F,0,0.081815325
train-clinvar+pg_dms__transformer__seed43,MLH1,P43246:831:A>V,0,0.12581149
train-clinvar+pg_dms__transformer__seed43,MLH1,P43246:831:A>L,0,0.06659168
train-clinvar+pg_dms__transformer__seed43,MLH1,P43246:831:A>S,0,0.05148323
train-clinvar+pg_dms__transformer__seed43,MLH1,P43246:831:A>Q,0,0.07780325
train-clinvar+pg_dms__transformer__seed43,MLH1,P43246:831:A>P,1,0.8545863
train-clinvar+pg_dms__transformer__seed43,MLH1,P43246:831:A>T,0,0.25245523
train-clinvar+pg_dms__transformer__seed43,MLH1,P43246:831:A>M,0,0.2985164
train-clinvar+pg_dms__transformer__seed43,MLH1,P43246:831:A>R,1,0.23823747
train-clinvar+pg_dms__transformer__seed43,MLH1,P43246:831:A>N,1,0.06677417
train-clinvar+pg_dms__transformer__seed43,MLH1,P43246:837:P>T,0,0.71436995
train-clinvar+pg_dms__transformer__seed43,MLH1,P43246:837:P>L,1,0.7967792
train-clinvar+pg_dms__transformer__seed43,MLH1,P43246:837:P>S,0,0.66142887
train-clinvar+pg_dms__transformer__seed43,MLH1,P43246:837:P>R,0,0.8156135
train-clinvar+pg_dms__transformer__seed43,MLH1,P43246:837:P>Q,0,0.7237598
train-clinvar+pg_dms__transformer__seed43,MLH1,P43246:837:P>N,0,0.80963475
train-clinvar+pg_dms__transformer__seed43,MLH1,P43246:837:P>M,0,0.76117355
train-clinvar+pg_dms__transformer__seed43,MLH1,P43246:837:P>K,0,0.8104718
train-clinvar+pg_dms__transformer__seed43,MLH1,P43246:837:P>W,1,0.72643584
train-clinvar+pg_dms__transformer__seed43,MLH1,P43246:837:P>I,1,0.8433141
train-clinvar+pg_dms__transformer__seed43,MLH1,P43246:837:P>G,0,0.6043874
train-clinvar+pg_dms__transformer__seed43,MLH1,P43246:837:P>F,1,0.7048652
train-clinvar+pg_dms__transformer__seed43,MLH1,P43246:837:P>E,0,0.8251749
train-clinvar+pg_dms__transformer__seed43,MLH1,P43246:837:P>Y,0,0.79987764
train-clinvar+pg_dms__transformer__seed43,MLH1,P43246:837:P>D,0,0.8119573
train-clinvar+pg_dms__transformer__seed43,MLH1,P43246:837:P>C,0,0.4396559
train-clinvar+pg_dms__transformer__seed43,MLH1,P43246:837:P>A,0,0.6566263
train-clinvar+pg_dms__transformer__seed43,MLH1,P43246:837:P>H,0,0.6557977
train-clinvar+pg_dms__transformer__seed43,MLH1,P43246:837:P>V,1,0.6485084
train-clinvar+pg_dms__transformer__seed43,MLH1,P43246:854:F>G,0,0.014491691
train-clinvar+pg_dms__transformer__seed43,MLH1,P43246:854:F>H,0,0.029896565
train-clinvar+pg_dms__transformer__seed43,MLH1,P43246:854:F>I,0,0.021907337
train-clinvar+pg_dms__transformer__seed43,MLH1,P43246:854:F>K,0,0.022645436
train-clinvar+pg_dms__transformer__seed43,MLH1,P43246:854:F>L,0,0.030708194
train-clinvar+pg_dms__transformer__seed43,MLH1,P43246:854:F>N,0,0.01315943
train-clinvar+pg_dms__transformer__seed43,MLH1,P43246:854:F>P,0,0.49489707
train-clinvar+pg_dms__transformer__seed43,MLH1,P43246:854:F>Q,0,0.010376859
train-clinvar+pg_dms__transformer__seed43,MLH1,P43246:854:F>R,0,0.05709552
train-clinvar+pg_dms__transformer__seed43,MLH1,P43246:854:F>S,0,0.013316367
train-clinvar+pg_dms__transformer__seed43,MLH1,P43246:854:F>W,0,0.16660506
train-clinvar+pg_dms__transformer__seed43,MLH1,P43246:854:F>V,0,0.0038860636
train-clinvar+pg_dms__transformer__seed43,MLH1,P43246:854:F>T,0,0.03559278
train-clinvar+pg_dms__transformer__seed43,MLH1,P43246:854:F>M,0,0.23077841
train-clinvar+pg_dms__transformer__seed43,MLH1,P43246:854:F>E,0,0.024430487
train-clinvar+pg_dms__transformer__seed43,MLH1,P43246:854:F>C,0,0.016771143
train-clinvar+pg_dms__transformer__seed43,MLH1,P43246:854:F>D,0,0.043279655
train-clinvar+pg_dms__transformer__seed43,MLH1,P43246:854:F>A,0,0.020752292
train-clinvar+pg_dms__transformer__seed43,MLH1,P43246:854:F>Y,0,0.0025240364
train-clinvar+pg_dms__transformer__seed43,MLH1,P43246:863:Y>R,0,0.012475675
train-clinvar+pg_dms__transformer__seed43,MLH1,P43246:863:Y>V,0,0.0026602927
train-clinvar+pg_dms__transformer__seed43,MLH1,P43246:863:Y>W,0,0.046488903
train-clinvar+pg_dms__transformer__seed43,MLH1,P43246:863:Y>T,0,0.0047789696
train-clinvar+pg_dms__transformer__seed43,MLH1,P43246:863:Y>S,0,0.0028280616
train-clinvar+pg_dms__transformer__seed43,MLH1,P43246:863:Y>Q,0,0.0023848745
train-clinvar+pg_dms__transformer__seed43,MLH1,P43246:863:Y>D,0,0.01959843
train-clinvar+pg_dms__transformer__seed43,MLH1,P43246:863:Y>N,0,0.0016752181
train-clinvar+pg_dms__transformer__seed43,MLH1,P43246:863:Y>M,0,0.12631267
train-clinvar+pg_dms__transformer__seed43,MLH1,P43246:863:Y>L,0,0.0046943133
train-clinvar+pg_dms__transformer__seed43,MLH1,P43246:863:Y>K,0,0.0045128595
train-clinvar+pg_dms__transformer__seed43,MLH1,P43246:863:Y>I,0,0.006491273
train-clinvar+pg_dms__transformer__seed43,MLH1,P43246:863:Y>H,0,0.0013114698
train-clinvar+pg_dms__transformer__seed43,MLH1,P43246:863:Y>P,0,0.060575362
train-clinvar+pg_dms__transformer__seed43,MLH1,P43246:863:Y>F,0,0.0029528863
train-clinvar+pg_dms__transformer__seed43,MLH1,P43246:863:Y>E,0,0.0056595835
train-clinvar+pg_dms__transformer__seed43,MLH1,P43246:863:Y>C,0,0.0026247755
train-clinvar+pg_dms__transformer__seed43,MLH1,P43246:863:Y>A,0,0.003025094
train-clinvar+pg_dms__transformer__seed43,MLH1,P43246:863:Y>G,0,0.005673175
train-clinvar+pg_dms__transformer__seed43,MLH1,P43246:864:D>T,0,0.014730073
train-clinvar+pg_dms__transformer__seed43,MLH1,P43246:864:D>A,0,0.0037335698
train-clinvar+pg_dms__transformer__seed43,MLH1,P43246:864:D>C,0,0.0044761924
train-clinvar+pg_dms__transformer__seed43,MLH1,P43246:864:D>F,0,0.011641912
train-clinvar+pg_dms__transformer__seed43,MLH1,P43246:864:D>G,0,0.0045487667
train-clinvar+pg_dms__transformer__seed43,MLH1,P43246:864:D>H,0,0.0043188627
train-clinvar+pg_dms__transformer__seed43,MLH1,P43246:864:D>I,0,0.009753686
train-clinvar+pg_dms__transformer__seed43,MLH1,P43246:864:D>K,0,0.0036415
train-clinvar+pg_dms__transformer__seed43,MLH1,P43246:864:D>L,0,0.008693284
train-clinvar+pg_dms__transformer__seed43,MLH1,P43246:864:D>M,0,0.30229324
train-clinvar+pg_dms__transformer__seed43,MLH1,P43246:864:D>P,0,0.038246922
train-clinvar+pg_dms__transformer__seed43,MLH1,P43246:864:D>Q,0,0.0024097988
train-clinvar+pg_dms__transformer__seed43,MLH1,P43246:864:D>Y,0,0.007275712
train-clinvar+pg_dms__transformer__seed43,MLH1,P43246:864:D>R,0,0.007814276
train-clinvar+pg_dms__transformer__seed43,MLH1,P43246:864:D>W,0,0.24128442
train-clinvar+pg_dms__transformer__seed43,MLH1,P43246:864:D>V,0,0.0023142265
train-clinvar+pg_dms__transformer__seed43,MLH1,P43246:864:D>S,0,0.0056656944
train-clinvar+pg_dms__transformer__seed43,MLH1,P43246:868:P>S,0,0.039848287
train-clinvar+pg_dms__transformer__seed43,MLH1,P43246:868:P>W,0,0.2760358
train-clinvar+pg_dms__transformer__seed43,MLH1,P43246:868:P>A,0,0.07123155
train-clinvar+pg_dms__transformer__seed43,MLH1,P43246:868:P>C,0,0.042264756
train-clinvar+pg_dms__transformer__seed43,MLH1,P43246:868:P>D,0,0.063985676
train-clinvar+pg_dms__transformer__seed43,MLH1,P43246:868:P>E,0,0.028324924
train-clinvar+pg_dms__transformer__seed43,MLH1,P43246:868:P>F,0,0.05498622
train-clinvar+pg_dms__transformer__seed43,MLH1,P43246:868:P>G,0,0.02138944
train-clinvar+pg_dms__transformer__seed43,MLH1,P43246:868:P>H,0,0.04910092
train-clinvar+pg_dms__transformer__seed43,MLH1,P43246:868:P>K,0,0.03812155
train-clinvar+pg_dms__transformer__seed43,MLH1,P43246:868:P>L,0,0.03518068
train-clinvar+pg_dms__transformer__seed43,MLH1,P43246:868:P>M,0,0.20073986
train-clinvar+pg_dms__transformer__seed43,MLH1,P43246:868:P>N,0,0.03752459
train-clinvar+pg_dms__transformer__seed43,MLH1,P43246:868:P>R,0,0.05240272
train-clinvar+pg_dms__transformer__seed43,MLH1,P43246:868:P>T,0,0.02863946
train-clinvar+pg_dms__transformer__seed43,MLH1,P43246:868:P>V,0,0.026256423
train-clinvar+pg_dms__transformer__seed43,MLH1,P43246:868:P>Y,0,0.098257765
train-clinvar+pg_dms__transformer__seed43,MLH1,P43246:868:P>I,0,0.050289404
train-clinvar+pg_dms__transformer__seed43,MLH1,P43246:871:K>S,0,0.19273369
train-clinvar+pg_dms__transformer__seed43,MLH1,P43246:871:K>R,0,0.066889636
train-clinvar+pg_dms__transformer__seed43,MLH1,P43246:871:K>A,0,0.2712003
train-clinvar+pg_dms__transformer__seed43,MLH1,P43246:871:K>C,0,0.14633918
train-clinvar+pg_dms__transformer__seed43,MLH1,P43246:871:K>Y,0,0.42989454
train-clinvar+pg_dms__transformer__seed43,MLH1,P43246:871:K>D,0,0.42335084
train-clinvar+pg_dms__transformer__seed43,MLH1,P43246:871:K>E,0,0.16250421
train-clinvar+pg_dms__transformer__seed43,MLH1,P43246:871:K>T,0,0.2604929
train-clinvar+pg_dms__transformer__seed43,MLH1,P43246:871:K>G,0,0.11200872
train-clinvar+pg_dms__transformer__seed43,MLH1,P43246:871:K>F,0,0.3005172
train-clinvar+pg_dms__transformer__seed43,MLH1,P43246:871:K>V,0,0.15866807
train-clinvar+pg_dms__transformer__seed43,MLH1,P43246:871:K>W,0,0.58338624
train-clinvar+pg_dms__transformer__seed43,MLH1,P43246:871:K>P,0,0.6645334
train-clinvar+pg_dms__transformer__seed43,MLH1,P43246:871:K>N,0,0.49119237
train-clinvar+pg_dms__transformer__seed43,MLH1,P43246:871:K>Q,0,0.047877364
train-clinvar+pg_dms__transformer__seed43,MLH1,P43246:871:K>M,0,0.5343322
train-clinvar+pg_dms__transformer__seed43,MLH1,P43246:871:K>L,0,0.3543779
train-clinvar+pg_dms__transformer__seed43,MLH1,P43246:871:K>I,0,0.44914
train-clinvar+pg_dms__transformer__seed43,MLH1,P43246:871:K>H,0,0.27385747
train-clinvar+pg_dms__transformer__seed43,MLH1,P43246:873:C>A,0,0.0078385435
train-clinvar+pg_dms__transformer__seed43,MLH1,P43246:873:C>D,0,0.028043408
train-clinvar+pg_dms__transformer__seed43,MLH1,P43246:873:C>E,0,0.013208469
train-clinvar+pg_dms__transformer__seed43,MLH1,P43246:873:C>F,0,0.0016826341
train-clinvar+pg_dms__transformer__seed43,MLH1,P43246:873:C>H,0,0.005372695
train-clinvar+pg_dms__transformer__seed43,MLH1,P43246:873:C>I,0,0.009924028
train-clinvar+pg_dms__transformer__seed43,MLH1,P43246:873:C>K,0,0.0073767146
train-clinvar+pg_dms__transformer__seed43,MLH1,P43246:873:C>L,0,0.0021925704
train-clinvar+pg_dms__transformer__seed43,MLH1,P43246:873:C>N,0,0.0021032738
train-clinvar+pg_dms__transformer__seed43,MLH1,P43246:873:C>P,0,0.13861838
train-clinvar+pg_dms__transformer__seed43,MLH1,P43246:873:C>G,0,0.0013248483
train-clinvar+pg_dms__transformer__seed43,MLH1,P43246:873:C>Q,0,0.0013426315
train-clinvar+pg_dms__transformer__seed43,MLH1,P43246:873:C>R,0,0.0075686513
train-clinvar+pg_dms__transformer__seed43,MLH1,P43246:873:C>S,0,0.0024878797
train-clinvar+pg_dms__transformer__seed43,MLH1,P43246:873:C>T,0,0.007263816
train-clinvar+pg_dms__transformer__seed43,MLH1,P43246:873:C>V,0,0.002037208
train-clinvar+pg_dms__transformer__seed43,MLH1,P43246:879:Q>A,0,0.0065302844
train-clinvar+pg_dms__transformer__seed43,MLH1,P43246:879:Q>C,0,0.004593709
train-clinvar+pg_dms__transformer__seed43,MLH1,P43246:879:Q>W,0,0.09865601
train-clinvar+pg_dms__transformer__seed43,MLH1,P43246:879:Q>D,0,0.029542934
train-clinvar+pg_dms__transformer__seed43,MLH1,P43246:879:Q>E,0,0.0036632644
train-clinvar+pg_dms__transformer__seed43,MLH1,P43246:879:Q>F,0,0.005328036
train-clinvar+pg_dms__transformer__seed43,MLH1,P43246:879:Q>G,0,0.0015302809
train-clinvar+pg_dms__transformer__seed43,MLH1,P43246:879:Q>I,0,0.0048699975
train-clinvar+pg_dms__transformer__seed43,MLH1,P43246:879:Q>L,0,0.016244205
train-clinvar+pg_dms__transformer__seed43,MLH1,P43246:879:Q>M,0,0.10308301
train-clinvar+pg_dms__transformer__seed43,MLH1,P43246:879:Q>N,0,0.0027280916
train-clinvar+pg_dms__transformer__seed43,MLH1,P43246:879:Q>P,0,0.16508432
train-clinvar+pg_dms__transformer__seed43,MLH1,P43246:879:Q>R,0,0.010364621
train-clinvar+pg_dms__transformer__seed43,MLH1,P43246:879:Q>S,0,0.0010715546
train-clinvar+pg_dms__transformer__seed43,MLH1,P43246:879:Q>T,0,0.012644621
train-clinvar+pg_dms__transformer__seed43,MLH1,P43246:879:Q>V,0,0.0020813874
train-clinvar+pg_dms__transformer__seed43,MLH1,P43246:879:Q>Y,0,0.02303154
train-clinvar+pg_dms__transformer__seed43,MLH1,P43246:880:G>N,0,0.56336766
train-clinvar+pg_dms__transformer__seed43,MLH1,P43246:880:G>M,0,0.616028
train-clinvar+pg_dms__transformer__seed43,MLH1,P43246:880:G>P,0,0.97439384
train-clinvar+pg_dms__transformer__seed43,MLH1,P43246:880:G>K,0,0.93979836
train-clinvar+pg_dms__transformer__seed43,MLH1,P43246:880:G>I,0,0.9327962
train-clinvar+pg_dms__transformer__seed43,MLH1,P43246:880:G>H,0,0.84241223
train-clinvar+pg_dms__transformer__seed43,MLH1,P43246:880:G>F,0,0.61584157
train-clinvar+pg_dms__transformer__seed43,MLH1,P43246:880:G>E,0,0.8112571
train-clinvar+pg_dms__transformer__seed43,MLH1,P43246:880:G>D,0,0.95912206
train-clinvar+pg_dms__transformer__seed43,MLH1,P43246:880:G>C,0,0.16576599
train-clinvar+pg_dms__transformer__seed43,MLH1,P43246:880:G>A,0,0.04509647
train-clinvar+pg_dms__transformer__seed43,MLH1,P43246:880:G>V,0,0.6025048
train-clinvar+pg_dms__transformer__seed43,MLH1,P43246:880:G>Y,0,0.8150464
train-clinvar+pg_dms__transformer__seed43,MLH1,P43246:880:G>T,0,0.30271855
train-clinvar+pg_dms__transformer__seed43,MLH1,P43246:880:G>S,0,0.28842026
train-clinvar+pg_dms__transformer__seed43,MLH1,P43246:880:G>R,0,0.88118535
train-clinvar+pg_dms__transformer__seed43,MLH1,P43246:880:G>L,0,0.7348395
train-clinvar+pg_dms__transformer__seed43,MLH1,P43246:880:G>Q,0,0.687636
train-clinvar+pg_dms__transformer__seed43,MLH1,P43246:886:E>C,0,0.007016133
train-clinvar+pg_dms__transformer__seed43,MLH1,P43246:886:E>D,0,0.0044955234
train-clinvar+pg_dms__transformer__seed43,MLH1,P43246:886:E>Y,0,0.0077247485
train-clinvar+pg_dms__transformer__seed43,MLH1,P43246:886:E>W,0,0.10972557
train-clinvar+pg_dms__transformer__seed43,MLH1,P43246:886:E>V,0,0.0014402096
train-clinvar+pg_dms__transformer__seed43,MLH1,P43246:886:E>T,0,0.003712207
train-clinvar+pg_dms__transformer__seed43,MLH1,P43246:886:E>S,0,0.0015082447
train-clinvar+pg_dms__transformer__seed43,MLH1,P43246:886:E>P,1,0.79757893
train-clinvar+pg_dms__transformer__seed43,MLH1,P43246:886:E>Q,0,0.009292902
train-clinvar+pg_dms__transformer__seed43,MLH1,P43246:886:E>N,0,0.0013936397
train-clinvar+pg_dms__transformer__seed43,MLH1,P43246:886:E>M,0,0.03621157
train-clinvar+pg_dms__transformer__seed43,MLH1,P43246:886:E>L,0,0.004823989
train-clinvar+pg_dms__transformer__seed43,MLH1,P43246:886:E>K,0,0.028979147
train-clinvar+pg_dms__transformer__seed43,MLH1,P43246:886:E>I,0,0.0111860605
train-clinvar+pg_dms__transformer__seed43,MLH1,P43246:886:E>H,0,0.0069300183
train-clinvar+pg_dms__transformer__seed43,MLH1,P43246:886:E>R,0,0.0033114168
train-clinvar+pg_dms__transformer__seed43,MLH1,P43246:886:E>A,0,0.0036199735
train-clinvar+pg_dms__transformer__seed43,MLH1,P43246:886:E>F,0,0.01262684
train-clinvar+pg_dms__transformer__seed43,MLH1,P43246:889:S>N,0,0.0065394845
train-clinvar+pg_dms__transformer__seed43,MLH1,P43246:889:S>M,0,0.12374134
train-clinvar+pg_dms__transformer__seed43,MLH1,P43246:889:S>I,0,0.00503841
train-clinvar+pg_dms__transformer__seed43,MLH1,P43246:889:S>P,0,0.41730797
train-clinvar+pg_dms__transformer__seed43,MLH1,P43246:889:S>Y,0,0.0037586675
train-clinvar+pg_dms__transformer__seed43,MLH1,P43246:889:S>W,0,0.03169343
train-clinvar+pg_dms__transformer__seed43,MLH1,P43246:889:S>V,0,0.004723922
train-clinvar+pg_dms__transformer__seed43,MLH1,P43246:889:S>T,0,0.012197315
train-clinvar+pg_dms__transformer__seed43,MLH1,P43246:889:S>L,0,0.0051290747
train-clinvar+pg_dms__transformer__seed43,MLH1,P43246:889:S>K,0,0.0028624416
train-clinvar+pg_dms__transformer__seed43,MLH1,P43246:889:S>Q,0,0.0023178626
train-clinvar+pg_dms__transformer__seed43,MLH1,P43246:889:S>H,0,0.0029631231
train-clinvar+pg_dms__transformer__seed43,MLH1,P43246:889:S>G,0,0.0026147757
train-clinvar+pg_dms__transformer__seed43,MLH1,P43246:889:S>E,0,0.005365049
train-clinvar+pg_dms__transformer__seed43,MLH1,P43246:889:S>D,0,0.010548881
train-clinvar+pg_dms__transformer__seed43,MLH1,P43246:889:S>A,0,0.009820026
train-clinvar+pg_dms__transformer__seed43,MLH1,P43246:889:S>R,0,0.0015358793
train-clinvar+pg_dms__transformer__seed43,MLH1,P43246:892:K>L,0,0.006967193
train-clinvar+pg_dms__transformer__seed43,MLH1,P43246:892:K>D,0,0.064286426
train-clinvar+pg_dms__transformer__seed43,MLH1,P43246:892:K>E,0,0.017787611
train-clinvar+pg_dms__transformer__seed43,MLH1,P43246:892:K>F,0,0.011247806
train-clinvar+pg_dms__transformer__seed43,MLH1,P43246:892:K>G,0,0.003076453
train-clinvar+pg_dms__transformer__seed43,MLH1,P43246:892:K>H,0,0.003944723
train-clinvar+pg_dms__transformer__seed43,MLH1,P43246:892:K>I,0,0.0070726704
train-clinvar+pg_dms__transformer__seed43,MLH1,P43246:892:K>M,0,0.2918244
train-clinvar+pg_dms__transformer__seed43,MLH1,P43246:892:K>N,0,0.0034101494
train-clinvar+pg_dms__transformer__seed43,MLH1,P43246:892:K>C,0,0.006935048
train-clinvar+pg_dms__transformer__seed43,MLH1,P43246:892:K>P,0,0.50519294
train-clinvar+pg_dms__transformer__seed43,MLH1,P43246:892:K>R,0,0.003087663
train-clinvar+pg_dms__transformer__seed43,MLH1,P43246:892:K>S,0,0.0057687317
train-clinvar+pg_dms__transformer__seed43,MLH1,P43246:892:K>T,0,0.020236691
train-clinvar+pg_dms__transformer__seed43,MLH1,P43246:892:K>V,0,0.0071378835
train-clinvar+pg_dms__transformer__seed43,MLH1,P43246:892:K>W,0,0.31278569
train-clinvar+pg_dms__transformer__seed43,MLH1,P43246:892:K>Y,0,0.015751135
train-clinvar+pg_dms__transformer__seed43,MLH1,P43246:892:K>Q,0,0.0005886559
train-clinvar+pg_dms__transformer__seed43,MLH1,P43246:892:K>A,0,0.004632743
train-clinvar+pg_dms__transformer__seed43,MLH1,P43246:893:Q>V,0,0.022468908
train-clinvar+pg_dms__transformer__seed43,MLH1,P43246:893:Q>T,0,0.052025545
train-clinvar+pg_dms__transformer__seed43,MLH1,P43246:893:Q>S,0,0.01809197
train-clinvar+pg_dms__transformer__seed43,MLH1,P43246:893:Q>N,0,0.0029837252
train-clinvar+pg_dms__transformer__seed43,MLH1,P43246:893:Q>W,0,0.3962347
train-clinvar+pg_dms__transformer__seed43,MLH1,P43246:893:Q>Y,0,0.017769476
train-clinvar+pg_dms__transformer__seed43,MLH1,P43246:893:Q>R,0,0.008850922
train-clinvar+pg_dms__transformer__seed43,MLH1,P43246:893:Q>P,0,0.26829103
train-clinvar+pg_dms__transformer__seed43,MLH1,P43246:893:Q>A,0,0.010906865
train-clinvar+pg_dms__transformer__seed43,MLH1,P43246:893:Q>M,0,0.42705435
train-clinvar+pg_dms__transformer__seed43,MLH1,P43246:893:Q>K,0,0.004765309
train-clinvar+pg_dms__transformer__seed43,MLH1,P43246:893:Q>I,0,0.017868074
train-clinvar+pg_dms__transformer__seed43,MLH1,P43246:893:Q>H,0,0.017903933
train-clinvar+pg_dms__transformer__seed43,MLH1,P43246:893:Q>F,0,0.04260546
train-clinvar+pg_dms__transformer__seed43,MLH1,P43246:893:Q>E,0,0.023201354
train-clinvar+pg_dms__transformer__seed43,MLH1,P43246:893:Q>D,0,0.048559114
train-clinvar+pg_dms__transformer__seed43,MLH1,P43246:893:Q>C,0,0.005273741
train-clinvar+pg_dms__transformer__seed43,MLH1,P43246:893:Q>G,0,0.006666869
train-clinvar+pg_dms__transformer__seed43,MLH1,P43246:893:Q>L,0,0.010062704
train-clinvar+pg_dms__transformer__seed43,MLH1,P43246:894:M>L,0,0.045567326
train-clinvar+pg_dms__transformer__seed43,MLH1,P43246:894:M>K,0,0.12959374
train-clinvar+pg_dms__transformer__seed43,MLH1,P43246:894:M>H,0,0.15065117
train-clinvar+pg_dms__transformer__seed43,MLH1,P43246:894:M>G,0,0.17799103
train-clinvar+pg_dms__transformer__seed43,MLH1,P43246:894:M>F,0,0.06470492
train-clinvar+pg_dms__transformer__seed43,MLH1,P43246:894:M>E,0,0.2784835
train-clinvar+pg_dms__transformer__seed43,MLH1,P43246:894:M>C,0,0.07097346
train-clinvar+pg_dms__transformer__seed43,MLH1,P43246:894:M>A,0,0.094672516
train-clinvar+pg_dms__transformer__seed43,MLH1,P43246:894:M>Y,0,0.089684136
train-clinvar+pg_dms__transformer__seed43,MLH1,P43246:894:M>W,0,0.3154902
train-clinvar+pg_dms__transformer__seed43,MLH1,P43246:894:M>P,0,0.9277056
train-clinvar+pg_dms__transformer__seed43,MLH1,P43246:894:M>V,0,0.045791592
train-clinvar+pg_dms__transformer__seed43,MLH1,P43246:894:M>T,0,0.07886356
train-clinvar+pg_dms__transformer__seed43,MLH1,P43246:894:M>S,0,0.26903877
train-clinvar+pg_dms__transformer__seed43,MLH1,P43246:894:M>Q,0,0.07228775
train-clinvar+pg_dms__transformer__seed43,MLH1,P43246:894:M>N,0,0.1703768
train-clinvar+pg_dms__transformer__seed43,MLH1,P43246:895:P>Y,0,0.07440838
train-clinvar+pg_dms__transformer__seed43,MLH1,P43246:895:P>D,0,0.062294662
train-clinvar+pg_dms__transformer__seed43,MLH1,P43246:895:P>C,0,0.028518457
train-clinvar+pg_dms__transformer__seed43,MLH1,P43246:895:P>A,0,0.034275405
train-clinvar+pg_dms__transformer__seed43,MLH1,P43246:895:P>L,0,0.14693813
train-clinvar+pg_dms__transformer__seed43,MLH1,P43246:895:P>K,0,0.02622809
train-clinvar+pg_dms__transformer__seed43,MLH1,P43246:895:P>H,0,0.043755785
train-clinvar+pg_dms__transformer__seed43,MLH1,P43246:895:P>I,0,0.12563437
train-clinvar+pg_dms__transformer__seed43,MLH1,P43246:895:P>F,0,0.15939035
train-clinvar+pg_dms__transformer__seed43,MLH1,P43246:895:P>M,0,0.44630113
train-clinvar+pg_dms__transformer__seed43,MLH1,P43246:895:P>G,0,0.03759821
train-clinvar+pg_dms__transformer__seed43,MLH1,P43246:895:P>Q,0,0.025207438
train-clinvar+pg_dms__transformer__seed43,MLH1,P43246:895:P>R,0,0.053840693
train-clinvar+pg_dms__transformer__seed43,MLH1,P43246:895:P>T,0,0.06863646
train-clinvar+pg_dms__transformer__seed43,MLH1,P43246:895:P>V,0,0.08198965
train-clinvar+pg_dms__transformer__seed43,MLH1,P43246:895:P>W,0,0.58290166
train-clinvar+pg_dms__transformer__seed43,MLH1,P43246:895:P>E,0,0.071747474
train-clinvar+pg_dms__transformer__seed43,MLH1,P43246:895:P>N,0,0.018240709
train-clinvar+pg_dms__transformer__seed43,MLH1,P43246:900:S>I,0,0.14312105
train-clinvar+pg_dms__transformer__seed43,MLH1,P43246:900:S>D,0,0.055266846
train-clinvar+pg_dms__transformer__seed43,MLH1,P43246:900:S>C,0,0.014331782
train-clinvar+pg_dms__transformer__seed43,MLH1,P43246:900:S>A,0,0.03479478
train-clinvar+pg_dms__transformer__seed43,MLH1,P43246:900:S>G,0,0.010526216
train-clinvar+pg_dms__transformer__seed43,MLH1,P43246:900:S>H,0,0.13576847
train-clinvar+pg_dms__transformer__seed43,MLH1,P43246:900:S>K,0,0.050323043
train-clinvar+pg_dms__transformer__seed43,MLH1,P43246:900:S>L,0,0.045456972
train-clinvar+pg_dms__transformer__seed43,MLH1,P43246:900:S>M,0,0.47808775
train-clinvar+pg_dms__transformer__seed43,MLH1,P43246:900:S>P,0,0.05611156
train-clinvar+pg_dms__transformer__seed43,MLH1,P43246:900:S>E,0,0.05879306
train-clinvar+pg_dms__transformer__seed43,MLH1,P43246:900:S>Q,0,0.03832431
train-clinvar+pg_dms__transformer__seed43,MLH1,P43246:900:S>R,0,0.055731755
train-clinvar+pg_dms__transformer__seed43,MLH1,P43246:900:S>T,0,0.08240532
train-clinvar+pg_dms__transformer__seed43,MLH1,P43246:900:S>V,0,0.10427987
train-clinvar+pg_dms__transformer__seed43,MLH1,P43246:900:S>W,0,0.49465135
train-clinvar+pg_dms__transformer__seed43,MLH1,P43246:900:S>Y,0,0.0487908
train-clinvar+pg_dms__transformer__seed43,MLH1,P43246:900:S>N,0,0.022126216
train-clinvar+pg_dms__transformer__seed43,MLH1,P43246:900:S>F,0,0.13451731
train-clinvar+pg_dms__transformer__seed43,MLH1,P43246:901:E>A,0,0.0018111082
train-clinvar+pg_dms__transformer__seed43,MLH1,P43246:901:E>C,0,0.008078814
train-clinvar+pg_dms__transformer__seed43,MLH1,P43246:901:E>V,0,0.0017321876
train-clinvar+pg_dms__transformer__seed43,MLH1,P43246:901:E>D,0,0.010765564
train-clinvar+pg_dms__transformer__seed43,MLH1,P43246:901:E>F,0,0.016468538
train-clinvar+pg_dms__transformer__seed43,MLH1,P43246:901:E>G,0,0.0007231991
train-clinvar+pg_dms__transformer__seed43,MLH1,P43246:901:E>W,0,0.36884382
train-clinvar+pg_dms__transformer__seed43,MLH1,P43246:901:E>I,0,0.0033849701
train-clinvar+pg_dms__transformer__seed43,MLH1,P43246:901:E>K,0,0.0056486917
train-clinvar+pg_dms__transformer__seed43,MLH1,P43246:901:E>L,0,0.0044748522
train-clinvar+pg_dms__transformer__seed43,MLH1,P43246:901:E>H,0,0.010313283
train-clinvar+pg_dms__transformer__seed43,MLH1,P43246:901:E>N,0,0.0028028924
train-clinvar+pg_dms__transformer__seed43,MLH1,P43246:901:E>P,0,0.06566929
train-clinvar+pg_dms__transformer__seed43,MLH1,P43246:901:E>Q,0,0.0021466254
train-clinvar+pg_dms__transformer__seed43,MLH1,P43246:901:E>R,0,0.008619088
train-clinvar+pg_dms__transformer__seed43,MLH1,P43246:901:E>S,0,0.0036313944
train-clinvar+pg_dms__transformer__seed43,MLH1,P43246:901:E>T,0,0.021037066
train-clinvar+pg_dms__transformer__seed43,MLH1,P43246:901:E>M,0,0.4154096
train-clinvar+pg_dms__transformer__seed43,MLH1,P43246:905:T>A,0,0.027395831
train-clinvar+pg_dms__transformer__seed43,MLH1,P43246:905:T>E,0,0.003508436
train-clinvar+pg_dms__transformer__seed43,MLH1,P43246:905:T>D,0,0.021537213
train-clinvar+pg_dms__transformer__seed43,MLH1,P43246:905:T>Y,0,0.005570686
train-clinvar+pg_dms__transformer__seed43,MLH1,P43246:905:T>W,0,0.06819427
train-clinvar+pg_dms__transformer__seed43,MLH1,P43246:905:T>V,0,0.0038629693
train-clinvar+pg_dms__transformer__seed43,MLH1,P43246:905:T>S,0,0.016403025
train-clinvar+pg_dms__transformer__seed43,MLH1,P43246:905:T>C,0,0.003513034
train-clinvar+pg_dms__transformer__seed43,MLH1,P43246:905:T>P,0,0.055684168
train-clinvar+pg_dms__transformer__seed43,MLH1,P43246:905:T>N,0,0.0048366846
train-clinvar+pg_dms__transformer__seed43,MLH1,P43246:905:T>L,0,0.006565546
train-clinvar+pg_dms__transformer__seed43,MLH1,P43246:905:T>Q,0,0.0052993
train-clinvar+pg_dms__transformer__seed43,MLH1,P43246:905:T>G,0,0.0037412397
train-clinvar+pg_dms__transformer__seed43,MLH1,P43246:905:T>K,0,0.007647235
train-clinvar+pg_dms__transformer__seed43,MLH1,P43246:905:T>I,0,0.020061338
train-clinvar+pg_dms__transformer__seed43,MLH1,P43246:905:T>H,0,0.0064110775
train-clinvar+pg_dms__transformer__seed43,MLH1,P43246:905:T>F,0,0.007384819
train-clinvar+pg_dms__transformer__seed43,MLH1,P43246:908:L>F,1,0.032445714
train-clinvar+pg_dms__transformer__seed43,MLH1,P43246:908:L>C,0,0.020512033
train-clinvar+pg_dms__transformer__seed43,MLH1,P43246:908:L>E,0,0.89804524
train-clinvar+pg_dms__transformer__seed43,MLH1,P43246:908:L>H,1,0.49667233
train-clinvar+pg_dms__transformer__seed43,MLH1,P43246:908:L>G,1,0.801886
train-clinvar+pg_dms__transformer__seed43,MLH1,P43246:908:L>Y,0,0.12882994
train-clinvar+pg_dms__transformer__seed43,MLH1,P43246:908:L>W,1,0.4962465
train-clinvar+pg_dms__transformer__seed43,MLH1,P43246:908:L>V,0,0.009791285
train-clinvar+pg_dms__transformer__seed43,MLH1,P43246:908:L>T,0,0.25714588
train-clinvar+pg_dms__transformer__seed43,MLH1,P43246:908:L>S,0,0.76656634
train-clinvar+pg_dms__transformer__seed43,MLH1,P43246:908:L>A,0,0.3480014
train-clinvar+pg_dms__transformer__seed43,MLH1,P43246:908:L>Q,1,0.25282717
train-clinvar+pg_dms__transformer__seed43,MLH1,P43246:908:L>P,1,0.9949877
train-clinvar+pg_dms__transformer__seed43,MLH1,P43246:908:L>M,0,0.40193912
train-clinvar+pg_dms__transformer__seed43,MLH1,P43246:908:L>K,1,0.85544604
train-clinvar+pg_dms__transformer__seed43,MLH1,P43246:908:L>R,1,0.86241543
train-clinvar+pg_dms__transformer__seed43,MLH1,P43246:911:L>K,0,0.14039756
train-clinvar+pg_dms__transformer__seed43,MLH1,P43246:911:L>Q,0,0.013475367
train-clinvar+pg_dms__transformer__seed43,MLH1,P43246:911:L>G,0,0.73384494
train-clinvar+pg_dms__transformer__seed43,MLH1,P43246:911:L>F,0,0.0154290935
train-clinvar+pg_dms__transformer__seed43,MLH1,P43246:911:L>E,0,0.11049298
train-clinvar+pg_dms__transformer__seed43,MLH1,P43246:911:L>I,0,0.035690382
train-clinvar+pg_dms__transformer__seed43,MLH1,P43246:911:L>M,0,0.2977042
train-clinvar+pg_dms__transformer__seed43,MLH1,P43246:911:L>W,0,0.27952993
train-clinvar+pg_dms__transformer__seed43,MLH1,P43246:911:L>P,1,0.99544936
train-clinvar+pg_dms__transformer__seed43,MLH1,P43246:911:L>R,0,0.22529028
train-clinvar+pg_dms__transformer__seed43,MLH1,P43246:911:L>S,0,0.29894426
train-clinvar+pg_dms__transformer__seed43,MLH1,P43246:911:L>T,0,0.16146165
train-clinvar+pg_dms__transformer__seed43,MLH1,P43246:911:L>V,0,0.0109101
train-clinvar+pg_dms__transformer__seed43,MLH1,P43246:911:L>C,0,0.013793684
train-clinvar+pg_dms__transformer__seed43,MLH1,P43246:911:L>Y,0,0.019329457
train-clinvar+pg_dms__transformer__seed43,MLH1,P43246:911:L>N,0,0.29299045
train-clinvar+pg_dms__transformer__seed43,MLH1,P43246:911:L>A,0,0.06813815
train-clinvar+pg_dms__transformer__seed43,MLH1,P43246:915:V>M,0,0.04583029
train-clinvar+pg_dms__transformer__seed43,MLH1,P43246:915:V>G,0,0.033461362
train-clinvar+pg_dms__transformer__seed43,MLH1,P43246:915:V>F,0,0.030932643
train-clinvar+pg_dms__transformer__seed43,MLH1,P43246:915:V>E,0,0.529662
train-clinvar+pg_dms__transformer__seed43,MLH1,P43246:915:V>D,0,0.9165689
train-clinvar+pg_dms__transformer__seed43,MLH1,P43246:915:V>C,0,0.09834221
train-clinvar+pg_dms__transformer__seed43,MLH1,P43246:915:V>A,0,0.029180814
train-clinvar+pg_dms__transformer__seed43,MLH1,P43246:915:V>I,0,0.014939021
train-clinvar+pg_dms__transformer__seed43,MLH1,P43246:915:V>H,0,0.70809436
train-clinvar+pg_dms__transformer__seed43,MLH1,P43246:915:V>N,0,0.22169067
train-clinvar+pg_dms__transformer__seed43,MLH1,P43246:915:V>P,0,0.99054223
train-clinvar+pg_dms__transformer__seed43,MLH1,P43246:915:V>Q,0,0.59130484
train-clinvar+pg_dms__transformer__seed43,MLH1,P43246:915:V>R,1,0.9493756
train-clinvar+pg_dms__transformer__seed43,MLH1,P43246:915:V>S,0,0.105910935
train-clinvar+pg_dms__transformer__seed43,MLH1,P43246:915:V>T,0,0.13737182
train-clinvar+pg_dms__transformer__seed43,MLH1,P43246:915:V>Y,0,0.3474023
train-clinvar+pg_dms__transformer__seed43,MLH1,P43246:923:V>T,0,0.23104014
train-clinvar+pg_dms__transformer__seed43,MLH1,P43246:923:V>L,0,0.06260718
train-clinvar+pg_dms__transformer__seed43,MLH1,P43246:923:V>I,0,0.025706546
train-clinvar+pg_dms__transformer__seed43,MLH1,P43246:923:V>G,0,0.3321407
train-clinvar+pg_dms__transformer__seed43,MLH1,P43246:923:V>F,0,0.15028456
train-clinvar+pg_dms__transformer__seed43,MLH1,P43246:923:V>C,0,0.10142671
train-clinvar+pg_dms__transformer__seed43,MLH1,P43246:923:V>S,0,0.4765518
train-clinvar+pg_dms__transformer__seed43,MLH1,P43246:923:V>A,0,0.0838314
train-clinvar+pg_dms__transformer__seed43,MLH1,P43246:923:V>M,0,0.12589885
train-clinvar+pg_dms__transformer__seed43,MLH1,P43246:923:V>P,0,0.97237635
train-clinvar+pg_dms__transformer__seed43,MLH1,P43246:923:V>R,0,0.9233117
train-clinvar+pg_dms__transformer__seed43,MLH1,P43246:923:V>D,0,0.90889716
train-clinvar+pg_dms__transformer__seed43,MLH1,P43246:923:V>K,0,0.86465883
train-clinvar+pg_dms__transformer__seed43,MLH1,P43246:925:E>T,0,0.0094747925
train-clinvar+pg_dms__transformer__seed43,MLH1,P43246:925:E>F,0,0.012060179
train-clinvar+pg_dms__transformer__seed43,MLH1,P43246:925:E>D,0,0.0030748232
train-clinvar+pg_dms__transformer__seed43,MLH1,P43246:925:E>C,0,0.007630722
train-clinvar+pg_dms__transformer__seed43,MLH1,P43246:925:E>A,0,0.011549147
train-clinvar+pg_dms__transformer__seed43,MLH1,P43246:925:E>K,0,0.0041165315
train-clinvar+pg_dms__transformer__seed43,MLH1,P43246:925:E>L,0,0.0062543508
train-clinvar+pg_dms__transformer__seed43,MLH1,P43246:925:E>N,0,0.0011904758
train-clinvar+pg_dms__transformer__seed43,MLH1,P43246:925:E>P,0,0.2217491
train-clinvar+pg_dms__transformer__seed43,MLH1,P43246:925:E>Y,0,0.0070742615
train-clinvar+pg_dms__transformer__seed43,MLH1,P43246:925:E>Q,0,0.0013636013
train-clinvar+pg_dms__transformer__seed43,MLH1,P43246:925:E>G,0,0.0005585624
train-clinvar+pg_dms__transformer__seed43,MLH1,P43246:925:E>S,0,0.0009197727
train-clinvar+pg_dms__transformer__seed43,MLH1,P43246:925:E>R,0,0.0022136138
train-clinvar+pg_dms__transformer__seed43,MLH1,P43246:925:E>H,0,0.00437808
train-clinvar+pg_dms__transformer__seed43,MLH1,P43246:926:I>R,0,0.03937957
train-clinvar+pg_dms__transformer__seed43,MLH1,P43246:926:I>Q,0,0.030882936
train-clinvar+pg_dms__transformer__seed43,MLH1,P43246:926:I>P,0,0.92597485
train-clinvar+pg_dms__transformer__seed43,MLH1,P43246:926:I>L,0,0.0054509547
train-clinvar+pg_dms__transformer__seed43,MLH1,P43246:926:I>K,0,0.09932931
train-clinvar+pg_dms__transformer__seed43,MLH1,P43246:926:I>H,0,0.17605998
train-clinvar+pg_dms__transformer__seed43,MLH1,P43246:926:I>A,0,0.046101
train-clinvar+pg_dms__transformer__seed43,MLH1,P43246:926:I>W,0,0.58598876
train-clinvar+pg_dms__transformer__seed43,MLH1,P43246:926:I>T,0,0.047191713
train-clinvar+pg_dms__transformer__seed43,MLH1,P43246:926:I>G,0,0.2498227
train-clinvar+pg_dms__transformer__seed43,MLH1,P43246:926:I>F,0,0.010648115
train-clinvar+pg_dms__transformer__seed43,MLH1,P43246:926:I>E,0,0.17620915
train-clinvar+pg_dms__transformer__seed43,MLH1,P43246:926:I>D,0,0.602728
train-clinvar+pg_dms__transformer__seed43,MLH1,P43246:926:I>C,0,0.02512602
train-clinvar+pg_dms__transformer__seed43,MLH1,P43246:926:I>V,0,0.030437669
train-clinvar+pg_dms__transformer__seed43,MSH2,P40692:618:K>A,0,0.42838004
train-clinvar+pg_dms__transformer__seed43,MSH2,P40692:219:I>V,0,0.014221194
train-clinvar+pg_dms__transformer__seed43,MSH2,P52701:396:L>V,0,0.00042178467
train-clinvar+pg_dms__transformer__seed43,MSH2,P52701:144:S>I,0,0.0064089783
train-clinvar+pg_dms__transformer__seed43,MSH2,P40692:406:S>N,0,0.0009973808
train-clinvar+pg_dms__transformer__seed43,MSH2,P40692:213:V>M,0,0.0036612046
train-clinvar+pg_dms__transformer__seed43,MSH2,P52701:449:L>P,1,0.9999144
train-clinvar+pg_dms__transformer__seed43,MSH2,P52701:65:S>L,0,0.00038488547
train-clinvar+pg_dms__transformer__seed43,MSH2,P52701:706:F>S,1,0.99817574
train-clinvar+pg_dms__transformer__seed43,MSH2,P52701:781:P>S,1,0.9999931
train-clinvar+pg_dms__transformer__seed43,MSH2,P52701:1054:I>F,0,0.9341221
train-clinvar+pg_dms__transformer__seed43,MSH2,P52701:1163:E>V,0,0.2534743
train-clinvar+pg_dms__transformer__seed43,MSH2,P52701:220:E>D,0,0.0064933095
train-clinvar+pg_dms__transformer__seed43,MSH2,P40692:38:N>H,1,0.9998901
train-clinvar+pg_dms__transformer__seed43,MSH2,P40692:38:N>S,1,0.9999924
train-clinvar+pg_dms__transformer__seed43,MSH2,P40692:38:N>K,1,0.99999595
train-clinvar+pg_dms__transformer__seed43,MSH2,P40692:49:V>E,1,0.99991345
train-clinvar+pg_dms__transformer__seed43,MSH2,P40692:618:K>T,0,0.0044754785
train-clinvar+pg_dms__transformer__seed43,MSH2,P40692:618:K>R,0,0.004856827
train-clinvar+pg_dms__transformer__seed43,MSH2,P40692:662:T>P,1,0.9999831
train-clinvar+pg_dms__transformer__seed43,MSH2,P40692:676:L>R,1,0.99998224
train-clinvar+pg_dms__transformer__seed43,MSH2,P40692:680:C>R,1,0.99383354
train-clinvar+pg_dms__transformer__seed43,MSH2,P40692:683:F>S,1,0.99995184
train-clinvar+pg_dms__transformer__seed43,MSH2,P40692:102:E>K,1,0.5803749
train-clinvar+pg_dms__transformer__seed43,MSH2,P40692:102:E>D,1,0.95887274
train-clinvar+pg_dms__transformer__seed43,MSH2,P40692:111:A>V,1,0.999997
train-clinvar+pg_dms__transformer__seed43,MSH2,P40692:219:I>L,0,0.99772245
train-clinvar+pg_dms__transformer__seed43,MSH2,P40692:22:G>A,0,0.22859505
train-clinvar+pg_dms__transformer__seed43,MSH2,P40692:260:L>R,1,0.99999785
train-clinvar+pg_dms__transformer__seed43,MSH2,P40692:28:P>L,1,0.9995522
train-clinvar+pg_dms__transformer__seed43,MSH2,P40692:282:A>G,0,0.49145892
train-clinvar+pg_dms__transformer__seed43,MSH2,P40692:29:A>G,1,0.9996124
train-clinvar+pg_dms__transformer__seed43,MSH2,P40692:295:S>R,1,0.9999901
train-clinvar+pg_dms__transformer__seed43,MSH2,P40692:295:S>G,1,0.99896
train-clinvar+pg_dms__transformer__seed43,MSH2,P40692:295:S>N,1,0.99980575
train-clinvar+pg_dms__transformer__seed43,MSH2,P54278:1:M>V,1,0.9224727
train-clinvar+pg_dms__transformer__seed43,MSH2,P52701:1055:A>P,1,0.9999976
train-clinvar+pg_dms__transformer__seed43,MSH2,P54278:1:M>T,1,0.705939
train-clinvar+pg_dms__transformer__seed43,MSH2,P52701:164:H>P,0,0.002285468
train-clinvar+pg_dms__transformer__seed43,MSH2,P54278:1:M>L,1,0.72831345
train-clinvar+pg_dms__transformer__seed43,MSH2,P54278:1:M>K,1,0.9647961
train-clinvar+pg_dms__transformer__seed43,MSH2,P52701:1058:D>H,1,0.9999893
train-clinvar+pg_dms__transformer__seed43,MSH2,P52701:1211:L>P,1,0.9992143
train-clinvar+pg_dms__transformer__seed43,MSH2,P40692:194:V>G,1,0.99943906
train-clinvar+pg_dms__transformer__seed43,MSH2,P40692:311:K>E,1,0.99898475
train-clinvar+pg_dms__transformer__seed43,MSH2,P54278:1:M>R,1,0.9221833
train-clinvar+pg_dms__transformer__seed43,MSH2,P52701:323:T>I,0,0.012528616
train-clinvar+pg_dms__transformer__seed43,MSH2,P52701:781:P>L,1,0.99998796
train-clinvar+pg_dms__transformer__seed43,MSH2,P54278:1:M>I,1,0.9840247
train-clinvar+pg_dms__transformer__seed43,MSH2,P54278:118:S>N,1,0.9999857
train-clinvar+pg_dms__transformer__seed43,MSH2,P40692:308:H>P,1,0.9999839
train-clinvar+pg_dms__transformer__seed43,MSH2,P52701:467:G>D,0,0.999974
train-clinvar+pg_dms__transformer__seed43,MSH2,P52701:418:S>P,1,0.99984455
train-clinvar+pg_dms__transformer__seed43,MSH2,P40692:38:N>Y,1,0.9992262
train-clinvar+pg_dms__transformer__seed43,MSH2,P54278:118:S>T,1,0.9999753
train-clinvar+pg_dms__transformer__seed43,MSH6,P40692:329:H>P,1,0.62564
train-clinvar+pg_dms__transformer__seed43,MSH6,P40692:67:G>W,1,0.88746816
train-clinvar+pg_dms__transformer__seed43,MSH6,P40692:117:T>M,1,0.6729521
train-clinvar+pg_dms__transformer__seed43,MSH6,P40692:67:G>E,1,0.92672855
train-clinvar+pg_dms__transformer__seed43,MSH6,P43246:127:N>S,0,0.028562693
train-clinvar+pg_dms__transformer__seed43,MSH6,P43246:424:H>R,1,0.03351719
train-clinvar+pg_dms__transformer__seed43,MSH6,P43246:272:A>V,0,0.29904848
train-clinvar+pg_dms__transformer__seed43,MSH6,P40692:38:N>H,1,0.6788933
train-clinvar+pg_dms__transformer__seed43,MSH6,P40692:38:N>S,1,0.72717005
train-clinvar+pg_dms__transformer__seed43,MSH6,P40692:38:N>K,1,0.7161241
train-clinvar+pg_dms__transformer__seed43,MSH6,P40692:539:A>D,1,0.9825058
train-clinvar+pg_dms__transformer__seed43,MSH6,P40692:555:L>P,1,0.9944185
train-clinvar+pg_dms__transformer__seed43,MSH6,P40692:574:L>P,1,0.97459817
train-clinvar+pg_dms__transformer__seed43,MSH6,P40692:607:L>H,0,0.49604663
train-clinvar+pg_dms__transformer__seed43,MSH6,P40692:640:P>S,1,0.84471214
train-clinvar+pg_dms__transformer__seed43,MSH6,P40692:640:P>L,1,0.92965573
train-clinvar+pg_dms__transformer__seed43,MSH6,P40692:67:G>R,1,0.95452213
train-clinvar+pg_dms__transformer__seed43,MSH6,P40692:676:L>R,1,0.99690527
train-clinvar+pg_dms__transformer__seed43,MSH6,P40692:680:C>R,1,0.9387898
train-clinvar+pg_dms__transformer__seed43,MSH6,P40692:70:K>V,1,0.057689913
train-clinvar+pg_dms__transformer__seed43,MSH6,P40692:117:T>R,1,0.93210524
train-clinvar+pg_dms__transformer__seed43,MSH6,P40692:127:R>K,1,0.10816857
train-clinvar+pg_dms__transformer__seed43,MSH6,P40692:182:R>G,1,0.47627312
train-clinvar+pg_dms__transformer__seed43,MSH6,P40692:182:R>K,1,0.1590554
train-clinvar+pg_dms__transformer__seed43,MSH6,P40692:21:A>E,1,0.695308
train-clinvar+pg_dms__transformer__seed43,MSH6,P40692:21:A>V,1,0.74462795
train-clinvar+pg_dms__transformer__seed43,MSH6,P40692:226:R>Q,1,0.085179485
train-clinvar+pg_dms__transformer__seed43,MSH6,P40692:226:R>L,1,0.26938263
train-clinvar+pg_dms__transformer__seed43,MSH6,P43246:341:L>P,1,0.9556938
train-clinvar+pg_dms__transformer__seed43,MSH6,P43246:342:V>I,0,0.027043872
train-clinvar+pg_dms__transformer__seed43,MSH6,P43246:349:P>R,1,0.9195549
train-clinvar+pg_dms__transformer__seed43,MSH6,P43246:349:P>L,1,0.8332311
train-clinvar+pg_dms__transformer__seed43,MSH6,P43246:359:R>S,1,0.76877207
train-clinvar+pg_dms__transformer__seed43,MSH6,P43246:409:Q>K,0,0.03817008
train-clinvar+pg_dms__transformer__seed43,MSH6,P43246:46:H>Q,0,0.36369622
train-clinvar+pg_dms__transformer__seed43,MSH6,P43246:564:T>A,0,0.033550583
train-clinvar+pg_dms__transformer__seed43,MSH6,P43246:583:N>T,0,0.046148267
train-clinvar+pg_dms__transformer__seed43,MSH6,P43246:603:D>N,1,0.8193376
train-clinvar+pg_dms__transformer__seed43,MSH6,P43246:603:D>G,1,0.9232512
train-clinvar+pg_dms__transformer__seed43,MSH6,P43246:674:G>R,1,0.98444736
train-clinvar+pg_dms__transformer__seed43,MSH6,P43246:674:G>D,1,0.98651206
train-clinvar+pg_dms__transformer__seed43,MSH6,P43246:749:E>K,1,0.7446899
train-clinvar+pg_dms__transformer__seed43,MSH6,P43246:834:A>T,0,0.25407666
train-clinvar+pg_dms__transformer__seed43,MSH6,P43246:106:R>K,0,0.03692899
train-clinvar+pg_dms__transformer__seed43,MSH6,P43246:163:V>D,1,0.99021786
train-clinvar+pg_dms__transformer__seed43,MSH6,P43246:163:V>G,1,0.7297531
train-clinvar+pg_dms__transformer__seed43,MSH6,P43246:164:G>R,1,0.992959
train-clinvar+pg_dms__transformer__seed43,MSH6,P43246:164:G>W,1,0.98338413
train-clinvar+pg_dms__transformer__seed43,MSH6,P43246:175:L>P,1,0.9879375
train-clinvar+pg_dms__transformer__seed43,MSH6,P54278:56:L>V,0,0.04910334
train-clinvar+pg_dms__transformer__seed43,MSH6,P43246:523:F>S,1,0.96920997
train-clinvar+pg_dms__transformer__seed43,MSH6,P43246:359:R>T,1,0.8961361
train-clinvar+pg_dms__transformer__seed43,MSH6,P43246:38:D>Y,0,0.16973735
train-clinvar+pg_dms__transformer__seed43,MSH6,P43246:461:D>G,0,0.034891177
train-clinvar+pg_dms__transformer__seed43,MSH6,P43246:856:Y>F,0,0.0003246038
train-clinvar+pg_dms__transformer__seed43,MSH6,P40692:127:R>I,1,0.6524377
train-clinvar+pg_dms__transformer__seed43,MSH6,P43246:159:R>I,0,0.14546904
train-clinvar+pg_dms__transformer__seed43,MSH6,P43246:216:I>T,0,0.081855096
train-clinvar+pg_dms__transformer__seed43,MSH6,P43246:856:Y>H,0,0.001665097
train-clinvar+pg_dms__transformer__seed43,MSH6,P43246:164:G>E,1,0.99097013
train-clinvar+pg_dms__transformer__seed43,MSH6,P40692:755:R>G,1,0.10441227
train-clinvar+pg_dms__transformer__seed43,MSH6,P43246:373:R>K,0,0.05165255
train-clinvar+pg_dms__transformer__seed43,MSH6,P43246:155:V>D,0,0.014134948
train-clinvar+pg_dms__transformer__seed43,MSH6,P43246:677:T>R,1,0.8493575
train-clinvar+pg_dms__transformer__seed43,MSH6,P43246:789:A>V,0,0.17186219
train-clinvar+pg_dms__transformer__seed43,MSH6,P43246:219:R>T,0,0.12669611
train-clinvar+pg_dms__transformer__seed43,MSH6,P43246:748:D>H,1,0.848738
train-clinvar+pg_dms__transformer__seed43,MSH6,P43246:774:I>S,0,0.018169265
train-clinvar+pg_dms__transformer__seed43,MSH6,P43246:449:K>R,1,0.002840614
train-clinvar+pg_dms__transformer__seed43,MSH6,P43246:710:A>V,0,0.79576427
train-clinvar+pg_dms__transformer__seed43,MSH6,P43246:339:Q>P,1,0.7189424
train-clinvar+pg_dms__transformer__seed43,MSH6,P43246:726:M>I,0,0.4978848
train-clinvar+pg_dms__transformer__seed43,MSH6,P43246:236:D>H,0,0.14218545
train-clinvar+pg_dms__transformer__seed43,MSH6,P43246:320:T>S,0,0.026976688
train-clinvar+pg_dms__transformer__seed43,MSH6,P43246:349:P>T,1,0.8042123
train-clinvar+pg_dms__transformer__seed43,MSH6,P43246:425:E>K,0,0.026486889
train-clinvar+pg_dms__transformer__seed43,MSH6,P43246:883:I>T,0,0.027199842
train-clinvar+pg_dms__transformer__seed43,MSH6,P43246:908:L>I,0,0.014798638
train-clinvar+pg_dms__transformer__seed43,MSH6,P43246:726:M>L,0,0.42139918
train-clinvar+pg_dms__transformer__seed43,MSH6,P43246:769:Y>H,0,0.019147074
train-clinvar+pg_dms__transformer__seed43,MSH6,P43246:356:I>R,1,0.98953104
train-clinvar+pg_dms__transformer__seed43,MSH6,P43246:602:L>P,1,0.9809933
train-clinvar+pg_dms__transformer__seed43,MSH6,P40692:555:L>R,1,0.9986249
train-clinvar+pg_dms__transformer__seed43,MSH6,P43246:69:P>L,0,0.023055162
train-clinvar+pg_dms__transformer__seed43,MSH6,P43246:236:D>E,0,0.04554448
train-clinvar+pg_dms__transformer__seed43,MSH6,P43246:470:V>I,0,0.021548018
train-clinvar+pg_dms__transformer__seed43,MSH6,P43246:624:I>V,0,0.007004986
train-clinvar+pg_dms__transformer__seed43,MSH6,P43246:726:M>V,0,0.42198497
train-clinvar+pg_dms__transformer__seed43,MSH6,P43246:670:P>R,0,0.9435362
train-clinvar+pg_dms__transformer__seed43,MSH6,P43246:889:S>F,0,0.0060004946
train-clinvar+pg_dms__transformer__seed43,MSH6,P43246:225:T>R,1,0.63065636
train-clinvar+pg_dms__transformer__seed43,MSH6,P43246:337:Q>R,0,0.9215647
train-clinvar+pg_dms__transformer__seed43,MSH6,P43246:359:R>K,0,0.9197453
train-clinvar+pg_dms__transformer__seed43,MSH6,P43246:225:T>I,1,0.60779494
train-clinvar+pg_dms__transformer__seed43,MSH6,P43246:205:E>D,0,0.026608787
train-clinvar+pg_dms__transformer__seed43,MSH6,P43246:282:D>A,0,0.0056916815
train-clinvar+pg_dms__transformer__seed43,MSH6,P43246:356:I>K,1,0.8510704
train-clinvar+pg_dms__transformer__seed43,MSH6,P43246:881:E>K,0,0.004772273
train-clinvar+pg_dms__transformer__seed43,MSH6,P43246:603:D>V,1,0.8979441
train-clinvar+pg_dms__transformer__seed43,MSH6,P43246:511:I>M,0,0.2370709
train-clinvar+pg_dms__transformer__seed43,MSH6,P43246:920:N>D,0,0.08816873
train-clinvar+pg_dms__transformer__seed43,MSH6,P43246:748:D>N,0,0.90010095
train-clinvar+pg_dms__transformer__seed43,MSH6,P43246:825:S>G,0,0.441691
train-clinvar+pg_dms__transformer__seed43,MSH6,P40692:733:H>Y,0,0.019020345
train-clinvar+pg_dms__transformer__seed43,MSH6,P43246:138:N>D,0,0.06924056
train-clinvar+pg_dms__transformer__seed43,MSH6,P43246:349:P>S,1,0.5135246
train-clinvar+pg_dms__transformer__seed43,MSH6,P43246:124:S>C,0,0.44303185
train-clinvar+pg_dms__transformer__seed43,MSH6,P43246:305:A>V,0,0.311434
train-clinvar+pg_dms__transformer__seed43,MSH6,P43246:371:E>K,0,0.0032053906
train-clinvar+pg_dms__transformer__seed43,MSH6,P40692:640:P>T,1,0.87323266
train-clinvar+pg_dms__transformer__seed43,MSH6,P43246:46:H>P,0,0.9064361
train-clinvar+pg_dms__transformer__seed43,MSH6,P43246:348:Q>E,0,0.11084873
train-clinvar+pg_dms__transformer__seed43,MSH6,P43246:757:Y>D,0,0.9641256
train-clinvar+pg_dms__transformer__seed43,MSH6,P43246:798:N>T,0,0.026026156
train-clinvar+pg_dms__transformer__seed43,MSH6,P43246:230:A>G,0,0.05111015
train-clinvar+pg_dms__transformer__seed43,MSH6,P43246:105:N>S,0,0.008404334
train-clinvar+pg_dms__transformer__seed43,MSH6,P43246:127:N>T,0,0.27048942
train-clinvar+pg_dms__transformer__seed43,MSH6,P43246:57:V>G,0,0.2464811
train-clinvar+pg_dms__transformer__seed43,MSH6,P43246:292:T>P,1,0.16751702
train-clinvar+pg_dms__transformer__seed43,MSH6,P43246:791:A>V,0,0.19555409
train-clinvar+pg_dms__transformer__seed43,MSH6,P43246:584:I>V,0,0.16019802
train-clinvar+pg_dms__transformer__seed43,MSH6,P43246:670:P>S,0,0.46493036
train-clinvar+pg_dms__transformer__seed43,MSH6,P43246:710:A>P,0,0.9655109
train-clinvar+pg_dms__transformer__seed43,MSH6,P40692:147:G>E,1,0.9892141
train-clinvar+pg_dms__transformer__seed43,MSH6,P43246:748:D>V,1,0.8716769
train-clinvar+pg_dms__transformer__seed43,MSH6,P43246:136:F>L,0,0.19239406
train-clinvar+pg_dms__transformer__seed43,MSH6,P43246:216:I>L,0,0.010346124
train-clinvar+pg_dms__transformer__seed43,MSH6,P43246:710:A>S,0,0.032880772
train-clinvar+pg_dms__transformer__seed43,MSH6,P43246:272:A>T,0,0.4012805
train-clinvar+pg_dms__transformer__seed43,MSH6,P43246:122:K>E,0,0.418919
train-clinvar+pg_dms__transformer__seed43,MSH6,P43246:282:D>H,0,0.07088103
train-clinvar+pg_dms__transformer__seed43,MSH6,P43246:502:D>V,0,0.015447882
train-clinvar+pg_dms__transformer__seed43,MSH6,P43246:645:Q>P,0,0.5081839
train-clinvar+pg_dms__transformer__seed43,MSH6,P43246:760:F>S,0,0.963627
train-clinvar+pg_dms__transformer__seed43,MSH6,P40692:684:Y>D,1,0.82278097
train-clinvar+pg_dms__transformer__seed43,MSH6,P43246:791:A>P,0,0.6496011
train-clinvar+pg_dms__transformer__seed43,MSH6,P43246:29:K>N,0,0.25179055
train-clinvar+pg_dms__transformer__seed43,MSH6,P43246:33:T>R,0,0.5847093
train-clinvar+pg_dms__transformer__seed43,MSH6,P43246:59:K>R,0,0.015376947
train-clinvar+pg_dms__transformer__seed43,MSH6,P43246:160:Q>R,0,0.0051894714
train-clinvar+pg_dms__transformer__seed43,MSH6,P43246:193:Q>P,0,0.8359227
train-clinvar+pg_dms__transformer__seed43,MSH6,P43246:209:D>H,0,0.22454712
train-clinvar+pg_dms__transformer__seed43,MSH6,P40692:127:R>T,1,0.5318319
train-clinvar+pg_dms__transformer__seed43,MSH6,P43246:501:R>G,0,0.15416493
train-clinvar+pg_dms__transformer__seed43,MSH6,P43246:82:K>R,0,0.0010098427
train-clinvar+pg_dms__transformer__seed43,MSH6,P43246:433:L>F,0,0.009663698
train-clinvar+pg_dms__transformer__seed43,MSH6,P43246:670:P>T,0,0.8079234
train-clinvar+pg_dms__transformer__seed43,MSH6,P43246:726:M>T,0,0.31612262
train-clinvar+pg_dms__transformer__seed43,MSH6,P43246:757:Y>F,0,0.034894705
train-clinvar+pg_dms__transformer__seed43,MSH6,P43246:230:A>D,1,0.5736884
train-clinvar+pg_dms__transformer__seed43,MSH6,P43246:294:F>S,0,0.04044477
train-clinvar+pg_dms__transformer__seed43,MSH6,P43246:579:K>E,0,0.05203728
train-clinvar+pg_dms__transformer__seed43,MSH6,P43246:718:Q>H,0,0.26283494
train-clinvar+pg_dms__transformer__seed43,MSH6,P43246:791:A>S,0,0.027260143
train-clinvar+pg_dms__transformer__seed43,MSH6,P43246:861:Q>K,0,0.004988337
train-clinvar+pg_dms__transformer__seed43,MSH6,P43246:798:N>K,0,0.03631088
train-clinvar+pg_dms__transformer__seed43,MSH6,P43246:158:Q>R,0,0.0037239017
train-clinvar+pg_dms__transformer__seed43,MSH6,P40692:38:N>Y,1,0.74769455
train-clinvar+pg_dms__transformer__seed43,MSH6,P40692:640:P>R,1,0.99623495
train-clinvar+pg_dms__transformer__seed43,MSH6,P43246:718:Q>R,0,0.33906826
train-clinvar+pg_dms__transformer__seed43,MSH6,P43246:815:Y>C,0,0.176293
train-clinvar+pg_dms__transformer__seed43,MSH6,P43246:690:Q>H,0,0.34563047
train-clinvar+pg_dms__transformer__seed43,MSH6,P43246:287:G>R,0,0.022773355
train-clinvar+pg_dms__transformer__seed43,MSH6,P43246:455:E>Q,0,0.04676157
train-clinvar+pg_dms__transformer__seed43,MSH6,P43246:651:I>T,0,0.3801348
train-clinvar+pg_dms__transformer__seed43,MSH6,P43246:736:L>V,0,0.03128023
train-clinvar+pg_dms__transformer__seed43,MSH6,P43246:742:D>Y,0,0.011733482
train-clinvar+pg_dms__transformer__seed43,MSH6,P43246:519:F>C,0,0.008933106
train-clinvar+pg_dms__transformer__seed43,MSH6,P43246:99:R>S,0,0.31085205
train-clinvar+pg_dms__transformer__seed43,MSH6,P43246:124:S>T,0,0.05173018
train-clinvar+pg_dms__transformer__seed43,MSH6,P43246:352:D>N,0,0.014503715
train-clinvar+pg_dms__transformer__seed43,MSH6,P43246:604:A>G,0,0.026240846
train-clinvar+pg_dms__transformer__seed43,MSH6,P43246:810:T>N,0,0.020165877
train-clinvar+pg_dms__transformer__seed43,MSH6,P43246:359:R>I,1,0.96255255
train-clinvar+pg_dms__transformer__seed43,MSH6,P43246:736:L>R,1,0.9424228
train-clinvar+pg_dms__transformer__seed43,MSH6,P43246:582:V>L,0,0.04006885
train-clinvar+pg_dms__transformer__seed43,MSH6,P43246:277:L>S,0,0.21781084
train-clinvar+pg_dms__transformer__seed43,MSH6,P43246:100:V>F,0,0.53707874
train-clinvar+pg_dms__transformer__seed43,MSH6,P43246:470:V>L,0,0.27817664
train-clinvar+pg_dms__transformer__seed43,MSH6,P43246:815:Y>H,0,0.35807118
train-clinvar+pg_dms__transformer__seed43,MSH6,P43246:100:V>A,0,0.15087071
train-clinvar+pg_dms__transformer__seed43,MSH6,P43246:159:R>K,0,0.0074615227
train-clinvar+pg_dms__transformer__seed43,MSH6,P43246:356:I>M,0,0.17688374
train-clinvar+pg_dms__transformer__seed43,MSH6,P43246:532:V>I,0,0.057011727
train-clinvar+pg_dms__transformer__seed43,MSH6,P43246:755:S>T,0,0.93649805
train-clinvar+pg_dms__transformer__seed43,MSH6,P43246:124:S>F,1,0.7789992
train-clinvar+pg_dms__transformer__seed43,MSH6,P43246:211:G>E,0,0.019556347
train-clinvar+pg_dms__transformer__seed43,MSH6,P43246:120:A>T,0,0.011179363
train-clinvar+pg_dms__transformer__seed43,MSH6,P43246:883:I>V,0,0.0025136217
train-clinvar+pg_dms__transformer__seed43,MSH6,P43246:235:K>T,0,0.01860566
train-clinvar+pg_dms__transformer__seed43,MSH6,P43246:307:V>F,0,0.018178787
train-clinvar+pg_dms__transformer__seed43,MSH6,P43246:867:E>D,0,0.04373601
train-clinvar+pg_dms__transformer__seed43,MSH6,P43246:356:I>V,0,0.024241865
train-clinvar+pg_dms__transformer__seed43,MSH6,P40692:117:T>K,1,0.9337897
train-clinvar+pg_dms__transformer__seed43,MSH6,P43246:409:Q>R,0,0.15823637
train-clinvar+pg_dms__transformer__seed43,MSH6,P43246:160:Q>L,0,0.0042502903
train-clinvar+pg_dms__transformer__seed43,MSH6,P43246:429:Q>H,0,0.014556104
train-clinvar+pg_dms__transformer__seed43,MSH6,P43246:431:L>V,0,0.018144844
train-clinvar+pg_dms__transformer__seed43,MSH6,P43246:582:V>I,1,0.018575959
train-clinvar+pg_dms__transformer__seed43,MSH6,P43246:470:V>A,0,0.92421347
train-clinvar+pg_dms__transformer__seed43,MSH6,P43246:603:D>Y,1,0.9158743
train-clinvar+pg_dms__transformer__seed43,MSH6,P43246:342:V>A,0,0.11116209
train-clinvar+pg_dms__transformer__seed43,MSH6,P43246:624:I>T,0,0.11141247
train-clinvar+pg_dms__transformer__seed43,MSH6,P43246:690:Q>K,1,0.96235293
train-clinvar+pg_dms__transformer__seed43,MSH6,P43246:755:S>Y,1,0.9122326
train-clinvar+pg_dms__transformer__seed43,MSH6,P43246:875:L>V,0,0.0020041945
train-clinvar+pg_dms__transformer__seed43,MSH6,P40692:632:E>D,1,0.0076405616
train-clinvar+pg_dms__transformer__seed43,MSH6,P43246:359:R>G,1,0.93312645
train-clinvar+pg_dms__transformer__seed43,MSH6,P43246:849:L>Q,0,0.00074135355
train-clinvar+pg_dms__transformer__seed43,MSH6,P43246:373:R>T,0,0.51126456
train-clinvar+pg_dms__transformer__seed43,MSH6,P43246:12:E>D,0,0.013011986
train-clinvar+pg_dms__transformer__seed43,MSH6,P43246:834:A>G,0,0.29723206
train-clinvar+pg_dms__transformer__seed43,MSH6,P43246:657:F>V,0,0.16338973
train-clinvar+pg_dms__transformer__seed43,MSH6,P43246:50:A>T,0,0.54773974
train-clinvar+pg_dms__transformer__seed43,MSH6,P43246:789:A>D,0,0.4215282
train-clinvar+pg_dms__transformer__seed43,MSH6,P43246:339:Q>R,0,0.034427736
train-clinvar+pg_dms__transformer__seed43,MSH6,P43246:651:I>L,0,0.08799598
train-clinvar+pg_dms__transformer__seed43,MSH6,P43246:138:N>K,0,0.054644607
train-clinvar+pg_dms__transformer__seed43,MSH6,P43246:657:F>L,0,0.17836669
train-clinvar+pg_dms__transformer__seed43,MSH6,P43246:742:D>H,0,0.03951379
train-clinvar+pg_dms__transformer__seed43,MSH6,P43246:926:I>S,0,0.03862628
train-clinvar+pg_dms__transformer__seed43,MSH6,P43246:604:A>D,1,0.9590632
train-clinvar+pg_dms__transformer__seed43,MSH6,P43246:920:N>Y,0,0.096005455
train-clinvar+pg_dms__transformer__seed43,MSH6,P43246:757:Y>S,0,0.4701334
train-clinvar+pg_dms__transformer__seed43,MSH6,P43246:826:F>S,0,0.33615676
train-clinvar+pg_dms__transformer__seed43,MSH6,P43246:163:V>I,0,0.035760358
train-clinvar+pg_dms__transformer__seed43,MSH6,P43246:866:M>T,0,0.08330015
train-clinvar+pg_dms__transformer__seed43,MSH6,P43246:352:D>E,0,0.051658418
train-clinvar+pg_dms__transformer__seed43,MSH6,P43246:698:E>K,0,0.0120060425
train-clinvar+pg_dms__transformer__seed43,MSH6,P43246:847:K>T,0,0.14907956
train-clinvar+pg_dms__transformer__seed43,MSH6,P43246:228:K>R,0,0.00768476
train-clinvar+pg_dms__transformer__seed43,MSH6,P43246:37:F>C,0,0.22078733
train-clinvar+pg_dms__transformer__seed43,MSH6,P43246:371:E>V,0,0.0021517598
train-clinvar+pg_dms__transformer__seed43,MSH6,P43246:788:T>I,1,0.8286043
train-clinvar+pg_dms__transformer__seed43,MSH6,P43246:449:K>M,0,0.39387056
train-clinvar+pg_dms__transformer__seed43,MSH6,P43246:209:D>Y,0,0.124619395
train-clinvar+pg_dms__transformer__seed43,MSH6,P43246:10:Q>N,0,0.004341343
train-clinvar+pg_dms__transformer__seed43,MSH6,P43246:10:Q>P,0,0.017881736
train-clinvar+pg_dms__transformer__seed43,MSH6,P43246:10:Q>T,0,0.004152257
train-clinvar+pg_dms__transformer__seed43,MSH6,P43246:10:Q>S,0,0.0017726785
train-clinvar+pg_dms__transformer__seed43,MSH6,P43246:10:Q>Y,0,0.00886871
train-clinvar+pg_dms__transformer__seed43,MSH6,P43246:10:Q>M,0,0.097937435
train-clinvar+pg_dms__transformer__seed43,MSH6,P43246:10:Q>R,0,0.016917927
train-clinvar+pg_dms__transformer__seed43,MSH6,P43246:10:Q>L,0,0.00406431
train-clinvar+pg_dms__transformer__seed43,MSH6,P43246:10:Q>G,0,0.0032003226
train-clinvar+pg_dms__transformer__seed43,MSH6,P43246:10:Q>I,0,0.011433145
train-clinvar+pg_dms__transformer__seed43,MSH6,P43246:10:Q>H,0,0.015791416
train-clinvar+pg_dms__transformer__seed43,MSH6,P43246:10:Q>F,0,0.014092377
train-clinvar+pg_dms__transformer__seed43,MSH6,P43246:10:Q>E,0,0.0034337265
train-clinvar+pg_dms__transformer__seed43,MSH6,P43246:10:Q>D,0,0.018816898
train-clinvar+pg_dms__transformer__seed43,MSH6,P43246:10:Q>C,0,0.008632437
train-clinvar+pg_dms__transformer__seed43,MSH6,P43246:10:Q>A,0,0.0028429246
train-clinvar+pg_dms__transformer__seed43,MSH6,P43246:10:Q>W,0,0.09259709
train-clinvar+pg_dms__transformer__seed43,MSH6,P43246:10:Q>K,0,0.012724996
train-clinvar+pg_dms__transformer__seed43,MSH6,P43246:10:Q>V,0,0.0062604793
train-clinvar+pg_dms__transformer__seed43,MSH6,P43246:12:E>W,1,0.08036949
train-clinvar+pg_dms__transformer__seed43,MSH6,P43246:12:E>A,0,0.0044720895
train-clinvar+pg_dms__transformer__seed43,MSH6,P43246:12:E>C,0,0.019927109
train-clinvar+pg_dms__transformer__seed43,MSH6,P43246:12:E>K,0,0.03477247
train-clinvar+pg_dms__transformer__seed43,MSH6,P43246:12:E>F,0,0.03226826
train-clinvar+pg_dms__transformer__seed43,MSH6,P43246:12:E>G,0,0.0117298225
train-clinvar+pg_dms__transformer__seed43,MSH6,P43246:12:E>H,0,0.027715258
train-clinvar+pg_dms__transformer__seed43,MSH6,P43246:12:E>I,0,0.070636325
train-clinvar+pg_dms__transformer__seed43,MSH6,P43246:12:E>L,0,0.016306814
train-clinvar+pg_dms__transformer__seed43,MSH6,P43246:12:E>Y,0,0.025802106
train-clinvar+pg_dms__transformer__seed43,MSH6,P43246:12:E>N,0,0.0058111316
train-clinvar+pg_dms__transformer__seed43,MSH6,P43246:12:E>P,0,0.05028741
train-clinvar+pg_dms__transformer__seed43,MSH6,P43246:12:E>Q,0,0.0056109647
train-clinvar+pg_dms__transformer__seed43,MSH6,P43246:12:E>R,0,0.019063978
train-clinvar+pg_dms__transformer__seed43,MSH6,P43246:12:E>S,0,0.003089322
train-clinvar+pg_dms__transformer__seed43,MSH6,P43246:12:E>T,0,0.012992357
train-clinvar+pg_dms__transformer__seed43,MSH6,P43246:12:E>M,1,0.23527324
train-clinvar+pg_dms__transformer__seed43,MSH6,P43246:12:E>V,0,0.02080499
train-clinvar+pg_dms__transformer__seed43,MSH6,P43246:18:G>F,0,0.089954734
train-clinvar+pg_dms__transformer__seed43,MSH6,P43246:18:G>N,0,0.039629493
train-clinvar+pg_dms__transformer__seed43,MSH6,P43246:18:G>M,1,0.30848905
train-clinvar+pg_dms__transformer__seed43,MSH6,P43246:18:G>L,0,0.032846984
train-clinvar+pg_dms__transformer__seed43,MSH6,P43246:18:G>K,0,0.065567486
train-clinvar+pg_dms__transformer__seed43,MSH6,P43246:18:G>I,0,0.100655675
train-clinvar+pg_dms__transformer__seed43,MSH6,P43246:18:G>H,0,0.08788517
train-clinvar+pg_dms__transformer__seed43,MSH6,P43246:18:G>E,0,0.06251378
train-clinvar+pg_dms__transformer__seed43,MSH6,P43246:18:G>V,0,0.09838573
train-clinvar+pg_dms__transformer__seed43,MSH6,P43246:18:G>S,0,0.0045875707
train-clinvar+pg_dms__transformer__seed43,MSH6,P43246:18:G>T,0,0.013297197
train-clinvar+pg_dms__transformer__seed43,MSH6,P43246:18:G>D,0,0.21585219
train-clinvar+pg_dms__transformer__seed43,MSH6,P43246:18:G>W,0,0.34412187
train-clinvar+pg_dms__transformer__seed43,MSH6,P43246:18:G>Y,0,0.06964615
train-clinvar+pg_dms__transformer__seed43,MSH6,P43246:18:G>C,0,0.030519698
train-clinvar+pg_dms__transformer__seed43,MSH6,P43246:18:G>Q,0,0.02964092
train-clinvar+pg_dms__transformer__seed43,MSH6,P43246:18:G>R,0,0.041279234
train-clinvar+pg_dms__transformer__seed43,MSH6,P43246:18:G>P,0,0.0970252
train-clinvar+pg_dms__transformer__seed43,MSH6,P43246:18:G>A,0,0.0035255654
train-clinvar+pg_dms__transformer__seed43,MSH6,P43246:29:K>Q,0,0.16505286
train-clinvar+pg_dms__transformer__seed43,MSH6,P43246:29:K>S,0,0.16582991
train-clinvar+pg_dms__transformer__seed43,MSH6,P43246:29:K>T,0,0.14822485
train-clinvar+pg_dms__transformer__seed43,MSH6,P43246:29:K>H,0,0.2393431
train-clinvar+pg_dms__transformer__seed43,MSH6,P43246:29:K>A,0,0.059406344
train-clinvar+pg_dms__transformer__seed43,MSH6,P43246:29:K>P,0,0.6270178
train-clinvar+pg_dms__transformer__seed43,MSH6,P43246:29:K>M,0,0.3898869
train-clinvar+pg_dms__transformer__seed43,MSH6,P43246:29:K>L,0,0.13747035
train-clinvar+pg_dms__transformer__seed43,MSH6,P43246:29:K>I,0,0.25712672
train-clinvar+pg_dms__transformer__seed43,MSH6,P43246:29:K>R,0,0.032923937
train-clinvar+pg_dms__transformer__seed43,MSH6,P43246:29:K>C,0,0.08200946
train-clinvar+pg_dms__transformer__seed43,MSH6,P43246:29:K>E,0,0.25310302
train-clinvar+pg_dms__transformer__seed43,MSH6,P43246:29:K>F,0,0.14758952
train-clinvar+pg_dms__transformer__seed43,MSH6,P43246:29:K>G,0,0.16526073
train-clinvar+pg_dms__transformer__seed43,MSH6,P43246:29:K>V,0,0.17516111
train-clinvar+pg_dms__transformer__seed43,MSH6,P43246:29:K>W,0,0.31739607
train-clinvar+pg_dms__transformer__seed43,MSH6,P43246:29:K>Y,1,0.170532
train-clinvar+pg_dms__transformer__seed43,MSH6,P43246:29:K>D,0,0.40445465
train-clinvar+pg_dms__transformer__seed43,MSH6,P43246:33:T>F,0,0.4077171
train-clinvar+pg_dms__transformer__seed43,MSH6,P43246:33:T>K,0,0.4487142
train-clinvar+pg_dms__transformer__seed43,MSH6,P43246:33:T>G,0,0.19188054
train-clinvar+pg_dms__transformer__seed43,MSH6,P43246:33:T>L,0,0.02371888
train-clinvar+pg_dms__transformer__seed43,MSH6,P43246:33:T>M,0,0.3042144
train-clinvar+pg_dms__transformer__seed43,MSH6,P43246:33:T>N,0,0.104904264
train-clinvar+pg_dms__transformer__seed43,MSH6,P43246:33:T>P,0,0.83464116
train-clinvar+pg_dms__transformer__seed43,MSH6,P43246:33:T>Q,0,0.1683969
train-clinvar+pg_dms__transformer__seed43,MSH6,P43246:33:T>S,0,0.017605543
train-clinvar+pg_dms__transformer__seed43,MSH6,P43246:33:T>I,0,0.39869487
train-clinvar+pg_dms__transformer__seed43,MSH6,P43246:33:T>W,0,0.5402964
train-clinvar+pg_dms__transformer__seed43,MSH6,P43246:33:T>H,0,0.29541415
train-clinvar+pg_dms__transformer__seed43,MSH6,P43246:33:T>A,0,0.021495605
train-clinvar+pg_dms__transformer__seed43,MSH6,P43246:33:T>C,0,0.016486442
train-clinvar+pg_dms__transformer__seed43,MSH6,P43246:33:T>D,0,0.81736237
train-clinvar+pg_dms__transformer__seed43,MSH6,P43246:33:T>E,0,0.43717644
train-clinvar+pg_dms__transformer__seed43,MSH6,P43246:33:T>V,0,0.0501604
train-clinvar+pg_dms__transformer__seed43,MSH6,P43246:37:F>A,0,0.6741095
train-clinvar+pg_dms__transformer__seed43,MSH6,P43246:37:F>D,1,0.8485343
train-clinvar+pg_dms__transformer__seed43,MSH6,P43246:37:F>T,1,0.55295306
train-clinvar+pg_dms__transformer__seed43,MSH6,P43246:37:F>G,1,0.7309224
train-clinvar+pg_dms__transformer__seed43,MSH6,P43246:37:F>H,0,0.4749815
train-clinvar+pg_dms__transformer__seed43,MSH6,P43246:37:F>I,0,0.712676
train-clinvar+pg_dms__transformer__seed43,MSH6,P43246:37:F>K,0,0.7399618
train-clinvar+pg_dms__transformer__seed43,MSH6,P43246:37:F>M,0,0.5364957
train-clinvar+pg_dms__transformer__seed43,MSH6,P43246:37:F>P,1,0.84899473
train-clinvar+pg_dms__transformer__seed43,MSH6,P43246:37:F>S,1,0.5227426
train-clinvar+pg_dms__transformer__seed43,MSH6,P43246:37:F>V,0,0.5330669
train-clinvar+pg_dms__transformer__seed43,MSH6,P43246:37:F>W,0,0.54302245
train-clinvar+pg_dms__transformer__seed43,MSH6,P43246:37:F>Y,0,0.31007335
train-clinvar+pg_dms__transformer__seed43,MSH6,P43246:37:F>E,0,0.7417581
train-clinvar+pg_dms__transformer__seed43,MSH6,P43246:37:F>L,0,0.54739064
train-clinvar+pg_dms__transformer__seed43,MSH6,P43246:38:D>I,0,0.2351276
train-clinvar+pg_dms__transformer__seed43,MSH6,P43246:38:D>W,0,0.3575455
train-clinvar+pg_dms__transformer__seed43,MSH6,P43246:38:D>V,0,0.17002927
train-clinvar+pg_dms__transformer__seed43,MSH6,P43246:38:D>T,0,0.11933395
train-clinvar+pg_dms__transformer__seed43,MSH6,P43246:38:D>S,0,0.027543755
train-clinvar+pg_dms__transformer__seed43,MSH6,P43246:38:D>R,0,0.32315683
train-clinvar+pg_dms__transformer__seed43,MSH6,P43246:38:D>Q,0,0.046187688
train-clinvar+pg_dms__transformer__seed43,MSH6,P43246:38:D>P,0,0.43900678
train-clinvar+pg_dms__transformer__seed43,MSH6,P43246:38:D>K,0,0.20222136
train-clinvar+pg_dms__transformer__seed43,MSH6,P43246:38:D>L,0,0.19456796
train-clinvar+pg_dms__transformer__seed43,MSH6,P43246:38:D>A,0,0.09209488
train-clinvar+pg_dms__transformer__seed43,MSH6,P43246:38:D>E,0,0.05744712
train-clinvar+pg_dms__transformer__seed43,MSH6,P43246:38:D>F,0,0.12975211
train-clinvar+pg_dms__transformer__seed43,MSH6,P43246:38:D>G,0,0.123062074
train-clinvar+pg_dms__transformer__seed43,MSH6,P43246:38:D>H,0,0.14254825
train-clinvar+pg_dms__transformer__seed43,MSH6,P43246:38:D>N,0,0.07546151
train-clinvar+pg_dms__transformer__seed43,MSH6,P43246:42:F>T,0,0.60238105
train-clinvar+pg_dms__transformer__seed43,MSH6,P43246:42:F>S,0,0.37685403
train-clinvar+pg_dms__transformer__seed43,MSH6,P43246:42:F>Q,0,0.22782367
train-clinvar+pg_dms__transformer__seed43,MSH6,P43246:42:F>P,0,0.90839714
train-clinvar+pg_dms__transformer__seed43,MSH6,P43246:42:F>N,0,0.4536677
train-clinvar+pg_dms__transformer__seed43,MSH6,P43246:42:F>K,0,0.79258096
train-clinvar+pg_dms__transformer__seed43,MSH6,P43246:42:F>L,0,0.5547712
train-clinvar+pg_dms__transformer__seed43,MSH6,P43246:42:F>I,0,0.57689345
train-clinvar+pg_dms__transformer__seed43,MSH6,P43246:42:F>H,0,0.36165124
train-clinvar+pg_dms__transformer__seed43,MSH6,P43246:42:F>G,0,0.7584695
train-clinvar+pg_dms__transformer__seed43,MSH6,P43246:42:F>E,0,0.729843
train-clinvar+pg_dms__transformer__seed43,MSH6,P43246:42:F>C,0,0.0879575
train-clinvar+pg_dms__transformer__seed43,MSH6,P43246:42:F>A,0,0.62610877
train-clinvar+pg_dms__transformer__seed43,MSH6,P43246:42:F>M,0,0.5438346
train-clinvar+pg_dms__transformer__seed43,MSH6,P43246:42:F>D,0,0.8763906
train-clinvar+pg_dms__transformer__seed43,MSH6,P43246:42:F>R,0,0.8405966
train-clinvar+pg_dms__transformer__seed43,MSH6,P43246:42:F>Y,0,0.020652454
train-clinvar+pg_dms__transformer__seed43,MSH6,P43246:42:F>W,0,0.30902052
train-clinvar+pg_dms__transformer__seed43,MSH6,P43246:42:F>V,0,0.24185118
train-clinvar+pg_dms__transformer__seed43,MSH6,P43246:44:T>H,0,0.5635976
train-clinvar+pg_dms__transformer__seed43,MSH6,P43246:44:T>A,0,0.31967163
train-clinvar+pg_dms__transformer__seed43,MSH6,P43246:44:T>I,0,0.8834205
train-clinvar+pg_dms__transformer__seed43,MSH6,P43246:44:T>K,0,0.8695473
train-clinvar+pg_dms__transformer__seed43,MSH6,P43246:44:T>E,0,0.84455615
train-clinvar+pg_dms__transformer__seed43,MSH6,P43246:44:T>D,0,0.93043137
train-clinvar+pg_dms__transformer__seed43,MSH6,P43246:44:T>C,0,0.19297828
train-clinvar+pg_dms__transformer__seed43,MSH6,P43246:44:T>L,0,0.6541894
train-clinvar+pg_dms__transformer__seed43,MSH6,P43246:44:T>F,0,0.8679242
train-clinvar+pg_dms__transformer__seed43,MSH6,P43246:44:T>Q,0,0.47918797
train-clinvar+pg_dms__transformer__seed43,MSH6,P43246:44:T>R,0,0.9290064
train-clinvar+pg_dms__transformer__seed43,MSH6,P43246:44:T>S,0,0.019317985
train-clinvar+pg_dms__transformer__seed43,MSH6,P43246:44:T>V,0,0.6525787
train-clinvar+pg_dms__transformer__seed43,MSH6,P43246:44:T>W,1,0.83223134
train-clinvar+pg_dms__transformer__seed43,MSH6,P43246:44:T>Y,0,0.8525398
train-clinvar+pg_dms__transformer__seed43,MSH6,P43246:44:T>G,0,0.58013797
train-clinvar+pg_dms__transformer__seed43,MSH6,P43246:44:T>P,1,0.9730558
train-clinvar+pg_dms__transformer__seed43,MSH6,P43246:46:H>S,0,0.28745124
train-clinvar+pg_dms__transformer__seed43,MSH6,P43246:46:H>N,0,0.42705375
train-clinvar+pg_dms__transformer__seed43,MSH6,P43246:46:H>M,0,0.5639546
train-clinvar+pg_dms__transformer__seed43,MSH6,P43246:46:H>L,0,0.21833552
train-clinvar+pg_dms__transformer__seed43,MSH6,P43246:46:H>R,0,0.8257499
train-clinvar+pg_dms__transformer__seed43,MSH6,P43246:46:H>T,0,0.30986986
train-clinvar+pg_dms__transformer__seed43,MSH6,P43246:46:H>F,0,0.15276682
train-clinvar+pg_dms__transformer__seed43,MSH6,P43246:46:H>W,0,0.4805574
train-clinvar+pg_dms__transformer__seed43,MSH6,P43246:46:H>Y,0,0.1818774
train-clinvar+pg_dms__transformer__seed43,MSH6,P43246:46:H>G,0,0.65617526
train-clinvar+pg_dms__transformer__seed43,MSH6,P43246:46:H>K,0,0.84820366
train-clinvar+pg_dms__transformer__seed43,MSH6,P43246:46:H>A,0,0.33306915
train-clinvar+pg_dms__transformer__seed43,MSH6,P43246:46:H>C,0,0.036771197
train-clinvar+pg_dms__transformer__seed43,MSH6,P43246:46:H>D,1,0.8706675
train-clinvar+pg_dms__transformer__seed43,MSH6,P43246:46:H>V,0,0.38562578
train-clinvar+pg_dms__transformer__seed43,MSH6,P43246:46:H>I,0,0.70498854
train-clinvar+pg_dms__transformer__seed43,MSH6,P43246:47:G>A,0,0.023170209
train-clinvar+pg_dms__transformer__seed43,MSH6,P43246:47:G>C,0,0.07360035
train-clinvar+pg_dms__transformer__seed43,MSH6,P43246:47:G>R,0,0.3980467
train-clinvar+pg_dms__transformer__seed43,MSH6,P43246:47:G>F,0,0.2381793
train-clinvar+pg_dms__transformer__seed43,MSH6,P43246:47:G>W,0,0.5601334
train-clinvar+pg_dms__transformer__seed43,MSH6,P43246:47:G>V,0,0.4950787
train-clinvar+pg_dms__transformer__seed43,MSH6,P43246:47:G>T,0,0.15770704
train-clinvar+pg_dms__transformer__seed43,MSH6,P43246:47:G>S,0,0.03527998
train-clinvar+pg_dms__transformer__seed43,MSH6,P43246:47:G>E,0,0.20331788
train-clinvar+pg_dms__transformer__seed43,MSH6,P43246:47:G>Q,0,0.0677263
train-clinvar+pg_dms__transformer__seed43,MSH6,P43246:47:G>P,1,0.8513169
train-clinvar+pg_dms__transformer__seed43,MSH6,P43246:47:G>N,0,0.13154742
train-clinvar+pg_dms__transformer__seed43,MSH6,P43246:47:G>M,0,0.4087676
train-clinvar+pg_dms__transformer__seed43,MSH6,P43246:47:G>L,0,0.28379062
train-clinvar+pg_dms__transformer__seed43,MSH6,P43246:47:G>K,0,0.37667263
train-clinvar+pg_dms__transformer__seed43,MSH6,P43246:47:G>I,0,0.8514211
train-clinvar+pg_dms__transformer__seed43,MSH6,P43246:47:G>H,0,0.19518197
train-clinvar+pg_dms__transformer__seed43,MSH6,P43246:47:G>Y,0,0.36540455
train-clinvar+pg_dms__transformer__seed43,MSH6,P43246:50:A>I,1,0.73060083
train-clinvar+pg_dms__transformer__seed43,MSH6,P43246:50:A>E,0,0.6540931
train-clinvar+pg_dms__transformer__seed43,MSH6,P43246:50:A>C,0,0.13969024
train-clinvar+pg_dms__transformer__seed43,MSH6,P43246:50:A>V,0,0.6180648
train-clinvar+pg_dms__transformer__seed43,MSH6,P43246:50:A>S,0,0.066536516
train-clinvar+pg_dms__transformer__seed43,MSH6,P43246:50:A>R,0,0.7713678
train-clinvar+pg_dms__transformer__seed43,MSH6,P43246:50:A>P,1,0.80977154
train-clinvar+pg_dms__transformer__seed43,MSH6,P43246:50:A>W,1,0.4737725
train-clinvar+pg_dms__transformer__seed43,MSH6,P43246:50:A>M,1,0.49988303
train-clinvar+pg_dms__transformer__seed43,MSH6,P43246:50:A>L,1,0.49097866
train-clinvar+pg_dms__transformer__seed43,MSH6,P43246:50:A>K,0,0.81822276
train-clinvar+pg_dms__transformer__seed43,MSH6,P43246:50:A>H,0,0.57238895
train-clinvar+pg_dms__transformer__seed43,MSH6,P43246:50:A>G,0,0.11337212
train-clinvar+pg_dms__transformer__seed43,MSH6,P43246:50:A>F,0,0.8345105
train-clinvar+pg_dms__transformer__seed43,MSH6,P43246:50:A>N,1,0.6544213
train-clinvar+pg_dms__transformer__seed43,MSH6,P43246:57:V>Q,0,0.22783712
train-clinvar+pg_dms__transformer__seed43,MSH6,P43246:57:V>W,1,0.55389845
train-clinvar+pg_dms__transformer__seed43,MSH6,P43246:57:V>P,0,0.8017942
train-clinvar+pg_dms__transformer__seed43,MSH6,P43246:57:V>N,0,0.37461933
train-clinvar+pg_dms__transformer__seed43,MSH6,P43246:57:V>M,0,0.40359643
train-clinvar+pg_dms__transformer__seed43,MSH6,P43246:57:V>L,0,0.05574534
train-clinvar+pg_dms__transformer__seed43,MSH6,P43246:57:V>K,0,0.5421852
train-clinvar+pg_dms__transformer__seed43,MSH6,P43246:57:V>I,0,0.01839118
train-clinvar+pg_dms__transformer__seed43,MSH6,P43246:57:V>R,0,0.7009118
train-clinvar+pg_dms__transformer__seed43,MSH6,P43246:57:V>H,0,0.3394361
train-clinvar+pg_dms__transformer__seed43,MSH6,P43246:57:V>F,0,0.082217835
train-clinvar+pg_dms__transformer__seed43,MSH6,P43246:57:V>E,0,0.61328983
train-clinvar+pg_dms__transformer__seed43,MSH6,P43246:57:V>C,0,0.07775704
train-clinvar+pg_dms__transformer__seed43,MSH6,P43246:57:V>A,0,0.09501275
train-clinvar+pg_dms__transformer__seed43,MSH6,P43246:57:V>S,0,0.11468681
train-clinvar+pg_dms__transformer__seed43,MSH6,P43246:57:V>T,0,0.21559548
train-clinvar+pg_dms__transformer__seed43,MSH6,P43246:57:V>Y,0,0.3204842
train-clinvar+pg_dms__transformer__seed43,MSH6,P43246:59:K>V,0,0.18079616
train-clinvar+pg_dms__transformer__seed43,MSH6,P43246:59:K>W,0,0.3156709
train-clinvar+pg_dms__transformer__seed43,MSH6,P43246:59:K>T,0,0.14291458
train-clinvar+pg_dms__transformer__seed43,MSH6,P43246:59:K>S,0,0.061796594
train-clinvar+pg_dms__transformer__seed43,MSH6,P43246:59:K>Q,0,0.0479431
train-clinvar+pg_dms__transformer__seed43,MSH6,P43246:59:K>C,0,0.025818586
train-clinvar+pg_dms__transformer__seed43,MSH6,P43246:59:K>N,0,0.2273186
train-clinvar+pg_dms__transformer__seed43,MSH6,P43246:59:K>M,1,0.3154028
train-clinvar+pg_dms__transformer__seed43,MSH6,P43246:59:K>I,0,0.20144494
train-clinvar+pg_dms__transformer__seed43,MSH6,P43246:59:K>H,0,0.05132577
train-clinvar+pg_dms__transformer__seed43,MSH6,P43246:59:K>G,0,0.048218355
train-clinvar+pg_dms__transformer__seed43,MSH6,P43246:59:K>E,0,0.3423427
train-clinvar+pg_dms__transformer__seed43,MSH6,P43246:59:K>D,0,0.3489038
train-clinvar+pg_dms__transformer__seed43,MSH6,P43246:59:K>A,0,0.057069726
train-clinvar+pg_dms__transformer__seed43,MSH6,P43246:59:K>P,1,0.5343448
train-clinvar+pg_dms__transformer__seed43,MSH6,P43246:59:K>L,0,0.084562495
train-clinvar+pg_dms__transformer__seed43,MSH6,P43246:59:K>Y,0,0.11159067
train-clinvar+pg_dms__transformer__seed43,MSH6,P43246:66:Y>F,0,0.0066277506
train-clinvar+pg_dms__transformer__seed43,MSH6,P43246:66:Y>C,0,0.0029271091
train-clinvar+pg_dms__transformer__seed43,MSH6,P43246:66:Y>A,0,0.008935678
train-clinvar+pg_dms__transformer__seed43,MSH6,P43246:66:Y>W,0,0.079404764
train-clinvar+pg_dms__transformer__seed43,MSH6,P43246:66:Y>V,0,0.010775151
train-clinvar+pg_dms__transformer__seed43,MSH6,P43246:66:Y>T,0,0.014422819
train-clinvar+pg_dms__transformer__seed43,MSH6,P43246:66:Y>S,0,0.005962507
train-clinvar+pg_dms__transformer__seed43,MSH6,P43246:66:Y>Q,0,0.005758185
train-clinvar+pg_dms__transformer__seed43,MSH6,P43246:66:Y>P,0,0.25732306
train-clinvar+pg_dms__transformer__seed43,MSH6,P43246:66:Y>N,0,0.00398784
train-clinvar+pg_dms__transformer__seed43,MSH6,P43246:66:Y>G,0,0.017178882
train-clinvar+pg_dms__transformer__seed43,MSH6,P43246:66:Y>L,0,0.0071637314
train-clinvar+pg_dms__transformer__seed43,MSH6,P43246:66:Y>I,0,0.038141005
train-clinvar+pg_dms__transformer__seed43,MSH6,P43246:66:Y>H,0,0.017792528
train-clinvar+pg_dms__transformer__seed43,MSH6,P43246:66:Y>R,0,0.022432717
train-clinvar+pg_dms__transformer__seed43,MSH6,P43246:66:Y>M,0,0.22236873
train-clinvar+pg_dms__transformer__seed43,MSH6,P43246:69:P>Y,1,0.014392918
train-clinvar+pg_dms__transformer__seed43,MSH6,P43246:69:P>V,0,0.02162332
train-clinvar+pg_dms__transformer__seed43,MSH6,P43246:69:P>A,0,0.0058883377
train-clinvar+pg_dms__transformer__seed43,MSH6,P43246:69:P>C,0,0.01284207
train-clinvar+pg_dms__transformer__seed43,MSH6,P43246:69:P>D,0,0.021623433
train-clinvar+pg_dms__transformer__seed43,MSH6,P43246:69:P>E,0,0.017349623
train-clinvar+pg_dms__transformer__seed43,MSH6,P43246:69:P>F,0,0.019075457
train-clinvar+pg_dms__transformer__seed43,MSH6,P43246:69:P>G,0,0.004202621
train-clinvar+pg_dms__transformer__seed43,MSH6,P43246:69:P>H,0,0.031128138
train-clinvar+pg_dms__transformer__seed43,MSH6,P43246:69:P>W,0,0.09035359
train-clinvar+pg_dms__transformer__seed43,MSH6,P43246:69:P>I,0,0.02591712
train-clinvar+pg_dms__transformer__seed43,MSH6,P43246:69:P>M,0,0.060998715
train-clinvar+pg_dms__transformer__seed43,MSH6,P43246:69:P>N,0,0.013066271
train-clinvar+pg_dms__transformer__seed43,MSH6,P43246:69:P>Q,0,0.011169869
train-clinvar+pg_dms__transformer__seed43,MSH6,P43246:69:P>R,0,0.025274929
train-clinvar+pg_dms__transformer__seed43,MSH6,P43246:69:P>S,0,0.014362551
train-clinvar+pg_dms__transformer__seed43,MSH6,P43246:69:P>T,0,0.024163585
train-clinvar+pg_dms__transformer__seed43,MSH6,P43246:69:P>K,0,0.013919942
train-clinvar+pg_dms__transformer__seed43,MSH6,P43246:74:N>V,0,0.014665362
train-clinvar+pg_dms__transformer__seed43,MSH6,P43246:74:N>A,0,0.004278832
train-clinvar+pg_dms__transformer__seed43,MSH6,P43246:74:N>C,0,0.0017289164
train-clinvar+pg_dms__transformer__seed43,MSH6,P43246:74:N>W,0,0.1201718
train-clinvar+pg_dms__transformer__seed43,MSH6,P43246:74:N>T,0,0.017915105
train-clinvar+pg_dms__transformer__seed43,MSH6,P43246:74:N>S,0,0.005566672
train-clinvar+pg_dms__transformer__seed43,MSH6,P43246:74:N>R,0,0.011507834
train-clinvar+pg_dms__transformer__seed43,MSH6,P43246:74:N>Q,0,0.00811998
train-clinvar+pg_dms__transformer__seed43,MSH6,P43246:74:N>P,0,0.048821077
train-clinvar+pg_dms__transformer__seed43,MSH6,P43246:74:N>M,0,0.20529291
train-clinvar+pg_dms__transformer__seed43,MSH6,P43246:74:N>Y,0,0.017237268
train-clinvar+pg_dms__transformer__seed43,MSH6,P43246:74:N>K,0,0.017726567
train-clinvar+pg_dms__transformer__seed43,MSH6,P43246:74:N>I,0,0.02725499
train-clinvar+pg_dms__transformer__seed43,MSH6,P43246:74:N>H,0,0.026124408
train-clinvar+pg_dms__transformer__seed43,MSH6,P43246:74:N>G,0,0.0036933797
train-clinvar+pg_dms__transformer__seed43,MSH6,P43246:74:N>F,0,0.013237656
train-clinvar+pg_dms__transformer__seed43,MSH6,P43246:74:N>E,0,0.0138050215
train-clinvar+pg_dms__transformer__seed43,MSH6,P43246:74:N>L,0,0.003631217
train-clinvar+pg_dms__transformer__seed43,MSH6,P43246:74:N>D,0,0.02652635
train-clinvar+pg_dms__transformer__seed43,MSH6,P43246:76:Q>Y,0,0.0859357
train-clinvar+pg_dms__transformer__seed43,MSH6,P43246:76:Q>A,0,0.008458299
train-clinvar+pg_dms__transformer__seed43,MSH6,P43246:76:Q>C,0,0.03542448
train-clinvar+pg_dms__transformer__seed43,MSH6,P43246:76:Q>D,0,0.16799739
train-clinvar+pg_dms__transformer__seed43,MSH6,P43246:76:Q>F,0,0.30171832
train-clinvar+pg_dms__transformer__seed43,MSH6,P43246:76:Q>G,0,0.018691294
train-clinvar+pg_dms__transformer__seed43,MSH6,P43246:76:Q>H,0,0.11204516
train-clinvar+pg_dms__transformer__seed43,MSH6,P43246:76:Q>I,0,0.17464854
train-clinvar+pg_dms__transformer__seed43,MSH6,P43246:76:Q>K,0,0.029037975
train-clinvar+pg_dms__transformer__seed43,MSH6,P43246:76:Q>L,0,0.011991984
train-clinvar+pg_dms__transformer__seed43,MSH6,P43246:76:Q>M,0,0.29286388
train-clinvar+pg_dms__transformer__seed43,MSH6,P43246:76:Q>P,0,0.1151154
train-clinvar+pg_dms__transformer__seed43,MSH6,P43246:76:Q>R,0,0.030304676
train-clinvar+pg_dms__transformer__seed43,MSH6,P43246:76:Q>N,0,0.030192781
train-clinvar+pg_dms__transformer__seed43,MSH6,P43246:76:Q>T,0,0.039501637
train-clinvar+pg_dms__transformer__seed43,MSH6,P43246:76:Q>V,0,0.054101188
train-clinvar+pg_dms__transformer__seed43,MSH6,P43246:76:Q>W,0,0.26286632
train-clinvar+pg_dms__transformer__seed43,MSH6,P43246:76:Q>S,0,0.0071644126
train-clinvar+pg_dms__transformer__seed43,MSH6,P43246:81:S>Q,0,0.30746934
train-clinvar+pg_dms__transformer__seed43,MSH6,P43246:81:S>P,0,0.70191264
train-clinvar+pg_dms__transformer__seed43,MSH6,P43246:81:S>N,0,0.1966466
train-clinvar+pg_dms__transformer__seed43,MSH6,P43246:81:S>M,0,0.51553744
train-clinvar+pg_dms__transformer__seed43,MSH6,P43246:81:S>L,0,0.42644793
train-clinvar+pg_dms__transformer__seed43,MSH6,P43246:81:S>K,0,0.25645787
train-clinvar+pg_dms__transformer__seed43,MSH6,P43246:81:S>I,0,0.6684242
train-clinvar+pg_dms__transformer__seed43,MSH6,P43246:81:S>F,0,0.5270438
train-clinvar+pg_dms__transformer__seed43,MSH6,P43246:81:S>G,0,0.037996702
train-clinvar+pg_dms__transformer__seed43,MSH6,P43246:81:S>C,0,0.09227761
train-clinvar+pg_dms__transformer__seed43,MSH6,P43246:81:S>A,0,0.075573064
train-clinvar+pg_dms__transformer__seed43,MSH6,P43246:81:S>T,0,0.22566056
train-clinvar+pg_dms__transformer__seed43,MSH6,P43246:81:S>V,0,0.6244941
train-clinvar+pg_dms__transformer__seed43,MSH6,P43246:81:S>R,0,0.48866487
train-clinvar+pg_dms__transformer__seed43,MSH6,P43246:81:S>H,0,0.42789713
train-clinvar+pg_dms__transformer__seed43,MSH6,P43246:81:S>W,0,0.44548896
train-clinvar+pg_dms__transformer__seed43,MSH6,P43246:82:K>C,0,0.01211206
train-clinvar+pg_dms__transformer__seed43,MSH6,P43246:82:K>N,0,0.015334336
train-clinvar+pg_dms__transformer__seed43,MSH6,P43246:82:K>W,0,0.041051555
train-clinvar+pg_dms__transformer__seed43,MSH6,P43246:82:K>A,0,0.014434564
train-clinvar+pg_dms__transformer__seed43,MSH6,P43246:82:K>S,0,0.019525018
train-clinvar+pg_dms__transformer__seed43,MSH6,P43246:82:K>Q,0,0.016308328
train-clinvar+pg_dms__transformer__seed43,MSH6,P43246:82:K>P,0,0.18088473
train-clinvar+pg_dms__transformer__seed43,MSH6,P43246:82:K>T,0,0.03607104
train-clinvar+pg_dms__transformer__seed43,MSH6,P43246:82:K>V,0,0.020691646
train-clinvar+pg_dms__transformer__seed43,MSH6,P43246:82:K>L,0,0.017271388
train-clinvar+pg_dms__transformer__seed43,MSH6,P43246:82:K>I,0,0.034331493
train-clinvar+pg_dms__transformer__seed43,MSH6,P43246:82:K>H,0,0.02558109
train-clinvar+pg_dms__transformer__seed43,MSH6,P43246:82:K>G,0,0.015376079
train-clinvar+pg_dms__transformer__seed43,MSH6,P43246:82:K>F,0,0.02356733
train-clinvar+pg_dms__transformer__seed43,MSH6,P43246:82:K>E,0,0.089979075
train-clinvar+pg_dms__transformer__seed43,MSH6,P43246:82:K>D,0,0.07120575
train-clinvar+pg_dms__transformer__seed43,MSH6,P43246:82:K>M,1,0.14658657
train-clinvar+pg_dms__transformer__seed43,MSH6,P43246:87:S>R,0,0.14827627
train-clinvar+pg_dms__transformer__seed43,MSH6,P43246:87:S>T,0,0.01230121
train-clinvar+pg_dms__transformer__seed43,MSH6,P43246:87:S>G,0,0.004721028
train-clinvar+pg_dms__transformer__seed43,MSH6,P43246:87:S>V,0,0.007701519
train-clinvar+pg_dms__transformer__seed43,MSH6,P43246:87:S>W,1,0.2801207
train-clinvar+pg_dms__transformer__seed43,MSH6,P43246:87:S>A,0,0.0017548181
train-clinvar+pg_dms__transformer__seed43,MSH6,P43246:87:S>C,0,0.016343746
train-clinvar+pg_dms__transformer__seed43,MSH6,P43246:87:S>D,0,0.20841229
train-clinvar+pg_dms__transformer__seed43,MSH6,P43246:87:S>E,0,0.075938046
train-clinvar+pg_dms__transformer__seed43,MSH6,P43246:87:S>F,0,0.009325929
train-clinvar+pg_dms__transformer__seed43,MSH6,P43246:87:S>Q,0,0.039492607
train-clinvar+pg_dms__transformer__seed43,MSH6,P43246:87:S>Y,0,0.040689964
train-clinvar+pg_dms__transformer__seed43,MSH6,P43246:87:S>H,0,0.0879819
train-clinvar+pg_dms__transformer__seed43,MSH6,P43246:87:S>I,0,0.014868726
train-clinvar+pg_dms__transformer__seed43,MSH6,P43246:87:S>K,0,0.08184689
train-clinvar+pg_dms__transformer__seed43,MSH6,P43246:87:S>L,0,0.004542268
train-clinvar+pg_dms__transformer__seed43,MSH6,P43246:87:S>M,0,0.14232671
train-clinvar+pg_dms__transformer__seed43,MSH6,P43246:87:S>N,0,0.0032534082
train-clinvar+pg_dms__transformer__seed43,MSH6,P43246:87:S>P,0,0.30239874
train-clinvar+pg_dms__transformer__seed43,MSH6,P43246:99:R>Y,0,0.45292962
train-clinvar+pg_dms__transformer__seed43,MSH6,P43246:99:R>W,0,0.52944523
train-clinvar+pg_dms__transformer__seed43,MSH6,P43246:99:R>V,1,0.5054972
train-clinvar+pg_dms__transformer__seed43,MSH6,P43246:99:R>T,1,0.5127117
train-clinvar+pg_dms__transformer__seed43,MSH6,P43246:99:R>Q,0,0.23493922
train-clinvar+pg_dms__transformer__seed43,MSH6,P43246:99:R>P,0,0.9206528
train-clinvar+pg_dms__transformer__seed43,MSH6,P43246:99:R>M,0,0.4283636
train-clinvar+pg_dms__transformer__seed43,MSH6,P43246:99:R>L,0,0.47523028
train-clinvar+pg_dms__transformer__seed43,MSH6,P43246:99:R>K,0,0.12317706
train-clinvar+pg_dms__transformer__seed43,MSH6,P43246:99:R>I,0,0.66450304
train-clinvar+pg_dms__transformer__seed43,MSH6,P43246:99:R>G,0,0.6511503
train-clinvar+pg_dms__transformer__seed43,MSH6,P43246:99:R>F,1,0.5815279
train-clinvar+pg_dms__transformer__seed43,MSH6,P43246:99:R>C,0,0.086788945
train-clinvar+pg_dms__transformer__seed43,MSH6,P43246:99:R>A,0,0.4040041
train-clinvar+pg_dms__transformer__seed43,MSH6,P43246:100:V>L,0,0.11014456
train-clinvar+pg_dms__transformer__seed43,MSH6,P43246:100:V>K,1,0.74741775
train-clinvar+pg_dms__transformer__seed43,MSH6,P43246:100:V>M,0,0.36542326
train-clinvar+pg_dms__transformer__seed43,MSH6,P43246:100:V>G,0,0.70203257
train-clinvar+pg_dms__transformer__seed43,MSH6,P43246:100:V>I,0,0.024071509
train-clinvar+pg_dms__transformer__seed43,MSH6,P43246:100:V>N,1,0.6780467
train-clinvar+pg_dms__transformer__seed43,MSH6,P43246:100:V>R,1,0.812009
train-clinvar+pg_dms__transformer__seed43,MSH6,P43246:100:V>S,0,0.22515938
train-clinvar+pg_dms__transformer__seed43,MSH6,P43246:100:V>T,1,0.2505739
train-clinvar+pg_dms__transformer__seed43,MSH6,P43246:100:V>W,0,0.7437585
train-clinvar+pg_dms__transformer__seed43,MSH6,P43246:100:V>Y,0,0.6872082
train-clinvar+pg_dms__transformer__seed43,MSH6,P43246:100:V>C,0,0.11940024
train-clinvar+pg_dms__transformer__seed43,MSH6,P43246:100:V>E,1,0.74067587
train-clinvar+pg_dms__transformer__seed43,MSH6,P43246:100:V>P,0,0.91522986
train-clinvar+pg_dms__transformer__seed43,MSH6,P43246:100:V>D,1,0.88525665
train-clinvar+pg_dms__transformer__seed43,MSH6,P43246:105:N>R,0,0.2930915
train-clinvar+pg_dms__transformer__seed43,MSH6,P43246:105:N>Y,0,0.028215716
train-clinvar+pg_dms__transformer__seed43,MSH6,P43246:105:N>V,0,0.07862989
train-clinvar+pg_dms__transformer__seed43,MSH6,P43246:105:N>A,0,0.026749052
train-clinvar+pg_dms__transformer__seed43,MSH6,P43246:105:N>C,0,0.008931959
train-clinvar+pg_dms__transformer__seed43,MSH6,P43246:105:N>D,0,0.18803434
train-clinvar+pg_dms__transformer__seed43,MSH6,P43246:105:N>E,0,0.31770378
train-clinvar+pg_dms__transformer__seed43,MSH6,P43246:105:N>F,0,0.10562434
train-clinvar+pg_dms__transformer__seed43,MSH6,P43246:105:N>G,0,0.021891873
train-clinvar+pg_dms__transformer__seed43,MSH6,P43246:105:N>H,0,0.027846063
train-clinvar+pg_dms__transformer__seed43,MSH6,P43246:105:N>I,0,0.09479916
train-clinvar+pg_dms__transformer__seed43,MSH6,P43246:105:N>K,0,0.18221498
train-clinvar+pg_dms__transformer__seed43,MSH6,P43246:105:N>L,0,0.022296911
train-clinvar+pg_dms__transformer__seed43,MSH6,P43246:105:N>M,0,0.29970825
train-clinvar+pg_dms__transformer__seed43,MSH6,P43246:105:N>P,0,0.15782326
train-clinvar+pg_dms__transformer__seed43,MSH6,P43246:105:N>Q,0,0.03336661
train-clinvar+pg_dms__transformer__seed43,MSH6,P43246:105:N>W,0,0.4526253
train-clinvar+pg_dms__transformer__seed43,MSH6,P43246:105:N>T,0,0.035070557
train-clinvar+pg_dms__transformer__seed43,MSH6,P43246:106:R>W,0,0.4681398
train-clinvar+pg_dms__transformer__seed43,MSH6,P43246:106:R>C,0,0.012430046
train-clinvar+pg_dms__transformer__seed43,MSH6,P43246:106:R>E,0,0.13338669
train-clinvar+pg_dms__transformer__seed43,MSH6,P43246:106:R>F,0,0.40278646
train-clinvar+pg_dms__transformer__seed43,MSH6,P43246:106:R>G,0,0.079074584
train-clinvar+pg_dms__transformer__seed43,MSH6,P43246:106:R>H,0,0.019463602
train-clinvar+pg_dms__transformer__seed43,MSH6,P43246:106:R>I,0,0.11818979
train-clinvar+pg_dms__transformer__seed43,MSH6,P43246:106:R>L,0,0.03753996
train-clinvar+pg_dms__transformer__seed43,MSH6,P43246:106:R>M,0,0.22041415
train-clinvar+pg_dms__transformer__seed43,MSH6,P43246:106:R>P,0,0.3859886
train-clinvar+pg_dms__transformer__seed43,MSH6,P43246:106:R>Q,0,0.010299188
train-clinvar+pg_dms__transformer__seed43,MSH6,P43246:106:R>S,0,0.10127702
train-clinvar+pg_dms__transformer__seed43,MSH6,P43246:106:R>T,0,0.20496733
train-clinvar+pg_dms__transformer__seed43,MSH6,P43246:106:R>V,0,0.11973763
train-clinvar+pg_dms__transformer__seed43,MSH6,P43246:106:R>Y,0,0.08365342
train-clinvar+pg_dms__transformer__seed43,MSH6,P43246:106:R>A,0,0.059054594
train-clinvar+pg_dms__transformer__seed43,MSH6,P43246:106:R>N,0,0.11609792
train-clinvar+pg_dms__transformer__seed43,MSH6,P43246:118:Y>W,0,0.048484076
train-clinvar+pg_dms__transformer__seed43,MSH6,P43246:118:Y>V,0,0.0046572625
train-clinvar+pg_dms__transformer__seed43,MSH6,P43246:118:Y>C,0,0.0044437614
train-clinvar+pg_dms__transformer__seed43,MSH6,P43246:118:Y>S,0,0.0021362272
train-clinvar+pg_dms__transformer__seed43,MSH6,P43246:118:Y>D,0,0.012534894
train-clinvar+pg_dms__transformer__seed43,MSH6,P43246:118:Y>E,0,0.008222745
train-clinvar+pg_dms__transformer__seed43,MSH6,P43246:118:Y>F,0,0.001055575
train-clinvar+pg_dms__transformer__seed43,MSH6,P43246:118:Y>G,0,0.0069197714
train-clinvar+pg_dms__transformer__seed43,MSH6,P43246:118:Y>H,0,0.0024117196
train-clinvar+pg_dms__transformer__seed43,MSH6,P43246:118:Y>I,0,0.009413479
train-clinvar+pg_dms__transformer__seed43,MSH6,P43246:118:Y>A,0,0.0028971431
train-clinvar+pg_dms__transformer__seed43,MSH6,P43246:118:Y>K,0,0.0134379165
train-clinvar+pg_dms__transformer__seed43,MSH6,P43246:118:Y>T,0,0.0035642681
train-clinvar+pg_dms__transformer__seed43,MSH6,P43246:118:Y>L,0,0.0023203306
train-clinvar+pg_dms__transformer__seed43,MSH6,P43246:118:Y>M,0,0.076729745
train-clinvar+pg_dms__transformer__seed43,MSH6,P43246:118:Y>N,0,0.007874307
train-clinvar+pg_dms__transformer__seed43,MSH6,P43246:118:Y>P,0,0.70485115
train-clinvar+pg_dms__transformer__seed43,MSH6,P43246:118:Y>Q,0,0.0027636897
train-clinvar+pg_dms__transformer__seed43,MSH6,P43246:118:Y>R,0,0.004037372
train-clinvar+pg_dms__transformer__seed43,MSH6,P43246:120:A>E,0,0.06981939
train-clinvar+pg_dms__transformer__seed43,MSH6,P43246:120:A>D,0,0.0993604
train-clinvar+pg_dms__transformer__seed43,MSH6,P43246:120:A>C,0,0.0066228486
train-clinvar+pg_dms__transformer__seed43,MSH6,P43246:120:A>F,0,0.010612223
train-clinvar+pg_dms__transformer__seed43,MSH6,P43246:120:A>G,0,0.0054913936
train-clinvar+pg_dms__transformer__seed43,MSH6,P43246:120:A>Y,0,0.043109372
train-clinvar+pg_dms__transformer__seed43,MSH6,P43246:120:A>H,0,0.07198516
train-clinvar+pg_dms__transformer__seed43,MSH6,P43246:120:A>I,0,0.033648744
train-clinvar+pg_dms__transformer__seed43,MSH6,P43246:120:A>K,0,0.08502215
train-clinvar+pg_dms__transformer__seed43,MSH6,P43246:120:A>L,0,0.0059318505
train-clinvar+pg_dms__transformer__seed43,MSH6,P43246:120:A>M,0,0.16088216
train-clinvar+pg_dms__transformer__seed43,MSH6,P43246:120:A>N,0,0.018981082
train-clinvar+pg_dms__transformer__seed43,MSH6,P43246:120:A>P,0,0.44673696
train-clinvar+pg_dms__transformer__seed43,MSH6,P43246:120:A>Q,0,0.016659407
train-clinvar+pg_dms__transformer__seed43,MSH6,P43246:120:A>R,0,0.09342629
train-clinvar+pg_dms__transformer__seed43,MSH6,P43246:120:A>S,0,0.0030840572
train-clinvar+pg_dms__transformer__seed43,MSH6,P43246:120:A>W,0,0.1598999
train-clinvar+pg_dms__transformer__seed43,MSH6,P43246:120:A>V,0,0.0490035
train-clinvar+pg_dms__transformer__seed43,MSH6,P43246:122:K>Y,0,0.22300515
train-clinvar+pg_dms__transformer__seed43,MSH6,P43246:122:K>W,0,0.3148419
train-clinvar+pg_dms__transformer__seed43,MSH6,P43246:122:K>Q,0,0.017222008
train-clinvar+pg_dms__transformer__seed43,MSH6,P43246:122:K>R,0,0.010473819
train-clinvar+pg_dms__transformer__seed43,MSH6,P43246:122:K>T,0,0.12185096
train-clinvar+pg_dms__transformer__seed43,MSH6,P43246:122:K>S,0,0.108937085
train-clinvar+pg_dms__transformer__seed43,MSH6,P43246:122:K>I,0,0.41302878
train-clinvar+pg_dms__transformer__seed43,MSH6,P43246:122:K>M,0,0.37183565
train-clinvar+pg_dms__transformer__seed43,MSH6,P43246:122:K>N,0,0.28944042
train-clinvar+pg_dms__transformer__seed43,MSH6,P43246:122:K>V,0,0.18252279
train-clinvar+pg_dms__transformer__seed43,MSH6,P43246:122:K>P,0,0.9059956
train-clinvar+pg_dms__transformer__seed43,MSH6,P43246:122:K>L,0,0.22432199
train-clinvar+pg_dms__transformer__seed43,MSH6,P43246:122:K>H,0,0.09104045
train-clinvar+pg_dms__transformer__seed43,MSH6,P43246:122:K>G,0,0.257582
train-clinvar+pg_dms__transformer__seed43,MSH6,P43246:122:K>F,0,0.17513366
train-clinvar+pg_dms__transformer__seed43,MSH6,P43246:122:K>A,0,0.11305719
train-clinvar+pg_dms__transformer__seed43,MSH6,P43246:122:K>C,0,0.0714866
train-clinvar+pg_dms__transformer__seed43,MSH6,P43246:124:S>V,1,0.86045647
train-clinvar+pg_dms__transformer__seed43,MSH6,P43246:124:S>H,0,0.68187934
train-clinvar+pg_dms__transformer__seed43,MSH6,P43246:124:S>R,0,0.8414229
train-clinvar+pg_dms__transformer__seed43,MSH6,P43246:124:S>Q,1,0.49266806
train-clinvar+pg_dms__transformer__seed43,MSH6,P43246:124:S>P,0,0.8994746
train-clinvar+pg_dms__transformer__seed43,MSH6,P43246:124:S>M,1,0.7042741
train-clinvar+pg_dms__transformer__seed43,MSH6,P43246:124:S>L,1,0.8374094
train-clinvar+pg_dms__transformer__seed43,MSH6,P43246:124:S>D,1,0.8597304
train-clinvar+pg_dms__transformer__seed43,MSH6,P43246:124:S>G,0,0.7797339
train-clinvar+pg_dms__transformer__seed43,MSH6,P43246:124:S>K,1,0.65271825
train-clinvar+pg_dms__transformer__seed43,MSH6,P43246:124:S>N,1,0.8840866
train-clinvar+pg_dms__transformer__seed43,MSH6,P43246:127:N>Y,0,0.036296308
train-clinvar+pg_dms__transformer__seed43,MSH6,P43246:127:N>Q,0,0.25921458
train-clinvar+pg_dms__transformer__seed43,MSH6,P43246:127:N>M,0,0.50410926
train-clinvar+pg_dms__transformer__seed43,MSH6,P43246:127:N>L,0,0.20063452
train-clinvar+pg_dms__transformer__seed43,MSH6,P43246:127:N>K,0,0.44572762
train-clinvar+pg_dms__transformer__seed43,MSH6,P43246:127:N>H,0,0.07234914
train-clinvar+pg_dms__transformer__seed43,MSH6,P43246:127:N>I,0,0.5408337
train-clinvar+pg_dms__transformer__seed43,MSH6,P43246:127:N>V,0,0.29553878
train-clinvar+pg_dms__transformer__seed43,MSH6,P43246:127:N>P,1,0.90276104
train-clinvar+pg_dms__transformer__seed43,MSH6,P43246:127:N>W,0,0.59397507
train-clinvar+pg_dms__transformer__seed43,MSH6,P43246:127:N>C,0,0.031703617
train-clinvar+pg_dms__transformer__seed43,MSH6,P43246:127:N>F,0,0.31042513
train-clinvar+pg_dms__transformer__seed43,MSH6,P43246:127:N>D,0,0.59406066
train-clinvar+pg_dms__transformer__seed43,MSH6,P43246:127:N>E,0,0.6756657
train-clinvar+pg_dms__transformer__seed43,MSH6,P43246:127:N>A,0,0.26235357
train-clinvar+pg_dms__transformer__seed43,MSH6,P43246:127:N>G,0,0.727214
train-clinvar+pg_dms__transformer__seed43,MSH6,P43246:127:N>R,0,0.5725372
train-clinvar+pg_dms__transformer__seed43,MSH6,P43246:130:Q>K,0,0.06820944
train-clinvar+pg_dms__transformer__seed43,MSH6,P43246:130:Q>C,0,0.0783451
train-clinvar+pg_dms__transformer__seed43,MSH6,P43246:130:Q>A,0,0.01310001
train-clinvar+pg_dms__transformer__seed43,MSH6,P43246:130:Q>E,0,0.00645843
train-clinvar+pg_dms__transformer__seed43,MSH6,P43246:130:Q>F,0,0.20175467
train-clinvar+pg_dms__transformer__seed43,MSH6,P43246:130:Q>G,0,0.04678846
train-clinvar+pg_dms__transformer__seed43,MSH6,P43246:130:Q>D,0,0.15563886
train-clinvar+pg_dms__transformer__seed43,MSH6,P43246:130:Q>I,0,0.16699445
train-clinvar+pg_dms__transformer__seed43,MSH6,P43246:130:Q>L,0,0.047032613
train-clinvar+pg_dms__transformer__seed43,MSH6,P43246:130:Q>M,0,0.31965816
train-clinvar+pg_dms__transformer__seed43,MSH6,P43246:130:Q>H,0,0.29713413
train-clinvar+pg_dms__transformer__seed43,MSH6,P43246:130:Q>P,0,0.15448083
train-clinvar+pg_dms__transformer__seed43,MSH6,P43246:130:Q>R,0,0.10852485
train-clinvar+pg_dms__transformer__seed43,MSH6,P43246:130:Q>S,0,0.009719522
train-clinvar+pg_dms__transformer__seed43,MSH6,P43246:130:Q>T,0,0.122846015
train-clinvar+pg_dms__transformer__seed43,MSH6,P43246:130:Q>V,0,0.17819479
train-clinvar+pg_dms__transformer__seed43,MSH6,P43246:130:Q>W,0,0.30221382
train-clinvar+pg_dms__transformer__seed43,MSH6,P43246:130:Q>Y,0,0.16920868
train-clinvar+pg_dms__transformer__seed43,MSH6,P43246:130:Q>N,0,0.048054915
train-clinvar+pg_dms__transformer__seed43,MSH6,P43246:136:F>Q,0,0.066562615
train-clinvar+pg_dms__transformer__seed43,MSH6,P43246:136:F>P,0,0.3687703
train-clinvar+pg_dms__transformer__seed43,MSH6,P43246:136:F>N,0,0.05745763
train-clinvar+pg_dms__transformer__seed43,MSH6,P43246:136:F>S,0,0.0461478
train-clinvar+pg_dms__transformer__seed43,MSH6,P43246:136:F>C,1,0.10480364
train-clinvar+pg_dms__transformer__seed43,MSH6,P43246:136:F>D,0,0.16729641
train-clinvar+pg_dms__transformer__seed43,MSH6,P43246:136:F>M,0,0.32213452
train-clinvar+pg_dms__transformer__seed43,MSH6,P43246:136:F>T,0,0.1914264
train-clinvar+pg_dms__transformer__seed43,MSH6,P43246:136:F>V,0,0.088847466
train-clinvar+pg_dms__transformer__seed43,MSH6,P43246:136:F>W,0,0.17866777
train-clinvar+pg_dms__transformer__seed43,MSH6,P43246:136:F>Y,0,0.008298188
train-clinvar+pg_dms__transformer__seed43,MSH6,P43246:136:F>R,0,0.10426409
train-clinvar+pg_dms__transformer__seed43,MSH6,P43246:136:F>A,0,0.043222126
train-clinvar+pg_dms__transformer__seed43,MSH6,P43246:136:F>H,0,0.1999212
train-clinvar+pg_dms__transformer__seed43,MSH6,P43246:136:F>G,0,0.054344423
train-clinvar+pg_dms__transformer__seed43,MSH6,P43246:136:F>I,0,0.11387289
train-clinvar+pg_dms__transformer__seed43,MSH6,P43246:136:F>E,0,0.10595948
train-clinvar+pg_dms__transformer__seed43,MSH6,P43246:136:F>K,0,0.06048732
train-clinvar+pg_dms__transformer__seed43,MSH6,P43246:138:N>C,0,0.004269886
train-clinvar+pg_dms__transformer__seed43,MSH6,P43246:138:N>Y,0,0.01094831
train-clinvar+pg_dms__transformer__seed43,MSH6,P43246:138:N>W,0,0.29700798
train-clinvar+pg_dms__transformer__seed43,MSH6,P43246:138:N>V,0,0.020425372
train-clinvar+pg_dms__transformer__seed43,MSH6,P43246:138:N>T,0,0.04990784
train-clinvar+pg_dms__transformer__seed43,MSH6,P43246:138:N>S,0,0.015148817
train-clinvar+pg_dms__transformer__seed43,MSH6,P43246:138:N>R,0,0.09162494
train-clinvar+pg_dms__transformer__seed43,MSH6,P43246:138:N>Q,0,0.017323676
train-clinvar+pg_dms__transformer__seed43,MSH6,P43246:138:N>L,0,0.03937819
train-clinvar+pg_dms__transformer__seed43,MSH6,P43246:138:N>A,0,0.012491423
train-clinvar+pg_dms__transformer__seed43,MSH6,P43246:138:N>I,0,0.043492347
train-clinvar+pg_dms__transformer__seed43,MSH6,P43246:138:N>H,0,0.036156144
train-clinvar+pg_dms__transformer__seed43,MSH6,P43246:138:N>G,0,0.008746505
train-clinvar+pg_dms__transformer__seed43,MSH6,P43246:138:N>F,0,0.039344992
train-clinvar+pg_dms__transformer__seed43,MSH6,P43246:138:N>E,0,0.054390807
train-clinvar+pg_dms__transformer__seed43,MSH6,P43246:138:N>M,0,0.15022333
train-clinvar+pg_dms__transformer__seed43,MSH6,P43246:138:N>P,0,0.10644762
train-clinvar+pg_dms__transformer__seed43,MSH6,P43246:155:V>Y,0,0.008789846
train-clinvar+pg_dms__transformer__seed43,MSH6,P43246:155:V>G,0,0.011295867
train-clinvar+pg_dms__transformer__seed43,MSH6,P43246:155:V>P,0,0.03492565
train-clinvar+pg_dms__transformer__seed43,MSH6,P43246:155:V>E,0,0.0035335266
train-clinvar+pg_dms__transformer__seed43,MSH6,P43246:155:V>I,0,0.019534428
train-clinvar+pg_dms__transformer__seed43,MSH6,P43246:155:V>F,0,0.0026905765
train-clinvar+pg_dms__transformer__seed43,MSH6,P43246:155:V>K,0,0.004139838
train-clinvar+pg_dms__transformer__seed43,MSH6,P43246:155:V>T,0,0.0025553969
train-clinvar+pg_dms__transformer__seed43,MSH6,P43246:155:V>M,0,0.042571705
train-clinvar+pg_dms__transformer__seed43,MSH6,P43246:155:V>N,0,0.0020980842
train-clinvar+pg_dms__transformer__seed43,MSH6,P43246:155:V>W,0,0.11074827
train-clinvar+pg_dms__transformer__seed43,MSH6,P43246:155:V>S,0,0.0011846308
train-clinvar+pg_dms__transformer__seed43,MSH6,P43246:155:V>R,0,0.0037860547
train-clinvar+pg_dms__transformer__seed43,MSH6,P43246:155:V>Q,0,0.0024532648
train-clinvar+pg_dms__transformer__seed43,MSH6,P43246:155:V>C,0,0.006935665
train-clinvar+pg_dms__transformer__seed43,MSH6,P43246:155:V>L,0,0.0059720757
train-clinvar+pg_dms__transformer__seed43,MSH6,P43246:155:V>A,0,0.007819776
train-clinvar+pg_dms__transformer__seed43,MSH6,P43246:155:V>H,0,0.010636051
train-clinvar+pg_dms__transformer__seed43,MSH6,P43246:158:Q>C,0,0.0073780515
train-clinvar+pg_dms__transformer__seed43,MSH6,P43246:158:Q>A,0,0.0029008149
train-clinvar+pg_dms__transformer__seed43,MSH6,P43246:158:Q>H,0,0.01274006
train-clinvar+pg_dms__transformer__seed43,MSH6,P43246:158:Q>W,0,0.06837205
train-clinvar+pg_dms__transformer__seed43,MSH6,P43246:158:Q>D,0,0.025562376
train-clinvar+pg_dms__transformer__seed43,MSH6,P43246:158:Q>I,0,0.011308379
train-clinvar+pg_dms__transformer__seed43,MSH6,P43246:158:Q>Y,0,0.007742616
train-clinvar+pg_dms__transformer__seed43,MSH6,P43246:158:Q>K,0,0.0030007174
train-clinvar+pg_dms__transformer__seed43,MSH6,P43246:158:Q>P,0,0.06920815
train-clinvar+pg_dms__transformer__seed43,MSH6,P43246:158:Q>E,0,0.011833187
train-clinvar+pg_dms__transformer__seed43,MSH6,P43246:158:Q>F,0,0.015346358
train-clinvar+pg_dms__transformer__seed43,MSH6,P43246:158:Q>G,0,0.0048746336
train-clinvar+pg_dms__transformer__seed43,MSH6,P43246:158:Q>L,0,0.0024029205
train-clinvar+pg_dms__transformer__seed43,MSH6,P43246:158:Q>M,0,0.12722467
train-clinvar+pg_dms__transformer__seed43,MSH6,P43246:158:Q>S,0,0.0022293238
train-clinvar+pg_dms__transformer__seed43,MSH6,P43246:158:Q>T,0,0.0081762895
train-clinvar+pg_dms__transformer__seed43,MSH6,P43246:158:Q>V,0,0.00427984
train-clinvar+pg_dms__transformer__seed43,MSH6,P43246:159:R>G,0,0.037008565
train-clinvar+pg_dms__transformer__seed43,MSH6,P43246:159:R>H,0,0.02638967
train-clinvar+pg_dms__transformer__seed43,MSH6,P43246:159:R>Q,0,0.008858895
train-clinvar+pg_dms__transformer__seed43,MSH6,P43246:159:R>M,0,0.20402625
train-clinvar+pg_dms__transformer__seed43,MSH6,P43246:159:R>P,0,0.2984628
train-clinvar+pg_dms__transformer__seed43,MSH6,P43246:159:R>F,0,0.095815174
train-clinvar+pg_dms__transformer__seed43,MSH6,P43246:159:R>S,0,0.06839682
train-clinvar+pg_dms__transformer__seed43,MSH6,P43246:159:R>T,0,0.044415884
train-clinvar+pg_dms__transformer__seed43,MSH6,P43246:159:R>V,0,0.059523556
train-clinvar+pg_dms__transformer__seed43,MSH6,P43246:159:R>W,1,0.06672886
train-clinvar+pg_dms__transformer__seed43,MSH6,P43246:159:R>Y,0,0.036131125
train-clinvar+pg_dms__transformer__seed43,MSH6,P43246:159:R>L,0,0.023261506
train-clinvar+pg_dms__transformer__seed43,MSH6,P43246:159:R>D,0,0.59702957
train-clinvar+pg_dms__transformer__seed43,MSH6,P43246:159:R>A,0,0.081981115
train-clinvar+pg_dms__transformer__seed43,MSH6,P43246:159:R>C,0,0.008433972
train-clinvar+pg_dms__transformer__seed43,MSH6,P43246:160:Q>A,0,0.0050071334
train-clinvar+pg_dms__transformer__seed43,MSH6,P43246:160:Q>M,0,0.118095465
train-clinvar+pg_dms__transformer__seed43,MSH6,P43246:160:Q>N,0,0.009261973
train-clinvar+pg_dms__transformer__seed43,MSH6,P43246:160:Q>P,1,0.111043714
train-clinvar+pg_dms__transformer__seed43,MSH6,P43246:160:Q>S,0,0.004101524
train-clinvar+pg_dms__transformer__seed43,MSH6,P43246:160:Q>T,0,0.010088268
train-clinvar+pg_dms__transformer__seed43,MSH6,P43246:160:Q>V,0,0.0061877156
train-clinvar+pg_dms__transformer__seed43,MSH6,P43246:160:Q>I,0,0.010886476
train-clinvar+pg_dms__transformer__seed43,MSH6,P43246:160:Q>H,0,0.013126317
train-clinvar+pg_dms__transformer__seed43,MSH6,P43246:160:Q>G,0,0.0100200875
train-clinvar+pg_dms__transformer__seed43,MSH6,P43246:160:Q>F,0,0.012789773
train-clinvar+pg_dms__transformer__seed43,MSH6,P43246:160:Q>E,0,0.0061921626
train-clinvar+pg_dms__transformer__seed43,MSH6,P43246:160:Q>D,0,0.03826122
train-clinvar+pg_dms__transformer__seed43,MSH6,P43246:160:Q>C,0,0.0052251844
train-clinvar+pg_dms__transformer__seed43,MSH6,P43246:160:Q>Y,0,0.00670715
train-clinvar+pg_dms__transformer__seed43,MSH6,P43246:160:Q>W,0,0.04646568
train-clinvar+pg_dms__transformer__seed43,MSH6,P43246:163:V>M,0,0.23142473
train-clinvar+pg_dms__transformer__seed43,MSH6,P43246:163:V>S,1,0.71049154
train-clinvar+pg_dms__transformer__seed43,MSH6,P43246:163:V>R,1,0.996342
train-clinvar+pg_dms__transformer__seed43,MSH6,P43246:163:V>Q,1,0.97746277
train-clinvar+pg_dms__transformer__seed43,MSH6,P43246:163:V>P,1,0.9880838
train-clinvar+pg_dms__transformer__seed43,MSH6,P43246:163:V>N,1,0.99375653
train-clinvar+pg_dms__transformer__seed43,MSH6,P43246:163:V>L,0,0.10044916
train-clinvar+pg_dms__transformer__seed43,MSH6,P43246:163:V>A,0,0.051395096
train-clinvar+pg_dms__transformer__seed43,MSH6,P43246:163:V>H,1,0.9022174
train-clinvar+pg_dms__transformer__seed43,MSH6,P43246:163:V>F,0,0.20888759
train-clinvar+pg_dms__transformer__seed43,MSH6,P43246:163:V>E,1,0.99227273
train-clinvar+pg_dms__transformer__seed43,MSH6,P43246:163:V>C,0,0.53760976
train-clinvar+pg_dms__transformer__seed43,MSH6,P43246:163:V>W,1,0.978203
train-clinvar+pg_dms__transformer__seed43,MSH6,P43246:163:V>K,1,0.9836526
train-clinvar+pg_dms__transformer__seed43,MSH6,P43246:163:V>Y,1,0.9818351
train-clinvar+pg_dms__transformer__seed43,MSH6,P43246:163:V>T,1,0.33160514
train-clinvar+pg_dms__transformer__seed43,MSH6,P43246:164:G>Y,1,0.9822922
train-clinvar+pg_dms__transformer__seed43,MSH6,P43246:164:G>S,0,0.05453387
train-clinvar+pg_dms__transformer__seed43,MSH6,P43246:164:G>Q,1,0.95791596
train-clinvar+pg_dms__transformer__seed43,MSH6,P43246:164:G>P,1,0.98714983
train-clinvar+pg_dms__transformer__seed43,MSH6,P43246:164:G>N,1,0.99301213
train-clinvar+pg_dms__transformer__seed43,MSH6,P43246:164:G>M,1,0.92747134
train-clinvar+pg_dms__transformer__seed43,MSH6,P43246:164:G>L,1,0.9817061
train-clinvar+pg_dms__transformer__seed43,MSH6,P43246:164:G>K,1,0.97089946
train-clinvar+pg_dms__transformer__seed43,MSH6,P43246:164:G>I,1,0.9946255
train-clinvar+pg_dms__transformer__seed43,MSH6,P43246:164:G>H,1,0.8912209
train-clinvar+pg_dms__transformer__seed43,MSH6,P43246:164:G>F,1,0.9646399
train-clinvar+pg_dms__transformer__seed43,MSH6,P43246:164:G>D,1,0.9949071
train-clinvar+pg_dms__transformer__seed43,MSH6,P43246:164:G>C,0,0.16828865
train-clinvar+pg_dms__transformer__seed43,MSH6,P43246:164:G>T,1,0.7981341
train-clinvar+pg_dms__transformer__seed43,MSH6,P43246:164:G>A,0,0.02074093
train-clinvar+pg_dms__transformer__seed43,MSH6,P43246:164:G>V,1,0.9337089
train-clinvar+pg_dms__transformer__seed43,MSH6,P43246:175:L>C,0,0.12071393
train-clinvar+pg_dms__transformer__seed43,MSH6,P43246:175:L>A,0,0.16742888
train-clinvar+pg_dms__transformer__seed43,MSH6,P43246:175:L>F,0,0.04054825
train-clinvar+pg_dms__transformer__seed43,MSH6,P43246:175:L>G,0,0.88118947
train-clinvar+pg_dms__transformer__seed43,MSH6,P43246:175:L>H,0,0.5687129
train-clinvar+pg_dms__transformer__seed43,MSH6,P43246:175:L>I,0,0.037944593
train-clinvar+pg_dms__transformer__seed43,MSH6,P43246:175:L>K,0,0.95733416
train-clinvar+pg_dms__transformer__seed43,MSH6,P43246:175:L>M,0,0.2726625
train-clinvar+pg_dms__transformer__seed43,MSH6,P43246:175:L>Q,0,0.6458227
train-clinvar+pg_dms__transformer__seed43,MSH6,P43246:175:L>S,0,0.65548086
train-clinvar+pg_dms__transformer__seed43,MSH6,P43246:175:L>T,0,0.2449135
train-clinvar+pg_dms__transformer__seed43,MSH6,P43246:175:L>V,0,0.021960469
train-clinvar+pg_dms__transformer__seed43,MSH6,P43246:175:L>W,0,0.4761627
train-clinvar+pg_dms__transformer__seed43,MSH6,P43246:175:L>Y,0,0.36821726
train-clinvar+pg_dms__transformer__seed43,MSH6,P43246:175:L>D,1,0.98242885
train-clinvar+pg_dms__transformer__seed43,MSH6,P43246:175:L>R,1,0.9697539
train-clinvar+pg_dms__transformer__seed43,MSH6,P43246:193:Q>C,0,0.3075398
train-clinvar+pg_dms__transformer__seed43,MSH6,P43246:193:Q>D,0,0.91739315
train-clinvar+pg_dms__transformer__seed43,MSH6,P43246:193:Q>R,0,0.42477435
train-clinvar+pg_dms__transformer__seed43,MSH6,P43246:193:Q>L,0,0.100783184
train-clinvar+pg_dms__transformer__seed43,MSH6,P43246:193:Q>K,0,0.34177855
train-clinvar+pg_dms__transformer__seed43,MSH6,P43246:193:Q>S,0,0.032356005
train-clinvar+pg_dms__transformer__seed43,MSH6,P43246:193:Q>T,0,0.14040221
train-clinvar+pg_dms__transformer__seed43,MSH6,P43246:193:Q>V,0,0.4228761
train-clinvar+pg_dms__transformer__seed43,MSH6,P43246:193:Q>W,0,0.59578604
train-clinvar+pg_dms__transformer__seed43,MSH6,P43246:193:Q>Y,0,0.6482307
train-clinvar+pg_dms__transformer__seed43,MSH6,P43246:193:Q>M,0,0.40846834
train-clinvar+pg_dms__transformer__seed43,MSH6,P43246:193:Q>N,0,0.26848686
train-clinvar+pg_dms__transformer__seed43,MSH6,P43246:193:Q>E,0,0.0558999
train-clinvar+pg_dms__transformer__seed43,MSH6,P43246:193:Q>F,0,0.8448302
train-clinvar+pg_dms__transformer__seed43,MSH6,P43246:193:Q>G,0,0.13647285
train-clinvar+pg_dms__transformer__seed43,MSH6,P43246:193:Q>H,0,0.4393952
train-clinvar+pg_dms__transformer__seed43,MSH6,P43246:193:Q>I,0,0.58323836
train-clinvar+pg_dms__transformer__seed43,MSH6,P43246:193:Q>A,0,0.042778976
train-clinvar+pg_dms__transformer__seed43,MSH6,P43246:197:K>P,0,0.92692846
train-clinvar+pg_dms__transformer__seed43,MSH6,P43246:197:K>R,0,0.009744135
train-clinvar+pg_dms__transformer__seed43,MSH6,P43246:197:K>N,0,0.28033453
train-clinvar+pg_dms__transformer__seed43,MSH6,P43246:197:K>S,0,0.2118091
train-clinvar+pg_dms__transformer__seed43,MSH6,P43246:197:K>T,0,0.14705835
train-clinvar+pg_dms__transformer__seed43,MSH6,P43246:197:K>V,0,0.31522176
train-clinvar+pg_dms__transformer__seed43,MSH6,P43246:197:K>M,0,0.37390843
train-clinvar+pg_dms__transformer__seed43,MSH6,P43246:197:K>L,0,0.4385275
train-clinvar+pg_dms__transformer__seed43,MSH6,P43246:197:K>W,0,0.3918769
train-clinvar+pg_dms__transformer__seed43,MSH6,P43246:197:K>H,0,0.28823143
train-clinvar+pg_dms__transformer__seed43,MSH6,P43246:197:K>Y,0,0.38833466
train-clinvar+pg_dms__transformer__seed43,MSH6,P43246:197:K>A,0,0.11472732
train-clinvar+pg_dms__transformer__seed43,MSH6,P43246:197:K>D,0,0.78875875
train-clinvar+pg_dms__transformer__seed43,MSH6,P43246:197:K>E,0,0.43826213
train-clinvar+pg_dms__transformer__seed43,MSH6,P43246:197:K>F,0,0.3713598
train-clinvar+pg_dms__transformer__seed43,MSH6,P43246:197:K>I,0,0.45063555
train-clinvar+pg_dms__transformer__seed43,MSH6,P43246:197:K>G,0,0.17656183
train-clinvar+pg_dms__transformer__seed43,MSH6,P43246:202:P>W,1,0.33678573
train-clinvar+pg_dms__transformer__seed43,MSH6,P43246:202:P>A,0,0.010401529
train-clinvar+pg_dms__transformer__seed43,MSH6,P43246:202:P>C,0,0.019077545
train-clinvar+pg_dms__transformer__seed43,MSH6,P43246:202:P>D,0,0.61182946
train-clinvar+pg_dms__transformer__seed43,MSH6,P43246:202:P>F,0,0.04888349
train-clinvar+pg_dms__transformer__seed43,MSH6,P43246:202:P>G,0,0.02367311
train-clinvar+pg_dms__transformer__seed43,MSH6,P43246:202:P>H,0,0.062942326
train-clinvar+pg_dms__transformer__seed43,MSH6,P43246:202:P>I,0,0.048916366
train-clinvar+pg_dms__transformer__seed43,MSH6,P43246:202:P>L,0,0.051473964
train-clinvar+pg_dms__transformer__seed43,MSH6,P43246:202:P>M,0,0.22352697
train-clinvar+pg_dms__transformer__seed43,MSH6,P43246:202:P>N,0,0.05059186
train-clinvar+pg_dms__transformer__seed43,MSH6,P43246:202:P>R,0,0.29332322
train-clinvar+pg_dms__transformer__seed43,MSH6,P43246:202:P>S,0,0.013788334
train-clinvar+pg_dms__transformer__seed43,MSH6,P43246:202:P>T,0,0.017332707
train-clinvar+pg_dms__transformer__seed43,MSH6,P43246:202:P>V,0,0.03514914
train-clinvar+pg_dms__transformer__seed43,MSH6,P43246:202:P>K,0,0.21115315
train-clinvar+pg_dms__transformer__seed43,MSH6,P43246:202:P>Y,0,0.058945216
train-clinvar+pg_dms__transformer__seed43,MSH6,P43246:205:E>N,0,0.0068409326
train-clinvar+pg_dms__transformer__seed43,MSH6,P43246:205:E>W,0,0.24544089
train-clinvar+pg_dms__transformer__seed43,MSH6,P43246:205:E>M,0,0.327012
train-clinvar+pg_dms__transformer__seed43,MSH6,P43246:205:E>T,0,0.015988128
train-clinvar+pg_dms__transformer__seed43,MSH6,P43246:205:E>L,0,0.02623289
train-clinvar+pg_dms__transformer__seed43,MSH6,P43246:205:E>V,0,0.013068584
train-clinvar+pg_dms__transformer__seed43,MSH6,P43246:205:E>I,0,0.037632406
train-clinvar+pg_dms__transformer__seed43,MSH6,P43246:205:E>G,1,0.0061291596
train-clinvar+pg_dms__transformer__seed43,MSH6,P43246:205:E>F,0,0.08927659
train-clinvar+pg_dms__transformer__seed43,MSH6,P43246:205:E>K,0,0.035494663
train-clinvar+pg_dms__transformer__seed43,MSH6,P43246:205:E>A,0,0.009452719
train-clinvar+pg_dms__transformer__seed43,MSH6,P43246:205:E>C,0,0.06075667
train-clinvar+pg_dms__transformer__seed43,MSH6,P43246:205:E>R,0,0.0663008
train-clinvar+pg_dms__transformer__seed43,MSH6,P43246:205:E>S,0,0.004634093
train-clinvar+pg_dms__transformer__seed43,MSH6,P43246:205:E>Y,0,0.057306413
train-clinvar+pg_dms__transformer__seed43,MSH6,P43246:205:E>Q,0,0.03092026
train-clinvar+pg_dms__transformer__seed43,MSH6,P43246:205:E>P,0,0.22002468
train-clinvar+pg_dms__transformer__seed43,MSH6,P43246:206:T>A,0,0.014067316
train-clinvar+pg_dms__transformer__seed43,MSH6,P43246:206:T>C,0,0.0040344084
train-clinvar+pg_dms__transformer__seed43,MSH6,P43246:206:T>E,0,0.011856696
train-clinvar+pg_dms__transformer__seed43,MSH6,P43246:206:T>F,0,0.0056582713
train-clinvar+pg_dms__transformer__seed43,MSH6,P43246:206:T>G,0,0.0064939065
train-clinvar+pg_dms__transformer__seed43,MSH6,P43246:206:T>H,0,0.009152703
train-clinvar+pg_dms__transformer__seed43,MSH6,P43246:206:T>I,0,0.009060716
train-clinvar+pg_dms__transformer__seed43,MSH6,P43246:206:T>V,0,0.0053513767
train-clinvar+pg_dms__transformer__seed43,MSH6,P43246:206:T>L,0,0.0021186795
train-clinvar+pg_dms__transformer__seed43,MSH6,P43246:206:T>M,1,0.121025465
train-clinvar+pg_dms__transformer__seed43,MSH6,P43246:206:T>N,0,0.0023863805
train-clinvar+pg_dms__transformer__seed43,MSH6,P43246:206:T>P,0,0.04130104
train-clinvar+pg_dms__transformer__seed43,MSH6,P43246:206:T>R,0,0.015503671
train-clinvar+pg_dms__transformer__seed43,MSH6,P43246:206:T>S,0,0.013996228
train-clinvar+pg_dms__transformer__seed43,MSH6,P43246:206:T>W,0,0.124470316
train-clinvar+pg_dms__transformer__seed43,MSH6,P43246:206:T>K,0,0.009382237
train-clinvar+pg_dms__transformer__seed43,MSH6,P43246:206:T>Q,0,0.007823514
train-clinvar+pg_dms__transformer__seed43,MSH6,P43246:209:D>Q,0,0.06993869
train-clinvar+pg_dms__transformer__seed43,MSH6,P43246:209:D>A,0,0.014911777
train-clinvar+pg_dms__transformer__seed43,MSH6,P43246:209:D>C,0,0.06572461
train-clinvar+pg_dms__transformer__seed43,MSH6,P43246:209:D>E,0,0.01605806
train-clinvar+pg_dms__transformer__seed43,MSH6,P43246:209:D>F,0,0.13461904
train-clinvar+pg_dms__transformer__seed43,MSH6,P43246:209:D>G,0,0.015591967
train-clinvar+pg_dms__transformer__seed43,MSH6,P43246:209:D>I,0,0.14551055
train-clinvar+pg_dms__transformer__seed43,MSH6,P43246:209:D>K,0,0.08311909
train-clinvar+pg_dms__transformer__seed43,MSH6,P43246:209:D>L,0,0.06911536
train-clinvar+pg_dms__transformer__seed43,MSH6,P43246:209:D>M,0,0.35960475
train-clinvar+pg_dms__transformer__seed43,MSH6,P43246:209:D>N,0,0.00627464
train-clinvar+pg_dms__transformer__seed43,MSH6,P43246:209:D>W,0,0.33725145
train-clinvar+pg_dms__transformer__seed43,MSH6,P43246:209:D>V,0,0.10165629
train-clinvar+pg_dms__transformer__seed43,MSH6,P43246:209:D>T,0,0.04725291
train-clinvar+pg_dms__transformer__seed43,MSH6,P43246:209:D>R,0,0.14320189
train-clinvar+pg_dms__transformer__seed43,MSH6,P43246:209:D>P,0,0.3032929
train-clinvar+pg_dms__transformer__seed43,MSH6,P43246:209:D>S,0,0.011685847
train-clinvar+pg_dms__transformer__seed43,MSH6,P43246:211:G>H,0,0.060346566
train-clinvar+pg_dms__transformer__seed43,MSH6,P43246:211:G>I,0,0.008418708
train-clinvar+pg_dms__transformer__seed43,MSH6,P43246:211:G>C,0,0.0033223534
train-clinvar+pg_dms__transformer__seed43,MSH6,P43246:211:G>K,0,0.013615174
train-clinvar+pg_dms__transformer__seed43,MSH6,P43246:211:G>M,0,0.24030805
train-clinvar+pg_dms__transformer__seed43,MSH6,P43246:211:G>N,0,0.0037699006
train-clinvar+pg_dms__transformer__seed43,MSH6,P43246:211:G>P,0,0.13455787
train-clinvar+pg_dms__transformer__seed43,MSH6,P43246:211:G>Q,0,0.009046436
train-clinvar+pg_dms__transformer__seed43,MSH6,P43246:211:G>R,0,0.053107664
train-clinvar+pg_dms__transformer__seed43,MSH6,P43246:211:G>S,0,0.0033663579
train-clinvar+pg_dms__transformer__seed43,MSH6,P43246:211:G>L,0,0.002347352
train-clinvar+pg_dms__transformer__seed43,MSH6,P43246:211:G>V,0,0.008266502
train-clinvar+pg_dms__transformer__seed43,MSH6,P43246:211:G>A,0,0.0037757773
train-clinvar+pg_dms__transformer__seed43,MSH6,P43246:211:G>Y,0,0.011691736
train-clinvar+pg_dms__transformer__seed43,MSH6,P43246:211:G>F,0,0.023013128
train-clinvar+pg_dms__transformer__seed43,MSH6,P43246:211:G>D,0,0.024763059
train-clinvar+pg_dms__transformer__seed43,MSH6,P43246:211:G>T,0,0.006109972
train-clinvar+pg_dms__transformer__seed43,MSH6,P43246:216:I>W,0,0.66195726
train-clinvar+pg_dms__transformer__seed43,MSH6,P43246:216:I>V,0,0.01995375
train-clinvar+pg_dms__transformer__seed43,MSH6,P43246:216:I>Y,0,0.13427415
train-clinvar+pg_dms__transformer__seed43,MSH6,P43246:216:I>S,0,0.011824354
train-clinvar+pg_dms__transformer__seed43,MSH6,P43246:216:I>R,0,0.5312363
train-clinvar+pg_dms__transformer__seed43,MSH6,P43246:216:I>Q,0,0.14810629
train-clinvar+pg_dms__transformer__seed43,MSH6,P43246:216:I>P,0,0.5389492
train-clinvar+pg_dms__transformer__seed43,MSH6,P43246:216:I>M,1,0.06881656
train-clinvar+pg_dms__transformer__seed43,MSH6,P43246:216:I>K,0,0.34574002
train-clinvar+pg_dms__transformer__seed43,MSH6,P43246:216:I>H,0,0.17256193
train-clinvar+pg_dms__transformer__seed43,MSH6,P43246:216:I>G,0,0.17831667
train-clinvar+pg_dms__transformer__seed43,MSH6,P43246:216:I>A,0,0.016937543
train-clinvar+pg_dms__transformer__seed43,MSH6,P43246:216:I>C,0,0.03633374
train-clinvar+pg_dms__transformer__seed43,MSH6,P43246:216:I>D,0,0.6846272
train-clinvar+pg_dms__transformer__seed43,MSH6,P43246:216:I>E,0,0.48501614
train-clinvar+pg_dms__transformer__seed43,MSH6,P43246:216:I>F,0,0.013654272
train-clinvar+pg_dms__transformer__seed43,MSH6,P43246:216:I>N,0,0.017994164
train-clinvar+pg_dms__transformer__seed43,MSH6,P43246:219:R>Y,0,0.083589
train-clinvar+pg_dms__transformer__seed43,MSH6,P43246:219:R>K,0,0.04286539
train-clinvar+pg_dms__transformer__seed43,MSH6,P43246:219:R>L,0,0.063327126
train-clinvar+pg_dms__transformer__seed43,MSH6,P43246:219:R>M,0,0.37891796
train-clinvar+pg_dms__transformer__seed43,MSH6,P43246:219:R>N,0,0.11758088
train-clinvar+pg_dms__transformer__seed43,MSH6,P43246:219:R>V,0,0.19734405
train-clinvar+pg_dms__transformer__seed43,MSH6,P43246:219:R>S,0,0.067597285
train-clinvar+pg_dms__transformer__seed43,MSH6,P43246:219:R>Q,0,0.013428684
train-clinvar+pg_dms__transformer__seed43,MSH6,P43246:219:R>P,1,0.47893885
train-clinvar+pg_dms__transformer__seed43,MSH6,P43246:219:R>I,0,0.18636873
train-clinvar+pg_dms__transformer__seed43,MSH6,P43246:219:R>W,0,0.3325972
train-clinvar+pg_dms__transformer__seed43,MSH6,P43246:219:R>H,0,0.035685934
train-clinvar+pg_dms__transformer__seed43,MSH6,P43246:219:R>E,0,0.07864245
train-clinvar+pg_dms__transformer__seed43,MSH6,P43246:219:R>F,0,0.15278488
train-clinvar+pg_dms__transformer__seed43,MSH6,P43246:219:R>D,0,0.19249474
train-clinvar+pg_dms__transformer__seed43,MSH6,P43246:219:R>C,0,0.017709585
train-clinvar+pg_dms__transformer__seed43,MSH6,P43246:219:R>A,0,0.058910657
train-clinvar+pg_dms__transformer__seed43,MSH6,P43246:219:R>G,0,0.06475082
train-clinvar+pg_dms__transformer__seed43,MSH6,P43246:225:T>H,0,0.14225891
train-clinvar+pg_dms__transformer__seed43,MSH6,P43246:225:T>F,1,0.32402498
train-clinvar+pg_dms__transformer__seed43,MSH6,P43246:225:T>A,0,0.013257853
train-clinvar+pg_dms__transformer__seed43,MSH6,P43246:225:T>D,0,0.8485545
train-clinvar+pg_dms__transformer__seed43,MSH6,P43246:225:T>C,0,0.02261111
train-clinvar+pg_dms__transformer__seed43,MSH6,P43246:225:T>L,0,0.046623103
train-clinvar+pg_dms__transformer__seed43,MSH6,P43246:225:T>E,0,0.6639404
train-clinvar+pg_dms__transformer__seed43,MSH6,P43246:225:T>M,0,0.19396824
train-clinvar+pg_dms__transformer__seed43,MSH6,P43246:225:T>G,0,0.047484566
train-clinvar+pg_dms__transformer__seed43,MSH6,P43246:225:T>P,1,0.9289745
train-clinvar+pg_dms__transformer__seed43,MSH6,P43246:225:T>Y,1,0.34067914
train-clinvar+pg_dms__transformer__seed43,MSH6,P43246:225:T>W,1,0.71097577
train-clinvar+pg_dms__transformer__seed43,MSH6,P43246:225:T>V,0,0.15343988
train-clinvar+pg_dms__transformer__seed43,MSH6,P43246:225:T>N,0,0.08896055
train-clinvar+pg_dms__transformer__seed43,MSH6,P43246:225:T>Q,0,0.17172232
train-clinvar+pg_dms__transformer__seed43,MSH6,P43246:225:T>S,0,0.0055795764
train-clinvar+pg_dms__transformer__seed43,MSH6,P43246:228:K>Q,0,0.07126213
train-clinvar+pg_dms__transformer__seed43,MSH6,P43246:228:K>T,0,0.25664577
train-clinvar+pg_dms__transformer__seed43,MSH6,P43246:228:K>P,0,0.6444116
train-clinvar+pg_dms__transformer__seed43,MSH6,P43246:228:K>N,0,0.27931157
train-clinvar+pg_dms__transformer__seed43,MSH6,P43246:228:K>L,0,0.22960556
train-clinvar+pg_dms__transformer__seed43,MSH6,P43246:228:K>I,0,0.3351083
train-clinvar+pg_dms__transformer__seed43,MSH6,P43246:228:K>H,0,0.30091023
train-clinvar+pg_dms__transformer__seed43,MSH6,P43246:228:K>G,0,0.12948176
train-clinvar+pg_dms__transformer__seed43,MSH6,P43246:228:K>F,0,0.22572908
train-clinvar+pg_dms__transformer__seed43,MSH6,P43246:228:K>E,0,0.58599603
train-clinvar+pg_dms__transformer__seed43,MSH6,P43246:228:K>D,0,0.6170262
train-clinvar+pg_dms__transformer__seed43,MSH6,P43246:228:K>C,0,0.09925178
train-clinvar+pg_dms__transformer__seed43,MSH6,P43246:228:K>A,0,0.14430201
train-clinvar+pg_dms__transformer__seed43,MSH6,P43246:228:K>V,0,0.26818076
train-clinvar+pg_dms__transformer__seed43,MSH6,P43246:228:K>M,0,0.44031286
train-clinvar+pg_dms__transformer__seed43,MSH6,P43246:228:K>S,0,0.14440444
train-clinvar+pg_dms__transformer__seed43,MSH6,P43246:228:K>W,0,0.41249055
train-clinvar+pg_dms__transformer__seed43,MSH6,P43246:228:K>Y,0,0.2052101
train-clinvar+pg_dms__transformer__seed43,MSH6,P43246:230:A>W,0,0.42681175
train-clinvar+pg_dms__transformer__seed43,MSH6,P43246:230:A>E,0,0.21766552
train-clinvar+pg_dms__transformer__seed43,MSH6,P43246:230:A>V,0,0.06742561
train-clinvar+pg_dms__transformer__seed43,MSH6,P43246:230:A>T,0,0.071996726
train-clinvar+pg_dms__transformer__seed43,MSH6,P43246:230:A>S,0,0.020290831
train-clinvar+pg_dms__transformer__seed43,MSH6,P43246:230:A>R,0,0.3207517
train-clinvar+pg_dms__transformer__seed43,MSH6,P43246:230:A>Q,0,0.05840775
train-clinvar+pg_dms__transformer__seed43,MSH6,P43246:230:A>F,0,0.07490189
train-clinvar+pg_dms__transformer__seed43,MSH6,P43246:230:A>I,0,0.0639302
train-clinvar+pg_dms__transformer__seed43,MSH6,P43246:230:A>K,0,0.28048396
train-clinvar+pg_dms__transformer__seed43,MSH6,P43246:230:A>L,0,0.016559932
train-clinvar+pg_dms__transformer__seed43,MSH6,P43246:230:A>M,0,0.2974678
train-clinvar+pg_dms__transformer__seed43,MSH6,P43246:230:A>N,0,0.07100749
train-clinvar+pg_dms__transformer__seed43,MSH6,P43246:230:A>P,0,0.19003263
train-clinvar+pg_dms__transformer__seed43,MSH6,P43246:230:A>H,0,0.28580222
train-clinvar+pg_dms__transformer__seed43,MSH6,P43246:230:A>Y,0,0.17764862
train-clinvar+pg_dms__transformer__seed43,MSH6,P43246:230:A>C,0,0.034256555
train-clinvar+pg_dms__transformer__seed43,MSH6,P43246:235:K>M,1,0.23701201
train-clinvar+pg_dms__transformer__seed43,MSH6,P43246:235:K>A,0,0.0111644305
train-clinvar+pg_dms__transformer__seed43,MSH6,P43246:235:K>C,0,0.022078952
train-clinvar+pg_dms__transformer__seed43,MSH6,P43246:235:K>D,0,0.1857463
train-clinvar+pg_dms__transformer__seed43,MSH6,P43246:235:K>E,0,0.11408232
train-clinvar+pg_dms__transformer__seed43,MSH6,P43246:235:K>F,0,0.039098136
train-clinvar+pg_dms__transformer__seed43,MSH6,P43246:235:K>G,0,0.0108044045
train-clinvar+pg_dms__transformer__seed43,MSH6,P43246:235:K>L,0,0.02339402
train-clinvar+pg_dms__transformer__seed43,MSH6,P43246:235:K>H,0,0.039573945
train-clinvar+pg_dms__transformer__seed43,MSH6,P43246:235:K>P,0,0.32813975
train-clinvar+pg_dms__transformer__seed43,MSH6,P43246:235:K>N,0,0.037948012
train-clinvar+pg_dms__transformer__seed43,MSH6,P43246:235:K>Q,0,0.0030743876
train-clinvar+pg_dms__transformer__seed43,MSH6,P43246:235:K>R,0,0.0033427302
train-clinvar+pg_dms__transformer__seed43,MSH6,P43246:235:K>S,0,0.015891
train-clinvar+pg_dms__transformer__seed43,MSH6,P43246:235:K>I,0,0.052365474
train-clinvar+pg_dms__transformer__seed43,MSH6,P43246:235:K>V,0,0.030906057
train-clinvar+pg_dms__transformer__seed43,MSH6,P43246:235:K>W,0,0.13291654
train-clinvar+pg_dms__transformer__seed43,MSH6,P43246:235:K>Y,0,0.0233576
train-clinvar+pg_dms__transformer__seed43,MSH6,P43246:236:D>A,0,0.04182555
train-clinvar+pg_dms__transformer__seed43,MSH6,P43246:236:D>F,0,0.06747425
train-clinvar+pg_dms__transformer__seed43,MSH6,P43246:236:D>G,0,0.09663242
train-clinvar+pg_dms__transformer__seed43,MSH6,P43246:236:D>N,0,0.016576722
train-clinvar+pg_dms__transformer__seed43,MSH6,P43246:236:D>M,0,0.2465196
train-clinvar+pg_dms__transformer__seed43,MSH6,P43246:236:D>L,0,0.0448887
train-clinvar+pg_dms__transformer__seed43,MSH6,P43246:236:D>C,0,0.04624867
train-clinvar+pg_dms__transformer__seed43,MSH6,P43246:236:D>I,0,0.0866601
train-clinvar+pg_dms__transformer__seed43,MSH6,P43246:236:D>Q,0,0.042482432
train-clinvar+pg_dms__transformer__seed43,MSH6,P43246:236:D>K,0,0.10650134
train-clinvar+pg_dms__transformer__seed43,MSH6,P43246:236:D>R,0,0.081488445
train-clinvar+pg_dms__transformer__seed43,MSH6,P43246:236:D>S,0,0.02178952
train-clinvar+pg_dms__transformer__seed43,MSH6,P43246:236:D>P,0,0.2439036
train-clinvar+pg_dms__transformer__seed43,MSH6,P43246:236:D>V,0,0.060880344
train-clinvar+pg_dms__transformer__seed43,MSH6,P43246:236:D>W,0,0.22615401
train-clinvar+pg_dms__transformer__seed43,MSH6,P43246:236:D>Y,0,0.036222875
train-clinvar+pg_dms__transformer__seed43,MSH6,P43246:236:D>T,0,0.065836154
train-clinvar+pg_dms__transformer__seed43,MSH6,P43246:255:S>P,0,0.060259588
train-clinvar+pg_dms__transformer__seed43,MSH6,P43246:255:S>Q,0,0.23414056
train-clinvar+pg_dms__transformer__seed43,MSH6,P43246:255:S>M,0,0.21569471
train-clinvar+pg_dms__transformer__seed43,MSH6,P43246:255:S>R,0,0.43338385
train-clinvar+pg_dms__transformer__seed43,MSH6,P43246:255:S>T,0,0.0225098
train-clinvar+pg_dms__transformer__seed43,MSH6,P43246:255:S>V,0,0.025229137
train-clinvar+pg_dms__transformer__seed43,MSH6,P43246:255:S>F,0,0.050507937
train-clinvar+pg_dms__transformer__seed43,MSH6,P43246:255:S>W,0,0.27232116
train-clinvar+pg_dms__transformer__seed43,MSH6,P43246:255:S>N,0,0.06340612
train-clinvar+pg_dms__transformer__seed43,MSH6,P43246:255:S>E,0,0.26797518
train-clinvar+pg_dms__transformer__seed43,MSH6,P43246:255:S>G,0,0.023480287
train-clinvar+pg_dms__transformer__seed43,MSH6,P43246:255:S>D,0,0.3439114
train-clinvar+pg_dms__transformer__seed43,MSH6,P43246:255:S>A,0,0.004680094
train-clinvar+pg_dms__transformer__seed43,MSH6,P43246:255:S>H,0,0.17012921
train-clinvar+pg_dms__transformer__seed43,MSH6,P43246:255:S>I,0,0.03443462
train-clinvar+pg_dms__transformer__seed43,MSH6,P43246:255:S>K,0,0.23538966
train-clinvar+pg_dms__transformer__seed43,MSH6,P43246:255:S>L,0,0.004981062
train-clinvar+pg_dms__transformer__seed43,MSH6,P43246:255:S>Y,0,0.056647535
train-clinvar+pg_dms__transformer__seed43,MSH6,P43246:268:S>G,0,0.021105357
train-clinvar+pg_dms__transformer__seed43,MSH6,P43246:268:S>M,0,0.21972787
train-clinvar+pg_dms__transformer__seed43,MSH6,P43246:268:S>L,0,0.059276775
train-clinvar+pg_dms__transformer__seed43,MSH6,P43246:268:S>K,0,0.59027016
train-clinvar+pg_dms__transformer__seed43,MSH6,P43246:268:S>E,0,0.5625665
train-clinvar+pg_dms__transformer__seed43,MSH6,P43246:268:S>I,0,0.14929597
train-clinvar+pg_dms__transformer__seed43,MSH6,P43246:268:S>F,0,0.0786482
train-clinvar+pg_dms__transformer__seed43,MSH6,P43246:268:S>H,0,0.31271303
train-clinvar+pg_dms__transformer__seed43,MSH6,P43246:268:S>Q,0,0.27994126
train-clinvar+pg_dms__transformer__seed43,MSH6,P43246:268:S>P,0,0.17987938
train-clinvar+pg_dms__transformer__seed43,MSH6,P43246:268:S>W,0,0.41402885
train-clinvar+pg_dms__transformer__seed43,MSH6,P43246:268:S>V,0,0.101953775
train-clinvar+pg_dms__transformer__seed43,MSH6,P43246:268:S>A,0,0.023047736
train-clinvar+pg_dms__transformer__seed43,MSH6,P43246:268:S>Y,0,0.10896238
train-clinvar+pg_dms__transformer__seed43,MSH6,P43246:268:S>D,0,0.8423955
train-clinvar+pg_dms__transformer__seed43,MSH6,P43246:268:S>T,0,0.03812079
train-clinvar+pg_dms__transformer__seed43,MSH6,P43246:268:S>R,0,0.7927666
train-clinvar+pg_dms__transformer__seed43,MSH6,P43246:268:S>C,0,0.012343475
train-clinvar+pg_dms__transformer__seed43,MSH6,P43246:272:A>S,0,0.037886467
train-clinvar+pg_dms__transformer__seed43,MSH6,P43246:272:A>R,1,0.98800766
train-clinvar+pg_dms__transformer__seed43,MSH6,P43246:272:A>Q,0,0.9505729
train-clinvar+pg_dms__transformer__seed43,MSH6,P43246:272:A>P,0,0.9687789
train-clinvar+pg_dms__transformer__seed43,MSH6,P43246:272:A>M,0,0.72493976
train-clinvar+pg_dms__transformer__seed43,MSH6,P43246:272:A>K,1,0.95314324
train-clinvar+pg_dms__transformer__seed43,MSH6,P43246:272:A>I,1,0.9088676
train-clinvar+pg_dms__transformer__seed43,MSH6,P43246:272:A>H,0,0.94037735
train-clinvar+pg_dms__transformer__seed43,MSH6,P43246:272:A>W,1,0.8902705
train-clinvar+pg_dms__transformer__seed43,MSH6,P43246:272:A>D,0,0.9779995
train-clinvar+pg_dms__transformer__seed43,MSH6,P43246:272:A>G,0,0.060924813
train-clinvar+pg_dms__transformer__seed43,MSH6,P43246:272:A>C,0,0.16894273
train-clinvar+pg_dms__transformer__seed43,MSH6,P43246:272:A>L,0,0.95019066
train-clinvar+pg_dms__transformer__seed43,MSH6,P43246:274:I>R,1,0.98345447
train-clinvar+pg_dms__transformer__seed43,MSH6,P43246:274:I>V,0,0.04359907
train-clinvar+pg_dms__transformer__seed43,MSH6,P43246:274:I>T,0,0.35704347
train-clinvar+pg_dms__transformer__seed43,MSH6,P43246:274:I>S,0,0.47366473
train-clinvar+pg_dms__transformer__seed43,MSH6,P43246:274:I>P,1,0.97212946
train-clinvar+pg_dms__transformer__seed43,MSH6,P43246:274:I>M,0,0.2700627
train-clinvar+pg_dms__transformer__seed43,MSH6,P43246:274:I>A,0,0.4997443
train-clinvar+pg_dms__transformer__seed43,MSH6,P43246:274:I>L,0,0.0077958386
train-clinvar+pg_dms__transformer__seed43,MSH6,P43246:274:I>K,1,0.93662786
train-clinvar+pg_dms__transformer__seed43,MSH6,P43246:274:I>H,0,0.9187266
train-clinvar+pg_dms__transformer__seed43,MSH6,P43246:274:I>G,0,0.9692589
train-clinvar+pg_dms__transformer__seed43,MSH6,P43246:274:I>F,0,0.5230134
train-clinvar+pg_dms__transformer__seed43,MSH6,P43246:274:I>C,0,0.38663194
train-clinvar+pg_dms__transformer__seed43,MSH6,P43246:274:I>W,0,0.9180867
train-clinvar+pg_dms__transformer__seed43,MSH6,P43246:274:I>Y,0,0.9741135
train-clinvar+pg_dms__transformer__seed43,MSH6,P43246:277:L>T,0,0.090660766
train-clinvar+pg_dms__transformer__seed43,MSH6,P43246:277:L>A,0,0.086261176
train-clinvar+pg_dms__transformer__seed43,MSH6,P43246:277:L>C,0,0.074978724
train-clinvar+pg_dms__transformer__seed43,MSH6,P43246:277:L>E,0,0.5230567
train-clinvar+pg_dms__transformer__seed43,MSH6,P43246:277:L>F,0,0.17768037
train-clinvar+pg_dms__transformer__seed43,MSH6,P43246:277:L>G,0,0.5677843
train-clinvar+pg_dms__transformer__seed43,MSH6,P43246:277:L>H,0,0.38268185
train-clinvar+pg_dms__transformer__seed43,MSH6,P43246:277:L>I,0,0.03841094
train-clinvar+pg_dms__transformer__seed43,MSH6,P43246:277:L>K,0,0.49957252
train-clinvar+pg_dms__transformer__seed43,MSH6,P43246:277:L>N,0,0.56632745
train-clinvar+pg_dms__transformer__seed43,MSH6,P43246:277:L>P,1,0.8162502
train-clinvar+pg_dms__transformer__seed43,MSH6,P43246:277:L>Q,0,0.095714316
train-clinvar+pg_dms__transformer__seed43,MSH6,P43246:277:L>Y,0,0.6363658
train-clinvar+pg_dms__transformer__seed43,MSH6,P43246:277:L>W,0,0.39774162
train-clinvar+pg_dms__transformer__seed43,MSH6,P43246:277:L>V,0,0.023722194
train-clinvar+pg_dms__transformer__seed43,MSH6,P43246:277:L>M,0,0.14921665
train-clinvar+pg_dms__transformer__seed43,MSH6,P43246:277:L>R,0,0.6102761
train-clinvar+pg_dms__transformer__seed43,MSH6,P43246:282:D>L,0,0.013788691
train-clinvar+pg_dms__transformer__seed43,MSH6,P43246:282:D>C,0,0.016248694
train-clinvar+pg_dms__transformer__seed43,MSH6,P43246:282:D>I,0,0.01745577
train-clinvar+pg_dms__transformer__seed43,MSH6,P43246:282:D>K,0,0.041047253
train-clinvar+pg_dms__transformer__seed43,MSH6,P43246:282:D>Y,0,0.012366826
train-clinvar+pg_dms__transformer__seed43,MSH6,P43246:282:D>W,1,0.106159866
train-clinvar+pg_dms__transformer__seed43,MSH6,P43246:282:D>M,0,0.18630962
train-clinvar+pg_dms__transformer__seed43,MSH6,P43246:282:D>T,0,0.0124643715
train-clinvar+pg_dms__transformer__seed43,MSH6,P43246:282:D>E,0,0.020475764
train-clinvar+pg_dms__transformer__seed43,MSH6,P43246:282:D>F,0,0.026730372
train-clinvar+pg_dms__transformer__seed43,MSH6,P43246:282:D>G,0,0.03242214
train-clinvar+pg_dms__transformer__seed43,MSH6,P43246:282:D>N,0,0.0015945171
train-clinvar+pg_dms__transformer__seed43,MSH6,P43246:282:D>P,0,0.17540635
train-clinvar+pg_dms__transformer__seed43,MSH6,P43246:282:D>Q,0,0.013752918
train-clinvar+pg_dms__transformer__seed43,MSH6,P43246:282:D>R,0,0.025194637
train-clinvar+pg_dms__transformer__seed43,MSH6,P43246:282:D>V,0,0.0074276277
train-clinvar+pg_dms__transformer__seed43,MSH6,P43246:282:D>S,0,0.0022411593
train-clinvar+pg_dms__transformer__seed43,MSH6,P43246:287:G>Y,0,0.06430788
train-clinvar+pg_dms__transformer__seed43,MSH6,P43246:287:G>A,0,0.05614765
train-clinvar+pg_dms__transformer__seed43,MSH6,P43246:287:G>C,0,0.010969785
train-clinvar+pg_dms__transformer__seed43,MSH6,P43246:287:G>D,0,0.121682264
train-clinvar+pg_dms__transformer__seed43,MSH6,P43246:287:G>E,0,0.06625209
train-clinvar+pg_dms__transformer__seed43,MSH6,P43246:287:G>F,0,0.1808052
train-clinvar+pg_dms__transformer__seed43,MSH6,P43246:287:G>H,0,0.055362247
train-clinvar+pg_dms__transformer__seed43,MSH6,P43246:287:G>I,0,0.27573475
train-clinvar+pg_dms__transformer__seed43,MSH6,P43246:287:G>K,0,0.05939403
train-clinvar+pg_dms__transformer__seed43,MSH6,P43246:287:G>L,0,0.06990343
train-clinvar+pg_dms__transformer__seed43,MSH6,P43246:287:G>M,0,0.35900623
train-clinvar+pg_dms__transformer__seed43,MSH6,P43246:287:G>N,0,0.051804237
train-clinvar+pg_dms__transformer__seed43,MSH6,P43246:287:G>P,1,0.81703675
train-clinvar+pg_dms__transformer__seed43,MSH6,P43246:287:G>Q,0,0.020935712
train-clinvar+pg_dms__transformer__seed43,MSH6,P43246:287:G>S,0,0.009265522
train-clinvar+pg_dms__transformer__seed43,MSH6,P43246:287:G>T,0,0.05893961
train-clinvar+pg_dms__transformer__seed43,MSH6,P43246:287:G>V,0,0.2772247
train-clinvar+pg_dms__transformer__seed43,MSH6,P43246:287:G>W,0,0.50488544
train-clinvar+pg_dms__transformer__seed43,MSH6,P43246:291:L>K,0,0.87913316
train-clinvar+pg_dms__transformer__seed43,MSH6,P43246:291:L>I,0,0.036481176
train-clinvar+pg_dms__transformer__seed43,MSH6,P43246:291:L>H,0,0.6491789
train-clinvar+pg_dms__transformer__seed43,MSH6,P43246:291:L>G,0,0.8666624
train-clinvar+pg_dms__transformer__seed43,MSH6,P43246:291:L>W,0,0.3844202
train-clinvar+pg_dms__transformer__seed43,MSH6,P43246:291:L>F,0,0.026659051
train-clinvar+pg_dms__transformer__seed43,MSH6,P43246:291:L>D,0,0.9581304
train-clinvar+pg_dms__transformer__seed43,MSH6,P43246:291:L>C,0,0.092167914
train-clinvar+pg_dms__transformer__seed43,MSH6,P43246:291:L>A,0,0.36282668
train-clinvar+pg_dms__transformer__seed43,MSH6,P43246:291:L>V,0,0.016611256
train-clinvar+pg_dms__transformer__seed43,MSH6,P43246:291:L>Q,0,0.5728798
train-clinvar+pg_dms__transformer__seed43,MSH6,P43246:291:L>R,0,0.9108522
train-clinvar+pg_dms__transformer__seed43,MSH6,P43246:291:L>S,0,0.73919445
train-clinvar+pg_dms__transformer__seed43,MSH6,P43246:291:L>T,0,0.5168902
train-clinvar+pg_dms__transformer__seed43,MSH6,P43246:291:L>E,0,0.94669205
train-clinvar+pg_dms__transformer__seed43,MSH6,P43246:291:L>P,0,0.9400453
train-clinvar+pg_dms__transformer__seed43,MSH6,P43246:291:L>Y,0,0.36888295
train-clinvar+pg_dms__transformer__seed43,MSH6,P43246:291:L>N,0,0.88393307
train-clinvar+pg_dms__transformer__seed43,MSH6,P43246:291:L>M,0,0.30523652
train-clinvar+pg_dms__transformer__seed43,MSH6,P43246:292:T>W,0,0.18458052
train-clinvar+pg_dms__transformer__seed43,MSH6,P43246:292:T>C,0,0.0039174873
train-clinvar+pg_dms__transformer__seed43,MSH6,P43246:292:T>E,0,0.006342184
train-clinvar+pg_dms__transformer__seed43,MSH6,P43246:292:T>F,0,0.0055077435
train-clinvar+pg_dms__transformer__seed43,MSH6,P43246:292:T>G,0,0.009973983
train-clinvar+pg_dms__transformer__seed43,MSH6,P43246:292:T>H,0,0.0065627415
train-clinvar+pg_dms__transformer__seed43,MSH6,P43246:292:T>I,0,0.020174896
train-clinvar+pg_dms__transformer__seed43,MSH6,P43246:292:T>Y,0,0.007867932
train-clinvar+pg_dms__transformer__seed43,MSH6,P43246:292:T>K,0,0.0044950023
train-clinvar+pg_dms__transformer__seed43,MSH6,P43246:292:T>M,0,0.2283597
train-clinvar+pg_dms__transformer__seed43,MSH6,P43246:292:T>Q,0,0.0070050354
train-clinvar+pg_dms__transformer__seed43,MSH6,P43246:292:T>R,0,0.0039870273
train-clinvar+pg_dms__transformer__seed43,MSH6,P43246:292:T>S,0,0.01365866
train-clinvar+pg_dms__transformer__seed43,MSH6,P43246:292:T>V,0,0.016238742
train-clinvar+pg_dms__transformer__seed43,MSH6,P43246:292:T>A,0,0.003219334
train-clinvar+pg_dms__transformer__seed43,MSH6,P43246:292:T>L,0,0.00343488
train-clinvar+pg_dms__transformer__seed43,MSH6,P43246:292:T>N,0,0.010377687
train-clinvar+pg_dms__transformer__seed43,MSH6,P43246:294:F>Q,0,0.191573
train-clinvar+pg_dms__transformer__seed43,MSH6,P43246:294:F>T,0,0.16179343
train-clinvar+pg_dms__transformer__seed43,MSH6,P43246:294:F>R,0,0.50840664
train-clinvar+pg_dms__transformer__seed43,MSH6,P43246:294:F>W,0,0.29745108
train-clinvar+pg_dms__transformer__seed43,MSH6,P43246:294:F>V,0,0.034787375
train-clinvar+pg_dms__transformer__seed43,MSH6,P43246:294:F>C,0,0.036198907
train-clinvar+pg_dms__transformer__seed43,MSH6,P43246:294:F>D,0,0.8147006
train-clinvar+pg_dms__transformer__seed43,MSH6,P43246:294:F>E,1,0.616858
train-clinvar+pg_dms__transformer__seed43,MSH6,P43246:294:F>G,0,0.5188662
train-clinvar+pg_dms__transformer__seed43,MSH6,P43246:294:F>H,0,0.1461448
train-clinvar+pg_dms__transformer__seed43,MSH6,P43246:294:F>A,0,0.041143972
train-clinvar+pg_dms__transformer__seed43,MSH6,P43246:294:F>K,0,0.25847527
train-clinvar+pg_dms__transformer__seed43,MSH6,P43246:294:F>L,0,0.11475549
train-clinvar+pg_dms__transformer__seed43,MSH6,P43246:294:F>M,0,0.3937523
train-clinvar+pg_dms__transformer__seed43,MSH6,P43246:294:F>N,0,0.14768375
train-clinvar+pg_dms__transformer__seed43,MSH6,P43246:294:F>P,0,0.8708461
train-clinvar+pg_dms__transformer__seed43,MSH6,P43246:294:F>Y,0,0.011133121
train-clinvar+pg_dms__transformer__seed43,MSH6,P43246:294:F>I,0,0.0407876
train-clinvar+pg_dms__transformer__seed43,MSH6,P43246:296:F>C,0,0.0021084333
train-clinvar+pg_dms__transformer__seed43,MSH6,P43246:296:F>E,0,0.11579925
train-clinvar+pg_dms__transformer__seed43,MSH6,P43246:296:F>G,0,0.13295245
train-clinvar+pg_dms__transformer__seed43,MSH6,P43246:296:F>H,0,0.054128494
train-clinvar+pg_dms__transformer__seed43,MSH6,P43246:296:F>D,0,0.25926375
train-clinvar+pg_dms__transformer__seed43,MSH6,P43246:296:F>A,0,0.0075837737
train-clinvar+pg_dms__transformer__seed43,MSH6,P43246:296:F>M,0,0.275279
train-clinvar+pg_dms__transformer__seed43,MSH6,P43246:296:F>W,0,0.24568208
train-clinvar+pg_dms__transformer__seed43,MSH6,P43246:296:F>V,0,0.0078354115
train-clinvar+pg_dms__transformer__seed43,MSH6,P43246:296:F>T,0,0.025120504
train-clinvar+pg_dms__transformer__seed43,MSH6,P43246:296:F>S,0,0.00946459
train-clinvar+pg_dms__transformer__seed43,MSH6,P43246:296:F>R,0,0.048239633
train-clinvar+pg_dms__transformer__seed43,MSH6,P43246:296:F>Q,0,0.03944091
train-clinvar+pg_dms__transformer__seed43,MSH6,P43246:296:F>P,0,0.2652333
train-clinvar+pg_dms__transformer__seed43,MSH6,P43246:296:F>I,0,0.011814807
train-clinvar+pg_dms__transformer__seed43,MSH6,P43246:296:F>K,0,0.03935294
train-clinvar+pg_dms__transformer__seed43,MSH6,P43246:296:F>L,0,0.014009928
train-clinvar+pg_dms__transformer__seed43,MSH6,P43246:296:F>Y,0,0.02237196
train-clinvar+pg_dms__transformer__seed43,MSH6,P43246:296:F>N,0,0.020742577
train-clinvar+pg_dms__transformer__seed43,MSH6,P43246:301:K>S,0,0.024689233
train-clinvar+pg_dms__transformer__seed43,MSH6,P43246:301:K>P,1,0.6355477
train-clinvar+pg_dms__transformer__seed43,MSH6,P43246:301:K>Q,0,0.004421051
train-clinvar+pg_dms__transformer__seed43,MSH6,P43246:301:K>L,0,0.018961797
train-clinvar+pg_dms__transformer__seed43,MSH6,P43246:301:K>R,0,0.002339103
train-clinvar+pg_dms__transformer__seed43,MSH6,P43246:301:K>N,0,0.062257964
train-clinvar+pg_dms__transformer__seed43,MSH6,P43246:301:K>T,0,0.026388017
train-clinvar+pg_dms__transformer__seed43,MSH6,P43246:301:K>I,0,0.03697011
train-clinvar+pg_dms__transformer__seed43,MSH6,P43246:301:K>G,0,0.0401034
train-clinvar+pg_dms__transformer__seed43,MSH6,P43246:301:K>F,0,0.09132362
train-clinvar+pg_dms__transformer__seed43,MSH6,P43246:301:K>C,0,0.0139239095
train-clinvar+pg_dms__transformer__seed43,MSH6,P43246:301:K>A,0,0.018473096
train-clinvar+pg_dms__transformer__seed43,MSH6,P43246:301:K>M,0,0.1921778
train-clinvar+pg_dms__transformer__seed43,MSH6,P43246:301:K>Y,0,0.07189359
train-clinvar+pg_dms__transformer__seed43,MSH6,P43246:301:K>W,0,0.20130369
train-clinvar+pg_dms__transformer__seed43,MSH6,P43246:301:K>V,0,0.025776139
train-clinvar+pg_dms__transformer__seed43,MSH6,P43246:304:I>Y,0,0.013054924
train-clinvar+pg_dms__transformer__seed43,MSH6,P43246:304:I>W,0,0.43812656
train-clinvar+pg_dms__transformer__seed43,MSH6,P43246:304:I>V,0,0.005695099
train-clinvar+pg_dms__transformer__seed43,MSH6,P43246:304:I>T,0,0.017260974
train-clinvar+pg_dms__transformer__seed43,MSH6,P43246:304:I>S,0,0.0033150746
train-clinvar+pg_dms__transformer__seed43,MSH6,P43246:304:I>R,0,0.016554412
train-clinvar+pg_dms__transformer__seed43,MSH6,P43246:304:I>Q,0,0.0086773345
train-clinvar+pg_dms__transformer__seed43,MSH6,P43246:304:I>P,0,0.16525047
train-clinvar+pg_dms__transformer__seed43,MSH6,P43246:304:I>C,0,0.010667628
train-clinvar+pg_dms__transformer__seed43,MSH6,P43246:304:I>L,0,0.0034614655
train-clinvar+pg_dms__transformer__seed43,MSH6,P43246:304:I>K,0,0.01896473
train-clinvar+pg_dms__transformer__seed43,MSH6,P43246:304:I>A,0,0.0044398922
train-clinvar+pg_dms__transformer__seed43,MSH6,P43246:304:I>H,0,0.012837966
train-clinvar+pg_dms__transformer__seed43,MSH6,P43246:304:I>G,0,0.011575856
train-clinvar+pg_dms__transformer__seed43,MSH6,P43246:304:I>F,0,0.0065427036
train-clinvar+pg_dms__transformer__seed43,MSH6,P43246:304:I>D,0,0.059379462
train-clinvar+pg_dms__transformer__seed43,MSH6,P43246:304:I>M,0,0.07092381
train-clinvar+pg_dms__transformer__seed43,MSH6,P43246:304:I>N,0,0.0042082346
train-clinvar+pg_dms__transformer__seed43,MSH6,P43246:304:I>E,0,0.042350404
train-clinvar+pg_dms__transformer__seed43,MSH6,P43246:305:A>I,0,0.48712963
train-clinvar+pg_dms__transformer__seed43,MSH6,P43246:305:A>W,0,0.4672698
train-clinvar+pg_dms__transformer__seed43,MSH6,P43246:305:A>C,0,0.10746854
train-clinvar+pg_dms__transformer__seed43,MSH6,P43246:305:A>D,0,0.5929939
train-clinvar+pg_dms__transformer__seed43,MSH6,P43246:305:A>E,0,0.43644527
train-clinvar+pg_dms__transformer__seed43,MSH6,P43246:305:A>F,0,0.3860192
train-clinvar+pg_dms__transformer__seed43,MSH6,P43246:305:A>G,0,0.0886152
train-clinvar+pg_dms__transformer__seed43,MSH6,P43246:305:A>Y,0,0.4468889
train-clinvar+pg_dms__transformer__seed43,MSH6,P43246:305:A>H,0,0.44196907
train-clinvar+pg_dms__transformer__seed43,MSH6,P43246:305:A>S,0,0.008010005
train-clinvar+pg_dms__transformer__seed43,MSH6,P43246:305:A>R,0,0.65123546
train-clinvar+pg_dms__transformer__seed43,MSH6,P43246:305:A>Q,0,0.4118981
train-clinvar+pg_dms__transformer__seed43,MSH6,P43246:305:A>P,0,0.34244096
train-clinvar+pg_dms__transformer__seed43,MSH6,P43246:305:A>N,0,0.33824056
train-clinvar+pg_dms__transformer__seed43,MSH6,P43246:305:A>M,0,0.40192398
train-clinvar+pg_dms__transformer__seed43,MSH6,P43246:305:A>L,0,0.35873052
train-clinvar+pg_dms__transformer__seed43,MSH6,P43246:305:A>T,0,0.10230942
train-clinvar+pg_dms__transformer__seed43,MSH6,P43246:305:A>K,0,0.57289225
train-clinvar+pg_dms__transformer__seed43,MSH6,P43246:307:V>C,0,0.062033128
train-clinvar+pg_dms__transformer__seed43,MSH6,P43246:307:V>Y,0,0.21224563
train-clinvar+pg_dms__transformer__seed43,MSH6,P43246:307:V>S,0,0.016218994
train-clinvar+pg_dms__transformer__seed43,MSH6,P43246:307:V>R,0,0.5030543
train-clinvar+pg_dms__transformer__seed43,MSH6,P43246:307:V>Q,0,0.08106808
train-clinvar+pg_dms__transformer__seed43,MSH6,P43246:307:V>P,0,0.7947132
train-clinvar+pg_dms__transformer__seed43,MSH6,P43246:307:V>N,0,0.1977076
train-clinvar+pg_dms__transformer__seed43,MSH6,P43246:307:V>M,0,0.15932143
train-clinvar+pg_dms__transformer__seed43,MSH6,P43246:307:V>T,0,0.030850252
train-clinvar+pg_dms__transformer__seed43,MSH6,P43246:307:V>L,0,0.012839411
train-clinvar+pg_dms__transformer__seed43,MSH6,P43246:307:V>I,0,0.005620138
train-clinvar+pg_dms__transformer__seed43,MSH6,P43246:307:V>H,0,0.3351046
train-clinvar+pg_dms__transformer__seed43,MSH6,P43246:307:V>E,0,0.25570792
train-clinvar+pg_dms__transformer__seed43,MSH6,P43246:307:V>G,0,0.028643407
train-clinvar+pg_dms__transformer__seed43,MSH6,P43246:307:V>A,0,0.016901447
train-clinvar+pg_dms__transformer__seed43,MSH6,P43246:307:V>K,0,0.3088372
train-clinvar+pg_dms__transformer__seed43,MSH6,P43246:307:V>W,0,0.63414615
train-clinvar+pg_dms__transformer__seed43,MSH6,P43246:320:T>W,0,0.16948302
train-clinvar+pg_dms__transformer__seed43,MSH6,P43246:320:T>Y,0,0.014340858
train-clinvar+pg_dms__transformer__seed43,MSH6,P43246:320:T>K,0,0.013651261
train-clinvar+pg_dms__transformer__seed43,MSH6,P43246:320:T>A,0,0.025088133
train-clinvar+pg_dms__transformer__seed43,MSH6,P43246:320:T>C,0,0.0081028305
train-clinvar+pg_dms__transformer__seed43,MSH6,P43246:320:T>V,0,0.015717335
train-clinvar+pg_dms__transformer__seed43,MSH6,P43246:320:T>D,0,0.03032447
train-clinvar+pg_dms__transformer__seed43,MSH6,P43246:320:T>E,0,0.016005106
train-clinvar+pg_dms__transformer__seed43,MSH6,P43246:320:T>G,0,0.011773621
train-clinvar+pg_dms__transformer__seed43,MSH6,P43246:320:T>H,0,0.015702456
train-clinvar+pg_dms__transformer__seed43,MSH6,P43246:320:T>F,0,0.029206062
train-clinvar+pg_dms__transformer__seed43,MSH6,P43246:320:T>L,0,0.009884297
train-clinvar+pg_dms__transformer__seed43,MSH6,P43246:320:T>M,0,0.15608527
train-clinvar+pg_dms__transformer__seed43,MSH6,P43246:320:T>N,0,0.05041468
train-clinvar+pg_dms__transformer__seed43,MSH6,P43246:320:T>P,0,0.032511633
train-clinvar+pg_dms__transformer__seed43,MSH6,P43246:320:T>Q,0,0.011543259
train-clinvar+pg_dms__transformer__seed43,MSH6,P43246:320:T>R,0,0.011827006
train-clinvar+pg_dms__transformer__seed43,MSH6,P43246:320:T>I,0,0.022768378
train-clinvar+pg_dms__transformer__seed43,MSH6,P43246:337:Q>A,0,0.013582744
train-clinvar+pg_dms__transformer__seed43,MSH6,P43246:337:Q>W,0,0.562464
train-clinvar+pg_dms__transformer__seed43,MSH6,P43246:337:Q>Y,0,0.62021047
train-clinvar+pg_dms__transformer__seed43,MSH6,P43246:337:Q>V,0,0.1570447
train-clinvar+pg_dms__transformer__seed43,MSH6,P43246:337:Q>D,1,0.9528529
train-clinvar+pg_dms__transformer__seed43,MSH6,P43246:337:Q>C,0,0.16577195
train-clinvar+pg_dms__transformer__seed43,MSH6,P43246:337:Q>T,0,0.16598198
train-clinvar+pg_dms__transformer__seed43,MSH6,P43246:337:Q>S,0,0.015005695
train-clinvar+pg_dms__transformer__seed43,MSH6,P43246:337:Q>P,0,0.14034398
train-clinvar+pg_dms__transformer__seed43,MSH6,P43246:337:Q>M,0,0.35350916
train-clinvar+pg_dms__transformer__seed43,MSH6,P43246:337:Q>L,0,0.06883846
train-clinvar+pg_dms__transformer__seed43,MSH6,P43246:337:Q>I,0,0.3688214
train-clinvar+pg_dms__transformer__seed43,MSH6,P43246:337:Q>H,0,0.42169994
train-clinvar+pg_dms__transformer__seed43,MSH6,P43246:337:Q>G,0,0.027973061
train-clinvar+pg_dms__transformer__seed43,MSH6,P43246:337:Q>F,0,0.52069443
train-clinvar+pg_dms__transformer__seed43,MSH6,P43246:337:Q>E,0,0.082961455
train-clinvar+pg_dms__transformer__seed43,MSH6,P43246:337:Q>K,1,0.825307
train-clinvar+pg_dms__transformer__seed43,MSH6,P43246:339:Q>Y,0,0.08024692
train-clinvar+pg_dms__transformer__seed43,MSH6,P43246:339:Q>V,0,0.04506343
train-clinvar+pg_dms__transformer__seed43,MSH6,P43246:339:Q>S,0,0.015566868
train-clinvar+pg_dms__transformer__seed43,MSH6,P43246:339:Q>A,0,0.017214842
train-clinvar+pg_dms__transformer__seed43,MSH6,P43246:339:Q>C,0,0.037704065
train-clinvar+pg_dms__transformer__seed43,MSH6,P43246:339:Q>D,0,0.60484105
train-clinvar+pg_dms__transformer__seed43,MSH6,P43246:339:Q>E,0,0.013807014
train-clinvar+pg_dms__transformer__seed43,MSH6,P43246:339:Q>F,0,0.16236171
train-clinvar+pg_dms__transformer__seed43,MSH6,P43246:339:Q>G,0,0.036893237
train-clinvar+pg_dms__transformer__seed43,MSH6,P43246:339:Q>T,0,0.056399677
train-clinvar+pg_dms__transformer__seed43,MSH6,P43246:339:Q>W,0,0.40238196
train-clinvar+pg_dms__transformer__seed43,MSH6,P43246:339:Q>H,0,0.08128696
train-clinvar+pg_dms__transformer__seed43,MSH6,P43246:339:Q>I,0,0.11406403
train-clinvar+pg_dms__transformer__seed43,MSH6,P43246:339:Q>K,0,0.020099401
train-clinvar+pg_dms__transformer__seed43,MSH6,P43246:339:Q>L,0,0.012823737
train-clinvar+pg_dms__transformer__seed43,MSH6,P43246:339:Q>M,0,0.36998698
train-clinvar+pg_dms__transformer__seed43,MSH6,P43246:339:Q>N,0,0.07983844
train-clinvar+pg_dms__transformer__seed43,MSH6,P43246:341:L>K,0,0.12882192
train-clinvar+pg_dms__transformer__seed43,MSH6,P43246:341:L>M,0,0.27211198
train-clinvar+pg_dms__transformer__seed43,MSH6,P43246:341:L>N,1,0.60320884
train-clinvar+pg_dms__transformer__seed43,MSH6,P43246:341:L>I,0,0.058711328
train-clinvar+pg_dms__transformer__seed43,MSH6,P43246:341:L>R,0,0.20163387
train-clinvar+pg_dms__transformer__seed43,MSH6,P43246:341:L>T,0,0.0973378
train-clinvar+pg_dms__transformer__seed43,MSH6,P43246:341:L>V,0,0.094205394
train-clinvar+pg_dms__transformer__seed43,MSH6,P43246:341:L>W,0,0.43917483
train-clinvar+pg_dms__transformer__seed43,MSH6,P43246:341:L>S,1,0.15701471
train-clinvar+pg_dms__transformer__seed43,MSH6,P43246:341:L>E,0,0.6854564
train-clinvar+pg_dms__transformer__seed43,MSH6,P43246:341:L>A,0,0.03106894
train-clinvar+pg_dms__transformer__seed43,MSH6,P43246:341:L>C,0,0.041140128
train-clinvar+pg_dms__transformer__seed43,MSH6,P43246:341:L>D,1,0.9771573
train-clinvar+pg_dms__transformer__seed43,MSH6,P43246:341:L>Y,1,0.2716658
train-clinvar+pg_dms__transformer__seed43,MSH6,P43246:341:L>F,0,0.11388831
train-clinvar+pg_dms__transformer__seed43,MSH6,P43246:341:L>G,1,0.70113397
train-clinvar+pg_dms__transformer__seed43,MSH6,P43246:341:L>H,0,0.14991714
train-clinvar+pg_dms__transformer__seed43,MSH6,P43246:342:V>Q,0,0.8146481
train-clinvar+pg_dms__transformer__seed43,MSH6,P43246:342:V>Y,1,0.80432373
train-clinvar+pg_dms__transformer__seed43,MSH6,P43246:342:V>W,1,0.89070743
train-clinvar+pg_dms__transformer__seed43,MSH6,P43246:342:V>T,0,0.287177
train-clinvar+pg_dms__transformer__seed43,MSH6,P43246:342:V>R,1,0.99414223
train-clinvar+pg_dms__transformer__seed43,MSH6,P43246:342:V>D,1,0.9847364
train-clinvar+pg_dms__transformer__seed43,MSH6,P43246:342:V>E,1,0.98438936
train-clinvar+pg_dms__transformer__seed43,MSH6,P43246:342:V>F,0,0.081157655
train-clinvar+pg_dms__transformer__seed43,MSH6,P43246:342:V>G,1,0.58904433
train-clinvar+pg_dms__transformer__seed43,MSH6,P43246:342:V>H,1,0.72090244
train-clinvar+pg_dms__transformer__seed43,MSH6,P43246:342:V>L,0,0.013562635
train-clinvar+pg_dms__transformer__seed43,MSH6,P43246:342:V>M,0,0.24875413
train-clinvar+pg_dms__transformer__seed43,MSH6,P43246:342:V>N,1,0.8487077
train-clinvar+pg_dms__transformer__seed43,MSH6,P43246:342:V>P,1,0.96910805
train-clinvar+pg_dms__transformer__seed43,MSH6,P43246:342:V>C,0,0.24623518
train-clinvar+pg_dms__transformer__seed43,MSH6,P43246:342:V>S,0,0.31827006
train-clinvar+pg_dms__transformer__seed43,MSH6,P43246:345:W>C,1,0.21880922
train-clinvar+pg_dms__transformer__seed43,MSH6,P43246:345:W>S,1,0.22533831
train-clinvar+pg_dms__transformer__seed43,MSH6,P43246:345:W>R,1,0.8731815
train-clinvar+pg_dms__transformer__seed43,MSH6,P43246:345:W>Q,1,0.46262336
train-clinvar+pg_dms__transformer__seed43,MSH6,P43246:345:W>P,1,0.91644394
train-clinvar+pg_dms__transformer__seed43,MSH6,P43246:345:W>N,1,0.4716643
train-clinvar+pg_dms__transformer__seed43,MSH6,P43246:345:W>M,0,0.49418905
train-clinvar+pg_dms__transformer__seed43,MSH6,P43246:345:W>L,0,0.29156563
train-clinvar+pg_dms__transformer__seed43,MSH6,P43246:345:W>A,1,0.18920587
train-clinvar+pg_dms__transformer__seed43,MSH6,P43246:345:W>Y,0,0.17519419
train-clinvar+pg_dms__transformer__seed43,MSH6,P43246:345:W>K,1,0.5730312
train-clinvar+pg_dms__transformer__seed43,MSH6,P43246:345:W>I,0,0.771707
train-clinvar+pg_dms__transformer__seed43,MSH6,P43246:345:W>H,1,0.42585775
train-clinvar+pg_dms__transformer__seed43,MSH6,P43246:345:W>G,1,0.40346316
train-clinvar+pg_dms__transformer__seed43,MSH6,P43246:345:W>F,0,0.052866608
train-clinvar+pg_dms__transformer__seed43,MSH6,P43246:345:W>E,1,0.705426
train-clinvar+pg_dms__transformer__seed43,MSH6,P43246:345:W>D,1,0.9101213
train-clinvar+pg_dms__transformer__seed43,MSH6,P43246:345:W>T,1,0.51955247
train-clinvar+pg_dms__transformer__seed43,MSH6,P43246:345:W>V,1,0.6707389
train-clinvar+pg_dms__transformer__seed43,MSH6,P43246:348:Q>A,0,0.15758957
train-clinvar+pg_dms__transformer__seed43,MSH6,P43246:348:Q>C,0,0.38991153
train-clinvar+pg_dms__transformer__seed43,MSH6,P43246:348:Q>F,0,0.763919
train-clinvar+pg_dms__transformer__seed43,MSH6,P43246:348:Q>G,0,0.55240566
train-clinvar+pg_dms__transformer__seed43,MSH6,P43246:348:Q>I,0,0.7305375
train-clinvar+pg_dms__transformer__seed43,MSH6,P43246:348:Q>K,0,0.27619833
train-clinvar+pg_dms__transformer__seed43,MSH6,P43246:348:Q>W,0,0.5747234
train-clinvar+pg_dms__transformer__seed43,MSH6,P43246:348:Q>M,0,0.3920762
train-clinvar+pg_dms__transformer__seed43,MSH6,P43246:348:Q>N,0,0.48703584
train-clinvar+pg_dms__transformer__seed43,MSH6,P43246:348:Q>P,1,0.8682427
train-clinvar+pg_dms__transformer__seed43,MSH6,P43246:348:Q>R,0,0.45003146
train-clinvar+pg_dms__transformer__seed43,MSH6,P43246:348:Q>S,0,0.13666992
train-clinvar+pg_dms__transformer__seed43,MSH6,P43246:348:Q>T,0,0.52462023
train-clinvar+pg_dms__transformer__seed43,MSH6,P43246:348:Q>V,0,0.5619706
train-clinvar+pg_dms__transformer__seed43,MSH6,P43246:348:Q>Y,0,0.57047814
train-clinvar+pg_dms__transformer__seed43,MSH6,P43246:348:Q>L,0,0.11696836
train-clinvar+pg_dms__transformer__seed43,MSH6,P43246:349:P>C,1,0.4158002
train-clinvar+pg_dms__transformer__seed43,MSH6,P43246:349:P>E,1,0.900388
train-clinvar+pg_dms__transformer__seed43,MSH6,P43246:349:P>D,1,0.9298236
train-clinvar+pg_dms__transformer__seed43,MSH6,P43246:349:P>A,0,0.26306462
train-clinvar+pg_dms__transformer__seed43,MSH6,P43246:349:P>F,1,0.6780869
train-clinvar+pg_dms__transformer__seed43,MSH6,P43246:349:P>G,1,0.78012973
train-clinvar+pg_dms__transformer__seed43,MSH6,P43246:349:P>H,1,0.83348745
train-clinvar+pg_dms__transformer__seed43,MSH6,P43246:349:P>K,1,0.87268555
train-clinvar+pg_dms__transformer__seed43,MSH6,P43246:349:P>M,1,0.7922004
train-clinvar+pg_dms__transformer__seed43,MSH6,P43246:349:P>I,0,0.8183313
train-clinvar+pg_dms__transformer__seed43,MSH6,P43246:349:P>Q,1,0.7089965
train-clinvar+pg_dms__transformer__seed43,MSH6,P43246:349:P>V,0,0.80341357
train-clinvar+pg_dms__transformer__seed43,MSH6,P43246:349:P>W,1,0.9330424
train-clinvar+pg_dms__transformer__seed43,MSH6,P43246:349:P>Y,1,0.71873355
train-clinvar+pg_dms__transformer__seed43,MSH6,P43246:349:P>N,1,0.8305291
train-clinvar+pg_dms__transformer__seed43,MSH6,P43246:352:D>T,0,0.21601503
train-clinvar+pg_dms__transformer__seed43,MSH6,P43246:352:D>C,0,0.045315556
train-clinvar+pg_dms__transformer__seed43,MSH6,P43246:352:D>K,0,0.1059571
train-clinvar+pg_dms__transformer__seed43,MSH6,P43246:352:D>L,0,0.05557928
train-clinvar+pg_dms__transformer__seed43,MSH6,P43246:352:D>M,0,0.37631825
train-clinvar+pg_dms__transformer__seed43,MSH6,P43246:352:D>P,1,0.63163334
train-clinvar+pg_dms__transformer__seed43,MSH6,P43246:352:D>Q,0,0.043620586
train-clinvar+pg_dms__transformer__seed43,MSH6,P43246:352:D>A,0,0.026673531
train-clinvar+pg_dms__transformer__seed43,MSH6,P43246:352:D>R,0,0.16786979
train-clinvar+pg_dms__transformer__seed43,MSH6,P43246:352:D>G,0,0.06517538
train-clinvar+pg_dms__transformer__seed43,MSH6,P43246:352:D>V,0,0.075275585
train-clinvar+pg_dms__transformer__seed43,MSH6,P43246:352:D>W,0,0.30949286
train-clinvar+pg_dms__transformer__seed43,MSH6,P43246:352:D>Y,0,0.13384496
train-clinvar+pg_dms__transformer__seed43,MSH6,P43246:352:D>F,0,0.16152838
train-clinvar+pg_dms__transformer__seed43,MSH6,P43246:352:D>S,0,0.012575194
train-clinvar+pg_dms__transformer__seed43,MSH6,P43246:352:D>I,0,0.23241092
train-clinvar+pg_dms__transformer__seed43,MSH6,P43246:352:D>H,0,0.18299134
train-clinvar+pg_dms__transformer__seed43,MSH6,P43246:356:I>T,1,0.25132826
train-clinvar+pg_dms__transformer__seed43,MSH6,P43246:356:I>S,1,0.43883833
train-clinvar+pg_dms__transformer__seed43,MSH6,P43246:356:I>L,0,0.03248385
train-clinvar+pg_dms__transformer__seed43,MSH6,P43246:356:I>N,1,0.87613416
train-clinvar+pg_dms__transformer__seed43,MSH6,P43246:356:I>Q,1,0.83880323
train-clinvar+pg_dms__transformer__seed43,MSH6,P43246:356:I>Y,1,0.9037192
train-clinvar+pg_dms__transformer__seed43,MSH6,P43246:356:I>W,1,0.83749545
train-clinvar+pg_dms__transformer__seed43,MSH6,P43246:356:I>C,0,0.57766956
train-clinvar+pg_dms__transformer__seed43,MSH6,P43246:356:I>E,1,0.8999712
train-clinvar+pg_dms__transformer__seed43,MSH6,P43246:356:I>F,1,0.88831717
train-clinvar+pg_dms__transformer__seed43,MSH6,P43246:356:I>G,1,0.9774833
train-clinvar+pg_dms__transformer__seed43,MSH6,P43246:356:I>H,1,0.7358112
train-clinvar+pg_dms__transformer__seed43,MSH6,P43246:356:I>P,1,0.948101
train-clinvar+pg_dms__transformer__seed43,MSH6,P43246:356:I>A,0,0.4491179
train-clinvar+pg_dms__transformer__seed43,MSH6,P43246:356:I>D,1,0.97801787
train-clinvar+pg_dms__transformer__seed43,MSH6,P43246:359:R>D,1,0.98061806
train-clinvar+pg_dms__transformer__seed43,MSH6,P43246:359:R>Q,1,0.8556485
train-clinvar+pg_dms__transformer__seed43,MSH6,P43246:359:R>P,1,0.9858255
train-clinvar+pg_dms__transformer__seed43,MSH6,P43246:359:R>A,1,0.8179684
train-clinvar+pg_dms__transformer__seed43,MSH6,P43246:359:R>C,1,0.501671
train-clinvar+pg_dms__transformer__seed43,MSH6,P43246:359:R>Y,1,0.888772
train-clinvar+pg_dms__transformer__seed43,MSH6,P43246:359:R>E,1,0.96528316
train-clinvar+pg_dms__transformer__seed43,MSH6,P43246:359:R>F,1,0.9551716
train-clinvar+pg_dms__transformer__seed43,MSH6,P43246:359:R>H,1,0.7483659
train-clinvar+pg_dms__transformer__seed43,MSH6,P43246:359:R>N,1,0.89873314
train-clinvar+pg_dms__transformer__seed43,MSH6,P43246:359:R>M,1,0.80365264
train-clinvar+pg_dms__transformer__seed43,MSH6,P43246:359:R>L,1,0.94303465
train-clinvar+pg_dms__transformer__seed43,MSH6,P43246:359:R>V,1,0.9404422
train-clinvar+pg_dms__transformer__seed43,MSH6,P43246:359:R>W,1,0.8387655
train-clinvar+pg_dms__transformer__seed43,MSH6,P43246:362:L>N,0,0.85156256
train-clinvar+pg_dms__transformer__seed43,MSH6,P43246:362:L>Y,0,0.58477503
train-clinvar+pg_dms__transformer__seed43,MSH6,P43246:362:L>W,0,0.5930077
train-clinvar+pg_dms__transformer__seed43,MSH6,P43246:362:L>V,0,0.020732254
train-clinvar+pg_dms__transformer__seed43,MSH6,P43246:362:L>T,0,0.116285935
train-clinvar+pg_dms__transformer__seed43,MSH6,P43246:362:L>S,0,0.26162046
train-clinvar+pg_dms__transformer__seed43,MSH6,P43246:362:L>Q,0,0.47012502
train-clinvar+pg_dms__transformer__seed43,MSH6,P43246:362:L>P,1,0.99062157
train-clinvar+pg_dms__transformer__seed43,MSH6,P43246:362:L>M,0,0.105294734
train-clinvar+pg_dms__transformer__seed43,MSH6,P43246:362:L>C,0,0.051412266
train-clinvar+pg_dms__transformer__seed43,MSH6,P43246:362:L>D,1,0.987512
train-clinvar+pg_dms__transformer__seed43,MSH6,P43246:362:L>E,0,0.9543293
train-clinvar+pg_dms__transformer__seed43,MSH6,P43246:362:L>F,0,0.09096558
train-clinvar+pg_dms__transformer__seed43,MSH6,P43246:362:L>G,0,0.8606227
train-clinvar+pg_dms__transformer__seed43,MSH6,P43246:362:L>H,0,0.61174816
train-clinvar+pg_dms__transformer__seed43,MSH6,P43246:362:L>I,0,0.01696226
train-clinvar+pg_dms__transformer__seed43,MSH6,P43246:362:L>K,0,0.9651649
train-clinvar+pg_dms__transformer__seed43,MSH6,P43246:362:L>A,0,0.10673952
train-clinvar+pg_dms__transformer__seed43,MSH6,P43246:362:L>R,0,0.9876292
train-clinvar+pg_dms__transformer__seed43,MSH6,P43246:368:E>Q,0,0.000991046
train-clinvar+pg_dms__transformer__seed43,MSH6,P43246:368:E>R,0,0.0023535003
train-clinvar+pg_dms__transformer__seed43,MSH6,P43246:368:E>S,0,0.00078459753
train-clinvar+pg_dms__transformer__seed43,MSH6,P43246:368:E>N,0,0.0014047748
train-clinvar+pg_dms__transformer__seed43,MSH6,P43246:368:E>A,0,0.0007852576
train-clinvar+pg_dms__transformer__seed43,MSH6,P43246:368:E>V,0,0.016263053
train-clinvar+pg_dms__transformer__seed43,MSH6,P43246:368:E>T,0,0.002261144
train-clinvar+pg_dms__transformer__seed43,MSH6,P43246:368:E>C,0,0.005682621
train-clinvar+pg_dms__transformer__seed43,MSH6,P43246:368:E>H,0,0.0045897355
train-clinvar+pg_dms__transformer__seed43,MSH6,P43246:368:E>F,0,0.011189283
train-clinvar+pg_dms__transformer__seed43,MSH6,P43246:368:E>G,0,0.00079793914
train-clinvar+pg_dms__transformer__seed43,MSH6,P43246:368:E>W,0,0.23209183
train-clinvar+pg_dms__transformer__seed43,MSH6,P43246:368:E>I,0,0.006719258
train-clinvar+pg_dms__transformer__seed43,MSH6,P43246:368:E>K,0,0.0021337413
train-clinvar+pg_dms__transformer__seed43,MSH6,P43246:368:E>L,0,0.001688961
train-clinvar+pg_dms__transformer__seed43,MSH6,P43246:368:E>M,0,0.13202159
train-clinvar+pg_dms__transformer__seed43,MSH6,P43246:368:E>D,0,0.009828487
train-clinvar+pg_dms__transformer__seed43,MSH6,P43246:368:E>Y,0,0.0057290373
train-clinvar+pg_dms__transformer__seed43,MSH6,P43246:368:E>P,0,0.30765706
train-clinvar+pg_dms__transformer__seed43,MSH6,P43246:371:E>P,0,0.042306572
train-clinvar+pg_dms__transformer__seed43,MSH6,P43246:371:E>L,0,0.0032485442
train-clinvar+pg_dms__transformer__seed43,MSH6,P43246:371:E>M,0,0.14398247
train-clinvar+pg_dms__transformer__seed43,MSH6,P43246:371:E>A,0,0.00082637765
train-clinvar+pg_dms__transformer__seed43,MSH6,P43246:371:E>C,0,0.007376491
train-clinvar+pg_dms__transformer__seed43,MSH6,P43246:371:E>D,0,0.0058894297
train-clinvar+pg_dms__transformer__seed43,MSH6,P43246:371:E>F,0,0.012254937
train-clinvar+pg_dms__transformer__seed43,MSH6,P43246:371:E>G,0,0.003351755
train-clinvar+pg_dms__transformer__seed43,MSH6,P43246:371:E>Y,0,0.008078497
train-clinvar+pg_dms__transformer__seed43,MSH6,P43246:371:E>I,0,0.0055728285
train-clinvar+pg_dms__transformer__seed43,MSH6,P43246:371:E>T,0,0.002007904
train-clinvar+pg_dms__transformer__seed43,MSH6,P43246:371:E>S,0,0.00078252074
train-clinvar+pg_dms__transformer__seed43,MSH6,P43246:371:E>R,0,0.0037437966
train-clinvar+pg_dms__transformer__seed43,MSH6,P43246:371:E>Q,0,0.00082818203
train-clinvar+pg_dms__transformer__seed43,MSH6,P43246:371:E>N,0,0.002115806
train-clinvar+pg_dms__transformer__seed43,MSH6,P43246:371:E>W,0,0.20068517
train-clinvar+pg_dms__transformer__seed43,MSH6,P43246:371:E>H,0,0.006454925
train-clinvar+pg_dms__transformer__seed43,MSH6,P43246:373:R>Q,0,0.019095918
train-clinvar+pg_dms__transformer__seed43,MSH6,P43246:373:R>S,0,0.52134144
train-clinvar+pg_dms__transformer__seed43,MSH6,P43246:373:R>L,0,0.17733636
train-clinvar+pg_dms__transformer__seed43,MSH6,P43246:373:R>W,0,0.37481952
train-clinvar+pg_dms__transformer__seed43,MSH6,P43246:373:R>Y,0,0.63192403
train-clinvar+pg_dms__transformer__seed43,MSH6,P43246:373:R>P,0,0.98496443
train-clinvar+pg_dms__transformer__seed43,MSH6,P43246:373:R>V,0,0.67698836
train-clinvar+pg_dms__transformer__seed43,MSH6,P43246:373:R>N,0,0.6390905
train-clinvar+pg_dms__transformer__seed43,MSH6,P43246:373:R>E,0,0.96593684
train-clinvar+pg_dms__transformer__seed43,MSH6,P43246:373:R>I,0,0.636556
train-clinvar+pg_dms__transformer__seed43,MSH6,P43246:373:R>H,0,0.060417783
train-clinvar+pg_dms__transformer__seed43,MSH6,P43246:373:R>G,0,0.5335272
train-clinvar+pg_dms__transformer__seed43,MSH6,P43246:373:R>F,0,0.74196506
train-clinvar+pg_dms__transformer__seed43,MSH6,P43246:373:R>D,0,0.9610833
train-clinvar+pg_dms__transformer__seed43,MSH6,P43246:373:R>C,0,0.006723276
train-clinvar+pg_dms__transformer__seed43,MSH6,P43246:373:R>A,0,0.54387826
train-clinvar+pg_dms__transformer__seed43,MSH6,P43246:375:T>H,0,0.008178444
train-clinvar+pg_dms__transformer__seed43,MSH6,P43246:375:T>I,0,0.06722821
train-clinvar+pg_dms__transformer__seed43,MSH6,P43246:375:T>K,0,0.010924332
train-clinvar+pg_dms__transformer__seed43,MSH6,P43246:375:T>D,0,0.021227513
train-clinvar+pg_dms__transformer__seed43,MSH6,P43246:375:T>M,0,0.09558767
train-clinvar+pg_dms__transformer__seed43,MSH6,P43246:375:T>N,0,0.005110082
train-clinvar+pg_dms__transformer__seed43,MSH6,P43246:375:T>P,0,0.20755328
train-clinvar+pg_dms__transformer__seed43,MSH6,P43246:375:T>Q,0,0.0071801925
train-clinvar+pg_dms__transformer__seed43,MSH6,P43246:375:T>R,0,0.007304548
train-clinvar+pg_dms__transformer__seed43,MSH6,P43246:375:T>E,0,0.011245547
train-clinvar+pg_dms__transformer__seed43,MSH6,P43246:375:T>V,0,0.009381722
train-clinvar+pg_dms__transformer__seed43,MSH6,P43246:375:T>S,0,0.013189931
train-clinvar+pg_dms__transformer__seed43,MSH6,P43246:375:T>L,0,0.005019135
train-clinvar+pg_dms__transformer__seed43,MSH6,P43246:375:T>F,0,0.006257694
train-clinvar+pg_dms__transformer__seed43,MSH6,P43246:375:T>G,0,0.0043118084
train-clinvar+pg_dms__transformer__seed43,MSH6,P43246:375:T>C,0,0.0042926813
train-clinvar+pg_dms__transformer__seed43,MSH6,P43246:375:T>A,0,0.0032800117
train-clinvar+pg_dms__transformer__seed43,MSH6,P43246:375:T>W,0,0.12042455
train-clinvar+pg_dms__transformer__seed43,MSH6,P43246:375:T>Y,0,0.0054219626
train-clinvar+pg_dms__transformer__seed43,MSH6,P43246:399:A>K,0,0.53418416
train-clinvar+pg_dms__transformer__seed43,MSH6,P43246:399:A>C,0,0.036000155
train-clinvar+pg_dms__transformer__seed43,MSH6,P43246:399:A>I,0,0.39067623
train-clinvar+pg_dms__transformer__seed43,MSH6,P43246:399:A>L,0,0.21684009
train-clinvar+pg_dms__transformer__seed43,MSH6,P43246:399:A>D,0,0.6433152
train-clinvar+pg_dms__transformer__seed43,MSH6,P43246:399:A>N,0,0.5786001
train-clinvar+pg_dms__transformer__seed43,MSH6,P43246:399:A>P,0,0.5991481
train-clinvar+pg_dms__transformer__seed43,MSH6,P43246:399:A>Q,0,0.37345463
train-clinvar+pg_dms__transformer__seed43,MSH6,P43246:399:A>R,0,0.6404426
train-clinvar+pg_dms__transformer__seed43,MSH6,P43246:399:A>H,0,0.549261
train-clinvar+pg_dms__transformer__seed43,MSH6,P43246:399:A>G,0,0.02447369
train-clinvar+pg_dms__transformer__seed43,MSH6,P43246:399:A>F,0,0.5785399
train-clinvar+pg_dms__transformer__seed43,MSH6,P43246:399:A>S,0,0.006922734
train-clinvar+pg_dms__transformer__seed43,MSH6,P43246:399:A>T,0,0.10730174
train-clinvar+pg_dms__transformer__seed43,MSH6,P43246:399:A>V,0,0.13074462
train-clinvar+pg_dms__transformer__seed43,MSH6,P43246:399:A>W,0,0.48995203
train-clinvar+pg_dms__transformer__seed43,MSH6,P43246:399:A>Y,0,0.55386275
train-clinvar+pg_dms__transformer__seed43,MSH6,P43246:399:A>M,0,0.46244267
train-clinvar+pg_dms__transformer__seed43,MSH6,P43246:399:A>E,0,0.53431743
train-clinvar+pg_dms__transformer__seed43,MSH6,P43246:409:Q>P,0,0.70922655
train-clinvar+pg_dms__transformer__seed43,MSH6,P43246:409:Q>Y,0,0.09729395
train-clinvar+pg_dms__transformer__seed43,MSH6,P43246:409:Q>W,0,0.30823508
train-clinvar+pg_dms__transformer__seed43,MSH6,P43246:409:Q>V,0,0.016698008
train-clinvar+pg_dms__transformer__seed43,MSH6,P43246:409:Q>T,0,0.088461995
train-clinvar+pg_dms__transformer__seed43,MSH6,P43246:409:Q>S,0,0.022238446
train-clinvar+pg_dms__transformer__seed43,MSH6,P43246:409:Q>M,0,0.35285622
train-clinvar+pg_dms__transformer__seed43,MSH6,P43246:409:Q>A,0,0.024878766
train-clinvar+pg_dms__transformer__seed43,MSH6,P43246:409:Q>L,0,0.009497396
train-clinvar+pg_dms__transformer__seed43,MSH6,P43246:409:Q>C,0,0.035550095
train-clinvar+pg_dms__transformer__seed43,MSH6,P43246:409:Q>D,0,0.55964816
train-clinvar+pg_dms__transformer__seed43,MSH6,P43246:409:Q>G,0,0.048305348
train-clinvar+pg_dms__transformer__seed43,MSH6,P43246:409:Q>F,0,0.13835496
train-clinvar+pg_dms__transformer__seed43,MSH6,P43246:409:Q>H,0,0.2007907
train-clinvar+pg_dms__transformer__seed43,MSH6,P43246:409:Q>I,0,0.061347213
train-clinvar+pg_dms__transformer__seed43,MSH6,P43246:409:Q>E,0,0.040326215
train-clinvar+pg_dms__transformer__seed43,MSH6,P43246:418:I>Y,0,0.0633149
train-clinvar+pg_dms__transformer__seed43,MSH6,P43246:418:I>C,0,0.01812497
train-clinvar+pg_dms__transformer__seed43,MSH6,P43246:418:I>V,0,0.008775558
train-clinvar+pg_dms__transformer__seed43,MSH6,P43246:418:I>T,0,0.051216085
train-clinvar+pg_dms__transformer__seed43,MSH6,P43246:418:I>S,0,0.0127578415
train-clinvar+pg_dms__transformer__seed43,MSH6,P43246:418:I>R,0,0.021133756
train-clinvar+pg_dms__transformer__seed43,MSH6,P43246:418:I>Q,0,0.017898953
train-clinvar+pg_dms__transformer__seed43,MSH6,P43246:418:I>K,0,0.034640413
train-clinvar+pg_dms__transformer__seed43,MSH6,P43246:418:I>N,0,0.029651927
train-clinvar+pg_dms__transformer__seed43,MSH6,P43246:418:I>L,0,0.012549244
train-clinvar+pg_dms__transformer__seed43,MSH6,P43246:418:I>H,0,0.0735767
train-clinvar+pg_dms__transformer__seed43,MSH6,P43246:418:I>G,0,0.107156955
train-clinvar+pg_dms__transformer__seed43,MSH6,P43246:418:I>F,0,0.01155967
train-clinvar+pg_dms__transformer__seed43,MSH6,P43246:418:I>E,0,0.052570768
train-clinvar+pg_dms__transformer__seed43,MSH6,P43246:418:I>A,0,0.017120756
train-clinvar+pg_dms__transformer__seed43,MSH6,P43246:418:I>P,1,0.8748939
train-clinvar+pg_dms__transformer__seed43,MSH6,P43246:418:I>D,0,0.5900429
train-clinvar+pg_dms__transformer__seed43,MSH6,P43246:424:H>D,0,0.042968716
train-clinvar+pg_dms__transformer__seed43,MSH6,P43246:424:H>Y,0,0.020153526
train-clinvar+pg_dms__transformer__seed43,MSH6,P43246:424:H>W,0,0.1220475
train-clinvar+pg_dms__transformer__seed43,MSH6,P43246:424:H>V,0,0.023926007
train-clinvar+pg_dms__transformer__seed43,MSH6,P43246:424:H>T,0,0.018063555
train-clinvar+pg_dms__transformer__seed43,MSH6,P43246:424:H>A,0,0.013925433
train-clinvar+pg_dms__transformer__seed43,MSH6,P43246:424:H>S,0,0.01444344
train-clinvar+pg_dms__transformer__seed43,MSH6,P43246:424:H>M,0,0.20220064
train-clinvar+pg_dms__transformer__seed43,MSH6,P43246:424:H>L,0,0.0072823036
train-clinvar+pg_dms__transformer__seed43,MSH6,P43246:424:H>I,0,0.046680015
train-clinvar+pg_dms__transformer__seed43,MSH6,P43246:424:H>G,0,0.022240132
train-clinvar+pg_dms__transformer__seed43,MSH6,P43246:424:H>F,0,0.0099204825
train-clinvar+pg_dms__transformer__seed43,MSH6,P43246:424:H>E,0,0.023136398
train-clinvar+pg_dms__transformer__seed43,MSH6,P43246:424:H>P,0,0.09355589
train-clinvar+pg_dms__transformer__seed43,MSH6,P43246:424:H>C,0,0.004956774
train-clinvar+pg_dms__transformer__seed43,MSH6,P43246:425:E>D,0,0.048773486
train-clinvar+pg_dms__transformer__seed43,MSH6,P43246:425:E>C,0,0.009520425
train-clinvar+pg_dms__transformer__seed43,MSH6,P43246:425:E>A,0,0.0042228764
train-clinvar+pg_dms__transformer__seed43,MSH6,P43246:425:E>W,0,0.18248165
train-clinvar+pg_dms__transformer__seed43,MSH6,P43246:425:E>F,0,0.029300239
train-clinvar+pg_dms__transformer__seed43,MSH6,P43246:425:E>Y,0,0.014946818
train-clinvar+pg_dms__transformer__seed43,MSH6,P43246:425:E>V,0,0.008767685
train-clinvar+pg_dms__transformer__seed43,MSH6,P43246:425:E>T,0,0.0064773085
train-clinvar+pg_dms__transformer__seed43,MSH6,P43246:425:E>S,0,0.0028572648
train-clinvar+pg_dms__transformer__seed43,MSH6,P43246:425:E>R,0,0.007353696
train-clinvar+pg_dms__transformer__seed43,MSH6,P43246:425:E>Q,0,0.004515662
train-clinvar+pg_dms__transformer__seed43,MSH6,P43246:425:E>P,0,0.0708397
train-clinvar+pg_dms__transformer__seed43,MSH6,P43246:425:E>N,0,0.005067652
train-clinvar+pg_dms__transformer__seed43,MSH6,P43246:425:E>M,0,0.08410592
train-clinvar+pg_dms__transformer__seed43,MSH6,P43246:425:E>L,0,0.0043803253
train-clinvar+pg_dms__transformer__seed43,MSH6,P43246:425:E>I,0,0.018618124
train-clinvar+pg_dms__transformer__seed43,MSH6,P43246:425:E>H,0,0.012025828
train-clinvar+pg_dms__transformer__seed43,MSH6,P43246:425:E>G,0,0.008101459
train-clinvar+pg_dms__transformer__seed43,MSH6,P43246:429:Q>V,0,0.026030991
train-clinvar+pg_dms__transformer__seed43,MSH6,P43246:429:Q>A,0,0.006037833
train-clinvar+pg_dms__transformer__seed43,MSH6,P43246:429:Q>C,0,0.008750498
train-clinvar+pg_dms__transformer__seed43,MSH6,P43246:429:Q>D,0,0.05679058
train-clinvar+pg_dms__transformer__seed43,MSH6,P43246:429:Q>E,0,0.00793311
train-clinvar+pg_dms__transformer__seed43,MSH6,P43246:429:Q>W,0,0.17177269
train-clinvar+pg_dms__transformer__seed43,MSH6,P43246:429:Q>F,0,0.050139707
train-clinvar+pg_dms__transformer__seed43,MSH6,P43246:429:Q>G,0,0.010517017
train-clinvar+pg_dms__transformer__seed43,MSH6,P43246:429:Q>I,0,0.10109096
train-clinvar+pg_dms__transformer__seed43,MSH6,P43246:429:Q>K,1,0.012416772
train-clinvar+pg_dms__transformer__seed43,MSH6,P43246:429:Q>L,0,0.0070698382
train-clinvar+pg_dms__transformer__seed43,MSH6,P43246:429:Q>M,0,0.27075782
train-clinvar+pg_dms__transformer__seed43,MSH6,P43246:429:Q>N,0,0.009065684
train-clinvar+pg_dms__transformer__seed43,MSH6,P43246:429:Q>P,0,0.124174684
train-clinvar+pg_dms__transformer__seed43,MSH6,P43246:429:Q>R,0,0.011727091
train-clinvar+pg_dms__transformer__seed43,MSH6,P43246:429:Q>S,0,0.006048185
train-clinvar+pg_dms__transformer__seed43,MSH6,P43246:429:Q>T,0,0.019391995
train-clinvar+pg_dms__transformer__seed43,MSH6,P43246:429:Q>Y,0,0.022878205
train-clinvar+pg_dms__transformer__seed43,MSH6,P43246:431:L>P,0,0.26618907
train-clinvar+pg_dms__transformer__seed43,MSH6,P43246:431:L>Q,0,0.02409554
train-clinvar+pg_dms__transformer__seed43,MSH6,P43246:431:L>R,0,0.07290166
train-clinvar+pg_dms__transformer__seed43,MSH6,P43246:431:L>S,0,0.02158554
train-clinvar+pg_dms__transformer__seed43,MSH6,P43246:431:L>T,0,0.020903366
train-clinvar+pg_dms__transformer__seed43,MSH6,P43246:431:L>Y,0,0.063438095
train-clinvar+pg_dms__transformer__seed43,MSH6,P43246:431:L>W,1,0.35882837
train-clinvar+pg_dms__transformer__seed43,MSH6,P43246:431:L>N,0,0.053315453
train-clinvar+pg_dms__transformer__seed43,MSH6,P43246:431:L>M,1,0.26684046
train-clinvar+pg_dms__transformer__seed43,MSH6,P43246:431:L>K,0,0.07837925
train-clinvar+pg_dms__transformer__seed43,MSH6,P43246:431:L>I,0,0.05137162
train-clinvar+pg_dms__transformer__seed43,MSH6,P43246:431:L>H,0,0.0331585
train-clinvar+pg_dms__transformer__seed43,MSH6,P43246:431:L>G,0,0.12967762
train-clinvar+pg_dms__transformer__seed43,MSH6,P43246:431:L>E,0,0.071851775
train-clinvar+pg_dms__transformer__seed43,MSH6,P43246:431:L>A,0,0.020479934
train-clinvar+pg_dms__transformer__seed43,MSH6,P43246:433:L>P,0,0.24474975
train-clinvar+pg_dms__transformer__seed43,MSH6,P43246:433:L>Q,0,0.0053804168
train-clinvar+pg_dms__transformer__seed43,MSH6,P43246:433:L>R,0,0.005028984
train-clinvar+pg_dms__transformer__seed43,MSH6,P43246:433:L>S,0,0.0021752995
train-clinvar+pg_dms__transformer__seed43,MSH6,P43246:433:L>W,1,0.13847774
train-clinvar+pg_dms__transformer__seed43,MSH6,P43246:433:L>V,0,0.013377226
train-clinvar+pg_dms__transformer__seed43,MSH6,P43246:433:L>N,0,0.0052859853
train-clinvar+pg_dms__transformer__seed43,MSH6,P43246:433:L>Y,0,0.006248157
train-clinvar+pg_dms__transformer__seed43,MSH6,P43246:433:L>T,0,0.0046406253
train-clinvar+pg_dms__transformer__seed43,MSH6,P43246:433:L>M,0,0.26571587
train-clinvar+pg_dms__transformer__seed43,MSH6,P43246:433:L>I,0,0.04734292
train-clinvar+pg_dms__transformer__seed43,MSH6,P43246:433:L>H,0,0.0031581125
train-clinvar+pg_dms__transformer__seed43,MSH6,P43246:433:L>G,0,0.013674846
train-clinvar+pg_dms__transformer__seed43,MSH6,P43246:433:L>C,0,0.0021181824
train-clinvar+pg_dms__transformer__seed43,MSH6,P43246:433:L>A,0,0.003001632
train-clinvar+pg_dms__transformer__seed43,MSH6,P43246:433:L>K,0,0.0040142643
train-clinvar+pg_dms__transformer__seed43,MSH6,P43246:442:D>P,0,0.3068807
train-clinvar+pg_dms__transformer__seed43,MSH6,P43246:442:D>A,0,0.005637272
train-clinvar+pg_dms__transformer__seed43,MSH6,P43246:442:D>C,0,0.021003013
train-clinvar+pg_dms__transformer__seed43,MSH6,P43246:442:D>E,0,0.0073974165
train-clinvar+pg_dms__transformer__seed43,MSH6,P43246:442:D>H,0,0.022681223
train-clinvar+pg_dms__transformer__seed43,MSH6,P43246:442:D>I,0,0.01408721
train-clinvar+pg_dms__transformer__seed43,MSH6,P43246:442:D>K,0,0.03259885
train-clinvar+pg_dms__transformer__seed43,MSH6,P43246:442:D>L,0,0.010401715
train-clinvar+pg_dms__transformer__seed43,MSH6,P43246:442:D>N,0,0.005521865
train-clinvar+pg_dms__transformer__seed43,MSH6,P43246:442:D>R,0,0.023675399
train-clinvar+pg_dms__transformer__seed43,MSH6,P43246:442:D>Q,0,0.007325406
train-clinvar+pg_dms__transformer__seed43,MSH6,P43246:442:D>W,0,0.2593678
train-clinvar+pg_dms__transformer__seed43,MSH6,P43246:442:D>Y,0,0.0088268975
train-clinvar+pg_dms__transformer__seed43,MSH6,P43246:442:D>V,0,0.007068215
train-clinvar+pg_dms__transformer__seed43,MSH6,P43246:442:D>T,0,0.011527986
train-clinvar+pg_dms__transformer__seed43,MSH6,P43246:442:D>S,0,0.0038621621
train-clinvar+pg_dms__transformer__seed43,MSH6,P43246:449:K>A,0,0.030874912
train-clinvar+pg_dms__transformer__seed43,MSH6,P43246:449:K>C,0,0.057254765
train-clinvar+pg_dms__transformer__seed43,MSH6,P43246:449:K>D,0,0.29422456
train-clinvar+pg_dms__transformer__seed43,MSH6,P43246:449:K>E,0,0.19871634
train-clinvar+pg_dms__transformer__seed43,MSH6,P43246:449:K>F,0,0.09509382
train-clinvar+pg_dms__transformer__seed43,MSH6,P43246:449:K>G,0,0.052008193
train-clinvar+pg_dms__transformer__seed43,MSH6,P43246:449:K>P,0,0.65494585
train-clinvar+pg_dms__transformer__seed43,MSH6,P43246:449:K>V,0,0.11374932
train-clinvar+pg_dms__transformer__seed43,MSH6,P43246:449:K>W,0,0.20926161
train-clinvar+pg_dms__transformer__seed43,MSH6,P43246:449:K>S,0,0.056495346
train-clinvar+pg_dms__transformer__seed43,MSH6,P43246:449:K>H,0,0.16869858
train-clinvar+pg_dms__transformer__seed43,MSH6,P43246:449:K>I,0,0.153892
train-clinvar+pg_dms__transformer__seed43,MSH6,P43246:449:K>L,0,0.050778244
train-clinvar+pg_dms__transformer__seed43,MSH6,P43246:449:K>N,0,0.11534376
train-clinvar+pg_dms__transformer__seed43,MSH6,P43246:449:K>Q,0,0.031217847
train-clinvar+pg_dms__transformer__seed43,MSH6,P43246:449:K>T,0,0.06276962
train-clinvar+pg_dms__transformer__seed43,MSH6,P43246:455:E>R,0,0.07845627
train-clinvar+pg_dms__transformer__seed43,MSH6,P43246:455:E>W,1,0.3256183
train-clinvar+pg_dms__transformer__seed43,MSH6,P43246:455:E>P,0,0.76520604
train-clinvar+pg_dms__transformer__seed43,MSH6,P43246:455:E>N,0,0.019793604
train-clinvar+pg_dms__transformer__seed43,MSH6,P43246:455:E>M,1,0.35999995
train-clinvar+pg_dms__transformer__seed43,MSH6,P43246:455:E>L,0,0.043789547
train-clinvar+pg_dms__transformer__seed43,MSH6,P43246:455:E>I,0,0.1628179
train-clinvar+pg_dms__transformer__seed43,MSH6,P43246:455:E>H,0,0.21607862
train-clinvar+pg_dms__transformer__seed43,MSH6,P43246:455:E>G,0,0.028587313
train-clinvar+pg_dms__transformer__seed43,MSH6,P43246:455:E>F,0,0.18891801
train-clinvar+pg_dms__transformer__seed43,MSH6,P43246:455:E>C,0,0.048496023
train-clinvar+pg_dms__transformer__seed43,MSH6,P43246:455:E>A,0,0.006978114
train-clinvar+pg_dms__transformer__seed43,MSH6,P43246:455:E>T,0,0.044623487
train-clinvar+pg_dms__transformer__seed43,MSH6,P43246:455:E>V,0,0.06459578
train-clinvar+pg_dms__transformer__seed43,MSH6,P43246:455:E>S,0,0.008531035
train-clinvar+pg_dms__transformer__seed43,MSH6,P43246:455:E>Y,0,0.13823603
train-clinvar+pg_dms__transformer__seed43,MSH6,P43246:456:T>A,0,0.01769588
train-clinvar+pg_dms__transformer__seed43,MSH6,P43246:456:T>E,0,0.03360597
train-clinvar+pg_dms__transformer__seed43,MSH6,P43246:456:T>G,0,0.057809655
train-clinvar+pg_dms__transformer__seed43,MSH6,P43246:456:T>H,0,0.16265605
train-clinvar+pg_dms__transformer__seed43,MSH6,P43246:456:T>I,0,0.34129068
train-clinvar+pg_dms__transformer__seed43,MSH6,P43246:456:T>L,0,0.008784879
train-clinvar+pg_dms__transformer__seed43,MSH6,P43246:456:T>M,0,0.23654711
train-clinvar+pg_dms__transformer__seed43,MSH6,P43246:456:T>N,0,0.010250643
train-clinvar+pg_dms__transformer__seed43,MSH6,P43246:456:T>P,1,0.8872043
train-clinvar+pg_dms__transformer__seed43,MSH6,P43246:456:T>Y,0,0.10165531
train-clinvar+pg_dms__transformer__seed43,MSH6,P43246:456:T>W,0,0.5775245
train-clinvar+pg_dms__transformer__seed43,MSH6,P43246:456:T>V,0,0.072493725
train-clinvar+pg_dms__transformer__seed43,MSH6,P43246:456:T>Q,0,0.024770074
train-clinvar+pg_dms__transformer__seed43,MSH6,P43246:456:T>R,0,0.08327972
train-clinvar+pg_dms__transformer__seed43,MSH6,P43246:456:T>S,0,0.0051554297
train-clinvar+pg_dms__transformer__seed43,MSH6,P43246:456:T>C,0,0.03175638
train-clinvar+pg_dms__transformer__seed43,MSH6,P43246:456:T>D,0,0.37203175
train-clinvar+pg_dms__transformer__seed43,MSH6,P43246:461:D>F,0,0.04653791
train-clinvar+pg_dms__transformer__seed43,MSH6,P43246:461:D>A,0,0.014183749
train-clinvar+pg_dms__transformer__seed43,MSH6,P43246:461:D>C,0,0.013622283
train-clinvar+pg_dms__transformer__seed43,MSH6,P43246:461:D>V,0,0.019895656
train-clinvar+pg_dms__transformer__seed43,MSH6,P43246:461:D>H,0,0.028465524
train-clinvar+pg_dms__transformer__seed43,MSH6,P43246:461:D>I,0,0.03074932
train-clinvar+pg_dms__transformer__seed43,MSH6,P43246:461:D>K,0,0.011609235
train-clinvar+pg_dms__transformer__seed43,MSH6,P43246:461:D>L,0,0.0085426625
train-clinvar+pg_dms__transformer__seed43,MSH6,P43246:461:D>W,0,0.55259836
train-clinvar+pg_dms__transformer__seed43,MSH6,P43246:461:D>N,0,0.010219386
train-clinvar+pg_dms__transformer__seed43,MSH6,P43246:461:D>P,0,0.18487866
train-clinvar+pg_dms__transformer__seed43,MSH6,P43246:461:D>Q,0,0.013330704
train-clinvar+pg_dms__transformer__seed43,MSH6,P43246:461:D>R,0,0.011776955
train-clinvar+pg_dms__transformer__seed43,MSH6,P43246:461:D>S,0,0.0050809765
train-clinvar+pg_dms__transformer__seed43,MSH6,P43246:461:D>Y,0,0.014813328
train-clinvar+pg_dms__transformer__seed43,MSH6,P43246:461:D>T,0,0.015532869
train-clinvar+pg_dms__transformer__seed43,MSH6,P43246:461:D>M,0,0.30189025
train-clinvar+pg_dms__transformer__seed43,MSH6,P43246:464:E>L,0,0.006938132
train-clinvar+pg_dms__transformer__seed43,MSH6,P43246:464:E>A,0,0.00095786783
train-clinvar+pg_dms__transformer__seed43,MSH6,P43246:464:E>C,0,0.016735693
train-clinvar+pg_dms__transformer__seed43,MSH6,P43246:464:E>D,0,0.017747791
train-clinvar+pg_dms__transformer__seed43,MSH6,P43246:464:E>F,0,0.072738916
train-clinvar+pg_dms__transformer__seed43,MSH6,P43246:464:E>G,0,0.0040936433
train-clinvar+pg_dms__transformer__seed43,MSH6,P43246:464:E>K,0,0.020095319
train-clinvar+pg_dms__transformer__seed43,MSH6,P43246:464:E>Y,0,0.040992532
train-clinvar+pg_dms__transformer__seed43,MSH6,P43246:464:E>H,0,0.031968072
train-clinvar+pg_dms__transformer__seed43,MSH6,P43246:464:E>I,0,0.046727687
train-clinvar+pg_dms__transformer__seed43,MSH6,P43246:464:E>W,0,0.30795234
train-clinvar+pg_dms__transformer__seed43,MSH6,P43246:464:E>N,0,0.0021489556
train-clinvar+pg_dms__transformer__seed43,MSH6,P43246:464:E>P,0,0.20757423
train-clinvar+pg_dms__transformer__seed43,MSH6,P43246:464:E>R,0,0.012062294
train-clinvar+pg_dms__transformer__seed43,MSH6,P43246:464:E>S,0,0.0014870401
train-clinvar+pg_dms__transformer__seed43,MSH6,P43246:464:E>T,0,0.012875917
train-clinvar+pg_dms__transformer__seed43,MSH6,P43246:464:E>M,0,0.2943336
train-clinvar+pg_dms__transformer__seed43,MSH6,P43246:464:E>V,0,0.01221431
train-clinvar+pg_dms__transformer__seed43,MSH6,P43246:470:V>Q,1,0.32623523
train-clinvar+pg_dms__transformer__seed43,MSH6,P43246:470:V>P,1,0.96250373
train-clinvar+pg_dms__transformer__seed43,MSH6,P43246:470:V>D,1,0.9734019
train-clinvar+pg_dms__transformer__seed43,MSH6,P43246:470:V>F,1,0.80786246
train-clinvar+pg_dms__transformer__seed43,MSH6,P43246:470:V>G,1,0.9528036
train-clinvar+pg_dms__transformer__seed43,MSH6,P43246:470:V>H,1,0.56406003
train-clinvar+pg_dms__transformer__seed43,MSH6,P43246:470:V>K,1,0.6756996
train-clinvar+pg_dms__transformer__seed43,MSH6,P43246:470:V>M,1,0.5931913
train-clinvar+pg_dms__transformer__seed43,MSH6,P43246:470:V>N,1,0.88934076
train-clinvar+pg_dms__transformer__seed43,MSH6,P43246:470:V>Y,1,0.95378006
train-clinvar+pg_dms__transformer__seed43,MSH6,P43246:470:V>W,1,0.6946223
train-clinvar+pg_dms__transformer__seed43,MSH6,P43246:470:V>T,0,0.92555636
train-clinvar+pg_dms__transformer__seed43,MSH6,P43246:470:V>S,1,0.5752352
train-clinvar+pg_dms__transformer__seed43,MSH6,P43246:470:V>R,1,0.8983334
train-clinvar+pg_dms__transformer__seed43,MSH6,P43246:470:V>C,0,0.30884814
train-clinvar+pg_dms__transformer__seed43,MSH6,P43246:470:V>E,1,0.9159223
train-clinvar+pg_dms__transformer__seed43,MSH6,P43246:471:K>E,0,0.6544065
train-clinvar+pg_dms__transformer__seed43,MSH6,P43246:471:K>A,0,0.41606948
train-clinvar+pg_dms__transformer__seed43,MSH6,P43246:471:K>T,0,0.562979
train-clinvar+pg_dms__transformer__seed43,MSH6,P43246:471:K>H,0,0.29108313
train-clinvar+pg_dms__transformer__seed43,MSH6,P43246:471:K>Y,0,0.6046894
train-clinvar+pg_dms__transformer__seed43,MSH6,P43246:471:K>G,0,0.6731723
train-clinvar+pg_dms__transformer__seed43,MSH6,P43246:471:K>I,0,0.63075876
train-clinvar+pg_dms__transformer__seed43,MSH6,P43246:471:K>C,0,0.2630789
train-clinvar+pg_dms__transformer__seed43,MSH6,P43246:471:K>V,0,0.32848495
train-clinvar+pg_dms__transformer__seed43,MSH6,P43246:471:K>W,0,0.5075981
train-clinvar+pg_dms__transformer__seed43,MSH6,P43246:471:K>R,0,0.012862961
train-clinvar+pg_dms__transformer__seed43,MSH6,P43246:471:K>Q,0,0.029433236
train-clinvar+pg_dms__transformer__seed43,MSH6,P43246:471:K>P,0,0.9437208
train-clinvar+pg_dms__transformer__seed43,MSH6,P43246:471:K>N,0,0.6018512
train-clinvar+pg_dms__transformer__seed43,MSH6,P43246:471:K>M,0,0.4120764
train-clinvar+pg_dms__transformer__seed43,MSH6,P43246:471:K>L,0,0.12492357
train-clinvar+pg_dms__transformer__seed43,MSH6,P43246:471:K>S,0,0.2773776
train-clinvar+pg_dms__transformer__seed43,MSH6,P43246:472:P>R,0,0.25687265
train-clinvar+pg_dms__transformer__seed43,MSH6,P43246:472:P>H,0,0.15257026
train-clinvar+pg_dms__transformer__seed43,MSH6,P43246:472:P>M,0,0.38222829
train-clinvar+pg_dms__transformer__seed43,MSH6,P43246:472:P>N,0,0.2311466
train-clinvar+pg_dms__transformer__seed43,MSH6,P43246:472:P>Q,0,0.12338274
train-clinvar+pg_dms__transformer__seed43,MSH6,P43246:472:P>I,0,0.34075117
train-clinvar+pg_dms__transformer__seed43,MSH6,P43246:472:P>A,0,0.010045718
train-clinvar+pg_dms__transformer__seed43,MSH6,P43246:472:P>L,1,0.15006576
train-clinvar+pg_dms__transformer__seed43,MSH6,P43246:472:P>F,0,0.21927771
train-clinvar+pg_dms__transformer__seed43,MSH6,P43246:472:P>T,0,0.074947245
train-clinvar+pg_dms__transformer__seed43,MSH6,P43246:472:P>V,0,0.13791008
train-clinvar+pg_dms__transformer__seed43,MSH6,P43246:472:P>W,0,0.39825752
train-clinvar+pg_dms__transformer__seed43,MSH6,P43246:472:P>S,0,0.010005577
train-clinvar+pg_dms__transformer__seed43,MSH6,P43246:472:P>C,0,0.041756667
train-clinvar+pg_dms__transformer__seed43,MSH6,P43246:472:P>D,0,0.6264808
train-clinvar+pg_dms__transformer__seed43,MSH6,P43246:472:P>E,0,0.43722373
train-clinvar+pg_dms__transformer__seed43,MSH6,P43246:472:P>K,0,0.3328402
train-clinvar+pg_dms__transformer__seed43,MSH6,P43246:472:P>G,0,0.07329823
train-clinvar+pg_dms__transformer__seed43,MSH6,P43246:473:S>D,0,0.107254654
train-clinvar+pg_dms__transformer__seed43,MSH6,P43246:473:S>Y,0,0.08833962
train-clinvar+pg_dms__transformer__seed43,MSH6,P43246:473:S>W,0,0.59146106
train-clinvar+pg_dms__transformer__seed43,MSH6,P43246:473:S>V,0,0.031446695
train-clinvar+pg_dms__transformer__seed43,MSH6,P43246:473:S>T,0,0.015314313
train-clinvar+pg_dms__transformer__seed43,MSH6,P43246:473:S>A,0,0.004928077
train-clinvar+pg_dms__transformer__seed43,MSH6,P43246:473:S>C,0,0.008676396
train-clinvar+pg_dms__transformer__seed43,MSH6,P43246:473:S>E,0,0.051875774
train-clinvar+pg_dms__transformer__seed43,MSH6,P43246:473:S>G,0,0.021098629
train-clinvar+pg_dms__transformer__seed43,MSH6,P43246:473:S>R,0,0.43533367
train-clinvar+pg_dms__transformer__seed43,MSH6,P43246:473:S>Q,0,0.048472244
train-clinvar+pg_dms__transformer__seed43,MSH6,P43246:473:S>P,0,0.669493
train-clinvar+pg_dms__transformer__seed43,MSH6,P43246:473:S>N,0,0.031269077
train-clinvar+pg_dms__transformer__seed43,MSH6,P43246:473:S>M,0,0.313327
train-clinvar+pg_dms__transformer__seed43,MSH6,P43246:473:S>L,0,0.035433613
train-clinvar+pg_dms__transformer__seed43,MSH6,P43246:473:S>K,0,0.35951063
train-clinvar+pg_dms__transformer__seed43,MSH6,P43246:473:S>I,0,0.075712
train-clinvar+pg_dms__transformer__seed43,MSH6,P43246:473:S>H,0,0.13265811
train-clinvar+pg_dms__transformer__seed43,MSH6,P43246:473:S>F,0,0.092748865
train-clinvar+pg_dms__transformer__seed43,MSH6,P43246:483:E>Q,0,0.001262808
train-clinvar+pg_dms__transformer__seed43,MSH6,P43246:483:E>L,0,0.0029533822
train-clinvar+pg_dms__transformer__seed43,MSH6,P43246:483:E>K,0,0.0073135225
train-clinvar+pg_dms__transformer__seed43,MSH6,P43246:483:E>I,0,0.004051716
train-clinvar+pg_dms__transformer__seed43,MSH6,P43246:483:E>H,1,0.02342549
train-clinvar+pg_dms__transformer__seed43,MSH6,P43246:483:E>G,0,0.0026182611
train-clinvar+pg_dms__transformer__seed43,MSH6,P43246:483:E>F,0,0.022404594
train-clinvar+pg_dms__transformer__seed43,MSH6,P43246:483:E>D,0,0.021192634
train-clinvar+pg_dms__transformer__seed43,MSH6,P43246:483:E>C,0,0.014800862
train-clinvar+pg_dms__transformer__seed43,MSH6,P43246:483:E>A,0,0.0032097187
train-clinvar+pg_dms__transformer__seed43,MSH6,P43246:483:E>M,0,0.089560986
train-clinvar+pg_dms__transformer__seed43,MSH6,P43246:483:E>Y,0,0.013117381
train-clinvar+pg_dms__transformer__seed43,MSH6,P43246:483:E>W,0,0.16061291
train-clinvar+pg_dms__transformer__seed43,MSH6,P43246:483:E>V,0,0.0021064999
train-clinvar+pg_dms__transformer__seed43,MSH6,P43246:483:E>T,0,0.009190723
train-clinvar+pg_dms__transformer__seed43,MSH6,P43246:483:E>S,0,0.0020411285
train-clinvar+pg_dms__transformer__seed43,MSH6,P43246:483:E>R,0,0.0067260084
train-clinvar+pg_dms__transformer__seed43,MSH6,P43246:483:E>P,0,0.5214383
train-clinvar+pg_dms__transformer__seed43,MSH6,P43246:489:E>D,0,0.01660086
train-clinvar+pg_dms__transformer__seed43,MSH6,P43246:489:E>K,1,0.10345392
train-clinvar+pg_dms__transformer__seed43,MSH6,P43246:489:E>C,0,0.064915635
train-clinvar+pg_dms__transformer__seed43,MSH6,P43246:489:E>L,0,0.03620979
train-clinvar+pg_dms__transformer__seed43,MSH6,P43246:489:E>M,0,0.30075
train-clinvar+pg_dms__transformer__seed43,MSH6,P43246:489:E>N,0,0.019631524
train-clinvar+pg_dms__transformer__seed43,MSH6,P43246:489:E>P,0,0.7654682
train-clinvar+pg_dms__transformer__seed43,MSH6,P43246:489:E>Q,0,0.0049292087
train-clinvar+pg_dms__transformer__seed43,MSH6,P43246:489:E>R,0,0.05116211
train-clinvar+pg_dms__transformer__seed43,MSH6,P43246:489:E>S,0,0.008290642
train-clinvar+pg_dms__transformer__seed43,MSH6,P43246:489:E>T,0,0.06784848
train-clinvar+pg_dms__transformer__seed43,MSH6,P43246:489:E>V,0,0.046877418
train-clinvar+pg_dms__transformer__seed43,MSH6,P43246:489:E>W,0,0.27894768
train-clinvar+pg_dms__transformer__seed43,MSH6,P43246:489:E>Y,0,0.086705975
train-clinvar+pg_dms__transformer__seed43,MSH6,P43246:489:E>A,0,0.016774585
train-clinvar+pg_dms__transformer__seed43,MSH6,P43246:489:E>G,0,0.008038224
train-clinvar+pg_dms__transformer__seed43,MSH6,P43246:489:E>F,0,0.15164703
train-clinvar+pg_dms__transformer__seed43,MSH6,P43246:489:E>I,0,0.08473545
train-clinvar+pg_dms__transformer__seed43,MSH6,P43246:489:E>H,0,0.15539147
train-clinvar+pg_dms__transformer__seed43,MSH6,P43246:501:R>Q,0,0.08266928
train-clinvar+pg_dms__transformer__seed43,MSH6,P43246:501:R>Y,0,0.31709993
train-clinvar+pg_dms__transformer__seed43,MSH6,P43246:501:R>H,0,0.24811211
train-clinvar+pg_dms__transformer__seed43,MSH6,P43246:501:R>P,0,0.9767595
train-clinvar+pg_dms__transformer__seed43,MSH6,P43246:501:R>M,0,0.43077272
train-clinvar+pg_dms__transformer__seed43,MSH6,P43246:501:R>L,0,0.4532045
train-clinvar+pg_dms__transformer__seed43,MSH6,P43246:501:R>K,0,0.21019056
train-clinvar+pg_dms__transformer__seed43,MSH6,P43246:501:R>I,0,0.52726626
train-clinvar+pg_dms__transformer__seed43,MSH6,P43246:501:R>S,0,0.27400166
train-clinvar+pg_dms__transformer__seed43,MSH6,P43246:501:R>T,0,0.23655227
train-clinvar+pg_dms__transformer__seed43,MSH6,P43246:501:R>W,1,0.6697343
train-clinvar+pg_dms__transformer__seed43,MSH6,P43246:501:R>F,0,0.70124876
train-clinvar+pg_dms__transformer__seed43,MSH6,P43246:501:R>E,0,0.22476241
train-clinvar+pg_dms__transformer__seed43,MSH6,P43246:501:R>D,0,0.5406149
train-clinvar+pg_dms__transformer__seed43,MSH6,P43246:501:R>A,0,0.23568277
train-clinvar+pg_dms__transformer__seed43,MSH6,P43246:501:R>V,0,0.31925604
train-clinvar+pg_dms__transformer__seed43,MSH6,P43246:502:D>S,0,0.004999169
train-clinvar+pg_dms__transformer__seed43,MSH6,P43246:502:D>C,0,0.024151491
train-clinvar+pg_dms__transformer__seed43,MSH6,P43246:502:D>A,0,0.0055711423
train-clinvar+pg_dms__transformer__seed43,MSH6,P43246:502:D>E,0,0.0075776647
train-clinvar+pg_dms__transformer__seed43,MSH6,P43246:502:D>G,0,0.022509694
train-clinvar+pg_dms__transformer__seed43,MSH6,P43246:502:D>T,0,0.010848192
train-clinvar+pg_dms__transformer__seed43,MSH6,P43246:502:D>W,0,0.38794896
train-clinvar+pg_dms__transformer__seed43,MSH6,P43246:502:D>Y,0,0.013675654
train-clinvar+pg_dms__transformer__seed43,MSH6,P43246:502:D>H,0,0.08028863
train-clinvar+pg_dms__transformer__seed43,MSH6,P43246:502:D>I,0,0.03039969
train-clinvar+pg_dms__transformer__seed43,MSH6,P43246:502:D>Q,0,0.008599247
train-clinvar+pg_dms__transformer__seed43,MSH6,P43246:502:D>P,0,0.7757271
train-clinvar+pg_dms__transformer__seed43,MSH6,P43246:502:D>N,0,0.004657678
train-clinvar+pg_dms__transformer__seed43,MSH6,P43246:502:D>M,0,0.24588937
train-clinvar+pg_dms__transformer__seed43,MSH6,P43246:502:D>L,0,0.010385021
train-clinvar+pg_dms__transformer__seed43,MSH6,P43246:502:D>K,0,0.026056256
train-clinvar+pg_dms__transformer__seed43,MSH6,P43246:502:D>R,0,0.032367248
train-clinvar+pg_dms__transformer__seed43,MSH6,P43246:511:I>N,1,0.9900304
train-clinvar+pg_dms__transformer__seed43,MSH6,P43246:511:I>P,0,0.9791586
train-clinvar+pg_dms__transformer__seed43,MSH6,P43246:511:I>G,1,0.9838599
train-clinvar+pg_dms__transformer__seed43,MSH6,P43246:511:I>L,0,0.0065658856
train-clinvar+pg_dms__transformer__seed43,MSH6,P43246:511:I>K,1,0.9728966
train-clinvar+pg_dms__transformer__seed43,MSH6,P43246:511:I>H,1,0.9241367
train-clinvar+pg_dms__transformer__seed43,MSH6,P43246:511:I>F,0,0.2796024
train-clinvar+pg_dms__transformer__seed43,MSH6,P43246:511:I>E,1,0.9920408
train-clinvar+pg_dms__transformer__seed43,MSH6,P43246:511:I>D,1,0.9946466
train-clinvar+pg_dms__transformer__seed43,MSH6,P43246:511:I>C,0,0.6298713
train-clinvar+pg_dms__transformer__seed43,MSH6,P43246:511:I>A,0,0.89856845
train-clinvar+pg_dms__transformer__seed43,MSH6,P43246:511:I>S,1,0.94712657
train-clinvar+pg_dms__transformer__seed43,MSH6,P43246:511:I>R,1,0.9966158
train-clinvar+pg_dms__transformer__seed43,MSH6,P43246:511:I>Y,1,0.940279
train-clinvar+pg_dms__transformer__seed43,MSH6,P43246:511:I>W,1,0.9343371
train-clinvar+pg_dms__transformer__seed43,MSH6,P43246:511:I>V,0,0.008413268
train-clinvar+pg_dms__transformer__seed43,MSH6,P43246:511:I>T,0,0.7221144
train-clinvar+pg_dms__transformer__seed43,MSH6,P43246:511:I>Q,1,0.95526737
train-clinvar+pg_dms__transformer__seed43,MSH6,P43246:519:F>V,0,0.0068359394
train-clinvar+pg_dms__transformer__seed43,MSH6,P43246:519:F>R,0,0.09745406
train-clinvar+pg_dms__transformer__seed43,MSH6,P43246:519:F>W,0,0.09028557
train-clinvar+pg_dms__transformer__seed43,MSH6,P43246:519:F>Y,0,0.010698814
train-clinvar+pg_dms__transformer__seed43,MSH6,P43246:519:F>Q,0,0.027320366
train-clinvar+pg_dms__transformer__seed43,MSH6,P43246:519:F>P,0,0.7489627
train-clinvar+pg_dms__transformer__seed43,MSH6,P43246:519:F>N,0,0.06070656
train-clinvar+pg_dms__transformer__seed43,MSH6,P43246:519:F>M,0,0.2825711
train-clinvar+pg_dms__transformer__seed43,MSH6,P43246:519:F>L,0,0.09745256
train-clinvar+pg_dms__transformer__seed43,MSH6,P43246:519:F>K,0,0.14013216
train-clinvar+pg_dms__transformer__seed43,MSH6,P43246:519:F>I,0,0.035339113
train-clinvar+pg_dms__transformer__seed43,MSH6,P43246:519:F>H,0,0.013675609
train-clinvar+pg_dms__transformer__seed43,MSH6,P43246:519:F>G,0,0.07954533
train-clinvar+pg_dms__transformer__seed43,MSH6,P43246:519:F>E,0,0.19986896
train-clinvar+pg_dms__transformer__seed43,MSH6,P43246:519:F>D,0,0.33575422
train-clinvar+pg_dms__transformer__seed43,MSH6,P43246:519:F>A,0,0.01281474
train-clinvar+pg_dms__transformer__seed43,MSH6,P43246:519:F>T,0,0.013335765
train-clinvar+pg_dms__transformer__seed43,MSH6,P43246:519:F>S,0,0.0073393346
train-clinvar+pg_dms__transformer__seed43,MSH6,P43246:523:F>Y,0,0.10168946
train-clinvar+pg_dms__transformer__seed43,MSH6,P43246:523:F>W,0,0.8751711
train-clinvar+pg_dms__transformer__seed43,MSH6,P43246:523:F>V,1,0.9132134
train-clinvar+pg_dms__transformer__seed43,MSH6,P43246:523:F>T,1,0.99117094
train-clinvar+pg_dms__transformer__seed43,MSH6,P43246:523:F>R,1,0.99678075
train-clinvar+pg_dms__transformer__seed43,MSH6,P43246:523:F>Q,1,0.8406209
train-clinvar+pg_dms__transformer__seed43,MSH6,P43246:523:F>P,1,0.9929778
train-clinvar+pg_dms__transformer__seed43,MSH6,P43246:523:F>M,0,0.4630573
train-clinvar+pg_dms__transformer__seed43,MSH6,P43246:523:F>N,1,0.9864958
train-clinvar+pg_dms__transformer__seed43,MSH6,P43246:523:F>A,1,0.9943551
train-clinvar+pg_dms__transformer__seed43,MSH6,P43246:523:F>D,1,0.9864872
train-clinvar+pg_dms__transformer__seed43,MSH6,P43246:523:F>E,1,0.97700703
train-clinvar+pg_dms__transformer__seed43,MSH6,P43246:523:F>C,0,0.45214635
train-clinvar+pg_dms__transformer__seed43,MSH6,P43246:523:F>H,1,0.95551354
train-clinvar+pg_dms__transformer__seed43,MSH6,P43246:523:F>I,1,0.87266815
train-clinvar+pg_dms__transformer__seed43,MSH6,P43246:523:F>K,1,0.99194604
train-clinvar+pg_dms__transformer__seed43,MSH6,P43246:523:F>L,0,0.56213856
train-clinvar+pg_dms__transformer__seed43,MSH6,P43246:523:F>G,1,0.9920048
train-clinvar+pg_dms__transformer__seed43,MSH6,P43246:532:V>D,0,0.446722
train-clinvar+pg_dms__transformer__seed43,MSH6,P43246:532:V>K,0,0.11615808
train-clinvar+pg_dms__transformer__seed43,MSH6,P43246:532:V>G,0,0.011134864
train-clinvar+pg_dms__transformer__seed43,MSH6,P43246:532:V>F,0,0.025742559
train-clinvar+pg_dms__transformer__seed43,MSH6,P43246:532:V>A,0,0.026895981
train-clinvar+pg_dms__transformer__seed43,MSH6,P43246:532:V>C,0,0.01844835
train-clinvar+pg_dms__transformer__seed43,MSH6,P43246:532:V>E,0,0.05218973
train-clinvar+pg_dms__transformer__seed43,MSH6,P43246:532:V>Y,0,0.099540375
train-clinvar+pg_dms__transformer__seed43,MSH6,P43246:532:V>W,0,0.7238357
train-clinvar+pg_dms__transformer__seed43,MSH6,P43246:532:V>L,0,0.006910563
train-clinvar+pg_dms__transformer__seed43,MSH6,P43246:532:V>M,0,0.1603993
train-clinvar+pg_dms__transformer__seed43,MSH6,P43246:532:V>N,0,0.019859165
train-clinvar+pg_dms__transformer__seed43,MSH6,P43246:532:V>P,0,0.32745993
train-clinvar+pg_dms__transformer__seed43,MSH6,P43246:532:V>T,0,0.015883576
train-clinvar+pg_dms__transformer__seed43,MSH6,P43246:532:V>S,0,0.0037480425
train-clinvar+pg_dms__transformer__seed43,MSH6,P43246:532:V>Q,0,0.021418864
train-clinvar+pg_dms__transformer__seed43,MSH6,P43246:532:V>R,0,0.16610499
train-clinvar+pg_dms__transformer__seed43,MSH6,P43246:547:N>Y,0,0.029415792
train-clinvar+pg_dms__transformer__seed43,MSH6,P43246:547:N>W,0,0.8640997
train-clinvar+pg_dms__transformer__seed43,MSH6,P43246:547:N>V,0,0.09497423
train-clinvar+pg_dms__transformer__seed43,MSH6,P43246:547:N>T,0,0.03251524
train-clinvar+pg_dms__transformer__seed43,MSH6,P43246:547:N>S,0,0.016973777
train-clinvar+pg_dms__transformer__seed43,MSH6,P43246:547:N>R,0,0.3655123
train-clinvar+pg_dms__transformer__seed43,MSH6,P43246:547:N>E,1,0.33802778
train-clinvar+pg_dms__transformer__seed43,MSH6,P43246:547:N>P,1,0.7264966
train-clinvar+pg_dms__transformer__seed43,MSH6,P43246:547:N>C,0,0.016766557
train-clinvar+pg_dms__transformer__seed43,MSH6,P43246:547:N>L,0,0.04184737
train-clinvar+pg_dms__transformer__seed43,MSH6,P43246:547:N>K,0,0.2967356
train-clinvar+pg_dms__transformer__seed43,MSH6,P43246:547:N>I,0,0.18479013
train-clinvar+pg_dms__transformer__seed43,MSH6,P43246:547:N>H,0,0.09503058
train-clinvar+pg_dms__transformer__seed43,MSH6,P43246:547:N>G,0,0.013442102
train-clinvar+pg_dms__transformer__seed43,MSH6,P43246:547:N>F,0,0.16680306
train-clinvar+pg_dms__transformer__seed43,MSH6,P43246:547:N>A,0,0.025213605
train-clinvar+pg_dms__transformer__seed43,MSH6,P43246:547:N>M,0,0.3285921
train-clinvar+pg_dms__transformer__seed43,MSH6,P43246:547:N>Q,0,0.1105284
train-clinvar+pg_dms__transformer__seed43,MSH6,P43246:550:K>S,1,0.6493579
train-clinvar+pg_dms__transformer__seed43,MSH6,P43246:550:K>T,0,0.84211594
train-clinvar+pg_dms__transformer__seed43,MSH6,P43246:550:K>V,0,0.76819175
train-clinvar+pg_dms__transformer__seed43,MSH6,P43246:550:K>W,0,0.80217624
train-clinvar+pg_dms__transformer__seed43,MSH6,P43246:550:K>Y,0,0.708971
train-clinvar+pg_dms__transformer__seed43,MSH6,P43246:550:K>F,0,0.6944008
train-clinvar+pg_dms__transformer__seed43,MSH6,P43246:550:K>R,0,0.011863228
train-clinvar+pg_dms__transformer__seed43,MSH6,P43246:550:K>Q,0,0.37157312
train-clinvar+pg_dms__transformer__seed43,MSH6,P43246:550:K>G,1,0.8432346
train-clinvar+pg_dms__transformer__seed43,MSH6,P43246:550:K>N,0,0.8476859
train-clinvar+pg_dms__transformer__seed43,MSH6,P43246:550:K>M,0,0.63903546
train-clinvar+pg_dms__transformer__seed43,MSH6,P43246:550:K>L,0,0.69208294
train-clinvar+pg_dms__transformer__seed43,MSH6,P43246:550:K>I,0,0.8660589
train-clinvar+pg_dms__transformer__seed43,MSH6,P43246:550:K>A,0,0.701742
train-clinvar+pg_dms__transformer__seed43,MSH6,P43246:550:K>C,0,0.30707404
train-clinvar+pg_dms__transformer__seed43,MSH6,P43246:550:K>D,1,0.9848986
train-clinvar+pg_dms__transformer__seed43,MSH6,P43246:550:K>E,1,0.9920359
train-clinvar+pg_dms__transformer__seed43,MSH6,P43246:550:K>P,1,0.9923578
train-clinvar+pg_dms__transformer__seed43,MSH6,P43246:550:K>H,0,0.50783545
train-clinvar+pg_dms__transformer__seed43,MSH6,P43246:558:S>V,0,0.062683195
train-clinvar+pg_dms__transformer__seed43,MSH6,P43246:558:S>W,0,0.33712828
train-clinvar+pg_dms__transformer__seed43,MSH6,P43246:558:S>A,0,0.01550158
train-clinvar+pg_dms__transformer__seed43,MSH6,P43246:558:S>C,0,0.01059157
train-clinvar+pg_dms__transformer__seed43,MSH6,P43246:558:S>D,0,0.08450261
train-clinvar+pg_dms__transformer__seed43,MSH6,P43246:558:S>Y,0,0.08628617
train-clinvar+pg_dms__transformer__seed43,MSH6,P43246:558:S>E,0,0.019269524
train-clinvar+pg_dms__transformer__seed43,MSH6,P43246:558:S>F,0,0.07321702
train-clinvar+pg_dms__transformer__seed43,MSH6,P43246:558:S>G,0,0.039103422
train-clinvar+pg_dms__transformer__seed43,MSH6,P43246:558:S>I,0,0.08217292
train-clinvar+pg_dms__transformer__seed43,MSH6,P43246:558:S>H,0,0.04386372
train-clinvar+pg_dms__transformer__seed43,MSH6,P43246:558:S>L,0,0.010397622
train-clinvar+pg_dms__transformer__seed43,MSH6,P43246:558:S>Q,0,0.024253879
train-clinvar+pg_dms__transformer__seed43,MSH6,P43246:558:S>K,0,0.057974186
train-clinvar+pg_dms__transformer__seed43,MSH6,P43246:558:S>P,0,0.87895495
train-clinvar+pg_dms__transformer__seed43,MSH6,P43246:558:S>R,0,0.057135634
train-clinvar+pg_dms__transformer__seed43,MSH6,P43246:558:S>T,0,0.07639547
train-clinvar+pg_dms__transformer__seed43,MSH6,P43246:558:S>M,0,0.29626176
train-clinvar+pg_dms__transformer__seed43,MSH6,P43246:558:S>N,0,0.033763386
train-clinvar+pg_dms__transformer__seed43,MSH6,P43246:561:E>F,0,0.094913445
train-clinvar+pg_dms__transformer__seed43,MSH6,P43246:561:E>C,0,0.057402693
train-clinvar+pg_dms__transformer__seed43,MSH6,P43246:561:E>Y,0,0.05099569
train-clinvar+pg_dms__transformer__seed43,MSH6,P43246:561:E>W,0,0.3063852
train-clinvar+pg_dms__transformer__seed43,MSH6,P43246:561:E>V,0,0.04261387
train-clinvar+pg_dms__transformer__seed43,MSH6,P43246:561:E>S,0,0.003535646
train-clinvar+pg_dms__transformer__seed43,MSH6,P43246:561:E>R,0,0.028078498
train-clinvar+pg_dms__transformer__seed43,MSH6,P43246:561:E>Q,0,0.0076886076
train-clinvar+pg_dms__transformer__seed43,MSH6,P43246:561:E>P,0,0.86970913
train-clinvar+pg_dms__transformer__seed43,MSH6,P43246:561:E>N,0,0.0069316896
train-clinvar+pg_dms__transformer__seed43,MSH6,P43246:561:E>M,0,0.2798966
train-clinvar+pg_dms__transformer__seed43,MSH6,P43246:561:E>T,0,0.0131082
train-clinvar+pg_dms__transformer__seed43,MSH6,P43246:561:E>L,0,0.010477191
train-clinvar+pg_dms__transformer__seed43,MSH6,P43246:561:E>G,0,0.031565506
train-clinvar+pg_dms__transformer__seed43,MSH6,P43246:561:E>A,0,0.0066071884
train-clinvar+pg_dms__transformer__seed43,MSH6,P43246:561:E>D,0,0.01179844
train-clinvar+pg_dms__transformer__seed43,MSH6,P43246:561:E>H,0,0.063217156
train-clinvar+pg_dms__transformer__seed43,MSH6,P43246:561:E>I,0,0.05879349
train-clinvar+pg_dms__transformer__seed43,MSH6,P43246:561:E>K,0,0.060722735
train-clinvar+pg_dms__transformer__seed43,MSH6,P43246:564:T>S,0,0.006705943
train-clinvar+pg_dms__transformer__seed43,MSH6,P43246:564:T>R,0,0.011387587
train-clinvar+pg_dms__transformer__seed43,MSH6,P43246:564:T>Q,0,0.020421103
train-clinvar+pg_dms__transformer__seed43,MSH6,P43246:564:T>P,1,0.9209626
train-clinvar+pg_dms__transformer__seed43,MSH6,P43246:564:T>M,0,0.24407089
train-clinvar+pg_dms__transformer__seed43,MSH6,P43246:564:T>L,0,0.00194805
train-clinvar+pg_dms__transformer__seed43,MSH6,P43246:564:T>I,0,0.061108347
train-clinvar+pg_dms__transformer__seed43,MSH6,P43246:564:T>F,0,0.0066663567
train-clinvar+pg_dms__transformer__seed43,MSH6,P43246:564:T>G,0,0.008437093
train-clinvar+pg_dms__transformer__seed43,MSH6,P43246:564:T>E,0,0.0119420085
train-clinvar+pg_dms__transformer__seed43,MSH6,P43246:564:T>D,0,0.052269142
train-clinvar+pg_dms__transformer__seed43,MSH6,P43246:564:T>Y,0,0.006298581
train-clinvar+pg_dms__transformer__seed43,MSH6,P43246:564:T>W,0,0.3353287
train-clinvar+pg_dms__transformer__seed43,MSH6,P43246:564:T>H,0,0.013385145
train-clinvar+pg_dms__transformer__seed43,MSH6,P43246:564:T>V,0,0.07655831
train-clinvar+pg_dms__transformer__seed43,MSH6,P43246:564:T>N,0,0.021924365
train-clinvar+pg_dms__transformer__seed43,MSH6,P43246:575:D>A,0,0.0038364052
train-clinvar+pg_dms__transformer__seed43,MSH6,P43246:575:D>C,0,0.015355381
train-clinvar+pg_dms__transformer__seed43,MSH6,P43246:575:D>G,0,0.023011854
train-clinvar+pg_dms__transformer__seed43,MSH6,P43246:575:D>F,0,0.049343374
train-clinvar+pg_dms__transformer__seed43,MSH6,P43246:575:D>T,0,0.012909204
train-clinvar+pg_dms__transformer__seed43,MSH6,P43246:575:D>I,0,0.03606118
train-clinvar+pg_dms__transformer__seed43,MSH6,P43246:575:D>K,0,0.023023607
train-clinvar+pg_dms__transformer__seed43,MSH6,P43246:575:D>L,0,0.011776388
train-clinvar+pg_dms__transformer__seed43,MSH6,P43246:575:D>M,0,0.26910257
train-clinvar+pg_dms__transformer__seed43,MSH6,P43246:575:D>N,0,0.012418217
train-clinvar+pg_dms__transformer__seed43,MSH6,P43246:575:D>P,1,0.8006511
train-clinvar+pg_dms__transformer__seed43,MSH6,P43246:575:D>Q,0,0.009917358
train-clinvar+pg_dms__transformer__seed43,MSH6,P43246:575:D>R,0,0.020931402
train-clinvar+pg_dms__transformer__seed43,MSH6,P43246:575:D>S,0,0.0042513437
train-clinvar+pg_dms__transformer__seed43,MSH6,P43246:575:D>V,0,0.075888
train-clinvar+pg_dms__transformer__seed43,MSH6,P43246:575:D>W,0,0.39715365
train-clinvar+pg_dms__transformer__seed43,MSH6,P43246:575:D>H,0,0.040342838
train-clinvar+pg_dms__transformer__seed43,MSH6,P43246:579:K>N,0,0.025373718
train-clinvar+pg_dms__transformer__seed43,MSH6,P43246:579:K>T,0,0.04256022
train-clinvar+pg_dms__transformer__seed43,MSH6,P43246:579:K>V,0,0.020428296
train-clinvar+pg_dms__transformer__seed43,MSH6,P43246:579:K>S,0,0.0122221885
train-clinvar+pg_dms__transformer__seed43,MSH6,P43246:579:K>R,0,0.0017058436
train-clinvar+pg_dms__transformer__seed43,MSH6,P43246:579:K>W,0,0.15655378
train-clinvar+pg_dms__transformer__seed43,MSH6,P43246:579:K>M,0,0.05254227
train-clinvar+pg_dms__transformer__seed43,MSH6,P43246:579:K>Q,0,0.0019549895
train-clinvar+pg_dms__transformer__seed43,MSH6,P43246:579:K>I,0,0.03203363
train-clinvar+pg_dms__transformer__seed43,MSH6,P43246:579:K>A,0,0.010518668
train-clinvar+pg_dms__transformer__seed43,MSH6,P43246:579:K>C,0,0.019807981
train-clinvar+pg_dms__transformer__seed43,MSH6,P43246:579:K>F,0,0.07978712
train-clinvar+pg_dms__transformer__seed43,MSH6,P43246:579:K>G,0,0.014791222
train-clinvar+pg_dms__transformer__seed43,MSH6,P43246:579:K>H,0,0.05227426
train-clinvar+pg_dms__transformer__seed43,MSH6,P43246:579:K>L,0,0.018046757
train-clinvar+pg_dms__transformer__seed43,MSH6,P43246:579:K>P,1,0.7684602
train-clinvar+pg_dms__transformer__seed43,MSH6,P43246:582:V>Y,0,0.72219163
train-clinvar+pg_dms__transformer__seed43,MSH6,P43246:582:V>M,0,0.07685388
train-clinvar+pg_dms__transformer__seed43,MSH6,P43246:582:V>T,1,0.11098757
train-clinvar+pg_dms__transformer__seed43,MSH6,P43246:582:V>S,0,0.2410399
train-clinvar+pg_dms__transformer__seed43,MSH6,P43246:582:V>R,0,0.7833913
train-clinvar+pg_dms__transformer__seed43,MSH6,P43246:582:V>Q,0,0.35806385
train-clinvar+pg_dms__transformer__seed43,MSH6,P43246:582:V>P,1,0.96073383
train-clinvar+pg_dms__transformer__seed43,MSH6,P43246:582:V>W,0,0.7264095
train-clinvar+pg_dms__transformer__seed43,MSH6,P43246:582:V>K,0,0.56270206
train-clinvar+pg_dms__transformer__seed43,MSH6,P43246:582:V>H,0,0.5578445
train-clinvar+pg_dms__transformer__seed43,MSH6,P43246:582:V>G,0,0.44923624
train-clinvar+pg_dms__transformer__seed43,MSH6,P43246:582:V>E,0,0.7838252
train-clinvar+pg_dms__transformer__seed43,MSH6,P43246:582:V>C,0,0.12083236
train-clinvar+pg_dms__transformer__seed43,MSH6,P43246:582:V>A,0,0.16604608
train-clinvar+pg_dms__transformer__seed43,MSH6,P43246:583:N>D,0,0.02597221
train-clinvar+pg_dms__transformer__seed43,MSH6,P43246:583:N>L,0,0.008212935
train-clinvar+pg_dms__transformer__seed43,MSH6,P43246:583:N>E,0,0.05097473
train-clinvar+pg_dms__transformer__seed43,MSH6,P43246:583:N>F,0,0.026553812
train-clinvar+pg_dms__transformer__seed43,MSH6,P43246:583:N>G,0,0.0070090936
train-clinvar+pg_dms__transformer__seed43,MSH6,P43246:583:N>H,0,0.017443605
train-clinvar+pg_dms__transformer__seed43,MSH6,P43246:583:N>I,0,0.07639789
train-clinvar+pg_dms__transformer__seed43,MSH6,P43246:583:N>K,0,0.02955366
train-clinvar+pg_dms__transformer__seed43,MSH6,P43246:583:N>M,0,0.11889649
train-clinvar+pg_dms__transformer__seed43,MSH6,P43246:583:N>A,0,0.0055963113
train-clinvar+pg_dms__transformer__seed43,MSH6,P43246:583:N>Q,0,0.009400148
train-clinvar+pg_dms__transformer__seed43,MSH6,P43246:583:N>R,0,0.028612547
train-clinvar+pg_dms__transformer__seed43,MSH6,P43246:583:N>S,0,0.024136314
train-clinvar+pg_dms__transformer__seed43,MSH6,P43246:583:N>V,0,0.017162314
train-clinvar+pg_dms__transformer__seed43,MSH6,P43246:583:N>W,0,0.5192882
train-clinvar+pg_dms__transformer__seed43,MSH6,P43246:583:N>Y,0,0.008773807
train-clinvar+pg_dms__transformer__seed43,MSH6,P43246:583:N>C,0,0.0037469119
train-clinvar+pg_dms__transformer__seed43,MSH6,P43246:583:N>P,1,0.76797485
train-clinvar+pg_dms__transformer__seed43,MSH6,P43246:584:I>K,0,0.34998867
train-clinvar+pg_dms__transformer__seed43,MSH6,P43246:584:I>H,0,0.29999688
train-clinvar+pg_dms__transformer__seed43,MSH6,P43246:584:I>G,0,0.5687953
train-clinvar+pg_dms__transformer__seed43,MSH6,P43246:584:I>F,0,0.25467512
train-clinvar+pg_dms__transformer__seed43,MSH6,P43246:584:I>A,0,0.16256908
train-clinvar+pg_dms__transformer__seed43,MSH6,P43246:584:I>L,0,0.20301525
train-clinvar+pg_dms__transformer__seed43,MSH6,P43246:584:I>M,0,0.4912266
train-clinvar+pg_dms__transformer__seed43,MSH6,P43246:584:I>P,0,0.76098186
train-clinvar+pg_dms__transformer__seed43,MSH6,P43246:584:I>Q,0,0.16001198
train-clinvar+pg_dms__transformer__seed43,MSH6,P43246:584:I>R,0,0.5251231
train-clinvar+pg_dms__transformer__seed43,MSH6,P43246:584:I>N,0,0.32161716
train-clinvar+pg_dms__transformer__seed43,MSH6,P43246:584:I>T,0,0.39599457
train-clinvar+pg_dms__transformer__seed43,MSH6,P43246:584:I>W,0,0.66579825
train-clinvar+pg_dms__transformer__seed43,MSH6,P43246:584:I>Y,0,0.23902763
train-clinvar+pg_dms__transformer__seed43,MSH6,P43246:584:I>E,0,0.31725395
train-clinvar+pg_dms__transformer__seed43,MSH6,P43246:584:I>D,0,0.57808405
train-clinvar+pg_dms__transformer__seed43,MSH6,P43246:584:I>C,0,0.09259769
train-clinvar+pg_dms__transformer__seed43,MSH6,P43246:584:I>S,0,0.15975638
train-clinvar+pg_dms__transformer__seed43,MSH6,P43246:588:Y>A,0,0.34056532
train-clinvar+pg_dms__transformer__seed43,MSH6,P43246:588:Y>V,0,0.73489916
train-clinvar+pg_dms__transformer__seed43,MSH6,P43246:588:Y>P,1,0.93071324
train-clinvar+pg_dms__transformer__seed43,MSH6,P43246:588:Y>Q,0,0.5052814
train-clinvar+pg_dms__transformer__seed43,MSH6,P43246:588:Y>S,0,0.51964843
train-clinvar+pg_dms__transformer__seed43,MSH6,P43246:588:Y>R,0,0.92013294
train-clinvar+pg_dms__transformer__seed43,MSH6,P43246:588:Y>I,1,0.89292216
train-clinvar+pg_dms__transformer__seed43,MSH6,P43246:588:Y>G,0,0.9202446
train-clinvar+pg_dms__transformer__seed43,MSH6,P43246:588:Y>T,0,0.77042794
train-clinvar+pg_dms__transformer__seed43,MSH6,P43246:588:Y>E,0,0.8287061
train-clinvar+pg_dms__transformer__seed43,MSH6,P43246:588:Y>D,0,0.9681864
train-clinvar+pg_dms__transformer__seed43,MSH6,P43246:588:Y>C,0,0.39444312
train-clinvar+pg_dms__transformer__seed43,MSH6,P43246:588:Y>K,0,0.6404313
train-clinvar+pg_dms__transformer__seed43,MSH6,P43246:588:Y>F,0,0.07475339
train-clinvar+pg_dms__transformer__seed43,MSH6,P43246:588:Y>N,0,0.59196407
train-clinvar+pg_dms__transformer__seed43,MSH6,P43246:588:Y>W,0,0.6059003
train-clinvar+pg_dms__transformer__seed43,MSH6,P43246:588:Y>M,0,0.58945096
train-clinvar+pg_dms__transformer__seed43,MSH6,P43246:588:Y>L,0,0.51185024
train-clinvar+pg_dms__transformer__seed43,MSH6,P43246:598:V>H,0,0.12581177
train-clinvar+pg_dms__transformer__seed43,MSH6,P43246:598:V>Y,0,0.16366929
train-clinvar+pg_dms__transformer__seed43,MSH6,P43246:598:V>W,1,0.7380339
train-clinvar+pg_dms__transformer__seed43,MSH6,P43246:598:V>T,0,0.011264432
train-clinvar+pg_dms__transformer__seed43,MSH6,P43246:598:V>S,0,0.013509596
train-clinvar+pg_dms__transformer__seed43,MSH6,P43246:598:V>G,0,0.03077488
train-clinvar+pg_dms__transformer__seed43,MSH6,P43246:598:V>Q,0,0.040158655
train-clinvar+pg_dms__transformer__seed43,MSH6,P43246:598:V>A,0,0.011931323
train-clinvar+pg_dms__transformer__seed43,MSH6,P43246:598:V>D,0,0.35680348
train-clinvar+pg_dms__transformer__seed43,MSH6,P43246:598:V>E,0,0.085499845
train-clinvar+pg_dms__transformer__seed43,MSH6,P43246:598:V>F,0,0.01176458
train-clinvar+pg_dms__transformer__seed43,MSH6,P43246:598:V>I,0,0.0089475475
train-clinvar+pg_dms__transformer__seed43,MSH6,P43246:598:V>C,0,0.039553087
train-clinvar+pg_dms__transformer__seed43,MSH6,P43246:598:V>R,0,0.18125564
train-clinvar+pg_dms__transformer__seed43,MSH6,P43246:598:V>L,0,0.007265591
train-clinvar+pg_dms__transformer__seed43,MSH6,P43246:598:V>M,0,0.2931981
train-clinvar+pg_dms__transformer__seed43,MSH6,P43246:598:V>N,0,0.028186541
train-clinvar+pg_dms__transformer__seed43,MSH6,P43246:598:V>P,0,0.91831195
train-clinvar+pg_dms__transformer__seed43,MSH6,P43246:598:V>K,0,0.08827275
train-clinvar+pg_dms__transformer__seed43,MSH6,P43246:599:L>P,1,0.95411474
train-clinvar+pg_dms__transformer__seed43,MSH6,P43246:599:L>N,0,0.8986031
train-clinvar+pg_dms__transformer__seed43,MSH6,P43246:599:L>M,0,0.20638783
train-clinvar+pg_dms__transformer__seed43,MSH6,P43246:599:L>K,0,0.9611267
train-clinvar+pg_dms__transformer__seed43,MSH6,P43246:599:L>I,0,0.012071577
train-clinvar+pg_dms__transformer__seed43,MSH6,P43246:599:L>Q,0,0.7367251
train-clinvar+pg_dms__transformer__seed43,MSH6,P43246:599:L>R,1,0.97410005
train-clinvar+pg_dms__transformer__seed43,MSH6,P43246:599:L>S,0,0.17033465
train-clinvar+pg_dms__transformer__seed43,MSH6,P43246:599:L>A,0,0.06581186
train-clinvar+pg_dms__transformer__seed43,MSH6,P43246:599:L>T,0,0.026527569
train-clinvar+pg_dms__transformer__seed43,MSH6,P43246:599:L>W,0,0.5547252
train-clinvar+pg_dms__transformer__seed43,MSH6,P43246:599:L>G,0,0.5844062
train-clinvar+pg_dms__transformer__seed43,MSH6,P43246:599:L>F,0,0.010291652
train-clinvar+pg_dms__transformer__seed43,MSH6,P43246:599:L>E,0,0.96030414
train-clinvar+pg_dms__transformer__seed43,MSH6,P43246:599:L>D,1,0.9516734
train-clinvar+pg_dms__transformer__seed43,MSH6,P43246:599:L>C,0,0.058424346
train-clinvar+pg_dms__transformer__seed43,MSH6,P43246:599:L>H,0,0.5920023
train-clinvar+pg_dms__transformer__seed43,MSH6,P43246:599:L>V,0,0.015052013
train-clinvar+pg_dms__transformer__seed43,MSH6,P43246:602:L>F,0,0.24446645
train-clinvar+pg_dms__transformer__seed43,MSH6,P43246:602:L>R,1,0.9887138
train-clinvar+pg_dms__transformer__seed43,MSH6,P43246:602:L>H,1,0.88020563
train-clinvar+pg_dms__transformer__seed43,MSH6,P43246:602:L>I,0,0.014410524
train-clinvar+pg_dms__transformer__seed43,MSH6,P43246:602:L>K,1,0.96972704
train-clinvar+pg_dms__transformer__seed43,MSH6,P43246:602:L>M,0,0.08128847
train-clinvar+pg_dms__transformer__seed43,MSH6,P43246:602:L>N,1,0.98201996
train-clinvar+pg_dms__transformer__seed43,MSH6,P43246:602:L>Q,0,0.9371005
train-clinvar+pg_dms__transformer__seed43,MSH6,P43246:602:L>S,0,0.8404232
train-clinvar+pg_dms__transformer__seed43,MSH6,P43246:602:L>T,0,0.2717121
train-clinvar+pg_dms__transformer__seed43,MSH6,P43246:602:L>V,0,0.0269654
train-clinvar+pg_dms__transformer__seed43,MSH6,P43246:602:L>W,0,0.827521
train-clinvar+pg_dms__transformer__seed43,MSH6,P43246:602:L>E,1,0.9520809
train-clinvar+pg_dms__transformer__seed43,MSH6,P43246:602:L>D,1,0.9746756
train-clinvar+pg_dms__transformer__seed43,MSH6,P43246:602:L>C,0,0.2162227
train-clinvar+pg_dms__transformer__seed43,MSH6,P43246:602:L>A,0,0.48600912
train-clinvar+pg_dms__transformer__seed43,MSH6,P43246:602:L>G,0,0.9483501
train-clinvar+pg_dms__transformer__seed43,MSH6,P43246:603:D>C,1,0.23524004
train-clinvar+pg_dms__transformer__seed43,MSH6,P43246:603:D>E,1,0.96551484
train-clinvar+pg_dms__transformer__seed43,MSH6,P43246:603:D>W,1,0.69957656
train-clinvar+pg_dms__transformer__seed43,MSH6,P43246:603:D>R,1,0.9318368
train-clinvar+pg_dms__transformer__seed43,MSH6,P43246:603:D>Q,1,0.6650885
train-clinvar+pg_dms__transformer__seed43,MSH6,P43246:603:D>P,1,0.96912766
train-clinvar+pg_dms__transformer__seed43,MSH6,P43246:603:D>S,0,0.367747
train-clinvar+pg_dms__transformer__seed43,MSH6,P43246:603:D>T,1,0.5725987
train-clinvar+pg_dms__transformer__seed43,MSH6,P43246:603:D>M,1,0.74663234
train-clinvar+pg_dms__transformer__seed43,MSH6,P43246:603:D>F,1,0.71696955
train-clinvar+pg_dms__transformer__seed43,MSH6,P43246:603:D>A,0,0.7162995
train-clinvar+pg_dms__transformer__seed43,MSH6,P43246:603:D>I,1,0.9758834
train-clinvar+pg_dms__transformer__seed43,MSH6,P43246:603:D>K,1,0.934078
train-clinvar+pg_dms__transformer__seed43,MSH6,P43246:603:D>L,1,0.7974884
train-clinvar+pg_dms__transformer__seed43,MSH6,P43246:603:D>H,1,0.75549144
train-clinvar+pg_dms__transformer__seed43,MSH6,P43246:604:A>W,1,0.8372044
train-clinvar+pg_dms__transformer__seed43,MSH6,P43246:604:A>P,1,0.9760761
train-clinvar+pg_dms__transformer__seed43,MSH6,P43246:604:A>V,0,0.031136183
train-clinvar+pg_dms__transformer__seed43,MSH6,P43246:604:A>T,0,0.05697073
train-clinvar+pg_dms__transformer__seed43,MSH6,P43246:604:A>S,0,0.0083736
train-clinvar+pg_dms__transformer__seed43,MSH6,P43246:604:A>R,1,0.9889177
train-clinvar+pg_dms__transformer__seed43,MSH6,P43246:604:A>Q,1,0.84345526
train-clinvar+pg_dms__transformer__seed43,MSH6,P43246:604:A>N,1,0.9337043
train-clinvar+pg_dms__transformer__seed43,MSH6,P43246:604:A>H,1,0.89842314
train-clinvar+pg_dms__transformer__seed43,MSH6,P43246:604:A>L,0,0.62914246
train-clinvar+pg_dms__transformer__seed43,MSH6,P43246:604:A>K,1,0.93262535
train-clinvar+pg_dms__transformer__seed43,MSH6,P43246:604:A>I,0,0.3237299
train-clinvar+pg_dms__transformer__seed43,MSH6,P43246:604:A>Y,1,0.95451117
train-clinvar+pg_dms__transformer__seed43,MSH6,P43246:604:A>F,1,0.97366524
train-clinvar+pg_dms__transformer__seed43,MSH6,P43246:604:A>E,1,0.91505057
train-clinvar+pg_dms__transformer__seed43,MSH6,P43246:604:A>C,0,0.028263742
train-clinvar+pg_dms__transformer__seed43,MSH6,P43246:604:A>M,0,0.47075212
train-clinvar+pg_dms__transformer__seed43,MSH6,P43246:623:A>W,0,0.3317255
train-clinvar+pg_dms__transformer__seed43,MSH6,P43246:623:A>F,0,0.017179213
train-clinvar+pg_dms__transformer__seed43,MSH6,P43246:623:A>G,0,0.08275178
train-clinvar+pg_dms__transformer__seed43,MSH6,P43246:623:A>H,0,0.057359427
train-clinvar+pg_dms__transformer__seed43,MSH6,P43246:623:A>I,0,0.072560966
train-clinvar+pg_dms__transformer__seed43,MSH6,P43246:623:A>K,0,0.02130187
train-clinvar+pg_dms__transformer__seed43,MSH6,P43246:623:A>L,0,0.014853647
train-clinvar+pg_dms__transformer__seed43,MSH6,P43246:623:A>E,0,0.021145357
train-clinvar+pg_dms__transformer__seed43,MSH6,P43246:623:A>M,0,0.280614
train-clinvar+pg_dms__transformer__seed43,MSH6,P43246:623:A>P,1,0.34010145
train-clinvar+pg_dms__transformer__seed43,MSH6,P43246:623:A>Q,0,0.022245513
train-clinvar+pg_dms__transformer__seed43,MSH6,P43246:623:A>R,0,0.03773018
train-clinvar+pg_dms__transformer__seed43,MSH6,P43246:623:A>S,0,0.022091022
train-clinvar+pg_dms__transformer__seed43,MSH6,P43246:623:A>T,0,0.08198123
train-clinvar+pg_dms__transformer__seed43,MSH6,P43246:623:A>V,0,0.035750594
train-clinvar+pg_dms__transformer__seed43,MSH6,P43246:623:A>N,0,0.026070392
train-clinvar+pg_dms__transformer__seed43,MSH6,P43246:623:A>D,0,0.049757574
train-clinvar+pg_dms__transformer__seed43,MSH6,P43246:623:A>C,0,0.010120051
train-clinvar+pg_dms__transformer__seed43,MSH6,P43246:623:A>Y,0,0.036002282
train-clinvar+pg_dms__transformer__seed43,MSH6,P43246:624:I>Y,0,0.16536449
train-clinvar+pg_dms__transformer__seed43,MSH6,P43246:624:I>W,1,0.62534976
train-clinvar+pg_dms__transformer__seed43,MSH6,P43246:624:I>S,1,0.09733541
train-clinvar+pg_dms__transformer__seed43,MSH6,P43246:624:I>R,1,0.7671982
train-clinvar+pg_dms__transformer__seed43,MSH6,P43246:624:I>Q,1,0.20014173
train-clinvar+pg_dms__transformer__seed43,MSH6,P43246:624:I>C,0,0.051496968
train-clinvar+pg_dms__transformer__seed43,MSH6,P43246:624:I>A,1,0.089399464
train-clinvar+pg_dms__transformer__seed43,MSH6,P43246:624:I>M,0,0.07554766
train-clinvar+pg_dms__transformer__seed43,MSH6,P43246:624:I>L,0,0.004262155
train-clinvar+pg_dms__transformer__seed43,MSH6,P43246:624:I>K,1,0.56053203
train-clinvar+pg_dms__transformer__seed43,MSH6,P43246:624:I>G,1,0.73338485
train-clinvar+pg_dms__transformer__seed43,MSH6,P43246:624:I>F,0,0.0108739035
train-clinvar+pg_dms__transformer__seed43,MSH6,P43246:624:I>E,1,0.7387445
train-clinvar+pg_dms__transformer__seed43,MSH6,P43246:624:I>D,1,0.9386903
train-clinvar+pg_dms__transformer__seed43,MSH6,P43246:624:I>N,1,0.240691
train-clinvar+pg_dms__transformer__seed43,MSH6,P43246:624:I>P,1,0.8477744
train-clinvar+pg_dms__transformer__seed43,MSH6,P43246:630:G>Q,0,0.02865821
train-clinvar+pg_dms__transformer__seed43,MSH6,P43246:630:G>P,0,0.7855854
train-clinvar+pg_dms__transformer__seed43,MSH6,P43246:630:G>N,0,0.050160196
train-clinvar+pg_dms__transformer__seed43,MSH6,P43246:630:G>R,0,0.12400886
train-clinvar+pg_dms__transformer__seed43,MSH6,P43246:630:G>M,0,0.42558292
train-clinvar+pg_dms__transformer__seed43,MSH6,P43246:630:G>L,0,0.26465327
train-clinvar+pg_dms__transformer__seed43,MSH6,P43246:630:G>K,0,0.07690876
train-clinvar+pg_dms__transformer__seed43,MSH6,P43246:630:G>I,0,0.6997167
train-clinvar+pg_dms__transformer__seed43,MSH6,P43246:630:G>F,0,0.6921892
train-clinvar+pg_dms__transformer__seed43,MSH6,P43246:630:G>E,0,0.05582133
train-clinvar+pg_dms__transformer__seed43,MSH6,P43246:630:G>D,0,0.075590774
train-clinvar+pg_dms__transformer__seed43,MSH6,P43246:630:G>A,0,0.015789391
train-clinvar+pg_dms__transformer__seed43,MSH6,P43246:630:G>Y,0,0.23613705
train-clinvar+pg_dms__transformer__seed43,MSH6,P43246:630:G>W,1,0.412703
train-clinvar+pg_dms__transformer__seed43,MSH6,P43246:630:G>V,0,0.2316527
train-clinvar+pg_dms__transformer__seed43,MSH6,P43246:630:G>T,0,0.056906037
train-clinvar+pg_dms__transformer__seed43,MSH6,P43246:630:G>H,0,0.19101518
train-clinvar+pg_dms__transformer__seed43,MSH6,P43246:630:G>C,0,0.013102908
train-clinvar+pg_dms__transformer__seed43,MSH6,P43246:630:G>S,0,0.014763308
train-clinvar+pg_dms__transformer__seed43,MSH6,P43246:635:K>E,0,0.028110279
train-clinvar+pg_dms__transformer__seed43,MSH6,P43246:635:K>R,0,0.008419169
train-clinvar+pg_dms__transformer__seed43,MSH6,P43246:635:K>S,0,0.014477335
train-clinvar+pg_dms__transformer__seed43,MSH6,P43246:635:K>T,0,0.016719976
train-clinvar+pg_dms__transformer__seed43,MSH6,P43246:635:K>V,0,0.02479507
train-clinvar+pg_dms__transformer__seed43,MSH6,P43246:635:K>W,0,0.22990346
train-clinvar+pg_dms__transformer__seed43,MSH6,P43246:635:K>Y,0,0.040979628
train-clinvar+pg_dms__transformer__seed43,MSH6,P43246:635:K>F,0,0.058096696
train-clinvar+pg_dms__transformer__seed43,MSH6,P43246:635:K>Q,0,0.0057513616
train-clinvar+pg_dms__transformer__seed43,MSH6,P43246:635:K>P,0,0.86509264
train-clinvar+pg_dms__transformer__seed43,MSH6,P43246:635:K>L,0,0.022888556
train-clinvar+pg_dms__transformer__seed43,MSH6,P43246:635:K>I,0,0.06285004
train-clinvar+pg_dms__transformer__seed43,MSH6,P43246:635:K>A,0,0.010410569
train-clinvar+pg_dms__transformer__seed43,MSH6,P43246:635:K>H,0,0.025936082
train-clinvar+pg_dms__transformer__seed43,MSH6,P43246:635:K>C,0,0.012011446
train-clinvar+pg_dms__transformer__seed43,MSH6,P43246:635:K>D,0,0.17843086
train-clinvar+pg_dms__transformer__seed43,MSH6,P43246:635:K>G,0,0.04053391
train-clinvar+pg_dms__transformer__seed43,MSH6,P43246:635:K>M,0,0.13840775
train-clinvar+pg_dms__transformer__seed43,MSH6,P43246:645:Q>C,0,0.069526784
train-clinvar+pg_dms__transformer__seed43,MSH6,P43246:645:Q>A,0,0.018403314
train-clinvar+pg_dms__transformer__seed43,MSH6,P43246:645:Q>E,0,0.042746704
train-clinvar+pg_dms__transformer__seed43,MSH6,P43246:645:Q>H,0,0.20976096
train-clinvar+pg_dms__transformer__seed43,MSH6,P43246:645:Q>F,0,0.34184706
train-clinvar+pg_dms__transformer__seed43,MSH6,P43246:645:Q>D,0,0.30783597
train-clinvar+pg_dms__transformer__seed43,MSH6,P43246:645:Q>G,0,0.054500613
train-clinvar+pg_dms__transformer__seed43,MSH6,P43246:645:Q>R,0,0.044712856
train-clinvar+pg_dms__transformer__seed43,MSH6,P43246:645:Q>W,0,0.485303
train-clinvar+pg_dms__transformer__seed43,MSH6,P43246:645:Q>V,0,0.051772766
train-clinvar+pg_dms__transformer__seed43,MSH6,P43246:645:Q>T,0,0.04427773
train-clinvar+pg_dms__transformer__seed43,MSH6,P43246:645:Q>Y,0,0.25648126
train-clinvar+pg_dms__transformer__seed43,MSH6,P43246:645:Q>I,0,0.16796356
train-clinvar+pg_dms__transformer__seed43,MSH6,P43246:645:Q>S,0,0.01920937
train-clinvar+pg_dms__transformer__seed43,MSH6,P43246:645:Q>L,0,0.021792524
train-clinvar+pg_dms__transformer__seed43,MSH6,P43246:645:Q>M,0,0.2756905
train-clinvar+pg_dms__transformer__seed43,MSH6,P43246:645:Q>N,0,0.06516721
train-clinvar+pg_dms__transformer__seed43,MSH6,P43246:645:Q>K,0,0.048555862
train-clinvar+pg_dms__transformer__seed43,MSH6,P43246:651:I>F,0,0.18102153
train-clinvar+pg_dms__transformer__seed43,MSH6,P43246:651:I>G,0,0.8098696
train-clinvar+pg_dms__transformer__seed43,MSH6,P43246:651:I>E,0,0.67566204
train-clinvar+pg_dms__transformer__seed43,MSH6,P43246:651:I>D,0,0.84478885
train-clinvar+pg_dms__transformer__seed43,MSH6,P43246:651:I>C,0,0.1317352
train-clinvar+pg_dms__transformer__seed43,MSH6,P43246:651:I>A,0,0.28827572
train-clinvar+pg_dms__transformer__seed43,MSH6,P43246:651:I>K,0,0.42045864
train-clinvar+pg_dms__transformer__seed43,MSH6,P43246:651:I>M,0,0.3739336
train-clinvar+pg_dms__transformer__seed43,MSH6,P43246:651:I>N,0,0.52231795
train-clinvar+pg_dms__transformer__seed43,MSH6,P43246:651:I>P,1,0.90334123
train-clinvar+pg_dms__transformer__seed43,MSH6,P43246:651:I>Q,0,0.22181818
train-clinvar+pg_dms__transformer__seed43,MSH6,P43246:651:I>R,0,0.49723288
train-clinvar+pg_dms__transformer__seed43,MSH6,P43246:651:I>S,0,0.23352571
train-clinvar+pg_dms__transformer__seed43,MSH6,P43246:651:I>V,0,0.029364707
train-clinvar+pg_dms__transformer__seed43,MSH6,P43246:651:I>W,0,0.6578475
train-clinvar+pg_dms__transformer__seed43,MSH6,P43246:651:I>Y,0,0.5163003
train-clinvar+pg_dms__transformer__seed43,MSH6,P43246:657:F>G,1,0.84749806
train-clinvar+pg_dms__transformer__seed43,MSH6,P43246:657:F>T,1,0.7624551
train-clinvar+pg_dms__transformer__seed43,MSH6,P43246:657:F>S,0,0.5274
train-clinvar+pg_dms__transformer__seed43,MSH6,P43246:657:F>R,1,0.9727726
train-clinvar+pg_dms__transformer__seed43,MSH6,P43246:657:F>Q,1,0.8382897
train-clinvar+pg_dms__transformer__seed43,MSH6,P43246:657:F>N,1,0.70385194
train-clinvar+pg_dms__transformer__seed43,MSH6,P43246:657:F>E,1,0.95348364
train-clinvar+pg_dms__transformer__seed43,MSH6,P43246:657:F>M,0,0.33188438
train-clinvar+pg_dms__transformer__seed43,MSH6,P43246:657:F>I,0,0.1565161
train-clinvar+pg_dms__transformer__seed43,MSH6,P43246:657:F>W,1,0.3974842
train-clinvar+pg_dms__transformer__seed43,MSH6,P43246:657:F>D,1,0.9457785
train-clinvar+pg_dms__transformer__seed43,MSH6,P43246:657:F>P,1,0.95365196
train-clinvar+pg_dms__transformer__seed43,MSH6,P43246:657:F>Y,0,0.057312652
train-clinvar+pg_dms__transformer__seed43,MSH6,P43246:657:F>A,0,0.43897396
train-clinvar+pg_dms__transformer__seed43,MSH6,P43246:657:F>C,0,0.034848794
train-clinvar+pg_dms__transformer__seed43,MSH6,P43246:663:M>R,0,0.025695154
train-clinvar+pg_dms__transformer__seed43,MSH6,P43246:663:M>C,0,0.028539248
train-clinvar+pg_dms__transformer__seed43,MSH6,P43246:663:M>P,0,0.7266518
train-clinvar+pg_dms__transformer__seed43,MSH6,P43246:663:M>H,0,0.03009422
train-clinvar+pg_dms__transformer__seed43,MSH6,P43246:663:M>L,0,0.026979119
train-clinvar+pg_dms__transformer__seed43,MSH6,P43246:663:M>K,0,0.021343045
train-clinvar+pg_dms__transformer__seed43,MSH6,P43246:663:M>I,0,0.07619622
train-clinvar+pg_dms__transformer__seed43,MSH6,P43246:663:M>G,0,0.071370326
train-clinvar+pg_dms__transformer__seed43,MSH6,P43246:663:M>A,0,0.020197399
train-clinvar+pg_dms__transformer__seed43,MSH6,P43246:663:M>D,0,0.5995557
train-clinvar+pg_dms__transformer__seed43,MSH6,P43246:663:M>E,0,0.047639012
train-clinvar+pg_dms__transformer__seed43,MSH6,P43246:663:M>N,0,0.027913952
train-clinvar+pg_dms__transformer__seed43,MSH6,P43246:663:M>T,0,0.022454252
train-clinvar+pg_dms__transformer__seed43,MSH6,P43246:663:M>F,0,0.029223386
train-clinvar+pg_dms__transformer__seed43,MSH6,P43246:663:M>W,0,0.46190938
train-clinvar+pg_dms__transformer__seed43,MSH6,P43246:663:M>Y,0,0.07289308
train-clinvar+pg_dms__transformer__seed43,MSH6,P43246:663:M>V,0,0.029109616
train-clinvar+pg_dms__transformer__seed43,MSH6,P43246:663:M>S,0,0.015861558
train-clinvar+pg_dms__transformer__seed43,MSH6,P43246:667:I>G,1,0.94093716
train-clinvar+pg_dms__transformer__seed43,MSH6,P43246:667:I>M,0,0.26932424
train-clinvar+pg_dms__transformer__seed43,MSH6,P43246:667:I>N,1,0.42331162
train-clinvar+pg_dms__transformer__seed43,MSH6,P43246:667:I>P,1,0.93168175
train-clinvar+pg_dms__transformer__seed43,MSH6,P43246:667:I>R,1,0.99675035
train-clinvar+pg_dms__transformer__seed43,MSH6,P43246:667:I>V,0,0.039594714
train-clinvar+pg_dms__transformer__seed43,MSH6,P43246:667:I>W,1,0.7769465
train-clinvar+pg_dms__transformer__seed43,MSH6,P43246:667:I>F,0,0.6053599
train-clinvar+pg_dms__transformer__seed43,MSH6,P43246:667:I>S,1,0.28892833
train-clinvar+pg_dms__transformer__seed43,MSH6,P43246:667:I>K,1,0.87350786
train-clinvar+pg_dms__transformer__seed43,MSH6,P43246:667:I>A,0,0.25139704
train-clinvar+pg_dms__transformer__seed43,MSH6,P43246:667:I>C,0,0.22098868
train-clinvar+pg_dms__transformer__seed43,MSH6,P43246:667:I>D,1,0.98529994
train-clinvar+pg_dms__transformer__seed43,MSH6,P43246:667:I>T,0,0.47243017
train-clinvar+pg_dms__transformer__seed43,MSH6,P43246:667:I>L,0,0.02318057
train-clinvar+pg_dms__transformer__seed43,MSH6,P43246:667:I>E,1,0.95644426
train-clinvar+pg_dms__transformer__seed43,MSH6,P43246:670:P>L,0,0.559903
train-clinvar+pg_dms__transformer__seed43,MSH6,P43246:670:P>I,0,0.8511885
train-clinvar+pg_dms__transformer__seed43,MSH6,P43246:670:P>K,0,0.8981704
train-clinvar+pg_dms__transformer__seed43,MSH6,P43246:670:P>F,0,0.62611526
train-clinvar+pg_dms__transformer__seed43,MSH6,P43246:670:P>E,0,0.8752583
train-clinvar+pg_dms__transformer__seed43,MSH6,P43246:670:P>D,0,0.9059637
train-clinvar+pg_dms__transformer__seed43,MSH6,P43246:670:P>C,0,0.25596958
train-clinvar+pg_dms__transformer__seed43,MSH6,P43246:670:P>A,0,0.39944336
train-clinvar+pg_dms__transformer__seed43,MSH6,P43246:670:P>Y,0,0.6947021
train-clinvar+pg_dms__transformer__seed43,MSH6,P43246:670:P>W,0,0.86664116
train-clinvar+pg_dms__transformer__seed43,MSH6,P43246:670:P>V,0,0.6519105
train-clinvar+pg_dms__transformer__seed43,MSH6,P43246:670:P>Q,0,0.6453534
train-clinvar+pg_dms__transformer__seed43,MSH6,P43246:670:P>N,0,0.6114832
train-clinvar+pg_dms__transformer__seed43,MSH6,P43246:670:P>M,0,0.90310246
train-clinvar+pg_dms__transformer__seed43,MSH6,P43246:670:P>G,0,0.8129884
train-clinvar+pg_dms__transformer__seed43,MSH6,P43246:670:P>H,0,0.8115579
train-clinvar+pg_dms__transformer__seed43,MSH6,P43246:674:G>P,1,0.9456705
train-clinvar+pg_dms__transformer__seed43,MSH6,P43246:674:G>Q,1,0.6988123
train-clinvar+pg_dms__transformer__seed43,MSH6,P43246:674:G>Y,1,0.8330553
train-clinvar+pg_dms__transformer__seed43,MSH6,P43246:674:G>T,1,0.7955863
train-clinvar+pg_dms__transformer__seed43,MSH6,P43246:674:G>V,1,0.823717
train-clinvar+pg_dms__transformer__seed43,MSH6,P43246:674:G>N,1,0.8153073
train-clinvar+pg_dms__transformer__seed43,MSH6,P43246:674:G>M,1,0.7889692
train-clinvar+pg_dms__transformer__seed43,MSH6,P43246:674:G>F,1,0.90349793
train-clinvar+pg_dms__transformer__seed43,MSH6,P43246:674:G>K,1,0.8798548
train-clinvar+pg_dms__transformer__seed43,MSH6,P43246:674:G>I,1,0.98090655
train-clinvar+pg_dms__transformer__seed43,MSH6,P43246:674:G>H,1,0.8151687
train-clinvar+pg_dms__transformer__seed43,MSH6,P43246:674:G>E,1,0.91902596
train-clinvar+pg_dms__transformer__seed43,MSH6,P43246:674:G>C,1,0.41706175
train-clinvar+pg_dms__transformer__seed43,MSH6,P43246:674:G>A,1,0.51719815
train-clinvar+pg_dms__transformer__seed43,MSH6,P43246:674:G>L,1,0.93287104
train-clinvar+pg_dms__transformer__seed43,MSH6,P43246:674:G>W,1,0.8853228
train-clinvar+pg_dms__transformer__seed43,MSH6,P43246:677:T>W,1,0.7528066
train-clinvar+pg_dms__transformer__seed43,MSH6,P43246:677:T>L,0,0.20399672
train-clinvar+pg_dms__transformer__seed43,MSH6,P43246:677:T>F,0,0.54704773
train-clinvar+pg_dms__transformer__seed43,MSH6,P43246:677:T>G,0,0.70464194
train-clinvar+pg_dms__transformer__seed43,MSH6,P43246:677:T>I,0,0.5901189
train-clinvar+pg_dms__transformer__seed43,MSH6,P43246:677:T>K,1,0.73700774
train-clinvar+pg_dms__transformer__seed43,MSH6,P43246:677:T>Y,0,0.6358334
train-clinvar+pg_dms__transformer__seed43,MSH6,P43246:677:T>M,0,0.52804464
train-clinvar+pg_dms__transformer__seed43,MSH6,P43246:677:T>N,0,0.42741102
train-clinvar+pg_dms__transformer__seed43,MSH6,P43246:677:T>C,0,0.12553026
train-clinvar+pg_dms__transformer__seed43,MSH6,P43246:677:T>P,1,0.93827957
train-clinvar+pg_dms__transformer__seed43,MSH6,P43246:677:T>S,0,0.0808897
train-clinvar+pg_dms__transformer__seed43,MSH6,P43246:677:T>V,0,0.13029844
train-clinvar+pg_dms__transformer__seed43,MSH6,P43246:677:T>Q,0,0.30261838
train-clinvar+pg_dms__transformer__seed43,MSH6,P43246:677:T>A,0,0.1293005
train-clinvar+pg_dms__transformer__seed43,MSH6,P43246:686:V>G,0,0.18565057
train-clinvar+pg_dms__transformer__seed43,MSH6,P43246:686:V>C,0,0.04686458
train-clinvar+pg_dms__transformer__seed43,MSH6,P43246:686:V>D,1,0.9635145
train-clinvar+pg_dms__transformer__seed43,MSH6,P43246:686:V>E,0,0.9209843
train-clinvar+pg_dms__transformer__seed43,MSH6,P43246:686:V>F,0,0.10022473
train-clinvar+pg_dms__transformer__seed43,MSH6,P43246:686:V>H,0,0.53396446
train-clinvar+pg_dms__transformer__seed43,MSH6,P43246:686:V>I,0,0.023136131
train-clinvar+pg_dms__transformer__seed43,MSH6,P43246:686:V>K,1,0.87589103
train-clinvar+pg_dms__transformer__seed43,MSH6,P43246:686:V>L,0,0.09336209
train-clinvar+pg_dms__transformer__seed43,MSH6,P43246:686:V>M,0,0.17740631
train-clinvar+pg_dms__transformer__seed43,MSH6,P43246:686:V>N,0,0.43268225
train-clinvar+pg_dms__transformer__seed43,MSH6,P43246:686:V>P,0,0.93742985
train-clinvar+pg_dms__transformer__seed43,MSH6,P43246:686:V>R,1,0.9732521
train-clinvar+pg_dms__transformer__seed43,MSH6,P43246:686:V>S,0,0.019560486
train-clinvar+pg_dms__transformer__seed43,MSH6,P43246:686:V>A,0,0.015222152
train-clinvar+pg_dms__transformer__seed43,MSH6,P43246:686:V>T,0,0.01794272
train-clinvar+pg_dms__transformer__seed43,MSH6,P43246:686:V>W,1,0.91263044
train-clinvar+pg_dms__transformer__seed43,MSH6,P43246:690:Q>I,1,0.9800878
train-clinvar+pg_dms__transformer__seed43,MSH6,P43246:690:Q>G,1,0.7708488
train-clinvar+pg_dms__transformer__seed43,MSH6,P43246:690:Q>F,0,0.9919391
train-clinvar+pg_dms__transformer__seed43,MSH6,P43246:690:Q>V,0,0.9093774
train-clinvar+pg_dms__transformer__seed43,MSH6,P43246:690:Q>D,1,0.9858176
train-clinvar+pg_dms__transformer__seed43,MSH6,P43246:690:Q>A,0,0.5776296
train-clinvar+pg_dms__transformer__seed43,MSH6,P43246:690:Q>S,0,0.085872
train-clinvar+pg_dms__transformer__seed43,MSH6,P43246:690:Q>E,1,0.11094654
train-clinvar+pg_dms__transformer__seed43,MSH6,P43246:690:Q>L,0,0.6236542
train-clinvar+pg_dms__transformer__seed43,MSH6,P43246:690:Q>N,1,0.66297996
train-clinvar+pg_dms__transformer__seed43,MSH6,P43246:690:Q>W,1,0.96305954
train-clinvar+pg_dms__transformer__seed43,MSH6,P43246:690:Q>Y,1,0.9622501
train-clinvar+pg_dms__transformer__seed43,MSH6,P43246:690:Q>R,1,0.99465275
train-clinvar+pg_dms__transformer__seed43,MSH6,P43246:690:Q>M,0,0.55495846
train-clinvar+pg_dms__transformer__seed43,MSH6,P43246:690:Q>T,0,0.66931075
train-clinvar+pg_dms__transformer__seed43,MSH6,P43246:690:Q>P,1,0.9634904
train-clinvar+pg_dms__transformer__seed43,MSH6,P43246:698:E>A,0,0.0036001906
train-clinvar+pg_dms__transformer__seed43,MSH6,P43246:698:E>P,1,0.61212826
train-clinvar+pg_dms__transformer__seed43,MSH6,P43246:698:E>N,0,0.005646795
train-clinvar+pg_dms__transformer__seed43,MSH6,P43246:698:E>M,1,0.10566046
train-clinvar+pg_dms__transformer__seed43,MSH6,P43246:698:E>L,0,0.011971973
train-clinvar+pg_dms__transformer__seed43,MSH6,P43246:698:E>F,0,0.06755427
train-clinvar+pg_dms__transformer__seed43,MSH6,P43246:698:E>H,0,0.042740438
train-clinvar+pg_dms__transformer__seed43,MSH6,P43246:698:E>G,0,0.016917465
train-clinvar+pg_dms__transformer__seed43,MSH6,P43246:698:E>Q,0,0.0028941294
train-clinvar+pg_dms__transformer__seed43,MSH6,P43246:698:E>D,0,0.01932679
train-clinvar+pg_dms__transformer__seed43,MSH6,P43246:698:E>C,0,0.02481678
train-clinvar+pg_dms__transformer__seed43,MSH6,P43246:698:E>I,0,0.012493347
train-clinvar+pg_dms__transformer__seed43,MSH6,P43246:698:E>R,0,0.016971892
train-clinvar+pg_dms__transformer__seed43,MSH6,P43246:698:E>Y,0,0.030098427
train-clinvar+pg_dms__transformer__seed43,MSH6,P43246:698:E>T,0,0.008088506
train-clinvar+pg_dms__transformer__seed43,MSH6,P43246:698:E>V,0,0.00433223
train-clinvar+pg_dms__transformer__seed43,MSH6,P43246:698:E>W,0,0.24222209
train-clinvar+pg_dms__transformer__seed43,MSH6,P43246:698:E>S,0,0.0017674329
train-clinvar+pg_dms__transformer__seed43,MSH6,P43246:710:A>C,0,0.054444246
train-clinvar+pg_dms__transformer__seed43,MSH6,P43246:710:A>D,1,0.9791468
train-clinvar+pg_dms__transformer__seed43,MSH6,P43246:710:A>E,0,0.9348702
train-clinvar+pg_dms__transformer__seed43,MSH6,P43246:710:A>F,0,0.98684907
train-clinvar+pg_dms__transformer__seed43,MSH6,P43246:710:A>H,0,0.9088484
train-clinvar+pg_dms__transformer__seed43,MSH6,P43246:710:A>Y,0,0.9829622
train-clinvar+pg_dms__transformer__seed43,MSH6,P43246:710:A>W,0,0.9404521
train-clinvar+pg_dms__transformer__seed43,MSH6,P43246:710:A>T,0,0.2496674
train-clinvar+pg_dms__transformer__seed43,MSH6,P43246:710:A>R,1,0.9890048
train-clinvar+pg_dms__transformer__seed43,MSH6,P43246:710:A>Q,0,0.9575394
train-clinvar+pg_dms__transformer__seed43,MSH6,P43246:710:A>M,0,0.7707597
train-clinvar+pg_dms__transformer__seed43,MSH6,P43246:710:A>L,0,0.76190406
train-clinvar+pg_dms__transformer__seed43,MSH6,P43246:710:A>K,0,0.96855956
train-clinvar+pg_dms__transformer__seed43,MSH6,P43246:710:A>G,0,0.16866566
train-clinvar+pg_dms__transformer__seed43,MSH6,P43246:710:A>I,0,0.9639554
train-clinvar+pg_dms__transformer__seed43,MSH6,P43246:710:A>N,0,0.9871401
train-clinvar+pg_dms__transformer__seed43,MSH6,P43246:718:Q>W,0,0.4237761
train-clinvar+pg_dms__transformer__seed43,MSH6,P43246:718:Q>F,0,0.3030514
train-clinvar+pg_dms__transformer__seed43,MSH6,P43246:718:Q>Y,0,0.14057519
train-clinvar+pg_dms__transformer__seed43,MSH6,P43246:718:Q>A,0,0.035963148
train-clinvar+pg_dms__transformer__seed43,MSH6,P43246:718:Q>C,0,0.12694272
train-clinvar+pg_dms__transformer__seed43,MSH6,P43246:718:Q>D,0,0.26177198
train-clinvar+pg_dms__transformer__seed43,MSH6,P43246:718:Q>E,0,0.08423639
train-clinvar+pg_dms__transformer__seed43,MSH6,P43246:718:Q>G,0,0.0748003
train-clinvar+pg_dms__transformer__seed43,MSH6,P43246:718:Q>V,0,0.046026073
train-clinvar+pg_dms__transformer__seed43,MSH6,P43246:718:Q>I,0,0.07410718
train-clinvar+pg_dms__transformer__seed43,MSH6,P43246:718:Q>K,0,0.3513523
train-clinvar+pg_dms__transformer__seed43,MSH6,P43246:718:Q>L,0,0.055254795
train-clinvar+pg_dms__transformer__seed43,MSH6,P43246:718:Q>M,0,0.28837806
train-clinvar+pg_dms__transformer__seed43,MSH6,P43246:718:Q>N,0,0.17239977
train-clinvar+pg_dms__transformer__seed43,MSH6,P43246:718:Q>T,0,0.07082841
train-clinvar+pg_dms__transformer__seed43,MSH6,P43246:718:Q>P,0,0.18857478
train-clinvar+pg_dms__transformer__seed43,MSH6,P43246:718:Q>S,0,0.0430953
train-clinvar+pg_dms__transformer__seed43,MSH6,P43246:726:M>A,0,0.3029044
train-clinvar+pg_dms__transformer__seed43,MSH6,P43246:726:M>W,0,0.87003773
train-clinvar+pg_dms__transformer__seed43,MSH6,P43246:726:M>Y,1,0.2492106
train-clinvar+pg_dms__transformer__seed43,MSH6,P43246:726:M>Q,0,0.2939867
train-clinvar+pg_dms__transformer__seed43,MSH6,P43246:726:M>P,1,0.8231304
train-clinvar+pg_dms__transformer__seed43,MSH6,P43246:726:M>E,0,0.501645
train-clinvar+pg_dms__transformer__seed43,MSH6,P43246:726:M>F,1,0.28257367
train-clinvar+pg_dms__transformer__seed43,MSH6,P43246:726:M>G,0,0.27102807
train-clinvar+pg_dms__transformer__seed43,MSH6,P43246:726:M>H,0,0.38518494
train-clinvar+pg_dms__transformer__seed43,MSH6,P43246:726:M>K,0,0.40412813
train-clinvar+pg_dms__transformer__seed43,MSH6,P43246:726:M>N,0,0.35519177
train-clinvar+pg_dms__transformer__seed43,MSH6,P43246:726:M>S,0,0.27479136
train-clinvar+pg_dms__transformer__seed43,MSH6,P43246:726:M>R,0,0.57999676
train-clinvar+pg_dms__transformer__seed43,MSH6,P43246:726:M>C,0,0.1399962
train-clinvar+pg_dms__transformer__seed43,MSH6,P43246:726:M>D,0,0.541626
train-clinvar+pg_dms__transformer__seed43,MSH6,P43246:736:L>E,0,0.80929595
train-clinvar+pg_dms__transformer__seed43,MSH6,P43246:736:L>F,0,0.56637645
train-clinvar+pg_dms__transformer__seed43,MSH6,P43246:736:L>G,1,0.88434637
train-clinvar+pg_dms__transformer__seed43,MSH6,P43246:736:L>H,1,0.69779927
train-clinvar+pg_dms__transformer__seed43,MSH6,P43246:736:L>I,0,0.02799781
train-clinvar+pg_dms__transformer__seed43,MSH6,P43246:736:L>K,1,0.7596366
train-clinvar+pg_dms__transformer__seed43,MSH6,P43246:736:L>M,1,0.37665963
train-clinvar+pg_dms__transformer__seed43,MSH6,P43246:736:L>T,0,0.44425604
train-clinvar+pg_dms__transformer__seed43,MSH6,P43246:736:L>Q,1,0.511751
train-clinvar+pg_dms__transformer__seed43,MSH6,P43246:736:L>S,0,0.56777805
train-clinvar+pg_dms__transformer__seed43,MSH6,P43246:736:L>W,1,0.7480983
train-clinvar+pg_dms__transformer__seed43,MSH6,P43246:736:L>Y,0,0.5491478
train-clinvar+pg_dms__transformer__seed43,MSH6,P43246:736:L>A,0,0.30569237
train-clinvar+pg_dms__transformer__seed43,MSH6,P43246:736:L>P,1,0.95713544
train-clinvar+pg_dms__transformer__seed43,MSH6,P43246:736:L>C,0,0.08630392
train-clinvar+pg_dms__transformer__seed43,MSH6,P43246:738:S>Q,0,0.09867299
train-clinvar+pg_dms__transformer__seed43,MSH6,P43246:738:S>M,0,0.20385005
train-clinvar+pg_dms__transformer__seed43,MSH6,P43246:738:S>L,0,0.00909486
train-clinvar+pg_dms__transformer__seed43,MSH6,P43246:738:S>N,0,0.037205372
train-clinvar+pg_dms__transformer__seed43,MSH6,P43246:738:S>K,0,0.48788756
train-clinvar+pg_dms__transformer__seed43,MSH6,P43246:738:S>P,1,0.86096144
train-clinvar+pg_dms__transformer__seed43,MSH6,P43246:738:S>R,0,0.61858326
train-clinvar+pg_dms__transformer__seed43,MSH6,P43246:738:S>E,0,0.2516524
train-clinvar+pg_dms__transformer__seed43,MSH6,P43246:738:S>V,0,0.026884409
train-clinvar+pg_dms__transformer__seed43,MSH6,P43246:738:S>W,0,0.2912661
train-clinvar+pg_dms__transformer__seed43,MSH6,P43246:738:S>Y,0,0.03803303
train-clinvar+pg_dms__transformer__seed43,MSH6,P43246:738:S>D,0,0.35072592
train-clinvar+pg_dms__transformer__seed43,MSH6,P43246:738:S>A,0,0.0058591384
train-clinvar+pg_dms__transformer__seed43,MSH6,P43246:738:S>H,0,0.16640761
train-clinvar+pg_dms__transformer__seed43,MSH6,P43246:738:S>G,0,0.010728383
train-clinvar+pg_dms__transformer__seed43,MSH6,P43246:738:S>T,0,0.007935898
train-clinvar+pg_dms__transformer__seed43,MSH6,P43246:738:S>I,0,0.058552966
train-clinvar+pg_dms__transformer__seed43,MSH6,P43246:741:K>Y,0,0.03164999
train-clinvar+pg_dms__transformer__seed43,MSH6,P43246:741:K>T,0,0.013089805
train-clinvar+pg_dms__transformer__seed43,MSH6,P43246:741:K>S,0,0.0061606746
train-clinvar+pg_dms__transformer__seed43,MSH6,P43246:741:K>R,0,0.030798016
train-clinvar+pg_dms__transformer__seed43,MSH6,P43246:741:K>N,0,0.019292766
train-clinvar+pg_dms__transformer__seed43,MSH6,P43246:741:K>V,0,0.011596618
train-clinvar+pg_dms__transformer__seed43,MSH6,P43246:741:K>W,0,0.24289131
train-clinvar+pg_dms__transformer__seed43,MSH6,P43246:741:K>A,0,0.003928387
train-clinvar+pg_dms__transformer__seed43,MSH6,P43246:741:K>M,0,0.23773713
train-clinvar+pg_dms__transformer__seed43,MSH6,P43246:741:K>G,0,0.011554042
train-clinvar+pg_dms__transformer__seed43,MSH6,P43246:741:K>H,0,0.07801205
train-clinvar+pg_dms__transformer__seed43,MSH6,P43246:741:K>I,0,0.041174833
train-clinvar+pg_dms__transformer__seed43,MSH6,P43246:741:K>L,0,0.0371161
train-clinvar+pg_dms__transformer__seed43,MSH6,P43246:741:K>F,0,0.120751284
train-clinvar+pg_dms__transformer__seed43,MSH6,P43246:741:K>D,0,0.04938453
train-clinvar+pg_dms__transformer__seed43,MSH6,P43246:741:K>P,0,0.16687623
train-clinvar+pg_dms__transformer__seed43,MSH6,P43246:741:K>E,0,0.007626286
train-clinvar+pg_dms__transformer__seed43,MSH6,P43246:741:K>C,0,0.013793321
train-clinvar+pg_dms__transformer__seed43,MSH6,P43246:741:K>Q,0,0.0033498502
train-clinvar+pg_dms__transformer__seed43,MSH6,P43246:742:D>V,0,0.052531924
train-clinvar+pg_dms__transformer__seed43,MSH6,P43246:742:D>C,0,0.03616766
train-clinvar+pg_dms__transformer__seed43,MSH6,P43246:742:D>W,0,0.5302752
train-clinvar+pg_dms__transformer__seed43,MSH6,P43246:742:D>S,0,0.008349356
train-clinvar+pg_dms__transformer__seed43,MSH6,P43246:742:D>R,0,0.117019035
train-clinvar+pg_dms__transformer__seed43,MSH6,P43246:742:D>Q,0,0.017586496
train-clinvar+pg_dms__transformer__seed43,MSH6,P43246:742:D>P,0,0.8559385
train-clinvar+pg_dms__transformer__seed43,MSH6,P43246:742:D>N,0,0.027538659
train-clinvar+pg_dms__transformer__seed43,MSH6,P43246:742:D>T,0,0.026545698
train-clinvar+pg_dms__transformer__seed43,MSH6,P43246:742:D>L,0,0.092384584
train-clinvar+pg_dms__transformer__seed43,MSH6,P43246:742:D>K,0,0.051625397
train-clinvar+pg_dms__transformer__seed43,MSH6,P43246:742:D>I,0,0.1537359
train-clinvar+pg_dms__transformer__seed43,MSH6,P43246:742:D>G,0,0.021176508
train-clinvar+pg_dms__transformer__seed43,MSH6,P43246:742:D>F,0,0.077433065
train-clinvar+pg_dms__transformer__seed43,MSH6,P43246:742:D>E,0,0.013591743
train-clinvar+pg_dms__transformer__seed43,MSH6,P43246:742:D>A,0,0.012641515
train-clinvar+pg_dms__transformer__seed43,MSH6,P43246:742:D>M,0,0.38661805
train-clinvar+pg_dms__transformer__seed43,MSH6,P43246:748:D>F,1,0.8975371
train-clinvar+pg_dms__transformer__seed43,MSH6,P43246:748:D>G,1,0.87498856
train-clinvar+pg_dms__transformer__seed43,MSH6,P43246:748:D>I,1,0.9571121
train-clinvar+pg_dms__transformer__seed43,MSH6,P43246:748:D>K,1,0.9513956
train-clinvar+pg_dms__transformer__seed43,MSH6,P43246:748:D>L,1,0.9326744
train-clinvar+pg_dms__transformer__seed43,MSH6,P43246:748:D>E,0,0.97534776
train-clinvar+pg_dms__transformer__seed43,MSH6,P43246:748:D>M,1,0.7338179
train-clinvar+pg_dms__transformer__seed43,MSH6,P43246:748:D>P,1,0.98257565
train-clinvar+pg_dms__transformer__seed43,MSH6,P43246:748:D>Q,1,0.76381165
train-clinvar+pg_dms__transformer__seed43,MSH6,P43246:748:D>R,1,0.9949604
train-clinvar+pg_dms__transformer__seed43,MSH6,P43246:748:D>S,0,0.7888388
train-clinvar+pg_dms__transformer__seed43,MSH6,P43246:748:D>T,1,0.87527406
train-clinvar+pg_dms__transformer__seed43,MSH6,P43246:748:D>W,1,0.8758603
train-clinvar+pg_dms__transformer__seed43,MSH6,P43246:748:D>Y,1,0.8952883
train-clinvar+pg_dms__transformer__seed43,MSH6,P43246:748:D>C,0,0.65000063
train-clinvar+pg_dms__transformer__seed43,MSH6,P43246:748:D>A,1,0.71715564
train-clinvar+pg_dms__transformer__seed43,MSH6,P43246:749:E>A,1,0.31766233
train-clinvar+pg_dms__transformer__seed43,MSH6,P43246:749:E>W,1,0.66452247
train-clinvar+pg_dms__transformer__seed43,MSH6,P43246:749:E>Y,1,0.41827217
train-clinvar+pg_dms__transformer__seed43,MSH6,P43246:749:E>S,1,0.31277704
train-clinvar+pg_dms__transformer__seed43,MSH6,P43246:749:E>R,1,0.87301904
train-clinvar+pg_dms__transformer__seed43,MSH6,P43246:749:E>Q,1,0.27115726
train-clinvar+pg_dms__transformer__seed43,MSH6,P43246:749:E>P,1,0.9074351
train-clinvar+pg_dms__transformer__seed43,MSH6,P43246:749:E>N,1,0.58509463
train-clinvar+pg_dms__transformer__seed43,MSH6,P43246:749:E>T,1,0.4087383
train-clinvar+pg_dms__transformer__seed43,MSH6,P43246:749:E>M,1,0.53858507
train-clinvar+pg_dms__transformer__seed43,MSH6,P43246:749:E>I,1,0.63925
train-clinvar+pg_dms__transformer__seed43,MSH6,P43246:749:E>H,1,0.5170295
train-clinvar+pg_dms__transformer__seed43,MSH6,P43246:749:E>G,1,0.6022288
train-clinvar+pg_dms__transformer__seed43,MSH6,P43246:749:E>F,1,0.43922403
train-clinvar+pg_dms__transformer__seed43,MSH6,P43246:749:E>D,1,0.8506135
train-clinvar+pg_dms__transformer__seed43,MSH6,P43246:749:E>C,1,0.1720101
train-clinvar+pg_dms__transformer__seed43,MSH6,P43246:749:E>L,1,0.6338478
train-clinvar+pg_dms__transformer__seed43,MSH6,P43246:749:E>V,1,0.37897605
train-clinvar+pg_dms__transformer__seed43,MSH6,P43246:755:S>A,0,0.4020567
train-clinvar+pg_dms__transformer__seed43,MSH6,P43246:755:S>C,0,0.8516743
train-clinvar+pg_dms__transformer__seed43,MSH6,P43246:755:S>D,0,0.95752406
train-clinvar+pg_dms__transformer__seed43,MSH6,P43246:755:S>F,0,0.97261286
train-clinvar+pg_dms__transformer__seed43,MSH6,P43246:755:S>G,0,0.95764583
train-clinvar+pg_dms__transformer__seed43,MSH6,P43246:755:S>H,0,0.93427867
train-clinvar+pg_dms__transformer__seed43,MSH6,P43246:755:S>I,0,0.9641628
train-clinvar+pg_dms__transformer__seed43,MSH6,P43246:755:S>K,1,0.95408726
train-clinvar+pg_dms__transformer__seed43,MSH6,P43246:755:S>L,1,0.9405603
train-clinvar+pg_dms__transformer__seed43,MSH6,P43246:755:S>N,0,0.94708914
train-clinvar+pg_dms__transformer__seed43,MSH6,P43246:755:S>P,0,0.9747934
train-clinvar+pg_dms__transformer__seed43,MSH6,P43246:755:S>Q,0,0.8906045
train-clinvar+pg_dms__transformer__seed43,MSH6,P43246:755:S>R,0,0.9616851
train-clinvar+pg_dms__transformer__seed43,MSH6,P43246:755:S>V,0,0.9290475
train-clinvar+pg_dms__transformer__seed43,MSH6,P43246:755:S>W,0,0.9249364
train-clinvar+pg_dms__transformer__seed43,MSH6,P43246:755:S>M,1,0.8531561
train-clinvar+pg_dms__transformer__seed43,MSH6,P43246:757:Y>N,0,0.5749542
train-clinvar+pg_dms__transformer__seed43,MSH6,P43246:757:Y>P,0,0.9355415
train-clinvar+pg_dms__transformer__seed43,MSH6,P43246:757:Y>K,0,0.8623412
train-clinvar+pg_dms__transformer__seed43,MSH6,P43246:757:Y>I,0,0.8146567
train-clinvar+pg_dms__transformer__seed43,MSH6,P43246:757:Y>Q,0,0.37098613
train-clinvar+pg_dms__transformer__seed43,MSH6,P43246:757:Y>R,1,0.8818468
train-clinvar+pg_dms__transformer__seed43,MSH6,P43246:757:Y>H,0,0.8223043
train-clinvar+pg_dms__transformer__seed43,MSH6,P43246:757:Y>M,0,0.6640506
train-clinvar+pg_dms__transformer__seed43,MSH6,P43246:757:Y>L,0,0.6969421
train-clinvar+pg_dms__transformer__seed43,MSH6,P43246:757:Y>V,0,0.5773382
train-clinvar+pg_dms__transformer__seed43,MSH6,P43246:757:Y>T,0,0.8024003
train-clinvar+pg_dms__transformer__seed43,MSH6,P43246:757:Y>A,0,0.9100802
train-clinvar+pg_dms__transformer__seed43,MSH6,P43246:757:Y>W,0,0.46145287
train-clinvar+pg_dms__transformer__seed43,MSH6,P43246:757:Y>E,0,0.86295795
train-clinvar+pg_dms__transformer__seed43,MSH6,P43246:757:Y>C,0,0.3070398
train-clinvar+pg_dms__transformer__seed43,MSH6,P43246:757:Y>G,0,0.82413256
train-clinvar+pg_dms__transformer__seed43,MSH6,P43246:760:F>A,0,0.9707931
train-clinvar+pg_dms__transformer__seed43,MSH6,P43246:760:F>T,0,0.9653086
train-clinvar+pg_dms__transformer__seed43,MSH6,P43246:760:F>R,0,0.98917705
train-clinvar+pg_dms__transformer__seed43,MSH6,P43246:760:F>C,0,0.64483213
train-clinvar+pg_dms__transformer__seed43,MSH6,P43246:760:F>Q,0,0.894995
train-clinvar+pg_dms__transformer__seed43,MSH6,P43246:760:F>P,1,0.9829974
train-clinvar+pg_dms__transformer__seed43,MSH6,P43246:760:F>N,0,0.9624817
train-clinvar+pg_dms__transformer__seed43,MSH6,P43246:760:F>M,0,0.85434
train-clinvar+pg_dms__transformer__seed43,MSH6,P43246:760:F>W,0,0.9412371
train-clinvar+pg_dms__transformer__seed43,MSH6,P43246:760:F>Y,0,0.6568752
train-clinvar+pg_dms__transformer__seed43,MSH6,P43246:760:F>V,0,0.86154014
train-clinvar+pg_dms__transformer__seed43,MSH6,P43246:760:F>L,0,0.94931966
train-clinvar+pg_dms__transformer__seed43,MSH6,P43246:760:F>K,0,0.9547869
train-clinvar+pg_dms__transformer__seed43,MSH6,P43246:760:F>I,0,0.97431743
train-clinvar+pg_dms__transformer__seed43,MSH6,P43246:760:F>H,0,0.92985314
train-clinvar+pg_dms__transformer__seed43,MSH6,P43246:760:F>G,1,0.9866253
train-clinvar+pg_dms__transformer__seed43,MSH6,P43246:760:F>E,0,0.9823006
train-clinvar+pg_dms__transformer__seed43,MSH6,P43246:762:L>H,0,0.83348066
train-clinvar+pg_dms__transformer__seed43,MSH6,P43246:762:L>N,0,0.9126889
train-clinvar+pg_dms__transformer__seed43,MSH6,P43246:762:L>M,1,0.46178168
train-clinvar+pg_dms__transformer__seed43,MSH6,P43246:762:L>K,1,0.80742586
train-clinvar+pg_dms__transformer__seed43,MSH6,P43246:762:L>I,0,0.0899891
train-clinvar+pg_dms__transformer__seed43,MSH6,P43246:762:L>F,0,0.5921898
train-clinvar+pg_dms__transformer__seed43,MSH6,P43246:762:L>T,0,0.6647827
train-clinvar+pg_dms__transformer__seed43,MSH6,P43246:762:L>W,1,0.87469375
train-clinvar+pg_dms__transformer__seed43,MSH6,P43246:762:L>V,0,0.19272272
train-clinvar+pg_dms__transformer__seed43,MSH6,P43246:762:L>G,1,0.8751261
train-clinvar+pg_dms__transformer__seed43,MSH6,P43246:762:L>S,0,0.6590908
train-clinvar+pg_dms__transformer__seed43,MSH6,P43246:762:L>R,1,0.96629924
train-clinvar+pg_dms__transformer__seed43,MSH6,P43246:762:L>Q,0,0.48489276
train-clinvar+pg_dms__transformer__seed43,MSH6,P43246:762:L>C,0,0.22381009
train-clinvar+pg_dms__transformer__seed43,MSH6,P43246:762:L>P,1,0.9764029
train-clinvar+pg_dms__transformer__seed43,MSH6,P43246:762:L>Y,0,0.75930554
train-clinvar+pg_dms__transformer__seed43,MSH6,P43246:762:L>A,1,0.6227788
train-clinvar+pg_dms__transformer__seed43,MSH6,P43246:762:L>D,1,0.9800094
train-clinvar+pg_dms__transformer__seed43,MSH6,P43246:769:Y>W,0,0.22923595
train-clinvar+pg_dms__transformer__seed43,MSH6,P43246:769:Y>G,0,0.12149672
train-clinvar+pg_dms__transformer__seed43,MSH6,P43246:769:Y>M,0,0.35397825
train-clinvar+pg_dms__transformer__seed43,MSH6,P43246:769:Y>S,0,0.02927222
train-clinvar+pg_dms__transformer__seed43,MSH6,P43246:769:Y>T,0,0.10755128
train-clinvar+pg_dms__transformer__seed43,MSH6,P43246:769:Y>V,0,0.10527218
train-clinvar+pg_dms__transformer__seed43,MSH6,P43246:769:Y>N,0,0.029350093
train-clinvar+pg_dms__transformer__seed43,MSH6,P43246:769:Y>L,0,0.113658816
train-clinvar+pg_dms__transformer__seed43,MSH6,P43246:769:Y>R,0,0.14048873
train-clinvar+pg_dms__transformer__seed43,MSH6,P43246:769:Y>P,1,0.9469814
train-clinvar+pg_dms__transformer__seed43,MSH6,P43246:769:Y>F,0,0.014023129
train-clinvar+pg_dms__transformer__seed43,MSH6,P43246:769:Y>E,0,0.1526039
train-clinvar+pg_dms__transformer__seed43,MSH6,P43246:769:Y>D,0,0.06345238
train-clinvar+pg_dms__transformer__seed43,MSH6,P43246:769:Y>C,0,0.013472071
train-clinvar+pg_dms__transformer__seed43,MSH6,P43246:769:Y>A,0,0.06974343
train-clinvar+pg_dms__transformer__seed43,MSH6,P43246:769:Y>K,0,0.18443115
train-clinvar+pg_dms__transformer__seed43,MSH6,P43246:769:Y>I,0,0.39683038
train-clinvar+pg_dms__transformer__seed43,MSH6,P43246:770:I>W,1,0.66696024
train-clinvar+pg_dms__transformer__seed43,MSH6,P43246:770:I>A,0,0.05355217
train-clinvar+pg_dms__transformer__seed43,MSH6,P43246:770:I>C,0,0.116275184
train-clinvar+pg_dms__transformer__seed43,MSH6,P43246:770:I>D,1,0.9829419
train-clinvar+pg_dms__transformer__seed43,MSH6,P43246:770:I>E,0,0.9128896
train-clinvar+pg_dms__transformer__seed43,MSH6,P43246:770:I>F,0,0.22553514
train-clinvar+pg_dms__transformer__seed43,MSH6,P43246:770:I>G,1,0.8267855
train-clinvar+pg_dms__transformer__seed43,MSH6,P43246:770:I>K,1,0.7709589
train-clinvar+pg_dms__transformer__seed43,MSH6,P43246:770:I>L,0,0.012637817
train-clinvar+pg_dms__transformer__seed43,MSH6,P43246:770:I>Q,0,0.6159504
train-clinvar+pg_dms__transformer__seed43,MSH6,P43246:770:I>R,1,0.98221153
train-clinvar+pg_dms__transformer__seed43,MSH6,P43246:770:I>S,0,0.20245329
train-clinvar+pg_dms__transformer__seed43,MSH6,P43246:770:I>T,0,0.11078667
train-clinvar+pg_dms__transformer__seed43,MSH6,P43246:770:I>V,0,0.03201814
train-clinvar+pg_dms__transformer__seed43,MSH6,P43246:770:I>Y,0,0.6164342
train-clinvar+pg_dms__transformer__seed43,MSH6,P43246:770:I>P,1,0.9604799
train-clinvar+pg_dms__transformer__seed43,MSH6,P43246:770:I>M,0,0.111979954
train-clinvar+pg_dms__transformer__seed43,MSH6,P43246:774:I>Q,0,0.039276075
train-clinvar+pg_dms__transformer__seed43,MSH6,P43246:774:I>W,1,0.46360853
train-clinvar+pg_dms__transformer__seed43,MSH6,P43246:774:I>T,0,0.032008283
train-clinvar+pg_dms__transformer__seed43,MSH6,P43246:774:I>R,0,0.094640024
train-clinvar+pg_dms__transformer__seed43,MSH6,P43246:774:I>P,1,0.79053044
train-clinvar+pg_dms__transformer__seed43,MSH6,P43246:774:I>N,0,0.036717933
train-clinvar+pg_dms__transformer__seed43,MSH6,P43246:774:I>L,0,0.005436386
train-clinvar+pg_dms__transformer__seed43,MSH6,P43246:774:I>K,0,0.076504506
train-clinvar+pg_dms__transformer__seed43,MSH6,P43246:774:I>H,0,0.20393059
train-clinvar+pg_dms__transformer__seed43,MSH6,P43246:774:I>G,0,0.2036684
train-clinvar+pg_dms__transformer__seed43,MSH6,P43246:774:I>F,0,0.13887888
train-clinvar+pg_dms__transformer__seed43,MSH6,P43246:774:I>Y,0,0.19299293
train-clinvar+pg_dms__transformer__seed43,MSH6,P43246:774:I>D,1,0.84642804
train-clinvar+pg_dms__transformer__seed43,MSH6,P43246:774:I>A,0,0.016412051
train-clinvar+pg_dms__transformer__seed43,MSH6,P43246:774:I>C,0,0.032071926
train-clinvar+pg_dms__transformer__seed43,MSH6,P43246:788:T>C,0,0.21785916
train-clinvar+pg_dms__transformer__seed43,MSH6,P43246:788:T>A,0,0.081157856
train-clinvar+pg_dms__transformer__seed43,MSH6,P43246:788:T>H,0,0.7277035
train-clinvar+pg_dms__transformer__seed43,MSH6,P43246:788:T>K,0,0.85439265
train-clinvar+pg_dms__transformer__seed43,MSH6,P43246:788:T>L,0,0.3652586
train-clinvar+pg_dms__transformer__seed43,MSH6,P43246:788:T>F,0,0.95396477
train-clinvar+pg_dms__transformer__seed43,MSH6,P43246:788:T>N,0,0.41471538
train-clinvar+pg_dms__transformer__seed43,MSH6,P43246:788:T>M,1,0.4045224
train-clinvar+pg_dms__transformer__seed43,MSH6,P43246:788:T>Q,0,0.51891035
train-clinvar+pg_dms__transformer__seed43,MSH6,P43246:788:T>R,0,0.9353845
train-clinvar+pg_dms__transformer__seed43,MSH6,P43246:788:T>S,0,0.14975333
train-clinvar+pg_dms__transformer__seed43,MSH6,P43246:788:T>V,0,0.39157888
train-clinvar+pg_dms__transformer__seed43,MSH6,P43246:788:T>W,1,0.7973344
train-clinvar+pg_dms__transformer__seed43,MSH6,P43246:788:T>Y,0,0.8862957
train-clinvar+pg_dms__transformer__seed43,MSH6,P43246:788:T>E,0,0.87694126
train-clinvar+pg_dms__transformer__seed43,MSH6,P43246:788:T>P,0,0.90064734
train-clinvar+pg_dms__transformer__seed43,MSH6,P43246:788:T>G,0,0.4784143
train-clinvar+pg_dms__transformer__seed43,MSH6,P43246:789:A>Y,0,0.29294705
train-clinvar+pg_dms__transformer__seed43,MSH6,P43246:789:A>W,1,0.6719709
train-clinvar+pg_dms__transformer__seed43,MSH6,P43246:789:A>R,0,0.3423065
train-clinvar+pg_dms__transformer__seed43,MSH6,P43246:789:A>Q,0,0.10598394
train-clinvar+pg_dms__transformer__seed43,MSH6,P43246:789:A>P,0,0.95032555
train-clinvar+pg_dms__transformer__seed43,MSH6,P43246:789:A>N,0,0.21487099
train-clinvar+pg_dms__transformer__seed43,MSH6,P43246:789:A>M,0,0.30521256
train-clinvar+pg_dms__transformer__seed43,MSH6,P43246:789:A>L,0,0.041904468
train-clinvar+pg_dms__transformer__seed43,MSH6,P43246:789:A>K,0,0.37697494
train-clinvar+pg_dms__transformer__seed43,MSH6,P43246:789:A>I,0,0.22239345
train-clinvar+pg_dms__transformer__seed43,MSH6,P43246:789:A>H,0,0.41393182
train-clinvar+pg_dms__transformer__seed43,MSH6,P43246:789:A>G,0,0.10916419
train-clinvar+pg_dms__transformer__seed43,MSH6,P43246:789:A>F,0,0.15920135
train-clinvar+pg_dms__transformer__seed43,MSH6,P43246:789:A>E,0,0.0663251
train-clinvar+pg_dms__transformer__seed43,MSH6,P43246:789:A>C,0,0.046144802
train-clinvar+pg_dms__transformer__seed43,MSH6,P43246:789:A>S,0,0.038175806
train-clinvar+pg_dms__transformer__seed43,MSH6,P43246:789:A>T,0,0.030490588
train-clinvar+pg_dms__transformer__seed43,MSH6,P43246:790:L>F,0,0.23593865
train-clinvar+pg_dms__transformer__seed43,MSH6,P43246:790:L>P,1,0.9514359
train-clinvar+pg_dms__transformer__seed43,MSH6,P43246:790:L>R,1,0.9479923
train-clinvar+pg_dms__transformer__seed43,MSH6,P43246:790:L>S,1,0.33828816
train-clinvar+pg_dms__transformer__seed43,MSH6,P43246:790:L>T,0,0.3527809
train-clinvar+pg_dms__transformer__seed43,MSH6,P43246:790:L>V,0,0.07861199
train-clinvar+pg_dms__transformer__seed43,MSH6,P43246:790:L>W,1,0.62568855
train-clinvar+pg_dms__transformer__seed43,MSH6,P43246:790:L>M,0,0.27172652
train-clinvar+pg_dms__transformer__seed43,MSH6,P43246:790:L>K,1,0.8297858
train-clinvar+pg_dms__transformer__seed43,MSH6,P43246:790:L>I,0,0.0913769
train-clinvar+pg_dms__transformer__seed43,MSH6,P43246:790:L>H,1,0.62632793
train-clinvar+pg_dms__transformer__seed43,MSH6,P43246:790:L>G,1,0.61390305
train-clinvar+pg_dms__transformer__seed43,MSH6,P43246:790:L>D,1,0.8656791
train-clinvar+pg_dms__transformer__seed43,MSH6,P43246:790:L>C,0,0.12732778
train-clinvar+pg_dms__transformer__seed43,MSH6,P43246:790:L>A,0,0.2551686
train-clinvar+pg_dms__transformer__seed43,MSH6,P43246:790:L>Q,0,0.48455745
train-clinvar+pg_dms__transformer__seed43,MSH6,P43246:790:L>N,1,0.6351663
train-clinvar+pg_dms__transformer__seed43,MSH6,P43246:791:A>N,0,0.21874604
train-clinvar+pg_dms__transformer__seed43,MSH6,P43246:791:A>Y,0,0.39484036
train-clinvar+pg_dms__transformer__seed43,MSH6,P43246:791:A>W,0,0.5769941
train-clinvar+pg_dms__transformer__seed43,MSH6,P43246:791:A>R,0,0.32700267
train-clinvar+pg_dms__transformer__seed43,MSH6,P43246:791:A>C,0,0.04342848
train-clinvar+pg_dms__transformer__seed43,MSH6,P43246:791:A>Q,0,0.08119104
train-clinvar+pg_dms__transformer__seed43,MSH6,P43246:791:A>D,0,0.14429633
train-clinvar+pg_dms__transformer__seed43,MSH6,P43246:791:A>F,0,0.4329985
train-clinvar+pg_dms__transformer__seed43,MSH6,P43246:791:A>G,0,0.05148651
train-clinvar+pg_dms__transformer__seed43,MSH6,P43246:791:A>H,0,0.33372
train-clinvar+pg_dms__transformer__seed43,MSH6,P43246:791:A>I,0,0.33962125
train-clinvar+pg_dms__transformer__seed43,MSH6,P43246:791:A>K,0,0.3265911
train-clinvar+pg_dms__transformer__seed43,MSH6,P43246:791:A>L,0,0.17450787
train-clinvar+pg_dms__transformer__seed43,MSH6,P43246:791:A>M,1,0.4136991
train-clinvar+pg_dms__transformer__seed43,MSH6,P43246:791:A>E,0,0.03719679
train-clinvar+pg_dms__transformer__seed43,MSH6,P43246:794:I>C,0,0.02436445
train-clinvar+pg_dms__transformer__seed43,MSH6,P43246:794:I>V,0,0.05076627
train-clinvar+pg_dms__transformer__seed43,MSH6,P43246:794:I>T,0,0.027657079
train-clinvar+pg_dms__transformer__seed43,MSH6,P43246:794:I>S,0,0.021574166
train-clinvar+pg_dms__transformer__seed43,MSH6,P43246:794:I>R,0,0.0218452
train-clinvar+pg_dms__transformer__seed43,MSH6,P43246:794:I>Q,0,0.025245018
train-clinvar+pg_dms__transformer__seed43,MSH6,P43246:794:I>P,1,0.7993182
train-clinvar+pg_dms__transformer__seed43,MSH6,P43246:794:I>N,0,0.025444956
train-clinvar+pg_dms__transformer__seed43,MSH6,P43246:794:I>M,1,0.15848255
train-clinvar+pg_dms__transformer__seed43,MSH6,P43246:794:I>A,0,0.037549652
train-clinvar+pg_dms__transformer__seed43,MSH6,P43246:794:I>L,0,0.028450415
train-clinvar+pg_dms__transformer__seed43,MSH6,P43246:794:I>H,0,0.03641836
train-clinvar+pg_dms__transformer__seed43,MSH6,P43246:794:I>G,0,0.12305104
train-clinvar+pg_dms__transformer__seed43,MSH6,P43246:794:I>F,0,0.014577948
train-clinvar+pg_dms__transformer__seed43,MSH6,P43246:794:I>E,0,0.04955358
train-clinvar+pg_dms__transformer__seed43,MSH6,P43246:794:I>D,0,0.24825142
train-clinvar+pg_dms__transformer__seed43,MSH6,P43246:794:I>Y,0,0.030207809
train-clinvar+pg_dms__transformer__seed43,MSH6,P43246:794:I>W,0,0.43115577
train-clinvar+pg_dms__transformer__seed43,MSH6,P43246:798:N>P,1,0.9006234
train-clinvar+pg_dms__transformer__seed43,MSH6,P43246:798:N>M,0,0.16687259
train-clinvar+pg_dms__transformer__seed43,MSH6,P43246:798:N>L,0,0.020785453
train-clinvar+pg_dms__transformer__seed43,MSH6,P43246:798:N>I,0,0.043123126
train-clinvar+pg_dms__transformer__seed43,MSH6,P43246:798:N>D,0,0.0395729
train-clinvar+pg_dms__transformer__seed43,MSH6,P43246:798:N>G,0,0.01955185
train-clinvar+pg_dms__transformer__seed43,MSH6,P43246:798:N>F,0,0.035423208
train-clinvar+pg_dms__transformer__seed43,MSH6,P43246:798:N>Q,0,0.016809035
train-clinvar+pg_dms__transformer__seed43,MSH6,P43246:798:N>A,0,0.012685896
train-clinvar+pg_dms__transformer__seed43,MSH6,P43246:798:N>C,0,0.0063367174
train-clinvar+pg_dms__transformer__seed43,MSH6,P43246:798:N>H,1,0.015886735
train-clinvar+pg_dms__transformer__seed43,MSH6,P43246:798:N>E,0,0.011563298
train-clinvar+pg_dms__transformer__seed43,MSH6,P43246:798:N>R,0,0.018771626
train-clinvar+pg_dms__transformer__seed43,MSH6,P43246:798:N>V,0,0.02490182
train-clinvar+pg_dms__transformer__seed43,MSH6,P43246:798:N>W,0,0.3845517
train-clinvar+pg_dms__transformer__seed43,MSH6,P43246:798:N>Y,0,0.014700934
train-clinvar+pg_dms__transformer__seed43,MSH6,P43246:798:N>S,0,0.018979432
train-clinvar+pg_dms__transformer__seed43,MSH6,P43246:810:T>A,0,0.006555704
train-clinvar+pg_dms__transformer__seed43,MSH6,P43246:810:T>C,0,0.01144744
train-clinvar+pg_dms__transformer__seed43,MSH6,P43246:810:T>Y,0,0.031696446
train-clinvar+pg_dms__transformer__seed43,MSH6,P43246:810:T>D,0,0.048266128
train-clinvar+pg_dms__transformer__seed43,MSH6,P43246:810:T>E,0,0.011917055
train-clinvar+pg_dms__transformer__seed43,MSH6,P43246:810:T>H,0,0.015287104
train-clinvar+pg_dms__transformer__seed43,MSH6,P43246:810:T>I,0,0.095832825
train-clinvar+pg_dms__transformer__seed43,MSH6,P43246:810:T>K,0,0.009100826
train-clinvar+pg_dms__transformer__seed43,MSH6,P43246:810:T>W,0,0.3850435
train-clinvar+pg_dms__transformer__seed43,MSH6,P43246:810:T>V,0,0.050144013
train-clinvar+pg_dms__transformer__seed43,MSH6,P43246:810:T>S,0,0.010617951
train-clinvar+pg_dms__transformer__seed43,MSH6,P43246:810:T>L,0,0.010654179
train-clinvar+pg_dms__transformer__seed43,MSH6,P43246:810:T>P,0,0.46243033
train-clinvar+pg_dms__transformer__seed43,MSH6,P43246:810:T>M,0,0.20712179
train-clinvar+pg_dms__transformer__seed43,MSH6,P43246:810:T>R,0,0.013506
train-clinvar+pg_dms__transformer__seed43,MSH6,P43246:810:T>G,0,0.012270236
train-clinvar+pg_dms__transformer__seed43,MSH6,P43246:815:Y>I,1,0.521157
train-clinvar+pg_dms__transformer__seed43,MSH6,P43246:815:Y>K,0,0.17746122
train-clinvar+pg_dms__transformer__seed43,MSH6,P43246:815:Y>L,0,0.122678675
train-clinvar+pg_dms__transformer__seed43,MSH6,P43246:815:Y>M,1,0.42591876
train-clinvar+pg_dms__transformer__seed43,MSH6,P43246:815:Y>N,0,0.14653
train-clinvar+pg_dms__transformer__seed43,MSH6,P43246:815:Y>P,0,0.8342538
train-clinvar+pg_dms__transformer__seed43,MSH6,P43246:815:Y>Q,0,0.1863026
train-clinvar+pg_dms__transformer__seed43,MSH6,P43246:815:Y>R,0,0.41701365
train-clinvar+pg_dms__transformer__seed43,MSH6,P43246:815:Y>S,1,0.27385318
train-clinvar+pg_dms__transformer__seed43,MSH6,P43246:815:Y>T,0,0.35701382
train-clinvar+pg_dms__transformer__seed43,MSH6,P43246:815:Y>V,1,0.35046792
train-clinvar+pg_dms__transformer__seed43,MSH6,P43246:815:Y>W,0,0.37047523
train-clinvar+pg_dms__transformer__seed43,MSH6,P43246:815:Y>G,1,0.4750696
train-clinvar+pg_dms__transformer__seed43,MSH6,P43246:815:Y>F,0,0.029684229
train-clinvar+pg_dms__transformer__seed43,MSH6,P43246:815:Y>E,1,0.27033773
train-clinvar+pg_dms__transformer__seed43,MSH6,P43246:815:Y>D,1,0.63544893
train-clinvar+pg_dms__transformer__seed43,MSH6,P43246:815:Y>A,1,0.24540125
train-clinvar+pg_dms__transformer__seed43,MSH6,P43246:825:S>A,0,0.20934984
train-clinvar+pg_dms__transformer__seed43,MSH6,P43246:825:S>C,0,0.14664784
train-clinvar+pg_dms__transformer__seed43,MSH6,P43246:825:S>D,0,0.5025398
train-clinvar+pg_dms__transformer__seed43,MSH6,P43246:825:S>E,0,0.2894282
train-clinvar+pg_dms__transformer__seed43,MSH6,P43246:825:S>H,0,0.41706756
train-clinvar+pg_dms__transformer__seed43,MSH6,P43246:825:S>L,1,0.29200602
train-clinvar+pg_dms__transformer__seed43,MSH6,P43246:825:S>K,0,0.31749
train-clinvar+pg_dms__transformer__seed43,MSH6,P43246:825:S>V,0,0.35616654
train-clinvar+pg_dms__transformer__seed43,MSH6,P43246:825:S>T,0,0.25968415
train-clinvar+pg_dms__transformer__seed43,MSH6,P43246:825:S>R,0,0.41911113
train-clinvar+pg_dms__transformer__seed43,MSH6,P43246:825:S>P,0,0.7066655
train-clinvar+pg_dms__transformer__seed43,MSH6,P43246:825:S>N,1,0.49048585
train-clinvar+pg_dms__transformer__seed43,MSH6,P43246:825:S>M,1,0.480219
train-clinvar+pg_dms__transformer__seed43,MSH6,P43246:825:S>W,1,0.54745525
train-clinvar+pg_dms__transformer__seed43,MSH6,P43246:825:S>I,0,0.48887387
train-clinvar+pg_dms__transformer__seed43,MSH6,P43246:826:F>L,0,0.24988276
train-clinvar+pg_dms__transformer__seed43,MSH6,P43246:826:F>K,0,0.18068461
train-clinvar+pg_dms__transformer__seed43,MSH6,P43246:826:F>I,0,0.36702004
train-clinvar+pg_dms__transformer__seed43,MSH6,P43246:826:F>H,0,0.26497608
train-clinvar+pg_dms__transformer__seed43,MSH6,P43246:826:F>G,0,0.3464791
train-clinvar+pg_dms__transformer__seed43,MSH6,P43246:826:F>E,0,0.264467
train-clinvar+pg_dms__transformer__seed43,MSH6,P43246:826:F>D,0,0.4600001
train-clinvar+pg_dms__transformer__seed43,MSH6,P43246:826:F>W,0,0.35835525
train-clinvar+pg_dms__transformer__seed43,MSH6,P43246:826:F>M,0,0.36427328
train-clinvar+pg_dms__transformer__seed43,MSH6,P43246:826:F>C,0,0.0899473
train-clinvar+pg_dms__transformer__seed43,MSH6,P43246:826:F>P,0,0.6886513
train-clinvar+pg_dms__transformer__seed43,MSH6,P43246:826:F>Q,0,0.1505992
train-clinvar+pg_dms__transformer__seed43,MSH6,P43246:826:F>R,0,0.3318021
train-clinvar+pg_dms__transformer__seed43,MSH6,P43246:826:F>T,0,0.38746092
train-clinvar+pg_dms__transformer__seed43,MSH6,P43246:826:F>V,0,0.27670687
train-clinvar+pg_dms__transformer__seed43,MSH6,P43246:826:F>A,0,0.18567485
train-clinvar+pg_dms__transformer__seed43,MSH6,P43246:826:F>N,0,0.24277996
train-clinvar+pg_dms__transformer__seed43,MSH6,P43246:826:F>Y,0,0.0434532
train-clinvar+pg_dms__transformer__seed43,MSH6,P43246:830:V>Q,0,0.21746239
train-clinvar+pg_dms__transformer__seed43,MSH6,P43246:830:V>C,0,0.086751655
train-clinvar+pg_dms__transformer__seed43,MSH6,P43246:830:V>A,0,0.38330528
train-clinvar+pg_dms__transformer__seed43,MSH6,P43246:830:V>Y,0,0.38382837
train-clinvar+pg_dms__transformer__seed43,MSH6,P43246:830:V>W,0,0.5397492
train-clinvar+pg_dms__transformer__seed43,MSH6,P43246:830:V>T,0,0.45934036
train-clinvar+pg_dms__transformer__seed43,MSH6,P43246:830:V>R,0,0.7368448
train-clinvar+pg_dms__transformer__seed43,MSH6,P43246:830:V>P,1,0.8877798
train-clinvar+pg_dms__transformer__seed43,MSH6,P43246:830:V>M,0,0.47044984
train-clinvar+pg_dms__transformer__seed43,MSH6,P43246:830:V>S,0,0.2845528
train-clinvar+pg_dms__transformer__seed43,MSH6,P43246:830:V>K,0,0.4063556
train-clinvar+pg_dms__transformer__seed43,MSH6,P43246:830:V>I,0,0.0687398
train-clinvar+pg_dms__transformer__seed43,MSH6,P43246:830:V>H,0,0.454119
train-clinvar+pg_dms__transformer__seed43,MSH6,P43246:830:V>G,0,0.63633305
train-clinvar+pg_dms__transformer__seed43,MSH6,P43246:830:V>F,0,0.47485065
train-clinvar+pg_dms__transformer__seed43,MSH6,P43246:830:V>E,0,0.5365264
train-clinvar+pg_dms__transformer__seed43,MSH6,P43246:830:V>L,0,0.38925558
train-clinvar+pg_dms__transformer__seed43,MSH6,P43246:830:V>D,0,0.7447435
train-clinvar+pg_dms__transformer__seed43,MSH6,P43246:834:A>Y,0,0.41848737
train-clinvar+pg_dms__transformer__seed43,MSH6,P43246:834:A>W,0,0.47982815
train-clinvar+pg_dms__transformer__seed43,MSH6,P43246:834:A>V,0,0.12066271
train-clinvar+pg_dms__transformer__seed43,MSH6,P43246:834:A>S,0,0.06761255
train-clinvar+pg_dms__transformer__seed43,MSH6,P43246:834:A>R,0,0.6020831
train-clinvar+pg_dms__transformer__seed43,MSH6,P43246:834:A>Q,0,0.31952214
train-clinvar+pg_dms__transformer__seed43,MSH6,P43246:834:A>P,1,0.7918939
train-clinvar+pg_dms__transformer__seed43,MSH6,P43246:834:A>M,0,0.43736473
train-clinvar+pg_dms__transformer__seed43,MSH6,P43246:834:A>L,0,0.14729579
train-clinvar+pg_dms__transformer__seed43,MSH6,P43246:834:A>N,0,0.4462223
train-clinvar+pg_dms__transformer__seed43,MSH6,P43246:834:A>I,0,0.37341142
train-clinvar+pg_dms__transformer__seed43,MSH6,P43246:834:A>H,0,0.5090842
train-clinvar+pg_dms__transformer__seed43,MSH6,P43246:834:A>F,0,0.43156958
train-clinvar+pg_dms__transformer__seed43,MSH6,P43246:834:A>E,0,0.4149304
train-clinvar+pg_dms__transformer__seed43,MSH6,P43246:834:A>D,1,0.59284663
train-clinvar+pg_dms__transformer__seed43,MSH6,P43246:834:A>C,0,0.048583385
train-clinvar+pg_dms__transformer__seed43,MSH6,P43246:834:A>K,0,0.5343852
train-clinvar+pg_dms__transformer__seed43,MSH6,P43246:847:K>H,0,0.09816925
train-clinvar+pg_dms__transformer__seed43,MSH6,P43246:847:K>V,0,0.036941744
train-clinvar+pg_dms__transformer__seed43,MSH6,P43246:847:K>S,0,0.053733535
train-clinvar+pg_dms__transformer__seed43,MSH6,P43246:847:K>R,0,0.0012611913
train-clinvar+pg_dms__transformer__seed43,MSH6,P43246:847:K>P,0,0.66400737
train-clinvar+pg_dms__transformer__seed43,MSH6,P43246:847:K>N,0,0.067782536
train-clinvar+pg_dms__transformer__seed43,MSH6,P43246:847:K>M,0,0.09581902
train-clinvar+pg_dms__transformer__seed43,MSH6,P43246:847:K>L,0,0.037005328
train-clinvar+pg_dms__transformer__seed43,MSH6,P43246:847:K>I,0,0.067721575
train-clinvar+pg_dms__transformer__seed43,MSH6,P43246:847:K>E,0,0.08398225
train-clinvar+pg_dms__transformer__seed43,MSH6,P43246:847:K>G,0,0.05909115
train-clinvar+pg_dms__transformer__seed43,MSH6,P43246:847:K>A,0,0.053407017
train-clinvar+pg_dms__transformer__seed43,MSH6,P43246:847:K>C,0,0.021810748
train-clinvar+pg_dms__transformer__seed43,MSH6,P43246:847:K>D,0,0.24119529
train-clinvar+pg_dms__transformer__seed43,MSH6,P43246:847:K>W,0,0.15925568
train-clinvar+pg_dms__transformer__seed43,MSH6,P43246:847:K>Y,0,0.03787682
train-clinvar+pg_dms__transformer__seed43,MSH6,P43246:847:K>F,0,0.043195285
train-clinvar+pg_dms__transformer__seed43,MSH6,P43246:849:L>T,0,0.0013442322
train-clinvar+pg_dms__transformer__seed43,MSH6,P43246:849:L>A,0,0.0009678653
train-clinvar+pg_dms__transformer__seed43,MSH6,P43246:849:L>R,0,0.009116686
train-clinvar+pg_dms__transformer__seed43,MSH6,P43246:849:L>P,0,0.4496761
train-clinvar+pg_dms__transformer__seed43,MSH6,P43246:849:L>N,0,0.0005657117
train-clinvar+pg_dms__transformer__seed43,MSH6,P43246:849:L>K,0,0.00065094366
train-clinvar+pg_dms__transformer__seed43,MSH6,P43246:849:L>I,0,0.0018089698
train-clinvar+pg_dms__transformer__seed43,MSH6,P43246:849:L>H,0,0.0010001832
train-clinvar+pg_dms__transformer__seed43,MSH6,P43246:849:L>G,0,0.0013719153
train-clinvar+pg_dms__transformer__seed43,MSH6,P43246:849:L>F,0,0.00094810274
train-clinvar+pg_dms__transformer__seed43,MSH6,P43246:849:L>E,0,0.0008876172
train-clinvar+pg_dms__transformer__seed43,MSH6,P43246:849:L>D,0,0.0107809305
train-clinvar+pg_dms__transformer__seed43,MSH6,P43246:849:L>C,0,0.0010693056
train-clinvar+pg_dms__transformer__seed43,MSH6,P43246:849:L>Y,0,0.0012555262
train-clinvar+pg_dms__transformer__seed43,MSH6,P43246:849:L>W,0,0.017372848
train-clinvar+pg_dms__transformer__seed43,MSH6,P43246:849:L>V,0,0.007436256
train-clinvar+pg_dms__transformer__seed43,MSH6,P43246:849:L>S,0,0.00059870933
train-clinvar+pg_dms__transformer__seed43,MSH6,P43246:856:Y>A,0,0.0003977396
train-clinvar+pg_dms__transformer__seed43,MSH6,P43246:856:Y>K,0,0.0005754851
train-clinvar+pg_dms__transformer__seed43,MSH6,P43246:856:Y>D,0,0.001026438
train-clinvar+pg_dms__transformer__seed43,MSH6,P43246:856:Y>N,0,0.00029862564
train-clinvar+pg_dms__transformer__seed43,MSH6,P43246:856:Y>M,0,0.021430138
train-clinvar+pg_dms__transformer__seed43,MSH6,P43246:856:Y>L,0,0.00050451217
train-clinvar+pg_dms__transformer__seed43,MSH6,P43246:856:Y>C,0,0.001222854
train-clinvar+pg_dms__transformer__seed43,MSH6,P43246:856:Y>R,0,0.0004196573
train-clinvar+pg_dms__transformer__seed43,MSH6,P43246:856:Y>S,0,0.00031818784
train-clinvar+pg_dms__transformer__seed43,MSH6,P43246:856:Y>T,0,0.0005420677
train-clinvar+pg_dms__transformer__seed43,MSH6,P43246:856:Y>V,0,0.0006640966
train-clinvar+pg_dms__transformer__seed43,MSH6,P43246:856:Y>W,0,0.015480135
train-clinvar+pg_dms__transformer__seed43,MSH6,P43246:856:Y>P,0,0.01211053
train-clinvar+pg_dms__transformer__seed43,MSH6,P43246:856:Y>Q,0,0.0005609272
train-clinvar+pg_dms__transformer__seed43,MSH6,P43246:856:Y>I,0,0.00096529134
train-clinvar+pg_dms__transformer__seed43,MSH6,P43246:856:Y>G,0,0.00028444256
train-clinvar+pg_dms__transformer__seed43,MSH6,P43246:856:Y>E,0,0.0005017074
train-clinvar+pg_dms__transformer__seed43,MSH6,P43246:861:Q>V,0,0.007560758
train-clinvar+pg_dms__transformer__seed43,MSH6,P43246:861:Q>F,0,0.01194632
train-clinvar+pg_dms__transformer__seed43,MSH6,P43246:861:Q>G,0,0.0060244496
train-clinvar+pg_dms__transformer__seed43,MSH6,P43246:861:Q>H,0,0.019803338
train-clinvar+pg_dms__transformer__seed43,MSH6,P43246:861:Q>T,0,0.0144973025
train-clinvar+pg_dms__transformer__seed43,MSH6,P43246:861:Q>L,0,0.021548435
train-clinvar+pg_dms__transformer__seed43,MSH6,P43246:861:Q>A,0,0.0063129826
train-clinvar+pg_dms__transformer__seed43,MSH6,P43246:861:Q>C,0,0.0046823067
train-clinvar+pg_dms__transformer__seed43,MSH6,P43246:861:Q>D,0,0.010642485
train-clinvar+pg_dms__transformer__seed43,MSH6,P43246:861:Q>E,0,0.010014298
train-clinvar+pg_dms__transformer__seed43,MSH6,P43246:861:Q>M,0,0.1596012
train-clinvar+pg_dms__transformer__seed43,MSH6,P43246:861:Q>P,0,0.037916232
train-clinvar+pg_dms__transformer__seed43,MSH6,P43246:861:Q>R,0,0.010327377
train-clinvar+pg_dms__transformer__seed43,MSH6,P43246:861:Q>S,0,0.0034661763
train-clinvar+pg_dms__transformer__seed43,MSH6,P43246:861:Q>I,0,0.012443
train-clinvar+pg_dms__transformer__seed43,MSH6,P43246:861:Q>Y,0,0.0077023897
train-clinvar+pg_dms__transformer__seed43,MSH6,P43246:861:Q>W,0,0.073946655
train-clinvar+pg_dms__transformer__seed43,MSH6,P43246:866:M>E,0,0.0379004
train-clinvar+pg_dms__transformer__seed43,MSH6,P43246:866:M>C,0,0.047427893
train-clinvar+pg_dms__transformer__seed43,MSH6,P43246:866:M>Y,0,0.083468564
train-clinvar+pg_dms__transformer__seed43,MSH6,P43246:866:M>W,0,0.56865174
train-clinvar+pg_dms__transformer__seed43,MSH6,P43246:866:M>A,0,0.05025019
train-clinvar+pg_dms__transformer__seed43,MSH6,P43246:866:M>S,0,0.05600536
train-clinvar+pg_dms__transformer__seed43,MSH6,P43246:866:M>R,0,0.07356325
train-clinvar+pg_dms__transformer__seed43,MSH6,P43246:866:M>Q,0,0.028105848
train-clinvar+pg_dms__transformer__seed43,MSH6,P43246:866:M>P,0,0.15340705
train-clinvar+pg_dms__transformer__seed43,MSH6,P43246:866:M>L,0,0.095139526
train-clinvar+pg_dms__transformer__seed43,MSH6,P43246:866:M>K,0,0.04081115
train-clinvar+pg_dms__transformer__seed43,MSH6,P43246:866:M>I,0,0.12900154
train-clinvar+pg_dms__transformer__seed43,MSH6,P43246:866:M>H,0,0.118682176
train-clinvar+pg_dms__transformer__seed43,MSH6,P43246:866:M>G,0,0.06245701
train-clinvar+pg_dms__transformer__seed43,MSH6,P43246:866:M>F,0,0.10417603
train-clinvar+pg_dms__transformer__seed43,MSH6,P43246:866:M>V,0,0.04487281
train-clinvar+pg_dms__transformer__seed43,MSH6,P43246:867:E>L,0,0.011300246
train-clinvar+pg_dms__transformer__seed43,MSH6,P43246:867:E>K,0,0.013614367
train-clinvar+pg_dms__transformer__seed43,MSH6,P43246:867:E>F,0,0.052731596
train-clinvar+pg_dms__transformer__seed43,MSH6,P43246:867:E>H,0,0.056191634
train-clinvar+pg_dms__transformer__seed43,MSH6,P43246:867:E>G,0,0.006289348
train-clinvar+pg_dms__transformer__seed43,MSH6,P43246:867:E>M,0,0.1486646
train-clinvar+pg_dms__transformer__seed43,MSH6,P43246:867:E>I,0,0.020447174
train-clinvar+pg_dms__transformer__seed43,MSH6,P43246:867:E>N,0,0.013643994
train-clinvar+pg_dms__transformer__seed43,MSH6,P43246:867:E>S,0,0.005494283
train-clinvar+pg_dms__transformer__seed43,MSH6,P43246:867:E>Q,0,0.0050044563
train-clinvar+pg_dms__transformer__seed43,MSH6,P43246:867:E>R,0,0.018800443
train-clinvar+pg_dms__transformer__seed43,MSH6,P43246:867:E>C,0,0.035599746
train-clinvar+pg_dms__transformer__seed43,MSH6,P43246:867:E>T,0,0.014874315
train-clinvar+pg_dms__transformer__seed43,MSH6,P43246:867:E>V,0,0.008975031
train-clinvar+pg_dms__transformer__seed43,MSH6,P43246:867:E>W,1,0.2518325
train-clinvar+pg_dms__transformer__seed43,MSH6,P43246:867:E>Y,0,0.028311642
train-clinvar+pg_dms__transformer__seed43,MSH6,P43246:867:E>A,0,0.007496448
train-clinvar+pg_dms__transformer__seed43,MSH6,P43246:867:E>P,0,0.1007299
train-clinvar+pg_dms__transformer__seed43,MSH6,P43246:875:L>C,0,0.0017754481
train-clinvar+pg_dms__transformer__seed43,MSH6,P43246:875:L>D,0,0.014933176
train-clinvar+pg_dms__transformer__seed43,MSH6,P43246:875:L>E,0,0.0021307606
train-clinvar+pg_dms__transformer__seed43,MSH6,P43246:875:L>A,0,0.0020947831
train-clinvar+pg_dms__transformer__seed43,MSH6,P43246:875:L>Y,0,0.002375191
train-clinvar+pg_dms__transformer__seed43,MSH6,P43246:875:L>G,0,0.0030088052
train-clinvar+pg_dms__transformer__seed43,MSH6,P43246:875:L>H,0,0.0022323213
train-clinvar+pg_dms__transformer__seed43,MSH6,P43246:875:L>K,0,0.0013949596
train-clinvar+pg_dms__transformer__seed43,MSH6,P43246:875:L>P,0,0.086187
train-clinvar+pg_dms__transformer__seed43,MSH6,P43246:875:L>Q,0,0.0011518626
train-clinvar+pg_dms__transformer__seed43,MSH6,P43246:875:L>R,0,0.0024325266
train-clinvar+pg_dms__transformer__seed43,MSH6,P43246:875:L>T,0,0.0030910848
train-clinvar+pg_dms__transformer__seed43,MSH6,P43246:875:L>W,0,0.034812745
train-clinvar+pg_dms__transformer__seed43,MSH6,P43246:875:L>F,0,0.0013887931
train-clinvar+pg_dms__transformer__seed43,MSH6,P43246:875:L>I,0,0.004881462
train-clinvar+pg_dms__transformer__seed43,MSH6,P43246:875:L>S,0,0.0011870175
train-clinvar+pg_dms__transformer__seed43,MSH6,P43246:881:E>V,0,0.03303876
train-clinvar+pg_dms__transformer__seed43,MSH6,P43246:881:E>Y,0,0.023334708
train-clinvar+pg_dms__transformer__seed43,MSH6,P43246:881:E>M,0,0.13966179
train-clinvar+pg_dms__transformer__seed43,MSH6,P43246:881:E>T,0,0.023907205
train-clinvar+pg_dms__transformer__seed43,MSH6,P43246:881:E>A,0,0.005280973
train-clinvar+pg_dms__transformer__seed43,MSH6,P43246:881:E>C,0,0.019978829
train-clinvar+pg_dms__transformer__seed43,MSH6,P43246:881:E>D,0,0.02042969
train-clinvar+pg_dms__transformer__seed43,MSH6,P43246:881:E>F,0,0.044282485
train-clinvar+pg_dms__transformer__seed43,MSH6,P43246:881:E>G,0,0.002860922
train-clinvar+pg_dms__transformer__seed43,MSH6,P43246:881:E>I,0,0.027995918
train-clinvar+pg_dms__transformer__seed43,MSH6,P43246:881:E>H,0,0.07224273
train-clinvar+pg_dms__transformer__seed43,MSH6,P43246:881:E>N,0,0.010647431
train-clinvar+pg_dms__transformer__seed43,MSH6,P43246:881:E>P,0,0.5050208
train-clinvar+pg_dms__transformer__seed43,MSH6,P43246:881:E>Q,0,0.007579831
train-clinvar+pg_dms__transformer__seed43,MSH6,P43246:881:E>R,0,0.0057247346
train-clinvar+pg_dms__transformer__seed43,MSH6,P43246:881:E>S,0,0.004250101
train-clinvar+pg_dms__transformer__seed43,MSH6,P43246:881:E>L,0,0.010089934
train-clinvar+pg_dms__transformer__seed43,MSH6,P43246:881:E>W,0,0.14076003
train-clinvar+pg_dms__transformer__seed43,MSH6,P43246:882:K>V,0,0.00076165167
train-clinvar+pg_dms__transformer__seed43,MSH6,P43246:882:K>T,0,0.004457998
train-clinvar+pg_dms__transformer__seed43,MSH6,P43246:882:K>S,0,0.00064679974
train-clinvar+pg_dms__transformer__seed43,MSH6,P43246:882:K>R,0,0.00077565445
train-clinvar+pg_dms__transformer__seed43,MSH6,P43246:882:K>Q,0,0.00046656645
train-clinvar+pg_dms__transformer__seed43,MSH6,P43246:882:K>P,0,0.36907956
train-clinvar+pg_dms__transformer__seed43,MSH6,P43246:882:K>F,0,0.002982358
train-clinvar+pg_dms__transformer__seed43,MSH6,P43246:882:K>C,0,0.0018043254
train-clinvar+pg_dms__transformer__seed43,MSH6,P43246:882:K>A,0,0.0005776462
train-clinvar+pg_dms__transformer__seed43,MSH6,P43246:882:K>N,0,0.0006193789
train-clinvar+pg_dms__transformer__seed43,MSH6,P43246:882:K>M,0,0.024942236
train-clinvar+pg_dms__transformer__seed43,MSH6,P43246:882:K>L,0,0.00082005037
train-clinvar+pg_dms__transformer__seed43,MSH6,P43246:882:K>W,0,0.024090348
train-clinvar+pg_dms__transformer__seed43,MSH6,P43246:882:K>H,0,0.0068667103
train-clinvar+pg_dms__transformer__seed43,MSH6,P43246:882:K>G,0,0.00066033954
train-clinvar+pg_dms__transformer__seed43,MSH6,P43246:882:K>E,0,0.00075969304
train-clinvar+pg_dms__transformer__seed43,MSH6,P43246:882:K>D,0,0.0033232714
train-clinvar+pg_dms__transformer__seed43,MSH6,P43246:882:K>I,0,0.0012428737
train-clinvar+pg_dms__transformer__seed43,MSH6,P43246:883:I>A,0,0.02104892
train-clinvar+pg_dms__transformer__seed43,MSH6,P43246:883:I>C,0,0.026181404
train-clinvar+pg_dms__transformer__seed43,MSH6,P43246:883:I>D,0,0.25251132
train-clinvar+pg_dms__transformer__seed43,MSH6,P43246:883:I>E,0,0.038453367
train-clinvar+pg_dms__transformer__seed43,MSH6,P43246:883:I>F,0,0.006107401
train-clinvar+pg_dms__transformer__seed43,MSH6,P43246:883:I>G,0,0.16344336
train-clinvar+pg_dms__transformer__seed43,MSH6,P43246:883:I>H,0,0.09498784
train-clinvar+pg_dms__transformer__seed43,MSH6,P43246:883:I>K,0,0.036761615
train-clinvar+pg_dms__transformer__seed43,MSH6,P43246:883:I>N,0,0.056108173
train-clinvar+pg_dms__transformer__seed43,MSH6,P43246:883:I>M,0,0.124731906
train-clinvar+pg_dms__transformer__seed43,MSH6,P43246:883:I>P,0,0.89562774
train-clinvar+pg_dms__transformer__seed43,MSH6,P43246:883:I>Q,0,0.02159547
train-clinvar+pg_dms__transformer__seed43,MSH6,P43246:883:I>S,0,0.015118626
train-clinvar+pg_dms__transformer__seed43,MSH6,P43246:883:I>W,0,0.38688958
train-clinvar+pg_dms__transformer__seed43,MSH6,P43246:883:I>Y,0,0.019642651
train-clinvar+pg_dms__transformer__seed43,MSH6,P43246:883:I>L,0,0.006308793
train-clinvar+pg_dms__transformer__seed43,MSH6,P43246:883:I>R,0,0.028499966
train-clinvar+pg_dms__transformer__seed43,MSH6,P43246:887:F>W,0,0.18792404
train-clinvar+pg_dms__transformer__seed43,MSH6,P43246:887:F>V,0,0.026773047
train-clinvar+pg_dms__transformer__seed43,MSH6,P43246:887:F>S,0,0.15542725
train-clinvar+pg_dms__transformer__seed43,MSH6,P43246:887:F>R,1,0.5138128
train-clinvar+pg_dms__transformer__seed43,MSH6,P43246:887:F>Q,0,0.16394292
train-clinvar+pg_dms__transformer__seed43,MSH6,P43246:887:F>P,1,0.83673626
train-clinvar+pg_dms__transformer__seed43,MSH6,P43246:887:F>N,0,0.1482229
train-clinvar+pg_dms__transformer__seed43,MSH6,P43246:887:F>M,0,0.2169371
train-clinvar+pg_dms__transformer__seed43,MSH6,P43246:887:F>T,0,0.26503056
train-clinvar+pg_dms__transformer__seed43,MSH6,P43246:887:F>K,0,0.15149595
train-clinvar+pg_dms__transformer__seed43,MSH6,P43246:887:F>I,0,0.031301543
train-clinvar+pg_dms__transformer__seed43,MSH6,P43246:887:F>H,0,0.2856689
train-clinvar+pg_dms__transformer__seed43,MSH6,P43246:887:F>G,0,0.4119193
train-clinvar+pg_dms__transformer__seed43,MSH6,P43246:887:F>E,0,0.3564347
train-clinvar+pg_dms__transformer__seed43,MSH6,P43246:887:F>D,0,0.6579612
train-clinvar+pg_dms__transformer__seed43,MSH6,P43246:887:F>C,0,0.009389036
train-clinvar+pg_dms__transformer__seed43,MSH6,P43246:887:F>A,0,0.06563351
train-clinvar+pg_dms__transformer__seed43,MSH6,P43246:887:F>Y,0,0.005455281
train-clinvar+pg_dms__transformer__seed43,MSH6,P43246:887:F>L,0,0.31734955
train-clinvar+pg_dms__transformer__seed43,MSH6,P43246:889:S>N,0,0.0029390934
train-clinvar+pg_dms__transformer__seed43,MSH6,P43246:889:S>M,0,0.09096302
train-clinvar+pg_dms__transformer__seed43,MSH6,P43246:889:S>I,0,0.01493204
train-clinvar+pg_dms__transformer__seed43,MSH6,P43246:889:S>P,0,0.29379377
train-clinvar+pg_dms__transformer__seed43,MSH6,P43246:889:S>Y,0,0.0066346265
train-clinvar+pg_dms__transformer__seed43,MSH6,P43246:889:S>W,0,0.047177423
train-clinvar+pg_dms__transformer__seed43,MSH6,P43246:889:S>V,0,0.008448007
train-clinvar+pg_dms__transformer__seed43,MSH6,P43246:889:S>T,0,0.013439693
train-clinvar+pg_dms__transformer__seed43,MSH6,P43246:889:S>L,0,0.0025126461
train-clinvar+pg_dms__transformer__seed43,MSH6,P43246:889:S>K,0,0.0062118215
train-clinvar+pg_dms__transformer__seed43,MSH6,P43246:889:S>Q,0,0.005976491
train-clinvar+pg_dms__transformer__seed43,MSH6,P43246:889:S>H,0,0.017553588
train-clinvar+pg_dms__transformer__seed43,MSH6,P43246:889:S>G,0,0.007488909
train-clinvar+pg_dms__transformer__seed43,MSH6,P43246:889:S>E,0,0.0036947867
train-clinvar+pg_dms__transformer__seed43,MSH6,P43246:889:S>D,0,0.012915524
train-clinvar+pg_dms__transformer__seed43,MSH6,P43246:889:S>A,0,0.003504291
train-clinvar+pg_dms__transformer__seed43,MSH6,P43246:889:S>R,0,0.0055737137
train-clinvar+pg_dms__transformer__seed43,MSH6,P43246:890:K>Q,0,0.002666447
train-clinvar+pg_dms__transformer__seed43,MSH6,P43246:890:K>P,0,0.7992448
train-clinvar+pg_dms__transformer__seed43,MSH6,P43246:890:K>N,0,0.0014368457
train-clinvar+pg_dms__transformer__seed43,MSH6,P43246:890:K>M,0,0.20823647
train-clinvar+pg_dms__transformer__seed43,MSH6,P43246:890:K>L,0,0.0018913003
train-clinvar+pg_dms__transformer__seed43,MSH6,P43246:890:K>I,0,0.01702455
train-clinvar+pg_dms__transformer__seed43,MSH6,P43246:890:K>G,0,0.0035063878
train-clinvar+pg_dms__transformer__seed43,MSH6,P43246:890:K>V,0,0.008806284
train-clinvar+pg_dms__transformer__seed43,MSH6,P43246:890:K>D,0,0.016358234
train-clinvar+pg_dms__transformer__seed43,MSH6,P43246:890:K>S,0,0.0029178148
train-clinvar+pg_dms__transformer__seed43,MSH6,P43246:890:K>W,0,0.13298051
train-clinvar+pg_dms__transformer__seed43,MSH6,P43246:890:K>Y,0,0.0123934
train-clinvar+pg_dms__transformer__seed43,MSH6,P43246:890:K>C,0,0.0027887272
train-clinvar+pg_dms__transformer__seed43,MSH6,P43246:890:K>A,0,0.0011446757
train-clinvar+pg_dms__transformer__seed43,MSH6,P43246:890:K>E,0,0.012340395
train-clinvar+pg_dms__transformer__seed43,MSH6,P43246:890:K>T,0,0.0050217123
train-clinvar+pg_dms__transformer__seed43,MSH6,P43246:890:K>R,0,0.0024770894
train-clinvar+pg_dms__transformer__seed43,MSH6,P43246:893:Q>V,0,0.009927388
train-clinvar+pg_dms__transformer__seed43,MSH6,P43246:893:Q>T,0,0.016113536
train-clinvar+pg_dms__transformer__seed43,MSH6,P43246:893:Q>S,0,0.0047292463
train-clinvar+pg_dms__transformer__seed43,MSH6,P43246:893:Q>N,0,0.010004371
train-clinvar+pg_dms__transformer__seed43,MSH6,P43246:893:Q>W,0,0.15327826
train-clinvar+pg_dms__transformer__seed43,MSH6,P43246:893:Q>Y,0,0.013842661
train-clinvar+pg_dms__transformer__seed43,MSH6,P43246:893:Q>R,0,0.026314925
train-clinvar+pg_dms__transformer__seed43,MSH6,P43246:893:Q>P,0,0.154875
train-clinvar+pg_dms__transformer__seed43,MSH6,P43246:893:Q>A,0,0.009065217
train-clinvar+pg_dms__transformer__seed43,MSH6,P43246:893:Q>M,0,0.22077543
train-clinvar+pg_dms__transformer__seed43,MSH6,P43246:893:Q>K,0,0.011028929
train-clinvar+pg_dms__transformer__seed43,MSH6,P43246:893:Q>I,0,0.020597234
train-clinvar+pg_dms__transformer__seed43,MSH6,P43246:893:Q>H,0,0.02039846
train-clinvar+pg_dms__transformer__seed43,MSH6,P43246:893:Q>F,0,0.0300172
train-clinvar+pg_dms__transformer__seed43,MSH6,P43246:893:Q>E,0,0.00453184
train-clinvar+pg_dms__transformer__seed43,MSH6,P43246:893:Q>D,0,0.022616705
train-clinvar+pg_dms__transformer__seed43,MSH6,P43246:893:Q>C,0,0.004977159
train-clinvar+pg_dms__transformer__seed43,MSH6,P43246:893:Q>G,0,0.0066490634
train-clinvar+pg_dms__transformer__seed43,MSH6,P43246:893:Q>L,0,0.0048067817
train-clinvar+pg_dms__transformer__seed43,MSH6,P43246:907:K>S,0,0.002766055
train-clinvar+pg_dms__transformer__seed43,MSH6,P43246:907:K>V,0,0.0111209955
train-clinvar+pg_dms__transformer__seed43,MSH6,P43246:907:K>R,0,0.001509601
train-clinvar+pg_dms__transformer__seed43,MSH6,P43246:907:K>W,0,0.116960846
train-clinvar+pg_dms__transformer__seed43,MSH6,P43246:907:K>T,0,0.0019912906
train-clinvar+pg_dms__transformer__seed43,MSH6,P43246:907:K>Y,0,0.0037227073
train-clinvar+pg_dms__transformer__seed43,MSH6,P43246:907:K>Q,0,0.0011815273
train-clinvar+pg_dms__transformer__seed43,MSH6,P43246:907:K>D,0,0.0063389633
train-clinvar+pg_dms__transformer__seed43,MSH6,P43246:907:K>N,0,0.004100593
train-clinvar+pg_dms__transformer__seed43,MSH6,P43246:907:K>L,0,0.0018104316
train-clinvar+pg_dms__transformer__seed43,MSH6,P43246:907:K>I,0,0.0054279724
train-clinvar+pg_dms__transformer__seed43,MSH6,P43246:907:K>H,0,0.0073615666
train-clinvar+pg_dms__transformer__seed43,MSH6,P43246:907:K>G,0,0.002457142
train-clinvar+pg_dms__transformer__seed43,MSH6,P43246:907:K>F,0,0.0073475507
train-clinvar+pg_dms__transformer__seed43,MSH6,P43246:907:K>E,0,0.0038107235
train-clinvar+pg_dms__transformer__seed43,MSH6,P43246:907:K>C,0,0.0034751114
train-clinvar+pg_dms__transformer__seed43,MSH6,P43246:907:K>A,0,0.001659086
train-clinvar+pg_dms__transformer__seed43,MSH6,P43246:907:K>P,0,0.6594368
train-clinvar+pg_dms__transformer__seed43,MSH6,P43246:908:L>F,1,0.014379295
train-clinvar+pg_dms__transformer__seed43,MSH6,P43246:908:L>C,0,0.021683263
train-clinvar+pg_dms__transformer__seed43,MSH6,P43246:908:L>E,0,0.32074606
train-clinvar+pg_dms__transformer__seed43,MSH6,P43246:908:L>H,1,0.23705737
train-clinvar+pg_dms__transformer__seed43,MSH6,P43246:908:L>G,1,0.23017374
train-clinvar+pg_dms__transformer__seed43,MSH6,P43246:908:L>Y,0,0.054974735
train-clinvar+pg_dms__transformer__seed43,MSH6,P43246:908:L>W,1,0.29582533
train-clinvar+pg_dms__transformer__seed43,MSH6,P43246:908:L>V,0,0.020824842
train-clinvar+pg_dms__transformer__seed43,MSH6,P43246:908:L>T,0,0.13447058
train-clinvar+pg_dms__transformer__seed43,MSH6,P43246:908:L>S,0,0.112900615
train-clinvar+pg_dms__transformer__seed43,MSH6,P43246:908:L>A,0,0.07445155
train-clinvar+pg_dms__transformer__seed43,MSH6,P43246:908:L>Q,1,0.07824863
train-clinvar+pg_dms__transformer__seed43,MSH6,P43246:908:L>P,1,0.9105293
train-clinvar+pg_dms__transformer__seed43,MSH6,P43246:908:L>M,0,0.099211656
train-clinvar+pg_dms__transformer__seed43,MSH6,P43246:908:L>K,1,0.32454062
train-clinvar+pg_dms__transformer__seed43,MSH6,P43246:908:L>R,1,0.20586422
train-clinvar+pg_dms__transformer__seed43,MSH6,P43246:917:A>W,0,0.20954455
train-clinvar+pg_dms__transformer__seed43,MSH6,P43246:917:A>V,0,0.053589772
train-clinvar+pg_dms__transformer__seed43,MSH6,P43246:917:A>T,0,0.07712836
train-clinvar+pg_dms__transformer__seed43,MSH6,P43246:917:A>S,0,0.004363256
train-clinvar+pg_dms__transformer__seed43,MSH6,P43246:917:A>R,0,0.009628099
train-clinvar+pg_dms__transformer__seed43,MSH6,P43246:917:A>P,0,0.42031288
train-clinvar+pg_dms__transformer__seed43,MSH6,P43246:917:A>N,0,0.007040366
train-clinvar+pg_dms__transformer__seed43,MSH6,P43246:917:A>M,0,0.10116154
train-clinvar+pg_dms__transformer__seed43,MSH6,P43246:917:A>L,0,0.0058030435
train-clinvar+pg_dms__transformer__seed43,MSH6,P43246:917:A>K,0,0.013311525
train-clinvar+pg_dms__transformer__seed43,MSH6,P43246:917:A>I,0,0.029512508
train-clinvar+pg_dms__transformer__seed43,MSH6,P43246:917:A>H,0,0.065178774
train-clinvar+pg_dms__transformer__seed43,MSH6,P43246:917:A>Q,0,0.007637301
train-clinvar+pg_dms__transformer__seed43,MSH6,P43246:917:A>D,0,0.015533712
train-clinvar+pg_dms__transformer__seed43,MSH6,P43246:917:A>G,0,0.005339329
train-clinvar+pg_dms__transformer__seed43,MSH6,P43246:917:A>E,0,0.011617822
train-clinvar+pg_dms__transformer__seed43,MSH6,P43246:917:A>F,0,0.010270391
train-clinvar+pg_dms__transformer__seed43,MSH6,P43246:917:A>C,0,0.004231238
train-clinvar+pg_dms__transformer__seed43,MSH6,P43246:920:N>A,0,0.24265881
train-clinvar+pg_dms__transformer__seed43,MSH6,P43246:920:N>C,0,0.009448671
train-clinvar+pg_dms__transformer__seed43,MSH6,P43246:920:N>E,0,0.61075956
train-clinvar+pg_dms__transformer__seed43,MSH6,P43246:920:N>F,0,0.6059973
train-clinvar+pg_dms__transformer__seed43,MSH6,P43246:920:N>G,1,0.60921806
train-clinvar+pg_dms__transformer__seed43,MSH6,P43246:920:N>I,0,0.23683237
train-clinvar+pg_dms__transformer__seed43,MSH6,P43246:920:N>L,0,0.23327504
train-clinvar+pg_dms__transformer__seed43,MSH6,P43246:920:N>P,0,0.92348135
train-clinvar+pg_dms__transformer__seed43,MSH6,P43246:920:N>W,1,0.6628855
train-clinvar+pg_dms__transformer__seed43,MSH6,P43246:920:N>R,0,0.7075566
train-clinvar+pg_dms__transformer__seed43,MSH6,P43246:920:N>S,0,0.00993459
train-clinvar+pg_dms__transformer__seed43,MSH6,P43246:920:N>T,1,0.09475889
train-clinvar+pg_dms__transformer__seed43,MSH6,P43246:920:N>K,0,0.61299413
train-clinvar+pg_dms__transformer__seed43,MSH6,P43246:920:N>Q,0,0.32112285
train-clinvar+pg_dms__transformer__seed43,MSH6,P43246:920:N>V,0,0.1794413
train-clinvar+pg_dms__transformer__seed43,MSH6,P43246:922:F>C,0,0.05194997
train-clinvar+pg_dms__transformer__seed43,MSH6,P43246:922:F>D,0,0.5763838
train-clinvar+pg_dms__transformer__seed43,MSH6,P43246:922:F>E,0,0.37810796
train-clinvar+pg_dms__transformer__seed43,MSH6,P43246:922:F>G,0,0.44841933
train-clinvar+pg_dms__transformer__seed43,MSH6,P43246:922:F>H,0,0.25992647
train-clinvar+pg_dms__transformer__seed43,MSH6,P43246:922:F>I,0,0.117563896
train-clinvar+pg_dms__transformer__seed43,MSH6,P43246:922:F>Q,0,0.20253432
train-clinvar+pg_dms__transformer__seed43,MSH6,P43246:922:F>M,0,0.3309147
train-clinvar+pg_dms__transformer__seed43,MSH6,P43246:922:F>R,1,0.42423028
train-clinvar+pg_dms__transformer__seed43,MSH6,P43246:922:F>N,0,0.24481842
train-clinvar+pg_dms__transformer__seed43,MSH6,P43246:922:F>P,0,0.7619477
train-clinvar+pg_dms__transformer__seed43,MSH6,P43246:922:F>A,0,0.13645302
train-clinvar+pg_dms__transformer__seed43,MSH6,P43246:922:F>L,0,0.27591348
train-clinvar+pg_dms__transformer__seed43,MSH6,P43246:922:F>V,0,0.084646784
train-clinvar+pg_dms__transformer__seed43,MSH6,P43246:922:F>T,0,0.33754447
train-clinvar+pg_dms__transformer__seed43,MSH6,P43246:922:F>S,0,0.15378694
train-clinvar+pg_dms__transformer__seed43,MSH6,P43246:922:F>W,0,0.33386478
train-clinvar+pg_dms__transformer__seed43,MSH6,P43246:922:F>Y,0,0.0076554497
train-clinvar+pg_dms__transformer__seed43,MSH6,P43246:926:I>R,0,0.063062474
train-clinvar+pg_dms__transformer__seed43,MSH6,P43246:926:I>Q,0,0.036446918
train-clinvar+pg_dms__transformer__seed43,MSH6,P43246:926:I>P,0,0.61801976
train-clinvar+pg_dms__transformer__seed43,MSH6,P43246:926:I>L,0,0.0059863594
train-clinvar+pg_dms__transformer__seed43,MSH6,P43246:926:I>K,0,0.10290767
train-clinvar+pg_dms__transformer__seed43,MSH6,P43246:926:I>H,0,0.12921043
train-clinvar+pg_dms__transformer__seed43,MSH6,P43246:926:I>A,0,0.041010935
train-clinvar+pg_dms__transformer__seed43,MSH6,P43246:926:I>W,0,0.50129545
train-clinvar+pg_dms__transformer__seed43,MSH6,P43246:926:I>T,0,0.07629607
train-clinvar+pg_dms__transformer__seed43,MSH6,P43246:926:I>G,0,0.15868226
train-clinvar+pg_dms__transformer__seed43,MSH6,P43246:926:I>F,0,0.012881792
train-clinvar+pg_dms__transformer__seed43,MSH6,P43246:926:I>E,0,0.12021392
train-clinvar+pg_dms__transformer__seed43,MSH6,P43246:926:I>D,0,0.44584236
train-clinvar+pg_dms__transformer__seed43,MSH6,P43246:926:I>C,0,0.030659152
train-clinvar+pg_dms__transformer__seed43,MSH6,P43246:926:I>V,0,0.021252543
train-clinvar+pg_dms__transformer__seed43,PMS2,P40692:329:H>P,1,0.7195688
train-clinvar+pg_dms__transformer__seed43,PMS2,P40692:67:G>W,1,0.6960289
train-clinvar+pg_dms__transformer__seed43,PMS2,P40692:681:A>T,1,0.5706345
train-clinvar+pg_dms__transformer__seed43,PMS2,P40692:67:G>E,1,0.84325093
train-clinvar+pg_dms__transformer__seed43,PMS2,P40692:265:R>C,1,0.7337366
train-clinvar+pg_dms__transformer__seed43,PMS2,P52701:396:L>V,0,0.054404557
train-clinvar+pg_dms__transformer__seed43,PMS2,P40692:406:S>N,0,0.0412538
train-clinvar+pg_dms__transformer__seed43,PMS2,P43246:390:L>F,0,0.06370821
train-clinvar+pg_dms__transformer__seed43,PMS2,P43246:272:A>V,0,0.12716725
train-clinvar+pg_dms__transformer__seed43,PMS2,P52701:370:L>S,1,0.8387191
train-clinvar+pg_dms__transformer__seed43,PMS2,P52701:54:G>A,0,0.02546008
train-clinvar+pg_dms__transformer__seed43,PMS2,P52701:556:Y>F,0,0.33286482
train-clinvar+pg_dms__transformer__seed43,PMS2,P52701:686:G>D,1,0.9568839
train-clinvar+pg_dms__transformer__seed43,PMS2,P52701:1157:G>S,1,0.8741352
train-clinvar+pg_dms__transformer__seed43,PMS2,P52701:20:A>V,0,0.029700078
train-clinvar+pg_dms__transformer__seed43,PMS2,P40692:37:E>K,1,0.586233
train-clinvar+pg_dms__transformer__seed43,PMS2,P40692:441:A>T,0,0.05982348
train-clinvar+pg_dms__transformer__seed43,PMS2,P40692:600:E>G,0,0.040534183
train-clinvar+pg_dms__transformer__seed43,PMS2,P40692:654:P>L,1,0.80496573
train-clinvar+pg_dms__transformer__seed43,PMS2,P40692:662:T>P,1,0.7725064
train-clinvar+pg_dms__transformer__seed43,PMS2,P40692:67:G>R,1,0.79167867
train-clinvar+pg_dms__transformer__seed43,PMS2,P40692:676:L>R,1,0.98999995
train-clinvar+pg_dms__transformer__seed43,PMS2,P40692:681:A>V,1,0.85745025
train-clinvar+pg_dms__transformer__seed43,PMS2,P40692:751:K>R,0,0.02741097
train-clinvar+pg_dms__transformer__seed43,PMS2,P40692:128:A>P,1,0.9560164
train-clinvar+pg_dms__transformer__seed43,PMS2,P40692:193:S>P,1,0.85036606
train-clinvar+pg_dms__transformer__seed43,PMS2,P40692:25:I>F,1,0.808844
train-clinvar+pg_dms__transformer__seed43,PMS2,P40692:265:R>S,1,0.8868814
train-clinvar+pg_dms__transformer__seed43,PMS2,P43246:409:Q>K,0,0.039266232
train-clinvar+pg_dms__transformer__seed43,PMS2,P43246:45:A>V,0,0.030924859
train-clinvar+pg_dms__transformer__seed43,PMS2,P43246:504:G>R,0,0.27116895
train-clinvar+pg_dms__transformer__seed43,PMS2,P43246:556:L>S,1,0.9497001
train-clinvar+pg_dms__transformer__seed43,PMS2,P43246:564:T>A,0,0.03824114
train-clinvar+pg_dms__transformer__seed43,PMS2,P43246:583:N>T,0,0.13000631
train-clinvar+pg_dms__transformer__seed43,PMS2,P43246:683:G>R,1,0.98516905
train-clinvar+pg_dms__transformer__seed43,PMS2,P43246:905:T>R,0,0.0221924
train-clinvar+pg_dms__transformer__seed43,PMS2,P43246:161:V>D,1,0.6830396
train-clinvar+pg_dms__transformer__seed43,PMS2,P43246:163:V>D,1,0.8760059
train-clinvar+pg_dms__transformer__seed43,PMS2,P43246:163:V>G,1,0.21876922
train-clinvar+pg_dms__transformer__seed43,PMS2,P43246:164:G>R,1,0.9733464
train-clinvar+pg_dms__transformer__seed43,PMS2,P43246:164:G>W,1,0.8686034
train-clinvar+pg_dms__transformer__seed43,PMS2,P43246:187:L>P,1,0.92095166
train-clinvar+pg_dms__transformer__seed43,PMS2,P43246:187:L>R,1,0.95582074
train-clinvar+pg_dms__transformer__seed43,PMS2,P43246:269:S>L,1,0.40648925
train-clinvar+pg_dms__transformer__seed43,PMS2,P43246:331:N>D,0,0.053025264
train-clinvar+pg_dms__transformer__seed43,PMS2,P43246:851:L>V,0,0.19052285
train-clinvar+pg_dms__transformer__seed43,PMS2,P43246:358:E>A,0,0.04309728
train-clinvar+pg_dms__transformer__seed43,PMS2,P43246:928:S>A,0,0.04968197
train-clinvar+pg_dms__transformer__seed43,PMS2,P43246:448:S>C,0,0.0141601395
train-clinvar+pg_dms__transformer__seed43,PMS2,P52701:1157:G>C,1,0.8564499
train-clinvar+pg_dms__transformer__seed43,PMS2,P43246:355:R>I,0,0.043914396
train-clinvar+pg_dms__transformer__seed43,PMS2,P43246:261:M>L,0,0.036774214
train-clinvar+pg_dms__transformer__seed43,PMS2,P43246:803:T>I,0,0.3416244
train-clinvar+pg_dms__transformer__seed43,PMS2,P43246:164:G>E,1,0.98264366
train-clinvar+pg_dms__transformer__seed43,PMS2,P52701:1211:L>P,1,0.98613757
train-clinvar+pg_dms__transformer__seed43,PMS2,P43246:928:S>P,0,0.34146643
train-clinvar+pg_dms__transformer__seed43,PMS2,P52701:969:Y>C,1,0.22359249
train-clinvar+pg_dms__transformer__seed43,PMS2,P43246:316:S>Y,0,0.059927505
train-clinvar+pg_dms__transformer__seed43,PMS2,P43246:652:P>T,0,0.22274564
train-clinvar+pg_dms__transformer__seed43,PMS2,P43246:677:T>R,1,0.92788446
train-clinvar+pg_dms__transformer__seed43,PMS2,P43246:902:E>D,0,0.028854141
train-clinvar+pg_dms__transformer__seed43,PMS2,P40692:37:E>G,1,0.5382533
train-clinvar+pg_dms__transformer__seed43,PMS2,P40692:681:A>P,1,0.98121107
train-clinvar+pg_dms__transformer__seed43,PMS2,P43246:121:Y>N,0,0.012610692
train-clinvar+pg_dms__transformer__seed43,PMS2,P43246:414:L>R,1,0.98070633
train-clinvar+pg_dms__transformer__seed43,PMS2,P40692:551:N>S,0,0.054493386
train-clinvar+pg_dms__transformer__seed43,PMS2,P43246:92:L>F,0,0.38556075
train-clinvar+pg_dms__transformer__seed43,PMS2,P43246:710:A>V,0,0.6903118
train-clinvar+pg_dms__transformer__seed43,PMS2,P40692:98:G>F,1,0.26494142
train-clinvar+pg_dms__transformer__seed43,PMS2,P43246:499:A>P,1,0.90138155
train-clinvar+pg_dms__transformer__seed43,PMS2,P43246:804:A>T,1,0.49369287
train-clinvar+pg_dms__transformer__seed43,PMS2,P43246:709:L>V,0,0.41834763
train-clinvar+pg_dms__transformer__seed43,PMS2,P52701:323:T>I,0,0.040133886
train-clinvar+pg_dms__transformer__seed43,PMS2,P43246:261:M>V,0,0.08375533
train-clinvar+pg_dms__transformer__seed43,PMS2,P43246:188:E>Q,0,0.0943507
train-clinvar+pg_dms__transformer__seed43,PMS2,P43246:303:D>N,0,0.7133336
train-clinvar+pg_dms__transformer__seed43,PMS2,P43246:320:T>S,0,0.0130885355
train-clinvar+pg_dms__transformer__seed43,PMS2,P43246:807:T>I,1,0.24743992
train-clinvar+pg_dms__transformer__seed43,PMS2,P43246:556:L>W,1,0.7667461
train-clinvar+pg_dms__transformer__seed43,PMS2,P43246:602:L>P,1,0.9542456
train-clinvar+pg_dms__transformer__seed43,PMS2,P40692:265:R>P,1,0.96053165
train-clinvar+pg_dms__transformer__seed43,PMS2,P43246:92:L>I,0,0.06542317
train-clinvar+pg_dms__transformer__seed43,PMS2,P52701:496:C>Y,0,0.39483413
train-clinvar+pg_dms__transformer__seed43,PMS2,P43246:918:K>N,0,0.017830927
train-clinvar+pg_dms__transformer__seed43,PMS2,P43246:104:K>N,0,0.10460387
train-clinvar+pg_dms__transformer__seed43,PMS2,P43246:62:G>E,0,0.35517687
train-clinvar+pg_dms__transformer__seed43,PMS2,P43246:337:Q>R,0,0.85586965
train-clinvar+pg_dms__transformer__seed43,PMS2,P43246:187:L>I,0,0.03877133
train-clinvar+pg_dms__transformer__seed43,PMS2,P43246:187:L>F,0,0.041430883
train-clinvar+pg_dms__transformer__seed43,PMS2,P43246:563:Y>N,0,0.22092167
train-clinvar+pg_dms__transformer__seed43,PMS2,P43246:415:P>A,0,0.0154334465
train-clinvar+pg_dms__transformer__seed43,PMS2,P43246:680:R>P,1,0.9672357
train-clinvar+pg_dms__transformer__seed43,PMS2,P43246:819:K>E,1,0.008560504
train-clinvar+pg_dms__transformer__seed43,PMS2,P43246:902:E>G,0,0.02183155
train-clinvar+pg_dms__transformer__seed43,PMS2,P43246:570:Y>H,0,0.48879775
train-clinvar+pg_dms__transformer__seed43,PMS2,P43246:390:L>V,0,0.04265226
train-clinvar+pg_dms__transformer__seed43,PMS2,P43246:531:K>N,0,0.2332647
train-clinvar+pg_dms__transformer__seed43,PMS2,P43246:149:G>A,0,0.036967486
train-clinvar+pg_dms__transformer__seed43,PMS2,P43246:305:A>V,0,0.24048138
train-clinvar+pg_dms__transformer__seed43,PMS2,P43246:507:P>T,0,0.025457522
train-clinvar+pg_dms__transformer__seed43,PMS2,P43246:891:V>G,1,0.061292548
train-clinvar+pg_dms__transformer__seed43,PMS2,P43246:77:S>R,0,0.7192681
train-clinvar+pg_dms__transformer__seed43,PMS2,P43246:781:A>T,1,0.8031207
train-clinvar+pg_dms__transformer__seed43,PMS2,P43246:438:T>I,0,0.042817593
train-clinvar+pg_dms__transformer__seed43,PMS2,P52701:482:R>P,1,0.97113264
train-clinvar+pg_dms__transformer__seed43,PMS2,P43246:230:A>G,0,0.0076911547
train-clinvar+pg_dms__transformer__seed43,PMS2,P43246:640:A>S,0,0.044575233
train-clinvar+pg_dms__transformer__seed43,PMS2,P43246:150:V>I,0,0.03371358
train-clinvar+pg_dms__transformer__seed43,PMS2,P43246:715:G>A,0,0.022007143
train-clinvar+pg_dms__transformer__seed43,PMS2,P43246:909:K>E,0,0.012761987
train-clinvar+pg_dms__transformer__seed43,PMS2,P43246:57:V>G,0,0.044024672
train-clinvar+pg_dms__transformer__seed43,PMS2,P43246:58:F>L,0,0.37800145
train-clinvar+pg_dms__transformer__seed43,PMS2,P43246:504:G>V,0,0.34368512
train-clinvar+pg_dms__transformer__seed43,PMS2,P43246:680:R>Q,0,0.89327717
train-clinvar+pg_dms__transformer__seed43,PMS2,P43246:710:A>P,0,0.9775419
train-clinvar+pg_dms__transformer__seed43,PMS2,P43246:309:A>P,1,0.8664719
train-clinvar+pg_dms__transformer__seed43,PMS2,P43246:773:K>E,0,0.0077320365
train-clinvar+pg_dms__transformer__seed43,PMS2,P52701:1157:G>D,1,0.9744537
train-clinvar+pg_dms__transformer__seed43,PMS2,P43246:248:K>Q,0,0.0044444744
train-clinvar+pg_dms__transformer__seed43,PMS2,P43246:710:A>S,0,0.03464613
train-clinvar+pg_dms__transformer__seed43,PMS2,P43246:715:G>R,0,0.12998664
train-clinvar+pg_dms__transformer__seed43,PMS2,P43246:729:M>V,0,0.5016813
train-clinvar+pg_dms__transformer__seed43,PMS2,P43246:272:A>T,0,0.48682487
train-clinvar+pg_dms__transformer__seed43,PMS2,P43246:415:P>R,0,0.07914936
train-clinvar+pg_dms__transformer__seed43,PMS2,P43246:437:V>M,0,0.2356743
train-clinvar+pg_dms__transformer__seed43,PMS2,P43246:556:L>F,0,0.7782102
train-clinvar+pg_dms__transformer__seed43,PMS2,P43246:557:T>A,0,0.025718171
train-clinvar+pg_dms__transformer__seed43,PMS2,P43246:646:D>Y,0,0.16728455
train-clinvar+pg_dms__transformer__seed43,PMS2,P40692:265:R>G,1,0.9554827
train-clinvar+pg_dms__transformer__seed43,PMS2,P43246:321:T>A,0,0.011802332
train-clinvar+pg_dms__transformer__seed43,PMS2,P43246:34:V>L,0,0.03965854
train-clinvar+pg_dms__transformer__seed43,PMS2,P43246:411:I>V,0,0.02311397
train-clinvar+pg_dms__transformer__seed43,PMS2,P43246:646:D>V,0,0.23542035
train-clinvar+pg_dms__transformer__seed43,PMS2,P43246:501:R>G,0,0.056216814
train-clinvar+pg_dms__transformer__seed43,PMS2,P43246:374:Q>H,0,0.09223079
train-clinvar+pg_dms__transformer__seed43,PMS2,P43246:668:T>S,0,0.7932605
train-clinvar+pg_dms__transformer__seed43,PMS2,P43246:230:A>D,1,0.20811504
train-clinvar+pg_dms__transformer__seed43,PMS2,P43246:579:K>E,0,0.04642464
train-clinvar+pg_dms__transformer__seed43,PMS2,P43246:673:G>V,0,0.91020674
train-clinvar+pg_dms__transformer__seed43,PMS2,P43246:807:T>A,0,0.05366168
train-clinvar+pg_dms__transformer__seed43,PMS2,P43246:807:T>N,0,0.05237246
train-clinvar+pg_dms__transformer__seed43,PMS2,P43246:913:A>V,0,0.024318635
train-clinvar+pg_dms__transformer__seed43,PMS2,P43246:303:D>H,0,0.75466275
train-clinvar+pg_dms__transformer__seed43,PMS2,P52701:215:V>I,0,0.049581897
train-clinvar+pg_dms__transformer__seed43,PMS2,P43246:438:T>P,0,0.11137025
train-clinvar+pg_dms__transformer__seed43,PMS2,P43246:286:F>S,0,0.17408744
train-clinvar+pg_dms__transformer__seed43,PMS2,P43246:570:Y>S,1,0.48216176
train-clinvar+pg_dms__transformer__seed43,PMS2,P43246:140:D>A,0,0.03148537
train-clinvar+pg_dms__transformer__seed43,PMS2,P43246:287:G>R,0,0.0102966465
train-clinvar+pg_dms__transformer__seed43,PMS2,P43246:651:I>T,0,0.7349603
train-clinvar+pg_dms__transformer__seed43,PMS2,P43246:680:R>L,0,0.9878377
train-clinvar+pg_dms__transformer__seed43,PMS2,P43246:594:T>A,0,0.010125292
train-clinvar+pg_dms__transformer__seed43,PMS2,P43246:771:A>T,0,0.087380074
train-clinvar+pg_dms__transformer__seed43,PMS2,P43246:604:A>G,0,0.060741562
train-clinvar+pg_dms__transformer__seed43,PMS2,P43246:415:P>L,0,0.06916796
train-clinvar+pg_dms__transformer__seed43,PMS2,P43246:652:P>S,0,0.030780915
train-clinvar+pg_dms__transformer__seed43,PMS2,P52701:1155:Q>R,1,0.9225412
train-clinvar+pg_dms__transformer__seed43,PMS2,P43246:411:I>M,1,0.23878314
train-clinvar+pg_dms__transformer__seed43,PMS2,P43246:563:Y>H,0,0.14456742
train-clinvar+pg_dms__transformer__seed43,PMS2,P43246:277:L>S,0,0.37474883
train-clinvar+pg_dms__transformer__seed43,PMS2,P43246:357:E>K,0,0.061343767
train-clinvar+pg_dms__transformer__seed43,PMS2,P43246:100:V>F,0,0.51897067
train-clinvar+pg_dms__transformer__seed43,PMS2,P43246:652:P>L,0,0.61296684
train-clinvar+pg_dms__transformer__seed43,PMS2,P43246:316:S>T,0,0.092018865
train-clinvar+pg_dms__transformer__seed43,PMS2,P43246:459:D>G,1,0.7243221
train-clinvar+pg_dms__transformer__seed43,PMS2,P43246:100:V>A,0,0.07214504
train-clinvar+pg_dms__transformer__seed43,PMS2,P43246:532:V>I,0,0.023126055
train-clinvar+pg_dms__transformer__seed43,PMS2,P43246:504:G>C,0,0.08929397
train-clinvar+pg_dms__transformer__seed43,PMS2,P43246:438:T>S,1,0.021884292
train-clinvar+pg_dms__transformer__seed43,PMS2,P43246:276:F>C,1,0.09921069
train-clinvar+pg_dms__transformer__seed43,PMS2,P43246:357:E>V,0,0.07753354
train-clinvar+pg_dms__transformer__seed43,PMS2,P43246:92:L>P,0,0.77035624
train-clinvar+pg_dms__transformer__seed43,PMS2,P43246:180:D>A,0,0.399001
train-clinvar+pg_dms__transformer__seed43,PMS2,P43246:873:C>W,0,0.18187627
train-clinvar+pg_dms__transformer__seed43,PMS2,P43246:763:A>P,1,0.98646855
train-clinvar+pg_dms__transformer__seed43,PMS2,P43246:414:L>V,0,0.075456016
train-clinvar+pg_dms__transformer__seed43,PMS2,P43246:182:D>E,0,0.0064156647
train-clinvar+pg_dms__transformer__seed43,PMS2,P43246:140:D>V,0,0.07217895
train-clinvar+pg_dms__transformer__seed43,PMS2,P43246:409:Q>R,0,0.02680532
train-clinvar+pg_dms__transformer__seed43,PMS2,P43246:161:V>F,0,0.03181231
train-clinvar+pg_dms__transformer__seed43,PMS2,P43246:256:A>V,0,0.02734167
train-clinvar+pg_dms__transformer__seed43,PMS2,P43246:475:D>A,0,0.4378565
train-clinvar+pg_dms__transformer__seed43,PMS2,P43246:500:A>V,0,0.3957357
train-clinvar+pg_dms__transformer__seed43,PMS2,P43246:499:A>T,0,0.022420121
train-clinvar+pg_dms__transformer__seed43,PMS2,P43246:902:E>K,0,0.04266642
train-clinvar+pg_dms__transformer__seed43,PMS2,P43246:668:T>I,0,0.93434167
train-clinvar+pg_dms__transformer__seed43,PMS2,P43246:77:S>G,0,0.043810073
train-clinvar+pg_dms__transformer__seed43,PMS2,P43246:804:A>V,0,0.40255135
train-clinvar+pg_dms__transformer__seed43,PMS2,P43246:638:R>K,0,0.8997886
train-clinvar+pg_dms__transformer__seed43,PMS2,P43246:531:K>E,1,0.351403
train-clinvar+pg_dms__transformer__seed43,PMS2,P43246:12:E>D,0,0.008504091
train-clinvar+pg_dms__transformer__seed43,PMS2,P43246:913:A>S,0,0.0062714955
train-clinvar+pg_dms__transformer__seed43,PMS2,P43246:651:I>L,0,0.2860356
train-clinvar+pg_dms__transformer__seed43,PMS2,P43246:26:M>K,0,0.2739797
train-clinvar+pg_dms__transformer__seed43,PMS2,P43246:919:N>H,0,0.14992252
train-clinvar+pg_dms__transformer__seed43,PMS2,P43246:771:A>E,0,0.96362036
train-clinvar+pg_dms__transformer__seed43,PMS2,P43246:604:A>D,1,0.99048495
train-clinvar+pg_dms__transformer__seed43,PMS2,P43246:885:Q>L,0,0.009613347
train-clinvar+pg_dms__transformer__seed43,PMS2,P43246:161:V>G,1,0.286566
train-clinvar+pg_dms__transformer__seed43,PMS2,P43246:163:V>I,0,0.0093158595
train-clinvar+pg_dms__transformer__seed43,PMS2,P43246:410:G>D,1,0.74464715
train-clinvar+pg_dms__transformer__seed43,PMS2,P43246:499:A>S,0,0.006878306
train-clinvar+pg_dms__transformer__seed43,PMS2,P43246:646:D>E,0,0.030016074
train-clinvar+pg_dms__transformer__seed43,PMS2,P43246:316:S>C,0,0.02212709
train-clinvar+pg_dms__transformer__seed43,PMS2,P43246:683:G>A,0,0.07121068
train-clinvar+pg_dms__transformer__seed43,PMS2,P43246:34:V>G,0,0.79728645
train-clinvar+pg_dms__transformer__seed43,PMS2,P43246:303:D>G,0,0.8620892
train-clinvar+pg_dms__transformer__seed43,PMS2,P43246:428:H>Y,0,0.0073565785
train-clinvar+pg_dms__transformer__seed43,PMS2,P43246:4:Q>R,0,0.045012686
train-clinvar+pg_dms__transformer__seed43,PMS2,P43246:766:I>T,0,0.7494192
train-clinvar+pg_dms__transformer__seed43,PMS2,P43246:4:Q>H,0,0.30321184
train-clinvar+pg_dms__transformer__seed43,PMS2,P43246:4:Q>D,0,0.14072129
train-clinvar+pg_dms__transformer__seed43,PMS2,P43246:4:Q>G,0,0.059527665
train-clinvar+pg_dms__transformer__seed43,PMS2,P43246:4:Q>W,0,0.4825333
train-clinvar+pg_dms__transformer__seed43,PMS2,P43246:4:Q>Y,0,0.13472232
train-clinvar+pg_dms__transformer__seed43,PMS2,P43246:4:Q>V,0,0.069908254
train-clinvar+pg_dms__transformer__seed43,PMS2,P43246:4:Q>T,0,0.10653025
train-clinvar+pg_dms__transformer__seed43,PMS2,P43246:4:Q>C,0,0.12340268
train-clinvar+pg_dms__transformer__seed43,PMS2,P43246:4:Q>A,0,0.031686224
train-clinvar+pg_dms__transformer__seed43,PMS2,P43246:4:Q>K,0,0.12851736
train-clinvar+pg_dms__transformer__seed43,PMS2,P43246:4:Q>L,0,0.029059635
train-clinvar+pg_dms__transformer__seed43,PMS2,P43246:4:Q>M,0,0.36845058
train-clinvar+pg_dms__transformer__seed43,PMS2,P43246:4:Q>P,0,0.16031271
train-clinvar+pg_dms__transformer__seed43,PMS2,P43246:4:Q>S,0,0.0354035
train-clinvar+pg_dms__transformer__seed43,PMS2,P43246:4:Q>I,0,0.093240276
train-clinvar+pg_dms__transformer__seed43,PMS2,P43246:11:L>H,0,0.21714751
train-clinvar+pg_dms__transformer__seed43,PMS2,P43246:11:L>I,0,0.042689838
train-clinvar+pg_dms__transformer__seed43,PMS2,P43246:11:L>A,0,0.046131916
train-clinvar+pg_dms__transformer__seed43,PMS2,P43246:11:L>G,0,0.059926376
train-clinvar+pg_dms__transformer__seed43,PMS2,P43246:11:L>F,0,0.019326491
train-clinvar+pg_dms__transformer__seed43,PMS2,P43246:11:L>K,0,0.12646644
train-clinvar+pg_dms__transformer__seed43,PMS2,P43246:11:L>M,0,0.31439212
train-clinvar+pg_dms__transformer__seed43,PMS2,P43246:11:L>N,0,0.0646824
train-clinvar+pg_dms__transformer__seed43,PMS2,P43246:11:L>P,1,0.20214924
train-clinvar+pg_dms__transformer__seed43,PMS2,P43246:11:L>C,0,0.07556308
train-clinvar+pg_dms__transformer__seed43,PMS2,P43246:11:L>R,0,0.042735033
train-clinvar+pg_dms__transformer__seed43,PMS2,P43246:11:L>S,0,0.096141994
train-clinvar+pg_dms__transformer__seed43,PMS2,P43246:11:L>Q,0,0.04136395
train-clinvar+pg_dms__transformer__seed43,PMS2,P43246:11:L>V,0,0.047838286
train-clinvar+pg_dms__transformer__seed43,PMS2,P43246:11:L>W,0,0.35300317
train-clinvar+pg_dms__transformer__seed43,PMS2,P43246:11:L>Y,0,0.059218403
train-clinvar+pg_dms__transformer__seed43,PMS2,P43246:11:L>E,0,0.08023492
train-clinvar+pg_dms__transformer__seed43,PMS2,P43246:11:L>T,0,0.12747349
train-clinvar+pg_dms__transformer__seed43,PMS2,P43246:12:E>W,1,0.43039674
train-clinvar+pg_dms__transformer__seed43,PMS2,P43246:12:E>A,0,0.032617826
train-clinvar+pg_dms__transformer__seed43,PMS2,P43246:12:E>C,0,0.057663873
train-clinvar+pg_dms__transformer__seed43,PMS2,P43246:12:E>K,0,0.1781843
train-clinvar+pg_dms__transformer__seed43,PMS2,P43246:12:E>F,0,0.11377931
train-clinvar+pg_dms__transformer__seed43,PMS2,P43246:12:E>G,0,0.035373777
train-clinvar+pg_dms__transformer__seed43,PMS2,P43246:12:E>H,0,0.21692191
train-clinvar+pg_dms__transformer__seed43,PMS2,P43246:12:E>I,0,0.18479007
train-clinvar+pg_dms__transformer__seed43,PMS2,P43246:12:E>L,0,0.05138848
train-clinvar+pg_dms__transformer__seed43,PMS2,P43246:12:E>Y,0,0.1329594
train-clinvar+pg_dms__transformer__seed43,PMS2,P43246:12:E>N,0,0.03130123
train-clinvar+pg_dms__transformer__seed43,PMS2,P43246:12:E>P,0,0.21995614
train-clinvar+pg_dms__transformer__seed43,PMS2,P43246:12:E>Q,0,0.0326535
train-clinvar+pg_dms__transformer__seed43,PMS2,P43246:12:E>R,0,0.056769524
train-clinvar+pg_dms__transformer__seed43,PMS2,P43246:12:E>S,0,0.023273066
train-clinvar+pg_dms__transformer__seed43,PMS2,P43246:12:E>T,0,0.12852973
train-clinvar+pg_dms__transformer__seed43,PMS2,P43246:12:E>M,1,0.45874655
train-clinvar+pg_dms__transformer__seed43,PMS2,P43246:12:E>V,0,0.14630248
train-clinvar+pg_dms__transformer__seed43,PMS2,P43246:17:V>W,0,0.3068094
train-clinvar+pg_dms__transformer__seed43,PMS2,P43246:17:V>Y,0,0.00898109
train-clinvar+pg_dms__transformer__seed43,PMS2,P43246:17:V>A,0,0.0032167505
train-clinvar+pg_dms__transformer__seed43,PMS2,P43246:17:V>C,0,0.009769455
train-clinvar+pg_dms__transformer__seed43,PMS2,P43246:17:V>D,0,0.0058846045
train-clinvar+pg_dms__transformer__seed43,PMS2,P43246:17:V>T,0,0.007404311
train-clinvar+pg_dms__transformer__seed43,PMS2,P43246:17:V>F,0,0.004421683
train-clinvar+pg_dms__transformer__seed43,PMS2,P43246:17:V>S,0,0.0017008083
train-clinvar+pg_dms__transformer__seed43,PMS2,P43246:17:V>E,0,0.0062688417
train-clinvar+pg_dms__transformer__seed43,PMS2,P43246:17:V>R,0,0.007831339
train-clinvar+pg_dms__transformer__seed43,PMS2,P43246:17:V>P,0,0.04312486
train-clinvar+pg_dms__transformer__seed43,PMS2,P43246:17:V>M,0,0.075862624
train-clinvar+pg_dms__transformer__seed43,PMS2,P43246:17:V>Q,0,0.0032675115
train-clinvar+pg_dms__transformer__seed43,PMS2,P43246:17:V>K,0,0.015418686
train-clinvar+pg_dms__transformer__seed43,PMS2,P43246:17:V>I,0,0.009429704
train-clinvar+pg_dms__transformer__seed43,PMS2,P43246:17:V>H,0,0.025760738
train-clinvar+pg_dms__transformer__seed43,PMS2,P43246:17:V>G,0,0.0042127785
train-clinvar+pg_dms__transformer__seed43,PMS2,P43246:17:V>L,0,0.0062965224
train-clinvar+pg_dms__transformer__seed43,PMS2,P43246:26:M>L,0,0.029007766
train-clinvar+pg_dms__transformer__seed43,PMS2,P43246:26:M>P,0,0.7491731
train-clinvar+pg_dms__transformer__seed43,PMS2,P43246:26:M>N,0,0.26677763
train-clinvar+pg_dms__transformer__seed43,PMS2,P43246:26:M>H,0,0.41307026
train-clinvar+pg_dms__transformer__seed43,PMS2,P43246:26:M>D,0,0.27521124
train-clinvar+pg_dms__transformer__seed43,PMS2,P43246:26:M>E,0,0.3933841
train-clinvar+pg_dms__transformer__seed43,PMS2,P43246:26:M>Q,0,0.1732238
train-clinvar+pg_dms__transformer__seed43,PMS2,P43246:26:M>A,0,0.23105074
train-clinvar+pg_dms__transformer__seed43,PMS2,P43246:26:M>R,0,0.31556347
train-clinvar+pg_dms__transformer__seed43,PMS2,P43246:26:M>G,0,0.34171653
train-clinvar+pg_dms__transformer__seed43,PMS2,P43246:26:M>T,0,0.36863
train-clinvar+pg_dms__transformer__seed43,PMS2,P43246:26:M>V,0,0.11766916
train-clinvar+pg_dms__transformer__seed43,PMS2,P43246:26:M>F,0,0.10805629
train-clinvar+pg_dms__transformer__seed43,PMS2,P43246:26:M>S,0,0.3760778
train-clinvar+pg_dms__transformer__seed43,PMS2,P43246:26:M>Y,0,0.21809849
train-clinvar+pg_dms__transformer__seed43,PMS2,P43246:34:V>T,0,0.6570188
train-clinvar+pg_dms__transformer__seed43,PMS2,P43246:34:V>Y,0,0.51448166
train-clinvar+pg_dms__transformer__seed43,PMS2,P43246:34:V>S,0,0.7905063
train-clinvar+pg_dms__transformer__seed43,PMS2,P43246:34:V>C,0,0.23169917
train-clinvar+pg_dms__transformer__seed43,PMS2,P43246:34:V>Q,0,0.6708921
train-clinvar+pg_dms__transformer__seed43,PMS2,P43246:34:V>I,0,0.013277997
train-clinvar+pg_dms__transformer__seed43,PMS2,P43246:34:V>F,0,0.048069045
train-clinvar+pg_dms__transformer__seed43,PMS2,P43246:34:V>R,0,0.9315966
train-clinvar+pg_dms__transformer__seed43,PMS2,P43246:34:V>E,0,0.89621764
train-clinvar+pg_dms__transformer__seed43,PMS2,P43246:34:V>H,0,0.70037645
train-clinvar+pg_dms__transformer__seed43,PMS2,P43246:34:V>K,0,0.8698242
train-clinvar+pg_dms__transformer__seed43,PMS2,P43246:34:V>D,1,0.8437773
train-clinvar+pg_dms__transformer__seed43,PMS2,P43246:34:V>A,0,0.15264584
train-clinvar+pg_dms__transformer__seed43,PMS2,P43246:34:V>M,0,0.5331897
train-clinvar+pg_dms__transformer__seed43,PMS2,P43246:34:V>N,0,0.55768824
train-clinvar+pg_dms__transformer__seed43,PMS2,P43246:34:V>P,1,0.960296
train-clinvar+pg_dms__transformer__seed43,PMS2,P43246:36:L>Y,0,0.46063134
train-clinvar+pg_dms__transformer__seed43,PMS2,P43246:36:L>M,0,0.3406319
train-clinvar+pg_dms__transformer__seed43,PMS2,P43246:36:L>W,0,0.64209807
train-clinvar+pg_dms__transformer__seed43,PMS2,P43246:36:L>N,0,0.68724215
train-clinvar+pg_dms__transformer__seed43,PMS2,P43246:36:L>P,0,0.92517775
train-clinvar+pg_dms__transformer__seed43,PMS2,P43246:36:L>R,1,0.97176546
train-clinvar+pg_dms__transformer__seed43,PMS2,P43246:36:L>S,0,0.8801209
train-clinvar+pg_dms__transformer__seed43,PMS2,P43246:36:L>T,0,0.7413327
train-clinvar+pg_dms__transformer__seed43,PMS2,P43246:36:L>D,1,0.76230997
train-clinvar+pg_dms__transformer__seed43,PMS2,P43246:36:L>V,0,0.076097466
train-clinvar+pg_dms__transformer__seed43,PMS2,P43246:36:L>A,0,0.4749349
train-clinvar+pg_dms__transformer__seed43,PMS2,P43246:36:L>K,1,0.77064556
train-clinvar+pg_dms__transformer__seed43,PMS2,P43246:36:L>I,0,0.09229658
train-clinvar+pg_dms__transformer__seed43,PMS2,P43246:36:L>H,0,0.7131752
train-clinvar+pg_dms__transformer__seed43,PMS2,P43246:36:L>G,0,0.8333314
train-clinvar+pg_dms__transformer__seed43,PMS2,P43246:36:L>F,0,0.06255502
train-clinvar+pg_dms__transformer__seed43,PMS2,P43246:36:L>E,1,0.8360652
train-clinvar+pg_dms__transformer__seed43,PMS2,P43246:36:L>C,0,0.15775955
train-clinvar+pg_dms__transformer__seed43,PMS2,P43246:45:A>T,0,0.035292666
train-clinvar+pg_dms__transformer__seed43,PMS2,P43246:45:A>S,0,0.018474875
train-clinvar+pg_dms__transformer__seed43,PMS2,P43246:45:A>W,0,0.74975616
train-clinvar+pg_dms__transformer__seed43,PMS2,P43246:45:A>R,1,0.8491762
train-clinvar+pg_dms__transformer__seed43,PMS2,P43246:45:A>Q,0,0.52942175
train-clinvar+pg_dms__transformer__seed43,PMS2,P43246:45:A>P,1,0.94426334
train-clinvar+pg_dms__transformer__seed43,PMS2,P43246:45:A>N,0,0.41840369
train-clinvar+pg_dms__transformer__seed43,PMS2,P43246:45:A>M,0,0.3289032
train-clinvar+pg_dms__transformer__seed43,PMS2,P43246:45:A>K,0,0.7342736
train-clinvar+pg_dms__transformer__seed43,PMS2,P43246:45:A>L,0,0.020063564
train-clinvar+pg_dms__transformer__seed43,PMS2,P43246:45:A>G,0,0.026809277
train-clinvar+pg_dms__transformer__seed43,PMS2,P43246:45:A>F,1,0.5036624
train-clinvar+pg_dms__transformer__seed43,PMS2,P43246:45:A>C,0,0.0125725055
train-clinvar+pg_dms__transformer__seed43,PMS2,P43246:45:A>I,0,0.041370437
train-clinvar+pg_dms__transformer__seed43,PMS2,P43246:52:L>R,0,0.13049123
train-clinvar+pg_dms__transformer__seed43,PMS2,P43246:52:L>Q,0,0.022079276
train-clinvar+pg_dms__transformer__seed43,PMS2,P43246:52:L>D,0,0.49282414
train-clinvar+pg_dms__transformer__seed43,PMS2,P43246:52:L>E,0,0.26883468
train-clinvar+pg_dms__transformer__seed43,PMS2,P43246:52:L>F,0,0.021058083
train-clinvar+pg_dms__transformer__seed43,PMS2,P43246:52:L>G,0,0.2159699
train-clinvar+pg_dms__transformer__seed43,PMS2,P43246:52:L>H,0,0.17336494
train-clinvar+pg_dms__transformer__seed43,PMS2,P43246:52:L>I,0,0.065141454
train-clinvar+pg_dms__transformer__seed43,PMS2,P43246:52:L>K,0,0.17165066
train-clinvar+pg_dms__transformer__seed43,PMS2,P43246:52:L>M,0,0.25158572
train-clinvar+pg_dms__transformer__seed43,PMS2,P43246:52:L>N,0,0.24040513
train-clinvar+pg_dms__transformer__seed43,PMS2,P43246:52:L>P,0,0.70688695
train-clinvar+pg_dms__transformer__seed43,PMS2,P43246:52:L>A,0,0.044483583
train-clinvar+pg_dms__transformer__seed43,PMS2,P43246:52:L>W,0,0.3887734
train-clinvar+pg_dms__transformer__seed43,PMS2,P43246:52:L>T,0,0.149762
train-clinvar+pg_dms__transformer__seed43,PMS2,P43246:52:L>V,0,0.04435334
train-clinvar+pg_dms__transformer__seed43,PMS2,P43246:52:L>Y,0,0.048786167
train-clinvar+pg_dms__transformer__seed43,PMS2,P43246:52:L>S,0,0.12116361
train-clinvar+pg_dms__transformer__seed43,PMS2,P43246:57:V>Q,0,0.092345685
train-clinvar+pg_dms__transformer__seed43,PMS2,P43246:57:V>W,1,0.5170563
train-clinvar+pg_dms__transformer__seed43,PMS2,P43246:57:V>P,0,0.747047
train-clinvar+pg_dms__transformer__seed43,PMS2,P43246:57:V>N,0,0.13434377
train-clinvar+pg_dms__transformer__seed43,PMS2,P43246:57:V>M,0,0.32535845
train-clinvar+pg_dms__transformer__seed43,PMS2,P43246:57:V>L,0,0.02602581
train-clinvar+pg_dms__transformer__seed43,PMS2,P43246:57:V>K,0,0.40822703
train-clinvar+pg_dms__transformer__seed43,PMS2,P43246:57:V>I,0,0.0074582254
train-clinvar+pg_dms__transformer__seed43,PMS2,P43246:57:V>R,0,0.29767844
train-clinvar+pg_dms__transformer__seed43,PMS2,P43246:57:V>H,0,0.32577345
train-clinvar+pg_dms__transformer__seed43,PMS2,P43246:57:V>F,0,0.01703908
train-clinvar+pg_dms__transformer__seed43,PMS2,P43246:57:V>E,0,0.356743
train-clinvar+pg_dms__transformer__seed43,PMS2,P43246:57:V>C,0,0.061682913
train-clinvar+pg_dms__transformer__seed43,PMS2,P43246:57:V>A,0,0.06439347
train-clinvar+pg_dms__transformer__seed43,PMS2,P43246:57:V>S,0,0.094877794
train-clinvar+pg_dms__transformer__seed43,PMS2,P43246:57:V>T,0,0.16406775
train-clinvar+pg_dms__transformer__seed43,PMS2,P43246:57:V>Y,0,0.10619644
train-clinvar+pg_dms__transformer__seed43,PMS2,P43246:58:F>V,0,0.4390109
train-clinvar+pg_dms__transformer__seed43,PMS2,P43246:58:F>W,0,0.45547524
train-clinvar+pg_dms__transformer__seed43,PMS2,P43246:58:F>A,0,0.46825305
train-clinvar+pg_dms__transformer__seed43,PMS2,P43246:58:F>I,1,0.45156524
train-clinvar+pg_dms__transformer__seed43,PMS2,P43246:58:F>M,1,0.5038867
train-clinvar+pg_dms__transformer__seed43,PMS2,P43246:58:F>P,0,0.7529902
train-clinvar+pg_dms__transformer__seed43,PMS2,P43246:58:F>S,0,0.50017613
train-clinvar+pg_dms__transformer__seed43,PMS2,P43246:58:F>R,0,0.5387408
train-clinvar+pg_dms__transformer__seed43,PMS2,P43246:58:F>H,0,0.4009913
train-clinvar+pg_dms__transformer__seed43,PMS2,P43246:58:F>G,1,0.4791811
train-clinvar+pg_dms__transformer__seed43,PMS2,P43246:58:F>E,0,0.52749485
train-clinvar+pg_dms__transformer__seed43,PMS2,P43246:58:F>T,0,0.49449062
train-clinvar+pg_dms__transformer__seed43,PMS2,P43246:60:T>C,0,0.10036705
train-clinvar+pg_dms__transformer__seed43,PMS2,P43246:60:T>V,0,0.24954696
train-clinvar+pg_dms__transformer__seed43,PMS2,P43246:60:T>S,0,0.04575216
train-clinvar+pg_dms__transformer__seed43,PMS2,P43246:60:T>R,0,0.20399316
train-clinvar+pg_dms__transformer__seed43,PMS2,P43246:60:T>P,1,0.60478896
train-clinvar+pg_dms__transformer__seed43,PMS2,P43246:60:T>Y,0,0.1880874
train-clinvar+pg_dms__transformer__seed43,PMS2,P43246:60:T>A,0,0.24037284
train-clinvar+pg_dms__transformer__seed43,PMS2,P43246:60:T>N,0,0.09847711
train-clinvar+pg_dms__transformer__seed43,PMS2,P43246:60:T>W,1,0.53247553
train-clinvar+pg_dms__transformer__seed43,PMS2,P43246:60:T>L,0,0.153978
train-clinvar+pg_dms__transformer__seed43,PMS2,P43246:60:T>M,0,0.4226582
train-clinvar+pg_dms__transformer__seed43,PMS2,P43246:60:T>F,0,0.18845885
train-clinvar+pg_dms__transformer__seed43,PMS2,P43246:60:T>G,0,0.12401939
train-clinvar+pg_dms__transformer__seed43,PMS2,P43246:60:T>H,0,0.29362723
train-clinvar+pg_dms__transformer__seed43,PMS2,P43246:60:T>I,0,0.37514403
train-clinvar+pg_dms__transformer__seed43,PMS2,P43246:62:G>F,0,0.27739888
train-clinvar+pg_dms__transformer__seed43,PMS2,P43246:62:G>D,1,0.2617724
train-clinvar+pg_dms__transformer__seed43,PMS2,P43246:62:G>C,0,0.1061768
train-clinvar+pg_dms__transformer__seed43,PMS2,P43246:62:G>A,0,0.05958444
train-clinvar+pg_dms__transformer__seed43,PMS2,P43246:62:G>V,0,0.30380103
train-clinvar+pg_dms__transformer__seed43,PMS2,P43246:62:G>S,0,0.056416452
train-clinvar+pg_dms__transformer__seed43,PMS2,P43246:62:G>R,0,0.30387095
train-clinvar+pg_dms__transformer__seed43,PMS2,P43246:62:G>Q,0,0.22937281
train-clinvar+pg_dms__transformer__seed43,PMS2,P43246:62:G>N,0,0.23774204
train-clinvar+pg_dms__transformer__seed43,PMS2,P43246:62:G>M,0,0.47312823
train-clinvar+pg_dms__transformer__seed43,PMS2,P43246:62:G>L,0,0.20985673
train-clinvar+pg_dms__transformer__seed43,PMS2,P43246:62:G>K,0,0.302451
train-clinvar+pg_dms__transformer__seed43,PMS2,P43246:62:G>I,0,0.31754652
train-clinvar+pg_dms__transformer__seed43,PMS2,P43246:62:G>H,0,0.38186544
train-clinvar+pg_dms__transformer__seed43,PMS2,P43246:62:G>Y,0,0.30339116
train-clinvar+pg_dms__transformer__seed43,PMS2,P43246:62:G>T,0,0.2917924
train-clinvar+pg_dms__transformer__seed43,PMS2,P43246:62:G>P,0,0.59518087
train-clinvar+pg_dms__transformer__seed43,PMS2,P43246:71:G>A,0,0.12270877
train-clinvar+pg_dms__transformer__seed43,PMS2,P43246:71:G>N,0,0.12853253
train-clinvar+pg_dms__transformer__seed43,PMS2,P43246:71:G>V,0,0.19778106
train-clinvar+pg_dms__transformer__seed43,PMS2,P43246:71:G>T,0,0.23941627
train-clinvar+pg_dms__transformer__seed43,PMS2,P43246:71:G>S,0,0.099633396
train-clinvar+pg_dms__transformer__seed43,PMS2,P43246:71:G>C,0,0.0985392
train-clinvar+pg_dms__transformer__seed43,PMS2,P43246:71:G>W,0,0.41304585
train-clinvar+pg_dms__transformer__seed43,PMS2,P43246:71:G>Q,0,0.1651294
train-clinvar+pg_dms__transformer__seed43,PMS2,P43246:71:G>Y,0,0.23603529
train-clinvar+pg_dms__transformer__seed43,PMS2,P43246:71:G>M,0,0.42016056
train-clinvar+pg_dms__transformer__seed43,PMS2,P43246:71:G>E,0,0.19333112
train-clinvar+pg_dms__transformer__seed43,PMS2,P43246:71:G>F,0,0.24517438
train-clinvar+pg_dms__transformer__seed43,PMS2,P43246:71:G>H,0,0.26540488
train-clinvar+pg_dms__transformer__seed43,PMS2,P43246:71:G>I,0,0.21826799
train-clinvar+pg_dms__transformer__seed43,PMS2,P43246:71:G>K,0,0.23148645
train-clinvar+pg_dms__transformer__seed43,PMS2,P43246:71:G>L,0,0.15285233
train-clinvar+pg_dms__transformer__seed43,PMS2,P43246:71:G>P,0,0.2996972
train-clinvar+pg_dms__transformer__seed43,PMS2,P43246:77:S>C,0,0.018889816
train-clinvar+pg_dms__transformer__seed43,PMS2,P43246:77:S>W,0,0.4896615
train-clinvar+pg_dms__transformer__seed43,PMS2,P43246:77:S>V,0,0.24608022
train-clinvar+pg_dms__transformer__seed43,PMS2,P43246:77:S>T,0,0.12084296
train-clinvar+pg_dms__transformer__seed43,PMS2,P43246:77:S>Q,0,0.5240631
train-clinvar+pg_dms__transformer__seed43,PMS2,P43246:77:S>P,1,0.8242312
train-clinvar+pg_dms__transformer__seed43,PMS2,P43246:77:S>A,0,0.03868038
train-clinvar+pg_dms__transformer__seed43,PMS2,P43246:77:S>Y,0,0.06610742
train-clinvar+pg_dms__transformer__seed43,PMS2,P43246:77:S>F,0,0.18094207
train-clinvar+pg_dms__transformer__seed43,PMS2,P43246:77:S>E,0,0.7608911
train-clinvar+pg_dms__transformer__seed43,PMS2,P43246:77:S>M,0,0.39144322
train-clinvar+pg_dms__transformer__seed43,PMS2,P43246:77:S>L,0,0.14466296
train-clinvar+pg_dms__transformer__seed43,PMS2,P43246:77:S>N,0,0.32950222
train-clinvar+pg_dms__transformer__seed43,PMS2,P43246:77:S>I,0,0.48985144
train-clinvar+pg_dms__transformer__seed43,PMS2,P43246:77:S>H,0,0.45106077
train-clinvar+pg_dms__transformer__seed43,PMS2,P43246:77:S>K,0,0.5471993
train-clinvar+pg_dms__transformer__seed43,PMS2,P43246:90:K>R,0,0.0039926725
train-clinvar+pg_dms__transformer__seed43,PMS2,P43246:90:K>V,0,0.20479502
train-clinvar+pg_dms__transformer__seed43,PMS2,P43246:90:K>W,0,0.45878562
train-clinvar+pg_dms__transformer__seed43,PMS2,P43246:90:K>Y,0,0.07935251
train-clinvar+pg_dms__transformer__seed43,PMS2,P43246:90:K>M,0,0.42147344
train-clinvar+pg_dms__transformer__seed43,PMS2,P43246:90:K>L,0,0.08606388
train-clinvar+pg_dms__transformer__seed43,PMS2,P43246:90:K>I,0,0.1274123
train-clinvar+pg_dms__transformer__seed43,PMS2,P43246:90:K>H,0,0.1741306
train-clinvar+pg_dms__transformer__seed43,PMS2,P43246:90:K>G,0,0.08246378
train-clinvar+pg_dms__transformer__seed43,PMS2,P43246:90:K>F,0,0.13192245
train-clinvar+pg_dms__transformer__seed43,PMS2,P43246:90:K>D,0,0.09745433
train-clinvar+pg_dms__transformer__seed43,PMS2,P43246:90:K>C,0,0.049855903
train-clinvar+pg_dms__transformer__seed43,PMS2,P43246:90:K>A,0,0.070277765
train-clinvar+pg_dms__transformer__seed43,PMS2,P43246:90:K>Q,0,0.028157998
train-clinvar+pg_dms__transformer__seed43,PMS2,P43246:90:K>S,0,0.067128636
train-clinvar+pg_dms__transformer__seed43,PMS2,P43246:90:K>T,0,0.22061373
train-clinvar+pg_dms__transformer__seed43,PMS2,P43246:90:K>P,0,0.59978795
train-clinvar+pg_dms__transformer__seed43,PMS2,P43246:90:K>N,0,0.08898222
train-clinvar+pg_dms__transformer__seed43,PMS2,P43246:92:L>D,0,0.5026814
train-clinvar+pg_dms__transformer__seed43,PMS2,P43246:92:L>C,0,0.05739778
train-clinvar+pg_dms__transformer__seed43,PMS2,P43246:92:L>E,0,0.48270223
train-clinvar+pg_dms__transformer__seed43,PMS2,P43246:92:L>A,0,0.1199165
train-clinvar+pg_dms__transformer__seed43,PMS2,P43246:92:L>W,0,0.5374992
train-clinvar+pg_dms__transformer__seed43,PMS2,P43246:92:L>V,0,0.04961441
train-clinvar+pg_dms__transformer__seed43,PMS2,P43246:92:L>S,0,0.54789156
train-clinvar+pg_dms__transformer__seed43,PMS2,P43246:92:L>R,0,0.8402022
train-clinvar+pg_dms__transformer__seed43,PMS2,P43246:92:L>T,0,0.39671558
train-clinvar+pg_dms__transformer__seed43,PMS2,P43246:92:L>N,0,0.46828607
train-clinvar+pg_dms__transformer__seed43,PMS2,P43246:92:L>M,0,0.27852896
train-clinvar+pg_dms__transformer__seed43,PMS2,P43246:92:L>K,0,0.41958782
train-clinvar+pg_dms__transformer__seed43,PMS2,P43246:92:L>H,0,0.47204188
train-clinvar+pg_dms__transformer__seed43,PMS2,P43246:92:L>G,0,0.48959866
train-clinvar+pg_dms__transformer__seed43,PMS2,P43246:92:L>Q,0,0.36339882
train-clinvar+pg_dms__transformer__seed43,PMS2,P43246:98:Y>C,0,0.01593523
train-clinvar+pg_dms__transformer__seed43,PMS2,P43246:98:Y>D,0,0.39167914
train-clinvar+pg_dms__transformer__seed43,PMS2,P43246:98:Y>E,0,0.39265692
train-clinvar+pg_dms__transformer__seed43,PMS2,P43246:98:Y>G,0,0.36856535
train-clinvar+pg_dms__transformer__seed43,PMS2,P43246:98:Y>H,0,0.09451087
train-clinvar+pg_dms__transformer__seed43,PMS2,P43246:98:Y>I,0,0.3041631
train-clinvar+pg_dms__transformer__seed43,PMS2,P43246:98:Y>K,0,0.20383616
train-clinvar+pg_dms__transformer__seed43,PMS2,P43246:98:Y>P,1,0.7225264
train-clinvar+pg_dms__transformer__seed43,PMS2,P43246:98:Y>M,0,0.41081285
train-clinvar+pg_dms__transformer__seed43,PMS2,P43246:98:Y>N,0,0.05733141
train-clinvar+pg_dms__transformer__seed43,PMS2,P43246:98:Y>Q,0,0.11562274
train-clinvar+pg_dms__transformer__seed43,PMS2,P43246:98:Y>R,0,0.19258223
train-clinvar+pg_dms__transformer__seed43,PMS2,P43246:98:Y>S,0,0.122042306
train-clinvar+pg_dms__transformer__seed43,PMS2,P43246:98:Y>T,0,0.44862312
train-clinvar+pg_dms__transformer__seed43,PMS2,P43246:98:Y>L,0,0.036264475
train-clinvar+pg_dms__transformer__seed43,PMS2,P43246:98:Y>A,0,0.24242772
train-clinvar+pg_dms__transformer__seed43,PMS2,P43246:98:Y>W,0,0.3593511
train-clinvar+pg_dms__transformer__seed43,PMS2,P43246:98:Y>V,0,0.14934489
train-clinvar+pg_dms__transformer__seed43,PMS2,P43246:100:V>L,0,0.056659073
train-clinvar+pg_dms__transformer__seed43,PMS2,P43246:100:V>K,1,0.7932048
train-clinvar+pg_dms__transformer__seed43,PMS2,P43246:100:V>M,0,0.48361346
train-clinvar+pg_dms__transformer__seed43,PMS2,P43246:100:V>G,0,0.37043172
train-clinvar+pg_dms__transformer__seed43,PMS2,P43246:100:V>I,0,0.010186948
train-clinvar+pg_dms__transformer__seed43,PMS2,P43246:100:V>N,1,0.52971905
train-clinvar+pg_dms__transformer__seed43,PMS2,P43246:100:V>R,1,0.7742994
train-clinvar+pg_dms__transformer__seed43,PMS2,P43246:100:V>S,0,0.5084594
train-clinvar+pg_dms__transformer__seed43,PMS2,P43246:100:V>T,1,0.37845325
train-clinvar+pg_dms__transformer__seed43,PMS2,P43246:100:V>W,0,0.83093387
train-clinvar+pg_dms__transformer__seed43,PMS2,P43246:100:V>Y,0,0.58481944
train-clinvar+pg_dms__transformer__seed43,PMS2,P43246:100:V>C,0,0.29086307
train-clinvar+pg_dms__transformer__seed43,PMS2,P43246:100:V>E,1,0.8173277
train-clinvar+pg_dms__transformer__seed43,PMS2,P43246:100:V>P,0,0.9240442
train-clinvar+pg_dms__transformer__seed43,PMS2,P43246:100:V>D,1,0.64356387
train-clinvar+pg_dms__transformer__seed43,PMS2,P43246:104:K>A,0,0.075242996
train-clinvar+pg_dms__transformer__seed43,PMS2,P43246:104:K>C,0,0.039561655
train-clinvar+pg_dms__transformer__seed43,PMS2,P43246:104:K>Y,0,0.13869567
train-clinvar+pg_dms__transformer__seed43,PMS2,P43246:104:K>V,0,0.10976368
train-clinvar+pg_dms__transformer__seed43,PMS2,P43246:104:K>T,0,0.12230644
train-clinvar+pg_dms__transformer__seed43,PMS2,P43246:104:K>S,0,0.057115123
train-clinvar+pg_dms__transformer__seed43,PMS2,P43246:104:K>R,0,0.009173799
train-clinvar+pg_dms__transformer__seed43,PMS2,P43246:104:K>Q,0,0.007073123
train-clinvar+pg_dms__transformer__seed43,PMS2,P43246:104:K>P,0,0.6903163
train-clinvar+pg_dms__transformer__seed43,PMS2,P43246:104:K>L,0,0.06351235
train-clinvar+pg_dms__transformer__seed43,PMS2,P43246:104:K>I,0,0.12883727
train-clinvar+pg_dms__transformer__seed43,PMS2,P43246:104:K>H,0,0.15155113
train-clinvar+pg_dms__transformer__seed43,PMS2,P43246:104:K>G,0,0.10283259
train-clinvar+pg_dms__transformer__seed43,PMS2,P43246:104:K>E,0,0.0870835
train-clinvar+pg_dms__transformer__seed43,PMS2,P43246:104:K>D,0,0.15835646
train-clinvar+pg_dms__transformer__seed43,PMS2,P43246:121:Y>W,0,0.14991577
train-clinvar+pg_dms__transformer__seed43,PMS2,P43246:121:Y>V,0,0.030421527
train-clinvar+pg_dms__transformer__seed43,PMS2,P43246:121:Y>I,0,0.025818842
train-clinvar+pg_dms__transformer__seed43,PMS2,P43246:121:Y>S,0,0.010906046
train-clinvar+pg_dms__transformer__seed43,PMS2,P43246:121:Y>M,0,0.27051342
train-clinvar+pg_dms__transformer__seed43,PMS2,P43246:121:Y>H,0,0.020049732
train-clinvar+pg_dms__transformer__seed43,PMS2,P43246:121:Y>T,0,0.09007303
train-clinvar+pg_dms__transformer__seed43,PMS2,P43246:121:Y>P,0,0.56814474
train-clinvar+pg_dms__transformer__seed43,PMS2,P43246:121:Y>R,0,0.070394665
train-clinvar+pg_dms__transformer__seed43,PMS2,P43246:121:Y>A,0,0.0114146685
train-clinvar+pg_dms__transformer__seed43,PMS2,P43246:121:Y>Q,0,0.022689153
train-clinvar+pg_dms__transformer__seed43,PMS2,P43246:121:Y>G,0,0.039955154
train-clinvar+pg_dms__transformer__seed43,PMS2,P43246:121:Y>F,0,0.0048367167
train-clinvar+pg_dms__transformer__seed43,PMS2,P43246:121:Y>E,0,0.133379
train-clinvar+pg_dms__transformer__seed43,PMS2,P43246:121:Y>C,0,0.0048545273
train-clinvar+pg_dms__transformer__seed43,PMS2,P43246:121:Y>L,0,0.020267023
train-clinvar+pg_dms__transformer__seed43,PMS2,P43246:121:Y>K,0,0.09376745
train-clinvar+pg_dms__transformer__seed43,PMS2,P43246:129:S>A,0,0.0082519455
train-clinvar+pg_dms__transformer__seed43,PMS2,P43246:129:S>C,1,0.010346758
train-clinvar+pg_dms__transformer__seed43,PMS2,P43246:129:S>D,0,0.11990929
train-clinvar+pg_dms__transformer__seed43,PMS2,P43246:129:S>F,0,0.016387546
train-clinvar+pg_dms__transformer__seed43,PMS2,P43246:129:S>G,0,0.013442969
train-clinvar+pg_dms__transformer__seed43,PMS2,P43246:129:S>H,0,0.06878134
train-clinvar+pg_dms__transformer__seed43,PMS2,P43246:129:S>I,0,0.013550059
train-clinvar+pg_dms__transformer__seed43,PMS2,P43246:129:S>P,0,0.24804063
train-clinvar+pg_dms__transformer__seed43,PMS2,P43246:129:S>L,0,0.011779979
train-clinvar+pg_dms__transformer__seed43,PMS2,P43246:129:S>N,0,0.015023976
train-clinvar+pg_dms__transformer__seed43,PMS2,P43246:129:S>Q,0,0.058184214
train-clinvar+pg_dms__transformer__seed43,PMS2,P43246:129:S>R,0,0.17237473
train-clinvar+pg_dms__transformer__seed43,PMS2,P43246:129:S>T,0,0.032926496
train-clinvar+pg_dms__transformer__seed43,PMS2,P43246:129:S>V,0,0.019348036
train-clinvar+pg_dms__transformer__seed43,PMS2,P43246:129:S>Y,0,0.017855318
train-clinvar+pg_dms__transformer__seed43,PMS2,P43246:129:S>K,0,0.25616387
train-clinvar+pg_dms__transformer__seed43,PMS2,P43246:129:S>W,0,0.384778
train-clinvar+pg_dms__transformer__seed43,PMS2,P43246:131:F>Y,0,0.18605733
train-clinvar+pg_dms__transformer__seed43,PMS2,P43246:131:F>W,0,0.5323262
train-clinvar+pg_dms__transformer__seed43,PMS2,P43246:131:F>V,0,0.06733838
train-clinvar+pg_dms__transformer__seed43,PMS2,P43246:131:F>T,0,0.56016755
train-clinvar+pg_dms__transformer__seed43,PMS2,P43246:131:F>S,0,0.5099881
train-clinvar+pg_dms__transformer__seed43,PMS2,P43246:131:F>R,0,0.70503825
train-clinvar+pg_dms__transformer__seed43,PMS2,P43246:131:F>N,0,0.43017372
train-clinvar+pg_dms__transformer__seed43,PMS2,P43246:131:F>P,0,0.8033486
train-clinvar+pg_dms__transformer__seed43,PMS2,P43246:131:F>L,0,0.3898462
train-clinvar+pg_dms__transformer__seed43,PMS2,P43246:131:F>K,0,0.45177048
train-clinvar+pg_dms__transformer__seed43,PMS2,P43246:131:F>I,0,0.085760765
train-clinvar+pg_dms__transformer__seed43,PMS2,P43246:131:F>H,0,0.42813718
train-clinvar+pg_dms__transformer__seed43,PMS2,P43246:131:F>G,0,0.6788171
train-clinvar+pg_dms__transformer__seed43,PMS2,P43246:131:F>E,0,0.7301903
train-clinvar+pg_dms__transformer__seed43,PMS2,P43246:131:F>A,0,0.38757214
train-clinvar+pg_dms__transformer__seed43,PMS2,P43246:131:F>M,0,0.45520347
train-clinvar+pg_dms__transformer__seed43,PMS2,P43246:131:F>C,0,0.12340092
train-clinvar+pg_dms__transformer__seed43,PMS2,P43246:135:L>V,0,0.06171399
train-clinvar+pg_dms__transformer__seed43,PMS2,P43246:135:L>T,0,0.48103258
train-clinvar+pg_dms__transformer__seed43,PMS2,P43246:135:L>S,0,0.41609293
train-clinvar+pg_dms__transformer__seed43,PMS2,P43246:135:L>R,0,0.69145083
train-clinvar+pg_dms__transformer__seed43,PMS2,P43246:135:L>Q,0,0.33865955
train-clinvar+pg_dms__transformer__seed43,PMS2,P43246:135:L>P,0,0.6027488
train-clinvar+pg_dms__transformer__seed43,PMS2,P43246:135:L>N,0,0.35306758
train-clinvar+pg_dms__transformer__seed43,PMS2,P43246:135:L>H,0,0.39593008
train-clinvar+pg_dms__transformer__seed43,PMS2,P43246:135:L>I,0,0.026406609
train-clinvar+pg_dms__transformer__seed43,PMS2,P43246:135:L>W,0,0.46855825
train-clinvar+pg_dms__transformer__seed43,PMS2,P43246:135:L>Y,0,0.26575223
train-clinvar+pg_dms__transformer__seed43,PMS2,P43246:135:L>G,0,0.47850305
train-clinvar+pg_dms__transformer__seed43,PMS2,P43246:135:L>M,0,0.35635513
train-clinvar+pg_dms__transformer__seed43,PMS2,P43246:135:L>D,0,0.3860583
train-clinvar+pg_dms__transformer__seed43,PMS2,P43246:135:L>E,0,0.43973187
train-clinvar+pg_dms__transformer__seed43,PMS2,P43246:135:L>F,0,0.15147257
train-clinvar+pg_dms__transformer__seed43,PMS2,P43246:135:L>K,0,0.40093812
train-clinvar+pg_dms__transformer__seed43,PMS2,P43246:135:L>A,0,0.2266246
train-clinvar+pg_dms__transformer__seed43,PMS2,P43246:135:L>C,0,0.17701568
train-clinvar+pg_dms__transformer__seed43,PMS2,P43246:140:D>C,0,0.06674166
train-clinvar+pg_dms__transformer__seed43,PMS2,P43246:140:D>T,0,0.1392746
train-clinvar+pg_dms__transformer__seed43,PMS2,P43246:140:D>S,0,0.011854231
train-clinvar+pg_dms__transformer__seed43,PMS2,P43246:140:D>W,0,0.4550185
train-clinvar+pg_dms__transformer__seed43,PMS2,P43246:140:D>R,0,0.12703004
train-clinvar+pg_dms__transformer__seed43,PMS2,P43246:140:D>Q,0,0.039844256
train-clinvar+pg_dms__transformer__seed43,PMS2,P43246:140:D>N,0,0.018182188
train-clinvar+pg_dms__transformer__seed43,PMS2,P43246:140:D>M,0,0.4329505
train-clinvar+pg_dms__transformer__seed43,PMS2,P43246:140:D>L,0,0.09146762
train-clinvar+pg_dms__transformer__seed43,PMS2,P43246:140:D>K,0,0.1387882
train-clinvar+pg_dms__transformer__seed43,PMS2,P43246:140:D>I,0,0.16711107
train-clinvar+pg_dms__transformer__seed43,PMS2,P43246:140:D>E,0,0.021853631
train-clinvar+pg_dms__transformer__seed43,PMS2,P43246:140:D>P,0,0.31712222
train-clinvar+pg_dms__transformer__seed43,PMS2,P43246:140:D>H,0,0.1728423
train-clinvar+pg_dms__transformer__seed43,PMS2,P43246:140:D>F,0,0.13869314
train-clinvar+pg_dms__transformer__seed43,PMS2,P43246:140:D>Y,0,0.08343556
train-clinvar+pg_dms__transformer__seed43,PMS2,P43246:140:D>G,0,0.049908355
train-clinvar+pg_dms__transformer__seed43,PMS2,P43246:145:I>W,0,0.418701
train-clinvar+pg_dms__transformer__seed43,PMS2,P43246:145:I>V,0,0.02460845
train-clinvar+pg_dms__transformer__seed43,PMS2,P43246:145:I>T,0,0.09376585
train-clinvar+pg_dms__transformer__seed43,PMS2,P43246:145:I>S,0,0.02095056
train-clinvar+pg_dms__transformer__seed43,PMS2,P43246:145:I>K,0,0.106778316
train-clinvar+pg_dms__transformer__seed43,PMS2,P43246:145:I>H,0,0.21018757
train-clinvar+pg_dms__transformer__seed43,PMS2,P43246:145:I>Q,0,0.048284072
train-clinvar+pg_dms__transformer__seed43,PMS2,P43246:145:I>P,0,0.20764333
train-clinvar+pg_dms__transformer__seed43,PMS2,P43246:145:I>Y,0,0.105345815
train-clinvar+pg_dms__transformer__seed43,PMS2,P43246:145:I>R,0,0.10007195
train-clinvar+pg_dms__transformer__seed43,PMS2,P43246:145:I>C,0,0.041958697
train-clinvar+pg_dms__transformer__seed43,PMS2,P43246:145:I>D,0,0.22624925
train-clinvar+pg_dms__transformer__seed43,PMS2,P43246:145:I>A,0,0.019589692
train-clinvar+pg_dms__transformer__seed43,PMS2,P43246:145:I>N,0,0.047720507
train-clinvar+pg_dms__transformer__seed43,PMS2,P43246:145:I>E,0,0.21880382
train-clinvar+pg_dms__transformer__seed43,PMS2,P43246:145:I>F,0,0.034448758
train-clinvar+pg_dms__transformer__seed43,PMS2,P43246:145:I>G,0,0.07125014
train-clinvar+pg_dms__transformer__seed43,PMS2,P43246:145:I>L,0,0.021555439
train-clinvar+pg_dms__transformer__seed43,PMS2,P43246:149:G>C,1,0.28044903
train-clinvar+pg_dms__transformer__seed43,PMS2,P43246:149:G>W,1,0.87253153
train-clinvar+pg_dms__transformer__seed43,PMS2,P43246:149:G>V,0,0.7930172
train-clinvar+pg_dms__transformer__seed43,PMS2,P43246:149:G>T,0,0.7619389
train-clinvar+pg_dms__transformer__seed43,PMS2,P43246:149:G>S,0,0.055865806
train-clinvar+pg_dms__transformer__seed43,PMS2,P43246:149:G>R,1,0.9883631
train-clinvar+pg_dms__transformer__seed43,PMS2,P43246:149:G>Q,1,0.9709028
train-clinvar+pg_dms__transformer__seed43,PMS2,P43246:149:G>P,1,0.9792626
train-clinvar+pg_dms__transformer__seed43,PMS2,P43246:149:G>N,1,0.9547278
train-clinvar+pg_dms__transformer__seed43,PMS2,P43246:149:G>M,1,0.8669593
train-clinvar+pg_dms__transformer__seed43,PMS2,P43246:149:G>Y,1,0.9811187
train-clinvar+pg_dms__transformer__seed43,PMS2,P43246:149:G>E,1,0.98442197
train-clinvar+pg_dms__transformer__seed43,PMS2,P43246:149:G>L,1,0.96044356
train-clinvar+pg_dms__transformer__seed43,PMS2,P43246:149:G>K,1,0.9496757
train-clinvar+pg_dms__transformer__seed43,PMS2,P43246:149:G>I,1,0.9613689
train-clinvar+pg_dms__transformer__seed43,PMS2,P43246:149:G>H,1,0.8949421
train-clinvar+pg_dms__transformer__seed43,PMS2,P43246:149:G>D,1,0.96117765
train-clinvar+pg_dms__transformer__seed43,PMS2,P43246:150:V>E,1,0.929988
train-clinvar+pg_dms__transformer__seed43,PMS2,P43246:150:V>D,1,0.90924144
train-clinvar+pg_dms__transformer__seed43,PMS2,P43246:150:V>H,1,0.79089165
train-clinvar+pg_dms__transformer__seed43,PMS2,P43246:150:V>K,1,0.89143044
train-clinvar+pg_dms__transformer__seed43,PMS2,P43246:150:V>L,0,0.01779866
train-clinvar+pg_dms__transformer__seed43,PMS2,P43246:150:V>M,0,0.22547576
train-clinvar+pg_dms__transformer__seed43,PMS2,P43246:150:V>C,0,0.32290518
train-clinvar+pg_dms__transformer__seed43,PMS2,P43246:150:V>A,0,0.24371259
train-clinvar+pg_dms__transformer__seed43,PMS2,P43246:150:V>N,1,0.68710953
train-clinvar+pg_dms__transformer__seed43,PMS2,P43246:150:V>G,1,0.5870551
train-clinvar+pg_dms__transformer__seed43,PMS2,P43246:150:V>F,0,0.038625564
train-clinvar+pg_dms__transformer__seed43,PMS2,P43246:150:V>Q,1,0.58778906
train-clinvar+pg_dms__transformer__seed43,PMS2,P43246:150:V>R,1,0.9434448
train-clinvar+pg_dms__transformer__seed43,PMS2,P43246:150:V>S,1,0.687216
train-clinvar+pg_dms__transformer__seed43,PMS2,P43246:150:V>T,0,0.64417446
train-clinvar+pg_dms__transformer__seed43,PMS2,P43246:150:V>W,1,0.80732816
train-clinvar+pg_dms__transformer__seed43,PMS2,P43246:150:V>Y,1,0.6719185
train-clinvar+pg_dms__transformer__seed43,PMS2,P43246:150:V>P,1,0.9547943
train-clinvar+pg_dms__transformer__seed43,PMS2,P43246:153:S>T,0,0.08112387
train-clinvar+pg_dms__transformer__seed43,PMS2,P43246:153:S>R,0,0.10292183
train-clinvar+pg_dms__transformer__seed43,PMS2,P43246:153:S>Q,0,0.042325895
train-clinvar+pg_dms__transformer__seed43,PMS2,P43246:153:S>P,0,0.44514492
train-clinvar+pg_dms__transformer__seed43,PMS2,P43246:153:S>N,0,0.021474825
train-clinvar+pg_dms__transformer__seed43,PMS2,P43246:153:S>L,0,0.015195726
train-clinvar+pg_dms__transformer__seed43,PMS2,P43246:153:S>K,0,0.12517104
train-clinvar+pg_dms__transformer__seed43,PMS2,P43246:153:S>C,0,0.013849963
train-clinvar+pg_dms__transformer__seed43,PMS2,P43246:153:S>H,0,0.13131878
train-clinvar+pg_dms__transformer__seed43,PMS2,P43246:153:S>A,0,0.016012782
train-clinvar+pg_dms__transformer__seed43,PMS2,P43246:153:S>V,0,0.024471197
train-clinvar+pg_dms__transformer__seed43,PMS2,P43246:153:S>D,0,0.071749605
train-clinvar+pg_dms__transformer__seed43,PMS2,P43246:153:S>E,0,0.17965417
train-clinvar+pg_dms__transformer__seed43,PMS2,P43246:153:S>F,0,0.029361004
train-clinvar+pg_dms__transformer__seed43,PMS2,P43246:153:S>G,0,0.01835845
train-clinvar+pg_dms__transformer__seed43,PMS2,P43246:153:S>I,0,0.04488033
train-clinvar+pg_dms__transformer__seed43,PMS2,P43246:153:S>W,0,0.42257106
train-clinvar+pg_dms__transformer__seed43,PMS2,P43246:153:S>M,0,0.24790253
train-clinvar+pg_dms__transformer__seed43,PMS2,P43246:153:S>Y,0,0.023729388
train-clinvar+pg_dms__transformer__seed43,PMS2,P43246:161:V>T,0,0.19517176
train-clinvar+pg_dms__transformer__seed43,PMS2,P43246:161:V>R,1,0.80577266
train-clinvar+pg_dms__transformer__seed43,PMS2,P43246:161:V>Q,1,0.35150084
train-clinvar+pg_dms__transformer__seed43,PMS2,P43246:161:V>P,1,0.94673073
train-clinvar+pg_dms__transformer__seed43,PMS2,P43246:161:V>N,1,0.46587342
train-clinvar+pg_dms__transformer__seed43,PMS2,P43246:161:V>M,0,0.2951909
train-clinvar+pg_dms__transformer__seed43,PMS2,P43246:161:V>L,0,0.012787889
train-clinvar+pg_dms__transformer__seed43,PMS2,P43246:161:V>I,0,0.026850548
train-clinvar+pg_dms__transformer__seed43,PMS2,P43246:161:V>H,1,0.7167811
train-clinvar+pg_dms__transformer__seed43,PMS2,P43246:161:V>E,1,0.80224454
train-clinvar+pg_dms__transformer__seed43,PMS2,P43246:161:V>C,0,0.24014713
train-clinvar+pg_dms__transformer__seed43,PMS2,P43246:161:V>W,0,0.8192583
train-clinvar+pg_dms__transformer__seed43,PMS2,P43246:161:V>K,1,0.7776752
train-clinvar+pg_dms__transformer__seed43,PMS2,P43246:161:V>A,1,0.050002832
train-clinvar+pg_dms__transformer__seed43,PMS2,P43246:161:V>S,1,0.35772842
train-clinvar+pg_dms__transformer__seed43,PMS2,P43246:163:V>M,0,0.26483148
train-clinvar+pg_dms__transformer__seed43,PMS2,P43246:163:V>S,1,0.31771228
train-clinvar+pg_dms__transformer__seed43,PMS2,P43246:163:V>R,1,0.9155773
train-clinvar+pg_dms__transformer__seed43,PMS2,P43246:163:V>Q,1,0.5925045
train-clinvar+pg_dms__transformer__seed43,PMS2,P43246:163:V>P,1,0.9657927
train-clinvar+pg_dms__transformer__seed43,PMS2,P43246:163:V>N,1,0.6899973
train-clinvar+pg_dms__transformer__seed43,PMS2,P43246:163:V>L,0,0.020639688
train-clinvar+pg_dms__transformer__seed43,PMS2,P43246:163:V>A,0,0.012460832
train-clinvar+pg_dms__transformer__seed43,PMS2,P43246:163:V>H,1,0.8169095
train-clinvar+pg_dms__transformer__seed43,PMS2,P43246:163:V>F,0,0.025136443
train-clinvar+pg_dms__transformer__seed43,PMS2,P43246:163:V>E,1,0.9375599
train-clinvar+pg_dms__transformer__seed43,PMS2,P43246:163:V>C,0,0.2512988
train-clinvar+pg_dms__transformer__seed43,PMS2,P43246:163:V>W,1,0.88329643
train-clinvar+pg_dms__transformer__seed43,PMS2,P43246:163:V>K,1,0.91717386
train-clinvar+pg_dms__transformer__seed43,PMS2,P43246:163:V>Y,1,0.7730928
train-clinvar+pg_dms__transformer__seed43,PMS2,P43246:163:V>T,1,0.17450723
train-clinvar+pg_dms__transformer__seed43,PMS2,P43246:164:G>Y,1,0.97255725
train-clinvar+pg_dms__transformer__seed43,PMS2,P43246:164:G>S,0,0.041672148
train-clinvar+pg_dms__transformer__seed43,PMS2,P43246:164:G>Q,1,0.95531255
train-clinvar+pg_dms__transformer__seed43,PMS2,P43246:164:G>P,1,0.974666
train-clinvar+pg_dms__transformer__seed43,PMS2,P43246:164:G>N,1,0.94247645
train-clinvar+pg_dms__transformer__seed43,PMS2,P43246:164:G>M,1,0.8812088
train-clinvar+pg_dms__transformer__seed43,PMS2,P43246:164:G>L,1,0.9200984
train-clinvar+pg_dms__transformer__seed43,PMS2,P43246:164:G>K,1,0.93182427
train-clinvar+pg_dms__transformer__seed43,PMS2,P43246:164:G>I,1,0.95700717
train-clinvar+pg_dms__transformer__seed43,PMS2,P43246:164:G>H,1,0.89068645
train-clinvar+pg_dms__transformer__seed43,PMS2,P43246:164:G>F,1,0.97568333
train-clinvar+pg_dms__transformer__seed43,PMS2,P43246:164:G>D,1,0.9753272
train-clinvar+pg_dms__transformer__seed43,PMS2,P43246:164:G>C,0,0.16955201
train-clinvar+pg_dms__transformer__seed43,PMS2,P43246:164:G>T,1,0.76224947
train-clinvar+pg_dms__transformer__seed43,PMS2,P43246:164:G>A,0,0.018110206
train-clinvar+pg_dms__transformer__seed43,PMS2,P43246:164:G>V,1,0.77135646
train-clinvar+pg_dms__transformer__seed43,PMS2,P43246:168:S>Y,1,0.033670027
train-clinvar+pg_dms__transformer__seed43,PMS2,P43246:168:S>M,0,0.31889194
train-clinvar+pg_dms__transformer__seed43,PMS2,P43246:168:S>G,0,0.016415324
train-clinvar+pg_dms__transformer__seed43,PMS2,P43246:168:S>L,0,0.022054294
train-clinvar+pg_dms__transformer__seed43,PMS2,P43246:168:S>Q,0,0.11224032
train-clinvar+pg_dms__transformer__seed43,PMS2,P43246:168:S>H,0,0.18902896
train-clinvar+pg_dms__transformer__seed43,PMS2,P43246:168:S>I,0,0.044745475
train-clinvar+pg_dms__transformer__seed43,PMS2,P43246:168:S>R,0,0.30784863
train-clinvar+pg_dms__transformer__seed43,PMS2,P43246:168:S>K,0,0.23841974
train-clinvar+pg_dms__transformer__seed43,PMS2,P43246:168:S>N,0,0.022623628
train-clinvar+pg_dms__transformer__seed43,PMS2,P43246:168:S>P,0,0.12361101
train-clinvar+pg_dms__transformer__seed43,PMS2,P43246:168:S>F,0,0.04049308
train-clinvar+pg_dms__transformer__seed43,PMS2,P43246:168:S>E,0,0.3137218
train-clinvar+pg_dms__transformer__seed43,PMS2,P43246:168:S>A,0,0.014551502
train-clinvar+pg_dms__transformer__seed43,PMS2,P43246:168:S>T,0,0.073816024
train-clinvar+pg_dms__transformer__seed43,PMS2,P43246:168:S>C,0,0.008618424
train-clinvar+pg_dms__transformer__seed43,PMS2,P43246:168:S>D,0,0.10374472
train-clinvar+pg_dms__transformer__seed43,PMS2,P43246:168:S>V,0,0.029352142
train-clinvar+pg_dms__transformer__seed43,PMS2,P43246:168:S>W,0,0.45926175
train-clinvar+pg_dms__transformer__seed43,PMS2,P43246:174:G>L,0,0.07337706
train-clinvar+pg_dms__transformer__seed43,PMS2,P43246:174:G>N,0,0.28321588
train-clinvar+pg_dms__transformer__seed43,PMS2,P43246:174:G>P,1,0.9652802
train-clinvar+pg_dms__transformer__seed43,PMS2,P43246:174:G>Q,0,0.10499776
train-clinvar+pg_dms__transformer__seed43,PMS2,P43246:174:G>R,0,0.31354293
train-clinvar+pg_dms__transformer__seed43,PMS2,P43246:174:G>S,0,0.013772573
train-clinvar+pg_dms__transformer__seed43,PMS2,P43246:174:G>T,0,0.115465865
train-clinvar+pg_dms__transformer__seed43,PMS2,P43246:174:G>V,0,0.037546217
train-clinvar+pg_dms__transformer__seed43,PMS2,P43246:174:G>W,0,0.47307268
train-clinvar+pg_dms__transformer__seed43,PMS2,P43246:174:G>Y,0,0.079342596
train-clinvar+pg_dms__transformer__seed43,PMS2,P43246:174:G>A,0,0.007927675
train-clinvar+pg_dms__transformer__seed43,PMS2,P43246:174:G>C,0,0.009132892
train-clinvar+pg_dms__transformer__seed43,PMS2,P43246:174:G>D,0,0.5533419
train-clinvar+pg_dms__transformer__seed43,PMS2,P43246:174:G>E,0,0.33004004
train-clinvar+pg_dms__transformer__seed43,PMS2,P43246:174:G>F,0,0.18828225
train-clinvar+pg_dms__transformer__seed43,PMS2,P43246:174:G>I,0,0.043315876
train-clinvar+pg_dms__transformer__seed43,PMS2,P43246:174:G>K,0,0.5725115
train-clinvar+pg_dms__transformer__seed43,PMS2,P43246:174:G>M,0,0.43692046
train-clinvar+pg_dms__transformer__seed43,PMS2,P43246:174:G>H,0,0.18612292
train-clinvar+pg_dms__transformer__seed43,PMS2,P43246:179:P>F,0,0.020844627
train-clinvar+pg_dms__transformer__seed43,PMS2,P43246:179:P>G,0,0.012160303
train-clinvar+pg_dms__transformer__seed43,PMS2,P43246:179:P>H,0,0.042375762
train-clinvar+pg_dms__transformer__seed43,PMS2,P43246:179:P>I,0,0.008877172
train-clinvar+pg_dms__transformer__seed43,PMS2,P43246:179:P>K,0,0.045648556
train-clinvar+pg_dms__transformer__seed43,PMS2,P43246:179:P>E,0,0.024820263
train-clinvar+pg_dms__transformer__seed43,PMS2,P43246:179:P>L,0,0.015065579
train-clinvar+pg_dms__transformer__seed43,PMS2,P43246:179:P>A,0,0.0062605566
train-clinvar+pg_dms__transformer__seed43,PMS2,P43246:179:P>Y,0,0.015672613
train-clinvar+pg_dms__transformer__seed43,PMS2,P43246:179:P>W,0,0.28569603
train-clinvar+pg_dms__transformer__seed43,PMS2,P43246:179:P>V,0,0.018888181
train-clinvar+pg_dms__transformer__seed43,PMS2,P43246:179:P>D,0,0.025685256
train-clinvar+pg_dms__transformer__seed43,PMS2,P43246:179:P>S,0,0.006237345
train-clinvar+pg_dms__transformer__seed43,PMS2,P43246:179:P>R,0,0.018522954
train-clinvar+pg_dms__transformer__seed43,PMS2,P43246:179:P>Q,0,0.012996894
train-clinvar+pg_dms__transformer__seed43,PMS2,P43246:179:P>M,0,0.17432494
train-clinvar+pg_dms__transformer__seed43,PMS2,P43246:179:P>N,0,0.019830097
train-clinvar+pg_dms__transformer__seed43,PMS2,P43246:179:P>T,0,0.031044135
train-clinvar+pg_dms__transformer__seed43,PMS2,P43246:180:D>S,0,0.23469543
train-clinvar+pg_dms__transformer__seed43,PMS2,P43246:180:D>T,0,0.50668585
train-clinvar+pg_dms__transformer__seed43,PMS2,P43246:180:D>V,0,0.48435673
train-clinvar+pg_dms__transformer__seed43,PMS2,P43246:180:D>W,0,0.60294837
train-clinvar+pg_dms__transformer__seed43,PMS2,P43246:180:D>P,0,0.8205927
train-clinvar+pg_dms__transformer__seed43,PMS2,P43246:180:D>K,1,0.5588867
train-clinvar+pg_dms__transformer__seed43,PMS2,P43246:180:D>L,0,0.40891498
train-clinvar+pg_dms__transformer__seed43,PMS2,P43246:180:D>C,0,0.34548467
train-clinvar+pg_dms__transformer__seed43,PMS2,P43246:180:D>F,0,0.48565876
train-clinvar+pg_dms__transformer__seed43,PMS2,P43246:180:D>G,0,0.48777118
train-clinvar+pg_dms__transformer__seed43,PMS2,P43246:180:D>I,0,0.39510682
train-clinvar+pg_dms__transformer__seed43,PMS2,P43246:180:D>M,0,0.5903877
train-clinvar+pg_dms__transformer__seed43,PMS2,P43246:180:D>E,0,0.08750555
train-clinvar+pg_dms__transformer__seed43,PMS2,P43246:180:D>Y,0,0.51059186
train-clinvar+pg_dms__transformer__seed43,PMS2,P43246:180:D>R,1,0.5603324
train-clinvar+pg_dms__transformer__seed43,PMS2,P43246:180:D>Q,0,0.5561039
train-clinvar+pg_dms__transformer__seed43,PMS2,P43246:182:D>C,0,0.049001437
train-clinvar+pg_dms__transformer__seed43,PMS2,P43246:182:D>A,0,0.01813721
train-clinvar+pg_dms__transformer__seed43,PMS2,P43246:182:D>K,0,0.118222564
train-clinvar+pg_dms__transformer__seed43,PMS2,P43246:182:D>G,0,0.045416437
train-clinvar+pg_dms__transformer__seed43,PMS2,P43246:182:D>L,0,0.035182994
train-clinvar+pg_dms__transformer__seed43,PMS2,P43246:182:D>M,0,0.42356396
train-clinvar+pg_dms__transformer__seed43,PMS2,P43246:182:D>P,0,0.40106335
train-clinvar+pg_dms__transformer__seed43,PMS2,P43246:182:D>F,0,0.1103037
train-clinvar+pg_dms__transformer__seed43,PMS2,P43246:182:D>Y,0,0.0404903
train-clinvar+pg_dms__transformer__seed43,PMS2,P43246:182:D>Q,0,0.043367527
train-clinvar+pg_dms__transformer__seed43,PMS2,P43246:182:D>V,0,0.044513598
train-clinvar+pg_dms__transformer__seed43,PMS2,P43246:182:D>T,0,0.13250662
train-clinvar+pg_dms__transformer__seed43,PMS2,P43246:182:D>S,0,0.015224475
train-clinvar+pg_dms__transformer__seed43,PMS2,P43246:182:D>R,0,0.0678217
train-clinvar+pg_dms__transformer__seed43,PMS2,P43246:182:D>I,0,0.038681768
train-clinvar+pg_dms__transformer__seed43,PMS2,P43246:182:D>W,0,0.42779744
train-clinvar+pg_dms__transformer__seed43,PMS2,P43246:183:Q>R,0,0.040416956
train-clinvar+pg_dms__transformer__seed43,PMS2,P43246:183:Q>W,0,0.3892902
train-clinvar+pg_dms__transformer__seed43,PMS2,P43246:183:Q>V,0,0.013392937
train-clinvar+pg_dms__transformer__seed43,PMS2,P43246:183:Q>T,0,0.032575794
train-clinvar+pg_dms__transformer__seed43,PMS2,P43246:183:Q>S,0,0.008738677
train-clinvar+pg_dms__transformer__seed43,PMS2,P43246:183:Q>P,0,0.21812646
train-clinvar+pg_dms__transformer__seed43,PMS2,P43246:183:Q>A,0,0.004374998
train-clinvar+pg_dms__transformer__seed43,PMS2,P43246:183:Q>M,0,0.26860708
train-clinvar+pg_dms__transformer__seed43,PMS2,P43246:183:Q>N,0,0.0057999967
train-clinvar+pg_dms__transformer__seed43,PMS2,P43246:183:Q>Y,0,0.014091013
train-clinvar+pg_dms__transformer__seed43,PMS2,P43246:183:Q>D,0,0.074211255
train-clinvar+pg_dms__transformer__seed43,PMS2,P43246:183:Q>E,0,0.017945139
train-clinvar+pg_dms__transformer__seed43,PMS2,P43246:183:Q>F,0,0.057632495
train-clinvar+pg_dms__transformer__seed43,PMS2,P43246:183:Q>C,0,0.013848943
train-clinvar+pg_dms__transformer__seed43,PMS2,P43246:183:Q>H,0,0.02504016
train-clinvar+pg_dms__transformer__seed43,PMS2,P43246:183:Q>I,0,0.0120466035
train-clinvar+pg_dms__transformer__seed43,PMS2,P43246:183:Q>K,0,0.061113365
train-clinvar+pg_dms__transformer__seed43,PMS2,P43246:183:Q>L,0,0.008508495
train-clinvar+pg_dms__transformer__seed43,PMS2,P43246:183:Q>G,0,0.022259012
train-clinvar+pg_dms__transformer__seed43,PMS2,P43246:187:L>K,1,0.7266132
train-clinvar+pg_dms__transformer__seed43,PMS2,P43246:187:L>M,0,0.2738223
train-clinvar+pg_dms__transformer__seed43,PMS2,P43246:187:L>N,1,0.72389174
train-clinvar+pg_dms__transformer__seed43,PMS2,P43246:187:L>A,0,0.129583
train-clinvar+pg_dms__transformer__seed43,PMS2,P43246:187:L>Q,1,0.7066427
train-clinvar+pg_dms__transformer__seed43,PMS2,P43246:187:L>S,0,0.65547276
train-clinvar+pg_dms__transformer__seed43,PMS2,P43246:187:L>T,0,0.16593891
train-clinvar+pg_dms__transformer__seed43,PMS2,P43246:187:L>V,0,0.05274911
train-clinvar+pg_dms__transformer__seed43,PMS2,P43246:187:L>W,0,0.5729006
train-clinvar+pg_dms__transformer__seed43,PMS2,P43246:187:L>G,1,0.76237535
train-clinvar+pg_dms__transformer__seed43,PMS2,P43246:187:L>E,1,0.80948937
train-clinvar+pg_dms__transformer__seed43,PMS2,P43246:187:L>D,1,0.8363641
train-clinvar+pg_dms__transformer__seed43,PMS2,P43246:187:L>C,0,0.17526275
train-clinvar+pg_dms__transformer__seed43,PMS2,P43246:187:L>H,1,0.7311393
train-clinvar+pg_dms__transformer__seed43,PMS2,P43246:188:E>T,0,0.39639857
train-clinvar+pg_dms__transformer__seed43,PMS2,P43246:188:E>I,1,0.3956943
train-clinvar+pg_dms__transformer__seed43,PMS2,P43246:188:E>H,0,0.38272682
train-clinvar+pg_dms__transformer__seed43,PMS2,P43246:188:E>G,0,0.20246157
train-clinvar+pg_dms__transformer__seed43,PMS2,P43246:188:E>F,0,0.49058625
train-clinvar+pg_dms__transformer__seed43,PMS2,P43246:188:E>K,0,0.45323944
train-clinvar+pg_dms__transformer__seed43,PMS2,P43246:188:E>S,0,0.17396969
train-clinvar+pg_dms__transformer__seed43,PMS2,P43246:188:E>D,0,0.18123092
train-clinvar+pg_dms__transformer__seed43,PMS2,P43246:188:E>R,0,0.5809495
train-clinvar+pg_dms__transformer__seed43,PMS2,P43246:188:E>V,0,0.4388809
train-clinvar+pg_dms__transformer__seed43,PMS2,P43246:188:E>W,0,0.6109643
train-clinvar+pg_dms__transformer__seed43,PMS2,P43246:188:E>M,0,0.5501985
train-clinvar+pg_dms__transformer__seed43,PMS2,P43246:188:E>N,0,0.3638356
train-clinvar+pg_dms__transformer__seed43,PMS2,P43246:188:E>P,1,0.86187845
train-clinvar+pg_dms__transformer__seed43,PMS2,P43246:188:E>A,0,0.09635292
train-clinvar+pg_dms__transformer__seed43,PMS2,P43246:188:E>Y,1,0.47168562
train-clinvar+pg_dms__transformer__seed43,PMS2,P43246:188:E>L,0,0.363246
train-clinvar+pg_dms__transformer__seed43,PMS2,P43246:195:G>C,0,0.012029432
train-clinvar+pg_dms__transformer__seed43,PMS2,P43246:195:G>A,0,0.022034813
train-clinvar+pg_dms__transformer__seed43,PMS2,P43246:195:G>D,0,0.22044542
train-clinvar+pg_dms__transformer__seed43,PMS2,P43246:195:G>E,0,0.23801872
train-clinvar+pg_dms__transformer__seed43,PMS2,P43246:195:G>F,0,0.41477087
train-clinvar+pg_dms__transformer__seed43,PMS2,P43246:195:G>H,0,0.3134741
train-clinvar+pg_dms__transformer__seed43,PMS2,P43246:195:G>I,1,0.302558
train-clinvar+pg_dms__transformer__seed43,PMS2,P43246:195:G>K,0,0.40373853
train-clinvar+pg_dms__transformer__seed43,PMS2,P43246:195:G>L,0,0.18371873
train-clinvar+pg_dms__transformer__seed43,PMS2,P43246:195:G>N,0,0.05264902
train-clinvar+pg_dms__transformer__seed43,PMS2,P43246:195:G>P,1,0.90609056
train-clinvar+pg_dms__transformer__seed43,PMS2,P43246:195:G>M,0,0.4450094
train-clinvar+pg_dms__transformer__seed43,PMS2,P43246:195:G>R,0,0.4419618
train-clinvar+pg_dms__transformer__seed43,PMS2,P43246:195:G>S,0,0.010677763
train-clinvar+pg_dms__transformer__seed43,PMS2,P43246:195:G>T,0,0.15192582
train-clinvar+pg_dms__transformer__seed43,PMS2,P43246:195:G>V,0,0.16132528
train-clinvar+pg_dms__transformer__seed43,PMS2,P43246:195:G>W,0,0.49591064
train-clinvar+pg_dms__transformer__seed43,PMS2,P43246:195:G>Y,0,0.29971784
train-clinvar+pg_dms__transformer__seed43,PMS2,P43246:195:G>Q,0,0.08257953
train-clinvar+pg_dms__transformer__seed43,PMS2,P43246:204:G>A,0,0.009574264
train-clinvar+pg_dms__transformer__seed43,PMS2,P43246:204:G>L,0,0.021094818
train-clinvar+pg_dms__transformer__seed43,PMS2,P43246:204:G>D,0,0.08581707
train-clinvar+pg_dms__transformer__seed43,PMS2,P43246:204:G>M,0,0.34763247
train-clinvar+pg_dms__transformer__seed43,PMS2,P43246:204:G>C,0,0.0070625083
train-clinvar+pg_dms__transformer__seed43,PMS2,P43246:204:G>T,0,0.048746657
train-clinvar+pg_dms__transformer__seed43,PMS2,P43246:204:G>N,0,0.038330533
train-clinvar+pg_dms__transformer__seed43,PMS2,P43246:204:G>P,0,0.35473034
train-clinvar+pg_dms__transformer__seed43,PMS2,P43246:204:G>Q,0,0.05068266
train-clinvar+pg_dms__transformer__seed43,PMS2,P43246:204:G>R,0,0.12720376
train-clinvar+pg_dms__transformer__seed43,PMS2,P43246:204:G>S,0,0.017874202
train-clinvar+pg_dms__transformer__seed43,PMS2,P43246:204:G>V,0,0.027225183
train-clinvar+pg_dms__transformer__seed43,PMS2,P43246:204:G>W,0,0.36294794
train-clinvar+pg_dms__transformer__seed43,PMS2,P43246:204:G>Y,0,0.051588964
train-clinvar+pg_dms__transformer__seed43,PMS2,P43246:204:G>I,0,0.03925107
train-clinvar+pg_dms__transformer__seed43,PMS2,P43246:204:G>H,0,0.26031014
train-clinvar+pg_dms__transformer__seed43,PMS2,P43246:204:G>F,0,0.05110434
train-clinvar+pg_dms__transformer__seed43,PMS2,P43246:208:G>S,0,0.009719128
train-clinvar+pg_dms__transformer__seed43,PMS2,P43246:208:G>V,0,0.016535837
train-clinvar+pg_dms__transformer__seed43,PMS2,P43246:208:G>Q,0,0.030826587
train-clinvar+pg_dms__transformer__seed43,PMS2,P43246:208:G>R,0,0.020025257
train-clinvar+pg_dms__transformer__seed43,PMS2,P43246:208:G>W,0,0.30976555
train-clinvar+pg_dms__transformer__seed43,PMS2,P43246:208:G>A,0,0.008508213
train-clinvar+pg_dms__transformer__seed43,PMS2,P43246:208:G>T,0,0.026411273
train-clinvar+pg_dms__transformer__seed43,PMS2,P43246:208:G>C,0,0.006395486
train-clinvar+pg_dms__transformer__seed43,PMS2,P43246:208:G>D,0,0.03505359
train-clinvar+pg_dms__transformer__seed43,PMS2,P43246:208:G>E,0,0.028580686
train-clinvar+pg_dms__transformer__seed43,PMS2,P43246:208:G>H,0,0.07755162
train-clinvar+pg_dms__transformer__seed43,PMS2,P43246:208:G>I,0,0.008748646
train-clinvar+pg_dms__transformer__seed43,PMS2,P43246:208:G>K,0,0.10797298
train-clinvar+pg_dms__transformer__seed43,PMS2,P43246:208:G>L,0,0.0065543433
train-clinvar+pg_dms__transformer__seed43,PMS2,P43246:208:G>M,0,0.354078
train-clinvar+pg_dms__transformer__seed43,PMS2,P43246:208:G>P,0,0.18190518
train-clinvar+pg_dms__transformer__seed43,PMS2,P43246:217:I>A,0,0.05076249
train-clinvar+pg_dms__transformer__seed43,PMS2,P43246:217:I>G,0,0.3980291
train-clinvar+pg_dms__transformer__seed43,PMS2,P43246:217:I>D,1,0.63050044
train-clinvar+pg_dms__transformer__seed43,PMS2,P43246:217:I>C,0,0.04213189
train-clinvar+pg_dms__transformer__seed43,PMS2,P43246:217:I>L,0,0.0077427994
train-clinvar+pg_dms__transformer__seed43,PMS2,P43246:217:I>M,0,0.19900964
train-clinvar+pg_dms__transformer__seed43,PMS2,P43246:217:I>N,0,0.37788394
train-clinvar+pg_dms__transformer__seed43,PMS2,P43246:217:I>P,0,0.73722607
train-clinvar+pg_dms__transformer__seed43,PMS2,P43246:217:I>R,1,0.54960173
train-clinvar+pg_dms__transformer__seed43,PMS2,P43246:217:I>K,1,0.33978978
train-clinvar+pg_dms__transformer__seed43,PMS2,P43246:217:I>T,0,0.12236308
train-clinvar+pg_dms__transformer__seed43,PMS2,P43246:217:I>V,0,0.03413787
train-clinvar+pg_dms__transformer__seed43,PMS2,P43246:217:I>W,0,0.51769054
train-clinvar+pg_dms__transformer__seed43,PMS2,P43246:217:I>H,0,0.3527186
train-clinvar+pg_dms__transformer__seed43,PMS2,P43246:217:I>F,0,0.009813221
train-clinvar+pg_dms__transformer__seed43,PMS2,P43246:217:I>E,1,0.61555445
train-clinvar+pg_dms__transformer__seed43,PMS2,P43246:217:I>S,0,0.09540406
train-clinvar+pg_dms__transformer__seed43,PMS2,P43246:229:K>A,0,0.05337193
train-clinvar+pg_dms__transformer__seed43,PMS2,P43246:229:K>C,0,0.075232014
train-clinvar+pg_dms__transformer__seed43,PMS2,P43246:229:K>D,0,0.19854094
train-clinvar+pg_dms__transformer__seed43,PMS2,P43246:229:K>H,1,0.13500334
train-clinvar+pg_dms__transformer__seed43,PMS2,P43246:229:K>L,0,0.10295725
train-clinvar+pg_dms__transformer__seed43,PMS2,P43246:229:K>N,0,0.13842283
train-clinvar+pg_dms__transformer__seed43,PMS2,P43246:229:K>Q,0,0.021295898
train-clinvar+pg_dms__transformer__seed43,PMS2,P43246:229:K>T,0,0.1179741
train-clinvar+pg_dms__transformer__seed43,PMS2,P43246:229:K>P,0,0.5312377
train-clinvar+pg_dms__transformer__seed43,PMS2,P43246:229:K>V,0,0.16303927
train-clinvar+pg_dms__transformer__seed43,PMS2,P43246:230:A>W,0,0.47565424
train-clinvar+pg_dms__transformer__seed43,PMS2,P43246:230:A>E,0,0.15742685
train-clinvar+pg_dms__transformer__seed43,PMS2,P43246:230:A>V,0,0.025715314
train-clinvar+pg_dms__transformer__seed43,PMS2,P43246:230:A>T,0,0.057681877
train-clinvar+pg_dms__transformer__seed43,PMS2,P43246:230:A>S,0,0.012923345
train-clinvar+pg_dms__transformer__seed43,PMS2,P43246:230:A>R,0,0.29075304
train-clinvar+pg_dms__transformer__seed43,PMS2,P43246:230:A>Q,0,0.033085946
train-clinvar+pg_dms__transformer__seed43,PMS2,P43246:230:A>F,0,0.057707697
train-clinvar+pg_dms__transformer__seed43,PMS2,P43246:230:A>I,0,0.023170996
train-clinvar+pg_dms__transformer__seed43,PMS2,P43246:230:A>K,0,0.28837
train-clinvar+pg_dms__transformer__seed43,PMS2,P43246:230:A>L,0,0.019864004
train-clinvar+pg_dms__transformer__seed43,PMS2,P43246:230:A>M,0,0.29097408
train-clinvar+pg_dms__transformer__seed43,PMS2,P43246:230:A>N,0,0.03591618
train-clinvar+pg_dms__transformer__seed43,PMS2,P43246:230:A>P,0,0.13552435
train-clinvar+pg_dms__transformer__seed43,PMS2,P43246:230:A>H,0,0.15651321
train-clinvar+pg_dms__transformer__seed43,PMS2,P43246:230:A>Y,0,0.07231586
train-clinvar+pg_dms__transformer__seed43,PMS2,P43246:230:A>C,0,0.022591485
train-clinvar+pg_dms__transformer__seed43,PMS2,P43246:234:T>Q,0,0.008007273
train-clinvar+pg_dms__transformer__seed43,PMS2,P43246:234:T>K,0,0.020018665
train-clinvar+pg_dms__transformer__seed43,PMS2,P43246:234:T>L,0,0.0060428577
train-clinvar+pg_dms__transformer__seed43,PMS2,P43246:234:T>F,0,0.010054172
train-clinvar+pg_dms__transformer__seed43,PMS2,P43246:234:T>N,0,0.0058227386
train-clinvar+pg_dms__transformer__seed43,PMS2,P43246:234:T>M,0,0.1402719
train-clinvar+pg_dms__transformer__seed43,PMS2,P43246:234:T>P,0,0.03733047
train-clinvar+pg_dms__transformer__seed43,PMS2,P43246:234:T>R,0,0.013178869
train-clinvar+pg_dms__transformer__seed43,PMS2,P43246:234:T>S,0,0.006666692
train-clinvar+pg_dms__transformer__seed43,PMS2,P43246:234:T>G,0,0.006143886
train-clinvar+pg_dms__transformer__seed43,PMS2,P43246:234:T>W,0,0.34245402
train-clinvar+pg_dms__transformer__seed43,PMS2,P43246:234:T>A,0,0.010727463
train-clinvar+pg_dms__transformer__seed43,PMS2,P43246:234:T>C,0,0.0068320064
train-clinvar+pg_dms__transformer__seed43,PMS2,P43246:234:T>D,0,0.023248496
train-clinvar+pg_dms__transformer__seed43,PMS2,P43246:234:T>V,0,0.008882124
train-clinvar+pg_dms__transformer__seed43,PMS2,P43246:234:T>E,0,0.019942274
train-clinvar+pg_dms__transformer__seed43,PMS2,P43246:234:T>Y,0,0.012245473
train-clinvar+pg_dms__transformer__seed43,PMS2,P43246:234:T>I,0,0.02505883
train-clinvar+pg_dms__transformer__seed43,PMS2,P43246:241:L>A,0,0.38823473
train-clinvar+pg_dms__transformer__seed43,PMS2,P43246:241:L>W,0,0.6086131
train-clinvar+pg_dms__transformer__seed43,PMS2,P43246:241:L>Y,0,0.5220931
train-clinvar+pg_dms__transformer__seed43,PMS2,P43246:241:L>V,0,0.08312034
train-clinvar+pg_dms__transformer__seed43,PMS2,P43246:241:L>M,0,0.34551558
train-clinvar+pg_dms__transformer__seed43,PMS2,P43246:241:L>S,0,0.8160608
train-clinvar+pg_dms__transformer__seed43,PMS2,P43246:241:L>R,1,0.948525
train-clinvar+pg_dms__transformer__seed43,PMS2,P43246:241:L>Q,0,0.6119431
train-clinvar+pg_dms__transformer__seed43,PMS2,P43246:241:L>P,1,0.89798194
train-clinvar+pg_dms__transformer__seed43,PMS2,P43246:241:L>I,0,0.030428773
train-clinvar+pg_dms__transformer__seed43,PMS2,P43246:241:L>G,0,0.85082996
train-clinvar+pg_dms__transformer__seed43,PMS2,P43246:241:L>F,0,0.16085675
train-clinvar+pg_dms__transformer__seed43,PMS2,P43246:241:L>D,1,0.7657975
train-clinvar+pg_dms__transformer__seed43,PMS2,P43246:241:L>C,0,0.20481741
train-clinvar+pg_dms__transformer__seed43,PMS2,P43246:241:L>T,0,0.5641926
train-clinvar+pg_dms__transformer__seed43,PMS2,P43246:248:K>W,0,0.19780542
train-clinvar+pg_dms__transformer__seed43,PMS2,P43246:248:K>N,0,0.0067085163
train-clinvar+pg_dms__transformer__seed43,PMS2,P43246:248:K>P,0,0.09904028
train-clinvar+pg_dms__transformer__seed43,PMS2,P43246:248:K>I,0,0.0049475185
train-clinvar+pg_dms__transformer__seed43,PMS2,P43246:248:K>H,0,0.013173005
train-clinvar+pg_dms__transformer__seed43,PMS2,P43246:248:K>G,0,0.004713575
train-clinvar+pg_dms__transformer__seed43,PMS2,P43246:248:K>F,0,0.015410706
train-clinvar+pg_dms__transformer__seed43,PMS2,P43246:248:K>E,0,0.008534347
train-clinvar+pg_dms__transformer__seed43,PMS2,P43246:248:K>C,0,0.0075272126
train-clinvar+pg_dms__transformer__seed43,PMS2,P43246:248:K>A,0,0.006348787
train-clinvar+pg_dms__transformer__seed43,PMS2,P43246:248:K>M,0,0.15214309
train-clinvar+pg_dms__transformer__seed43,PMS2,P43246:248:K>Y,0,0.011675467
train-clinvar+pg_dms__transformer__seed43,PMS2,P43246:248:K>D,0,0.007722691
train-clinvar+pg_dms__transformer__seed43,PMS2,P43246:248:K>R,0,0.0059017595
train-clinvar+pg_dms__transformer__seed43,PMS2,P43246:248:K>L,0,0.0070218095
train-clinvar+pg_dms__transformer__seed43,PMS2,P43246:248:K>S,0,0.0034795033
train-clinvar+pg_dms__transformer__seed43,PMS2,P43246:248:K>T,0,0.010952556
train-clinvar+pg_dms__transformer__seed43,PMS2,P43246:248:K>V,0,0.017444512
train-clinvar+pg_dms__transformer__seed43,PMS2,P43246:256:A>K,0,0.065518245
train-clinvar+pg_dms__transformer__seed43,PMS2,P43246:256:A>F,0,0.02273262
train-clinvar+pg_dms__transformer__seed43,PMS2,P43246:256:A>G,0,0.021970123
train-clinvar+pg_dms__transformer__seed43,PMS2,P43246:256:A>Y,0,0.04433755
train-clinvar+pg_dms__transformer__seed43,PMS2,P43246:256:A>W,0,0.3973918
train-clinvar+pg_dms__transformer__seed43,PMS2,P43246:256:A>T,0,0.06596353
train-clinvar+pg_dms__transformer__seed43,PMS2,P43246:256:A>S,0,0.0082039405
train-clinvar+pg_dms__transformer__seed43,PMS2,P43246:256:A>R,0,0.03593226
train-clinvar+pg_dms__transformer__seed43,PMS2,P43246:256:A>Q,0,0.020529302
train-clinvar+pg_dms__transformer__seed43,PMS2,P43246:256:A>P,0,0.11397866
train-clinvar+pg_dms__transformer__seed43,PMS2,P43246:256:A>N,0,0.012648849
train-clinvar+pg_dms__transformer__seed43,PMS2,P43246:256:A>D,0,0.06294393
train-clinvar+pg_dms__transformer__seed43,PMS2,P43246:256:A>H,0,0.12827332
train-clinvar+pg_dms__transformer__seed43,PMS2,P43246:256:A>M,0,0.23368955
train-clinvar+pg_dms__transformer__seed43,PMS2,P43246:256:A>L,0,0.006808705
train-clinvar+pg_dms__transformer__seed43,PMS2,P43246:256:A>I,0,0.022980448
train-clinvar+pg_dms__transformer__seed43,PMS2,P43246:256:A>E,0,0.041898362
train-clinvar+pg_dms__transformer__seed43,PMS2,P43246:259:P>W,0,0.4243746
train-clinvar+pg_dms__transformer__seed43,PMS2,P43246:259:P>D,0,0.07315234
train-clinvar+pg_dms__transformer__seed43,PMS2,P43246:259:P>A,0,0.014277719
train-clinvar+pg_dms__transformer__seed43,PMS2,P43246:259:P>C,0,0.051603664
train-clinvar+pg_dms__transformer__seed43,PMS2,P43246:259:P>Y,0,0.075860284
train-clinvar+pg_dms__transformer__seed43,PMS2,P43246:259:P>E,0,0.059752863
train-clinvar+pg_dms__transformer__seed43,PMS2,P43246:259:P>F,0,0.09209436
train-clinvar+pg_dms__transformer__seed43,PMS2,P43246:259:P>G,0,0.03339004
train-clinvar+pg_dms__transformer__seed43,PMS2,P43246:259:P>I,0,0.05687737
train-clinvar+pg_dms__transformer__seed43,PMS2,P43246:259:P>K,0,0.05342023
train-clinvar+pg_dms__transformer__seed43,PMS2,P43246:259:P>H,0,0.09765995
train-clinvar+pg_dms__transformer__seed43,PMS2,P43246:259:P>M,0,0.256259
train-clinvar+pg_dms__transformer__seed43,PMS2,P43246:259:P>N,0,0.055184145
train-clinvar+pg_dms__transformer__seed43,PMS2,P43246:259:P>Q,0,0.02485111
train-clinvar+pg_dms__transformer__seed43,PMS2,P43246:259:P>R,0,0.025749497
train-clinvar+pg_dms__transformer__seed43,PMS2,P43246:259:P>S,0,0.022143655
train-clinvar+pg_dms__transformer__seed43,PMS2,P43246:259:P>T,0,0.08908345
train-clinvar+pg_dms__transformer__seed43,PMS2,P43246:259:P>V,0,0.05318098
train-clinvar+pg_dms__transformer__seed43,PMS2,P43246:259:P>L,0,0.024417194
train-clinvar+pg_dms__transformer__seed43,PMS2,P43246:261:M>C,0,0.19808692
train-clinvar+pg_dms__transformer__seed43,PMS2,P43246:261:M>A,0,0.117850155
train-clinvar+pg_dms__transformer__seed43,PMS2,P43246:261:M>N,0,0.30783206
train-clinvar+pg_dms__transformer__seed43,PMS2,P43246:261:M>P,0,0.8373032
train-clinvar+pg_dms__transformer__seed43,PMS2,P43246:261:M>S,0,0.25887653
train-clinvar+pg_dms__transformer__seed43,PMS2,P43246:261:M>R,0,0.15600795
train-clinvar+pg_dms__transformer__seed43,PMS2,P43246:261:M>D,0,0.49509025
train-clinvar+pg_dms__transformer__seed43,PMS2,P43246:261:M>T,0,0.16065927
train-clinvar+pg_dms__transformer__seed43,PMS2,P43246:261:M>Y,0,0.29900774
train-clinvar+pg_dms__transformer__seed43,PMS2,P43246:261:M>Q,0,0.1483552
train-clinvar+pg_dms__transformer__seed43,PMS2,P43246:261:M>E,0,0.4810893
train-clinvar+pg_dms__transformer__seed43,PMS2,P43246:261:M>W,1,0.6531086
train-clinvar+pg_dms__transformer__seed43,PMS2,P43246:261:M>G,0,0.33277878
train-clinvar+pg_dms__transformer__seed43,PMS2,P43246:261:M>F,0,0.14751036
train-clinvar+pg_dms__transformer__seed43,PMS2,P43246:261:M>I,0,0.15434653
train-clinvar+pg_dms__transformer__seed43,PMS2,P43246:261:M>H,0,0.46295348
train-clinvar+pg_dms__transformer__seed43,PMS2,P43246:261:M>K,0,0.15781514
train-clinvar+pg_dms__transformer__seed43,PMS2,P43246:269:S>N,1,0.78611344
train-clinvar+pg_dms__transformer__seed43,PMS2,P43246:269:S>Y,1,0.83603275
train-clinvar+pg_dms__transformer__seed43,PMS2,P43246:269:S>W,1,0.7000699
train-clinvar+pg_dms__transformer__seed43,PMS2,P43246:269:S>V,0,0.32958046
train-clinvar+pg_dms__transformer__seed43,PMS2,P43246:269:S>T,0,0.20806281
train-clinvar+pg_dms__transformer__seed43,PMS2,P43246:269:S>R,1,0.9220662
train-clinvar+pg_dms__transformer__seed43,PMS2,P43246:269:S>P,0,0.7530926
train-clinvar+pg_dms__transformer__seed43,PMS2,P43246:269:S>M,1,0.5827443
train-clinvar+pg_dms__transformer__seed43,PMS2,P43246:269:S>Q,1,0.8272123
train-clinvar+pg_dms__transformer__seed43,PMS2,P43246:269:S>K,1,0.7954461
train-clinvar+pg_dms__transformer__seed43,PMS2,P43246:269:S>C,0,0.014227701
train-clinvar+pg_dms__transformer__seed43,PMS2,P43246:269:S>D,1,0.86056536
train-clinvar+pg_dms__transformer__seed43,PMS2,P43246:269:S>F,1,0.8843515
train-clinvar+pg_dms__transformer__seed43,PMS2,P43246:269:S>A,0,0.028194772
train-clinvar+pg_dms__transformer__seed43,PMS2,P43246:269:S>H,1,0.69270957
train-clinvar+pg_dms__transformer__seed43,PMS2,P43246:269:S>I,1,0.6933269
train-clinvar+pg_dms__transformer__seed43,PMS2,P43246:269:S>G,0,0.040769964
train-clinvar+pg_dms__transformer__seed43,PMS2,P43246:272:A>S,0,0.03288304
train-clinvar+pg_dms__transformer__seed43,PMS2,P43246:272:A>R,1,0.9894951
train-clinvar+pg_dms__transformer__seed43,PMS2,P43246:272:A>Q,0,0.94158405
train-clinvar+pg_dms__transformer__seed43,PMS2,P43246:272:A>P,0,0.98546314
train-clinvar+pg_dms__transformer__seed43,PMS2,P43246:272:A>M,0,0.86590534
train-clinvar+pg_dms__transformer__seed43,PMS2,P43246:272:A>K,1,0.95637894
train-clinvar+pg_dms__transformer__seed43,PMS2,P43246:272:A>I,1,0.957397
train-clinvar+pg_dms__transformer__seed43,PMS2,P43246:272:A>H,0,0.9353784
train-clinvar+pg_dms__transformer__seed43,PMS2,P43246:272:A>W,1,0.92049176
train-clinvar+pg_dms__transformer__seed43,PMS2,P43246:272:A>D,0,0.99409
train-clinvar+pg_dms__transformer__seed43,PMS2,P43246:272:A>G,0,0.083720796
train-clinvar+pg_dms__transformer__seed43,PMS2,P43246:272:A>C,0,0.2642069
train-clinvar+pg_dms__transformer__seed43,PMS2,P43246:272:A>L,0,0.9390066
train-clinvar+pg_dms__transformer__seed43,PMS2,P43246:276:F>L,0,0.66317225
train-clinvar+pg_dms__transformer__seed43,PMS2,P43246:276:F>A,0,0.50333023
train-clinvar+pg_dms__transformer__seed43,PMS2,P43246:276:F>D,0,0.8581687
train-clinvar+pg_dms__transformer__seed43,PMS2,P43246:276:F>E,0,0.8232056
train-clinvar+pg_dms__transformer__seed43,PMS2,P43246:276:F>G,0,0.755073
train-clinvar+pg_dms__transformer__seed43,PMS2,P43246:276:F>H,0,0.30829346
train-clinvar+pg_dms__transformer__seed43,PMS2,P43246:276:F>T,0,0.6002126
train-clinvar+pg_dms__transformer__seed43,PMS2,P43246:276:F>S,0,0.49759743
train-clinvar+pg_dms__transformer__seed43,PMS2,P43246:276:F>I,0,0.265491
train-clinvar+pg_dms__transformer__seed43,PMS2,P43246:276:F>Q,0,0.5257569
train-clinvar+pg_dms__transformer__seed43,PMS2,P43246:276:F>P,1,0.89285237
train-clinvar+pg_dms__transformer__seed43,PMS2,P43246:276:F>N,0,0.4091728
train-clinvar+pg_dms__transformer__seed43,PMS2,P43246:276:F>M,0,0.5102249
train-clinvar+pg_dms__transformer__seed43,PMS2,P43246:276:F>K,0,0.6066985
train-clinvar+pg_dms__transformer__seed43,PMS2,P43246:276:F>R,0,0.875826
train-clinvar+pg_dms__transformer__seed43,PMS2,P43246:276:F>V,0,0.17149788
train-clinvar+pg_dms__transformer__seed43,PMS2,P43246:276:F>Y,0,0.0063152565
train-clinvar+pg_dms__transformer__seed43,PMS2,P43246:277:L>T,0,0.37982047
train-clinvar+pg_dms__transformer__seed43,PMS2,P43246:277:L>A,0,0.15739235
train-clinvar+pg_dms__transformer__seed43,PMS2,P43246:277:L>C,0,0.17141931
train-clinvar+pg_dms__transformer__seed43,PMS2,P43246:277:L>E,0,0.7705503
train-clinvar+pg_dms__transformer__seed43,PMS2,P43246:277:L>F,0,0.35772103
train-clinvar+pg_dms__transformer__seed43,PMS2,P43246:277:L>G,0,0.7521683
train-clinvar+pg_dms__transformer__seed43,PMS2,P43246:277:L>H,0,0.5176658
train-clinvar+pg_dms__transformer__seed43,PMS2,P43246:277:L>I,0,0.1486591
train-clinvar+pg_dms__transformer__seed43,PMS2,P43246:277:L>K,0,0.6769474
train-clinvar+pg_dms__transformer__seed43,PMS2,P43246:277:L>N,0,0.64307743
train-clinvar+pg_dms__transformer__seed43,PMS2,P43246:277:L>P,1,0.91894037
train-clinvar+pg_dms__transformer__seed43,PMS2,P43246:277:L>Q,0,0.16348876
train-clinvar+pg_dms__transformer__seed43,PMS2,P43246:277:L>Y,0,0.5756272
train-clinvar+pg_dms__transformer__seed43,PMS2,P43246:277:L>W,0,0.5890074
train-clinvar+pg_dms__transformer__seed43,PMS2,P43246:277:L>V,0,0.0828688
train-clinvar+pg_dms__transformer__seed43,PMS2,P43246:277:L>M,0,0.32317066
train-clinvar+pg_dms__transformer__seed43,PMS2,P43246:277:L>R,0,0.92655885
train-clinvar+pg_dms__transformer__seed43,PMS2,P43246:278:E>Y,0,0.10519271
train-clinvar+pg_dms__transformer__seed43,PMS2,P43246:278:E>A,0,0.023266273
train-clinvar+pg_dms__transformer__seed43,PMS2,P43246:278:E>C,0,0.061350513
train-clinvar+pg_dms__transformer__seed43,PMS2,P43246:278:E>D,0,0.007504474
train-clinvar+pg_dms__transformer__seed43,PMS2,P43246:278:E>F,0,0.16446298
train-clinvar+pg_dms__transformer__seed43,PMS2,P43246:278:E>G,0,0.013477802
train-clinvar+pg_dms__transformer__seed43,PMS2,P43246:278:E>H,0,0.22417742
train-clinvar+pg_dms__transformer__seed43,PMS2,P43246:278:E>I,0,0.19274302
train-clinvar+pg_dms__transformer__seed43,PMS2,P43246:278:E>V,0,0.1273763
train-clinvar+pg_dms__transformer__seed43,PMS2,P43246:278:E>K,0,0.15168479
train-clinvar+pg_dms__transformer__seed43,PMS2,P43246:278:E>M,0,0.43155384
train-clinvar+pg_dms__transformer__seed43,PMS2,P43246:278:E>N,0,0.033633895
train-clinvar+pg_dms__transformer__seed43,PMS2,P43246:278:E>P,0,0.63375854
train-clinvar+pg_dms__transformer__seed43,PMS2,P43246:278:E>Q,0,0.018484408
train-clinvar+pg_dms__transformer__seed43,PMS2,P43246:278:E>R,0,0.21757981
train-clinvar+pg_dms__transformer__seed43,PMS2,P43246:278:E>S,0,0.011312047
train-clinvar+pg_dms__transformer__seed43,PMS2,P43246:278:E>T,0,0.21984376
train-clinvar+pg_dms__transformer__seed43,PMS2,P43246:278:E>L,0,0.12847155
train-clinvar+pg_dms__transformer__seed43,PMS2,P43246:278:E>W,0,0.44960895
train-clinvar+pg_dms__transformer__seed43,PMS2,P43246:284:S>T,0,0.04856309
train-clinvar+pg_dms__transformer__seed43,PMS2,P43246:284:S>Y,0,0.028315865
train-clinvar+pg_dms__transformer__seed43,PMS2,P43246:284:S>W,0,0.39078486
train-clinvar+pg_dms__transformer__seed43,PMS2,P43246:284:S>V,0,0.022318646
train-clinvar+pg_dms__transformer__seed43,PMS2,P43246:284:S>R,0,0.047971275
train-clinvar+pg_dms__transformer__seed43,PMS2,P43246:284:S>K,0,0.11679774
train-clinvar+pg_dms__transformer__seed43,PMS2,P43246:284:S>N,0,0.013011203
train-clinvar+pg_dms__transformer__seed43,PMS2,P43246:284:S>M,0,0.29947108
train-clinvar+pg_dms__transformer__seed43,PMS2,P43246:284:S>L,0,0.009634762
train-clinvar+pg_dms__transformer__seed43,PMS2,P43246:284:S>I,0,0.022820132
train-clinvar+pg_dms__transformer__seed43,PMS2,P43246:284:S>H,0,0.053891048
train-clinvar+pg_dms__transformer__seed43,PMS2,P43246:284:S>A,0,0.0077840774
train-clinvar+pg_dms__transformer__seed43,PMS2,P43246:284:S>E,0,0.059988834
train-clinvar+pg_dms__transformer__seed43,PMS2,P43246:284:S>F,0,0.01630227
train-clinvar+pg_dms__transformer__seed43,PMS2,P43246:284:S>G,0,0.011073983
train-clinvar+pg_dms__transformer__seed43,PMS2,P43246:284:S>Q,0,0.03541837
train-clinvar+pg_dms__transformer__seed43,PMS2,P43246:284:S>C,0,0.0056787133
train-clinvar+pg_dms__transformer__seed43,PMS2,P43246:284:S>P,0,0.2899183
train-clinvar+pg_dms__transformer__seed43,PMS2,P43246:286:F>H,0,0.22277269
train-clinvar+pg_dms__transformer__seed43,PMS2,P43246:286:F>D,0,0.67395985
train-clinvar+pg_dms__transformer__seed43,PMS2,P43246:286:F>W,0,0.57843405
train-clinvar+pg_dms__transformer__seed43,PMS2,P43246:286:F>G,0,0.59702855
train-clinvar+pg_dms__transformer__seed43,PMS2,P43246:286:F>V,0,0.13402584
train-clinvar+pg_dms__transformer__seed43,PMS2,P43246:286:F>R,0,0.39024454
train-clinvar+pg_dms__transformer__seed43,PMS2,P43246:286:F>Q,0,0.42120582
train-clinvar+pg_dms__transformer__seed43,PMS2,P43246:286:F>P,0,0.88791734
train-clinvar+pg_dms__transformer__seed43,PMS2,P43246:286:F>E,0,0.6671286
train-clinvar+pg_dms__transformer__seed43,PMS2,P43246:286:F>M,0,0.62285894
train-clinvar+pg_dms__transformer__seed43,PMS2,P43246:286:F>L,0,0.4184954
train-clinvar+pg_dms__transformer__seed43,PMS2,P43246:286:F>K,0,0.6195086
train-clinvar+pg_dms__transformer__seed43,PMS2,P43246:286:F>I,0,0.15891473
train-clinvar+pg_dms__transformer__seed43,PMS2,P43246:286:F>T,0,0.5459876
train-clinvar+pg_dms__transformer__seed43,PMS2,P43246:286:F>N,0,0.31575364
train-clinvar+pg_dms__transformer__seed43,PMS2,P43246:286:F>A,0,0.2814537
train-clinvar+pg_dms__transformer__seed43,PMS2,P43246:287:G>Y,0,0.057942916
train-clinvar+pg_dms__transformer__seed43,PMS2,P43246:287:G>A,0,0.010302673
train-clinvar+pg_dms__transformer__seed43,PMS2,P43246:287:G>C,0,0.007586498
train-clinvar+pg_dms__transformer__seed43,PMS2,P43246:287:G>D,0,0.03618882
train-clinvar+pg_dms__transformer__seed43,PMS2,P43246:287:G>E,0,0.049189422
train-clinvar+pg_dms__transformer__seed43,PMS2,P43246:287:G>F,0,0.102950834
train-clinvar+pg_dms__transformer__seed43,PMS2,P43246:287:G>H,0,0.06916521
train-clinvar+pg_dms__transformer__seed43,PMS2,P43246:287:G>I,0,0.12946403
train-clinvar+pg_dms__transformer__seed43,PMS2,P43246:287:G>K,0,0.12584929
train-clinvar+pg_dms__transformer__seed43,PMS2,P43246:287:G>L,0,0.020974064
train-clinvar+pg_dms__transformer__seed43,PMS2,P43246:287:G>M,0,0.45862034
train-clinvar+pg_dms__transformer__seed43,PMS2,P43246:287:G>N,0,0.024487548
train-clinvar+pg_dms__transformer__seed43,PMS2,P43246:287:G>P,1,0.7146806
train-clinvar+pg_dms__transformer__seed43,PMS2,P43246:287:G>Q,0,0.017707024
train-clinvar+pg_dms__transformer__seed43,PMS2,P43246:287:G>S,0,0.0084481435
train-clinvar+pg_dms__transformer__seed43,PMS2,P43246:287:G>T,0,0.13429636
train-clinvar+pg_dms__transformer__seed43,PMS2,P43246:287:G>V,0,0.117426276
train-clinvar+pg_dms__transformer__seed43,PMS2,P43246:287:G>W,0,0.43306538
train-clinvar+pg_dms__transformer__seed43,PMS2,P43246:296:F>C,0,0.014771023
train-clinvar+pg_dms__transformer__seed43,PMS2,P43246:296:F>E,0,0.33569193
train-clinvar+pg_dms__transformer__seed43,PMS2,P43246:296:F>G,0,0.10213265
train-clinvar+pg_dms__transformer__seed43,PMS2,P43246:296:F>H,0,0.14912504
train-clinvar+pg_dms__transformer__seed43,PMS2,P43246:296:F>D,0,0.18927056
train-clinvar+pg_dms__transformer__seed43,PMS2,P43246:296:F>A,0,0.039026916
train-clinvar+pg_dms__transformer__seed43,PMS2,P43246:296:F>M,0,0.40067673
train-clinvar+pg_dms__transformer__seed43,PMS2,P43246:296:F>W,0,0.43647665
train-clinvar+pg_dms__transformer__seed43,PMS2,P43246:296:F>V,0,0.020117356
train-clinvar+pg_dms__transformer__seed43,PMS2,P43246:296:F>T,0,0.1691695
train-clinvar+pg_dms__transformer__seed43,PMS2,P43246:296:F>S,0,0.03649898
train-clinvar+pg_dms__transformer__seed43,PMS2,P43246:296:F>R,0,0.079313256
train-clinvar+pg_dms__transformer__seed43,PMS2,P43246:296:F>Q,0,0.12620199
train-clinvar+pg_dms__transformer__seed43,PMS2,P43246:296:F>P,0,0.46135914
train-clinvar+pg_dms__transformer__seed43,PMS2,P43246:296:F>I,0,0.014964465
train-clinvar+pg_dms__transformer__seed43,PMS2,P43246:296:F>K,0,0.2672353
train-clinvar+pg_dms__transformer__seed43,PMS2,P43246:296:F>L,0,0.024881838
train-clinvar+pg_dms__transformer__seed43,PMS2,P43246:296:F>Y,0,0.02602474
train-clinvar+pg_dms__transformer__seed43,PMS2,P43246:296:F>N,0,0.11846389
train-clinvar+pg_dms__transformer__seed43,PMS2,P43246:297:S>A,0,0.012006411
train-clinvar+pg_dms__transformer__seed43,PMS2,P43246:297:S>C,0,0.0110023115
train-clinvar+pg_dms__transformer__seed43,PMS2,P43246:297:S>L,0,0.018938106
train-clinvar+pg_dms__transformer__seed43,PMS2,P43246:297:S>P,0,0.20994736
train-clinvar+pg_dms__transformer__seed43,PMS2,P43246:297:S>Q,0,0.029834231
train-clinvar+pg_dms__transformer__seed43,PMS2,P43246:297:S>R,0,0.03482651
train-clinvar+pg_dms__transformer__seed43,PMS2,P43246:297:S>T,0,0.06600752
train-clinvar+pg_dms__transformer__seed43,PMS2,P43246:297:S>V,0,0.03514658
train-clinvar+pg_dms__transformer__seed43,PMS2,P43246:297:S>K,0,0.10550344
train-clinvar+pg_dms__transformer__seed43,PMS2,P43246:297:S>N,0,0.034477025
train-clinvar+pg_dms__transformer__seed43,PMS2,P43246:297:S>W,1,0.4624296
train-clinvar+pg_dms__transformer__seed43,PMS2,P43246:297:S>I,0,0.047412474
train-clinvar+pg_dms__transformer__seed43,PMS2,P43246:297:S>H,0,0.050848432
train-clinvar+pg_dms__transformer__seed43,PMS2,P43246:297:S>G,0,0.01822615
train-clinvar+pg_dms__transformer__seed43,PMS2,P43246:297:S>F,0,0.027800526
train-clinvar+pg_dms__transformer__seed43,PMS2,P43246:297:S>E,0,0.05317076
train-clinvar+pg_dms__transformer__seed43,PMS2,P43246:297:S>D,0,0.0235063
train-clinvar+pg_dms__transformer__seed43,PMS2,P43246:297:S>Y,0,0.025356509
train-clinvar+pg_dms__transformer__seed43,PMS2,P43246:297:S>M,0,0.3910369
train-clinvar+pg_dms__transformer__seed43,PMS2,P43246:303:D>S,0,0.71694314
train-clinvar+pg_dms__transformer__seed43,PMS2,P43246:303:D>R,0,0.91346204
train-clinvar+pg_dms__transformer__seed43,PMS2,P43246:303:D>P,0,0.9262201
train-clinvar+pg_dms__transformer__seed43,PMS2,P43246:303:D>M,0,0.7356618
train-clinvar+pg_dms__transformer__seed43,PMS2,P43246:303:D>L,1,0.81924194
train-clinvar+pg_dms__transformer__seed43,PMS2,P43246:303:D>I,1,0.88438606
train-clinvar+pg_dms__transformer__seed43,PMS2,P43246:303:D>A,0,0.8358008
train-clinvar+pg_dms__transformer__seed43,PMS2,P43246:303:D>C,0,0.74017113
train-clinvar+pg_dms__transformer__seed43,PMS2,P43246:303:D>E,0,0.9161083
train-clinvar+pg_dms__transformer__seed43,PMS2,P43246:303:D>V,1,0.8158358
train-clinvar+pg_dms__transformer__seed43,PMS2,P43246:303:D>W,1,0.7523667
train-clinvar+pg_dms__transformer__seed43,PMS2,P43246:303:D>T,0,0.8428759
train-clinvar+pg_dms__transformer__seed43,PMS2,P43246:305:A>I,0,0.62678313
train-clinvar+pg_dms__transformer__seed43,PMS2,P43246:305:A>W,0,0.59042436
train-clinvar+pg_dms__transformer__seed43,PMS2,P43246:305:A>C,0,0.109503165
train-clinvar+pg_dms__transformer__seed43,PMS2,P43246:305:A>D,0,0.8168689
train-clinvar+pg_dms__transformer__seed43,PMS2,P43246:305:A>E,0,0.58406353
train-clinvar+pg_dms__transformer__seed43,PMS2,P43246:305:A>F,0,0.55220574
train-clinvar+pg_dms__transformer__seed43,PMS2,P43246:305:A>G,0,0.050485343
train-clinvar+pg_dms__transformer__seed43,PMS2,P43246:305:A>Y,0,0.62067753
train-clinvar+pg_dms__transformer__seed43,PMS2,P43246:305:A>H,0,0.43661088
train-clinvar+pg_dms__transformer__seed43,PMS2,P43246:305:A>S,0,0.0049429666
train-clinvar+pg_dms__transformer__seed43,PMS2,P43246:305:A>R,0,0.6898429
train-clinvar+pg_dms__transformer__seed43,PMS2,P43246:305:A>Q,0,0.30288398
train-clinvar+pg_dms__transformer__seed43,PMS2,P43246:305:A>P,0,0.47094437
train-clinvar+pg_dms__transformer__seed43,PMS2,P43246:305:A>N,0,0.24598598
train-clinvar+pg_dms__transformer__seed43,PMS2,P43246:305:A>M,0,0.44621462
train-clinvar+pg_dms__transformer__seed43,PMS2,P43246:305:A>L,0,0.26559868
train-clinvar+pg_dms__transformer__seed43,PMS2,P43246:305:A>T,0,0.10550551
train-clinvar+pg_dms__transformer__seed43,PMS2,P43246:305:A>K,0,0.5314656
train-clinvar+pg_dms__transformer__seed43,PMS2,P43246:309:A>Y,0,0.656286
train-clinvar+pg_dms__transformer__seed43,PMS2,P43246:309:A>W,0,0.59737444
train-clinvar+pg_dms__transformer__seed43,PMS2,P43246:309:A>D,0,0.8309056
train-clinvar+pg_dms__transformer__seed43,PMS2,P43246:309:A>Q,0,0.40391794
train-clinvar+pg_dms__transformer__seed43,PMS2,P43246:309:A>R,0,0.70552593
train-clinvar+pg_dms__transformer__seed43,PMS2,P43246:309:A>C,0,0.16581525
train-clinvar+pg_dms__transformer__seed43,PMS2,P43246:309:A>T,0,0.38116273
train-clinvar+pg_dms__transformer__seed43,PMS2,P43246:309:A>V,0,0.41642904
train-clinvar+pg_dms__transformer__seed43,PMS2,P43246:309:A>N,0,0.34253448
train-clinvar+pg_dms__transformer__seed43,PMS2,P43246:309:A>S,0,0.005273121
train-clinvar+pg_dms__transformer__seed43,PMS2,P43246:309:A>L,0,0.42724505
train-clinvar+pg_dms__transformer__seed43,PMS2,P43246:309:A>K,0,0.5476054
train-clinvar+pg_dms__transformer__seed43,PMS2,P43246:309:A>I,0,0.66654736
train-clinvar+pg_dms__transformer__seed43,PMS2,P43246:309:A>H,0,0.47550854
train-clinvar+pg_dms__transformer__seed43,PMS2,P43246:309:A>G,0,0.043011494
train-clinvar+pg_dms__transformer__seed43,PMS2,P43246:309:A>F,0,0.65464205
train-clinvar+pg_dms__transformer__seed43,PMS2,P43246:309:A>E,0,0.68132496
train-clinvar+pg_dms__transformer__seed43,PMS2,P43246:309:A>M,0,0.5120388
train-clinvar+pg_dms__transformer__seed43,PMS2,P43246:312:L>D,0,0.7507504
train-clinvar+pg_dms__transformer__seed43,PMS2,P43246:312:L>W,0,0.6226493
train-clinvar+pg_dms__transformer__seed43,PMS2,P43246:312:L>V,0,0.052830458
train-clinvar+pg_dms__transformer__seed43,PMS2,P43246:312:L>T,0,0.60834485
train-clinvar+pg_dms__transformer__seed43,PMS2,P43246:312:L>S,0,0.80463725
train-clinvar+pg_dms__transformer__seed43,PMS2,P43246:312:L>R,0,0.9321209
train-clinvar+pg_dms__transformer__seed43,PMS2,P43246:312:L>P,0,0.84111506
train-clinvar+pg_dms__transformer__seed43,PMS2,P43246:312:L>Y,0,0.5461148
train-clinvar+pg_dms__transformer__seed43,PMS2,P43246:312:L>K,0,0.5595058
train-clinvar+pg_dms__transformer__seed43,PMS2,P43246:312:L>I,0,0.08326792
train-clinvar+pg_dms__transformer__seed43,PMS2,P43246:312:L>H,0,0.3353673
train-clinvar+pg_dms__transformer__seed43,PMS2,P43246:312:L>G,0,0.71429855
train-clinvar+pg_dms__transformer__seed43,PMS2,P43246:312:L>A,0,0.4710605
train-clinvar+pg_dms__transformer__seed43,PMS2,P43246:312:L>C,0,0.21550332
train-clinvar+pg_dms__transformer__seed43,PMS2,P43246:312:L>F,0,0.48978493
train-clinvar+pg_dms__transformer__seed43,PMS2,P43246:312:L>M,0,0.38691762
train-clinvar+pg_dms__transformer__seed43,PMS2,P43246:312:L>N,0,0.6598951
train-clinvar+pg_dms__transformer__seed43,PMS2,P43246:316:S>W,0,0.45477682
train-clinvar+pg_dms__transformer__seed43,PMS2,P43246:316:S>V,0,0.057474215
train-clinvar+pg_dms__transformer__seed43,PMS2,P43246:316:S>R,0,0.1149001
train-clinvar+pg_dms__transformer__seed43,PMS2,P43246:316:S>Q,0,0.07451318
train-clinvar+pg_dms__transformer__seed43,PMS2,P43246:316:S>P,0,0.13850266
train-clinvar+pg_dms__transformer__seed43,PMS2,P43246:316:S>N,0,0.061063632
train-clinvar+pg_dms__transformer__seed43,PMS2,P43246:316:S>M,0,0.37260836
train-clinvar+pg_dms__transformer__seed43,PMS2,P43246:316:S>L,0,0.033425614
train-clinvar+pg_dms__transformer__seed43,PMS2,P43246:316:S>I,0,0.09280835
train-clinvar+pg_dms__transformer__seed43,PMS2,P43246:316:S>H,0,0.17309397
train-clinvar+pg_dms__transformer__seed43,PMS2,P43246:316:S>G,0,0.041761816
train-clinvar+pg_dms__transformer__seed43,PMS2,P43246:316:S>F,0,0.06687993
train-clinvar+pg_dms__transformer__seed43,PMS2,P43246:316:S>D,0,0.067142606
train-clinvar+pg_dms__transformer__seed43,PMS2,P43246:316:S>A,0,0.029015364
train-clinvar+pg_dms__transformer__seed43,PMS2,P43246:316:S>K,0,0.19832984
train-clinvar+pg_dms__transformer__seed43,PMS2,P43246:320:T>W,0,0.30338356
train-clinvar+pg_dms__transformer__seed43,PMS2,P43246:320:T>Y,0,0.0183646
train-clinvar+pg_dms__transformer__seed43,PMS2,P43246:320:T>K,0,0.022842381
train-clinvar+pg_dms__transformer__seed43,PMS2,P43246:320:T>A,0,0.019154534
train-clinvar+pg_dms__transformer__seed43,PMS2,P43246:320:T>C,0,0.008775151
train-clinvar+pg_dms__transformer__seed43,PMS2,P43246:320:T>V,0,0.01580198
train-clinvar+pg_dms__transformer__seed43,PMS2,P43246:320:T>D,0,0.017392144
train-clinvar+pg_dms__transformer__seed43,PMS2,P43246:320:T>E,0,0.021550793
train-clinvar+pg_dms__transformer__seed43,PMS2,P43246:320:T>G,0,0.012152
train-clinvar+pg_dms__transformer__seed43,PMS2,P43246:320:T>H,0,0.034701187
train-clinvar+pg_dms__transformer__seed43,PMS2,P43246:320:T>F,0,0.016498951
train-clinvar+pg_dms__transformer__seed43,PMS2,P43246:320:T>L,0,0.008981319
train-clinvar+pg_dms__transformer__seed43,PMS2,P43246:320:T>M,0,0.17985892
train-clinvar+pg_dms__transformer__seed43,PMS2,P43246:320:T>N,0,0.017182618
train-clinvar+pg_dms__transformer__seed43,PMS2,P43246:320:T>P,0,0.06180949
train-clinvar+pg_dms__transformer__seed43,PMS2,P43246:320:T>Q,0,0.012547845
train-clinvar+pg_dms__transformer__seed43,PMS2,P43246:320:T>R,0,0.013014473
train-clinvar+pg_dms__transformer__seed43,PMS2,P43246:320:T>I,0,0.02401519
train-clinvar+pg_dms__transformer__seed43,PMS2,P43246:321:T>Q,0,0.0133724
train-clinvar+pg_dms__transformer__seed43,PMS2,P43246:321:T>I,0,0.027531164
train-clinvar+pg_dms__transformer__seed43,PMS2,P43246:321:T>P,0,0.061292533
train-clinvar+pg_dms__transformer__seed43,PMS2,P43246:321:T>N,0,0.013870769
train-clinvar+pg_dms__transformer__seed43,PMS2,P43246:321:T>M,0,0.17463557
train-clinvar+pg_dms__transformer__seed43,PMS2,P43246:321:T>L,0,0.01006573
train-clinvar+pg_dms__transformer__seed43,PMS2,P43246:321:T>K,0,0.025270477
train-clinvar+pg_dms__transformer__seed43,PMS2,P43246:321:T>H,0,0.037905127
train-clinvar+pg_dms__transformer__seed43,PMS2,P43246:321:T>V,0,0.018493485
train-clinvar+pg_dms__transformer__seed43,PMS2,P43246:321:T>F,0,0.017624589
train-clinvar+pg_dms__transformer__seed43,PMS2,P43246:321:T>E,0,0.022465901
train-clinvar+pg_dms__transformer__seed43,PMS2,P43246:321:T>D,0,0.018273901
train-clinvar+pg_dms__transformer__seed43,PMS2,P43246:321:T>W,0,0.2482208
train-clinvar+pg_dms__transformer__seed43,PMS2,P43246:321:T>Y,0,0.018697076
train-clinvar+pg_dms__transformer__seed43,PMS2,P43246:321:T>R,0,0.014262988
train-clinvar+pg_dms__transformer__seed43,PMS2,P43246:321:T>G,0,0.013127347
train-clinvar+pg_dms__transformer__seed43,PMS2,P43246:321:T>S,0,0.0145993205
train-clinvar+pg_dms__transformer__seed43,PMS2,P43246:323:S>W,0,0.3206819
train-clinvar+pg_dms__transformer__seed43,PMS2,P43246:323:S>A,0,0.01612693
train-clinvar+pg_dms__transformer__seed43,PMS2,P43246:323:S>V,0,0.019078614
train-clinvar+pg_dms__transformer__seed43,PMS2,P43246:323:S>T,0,0.04101626
train-clinvar+pg_dms__transformer__seed43,PMS2,P43246:323:S>R,0,0.04156599
train-clinvar+pg_dms__transformer__seed43,PMS2,P43246:323:S>Q,0,0.02664667
train-clinvar+pg_dms__transformer__seed43,PMS2,P43246:323:S>P,0,0.091619365
train-clinvar+pg_dms__transformer__seed43,PMS2,P43246:323:S>N,0,0.025107775
train-clinvar+pg_dms__transformer__seed43,PMS2,P43246:323:S>Y,0,0.02092241
train-clinvar+pg_dms__transformer__seed43,PMS2,P43246:323:S>M,0,0.252785
train-clinvar+pg_dms__transformer__seed43,PMS2,P43246:323:S>I,0,0.03279892
train-clinvar+pg_dms__transformer__seed43,PMS2,P43246:323:S>H,0,0.08313146
train-clinvar+pg_dms__transformer__seed43,PMS2,P43246:323:S>G,0,0.014066392
train-clinvar+pg_dms__transformer__seed43,PMS2,P43246:323:S>E,0,0.078598976
train-clinvar+pg_dms__transformer__seed43,PMS2,P43246:323:S>D,0,0.029210526
train-clinvar+pg_dms__transformer__seed43,PMS2,P43246:323:S>C,0,0.012586336
train-clinvar+pg_dms__transformer__seed43,PMS2,P43246:323:S>L,0,0.0127329305
train-clinvar+pg_dms__transformer__seed43,PMS2,P43246:323:S>K,0,0.09253307
train-clinvar+pg_dms__transformer__seed43,PMS2,P43246:326:L>M,0,0.41393346
train-clinvar+pg_dms__transformer__seed43,PMS2,P43246:326:L>S,1,0.85980284
train-clinvar+pg_dms__transformer__seed43,PMS2,P43246:326:L>R,1,0.9874622
train-clinvar+pg_dms__transformer__seed43,PMS2,P43246:326:L>Q,1,0.7851405
train-clinvar+pg_dms__transformer__seed43,PMS2,P43246:326:L>P,1,0.94106495
train-clinvar+pg_dms__transformer__seed43,PMS2,P43246:326:L>N,1,0.77744097
train-clinvar+pg_dms__transformer__seed43,PMS2,P43246:326:L>K,1,0.77516544
train-clinvar+pg_dms__transformer__seed43,PMS2,P43246:326:L>I,0,0.03154584
train-clinvar+pg_dms__transformer__seed43,PMS2,P43246:326:L>G,1,0.8397022
train-clinvar+pg_dms__transformer__seed43,PMS2,P43246:326:L>E,1,0.82804555
train-clinvar+pg_dms__transformer__seed43,PMS2,P43246:326:L>D,1,0.8093811
train-clinvar+pg_dms__transformer__seed43,PMS2,P43246:326:L>C,0,0.42833278
train-clinvar+pg_dms__transformer__seed43,PMS2,P43246:326:L>A,0,0.59590536
train-clinvar+pg_dms__transformer__seed43,PMS2,P43246:326:L>T,0,0.66403353
train-clinvar+pg_dms__transformer__seed43,PMS2,P43246:326:L>V,0,0.06752144
train-clinvar+pg_dms__transformer__seed43,PMS2,P43246:326:L>W,1,0.74444
train-clinvar+pg_dms__transformer__seed43,PMS2,P43246:326:L>F,0,0.36685526
train-clinvar+pg_dms__transformer__seed43,PMS2,P43246:331:N>C,0,0.04145309
train-clinvar+pg_dms__transformer__seed43,PMS2,P43246:331:N>W,0,0.7740201
train-clinvar+pg_dms__transformer__seed43,PMS2,P43246:331:N>T,0,0.25241536
train-clinvar+pg_dms__transformer__seed43,PMS2,P43246:331:N>V,0,0.40637335
train-clinvar+pg_dms__transformer__seed43,PMS2,P43246:331:N>A,0,0.30749476
train-clinvar+pg_dms__transformer__seed43,PMS2,P43246:331:N>E,0,0.6540316
train-clinvar+pg_dms__transformer__seed43,PMS2,P43246:331:N>H,0,0.12002415
train-clinvar+pg_dms__transformer__seed43,PMS2,P43246:331:N>G,0,0.10983307
train-clinvar+pg_dms__transformer__seed43,PMS2,P43246:331:N>S,0,0.055413913
train-clinvar+pg_dms__transformer__seed43,PMS2,P43246:331:N>R,0,0.64088875
train-clinvar+pg_dms__transformer__seed43,PMS2,P43246:331:N>P,1,0.9120324
train-clinvar+pg_dms__transformer__seed43,PMS2,P43246:331:N>F,0,0.6429535
train-clinvar+pg_dms__transformer__seed43,PMS2,P43246:331:N>Y,0,0.23300508
train-clinvar+pg_dms__transformer__seed43,PMS2,P43246:331:N>I,0,0.5869645
train-clinvar+pg_dms__transformer__seed43,PMS2,P43246:331:N>K,0,0.59860194
train-clinvar+pg_dms__transformer__seed43,PMS2,P43246:331:N>L,0,0.17320983
train-clinvar+pg_dms__transformer__seed43,PMS2,P43246:331:N>M,0,0.64761275
train-clinvar+pg_dms__transformer__seed43,PMS2,P43246:337:Q>A,0,0.013572104
train-clinvar+pg_dms__transformer__seed43,PMS2,P43246:337:Q>W,0,0.7367072
train-clinvar+pg_dms__transformer__seed43,PMS2,P43246:337:Q>Y,0,0.5838204
train-clinvar+pg_dms__transformer__seed43,PMS2,P43246:337:Q>V,0,0.12307572
train-clinvar+pg_dms__transformer__seed43,PMS2,P43246:337:Q>D,1,0.84473723
train-clinvar+pg_dms__transformer__seed43,PMS2,P43246:337:Q>C,0,0.16910149
train-clinvar+pg_dms__transformer__seed43,PMS2,P43246:337:Q>T,0,0.19981587
train-clinvar+pg_dms__transformer__seed43,PMS2,P43246:337:Q>S,0,0.031785443
train-clinvar+pg_dms__transformer__seed43,PMS2,P43246:337:Q>P,0,0.1764469
train-clinvar+pg_dms__transformer__seed43,PMS2,P43246:337:Q>M,0,0.32746002
train-clinvar+pg_dms__transformer__seed43,PMS2,P43246:337:Q>L,0,0.0304525
train-clinvar+pg_dms__transformer__seed43,PMS2,P43246:337:Q>I,0,0.1758425
train-clinvar+pg_dms__transformer__seed43,PMS2,P43246:337:Q>H,0,0.6786869
train-clinvar+pg_dms__transformer__seed43,PMS2,P43246:337:Q>G,0,0.026213963
train-clinvar+pg_dms__transformer__seed43,PMS2,P43246:337:Q>F,0,0.63913244
train-clinvar+pg_dms__transformer__seed43,PMS2,P43246:337:Q>E,0,0.063754454
train-clinvar+pg_dms__transformer__seed43,PMS2,P43246:337:Q>K,1,0.8684208
train-clinvar+pg_dms__transformer__seed43,PMS2,P43246:343:N>P,0,0.8019469
train-clinvar+pg_dms__transformer__seed43,PMS2,P43246:343:N>C,0,0.0059080883
train-clinvar+pg_dms__transformer__seed43,PMS2,P43246:343:N>R,0,0.018034192
train-clinvar+pg_dms__transformer__seed43,PMS2,P43246:343:N>S,0,0.037209984
train-clinvar+pg_dms__transformer__seed43,PMS2,P43246:343:N>T,0,0.08417803
train-clinvar+pg_dms__transformer__seed43,PMS2,P43246:343:N>V,0,0.043829594
train-clinvar+pg_dms__transformer__seed43,PMS2,P43246:343:N>W,0,0.41760042
train-clinvar+pg_dms__transformer__seed43,PMS2,P43246:343:N>Y,0,0.013990893
train-clinvar+pg_dms__transformer__seed43,PMS2,P43246:343:N>M,0,0.3389609
train-clinvar+pg_dms__transformer__seed43,PMS2,P43246:343:N>L,0,0.011823723
train-clinvar+pg_dms__transformer__seed43,PMS2,P43246:343:N>I,0,0.025904952
train-clinvar+pg_dms__transformer__seed43,PMS2,P43246:343:N>H,0,0.051918875
train-clinvar+pg_dms__transformer__seed43,PMS2,P43246:343:N>G,0,0.020054914
train-clinvar+pg_dms__transformer__seed43,PMS2,P43246:343:N>F,0,0.017474253
train-clinvar+pg_dms__transformer__seed43,PMS2,P43246:343:N>E,0,0.049329683
train-clinvar+pg_dms__transformer__seed43,PMS2,P43246:343:N>D,0,0.014897139
train-clinvar+pg_dms__transformer__seed43,PMS2,P43246:343:N>K,0,0.05050267
train-clinvar+pg_dms__transformer__seed43,PMS2,P43246:343:N>A,0,0.037699044
train-clinvar+pg_dms__transformer__seed43,PMS2,P43246:345:W>C,1,0.3840842
train-clinvar+pg_dms__transformer__seed43,PMS2,P43246:345:W>S,1,0.84128284
train-clinvar+pg_dms__transformer__seed43,PMS2,P43246:345:W>R,1,0.84308666
train-clinvar+pg_dms__transformer__seed43,PMS2,P43246:345:W>Q,1,0.80269784
train-clinvar+pg_dms__transformer__seed43,PMS2,P43246:345:W>P,1,0.95097977
train-clinvar+pg_dms__transformer__seed43,PMS2,P43246:345:W>N,1,0.7139676
train-clinvar+pg_dms__transformer__seed43,PMS2,P43246:345:W>M,0,0.8653649
train-clinvar+pg_dms__transformer__seed43,PMS2,P43246:345:W>L,0,0.41565862
train-clinvar+pg_dms__transformer__seed43,PMS2,P43246:345:W>A,1,0.37824592
train-clinvar+pg_dms__transformer__seed43,PMS2,P43246:345:W>Y,0,0.2738792
train-clinvar+pg_dms__transformer__seed43,PMS2,P43246:345:W>K,1,0.88338584
train-clinvar+pg_dms__transformer__seed43,PMS2,P43246:345:W>I,0,0.68152976
train-clinvar+pg_dms__transformer__seed43,PMS2,P43246:345:W>H,1,0.80514205
train-clinvar+pg_dms__transformer__seed43,PMS2,P43246:345:W>G,1,0.67983407
train-clinvar+pg_dms__transformer__seed43,PMS2,P43246:345:W>F,0,0.130238
train-clinvar+pg_dms__transformer__seed43,PMS2,P43246:345:W>E,1,0.8637436
train-clinvar+pg_dms__transformer__seed43,PMS2,P43246:345:W>D,1,0.7255775
train-clinvar+pg_dms__transformer__seed43,PMS2,P43246:345:W>T,1,0.83342445
train-clinvar+pg_dms__transformer__seed43,PMS2,P43246:345:W>V,1,0.82627565
train-clinvar+pg_dms__transformer__seed43,PMS2,P43246:353:K>S,0,0.019803418
train-clinvar+pg_dms__transformer__seed43,PMS2,P43246:353:K>C,0,0.010358425
train-clinvar+pg_dms__transformer__seed43,PMS2,P43246:353:K>D,0,0.12436183
train-clinvar+pg_dms__transformer__seed43,PMS2,P43246:353:K>E,0,0.0063317413
train-clinvar+pg_dms__transformer__seed43,PMS2,P43246:353:K>F,0,0.05896643
train-clinvar+pg_dms__transformer__seed43,PMS2,P43246:353:K>G,0,0.030810073
train-clinvar+pg_dms__transformer__seed43,PMS2,P43246:353:K>H,0,0.03731291
train-clinvar+pg_dms__transformer__seed43,PMS2,P43246:353:K>I,0,0.0039058048
train-clinvar+pg_dms__transformer__seed43,PMS2,P43246:353:K>L,0,0.013478275
train-clinvar+pg_dms__transformer__seed43,PMS2,P43246:353:K>M,0,0.24390088
train-clinvar+pg_dms__transformer__seed43,PMS2,P43246:353:K>N,0,0.03263438
train-clinvar+pg_dms__transformer__seed43,PMS2,P43246:353:K>P,0,0.36950314
train-clinvar+pg_dms__transformer__seed43,PMS2,P43246:353:K>Q,0,0.0060366974
train-clinvar+pg_dms__transformer__seed43,PMS2,P43246:353:K>R,0,0.005539941
train-clinvar+pg_dms__transformer__seed43,PMS2,P43246:353:K>T,0,0.028570252
train-clinvar+pg_dms__transformer__seed43,PMS2,P43246:353:K>A,0,0.007387476
train-clinvar+pg_dms__transformer__seed43,PMS2,P43246:353:K>V,0,0.0115976455
train-clinvar+pg_dms__transformer__seed43,PMS2,P43246:353:K>Y,0,0.0312282
train-clinvar+pg_dms__transformer__seed43,PMS2,P43246:353:K>W,0,0.42206776
train-clinvar+pg_dms__transformer__seed43,PMS2,P43246:355:R>G,0,0.0434242
train-clinvar+pg_dms__transformer__seed43,PMS2,P43246:355:R>F,0,0.070317075
train-clinvar+pg_dms__transformer__seed43,PMS2,P43246:355:R>E,0,0.04703015
train-clinvar+pg_dms__transformer__seed43,PMS2,P43246:355:R>D,0,0.19061308
train-clinvar+pg_dms__transformer__seed43,PMS2,P43246:355:R>C,0,0.012254555
train-clinvar+pg_dms__transformer__seed43,PMS2,P43246:355:R>A,0,0.043510526
train-clinvar+pg_dms__transformer__seed43,PMS2,P43246:355:R>Y,0,0.06526503
train-clinvar+pg_dms__transformer__seed43,PMS2,P43246:355:R>W,0,0.37909546
train-clinvar+pg_dms__transformer__seed43,PMS2,P43246:355:R>V,0,0.08832065
train-clinvar+pg_dms__transformer__seed43,PMS2,P43246:355:R>H,0,0.09001785
train-clinvar+pg_dms__transformer__seed43,PMS2,P43246:355:R>S,0,0.07908012
train-clinvar+pg_dms__transformer__seed43,PMS2,P43246:355:R>Q,0,0.03934446
train-clinvar+pg_dms__transformer__seed43,PMS2,P43246:355:R>K,0,0.07521523
train-clinvar+pg_dms__transformer__seed43,PMS2,P43246:355:R>L,0,0.023160426
train-clinvar+pg_dms__transformer__seed43,PMS2,P43246:355:R>P,0,0.6613555
train-clinvar+pg_dms__transformer__seed43,PMS2,P43246:355:R>N,0,0.102845356
train-clinvar+pg_dms__transformer__seed43,PMS2,P43246:355:R>M,0,0.38925543
train-clinvar+pg_dms__transformer__seed43,PMS2,P43246:355:R>T,0,0.21578492
train-clinvar+pg_dms__transformer__seed43,PMS2,P43246:357:E>L,0,0.05217104
train-clinvar+pg_dms__transformer__seed43,PMS2,P43246:357:E>A,0,0.023269448
train-clinvar+pg_dms__transformer__seed43,PMS2,P43246:357:E>M,0,0.37192956
train-clinvar+pg_dms__transformer__seed43,PMS2,P43246:357:E>N,0,0.016259527
train-clinvar+pg_dms__transformer__seed43,PMS2,P43246:357:E>P,1,0.8171062
train-clinvar+pg_dms__transformer__seed43,PMS2,P43246:357:E>Q,0,0.006119109
train-clinvar+pg_dms__transformer__seed43,PMS2,P43246:357:E>R,0,0.06729453
train-clinvar+pg_dms__transformer__seed43,PMS2,P43246:357:E>T,0,0.1286827
train-clinvar+pg_dms__transformer__seed43,PMS2,P43246:357:E>S,0,0.010290267
train-clinvar+pg_dms__transformer__seed43,PMS2,P43246:357:E>W,0,0.53249127
train-clinvar+pg_dms__transformer__seed43,PMS2,P43246:357:E>Y,0,0.17545685
train-clinvar+pg_dms__transformer__seed43,PMS2,P43246:357:E>I,0,0.12210616
train-clinvar+pg_dms__transformer__seed43,PMS2,P43246:357:E>H,0,0.23948695
train-clinvar+pg_dms__transformer__seed43,PMS2,P43246:357:E>G,0,0.010261403
train-clinvar+pg_dms__transformer__seed43,PMS2,P43246:357:E>F,0,0.32879904
train-clinvar+pg_dms__transformer__seed43,PMS2,P43246:357:E>D,0,0.030057019
train-clinvar+pg_dms__transformer__seed43,PMS2,P43246:357:E>C,0,0.07361613
train-clinvar+pg_dms__transformer__seed43,PMS2,P43246:358:E>T,0,0.2970618
train-clinvar+pg_dms__transformer__seed43,PMS2,P43246:358:E>Y,0,0.21626848
train-clinvar+pg_dms__transformer__seed43,PMS2,P43246:358:E>W,0,0.51087743
train-clinvar+pg_dms__transformer__seed43,PMS2,P43246:358:E>V,0,0.20326686
train-clinvar+pg_dms__transformer__seed43,PMS2,P43246:358:E>S,0,0.073233396
train-clinvar+pg_dms__transformer__seed43,PMS2,P43246:358:E>K,0,0.22531055
train-clinvar+pg_dms__transformer__seed43,PMS2,P43246:358:E>Q,0,0.037238333
train-clinvar+pg_dms__transformer__seed43,PMS2,P43246:358:E>P,0,0.77863103
train-clinvar+pg_dms__transformer__seed43,PMS2,P43246:358:E>N,0,0.115363345
train-clinvar+pg_dms__transformer__seed43,PMS2,P43246:358:E>M,0,0.43999064
train-clinvar+pg_dms__transformer__seed43,PMS2,P43246:358:E>L,0,0.22944735
train-clinvar+pg_dms__transformer__seed43,PMS2,P43246:358:E>C,0,0.10208069
train-clinvar+pg_dms__transformer__seed43,PMS2,P43246:358:E>D,0,0.08023485
train-clinvar+pg_dms__transformer__seed43,PMS2,P43246:358:E>F,0,0.33591667
train-clinvar+pg_dms__transformer__seed43,PMS2,P43246:358:E>G,0,0.036768816
train-clinvar+pg_dms__transformer__seed43,PMS2,P43246:358:E>H,0,0.3833317
train-clinvar+pg_dms__transformer__seed43,PMS2,P43246:358:E>R,0,0.35432783
train-clinvar+pg_dms__transformer__seed43,PMS2,P43246:358:E>I,0,0.28461662
train-clinvar+pg_dms__transformer__seed43,PMS2,P43246:361:N>I,0,0.22784634
train-clinvar+pg_dms__transformer__seed43,PMS2,P43246:361:N>S,0,0.031997956
train-clinvar+pg_dms__transformer__seed43,PMS2,P43246:361:N>K,0,0.3199792
train-clinvar+pg_dms__transformer__seed43,PMS2,P43246:361:N>L,0,0.11696184
train-clinvar+pg_dms__transformer__seed43,PMS2,P43246:361:N>M,0,0.39224327
train-clinvar+pg_dms__transformer__seed43,PMS2,P43246:361:N>P,1,0.78680944
train-clinvar+pg_dms__transformer__seed43,PMS2,P43246:361:N>A,0,0.08791294
train-clinvar+pg_dms__transformer__seed43,PMS2,P43246:361:N>C,0,0.050100274
train-clinvar+pg_dms__transformer__seed43,PMS2,P43246:361:N>D,0,0.041116502
train-clinvar+pg_dms__transformer__seed43,PMS2,P43246:361:N>E,0,0.16439806
train-clinvar+pg_dms__transformer__seed43,PMS2,P43246:361:N>F,0,0.3061541
train-clinvar+pg_dms__transformer__seed43,PMS2,P43246:361:N>Q,0,0.06951703
train-clinvar+pg_dms__transformer__seed43,PMS2,P43246:361:N>H,0,0.13112707
train-clinvar+pg_dms__transformer__seed43,PMS2,P43246:361:N>V,0,0.18771192
train-clinvar+pg_dms__transformer__seed43,PMS2,P43246:361:N>T,0,0.1406739
train-clinvar+pg_dms__transformer__seed43,PMS2,P43246:361:N>R,0,0.35368583
train-clinvar+pg_dms__transformer__seed43,PMS2,P43246:361:N>G,0,0.0939314
train-clinvar+pg_dms__transformer__seed43,PMS2,P43246:361:N>Y,0,0.09141845
train-clinvar+pg_dms__transformer__seed43,PMS2,P43246:361:N>W,0,0.5518463
train-clinvar+pg_dms__transformer__seed43,PMS2,P43246:369:D>N,0,0.03158242
train-clinvar+pg_dms__transformer__seed43,PMS2,P43246:369:D>Y,0,0.06789911
train-clinvar+pg_dms__transformer__seed43,PMS2,P43246:369:D>W,0,0.6014191
train-clinvar+pg_dms__transformer__seed43,PMS2,P43246:369:D>V,0,0.11820041
train-clinvar+pg_dms__transformer__seed43,PMS2,P43246:369:D>T,0,0.21498877
train-clinvar+pg_dms__transformer__seed43,PMS2,P43246:369:D>S,0,0.018714942
train-clinvar+pg_dms__transformer__seed43,PMS2,P43246:369:D>R,0,0.20767862
train-clinvar+pg_dms__transformer__seed43,PMS2,P43246:369:D>P,0,0.80718493
train-clinvar+pg_dms__transformer__seed43,PMS2,P43246:369:D>A,0,0.060942464
train-clinvar+pg_dms__transformer__seed43,PMS2,P43246:369:D>G,0,0.09232353
train-clinvar+pg_dms__transformer__seed43,PMS2,P43246:369:D>L,0,0.11418354
train-clinvar+pg_dms__transformer__seed43,PMS2,P43246:369:D>K,0,0.23608494
train-clinvar+pg_dms__transformer__seed43,PMS2,P43246:369:D>I,0,0.3356006
train-clinvar+pg_dms__transformer__seed43,PMS2,P43246:369:D>H,0,0.20610045
train-clinvar+pg_dms__transformer__seed43,PMS2,P43246:369:D>F,0,0.42108122
train-clinvar+pg_dms__transformer__seed43,PMS2,P43246:369:D>E,0,0.040205076
train-clinvar+pg_dms__transformer__seed43,PMS2,P43246:369:D>C,0,0.09896873
train-clinvar+pg_dms__transformer__seed43,PMS2,P43246:369:D>M,0,0.51673687
train-clinvar+pg_dms__transformer__seed43,PMS2,P43246:370:A>M,0,0.2200992
train-clinvar+pg_dms__transformer__seed43,PMS2,P43246:370:A>N,0,0.019786425
train-clinvar+pg_dms__transformer__seed43,PMS2,P43246:370:A>F,0,0.017696891
train-clinvar+pg_dms__transformer__seed43,PMS2,P43246:370:A>Q,0,0.01253199
train-clinvar+pg_dms__transformer__seed43,PMS2,P43246:370:A>R,0,0.022363858
train-clinvar+pg_dms__transformer__seed43,PMS2,P43246:370:A>S,0,0.0050813262
train-clinvar+pg_dms__transformer__seed43,PMS2,P43246:370:A>V,0,0.01608725
train-clinvar+pg_dms__transformer__seed43,PMS2,P43246:370:A>W,0,0.4056882
train-clinvar+pg_dms__transformer__seed43,PMS2,P43246:370:A>Y,0,0.026414135
train-clinvar+pg_dms__transformer__seed43,PMS2,P43246:370:A>G,0,0.010854903
train-clinvar+pg_dms__transformer__seed43,PMS2,P43246:370:A>L,0,0.0049288957
train-clinvar+pg_dms__transformer__seed43,PMS2,P43246:370:A>P,0,0.063613735
train-clinvar+pg_dms__transformer__seed43,PMS2,P43246:370:A>K,0,0.08164945
train-clinvar+pg_dms__transformer__seed43,PMS2,P43246:370:A>T,0,0.053045962
train-clinvar+pg_dms__transformer__seed43,PMS2,P43246:370:A>E,0,0.01891814
train-clinvar+pg_dms__transformer__seed43,PMS2,P43246:370:A>D,0,0.0145980185
train-clinvar+pg_dms__transformer__seed43,PMS2,P43246:370:A>C,0,0.0066347327
train-clinvar+pg_dms__transformer__seed43,PMS2,P43246:370:A>I,0,0.029246258
train-clinvar+pg_dms__transformer__seed43,PMS2,P43246:370:A>H,0,0.08766672
train-clinvar+pg_dms__transformer__seed43,PMS2,P43246:374:Q>P,0,0.5066093
train-clinvar+pg_dms__transformer__seed43,PMS2,P43246:374:Q>M,0,0.28828534
train-clinvar+pg_dms__transformer__seed43,PMS2,P43246:374:Q>L,0,0.005841138
train-clinvar+pg_dms__transformer__seed43,PMS2,P43246:374:Q>A,0,0.008354743
train-clinvar+pg_dms__transformer__seed43,PMS2,P43246:374:Q>I,0,0.05903182
train-clinvar+pg_dms__transformer__seed43,PMS2,P43246:374:Q>C,0,0.021504348
train-clinvar+pg_dms__transformer__seed43,PMS2,P43246:374:Q>R,0,0.01799558
train-clinvar+pg_dms__transformer__seed43,PMS2,P43246:374:Q>K,0,0.038467746
train-clinvar+pg_dms__transformer__seed43,PMS2,P43246:374:Q>S,0,0.009020245
train-clinvar+pg_dms__transformer__seed43,PMS2,P43246:374:Q>Y,0,0.022465162
train-clinvar+pg_dms__transformer__seed43,PMS2,P43246:374:Q>V,0,0.019577058
train-clinvar+pg_dms__transformer__seed43,PMS2,P43246:374:Q>W,0,0.41607925
train-clinvar+pg_dms__transformer__seed43,PMS2,P43246:374:Q>G,0,0.009285008
train-clinvar+pg_dms__transformer__seed43,PMS2,P43246:374:Q>F,0,0.06786165
train-clinvar+pg_dms__transformer__seed43,PMS2,P43246:374:Q>D,0,0.018785538
train-clinvar+pg_dms__transformer__seed43,PMS2,P43246:374:Q>T,0,0.048397284
train-clinvar+pg_dms__transformer__seed43,PMS2,P43246:390:L>C,0,0.14385118
train-clinvar+pg_dms__transformer__seed43,PMS2,P43246:390:L>I,0,0.017296666
train-clinvar+pg_dms__transformer__seed43,PMS2,P43246:390:L>K,0,0.43899465
train-clinvar+pg_dms__transformer__seed43,PMS2,P43246:390:L>N,0,0.4159353
train-clinvar+pg_dms__transformer__seed43,PMS2,P43246:390:L>A,0,0.0788109
train-clinvar+pg_dms__transformer__seed43,PMS2,P43246:390:L>D,0,0.62809706
train-clinvar+pg_dms__transformer__seed43,PMS2,P43246:390:L>M,0,0.267127
train-clinvar+pg_dms__transformer__seed43,PMS2,P43246:390:L>S,0,0.34551895
train-clinvar+pg_dms__transformer__seed43,PMS2,P43246:390:L>H,0,0.30712193
train-clinvar+pg_dms__transformer__seed43,PMS2,P43246:390:L>G,0,0.56985813
train-clinvar+pg_dms__transformer__seed43,PMS2,P43246:390:L>W,1,0.49271542
train-clinvar+pg_dms__transformer__seed43,PMS2,P43246:390:L>T,0,0.2237455
train-clinvar+pg_dms__transformer__seed43,PMS2,P43246:390:L>R,0,0.79866624
train-clinvar+pg_dms__transformer__seed43,PMS2,P43246:390:L>Q,0,0.14178662
train-clinvar+pg_dms__transformer__seed43,PMS2,P43246:390:L>P,0,0.8640252
train-clinvar+pg_dms__transformer__seed43,PMS2,P43246:390:L>E,0,0.5555052
train-clinvar+pg_dms__transformer__seed43,PMS2,P43246:394:F>Y,0,0.047704887
train-clinvar+pg_dms__transformer__seed43,PMS2,P43246:394:F>W,0,0.48647046
train-clinvar+pg_dms__transformer__seed43,PMS2,P43246:394:F>V,0,0.17467608
train-clinvar+pg_dms__transformer__seed43,PMS2,P43246:394:F>S,0,0.6008694
train-clinvar+pg_dms__transformer__seed43,PMS2,P43246:394:F>R,1,0.8419898
train-clinvar+pg_dms__transformer__seed43,PMS2,P43246:394:F>Q,0,0.55807465
train-clinvar+pg_dms__transformer__seed43,PMS2,P43246:394:F>P,1,0.8833601
train-clinvar+pg_dms__transformer__seed43,PMS2,P43246:394:F>L,0,0.15101482
train-clinvar+pg_dms__transformer__seed43,PMS2,P43246:394:F>M,0,0.40727147
train-clinvar+pg_dms__transformer__seed43,PMS2,P43246:394:F>K,0,0.5357006
train-clinvar+pg_dms__transformer__seed43,PMS2,P43246:394:F>I,0,0.10672305
train-clinvar+pg_dms__transformer__seed43,PMS2,P43246:394:F>H,0,0.49799156
train-clinvar+pg_dms__transformer__seed43,PMS2,P43246:394:F>G,0,0.66345346
train-clinvar+pg_dms__transformer__seed43,PMS2,P43246:394:F>D,1,0.7791032
train-clinvar+pg_dms__transformer__seed43,PMS2,P43246:394:F>C,0,0.13220373
train-clinvar+pg_dms__transformer__seed43,PMS2,P43246:394:F>N,0,0.6059235
train-clinvar+pg_dms__transformer__seed43,PMS2,P43246:394:F>A,0,0.52282524
train-clinvar+pg_dms__transformer__seed43,PMS2,P43246:394:F>T,1,0.6272782
train-clinvar+pg_dms__transformer__seed43,PMS2,P43246:397:Q>G,0,0.004171926
train-clinvar+pg_dms__transformer__seed43,PMS2,P43246:397:Q>A,0,0.006504544
train-clinvar+pg_dms__transformer__seed43,PMS2,P43246:397:Q>C,0,0.008713154
train-clinvar+pg_dms__transformer__seed43,PMS2,P43246:397:Q>D,0,0.011764292
train-clinvar+pg_dms__transformer__seed43,PMS2,P43246:397:Q>E,0,0.017133567
train-clinvar+pg_dms__transformer__seed43,PMS2,P43246:397:Q>F,0,0.04498301
train-clinvar+pg_dms__transformer__seed43,PMS2,P43246:397:Q>T,0,0.034793913
train-clinvar+pg_dms__transformer__seed43,PMS2,P43246:397:Q>S,0,0.004752583
train-clinvar+pg_dms__transformer__seed43,PMS2,P43246:397:Q>Y,0,0.012810814
train-clinvar+pg_dms__transformer__seed43,PMS2,P43246:397:Q>W,0,0.3391256
train-clinvar+pg_dms__transformer__seed43,PMS2,P43246:397:Q>V,0,0.031283915
train-clinvar+pg_dms__transformer__seed43,PMS2,P43246:397:Q>I,0,0.045082804
train-clinvar+pg_dms__transformer__seed43,PMS2,P43246:397:Q>K,0,0.019288182
train-clinvar+pg_dms__transformer__seed43,PMS2,P43246:397:Q>L,0,0.0063218554
train-clinvar+pg_dms__transformer__seed43,PMS2,P43246:397:Q>H,0,0.030433856
train-clinvar+pg_dms__transformer__seed43,PMS2,P43246:397:Q>R,0,0.0062858914
train-clinvar+pg_dms__transformer__seed43,PMS2,P43246:397:Q>P,0,0.13192089
train-clinvar+pg_dms__transformer__seed43,PMS2,P43246:397:Q>N,0,0.005923461
train-clinvar+pg_dms__transformer__seed43,PMS2,P43246:397:Q>M,0,0.26622364
train-clinvar+pg_dms__transformer__seed43,PMS2,P43246:399:A>K,0,0.4263349
train-clinvar+pg_dms__transformer__seed43,PMS2,P43246:399:A>C,0,0.031285733
train-clinvar+pg_dms__transformer__seed43,PMS2,P43246:399:A>I,0,0.31926423
train-clinvar+pg_dms__transformer__seed43,PMS2,P43246:399:A>L,0,0.19450665
train-clinvar+pg_dms__transformer__seed43,PMS2,P43246:399:A>D,0,0.6413847
train-clinvar+pg_dms__transformer__seed43,PMS2,P43246:399:A>N,0,0.35240182
train-clinvar+pg_dms__transformer__seed43,PMS2,P43246:399:A>P,0,0.75105226
train-clinvar+pg_dms__transformer__seed43,PMS2,P43246:399:A>Q,0,0.4007359
train-clinvar+pg_dms__transformer__seed43,PMS2,P43246:399:A>R,0,0.6185249
train-clinvar+pg_dms__transformer__seed43,PMS2,P43246:399:A>H,0,0.4747997
train-clinvar+pg_dms__transformer__seed43,PMS2,P43246:399:A>G,0,0.008058789
train-clinvar+pg_dms__transformer__seed43,PMS2,P43246:399:A>F,0,0.5022702
train-clinvar+pg_dms__transformer__seed43,PMS2,P43246:399:A>S,0,0.005640154
train-clinvar+pg_dms__transformer__seed43,PMS2,P43246:399:A>T,0,0.12430426
train-clinvar+pg_dms__transformer__seed43,PMS2,P43246:399:A>V,0,0.0577899
train-clinvar+pg_dms__transformer__seed43,PMS2,P43246:399:A>W,0,0.58885616
train-clinvar+pg_dms__transformer__seed43,PMS2,P43246:399:A>Y,0,0.4401322
train-clinvar+pg_dms__transformer__seed43,PMS2,P43246:399:A>M,0,0.5392035
train-clinvar+pg_dms__transformer__seed43,PMS2,P43246:399:A>E,0,0.4860008
train-clinvar+pg_dms__transformer__seed43,PMS2,P43246:409:Q>P,0,0.8140859
train-clinvar+pg_dms__transformer__seed43,PMS2,P43246:409:Q>Y,0,0.07729388
train-clinvar+pg_dms__transformer__seed43,PMS2,P43246:409:Q>W,0,0.5098157
train-clinvar+pg_dms__transformer__seed43,PMS2,P43246:409:Q>V,0,0.013434074
train-clinvar+pg_dms__transformer__seed43,PMS2,P43246:409:Q>T,0,0.07687577
train-clinvar+pg_dms__transformer__seed43,PMS2,P43246:409:Q>S,0,0.025527442
train-clinvar+pg_dms__transformer__seed43,PMS2,P43246:409:Q>M,0,0.31137243
train-clinvar+pg_dms__transformer__seed43,PMS2,P43246:409:Q>A,0,0.009558361
train-clinvar+pg_dms__transformer__seed43,PMS2,P43246:409:Q>L,0,0.008082096
train-clinvar+pg_dms__transformer__seed43,PMS2,P43246:409:Q>C,0,0.033899993
train-clinvar+pg_dms__transformer__seed43,PMS2,P43246:409:Q>D,0,0.24474593
train-clinvar+pg_dms__transformer__seed43,PMS2,P43246:409:Q>G,0,0.05931835
train-clinvar+pg_dms__transformer__seed43,PMS2,P43246:409:Q>F,0,0.12820074
train-clinvar+pg_dms__transformer__seed43,PMS2,P43246:409:Q>H,0,0.1357903
train-clinvar+pg_dms__transformer__seed43,PMS2,P43246:409:Q>I,0,0.011122752
train-clinvar+pg_dms__transformer__seed43,PMS2,P43246:409:Q>E,0,0.016169902
train-clinvar+pg_dms__transformer__seed43,PMS2,P43246:410:G>Y,0,0.6745058
train-clinvar+pg_dms__transformer__seed43,PMS2,P43246:410:G>V,0,0.021524876
train-clinvar+pg_dms__transformer__seed43,PMS2,P43246:410:G>T,0,0.05356881
train-clinvar+pg_dms__transformer__seed43,PMS2,P43246:410:G>S,0,0.007006837
train-clinvar+pg_dms__transformer__seed43,PMS2,P43246:410:G>R,0,0.9271612
train-clinvar+pg_dms__transformer__seed43,PMS2,P43246:410:G>Q,0,0.66165316
train-clinvar+pg_dms__transformer__seed43,PMS2,P43246:410:G>P,0,0.96531725
train-clinvar+pg_dms__transformer__seed43,PMS2,P43246:410:G>M,0,0.3631339
train-clinvar+pg_dms__transformer__seed43,PMS2,P43246:410:G>L,0,0.073202625
train-clinvar+pg_dms__transformer__seed43,PMS2,P43246:410:G>K,0,0.8080525
train-clinvar+pg_dms__transformer__seed43,PMS2,P43246:410:G>H,1,0.60803837
train-clinvar+pg_dms__transformer__seed43,PMS2,P43246:410:G>F,0,0.5219851
train-clinvar+pg_dms__transformer__seed43,PMS2,P43246:410:G>C,0,0.008258356
train-clinvar+pg_dms__transformer__seed43,PMS2,P43246:410:G>A,0,0.002685094
train-clinvar+pg_dms__transformer__seed43,PMS2,P43246:410:G>N,0,0.25030488
train-clinvar+pg_dms__transformer__seed43,PMS2,P43246:410:G>I,0,0.030970806
train-clinvar+pg_dms__transformer__seed43,PMS2,P43246:410:G>W,1,0.6405711
train-clinvar+pg_dms__transformer__seed43,PMS2,P43246:411:I>Y,0,0.6525215
train-clinvar+pg_dms__transformer__seed43,PMS2,P43246:411:I>T,0,0.2528077
train-clinvar+pg_dms__transformer__seed43,PMS2,P43246:411:I>S,0,0.21008734
train-clinvar+pg_dms__transformer__seed43,PMS2,P43246:411:I>R,1,0.82247037
train-clinvar+pg_dms__transformer__seed43,PMS2,P43246:411:I>Q,0,0.5919847
train-clinvar+pg_dms__transformer__seed43,PMS2,P43246:411:I>P,0,0.9358321
train-clinvar+pg_dms__transformer__seed43,PMS2,P43246:411:I>N,0,0.32084832
train-clinvar+pg_dms__transformer__seed43,PMS2,P43246:411:I>K,1,0.6230141
train-clinvar+pg_dms__transformer__seed43,PMS2,P43246:411:I>H,0,0.61597747
train-clinvar+pg_dms__transformer__seed43,PMS2,P43246:411:I>G,0,0.7875652
train-clinvar+pg_dms__transformer__seed43,PMS2,P43246:411:I>F,0,0.06070737
train-clinvar+pg_dms__transformer__seed43,PMS2,P43246:411:I>D,0,0.8442702
train-clinvar+pg_dms__transformer__seed43,PMS2,P43246:411:I>C,0,0.09974887
train-clinvar+pg_dms__transformer__seed43,PMS2,P43246:411:I>L,0,0.020813815
train-clinvar+pg_dms__transformer__seed43,PMS2,P43246:411:I>W,0,0.7033022
train-clinvar+pg_dms__transformer__seed43,PMS2,P43246:411:I>A,0,0.10242709
train-clinvar+pg_dms__transformer__seed43,PMS2,P43246:414:L>D,1,0.9084072
train-clinvar+pg_dms__transformer__seed43,PMS2,P43246:414:L>C,0,0.28255305
train-clinvar+pg_dms__transformer__seed43,PMS2,P43246:414:L>A,0,0.3923986
train-clinvar+pg_dms__transformer__seed43,PMS2,P43246:414:L>E,0,0.89486873
train-clinvar+pg_dms__transformer__seed43,PMS2,P43246:414:L>F,0,0.10062029
train-clinvar+pg_dms__transformer__seed43,PMS2,P43246:414:L>W,1,0.5808967
train-clinvar+pg_dms__transformer__seed43,PMS2,P43246:414:L>Y,0,0.57617253
train-clinvar+pg_dms__transformer__seed43,PMS2,P43246:414:L>I,0,0.056721617
train-clinvar+pg_dms__transformer__seed43,PMS2,P43246:414:L>K,0,0.7893396
train-clinvar+pg_dms__transformer__seed43,PMS2,P43246:414:L>H,0,0.68342257
train-clinvar+pg_dms__transformer__seed43,PMS2,P43246:414:L>N,0,0.8409182
train-clinvar+pg_dms__transformer__seed43,PMS2,P43246:414:L>P,1,0.949578
train-clinvar+pg_dms__transformer__seed43,PMS2,P43246:414:L>M,0,0.322376
train-clinvar+pg_dms__transformer__seed43,PMS2,P43246:414:L>G,0,0.89883405
train-clinvar+pg_dms__transformer__seed43,PMS2,P43246:414:L>S,0,0.7394967
train-clinvar+pg_dms__transformer__seed43,PMS2,P43246:414:L>T,0,0.46479216
train-clinvar+pg_dms__transformer__seed43,PMS2,P43246:414:L>Q,0,0.70212317
train-clinvar+pg_dms__transformer__seed43,PMS2,P43246:415:P>Q,0,0.034935374
train-clinvar+pg_dms__transformer__seed43,PMS2,P43246:415:P>N,0,0.061033662
train-clinvar+pg_dms__transformer__seed43,PMS2,P43246:415:P>M,0,0.3735408
train-clinvar+pg_dms__transformer__seed43,PMS2,P43246:415:P>K,0,0.10824961
train-clinvar+pg_dms__transformer__seed43,PMS2,P43246:415:P>D,0,0.047276616
train-clinvar+pg_dms__transformer__seed43,PMS2,P43246:415:P>H,0,0.12883848
train-clinvar+pg_dms__transformer__seed43,PMS2,P43246:415:P>G,0,0.031711277
train-clinvar+pg_dms__transformer__seed43,PMS2,P43246:415:P>F,0,0.20945822
train-clinvar+pg_dms__transformer__seed43,PMS2,P43246:415:P>E,0,0.065741725
train-clinvar+pg_dms__transformer__seed43,PMS2,P43246:415:P>C,0,0.069116674
train-clinvar+pg_dms__transformer__seed43,PMS2,P43246:415:P>T,0,0.06894087
train-clinvar+pg_dms__transformer__seed43,PMS2,P43246:415:P>I,0,0.08566309
train-clinvar+pg_dms__transformer__seed43,PMS2,P43246:415:P>V,0,0.08702668
train-clinvar+pg_dms__transformer__seed43,PMS2,P43246:415:P>S,0,0.018675713
train-clinvar+pg_dms__transformer__seed43,PMS2,P43246:415:P>Y,0,0.11623318
train-clinvar+pg_dms__transformer__seed43,PMS2,P43246:415:P>W,0,0.4692791
train-clinvar+pg_dms__transformer__seed43,PMS2,P43246:428:H>G,0,0.020844042
train-clinvar+pg_dms__transformer__seed43,PMS2,P43246:428:H>I,1,0.04538265
train-clinvar+pg_dms__transformer__seed43,PMS2,P43246:428:H>L,0,0.011641429
train-clinvar+pg_dms__transformer__seed43,PMS2,P43246:428:H>M,0,0.27864632
train-clinvar+pg_dms__transformer__seed43,PMS2,P43246:428:H>N,0,0.0073221233
train-clinvar+pg_dms__transformer__seed43,PMS2,P43246:428:H>P,0,0.10893132
train-clinvar+pg_dms__transformer__seed43,PMS2,P43246:428:H>Q,0,0.025172208
train-clinvar+pg_dms__transformer__seed43,PMS2,P43246:428:H>R,0,0.026178269
train-clinvar+pg_dms__transformer__seed43,PMS2,P43246:428:H>S,0,0.013974581
train-clinvar+pg_dms__transformer__seed43,PMS2,P43246:428:H>T,0,0.090245105
train-clinvar+pg_dms__transformer__seed43,PMS2,P43246:428:H>V,0,0.08121776
train-clinvar+pg_dms__transformer__seed43,PMS2,P43246:428:H>F,0,0.012063493
train-clinvar+pg_dms__transformer__seed43,PMS2,P43246:428:H>D,0,0.023591977
train-clinvar+pg_dms__transformer__seed43,PMS2,P43246:428:H>W,1,0.20167293
train-clinvar+pg_dms__transformer__seed43,PMS2,P43246:428:H>C,0,0.008300587
train-clinvar+pg_dms__transformer__seed43,PMS2,P43246:428:H>A,0,0.034852277
train-clinvar+pg_dms__transformer__seed43,PMS2,P43246:437:V>T,0,0.023621447
train-clinvar+pg_dms__transformer__seed43,PMS2,P43246:437:V>S,0,0.007714671
train-clinvar+pg_dms__transformer__seed43,PMS2,P43246:437:V>R,0,0.020672182
train-clinvar+pg_dms__transformer__seed43,PMS2,P43246:437:V>Q,0,0.009802159
train-clinvar+pg_dms__transformer__seed43,PMS2,P43246:437:V>P,1,0.7733017
train-clinvar+pg_dms__transformer__seed43,PMS2,P43246:437:V>L,0,0.012985846
train-clinvar+pg_dms__transformer__seed43,PMS2,P43246:437:V>I,0,0.008987195
train-clinvar+pg_dms__transformer__seed43,PMS2,P43246:437:V>H,0,0.13272141
train-clinvar+pg_dms__transformer__seed43,PMS2,P43246:437:V>G,0,0.008433265
train-clinvar+pg_dms__transformer__seed43,PMS2,P43246:437:V>E,0,0.02139705
train-clinvar+pg_dms__transformer__seed43,PMS2,P43246:437:V>D,0,0.040807135
train-clinvar+pg_dms__transformer__seed43,PMS2,P43246:437:V>C,0,0.013637861
train-clinvar+pg_dms__transformer__seed43,PMS2,P43246:437:V>A,0,0.0062377057
train-clinvar+pg_dms__transformer__seed43,PMS2,P43246:437:V>W,0,0.534625
train-clinvar+pg_dms__transformer__seed43,PMS2,P43246:437:V>K,0,0.050960094
train-clinvar+pg_dms__transformer__seed43,PMS2,P43246:437:V>F,0,0.0076354793
train-clinvar+pg_dms__transformer__seed43,PMS2,P43246:437:V>Y,0,0.031725056
train-clinvar+pg_dms__transformer__seed43,PMS2,P43246:438:T>A,0,0.017007139
train-clinvar+pg_dms__transformer__seed43,PMS2,P43246:438:T>C,0,0.015735691
train-clinvar+pg_dms__transformer__seed43,PMS2,P43246:438:T>Y,0,0.028494544
train-clinvar+pg_dms__transformer__seed43,PMS2,P43246:438:T>W,0,0.4042081
train-clinvar+pg_dms__transformer__seed43,PMS2,P43246:438:T>V,0,0.032370955
train-clinvar+pg_dms__transformer__seed43,PMS2,P43246:438:T>R,0,0.026280235
train-clinvar+pg_dms__transformer__seed43,PMS2,P43246:438:T>Q,0,0.016039094
train-clinvar+pg_dms__transformer__seed43,PMS2,P43246:438:T>N,0,0.023583345
train-clinvar+pg_dms__transformer__seed43,PMS2,P43246:438:T>L,0,0.0148414
train-clinvar+pg_dms__transformer__seed43,PMS2,P43246:438:T>K,0,0.03481423
train-clinvar+pg_dms__transformer__seed43,PMS2,P43246:438:T>G,0,0.026489938
train-clinvar+pg_dms__transformer__seed43,PMS2,P43246:438:T>F,0,0.026087118
train-clinvar+pg_dms__transformer__seed43,PMS2,P43246:438:T>M,0,0.2221269
train-clinvar+pg_dms__transformer__seed43,PMS2,P43246:438:T>E,0,0.028435994
train-clinvar+pg_dms__transformer__seed43,PMS2,P43246:438:T>D,0,0.04251502
train-clinvar+pg_dms__transformer__seed43,PMS2,P43246:442:D>P,0,0.6479706
train-clinvar+pg_dms__transformer__seed43,PMS2,P43246:442:D>A,0,0.015971264
train-clinvar+pg_dms__transformer__seed43,PMS2,P43246:442:D>C,0,0.073864885
train-clinvar+pg_dms__transformer__seed43,PMS2,P43246:442:D>E,0,0.023526447
train-clinvar+pg_dms__transformer__seed43,PMS2,P43246:442:D>H,0,0.19810227
train-clinvar+pg_dms__transformer__seed43,PMS2,P43246:442:D>I,0,0.07915685
train-clinvar+pg_dms__transformer__seed43,PMS2,P43246:442:D>K,0,0.16147774
train-clinvar+pg_dms__transformer__seed43,PMS2,P43246:442:D>L,0,0.050349187
train-clinvar+pg_dms__transformer__seed43,PMS2,P43246:442:D>N,0,0.042625636
train-clinvar+pg_dms__transformer__seed43,PMS2,P43246:442:D>R,0,0.100216284
train-clinvar+pg_dms__transformer__seed43,PMS2,P43246:442:D>Q,0,0.043711904
train-clinvar+pg_dms__transformer__seed43,PMS2,P43246:442:D>W,0,0.50533056
train-clinvar+pg_dms__transformer__seed43,PMS2,P43246:442:D>Y,0,0.029626481
train-clinvar+pg_dms__transformer__seed43,PMS2,P43246:442:D>V,0,0.049019784
train-clinvar+pg_dms__transformer__seed43,PMS2,P43246:442:D>T,0,0.121173136
train-clinvar+pg_dms__transformer__seed43,PMS2,P43246:442:D>S,0,0.022056958
train-clinvar+pg_dms__transformer__seed43,PMS2,P43246:448:S>D,0,0.026775846
train-clinvar+pg_dms__transformer__seed43,PMS2,P43246:448:S>N,0,0.0316501
train-clinvar+pg_dms__transformer__seed43,PMS2,P43246:448:S>M,0,0.353448
train-clinvar+pg_dms__transformer__seed43,PMS2,P43246:448:S>L,0,0.01521212
train-clinvar+pg_dms__transformer__seed43,PMS2,P43246:448:S>I,0,0.021681484
train-clinvar+pg_dms__transformer__seed43,PMS2,P43246:448:S>H,0,0.05448888
train-clinvar+pg_dms__transformer__seed43,PMS2,P43246:448:S>G,0,0.016036082
train-clinvar+pg_dms__transformer__seed43,PMS2,P43246:448:S>F,0,0.026858859
train-clinvar+pg_dms__transformer__seed43,PMS2,P43246:448:S>E,0,0.049461238
train-clinvar+pg_dms__transformer__seed43,PMS2,P43246:448:S>W,1,0.43305808
train-clinvar+pg_dms__transformer__seed43,PMS2,P43246:448:S>V,0,0.024905482
train-clinvar+pg_dms__transformer__seed43,PMS2,P43246:448:S>T,0,0.057439398
train-clinvar+pg_dms__transformer__seed43,PMS2,P43246:448:S>Q,0,0.032528937
train-clinvar+pg_dms__transformer__seed43,PMS2,P43246:448:S>P,0,0.6382474
train-clinvar+pg_dms__transformer__seed43,PMS2,P43246:448:S>R,0,0.045804054
train-clinvar+pg_dms__transformer__seed43,PMS2,P43246:448:S>A,0,0.010381522
train-clinvar+pg_dms__transformer__seed43,PMS2,P43246:452:E>V,0,0.09139971
train-clinvar+pg_dms__transformer__seed43,PMS2,P43246:452:E>P,0,0.7350512
train-clinvar+pg_dms__transformer__seed43,PMS2,P43246:452:E>T,0,0.18938611
train-clinvar+pg_dms__transformer__seed43,PMS2,P43246:452:E>S,0,0.04280979
train-clinvar+pg_dms__transformer__seed43,PMS2,P43246:452:E>R,0,0.1729921
train-clinvar+pg_dms__transformer__seed43,PMS2,P43246:452:E>Q,0,0.019055316
train-clinvar+pg_dms__transformer__seed43,PMS2,P43246:452:E>M,0,0.514368
train-clinvar+pg_dms__transformer__seed43,PMS2,P43246:452:E>K,0,0.29093713
train-clinvar+pg_dms__transformer__seed43,PMS2,P43246:452:E>I,0,0.13886712
train-clinvar+pg_dms__transformer__seed43,PMS2,P43246:452:E>H,0,0.22553703
train-clinvar+pg_dms__transformer__seed43,PMS2,P43246:452:E>G,0,0.024283677
train-clinvar+pg_dms__transformer__seed43,PMS2,P43246:452:E>D,0,0.012854111
train-clinvar+pg_dms__transformer__seed43,PMS2,P43246:452:E>C,0,0.088326596
train-clinvar+pg_dms__transformer__seed43,PMS2,P43246:452:E>A,0,0.01411224
train-clinvar+pg_dms__transformer__seed43,PMS2,P43246:452:E>W,0,0.56831986
train-clinvar+pg_dms__transformer__seed43,PMS2,P43246:452:E>L,0,0.09340802
train-clinvar+pg_dms__transformer__seed43,PMS2,P43246:452:E>Y,0,0.18273383
train-clinvar+pg_dms__transformer__seed43,PMS2,P43246:459:D>E,0,0.7684899
train-clinvar+pg_dms__transformer__seed43,PMS2,P43246:459:D>W,0,0.6263706
train-clinvar+pg_dms__transformer__seed43,PMS2,P43246:459:D>V,1,0.5627488
train-clinvar+pg_dms__transformer__seed43,PMS2,P43246:459:D>T,1,0.642091
train-clinvar+pg_dms__transformer__seed43,PMS2,P43246:459:D>S,0,0.46640286
train-clinvar+pg_dms__transformer__seed43,PMS2,P43246:459:D>R,1,0.6719495
train-clinvar+pg_dms__transformer__seed43,PMS2,P43246:459:D>Q,1,0.62259185
train-clinvar+pg_dms__transformer__seed43,PMS2,P43246:459:D>A,0,0.61552805
train-clinvar+pg_dms__transformer__seed43,PMS2,P43246:459:D>M,0,0.63383824
train-clinvar+pg_dms__transformer__seed43,PMS2,P43246:459:D>L,0,0.5699902
train-clinvar+pg_dms__transformer__seed43,PMS2,P43246:459:D>K,0,0.59902847
train-clinvar+pg_dms__transformer__seed43,PMS2,P43246:459:D>I,1,0.6745491
train-clinvar+pg_dms__transformer__seed43,PMS2,P43246:459:D>F,0,0.6797144
train-clinvar+pg_dms__transformer__seed43,PMS2,P43246:459:D>P,1,0.8472817
train-clinvar+pg_dms__transformer__seed43,PMS2,P43246:464:E>L,0,0.03126766
train-clinvar+pg_dms__transformer__seed43,PMS2,P43246:464:E>A,0,0.008604091
train-clinvar+pg_dms__transformer__seed43,PMS2,P43246:464:E>C,0,0.05373281
train-clinvar+pg_dms__transformer__seed43,PMS2,P43246:464:E>D,0,0.008198267
train-clinvar+pg_dms__transformer__seed43,PMS2,P43246:464:E>F,0,0.18891959
train-clinvar+pg_dms__transformer__seed43,PMS2,P43246:464:E>G,0,0.008266753
train-clinvar+pg_dms__transformer__seed43,PMS2,P43246:464:E>K,0,0.068292
train-clinvar+pg_dms__transformer__seed43,PMS2,P43246:464:E>Y,0,0.13545299
train-clinvar+pg_dms__transformer__seed43,PMS2,P43246:464:E>H,0,0.22114061
train-clinvar+pg_dms__transformer__seed43,PMS2,P43246:464:E>I,0,0.11137668
train-clinvar+pg_dms__transformer__seed43,PMS2,P43246:464:E>W,0,0.53384084
train-clinvar+pg_dms__transformer__seed43,PMS2,P43246:464:E>N,0,0.035356093
train-clinvar+pg_dms__transformer__seed43,PMS2,P43246:464:E>P,0,0.40236026
train-clinvar+pg_dms__transformer__seed43,PMS2,P43246:464:E>R,0,0.022484591
train-clinvar+pg_dms__transformer__seed43,PMS2,P43246:464:E>S,0,0.009562614
train-clinvar+pg_dms__transformer__seed43,PMS2,P43246:464:E>T,0,0.11119533
train-clinvar+pg_dms__transformer__seed43,PMS2,P43246:464:E>M,0,0.4554453
train-clinvar+pg_dms__transformer__seed43,PMS2,P43246:464:E>V,0,0.04610235
train-clinvar+pg_dms__transformer__seed43,PMS2,P43246:475:D>C,0,0.30413833
train-clinvar+pg_dms__transformer__seed43,PMS2,P43246:475:D>S,0,0.22243403
train-clinvar+pg_dms__transformer__seed43,PMS2,P43246:475:D>V,0,0.5066437
train-clinvar+pg_dms__transformer__seed43,PMS2,P43246:475:D>W,0,0.51656705
train-clinvar+pg_dms__transformer__seed43,PMS2,P43246:475:D>Y,0,0.36769453
train-clinvar+pg_dms__transformer__seed43,PMS2,P43246:475:D>R,0,0.6347661
train-clinvar+pg_dms__transformer__seed43,PMS2,P43246:475:D>Q,0,0.43659738
train-clinvar+pg_dms__transformer__seed43,PMS2,P43246:475:D>T,0,0.54503965
train-clinvar+pg_dms__transformer__seed43,PMS2,P43246:475:D>N,0,0.24312732
train-clinvar+pg_dms__transformer__seed43,PMS2,P43246:475:D>F,0,0.5163915
train-clinvar+pg_dms__transformer__seed43,PMS2,P43246:475:D>M,0,0.4979439
train-clinvar+pg_dms__transformer__seed43,PMS2,P43246:475:D>L,0,0.41403723
train-clinvar+pg_dms__transformer__seed43,PMS2,P43246:475:D>K,0,0.50962126
train-clinvar+pg_dms__transformer__seed43,PMS2,P43246:475:D>I,0,0.47261772
train-clinvar+pg_dms__transformer__seed43,PMS2,P43246:475:D>P,1,0.7564999
train-clinvar+pg_dms__transformer__seed43,PMS2,P43246:475:D>E,0,0.56561494
train-clinvar+pg_dms__transformer__seed43,PMS2,P43246:475:D>G,0,0.5334055
train-clinvar+pg_dms__transformer__seed43,PMS2,P43246:475:D>H,0,0.47470835
train-clinvar+pg_dms__transformer__seed43,PMS2,P43246:483:E>Q,0,0.0053395266
train-clinvar+pg_dms__transformer__seed43,PMS2,P43246:483:E>L,0,0.009871268
train-clinvar+pg_dms__transformer__seed43,PMS2,P43246:483:E>K,0,0.019508118
train-clinvar+pg_dms__transformer__seed43,PMS2,P43246:483:E>I,0,0.007381587
train-clinvar+pg_dms__transformer__seed43,PMS2,P43246:483:E>H,1,0.035705604
train-clinvar+pg_dms__transformer__seed43,PMS2,P43246:483:E>G,0,0.0095278835
train-clinvar+pg_dms__transformer__seed43,PMS2,P43246:483:E>F,0,0.024162259
train-clinvar+pg_dms__transformer__seed43,PMS2,P43246:483:E>D,0,0.014871898
train-clinvar+pg_dms__transformer__seed43,PMS2,P43246:483:E>C,0,0.009089644
train-clinvar+pg_dms__transformer__seed43,PMS2,P43246:483:E>A,0,0.004983409
train-clinvar+pg_dms__transformer__seed43,PMS2,P43246:483:E>M,0,0.29526204
train-clinvar+pg_dms__transformer__seed43,PMS2,P43246:483:E>Y,0,0.019412193
train-clinvar+pg_dms__transformer__seed43,PMS2,P43246:483:E>W,0,0.43128297
train-clinvar+pg_dms__transformer__seed43,PMS2,P43246:483:E>V,0,0.012207092
train-clinvar+pg_dms__transformer__seed43,PMS2,P43246:483:E>T,0,0.044735573
train-clinvar+pg_dms__transformer__seed43,PMS2,P43246:483:E>S,0,0.007226781
train-clinvar+pg_dms__transformer__seed43,PMS2,P43246:483:E>R,0,0.0121329315
train-clinvar+pg_dms__transformer__seed43,PMS2,P43246:483:E>P,0,0.68945473
train-clinvar+pg_dms__transformer__seed43,PMS2,P43246:489:E>D,0,0.0048450967
train-clinvar+pg_dms__transformer__seed43,PMS2,P43246:489:E>K,1,0.07696827
train-clinvar+pg_dms__transformer__seed43,PMS2,P43246:489:E>C,0,0.056347396
train-clinvar+pg_dms__transformer__seed43,PMS2,P43246:489:E>L,0,0.045983963
train-clinvar+pg_dms__transformer__seed43,PMS2,P43246:489:E>M,0,0.48146206
train-clinvar+pg_dms__transformer__seed43,PMS2,P43246:489:E>N,0,0.020905267
train-clinvar+pg_dms__transformer__seed43,PMS2,P43246:489:E>P,0,0.7977658
train-clinvar+pg_dms__transformer__seed43,PMS2,P43246:489:E>Q,0,0.0047052316
train-clinvar+pg_dms__transformer__seed43,PMS2,P43246:489:E>R,0,0.03559589
train-clinvar+pg_dms__transformer__seed43,PMS2,P43246:489:E>S,0,0.0076667313
train-clinvar+pg_dms__transformer__seed43,PMS2,P43246:489:E>T,0,0.090730086
train-clinvar+pg_dms__transformer__seed43,PMS2,P43246:489:E>V,0,0.05234682
train-clinvar+pg_dms__transformer__seed43,PMS2,P43246:489:E>W,0,0.5717065
train-clinvar+pg_dms__transformer__seed43,PMS2,P43246:489:E>Y,0,0.13776027
train-clinvar+pg_dms__transformer__seed43,PMS2,P43246:489:E>A,0,0.009471504
train-clinvar+pg_dms__transformer__seed43,PMS2,P43246:489:E>G,0,0.0055138003
train-clinvar+pg_dms__transformer__seed43,PMS2,P43246:489:E>F,0,0.16847657
train-clinvar+pg_dms__transformer__seed43,PMS2,P43246:489:E>I,0,0.058387548
train-clinvar+pg_dms__transformer__seed43,PMS2,P43246:489:E>H,0,0.11271307
train-clinvar+pg_dms__transformer__seed43,PMS2,P43246:492:M>W,1,0.9449244
train-clinvar+pg_dms__transformer__seed43,PMS2,P43246:492:M>V,0,0.111225694
train-clinvar+pg_dms__transformer__seed43,PMS2,P43246:492:M>T,0,0.25328678
train-clinvar+pg_dms__transformer__seed43,PMS2,P43246:492:M>P,1,0.9585236
train-clinvar+pg_dms__transformer__seed43,PMS2,P43246:492:M>S,0,0.6143515
train-clinvar+pg_dms__transformer__seed43,PMS2,P43246:492:M>R,0,0.82453597
train-clinvar+pg_dms__transformer__seed43,PMS2,P43246:492:M>Q,0,0.53606254
train-clinvar+pg_dms__transformer__seed43,PMS2,P43246:492:M>N,1,0.6158523
train-clinvar+pg_dms__transformer__seed43,PMS2,P43246:492:M>D,1,0.7384774
train-clinvar+pg_dms__transformer__seed43,PMS2,P43246:492:M>K,0,0.8832894
train-clinvar+pg_dms__transformer__seed43,PMS2,P43246:492:M>I,0,0.1244686
train-clinvar+pg_dms__transformer__seed43,PMS2,P43246:492:M>G,0,0.60599464
train-clinvar+pg_dms__transformer__seed43,PMS2,P43246:492:M>F,0,0.49182406
train-clinvar+pg_dms__transformer__seed43,PMS2,P43246:492:M>E,1,0.84983534
train-clinvar+pg_dms__transformer__seed43,PMS2,P43246:492:M>C,0,0.2174246
train-clinvar+pg_dms__transformer__seed43,PMS2,P43246:492:M>A,0,0.224745
train-clinvar+pg_dms__transformer__seed43,PMS2,P43246:492:M>Y,0,0.6141202
train-clinvar+pg_dms__transformer__seed43,PMS2,P43246:492:M>L,0,0.049213123
train-clinvar+pg_dms__transformer__seed43,PMS2,P43246:499:A>W,1,0.694389
train-clinvar+pg_dms__transformer__seed43,PMS2,P43246:499:A>H,1,0.5127028
train-clinvar+pg_dms__transformer__seed43,PMS2,P43246:499:A>G,0,0.013520777
train-clinvar+pg_dms__transformer__seed43,PMS2,P43246:499:A>Y,0,0.49503163
train-clinvar+pg_dms__transformer__seed43,PMS2,P43246:499:A>F,1,0.43400565
train-clinvar+pg_dms__transformer__seed43,PMS2,P43246:499:A>E,0,0.6305006
train-clinvar+pg_dms__transformer__seed43,PMS2,P43246:499:A>C,0,0.012386701
train-clinvar+pg_dms__transformer__seed43,PMS2,P43246:499:A>I,0,0.035611857
train-clinvar+pg_dms__transformer__seed43,PMS2,P43246:499:A>L,1,0.047512893
train-clinvar+pg_dms__transformer__seed43,PMS2,P43246:499:A>N,1,0.22273968
train-clinvar+pg_dms__transformer__seed43,PMS2,P43246:499:A>Q,0,0.36918557
train-clinvar+pg_dms__transformer__seed43,PMS2,P43246:499:A>R,1,0.6803855
train-clinvar+pg_dms__transformer__seed43,PMS2,P43246:499:A>V,0,0.018250696
train-clinvar+pg_dms__transformer__seed43,PMS2,P43246:499:A>M,0,0.3293968
train-clinvar+pg_dms__transformer__seed43,PMS2,P43246:499:A>K,1,0.6251292
train-clinvar+pg_dms__transformer__seed43,PMS2,P43246:500:A>T,0,0.2638045
train-clinvar+pg_dms__transformer__seed43,PMS2,P43246:500:A>N,0,0.36454266
train-clinvar+pg_dms__transformer__seed43,PMS2,P43246:500:A>S,0,0.007826079
train-clinvar+pg_dms__transformer__seed43,PMS2,P43246:500:A>W,1,0.65293515
train-clinvar+pg_dms__transformer__seed43,PMS2,P43246:500:A>Y,0,0.47077954
train-clinvar+pg_dms__transformer__seed43,PMS2,P43246:500:A>P,1,0.884996
train-clinvar+pg_dms__transformer__seed43,PMS2,P43246:500:A>Q,0,0.40019494
train-clinvar+pg_dms__transformer__seed43,PMS2,P43246:500:A>R,0,0.6685847
train-clinvar+pg_dms__transformer__seed43,PMS2,P43246:500:A>L,1,0.4053702
train-clinvar+pg_dms__transformer__seed43,PMS2,P43246:500:A>C,0,0.045667846
train-clinvar+pg_dms__transformer__seed43,PMS2,P43246:500:A>D,1,0.765458
train-clinvar+pg_dms__transformer__seed43,PMS2,P43246:500:A>E,0,0.6518788
train-clinvar+pg_dms__transformer__seed43,PMS2,P43246:500:A>G,0,0.013540132
train-clinvar+pg_dms__transformer__seed43,PMS2,P43246:500:A>H,0,0.5855632
train-clinvar+pg_dms__transformer__seed43,PMS2,P43246:500:A>M,0,0.5705622
train-clinvar+pg_dms__transformer__seed43,PMS2,P43246:500:A>I,0,0.4728636
train-clinvar+pg_dms__transformer__seed43,PMS2,P43246:501:R>Q,0,0.045044392
train-clinvar+pg_dms__transformer__seed43,PMS2,P43246:501:R>Y,0,0.18261828
train-clinvar+pg_dms__transformer__seed43,PMS2,P43246:501:R>H,0,0.106372215
train-clinvar+pg_dms__transformer__seed43,PMS2,P43246:501:R>P,0,0.8783687
train-clinvar+pg_dms__transformer__seed43,PMS2,P43246:501:R>M,0,0.5274301
train-clinvar+pg_dms__transformer__seed43,PMS2,P43246:501:R>L,0,0.1916305
train-clinvar+pg_dms__transformer__seed43,PMS2,P43246:501:R>K,0,0.0925659
train-clinvar+pg_dms__transformer__seed43,PMS2,P43246:501:R>I,0,0.2522803
train-clinvar+pg_dms__transformer__seed43,PMS2,P43246:501:R>S,0,0.11742791
train-clinvar+pg_dms__transformer__seed43,PMS2,P43246:501:R>T,0,0.15292442
train-clinvar+pg_dms__transformer__seed43,PMS2,P43246:501:R>W,1,0.5139033
train-clinvar+pg_dms__transformer__seed43,PMS2,P43246:501:R>F,0,0.31312168
train-clinvar+pg_dms__transformer__seed43,PMS2,P43246:501:R>E,0,0.08676834
train-clinvar+pg_dms__transformer__seed43,PMS2,P43246:501:R>D,0,0.13200475
train-clinvar+pg_dms__transformer__seed43,PMS2,P43246:501:R>A,0,0.097280525
train-clinvar+pg_dms__transformer__seed43,PMS2,P43246:501:R>V,0,0.20726126
train-clinvar+pg_dms__transformer__seed43,PMS2,P43246:504:G>S,0,0.1085966
train-clinvar+pg_dms__transformer__seed43,PMS2,P43246:504:G>T,0,0.2698669
train-clinvar+pg_dms__transformer__seed43,PMS2,P43246:504:G>Y,0,0.34568274
train-clinvar+pg_dms__transformer__seed43,PMS2,P43246:504:G>Q,0,0.16526179
train-clinvar+pg_dms__transformer__seed43,PMS2,P43246:504:G>D,0,0.16734165
train-clinvar+pg_dms__transformer__seed43,PMS2,P43246:504:G>E,0,0.21648066
train-clinvar+pg_dms__transformer__seed43,PMS2,P43246:504:G>W,0,0.5691082
train-clinvar+pg_dms__transformer__seed43,PMS2,P43246:504:G>F,0,0.53170246
train-clinvar+pg_dms__transformer__seed43,PMS2,P43246:504:G>H,0,0.24368764
train-clinvar+pg_dms__transformer__seed43,PMS2,P43246:504:G>I,0,0.46014434
train-clinvar+pg_dms__transformer__seed43,PMS2,P43246:504:G>K,0,0.25668108
train-clinvar+pg_dms__transformer__seed43,PMS2,P43246:504:G>L,0,0.39318097
train-clinvar+pg_dms__transformer__seed43,PMS2,P43246:504:G>M,1,0.51529384
train-clinvar+pg_dms__transformer__seed43,PMS2,P43246:504:G>N,0,0.13380092
train-clinvar+pg_dms__transformer__seed43,PMS2,P43246:504:G>P,1,0.7550457
train-clinvar+pg_dms__transformer__seed43,PMS2,P43246:507:P>A,0,0.006977655
train-clinvar+pg_dms__transformer__seed43,PMS2,P43246:507:P>W,0,0.5811787
train-clinvar+pg_dms__transformer__seed43,PMS2,P43246:507:P>V,0,0.022624465
train-clinvar+pg_dms__transformer__seed43,PMS2,P43246:507:P>C,0,0.025664851
train-clinvar+pg_dms__transformer__seed43,PMS2,P43246:507:P>R,0,0.048678227
train-clinvar+pg_dms__transformer__seed43,PMS2,P43246:507:P>Y,0,0.038308762
train-clinvar+pg_dms__transformer__seed43,PMS2,P43246:507:P>Q,0,0.015617795
train-clinvar+pg_dms__transformer__seed43,PMS2,P43246:507:P>N,0,0.044014797
train-clinvar+pg_dms__transformer__seed43,PMS2,P43246:507:P>M,0,0.24662952
train-clinvar+pg_dms__transformer__seed43,PMS2,P43246:507:P>L,0,0.019657975
train-clinvar+pg_dms__transformer__seed43,PMS2,P43246:507:P>K,0,0.07084213
train-clinvar+pg_dms__transformer__seed43,PMS2,P43246:507:P>I,0,0.013177157
train-clinvar+pg_dms__transformer__seed43,PMS2,P43246:507:P>H,0,0.046816636
train-clinvar+pg_dms__transformer__seed43,PMS2,P43246:507:P>G,0,0.012414341
train-clinvar+pg_dms__transformer__seed43,PMS2,P43246:507:P>F,0,0.060759258
train-clinvar+pg_dms__transformer__seed43,PMS2,P43246:507:P>E,0,0.05412094
train-clinvar+pg_dms__transformer__seed43,PMS2,P43246:507:P>D,0,0.111578204
train-clinvar+pg_dms__transformer__seed43,PMS2,P43246:507:P>S,0,0.005389685
train-clinvar+pg_dms__transformer__seed43,PMS2,P43246:531:K>Y,0,0.25683594
train-clinvar+pg_dms__transformer__seed43,PMS2,P43246:531:K>W,0,0.6116542
train-clinvar+pg_dms__transformer__seed43,PMS2,P43246:531:K>V,0,0.40849757
train-clinvar+pg_dms__transformer__seed43,PMS2,P43246:531:K>T,0,0.34629202
train-clinvar+pg_dms__transformer__seed43,PMS2,P43246:531:K>S,0,0.2692719
train-clinvar+pg_dms__transformer__seed43,PMS2,P43246:531:K>P,0,0.73023283
train-clinvar+pg_dms__transformer__seed43,PMS2,P43246:531:K>R,0,0.048081893
train-clinvar+pg_dms__transformer__seed43,PMS2,P43246:531:K>G,0,0.1867051
train-clinvar+pg_dms__transformer__seed43,PMS2,P43246:531:K>H,0,0.5053368
train-clinvar+pg_dms__transformer__seed43,PMS2,P43246:531:K>F,0,0.35014093
train-clinvar+pg_dms__transformer__seed43,PMS2,P43246:531:K>L,0,0.25590327
train-clinvar+pg_dms__transformer__seed43,PMS2,P43246:531:K>M,0,0.55840933
train-clinvar+pg_dms__transformer__seed43,PMS2,P43246:531:K>D,1,0.4270963
train-clinvar+pg_dms__transformer__seed43,PMS2,P43246:531:K>C,0,0.17330742
train-clinvar+pg_dms__transformer__seed43,PMS2,P43246:531:K>A,0,0.24471012
train-clinvar+pg_dms__transformer__seed43,PMS2,P43246:531:K>I,0,0.3714719
train-clinvar+pg_dms__transformer__seed43,PMS2,P43246:532:V>D,0,0.12521555
train-clinvar+pg_dms__transformer__seed43,PMS2,P43246:532:V>K,0,0.2037708
train-clinvar+pg_dms__transformer__seed43,PMS2,P43246:532:V>G,0,0.011235658
train-clinvar+pg_dms__transformer__seed43,PMS2,P43246:532:V>F,0,0.024558825
train-clinvar+pg_dms__transformer__seed43,PMS2,P43246:532:V>A,0,0.01298334
train-clinvar+pg_dms__transformer__seed43,PMS2,P43246:532:V>C,0,0.024206907
train-clinvar+pg_dms__transformer__seed43,PMS2,P43246:532:V>E,0,0.08789483
train-clinvar+pg_dms__transformer__seed43,PMS2,P43246:532:V>Y,0,0.059547063
train-clinvar+pg_dms__transformer__seed43,PMS2,P43246:532:V>W,0,0.57193416
train-clinvar+pg_dms__transformer__seed43,PMS2,P43246:532:V>L,0,0.014129912
train-clinvar+pg_dms__transformer__seed43,PMS2,P43246:532:V>M,0,0.20338851
train-clinvar+pg_dms__transformer__seed43,PMS2,P43246:532:V>N,0,0.028537342
train-clinvar+pg_dms__transformer__seed43,PMS2,P43246:532:V>P,0,0.39637852
train-clinvar+pg_dms__transformer__seed43,PMS2,P43246:532:V>T,0,0.039259616
train-clinvar+pg_dms__transformer__seed43,PMS2,P43246:532:V>S,0,0.012177189
train-clinvar+pg_dms__transformer__seed43,PMS2,P43246:532:V>Q,0,0.015854161
train-clinvar+pg_dms__transformer__seed43,PMS2,P43246:532:V>R,0,0.26558706
train-clinvar+pg_dms__transformer__seed43,PMS2,P43246:537:K>A,0,0.07523988
train-clinvar+pg_dms__transformer__seed43,PMS2,P43246:537:K>C,0,0.102330856
train-clinvar+pg_dms__transformer__seed43,PMS2,P43246:537:K>I,0,0.2612965
train-clinvar+pg_dms__transformer__seed43,PMS2,P43246:537:K>E,0,0.16410622
train-clinvar+pg_dms__transformer__seed43,PMS2,P43246:537:K>F,0,0.28320837
train-clinvar+pg_dms__transformer__seed43,PMS2,P43246:537:K>G,0,0.09639318
train-clinvar+pg_dms__transformer__seed43,PMS2,P43246:537:K>H,0,0.28468972
train-clinvar+pg_dms__transformer__seed43,PMS2,P43246:537:K>D,0,0.28942463
train-clinvar+pg_dms__transformer__seed43,PMS2,P43246:537:K>L,0,0.1831986
train-clinvar+pg_dms__transformer__seed43,PMS2,P43246:537:K>M,0,0.51345056
train-clinvar+pg_dms__transformer__seed43,PMS2,P43246:537:K>N,0,0.1773763
train-clinvar+pg_dms__transformer__seed43,PMS2,P43246:537:K>Q,0,0.038777754
train-clinvar+pg_dms__transformer__seed43,PMS2,P43246:537:K>R,0,0.030989619
train-clinvar+pg_dms__transformer__seed43,PMS2,P43246:537:K>S,0,0.07788805
train-clinvar+pg_dms__transformer__seed43,PMS2,P43246:537:K>T,0,0.19089891
train-clinvar+pg_dms__transformer__seed43,PMS2,P43246:537:K>V,0,0.22486457
train-clinvar+pg_dms__transformer__seed43,PMS2,P43246:537:K>W,0,0.581621
train-clinvar+pg_dms__transformer__seed43,PMS2,P43246:537:K>Y,0,0.19541822
train-clinvar+pg_dms__transformer__seed43,PMS2,P43246:537:K>P,0,0.5027654
train-clinvar+pg_dms__transformer__seed43,PMS2,P43246:542:V>P,1,0.863041
train-clinvar+pg_dms__transformer__seed43,PMS2,P43246:542:V>Q,0,0.032272015
train-clinvar+pg_dms__transformer__seed43,PMS2,P43246:542:V>R,0,0.052620117
train-clinvar+pg_dms__transformer__seed43,PMS2,P43246:542:V>H,0,0.442139
train-clinvar+pg_dms__transformer__seed43,PMS2,P43246:542:V>G,0,0.08784006
train-clinvar+pg_dms__transformer__seed43,PMS2,P43246:542:V>F,0,0.013470418
train-clinvar+pg_dms__transformer__seed43,PMS2,P43246:542:V>E,0,0.21508877
train-clinvar+pg_dms__transformer__seed43,PMS2,P43246:542:V>Y,0,0.14505923
train-clinvar+pg_dms__transformer__seed43,PMS2,P43246:542:V>W,0,0.63137513
train-clinvar+pg_dms__transformer__seed43,PMS2,P43246:542:V>S,0,0.047277734
train-clinvar+pg_dms__transformer__seed43,PMS2,P43246:542:V>N,0,0.14153714
train-clinvar+pg_dms__transformer__seed43,PMS2,P43246:542:V>M,0,0.2701663
train-clinvar+pg_dms__transformer__seed43,PMS2,P43246:542:V>C,0,0.04806577
train-clinvar+pg_dms__transformer__seed43,PMS2,P43246:542:V>A,0,0.019111553
train-clinvar+pg_dms__transformer__seed43,PMS2,P43246:542:V>L,0,0.006748306
train-clinvar+pg_dms__transformer__seed43,PMS2,P43246:542:V>K,0,0.14445713
train-clinvar+pg_dms__transformer__seed43,PMS2,P43246:542:V>I,0,0.01245014
train-clinvar+pg_dms__transformer__seed43,PMS2,P43246:542:V>T,0,0.08867077
train-clinvar+pg_dms__transformer__seed43,PMS2,P43246:549:V>A,1,0.68732417
train-clinvar+pg_dms__transformer__seed43,PMS2,P43246:549:V>I,0,0.02352263
train-clinvar+pg_dms__transformer__seed43,PMS2,P43246:549:V>H,0,0.8187722
train-clinvar+pg_dms__transformer__seed43,PMS2,P43246:549:V>G,1,0.8364765
train-clinvar+pg_dms__transformer__seed43,PMS2,P43246:549:V>F,0,0.61875886
train-clinvar+pg_dms__transformer__seed43,PMS2,P43246:549:V>E,1,0.9572665
train-clinvar+pg_dms__transformer__seed43,PMS2,P43246:549:V>D,1,0.93232995
train-clinvar+pg_dms__transformer__seed43,PMS2,P43246:549:V>L,0,0.3673486
train-clinvar+pg_dms__transformer__seed43,PMS2,P43246:549:V>M,1,0.65225345
train-clinvar+pg_dms__transformer__seed43,PMS2,P43246:549:V>N,1,0.68077236
train-clinvar+pg_dms__transformer__seed43,PMS2,P43246:549:V>P,1,0.97140366
train-clinvar+pg_dms__transformer__seed43,PMS2,P43246:549:V>R,1,0.9210184
train-clinvar+pg_dms__transformer__seed43,PMS2,P43246:549:V>S,1,0.78326154
train-clinvar+pg_dms__transformer__seed43,PMS2,P43246:549:V>T,1,0.73561203
train-clinvar+pg_dms__transformer__seed43,PMS2,P43246:549:V>W,0,0.8359842
train-clinvar+pg_dms__transformer__seed43,PMS2,P43246:549:V>Y,0,0.7997709
train-clinvar+pg_dms__transformer__seed43,PMS2,P43246:556:L>N,1,0.8273478
train-clinvar+pg_dms__transformer__seed43,PMS2,P43246:556:L>P,1,0.9622816
train-clinvar+pg_dms__transformer__seed43,PMS2,P43246:556:L>Q,0,0.86701757
train-clinvar+pg_dms__transformer__seed43,PMS2,P43246:556:L>R,1,0.99129784
train-clinvar+pg_dms__transformer__seed43,PMS2,P43246:556:L>T,1,0.78742725
train-clinvar+pg_dms__transformer__seed43,PMS2,P43246:556:L>V,0,0.26406533
train-clinvar+pg_dms__transformer__seed43,PMS2,P43246:556:L>Y,1,0.8029958
train-clinvar+pg_dms__transformer__seed43,PMS2,P43246:556:L>M,0,0.33607978
train-clinvar+pg_dms__transformer__seed43,PMS2,P43246:556:L>A,1,0.82411385
train-clinvar+pg_dms__transformer__seed43,PMS2,P43246:556:L>K,1,0.8502238
train-clinvar+pg_dms__transformer__seed43,PMS2,P43246:556:L>H,1,0.7828315
train-clinvar+pg_dms__transformer__seed43,PMS2,P43246:556:L>G,1,0.92817974
train-clinvar+pg_dms__transformer__seed43,PMS2,P43246:556:L>E,1,0.90654725
train-clinvar+pg_dms__transformer__seed43,PMS2,P43246:556:L>D,1,0.89262867
train-clinvar+pg_dms__transformer__seed43,PMS2,P43246:556:L>C,1,0.52206737
train-clinvar+pg_dms__transformer__seed43,PMS2,P43246:556:L>I,0,0.2446343
train-clinvar+pg_dms__transformer__seed43,PMS2,P43246:557:T>F,0,0.032384936
train-clinvar+pg_dms__transformer__seed43,PMS2,P43246:557:T>C,0,0.01831684
train-clinvar+pg_dms__transformer__seed43,PMS2,P43246:557:T>H,0,0.04315254
train-clinvar+pg_dms__transformer__seed43,PMS2,P43246:557:T>I,0,0.039314497
train-clinvar+pg_dms__transformer__seed43,PMS2,P43246:557:T>K,0,0.057815608
train-clinvar+pg_dms__transformer__seed43,PMS2,P43246:557:T>M,0,0.23404486
train-clinvar+pg_dms__transformer__seed43,PMS2,P43246:557:T>N,0,0.04260647
train-clinvar+pg_dms__transformer__seed43,PMS2,P43246:557:T>P,1,0.655536
train-clinvar+pg_dms__transformer__seed43,PMS2,P43246:557:T>Q,0,0.015778074
train-clinvar+pg_dms__transformer__seed43,PMS2,P43246:557:T>R,0,0.03682522
train-clinvar+pg_dms__transformer__seed43,PMS2,P43246:557:T>S,0,0.022663806
train-clinvar+pg_dms__transformer__seed43,PMS2,P43246:557:T>V,0,0.04693355
train-clinvar+pg_dms__transformer__seed43,PMS2,P43246:557:T>W,0,0.44219065
train-clinvar+pg_dms__transformer__seed43,PMS2,P43246:557:T>Y,0,0.036255002
train-clinvar+pg_dms__transformer__seed43,PMS2,P43246:557:T>D,0,0.07986281
train-clinvar+pg_dms__transformer__seed43,PMS2,P43246:557:T>L,0,0.015094093
train-clinvar+pg_dms__transformer__seed43,PMS2,P43246:557:T>G,0,0.028327793
train-clinvar+pg_dms__transformer__seed43,PMS2,P43246:558:S>V,0,0.102311715
train-clinvar+pg_dms__transformer__seed43,PMS2,P43246:558:S>W,0,0.48724416
train-clinvar+pg_dms__transformer__seed43,PMS2,P43246:558:S>A,0,0.039366875
train-clinvar+pg_dms__transformer__seed43,PMS2,P43246:558:S>C,0,0.037571065
train-clinvar+pg_dms__transformer__seed43,PMS2,P43246:558:S>D,0,0.10082384
train-clinvar+pg_dms__transformer__seed43,PMS2,P43246:558:S>Y,0,0.06696353
train-clinvar+pg_dms__transformer__seed43,PMS2,P43246:558:S>E,0,0.10775884
train-clinvar+pg_dms__transformer__seed43,PMS2,P43246:558:S>F,0,0.068365544
train-clinvar+pg_dms__transformer__seed43,PMS2,P43246:558:S>G,0,0.055989187
train-clinvar+pg_dms__transformer__seed43,PMS2,P43246:558:S>I,0,0.07413856
train-clinvar+pg_dms__transformer__seed43,PMS2,P43246:558:S>H,0,0.13500679
train-clinvar+pg_dms__transformer__seed43,PMS2,P43246:558:S>L,0,0.051801227
train-clinvar+pg_dms__transformer__seed43,PMS2,P43246:558:S>Q,0,0.051371366
train-clinvar+pg_dms__transformer__seed43,PMS2,P43246:558:S>K,0,0.22647037
train-clinvar+pg_dms__transformer__seed43,PMS2,P43246:558:S>P,0,0.7591832
train-clinvar+pg_dms__transformer__seed43,PMS2,P43246:558:S>R,0,0.098703824
train-clinvar+pg_dms__transformer__seed43,PMS2,P43246:558:S>T,0,0.13615876
train-clinvar+pg_dms__transformer__seed43,PMS2,P43246:558:S>M,0,0.38326266
train-clinvar+pg_dms__transformer__seed43,PMS2,P43246:558:S>N,0,0.09258966
train-clinvar+pg_dms__transformer__seed43,PMS2,P43246:563:Y>P,1,0.91021454
train-clinvar+pg_dms__transformer__seed43,PMS2,P43246:563:Y>E,0,0.8599019
train-clinvar+pg_dms__transformer__seed43,PMS2,P43246:563:Y>Q,0,0.4935593
train-clinvar+pg_dms__transformer__seed43,PMS2,P43246:563:Y>W,0,0.3743731
train-clinvar+pg_dms__transformer__seed43,PMS2,P43246:563:Y>V,0,0.3955047
train-clinvar+pg_dms__transformer__seed43,PMS2,P43246:563:Y>T,0,0.5212529
train-clinvar+pg_dms__transformer__seed43,PMS2,P43246:563:Y>M,0,0.5216213
train-clinvar+pg_dms__transformer__seed43,PMS2,P43246:563:Y>L,0,0.24818666
train-clinvar+pg_dms__transformer__seed43,PMS2,P43246:563:Y>R,0,0.7405258
train-clinvar+pg_dms__transformer__seed43,PMS2,P43246:563:Y>G,1,0.6997602
train-clinvar+pg_dms__transformer__seed43,PMS2,P43246:563:Y>F,0,0.024249952
train-clinvar+pg_dms__transformer__seed43,PMS2,P43246:563:Y>C,0,0.08088458
train-clinvar+pg_dms__transformer__seed43,PMS2,P43246:563:Y>A,0,0.550485
train-clinvar+pg_dms__transformer__seed43,PMS2,P43246:563:Y>S,1,0.47541326
train-clinvar+pg_dms__transformer__seed43,PMS2,P43246:563:Y>I,0,0.43703076
train-clinvar+pg_dms__transformer__seed43,PMS2,P43246:564:T>S,0,0.025747718
train-clinvar+pg_dms__transformer__seed43,PMS2,P43246:564:T>R,0,0.04887562
train-clinvar+pg_dms__transformer__seed43,PMS2,P43246:564:T>Q,0,0.019683603
train-clinvar+pg_dms__transformer__seed43,PMS2,P43246:564:T>P,1,0.77586067
train-clinvar+pg_dms__transformer__seed43,PMS2,P43246:564:T>M,0,0.23461205
train-clinvar+pg_dms__transformer__seed43,PMS2,P43246:564:T>L,0,0.020042302
train-clinvar+pg_dms__transformer__seed43,PMS2,P43246:564:T>I,0,0.039325424
train-clinvar+pg_dms__transformer__seed43,PMS2,P43246:564:T>F,0,0.03989763
train-clinvar+pg_dms__transformer__seed43,PMS2,P43246:564:T>G,0,0.039968535
train-clinvar+pg_dms__transformer__seed43,PMS2,P43246:564:T>E,0,0.054106686
train-clinvar+pg_dms__transformer__seed43,PMS2,P43246:564:T>D,0,0.09833593
train-clinvar+pg_dms__transformer__seed43,PMS2,P43246:564:T>Y,0,0.045956675
train-clinvar+pg_dms__transformer__seed43,PMS2,P43246:564:T>W,0,0.40508693
train-clinvar+pg_dms__transformer__seed43,PMS2,P43246:564:T>H,0,0.07268384
train-clinvar+pg_dms__transformer__seed43,PMS2,P43246:564:T>V,0,0.057407014
train-clinvar+pg_dms__transformer__seed43,PMS2,P43246:564:T>N,0,0.052200407
train-clinvar+pg_dms__transformer__seed43,PMS2,P43246:570:Y>T,0,0.50943035
train-clinvar+pg_dms__transformer__seed43,PMS2,P43246:570:Y>V,0,0.45674032
train-clinvar+pg_dms__transformer__seed43,PMS2,P43246:570:Y>D,1,0.8098433
train-clinvar+pg_dms__transformer__seed43,PMS2,P43246:570:Y>E,1,0.68398786
train-clinvar+pg_dms__transformer__seed43,PMS2,P43246:570:Y>F,0,0.06831559
train-clinvar+pg_dms__transformer__seed43,PMS2,P43246:570:Y>G,1,0.6116118
train-clinvar+pg_dms__transformer__seed43,PMS2,P43246:570:Y>I,1,0.44187087
train-clinvar+pg_dms__transformer__seed43,PMS2,P43246:570:Y>L,0,0.27236202
train-clinvar+pg_dms__transformer__seed43,PMS2,P43246:570:Y>M,1,0.58682656
train-clinvar+pg_dms__transformer__seed43,PMS2,P43246:570:Y>N,1,0.3483276
train-clinvar+pg_dms__transformer__seed43,PMS2,P43246:570:Y>P,1,0.8638652
train-clinvar+pg_dms__transformer__seed43,PMS2,P43246:570:Y>R,0,0.6022724
train-clinvar+pg_dms__transformer__seed43,PMS2,P43246:570:Y>W,1,0.5765963
train-clinvar+pg_dms__transformer__seed43,PMS2,P43246:570:Y>A,1,0.4957025
train-clinvar+pg_dms__transformer__seed43,PMS2,P43246:579:K>N,0,0.038547236
train-clinvar+pg_dms__transformer__seed43,PMS2,P43246:579:K>T,0,0.095489666
train-clinvar+pg_dms__transformer__seed43,PMS2,P43246:579:K>V,0,0.07156338
train-clinvar+pg_dms__transformer__seed43,PMS2,P43246:579:K>S,0,0.022529174
train-clinvar+pg_dms__transformer__seed43,PMS2,P43246:579:K>R,0,0.0148110045
train-clinvar+pg_dms__transformer__seed43,PMS2,P43246:579:K>W,0,0.5225944
train-clinvar+pg_dms__transformer__seed43,PMS2,P43246:579:K>M,0,0.25295642
train-clinvar+pg_dms__transformer__seed43,PMS2,P43246:579:K>Q,0,0.007967255
train-clinvar+pg_dms__transformer__seed43,PMS2,P43246:579:K>I,0,0.102291174
train-clinvar+pg_dms__transformer__seed43,PMS2,P43246:579:K>A,0,0.024119634
train-clinvar+pg_dms__transformer__seed43,PMS2,P43246:579:K>C,0,0.03834073
train-clinvar+pg_dms__transformer__seed43,PMS2,P43246:579:K>F,0,0.15565224
train-clinvar+pg_dms__transformer__seed43,PMS2,P43246:579:K>G,0,0.049377996
train-clinvar+pg_dms__transformer__seed43,PMS2,P43246:579:K>H,0,0.10054602
train-clinvar+pg_dms__transformer__seed43,PMS2,P43246:579:K>L,0,0.054655027
train-clinvar+pg_dms__transformer__seed43,PMS2,P43246:579:K>P,1,0.71699834
train-clinvar+pg_dms__transformer__seed43,PMS2,P43246:583:N>D,0,0.06790036
train-clinvar+pg_dms__transformer__seed43,PMS2,P43246:583:N>L,0,0.060824044
train-clinvar+pg_dms__transformer__seed43,PMS2,P43246:583:N>E,0,0.13758162
train-clinvar+pg_dms__transformer__seed43,PMS2,P43246:583:N>F,0,0.10757922
train-clinvar+pg_dms__transformer__seed43,PMS2,P43246:583:N>G,0,0.04950587
train-clinvar+pg_dms__transformer__seed43,PMS2,P43246:583:N>H,0,0.12831704
train-clinvar+pg_dms__transformer__seed43,PMS2,P43246:583:N>I,0,0.1096411
train-clinvar+pg_dms__transformer__seed43,PMS2,P43246:583:N>K,0,0.10922962
train-clinvar+pg_dms__transformer__seed43,PMS2,P43246:583:N>M,0,0.304287
train-clinvar+pg_dms__transformer__seed43,PMS2,P43246:583:N>A,0,0.04547186
train-clinvar+pg_dms__transformer__seed43,PMS2,P43246:583:N>Q,0,0.029616427
train-clinvar+pg_dms__transformer__seed43,PMS2,P43246:583:N>R,0,0.09207602
train-clinvar+pg_dms__transformer__seed43,PMS2,P43246:583:N>S,0,0.042021763
train-clinvar+pg_dms__transformer__seed43,PMS2,P43246:583:N>V,0,0.103851736
train-clinvar+pg_dms__transformer__seed43,PMS2,P43246:583:N>W,0,0.4818921
train-clinvar+pg_dms__transformer__seed43,PMS2,P43246:583:N>Y,0,0.052450676
train-clinvar+pg_dms__transformer__seed43,PMS2,P43246:583:N>C,0,0.030379102
train-clinvar+pg_dms__transformer__seed43,PMS2,P43246:583:N>P,1,0.7443547
train-clinvar+pg_dms__transformer__seed43,PMS2,P43246:585:S>N,1,0.7764928
train-clinvar+pg_dms__transformer__seed43,PMS2,P43246:585:S>Y,0,0.72804594
train-clinvar+pg_dms__transformer__seed43,PMS2,P43246:585:S>W,0,0.7091852
train-clinvar+pg_dms__transformer__seed43,PMS2,P43246:585:S>V,0,0.26184806
train-clinvar+pg_dms__transformer__seed43,PMS2,P43246:585:S>T,0,0.13778433
train-clinvar+pg_dms__transformer__seed43,PMS2,P43246:585:S>R,0,0.84832174
train-clinvar+pg_dms__transformer__seed43,PMS2,P43246:585:S>P,1,0.87591624
train-clinvar+pg_dms__transformer__seed43,PMS2,P43246:585:S>M,0,0.5362756
train-clinvar+pg_dms__transformer__seed43,PMS2,P43246:585:S>D,1,0.73899806
train-clinvar+pg_dms__transformer__seed43,PMS2,P43246:585:S>I,0,0.5460935
train-clinvar+pg_dms__transformer__seed43,PMS2,P43246:585:S>H,0,0.7052402
train-clinvar+pg_dms__transformer__seed43,PMS2,P43246:585:S>G,0,0.06538356
train-clinvar+pg_dms__transformer__seed43,PMS2,P43246:585:S>E,1,0.848047
train-clinvar+pg_dms__transformer__seed43,PMS2,P43246:585:S>C,0,0.025392024
train-clinvar+pg_dms__transformer__seed43,PMS2,P43246:585:S>A,0,0.032231398
train-clinvar+pg_dms__transformer__seed43,PMS2,P43246:585:S>L,0,0.3438308
train-clinvar+pg_dms__transformer__seed43,PMS2,P43246:586:S>N,0,0.09226864
train-clinvar+pg_dms__transformer__seed43,PMS2,P43246:586:S>Y,0,0.05715562
train-clinvar+pg_dms__transformer__seed43,PMS2,P43246:586:S>W,0,0.48835188
train-clinvar+pg_dms__transformer__seed43,PMS2,P43246:586:S>V,0,0.06702656
train-clinvar+pg_dms__transformer__seed43,PMS2,P43246:586:S>T,0,0.0940116
train-clinvar+pg_dms__transformer__seed43,PMS2,P43246:586:S>R,0,0.2691647
train-clinvar+pg_dms__transformer__seed43,PMS2,P43246:586:S>Q,0,0.20511739
train-clinvar+pg_dms__transformer__seed43,PMS2,P43246:586:S>P,1,0.8290593
train-clinvar+pg_dms__transformer__seed43,PMS2,P43246:586:S>M,0,0.33578184
train-clinvar+pg_dms__transformer__seed43,PMS2,P43246:586:S>K,0,0.46139604
train-clinvar+pg_dms__transformer__seed43,PMS2,P43246:586:S>I,0,0.06663227
train-clinvar+pg_dms__transformer__seed43,PMS2,P43246:586:S>G,0,0.02974045
train-clinvar+pg_dms__transformer__seed43,PMS2,P43246:586:S>F,0,0.04454622
train-clinvar+pg_dms__transformer__seed43,PMS2,P43246:586:S>E,0,0.6052021
train-clinvar+pg_dms__transformer__seed43,PMS2,P43246:586:S>D,0,0.4254357
train-clinvar+pg_dms__transformer__seed43,PMS2,P43246:586:S>C,0,0.01200601
train-clinvar+pg_dms__transformer__seed43,PMS2,P43246:586:S>A,0,0.021484414
train-clinvar+pg_dms__transformer__seed43,PMS2,P43246:586:S>L,0,0.028993359
train-clinvar+pg_dms__transformer__seed43,PMS2,P43246:594:T>M,0,0.2072516
train-clinvar+pg_dms__transformer__seed43,PMS2,P43246:594:T>W,0,0.39300752
train-clinvar+pg_dms__transformer__seed43,PMS2,P43246:594:T>V,0,0.013845576
train-clinvar+pg_dms__transformer__seed43,PMS2,P43246:594:T>S,0,0.009990435
train-clinvar+pg_dms__transformer__seed43,PMS2,P43246:594:T>R,0,0.012902886
train-clinvar+pg_dms__transformer__seed43,PMS2,P43246:594:T>Q,0,0.016626343
train-clinvar+pg_dms__transformer__seed43,PMS2,P43246:594:T>P,0,0.31672722
train-clinvar+pg_dms__transformer__seed43,PMS2,P43246:594:T>N,0,0.00861659
train-clinvar+pg_dms__transformer__seed43,PMS2,P43246:594:T>L,0,0.008190427
train-clinvar+pg_dms__transformer__seed43,PMS2,P43246:594:T>Y,0,0.017218892
train-clinvar+pg_dms__transformer__seed43,PMS2,P43246:594:T>I,0,0.035148963
train-clinvar+pg_dms__transformer__seed43,PMS2,P43246:594:T>H,0,0.046590623
train-clinvar+pg_dms__transformer__seed43,PMS2,P43246:594:T>G,0,0.016675662
train-clinvar+pg_dms__transformer__seed43,PMS2,P43246:594:T>F,1,0.011306741
train-clinvar+pg_dms__transformer__seed43,PMS2,P43246:594:T>D,0,0.026123026
train-clinvar+pg_dms__transformer__seed43,PMS2,P43246:594:T>C,0,0.009483478
train-clinvar+pg_dms__transformer__seed43,PMS2,P43246:594:T>K,0,0.02782873
train-clinvar+pg_dms__transformer__seed43,PMS2,P43246:598:V>H,0,0.4276016
train-clinvar+pg_dms__transformer__seed43,PMS2,P43246:598:V>Y,0,0.09891526
train-clinvar+pg_dms__transformer__seed43,PMS2,P43246:598:V>W,1,0.7802222
train-clinvar+pg_dms__transformer__seed43,PMS2,P43246:598:V>T,0,0.03351338
train-clinvar+pg_dms__transformer__seed43,PMS2,P43246:598:V>S,0,0.014015582
train-clinvar+pg_dms__transformer__seed43,PMS2,P43246:598:V>G,0,0.014791709
train-clinvar+pg_dms__transformer__seed43,PMS2,P43246:598:V>Q,0,0.046508964
train-clinvar+pg_dms__transformer__seed43,PMS2,P43246:598:V>A,0,0.009449019
train-clinvar+pg_dms__transformer__seed43,PMS2,P43246:598:V>D,0,0.10666606
train-clinvar+pg_dms__transformer__seed43,PMS2,P43246:598:V>E,0,0.051510304
train-clinvar+pg_dms__transformer__seed43,PMS2,P43246:598:V>F,0,0.006494091
train-clinvar+pg_dms__transformer__seed43,PMS2,P43246:598:V>I,0,0.009514043
train-clinvar+pg_dms__transformer__seed43,PMS2,P43246:598:V>C,0,0.044268522
train-clinvar+pg_dms__transformer__seed43,PMS2,P43246:598:V>R,0,0.06971805
train-clinvar+pg_dms__transformer__seed43,PMS2,P43246:598:V>L,0,0.005941641
train-clinvar+pg_dms__transformer__seed43,PMS2,P43246:598:V>M,0,0.27546832
train-clinvar+pg_dms__transformer__seed43,PMS2,P43246:598:V>N,0,0.026438562
train-clinvar+pg_dms__transformer__seed43,PMS2,P43246:598:V>P,0,0.96717596
train-clinvar+pg_dms__transformer__seed43,PMS2,P43246:598:V>K,0,0.19719341
train-clinvar+pg_dms__transformer__seed43,PMS2,P43246:602:L>F,0,0.43970475
train-clinvar+pg_dms__transformer__seed43,PMS2,P43246:602:L>R,1,0.9934121
train-clinvar+pg_dms__transformer__seed43,PMS2,P43246:602:L>H,1,0.7991591
train-clinvar+pg_dms__transformer__seed43,PMS2,P43246:602:L>I,0,0.09580681
train-clinvar+pg_dms__transformer__seed43,PMS2,P43246:602:L>K,1,0.8160876
train-clinvar+pg_dms__transformer__seed43,PMS2,P43246:602:L>M,0,0.29801288
train-clinvar+pg_dms__transformer__seed43,PMS2,P43246:602:L>N,1,0.9052463
train-clinvar+pg_dms__transformer__seed43,PMS2,P43246:602:L>Q,0,0.8326458
train-clinvar+pg_dms__transformer__seed43,PMS2,P43246:602:L>S,0,0.95164984
train-clinvar+pg_dms__transformer__seed43,PMS2,P43246:602:L>T,0,0.53537995
train-clinvar+pg_dms__transformer__seed43,PMS2,P43246:602:L>V,0,0.051005773
train-clinvar+pg_dms__transformer__seed43,PMS2,P43246:602:L>W,0,0.7403112
train-clinvar+pg_dms__transformer__seed43,PMS2,P43246:602:L>E,1,0.9163449
train-clinvar+pg_dms__transformer__seed43,PMS2,P43246:602:L>D,1,0.95569366
train-clinvar+pg_dms__transformer__seed43,PMS2,P43246:602:L>C,0,0.377499
train-clinvar+pg_dms__transformer__seed43,PMS2,P43246:602:L>A,0,0.3879544
train-clinvar+pg_dms__transformer__seed43,PMS2,P43246:602:L>G,0,0.9144635
train-clinvar+pg_dms__transformer__seed43,PMS2,P43246:604:A>W,1,0.86524093
train-clinvar+pg_dms__transformer__seed43,PMS2,P43246:604:A>P,1,0.9830709
train-clinvar+pg_dms__transformer__seed43,PMS2,P43246:604:A>V,0,0.059999645
train-clinvar+pg_dms__transformer__seed43,PMS2,P43246:604:A>T,0,0.14909177
train-clinvar+pg_dms__transformer__seed43,PMS2,P43246:604:A>S,0,0.017588776
train-clinvar+pg_dms__transformer__seed43,PMS2,P43246:604:A>R,1,0.9829959
train-clinvar+pg_dms__transformer__seed43,PMS2,P43246:604:A>Q,1,0.89508367
train-clinvar+pg_dms__transformer__seed43,PMS2,P43246:604:A>N,1,0.9019431
train-clinvar+pg_dms__transformer__seed43,PMS2,P43246:604:A>H,1,0.8950426
train-clinvar+pg_dms__transformer__seed43,PMS2,P43246:604:A>L,0,0.7065622
train-clinvar+pg_dms__transformer__seed43,PMS2,P43246:604:A>K,1,0.9050497
train-clinvar+pg_dms__transformer__seed43,PMS2,P43246:604:A>I,0,0.6770138
train-clinvar+pg_dms__transformer__seed43,PMS2,P43246:604:A>Y,1,0.9822134
train-clinvar+pg_dms__transformer__seed43,PMS2,P43246:604:A>F,1,0.9846334
train-clinvar+pg_dms__transformer__seed43,PMS2,P43246:604:A>E,1,0.9686844
train-clinvar+pg_dms__transformer__seed43,PMS2,P43246:604:A>C,0,0.099996865
train-clinvar+pg_dms__transformer__seed43,PMS2,P43246:604:A>M,0,0.6963836
train-clinvar+pg_dms__transformer__seed43,PMS2,P43246:616:P>S,0,0.04533428
train-clinvar+pg_dms__transformer__seed43,PMS2,P43246:616:P>A,0,0.03370801
train-clinvar+pg_dms__transformer__seed43,PMS2,P43246:616:P>R,0,0.085829824
train-clinvar+pg_dms__transformer__seed43,PMS2,P43246:616:P>D,0,0.36857945
train-clinvar+pg_dms__transformer__seed43,PMS2,P43246:616:P>E,0,0.29191792
train-clinvar+pg_dms__transformer__seed43,PMS2,P43246:616:P>F,0,0.2770051
train-clinvar+pg_dms__transformer__seed43,PMS2,P43246:616:P>G,0,0.114453994
train-clinvar+pg_dms__transformer__seed43,PMS2,P43246:616:P>C,0,0.1183857
train-clinvar+pg_dms__transformer__seed43,PMS2,P43246:616:P>I,0,0.12981528
train-clinvar+pg_dms__transformer__seed43,PMS2,P43246:616:P>T,0,0.1043404
train-clinvar+pg_dms__transformer__seed43,PMS2,P43246:616:P>V,0,0.10724557
train-clinvar+pg_dms__transformer__seed43,PMS2,P43246:616:P>W,0,0.56636417
train-clinvar+pg_dms__transformer__seed43,PMS2,P43246:616:P>H,0,0.25595263
train-clinvar+pg_dms__transformer__seed43,PMS2,P43246:616:P>Q,0,0.055778097
train-clinvar+pg_dms__transformer__seed43,PMS2,P43246:616:P>N,0,0.17353989
train-clinvar+pg_dms__transformer__seed43,PMS2,P43246:616:P>M,0,0.2895999
train-clinvar+pg_dms__transformer__seed43,PMS2,P43246:616:P>L,0,0.06245088
train-clinvar+pg_dms__transformer__seed43,PMS2,P43246:616:P>K,0,0.27483067
train-clinvar+pg_dms__transformer__seed43,PMS2,P43246:616:P>Y,0,0.24889813
train-clinvar+pg_dms__transformer__seed43,PMS2,P43246:631:R>L,0,0.03996947
train-clinvar+pg_dms__transformer__seed43,PMS2,P43246:631:R>Y,0,0.049266405
train-clinvar+pg_dms__transformer__seed43,PMS2,P43246:631:R>W,0,0.3742547
train-clinvar+pg_dms__transformer__seed43,PMS2,P43246:631:R>V,0,0.10623809
train-clinvar+pg_dms__transformer__seed43,PMS2,P43246:631:R>S,0,0.04439562
train-clinvar+pg_dms__transformer__seed43,PMS2,P43246:631:R>T,0,0.066849194
train-clinvar+pg_dms__transformer__seed43,PMS2,P43246:631:R>N,0,0.03452389
train-clinvar+pg_dms__transformer__seed43,PMS2,P43246:631:R>P,0,0.82727504
train-clinvar+pg_dms__transformer__seed43,PMS2,P43246:631:R>Q,0,0.028231148
train-clinvar+pg_dms__transformer__seed43,PMS2,P43246:631:R>A,0,0.06518206
train-clinvar+pg_dms__transformer__seed43,PMS2,P43246:631:R>K,0,0.065665424
train-clinvar+pg_dms__transformer__seed43,PMS2,P43246:631:R>I,0,0.050927725
train-clinvar+pg_dms__transformer__seed43,PMS2,P43246:631:R>C,0,0.014725535
train-clinvar+pg_dms__transformer__seed43,PMS2,P43246:631:R>H,0,0.06465225
train-clinvar+pg_dms__transformer__seed43,PMS2,P43246:631:R>G,0,0.015226128
train-clinvar+pg_dms__transformer__seed43,PMS2,P43246:631:R>F,0,0.08471341
train-clinvar+pg_dms__transformer__seed43,PMS2,P43246:631:R>E,0,0.038342595
train-clinvar+pg_dms__transformer__seed43,PMS2,P43246:631:R>D,0,0.06830408
train-clinvar+pg_dms__transformer__seed43,PMS2,P43246:631:R>M,0,0.4222483
train-clinvar+pg_dms__transformer__seed43,PMS2,P43246:638:R>H,0,0.8845923
train-clinvar+pg_dms__transformer__seed43,PMS2,P43246:638:R>A,1,0.96374166
train-clinvar+pg_dms__transformer__seed43,PMS2,P43246:638:R>C,0,0.75403285
train-clinvar+pg_dms__transformer__seed43,PMS2,P43246:638:R>D,1,0.97312444
train-clinvar+pg_dms__transformer__seed43,PMS2,P43246:638:R>E,1,0.95711875
train-clinvar+pg_dms__transformer__seed43,PMS2,P43246:638:R>T,0,0.94461626
train-clinvar+pg_dms__transformer__seed43,PMS2,P43246:638:R>I,0,0.9697543
train-clinvar+pg_dms__transformer__seed43,PMS2,P43246:638:R>V,0,0.9500762
train-clinvar+pg_dms__transformer__seed43,PMS2,P43246:638:R>Y,0,0.94388276
train-clinvar+pg_dms__transformer__seed43,PMS2,P43246:638:R>W,0,0.8881623
train-clinvar+pg_dms__transformer__seed43,PMS2,P43246:638:R>L,0,0.9945589
train-clinvar+pg_dms__transformer__seed43,PMS2,P43246:638:R>P,1,0.9819618
train-clinvar+pg_dms__transformer__seed43,PMS2,P43246:638:R>Q,1,0.9376406
train-clinvar+pg_dms__transformer__seed43,PMS2,P43246:638:R>S,0,0.9369766
train-clinvar+pg_dms__transformer__seed43,PMS2,P43246:638:R>F,0,0.9476569
train-clinvar+pg_dms__transformer__seed43,PMS2,P43246:638:R>G,1,0.98116446
train-clinvar+pg_dms__transformer__seed43,PMS2,P43246:640:A>M,0,0.6680368
train-clinvar+pg_dms__transformer__seed43,PMS2,P43246:640:A>N,0,0.8819466
train-clinvar+pg_dms__transformer__seed43,PMS2,P43246:640:A>P,0,0.10415558
train-clinvar+pg_dms__transformer__seed43,PMS2,P43246:640:A>Q,0,0.9386627
train-clinvar+pg_dms__transformer__seed43,PMS2,P43246:640:A>T,0,0.32283014
train-clinvar+pg_dms__transformer__seed43,PMS2,P43246:640:A>L,0,0.20114997
train-clinvar+pg_dms__transformer__seed43,PMS2,P43246:640:A>V,0,0.06031232
train-clinvar+pg_dms__transformer__seed43,PMS2,P43246:640:A>W,0,0.885596
train-clinvar+pg_dms__transformer__seed43,PMS2,P43246:640:A>Y,0,0.9905821
train-clinvar+pg_dms__transformer__seed43,PMS2,P43246:640:A>R,0,0.98714995
train-clinvar+pg_dms__transformer__seed43,PMS2,P43246:640:A>I,0,0.5170422
train-clinvar+pg_dms__transformer__seed43,PMS2,P43246:640:A>H,0,0.91588026
train-clinvar+pg_dms__transformer__seed43,PMS2,P43246:640:A>G,0,0.06947972
train-clinvar+pg_dms__transformer__seed43,PMS2,P43246:640:A>F,0,0.93999946
train-clinvar+pg_dms__transformer__seed43,PMS2,P43246:640:A>E,0,0.96342415
train-clinvar+pg_dms__transformer__seed43,PMS2,P43246:640:A>C,0,0.09040553
train-clinvar+pg_dms__transformer__seed43,PMS2,P43246:642:V>H,0,0.6768339
train-clinvar+pg_dms__transformer__seed43,PMS2,P43246:642:V>C,0,0.17889236
train-clinvar+pg_dms__transformer__seed43,PMS2,P43246:642:V>D,0,0.6607274
train-clinvar+pg_dms__transformer__seed43,PMS2,P43246:642:V>E,0,0.5880902
train-clinvar+pg_dms__transformer__seed43,PMS2,P43246:642:V>F,0,0.060269196
train-clinvar+pg_dms__transformer__seed43,PMS2,P43246:642:V>G,0,0.25815293
train-clinvar+pg_dms__transformer__seed43,PMS2,P43246:642:V>I,0,0.017089346
train-clinvar+pg_dms__transformer__seed43,PMS2,P43246:642:V>K,0,0.59805375
train-clinvar+pg_dms__transformer__seed43,PMS2,P43246:642:V>L,0,0.0074831485
train-clinvar+pg_dms__transformer__seed43,PMS2,P43246:642:V>M,0,0.21590863
train-clinvar+pg_dms__transformer__seed43,PMS2,P43246:642:V>N,0,0.25934774
train-clinvar+pg_dms__transformer__seed43,PMS2,P43246:642:V>P,0,0.939174
train-clinvar+pg_dms__transformer__seed43,PMS2,P43246:642:V>Q,0,0.17609255
train-clinvar+pg_dms__transformer__seed43,PMS2,P43246:642:V>R,0,0.72412366
train-clinvar+pg_dms__transformer__seed43,PMS2,P43246:642:V>S,0,0.27876067
train-clinvar+pg_dms__transformer__seed43,PMS2,P43246:642:V>T,0,0.44344237
train-clinvar+pg_dms__transformer__seed43,PMS2,P43246:642:V>A,0,0.10642534
train-clinvar+pg_dms__transformer__seed43,PMS2,P43246:642:V>W,0,0.7696021
train-clinvar+pg_dms__transformer__seed43,PMS2,P43246:642:V>Y,0,0.429118
train-clinvar+pg_dms__transformer__seed43,PMS2,P43246:646:D>R,0,0.16920048
train-clinvar+pg_dms__transformer__seed43,PMS2,P43246:646:D>W,0,0.5951894
train-clinvar+pg_dms__transformer__seed43,PMS2,P43246:646:D>T,0,0.24848485
train-clinvar+pg_dms__transformer__seed43,PMS2,P43246:646:D>S,0,0.034353893
train-clinvar+pg_dms__transformer__seed43,PMS2,P43246:646:D>F,0,0.28899825
train-clinvar+pg_dms__transformer__seed43,PMS2,P43246:646:D>C,0,0.20676328
train-clinvar+pg_dms__transformer__seed43,PMS2,P43246:646:D>G,0,0.062135246
train-clinvar+pg_dms__transformer__seed43,PMS2,P43246:646:D>I,0,0.43265536
train-clinvar+pg_dms__transformer__seed43,PMS2,P43246:646:D>K,0,0.18983197
train-clinvar+pg_dms__transformer__seed43,PMS2,P43246:646:D>A,0,0.1034863
train-clinvar+pg_dms__transformer__seed43,PMS2,P43246:646:D>L,0,0.19067371
train-clinvar+pg_dms__transformer__seed43,PMS2,P43246:646:D>N,0,0.030979147
train-clinvar+pg_dms__transformer__seed43,PMS2,P43246:646:D>P,0,0.49252796
train-clinvar+pg_dms__transformer__seed43,PMS2,P43246:646:D>Q,0,0.095740415
train-clinvar+pg_dms__transformer__seed43,PMS2,P43246:646:D>M,0,0.5246433
train-clinvar+pg_dms__transformer__seed43,PMS2,P43246:651:I>F,0,0.51456827
train-clinvar+pg_dms__transformer__seed43,PMS2,P43246:651:I>G,0,0.81335604
train-clinvar+pg_dms__transformer__seed43,PMS2,P43246:651:I>E,0,0.70412666
train-clinvar+pg_dms__transformer__seed43,PMS2,P43246:651:I>D,0,0.63019264
train-clinvar+pg_dms__transformer__seed43,PMS2,P43246:651:I>C,0,0.28543505
train-clinvar+pg_dms__transformer__seed43,PMS2,P43246:651:I>A,0,0.68849885
train-clinvar+pg_dms__transformer__seed43,PMS2,P43246:651:I>K,0,0.5253714
train-clinvar+pg_dms__transformer__seed43,PMS2,P43246:651:I>M,0,0.5676008
train-clinvar+pg_dms__transformer__seed43,PMS2,P43246:651:I>N,0,0.46705985
train-clinvar+pg_dms__transformer__seed43,PMS2,P43246:651:I>P,1,0.92967445
train-clinvar+pg_dms__transformer__seed43,PMS2,P43246:651:I>Q,0,0.5474435
train-clinvar+pg_dms__transformer__seed43,PMS2,P43246:651:I>R,0,0.73817784
train-clinvar+pg_dms__transformer__seed43,PMS2,P43246:651:I>S,0,0.7568225
train-clinvar+pg_dms__transformer__seed43,PMS2,P43246:651:I>V,0,0.09485734
train-clinvar+pg_dms__transformer__seed43,PMS2,P43246:651:I>W,0,0.710653
train-clinvar+pg_dms__transformer__seed43,PMS2,P43246:651:I>Y,0,0.5082486
train-clinvar+pg_dms__transformer__seed43,PMS2,P43246:652:P>A,0,0.015925735
train-clinvar+pg_dms__transformer__seed43,PMS2,P43246:652:P>C,0,0.25190336
train-clinvar+pg_dms__transformer__seed43,PMS2,P43246:652:P>E,0,0.5687699
train-clinvar+pg_dms__transformer__seed43,PMS2,P43246:652:P>V,0,0.71787965
train-clinvar+pg_dms__transformer__seed43,PMS2,P43246:652:P>R,0,0.41621795
train-clinvar+pg_dms__transformer__seed43,PMS2,P43246:652:P>Q,0,0.18382496
train-clinvar+pg_dms__transformer__seed43,PMS2,P43246:652:P>M,0,0.732066
train-clinvar+pg_dms__transformer__seed43,PMS2,P43246:652:P>K,0,0.61409634
train-clinvar+pg_dms__transformer__seed43,PMS2,P43246:652:P>I,0,0.8216852
train-clinvar+pg_dms__transformer__seed43,PMS2,P43246:652:P>F,0,0.7784744
train-clinvar+pg_dms__transformer__seed43,PMS2,P43246:652:P>G,0,0.2314349
train-clinvar+pg_dms__transformer__seed43,PMS2,P43246:652:P>W,1,0.7589782
train-clinvar+pg_dms__transformer__seed43,PMS2,P43246:656:Y>S,0,0.011057103
train-clinvar+pg_dms__transformer__seed43,PMS2,P43246:656:Y>Q,0,0.004616005
train-clinvar+pg_dms__transformer__seed43,PMS2,P43246:656:Y>V,0,0.009672394
train-clinvar+pg_dms__transformer__seed43,PMS2,P43246:656:Y>W,0,0.23723777
train-clinvar+pg_dms__transformer__seed43,PMS2,P43246:656:Y>T,0,0.036380846
train-clinvar+pg_dms__transformer__seed43,PMS2,P43246:656:Y>P,0,0.34720343
train-clinvar+pg_dms__transformer__seed43,PMS2,P43246:656:Y>R,0,0.006673788
train-clinvar+pg_dms__transformer__seed43,PMS2,P43246:656:Y>M,0,0.20601681
train-clinvar+pg_dms__transformer__seed43,PMS2,P43246:656:Y>N,0,0.004158682
train-clinvar+pg_dms__transformer__seed43,PMS2,P43246:656:Y>C,0,0.0099601075
train-clinvar+pg_dms__transformer__seed43,PMS2,P43246:656:Y>D,0,0.0065411176
train-clinvar+pg_dms__transformer__seed43,PMS2,P43246:656:Y>E,0,0.0072912644
train-clinvar+pg_dms__transformer__seed43,PMS2,P43246:656:Y>F,0,0.0041316575
train-clinvar+pg_dms__transformer__seed43,PMS2,P43246:656:Y>A,0,0.0050309505
train-clinvar+pg_dms__transformer__seed43,PMS2,P43246:656:Y>G,0,0.012814119
train-clinvar+pg_dms__transformer__seed43,PMS2,P43246:656:Y>I,0,0.014491534
train-clinvar+pg_dms__transformer__seed43,PMS2,P43246:656:Y>K,0,0.010820602
train-clinvar+pg_dms__transformer__seed43,PMS2,P43246:656:Y>L,0,0.0069399327
train-clinvar+pg_dms__transformer__seed43,PMS2,P43246:661:K>H,0,0.024343545
train-clinvar+pg_dms__transformer__seed43,PMS2,P43246:661:K>G,0,0.007612304
train-clinvar+pg_dms__transformer__seed43,PMS2,P43246:661:K>P,0,0.7357137
train-clinvar+pg_dms__transformer__seed43,PMS2,P43246:661:K>N,0,0.0114552295
train-clinvar+pg_dms__transformer__seed43,PMS2,P43246:661:K>Q,0,0.005836158
train-clinvar+pg_dms__transformer__seed43,PMS2,P43246:661:K>M,0,0.13740534
train-clinvar+pg_dms__transformer__seed43,PMS2,P43246:661:K>F,0,0.034729823
train-clinvar+pg_dms__transformer__seed43,PMS2,P43246:661:K>D,0,0.009254616
train-clinvar+pg_dms__transformer__seed43,PMS2,P43246:661:K>R,0,0.01487391
train-clinvar+pg_dms__transformer__seed43,PMS2,P43246:661:K>S,0,0.005641539
train-clinvar+pg_dms__transformer__seed43,PMS2,P43246:661:K>L,0,0.011538347
train-clinvar+pg_dms__transformer__seed43,PMS2,P43246:661:K>C,0,0.009936522
train-clinvar+pg_dms__transformer__seed43,PMS2,P43246:661:K>A,0,0.0060120556
train-clinvar+pg_dms__transformer__seed43,PMS2,P43246:661:K>T,0,0.015598599
train-clinvar+pg_dms__transformer__seed43,PMS2,P43246:661:K>V,0,0.01263532
train-clinvar+pg_dms__transformer__seed43,PMS2,P43246:661:K>W,0,0.5218805
train-clinvar+pg_dms__transformer__seed43,PMS2,P43246:661:K>Y,0,0.021112693
train-clinvar+pg_dms__transformer__seed43,PMS2,P43246:661:K>E,0,0.0066564125
train-clinvar+pg_dms__transformer__seed43,PMS2,P43246:661:K>I,0,0.011388171
train-clinvar+pg_dms__transformer__seed43,PMS2,P43246:668:T>H,0,0.9353991
train-clinvar+pg_dms__transformer__seed43,PMS2,P43246:668:T>G,0,0.97299415
train-clinvar+pg_dms__transformer__seed43,PMS2,P43246:668:T>Y,0,0.86070436
train-clinvar+pg_dms__transformer__seed43,PMS2,P43246:668:T>M,1,0.91667837
train-clinvar+pg_dms__transformer__seed43,PMS2,P43246:668:T>N,0,0.9109331
train-clinvar+pg_dms__transformer__seed43,PMS2,P43246:668:T>W,0,0.96237785
train-clinvar+pg_dms__transformer__seed43,PMS2,P43246:668:T>V,0,0.9599094
train-clinvar+pg_dms__transformer__seed43,PMS2,P43246:668:T>L,0,0.92174137
train-clinvar+pg_dms__transformer__seed43,PMS2,P43246:668:T>C,0,0.7351041
train-clinvar+pg_dms__transformer__seed43,PMS2,P43246:668:T>R,1,0.9739362
train-clinvar+pg_dms__transformer__seed43,PMS2,P43246:668:T>D,0,0.9334344
train-clinvar+pg_dms__transformer__seed43,PMS2,P43246:668:T>P,1,0.98305327
train-clinvar+pg_dms__transformer__seed43,PMS2,P43246:668:T>Q,0,0.91197026
train-clinvar+pg_dms__transformer__seed43,PMS2,P43246:668:T>E,0,0.9774265
train-clinvar+pg_dms__transformer__seed43,PMS2,P43246:668:T>A,0,0.95010865
train-clinvar+pg_dms__transformer__seed43,PMS2,P43246:668:T>F,0,0.9122144
train-clinvar+pg_dms__transformer__seed43,PMS2,P43246:673:G>H,0,0.8460021
train-clinvar+pg_dms__transformer__seed43,PMS2,P43246:673:G>I,1,0.9107604
train-clinvar+pg_dms__transformer__seed43,PMS2,P43246:673:G>F,0,0.9013797
train-clinvar+pg_dms__transformer__seed43,PMS2,P43246:673:G>L,1,0.9662959
train-clinvar+pg_dms__transformer__seed43,PMS2,P43246:673:G>D,0,0.9027652
train-clinvar+pg_dms__transformer__seed43,PMS2,P43246:673:G>C,0,0.9175388
train-clinvar+pg_dms__transformer__seed43,PMS2,P43246:673:G>A,0,0.7879095
train-clinvar+pg_dms__transformer__seed43,PMS2,P43246:673:G>E,1,0.98813707
train-clinvar+pg_dms__transformer__seed43,PMS2,P43246:673:G>M,0,0.83337337
train-clinvar+pg_dms__transformer__seed43,PMS2,P43246:673:G>K,1,0.97100955
train-clinvar+pg_dms__transformer__seed43,PMS2,P43246:673:G>Y,0,0.83475596
train-clinvar+pg_dms__transformer__seed43,PMS2,P43246:673:G>P,1,0.9686067
train-clinvar+pg_dms__transformer__seed43,PMS2,P43246:673:G>Q,0,0.98018897
train-clinvar+pg_dms__transformer__seed43,PMS2,P43246:673:G>R,1,0.98154485
train-clinvar+pg_dms__transformer__seed43,PMS2,P43246:673:G>S,0,0.8772952
train-clinvar+pg_dms__transformer__seed43,PMS2,P43246:673:G>T,0,0.9322112
train-clinvar+pg_dms__transformer__seed43,PMS2,P43246:673:G>W,1,0.91094446
train-clinvar+pg_dms__transformer__seed43,PMS2,P43246:673:G>N,0,0.9253155
train-clinvar+pg_dms__transformer__seed43,PMS2,P43246:677:T>W,1,0.8964744
train-clinvar+pg_dms__transformer__seed43,PMS2,P43246:677:T>L,0,0.5759179
train-clinvar+pg_dms__transformer__seed43,PMS2,P43246:677:T>F,0,0.83505785
train-clinvar+pg_dms__transformer__seed43,PMS2,P43246:677:T>G,0,0.9290716
train-clinvar+pg_dms__transformer__seed43,PMS2,P43246:677:T>I,0,0.78839105
train-clinvar+pg_dms__transformer__seed43,PMS2,P43246:677:T>K,1,0.85635066
train-clinvar+pg_dms__transformer__seed43,PMS2,P43246:677:T>Y,0,0.72119457
train-clinvar+pg_dms__transformer__seed43,PMS2,P43246:677:T>M,0,0.7037523
train-clinvar+pg_dms__transformer__seed43,PMS2,P43246:677:T>N,0,0.65021205
train-clinvar+pg_dms__transformer__seed43,PMS2,P43246:677:T>C,0,0.34649894
train-clinvar+pg_dms__transformer__seed43,PMS2,P43246:677:T>P,1,0.9601256
train-clinvar+pg_dms__transformer__seed43,PMS2,P43246:677:T>S,0,0.41100562
train-clinvar+pg_dms__transformer__seed43,PMS2,P43246:677:T>V,0,0.4016243
train-clinvar+pg_dms__transformer__seed43,PMS2,P43246:677:T>Q,0,0.7755285
train-clinvar+pg_dms__transformer__seed43,PMS2,P43246:677:T>A,0,0.65599465
train-clinvar+pg_dms__transformer__seed43,PMS2,P43246:680:R>S,0,0.947915
train-clinvar+pg_dms__transformer__seed43,PMS2,P43246:680:R>T,0,0.9396299
train-clinvar+pg_dms__transformer__seed43,PMS2,P43246:680:R>V,0,0.9377629
train-clinvar+pg_dms__transformer__seed43,PMS2,P43246:680:R>M,0,0.8559714
train-clinvar+pg_dms__transformer__seed43,PMS2,P43246:680:R>I,0,0.95123535
train-clinvar+pg_dms__transformer__seed43,PMS2,P43246:680:R>K,0,0.88042116
train-clinvar+pg_dms__transformer__seed43,PMS2,P43246:680:R>H,0,0.81913507
train-clinvar+pg_dms__transformer__seed43,PMS2,P43246:680:R>W,0,0.8179387
train-clinvar+pg_dms__transformer__seed43,PMS2,P43246:680:R>F,0,0.9687177
train-clinvar+pg_dms__transformer__seed43,PMS2,P43246:680:R>E,0,0.98457843
train-clinvar+pg_dms__transformer__seed43,PMS2,P43246:680:R>G,0,0.96280766
train-clinvar+pg_dms__transformer__seed43,PMS2,P43246:680:R>Y,0,0.9402045
train-clinvar+pg_dms__transformer__seed43,PMS2,P43246:680:R>A,0,0.96315277
train-clinvar+pg_dms__transformer__seed43,PMS2,P43246:680:R>C,0,0.7972597
train-clinvar+pg_dms__transformer__seed43,PMS2,P43246:681:Q>D,0,0.9386836
train-clinvar+pg_dms__transformer__seed43,PMS2,P43246:681:Q>E,0,0.13858445
train-clinvar+pg_dms__transformer__seed43,PMS2,P43246:681:Q>F,0,0.91741985
train-clinvar+pg_dms__transformer__seed43,PMS2,P43246:681:Q>G,0,0.09304719
train-clinvar+pg_dms__transformer__seed43,PMS2,P43246:681:Q>H,0,0.8347485
train-clinvar+pg_dms__transformer__seed43,PMS2,P43246:681:Q>I,0,0.8190544
train-clinvar+pg_dms__transformer__seed43,PMS2,P43246:681:Q>V,0,0.63183707
train-clinvar+pg_dms__transformer__seed43,PMS2,P43246:681:Q>L,0,0.5066639
train-clinvar+pg_dms__transformer__seed43,PMS2,P43246:681:Q>M,0,0.37265995
train-clinvar+pg_dms__transformer__seed43,PMS2,P43246:681:Q>N,0,0.44554153
train-clinvar+pg_dms__transformer__seed43,PMS2,P43246:681:Q>P,1,0.9657091
train-clinvar+pg_dms__transformer__seed43,PMS2,P43246:681:Q>R,1,0.95866597
train-clinvar+pg_dms__transformer__seed43,PMS2,P43246:681:Q>S,0,0.032913867
train-clinvar+pg_dms__transformer__seed43,PMS2,P43246:681:Q>W,0,0.7870811
train-clinvar+pg_dms__transformer__seed43,PMS2,P43246:681:Q>T,0,0.13845842
train-clinvar+pg_dms__transformer__seed43,PMS2,P43246:681:Q>K,0,0.914281
train-clinvar+pg_dms__transformer__seed43,PMS2,P43246:681:Q>A,0,0.055874296
train-clinvar+pg_dms__transformer__seed43,PMS2,P43246:681:Q>C,0,0.48200253
train-clinvar+pg_dms__transformer__seed43,PMS2,P43246:681:Q>Y,0,0.8545994
train-clinvar+pg_dms__transformer__seed43,PMS2,P43246:683:G>D,1,0.9897349
train-clinvar+pg_dms__transformer__seed43,PMS2,P43246:683:G>E,0,0.9809476
train-clinvar+pg_dms__transformer__seed43,PMS2,P43246:683:G>F,1,0.992397
train-clinvar+pg_dms__transformer__seed43,PMS2,P43246:683:G>H,1,0.9155882
train-clinvar+pg_dms__transformer__seed43,PMS2,P43246:683:G>K,1,0.96274906
train-clinvar+pg_dms__transformer__seed43,PMS2,P43246:683:G>L,0,0.9810836
train-clinvar+pg_dms__transformer__seed43,PMS2,P43246:683:G>M,0,0.9096845
train-clinvar+pg_dms__transformer__seed43,PMS2,P43246:683:G>I,0,0.9893545
train-clinvar+pg_dms__transformer__seed43,PMS2,P43246:683:G>Q,0,0.97441226
train-clinvar+pg_dms__transformer__seed43,PMS2,P43246:683:G>S,0,0.63198435
train-clinvar+pg_dms__transformer__seed43,PMS2,P43246:683:G>T,0,0.95926154
train-clinvar+pg_dms__transformer__seed43,PMS2,P43246:683:G>V,0,0.8809555
train-clinvar+pg_dms__transformer__seed43,PMS2,P43246:683:G>Y,1,0.9918
train-clinvar+pg_dms__transformer__seed43,PMS2,P43246:683:G>P,0,0.98982364
train-clinvar+pg_dms__transformer__seed43,PMS2,P43246:683:G>C,0,0.80754673
train-clinvar+pg_dms__transformer__seed43,PMS2,P43246:709:L>G,0,0.97848517
train-clinvar+pg_dms__transformer__seed43,PMS2,P43246:709:L>R,0,0.99440646
train-clinvar+pg_dms__transformer__seed43,PMS2,P43246:709:L>F,0,0.16614145
train-clinvar+pg_dms__transformer__seed43,PMS2,P43246:709:L>A,0,0.86688334
train-clinvar+pg_dms__transformer__seed43,PMS2,P43246:709:L>C,0,0.5486044
train-clinvar+pg_dms__transformer__seed43,PMS2,P43246:709:L>S,0,0.924654
train-clinvar+pg_dms__transformer__seed43,PMS2,P43246:709:L>E,0,0.976595
train-clinvar+pg_dms__transformer__seed43,PMS2,P43246:709:L>I,0,0.5610773
train-clinvar+pg_dms__transformer__seed43,PMS2,P43246:709:L>T,0,0.9231918
train-clinvar+pg_dms__transformer__seed43,PMS2,P43246:709:L>W,0,0.7634654
train-clinvar+pg_dms__transformer__seed43,PMS2,P43246:709:L>H,0,0.7728436
train-clinvar+pg_dms__transformer__seed43,PMS2,P43246:709:L>D,0,0.98450226
train-clinvar+pg_dms__transformer__seed43,PMS2,P43246:709:L>Y,0,0.72903633
train-clinvar+pg_dms__transformer__seed43,PMS2,P43246:709:L>Q,0,0.8480732
train-clinvar+pg_dms__transformer__seed43,PMS2,P43246:709:L>P,0,0.9862752
train-clinvar+pg_dms__transformer__seed43,PMS2,P43246:709:L>N,0,0.9092308
train-clinvar+pg_dms__transformer__seed43,PMS2,P43246:709:L>M,0,0.3438187
train-clinvar+pg_dms__transformer__seed43,PMS2,P43246:709:L>K,0,0.944523
train-clinvar+pg_dms__transformer__seed43,PMS2,P43246:710:A>C,0,0.11981086
train-clinvar+pg_dms__transformer__seed43,PMS2,P43246:710:A>D,1,0.98776734
train-clinvar+pg_dms__transformer__seed43,PMS2,P43246:710:A>E,0,0.96649116
train-clinvar+pg_dms__transformer__seed43,PMS2,P43246:710:A>F,0,0.91268456
train-clinvar+pg_dms__transformer__seed43,PMS2,P43246:710:A>H,0,0.8920956
train-clinvar+pg_dms__transformer__seed43,PMS2,P43246:710:A>Y,0,0.977294
train-clinvar+pg_dms__transformer__seed43,PMS2,P43246:710:A>W,0,0.88273704
train-clinvar+pg_dms__transformer__seed43,PMS2,P43246:710:A>T,0,0.40561852
train-clinvar+pg_dms__transformer__seed43,PMS2,P43246:710:A>R,1,0.97403085
train-clinvar+pg_dms__transformer__seed43,PMS2,P43246:710:A>Q,0,0.9021225
train-clinvar+pg_dms__transformer__seed43,PMS2,P43246:710:A>M,0,0.84625506
train-clinvar+pg_dms__transformer__seed43,PMS2,P43246:710:A>L,0,0.88707894
train-clinvar+pg_dms__transformer__seed43,PMS2,P43246:710:A>K,0,0.9282972
train-clinvar+pg_dms__transformer__seed43,PMS2,P43246:710:A>G,0,0.09881086
train-clinvar+pg_dms__transformer__seed43,PMS2,P43246:710:A>I,0,0.94644797
train-clinvar+pg_dms__transformer__seed43,PMS2,P43246:710:A>N,0,0.86139554
train-clinvar+pg_dms__transformer__seed43,PMS2,P43246:712:V>R,0,0.51968074
train-clinvar+pg_dms__transformer__seed43,PMS2,P43246:712:V>L,0,0.2839988
train-clinvar+pg_dms__transformer__seed43,PMS2,P43246:712:V>K,0,0.5629399
train-clinvar+pg_dms__transformer__seed43,PMS2,P43246:712:V>I,0,0.010956806
train-clinvar+pg_dms__transformer__seed43,PMS2,P43246:712:V>H,0,0.5665056
train-clinvar+pg_dms__transformer__seed43,PMS2,P43246:712:V>Y,0,0.3435022
train-clinvar+pg_dms__transformer__seed43,PMS2,P43246:712:V>W,0,0.7704395
train-clinvar+pg_dms__transformer__seed43,PMS2,P43246:712:V>G,0,0.29487076
train-clinvar+pg_dms__transformer__seed43,PMS2,P43246:712:V>S,0,0.27201775
train-clinvar+pg_dms__transformer__seed43,PMS2,P43246:712:V>F,0,0.2548726
train-clinvar+pg_dms__transformer__seed43,PMS2,P43246:712:V>D,0,0.40889186
train-clinvar+pg_dms__transformer__seed43,PMS2,P43246:712:V>M,0,0.6672719
train-clinvar+pg_dms__transformer__seed43,PMS2,P43246:712:V>N,0,0.24960883
train-clinvar+pg_dms__transformer__seed43,PMS2,P43246:712:V>P,0,0.9023723
train-clinvar+pg_dms__transformer__seed43,PMS2,P43246:712:V>Q,0,0.24268834
train-clinvar+pg_dms__transformer__seed43,PMS2,P43246:712:V>A,0,0.31813398
train-clinvar+pg_dms__transformer__seed43,PMS2,P43246:712:V>C,0,0.17500666
train-clinvar+pg_dms__transformer__seed43,PMS2,P43246:712:V>E,0,0.55768824
train-clinvar+pg_dms__transformer__seed43,PMS2,P43246:712:V>T,0,0.46487615
train-clinvar+pg_dms__transformer__seed43,PMS2,P43246:715:G>C,0,0.02291913
train-clinvar+pg_dms__transformer__seed43,PMS2,P43246:715:G>D,0,0.13724689
train-clinvar+pg_dms__transformer__seed43,PMS2,P43246:715:G>K,0,0.15653066
train-clinvar+pg_dms__transformer__seed43,PMS2,P43246:715:G>F,0,0.14836016
train-clinvar+pg_dms__transformer__seed43,PMS2,P43246:715:G>H,0,0.25198215
train-clinvar+pg_dms__transformer__seed43,PMS2,P43246:715:G>I,0,0.2605803
train-clinvar+pg_dms__transformer__seed43,PMS2,P43246:715:G>E,0,0.16147849
train-clinvar+pg_dms__transformer__seed43,PMS2,P43246:715:G>L,0,0.11944183
train-clinvar+pg_dms__transformer__seed43,PMS2,P43246:715:G>N,0,0.06367219
train-clinvar+pg_dms__transformer__seed43,PMS2,P43246:715:G>M,0,0.50811666
train-clinvar+pg_dms__transformer__seed43,PMS2,P43246:715:G>W,0,0.5085069
train-clinvar+pg_dms__transformer__seed43,PMS2,P43246:715:G>V,0,0.12735751
train-clinvar+pg_dms__transformer__seed43,PMS2,P43246:715:G>T,0,0.12368804
train-clinvar+pg_dms__transformer__seed43,PMS2,P43246:715:G>Y,0,0.18480206
train-clinvar+pg_dms__transformer__seed43,PMS2,P43246:715:G>Q,0,0.08207688
train-clinvar+pg_dms__transformer__seed43,PMS2,P43246:715:G>P,0,0.6056586
train-clinvar+pg_dms__transformer__seed43,PMS2,P43246:715:G>S,0,0.0079377685
train-clinvar+pg_dms__transformer__seed43,PMS2,P43246:729:M>G,0,0.37819347
train-clinvar+pg_dms__transformer__seed43,PMS2,P43246:729:M>H,0,0.6120629
train-clinvar+pg_dms__transformer__seed43,PMS2,P43246:729:M>F,1,0.4628878
train-clinvar+pg_dms__transformer__seed43,PMS2,P43246:729:M>K,1,0.6686855
train-clinvar+pg_dms__transformer__seed43,PMS2,P43246:729:M>L,0,0.4405167
train-clinvar+pg_dms__transformer__seed43,PMS2,P43246:729:M>N,0,0.37285015
train-clinvar+pg_dms__transformer__seed43,PMS2,P43246:729:M>P,1,0.8309233
train-clinvar+pg_dms__transformer__seed43,PMS2,P43246:729:M>I,0,0.49151364
train-clinvar+pg_dms__transformer__seed43,PMS2,P43246:729:M>E,1,0.53940016
train-clinvar+pg_dms__transformer__seed43,PMS2,P43246:729:M>Y,0,0.37422767
train-clinvar+pg_dms__transformer__seed43,PMS2,P43246:729:M>A,0,0.39793256
train-clinvar+pg_dms__transformer__seed43,PMS2,P43246:729:M>W,1,0.7463282
train-clinvar+pg_dms__transformer__seed43,PMS2,P43246:729:M>T,0,0.5847063
train-clinvar+pg_dms__transformer__seed43,PMS2,P43246:729:M>S,0,0.47037587
train-clinvar+pg_dms__transformer__seed43,PMS2,P43246:729:M>R,1,0.61431134
train-clinvar+pg_dms__transformer__seed43,PMS2,P43246:729:M>Q,0,0.3730088
train-clinvar+pg_dms__transformer__seed43,PMS2,P43246:729:M>C,0,0.20452195
train-clinvar+pg_dms__transformer__seed43,PMS2,P43246:733:A>K,0,0.52205205
train-clinvar+pg_dms__transformer__seed43,PMS2,P43246:733:A>M,0,0.5381727
train-clinvar+pg_dms__transformer__seed43,PMS2,P43246:733:A>N,0,0.23448908
train-clinvar+pg_dms__transformer__seed43,PMS2,P43246:733:A>P,1,0.85806996
train-clinvar+pg_dms__transformer__seed43,PMS2,P43246:733:A>Q,0,0.2142332
train-clinvar+pg_dms__transformer__seed43,PMS2,P43246:733:A>I,1,0.4077453
train-clinvar+pg_dms__transformer__seed43,PMS2,P43246:733:A>H,0,0.4649659
train-clinvar+pg_dms__transformer__seed43,PMS2,P43246:733:A>C,0,0.0719673
train-clinvar+pg_dms__transformer__seed43,PMS2,P43246:733:A>F,1,0.4457847
train-clinvar+pg_dms__transformer__seed43,PMS2,P43246:733:A>E,0,0.5159458
train-clinvar+pg_dms__transformer__seed43,PMS2,P43246:733:A>D,0,0.69104767
train-clinvar+pg_dms__transformer__seed43,PMS2,P43246:733:A>R,0,0.62880045
train-clinvar+pg_dms__transformer__seed43,PMS2,P43246:733:A>T,0,0.10479052
train-clinvar+pg_dms__transformer__seed43,PMS2,P43246:733:A>V,0,0.26610178
train-clinvar+pg_dms__transformer__seed43,PMS2,P43246:733:A>W,0,0.62629193
train-clinvar+pg_dms__transformer__seed43,PMS2,P43246:733:A>Y,0,0.44214168
train-clinvar+pg_dms__transformer__seed43,PMS2,P43246:733:A>G,0,0.024375033
train-clinvar+pg_dms__transformer__seed43,PMS2,P43246:733:A>S,0,0.0076486315
train-clinvar+pg_dms__transformer__seed43,PMS2,P43246:733:A>L,0,0.30185378
train-clinvar+pg_dms__transformer__seed43,PMS2,P43246:746:I>D,1,0.97278553
train-clinvar+pg_dms__transformer__seed43,PMS2,P43246:746:I>Y,0,0.90687615
train-clinvar+pg_dms__transformer__seed43,PMS2,P43246:746:I>W,1,0.9304812
train-clinvar+pg_dms__transformer__seed43,PMS2,P43246:746:I>V,0,0.0469612
train-clinvar+pg_dms__transformer__seed43,PMS2,P43246:746:I>T,0,0.90296614
train-clinvar+pg_dms__transformer__seed43,PMS2,P43246:746:I>S,1,0.9815661
train-clinvar+pg_dms__transformer__seed43,PMS2,P43246:746:I>R,1,0.9846746
train-clinvar+pg_dms__transformer__seed43,PMS2,P43246:746:I>Q,1,0.9225064
train-clinvar+pg_dms__transformer__seed43,PMS2,P43246:746:I>C,0,0.72308123
train-clinvar+pg_dms__transformer__seed43,PMS2,P43246:746:I>N,1,0.9121961
train-clinvar+pg_dms__transformer__seed43,PMS2,P43246:746:I>M,0,0.46084476
train-clinvar+pg_dms__transformer__seed43,PMS2,P43246:746:I>L,0,0.061438497
train-clinvar+pg_dms__transformer__seed43,PMS2,P43246:746:I>K,1,0.93014795
train-clinvar+pg_dms__transformer__seed43,PMS2,P43246:746:I>G,0,0.97061265
train-clinvar+pg_dms__transformer__seed43,PMS2,P43246:746:I>F,1,0.91166323
train-clinvar+pg_dms__transformer__seed43,PMS2,P43246:746:I>E,1,0.9775193
train-clinvar+pg_dms__transformer__seed43,PMS2,P43246:746:I>A,0,0.91654056
train-clinvar+pg_dms__transformer__seed43,PMS2,P43246:746:I>P,1,0.9860465
train-clinvar+pg_dms__transformer__seed43,PMS2,P43246:747:I>F,0,0.854651
train-clinvar+pg_dms__transformer__seed43,PMS2,P43246:747:I>G,1,0.95547074
train-clinvar+pg_dms__transformer__seed43,PMS2,P43246:747:I>L,0,0.1316194
train-clinvar+pg_dms__transformer__seed43,PMS2,P43246:747:I>M,0,0.41130483
train-clinvar+pg_dms__transformer__seed43,PMS2,P43246:747:I>T,0,0.5807129
train-clinvar+pg_dms__transformer__seed43,PMS2,P43246:747:I>R,1,0.9752552
train-clinvar+pg_dms__transformer__seed43,PMS2,P43246:747:I>S,0,0.9653408
train-clinvar+pg_dms__transformer__seed43,PMS2,P43246:747:I>V,0,0.033935133
train-clinvar+pg_dms__transformer__seed43,PMS2,P43246:747:I>W,0,0.9221883
train-clinvar+pg_dms__transformer__seed43,PMS2,P43246:747:I>Y,0,0.8978895
train-clinvar+pg_dms__transformer__seed43,PMS2,P43246:747:I>Q,1,0.925007
train-clinvar+pg_dms__transformer__seed43,PMS2,P43246:747:I>D,1,0.9661369
train-clinvar+pg_dms__transformer__seed43,PMS2,P43246:747:I>P,1,0.9765826
train-clinvar+pg_dms__transformer__seed43,PMS2,P43246:747:I>E,1,0.97158957
train-clinvar+pg_dms__transformer__seed43,PMS2,P43246:747:I>A,0,0.71034837
train-clinvar+pg_dms__transformer__seed43,PMS2,P43246:747:I>C,0,0.7178146
train-clinvar+pg_dms__transformer__seed43,PMS2,P43246:750:L>C,0,0.8909536
train-clinvar+pg_dms__transformer__seed43,PMS2,P43246:750:L>Y,0,0.87868416
train-clinvar+pg_dms__transformer__seed43,PMS2,P43246:750:L>V,0,0.8467797
train-clinvar+pg_dms__transformer__seed43,PMS2,P43246:750:L>T,0,0.94848317
train-clinvar+pg_dms__transformer__seed43,PMS2,P43246:750:L>S,0,0.96649027
train-clinvar+pg_dms__transformer__seed43,PMS2,P43246:750:L>R,1,0.99818474
train-clinvar+pg_dms__transformer__seed43,PMS2,P43246:750:L>Q,0,0.96786547
train-clinvar+pg_dms__transformer__seed43,PMS2,P43246:750:L>P,0,0.99105835
train-clinvar+pg_dms__transformer__seed43,PMS2,P43246:750:L>N,0,0.9469763
train-clinvar+pg_dms__transformer__seed43,PMS2,P43246:750:L>M,0,0.7900674
train-clinvar+pg_dms__transformer__seed43,PMS2,P43246:750:L>W,1,0.9429389
train-clinvar+pg_dms__transformer__seed43,PMS2,P43246:750:L>I,0,0.70214516
train-clinvar+pg_dms__transformer__seed43,PMS2,P43246:750:L>H,0,0.95709646
train-clinvar+pg_dms__transformer__seed43,PMS2,P43246:750:L>G,0,0.9912445
train-clinvar+pg_dms__transformer__seed43,PMS2,P43246:750:L>F,0,0.93090165
train-clinvar+pg_dms__transformer__seed43,PMS2,P43246:750:L>E,1,0.9907227
train-clinvar+pg_dms__transformer__seed43,PMS2,P43246:750:L>D,1,0.978385
train-clinvar+pg_dms__transformer__seed43,PMS2,P43246:750:L>A,1,0.93022466
train-clinvar+pg_dms__transformer__seed43,PMS2,P43246:750:L>K,1,0.97236496
train-clinvar+pg_dms__transformer__seed43,PMS2,P43246:752:R>G,1,0.95592535
train-clinvar+pg_dms__transformer__seed43,PMS2,P43246:752:R>A,1,0.8759941
train-clinvar+pg_dms__transformer__seed43,PMS2,P43246:752:R>C,0,0.82916987
train-clinvar+pg_dms__transformer__seed43,PMS2,P43246:752:R>M,0,0.8553115
train-clinvar+pg_dms__transformer__seed43,PMS2,P43246:752:R>E,1,0.97510546
train-clinvar+pg_dms__transformer__seed43,PMS2,P43246:752:R>Y,0,0.82557756
train-clinvar+pg_dms__transformer__seed43,PMS2,P43246:752:R>W,0,0.9110759
train-clinvar+pg_dms__transformer__seed43,PMS2,P43246:752:R>V,0,0.8363137
train-clinvar+pg_dms__transformer__seed43,PMS2,P43246:752:R>T,1,0.91538954
train-clinvar+pg_dms__transformer__seed43,PMS2,P43246:752:R>D,1,0.94844496
train-clinvar+pg_dms__transformer__seed43,PMS2,P43246:752:R>P,1,0.96988714
train-clinvar+pg_dms__transformer__seed43,PMS2,P43246:752:R>N,0,0.8651319
train-clinvar+pg_dms__transformer__seed43,PMS2,P43246:752:R>S,1,0.8421533
train-clinvar+pg_dms__transformer__seed43,PMS2,P43246:752:R>L,0,0.9809186
train-clinvar+pg_dms__transformer__seed43,PMS2,P43246:752:R>K,0,0.9378436
train-clinvar+pg_dms__transformer__seed43,PMS2,P43246:752:R>I,1,0.8521267
train-clinvar+pg_dms__transformer__seed43,PMS2,P43246:752:R>H,0,0.93499637
train-clinvar+pg_dms__transformer__seed43,PMS2,P43246:752:R>F,0,0.83157295
train-clinvar+pg_dms__transformer__seed43,PMS2,P43246:759:G>D,1,0.9783564
train-clinvar+pg_dms__transformer__seed43,PMS2,P43246:759:G>E,1,0.9732324
train-clinvar+pg_dms__transformer__seed43,PMS2,P43246:759:G>F,1,0.8847372
train-clinvar+pg_dms__transformer__seed43,PMS2,P43246:759:G>I,1,0.92908806
train-clinvar+pg_dms__transformer__seed43,PMS2,P43246:759:G>K,1,0.93414426
train-clinvar+pg_dms__transformer__seed43,PMS2,P43246:759:G>L,1,0.9643599
train-clinvar+pg_dms__transformer__seed43,PMS2,P43246:759:G>M,1,0.87994766
train-clinvar+pg_dms__transformer__seed43,PMS2,P43246:759:G>C,0,0.9253301
train-clinvar+pg_dms__transformer__seed43,PMS2,P43246:759:G>N,1,0.9091533
train-clinvar+pg_dms__transformer__seed43,PMS2,P43246:759:G>Q,1,0.8711033
train-clinvar+pg_dms__transformer__seed43,PMS2,P43246:759:G>R,1,0.9845724
train-clinvar+pg_dms__transformer__seed43,PMS2,P43246:759:G>S,1,0.8813898
train-clinvar+pg_dms__transformer__seed43,PMS2,P43246:759:G>T,1,0.95245486
train-clinvar+pg_dms__transformer__seed43,PMS2,P43246:759:G>V,1,0.91389185
train-clinvar+pg_dms__transformer__seed43,PMS2,P43246:759:G>W,1,0.8989205
train-clinvar+pg_dms__transformer__seed43,PMS2,P43246:759:G>Y,1,0.8686646
train-clinvar+pg_dms__transformer__seed43,PMS2,P43246:759:G>P,1,0.9810883
train-clinvar+pg_dms__transformer__seed43,PMS2,P43246:759:G>A,0,0.9467341
train-clinvar+pg_dms__transformer__seed43,PMS2,P43246:759:G>H,1,0.8210384
train-clinvar+pg_dms__transformer__seed43,PMS2,P43246:763:A>N,0,0.8694168
train-clinvar+pg_dms__transformer__seed43,PMS2,P43246:763:A>S,0,0.08125792
train-clinvar+pg_dms__transformer__seed43,PMS2,P43246:763:A>R,1,0.97488266
train-clinvar+pg_dms__transformer__seed43,PMS2,P43246:763:A>Q,0,0.9224166
train-clinvar+pg_dms__transformer__seed43,PMS2,P43246:763:A>Y,0,0.9089434
train-clinvar+pg_dms__transformer__seed43,PMS2,P43246:763:A>W,1,0.9060921
train-clinvar+pg_dms__transformer__seed43,PMS2,P43246:763:A>M,0,0.8622477
train-clinvar+pg_dms__transformer__seed43,PMS2,P43246:763:A>L,0,0.9488297
train-clinvar+pg_dms__transformer__seed43,PMS2,P43246:763:A>K,1,0.9452001
train-clinvar+pg_dms__transformer__seed43,PMS2,P43246:763:A>I,0,0.9455413
train-clinvar+pg_dms__transformer__seed43,PMS2,P43246:763:A>H,1,0.91535443
train-clinvar+pg_dms__transformer__seed43,PMS2,P43246:763:A>G,0,0.77276164
train-clinvar+pg_dms__transformer__seed43,PMS2,P43246:763:A>F,0,0.93138576
train-clinvar+pg_dms__transformer__seed43,PMS2,P43246:763:A>E,1,0.9734881
train-clinvar+pg_dms__transformer__seed43,PMS2,P43246:763:A>D,0,0.98293555
train-clinvar+pg_dms__transformer__seed43,PMS2,P43246:763:A>C,0,0.6860489
train-clinvar+pg_dms__transformer__seed43,PMS2,P43246:763:A>V,0,0.8969642
train-clinvar+pg_dms__transformer__seed43,PMS2,P43246:763:A>T,0,0.89924157
train-clinvar+pg_dms__transformer__seed43,PMS2,P43246:766:I>M,0,0.43648317
train-clinvar+pg_dms__transformer__seed43,PMS2,P43246:766:I>H,0,0.7982692
train-clinvar+pg_dms__transformer__seed43,PMS2,P43246:766:I>L,0,0.09494592
train-clinvar+pg_dms__transformer__seed43,PMS2,P43246:766:I>A,0,0.76009506
train-clinvar+pg_dms__transformer__seed43,PMS2,P43246:766:I>V,0,0.06120676
train-clinvar+pg_dms__transformer__seed43,PMS2,P43246:766:I>D,1,0.94897145
train-clinvar+pg_dms__transformer__seed43,PMS2,P43246:766:I>E,1,0.91846913
train-clinvar+pg_dms__transformer__seed43,PMS2,P43246:766:I>F,0,0.83020484
train-clinvar+pg_dms__transformer__seed43,PMS2,P43246:766:I>G,1,0.9002471
train-clinvar+pg_dms__transformer__seed43,PMS2,P43246:766:I>P,1,0.9736708
train-clinvar+pg_dms__transformer__seed43,PMS2,P43246:766:I>R,1,0.95912784
train-clinvar+pg_dms__transformer__seed43,PMS2,P43246:766:I>S,0,0.8820115
train-clinvar+pg_dms__transformer__seed43,PMS2,P43246:766:I>C,0,0.4612323
train-clinvar+pg_dms__transformer__seed43,PMS2,P43246:766:I>W,0,0.8525645
train-clinvar+pg_dms__transformer__seed43,PMS2,P43246:766:I>Y,1,0.76096475
train-clinvar+pg_dms__transformer__seed43,PMS2,P43246:771:A>M,0,0.6494539
train-clinvar+pg_dms__transformer__seed43,PMS2,P43246:771:A>N,0,0.7745768
train-clinvar+pg_dms__transformer__seed43,PMS2,P43246:771:A>P,0,0.98822486
train-clinvar+pg_dms__transformer__seed43,PMS2,P43246:771:A>Q,0,0.90321827
train-clinvar+pg_dms__transformer__seed43,PMS2,P43246:771:A>R,0,0.9751524
train-clinvar+pg_dms__transformer__seed43,PMS2,P43246:771:A>S,0,0.015328289
train-clinvar+pg_dms__transformer__seed43,PMS2,P43246:771:A>V,0,0.11850426
train-clinvar+pg_dms__transformer__seed43,PMS2,P43246:771:A>W,0,0.9155661
train-clinvar+pg_dms__transformer__seed43,PMS2,P43246:771:A>Y,0,0.91267705
train-clinvar+pg_dms__transformer__seed43,PMS2,P43246:771:A>C,0,0.06990342
train-clinvar+pg_dms__transformer__seed43,PMS2,P43246:771:A>D,0,0.97821116
train-clinvar+pg_dms__transformer__seed43,PMS2,P43246:771:A>F,0,0.867482
train-clinvar+pg_dms__transformer__seed43,PMS2,P43246:771:A>G,0,0.03821706
train-clinvar+pg_dms__transformer__seed43,PMS2,P43246:771:A>H,0,0.9279103
train-clinvar+pg_dms__transformer__seed43,PMS2,P43246:771:A>I,0,0.45218107
train-clinvar+pg_dms__transformer__seed43,PMS2,P43246:771:A>L,0,0.5711556
train-clinvar+pg_dms__transformer__seed43,PMS2,P43246:773:K>A,0,0.010744266
train-clinvar+pg_dms__transformer__seed43,PMS2,P43246:773:K>C,0,0.024305789
train-clinvar+pg_dms__transformer__seed43,PMS2,P43246:773:K>D,0,0.013527693
train-clinvar+pg_dms__transformer__seed43,PMS2,P43246:773:K>F,0,0.14224458
train-clinvar+pg_dms__transformer__seed43,PMS2,P43246:773:K>G,0,0.012074391
train-clinvar+pg_dms__transformer__seed43,PMS2,P43246:773:K>H,0,0.010163166
train-clinvar+pg_dms__transformer__seed43,PMS2,P43246:773:K>I,0,0.023071654
train-clinvar+pg_dms__transformer__seed43,PMS2,P43246:773:K>L,0,0.043364886
train-clinvar+pg_dms__transformer__seed43,PMS2,P43246:773:K>M,0,0.25329003
train-clinvar+pg_dms__transformer__seed43,PMS2,P43246:773:K>P,0,0.84973556
train-clinvar+pg_dms__transformer__seed43,PMS2,P43246:773:K>Q,0,0.006754961
train-clinvar+pg_dms__transformer__seed43,PMS2,P43246:773:K>R,0,0.012320054
train-clinvar+pg_dms__transformer__seed43,PMS2,P43246:773:K>S,0,0.009108432
train-clinvar+pg_dms__transformer__seed43,PMS2,P43246:773:K>T,0,0.0113537945
train-clinvar+pg_dms__transformer__seed43,PMS2,P43246:773:K>W,0,0.61410606
train-clinvar+pg_dms__transformer__seed43,PMS2,P43246:773:K>Y,0,0.059642773
train-clinvar+pg_dms__transformer__seed43,PMS2,P43246:773:K>V,0,0.044970058
train-clinvar+pg_dms__transformer__seed43,PMS2,P43246:781:A>Q,1,0.8846573
train-clinvar+pg_dms__transformer__seed43,PMS2,P43246:781:A>V,1,0.8289111
train-clinvar+pg_dms__transformer__seed43,PMS2,P43246:781:A>W,1,0.84377
train-clinvar+pg_dms__transformer__seed43,PMS2,P43246:781:A>Y,1,0.8365245
train-clinvar+pg_dms__transformer__seed43,PMS2,P43246:781:A>S,0,0.113295585
train-clinvar+pg_dms__transformer__seed43,PMS2,P43246:781:A>R,1,0.9527185
train-clinvar+pg_dms__transformer__seed43,PMS2,P43246:781:A>C,0,0.54747987
train-clinvar+pg_dms__transformer__seed43,PMS2,P43246:781:A>E,0,0.92851484
train-clinvar+pg_dms__transformer__seed43,PMS2,P43246:781:A>P,0,0.97860384
train-clinvar+pg_dms__transformer__seed43,PMS2,P43246:781:A>G,0,0.83750796
train-clinvar+pg_dms__transformer__seed43,PMS2,P43246:781:A>H,1,0.8881471
train-clinvar+pg_dms__transformer__seed43,PMS2,P43246:781:A>I,1,0.8826212
train-clinvar+pg_dms__transformer__seed43,PMS2,P43246:781:A>N,0,0.6989514
train-clinvar+pg_dms__transformer__seed43,PMS2,P43246:781:A>M,1,0.8582214
train-clinvar+pg_dms__transformer__seed43,PMS2,P43246:781:A>L,0,0.87004524
train-clinvar+pg_dms__transformer__seed43,PMS2,P43246:781:A>K,1,0.912617
train-clinvar+pg_dms__transformer__seed43,PMS2,P43246:781:A>F,1,0.8140496
train-clinvar+pg_dms__transformer__seed43,PMS2,P43246:803:T>D,1,0.35953557
train-clinvar+pg_dms__transformer__seed43,PMS2,P43246:803:T>A,0,0.050561532
train-clinvar+pg_dms__transformer__seed43,PMS2,P43246:803:T>C,0,0.07794849
train-clinvar+pg_dms__transformer__seed43,PMS2,P43246:803:T>W,0,0.7558447
train-clinvar+pg_dms__transformer__seed43,PMS2,P43246:803:T>Y,1,0.25798264
train-clinvar+pg_dms__transformer__seed43,PMS2,P43246:803:T>S,0,0.049692083
train-clinvar+pg_dms__transformer__seed43,PMS2,P43246:803:T>M,0,0.19667031
train-clinvar+pg_dms__transformer__seed43,PMS2,P43246:803:T>L,0,0.063722365
train-clinvar+pg_dms__transformer__seed43,PMS2,P43246:803:T>N,0,0.08914758
train-clinvar+pg_dms__transformer__seed43,PMS2,P43246:803:T>E,0,0.21913454
train-clinvar+pg_dms__transformer__seed43,PMS2,P43246:803:T>P,0,0.83999974
train-clinvar+pg_dms__transformer__seed43,PMS2,P43246:803:T>Q,0,0.088321626
train-clinvar+pg_dms__transformer__seed43,PMS2,P43246:803:T>V,0,0.14734566
train-clinvar+pg_dms__transformer__seed43,PMS2,P43246:803:T>K,0,0.22499603
train-clinvar+pg_dms__transformer__seed43,PMS2,P43246:803:T>H,0,0.38739496
train-clinvar+pg_dms__transformer__seed43,PMS2,P43246:803:T>G,0,0.06993575
train-clinvar+pg_dms__transformer__seed43,PMS2,P43246:803:T>R,0,0.17398845
train-clinvar+pg_dms__transformer__seed43,PMS2,P43246:804:A>K,0,0.7061803
train-clinvar+pg_dms__transformer__seed43,PMS2,P43246:804:A>M,0,0.65280783
train-clinvar+pg_dms__transformer__seed43,PMS2,P43246:804:A>P,0,0.93213147
train-clinvar+pg_dms__transformer__seed43,PMS2,P43246:804:A>Y,1,0.75294644
train-clinvar+pg_dms__transformer__seed43,PMS2,P43246:804:A>W,0,0.6889232
train-clinvar+pg_dms__transformer__seed43,PMS2,P43246:804:A>L,0,0.5730841
train-clinvar+pg_dms__transformer__seed43,PMS2,P43246:804:A>R,0,0.88915384
train-clinvar+pg_dms__transformer__seed43,PMS2,P43246:804:A>S,0,0.1859205
train-clinvar+pg_dms__transformer__seed43,PMS2,P43246:804:A>D,0,0.8633411
train-clinvar+pg_dms__transformer__seed43,PMS2,P43246:804:A>E,0,0.7858611
train-clinvar+pg_dms__transformer__seed43,PMS2,P43246:804:A>F,1,0.7430408
train-clinvar+pg_dms__transformer__seed43,PMS2,P43246:804:A>C,0,0.25018448
train-clinvar+pg_dms__transformer__seed43,PMS2,P43246:804:A>G,0,0.49828073
train-clinvar+pg_dms__transformer__seed43,PMS2,P43246:804:A>I,0,0.7020221
train-clinvar+pg_dms__transformer__seed43,PMS2,P43246:806:T>A,0,0.06540097
train-clinvar+pg_dms__transformer__seed43,PMS2,P43246:806:T>C,0,0.062168784
train-clinvar+pg_dms__transformer__seed43,PMS2,P43246:806:T>D,0,0.4240068
train-clinvar+pg_dms__transformer__seed43,PMS2,P43246:806:T>N,0,0.122357145
train-clinvar+pg_dms__transformer__seed43,PMS2,P43246:806:T>G,0,0.15215838
train-clinvar+pg_dms__transformer__seed43,PMS2,P43246:806:T>F,1,0.20218292
train-clinvar+pg_dms__transformer__seed43,PMS2,P43246:806:T>Y,0,0.24744047
train-clinvar+pg_dms__transformer__seed43,PMS2,P43246:806:T>W,0,0.6374878
train-clinvar+pg_dms__transformer__seed43,PMS2,P43246:806:T>V,0,0.10351752
train-clinvar+pg_dms__transformer__seed43,PMS2,P43246:806:T>S,0,0.07152625
train-clinvar+pg_dms__transformer__seed43,PMS2,P43246:806:T>R,0,0.14383428
train-clinvar+pg_dms__transformer__seed43,PMS2,P43246:806:T>E,0,0.283699
train-clinvar+pg_dms__transformer__seed43,PMS2,P43246:806:T>M,0,0.22485887
train-clinvar+pg_dms__transformer__seed43,PMS2,P43246:806:T>L,0,0.059088554
train-clinvar+pg_dms__transformer__seed43,PMS2,P43246:806:T>K,0,0.19559866
train-clinvar+pg_dms__transformer__seed43,PMS2,P43246:806:T>I,0,0.16686971
train-clinvar+pg_dms__transformer__seed43,PMS2,P43246:806:T>H,0,0.34958068
train-clinvar+pg_dms__transformer__seed43,PMS2,P43246:806:T>P,0,0.3662651
train-clinvar+pg_dms__transformer__seed43,PMS2,P43246:807:T>K,0,0.09747224
train-clinvar+pg_dms__transformer__seed43,PMS2,P43246:807:T>L,0,0.06392217
train-clinvar+pg_dms__transformer__seed43,PMS2,P43246:807:T>M,0,0.24140918
train-clinvar+pg_dms__transformer__seed43,PMS2,P43246:807:T>P,0,0.4714553
train-clinvar+pg_dms__transformer__seed43,PMS2,P43246:807:T>Q,0,0.038092446
train-clinvar+pg_dms__transformer__seed43,PMS2,P43246:807:T>R,0,0.062260453
train-clinvar+pg_dms__transformer__seed43,PMS2,P43246:807:T>W,0,0.57614934
train-clinvar+pg_dms__transformer__seed43,PMS2,P43246:807:T>V,0,0.1341109
train-clinvar+pg_dms__transformer__seed43,PMS2,P43246:807:T>Y,0,0.15403074
train-clinvar+pg_dms__transformer__seed43,PMS2,P43246:807:T>G,0,0.037783023
train-clinvar+pg_dms__transformer__seed43,PMS2,P43246:807:T>F,0,0.14697394
train-clinvar+pg_dms__transformer__seed43,PMS2,P43246:807:T>C,0,0.058041617
train-clinvar+pg_dms__transformer__seed43,PMS2,P43246:807:T>S,0,0.031622585
train-clinvar+pg_dms__transformer__seed43,PMS2,P43246:807:T>E,0,0.10461645
train-clinvar+pg_dms__transformer__seed43,PMS2,P43246:807:T>H,0,0.20178175
train-clinvar+pg_dms__transformer__seed43,PMS2,P43246:819:K>Y,0,0.021593546
train-clinvar+pg_dms__transformer__seed43,PMS2,P43246:819:K>S,0,0.006461148
train-clinvar+pg_dms__transformer__seed43,PMS2,P43246:819:K>T,0,0.020177267
train-clinvar+pg_dms__transformer__seed43,PMS2,P43246:819:K>R,0,0.005925823
train-clinvar+pg_dms__transformer__seed43,PMS2,P43246:819:K>Q,0,0.005162059
train-clinvar+pg_dms__transformer__seed43,PMS2,P43246:819:K>P,0,0.10739094
train-clinvar+pg_dms__transformer__seed43,PMS2,P43246:819:K>M,1,0.20666263
train-clinvar+pg_dms__transformer__seed43,PMS2,P43246:819:K>L,0,0.007900068
train-clinvar+pg_dms__transformer__seed43,PMS2,P43246:819:K>I,0,0.015830243
train-clinvar+pg_dms__transformer__seed43,PMS2,P43246:819:K>G,0,0.007557288
train-clinvar+pg_dms__transformer__seed43,PMS2,P43246:819:K>F,0,0.10285834
train-clinvar+pg_dms__transformer__seed43,PMS2,P43246:819:K>C,0,0.017407339
train-clinvar+pg_dms__transformer__seed43,PMS2,P43246:819:K>A,0,0.0046998016
train-clinvar+pg_dms__transformer__seed43,PMS2,P43246:819:K>V,0,0.014045437
train-clinvar+pg_dms__transformer__seed43,PMS2,P43246:819:K>W,0,0.5849963
train-clinvar+pg_dms__transformer__seed43,PMS2,P43246:830:V>Q,0,0.31965804
train-clinvar+pg_dms__transformer__seed43,PMS2,P43246:830:V>C,0,0.1454163
train-clinvar+pg_dms__transformer__seed43,PMS2,P43246:830:V>A,0,0.39938727
train-clinvar+pg_dms__transformer__seed43,PMS2,P43246:830:V>Y,0,0.32295355
train-clinvar+pg_dms__transformer__seed43,PMS2,P43246:830:V>W,0,0.6810638
train-clinvar+pg_dms__transformer__seed43,PMS2,P43246:830:V>T,0,0.5335237
train-clinvar+pg_dms__transformer__seed43,PMS2,P43246:830:V>R,0,0.51024306
train-clinvar+pg_dms__transformer__seed43,PMS2,P43246:830:V>P,1,0.8621379
train-clinvar+pg_dms__transformer__seed43,PMS2,P43246:830:V>M,0,0.6400358
train-clinvar+pg_dms__transformer__seed43,PMS2,P43246:830:V>S,0,0.35538453
train-clinvar+pg_dms__transformer__seed43,PMS2,P43246:830:V>K,0,0.49517855
train-clinvar+pg_dms__transformer__seed43,PMS2,P43246:830:V>I,0,0.017664019
train-clinvar+pg_dms__transformer__seed43,PMS2,P43246:830:V>H,0,0.41296566
train-clinvar+pg_dms__transformer__seed43,PMS2,P43246:830:V>G,0,0.5186745
train-clinvar+pg_dms__transformer__seed43,PMS2,P43246:830:V>F,0,0.28265476
train-clinvar+pg_dms__transformer__seed43,PMS2,P43246:830:V>E,0,0.4900564
train-clinvar+pg_dms__transformer__seed43,PMS2,P43246:830:V>L,0,0.32925895
train-clinvar+pg_dms__transformer__seed43,PMS2,P43246:830:V>D,0,0.50263196
train-clinvar+pg_dms__transformer__seed43,PMS2,P43246:845:K>A,0,0.06314601
train-clinvar+pg_dms__transformer__seed43,PMS2,P43246:845:K>G,0,0.03777256
train-clinvar+pg_dms__transformer__seed43,PMS2,P43246:845:K>F,0,0.09259481
train-clinvar+pg_dms__transformer__seed43,PMS2,P43246:845:K>E,0,0.034435626
train-clinvar+pg_dms__transformer__seed43,PMS2,P43246:845:K>D,0,0.1129773
train-clinvar+pg_dms__transformer__seed43,PMS2,P43246:845:K>C,0,0.032244205
train-clinvar+pg_dms__transformer__seed43,PMS2,P43246:845:K>H,0,0.14023587
train-clinvar+pg_dms__transformer__seed43,PMS2,P43246:845:K>I,0,0.05866978
train-clinvar+pg_dms__transformer__seed43,PMS2,P43246:845:K>R,0,0.009251757
train-clinvar+pg_dms__transformer__seed43,PMS2,P43246:845:K>M,0,0.2381504
train-clinvar+pg_dms__transformer__seed43,PMS2,P43246:845:K>N,0,0.06592413
train-clinvar+pg_dms__transformer__seed43,PMS2,P43246:845:K>P,1,0.77504
train-clinvar+pg_dms__transformer__seed43,PMS2,P43246:845:K>Y,0,0.05475445
train-clinvar+pg_dms__transformer__seed43,PMS2,P43246:845:K>W,1,0.4911271
train-clinvar+pg_dms__transformer__seed43,PMS2,P43246:845:K>V,0,0.11946398
train-clinvar+pg_dms__transformer__seed43,PMS2,P43246:845:K>T,0,0.104022354
train-clinvar+pg_dms__transformer__seed43,PMS2,P43246:845:K>S,0,0.04179401
train-clinvar+pg_dms__transformer__seed43,PMS2,P43246:845:K>Q,0,0.010778759
train-clinvar+pg_dms__transformer__seed43,PMS2,P43246:845:K>L,0,0.058403995
train-clinvar+pg_dms__transformer__seed43,PMS2,P43246:846:Q>C,0,0.018126164
train-clinvar+pg_dms__transformer__seed43,PMS2,P43246:846:Q>L,0,0.01815592
train-clinvar+pg_dms__transformer__seed43,PMS2,P43246:846:Q>K,0,0.04675262
train-clinvar+pg_dms__transformer__seed43,PMS2,P43246:846:Q>I,0,0.055955447
train-clinvar+pg_dms__transformer__seed43,PMS2,P43246:846:Q>G,0,0.010345782
train-clinvar+pg_dms__transformer__seed43,PMS2,P43246:846:Q>F,0,0.063211516
train-clinvar+pg_dms__transformer__seed43,PMS2,P43246:846:Q>E,0,0.024479551
train-clinvar+pg_dms__transformer__seed43,PMS2,P43246:846:Q>D,0,0.022842348
train-clinvar+pg_dms__transformer__seed43,PMS2,P43246:846:Q>P,0,0.632178
train-clinvar+pg_dms__transformer__seed43,PMS2,P43246:846:Q>R,0,0.040277444
train-clinvar+pg_dms__transformer__seed43,PMS2,P43246:846:Q>S,0,0.013031305
train-clinvar+pg_dms__transformer__seed43,PMS2,P43246:846:Q>T,0,0.091528066
train-clinvar+pg_dms__transformer__seed43,PMS2,P43246:846:Q>V,0,0.049406137
train-clinvar+pg_dms__transformer__seed43,PMS2,P43246:846:Q>W,0,0.39607674
train-clinvar+pg_dms__transformer__seed43,PMS2,P43246:846:Q>Y,0,0.032990176
train-clinvar+pg_dms__transformer__seed43,PMS2,P43246:846:Q>H,0,0.14964695
train-clinvar+pg_dms__transformer__seed43,PMS2,P43246:846:Q>A,0,0.017452197
train-clinvar+pg_dms__transformer__seed43,PMS2,P43246:846:Q>N,0,0.018549472
train-clinvar+pg_dms__transformer__seed43,PMS2,P43246:846:Q>M,0,0.24046335
train-clinvar+pg_dms__transformer__seed43,PMS2,P43246:851:L>K,0,0.33984745
train-clinvar+pg_dms__transformer__seed43,PMS2,P43246:851:L>M,0,0.40425593
train-clinvar+pg_dms__transformer__seed43,PMS2,P43246:851:L>I,0,0.1456835
train-clinvar+pg_dms__transformer__seed43,PMS2,P43246:851:L>H,0,0.3975086
train-clinvar+pg_dms__transformer__seed43,PMS2,P43246:851:L>F,0,0.1744059
train-clinvar+pg_dms__transformer__seed43,PMS2,P43246:851:L>C,0,0.19004487
train-clinvar+pg_dms__transformer__seed43,PMS2,P43246:851:L>D,0,0.37365472
train-clinvar+pg_dms__transformer__seed43,PMS2,P43246:851:L>E,0,0.34953395
train-clinvar+pg_dms__transformer__seed43,PMS2,P43246:851:L>Y,0,0.24177918
train-clinvar+pg_dms__transformer__seed43,PMS2,P43246:851:L>W,0,0.5241073
train-clinvar+pg_dms__transformer__seed43,PMS2,P43246:851:L>T,0,0.5162091
train-clinvar+pg_dms__transformer__seed43,PMS2,P43246:851:L>S,0,0.31433034
train-clinvar+pg_dms__transformer__seed43,PMS2,P43246:851:L>N,0,0.30732512
train-clinvar+pg_dms__transformer__seed43,PMS2,P43246:851:L>R,0,0.42229125
train-clinvar+pg_dms__transformer__seed43,PMS2,P43246:851:L>Q,0,0.28932282
train-clinvar+pg_dms__transformer__seed43,PMS2,P43246:851:L>P,0,0.75291944
train-clinvar+pg_dms__transformer__seed43,PMS2,P43246:851:L>A,0,0.40379333
train-clinvar+pg_dms__transformer__seed43,PMS2,P43246:851:L>G,0,0.36562183
train-clinvar+pg_dms__transformer__seed43,PMS2,P43246:857:I>T,0,0.042224433
train-clinvar+pg_dms__transformer__seed43,PMS2,P43246:857:I>V,0,0.027948983
train-clinvar+pg_dms__transformer__seed43,PMS2,P43246:857:I>W,1,0.32414854
train-clinvar+pg_dms__transformer__seed43,PMS2,P43246:857:I>Y,0,0.029021174
train-clinvar+pg_dms__transformer__seed43,PMS2,P43246:857:I>S,0,0.012327005
train-clinvar+pg_dms__transformer__seed43,PMS2,P43246:857:I>R,0,0.013997216
train-clinvar+pg_dms__transformer__seed43,PMS2,P43246:857:I>Q,0,0.015707085
train-clinvar+pg_dms__transformer__seed43,PMS2,P43246:857:I>N,0,0.017154401
train-clinvar+pg_dms__transformer__seed43,PMS2,P43246:857:I>M,0,0.2773792
train-clinvar+pg_dms__transformer__seed43,PMS2,P43246:857:I>L,0,0.011518134
train-clinvar+pg_dms__transformer__seed43,PMS2,P43246:857:I>K,0,0.022068463
train-clinvar+pg_dms__transformer__seed43,PMS2,P43246:857:I>H,0,0.03109465
train-clinvar+pg_dms__transformer__seed43,PMS2,P43246:857:I>G,0,0.0239726
train-clinvar+pg_dms__transformer__seed43,PMS2,P43246:857:I>F,0,0.013945248
train-clinvar+pg_dms__transformer__seed43,PMS2,P43246:857:I>E,0,0.02744077
train-clinvar+pg_dms__transformer__seed43,PMS2,P43246:857:I>D,0,0.020830864
train-clinvar+pg_dms__transformer__seed43,PMS2,P43246:857:I>A,0,0.014398507
train-clinvar+pg_dms__transformer__seed43,PMS2,P43246:857:I>P,0,0.11488177
train-clinvar+pg_dms__transformer__seed43,PMS2,P43246:871:K>S,0,0.14019811
train-clinvar+pg_dms__transformer__seed43,PMS2,P43246:871:K>R,0,0.038035456
train-clinvar+pg_dms__transformer__seed43,PMS2,P43246:871:K>A,0,0.08453765
train-clinvar+pg_dms__transformer__seed43,PMS2,P43246:871:K>C,0,0.08512492
train-clinvar+pg_dms__transformer__seed43,PMS2,P43246:871:K>Y,0,0.13465632
train-clinvar+pg_dms__transformer__seed43,PMS2,P43246:871:K>D,0,0.21402918
train-clinvar+pg_dms__transformer__seed43,PMS2,P43246:871:K>E,0,0.07176322
train-clinvar+pg_dms__transformer__seed43,PMS2,P43246:871:K>T,0,0.18441531
train-clinvar+pg_dms__transformer__seed43,PMS2,P43246:871:K>G,0,0.13933265
train-clinvar+pg_dms__transformer__seed43,PMS2,P43246:871:K>F,0,0.17631234
train-clinvar+pg_dms__transformer__seed43,PMS2,P43246:871:K>V,0,0.18090451
train-clinvar+pg_dms__transformer__seed43,PMS2,P43246:871:K>W,0,0.49699596
train-clinvar+pg_dms__transformer__seed43,PMS2,P43246:871:K>P,0,0.44296822
train-clinvar+pg_dms__transformer__seed43,PMS2,P43246:871:K>N,0,0.12955928
train-clinvar+pg_dms__transformer__seed43,PMS2,P43246:871:K>Q,0,0.04406611
train-clinvar+pg_dms__transformer__seed43,PMS2,P43246:871:K>M,0,0.43331018
train-clinvar+pg_dms__transformer__seed43,PMS2,P43246:871:K>L,0,0.13806558
train-clinvar+pg_dms__transformer__seed43,PMS2,P43246:871:K>I,0,0.11854202
train-clinvar+pg_dms__transformer__seed43,PMS2,P43246:871:K>H,0,0.24954206
train-clinvar+pg_dms__transformer__seed43,PMS2,P43246:873:C>A,0,0.01177149
train-clinvar+pg_dms__transformer__seed43,PMS2,P43246:873:C>D,0,0.022468362
train-clinvar+pg_dms__transformer__seed43,PMS2,P43246:873:C>E,0,0.019716414
train-clinvar+pg_dms__transformer__seed43,PMS2,P43246:873:C>F,0,0.0065446417
train-clinvar+pg_dms__transformer__seed43,PMS2,P43246:873:C>H,0,0.02012696
train-clinvar+pg_dms__transformer__seed43,PMS2,P43246:873:C>I,0,0.015878202
train-clinvar+pg_dms__transformer__seed43,PMS2,P43246:873:C>K,0,0.02139467
train-clinvar+pg_dms__transformer__seed43,PMS2,P43246:873:C>L,0,0.010368583
train-clinvar+pg_dms__transformer__seed43,PMS2,P43246:873:C>N,0,0.0075990446
train-clinvar+pg_dms__transformer__seed43,PMS2,P43246:873:C>P,0,0.2367533
train-clinvar+pg_dms__transformer__seed43,PMS2,P43246:873:C>G,0,0.010191107
train-clinvar+pg_dms__transformer__seed43,PMS2,P43246:873:C>Q,0,0.012043642
train-clinvar+pg_dms__transformer__seed43,PMS2,P43246:873:C>R,0,0.007339689
train-clinvar+pg_dms__transformer__seed43,PMS2,P43246:873:C>S,0,0.009423657
train-clinvar+pg_dms__transformer__seed43,PMS2,P43246:873:C>T,0,0.052390613
train-clinvar+pg_dms__transformer__seed43,PMS2,P43246:873:C>V,0,0.031553563
train-clinvar+pg_dms__transformer__seed43,PMS2,P43246:877:R>D,0,0.42560908
train-clinvar+pg_dms__transformer__seed43,PMS2,P43246:877:R>C,0,0.040882796
train-clinvar+pg_dms__transformer__seed43,PMS2,P43246:877:R>A,0,0.2844558
train-clinvar+pg_dms__transformer__seed43,PMS2,P43246:877:R>W,0,0.43909308
train-clinvar+pg_dms__transformer__seed43,PMS2,P43246:877:R>V,0,0.26579985
train-clinvar+pg_dms__transformer__seed43,PMS2,P43246:877:R>E,0,0.12556477
train-clinvar+pg_dms__transformer__seed43,PMS2,P43246:877:R>F,0,0.25056556
train-clinvar+pg_dms__transformer__seed43,PMS2,P43246:877:R>G,0,0.09625204
train-clinvar+pg_dms__transformer__seed43,PMS2,P43246:877:R>H,0,0.12127097
train-clinvar+pg_dms__transformer__seed43,PMS2,P43246:877:R>I,0,0.10742609
train-clinvar+pg_dms__transformer__seed43,PMS2,P43246:877:R>K,0,0.080972254
train-clinvar+pg_dms__transformer__seed43,PMS2,P43246:877:R>L,0,0.09222176
train-clinvar+pg_dms__transformer__seed43,PMS2,P43246:877:R>M,0,0.44942358
train-clinvar+pg_dms__transformer__seed43,PMS2,P43246:877:R>N,0,0.2849147
train-clinvar+pg_dms__transformer__seed43,PMS2,P43246:877:R>P,0,0.85976416
train-clinvar+pg_dms__transformer__seed43,PMS2,P43246:877:R>Q,0,0.031025317
train-clinvar+pg_dms__transformer__seed43,PMS2,P43246:877:R>S,0,0.24198791
train-clinvar+pg_dms__transformer__seed43,PMS2,P43246:877:R>Y,0,0.1712218
train-clinvar+pg_dms__transformer__seed43,PMS2,P43246:877:R>T,0,0.22426157
train-clinvar+pg_dms__transformer__seed43,PMS2,P43246:880:G>N,0,0.5120694
train-clinvar+pg_dms__transformer__seed43,PMS2,P43246:880:G>M,0,0.66154397
train-clinvar+pg_dms__transformer__seed43,PMS2,P43246:880:G>P,0,0.8938107
train-clinvar+pg_dms__transformer__seed43,PMS2,P43246:880:G>K,0,0.501113
train-clinvar+pg_dms__transformer__seed43,PMS2,P43246:880:G>I,0,0.5598147
train-clinvar+pg_dms__transformer__seed43,PMS2,P43246:880:G>H,0,0.5267359
train-clinvar+pg_dms__transformer__seed43,PMS2,P43246:880:G>F,0,0.42115572
train-clinvar+pg_dms__transformer__seed43,PMS2,P43246:880:G>E,0,0.5971295
train-clinvar+pg_dms__transformer__seed43,PMS2,P43246:880:G>D,0,0.5946127
train-clinvar+pg_dms__transformer__seed43,PMS2,P43246:880:G>C,0,0.33721313
train-clinvar+pg_dms__transformer__seed43,PMS2,P43246:880:G>A,0,0.039290838
train-clinvar+pg_dms__transformer__seed43,PMS2,P43246:880:G>V,0,0.46577883
train-clinvar+pg_dms__transformer__seed43,PMS2,P43246:880:G>Y,0,0.565648
train-clinvar+pg_dms__transformer__seed43,PMS2,P43246:880:G>T,0,0.50823116
train-clinvar+pg_dms__transformer__seed43,PMS2,P43246:880:G>S,0,0.116088
train-clinvar+pg_dms__transformer__seed43,PMS2,P43246:880:G>R,0,0.76152515
train-clinvar+pg_dms__transformer__seed43,PMS2,P43246:880:G>L,0,0.6361959
train-clinvar+pg_dms__transformer__seed43,PMS2,P43246:880:G>Q,0,0.49422812
train-clinvar+pg_dms__transformer__seed43,PMS2,P43246:882:K>V,0,0.0091765
train-clinvar+pg_dms__transformer__seed43,PMS2,P43246:882:K>T,0,0.0105388975
train-clinvar+pg_dms__transformer__seed43,PMS2,P43246:882:K>S,0,0.0026846116
train-clinvar+pg_dms__transformer__seed43,PMS2,P43246:882:K>R,0,0.0046312
train-clinvar+pg_dms__transformer__seed43,PMS2,P43246:882:K>Q,0,0.0036869873
train-clinvar+pg_dms__transformer__seed43,PMS2,P43246:882:K>P,0,0.5010496
train-clinvar+pg_dms__transformer__seed43,PMS2,P43246:882:K>F,0,0.0075769722
train-clinvar+pg_dms__transformer__seed43,PMS2,P43246:882:K>C,0,0.0057441643
train-clinvar+pg_dms__transformer__seed43,PMS2,P43246:882:K>A,0,0.0038661975
train-clinvar+pg_dms__transformer__seed43,PMS2,P43246:882:K>N,0,0.00280436
train-clinvar+pg_dms__transformer__seed43,PMS2,P43246:882:K>M,0,0.13285112
train-clinvar+pg_dms__transformer__seed43,PMS2,P43246:882:K>L,0,0.007027743
train-clinvar+pg_dms__transformer__seed43,PMS2,P43246:882:K>W,0,0.22443286
train-clinvar+pg_dms__transformer__seed43,PMS2,P43246:882:K>H,0,0.007937757
train-clinvar+pg_dms__transformer__seed43,PMS2,P43246:882:K>G,0,0.004145716
train-clinvar+pg_dms__transformer__seed43,PMS2,P43246:882:K>E,0,0.003743679
train-clinvar+pg_dms__transformer__seed43,PMS2,P43246:882:K>D,0,0.0033802153
train-clinvar+pg_dms__transformer__seed43,PMS2,P43246:882:K>I,0,0.002316726
train-clinvar+pg_dms__transformer__seed43,PMS2,P43246:885:Q>G,0,0.0075504817
train-clinvar+pg_dms__transformer__seed43,PMS2,P43246:885:Q>I,0,0.028137872
train-clinvar+pg_dms__transformer__seed43,PMS2,P43246:885:Q>K,0,0.019612608
train-clinvar+pg_dms__transformer__seed43,PMS2,P43246:885:Q>M,0,0.24227783
train-clinvar+pg_dms__transformer__seed43,PMS2,P43246:885:Q>A,0,0.010094755
train-clinvar+pg_dms__transformer__seed43,PMS2,P43246:885:Q>E,0,0.0063819406
train-clinvar+pg_dms__transformer__seed43,PMS2,P43246:885:Q>F,0,0.028243002
train-clinvar+pg_dms__transformer__seed43,PMS2,P43246:885:Q>D,0,0.008626184
train-clinvar+pg_dms__transformer__seed43,PMS2,P43246:885:Q>C,0,0.00934517
train-clinvar+pg_dms__transformer__seed43,PMS2,P43246:885:Q>P,0,0.4967557
train-clinvar+pg_dms__transformer__seed43,PMS2,P43246:885:Q>R,0,0.010347491
train-clinvar+pg_dms__transformer__seed43,PMS2,P43246:885:Q>S,0,0.006104108
train-clinvar+pg_dms__transformer__seed43,PMS2,P43246:885:Q>T,0,0.045560244
train-clinvar+pg_dms__transformer__seed43,PMS2,P43246:885:Q>V,0,0.027310308
train-clinvar+pg_dms__transformer__seed43,PMS2,P43246:885:Q>Y,0,0.012386772
train-clinvar+pg_dms__transformer__seed43,PMS2,P43246:885:Q>N,0,0.0083366735
train-clinvar+pg_dms__transformer__seed43,PMS2,P43246:887:F>W,0,0.51619667
train-clinvar+pg_dms__transformer__seed43,PMS2,P43246:887:F>V,0,0.10648989
train-clinvar+pg_dms__transformer__seed43,PMS2,P43246:887:F>S,0,0.57330555
train-clinvar+pg_dms__transformer__seed43,PMS2,P43246:887:F>R,1,0.83126175
train-clinvar+pg_dms__transformer__seed43,PMS2,P43246:887:F>Q,0,0.6327902
train-clinvar+pg_dms__transformer__seed43,PMS2,P43246:887:F>P,1,0.9047496
train-clinvar+pg_dms__transformer__seed43,PMS2,P43246:887:F>N,0,0.4683708
train-clinvar+pg_dms__transformer__seed43,PMS2,P43246:887:F>M,0,0.48628607
train-clinvar+pg_dms__transformer__seed43,PMS2,P43246:887:F>T,0,0.61768085
train-clinvar+pg_dms__transformer__seed43,PMS2,P43246:887:F>K,0,0.60255533
train-clinvar+pg_dms__transformer__seed43,PMS2,P43246:887:F>I,0,0.08714807
train-clinvar+pg_dms__transformer__seed43,PMS2,P43246:887:F>H,0,0.54404944
train-clinvar+pg_dms__transformer__seed43,PMS2,P43246:887:F>G,0,0.79945296
train-clinvar+pg_dms__transformer__seed43,PMS2,P43246:887:F>E,0,0.8169505
train-clinvar+pg_dms__transformer__seed43,PMS2,P43246:887:F>D,0,0.82520926
train-clinvar+pg_dms__transformer__seed43,PMS2,P43246:887:F>C,0,0.04007171
train-clinvar+pg_dms__transformer__seed43,PMS2,P43246:887:F>A,0,0.6429744
train-clinvar+pg_dms__transformer__seed43,PMS2,P43246:887:F>Y,0,0.018293705
train-clinvar+pg_dms__transformer__seed43,PMS2,P43246:887:F>L,0,0.50852376
train-clinvar+pg_dms__transformer__seed43,PMS2,P43246:891:V>Y,0,0.1106341
train-clinvar+pg_dms__transformer__seed43,PMS2,P43246:891:V>C,0,0.038074926
train-clinvar+pg_dms__transformer__seed43,PMS2,P43246:891:V>D,1,0.3662519
train-clinvar+pg_dms__transformer__seed43,PMS2,P43246:891:V>E,0,0.29012287
train-clinvar+pg_dms__transformer__seed43,PMS2,P43246:891:V>F,0,0.0064832093
train-clinvar+pg_dms__transformer__seed43,PMS2,P43246:891:V>H,0,0.32208207
train-clinvar+pg_dms__transformer__seed43,PMS2,P43246:891:V>I,0,0.0026540349
train-clinvar+pg_dms__transformer__seed43,PMS2,P43246:891:V>K,1,0.527938
train-clinvar+pg_dms__transformer__seed43,PMS2,P43246:891:V>L,0,0.008773334
train-clinvar+pg_dms__transformer__seed43,PMS2,P43246:891:V>M,0,0.28078023
train-clinvar+pg_dms__transformer__seed43,PMS2,P43246:891:V>N,0,0.11258213
train-clinvar+pg_dms__transformer__seed43,PMS2,P43246:891:V>P,1,0.89559466
train-clinvar+pg_dms__transformer__seed43,PMS2,P43246:891:V>Q,1,0.1703482
train-clinvar+pg_dms__transformer__seed43,PMS2,P43246:891:V>R,1,0.3905284
train-clinvar+pg_dms__transformer__seed43,PMS2,P43246:891:V>S,0,0.031132234
train-clinvar+pg_dms__transformer__seed43,PMS2,P43246:891:V>A,0,0.008592075
train-clinvar+pg_dms__transformer__seed43,PMS2,P43246:891:V>T,0,0.03317031
train-clinvar+pg_dms__transformer__seed43,PMS2,P43246:891:V>W,1,0.6970112
train-clinvar+pg_dms__transformer__seed43,PMS2,P43246:896:F>Q,0,0.09977731
train-clinvar+pg_dms__transformer__seed43,PMS2,P43246:896:F>V,0,0.063503034
train-clinvar+pg_dms__transformer__seed43,PMS2,P43246:896:F>T,0,0.16981067
train-clinvar+pg_dms__transformer__seed43,PMS2,P43246:896:F>R,0,0.05075106
train-clinvar+pg_dms__transformer__seed43,PMS2,P43246:896:F>P,0,0.473655
train-clinvar+pg_dms__transformer__seed43,PMS2,P43246:896:F>E,0,0.117181525
train-clinvar+pg_dms__transformer__seed43,PMS2,P43246:896:F>M,0,0.36773974
train-clinvar+pg_dms__transformer__seed43,PMS2,P43246:896:F>L,0,0.025224427
train-clinvar+pg_dms__transformer__seed43,PMS2,P43246:896:F>I,0,0.04213418
train-clinvar+pg_dms__transformer__seed43,PMS2,P43246:896:F>H,0,0.25605884
train-clinvar+pg_dms__transformer__seed43,PMS2,P43246:896:F>G,0,0.13633908
train-clinvar+pg_dms__transformer__seed43,PMS2,P43246:896:F>D,0,0.092664085
train-clinvar+pg_dms__transformer__seed43,PMS2,P43246:896:F>A,0,0.04914222
train-clinvar+pg_dms__transformer__seed43,PMS2,P43246:896:F>N,0,0.08556734
train-clinvar+pg_dms__transformer__seed43,PMS2,P43246:896:F>W,0,0.4370443
train-clinvar+pg_dms__transformer__seed43,PMS2,P43246:896:F>K,0,0.15580498
train-clinvar+pg_dms__transformer__seed43,PMS2,P43246:896:F>S,0,0.04101067
train-clinvar+pg_dms__transformer__seed43,PMS2,P43246:896:F>Y,0,0.02446103
train-clinvar+pg_dms__transformer__seed43,PMS2,P43246:902:E>N,0,0.01811245
train-clinvar+pg_dms__transformer__seed43,PMS2,P43246:902:E>M,0,0.35104412
train-clinvar+pg_dms__transformer__seed43,PMS2,P43246:902:E>Q,0,0.013981733
train-clinvar+pg_dms__transformer__seed43,PMS2,P43246:902:E>R,0,0.017027255
train-clinvar+pg_dms__transformer__seed43,PMS2,P43246:902:E>V,0,0.041359585
train-clinvar+pg_dms__transformer__seed43,PMS2,P43246:902:E>T,0,0.056215588
train-clinvar+pg_dms__transformer__seed43,PMS2,P43246:902:E>W,0,0.4679831
train-clinvar+pg_dms__transformer__seed43,PMS2,P43246:902:E>Y,0,0.04745138
train-clinvar+pg_dms__transformer__seed43,PMS2,P43246:902:E>S,0,0.015989434
train-clinvar+pg_dms__transformer__seed43,PMS2,P43246:902:E>L,0,0.019433971
train-clinvar+pg_dms__transformer__seed43,PMS2,P43246:902:E>P,0,0.28324875
train-clinvar+pg_dms__transformer__seed43,PMS2,P43246:902:E>H,0,0.07094516
train-clinvar+pg_dms__transformer__seed43,PMS2,P43246:902:E>F,0,0.06928661
train-clinvar+pg_dms__transformer__seed43,PMS2,P43246:902:E>C,0,0.049033914
train-clinvar+pg_dms__transformer__seed43,PMS2,P43246:902:E>A,0,0.013196865
train-clinvar+pg_dms__transformer__seed43,PMS2,P43246:902:E>I,0,0.020082254
train-clinvar+pg_dms__transformer__seed43,PMS2,P43246:903:N>P,0,0.6257859
train-clinvar+pg_dms__transformer__seed43,PMS2,P43246:903:N>Q,0,0.022716682
train-clinvar+pg_dms__transformer__seed43,PMS2,P43246:903:N>S,0,0.03813741
train-clinvar+pg_dms__transformer__seed43,PMS2,P43246:903:N>T,0,0.084596604
train-clinvar+pg_dms__transformer__seed43,PMS2,P43246:903:N>V,0,0.0778669
train-clinvar+pg_dms__transformer__seed43,PMS2,P43246:903:N>Y,0,0.04726457
train-clinvar+pg_dms__transformer__seed43,PMS2,P43246:903:N>L,0,0.022792332
train-clinvar+pg_dms__transformer__seed43,PMS2,P43246:903:N>R,0,0.02924973
train-clinvar+pg_dms__transformer__seed43,PMS2,P43246:903:N>I,0,0.031887755
train-clinvar+pg_dms__transformer__seed43,PMS2,P43246:903:N>M,0,0.3633684
train-clinvar+pg_dms__transformer__seed43,PMS2,P43246:903:N>K,0,0.072422884
train-clinvar+pg_dms__transformer__seed43,PMS2,P43246:903:N>C,0,0.034425206
train-clinvar+pg_dms__transformer__seed43,PMS2,P43246:903:N>D,0,0.031288885
train-clinvar+pg_dms__transformer__seed43,PMS2,P43246:903:N>A,0,0.036084935
train-clinvar+pg_dms__transformer__seed43,PMS2,P43246:903:N>E,0,0.026466755
train-clinvar+pg_dms__transformer__seed43,PMS2,P43246:903:N>F,0,0.062247068
train-clinvar+pg_dms__transformer__seed43,PMS2,P43246:903:N>G,0,0.04383637
train-clinvar+pg_dms__transformer__seed43,PMS2,P43246:903:N>H,0,0.04299155
train-clinvar+pg_dms__transformer__seed43,PMS2,P43246:905:T>A,0,0.019348586
train-clinvar+pg_dms__transformer__seed43,PMS2,P43246:905:T>E,0,0.011123718
train-clinvar+pg_dms__transformer__seed43,PMS2,P43246:905:T>D,0,0.016718596
train-clinvar+pg_dms__transformer__seed43,PMS2,P43246:905:T>Y,0,0.013313955
train-clinvar+pg_dms__transformer__seed43,PMS2,P43246:905:T>W,0,0.25504887
train-clinvar+pg_dms__transformer__seed43,PMS2,P43246:905:T>V,0,0.01957899
train-clinvar+pg_dms__transformer__seed43,PMS2,P43246:905:T>S,0,0.010065545
train-clinvar+pg_dms__transformer__seed43,PMS2,P43246:905:T>C,0,0.009979914
train-clinvar+pg_dms__transformer__seed43,PMS2,P43246:905:T>P,0,0.08001746
train-clinvar+pg_dms__transformer__seed43,PMS2,P43246:905:T>N,0,0.007469929
train-clinvar+pg_dms__transformer__seed43,PMS2,P43246:905:T>L,0,0.010219839
train-clinvar+pg_dms__transformer__seed43,PMS2,P43246:905:T>Q,0,0.008835429
train-clinvar+pg_dms__transformer__seed43,PMS2,P43246:905:T>G,0,0.013685667
train-clinvar+pg_dms__transformer__seed43,PMS2,P43246:905:T>K,0,0.0146343615
train-clinvar+pg_dms__transformer__seed43,PMS2,P43246:905:T>I,0,0.026798472
train-clinvar+pg_dms__transformer__seed43,PMS2,P43246:905:T>H,0,0.017846758
train-clinvar+pg_dms__transformer__seed43,PMS2,P43246:905:T>F,0,0.012007882
train-clinvar+pg_dms__transformer__seed43,PMS2,P43246:909:K>Y,0,0.026976302
train-clinvar+pg_dms__transformer__seed43,PMS2,P43246:909:K>W,0,0.43779895
train-clinvar+pg_dms__transformer__seed43,PMS2,P43246:909:K>V,0,0.04980923
train-clinvar+pg_dms__transformer__seed43,PMS2,P43246:909:K>T,0,0.036746304
train-clinvar+pg_dms__transformer__seed43,PMS2,P43246:909:K>S,0,0.009905152
train-clinvar+pg_dms__transformer__seed43,PMS2,P43246:909:K>R,0,0.021317046
train-clinvar+pg_dms__transformer__seed43,PMS2,P43246:909:K>Q,0,0.010081546
train-clinvar+pg_dms__transformer__seed43,PMS2,P43246:909:K>P,0,0.6157692
train-clinvar+pg_dms__transformer__seed43,PMS2,P43246:909:K>M,0,0.16406699
train-clinvar+pg_dms__transformer__seed43,PMS2,P43246:909:K>L,0,0.018955508
train-clinvar+pg_dms__transformer__seed43,PMS2,P43246:909:K>I,0,0.03152262
train-clinvar+pg_dms__transformer__seed43,PMS2,P43246:909:K>H,0,0.08527314
train-clinvar+pg_dms__transformer__seed43,PMS2,P43246:909:K>A,0,0.014783741
train-clinvar+pg_dms__transformer__seed43,PMS2,P43246:909:K>F,0,0.045776565
train-clinvar+pg_dms__transformer__seed43,PMS2,P43246:909:K>D,0,0.015271351
train-clinvar+pg_dms__transformer__seed43,PMS2,P43246:909:K>C,0,0.02130188
train-clinvar+pg_dms__transformer__seed43,PMS2,P43246:909:K>N,0,0.018271388
train-clinvar+pg_dms__transformer__seed43,PMS2,P43246:909:K>G,0,0.014597456
train-clinvar+pg_dms__transformer__seed43,PMS2,P43246:911:L>K,0,0.34438482
train-clinvar+pg_dms__transformer__seed43,PMS2,P43246:911:L>Q,0,0.09479539
train-clinvar+pg_dms__transformer__seed43,PMS2,P43246:911:L>G,0,0.6983687
train-clinvar+pg_dms__transformer__seed43,PMS2,P43246:911:L>F,0,0.06191391
train-clinvar+pg_dms__transformer__seed43,PMS2,P43246:911:L>E,0,0.3534046
train-clinvar+pg_dms__transformer__seed43,PMS2,P43246:911:L>I,0,0.1321167
train-clinvar+pg_dms__transformer__seed43,PMS2,P43246:911:L>M,0,0.34277132
train-clinvar+pg_dms__transformer__seed43,PMS2,P43246:911:L>W,0,0.4249206
train-clinvar+pg_dms__transformer__seed43,PMS2,P43246:911:L>P,1,0.91824865
train-clinvar+pg_dms__transformer__seed43,PMS2,P43246:911:L>R,0,0.12419422
train-clinvar+pg_dms__transformer__seed43,PMS2,P43246:911:L>S,0,0.44123545
train-clinvar+pg_dms__transformer__seed43,PMS2,P43246:911:L>T,0,0.4834196
train-clinvar+pg_dms__transformer__seed43,PMS2,P43246:911:L>V,0,0.16069141
train-clinvar+pg_dms__transformer__seed43,PMS2,P43246:911:L>C,0,0.1218517
train-clinvar+pg_dms__transformer__seed43,PMS2,P43246:911:L>Y,0,0.10062858
train-clinvar+pg_dms__transformer__seed43,PMS2,P43246:911:L>N,0,0.5330023
train-clinvar+pg_dms__transformer__seed43,PMS2,P43246:911:L>A,0,0.22387776
train-clinvar+pg_dms__transformer__seed43,PMS2,P43246:912:K>P,1,0.7894813
train-clinvar+pg_dms__transformer__seed43,PMS2,P43246:912:K>W,0,0.5699096
train-clinvar+pg_dms__transformer__seed43,PMS2,P43246:912:K>A,0,0.07909066
train-clinvar+pg_dms__transformer__seed43,PMS2,P43246:912:K>C,0,0.076292574
train-clinvar+pg_dms__transformer__seed43,PMS2,P43246:912:K>D,0,0.19445263
train-clinvar+pg_dms__transformer__seed43,PMS2,P43246:912:K>E,0,0.038587265
train-clinvar+pg_dms__transformer__seed43,PMS2,P43246:912:K>F,0,0.19725631
train-clinvar+pg_dms__transformer__seed43,PMS2,P43246:912:K>G,0,0.10269685
train-clinvar+pg_dms__transformer__seed43,PMS2,P43246:912:K>H,0,0.23806088
train-clinvar+pg_dms__transformer__seed43,PMS2,P43246:912:K>Y,0,0.10464054
train-clinvar+pg_dms__transformer__seed43,PMS2,P43246:912:K>I,0,0.09953689
train-clinvar+pg_dms__transformer__seed43,PMS2,P43246:912:K>M,0,0.2772397
train-clinvar+pg_dms__transformer__seed43,PMS2,P43246:912:K>N,0,0.17161037
train-clinvar+pg_dms__transformer__seed43,PMS2,P43246:912:K>Q,0,0.021096252
train-clinvar+pg_dms__transformer__seed43,PMS2,P43246:912:K>R,0,0.013786447
train-clinvar+pg_dms__transformer__seed43,PMS2,P43246:912:K>S,0,0.100606084
train-clinvar+pg_dms__transformer__seed43,PMS2,P43246:912:K>T,0,0.10805221
train-clinvar+pg_dms__transformer__seed43,PMS2,P43246:912:K>V,0,0.15835729
train-clinvar+pg_dms__transformer__seed43,PMS2,P43246:912:K>L,0,0.07474387
train-clinvar+pg_dms__transformer__seed43,PMS2,P43246:913:A>C,0,0.013604791
train-clinvar+pg_dms__transformer__seed43,PMS2,P43246:913:A>W,0,0.40189728
train-clinvar+pg_dms__transformer__seed43,PMS2,P43246:913:A>E,0,0.0098844655
train-clinvar+pg_dms__transformer__seed43,PMS2,P43246:913:A>D,0,0.011028991
train-clinvar+pg_dms__transformer__seed43,PMS2,P43246:913:A>T,0,0.0854268
train-clinvar+pg_dms__transformer__seed43,PMS2,P43246:913:A>R,0,0.013887488
train-clinvar+pg_dms__transformer__seed43,PMS2,P43246:913:A>Q,0,0.009063427
train-clinvar+pg_dms__transformer__seed43,PMS2,P43246:913:A>Y,0,0.02106971
train-clinvar+pg_dms__transformer__seed43,PMS2,P43246:913:A>N,0,0.011107762
train-clinvar+pg_dms__transformer__seed43,PMS2,P43246:913:A>M,0,0.20764813
train-clinvar+pg_dms__transformer__seed43,PMS2,P43246:913:A>P,0,0.63393325
train-clinvar+pg_dms__transformer__seed43,PMS2,P43246:913:A>K,0,0.023293596
train-clinvar+pg_dms__transformer__seed43,PMS2,P43246:913:A>I,0,0.038467586
train-clinvar+pg_dms__transformer__seed43,PMS2,P43246:913:A>H,0,0.06496599
train-clinvar+pg_dms__transformer__seed43,PMS2,P43246:913:A>G,0,0.011088399
train-clinvar+pg_dms__transformer__seed43,PMS2,P43246:913:A>F,0,0.018433688
train-clinvar+pg_dms__transformer__seed43,PMS2,P43246:913:A>L,0,0.01108103
train-clinvar+pg_dms__transformer__seed43,PMS2,P43246:918:K>C,0,0.019918207
train-clinvar+pg_dms__transformer__seed43,PMS2,P43246:918:K>Y,0,0.031782877
train-clinvar+pg_dms__transformer__seed43,PMS2,P43246:918:K>W,0,0.38488117
train-clinvar+pg_dms__transformer__seed43,PMS2,P43246:918:K>V,0,0.056603696
train-clinvar+pg_dms__transformer__seed43,PMS2,P43246:918:K>T,0,0.064818054
train-clinvar+pg_dms__transformer__seed43,PMS2,P43246:918:K>S,0,0.010902528
train-clinvar+pg_dms__transformer__seed43,PMS2,P43246:918:K>R,0,0.022795105
train-clinvar+pg_dms__transformer__seed43,PMS2,P43246:918:K>Q,0,0.013939262
train-clinvar+pg_dms__transformer__seed43,PMS2,P43246:918:K>P,0,0.5271867
train-clinvar+pg_dms__transformer__seed43,PMS2,P43246:918:K>L,0,0.027391145
train-clinvar+pg_dms__transformer__seed43,PMS2,P43246:918:K>I,0,0.037182312
train-clinvar+pg_dms__transformer__seed43,PMS2,P43246:918:K>H,0,0.09453838
train-clinvar+pg_dms__transformer__seed43,PMS2,P43246:918:K>G,0,0.016929558
train-clinvar+pg_dms__transformer__seed43,PMS2,P43246:918:K>F,0,0.07144776
train-clinvar+pg_dms__transformer__seed43,PMS2,P43246:918:K>E,0,0.017017728
train-clinvar+pg_dms__transformer__seed43,PMS2,P43246:918:K>A,0,0.016407957
train-clinvar+pg_dms__transformer__seed43,PMS2,P43246:918:K>D,0,0.02882214
train-clinvar+pg_dms__transformer__seed43,PMS2,P43246:919:N>R,0,0.09592917
train-clinvar+pg_dms__transformer__seed43,PMS2,P43246:919:N>T,0,0.22977117
train-clinvar+pg_dms__transformer__seed43,PMS2,P43246:919:N>S,0,0.060623553
train-clinvar+pg_dms__transformer__seed43,PMS2,P43246:919:N>P,0,0.501235
train-clinvar+pg_dms__transformer__seed43,PMS2,P43246:919:N>K,0,0.09297275
train-clinvar+pg_dms__transformer__seed43,PMS2,P43246:919:N>Q,0,0.032892283
train-clinvar+pg_dms__transformer__seed43,PMS2,P43246:919:N>E,0,0.0832028
train-clinvar+pg_dms__transformer__seed43,PMS2,P43246:919:N>D,0,0.069565326
train-clinvar+pg_dms__transformer__seed43,PMS2,P43246:919:N>G,0,0.08641532
train-clinvar+pg_dms__transformer__seed43,PMS2,P43246:921:S>Y,0,0.045433
train-clinvar+pg_dms__transformer__seed43,PMS2,P43246:921:S>A,0,0.034264524
train-clinvar+pg_dms__transformer__seed43,PMS2,P43246:921:S>C,0,0.020299075
train-clinvar+pg_dms__transformer__seed43,PMS2,P43246:921:S>W,0,0.40862262
train-clinvar+pg_dms__transformer__seed43,PMS2,P43246:921:S>E,0,0.0917393
train-clinvar+pg_dms__transformer__seed43,PMS2,P43246:921:S>F,0,0.0523535
train-clinvar+pg_dms__transformer__seed43,PMS2,P43246:921:S>G,1,0.050750554
train-clinvar+pg_dms__transformer__seed43,PMS2,P43246:921:S>I,0,0.075498074
train-clinvar+pg_dms__transformer__seed43,PMS2,P43246:921:S>K,0,0.09310068
train-clinvar+pg_dms__transformer__seed43,PMS2,P43246:921:S>D,0,0.055967126
train-clinvar+pg_dms__transformer__seed43,PMS2,P43246:921:S>M,0,0.32414562
train-clinvar+pg_dms__transformer__seed43,PMS2,P43246:921:S>N,0,0.052003153
train-clinvar+pg_dms__transformer__seed43,PMS2,P43246:921:S>P,0,0.15788338
train-clinvar+pg_dms__transformer__seed43,PMS2,P43246:921:S>Q,0,0.038625926
train-clinvar+pg_dms__transformer__seed43,PMS2,P43246:921:S>R,0,0.072477676
train-clinvar+pg_dms__transformer__seed43,PMS2,P43246:921:S>T,0,0.13501963
train-clinvar+pg_dms__transformer__seed43,PMS2,P43246:921:S>V,0,0.07191812
train-clinvar+pg_dms__transformer__seed43,PMS2,P43246:921:S>L,0,0.051960427
train-clinvar+pg_dms__transformer__seed43,PMS2,P43246:928:S>D,0,0.08173043
train-clinvar+pg_dms__transformer__seed43,PMS2,P43246:928:S>E,0,0.10715574
train-clinvar+pg_dms__transformer__seed43,PMS2,P43246:928:S>G,0,0.046919275
train-clinvar+pg_dms__transformer__seed43,PMS2,P43246:928:S>H,0,0.18894875
train-clinvar+pg_dms__transformer__seed43,PMS2,P43246:928:S>K,0,0.2050807
train-clinvar+pg_dms__transformer__seed43,PMS2,P43246:928:S>F,1,0.079980336
train-clinvar+pg_dms__transformer__seed43,PMS2,P43246:928:S>N,0,0.092365436
train-clinvar+pg_dms__transformer__seed43,PMS2,P43246:928:S>Q,0,0.07156264
train-clinvar+pg_dms__transformer__seed43,PMS2,P43246:928:S>R,0,0.11373616
train-clinvar+pg_dms__transformer__seed43,PMS2,P43246:928:S>T,0,0.123087674
train-clinvar+pg_dms__transformer__seed43,PMS2,P43246:928:S>Y,0,0.057235155
train-clinvar+pg_dms__transformer__seed43,PMS2,P43246:928:S>L,0,0.061301477
train-clinvar+pg_dms__transformer__seed43,PMS2,P43246:930:I>A,0,0.062155016
train-clinvar+pg_dms__transformer__seed43,PMS2,P43246:930:I>C,0,0.04340507
train-clinvar+pg_dms__transformer__seed43,PMS2,P43246:930:I>P,0,0.32224587
train-clinvar+pg_dms__transformer__seed43,PMS2,P43246:930:I>E,0,0.07713653
train-clinvar+pg_dms__transformer__seed43,PMS2,P43246:930:I>F,0,0.04673303
train-clinvar+pg_dms__transformer__seed43,PMS2,P43246:930:I>N,0,0.07107669
train-clinvar+pg_dms__transformer__seed43,PMS2,P43246:930:I>L,0,0.039797783
train-clinvar+pg_dms__transformer__seed43,PMS2,P43246:930:I>H,0,0.18923447
train-clinvar+pg_dms__transformer__seed43,PMS2,P43246:930:I>G,0,0.08663871
train-clinvar+pg_dms__transformer__seed43,PMS2,P43246:930:I>Y,0,0.06835603
train-clinvar+pg_dms__transformer__seed43,PMS2,P43246:930:I>V,0,0.074356854
train-clinvar+pg_dms__transformer__seed43,PMS2,P43246:930:I>T,0,0.14649358
train-clinvar+pg_dms__transformer__seed43,PMS2,P43246:930:I>S,0,0.040438425
train-clinvar+pg_dms__transformer__seed43,PMS2,P43246:930:I>R,0,0.05952716
train-clinvar+pg_dms__transformer__seed43,PMS2,P43246:930:I>Q,0,0.034712043
train-clinvar+pg_dms__transformer__seed43,PMS2,P43246:930:I>D,0,0.093376584
train-clinvar+pg_dms__transformer__seed43,PMS2,P43246:930:I>K,0,0.100140356
train-clinvar+pg_dms__transformer__seed43,PMS2,P43246:933:T>G,0,0.0571221
train-clinvar+pg_dms__transformer__seed43,PMS2,P43246:933:T>F,0,0.054484986
train-clinvar+pg_dms__transformer__seed43,PMS2,P43246:933:T>E,0,0.06052904
train-clinvar+pg_dms__transformer__seed43,PMS2,P43246:933:T>D,0,0.050490048
train-clinvar+pg_dms__transformer__seed43,PMS2,P43246:933:T>C,0,0.03232147
train-clinvar+pg_dms__transformer__seed43,PMS2,P43246:933:T>A,0,0.04499373
train-clinvar+pg_dms__transformer__seed43,PMS2,P43246:933:T>R,0,0.056971557
train-clinvar+pg_dms__transformer__seed43,PMS2,P43246:933:T>V,0,0.07756036
train-clinvar+pg_dms__transformer__seed43,PMS2,P43246:933:T>S,0,0.032902654
train-clinvar+pg_dms__transformer__seed43,PMS2,P43246:933:T>Q,0,0.026254898
train-clinvar+pg_dms__transformer__seed43,PMS2,P43246:933:T>P,0,0.13276304
train-clinvar+pg_dms__transformer__seed43,PMS2,P43246:933:T>N,0,0.059057336
train-clinvar+pg_dms__transformer__seed43,PMS2,P43246:933:T>H,0,0.10364235
train-clinvar+pg_dms__transformer__seed43,PMS2,P43246:933:T>Y,0,0.059495118
train-clinvar+pg_dms__transformer__seed43,PMS2,P43246:933:T>I,0,0.086932376
train-clinvar+pg_dms__transformer__seed43,PMS2,P43246:933:T>M,0,0.22234078
train-clinvar+pg_dms__transformer__seed43,PMS2,P43246:933:T>L,0,0.041265704
