cell,gene,variant_key,label,score
train-clinvar+pg_dms__cnn__seed43,MLH1,P52701:878:V>A,0,0.010012545
train-clinvar+pg_dms__cnn__seed43,MLH1,P43246:390:L>F,0,0.06078714
train-clinvar+pg_dms__cnn__seed43,MLH1,P54278:20:R>Q,0,0.04466927
train-clinvar+pg_dms__cnn__seed43,MLH1,P52701:54:G>A,0,0.07607803
train-clinvar+pg_dms__cnn__seed43,MLH1,P52701:81:A>T,0,0.12499049
train-clinvar+pg_dms__cnn__seed43,MLH1,P52701:1163:E>V,0,0.13574693
train-clinvar+pg_dms__cnn__seed43,MLH1,P52701:20:A>V,0,0.04512883
train-clinvar+pg_dms__cnn__seed43,MLH1,P43246:336:P>S,0,0.0031470605
train-clinvar+pg_dms__cnn__seed43,MLH1,P43246:338:G>R,1,0.99940014
train-clinvar+pg_dms__cnn__seed43,MLH1,P43246:338:G>E,1,0.9981888
train-clinvar+pg_dms__cnn__seed43,MLH1,P43246:341:L>P,1,0.9978066
train-clinvar+pg_dms__cnn__seed43,MLH1,P43246:440:L>P,1,0.99775547
train-clinvar+pg_dms__cnn__seed43,MLH1,P43246:564:T>A,0,0.06303928
train-clinvar+pg_dms__cnn__seed43,MLH1,P43246:603:D>N,1,0.95135564
train-clinvar+pg_dms__cnn__seed43,MLH1,P43246:603:D>G,1,0.9805211
train-clinvar+pg_dms__cnn__seed43,MLH1,P43246:687:L>P,1,0.99829024
train-clinvar+pg_dms__cnn__seed43,MLH1,P43246:751:G>R,1,0.9996389
train-clinvar+pg_dms__cnn__seed43,MLH1,P43246:886:E>G,0,0.0038727208
train-clinvar+pg_dms__cnn__seed43,MLH1,P43246:905:T>R,0,0.020329095
train-clinvar+pg_dms__cnn__seed43,MLH1,P43246:923:V>E,1,0.5288648
train-clinvar+pg_dms__cnn__seed43,MLH1,P43246:93:L>F,1,0.08122907
train-clinvar+pg_dms__cnn__seed43,MLH1,P43246:187:L>P,1,0.9991147
train-clinvar+pg_dms__cnn__seed43,MLH1,P43246:187:L>R,1,0.99555343
train-clinvar+pg_dms__cnn__seed43,MLH1,P43246:199:C>R,1,0.99522567
train-clinvar+pg_dms__cnn__seed43,MLH1,P43246:199:C>Y,1,0.9950211
train-clinvar+pg_dms__cnn__seed43,MLH1,P43246:264:Q>H,0,0.012619464
train-clinvar+pg_dms__cnn__seed43,MLH1,P52701:1055:A>P,1,0.99377936
train-clinvar+pg_dms__cnn__seed43,MLH1,P52701:767:T>I,1,0.9880298
train-clinvar+pg_dms__cnn__seed43,MLH1,P43246:534:R>P,1,0.90780425
train-clinvar+pg_dms__cnn__seed43,MLH1,P52701:164:H>P,0,0.022963896
train-clinvar+pg_dms__cnn__seed43,MLH1,P43246:38:D>Y,0,0.19128701
train-clinvar+pg_dms__cnn__seed43,MLH1,P43246:508:G>A,0,0.1559053
train-clinvar+pg_dms__cnn__seed43,MLH1,P43246:803:T>I,0,0.061654177
train-clinvar+pg_dms__cnn__seed43,MLH1,P43246:408:Y>F,0,0.01997349
train-clinvar+pg_dms__cnn__seed43,MLH1,P52701:1058:D>H,1,0.9125117
train-clinvar+pg_dms__cnn__seed43,MLH1,P43246:89:V>I,0,0.0027641645
train-clinvar+pg_dms__cnn__seed43,MLH1,P43246:227:R>S,0,0.23776296
train-clinvar+pg_dms__cnn__seed43,MLH1,P43246:316:S>Y,0,0.04326526
train-clinvar+pg_dms__cnn__seed43,MLH1,P43246:551:F>L,0,0.96217597
train-clinvar+pg_dms__cnn__seed43,MLH1,P43246:700:A>E,1,0.99853814
train-clinvar+pg_dms__cnn__seed43,MLH1,P43246:414:L>R,1,0.9016744
train-clinvar+pg_dms__cnn__seed43,MLH1,P43246:479:S>R,0,0.1303184
train-clinvar+pg_dms__cnn__seed43,MLH1,P43246:92:L>F,0,0.06871279
train-clinvar+pg_dms__cnn__seed43,MLH1,P43246:499:A>P,1,0.99962795
train-clinvar+pg_dms__cnn__seed43,MLH1,P43246:709:L>V,0,0.18613185
train-clinvar+pg_dms__cnn__seed43,MLH1,P52701:1063:L>R,1,0.9791389
train-clinvar+pg_dms__cnn__seed43,MLH1,P43246:236:D>H,0,0.07312431
train-clinvar+pg_dms__cnn__seed43,MLH1,P43246:245:L>F,0,0.14262436
train-clinvar+pg_dms__cnn__seed43,MLH1,P43246:303:D>N,0,0.15034598
train-clinvar+pg_dms__cnn__seed43,MLH1,P43246:908:L>I,0,0.010319588
train-clinvar+pg_dms__cnn__seed43,MLH1,P43246:220:G>E,0,0.07595554
train-clinvar+pg_dms__cnn__seed43,MLH1,P43246:236:D>E,0,0.020194937
train-clinvar+pg_dms__cnn__seed43,MLH1,P43246:92:L>I,0,0.0074147154
train-clinvar+pg_dms__cnn__seed43,MLH1,P43246:402:Q>H,0,0.062730074
train-clinvar+pg_dms__cnn__seed43,MLH1,P43246:670:P>R,0,0.39300233
train-clinvar+pg_dms__cnn__seed43,MLH1,P43246:740:T>A,0,0.012253332
train-clinvar+pg_dms__cnn__seed43,MLH1,P43246:889:S>F,0,0.008501904
train-clinvar+pg_dms__cnn__seed43,MLH1,P43246:231:D>Y,0,0.032104924
train-clinvar+pg_dms__cnn__seed43,MLH1,P43246:107:A>D,1,0.037906576
train-clinvar+pg_dms__cnn__seed43,MLH1,P43246:187:L>I,0,0.004041195
train-clinvar+pg_dms__cnn__seed43,MLH1,P43246:187:L>F,0,0.024786321
train-clinvar+pg_dms__cnn__seed43,MLH1,P43246:415:P>A,0,0.004943891
train-clinvar+pg_dms__cnn__seed43,MLH1,P43246:107:A>V,1,0.0015897494
train-clinvar+pg_dms__cnn__seed43,MLH1,P43246:482:R>T,0,0.25180352
train-clinvar+pg_dms__cnn__seed43,MLH1,P43246:603:D>V,1,0.9793722
train-clinvar+pg_dms__cnn__seed43,MLH1,P43246:825:S>G,0,0.09383079
train-clinvar+pg_dms__cnn__seed43,MLH1,P43246:138:N>D,0,0.06224202
train-clinvar+pg_dms__cnn__seed43,MLH1,P43246:390:L>V,0,0.042876106
train-clinvar+pg_dms__cnn__seed43,MLH1,P43246:149:G>A,0,0.090835154
train-clinvar+pg_dms__cnn__seed43,MLH1,P43246:507:P>T,0,0.057785984
train-clinvar+pg_dms__cnn__seed43,MLH1,P43246:792:N>I,0,0.017723328
train-clinvar+pg_dms__cnn__seed43,MLH1,P43246:454:I>R,1,0.9248597
train-clinvar+pg_dms__cnn__seed43,MLH1,P43246:348:Q>E,0,0.16808979
train-clinvar+pg_dms__cnn__seed43,MLH1,P43246:864:D>N,0,0.014280639
train-clinvar+pg_dms__cnn__seed43,MLH1,P43246:781:A>T,1,0.89960694
train-clinvar+pg_dms__cnn__seed43,MLH1,P43246:58:F>L,0,0.31360734
train-clinvar+pg_dms__cnn__seed43,MLH1,P43246:210:M>I,0,0.0060504437
train-clinvar+pg_dms__cnn__seed43,MLH1,P43246:292:T>P,1,0.04862777
train-clinvar+pg_dms__cnn__seed43,MLH1,P43246:338:G>V,1,0.99748296
train-clinvar+pg_dms__cnn__seed43,MLH1,P43246:72:A>G,0,0.027670003
train-clinvar+pg_dms__cnn__seed43,MLH1,P43246:262:E>V,0,0.041362267
train-clinvar+pg_dms__cnn__seed43,MLH1,P43246:670:P>S,0,0.2525016
train-clinvar+pg_dms__cnn__seed43,MLH1,P43246:773:K>E,0,0.0055619436
train-clinvar+pg_dms__cnn__seed43,MLH1,P43246:729:M>V,0,0.24153997
train-clinvar+pg_dms__cnn__seed43,MLH1,P43246:894:M>R,0,0.089911
train-clinvar+pg_dms__cnn__seed43,MLH1,P43246:79:V>M,0,0.13219987
train-clinvar+pg_dms__cnn__seed43,MLH1,P43246:220:G>R,0,0.02644018
train-clinvar+pg_dms__cnn__seed43,MLH1,P43246:415:P>R,0,0.033369463
train-clinvar+pg_dms__cnn__seed43,MLH1,P43246:416:N>D,0,0.04078859
train-clinvar+pg_dms__cnn__seed43,MLH1,P43246:436:F>S,0,0.62500244
train-clinvar+pg_dms__cnn__seed43,MLH1,P43246:437:V>M,0,0.3244416
train-clinvar+pg_dms__cnn__seed43,MLH1,P43246:546:K>R,0,0.022840226
train-clinvar+pg_dms__cnn__seed43,MLH1,P43246:703:S>F,1,0.82475364
train-clinvar+pg_dms__cnn__seed43,MLH1,P43246:740:T>I,1,0.53374803
train-clinvar+pg_dms__cnn__seed43,MLH1,P43246:751:G>E,1,0.99952006
train-clinvar+pg_dms__cnn__seed43,MLH1,P43246:895:P>S,0,0.07925146
train-clinvar+pg_dms__cnn__seed43,MLH1,P43246:321:T>A,0,0.0049160356
train-clinvar+pg_dms__cnn__seed43,MLH1,P43246:59:K>R,0,0.010271927
train-clinvar+pg_dms__cnn__seed43,MLH1,P43246:190:L>F,0,0.01640475
train-clinvar+pg_dms__cnn__seed43,MLH1,P43246:191:L>V,1,0.019816477
train-clinvar+pg_dms__cnn__seed43,MLH1,P43246:270:L>P,1,0.9985864
train-clinvar+pg_dms__cnn__seed43,MLH1,P43246:381:L>I,0,0.056475926
train-clinvar+pg_dms__cnn__seed43,MLH1,P43246:772:T>A,0,0.028262746
train-clinvar+pg_dms__cnn__seed43,MLH1,P43246:894:M>I,0,0.012148354
train-clinvar+pg_dms__cnn__seed43,MLH1,P43246:82:K>R,0,0.0020232997
train-clinvar+pg_dms__cnn__seed43,MLH1,P43246:245:L>W,0,0.90527993
train-clinvar+pg_dms__cnn__seed43,MLH1,P43246:670:P>T,0,0.45063052
train-clinvar+pg_dms__cnn__seed43,MLH1,P43246:814:L>I,0,0.030369304
train-clinvar+pg_dms__cnn__seed43,MLH1,P43246:879:Q>K,0,0.008687424
train-clinvar+pg_dms__cnn__seed43,MLH1,P43246:610:H>D,0,0.055573314
train-clinvar+pg_dms__cnn__seed43,MLH1,P43246:21:R>P,0,0.11845562
train-clinvar+pg_dms__cnn__seed43,MLH1,P43246:158:Q>R,0,0.024790308
train-clinvar+pg_dms__cnn__seed43,MLH1,P43246:303:D>H,0,0.39413866
train-clinvar+pg_dms__cnn__seed43,MLH1,P43246:264:Q>P,0,0.054650262
train-clinvar+pg_dms__cnn__seed43,MLH1,P43246:140:D>A,0,0.013431546
train-clinvar+pg_dms__cnn__seed43,MLH1,P43246:651:I>T,0,0.060268067
train-clinvar+pg_dms__cnn__seed43,MLH1,P43246:771:A>T,0,0.050265398
train-clinvar+pg_dms__cnn__seed43,MLH1,P43246:99:R>S,0,0.2863471
train-clinvar+pg_dms__cnn__seed43,MLH1,P43246:415:P>L,0,0.021198297
train-clinvar+pg_dms__cnn__seed43,MLH1,P43246:378:E>K,0,0.007903885
train-clinvar+pg_dms__cnn__seed43,MLH1,P43246:915:V>L,0,0.016286511
train-clinvar+pg_dms__cnn__seed43,MLH1,P43246:596:N>I,0,0.15020989
train-clinvar+pg_dms__cnn__seed43,MLH1,P43246:440:L>R,1,0.984435
train-clinvar+pg_dms__cnn__seed43,MLH1,P43246:277:L>S,0,0.24853863
train-clinvar+pg_dms__cnn__seed43,MLH1,P43246:316:S>T,0,0.024087217
train-clinvar+pg_dms__cnn__seed43,MLH1,P43246:381:L>F,0,0.02542426
train-clinvar+pg_dms__cnn__seed43,MLH1,P43246:79:V>G,0,0.01475227
train-clinvar+pg_dms__cnn__seed43,MLH1,P43246:755:S>T,0,0.96184784
train-clinvar+pg_dms__cnn__seed43,MLH1,P43246:336:P>L,0,0.0029443281
train-clinvar+pg_dms__cnn__seed43,MLH1,P43246:93:L>V,0,0.01943827
train-clinvar+pg_dms__cnn__seed43,MLH1,P43246:610:H>R,0,0.00746278
train-clinvar+pg_dms__cnn__seed43,MLH1,P43246:427:K>E,0,0.0037999917
train-clinvar+pg_dms__cnn__seed43,MLH1,P43246:92:L>P,0,0.8693613
train-clinvar+pg_dms__cnn__seed43,MLH1,P43246:873:C>W,0,0.022801744
train-clinvar+pg_dms__cnn__seed43,MLH1,P43246:763:A>P,1,0.99964595
train-clinvar+pg_dms__cnn__seed43,MLH1,P43246:454:I>L,0,0.04897223
train-clinvar+pg_dms__cnn__seed43,MLH1,P43246:432:L>W,0,0.6507051
train-clinvar+pg_dms__cnn__seed43,MLH1,P43246:414:L>V,0,0.008837781
train-clinvar+pg_dms__cnn__seed43,MLH1,P43246:140:D>V,0,0.012392261
train-clinvar+pg_dms__cnn__seed43,MLH1,P43246:408:Y>S,0,0.14724638
train-clinvar+pg_dms__cnn__seed43,MLH1,P43246:262:E>K,0,0.02593996
train-clinvar+pg_dms__cnn__seed43,MLH1,P43246:431:L>V,0,0.020501947
train-clinvar+pg_dms__cnn__seed43,MLH1,P43246:500:A>V,0,0.649324
train-clinvar+pg_dms__cnn__seed43,MLH1,P43246:527:C>Y,0,0.15800498
train-clinvar+pg_dms__cnn__seed43,MLH1,P43246:499:A>T,0,0.0017583309
train-clinvar+pg_dms__cnn__seed43,MLH1,P43246:603:D>Y,1,0.99374074
train-clinvar+pg_dms__cnn__seed43,MLH1,P43246:610:H>P,1,0.960326
train-clinvar+pg_dms__cnn__seed43,MLH1,P43246:687:L>R,1,0.9576075
train-clinvar+pg_dms__cnn__seed43,MLH1,P43246:755:S>Y,1,0.983678
train-clinvar+pg_dms__cnn__seed43,MLH1,P43246:666:I>T,0,0.91162884
train-clinvar+pg_dms__cnn__seed43,MLH1,P43246:700:A>G,0,0.12024138
train-clinvar+pg_dms__cnn__seed43,MLH1,P43246:479:S>N,0,0.047286596
train-clinvar+pg_dms__cnn__seed43,MLH1,P43246:317:V>I,0,0.01961029
train-clinvar+pg_dms__cnn__seed43,MLH1,P43246:651:I>L,0,0.112228476
train-clinvar+pg_dms__cnn__seed43,MLH1,P43246:386:D>H,0,0.41070983
train-clinvar+pg_dms__cnn__seed43,MLH1,P43246:138:N>K,0,0.03445547
train-clinvar+pg_dms__cnn__seed43,MLH1,P43246:926:I>S,0,0.049699064
train-clinvar+pg_dms__cnn__seed43,MLH1,P43246:771:A>E,0,0.99454206
train-clinvar+pg_dms__cnn__seed43,MLH1,P43246:191:L>P,1,0.9141521
train-clinvar+pg_dms__cnn__seed43,MLH1,P43246:499:A>S,0,0.018355997
train-clinvar+pg_dms__cnn__seed43,MLH1,P43246:879:Q>H,0,0.0047302186
train-clinvar+pg_dms__cnn__seed43,MLH1,P43246:316:S>C,0,0.004837931
train-clinvar+pg_dms__cnn__seed43,MLH1,P43246:408:Y>H,0,0.040555395
train-clinvar+pg_dms__cnn__seed43,MLH1,P43246:303:D>G,0,0.24494472
train-clinvar+pg_dms__cnn__seed43,MLH1,P43246:181:N>H,0,0.013984224
train-clinvar+pg_dms__cnn__seed43,MLH1,P43246:508:G>D,0,0.3678353
train-clinvar+pg_dms__cnn__seed43,MLH1,P43246:325:S>T,0,0.009490074
train-clinvar+pg_dms__cnn__seed43,MLH1,P43246:831:A>G,0,0.03327967
train-clinvar+pg_dms__cnn__seed43,MLH1,P43246:868:P>Q,0,0.01478047
train-clinvar+pg_dms__cnn__seed43,MLH1,P43246:31:T>I,0,0.021748917
train-clinvar+pg_dms__cnn__seed43,MLH1,P43246:325:S>C,0,0.002765479
train-clinvar+pg_dms__cnn__seed43,MLH1,P43246:766:I>T,0,0.82268226
train-clinvar+pg_dms__cnn__seed43,MLH1,P43246:21:R>H,0,0.053277753
train-clinvar+pg_dms__cnn__seed43,MLH1,P43246:21:R>W,0,0.2311971
train-clinvar+pg_dms__cnn__seed43,MLH1,P43246:21:R>V,0,0.042040393
train-clinvar+pg_dms__cnn__seed43,MLH1,P43246:21:R>T,0,0.06473182
train-clinvar+pg_dms__cnn__seed43,MLH1,P43246:21:R>S,0,0.088705435
train-clinvar+pg_dms__cnn__seed43,MLH1,P43246:21:R>Q,0,0.0093224
train-clinvar+pg_dms__cnn__seed43,MLH1,P43246:21:R>N,0,0.019093458
train-clinvar+pg_dms__cnn__seed43,MLH1,P43246:21:R>M,0,0.27688152
train-clinvar+pg_dms__cnn__seed43,MLH1,P43246:21:R>C,0,0.022957986
train-clinvar+pg_dms__cnn__seed43,MLH1,P43246:21:R>K,0,0.0079935705
train-clinvar+pg_dms__cnn__seed43,MLH1,P43246:21:R>I,0,0.02803386
train-clinvar+pg_dms__cnn__seed43,MLH1,P43246:21:R>G,0,0.012919871
train-clinvar+pg_dms__cnn__seed43,MLH1,P43246:21:R>F,0,0.08610512
train-clinvar+pg_dms__cnn__seed43,MLH1,P43246:21:R>E,0,0.03120808
train-clinvar+pg_dms__cnn__seed43,MLH1,P43246:21:R>D,0,0.16391614
train-clinvar+pg_dms__cnn__seed43,MLH1,P43246:21:R>Y,0,0.024328912
train-clinvar+pg_dms__cnn__seed43,MLH1,P43246:21:R>L,0,0.03694807
train-clinvar+pg_dms__cnn__seed43,MLH1,P43246:21:R>A,0,0.024950769
train-clinvar+pg_dms__cnn__seed43,MLH1,P43246:23:F>Q,0,0.09607993
train-clinvar+pg_dms__cnn__seed43,MLH1,P43246:23:F>H,0,0.018812835
train-clinvar+pg_dms__cnn__seed43,MLH1,P43246:23:F>G,0,0.21925451
train-clinvar+pg_dms__cnn__seed43,MLH1,P43246:23:F>M,0,0.099458836
train-clinvar+pg_dms__cnn__seed43,MLH1,P43246:23:F>P,0,0.7579257
train-clinvar+pg_dms__cnn__seed43,MLH1,P43246:23:F>N,0,0.13741925
train-clinvar+pg_dms__cnn__seed43,MLH1,P43246:23:F>R,0,0.24589564
train-clinvar+pg_dms__cnn__seed43,MLH1,P43246:23:F>S,0,0.054094892
train-clinvar+pg_dms__cnn__seed43,MLH1,P43246:23:F>A,0,0.042569686
train-clinvar+pg_dms__cnn__seed43,MLH1,P43246:23:F>V,0,0.012236624
train-clinvar+pg_dms__cnn__seed43,MLH1,P43246:23:F>E,0,0.1389819
train-clinvar+pg_dms__cnn__seed43,MLH1,P43246:23:F>T,0,0.08112748
train-clinvar+pg_dms__cnn__seed43,MLH1,P43246:23:F>L,0,0.09909917
train-clinvar+pg_dms__cnn__seed43,MLH1,P43246:23:F>I,0,0.009626044
train-clinvar+pg_dms__cnn__seed43,MLH1,P43246:23:F>W,0,0.23450129
train-clinvar+pg_dms__cnn__seed43,MLH1,P43246:23:F>C,0,0.011872942
train-clinvar+pg_dms__cnn__seed43,MLH1,P43246:23:F>Y,0,0.006589285
train-clinvar+pg_dms__cnn__seed43,MLH1,P43246:31:T>F,0,0.009458472
train-clinvar+pg_dms__cnn__seed43,MLH1,P43246:31:T>E,0,0.010080599
train-clinvar+pg_dms__cnn__seed43,MLH1,P43246:31:T>N,0,0.005913953
train-clinvar+pg_dms__cnn__seed43,MLH1,P43246:31:T>V,0,0.0064886757
train-clinvar+pg_dms__cnn__seed43,MLH1,P43246:31:T>L,0,0.0050567966
train-clinvar+pg_dms__cnn__seed43,MLH1,P43246:31:T>K,0,0.00646711
train-clinvar+pg_dms__cnn__seed43,MLH1,P43246:31:T>M,0,0.012179615
train-clinvar+pg_dms__cnn__seed43,MLH1,P43246:31:T>H,0,0.013067771
train-clinvar+pg_dms__cnn__seed43,MLH1,P43246:31:T>G,0,0.0076930113
train-clinvar+pg_dms__cnn__seed43,MLH1,P43246:31:T>A,0,0.005951625
train-clinvar+pg_dms__cnn__seed43,MLH1,P43246:31:T>C,0,0.008659289
train-clinvar+pg_dms__cnn__seed43,MLH1,P43246:31:T>D,0,0.012576626
train-clinvar+pg_dms__cnn__seed43,MLH1,P43246:31:T>P,0,0.02295675
train-clinvar+pg_dms__cnn__seed43,MLH1,P43246:31:T>S,0,0.0136294365
train-clinvar+pg_dms__cnn__seed43,MLH1,P43246:31:T>Y,0,0.011420428
train-clinvar+pg_dms__cnn__seed43,MLH1,P43246:31:T>W,0,0.29298502
train-clinvar+pg_dms__cnn__seed43,MLH1,P43246:31:T>R,0,0.008733999
train-clinvar+pg_dms__cnn__seed43,MLH1,P43246:31:T>Q,0,0.003338926
train-clinvar+pg_dms__cnn__seed43,MLH1,P43246:38:D>I,0,0.46945095
train-clinvar+pg_dms__cnn__seed43,MLH1,P43246:38:D>W,0,0.7136539
train-clinvar+pg_dms__cnn__seed43,MLH1,P43246:38:D>V,0,0.3212936
train-clinvar+pg_dms__cnn__seed43,MLH1,P43246:38:D>T,0,0.2647371
train-clinvar+pg_dms__cnn__seed43,MLH1,P43246:38:D>S,0,0.0726697
train-clinvar+pg_dms__cnn__seed43,MLH1,P43246:38:D>R,0,0.5479666
train-clinvar+pg_dms__cnn__seed43,MLH1,P43246:38:D>Q,0,0.28151095
train-clinvar+pg_dms__cnn__seed43,MLH1,P43246:38:D>P,0,0.8545741
train-clinvar+pg_dms__cnn__seed43,MLH1,P43246:38:D>K,0,0.4572081
train-clinvar+pg_dms__cnn__seed43,MLH1,P43246:38:D>L,0,0.24296033
train-clinvar+pg_dms__cnn__seed43,MLH1,P43246:38:D>A,0,0.2952164
train-clinvar+pg_dms__cnn__seed43,MLH1,P43246:38:D>E,0,0.14370713
train-clinvar+pg_dms__cnn__seed43,MLH1,P43246:38:D>F,0,0.4249938
train-clinvar+pg_dms__cnn__seed43,MLH1,P43246:38:D>G,0,0.30957565
train-clinvar+pg_dms__cnn__seed43,MLH1,P43246:38:D>H,0,0.34607023
train-clinvar+pg_dms__cnn__seed43,MLH1,P43246:38:D>N,0,0.10780283
train-clinvar+pg_dms__cnn__seed43,MLH1,P43246:40:G>M,0,0.2029898
train-clinvar+pg_dms__cnn__seed43,MLH1,P43246:40:G>C,0,0.019168476
train-clinvar+pg_dms__cnn__seed43,MLH1,P43246:40:G>A,0,0.05084565
train-clinvar+pg_dms__cnn__seed43,MLH1,P43246:40:G>H,0,0.15923464
train-clinvar+pg_dms__cnn__seed43,MLH1,P43246:40:G>I,0,0.043242805
train-clinvar+pg_dms__cnn__seed43,MLH1,P43246:40:G>K,0,0.15740383
train-clinvar+pg_dms__cnn__seed43,MLH1,P43246:40:G>L,0,0.054055404
train-clinvar+pg_dms__cnn__seed43,MLH1,P43246:40:G>N,0,0.025147915
train-clinvar+pg_dms__cnn__seed43,MLH1,P43246:40:G>W,0,0.5249464
train-clinvar+pg_dms__cnn__seed43,MLH1,P43246:40:G>Q,0,0.039159127
train-clinvar+pg_dms__cnn__seed43,MLH1,P43246:40:G>R,0,0.2099163
train-clinvar+pg_dms__cnn__seed43,MLH1,P43246:40:G>S,0,0.03618072
train-clinvar+pg_dms__cnn__seed43,MLH1,P43246:40:G>T,0,0.06541662
train-clinvar+pg_dms__cnn__seed43,MLH1,P43246:40:G>V,0,0.16383314
train-clinvar+pg_dms__cnn__seed43,MLH1,P43246:40:G>Y,0,0.08374413
train-clinvar+pg_dms__cnn__seed43,MLH1,P43246:40:G>F,0,0.16625142
train-clinvar+pg_dms__cnn__seed43,MLH1,P43246:40:G>P,0,0.5916043
train-clinvar+pg_dms__cnn__seed43,MLH1,P43246:40:G>D,0,0.121475175
train-clinvar+pg_dms__cnn__seed43,MLH1,P43246:42:F>T,0,0.22786722
train-clinvar+pg_dms__cnn__seed43,MLH1,P43246:42:F>S,0,0.10266452
train-clinvar+pg_dms__cnn__seed43,MLH1,P43246:42:F>Q,0,0.12950301
train-clinvar+pg_dms__cnn__seed43,MLH1,P43246:42:F>P,0,0.7733671
train-clinvar+pg_dms__cnn__seed43,MLH1,P43246:42:F>N,0,0.106301695
train-clinvar+pg_dms__cnn__seed43,MLH1,P43246:42:F>K,0,0.24334843
train-clinvar+pg_dms__cnn__seed43,MLH1,P43246:42:F>L,0,0.31288216
train-clinvar+pg_dms__cnn__seed43,MLH1,P43246:42:F>I,0,0.08991989
train-clinvar+pg_dms__cnn__seed43,MLH1,P43246:42:F>H,0,0.12906864
train-clinvar+pg_dms__cnn__seed43,MLH1,P43246:42:F>G,0,0.24895369
train-clinvar+pg_dms__cnn__seed43,MLH1,P43246:42:F>E,0,0.27800924
train-clinvar+pg_dms__cnn__seed43,MLH1,P43246:42:F>C,0,0.052480616
train-clinvar+pg_dms__cnn__seed43,MLH1,P43246:42:F>A,0,0.13508874
train-clinvar+pg_dms__cnn__seed43,MLH1,P43246:42:F>M,0,0.33797878
train-clinvar+pg_dms__cnn__seed43,MLH1,P43246:42:F>D,0,0.4437319
train-clinvar+pg_dms__cnn__seed43,MLH1,P43246:42:F>R,0,0.35915732
train-clinvar+pg_dms__cnn__seed43,MLH1,P43246:42:F>Y,0,0.010845584
train-clinvar+pg_dms__cnn__seed43,MLH1,P43246:42:F>W,0,0.1571281
train-clinvar+pg_dms__cnn__seed43,MLH1,P43246:42:F>V,0,0.04155076
train-clinvar+pg_dms__cnn__seed43,MLH1,P43246:47:G>A,0,0.01166622
train-clinvar+pg_dms__cnn__seed43,MLH1,P43246:47:G>C,0,0.028532714
train-clinvar+pg_dms__cnn__seed43,MLH1,P43246:47:G>R,0,0.7950938
train-clinvar+pg_dms__cnn__seed43,MLH1,P43246:47:G>F,0,0.10433865
train-clinvar+pg_dms__cnn__seed43,MLH1,P43246:47:G>W,0,0.48682487
train-clinvar+pg_dms__cnn__seed43,MLH1,P43246:47:G>V,0,0.41984585
train-clinvar+pg_dms__cnn__seed43,MLH1,P43246:47:G>T,0,0.0344386
train-clinvar+pg_dms__cnn__seed43,MLH1,P43246:47:G>S,0,0.027720507
train-clinvar+pg_dms__cnn__seed43,MLH1,P43246:47:G>E,0,0.26944992
train-clinvar+pg_dms__cnn__seed43,MLH1,P43246:47:G>Q,0,0.06902653
train-clinvar+pg_dms__cnn__seed43,MLH1,P43246:47:G>P,1,0.99229586
train-clinvar+pg_dms__cnn__seed43,MLH1,P43246:47:G>N,0,0.040427767
train-clinvar+pg_dms__cnn__seed43,MLH1,P43246:47:G>M,0,0.45463625
train-clinvar+pg_dms__cnn__seed43,MLH1,P43246:47:G>L,0,0.35898626
train-clinvar+pg_dms__cnn__seed43,MLH1,P43246:47:G>K,0,0.6088212
train-clinvar+pg_dms__cnn__seed43,MLH1,P43246:47:G>I,0,0.48204014
train-clinvar+pg_dms__cnn__seed43,MLH1,P43246:47:G>H,0,0.4297906
train-clinvar+pg_dms__cnn__seed43,MLH1,P43246:47:G>Y,0,0.10790482
train-clinvar+pg_dms__cnn__seed43,MLH1,P43246:48:E>D,0,0.02297461
train-clinvar+pg_dms__cnn__seed43,MLH1,P43246:48:E>F,0,0.019792754
train-clinvar+pg_dms__cnn__seed43,MLH1,P43246:48:E>H,0,0.020692464
train-clinvar+pg_dms__cnn__seed43,MLH1,P43246:48:E>I,0,0.0045542563
train-clinvar+pg_dms__cnn__seed43,MLH1,P43246:48:E>K,0,0.0037016547
train-clinvar+pg_dms__cnn__seed43,MLH1,P43246:48:E>L,0,0.005676471
train-clinvar+pg_dms__cnn__seed43,MLH1,P43246:48:E>M,0,0.029674534
train-clinvar+pg_dms__cnn__seed43,MLH1,P43246:48:E>Q,0,0.0023006292
train-clinvar+pg_dms__cnn__seed43,MLH1,P43246:48:E>N,0,0.001676758
train-clinvar+pg_dms__cnn__seed43,MLH1,P43246:48:E>Y,0,0.008307717
train-clinvar+pg_dms__cnn__seed43,MLH1,P43246:48:E>W,0,0.54435134
train-clinvar+pg_dms__cnn__seed43,MLH1,P43246:48:E>V,0,0.005778279
train-clinvar+pg_dms__cnn__seed43,MLH1,P43246:48:E>T,0,0.012492217
train-clinvar+pg_dms__cnn__seed43,MLH1,P43246:48:E>S,0,0.0011591034
train-clinvar+pg_dms__cnn__seed43,MLH1,P43246:48:E>R,0,0.00654046
train-clinvar+pg_dms__cnn__seed43,MLH1,P43246:48:E>G,0,0.002085735
train-clinvar+pg_dms__cnn__seed43,MLH1,P43246:48:E>C,0,0.005267007
train-clinvar+pg_dms__cnn__seed43,MLH1,P43246:48:E>P,0,0.011661696
train-clinvar+pg_dms__cnn__seed43,MLH1,P43246:48:E>A,0,0.0014395063
train-clinvar+pg_dms__cnn__seed43,MLH1,P43246:58:F>V,0,0.23162618
train-clinvar+pg_dms__cnn__seed43,MLH1,P43246:58:F>W,0,0.4231282
train-clinvar+pg_dms__cnn__seed43,MLH1,P43246:58:F>A,0,0.2244239
train-clinvar+pg_dms__cnn__seed43,MLH1,P43246:58:F>I,1,0.31238863
train-clinvar+pg_dms__cnn__seed43,MLH1,P43246:58:F>M,1,0.49338564
train-clinvar+pg_dms__cnn__seed43,MLH1,P43246:58:F>P,0,0.7876564
train-clinvar+pg_dms__cnn__seed43,MLH1,P43246:58:F>S,0,0.5196199
train-clinvar+pg_dms__cnn__seed43,MLH1,P43246:58:F>R,0,0.32964152
train-clinvar+pg_dms__cnn__seed43,MLH1,P43246:58:F>H,0,0.29189986
train-clinvar+pg_dms__cnn__seed43,MLH1,P43246:58:F>G,1,0.47563237
train-clinvar+pg_dms__cnn__seed43,MLH1,P43246:58:F>E,0,0.2922858
train-clinvar+pg_dms__cnn__seed43,MLH1,P43246:58:F>T,0,0.33351225
train-clinvar+pg_dms__cnn__seed43,MLH1,P43246:59:K>V,0,0.04550589
train-clinvar+pg_dms__cnn__seed43,MLH1,P43246:59:K>W,0,0.05836004
train-clinvar+pg_dms__cnn__seed43,MLH1,P43246:59:K>T,0,0.03243465
train-clinvar+pg_dms__cnn__seed43,MLH1,P43246:59:K>S,0,0.046221636
train-clinvar+pg_dms__cnn__seed43,MLH1,P43246:59:K>Q,0,0.017461626
train-clinvar+pg_dms__cnn__seed43,MLH1,P43246:59:K>C,0,0.007186541
train-clinvar+pg_dms__cnn__seed43,MLH1,P43246:59:K>N,0,0.20349908
train-clinvar+pg_dms__cnn__seed43,MLH1,P43246:59:K>M,1,0.15626998
train-clinvar+pg_dms__cnn__seed43,MLH1,P43246:59:K>I,0,0.031763345
train-clinvar+pg_dms__cnn__seed43,MLH1,P43246:59:K>H,0,0.032734573
train-clinvar+pg_dms__cnn__seed43,MLH1,P43246:59:K>G,0,0.027536105
train-clinvar+pg_dms__cnn__seed43,MLH1,P43246:59:K>E,0,0.22727083
train-clinvar+pg_dms__cnn__seed43,MLH1,P43246:59:K>D,0,0.22101724
train-clinvar+pg_dms__cnn__seed43,MLH1,P43246:59:K>A,0,0.04533235
train-clinvar+pg_dms__cnn__seed43,MLH1,P43246:59:K>P,1,0.12866108
train-clinvar+pg_dms__cnn__seed43,MLH1,P43246:59:K>L,0,0.0969703
train-clinvar+pg_dms__cnn__seed43,MLH1,P43246:59:K>Y,0,0.037784617
train-clinvar+pg_dms__cnn__seed43,MLH1,P43246:72:A>W,0,0.14327694
train-clinvar+pg_dms__cnn__seed43,MLH1,P43246:72:A>V,0,0.009845352
train-clinvar+pg_dms__cnn__seed43,MLH1,P43246:72:A>T,0,0.015056121
train-clinvar+pg_dms__cnn__seed43,MLH1,P43246:72:A>S,0,0.018218905
train-clinvar+pg_dms__cnn__seed43,MLH1,P43246:72:A>R,0,0.020578794
train-clinvar+pg_dms__cnn__seed43,MLH1,P43246:72:A>Q,0,0.007926553
train-clinvar+pg_dms__cnn__seed43,MLH1,P43246:72:A>N,0,0.0061292844
train-clinvar+pg_dms__cnn__seed43,MLH1,P43246:72:A>M,0,0.012120688
train-clinvar+pg_dms__cnn__seed43,MLH1,P43246:72:A>L,0,0.005391557
train-clinvar+pg_dms__cnn__seed43,MLH1,P43246:72:A>I,0,0.008167153
train-clinvar+pg_dms__cnn__seed43,MLH1,P43246:72:A>H,0,0.03321903
train-clinvar+pg_dms__cnn__seed43,MLH1,P43246:72:A>F,0,0.028314615
train-clinvar+pg_dms__cnn__seed43,MLH1,P43246:72:A>D,0,0.027319144
train-clinvar+pg_dms__cnn__seed43,MLH1,P43246:72:A>C,0,0.0039122677
train-clinvar+pg_dms__cnn__seed43,MLH1,P43246:72:A>P,0,0.025623692
train-clinvar+pg_dms__cnn__seed43,MLH1,P43246:72:A>K,0,0.018851705
train-clinvar+pg_dms__cnn__seed43,MLH1,P43246:72:A>E,0,0.03698929
train-clinvar+pg_dms__cnn__seed43,MLH1,P43246:72:A>Y,0,0.01335303
train-clinvar+pg_dms__cnn__seed43,MLH1,P43246:75:L>D,0,0.9824332
train-clinvar+pg_dms__cnn__seed43,MLH1,P43246:75:L>E,0,0.83190763
train-clinvar+pg_dms__cnn__seed43,MLH1,P43246:75:L>F,0,0.0076022134
train-clinvar+pg_dms__cnn__seed43,MLH1,P43246:75:L>G,0,0.85997146
train-clinvar+pg_dms__cnn__seed43,MLH1,P43246:75:L>H,0,0.20105255
train-clinvar+pg_dms__cnn__seed43,MLH1,P43246:75:L>N,0,0.70216787
train-clinvar+pg_dms__cnn__seed43,MLH1,P43246:75:L>S,0,0.34387842
train-clinvar+pg_dms__cnn__seed43,MLH1,P43246:75:L>Q,0,0.07663101
train-clinvar+pg_dms__cnn__seed43,MLH1,P43246:75:L>R,0,0.14085013
train-clinvar+pg_dms__cnn__seed43,MLH1,P43246:75:L>T,0,0.080688514
train-clinvar+pg_dms__cnn__seed43,MLH1,P43246:75:L>V,0,0.031286184
train-clinvar+pg_dms__cnn__seed43,MLH1,P43246:75:L>W,0,0.42309064
train-clinvar+pg_dms__cnn__seed43,MLH1,P43246:75:L>Y,0,0.04309951
train-clinvar+pg_dms__cnn__seed43,MLH1,P43246:75:L>C,0,0.019161152
train-clinvar+pg_dms__cnn__seed43,MLH1,P43246:75:L>P,0,0.97772753
train-clinvar+pg_dms__cnn__seed43,MLH1,P43246:75:L>A,0,0.05705534
train-clinvar+pg_dms__cnn__seed43,MLH1,P43246:75:L>I,0,0.011093729
train-clinvar+pg_dms__cnn__seed43,MLH1,P43246:78:V>D,1,0.9798967
train-clinvar+pg_dms__cnn__seed43,MLH1,P43246:78:V>E,0,0.96776193
train-clinvar+pg_dms__cnn__seed43,MLH1,P43246:78:V>G,0,0.817643
train-clinvar+pg_dms__cnn__seed43,MLH1,P43246:78:V>H,0,0.87012374
train-clinvar+pg_dms__cnn__seed43,MLH1,P43246:78:V>I,0,0.022098033
train-clinvar+pg_dms__cnn__seed43,MLH1,P43246:78:V>K,0,0.92460996
train-clinvar+pg_dms__cnn__seed43,MLH1,P43246:78:V>L,0,0.13076577
train-clinvar+pg_dms__cnn__seed43,MLH1,P43246:78:V>N,0,0.5345353
train-clinvar+pg_dms__cnn__seed43,MLH1,P43246:78:V>P,1,0.98901784
train-clinvar+pg_dms__cnn__seed43,MLH1,P43246:78:V>Q,0,0.64155555
train-clinvar+pg_dms__cnn__seed43,MLH1,P43246:78:V>S,0,0.76884305
train-clinvar+pg_dms__cnn__seed43,MLH1,P43246:78:V>T,0,0.2970106
train-clinvar+pg_dms__cnn__seed43,MLH1,P43246:78:V>W,0,0.9708372
train-clinvar+pg_dms__cnn__seed43,MLH1,P43246:78:V>Y,1,0.9164104
train-clinvar+pg_dms__cnn__seed43,MLH1,P43246:78:V>C,0,0.026071671
train-clinvar+pg_dms__cnn__seed43,MLH1,P43246:78:V>M,0,0.5414458
train-clinvar+pg_dms__cnn__seed43,MLH1,P43246:78:V>R,0,0.9694509
train-clinvar+pg_dms__cnn__seed43,MLH1,P43246:78:V>A,0,0.22324173
train-clinvar+pg_dms__cnn__seed43,MLH1,P43246:79:V>L,0,0.045779146
train-clinvar+pg_dms__cnn__seed43,MLH1,P43246:79:V>Y,0,0.107185654
train-clinvar+pg_dms__cnn__seed43,MLH1,P43246:79:V>W,0,0.4477944
train-clinvar+pg_dms__cnn__seed43,MLH1,P43246:79:V>T,0,0.0261485
train-clinvar+pg_dms__cnn__seed43,MLH1,P43246:79:V>S,0,0.013152119
train-clinvar+pg_dms__cnn__seed43,MLH1,P43246:79:V>R,0,0.8170027
train-clinvar+pg_dms__cnn__seed43,MLH1,P43246:79:V>Q,0,0.10521822
train-clinvar+pg_dms__cnn__seed43,MLH1,P43246:79:V>P,0,0.9565725
train-clinvar+pg_dms__cnn__seed43,MLH1,P43246:79:V>N,0,0.042104166
train-clinvar+pg_dms__cnn__seed43,MLH1,P43246:79:V>K,0,0.5336242
train-clinvar+pg_dms__cnn__seed43,MLH1,P43246:79:V>I,0,0.0036541212
train-clinvar+pg_dms__cnn__seed43,MLH1,P43246:79:V>F,0,0.016540041
train-clinvar+pg_dms__cnn__seed43,MLH1,P43246:79:V>E,0,0.35764536
train-clinvar+pg_dms__cnn__seed43,MLH1,P43246:79:V>A,0,0.010722747
train-clinvar+pg_dms__cnn__seed43,MLH1,P43246:81:S>Q,0,0.12523656
train-clinvar+pg_dms__cnn__seed43,MLH1,P43246:81:S>P,0,0.94576913
train-clinvar+pg_dms__cnn__seed43,MLH1,P43246:81:S>N,0,0.12467736
train-clinvar+pg_dms__cnn__seed43,MLH1,P43246:81:S>M,0,0.4329868
train-clinvar+pg_dms__cnn__seed43,MLH1,P43246:81:S>L,0,0.10939087
train-clinvar+pg_dms__cnn__seed43,MLH1,P43246:81:S>K,0,0.31836268
train-clinvar+pg_dms__cnn__seed43,MLH1,P43246:81:S>I,0,0.37689233
train-clinvar+pg_dms__cnn__seed43,MLH1,P43246:81:S>F,0,0.0653324
train-clinvar+pg_dms__cnn__seed43,MLH1,P43246:81:S>G,0,0.034768406
train-clinvar+pg_dms__cnn__seed43,MLH1,P43246:81:S>C,0,0.013084804
train-clinvar+pg_dms__cnn__seed43,MLH1,P43246:81:S>A,0,0.021462534
train-clinvar+pg_dms__cnn__seed43,MLH1,P43246:81:S>T,0,0.09537115
train-clinvar+pg_dms__cnn__seed43,MLH1,P43246:81:S>V,0,0.38509035
train-clinvar+pg_dms__cnn__seed43,MLH1,P43246:81:S>R,0,0.45119858
train-clinvar+pg_dms__cnn__seed43,MLH1,P43246:81:S>H,0,0.1987597
train-clinvar+pg_dms__cnn__seed43,MLH1,P43246:81:S>W,0,0.6219217
train-clinvar+pg_dms__cnn__seed43,MLH1,P43246:82:K>C,0,0.0046472494
train-clinvar+pg_dms__cnn__seed43,MLH1,P43246:82:K>N,0,0.016303357
train-clinvar+pg_dms__cnn__seed43,MLH1,P43246:82:K>W,0,0.54960793
train-clinvar+pg_dms__cnn__seed43,MLH1,P43246:82:K>A,0,0.025998436
train-clinvar+pg_dms__cnn__seed43,MLH1,P43246:82:K>S,0,0.011486909
train-clinvar+pg_dms__cnn__seed43,MLH1,P43246:82:K>Q,0,0.0148016345
train-clinvar+pg_dms__cnn__seed43,MLH1,P43246:82:K>P,0,0.07099912
train-clinvar+pg_dms__cnn__seed43,MLH1,P43246:82:K>T,0,0.077192575
train-clinvar+pg_dms__cnn__seed43,MLH1,P43246:82:K>V,0,0.022058591
train-clinvar+pg_dms__cnn__seed43,MLH1,P43246:82:K>L,0,0.013126873
train-clinvar+pg_dms__cnn__seed43,MLH1,P43246:82:K>I,0,0.02638412
train-clinvar+pg_dms__cnn__seed43,MLH1,P43246:82:K>H,0,0.06857458
train-clinvar+pg_dms__cnn__seed43,MLH1,P43246:82:K>G,0,0.018606918
train-clinvar+pg_dms__cnn__seed43,MLH1,P43246:82:K>F,0,0.014314077
train-clinvar+pg_dms__cnn__seed43,MLH1,P43246:82:K>E,0,0.17354998
train-clinvar+pg_dms__cnn__seed43,MLH1,P43246:82:K>D,0,0.18757072
train-clinvar+pg_dms__cnn__seed43,MLH1,P43246:82:K>M,1,0.031069757
train-clinvar+pg_dms__cnn__seed43,MLH1,P43246:89:V>A,0,0.021333179
train-clinvar+pg_dms__cnn__seed43,MLH1,P43246:89:V>E,0,0.76139176
train-clinvar+pg_dms__cnn__seed43,MLH1,P43246:89:V>F,0,0.1229245
train-clinvar+pg_dms__cnn__seed43,MLH1,P43246:89:V>G,0,0.033507023
train-clinvar+pg_dms__cnn__seed43,MLH1,P43246:89:V>H,0,0.45938313
train-clinvar+pg_dms__cnn__seed43,MLH1,P43246:89:V>L,0,0.009944936
train-clinvar+pg_dms__cnn__seed43,MLH1,P43246:89:V>M,0,0.010373183
train-clinvar+pg_dms__cnn__seed43,MLH1,P43246:89:V>P,1,0.96916884
train-clinvar+pg_dms__cnn__seed43,MLH1,P43246:89:V>Q,0,0.3792875
train-clinvar+pg_dms__cnn__seed43,MLH1,P43246:89:V>T,0,0.01278042
train-clinvar+pg_dms__cnn__seed43,MLH1,P43246:89:V>S,0,0.030354766
train-clinvar+pg_dms__cnn__seed43,MLH1,P43246:89:V>K,0,0.7762233
train-clinvar+pg_dms__cnn__seed43,MLH1,P43246:89:V>R,0,0.9258511
train-clinvar+pg_dms__cnn__seed43,MLH1,P43246:89:V>Y,0,0.57280993
train-clinvar+pg_dms__cnn__seed43,MLH1,P43246:89:V>W,1,0.62589055
train-clinvar+pg_dms__cnn__seed43,MLH1,P43246:89:V>C,0,0.005674988
train-clinvar+pg_dms__cnn__seed43,MLH1,P43246:92:L>D,0,0.9369523
train-clinvar+pg_dms__cnn__seed43,MLH1,P43246:92:L>C,0,0.004251003
train-clinvar+pg_dms__cnn__seed43,MLH1,P43246:92:L>E,0,0.8137873
train-clinvar+pg_dms__cnn__seed43,MLH1,P43246:92:L>A,0,0.019028418
train-clinvar+pg_dms__cnn__seed43,MLH1,P43246:92:L>W,0,0.5727601
train-clinvar+pg_dms__cnn__seed43,MLH1,P43246:92:L>V,0,0.049005378
train-clinvar+pg_dms__cnn__seed43,MLH1,P43246:92:L>S,0,0.62011176
train-clinvar+pg_dms__cnn__seed43,MLH1,P43246:92:L>R,0,0.8023531
train-clinvar+pg_dms__cnn__seed43,MLH1,P43246:92:L>T,0,0.09462726
train-clinvar+pg_dms__cnn__seed43,MLH1,P43246:92:L>N,0,0.8400007
train-clinvar+pg_dms__cnn__seed43,MLH1,P43246:92:L>M,0,0.029310754
train-clinvar+pg_dms__cnn__seed43,MLH1,P43246:92:L>K,0,0.7471006
train-clinvar+pg_dms__cnn__seed43,MLH1,P43246:92:L>H,0,0.5504795
train-clinvar+pg_dms__cnn__seed43,MLH1,P43246:92:L>G,0,0.5900815
train-clinvar+pg_dms__cnn__seed43,MLH1,P43246:92:L>Q,0,0.7073886
train-clinvar+pg_dms__cnn__seed43,MLH1,P43246:93:L>P,0,0.56881577
train-clinvar+pg_dms__cnn__seed43,MLH1,P43246:93:L>W,0,0.24424724
train-clinvar+pg_dms__cnn__seed43,MLH1,P43246:93:L>S,0,0.37535736
train-clinvar+pg_dms__cnn__seed43,MLH1,P43246:93:L>R,1,0.33880934
train-clinvar+pg_dms__cnn__seed43,MLH1,P43246:93:L>N,1,0.310599
train-clinvar+pg_dms__cnn__seed43,MLH1,P43246:93:L>T,0,0.06287556
train-clinvar+pg_dms__cnn__seed43,MLH1,P43246:93:L>K,1,0.43869078
train-clinvar+pg_dms__cnn__seed43,MLH1,P43246:93:L>I,0,0.013052123
train-clinvar+pg_dms__cnn__seed43,MLH1,P43246:93:L>H,0,0.34005025
train-clinvar+pg_dms__cnn__seed43,MLH1,P43246:93:L>G,0,0.42670876
train-clinvar+pg_dms__cnn__seed43,MLH1,P43246:93:L>A,0,0.15654586
train-clinvar+pg_dms__cnn__seed43,MLH1,P43246:93:L>E,0,0.40999302
train-clinvar+pg_dms__cnn__seed43,MLH1,P43246:93:L>C,0,0.012915074
train-clinvar+pg_dms__cnn__seed43,MLH1,P43246:93:L>M,0,0.07201688
train-clinvar+pg_dms__cnn__seed43,MLH1,P43246:94:L>W,0,0.09587848
train-clinvar+pg_dms__cnn__seed43,MLH1,P43246:94:L>V,0,0.02314085
train-clinvar+pg_dms__cnn__seed43,MLH1,P43246:94:L>T,0,0.015133671
train-clinvar+pg_dms__cnn__seed43,MLH1,P43246:94:L>S,0,0.016589591
train-clinvar+pg_dms__cnn__seed43,MLH1,P43246:94:L>R,0,0.04765666
train-clinvar+pg_dms__cnn__seed43,MLH1,P43246:94:L>Q,0,0.024382744
train-clinvar+pg_dms__cnn__seed43,MLH1,P43246:94:L>P,0,0.19317716
train-clinvar+pg_dms__cnn__seed43,MLH1,P43246:94:L>N,0,0.029217409
train-clinvar+pg_dms__cnn__seed43,MLH1,P43246:94:L>K,0,0.052446436
train-clinvar+pg_dms__cnn__seed43,MLH1,P43246:94:L>I,0,0.0065784375
train-clinvar+pg_dms__cnn__seed43,MLH1,P43246:94:L>G,0,0.03480439
train-clinvar+pg_dms__cnn__seed43,MLH1,P43246:94:L>F,0,0.005751735
train-clinvar+pg_dms__cnn__seed43,MLH1,P43246:94:L>C,0,0.004488054
train-clinvar+pg_dms__cnn__seed43,MLH1,P43246:94:L>A,0,0.025696283
train-clinvar+pg_dms__cnn__seed43,MLH1,P43246:94:L>M,0,0.0067059053
train-clinvar+pg_dms__cnn__seed43,MLH1,P43246:94:L>E,0,0.070700936
train-clinvar+pg_dms__cnn__seed43,MLH1,P43246:99:R>Y,0,0.5698531
train-clinvar+pg_dms__cnn__seed43,MLH1,P43246:99:R>W,0,0.8998699
train-clinvar+pg_dms__cnn__seed43,MLH1,P43246:99:R>V,1,0.7453776
train-clinvar+pg_dms__cnn__seed43,MLH1,P43246:99:R>T,1,0.41789007
train-clinvar+pg_dms__cnn__seed43,MLH1,P43246:99:R>Q,0,0.05386038
train-clinvar+pg_dms__cnn__seed43,MLH1,P43246:99:R>P,0,0.91079414
train-clinvar+pg_dms__cnn__seed43,MLH1,P43246:99:R>M,0,0.5613465
train-clinvar+pg_dms__cnn__seed43,MLH1,P43246:99:R>L,0,0.7291589
train-clinvar+pg_dms__cnn__seed43,MLH1,P43246:99:R>K,0,0.04909369
train-clinvar+pg_dms__cnn__seed43,MLH1,P43246:99:R>I,0,0.69716537
train-clinvar+pg_dms__cnn__seed43,MLH1,P43246:99:R>G,0,0.6749073
train-clinvar+pg_dms__cnn__seed43,MLH1,P43246:99:R>F,1,0.27561536
train-clinvar+pg_dms__cnn__seed43,MLH1,P43246:99:R>C,0,0.03103577
train-clinvar+pg_dms__cnn__seed43,MLH1,P43246:99:R>A,0,0.21058866
train-clinvar+pg_dms__cnn__seed43,MLH1,P43246:107:A>C,0,0.002172794
train-clinvar+pg_dms__cnn__seed43,MLH1,P43246:107:A>T,0,0.0007841263
train-clinvar+pg_dms__cnn__seed43,MLH1,P43246:107:A>Y,0,0.017225107
train-clinvar+pg_dms__cnn__seed43,MLH1,P43246:107:A>S,0,0.001265114
train-clinvar+pg_dms__cnn__seed43,MLH1,P43246:107:A>R,0,0.041205924
train-clinvar+pg_dms__cnn__seed43,MLH1,P43246:107:A>Q,0,0.006912039
train-clinvar+pg_dms__cnn__seed43,MLH1,P43246:107:A>N,0,0.0043347217
train-clinvar+pg_dms__cnn__seed43,MLH1,P43246:107:A>M,0,0.009397685
train-clinvar+pg_dms__cnn__seed43,MLH1,P43246:107:A>P,0,0.06163313
train-clinvar+pg_dms__cnn__seed43,MLH1,P43246:107:A>K,0,0.031955685
train-clinvar+pg_dms__cnn__seed43,MLH1,P43246:107:A>I,0,0.0036353804
train-clinvar+pg_dms__cnn__seed43,MLH1,P43246:107:A>H,0,0.02914604
train-clinvar+pg_dms__cnn__seed43,MLH1,P43246:107:A>G,0,0.014792002
train-clinvar+pg_dms__cnn__seed43,MLH1,P43246:107:A>E,0,0.018792508
train-clinvar+pg_dms__cnn__seed43,MLH1,P43246:107:A>L,0,0.0029667825
train-clinvar+pg_dms__cnn__seed43,MLH1,P43246:108:G>K,0,0.055014458
train-clinvar+pg_dms__cnn__seed43,MLH1,P43246:108:G>D,0,0.07335524
train-clinvar+pg_dms__cnn__seed43,MLH1,P43246:108:G>F,0,0.010718768
train-clinvar+pg_dms__cnn__seed43,MLH1,P43246:108:G>I,0,0.004629509
train-clinvar+pg_dms__cnn__seed43,MLH1,P43246:108:G>L,0,0.0069532976
train-clinvar+pg_dms__cnn__seed43,MLH1,P43246:108:G>S,0,0.0021388289
train-clinvar+pg_dms__cnn__seed43,MLH1,P43246:108:G>P,0,0.03489654
train-clinvar+pg_dms__cnn__seed43,MLH1,P43246:108:G>Q,0,0.0080339555
train-clinvar+pg_dms__cnn__seed43,MLH1,P43246:108:G>R,0,0.039952245
train-clinvar+pg_dms__cnn__seed43,MLH1,P43246:108:G>T,0,0.0038539113
train-clinvar+pg_dms__cnn__seed43,MLH1,P43246:108:G>C,0,0.0011090355
train-clinvar+pg_dms__cnn__seed43,MLH1,P43246:108:G>M,0,0.032958318
train-clinvar+pg_dms__cnn__seed43,MLH1,P43246:108:G>A,0,0.0057504512
train-clinvar+pg_dms__cnn__seed43,MLH1,P43246:108:G>W,0,0.34108144
train-clinvar+pg_dms__cnn__seed43,MLH1,P43246:108:G>V,0,0.0037485
train-clinvar+pg_dms__cnn__seed43,MLH1,P43246:131:F>Y,0,0.050770547
train-clinvar+pg_dms__cnn__seed43,MLH1,P43246:131:F>W,0,0.23788413
train-clinvar+pg_dms__cnn__seed43,MLH1,P43246:131:F>V,0,0.017228367
train-clinvar+pg_dms__cnn__seed43,MLH1,P43246:131:F>T,0,0.20272863
train-clinvar+pg_dms__cnn__seed43,MLH1,P43246:131:F>S,0,0.24807404
train-clinvar+pg_dms__cnn__seed43,MLH1,P43246:131:F>R,0,0.40773526
train-clinvar+pg_dms__cnn__seed43,MLH1,P43246:131:F>N,0,0.076809235
train-clinvar+pg_dms__cnn__seed43,MLH1,P43246:131:F>P,0,0.5945009
train-clinvar+pg_dms__cnn__seed43,MLH1,P43246:131:F>L,0,0.04577691
train-clinvar+pg_dms__cnn__seed43,MLH1,P43246:131:F>K,0,0.18537875
train-clinvar+pg_dms__cnn__seed43,MLH1,P43246:131:F>I,0,0.007942054
train-clinvar+pg_dms__cnn__seed43,MLH1,P43246:131:F>H,0,0.23189592
train-clinvar+pg_dms__cnn__seed43,MLH1,P43246:131:F>G,0,0.18449445
train-clinvar+pg_dms__cnn__seed43,MLH1,P43246:131:F>E,0,0.37508044
train-clinvar+pg_dms__cnn__seed43,MLH1,P43246:131:F>A,0,0.108552575
train-clinvar+pg_dms__cnn__seed43,MLH1,P43246:131:F>M,0,0.01933138
train-clinvar+pg_dms__cnn__seed43,MLH1,P43246:131:F>C,0,0.01592601
train-clinvar+pg_dms__cnn__seed43,MLH1,P43246:134:I>A,0,0.007277269
train-clinvar+pg_dms__cnn__seed43,MLH1,P43246:134:I>C,0,0.0065973243
train-clinvar+pg_dms__cnn__seed43,MLH1,P43246:134:I>D,0,0.074660994
train-clinvar+pg_dms__cnn__seed43,MLH1,P43246:134:I>F,0,0.004497079
train-clinvar+pg_dms__cnn__seed43,MLH1,P43246:134:I>G,0,0.03048956
train-clinvar+pg_dms__cnn__seed43,MLH1,P43246:134:I>Q,0,0.0135637
train-clinvar+pg_dms__cnn__seed43,MLH1,P43246:134:I>N,0,0.010601709
train-clinvar+pg_dms__cnn__seed43,MLH1,P43246:134:I>S,0,0.0088895485
train-clinvar+pg_dms__cnn__seed43,MLH1,P43246:134:I>P,0,0.4885124
train-clinvar+pg_dms__cnn__seed43,MLH1,P43246:134:I>W,1,0.048566427
train-clinvar+pg_dms__cnn__seed43,MLH1,P43246:134:I>K,0,0.026497094
train-clinvar+pg_dms__cnn__seed43,MLH1,P43246:134:I>Y,0,0.012721559
train-clinvar+pg_dms__cnn__seed43,MLH1,P43246:134:I>V,0,0.011510352
train-clinvar+pg_dms__cnn__seed43,MLH1,P43246:134:I>H,0,0.019647237
train-clinvar+pg_dms__cnn__seed43,MLH1,P43246:134:I>R,0,0.029272884
train-clinvar+pg_dms__cnn__seed43,MLH1,P43246:134:I>T,0,0.018104903
train-clinvar+pg_dms__cnn__seed43,MLH1,P43246:134:I>L,0,0.008784476
train-clinvar+pg_dms__cnn__seed43,MLH1,P43246:138:N>C,0,0.0042479523
train-clinvar+pg_dms__cnn__seed43,MLH1,P43246:138:N>Y,0,0.006720308
train-clinvar+pg_dms__cnn__seed43,MLH1,P43246:138:N>W,0,0.09216954
train-clinvar+pg_dms__cnn__seed43,MLH1,P43246:138:N>V,0,0.011392001
train-clinvar+pg_dms__cnn__seed43,MLH1,P43246:138:N>T,0,0.0066245086
train-clinvar+pg_dms__cnn__seed43,MLH1,P43246:138:N>S,0,0.022520263
train-clinvar+pg_dms__cnn__seed43,MLH1,P43246:138:N>R,0,0.026716355
train-clinvar+pg_dms__cnn__seed43,MLH1,P43246:138:N>Q,0,0.012073642
train-clinvar+pg_dms__cnn__seed43,MLH1,P43246:138:N>L,0,0.0097651975
train-clinvar+pg_dms__cnn__seed43,MLH1,P43246:138:N>A,0,0.009588188
train-clinvar+pg_dms__cnn__seed43,MLH1,P43246:138:N>I,0,0.024883779
train-clinvar+pg_dms__cnn__seed43,MLH1,P43246:138:N>H,0,0.011894223
train-clinvar+pg_dms__cnn__seed43,MLH1,P43246:138:N>G,0,0.0138635235
train-clinvar+pg_dms__cnn__seed43,MLH1,P43246:138:N>F,0,0.01604513
train-clinvar+pg_dms__cnn__seed43,MLH1,P43246:138:N>E,0,0.02815586
train-clinvar+pg_dms__cnn__seed43,MLH1,P43246:138:N>M,0,0.01547903
train-clinvar+pg_dms__cnn__seed43,MLH1,P43246:138:N>P,0,0.04637994
train-clinvar+pg_dms__cnn__seed43,MLH1,P43246:140:D>C,0,0.014638797
train-clinvar+pg_dms__cnn__seed43,MLH1,P43246:140:D>T,0,0.017319424
train-clinvar+pg_dms__cnn__seed43,MLH1,P43246:140:D>S,0,0.0067577832
train-clinvar+pg_dms__cnn__seed43,MLH1,P43246:140:D>W,0,0.37647545
train-clinvar+pg_dms__cnn__seed43,MLH1,P43246:140:D>R,0,0.028113725
train-clinvar+pg_dms__cnn__seed43,MLH1,P43246:140:D>Q,0,0.021525102
train-clinvar+pg_dms__cnn__seed43,MLH1,P43246:140:D>N,0,0.0049750158
train-clinvar+pg_dms__cnn__seed43,MLH1,P43246:140:D>M,0,0.03490597
train-clinvar+pg_dms__cnn__seed43,MLH1,P43246:140:D>L,0,0.028630268
train-clinvar+pg_dms__cnn__seed43,MLH1,P43246:140:D>K,0,0.05539228
train-clinvar+pg_dms__cnn__seed43,MLH1,P43246:140:D>I,0,0.017594397
train-clinvar+pg_dms__cnn__seed43,MLH1,P43246:140:D>E,0,0.021349417
train-clinvar+pg_dms__cnn__seed43,MLH1,P43246:140:D>P,0,0.044488702
train-clinvar+pg_dms__cnn__seed43,MLH1,P43246:140:D>H,0,0.09957431
train-clinvar+pg_dms__cnn__seed43,MLH1,P43246:140:D>F,0,0.030040173
train-clinvar+pg_dms__cnn__seed43,MLH1,P43246:140:D>Y,0,0.019579008
train-clinvar+pg_dms__cnn__seed43,MLH1,P43246:140:D>G,0,0.024739293
train-clinvar+pg_dms__cnn__seed43,MLH1,P43246:146:G>Q,0,0.16333035
train-clinvar+pg_dms__cnn__seed43,MLH1,P43246:146:G>R,0,0.6026168
train-clinvar+pg_dms__cnn__seed43,MLH1,P43246:146:G>Y,0,0.22381425
train-clinvar+pg_dms__cnn__seed43,MLH1,P43246:146:G>S,0,0.03966493
train-clinvar+pg_dms__cnn__seed43,MLH1,P43246:146:G>T,0,0.029273167
train-clinvar+pg_dms__cnn__seed43,MLH1,P43246:146:G>N,0,0.16758142
train-clinvar+pg_dms__cnn__seed43,MLH1,P43246:146:G>M,0,0.22677812
train-clinvar+pg_dms__cnn__seed43,MLH1,P43246:146:G>L,0,0.17999183
train-clinvar+pg_dms__cnn__seed43,MLH1,P43246:146:G>K,0,0.8950664
train-clinvar+pg_dms__cnn__seed43,MLH1,P43246:146:G>I,0,0.047242522
train-clinvar+pg_dms__cnn__seed43,MLH1,P43246:146:G>P,0,0.8126131
train-clinvar+pg_dms__cnn__seed43,MLH1,P43246:146:G>W,0,0.38153
train-clinvar+pg_dms__cnn__seed43,MLH1,P43246:146:G>V,0,0.08995178
train-clinvar+pg_dms__cnn__seed43,MLH1,P43246:146:G>E,0,0.496323
train-clinvar+pg_dms__cnn__seed43,MLH1,P43246:146:G>A,0,0.010621488
train-clinvar+pg_dms__cnn__seed43,MLH1,P43246:146:G>C,0,0.008606966
train-clinvar+pg_dms__cnn__seed43,MLH1,P43246:146:G>D,0,0.81866366
train-clinvar+pg_dms__cnn__seed43,MLH1,P43246:146:G>F,0,0.07769614
train-clinvar+pg_dms__cnn__seed43,MLH1,P43246:146:G>H,0,0.3283981
train-clinvar+pg_dms__cnn__seed43,MLH1,P43246:147:V>I,0,0.041579586
train-clinvar+pg_dms__cnn__seed43,MLH1,P43246:147:V>H,1,0.98424613
train-clinvar+pg_dms__cnn__seed43,MLH1,P43246:147:V>M,1,0.09282389
train-clinvar+pg_dms__cnn__seed43,MLH1,P43246:147:V>F,0,0.3365236
train-clinvar+pg_dms__cnn__seed43,MLH1,P43246:147:V>E,1,0.99462366
train-clinvar+pg_dms__cnn__seed43,MLH1,P43246:147:V>D,1,0.99857545
train-clinvar+pg_dms__cnn__seed43,MLH1,P43246:147:V>C,0,0.13759531
train-clinvar+pg_dms__cnn__seed43,MLH1,P43246:147:V>A,0,0.0869269
train-clinvar+pg_dms__cnn__seed43,MLH1,P43246:147:V>G,0,0.51061857
train-clinvar+pg_dms__cnn__seed43,MLH1,P43246:147:V>W,1,0.98111135
train-clinvar+pg_dms__cnn__seed43,MLH1,P43246:147:V>T,0,0.080019385
train-clinvar+pg_dms__cnn__seed43,MLH1,P43246:147:V>S,0,0.33412063
train-clinvar+pg_dms__cnn__seed43,MLH1,P43246:147:V>R,1,0.99591845
train-clinvar+pg_dms__cnn__seed43,MLH1,P43246:147:V>P,0,0.9964431
train-clinvar+pg_dms__cnn__seed43,MLH1,P43246:147:V>N,0,0.95183784
train-clinvar+pg_dms__cnn__seed43,MLH1,P43246:147:V>K,1,0.99367875
train-clinvar+pg_dms__cnn__seed43,MLH1,P43246:147:V>L,0,0.183959
train-clinvar+pg_dms__cnn__seed43,MLH1,P43246:149:G>C,1,0.05321466
train-clinvar+pg_dms__cnn__seed43,MLH1,P43246:149:G>W,1,0.99410063
train-clinvar+pg_dms__cnn__seed43,MLH1,P43246:149:G>V,0,0.95942116
train-clinvar+pg_dms__cnn__seed43,MLH1,P43246:149:G>T,0,0.7758753
train-clinvar+pg_dms__cnn__seed43,MLH1,P43246:149:G>S,0,0.10955158
train-clinvar+pg_dms__cnn__seed43,MLH1,P43246:149:G>R,1,0.99934846
train-clinvar+pg_dms__cnn__seed43,MLH1,P43246:149:G>Q,1,0.9970542
train-clinvar+pg_dms__cnn__seed43,MLH1,P43246:149:G>P,1,0.99973685
train-clinvar+pg_dms__cnn__seed43,MLH1,P43246:149:G>N,1,0.9979505
train-clinvar+pg_dms__cnn__seed43,MLH1,P43246:149:G>M,1,0.9942105
train-clinvar+pg_dms__cnn__seed43,MLH1,P43246:149:G>Y,1,0.9983216
train-clinvar+pg_dms__cnn__seed43,MLH1,P43246:149:G>E,1,0.9992673
train-clinvar+pg_dms__cnn__seed43,MLH1,P43246:149:G>L,1,0.9979121
train-clinvar+pg_dms__cnn__seed43,MLH1,P43246:149:G>K,1,0.99944216
train-clinvar+pg_dms__cnn__seed43,MLH1,P43246:149:G>I,1,0.9986186
train-clinvar+pg_dms__cnn__seed43,MLH1,P43246:149:G>H,1,0.9941935
train-clinvar+pg_dms__cnn__seed43,MLH1,P43246:149:G>D,1,0.99690515
train-clinvar+pg_dms__cnn__seed43,MLH1,P43246:158:Q>C,0,0.024500206
train-clinvar+pg_dms__cnn__seed43,MLH1,P43246:158:Q>A,0,0.052161835
train-clinvar+pg_dms__cnn__seed43,MLH1,P43246:158:Q>H,0,0.080135666
train-clinvar+pg_dms__cnn__seed43,MLH1,P43246:158:Q>W,0,0.14190057
train-clinvar+pg_dms__cnn__seed43,MLH1,P43246:158:Q>D,0,0.17726819
train-clinvar+pg_dms__cnn__seed43,MLH1,P43246:158:Q>I,0,0.031987783
train-clinvar+pg_dms__cnn__seed43,MLH1,P43246:158:Q>Y,0,0.06900274
train-clinvar+pg_dms__cnn__seed43,MLH1,P43246:158:Q>K,0,0.046940815
train-clinvar+pg_dms__cnn__seed43,MLH1,P43246:158:Q>P,0,0.14375389
train-clinvar+pg_dms__cnn__seed43,MLH1,P43246:158:Q>E,0,0.09345658
train-clinvar+pg_dms__cnn__seed43,MLH1,P43246:158:Q>F,0,0.08187185
train-clinvar+pg_dms__cnn__seed43,MLH1,P43246:158:Q>G,0,0.040267397
train-clinvar+pg_dms__cnn__seed43,MLH1,P43246:158:Q>L,0,0.03165301
train-clinvar+pg_dms__cnn__seed43,MLH1,P43246:158:Q>M,0,0.028455773
train-clinvar+pg_dms__cnn__seed43,MLH1,P43246:158:Q>S,0,0.03672769
train-clinvar+pg_dms__cnn__seed43,MLH1,P43246:158:Q>T,0,0.017718729
train-clinvar+pg_dms__cnn__seed43,MLH1,P43246:158:Q>V,0,0.033643924
train-clinvar+pg_dms__cnn__seed43,MLH1,P43246:168:S>Y,1,0.0046735173
train-clinvar+pg_dms__cnn__seed43,MLH1,P43246:168:S>M,0,0.025804922
train-clinvar+pg_dms__cnn__seed43,MLH1,P43246:168:S>G,0,0.0032737292
train-clinvar+pg_dms__cnn__seed43,MLH1,P43246:168:S>L,0,0.008414279
train-clinvar+pg_dms__cnn__seed43,MLH1,P43246:168:S>Q,0,0.02143259
train-clinvar+pg_dms__cnn__seed43,MLH1,P43246:168:S>H,0,0.02619163
train-clinvar+pg_dms__cnn__seed43,MLH1,P43246:168:S>I,0,0.0059122653
train-clinvar+pg_dms__cnn__seed43,MLH1,P43246:168:S>R,0,0.88062453
train-clinvar+pg_dms__cnn__seed43,MLH1,P43246:168:S>K,0,0.16167563
train-clinvar+pg_dms__cnn__seed43,MLH1,P43246:168:S>N,0,0.0055845445
train-clinvar+pg_dms__cnn__seed43,MLH1,P43246:168:S>P,0,0.028762149
train-clinvar+pg_dms__cnn__seed43,MLH1,P43246:168:S>F,0,0.025424818
train-clinvar+pg_dms__cnn__seed43,MLH1,P43246:168:S>E,0,0.13311566
train-clinvar+pg_dms__cnn__seed43,MLH1,P43246:168:S>A,0,0.0022249878
train-clinvar+pg_dms__cnn__seed43,MLH1,P43246:168:S>T,0,0.0049741473
train-clinvar+pg_dms__cnn__seed43,MLH1,P43246:168:S>C,0,0.0023275863
train-clinvar+pg_dms__cnn__seed43,MLH1,P43246:168:S>D,0,0.06460246
train-clinvar+pg_dms__cnn__seed43,MLH1,P43246:168:S>V,0,0.0154870115
train-clinvar+pg_dms__cnn__seed43,MLH1,P43246:168:S>W,0,0.060779333
train-clinvar+pg_dms__cnn__seed43,MLH1,P43246:181:N>Q,0,0.041232515
train-clinvar+pg_dms__cnn__seed43,MLH1,P43246:181:N>M,0,0.11736789
train-clinvar+pg_dms__cnn__seed43,MLH1,P43246:181:N>L,0,0.030617481
train-clinvar+pg_dms__cnn__seed43,MLH1,P43246:181:N>A,0,0.019554775
train-clinvar+pg_dms__cnn__seed43,MLH1,P43246:181:N>C,0,0.0147750955
train-clinvar+pg_dms__cnn__seed43,MLH1,P43246:181:N>D,0,0.03950381
train-clinvar+pg_dms__cnn__seed43,MLH1,P43246:181:N>I,0,0.03499325
train-clinvar+pg_dms__cnn__seed43,MLH1,P43246:181:N>E,0,0.05282725
train-clinvar+pg_dms__cnn__seed43,MLH1,P43246:181:N>F,0,0.182849
train-clinvar+pg_dms__cnn__seed43,MLH1,P43246:181:N>R,0,0.2711064
train-clinvar+pg_dms__cnn__seed43,MLH1,P43246:181:N>S,0,0.005437426
train-clinvar+pg_dms__cnn__seed43,MLH1,P43246:181:N>T,0,0.009549639
train-clinvar+pg_dms__cnn__seed43,MLH1,P43246:181:N>V,0,0.050605454
train-clinvar+pg_dms__cnn__seed43,MLH1,P43246:181:N>W,0,0.57984924
train-clinvar+pg_dms__cnn__seed43,MLH1,P43246:181:N>Y,0,0.023718135
train-clinvar+pg_dms__cnn__seed43,MLH1,P43246:181:N>G,0,0.023800898
train-clinvar+pg_dms__cnn__seed43,MLH1,P43246:181:N>P,0,0.65458286
train-clinvar+pg_dms__cnn__seed43,MLH1,P43246:183:Q>R,0,0.035174377
train-clinvar+pg_dms__cnn__seed43,MLH1,P43246:183:Q>W,0,0.35416248
train-clinvar+pg_dms__cnn__seed43,MLH1,P43246:183:Q>V,0,0.013903458
train-clinvar+pg_dms__cnn__seed43,MLH1,P43246:183:Q>T,0,0.009706986
train-clinvar+pg_dms__cnn__seed43,MLH1,P43246:183:Q>S,0,0.007443446
train-clinvar+pg_dms__cnn__seed43,MLH1,P43246:183:Q>P,0,0.04911384
train-clinvar+pg_dms__cnn__seed43,MLH1,P43246:183:Q>A,0,0.002758816
train-clinvar+pg_dms__cnn__seed43,MLH1,P43246:183:Q>M,0,0.10989099
train-clinvar+pg_dms__cnn__seed43,MLH1,P43246:183:Q>N,0,0.0063133147
train-clinvar+pg_dms__cnn__seed43,MLH1,P43246:183:Q>Y,0,0.0063800057
train-clinvar+pg_dms__cnn__seed43,MLH1,P43246:183:Q>D,0,0.04435631
train-clinvar+pg_dms__cnn__seed43,MLH1,P43246:183:Q>E,0,0.01927112
train-clinvar+pg_dms__cnn__seed43,MLH1,P43246:183:Q>F,0,0.012398046
train-clinvar+pg_dms__cnn__seed43,MLH1,P43246:183:Q>C,0,0.013940299
train-clinvar+pg_dms__cnn__seed43,MLH1,P43246:183:Q>H,0,0.007395765
train-clinvar+pg_dms__cnn__seed43,MLH1,P43246:183:Q>I,0,0.0062845014
train-clinvar+pg_dms__cnn__seed43,MLH1,P43246:183:Q>K,0,0.0411772
train-clinvar+pg_dms__cnn__seed43,MLH1,P43246:183:Q>L,0,0.0057352176
train-clinvar+pg_dms__cnn__seed43,MLH1,P43246:183:Q>G,0,0.009145791
train-clinvar+pg_dms__cnn__seed43,MLH1,P43246:187:L>K,1,0.98947316
train-clinvar+pg_dms__cnn__seed43,MLH1,P43246:187:L>M,0,0.023008874
train-clinvar+pg_dms__cnn__seed43,MLH1,P43246:187:L>N,1,0.9127005
train-clinvar+pg_dms__cnn__seed43,MLH1,P43246:187:L>A,0,0.03987803
train-clinvar+pg_dms__cnn__seed43,MLH1,P43246:187:L>Q,1,0.8995229
train-clinvar+pg_dms__cnn__seed43,MLH1,P43246:187:L>S,0,0.86854434
train-clinvar+pg_dms__cnn__seed43,MLH1,P43246:187:L>T,0,0.024175689
train-clinvar+pg_dms__cnn__seed43,MLH1,P43246:187:L>V,0,0.04322178
train-clinvar+pg_dms__cnn__seed43,MLH1,P43246:187:L>W,0,0.49573034
train-clinvar+pg_dms__cnn__seed43,MLH1,P43246:187:L>G,1,0.7641417
train-clinvar+pg_dms__cnn__seed43,MLH1,P43246:187:L>E,1,0.9847617
train-clinvar+pg_dms__cnn__seed43,MLH1,P43246:187:L>D,1,0.99274135
train-clinvar+pg_dms__cnn__seed43,MLH1,P43246:187:L>C,0,0.022137027
train-clinvar+pg_dms__cnn__seed43,MLH1,P43246:187:L>H,1,0.78327096
train-clinvar+pg_dms__cnn__seed43,MLH1,P43246:190:L>W,1,0.055637475
train-clinvar+pg_dms__cnn__seed43,MLH1,P43246:190:L>M,0,0.008011937
train-clinvar+pg_dms__cnn__seed43,MLH1,P43246:190:L>H,0,0.4154675
train-clinvar+pg_dms__cnn__seed43,MLH1,P43246:190:L>P,1,0.9731809
train-clinvar+pg_dms__cnn__seed43,MLH1,P43246:190:L>Q,1,0.077857405
train-clinvar+pg_dms__cnn__seed43,MLH1,P43246:190:L>R,0,0.5577212
train-clinvar+pg_dms__cnn__seed43,MLH1,P43246:190:L>S,0,0.2720592
train-clinvar+pg_dms__cnn__seed43,MLH1,P43246:190:L>T,0,0.009248274
train-clinvar+pg_dms__cnn__seed43,MLH1,P43246:190:L>V,0,0.02566209
train-clinvar+pg_dms__cnn__seed43,MLH1,P43246:190:L>G,0,0.7546568
train-clinvar+pg_dms__cnn__seed43,MLH1,P43246:190:L>E,1,0.92892873
train-clinvar+pg_dms__cnn__seed43,MLH1,P43246:190:L>I,0,0.005576463
train-clinvar+pg_dms__cnn__seed43,MLH1,P43246:190:L>K,0,0.9308911
train-clinvar+pg_dms__cnn__seed43,MLH1,P43246:190:L>A,0,0.020860758
train-clinvar+pg_dms__cnn__seed43,MLH1,P43246:190:L>C,0,0.004962372
train-clinvar+pg_dms__cnn__seed43,MLH1,P43246:190:L>D,1,0.9542445
train-clinvar+pg_dms__cnn__seed43,MLH1,P43246:191:L>T,0,0.026248865
train-clinvar+pg_dms__cnn__seed43,MLH1,P43246:191:L>S,0,0.4405229
train-clinvar+pg_dms__cnn__seed43,MLH1,P43246:191:L>W,1,0.16360642
train-clinvar+pg_dms__cnn__seed43,MLH1,P43246:191:L>Y,1,0.13921475
train-clinvar+pg_dms__cnn__seed43,MLH1,P43246:191:L>R,1,0.87396526
train-clinvar+pg_dms__cnn__seed43,MLH1,P43246:191:L>Q,0,0.3639982
train-clinvar+pg_dms__cnn__seed43,MLH1,P43246:191:L>E,1,0.91274744
train-clinvar+pg_dms__cnn__seed43,MLH1,P43246:191:L>F,0,0.004057242
train-clinvar+pg_dms__cnn__seed43,MLH1,P43246:191:L>G,1,0.7936034
train-clinvar+pg_dms__cnn__seed43,MLH1,P43246:191:L>H,1,0.49753964
train-clinvar+pg_dms__cnn__seed43,MLH1,P43246:191:L>I,0,0.0047933515
train-clinvar+pg_dms__cnn__seed43,MLH1,P43246:191:L>M,1,0.0050228154
train-clinvar+pg_dms__cnn__seed43,MLH1,P43246:191:L>K,1,0.87745
train-clinvar+pg_dms__cnn__seed43,MLH1,P43246:191:L>D,1,0.86185414
train-clinvar+pg_dms__cnn__seed43,MLH1,P43246:191:L>A,0,0.062440466
train-clinvar+pg_dms__cnn__seed43,MLH1,P43246:195:G>C,0,0.004579664
train-clinvar+pg_dms__cnn__seed43,MLH1,P43246:195:G>A,0,0.0056594093
train-clinvar+pg_dms__cnn__seed43,MLH1,P43246:195:G>D,0,0.18575674
train-clinvar+pg_dms__cnn__seed43,MLH1,P43246:195:G>E,0,0.072238095
train-clinvar+pg_dms__cnn__seed43,MLH1,P43246:195:G>F,0,0.07749014
train-clinvar+pg_dms__cnn__seed43,MLH1,P43246:195:G>H,0,0.089589365
train-clinvar+pg_dms__cnn__seed43,MLH1,P43246:195:G>I,1,0.05551581
train-clinvar+pg_dms__cnn__seed43,MLH1,P43246:195:G>K,0,0.64635617
train-clinvar+pg_dms__cnn__seed43,MLH1,P43246:195:G>L,0,0.063486956
train-clinvar+pg_dms__cnn__seed43,MLH1,P43246:195:G>N,0,0.020033492
train-clinvar+pg_dms__cnn__seed43,MLH1,P43246:195:G>P,1,0.98475075
train-clinvar+pg_dms__cnn__seed43,MLH1,P43246:195:G>M,0,0.31178838
train-clinvar+pg_dms__cnn__seed43,MLH1,P43246:195:G>R,0,0.25950822
train-clinvar+pg_dms__cnn__seed43,MLH1,P43246:195:G>S,0,0.0073718834
train-clinvar+pg_dms__cnn__seed43,MLH1,P43246:195:G>T,0,0.018611375
train-clinvar+pg_dms__cnn__seed43,MLH1,P43246:195:G>V,0,0.03778811
train-clinvar+pg_dms__cnn__seed43,MLH1,P43246:195:G>W,0,0.60662806
train-clinvar+pg_dms__cnn__seed43,MLH1,P43246:195:G>Y,0,0.06008603
train-clinvar+pg_dms__cnn__seed43,MLH1,P43246:195:G>Q,0,0.028737929
train-clinvar+pg_dms__cnn__seed43,MLH1,P43246:199:C>W,1,0.9935967
train-clinvar+pg_dms__cnn__seed43,MLH1,P43246:199:C>L,0,0.24811774
train-clinvar+pg_dms__cnn__seed43,MLH1,P43246:199:C>V,0,0.038785726
train-clinvar+pg_dms__cnn__seed43,MLH1,P43246:199:C>S,0,0.6849152
train-clinvar+pg_dms__cnn__seed43,MLH1,P43246:199:C>T,0,0.96168876
train-clinvar+pg_dms__cnn__seed43,MLH1,P43246:199:C>N,1,0.8971901
train-clinvar+pg_dms__cnn__seed43,MLH1,P43246:199:C>P,1,0.9982864
train-clinvar+pg_dms__cnn__seed43,MLH1,P43246:199:C>Q,1,0.9444849
train-clinvar+pg_dms__cnn__seed43,MLH1,P43246:199:C>A,0,0.2600325
train-clinvar+pg_dms__cnn__seed43,MLH1,P43246:199:C>D,1,0.99440694
train-clinvar+pg_dms__cnn__seed43,MLH1,P43246:199:C>M,0,0.8989499
train-clinvar+pg_dms__cnn__seed43,MLH1,P43246:199:C>G,0,0.13757372
train-clinvar+pg_dms__cnn__seed43,MLH1,P43246:199:C>H,1,0.98669785
train-clinvar+pg_dms__cnn__seed43,MLH1,P43246:199:C>I,0,0.10008229
train-clinvar+pg_dms__cnn__seed43,MLH1,P43246:199:C>K,1,0.9855138
train-clinvar+pg_dms__cnn__seed43,MLH1,P43246:199:C>E,1,0.9832281
train-clinvar+pg_dms__cnn__seed43,MLH1,P43246:210:M>N,0,0.0014065866
train-clinvar+pg_dms__cnn__seed43,MLH1,P43246:210:M>W,0,0.036217958
train-clinvar+pg_dms__cnn__seed43,MLH1,P43246:210:M>A,0,0.0006911699
train-clinvar+pg_dms__cnn__seed43,MLH1,P43246:210:M>C,0,0.002071766
train-clinvar+pg_dms__cnn__seed43,MLH1,P43246:210:M>D,0,0.008015257
train-clinvar+pg_dms__cnn__seed43,MLH1,P43246:210:M>E,0,0.0037767608
train-clinvar+pg_dms__cnn__seed43,MLH1,P43246:210:M>F,0,0.00090231036
train-clinvar+pg_dms__cnn__seed43,MLH1,P43246:210:M>G,0,0.0018987257
train-clinvar+pg_dms__cnn__seed43,MLH1,P43246:210:M>Y,0,0.0022640657
train-clinvar+pg_dms__cnn__seed43,MLH1,P43246:210:M>K,0,0.002460384
train-clinvar+pg_dms__cnn__seed43,MLH1,P43246:210:M>P,0,0.0044476595
train-clinvar+pg_dms__cnn__seed43,MLH1,P43246:210:M>Q,0,0.0014991045
train-clinvar+pg_dms__cnn__seed43,MLH1,P43246:210:M>R,0,0.0021477032
train-clinvar+pg_dms__cnn__seed43,MLH1,P43246:210:M>S,0,0.0007600743
train-clinvar+pg_dms__cnn__seed43,MLH1,P43246:210:M>T,0,0.0012674086
train-clinvar+pg_dms__cnn__seed43,MLH1,P43246:210:M>V,0,0.005701556
train-clinvar+pg_dms__cnn__seed43,MLH1,P43246:210:M>L,0,0.0010763473
train-clinvar+pg_dms__cnn__seed43,MLH1,P43246:210:M>H,0,0.002469007
train-clinvar+pg_dms__cnn__seed43,MLH1,P43246:217:I>A,0,0.012680647
train-clinvar+pg_dms__cnn__seed43,MLH1,P43246:217:I>G,0,0.45933858
train-clinvar+pg_dms__cnn__seed43,MLH1,P43246:217:I>D,1,0.95612687
train-clinvar+pg_dms__cnn__seed43,MLH1,P43246:217:I>C,0,0.004975105
train-clinvar+pg_dms__cnn__seed43,MLH1,P43246:217:I>L,0,0.0041110967
train-clinvar+pg_dms__cnn__seed43,MLH1,P43246:217:I>M,0,0.012873033
train-clinvar+pg_dms__cnn__seed43,MLH1,P43246:217:I>N,0,0.49553654
train-clinvar+pg_dms__cnn__seed43,MLH1,P43246:217:I>P,0,0.9810822
train-clinvar+pg_dms__cnn__seed43,MLH1,P43246:217:I>R,1,0.84983534
train-clinvar+pg_dms__cnn__seed43,MLH1,P43246:217:I>K,1,0.7553854
train-clinvar+pg_dms__cnn__seed43,MLH1,P43246:217:I>T,0,0.009729491
train-clinvar+pg_dms__cnn__seed43,MLH1,P43246:217:I>V,0,0.013035922
train-clinvar+pg_dms__cnn__seed43,MLH1,P43246:217:I>W,0,0.45047334
train-clinvar+pg_dms__cnn__seed43,MLH1,P43246:217:I>H,0,0.30487537
train-clinvar+pg_dms__cnn__seed43,MLH1,P43246:217:I>F,0,0.002919705
train-clinvar+pg_dms__cnn__seed43,MLH1,P43246:217:I>E,1,0.696454
train-clinvar+pg_dms__cnn__seed43,MLH1,P43246:217:I>S,0,0.039565336
train-clinvar+pg_dms__cnn__seed43,MLH1,P43246:220:G>W,0,0.3453131
train-clinvar+pg_dms__cnn__seed43,MLH1,P43246:220:G>V,1,0.00367896
train-clinvar+pg_dms__cnn__seed43,MLH1,P43246:220:G>T,0,0.0039334637
train-clinvar+pg_dms__cnn__seed43,MLH1,P43246:220:G>S,0,0.0012397334
train-clinvar+pg_dms__cnn__seed43,MLH1,P43246:220:G>Q,0,0.008677244
train-clinvar+pg_dms__cnn__seed43,MLH1,P43246:220:G>P,0,0.5538732
train-clinvar+pg_dms__cnn__seed43,MLH1,P43246:220:G>L,0,0.0077692205
train-clinvar+pg_dms__cnn__seed43,MLH1,P43246:220:G>M,0,0.111520074
train-clinvar+pg_dms__cnn__seed43,MLH1,P43246:220:G>K,0,0.12330221
train-clinvar+pg_dms__cnn__seed43,MLH1,P43246:220:G>I,0,0.006421315
train-clinvar+pg_dms__cnn__seed43,MLH1,P43246:220:G>H,0,0.01796181
train-clinvar+pg_dms__cnn__seed43,MLH1,P43246:220:G>C,0,0.0009792149
train-clinvar+pg_dms__cnn__seed43,MLH1,P43246:220:G>A,0,0.0011530861
train-clinvar+pg_dms__cnn__seed43,MLH1,P43246:220:G>N,0,0.004184781
train-clinvar+pg_dms__cnn__seed43,MLH1,P43246:220:G>Y,0,0.014675102
train-clinvar+pg_dms__cnn__seed43,MLH1,P43246:220:G>F,0,0.013405911
train-clinvar+pg_dms__cnn__seed43,MLH1,P43246:227:R>N,0,0.07693371
train-clinvar+pg_dms__cnn__seed43,MLH1,P43246:227:R>T,0,0.13329233
train-clinvar+pg_dms__cnn__seed43,MLH1,P43246:227:R>V,0,0.09441829
train-clinvar+pg_dms__cnn__seed43,MLH1,P43246:227:R>W,0,0.13860643
train-clinvar+pg_dms__cnn__seed43,MLH1,P43246:227:R>Y,0,0.13969707
train-clinvar+pg_dms__cnn__seed43,MLH1,P43246:227:R>M,0,0.24669775
train-clinvar+pg_dms__cnn__seed43,MLH1,P43246:227:R>L,0,0.016637495
train-clinvar+pg_dms__cnn__seed43,MLH1,P43246:227:R>Q,0,0.0026124488
train-clinvar+pg_dms__cnn__seed43,MLH1,P43246:227:R>K,0,0.0076803574
train-clinvar+pg_dms__cnn__seed43,MLH1,P43246:227:R>H,0,0.02679179
train-clinvar+pg_dms__cnn__seed43,MLH1,P43246:227:R>G,0,0.17635116
train-clinvar+pg_dms__cnn__seed43,MLH1,P43246:227:R>F,0,0.15738624
train-clinvar+pg_dms__cnn__seed43,MLH1,P43246:227:R>E,0,0.26750237
train-clinvar+pg_dms__cnn__seed43,MLH1,P43246:227:R>C,0,0.0025991066
train-clinvar+pg_dms__cnn__seed43,MLH1,P43246:227:R>A,0,0.11420835
train-clinvar+pg_dms__cnn__seed43,MLH1,P43246:227:R>I,0,0.018826013
train-clinvar+pg_dms__cnn__seed43,MLH1,P43246:227:R>P,0,0.98030084
train-clinvar+pg_dms__cnn__seed43,MLH1,P43246:231:D>L,0,0.037656456
train-clinvar+pg_dms__cnn__seed43,MLH1,P43246:231:D>V,0,0.05401527
train-clinvar+pg_dms__cnn__seed43,MLH1,P43246:231:D>W,0,0.7314864
train-clinvar+pg_dms__cnn__seed43,MLH1,P43246:231:D>T,0,0.036410764
train-clinvar+pg_dms__cnn__seed43,MLH1,P43246:231:D>I,0,0.014318748
train-clinvar+pg_dms__cnn__seed43,MLH1,P43246:231:D>H,0,0.3659216
train-clinvar+pg_dms__cnn__seed43,MLH1,P43246:231:D>G,0,0.24884194
train-clinvar+pg_dms__cnn__seed43,MLH1,P43246:231:D>S,0,0.006642349
train-clinvar+pg_dms__cnn__seed43,MLH1,P43246:231:D>R,0,0.4160277
train-clinvar+pg_dms__cnn__seed43,MLH1,P43246:231:D>P,0,0.9935463
train-clinvar+pg_dms__cnn__seed43,MLH1,P43246:231:D>Q,0,0.041889224
train-clinvar+pg_dms__cnn__seed43,MLH1,P43246:231:D>M,0,0.7258969
train-clinvar+pg_dms__cnn__seed43,MLH1,P43246:231:D>A,0,0.009886734
train-clinvar+pg_dms__cnn__seed43,MLH1,P43246:231:D>C,0,0.026023218
train-clinvar+pg_dms__cnn__seed43,MLH1,P43246:231:D>E,0,0.004170856
train-clinvar+pg_dms__cnn__seed43,MLH1,P43246:231:D>K,0,0.2986245
train-clinvar+pg_dms__cnn__seed43,MLH1,P43246:231:D>F,0,0.071935184
train-clinvar+pg_dms__cnn__seed43,MLH1,P43246:231:D>N,0,0.023944395
train-clinvar+pg_dms__cnn__seed43,MLH1,P43246:236:D>A,0,0.014637284
train-clinvar+pg_dms__cnn__seed43,MLH1,P43246:236:D>F,0,0.011656217
train-clinvar+pg_dms__cnn__seed43,MLH1,P43246:236:D>G,0,0.049130835
train-clinvar+pg_dms__cnn__seed43,MLH1,P43246:236:D>N,0,0.004339
train-clinvar+pg_dms__cnn__seed43,MLH1,P43246:236:D>M,0,0.06017442
train-clinvar+pg_dms__cnn__seed43,MLH1,P43246:236:D>L,0,0.03995171
train-clinvar+pg_dms__cnn__seed43,MLH1,P43246:236:D>C,0,0.0061769024
train-clinvar+pg_dms__cnn__seed43,MLH1,P43246:236:D>I,0,0.02176344
train-clinvar+pg_dms__cnn__seed43,MLH1,P43246:236:D>Q,0,0.02405623
train-clinvar+pg_dms__cnn__seed43,MLH1,P43246:236:D>K,0,0.057154953
train-clinvar+pg_dms__cnn__seed43,MLH1,P43246:236:D>R,0,0.059071403
train-clinvar+pg_dms__cnn__seed43,MLH1,P43246:236:D>S,0,0.0069625955
train-clinvar+pg_dms__cnn__seed43,MLH1,P43246:236:D>P,0,0.2297926
train-clinvar+pg_dms__cnn__seed43,MLH1,P43246:236:D>V,0,0.021539045
train-clinvar+pg_dms__cnn__seed43,MLH1,P43246:236:D>W,0,0.061038088
train-clinvar+pg_dms__cnn__seed43,MLH1,P43246:236:D>Y,0,0.009891085
train-clinvar+pg_dms__cnn__seed43,MLH1,P43246:236:D>T,0,0.012991654
train-clinvar+pg_dms__cnn__seed43,MLH1,P43246:245:L>I,0,0.016361471
train-clinvar+pg_dms__cnn__seed43,MLH1,P43246:245:L>A,0,0.4072711
train-clinvar+pg_dms__cnn__seed43,MLH1,P43246:245:L>C,0,0.027351283
train-clinvar+pg_dms__cnn__seed43,MLH1,P43246:245:L>D,1,0.99590296
train-clinvar+pg_dms__cnn__seed43,MLH1,P43246:245:L>E,0,0.97494024
train-clinvar+pg_dms__cnn__seed43,MLH1,P43246:245:L>Y,0,0.87905526
train-clinvar+pg_dms__cnn__seed43,MLH1,P43246:245:L>V,0,0.012065022
train-clinvar+pg_dms__cnn__seed43,MLH1,P43246:245:L>T,0,0.11841763
train-clinvar+pg_dms__cnn__seed43,MLH1,P43246:245:L>S,0,0.7993211
train-clinvar+pg_dms__cnn__seed43,MLH1,P43246:245:L>R,0,0.9453065
train-clinvar+pg_dms__cnn__seed43,MLH1,P43246:245:L>P,1,0.99880445
train-clinvar+pg_dms__cnn__seed43,MLH1,P43246:245:L>N,0,0.9895231
train-clinvar+pg_dms__cnn__seed43,MLH1,P43246:245:L>M,0,0.04771602
train-clinvar+pg_dms__cnn__seed43,MLH1,P43246:245:L>G,0,0.9589738
train-clinvar+pg_dms__cnn__seed43,MLH1,P43246:245:L>H,0,0.7711824
train-clinvar+pg_dms__cnn__seed43,MLH1,P43246:245:L>K,0,0.9051173
train-clinvar+pg_dms__cnn__seed43,MLH1,P43246:245:L>Q,0,0.34031624
train-clinvar+pg_dms__cnn__seed43,MLH1,P43246:262:E>N,0,0.011483327
train-clinvar+pg_dms__cnn__seed43,MLH1,P43246:262:E>A,0,0.011689186
train-clinvar+pg_dms__cnn__seed43,MLH1,P43246:262:E>C,0,0.038381837
train-clinvar+pg_dms__cnn__seed43,MLH1,P43246:262:E>D,0,0.06053487
train-clinvar+pg_dms__cnn__seed43,MLH1,P43246:262:E>F,0,0.04360987
train-clinvar+pg_dms__cnn__seed43,MLH1,P43246:262:E>H,0,0.04114318
train-clinvar+pg_dms__cnn__seed43,MLH1,P43246:262:E>I,0,0.048041098
train-clinvar+pg_dms__cnn__seed43,MLH1,P43246:262:E>G,0,0.03922814
train-clinvar+pg_dms__cnn__seed43,MLH1,P43246:262:E>M,0,0.0761041
train-clinvar+pg_dms__cnn__seed43,MLH1,P43246:262:E>Y,0,0.038559683
train-clinvar+pg_dms__cnn__seed43,MLH1,P43246:262:E>W,0,0.15253536
train-clinvar+pg_dms__cnn__seed43,MLH1,P43246:262:E>T,0,0.01633894
train-clinvar+pg_dms__cnn__seed43,MLH1,P43246:262:E>S,0,0.012783495
train-clinvar+pg_dms__cnn__seed43,MLH1,P43246:262:E>R,0,0.029930191
train-clinvar+pg_dms__cnn__seed43,MLH1,P43246:262:E>Q,0,0.03480579
train-clinvar+pg_dms__cnn__seed43,MLH1,P43246:262:E>L,0,0.031675164
train-clinvar+pg_dms__cnn__seed43,MLH1,P43246:262:E>P,0,0.14461292
train-clinvar+pg_dms__cnn__seed43,MLH1,P43246:264:Q>V,0,0.0063106227
train-clinvar+pg_dms__cnn__seed43,MLH1,P43246:264:Q>T,0,0.008956521
train-clinvar+pg_dms__cnn__seed43,MLH1,P43246:264:Q>S,0,0.004334779
train-clinvar+pg_dms__cnn__seed43,MLH1,P43246:264:Q>R,0,0.037098795
train-clinvar+pg_dms__cnn__seed43,MLH1,P43246:264:Q>N,0,0.011059131
train-clinvar+pg_dms__cnn__seed43,MLH1,P43246:264:Q>M,0,0.020208701
train-clinvar+pg_dms__cnn__seed43,MLH1,P43246:264:Q>K,0,0.030320857
train-clinvar+pg_dms__cnn__seed43,MLH1,P43246:264:Q>I,0,0.011622565
train-clinvar+pg_dms__cnn__seed43,MLH1,P43246:264:Q>F,0,0.043840148
train-clinvar+pg_dms__cnn__seed43,MLH1,P43246:264:Q>E,0,0.010069413
train-clinvar+pg_dms__cnn__seed43,MLH1,P43246:264:Q>D,0,0.057644255
train-clinvar+pg_dms__cnn__seed43,MLH1,P43246:264:Q>C,0,0.013645522
train-clinvar+pg_dms__cnn__seed43,MLH1,P43246:264:Q>A,0,0.0053397976
train-clinvar+pg_dms__cnn__seed43,MLH1,P43246:264:Q>L,0,0.0063661523
train-clinvar+pg_dms__cnn__seed43,MLH1,P43246:264:Q>G,0,0.009398573
train-clinvar+pg_dms__cnn__seed43,MLH1,P43246:264:Q>Y,0,0.025301427
train-clinvar+pg_dms__cnn__seed43,MLH1,P43246:264:Q>W,0,0.10119812
train-clinvar+pg_dms__cnn__seed43,MLH1,P43246:270:L>G,1,0.7012811
train-clinvar+pg_dms__cnn__seed43,MLH1,P43246:270:L>H,1,0.5869536
train-clinvar+pg_dms__cnn__seed43,MLH1,P43246:270:L>I,0,0.008503142
train-clinvar+pg_dms__cnn__seed43,MLH1,P43246:270:L>K,1,0.9755441
train-clinvar+pg_dms__cnn__seed43,MLH1,P43246:270:L>M,0,0.0546627
train-clinvar+pg_dms__cnn__seed43,MLH1,P43246:270:L>N,1,0.73307985
train-clinvar+pg_dms__cnn__seed43,MLH1,P43246:270:L>Q,1,0.7043314
train-clinvar+pg_dms__cnn__seed43,MLH1,P43246:270:L>S,1,0.3485602
train-clinvar+pg_dms__cnn__seed43,MLH1,P43246:270:L>T,0,0.11158048
train-clinvar+pg_dms__cnn__seed43,MLH1,P43246:270:L>V,0,0.04075933
train-clinvar+pg_dms__cnn__seed43,MLH1,P43246:270:L>W,1,0.6046349
train-clinvar+pg_dms__cnn__seed43,MLH1,P43246:270:L>Y,1,0.9253529
train-clinvar+pg_dms__cnn__seed43,MLH1,P43246:270:L>F,1,0.07749357
train-clinvar+pg_dms__cnn__seed43,MLH1,P43246:270:L>R,1,0.98481673
train-clinvar+pg_dms__cnn__seed43,MLH1,P43246:270:L>E,1,0.96903056
train-clinvar+pg_dms__cnn__seed43,MLH1,P43246:270:L>A,0,0.06482289
train-clinvar+pg_dms__cnn__seed43,MLH1,P43246:270:L>C,0,0.0441616
train-clinvar+pg_dms__cnn__seed43,MLH1,P43246:270:L>D,1,0.99624616
train-clinvar+pg_dms__cnn__seed43,MLH1,P43246:277:L>T,0,0.02144936
train-clinvar+pg_dms__cnn__seed43,MLH1,P43246:277:L>A,0,0.04595351
train-clinvar+pg_dms__cnn__seed43,MLH1,P43246:277:L>C,0,0.01352889
train-clinvar+pg_dms__cnn__seed43,MLH1,P43246:277:L>E,0,0.7954246
train-clinvar+pg_dms__cnn__seed43,MLH1,P43246:277:L>F,0,0.026610803
train-clinvar+pg_dms__cnn__seed43,MLH1,P43246:277:L>G,0,0.7711789
train-clinvar+pg_dms__cnn__seed43,MLH1,P43246:277:L>H,0,0.32452962
train-clinvar+pg_dms__cnn__seed43,MLH1,P43246:277:L>I,0,0.011462657
train-clinvar+pg_dms__cnn__seed43,MLH1,P43246:277:L>K,0,0.7811767
train-clinvar+pg_dms__cnn__seed43,MLH1,P43246:277:L>N,0,0.7737233
train-clinvar+pg_dms__cnn__seed43,MLH1,P43246:277:L>P,1,0.98831826
train-clinvar+pg_dms__cnn__seed43,MLH1,P43246:277:L>Q,0,0.038120944
train-clinvar+pg_dms__cnn__seed43,MLH1,P43246:277:L>Y,0,0.35336208
train-clinvar+pg_dms__cnn__seed43,MLH1,P43246:277:L>W,0,0.4634032
train-clinvar+pg_dms__cnn__seed43,MLH1,P43246:277:L>V,0,0.020042762
train-clinvar+pg_dms__cnn__seed43,MLH1,P43246:277:L>M,0,0.017598592
train-clinvar+pg_dms__cnn__seed43,MLH1,P43246:277:L>R,0,0.6484051
train-clinvar+pg_dms__cnn__seed43,MLH1,P43246:285:N>S,0,0.01628625
train-clinvar+pg_dms__cnn__seed43,MLH1,P43246:285:N>P,0,0.7421538
train-clinvar+pg_dms__cnn__seed43,MLH1,P43246:285:N>T,0,0.01495677
train-clinvar+pg_dms__cnn__seed43,MLH1,P43246:285:N>V,0,0.009138637
train-clinvar+pg_dms__cnn__seed43,MLH1,P43246:285:N>W,0,0.4059586
train-clinvar+pg_dms__cnn__seed43,MLH1,P43246:285:N>Y,0,0.0068074185
train-clinvar+pg_dms__cnn__seed43,MLH1,P43246:285:N>M,0,0.09342128
train-clinvar+pg_dms__cnn__seed43,MLH1,P43246:285:N>L,0,0.0032075273
train-clinvar+pg_dms__cnn__seed43,MLH1,P43246:285:N>K,0,0.2832495
train-clinvar+pg_dms__cnn__seed43,MLH1,P43246:285:N>R,0,0.09727474
train-clinvar+pg_dms__cnn__seed43,MLH1,P43246:285:N>Q,0,0.017596822
train-clinvar+pg_dms__cnn__seed43,MLH1,P43246:285:N>I,0,0.0098580355
train-clinvar+pg_dms__cnn__seed43,MLH1,P43246:285:N>H,0,0.0037380366
train-clinvar+pg_dms__cnn__seed43,MLH1,P43246:285:N>G,0,0.016770765
train-clinvar+pg_dms__cnn__seed43,MLH1,P43246:285:N>F,0,0.020070128
train-clinvar+pg_dms__cnn__seed43,MLH1,P43246:285:N>E,0,0.40221658
train-clinvar+pg_dms__cnn__seed43,MLH1,P43246:285:N>D,0,0.04322392
train-clinvar+pg_dms__cnn__seed43,MLH1,P43246:285:N>A,0,0.011594006
train-clinvar+pg_dms__cnn__seed43,MLH1,P43246:290:E>C,0,0.0068735494
train-clinvar+pg_dms__cnn__seed43,MLH1,P43246:290:E>A,0,0.0051658996
train-clinvar+pg_dms__cnn__seed43,MLH1,P43246:290:E>T,0,0.0063357293
train-clinvar+pg_dms__cnn__seed43,MLH1,P43246:290:E>Y,0,0.01347943
train-clinvar+pg_dms__cnn__seed43,MLH1,P43246:290:E>W,0,0.37038204
train-clinvar+pg_dms__cnn__seed43,MLH1,P43246:290:E>V,0,0.011164436
train-clinvar+pg_dms__cnn__seed43,MLH1,P43246:290:E>D,0,0.009902705
train-clinvar+pg_dms__cnn__seed43,MLH1,P43246:290:E>S,0,0.007620186
train-clinvar+pg_dms__cnn__seed43,MLH1,P43246:290:E>N,0,0.006997756
train-clinvar+pg_dms__cnn__seed43,MLH1,P43246:290:E>Q,0,0.010803941
train-clinvar+pg_dms__cnn__seed43,MLH1,P43246:290:E>F,0,0.019325601
train-clinvar+pg_dms__cnn__seed43,MLH1,P43246:290:E>R,0,0.009048497
train-clinvar+pg_dms__cnn__seed43,MLH1,P43246:290:E>G,0,0.032569453
train-clinvar+pg_dms__cnn__seed43,MLH1,P43246:290:E>I,0,0.0067551876
train-clinvar+pg_dms__cnn__seed43,MLH1,P43246:290:E>H,0,0.0090653375
train-clinvar+pg_dms__cnn__seed43,MLH1,P43246:290:E>L,0,0.009716773
train-clinvar+pg_dms__cnn__seed43,MLH1,P43246:290:E>P,0,0.54455966
train-clinvar+pg_dms__cnn__seed43,MLH1,P43246:290:E>M,0,0.24347334
train-clinvar+pg_dms__cnn__seed43,MLH1,P43246:290:E>K,0,0.0052656825
train-clinvar+pg_dms__cnn__seed43,MLH1,P43246:292:T>W,0,0.3738439
train-clinvar+pg_dms__cnn__seed43,MLH1,P43246:292:T>C,0,0.0029650948
train-clinvar+pg_dms__cnn__seed43,MLH1,P43246:292:T>E,0,0.0060236473
train-clinvar+pg_dms__cnn__seed43,MLH1,P43246:292:T>F,0,0.004714454
train-clinvar+pg_dms__cnn__seed43,MLH1,P43246:292:T>G,0,0.0068556247
train-clinvar+pg_dms__cnn__seed43,MLH1,P43246:292:T>H,0,0.007941543
train-clinvar+pg_dms__cnn__seed43,MLH1,P43246:292:T>I,0,0.0063960706
train-clinvar+pg_dms__cnn__seed43,MLH1,P43246:292:T>Y,0,0.00719465
train-clinvar+pg_dms__cnn__seed43,MLH1,P43246:292:T>K,0,0.0053524403
train-clinvar+pg_dms__cnn__seed43,MLH1,P43246:292:T>M,0,0.04366704
train-clinvar+pg_dms__cnn__seed43,MLH1,P43246:292:T>Q,0,0.0033814602
train-clinvar+pg_dms__cnn__seed43,MLH1,P43246:292:T>R,0,0.0053619887
train-clinvar+pg_dms__cnn__seed43,MLH1,P43246:292:T>S,0,0.01659345
train-clinvar+pg_dms__cnn__seed43,MLH1,P43246:292:T>V,0,0.007734473
train-clinvar+pg_dms__cnn__seed43,MLH1,P43246:292:T>A,0,0.0045142714
train-clinvar+pg_dms__cnn__seed43,MLH1,P43246:292:T>L,0,0.0041892543
train-clinvar+pg_dms__cnn__seed43,MLH1,P43246:292:T>N,0,0.0044946996
train-clinvar+pg_dms__cnn__seed43,MLH1,P43246:295:D>T,0,0.011276564
train-clinvar+pg_dms__cnn__seed43,MLH1,P43246:295:D>M,0,0.10469227
train-clinvar+pg_dms__cnn__seed43,MLH1,P43246:295:D>L,0,0.014742341
train-clinvar+pg_dms__cnn__seed43,MLH1,P43246:295:D>K,0,0.025435703
train-clinvar+pg_dms__cnn__seed43,MLH1,P43246:295:D>I,0,0.0069489796
train-clinvar+pg_dms__cnn__seed43,MLH1,P43246:295:D>F,0,0.035322595
train-clinvar+pg_dms__cnn__seed43,MLH1,P43246:295:D>G,0,0.009379909
train-clinvar+pg_dms__cnn__seed43,MLH1,P43246:295:D>E,0,0.035477985
train-clinvar+pg_dms__cnn__seed43,MLH1,P43246:295:D>C,0,0.019800529
train-clinvar+pg_dms__cnn__seed43,MLH1,P43246:295:D>A,0,0.014851107
train-clinvar+pg_dms__cnn__seed43,MLH1,P43246:295:D>H,0,0.018532602
train-clinvar+pg_dms__cnn__seed43,MLH1,P43246:295:D>S,0,0.0033540954
train-clinvar+pg_dms__cnn__seed43,MLH1,P43246:295:D>N,0,0.0024108973
train-clinvar+pg_dms__cnn__seed43,MLH1,P43246:295:D>V,0,0.01288722
train-clinvar+pg_dms__cnn__seed43,MLH1,P43246:295:D>R,0,0.030604642
train-clinvar+pg_dms__cnn__seed43,MLH1,P43246:295:D>Q,0,0.0074167443
train-clinvar+pg_dms__cnn__seed43,MLH1,P43246:295:D>P,0,0.29099426
train-clinvar+pg_dms__cnn__seed43,MLH1,P43246:295:D>Y,0,0.008335522
train-clinvar+pg_dms__cnn__seed43,MLH1,P43246:295:D>W,0,0.30064714
train-clinvar+pg_dms__cnn__seed43,MLH1,P43246:296:F>C,0,0.00224014
train-clinvar+pg_dms__cnn__seed43,MLH1,P43246:296:F>E,0,0.054523762
train-clinvar+pg_dms__cnn__seed43,MLH1,P43246:296:F>G,0,0.026487492
train-clinvar+pg_dms__cnn__seed43,MLH1,P43246:296:F>H,0,0.06976911
train-clinvar+pg_dms__cnn__seed43,MLH1,P43246:296:F>D,0,0.11513476
train-clinvar+pg_dms__cnn__seed43,MLH1,P43246:296:F>A,0,0.01687957
train-clinvar+pg_dms__cnn__seed43,MLH1,P43246:296:F>M,0,0.008193352
train-clinvar+pg_dms__cnn__seed43,MLH1,P43246:296:F>W,0,0.192255
train-clinvar+pg_dms__cnn__seed43,MLH1,P43246:296:F>V,0,0.010860136
train-clinvar+pg_dms__cnn__seed43,MLH1,P43246:296:F>T,0,0.017973918
train-clinvar+pg_dms__cnn__seed43,MLH1,P43246:296:F>S,0,0.006125823
train-clinvar+pg_dms__cnn__seed43,MLH1,P43246:296:F>R,0,0.02733928
train-clinvar+pg_dms__cnn__seed43,MLH1,P43246:296:F>Q,0,0.033032667
train-clinvar+pg_dms__cnn__seed43,MLH1,P43246:296:F>P,0,0.09140408
train-clinvar+pg_dms__cnn__seed43,MLH1,P43246:296:F>I,0,0.0029000938
train-clinvar+pg_dms__cnn__seed43,MLH1,P43246:296:F>K,0,0.053090047
train-clinvar+pg_dms__cnn__seed43,MLH1,P43246:296:F>L,0,0.03747943
train-clinvar+pg_dms__cnn__seed43,MLH1,P43246:296:F>Y,0,0.023458812
train-clinvar+pg_dms__cnn__seed43,MLH1,P43246:296:F>N,0,0.017937198
train-clinvar+pg_dms__cnn__seed43,MLH1,P43246:299:Y>A,0,0.26572013
train-clinvar+pg_dms__cnn__seed43,MLH1,P43246:299:Y>V,0,0.06798224
train-clinvar+pg_dms__cnn__seed43,MLH1,P43246:299:Y>W,0,0.5827693
train-clinvar+pg_dms__cnn__seed43,MLH1,P43246:299:Y>C,0,0.03443111
train-clinvar+pg_dms__cnn__seed43,MLH1,P43246:299:Y>M,0,0.23662756
train-clinvar+pg_dms__cnn__seed43,MLH1,P43246:299:Y>G,0,0.1341606
train-clinvar+pg_dms__cnn__seed43,MLH1,P43246:299:Y>F,0,0.0113164475
train-clinvar+pg_dms__cnn__seed43,MLH1,P43246:299:Y>T,0,0.63495404
train-clinvar+pg_dms__cnn__seed43,MLH1,P43246:299:Y>S,0,0.036475293
train-clinvar+pg_dms__cnn__seed43,MLH1,P43246:299:Y>Q,0,0.29689568
train-clinvar+pg_dms__cnn__seed43,MLH1,P43246:299:Y>P,0,0.9928598
train-clinvar+pg_dms__cnn__seed43,MLH1,P43246:299:Y>R,0,0.84721756
train-clinvar+pg_dms__cnn__seed43,MLH1,P43246:299:Y>L,0,0.2800801
train-clinvar+pg_dms__cnn__seed43,MLH1,P43246:299:Y>K,0,0.63202655
train-clinvar+pg_dms__cnn__seed43,MLH1,P43246:299:Y>I,0,0.114294134
train-clinvar+pg_dms__cnn__seed43,MLH1,P43246:299:Y>H,0,0.1212281
train-clinvar+pg_dms__cnn__seed43,MLH1,P43246:299:Y>N,0,0.028952023
train-clinvar+pg_dms__cnn__seed43,MLH1,P43246:303:D>S,0,0.08505469
train-clinvar+pg_dms__cnn__seed43,MLH1,P43246:303:D>R,0,0.75080425
train-clinvar+pg_dms__cnn__seed43,MLH1,P43246:303:D>P,0,0.964803
train-clinvar+pg_dms__cnn__seed43,MLH1,P43246:303:D>M,0,0.1911208
train-clinvar+pg_dms__cnn__seed43,MLH1,P43246:303:D>L,1,0.77094936
train-clinvar+pg_dms__cnn__seed43,MLH1,P43246:303:D>I,1,0.61799103
train-clinvar+pg_dms__cnn__seed43,MLH1,P43246:303:D>A,0,0.1853437
train-clinvar+pg_dms__cnn__seed43,MLH1,P43246:303:D>C,0,0.038401324
train-clinvar+pg_dms__cnn__seed43,MLH1,P43246:303:D>E,0,0.75137967
train-clinvar+pg_dms__cnn__seed43,MLH1,P43246:303:D>V,1,0.3724681
train-clinvar+pg_dms__cnn__seed43,MLH1,P43246:303:D>W,1,0.515924
train-clinvar+pg_dms__cnn__seed43,MLH1,P43246:303:D>T,0,0.37702706
train-clinvar+pg_dms__cnn__seed43,MLH1,P43246:304:I>Y,0,0.004621314
train-clinvar+pg_dms__cnn__seed43,MLH1,P43246:304:I>W,0,0.24422531
train-clinvar+pg_dms__cnn__seed43,MLH1,P43246:304:I>V,0,0.0036037914
train-clinvar+pg_dms__cnn__seed43,MLH1,P43246:304:I>T,0,0.019590314
train-clinvar+pg_dms__cnn__seed43,MLH1,P43246:304:I>S,0,0.0013875173
train-clinvar+pg_dms__cnn__seed43,MLH1,P43246:304:I>R,0,0.008923475
train-clinvar+pg_dms__cnn__seed43,MLH1,P43246:304:I>Q,0,0.00676784
train-clinvar+pg_dms__cnn__seed43,MLH1,P43246:304:I>P,0,0.066451214
train-clinvar+pg_dms__cnn__seed43,MLH1,P43246:304:I>C,0,0.0027126519
train-clinvar+pg_dms__cnn__seed43,MLH1,P43246:304:I>L,0,0.002487623
train-clinvar+pg_dms__cnn__seed43,MLH1,P43246:304:I>K,0,0.010400911
train-clinvar+pg_dms__cnn__seed43,MLH1,P43246:304:I>A,0,0.0029965062
train-clinvar+pg_dms__cnn__seed43,MLH1,P43246:304:I>H,0,0.010964892
train-clinvar+pg_dms__cnn__seed43,MLH1,P43246:304:I>G,0,0.006064264
train-clinvar+pg_dms__cnn__seed43,MLH1,P43246:304:I>F,0,0.0027226694
train-clinvar+pg_dms__cnn__seed43,MLH1,P43246:304:I>D,0,0.015991176
train-clinvar+pg_dms__cnn__seed43,MLH1,P43246:304:I>M,0,0.0061218236
train-clinvar+pg_dms__cnn__seed43,MLH1,P43246:304:I>N,0,0.0028199204
train-clinvar+pg_dms__cnn__seed43,MLH1,P43246:304:I>E,0,0.016642433
train-clinvar+pg_dms__cnn__seed43,MLH1,P43246:314:Q>I,0,0.011068344
train-clinvar+pg_dms__cnn__seed43,MLH1,P43246:314:Q>K,0,0.027139043
train-clinvar+pg_dms__cnn__seed43,MLH1,P43246:314:Q>L,0,0.013109255
train-clinvar+pg_dms__cnn__seed43,MLH1,P43246:314:Q>N,0,0.005136625
train-clinvar+pg_dms__cnn__seed43,MLH1,P43246:314:Q>P,0,0.044306453
train-clinvar+pg_dms__cnn__seed43,MLH1,P43246:314:Q>S,0,0.008469989
train-clinvar+pg_dms__cnn__seed43,MLH1,P43246:314:Q>R,0,0.025808057
train-clinvar+pg_dms__cnn__seed43,MLH1,P43246:314:Q>C,0,0.0054625766
train-clinvar+pg_dms__cnn__seed43,MLH1,P43246:314:Q>A,0,0.005358307
train-clinvar+pg_dms__cnn__seed43,MLH1,P43246:314:Q>T,0,0.008754491
train-clinvar+pg_dms__cnn__seed43,MLH1,P43246:314:Q>H,0,0.02449019
train-clinvar+pg_dms__cnn__seed43,MLH1,P43246:314:Q>V,0,0.0069695124
train-clinvar+pg_dms__cnn__seed43,MLH1,P43246:314:Q>E,0,0.015070143
train-clinvar+pg_dms__cnn__seed43,MLH1,P43246:314:Q>W,0,0.1939589
train-clinvar+pg_dms__cnn__seed43,MLH1,P43246:314:Q>F,0,0.020561362
train-clinvar+pg_dms__cnn__seed43,MLH1,P43246:314:Q>D,0,0.021617118
train-clinvar+pg_dms__cnn__seed43,MLH1,P43246:314:Q>G,0,0.0050434875
train-clinvar+pg_dms__cnn__seed43,MLH1,P43246:314:Q>Y,0,0.012495999
train-clinvar+pg_dms__cnn__seed43,MLH1,P43246:316:S>W,0,0.14440791
train-clinvar+pg_dms__cnn__seed43,MLH1,P43246:316:S>V,0,0.015642049
train-clinvar+pg_dms__cnn__seed43,MLH1,P43246:316:S>R,0,0.049603917
train-clinvar+pg_dms__cnn__seed43,MLH1,P43246:316:S>Q,0,0.027817568
train-clinvar+pg_dms__cnn__seed43,MLH1,P43246:316:S>P,0,0.03973784
train-clinvar+pg_dms__cnn__seed43,MLH1,P43246:316:S>N,0,0.009372828
train-clinvar+pg_dms__cnn__seed43,MLH1,P43246:316:S>M,0,0.04973418
train-clinvar+pg_dms__cnn__seed43,MLH1,P43246:316:S>L,0,0.008897761
train-clinvar+pg_dms__cnn__seed43,MLH1,P43246:316:S>I,0,0.014379922
train-clinvar+pg_dms__cnn__seed43,MLH1,P43246:316:S>H,0,0.044383798
train-clinvar+pg_dms__cnn__seed43,MLH1,P43246:316:S>G,0,0.011092097
train-clinvar+pg_dms__cnn__seed43,MLH1,P43246:316:S>F,0,0.048535977
train-clinvar+pg_dms__cnn__seed43,MLH1,P43246:316:S>D,0,0.07122894
train-clinvar+pg_dms__cnn__seed43,MLH1,P43246:316:S>A,0,0.015248778
train-clinvar+pg_dms__cnn__seed43,MLH1,P43246:316:S>K,0,0.05008405
train-clinvar+pg_dms__cnn__seed43,MLH1,P43246:317:V>M,0,0.008007849
train-clinvar+pg_dms__cnn__seed43,MLH1,P43246:317:V>L,0,0.0046935673
train-clinvar+pg_dms__cnn__seed43,MLH1,P43246:317:V>T,0,0.0039485767
train-clinvar+pg_dms__cnn__seed43,MLH1,P43246:317:V>S,0,0.0050001177
train-clinvar+pg_dms__cnn__seed43,MLH1,P43246:317:V>R,0,0.009809174
train-clinvar+pg_dms__cnn__seed43,MLH1,P43246:317:V>P,0,0.035384998
train-clinvar+pg_dms__cnn__seed43,MLH1,P43246:317:V>N,0,0.006503001
train-clinvar+pg_dms__cnn__seed43,MLH1,P43246:317:V>K,0,0.009424846
train-clinvar+pg_dms__cnn__seed43,MLH1,P43246:317:V>W,0,0.094472155
train-clinvar+pg_dms__cnn__seed43,MLH1,P43246:317:V>G,0,0.008810863
train-clinvar+pg_dms__cnn__seed43,MLH1,P43246:317:V>F,0,0.0040291813
train-clinvar+pg_dms__cnn__seed43,MLH1,P43246:317:V>E,0,0.011500791
train-clinvar+pg_dms__cnn__seed43,MLH1,P43246:317:V>D,0,0.010247485
train-clinvar+pg_dms__cnn__seed43,MLH1,P43246:317:V>C,0,0.0046334835
train-clinvar+pg_dms__cnn__seed43,MLH1,P43246:317:V>A,0,0.021043368
train-clinvar+pg_dms__cnn__seed43,MLH1,P43246:317:V>H,0,0.013979116
train-clinvar+pg_dms__cnn__seed43,MLH1,P43246:317:V>Y,0,0.0064207856
train-clinvar+pg_dms__cnn__seed43,MLH1,P43246:318:E>V,0,0.018865561
train-clinvar+pg_dms__cnn__seed43,MLH1,P43246:318:E>W,0,0.5084933
train-clinvar+pg_dms__cnn__seed43,MLH1,P43246:318:E>Y,0,0.0170056
train-clinvar+pg_dms__cnn__seed43,MLH1,P43246:318:E>T,0,0.0147905
train-clinvar+pg_dms__cnn__seed43,MLH1,P43246:318:E>S,0,0.0071825343
train-clinvar+pg_dms__cnn__seed43,MLH1,P43246:318:E>G,0,0.012174177
train-clinvar+pg_dms__cnn__seed43,MLH1,P43246:318:E>Q,0,0.0062035676
train-clinvar+pg_dms__cnn__seed43,MLH1,P43246:318:E>P,0,0.056254517
train-clinvar+pg_dms__cnn__seed43,MLH1,P43246:318:E>N,0,0.0056837993
train-clinvar+pg_dms__cnn__seed43,MLH1,P43246:318:E>M,0,0.11194324
train-clinvar+pg_dms__cnn__seed43,MLH1,P43246:318:E>L,0,0.012023466
train-clinvar+pg_dms__cnn__seed43,MLH1,P43246:318:E>H,0,0.042370856
train-clinvar+pg_dms__cnn__seed43,MLH1,P43246:318:E>I,0,0.012208288
train-clinvar+pg_dms__cnn__seed43,MLH1,P43246:318:E>A,0,0.0039715245
train-clinvar+pg_dms__cnn__seed43,MLH1,P43246:318:E>C,0,0.019973047
train-clinvar+pg_dms__cnn__seed43,MLH1,P43246:318:E>F,0,0.022743693
train-clinvar+pg_dms__cnn__seed43,MLH1,P43246:318:E>R,0,0.009862728
train-clinvar+pg_dms__cnn__seed43,MLH1,P43246:318:E>K,0,0.009665993
train-clinvar+pg_dms__cnn__seed43,MLH1,P43246:321:T>Q,0,0.0031559346
train-clinvar+pg_dms__cnn__seed43,MLH1,P43246:321:T>I,0,0.003334285
train-clinvar+pg_dms__cnn__seed43,MLH1,P43246:321:T>P,0,0.038413115
train-clinvar+pg_dms__cnn__seed43,MLH1,P43246:321:T>N,0,0.0044340994
train-clinvar+pg_dms__cnn__seed43,MLH1,P43246:321:T>M,0,0.038109694
train-clinvar+pg_dms__cnn__seed43,MLH1,P43246:321:T>L,0,0.004730268
train-clinvar+pg_dms__cnn__seed43,MLH1,P43246:321:T>K,0,0.0056836614
train-clinvar+pg_dms__cnn__seed43,MLH1,P43246:321:T>H,0,0.0047464995
train-clinvar+pg_dms__cnn__seed43,MLH1,P43246:321:T>V,0,0.004491844
train-clinvar+pg_dms__cnn__seed43,MLH1,P43246:321:T>F,0,0.0057358593
train-clinvar+pg_dms__cnn__seed43,MLH1,P43246:321:T>E,0,0.00771899
train-clinvar+pg_dms__cnn__seed43,MLH1,P43246:321:T>D,0,0.013729331
train-clinvar+pg_dms__cnn__seed43,MLH1,P43246:321:T>W,0,0.09227282
train-clinvar+pg_dms__cnn__seed43,MLH1,P43246:321:T>Y,0,0.01070011
train-clinvar+pg_dms__cnn__seed43,MLH1,P43246:321:T>R,0,0.014217306
train-clinvar+pg_dms__cnn__seed43,MLH1,P43246:321:T>G,0,0.0049524647
train-clinvar+pg_dms__cnn__seed43,MLH1,P43246:321:T>S,0,0.019174881
train-clinvar+pg_dms__cnn__seed43,MLH1,P43246:325:S>V,0,0.060901687
train-clinvar+pg_dms__cnn__seed43,MLH1,P43246:325:S>D,0,0.95491636
train-clinvar+pg_dms__cnn__seed43,MLH1,P43246:325:S>A,0,0.012370022
train-clinvar+pg_dms__cnn__seed43,MLH1,P43246:325:S>G,0,0.008433743
train-clinvar+pg_dms__cnn__seed43,MLH1,P43246:325:S>H,0,0.28548047
train-clinvar+pg_dms__cnn__seed43,MLH1,P43246:325:S>I,0,0.17185651
train-clinvar+pg_dms__cnn__seed43,MLH1,P43246:325:S>E,1,0.9711576
train-clinvar+pg_dms__cnn__seed43,MLH1,P43246:325:S>K,0,0.9693797
train-clinvar+pg_dms__cnn__seed43,MLH1,P43246:325:S>L,0,0.026737474
train-clinvar+pg_dms__cnn__seed43,MLH1,P43246:325:S>M,0,0.3047204
train-clinvar+pg_dms__cnn__seed43,MLH1,P43246:325:S>N,0,0.011406492
train-clinvar+pg_dms__cnn__seed43,MLH1,P43246:325:S>P,0,0.73969436
train-clinvar+pg_dms__cnn__seed43,MLH1,P43246:325:S>Q,0,0.8541612
train-clinvar+pg_dms__cnn__seed43,MLH1,P43246:325:S>R,0,0.994165
train-clinvar+pg_dms__cnn__seed43,MLH1,P43246:325:S>W,0,0.7787784
train-clinvar+pg_dms__cnn__seed43,MLH1,P43246:325:S>Y,0,0.067904145
train-clinvar+pg_dms__cnn__seed43,MLH1,P43246:325:S>F,0,0.5194538
train-clinvar+pg_dms__cnn__seed43,MLH1,P43246:336:P>W,0,0.2939864
train-clinvar+pg_dms__cnn__seed43,MLH1,P43246:336:P>Y,0,0.02961769
train-clinvar+pg_dms__cnn__seed43,MLH1,P43246:336:P>V,0,0.0062372177
train-clinvar+pg_dms__cnn__seed43,MLH1,P43246:336:P>E,0,0.08055832
train-clinvar+pg_dms__cnn__seed43,MLH1,P43246:336:P>R,0,0.028267749
train-clinvar+pg_dms__cnn__seed43,MLH1,P43246:336:P>M,0,0.020449957
train-clinvar+pg_dms__cnn__seed43,MLH1,P43246:336:P>K,0,0.10087112
train-clinvar+pg_dms__cnn__seed43,MLH1,P43246:336:P>I,0,0.0051937713
train-clinvar+pg_dms__cnn__seed43,MLH1,P43246:336:P>H,0,0.007292473
train-clinvar+pg_dms__cnn__seed43,MLH1,P43246:336:P>G,0,0.004589642
train-clinvar+pg_dms__cnn__seed43,MLH1,P43246:336:P>F,0,0.01889931
train-clinvar+pg_dms__cnn__seed43,MLH1,P43246:336:P>T,0,0.0030984888
train-clinvar+pg_dms__cnn__seed43,MLH1,P43246:336:P>D,0,0.7647167
train-clinvar+pg_dms__cnn__seed43,MLH1,P43246:336:P>C,0,0.015758544
train-clinvar+pg_dms__cnn__seed43,MLH1,P43246:336:P>A,0,0.0043310476
train-clinvar+pg_dms__cnn__seed43,MLH1,P43246:336:P>Q,0,0.007675384
train-clinvar+pg_dms__cnn__seed43,MLH1,P43246:336:P>N,0,0.017780723
train-clinvar+pg_dms__cnn__seed43,MLH1,P43246:338:G>P,1,0.9994129
train-clinvar+pg_dms__cnn__seed43,MLH1,P43246:338:G>Y,1,0.8286275
train-clinvar+pg_dms__cnn__seed43,MLH1,P43246:338:G>W,1,0.9872822
train-clinvar+pg_dms__cnn__seed43,MLH1,P43246:338:G>S,1,0.9991553
train-clinvar+pg_dms__cnn__seed43,MLH1,P43246:338:G>Q,1,0.9979954
train-clinvar+pg_dms__cnn__seed43,MLH1,P43246:338:G>N,1,0.9997043
train-clinvar+pg_dms__cnn__seed43,MLH1,P43246:338:G>F,1,0.963488
train-clinvar+pg_dms__cnn__seed43,MLH1,P43246:338:G>L,1,0.9959643
train-clinvar+pg_dms__cnn__seed43,MLH1,P43246:338:G>K,1,0.99412584
train-clinvar+pg_dms__cnn__seed43,MLH1,P43246:338:G>I,1,0.99877757
train-clinvar+pg_dms__cnn__seed43,MLH1,P43246:338:G>H,1,0.9892285
train-clinvar+pg_dms__cnn__seed43,MLH1,P43246:338:G>D,1,0.999471
train-clinvar+pg_dms__cnn__seed43,MLH1,P43246:338:G>C,1,0.07250007
train-clinvar+pg_dms__cnn__seed43,MLH1,P43246:338:G>A,1,0.92812467
train-clinvar+pg_dms__cnn__seed43,MLH1,P43246:338:G>M,1,0.99353963
train-clinvar+pg_dms__cnn__seed43,MLH1,P43246:338:G>T,1,0.78580904
train-clinvar+pg_dms__cnn__seed43,MLH1,P43246:341:L>K,0,0.035244513
train-clinvar+pg_dms__cnn__seed43,MLH1,P43246:341:L>M,0,0.023346879
train-clinvar+pg_dms__cnn__seed43,MLH1,P43246:341:L>N,1,0.5072263
train-clinvar+pg_dms__cnn__seed43,MLH1,P43246:341:L>I,0,0.007730789
train-clinvar+pg_dms__cnn__seed43,MLH1,P43246:341:L>R,0,0.059039686
train-clinvar+pg_dms__cnn__seed43,MLH1,P43246:341:L>T,0,0.014301771
train-clinvar+pg_dms__cnn__seed43,MLH1,P43246:341:L>V,0,0.043882564
train-clinvar+pg_dms__cnn__seed43,MLH1,P43246:341:L>W,0,0.14095135
train-clinvar+pg_dms__cnn__seed43,MLH1,P43246:341:L>S,1,0.029040175
train-clinvar+pg_dms__cnn__seed43,MLH1,P43246:341:L>E,0,0.7943975
train-clinvar+pg_dms__cnn__seed43,MLH1,P43246:341:L>A,0,0.030049121
train-clinvar+pg_dms__cnn__seed43,MLH1,P43246:341:L>C,0,0.008867101
train-clinvar+pg_dms__cnn__seed43,MLH1,P43246:341:L>D,1,0.99553925
train-clinvar+pg_dms__cnn__seed43,MLH1,P43246:341:L>Y,1,0.041209504
train-clinvar+pg_dms__cnn__seed43,MLH1,P43246:341:L>F,0,0.03755679
train-clinvar+pg_dms__cnn__seed43,MLH1,P43246:341:L>G,1,0.8572286
train-clinvar+pg_dms__cnn__seed43,MLH1,P43246:341:L>H,0,0.11391652
train-clinvar+pg_dms__cnn__seed43,MLH1,P43246:343:N>P,0,0.9054945
train-clinvar+pg_dms__cnn__seed43,MLH1,P43246:343:N>C,0,0.0011839704
train-clinvar+pg_dms__cnn__seed43,MLH1,P43246:343:N>R,0,0.011951144
train-clinvar+pg_dms__cnn__seed43,MLH1,P43246:343:N>S,0,0.015442065
train-clinvar+pg_dms__cnn__seed43,MLH1,P43246:343:N>T,0,0.0056465734
train-clinvar+pg_dms__cnn__seed43,MLH1,P43246:343:N>V,0,0.0064382213
train-clinvar+pg_dms__cnn__seed43,MLH1,P43246:343:N>W,0,0.37538478
train-clinvar+pg_dms__cnn__seed43,MLH1,P43246:343:N>Y,0,0.0013972318
train-clinvar+pg_dms__cnn__seed43,MLH1,P43246:343:N>M,0,0.009683597
train-clinvar+pg_dms__cnn__seed43,MLH1,P43246:343:N>L,0,0.0080653215
train-clinvar+pg_dms__cnn__seed43,MLH1,P43246:343:N>I,0,0.0066124983
train-clinvar+pg_dms__cnn__seed43,MLH1,P43246:343:N>H,0,0.011192233
train-clinvar+pg_dms__cnn__seed43,MLH1,P43246:343:N>G,0,0.007752253
train-clinvar+pg_dms__cnn__seed43,MLH1,P43246:343:N>F,0,0.010725039
train-clinvar+pg_dms__cnn__seed43,MLH1,P43246:343:N>E,0,0.022662517
train-clinvar+pg_dms__cnn__seed43,MLH1,P43246:343:N>D,0,0.029270053
train-clinvar+pg_dms__cnn__seed43,MLH1,P43246:343:N>K,0,0.015953641
train-clinvar+pg_dms__cnn__seed43,MLH1,P43246:343:N>A,0,0.005445813
train-clinvar+pg_dms__cnn__seed43,MLH1,P43246:348:Q>A,0,0.23767182
train-clinvar+pg_dms__cnn__seed43,MLH1,P43246:348:Q>C,0,0.44527638
train-clinvar+pg_dms__cnn__seed43,MLH1,P43246:348:Q>F,0,0.9247432
train-clinvar+pg_dms__cnn__seed43,MLH1,P43246:348:Q>G,0,0.90137506
train-clinvar+pg_dms__cnn__seed43,MLH1,P43246:348:Q>I,0,0.95250404
train-clinvar+pg_dms__cnn__seed43,MLH1,P43246:348:Q>K,0,0.5829588
train-clinvar+pg_dms__cnn__seed43,MLH1,P43246:348:Q>W,0,0.9807647
train-clinvar+pg_dms__cnn__seed43,MLH1,P43246:348:Q>M,0,0.16901785
train-clinvar+pg_dms__cnn__seed43,MLH1,P43246:348:Q>N,0,0.90343726
train-clinvar+pg_dms__cnn__seed43,MLH1,P43246:348:Q>P,1,0.99766326
train-clinvar+pg_dms__cnn__seed43,MLH1,P43246:348:Q>R,0,0.49943167
train-clinvar+pg_dms__cnn__seed43,MLH1,P43246:348:Q>S,0,0.36445883
train-clinvar+pg_dms__cnn__seed43,MLH1,P43246:348:Q>T,0,0.7340224
train-clinvar+pg_dms__cnn__seed43,MLH1,P43246:348:Q>V,0,0.8344429
train-clinvar+pg_dms__cnn__seed43,MLH1,P43246:348:Q>Y,0,0.9581375
train-clinvar+pg_dms__cnn__seed43,MLH1,P43246:348:Q>L,0,0.20962264
train-clinvar+pg_dms__cnn__seed43,MLH1,P43246:365:A>F,0,0.021137984
train-clinvar+pg_dms__cnn__seed43,MLH1,P43246:365:A>C,0,0.0108051635
train-clinvar+pg_dms__cnn__seed43,MLH1,P43246:365:A>E,0,0.2203946
train-clinvar+pg_dms__cnn__seed43,MLH1,P43246:365:A>G,0,0.035329107
train-clinvar+pg_dms__cnn__seed43,MLH1,P43246:365:A>H,0,0.61458546
train-clinvar+pg_dms__cnn__seed43,MLH1,P43246:365:A>I,0,0.0061359024
train-clinvar+pg_dms__cnn__seed43,MLH1,P43246:365:A>K,0,0.8983599
train-clinvar+pg_dms__cnn__seed43,MLH1,P43246:365:A>L,0,0.0064739585
train-clinvar+pg_dms__cnn__seed43,MLH1,P43246:365:A>N,0,0.039431997
train-clinvar+pg_dms__cnn__seed43,MLH1,P43246:365:A>P,0,0.9965586
train-clinvar+pg_dms__cnn__seed43,MLH1,P43246:365:A>M,1,0.043961335
train-clinvar+pg_dms__cnn__seed43,MLH1,P43246:365:A>R,0,0.96004784
train-clinvar+pg_dms__cnn__seed43,MLH1,P43246:365:A>S,0,0.0045359745
train-clinvar+pg_dms__cnn__seed43,MLH1,P43246:365:A>T,0,0.011087286
train-clinvar+pg_dms__cnn__seed43,MLH1,P43246:365:A>V,0,0.051715504
train-clinvar+pg_dms__cnn__seed43,MLH1,P43246:365:A>W,0,0.81072384
train-clinvar+pg_dms__cnn__seed43,MLH1,P43246:365:A>Y,0,0.042269975
train-clinvar+pg_dms__cnn__seed43,MLH1,P43246:365:A>Q,0,0.39189193
train-clinvar+pg_dms__cnn__seed43,MLH1,P43246:378:E>A,0,0.009825327
train-clinvar+pg_dms__cnn__seed43,MLH1,P43246:378:E>C,0,0.0050318697
train-clinvar+pg_dms__cnn__seed43,MLH1,P43246:378:E>D,0,0.0042240694
train-clinvar+pg_dms__cnn__seed43,MLH1,P43246:378:E>F,0,0.013052737
train-clinvar+pg_dms__cnn__seed43,MLH1,P43246:378:E>H,0,0.027589185
train-clinvar+pg_dms__cnn__seed43,MLH1,P43246:378:E>G,0,0.0028392626
train-clinvar+pg_dms__cnn__seed43,MLH1,P43246:378:E>W,0,0.34675294
train-clinvar+pg_dms__cnn__seed43,MLH1,P43246:378:E>I,0,0.00817622
train-clinvar+pg_dms__cnn__seed43,MLH1,P43246:378:E>L,0,0.007923074
train-clinvar+pg_dms__cnn__seed43,MLH1,P43246:378:E>M,0,0.020766018
train-clinvar+pg_dms__cnn__seed43,MLH1,P43246:378:E>N,0,0.0037870833
train-clinvar+pg_dms__cnn__seed43,MLH1,P43246:378:E>P,0,0.041186128
train-clinvar+pg_dms__cnn__seed43,MLH1,P43246:378:E>Q,0,0.004852835
train-clinvar+pg_dms__cnn__seed43,MLH1,P43246:378:E>R,0,0.009770821
train-clinvar+pg_dms__cnn__seed43,MLH1,P43246:378:E>S,0,0.0034610624
train-clinvar+pg_dms__cnn__seed43,MLH1,P43246:378:E>T,0,0.009611944
train-clinvar+pg_dms__cnn__seed43,MLH1,P43246:378:E>V,0,0.0046096486
train-clinvar+pg_dms__cnn__seed43,MLH1,P43246:378:E>Y,0,0.0072793844
train-clinvar+pg_dms__cnn__seed43,MLH1,P43246:381:L>Q,0,0.8457357
train-clinvar+pg_dms__cnn__seed43,MLH1,P43246:381:L>S,0,0.45978758
train-clinvar+pg_dms__cnn__seed43,MLH1,P43246:381:L>R,0,0.81998825
train-clinvar+pg_dms__cnn__seed43,MLH1,P43246:381:L>H,0,0.7759334
train-clinvar+pg_dms__cnn__seed43,MLH1,P43246:381:L>K,0,0.888986
train-clinvar+pg_dms__cnn__seed43,MLH1,P43246:381:L>G,0,0.91069585
train-clinvar+pg_dms__cnn__seed43,MLH1,P43246:381:L>E,0,0.8727256
train-clinvar+pg_dms__cnn__seed43,MLH1,P43246:381:L>D,0,0.92121106
train-clinvar+pg_dms__cnn__seed43,MLH1,P43246:381:L>A,0,0.5429169
train-clinvar+pg_dms__cnn__seed43,MLH1,P43246:381:L>T,0,0.12885314
train-clinvar+pg_dms__cnn__seed43,MLH1,P43246:381:L>P,0,0.9006159
train-clinvar+pg_dms__cnn__seed43,MLH1,P43246:381:L>V,0,0.031446517
train-clinvar+pg_dms__cnn__seed43,MLH1,P43246:381:L>C,0,0.02085408
train-clinvar+pg_dms__cnn__seed43,MLH1,P43246:386:D>E,0,0.5599377
train-clinvar+pg_dms__cnn__seed43,MLH1,P43246:386:D>A,0,0.16966689
train-clinvar+pg_dms__cnn__seed43,MLH1,P43246:386:D>C,0,0.01885929
train-clinvar+pg_dms__cnn__seed43,MLH1,P43246:386:D>F,0,0.10076159
train-clinvar+pg_dms__cnn__seed43,MLH1,P43246:386:D>Y,0,0.08014175
train-clinvar+pg_dms__cnn__seed43,MLH1,P43246:386:D>G,0,0.47668043
train-clinvar+pg_dms__cnn__seed43,MLH1,P43246:386:D>W,0,0.24941842
train-clinvar+pg_dms__cnn__seed43,MLH1,P43246:386:D>V,0,0.2330376
train-clinvar+pg_dms__cnn__seed43,MLH1,P43246:386:D>T,0,0.06200371
train-clinvar+pg_dms__cnn__seed43,MLH1,P43246:386:D>S,0,0.0689066
train-clinvar+pg_dms__cnn__seed43,MLH1,P43246:386:D>R,0,0.45189673
train-clinvar+pg_dms__cnn__seed43,MLH1,P43246:386:D>P,0,0.58433753
train-clinvar+pg_dms__cnn__seed43,MLH1,P43246:386:D>N,0,0.2592194
train-clinvar+pg_dms__cnn__seed43,MLH1,P43246:386:D>M,1,0.09244118
train-clinvar+pg_dms__cnn__seed43,MLH1,P43246:386:D>L,0,0.59866124
train-clinvar+pg_dms__cnn__seed43,MLH1,P43246:386:D>K,0,0.6862465
train-clinvar+pg_dms__cnn__seed43,MLH1,P43246:386:D>Q,0,0.2980612
train-clinvar+pg_dms__cnn__seed43,MLH1,P43246:386:D>I,0,0.23227258
train-clinvar+pg_dms__cnn__seed43,MLH1,P43246:388:N>Y,0,0.009653366
train-clinvar+pg_dms__cnn__seed43,MLH1,P43246:388:N>W,0,0.12341408
train-clinvar+pg_dms__cnn__seed43,MLH1,P43246:388:N>V,0,0.023009004
train-clinvar+pg_dms__cnn__seed43,MLH1,P43246:388:N>A,0,0.011688612
train-clinvar+pg_dms__cnn__seed43,MLH1,P43246:388:N>K,0,0.035630643
train-clinvar+pg_dms__cnn__seed43,MLH1,P43246:388:N>D,0,0.053706583
train-clinvar+pg_dms__cnn__seed43,MLH1,P43246:388:N>E,0,0.04082962
train-clinvar+pg_dms__cnn__seed43,MLH1,P43246:388:N>F,0,0.00987972
train-clinvar+pg_dms__cnn__seed43,MLH1,P43246:388:N>G,0,0.017405324
train-clinvar+pg_dms__cnn__seed43,MLH1,P43246:388:N>I,0,0.01072469
train-clinvar+pg_dms__cnn__seed43,MLH1,P43246:388:N>L,0,0.01126192
train-clinvar+pg_dms__cnn__seed43,MLH1,P43246:388:N>M,0,0.026593313
train-clinvar+pg_dms__cnn__seed43,MLH1,P43246:388:N>P,0,0.048907638
train-clinvar+pg_dms__cnn__seed43,MLH1,P43246:388:N>R,0,0.025161916
train-clinvar+pg_dms__cnn__seed43,MLH1,P43246:388:N>S,0,0.007791418
train-clinvar+pg_dms__cnn__seed43,MLH1,P43246:388:N>T,0,0.01263635
train-clinvar+pg_dms__cnn__seed43,MLH1,P43246:388:N>C,0,0.0040370403
train-clinvar+pg_dms__cnn__seed43,MLH1,P43246:388:N>Q,0,0.0085543785
train-clinvar+pg_dms__cnn__seed43,MLH1,P43246:388:N>H,0,0.03691389
train-clinvar+pg_dms__cnn__seed43,MLH1,P43246:390:L>C,0,0.017779166
train-clinvar+pg_dms__cnn__seed43,MLH1,P43246:390:L>I,0,0.012532281
train-clinvar+pg_dms__cnn__seed43,MLH1,P43246:390:L>K,0,0.6216355
train-clinvar+pg_dms__cnn__seed43,MLH1,P43246:390:L>N,0,0.40211138
train-clinvar+pg_dms__cnn__seed43,MLH1,P43246:390:L>A,0,0.028408146
train-clinvar+pg_dms__cnn__seed43,MLH1,P43246:390:L>D,0,0.8926961
train-clinvar+pg_dms__cnn__seed43,MLH1,P43246:390:L>M,0,0.1455338
train-clinvar+pg_dms__cnn__seed43,MLH1,P43246:390:L>S,0,0.07783964
train-clinvar+pg_dms__cnn__seed43,MLH1,P43246:390:L>H,0,0.14856201
train-clinvar+pg_dms__cnn__seed43,MLH1,P43246:390:L>G,0,0.5105075
train-clinvar+pg_dms__cnn__seed43,MLH1,P43246:390:L>W,1,0.40422153
train-clinvar+pg_dms__cnn__seed43,MLH1,P43246:390:L>T,0,0.035458166
train-clinvar+pg_dms__cnn__seed43,MLH1,P43246:390:L>R,0,0.4998085
train-clinvar+pg_dms__cnn__seed43,MLH1,P43246:390:L>Q,0,0.051696543
train-clinvar+pg_dms__cnn__seed43,MLH1,P43246:390:L>P,0,0.7608965
train-clinvar+pg_dms__cnn__seed43,MLH1,P43246:390:L>E,0,0.7823048
train-clinvar+pg_dms__cnn__seed43,MLH1,P43246:402:Q>Y,0,0.014574399
train-clinvar+pg_dms__cnn__seed43,MLH1,P43246:402:Q>A,0,0.00863376
train-clinvar+pg_dms__cnn__seed43,MLH1,P43246:402:Q>S,0,0.0033516288
train-clinvar+pg_dms__cnn__seed43,MLH1,P43246:402:Q>V,0,0.024525393
train-clinvar+pg_dms__cnn__seed43,MLH1,P43246:402:Q>E,0,0.030663202
train-clinvar+pg_dms__cnn__seed43,MLH1,P43246:402:Q>F,0,0.0185494
train-clinvar+pg_dms__cnn__seed43,MLH1,P43246:402:Q>G,0,0.020104317
train-clinvar+pg_dms__cnn__seed43,MLH1,P43246:402:Q>I,0,0.025503552
train-clinvar+pg_dms__cnn__seed43,MLH1,P43246:402:Q>T,0,0.016319217
train-clinvar+pg_dms__cnn__seed43,MLH1,P43246:402:Q>K,0,0.03793673
train-clinvar+pg_dms__cnn__seed43,MLH1,P43246:402:Q>D,0,0.22155759
train-clinvar+pg_dms__cnn__seed43,MLH1,P43246:402:Q>C,0,0.010412765
train-clinvar+pg_dms__cnn__seed43,MLH1,P43246:402:Q>M,0,0.053209882
train-clinvar+pg_dms__cnn__seed43,MLH1,P43246:402:Q>N,0,0.009138253
train-clinvar+pg_dms__cnn__seed43,MLH1,P43246:402:Q>P,0,0.021791099
train-clinvar+pg_dms__cnn__seed43,MLH1,P43246:402:Q>R,0,0.031518027
train-clinvar+pg_dms__cnn__seed43,MLH1,P43246:402:Q>L,0,0.0063268747
train-clinvar+pg_dms__cnn__seed43,MLH1,P43246:402:Q>W,0,0.52947015
train-clinvar+pg_dms__cnn__seed43,MLH1,P43246:403:D>M,0,0.10332698
train-clinvar+pg_dms__cnn__seed43,MLH1,P43246:403:D>N,0,0.021796707
train-clinvar+pg_dms__cnn__seed43,MLH1,P43246:403:D>H,0,0.27912617
train-clinvar+pg_dms__cnn__seed43,MLH1,P43246:403:D>A,0,0.04903801
train-clinvar+pg_dms__cnn__seed43,MLH1,P43246:403:D>C,0,0.023358535
train-clinvar+pg_dms__cnn__seed43,MLH1,P43246:403:D>E,0,0.03414312
train-clinvar+pg_dms__cnn__seed43,MLH1,P43246:403:D>F,0,0.041385304
train-clinvar+pg_dms__cnn__seed43,MLH1,P43246:403:D>G,0,0.04277586
train-clinvar+pg_dms__cnn__seed43,MLH1,P43246:403:D>I,0,0.08201823
train-clinvar+pg_dms__cnn__seed43,MLH1,P43246:403:D>K,0,0.12329876
train-clinvar+pg_dms__cnn__seed43,MLH1,P43246:403:D>L,0,0.16316117
train-clinvar+pg_dms__cnn__seed43,MLH1,P43246:403:D>W,0,0.40899462
train-clinvar+pg_dms__cnn__seed43,MLH1,P43246:403:D>V,0,0.056002356
train-clinvar+pg_dms__cnn__seed43,MLH1,P43246:403:D>T,0,0.08607657
train-clinvar+pg_dms__cnn__seed43,MLH1,P43246:403:D>S,0,0.03886342
train-clinvar+pg_dms__cnn__seed43,MLH1,P43246:403:D>R,0,0.17618525
train-clinvar+pg_dms__cnn__seed43,MLH1,P43246:403:D>Q,0,0.08515274
train-clinvar+pg_dms__cnn__seed43,MLH1,P43246:403:D>P,0,0.103864595
train-clinvar+pg_dms__cnn__seed43,MLH1,P43246:403:D>Y,0,0.055789836
train-clinvar+pg_dms__cnn__seed43,MLH1,P43246:407:L>Y,0,0.27433243
train-clinvar+pg_dms__cnn__seed43,MLH1,P43246:407:L>V,0,0.016234195
train-clinvar+pg_dms__cnn__seed43,MLH1,P43246:407:L>W,0,0.16151741
train-clinvar+pg_dms__cnn__seed43,MLH1,P43246:407:L>A,0,0.021459648
train-clinvar+pg_dms__cnn__seed43,MLH1,P43246:407:L>C,0,0.0068718013
train-clinvar+pg_dms__cnn__seed43,MLH1,P43246:407:L>D,1,0.7572088
train-clinvar+pg_dms__cnn__seed43,MLH1,P43246:407:L>F,0,0.0074970685
train-clinvar+pg_dms__cnn__seed43,MLH1,P43246:407:L>G,0,0.5713627
train-clinvar+pg_dms__cnn__seed43,MLH1,P43246:407:L>H,0,0.709721
train-clinvar+pg_dms__cnn__seed43,MLH1,P43246:407:L>E,0,0.90494514
train-clinvar+pg_dms__cnn__seed43,MLH1,P43246:407:L>M,0,0.004923029
train-clinvar+pg_dms__cnn__seed43,MLH1,P43246:407:L>N,0,0.67929804
train-clinvar+pg_dms__cnn__seed43,MLH1,P43246:407:L>P,1,0.95219994
train-clinvar+pg_dms__cnn__seed43,MLH1,P43246:407:L>Q,0,0.23712297
train-clinvar+pg_dms__cnn__seed43,MLH1,P43246:407:L>R,1,0.9144705
train-clinvar+pg_dms__cnn__seed43,MLH1,P43246:407:L>S,0,0.044698633
train-clinvar+pg_dms__cnn__seed43,MLH1,P43246:407:L>T,0,0.024503205
train-clinvar+pg_dms__cnn__seed43,MLH1,P43246:407:L>I,0,0.0051925965
train-clinvar+pg_dms__cnn__seed43,MLH1,P43246:408:Y>K,0,0.70737284
train-clinvar+pg_dms__cnn__seed43,MLH1,P43246:408:Y>I,0,0.72238714
train-clinvar+pg_dms__cnn__seed43,MLH1,P43246:408:Y>D,0,0.89336395
train-clinvar+pg_dms__cnn__seed43,MLH1,P43246:408:Y>E,0,0.8589038
train-clinvar+pg_dms__cnn__seed43,MLH1,P43246:408:Y>L,0,0.23718025
train-clinvar+pg_dms__cnn__seed43,MLH1,P43246:408:Y>G,0,0.5799211
train-clinvar+pg_dms__cnn__seed43,MLH1,P43246:408:Y>M,0,0.7616088
train-clinvar+pg_dms__cnn__seed43,MLH1,P43246:408:Y>P,1,0.9298866
train-clinvar+pg_dms__cnn__seed43,MLH1,P43246:408:Y>N,0,0.4943991
train-clinvar+pg_dms__cnn__seed43,MLH1,P43246:408:Y>C,0,0.03883412
train-clinvar+pg_dms__cnn__seed43,MLH1,P43246:408:Y>W,0,0.37180135
train-clinvar+pg_dms__cnn__seed43,MLH1,P43246:408:Y>V,0,0.46620736
train-clinvar+pg_dms__cnn__seed43,MLH1,P43246:408:Y>A,0,0.41109014
train-clinvar+pg_dms__cnn__seed43,MLH1,P43246:408:Y>R,0,0.54757863
train-clinvar+pg_dms__cnn__seed43,MLH1,P43246:408:Y>Q,0,0.61658466
train-clinvar+pg_dms__cnn__seed43,MLH1,P43246:408:Y>T,0,0.48502043
train-clinvar+pg_dms__cnn__seed43,MLH1,P43246:414:L>D,1,0.98319733
train-clinvar+pg_dms__cnn__seed43,MLH1,P43246:414:L>C,0,0.0135200275
train-clinvar+pg_dms__cnn__seed43,MLH1,P43246:414:L>A,0,0.09220467
train-clinvar+pg_dms__cnn__seed43,MLH1,P43246:414:L>E,0,0.956368
train-clinvar+pg_dms__cnn__seed43,MLH1,P43246:414:L>F,0,0.0055154036
train-clinvar+pg_dms__cnn__seed43,MLH1,P43246:414:L>W,1,0.3274294
train-clinvar+pg_dms__cnn__seed43,MLH1,P43246:414:L>Y,0,0.09543657
train-clinvar+pg_dms__cnn__seed43,MLH1,P43246:414:L>I,0,0.0057046544
train-clinvar+pg_dms__cnn__seed43,MLH1,P43246:414:L>K,0,0.8589589
train-clinvar+pg_dms__cnn__seed43,MLH1,P43246:414:L>H,0,0.8351992
train-clinvar+pg_dms__cnn__seed43,MLH1,P43246:414:L>N,0,0.8764912
train-clinvar+pg_dms__cnn__seed43,MLH1,P43246:414:L>P,1,0.9872601
train-clinvar+pg_dms__cnn__seed43,MLH1,P43246:414:L>M,0,0.00961712
train-clinvar+pg_dms__cnn__seed43,MLH1,P43246:414:L>G,0,0.92720693
train-clinvar+pg_dms__cnn__seed43,MLH1,P43246:414:L>S,0,0.32626313
train-clinvar+pg_dms__cnn__seed43,MLH1,P43246:414:L>T,0,0.019495467
train-clinvar+pg_dms__cnn__seed43,MLH1,P43246:414:L>Q,0,0.5624906
train-clinvar+pg_dms__cnn__seed43,MLH1,P43246:415:P>Q,0,0.006722715
train-clinvar+pg_dms__cnn__seed43,MLH1,P43246:415:P>N,0,0.008816091
train-clinvar+pg_dms__cnn__seed43,MLH1,P43246:415:P>M,0,0.02140095
train-clinvar+pg_dms__cnn__seed43,MLH1,P43246:415:P>K,0,0.016012589
train-clinvar+pg_dms__cnn__seed43,MLH1,P43246:415:P>D,0,0.011045429
train-clinvar+pg_dms__cnn__seed43,MLH1,P43246:415:P>H,0,0.012056953
train-clinvar+pg_dms__cnn__seed43,MLH1,P43246:415:P>G,0,0.008754077
train-clinvar+pg_dms__cnn__seed43,MLH1,P43246:415:P>F,0,0.012781184
train-clinvar+pg_dms__cnn__seed43,MLH1,P43246:415:P>E,0,0.008568492
train-clinvar+pg_dms__cnn__seed43,MLH1,P43246:415:P>C,0,0.012315423
train-clinvar+pg_dms__cnn__seed43,MLH1,P43246:415:P>T,0,0.0055145356
train-clinvar+pg_dms__cnn__seed43,MLH1,P43246:415:P>I,0,0.011037529
train-clinvar+pg_dms__cnn__seed43,MLH1,P43246:415:P>V,0,0.014008467
train-clinvar+pg_dms__cnn__seed43,MLH1,P43246:415:P>S,0,0.013266813
train-clinvar+pg_dms__cnn__seed43,MLH1,P43246:415:P>Y,0,0.013206202
train-clinvar+pg_dms__cnn__seed43,MLH1,P43246:415:P>W,0,0.10122267
train-clinvar+pg_dms__cnn__seed43,MLH1,P43246:416:N>S,0,0.0017105319
train-clinvar+pg_dms__cnn__seed43,MLH1,P43246:416:N>R,0,0.008114505
train-clinvar+pg_dms__cnn__seed43,MLH1,P43246:416:N>Q,0,0.004213111
train-clinvar+pg_dms__cnn__seed43,MLH1,P43246:416:N>P,1,0.017644769
train-clinvar+pg_dms__cnn__seed43,MLH1,P43246:416:N>M,1,0.006267592
train-clinvar+pg_dms__cnn__seed43,MLH1,P43246:416:N>L,0,0.0031178528
train-clinvar+pg_dms__cnn__seed43,MLH1,P43246:416:N>I,0,0.0048606982
train-clinvar+pg_dms__cnn__seed43,MLH1,P43246:416:N>H,0,0.024169737
train-clinvar+pg_dms__cnn__seed43,MLH1,P43246:416:N>G,0,0.0033956857
train-clinvar+pg_dms__cnn__seed43,MLH1,P43246:416:N>F,0,0.0050466806
train-clinvar+pg_dms__cnn__seed43,MLH1,P43246:416:N>E,0,0.022477794
train-clinvar+pg_dms__cnn__seed43,MLH1,P43246:416:N>C,0,0.0012609565
train-clinvar+pg_dms__cnn__seed43,MLH1,P43246:416:N>A,0,0.006177464
train-clinvar+pg_dms__cnn__seed43,MLH1,P43246:416:N>T,0,0.0027535749
train-clinvar+pg_dms__cnn__seed43,MLH1,P43246:416:N>V,0,0.0034348005
train-clinvar+pg_dms__cnn__seed43,MLH1,P43246:416:N>K,0,0.0045586727
train-clinvar+pg_dms__cnn__seed43,MLH1,P43246:416:N>Y,0,0.0044010067
train-clinvar+pg_dms__cnn__seed43,MLH1,P43246:416:N>W,1,0.04303798
train-clinvar+pg_dms__cnn__seed43,MLH1,P43246:427:K>F,0,0.012571524
train-clinvar+pg_dms__cnn__seed43,MLH1,P43246:427:K>G,0,0.009139194
train-clinvar+pg_dms__cnn__seed43,MLH1,P43246:427:K>W,0,0.06532947
train-clinvar+pg_dms__cnn__seed43,MLH1,P43246:427:K>L,0,0.012356899
train-clinvar+pg_dms__cnn__seed43,MLH1,P43246:427:K>M,0,0.0074445843
train-clinvar+pg_dms__cnn__seed43,MLH1,P43246:427:K>N,0,0.0133837415
train-clinvar+pg_dms__cnn__seed43,MLH1,P43246:427:K>P,0,0.031643145
train-clinvar+pg_dms__cnn__seed43,MLH1,P43246:427:K>R,0,0.0065331557
train-clinvar+pg_dms__cnn__seed43,MLH1,P43246:427:K>S,0,0.0042457744
train-clinvar+pg_dms__cnn__seed43,MLH1,P43246:427:K>H,0,0.01767103
train-clinvar+pg_dms__cnn__seed43,MLH1,P43246:427:K>T,0,0.0026378226
train-clinvar+pg_dms__cnn__seed43,MLH1,P43246:427:K>A,0,0.008799011
train-clinvar+pg_dms__cnn__seed43,MLH1,P43246:427:K>Y,0,0.007768471
train-clinvar+pg_dms__cnn__seed43,MLH1,P43246:427:K>D,0,0.0059525897
train-clinvar+pg_dms__cnn__seed43,MLH1,P43246:427:K>C,0,0.0025136399
train-clinvar+pg_dms__cnn__seed43,MLH1,P43246:427:K>V,0,0.0070055495
train-clinvar+pg_dms__cnn__seed43,MLH1,P43246:427:K>I,0,0.0036891126
train-clinvar+pg_dms__cnn__seed43,MLH1,P43246:431:L>P,0,0.45113033
train-clinvar+pg_dms__cnn__seed43,MLH1,P43246:431:L>Q,0,0.025996715
train-clinvar+pg_dms__cnn__seed43,MLH1,P43246:431:L>R,0,0.090942904
train-clinvar+pg_dms__cnn__seed43,MLH1,P43246:431:L>S,0,0.06767568
train-clinvar+pg_dms__cnn__seed43,MLH1,P43246:431:L>T,0,0.083799355
train-clinvar+pg_dms__cnn__seed43,MLH1,P43246:431:L>Y,0,0.06822602
train-clinvar+pg_dms__cnn__seed43,MLH1,P43246:431:L>W,1,0.30062062
train-clinvar+pg_dms__cnn__seed43,MLH1,P43246:431:L>N,0,0.052024405
train-clinvar+pg_dms__cnn__seed43,MLH1,P43246:431:L>M,1,0.15358038
train-clinvar+pg_dms__cnn__seed43,MLH1,P43246:431:L>K,0,0.16195439
train-clinvar+pg_dms__cnn__seed43,MLH1,P43246:431:L>I,0,0.018261982
train-clinvar+pg_dms__cnn__seed43,MLH1,P43246:431:L>H,0,0.085367896
train-clinvar+pg_dms__cnn__seed43,MLH1,P43246:431:L>G,0,0.26117975
train-clinvar+pg_dms__cnn__seed43,MLH1,P43246:431:L>E,0,0.12955861
train-clinvar+pg_dms__cnn__seed43,MLH1,P43246:431:L>A,0,0.0375089
train-clinvar+pg_dms__cnn__seed43,MLH1,P43246:432:L>N,0,0.9959252
train-clinvar+pg_dms__cnn__seed43,MLH1,P43246:432:L>P,0,0.99963176
train-clinvar+pg_dms__cnn__seed43,MLH1,P43246:432:L>R,0,0.95974773
train-clinvar+pg_dms__cnn__seed43,MLH1,P43246:432:L>Q,0,0.6529561
train-clinvar+pg_dms__cnn__seed43,MLH1,P43246:432:L>T,0,0.312386
train-clinvar+pg_dms__cnn__seed43,MLH1,P43246:432:L>V,0,0.0158703
train-clinvar+pg_dms__cnn__seed43,MLH1,P43246:432:L>M,0,0.14903304
train-clinvar+pg_dms__cnn__seed43,MLH1,P43246:432:L>Y,0,0.74086815
train-clinvar+pg_dms__cnn__seed43,MLH1,P43246:432:L>S,0,0.8934018
train-clinvar+pg_dms__cnn__seed43,MLH1,P43246:432:L>K,0,0.99499136
train-clinvar+pg_dms__cnn__seed43,MLH1,P43246:432:L>F,0,0.07588757
train-clinvar+pg_dms__cnn__seed43,MLH1,P43246:432:L>H,0,0.9027034
train-clinvar+pg_dms__cnn__seed43,MLH1,P43246:432:L>G,1,0.99567246
train-clinvar+pg_dms__cnn__seed43,MLH1,P43246:432:L>E,0,0.9960361
train-clinvar+pg_dms__cnn__seed43,MLH1,P43246:432:L>D,0,0.999696
train-clinvar+pg_dms__cnn__seed43,MLH1,P43246:432:L>C,0,0.07216155
train-clinvar+pg_dms__cnn__seed43,MLH1,P43246:432:L>A,0,0.2909472
train-clinvar+pg_dms__cnn__seed43,MLH1,P43246:432:L>I,0,0.011383642
train-clinvar+pg_dms__cnn__seed43,MLH1,P43246:436:F>A,1,0.9140838
train-clinvar+pg_dms__cnn__seed43,MLH1,P43246:436:F>C,0,0.09156336
train-clinvar+pg_dms__cnn__seed43,MLH1,P43246:436:F>E,0,0.98525375
train-clinvar+pg_dms__cnn__seed43,MLH1,P43246:436:F>G,0,0.9697955
train-clinvar+pg_dms__cnn__seed43,MLH1,P43246:436:F>I,0,0.068080515
train-clinvar+pg_dms__cnn__seed43,MLH1,P43246:436:F>K,1,0.98841596
train-clinvar+pg_dms__cnn__seed43,MLH1,P43246:436:F>L,0,0.89651704
train-clinvar+pg_dms__cnn__seed43,MLH1,P43246:436:F>D,1,0.99629754
train-clinvar+pg_dms__cnn__seed43,MLH1,P43246:436:F>N,0,0.82357943
train-clinvar+pg_dms__cnn__seed43,MLH1,P43246:436:F>M,0,0.65029484
train-clinvar+pg_dms__cnn__seed43,MLH1,P43246:436:F>W,0,0.71956414
train-clinvar+pg_dms__cnn__seed43,MLH1,P43246:436:F>V,0,0.096260466
train-clinvar+pg_dms__cnn__seed43,MLH1,P43246:436:F>P,1,0.9988605
train-clinvar+pg_dms__cnn__seed43,MLH1,P43246:436:F>R,1,0.99093187
train-clinvar+pg_dms__cnn__seed43,MLH1,P43246:436:F>Q,0,0.9485811
train-clinvar+pg_dms__cnn__seed43,MLH1,P43246:436:F>T,0,0.97372526
train-clinvar+pg_dms__cnn__seed43,MLH1,P43246:437:V>T,0,0.019948328
train-clinvar+pg_dms__cnn__seed43,MLH1,P43246:437:V>S,0,0.0075431773
train-clinvar+pg_dms__cnn__seed43,MLH1,P43246:437:V>R,0,0.030856157
train-clinvar+pg_dms__cnn__seed43,MLH1,P43246:437:V>Q,0,0.0040219207
train-clinvar+pg_dms__cnn__seed43,MLH1,P43246:437:V>P,1,0.9866366
train-clinvar+pg_dms__cnn__seed43,MLH1,P43246:437:V>L,0,0.030083124
train-clinvar+pg_dms__cnn__seed43,MLH1,P43246:437:V>I,0,0.0031313954
train-clinvar+pg_dms__cnn__seed43,MLH1,P43246:437:V>H,0,0.030636467
train-clinvar+pg_dms__cnn__seed43,MLH1,P43246:437:V>G,0,0.0040188483
train-clinvar+pg_dms__cnn__seed43,MLH1,P43246:437:V>E,0,0.014621494
train-clinvar+pg_dms__cnn__seed43,MLH1,P43246:437:V>D,0,0.1449469
train-clinvar+pg_dms__cnn__seed43,MLH1,P43246:437:V>C,0,0.01217044
train-clinvar+pg_dms__cnn__seed43,MLH1,P43246:437:V>A,0,0.007034218
train-clinvar+pg_dms__cnn__seed43,MLH1,P43246:437:V>W,0,0.73499703
train-clinvar+pg_dms__cnn__seed43,MLH1,P43246:437:V>K,0,0.0125205545
train-clinvar+pg_dms__cnn__seed43,MLH1,P43246:437:V>F,0,0.008503593
train-clinvar+pg_dms__cnn__seed43,MLH1,P43246:437:V>Y,0,0.07375599
train-clinvar+pg_dms__cnn__seed43,MLH1,P43246:440:L>K,1,0.9972439
train-clinvar+pg_dms__cnn__seed43,MLH1,P43246:440:L>I,0,0.046452288
train-clinvar+pg_dms__cnn__seed43,MLH1,P43246:440:L>H,1,0.9403421
train-clinvar+pg_dms__cnn__seed43,MLH1,P43246:440:L>G,0,0.9893489
train-clinvar+pg_dms__cnn__seed43,MLH1,P43246:440:L>E,1,0.9943731
train-clinvar+pg_dms__cnn__seed43,MLH1,P43246:440:L>S,0,0.92017746
train-clinvar+pg_dms__cnn__seed43,MLH1,P43246:440:L>N,1,0.9942544
train-clinvar+pg_dms__cnn__seed43,MLH1,P43246:440:L>Q,0,0.7983154
train-clinvar+pg_dms__cnn__seed43,MLH1,P43246:440:L>C,0,0.13246426
train-clinvar+pg_dms__cnn__seed43,MLH1,P43246:440:L>T,0,0.7460598
train-clinvar+pg_dms__cnn__seed43,MLH1,P43246:440:L>V,0,0.14754726
train-clinvar+pg_dms__cnn__seed43,MLH1,P43246:440:L>W,0,0.8161045
train-clinvar+pg_dms__cnn__seed43,MLH1,P43246:440:L>Y,0,0.83659047
train-clinvar+pg_dms__cnn__seed43,MLH1,P43246:440:L>M,0,0.17475641
train-clinvar+pg_dms__cnn__seed43,MLH1,P43246:440:L>A,0,0.517227
train-clinvar+pg_dms__cnn__seed43,MLH1,P43246:440:L>D,1,0.99775356
train-clinvar+pg_dms__cnn__seed43,MLH1,P43246:451:Q>N,0,0.040806763
train-clinvar+pg_dms__cnn__seed43,MLH1,P43246:451:Q>W,0,0.4036102
train-clinvar+pg_dms__cnn__seed43,MLH1,P43246:451:Q>V,1,0.019344361
train-clinvar+pg_dms__cnn__seed43,MLH1,P43246:451:Q>T,0,0.006076266
train-clinvar+pg_dms__cnn__seed43,MLH1,P43246:451:Q>S,0,0.013509017
train-clinvar+pg_dms__cnn__seed43,MLH1,P43246:451:Q>R,0,0.010790342
train-clinvar+pg_dms__cnn__seed43,MLH1,P43246:451:Q>P,0,0.9673962
train-clinvar+pg_dms__cnn__seed43,MLH1,P43246:451:Q>Y,0,0.030065889
train-clinvar+pg_dms__cnn__seed43,MLH1,P43246:451:Q>M,1,0.060066964
train-clinvar+pg_dms__cnn__seed43,MLH1,P43246:451:Q>I,1,0.008657398
train-clinvar+pg_dms__cnn__seed43,MLH1,P43246:451:Q>K,0,0.0069349427
train-clinvar+pg_dms__cnn__seed43,MLH1,P43246:451:Q>H,0,0.027081544
train-clinvar+pg_dms__cnn__seed43,MLH1,P43246:451:Q>G,0,0.03504778
train-clinvar+pg_dms__cnn__seed43,MLH1,P43246:451:Q>E,0,0.005540884
train-clinvar+pg_dms__cnn__seed43,MLH1,P43246:451:Q>D,0,0.3112227
train-clinvar+pg_dms__cnn__seed43,MLH1,P43246:451:Q>C,0,0.0072914204
train-clinvar+pg_dms__cnn__seed43,MLH1,P43246:451:Q>A,0,0.008666189
train-clinvar+pg_dms__cnn__seed43,MLH1,P43246:451:Q>L,0,0.007986895
train-clinvar+pg_dms__cnn__seed43,MLH1,P43246:452:E>V,0,0.01762775
train-clinvar+pg_dms__cnn__seed43,MLH1,P43246:452:E>P,0,0.36039242
train-clinvar+pg_dms__cnn__seed43,MLH1,P43246:452:E>T,0,0.041531026
train-clinvar+pg_dms__cnn__seed43,MLH1,P43246:452:E>S,0,0.00939165
train-clinvar+pg_dms__cnn__seed43,MLH1,P43246:452:E>R,0,0.0864126
train-clinvar+pg_dms__cnn__seed43,MLH1,P43246:452:E>Q,0,0.008954066
train-clinvar+pg_dms__cnn__seed43,MLH1,P43246:452:E>M,0,0.028117508
train-clinvar+pg_dms__cnn__seed43,MLH1,P43246:452:E>K,0,0.095292
train-clinvar+pg_dms__cnn__seed43,MLH1,P43246:452:E>I,0,0.02421781
train-clinvar+pg_dms__cnn__seed43,MLH1,P43246:452:E>H,0,0.15841834
train-clinvar+pg_dms__cnn__seed43,MLH1,P43246:452:E>G,0,0.007969056
train-clinvar+pg_dms__cnn__seed43,MLH1,P43246:452:E>D,0,0.019762538
train-clinvar+pg_dms__cnn__seed43,MLH1,P43246:452:E>C,0,0.009919167
train-clinvar+pg_dms__cnn__seed43,MLH1,P43246:452:E>A,0,0.009574635
train-clinvar+pg_dms__cnn__seed43,MLH1,P43246:452:E>W,0,0.5812467
train-clinvar+pg_dms__cnn__seed43,MLH1,P43246:452:E>L,0,0.032650836
train-clinvar+pg_dms__cnn__seed43,MLH1,P43246:452:E>Y,0,0.013335364
train-clinvar+pg_dms__cnn__seed43,MLH1,P43246:454:I>D,1,0.840274
train-clinvar+pg_dms__cnn__seed43,MLH1,P43246:454:I>E,1,0.9641759
train-clinvar+pg_dms__cnn__seed43,MLH1,P43246:454:I>A,0,0.1145997
train-clinvar+pg_dms__cnn__seed43,MLH1,P43246:454:I>G,1,0.9344039
train-clinvar+pg_dms__cnn__seed43,MLH1,P43246:454:I>V,0,0.04775105
train-clinvar+pg_dms__cnn__seed43,MLH1,P43246:454:I>K,1,0.889774
train-clinvar+pg_dms__cnn__seed43,MLH1,P43246:454:I>P,1,0.9728668
train-clinvar+pg_dms__cnn__seed43,MLH1,P43246:454:I>S,0,0.5003855
train-clinvar+pg_dms__cnn__seed43,MLH1,P43246:454:I>T,0,0.24123502
train-clinvar+pg_dms__cnn__seed43,MLH1,P43246:454:I>W,1,0.7126642
train-clinvar+pg_dms__cnn__seed43,MLH1,P43246:454:I>C,0,0.05654217
train-clinvar+pg_dms__cnn__seed43,MLH1,P43246:454:I>F,1,0.39469704
train-clinvar+pg_dms__cnn__seed43,MLH1,P43246:462:Q>R,0,0.10308717
train-clinvar+pg_dms__cnn__seed43,MLH1,P43246:462:Q>P,0,0.878222
train-clinvar+pg_dms__cnn__seed43,MLH1,P43246:462:Q>N,0,0.06007183
train-clinvar+pg_dms__cnn__seed43,MLH1,P43246:462:Q>M,0,0.43806934
train-clinvar+pg_dms__cnn__seed43,MLH1,P43246:462:Q>L,0,0.016293617
train-clinvar+pg_dms__cnn__seed43,MLH1,P43246:462:Q>K,0,0.06954865
train-clinvar+pg_dms__cnn__seed43,MLH1,P43246:462:Q>I,0,0.0809072
train-clinvar+pg_dms__cnn__seed43,MLH1,P43246:462:Q>D,0,0.5556253
train-clinvar+pg_dms__cnn__seed43,MLH1,P43246:462:Q>F,0,0.41707352
train-clinvar+pg_dms__cnn__seed43,MLH1,P43246:462:Q>E,0,0.07303146
train-clinvar+pg_dms__cnn__seed43,MLH1,P43246:462:Q>C,0,0.09205937
train-clinvar+pg_dms__cnn__seed43,MLH1,P43246:462:Q>A,0,0.057051152
train-clinvar+pg_dms__cnn__seed43,MLH1,P43246:462:Q>Y,0,0.24600725
train-clinvar+pg_dms__cnn__seed43,MLH1,P43246:462:Q>W,0,0.7732513
train-clinvar+pg_dms__cnn__seed43,MLH1,P43246:462:Q>V,0,0.28898007
train-clinvar+pg_dms__cnn__seed43,MLH1,P43246:462:Q>G,0,0.08031698
train-clinvar+pg_dms__cnn__seed43,MLH1,P43246:462:Q>S,0,0.06943872
train-clinvar+pg_dms__cnn__seed43,MLH1,P43246:462:Q>T,0,0.23957129
train-clinvar+pg_dms__cnn__seed43,MLH1,P43246:463:V>A,0,0.028710002
train-clinvar+pg_dms__cnn__seed43,MLH1,P43246:463:V>C,0,0.02327305
train-clinvar+pg_dms__cnn__seed43,MLH1,P43246:463:V>D,1,0.9121342
train-clinvar+pg_dms__cnn__seed43,MLH1,P43246:463:V>E,0,0.88077605
train-clinvar+pg_dms__cnn__seed43,MLH1,P43246:463:V>F,0,0.043080773
train-clinvar+pg_dms__cnn__seed43,MLH1,P43246:463:V>G,0,0.13744289
train-clinvar+pg_dms__cnn__seed43,MLH1,P43246:463:V>H,0,0.7626579
train-clinvar+pg_dms__cnn__seed43,MLH1,P43246:463:V>I,0,0.009532583
train-clinvar+pg_dms__cnn__seed43,MLH1,P43246:463:V>K,0,0.71986943
train-clinvar+pg_dms__cnn__seed43,MLH1,P43246:463:V>L,0,0.04501295
train-clinvar+pg_dms__cnn__seed43,MLH1,P43246:463:V>M,0,0.15753937
train-clinvar+pg_dms__cnn__seed43,MLH1,P43246:463:V>N,0,0.8378275
train-clinvar+pg_dms__cnn__seed43,MLH1,P43246:463:V>P,1,0.96886986
train-clinvar+pg_dms__cnn__seed43,MLH1,P43246:463:V>Q,0,0.5676611
train-clinvar+pg_dms__cnn__seed43,MLH1,P43246:463:V>R,0,0.9304775
train-clinvar+pg_dms__cnn__seed43,MLH1,P43246:463:V>S,0,0.30310673
train-clinvar+pg_dms__cnn__seed43,MLH1,P43246:463:V>Y,0,0.12259951
train-clinvar+pg_dms__cnn__seed43,MLH1,P43246:463:V>T,0,0.018895866
train-clinvar+pg_dms__cnn__seed43,MLH1,P43246:463:V>W,1,0.34968457
train-clinvar+pg_dms__cnn__seed43,MLH1,P43246:477:N>S,0,0.010864568
train-clinvar+pg_dms__cnn__seed43,MLH1,P43246:477:N>K,0,0.029231843
train-clinvar+pg_dms__cnn__seed43,MLH1,P43246:477:N>L,0,0.015591681
train-clinvar+pg_dms__cnn__seed43,MLH1,P43246:477:N>V,0,0.028327057
train-clinvar+pg_dms__cnn__seed43,MLH1,P43246:477:N>W,0,0.33115557
train-clinvar+pg_dms__cnn__seed43,MLH1,P43246:477:N>T,0,0.010062771
train-clinvar+pg_dms__cnn__seed43,MLH1,P43246:477:N>R,0,0.026006848
train-clinvar+pg_dms__cnn__seed43,MLH1,P43246:477:N>Q,0,0.011712279
train-clinvar+pg_dms__cnn__seed43,MLH1,P43246:477:N>P,0,0.38185453
train-clinvar+pg_dms__cnn__seed43,MLH1,P43246:477:N>M,1,0.052372526
train-clinvar+pg_dms__cnn__seed43,MLH1,P43246:477:N>Y,0,0.06808416
train-clinvar+pg_dms__cnn__seed43,MLH1,P43246:477:N>C,0,0.008895777
train-clinvar+pg_dms__cnn__seed43,MLH1,P43246:477:N>D,1,0.03787537
train-clinvar+pg_dms__cnn__seed43,MLH1,P43246:477:N>E,0,0.0262349
train-clinvar+pg_dms__cnn__seed43,MLH1,P43246:477:N>I,0,0.009933102
train-clinvar+pg_dms__cnn__seed43,MLH1,P43246:477:N>F,0,0.047779854
train-clinvar+pg_dms__cnn__seed43,MLH1,P43246:477:N>G,0,0.025036938
train-clinvar+pg_dms__cnn__seed43,MLH1,P43246:477:N>H,0,0.076791234
train-clinvar+pg_dms__cnn__seed43,MLH1,P43246:477:N>A,0,0.013944815
train-clinvar+pg_dms__cnn__seed43,MLH1,P43246:479:S>P,0,0.8390185
train-clinvar+pg_dms__cnn__seed43,MLH1,P43246:479:S>A,0,0.015479489
train-clinvar+pg_dms__cnn__seed43,MLH1,P43246:479:S>C,0,0.004284229
train-clinvar+pg_dms__cnn__seed43,MLH1,P43246:479:S>D,0,0.16185783
train-clinvar+pg_dms__cnn__seed43,MLH1,P43246:479:S>F,0,0.01752887
train-clinvar+pg_dms__cnn__seed43,MLH1,P43246:479:S>G,0,0.009484382
train-clinvar+pg_dms__cnn__seed43,MLH1,P43246:479:S>H,0,0.079251826
train-clinvar+pg_dms__cnn__seed43,MLH1,P43246:479:S>I,0,0.01843971
train-clinvar+pg_dms__cnn__seed43,MLH1,P43246:479:S>K,0,0.05197172
train-clinvar+pg_dms__cnn__seed43,MLH1,P43246:479:S>L,0,0.0077191507
train-clinvar+pg_dms__cnn__seed43,MLH1,P43246:479:S>M,0,0.04924881
train-clinvar+pg_dms__cnn__seed43,MLH1,P43246:479:S>Y,0,0.0235114
train-clinvar+pg_dms__cnn__seed43,MLH1,P43246:479:S>W,0,0.39199215
train-clinvar+pg_dms__cnn__seed43,MLH1,P43246:479:S>V,0,0.021392984
train-clinvar+pg_dms__cnn__seed43,MLH1,P43246:479:S>T,0,0.020487618
train-clinvar+pg_dms__cnn__seed43,MLH1,P43246:479:S>Q,0,0.018651461
train-clinvar+pg_dms__cnn__seed43,MLH1,P43246:482:R>Y,0,0.0728305
train-clinvar+pg_dms__cnn__seed43,MLH1,P43246:482:R>W,0,0.22425294
train-clinvar+pg_dms__cnn__seed43,MLH1,P43246:482:R>V,0,0.41811076
train-clinvar+pg_dms__cnn__seed43,MLH1,P43246:482:R>S,0,0.29282856
train-clinvar+pg_dms__cnn__seed43,MLH1,P43246:482:R>P,1,0.9733045
train-clinvar+pg_dms__cnn__seed43,MLH1,P43246:482:R>M,0,0.2037286
train-clinvar+pg_dms__cnn__seed43,MLH1,P43246:482:R>L,1,0.121278375
train-clinvar+pg_dms__cnn__seed43,MLH1,P43246:482:R>H,0,0.037297763
train-clinvar+pg_dms__cnn__seed43,MLH1,P43246:482:R>G,0,0.31129605
train-clinvar+pg_dms__cnn__seed43,MLH1,P43246:482:R>F,0,0.2444903
train-clinvar+pg_dms__cnn__seed43,MLH1,P43246:482:R>E,1,0.4368088
train-clinvar+pg_dms__cnn__seed43,MLH1,P43246:482:R>D,0,0.8072725
train-clinvar+pg_dms__cnn__seed43,MLH1,P43246:482:R>A,0,0.24248149
train-clinvar+pg_dms__cnn__seed43,MLH1,P43246:482:R>N,0,0.4054021
train-clinvar+pg_dms__cnn__seed43,MLH1,P43246:482:R>K,0,0.022912284
train-clinvar+pg_dms__cnn__seed43,MLH1,P43246:482:R>Q,0,0.012951422
train-clinvar+pg_dms__cnn__seed43,MLH1,P43246:488:L>F,0,0.013673159
train-clinvar+pg_dms__cnn__seed43,MLH1,P43246:488:L>G,0,0.06676268
train-clinvar+pg_dms__cnn__seed43,MLH1,P43246:488:L>H,0,0.11682594
train-clinvar+pg_dms__cnn__seed43,MLH1,P43246:488:L>I,0,0.00818013
train-clinvar+pg_dms__cnn__seed43,MLH1,P43246:488:L>K,0,0.041791413
train-clinvar+pg_dms__cnn__seed43,MLH1,P43246:488:L>M,0,0.029455183
train-clinvar+pg_dms__cnn__seed43,MLH1,P43246:488:L>P,1,0.99918467
train-clinvar+pg_dms__cnn__seed43,MLH1,P43246:488:L>Q,0,0.028442081
train-clinvar+pg_dms__cnn__seed43,MLH1,P43246:488:L>D,0,0.9779704
train-clinvar+pg_dms__cnn__seed43,MLH1,P43246:488:L>S,0,0.03500922
train-clinvar+pg_dms__cnn__seed43,MLH1,P43246:488:L>T,0,0.017956942
train-clinvar+pg_dms__cnn__seed43,MLH1,P43246:488:L>V,0,0.052353527
train-clinvar+pg_dms__cnn__seed43,MLH1,P43246:488:L>W,0,0.35543483
train-clinvar+pg_dms__cnn__seed43,MLH1,P43246:488:L>Y,0,0.015990566
train-clinvar+pg_dms__cnn__seed43,MLH1,P43246:488:L>N,0,0.02158495
train-clinvar+pg_dms__cnn__seed43,MLH1,P43246:488:L>R,0,0.028132731
train-clinvar+pg_dms__cnn__seed43,MLH1,P43246:488:L>E,0,0.09766714
train-clinvar+pg_dms__cnn__seed43,MLH1,P43246:488:L>C,0,0.0063438704
train-clinvar+pg_dms__cnn__seed43,MLH1,P43246:488:L>A,0,0.015674645
train-clinvar+pg_dms__cnn__seed43,MLH1,P43246:489:E>D,0,0.03364606
train-clinvar+pg_dms__cnn__seed43,MLH1,P43246:489:E>K,1,0.07784412
train-clinvar+pg_dms__cnn__seed43,MLH1,P43246:489:E>C,0,0.011502949
train-clinvar+pg_dms__cnn__seed43,MLH1,P43246:489:E>L,0,0.045276124
train-clinvar+pg_dms__cnn__seed43,MLH1,P43246:489:E>M,0,0.23959182
train-clinvar+pg_dms__cnn__seed43,MLH1,P43246:489:E>N,0,0.013865076
train-clinvar+pg_dms__cnn__seed43,MLH1,P43246:489:E>P,0,0.9519655
train-clinvar+pg_dms__cnn__seed43,MLH1,P43246:489:E>Q,0,0.0015568844
train-clinvar+pg_dms__cnn__seed43,MLH1,P43246:489:E>R,0,0.036321685
train-clinvar+pg_dms__cnn__seed43,MLH1,P43246:489:E>S,0,0.011356236
train-clinvar+pg_dms__cnn__seed43,MLH1,P43246:489:E>T,0,0.024563523
train-clinvar+pg_dms__cnn__seed43,MLH1,P43246:489:E>V,0,0.027233077
train-clinvar+pg_dms__cnn__seed43,MLH1,P43246:489:E>W,0,0.56597817
train-clinvar+pg_dms__cnn__seed43,MLH1,P43246:489:E>Y,0,0.11120708
train-clinvar+pg_dms__cnn__seed43,MLH1,P43246:489:E>A,0,0.009051845
train-clinvar+pg_dms__cnn__seed43,MLH1,P43246:489:E>G,0,0.010109742
train-clinvar+pg_dms__cnn__seed43,MLH1,P43246:489:E>F,0,0.098893136
train-clinvar+pg_dms__cnn__seed43,MLH1,P43246:489:E>I,0,0.08602691
train-clinvar+pg_dms__cnn__seed43,MLH1,P43246:489:E>H,0,0.03683359
train-clinvar+pg_dms__cnn__seed43,MLH1,P43246:491:K>N,0,0.020508833
train-clinvar+pg_dms__cnn__seed43,MLH1,P43246:491:K>Q,0,0.002081131
train-clinvar+pg_dms__cnn__seed43,MLH1,P43246:491:K>P,1,0.8550791
train-clinvar+pg_dms__cnn__seed43,MLH1,P43246:491:K>M,0,0.0061878385
train-clinvar+pg_dms__cnn__seed43,MLH1,P43246:491:K>L,0,0.0062440876
train-clinvar+pg_dms__cnn__seed43,MLH1,P43246:491:K>I,0,0.0073416242
train-clinvar+pg_dms__cnn__seed43,MLH1,P43246:491:K>R,0,0.005456681
train-clinvar+pg_dms__cnn__seed43,MLH1,P43246:491:K>S,0,0.0018897589
train-clinvar+pg_dms__cnn__seed43,MLH1,P43246:491:K>V,0,0.005316165
train-clinvar+pg_dms__cnn__seed43,MLH1,P43246:491:K>T,0,0.008572041
train-clinvar+pg_dms__cnn__seed43,MLH1,P43246:491:K>Y,0,0.01838628
train-clinvar+pg_dms__cnn__seed43,MLH1,P43246:491:K>A,0,0.0048492025
train-clinvar+pg_dms__cnn__seed43,MLH1,P43246:491:K>W,0,0.53641456
train-clinvar+pg_dms__cnn__seed43,MLH1,P43246:491:K>D,0,0.012946399
train-clinvar+pg_dms__cnn__seed43,MLH1,P43246:491:K>E,0,0.016391635
train-clinvar+pg_dms__cnn__seed43,MLH1,P43246:491:K>C,0,0.0060899523
train-clinvar+pg_dms__cnn__seed43,MLH1,P43246:491:K>G,0,0.006683043
train-clinvar+pg_dms__cnn__seed43,MLH1,P43246:491:K>H,0,0.03807723
train-clinvar+pg_dms__cnn__seed43,MLH1,P43246:491:K>F,0,0.041080344
train-clinvar+pg_dms__cnn__seed43,MLH1,P43246:492:M>W,1,0.95094585
train-clinvar+pg_dms__cnn__seed43,MLH1,P43246:492:M>V,0,0.0064240294
train-clinvar+pg_dms__cnn__seed43,MLH1,P43246:492:M>T,0,0.24388273
train-clinvar+pg_dms__cnn__seed43,MLH1,P43246:492:M>P,1,0.9981573
train-clinvar+pg_dms__cnn__seed43,MLH1,P43246:492:M>S,0,0.515836
train-clinvar+pg_dms__cnn__seed43,MLH1,P43246:492:M>R,0,0.97504187
train-clinvar+pg_dms__cnn__seed43,MLH1,P43246:492:M>Q,0,0.37064093
train-clinvar+pg_dms__cnn__seed43,MLH1,P43246:492:M>N,1,0.9056953
train-clinvar+pg_dms__cnn__seed43,MLH1,P43246:492:M>D,1,0.97936845
train-clinvar+pg_dms__cnn__seed43,MLH1,P43246:492:M>K,0,0.86588025
train-clinvar+pg_dms__cnn__seed43,MLH1,P43246:492:M>I,0,0.009847666
train-clinvar+pg_dms__cnn__seed43,MLH1,P43246:492:M>G,0,0.88426536
train-clinvar+pg_dms__cnn__seed43,MLH1,P43246:492:M>F,0,0.2214271
train-clinvar+pg_dms__cnn__seed43,MLH1,P43246:492:M>E,1,0.91074204
train-clinvar+pg_dms__cnn__seed43,MLH1,P43246:492:M>C,0,0.010403351
train-clinvar+pg_dms__cnn__seed43,MLH1,P43246:492:M>A,0,0.10525833
train-clinvar+pg_dms__cnn__seed43,MLH1,P43246:492:M>Y,0,0.7455985
train-clinvar+pg_dms__cnn__seed43,MLH1,P43246:492:M>L,0,0.01255178
train-clinvar+pg_dms__cnn__seed43,MLH1,P43246:499:A>W,1,0.982103
train-clinvar+pg_dms__cnn__seed43,MLH1,P43246:499:A>H,1,0.9966413
train-clinvar+pg_dms__cnn__seed43,MLH1,P43246:499:A>G,0,0.010933744
train-clinvar+pg_dms__cnn__seed43,MLH1,P43246:499:A>Y,0,0.82749885
train-clinvar+pg_dms__cnn__seed43,MLH1,P43246:499:A>F,1,0.75771075
train-clinvar+pg_dms__cnn__seed43,MLH1,P43246:499:A>E,0,0.99650156
train-clinvar+pg_dms__cnn__seed43,MLH1,P43246:499:A>C,0,0.017828763
train-clinvar+pg_dms__cnn__seed43,MLH1,P43246:499:A>I,0,0.016754426
train-clinvar+pg_dms__cnn__seed43,MLH1,P43246:499:A>L,1,0.064423874
train-clinvar+pg_dms__cnn__seed43,MLH1,P43246:499:A>N,1,0.52465326
train-clinvar+pg_dms__cnn__seed43,MLH1,P43246:499:A>Q,0,0.9622458
train-clinvar+pg_dms__cnn__seed43,MLH1,P43246:499:A>R,1,0.9997229
train-clinvar+pg_dms__cnn__seed43,MLH1,P43246:499:A>V,0,0.027412424
train-clinvar+pg_dms__cnn__seed43,MLH1,P43246:499:A>M,0,0.055224735
train-clinvar+pg_dms__cnn__seed43,MLH1,P43246:499:A>K,1,0.99911827
train-clinvar+pg_dms__cnn__seed43,MLH1,P43246:500:A>T,0,0.318294
train-clinvar+pg_dms__cnn__seed43,MLH1,P43246:500:A>N,0,0.9880056
train-clinvar+pg_dms__cnn__seed43,MLH1,P43246:500:A>S,0,0.0028847791
train-clinvar+pg_dms__cnn__seed43,MLH1,P43246:500:A>W,1,0.9969869
train-clinvar+pg_dms__cnn__seed43,MLH1,P43246:500:A>Y,0,0.9993543
train-clinvar+pg_dms__cnn__seed43,MLH1,P43246:500:A>P,1,0.99985266
train-clinvar+pg_dms__cnn__seed43,MLH1,P43246:500:A>Q,0,0.97231156
train-clinvar+pg_dms__cnn__seed43,MLH1,P43246:500:A>R,0,0.99970275
train-clinvar+pg_dms__cnn__seed43,MLH1,P43246:500:A>L,1,0.9713309
train-clinvar+pg_dms__cnn__seed43,MLH1,P43246:500:A>C,0,0.11585282
train-clinvar+pg_dms__cnn__seed43,MLH1,P43246:500:A>D,1,0.99868876
train-clinvar+pg_dms__cnn__seed43,MLH1,P43246:500:A>E,0,0.99778086
train-clinvar+pg_dms__cnn__seed43,MLH1,P43246:500:A>G,0,0.006117972
train-clinvar+pg_dms__cnn__seed43,MLH1,P43246:500:A>H,0,0.99745554
train-clinvar+pg_dms__cnn__seed43,MLH1,P43246:500:A>M,0,0.9635385
train-clinvar+pg_dms__cnn__seed43,MLH1,P43246:500:A>I,0,0.9533831
train-clinvar+pg_dms__cnn__seed43,MLH1,P43246:505:L>P,1,0.9993957
train-clinvar+pg_dms__cnn__seed43,MLH1,P43246:505:L>Q,0,0.07965104
train-clinvar+pg_dms__cnn__seed43,MLH1,P43246:505:L>C,0,0.025145544
train-clinvar+pg_dms__cnn__seed43,MLH1,P43246:505:L>D,1,0.99928325
train-clinvar+pg_dms__cnn__seed43,MLH1,P43246:505:L>E,1,0.9951886
train-clinvar+pg_dms__cnn__seed43,MLH1,P43246:505:L>F,0,0.01810784
train-clinvar+pg_dms__cnn__seed43,MLH1,P43246:505:L>G,0,0.967138
train-clinvar+pg_dms__cnn__seed43,MLH1,P43246:505:L>H,0,0.93491197
train-clinvar+pg_dms__cnn__seed43,MLH1,P43246:505:L>I,0,0.009061894
train-clinvar+pg_dms__cnn__seed43,MLH1,P43246:505:L>K,0,0.95664155
train-clinvar+pg_dms__cnn__seed43,MLH1,P43246:505:L>M,0,0.02488725
train-clinvar+pg_dms__cnn__seed43,MLH1,P43246:505:L>V,0,0.007060411
train-clinvar+pg_dms__cnn__seed43,MLH1,P43246:505:L>T,0,0.16867624
train-clinvar+pg_dms__cnn__seed43,MLH1,P43246:505:L>S,0,0.8443711
train-clinvar+pg_dms__cnn__seed43,MLH1,P43246:505:L>R,0,0.99385285
train-clinvar+pg_dms__cnn__seed43,MLH1,P43246:505:L>A,0,0.16632366
train-clinvar+pg_dms__cnn__seed43,MLH1,P43246:505:L>Y,0,0.31248853
train-clinvar+pg_dms__cnn__seed43,MLH1,P43246:507:P>A,0,0.008568763
train-clinvar+pg_dms__cnn__seed43,MLH1,P43246:507:P>W,0,0.55726683
train-clinvar+pg_dms__cnn__seed43,MLH1,P43246:507:P>V,0,0.016404472
train-clinvar+pg_dms__cnn__seed43,MLH1,P43246:507:P>C,0,0.017075054
train-clinvar+pg_dms__cnn__seed43,MLH1,P43246:507:P>R,0,0.07747344
train-clinvar+pg_dms__cnn__seed43,MLH1,P43246:507:P>Y,0,0.04091303
train-clinvar+pg_dms__cnn__seed43,MLH1,P43246:507:P>Q,0,0.021878563
train-clinvar+pg_dms__cnn__seed43,MLH1,P43246:507:P>N,0,0.022848066
train-clinvar+pg_dms__cnn__seed43,MLH1,P43246:507:P>M,0,0.0959253
train-clinvar+pg_dms__cnn__seed43,MLH1,P43246:507:P>L,0,0.015352252
train-clinvar+pg_dms__cnn__seed43,MLH1,P43246:507:P>K,0,0.048541423
train-clinvar+pg_dms__cnn__seed43,MLH1,P43246:507:P>I,0,0.014988177
train-clinvar+pg_dms__cnn__seed43,MLH1,P43246:507:P>H,0,0.026081007
train-clinvar+pg_dms__cnn__seed43,MLH1,P43246:507:P>G,0,0.0363737
train-clinvar+pg_dms__cnn__seed43,MLH1,P43246:507:P>F,0,0.03146507
train-clinvar+pg_dms__cnn__seed43,MLH1,P43246:507:P>E,0,0.022945594
train-clinvar+pg_dms__cnn__seed43,MLH1,P43246:507:P>D,0,0.18861747
train-clinvar+pg_dms__cnn__seed43,MLH1,P43246:507:P>S,0,0.00973729
train-clinvar+pg_dms__cnn__seed43,MLH1,P43246:508:G>I,0,0.33428478
train-clinvar+pg_dms__cnn__seed43,MLH1,P43246:508:G>H,0,0.32764798
train-clinvar+pg_dms__cnn__seed43,MLH1,P43246:508:G>E,0,0.30796498
train-clinvar+pg_dms__cnn__seed43,MLH1,P43246:508:G>W,1,0.30296552
train-clinvar+pg_dms__cnn__seed43,MLH1,P43246:508:G>V,0,0.10997797
train-clinvar+pg_dms__cnn__seed43,MLH1,P43246:508:G>T,0,0.04547423
train-clinvar+pg_dms__cnn__seed43,MLH1,P43246:508:G>S,0,0.052568153
train-clinvar+pg_dms__cnn__seed43,MLH1,P43246:508:G>R,0,0.6286506
train-clinvar+pg_dms__cnn__seed43,MLH1,P43246:508:G>Q,0,0.053183705
train-clinvar+pg_dms__cnn__seed43,MLH1,P43246:508:G>P,0,0.97439235
train-clinvar+pg_dms__cnn__seed43,MLH1,P43246:508:G>N,0,0.055863958
train-clinvar+pg_dms__cnn__seed43,MLH1,P43246:508:G>L,0,0.31805325
train-clinvar+pg_dms__cnn__seed43,MLH1,P43246:508:G>K,0,0.69547284
train-clinvar+pg_dms__cnn__seed43,MLH1,P43246:508:G>C,0,0.04215072
train-clinvar+pg_dms__cnn__seed43,MLH1,P43246:508:G>Y,0,0.47545972
train-clinvar+pg_dms__cnn__seed43,MLH1,P43246:508:G>F,0,0.58205944
train-clinvar+pg_dms__cnn__seed43,MLH1,P43246:512:K>L,0,0.8746142
train-clinvar+pg_dms__cnn__seed43,MLH1,P43246:512:K>R,0,0.0056969463
train-clinvar+pg_dms__cnn__seed43,MLH1,P43246:512:K>Q,0,0.48820364
train-clinvar+pg_dms__cnn__seed43,MLH1,P43246:512:K>P,1,0.9736125
train-clinvar+pg_dms__cnn__seed43,MLH1,P43246:512:K>M,0,0.95149714
train-clinvar+pg_dms__cnn__seed43,MLH1,P43246:512:K>I,0,0.8816425
train-clinvar+pg_dms__cnn__seed43,MLH1,P43246:512:K>H,0,0.14116001
train-clinvar+pg_dms__cnn__seed43,MLH1,P43246:512:K>G,1,0.9715082
train-clinvar+pg_dms__cnn__seed43,MLH1,P43246:512:K>F,0,0.31676328
train-clinvar+pg_dms__cnn__seed43,MLH1,P43246:512:K>E,1,0.95071346
train-clinvar+pg_dms__cnn__seed43,MLH1,P43246:512:K>T,0,0.6417023
train-clinvar+pg_dms__cnn__seed43,MLH1,P43246:512:K>S,0,0.79042774
train-clinvar+pg_dms__cnn__seed43,MLH1,P43246:512:K>A,0,0.5348131
train-clinvar+pg_dms__cnn__seed43,MLH1,P43246:512:K>Y,0,0.5439801
train-clinvar+pg_dms__cnn__seed43,MLH1,P43246:512:K>W,0,0.903345
train-clinvar+pg_dms__cnn__seed43,MLH1,P43246:512:K>V,0,0.9379785
train-clinvar+pg_dms__cnn__seed43,MLH1,P43246:527:C>W,0,0.7121849
train-clinvar+pg_dms__cnn__seed43,MLH1,P43246:527:C>S,0,0.26078153
train-clinvar+pg_dms__cnn__seed43,MLH1,P43246:527:C>A,0,0.110580705
train-clinvar+pg_dms__cnn__seed43,MLH1,P43246:527:C>E,1,0.36593682
train-clinvar+pg_dms__cnn__seed43,MLH1,P43246:527:C>G,0,0.018687328
train-clinvar+pg_dms__cnn__seed43,MLH1,P43246:527:C>H,0,0.12062926
train-clinvar+pg_dms__cnn__seed43,MLH1,P43246:527:C>I,0,0.0430237
train-clinvar+pg_dms__cnn__seed43,MLH1,P43246:527:C>K,0,0.27787808
train-clinvar+pg_dms__cnn__seed43,MLH1,P43246:527:C>L,0,0.029198742
train-clinvar+pg_dms__cnn__seed43,MLH1,P43246:527:C>D,1,0.6612425
train-clinvar+pg_dms__cnn__seed43,MLH1,P43246:527:C>M,0,0.32210848
train-clinvar+pg_dms__cnn__seed43,MLH1,P43246:527:C>P,0,0.91901195
train-clinvar+pg_dms__cnn__seed43,MLH1,P43246:527:C>Q,0,0.04059223
train-clinvar+pg_dms__cnn__seed43,MLH1,P43246:527:C>R,0,0.35443318
train-clinvar+pg_dms__cnn__seed43,MLH1,P43246:527:C>T,0,0.29519662
train-clinvar+pg_dms__cnn__seed43,MLH1,P43246:527:C>V,0,0.32606852
train-clinvar+pg_dms__cnn__seed43,MLH1,P43246:527:C>N,0,0.04076531
train-clinvar+pg_dms__cnn__seed43,MLH1,P43246:527:C>F,0,0.09875143
train-clinvar+pg_dms__cnn__seed43,MLH1,P43246:534:R>D,1,0.6352107
train-clinvar+pg_dms__cnn__seed43,MLH1,P43246:534:R>Q,1,0.119548835
train-clinvar+pg_dms__cnn__seed43,MLH1,P43246:534:R>E,1,0.51914746
train-clinvar+pg_dms__cnn__seed43,MLH1,P43246:534:R>G,1,0.64184135
train-clinvar+pg_dms__cnn__seed43,MLH1,P43246:534:R>H,0,0.4182391
train-clinvar+pg_dms__cnn__seed43,MLH1,P43246:534:R>I,1,0.5189416
train-clinvar+pg_dms__cnn__seed43,MLH1,P43246:534:R>L,1,0.5141861
train-clinvar+pg_dms__cnn__seed43,MLH1,P43246:534:R>M,1,0.46923804
train-clinvar+pg_dms__cnn__seed43,MLH1,P43246:534:R>Y,1,0.31590465
train-clinvar+pg_dms__cnn__seed43,MLH1,P43246:534:R>W,0,0.5229801
train-clinvar+pg_dms__cnn__seed43,MLH1,P43246:534:R>V,1,0.5826952
train-clinvar+pg_dms__cnn__seed43,MLH1,P43246:534:R>T,1,0.44169167
train-clinvar+pg_dms__cnn__seed43,MLH1,P43246:534:R>S,1,0.25664142
train-clinvar+pg_dms__cnn__seed43,MLH1,P43246:534:R>A,1,0.4845121
train-clinvar+pg_dms__cnn__seed43,MLH1,P43246:534:R>N,0,0.32560483
train-clinvar+pg_dms__cnn__seed43,MLH1,P43246:546:K>I,1,0.093547605
train-clinvar+pg_dms__cnn__seed43,MLH1,P43246:546:K>A,0,0.070743
train-clinvar+pg_dms__cnn__seed43,MLH1,P43246:546:K>Y,0,0.033370662
train-clinvar+pg_dms__cnn__seed43,MLH1,P43246:546:K>W,1,0.515226
train-clinvar+pg_dms__cnn__seed43,MLH1,P43246:546:K>V,0,0.0912387
train-clinvar+pg_dms__cnn__seed43,MLH1,P43246:546:K>T,0,0.06809712
train-clinvar+pg_dms__cnn__seed43,MLH1,P43246:546:K>S,0,0.04631476
train-clinvar+pg_dms__cnn__seed43,MLH1,P43246:546:K>Q,0,0.17154212
train-clinvar+pg_dms__cnn__seed43,MLH1,P43246:546:K>P,1,0.679435
train-clinvar+pg_dms__cnn__seed43,MLH1,P43246:546:K>N,0,0.2334167
train-clinvar+pg_dms__cnn__seed43,MLH1,P43246:546:K>M,0,0.117602356
train-clinvar+pg_dms__cnn__seed43,MLH1,P43246:546:K>L,0,0.0775414
train-clinvar+pg_dms__cnn__seed43,MLH1,P43246:546:K>H,0,0.23656201
train-clinvar+pg_dms__cnn__seed43,MLH1,P43246:546:K>G,0,0.132071
train-clinvar+pg_dms__cnn__seed43,MLH1,P43246:546:K>C,0,0.037552774
train-clinvar+pg_dms__cnn__seed43,MLH1,P43246:546:K>E,1,0.29620564
train-clinvar+pg_dms__cnn__seed43,MLH1,P43246:546:K>D,1,0.32048395
train-clinvar+pg_dms__cnn__seed43,MLH1,P43246:551:F>P,1,0.9997433
train-clinvar+pg_dms__cnn__seed43,MLH1,P43246:551:F>N,1,0.9662611
train-clinvar+pg_dms__cnn__seed43,MLH1,P43246:551:F>Y,1,0.51248664
train-clinvar+pg_dms__cnn__seed43,MLH1,P43246:551:F>W,1,0.99575055
train-clinvar+pg_dms__cnn__seed43,MLH1,P43246:551:F>V,0,0.9783971
train-clinvar+pg_dms__cnn__seed43,MLH1,P43246:551:F>T,0,0.9873416
train-clinvar+pg_dms__cnn__seed43,MLH1,P43246:551:F>S,0,0.94987744
train-clinvar+pg_dms__cnn__seed43,MLH1,P43246:551:F>C,0,0.9449984
train-clinvar+pg_dms__cnn__seed43,MLH1,P43246:551:F>D,1,0.9937034
train-clinvar+pg_dms__cnn__seed43,MLH1,P43246:551:F>E,1,0.9893366
train-clinvar+pg_dms__cnn__seed43,MLH1,P43246:551:F>G,0,0.99369544
train-clinvar+pg_dms__cnn__seed43,MLH1,P43246:551:F>H,1,0.98701954
train-clinvar+pg_dms__cnn__seed43,MLH1,P43246:551:F>M,0,0.99553645
train-clinvar+pg_dms__cnn__seed43,MLH1,P43246:551:F>I,0,0.9736587
train-clinvar+pg_dms__cnn__seed43,MLH1,P43246:551:F>A,0,0.9840327
train-clinvar+pg_dms__cnn__seed43,MLH1,P43246:551:F>R,1,0.9993211
train-clinvar+pg_dms__cnn__seed43,MLH1,P43246:551:F>Q,1,0.9658709
train-clinvar+pg_dms__cnn__seed43,MLH1,P43246:554:S>L,0,0.098622724
train-clinvar+pg_dms__cnn__seed43,MLH1,P43246:554:S>M,0,0.21588546
train-clinvar+pg_dms__cnn__seed43,MLH1,P43246:554:S>P,0,0.2603884
train-clinvar+pg_dms__cnn__seed43,MLH1,P43246:554:S>W,0,0.3626524
train-clinvar+pg_dms__cnn__seed43,MLH1,P43246:554:S>V,0,0.13192712
train-clinvar+pg_dms__cnn__seed43,MLH1,P43246:554:S>K,0,0.22653168
train-clinvar+pg_dms__cnn__seed43,MLH1,P43246:554:S>Y,0,0.17871073
train-clinvar+pg_dms__cnn__seed43,MLH1,P43246:554:S>R,0,0.46801922
train-clinvar+pg_dms__cnn__seed43,MLH1,P43246:554:S>I,0,0.08033525
train-clinvar+pg_dms__cnn__seed43,MLH1,P43246:554:S>Q,0,0.12519899
train-clinvar+pg_dms__cnn__seed43,MLH1,P43246:554:S>F,0,0.20332672
train-clinvar+pg_dms__cnn__seed43,MLH1,P43246:554:S>E,0,0.20015612
train-clinvar+pg_dms__cnn__seed43,MLH1,P43246:554:S>D,0,0.30426624
train-clinvar+pg_dms__cnn__seed43,MLH1,P43246:554:S>A,0,0.08405948
train-clinvar+pg_dms__cnn__seed43,MLH1,P43246:554:S>H,0,0.20992023
train-clinvar+pg_dms__cnn__seed43,MLH1,P43246:558:S>V,0,0.017915776
train-clinvar+pg_dms__cnn__seed43,MLH1,P43246:558:S>W,0,0.14366129
train-clinvar+pg_dms__cnn__seed43,MLH1,P43246:558:S>A,0,0.013545956
train-clinvar+pg_dms__cnn__seed43,MLH1,P43246:558:S>C,0,0.0061009703
train-clinvar+pg_dms__cnn__seed43,MLH1,P43246:558:S>D,0,0.075019546
train-clinvar+pg_dms__cnn__seed43,MLH1,P43246:558:S>Y,0,0.12612227
train-clinvar+pg_dms__cnn__seed43,MLH1,P43246:558:S>E,0,0.037087403
train-clinvar+pg_dms__cnn__seed43,MLH1,P43246:558:S>F,0,0.099338904
train-clinvar+pg_dms__cnn__seed43,MLH1,P43246:558:S>G,0,0.014454406
train-clinvar+pg_dms__cnn__seed43,MLH1,P43246:558:S>I,0,0.01700667
train-clinvar+pg_dms__cnn__seed43,MLH1,P43246:558:S>H,0,0.049775388
train-clinvar+pg_dms__cnn__seed43,MLH1,P43246:558:S>L,0,0.012969079
train-clinvar+pg_dms__cnn__seed43,MLH1,P43246:558:S>Q,0,0.016315253
train-clinvar+pg_dms__cnn__seed43,MLH1,P43246:558:S>K,0,0.05754234
train-clinvar+pg_dms__cnn__seed43,MLH1,P43246:558:S>P,0,0.9406329
train-clinvar+pg_dms__cnn__seed43,MLH1,P43246:558:S>R,0,0.09340301
train-clinvar+pg_dms__cnn__seed43,MLH1,P43246:558:S>T,0,0.12477964
train-clinvar+pg_dms__cnn__seed43,MLH1,P43246:558:S>M,0,0.1722925
train-clinvar+pg_dms__cnn__seed43,MLH1,P43246:558:S>N,0,0.019203529
train-clinvar+pg_dms__cnn__seed43,MLH1,P43246:559:L>E,0,0.41984445
train-clinvar+pg_dms__cnn__seed43,MLH1,P43246:559:L>W,0,0.34166417
train-clinvar+pg_dms__cnn__seed43,MLH1,P43246:559:L>V,0,0.034628782
train-clinvar+pg_dms__cnn__seed43,MLH1,P43246:559:L>T,0,0.30664936
train-clinvar+pg_dms__cnn__seed43,MLH1,P43246:559:L>S,0,0.1843882
train-clinvar+pg_dms__cnn__seed43,MLH1,P43246:559:L>A,0,0.1151271
train-clinvar+pg_dms__cnn__seed43,MLH1,P43246:559:L>D,0,0.97734886
train-clinvar+pg_dms__cnn__seed43,MLH1,P43246:559:L>R,0,0.06537604
train-clinvar+pg_dms__cnn__seed43,MLH1,P43246:559:L>P,1,0.9972926
train-clinvar+pg_dms__cnn__seed43,MLH1,P43246:559:L>C,0,0.01966914
train-clinvar+pg_dms__cnn__seed43,MLH1,P43246:559:L>M,0,0.09395168
train-clinvar+pg_dms__cnn__seed43,MLH1,P43246:559:L>I,1,0.06981521
train-clinvar+pg_dms__cnn__seed43,MLH1,P43246:559:L>H,0,0.12870568
train-clinvar+pg_dms__cnn__seed43,MLH1,P43246:559:L>G,0,0.42867923
train-clinvar+pg_dms__cnn__seed43,MLH1,P43246:559:L>F,0,0.10625016
train-clinvar+pg_dms__cnn__seed43,MLH1,P43246:559:L>Q,0,0.022611884
train-clinvar+pg_dms__cnn__seed43,MLH1,P43246:559:L>N,0,0.028611768
train-clinvar+pg_dms__cnn__seed43,MLH1,P43246:564:T>S,0,0.007165308
train-clinvar+pg_dms__cnn__seed43,MLH1,P43246:564:T>R,0,0.01913877
train-clinvar+pg_dms__cnn__seed43,MLH1,P43246:564:T>Q,0,0.0025715125
train-clinvar+pg_dms__cnn__seed43,MLH1,P43246:564:T>P,1,0.9700108
train-clinvar+pg_dms__cnn__seed43,MLH1,P43246:564:T>M,0,0.019145789
train-clinvar+pg_dms__cnn__seed43,MLH1,P43246:564:T>L,0,0.0042149974
train-clinvar+pg_dms__cnn__seed43,MLH1,P43246:564:T>I,0,0.0063612796
train-clinvar+pg_dms__cnn__seed43,MLH1,P43246:564:T>F,0,0.006260607
train-clinvar+pg_dms__cnn__seed43,MLH1,P43246:564:T>G,0,0.01629436
train-clinvar+pg_dms__cnn__seed43,MLH1,P43246:564:T>E,0,0.0147814425
train-clinvar+pg_dms__cnn__seed43,MLH1,P43246:564:T>D,0,0.045124892
train-clinvar+pg_dms__cnn__seed43,MLH1,P43246:564:T>Y,0,0.013367795
train-clinvar+pg_dms__cnn__seed43,MLH1,P43246:564:T>W,0,0.27137426
train-clinvar+pg_dms__cnn__seed43,MLH1,P43246:564:T>H,0,0.022835884
train-clinvar+pg_dms__cnn__seed43,MLH1,P43246:564:T>V,0,0.007631358
train-clinvar+pg_dms__cnn__seed43,MLH1,P43246:564:T>N,0,0.018801956
train-clinvar+pg_dms__cnn__seed43,MLH1,P43246:569:E>P,1,0.99910694
train-clinvar+pg_dms__cnn__seed43,MLH1,P43246:569:E>Q,0,0.010466573
train-clinvar+pg_dms__cnn__seed43,MLH1,P43246:569:E>N,0,0.013649534
train-clinvar+pg_dms__cnn__seed43,MLH1,P43246:569:E>I,0,0.026661847
train-clinvar+pg_dms__cnn__seed43,MLH1,P43246:569:E>H,0,0.19253485
train-clinvar+pg_dms__cnn__seed43,MLH1,P43246:569:E>R,0,0.08142446
train-clinvar+pg_dms__cnn__seed43,MLH1,P43246:569:E>S,0,0.014597271
train-clinvar+pg_dms__cnn__seed43,MLH1,P43246:569:E>G,0,0.09334833
train-clinvar+pg_dms__cnn__seed43,MLH1,P43246:569:E>T,0,0.07686976
train-clinvar+pg_dms__cnn__seed43,MLH1,P43246:569:E>V,0,0.018157676
train-clinvar+pg_dms__cnn__seed43,MLH1,P43246:569:E>W,0,0.9687873
train-clinvar+pg_dms__cnn__seed43,MLH1,P43246:569:E>Y,0,0.45760012
train-clinvar+pg_dms__cnn__seed43,MLH1,P43246:569:E>F,0,0.43373066
train-clinvar+pg_dms__cnn__seed43,MLH1,P43246:569:E>D,0,0.03613808
train-clinvar+pg_dms__cnn__seed43,MLH1,P43246:569:E>C,0,0.108722895
train-clinvar+pg_dms__cnn__seed43,MLH1,P43246:569:E>A,0,0.008252215
train-clinvar+pg_dms__cnn__seed43,MLH1,P43246:569:E>M,0,0.5572011
train-clinvar+pg_dms__cnn__seed43,MLH1,P43246:569:E>L,0,0.021888958
train-clinvar+pg_dms__cnn__seed43,MLH1,P43246:588:Y>A,0,0.53928864
train-clinvar+pg_dms__cnn__seed43,MLH1,P43246:588:Y>V,0,0.38234952
train-clinvar+pg_dms__cnn__seed43,MLH1,P43246:588:Y>P,1,0.96401477
train-clinvar+pg_dms__cnn__seed43,MLH1,P43246:588:Y>Q,0,0.4239292
train-clinvar+pg_dms__cnn__seed43,MLH1,P43246:588:Y>S,0,0.66394794
train-clinvar+pg_dms__cnn__seed43,MLH1,P43246:588:Y>R,0,0.8767345
train-clinvar+pg_dms__cnn__seed43,MLH1,P43246:588:Y>I,1,0.5343696
train-clinvar+pg_dms__cnn__seed43,MLH1,P43246:588:Y>G,0,0.63335055
train-clinvar+pg_dms__cnn__seed43,MLH1,P43246:588:Y>T,0,0.78783506
train-clinvar+pg_dms__cnn__seed43,MLH1,P43246:588:Y>E,0,0.8031831
train-clinvar+pg_dms__cnn__seed43,MLH1,P43246:588:Y>D,0,0.8912956
train-clinvar+pg_dms__cnn__seed43,MLH1,P43246:588:Y>C,0,0.12697837
train-clinvar+pg_dms__cnn__seed43,MLH1,P43246:588:Y>K,0,0.64819795
train-clinvar+pg_dms__cnn__seed43,MLH1,P43246:588:Y>F,0,0.013708341
train-clinvar+pg_dms__cnn__seed43,MLH1,P43246:588:Y>N,0,0.48308307
train-clinvar+pg_dms__cnn__seed43,MLH1,P43246:588:Y>W,0,0.6660694
train-clinvar+pg_dms__cnn__seed43,MLH1,P43246:588:Y>M,0,0.7854627
train-clinvar+pg_dms__cnn__seed43,MLH1,P43246:588:Y>L,0,0.35020524
train-clinvar+pg_dms__cnn__seed43,MLH1,P43246:596:N>Q,0,0.055466775
train-clinvar+pg_dms__cnn__seed43,MLH1,P43246:596:N>V,0,0.111723475
train-clinvar+pg_dms__cnn__seed43,MLH1,P43246:596:N>P,0,0.9647127
train-clinvar+pg_dms__cnn__seed43,MLH1,P43246:596:N>T,0,0.09274438
train-clinvar+pg_dms__cnn__seed43,MLH1,P43246:596:N>S,0,0.028633961
train-clinvar+pg_dms__cnn__seed43,MLH1,P43246:596:N>W,0,0.8443388
train-clinvar+pg_dms__cnn__seed43,MLH1,P43246:596:N>A,0,0.031893082
train-clinvar+pg_dms__cnn__seed43,MLH1,P43246:596:N>C,0,0.027577193
train-clinvar+pg_dms__cnn__seed43,MLH1,P43246:596:N>D,0,0.05769225
train-clinvar+pg_dms__cnn__seed43,MLH1,P43246:596:N>E,0,0.3781596
train-clinvar+pg_dms__cnn__seed43,MLH1,P43246:596:N>G,0,0.027993422
train-clinvar+pg_dms__cnn__seed43,MLH1,P43246:596:N>R,0,0.49035037
train-clinvar+pg_dms__cnn__seed43,MLH1,P43246:596:N>Y,0,0.10546407
train-clinvar+pg_dms__cnn__seed43,MLH1,P43246:596:N>M,0,0.22754906
train-clinvar+pg_dms__cnn__seed43,MLH1,P43246:596:N>L,0,0.06360051
train-clinvar+pg_dms__cnn__seed43,MLH1,P43246:596:N>H,0,0.11055457
train-clinvar+pg_dms__cnn__seed43,MLH1,P43246:596:N>K,0,0.5755579
train-clinvar+pg_dms__cnn__seed43,MLH1,P43246:598:V>H,0,0.099612586
train-clinvar+pg_dms__cnn__seed43,MLH1,P43246:598:V>Y,0,0.04880228
train-clinvar+pg_dms__cnn__seed43,MLH1,P43246:598:V>W,1,0.8227122
train-clinvar+pg_dms__cnn__seed43,MLH1,P43246:598:V>T,0,0.0063323565
train-clinvar+pg_dms__cnn__seed43,MLH1,P43246:598:V>S,0,0.004091822
train-clinvar+pg_dms__cnn__seed43,MLH1,P43246:598:V>G,0,0.012574897
train-clinvar+pg_dms__cnn__seed43,MLH1,P43246:598:V>Q,0,0.017141832
train-clinvar+pg_dms__cnn__seed43,MLH1,P43246:598:V>A,0,0.009352947
train-clinvar+pg_dms__cnn__seed43,MLH1,P43246:598:V>D,0,0.06993049
train-clinvar+pg_dms__cnn__seed43,MLH1,P43246:598:V>E,0,0.02086602
train-clinvar+pg_dms__cnn__seed43,MLH1,P43246:598:V>F,0,0.0053014345
train-clinvar+pg_dms__cnn__seed43,MLH1,P43246:598:V>I,0,0.0035890825
train-clinvar+pg_dms__cnn__seed43,MLH1,P43246:598:V>C,0,0.008809801
train-clinvar+pg_dms__cnn__seed43,MLH1,P43246:598:V>R,0,0.030907974
train-clinvar+pg_dms__cnn__seed43,MLH1,P43246:598:V>L,0,0.004811154
train-clinvar+pg_dms__cnn__seed43,MLH1,P43246:598:V>M,0,0.05032208
train-clinvar+pg_dms__cnn__seed43,MLH1,P43246:598:V>N,0,0.008485797
train-clinvar+pg_dms__cnn__seed43,MLH1,P43246:598:V>P,0,0.9938148
train-clinvar+pg_dms__cnn__seed43,MLH1,P43246:598:V>K,0,0.03636752
train-clinvar+pg_dms__cnn__seed43,MLH1,P43246:599:L>P,1,0.9984158
train-clinvar+pg_dms__cnn__seed43,MLH1,P43246:599:L>N,0,0.84431475
train-clinvar+pg_dms__cnn__seed43,MLH1,P43246:599:L>M,0,0.013171721
train-clinvar+pg_dms__cnn__seed43,MLH1,P43246:599:L>K,0,0.980688
train-clinvar+pg_dms__cnn__seed43,MLH1,P43246:599:L>I,0,0.006153791
train-clinvar+pg_dms__cnn__seed43,MLH1,P43246:599:L>Q,0,0.76317894
train-clinvar+pg_dms__cnn__seed43,MLH1,P43246:599:L>R,1,0.99235415
train-clinvar+pg_dms__cnn__seed43,MLH1,P43246:599:L>S,0,0.34130117
train-clinvar+pg_dms__cnn__seed43,MLH1,P43246:599:L>A,0,0.01857955
train-clinvar+pg_dms__cnn__seed43,MLH1,P43246:599:L>T,0,0.011447193
train-clinvar+pg_dms__cnn__seed43,MLH1,P43246:599:L>W,0,0.11864665
train-clinvar+pg_dms__cnn__seed43,MLH1,P43246:599:L>G,0,0.74715793
train-clinvar+pg_dms__cnn__seed43,MLH1,P43246:599:L>F,0,0.008750714
train-clinvar+pg_dms__cnn__seed43,MLH1,P43246:599:L>E,0,0.9926714
train-clinvar+pg_dms__cnn__seed43,MLH1,P43246:599:L>D,1,0.99463475
train-clinvar+pg_dms__cnn__seed43,MLH1,P43246:599:L>C,0,0.011959086
train-clinvar+pg_dms__cnn__seed43,MLH1,P43246:599:L>H,0,0.83080876
train-clinvar+pg_dms__cnn__seed43,MLH1,P43246:599:L>V,0,0.0069406526
train-clinvar+pg_dms__cnn__seed43,MLH1,P43246:603:D>C,1,0.3670912
train-clinvar+pg_dms__cnn__seed43,MLH1,P43246:603:D>E,1,0.98121727
train-clinvar+pg_dms__cnn__seed43,MLH1,P43246:603:D>W,1,0.9758967
train-clinvar+pg_dms__cnn__seed43,MLH1,P43246:603:D>R,1,0.9967368
train-clinvar+pg_dms__cnn__seed43,MLH1,P43246:603:D>Q,1,0.9712596
train-clinvar+pg_dms__cnn__seed43,MLH1,P43246:603:D>P,1,0.99943644
train-clinvar+pg_dms__cnn__seed43,MLH1,P43246:603:D>S,0,0.971324
train-clinvar+pg_dms__cnn__seed43,MLH1,P43246:603:D>T,1,0.98663795
train-clinvar+pg_dms__cnn__seed43,MLH1,P43246:603:D>M,1,0.97867215
train-clinvar+pg_dms__cnn__seed43,MLH1,P43246:603:D>F,1,0.9479479
train-clinvar+pg_dms__cnn__seed43,MLH1,P43246:603:D>A,0,0.96444374
train-clinvar+pg_dms__cnn__seed43,MLH1,P43246:603:D>I,1,0.9628703
train-clinvar+pg_dms__cnn__seed43,MLH1,P43246:603:D>K,1,0.99445033
train-clinvar+pg_dms__cnn__seed43,MLH1,P43246:603:D>L,1,0.9785957
train-clinvar+pg_dms__cnn__seed43,MLH1,P43246:603:D>H,1,0.9695062
train-clinvar+pg_dms__cnn__seed43,MLH1,P43246:607:S>Y,0,0.9005348
train-clinvar+pg_dms__cnn__seed43,MLH1,P43246:607:S>W,1,0.91241026
train-clinvar+pg_dms__cnn__seed43,MLH1,P43246:607:S>V,0,0.79991883
train-clinvar+pg_dms__cnn__seed43,MLH1,P43246:607:S>T,0,0.03825957
train-clinvar+pg_dms__cnn__seed43,MLH1,P43246:607:S>R,0,0.9948251
train-clinvar+pg_dms__cnn__seed43,MLH1,P43246:607:S>Q,0,0.8791329
train-clinvar+pg_dms__cnn__seed43,MLH1,P43246:607:S>H,0,0.89301634
train-clinvar+pg_dms__cnn__seed43,MLH1,P43246:607:S>N,0,0.4062062
train-clinvar+pg_dms__cnn__seed43,MLH1,P43246:607:S>M,0,0.94666845
train-clinvar+pg_dms__cnn__seed43,MLH1,P43246:607:S>L,0,0.4231622
train-clinvar+pg_dms__cnn__seed43,MLH1,P43246:607:S>I,0,0.95003086
train-clinvar+pg_dms__cnn__seed43,MLH1,P43246:607:S>G,0,0.02838792
train-clinvar+pg_dms__cnn__seed43,MLH1,P43246:607:S>E,1,0.98118055
train-clinvar+pg_dms__cnn__seed43,MLH1,P43246:607:S>D,0,0.989613
train-clinvar+pg_dms__cnn__seed43,MLH1,P43246:607:S>C,0,0.0064609763
train-clinvar+pg_dms__cnn__seed43,MLH1,P43246:607:S>P,1,0.9980075
train-clinvar+pg_dms__cnn__seed43,MLH1,P43246:607:S>A,0,0.007679983
train-clinvar+pg_dms__cnn__seed43,MLH1,P43246:608:F>S,1,0.9525793
train-clinvar+pg_dms__cnn__seed43,MLH1,P43246:608:F>P,1,0.9989794
train-clinvar+pg_dms__cnn__seed43,MLH1,P43246:608:F>Q,1,0.9298124
train-clinvar+pg_dms__cnn__seed43,MLH1,P43246:608:F>R,1,0.9837054
train-clinvar+pg_dms__cnn__seed43,MLH1,P43246:608:F>T,1,0.7170593
train-clinvar+pg_dms__cnn__seed43,MLH1,P43246:608:F>V,0,0.32630748
train-clinvar+pg_dms__cnn__seed43,MLH1,P43246:608:F>Y,0,0.08160126
train-clinvar+pg_dms__cnn__seed43,MLH1,P43246:608:F>N,1,0.89978766
train-clinvar+pg_dms__cnn__seed43,MLH1,P43246:608:F>M,0,0.26633707
train-clinvar+pg_dms__cnn__seed43,MLH1,P43246:608:F>H,0,0.9649355
train-clinvar+pg_dms__cnn__seed43,MLH1,P43246:608:F>K,1,0.9694046
train-clinvar+pg_dms__cnn__seed43,MLH1,P43246:608:F>I,0,0.39727485
train-clinvar+pg_dms__cnn__seed43,MLH1,P43246:608:F>G,1,0.93858194
train-clinvar+pg_dms__cnn__seed43,MLH1,P43246:608:F>E,1,0.98034257
train-clinvar+pg_dms__cnn__seed43,MLH1,P43246:608:F>D,1,0.9867802
train-clinvar+pg_dms__cnn__seed43,MLH1,P43246:608:F>C,0,0.04400854
train-clinvar+pg_dms__cnn__seed43,MLH1,P43246:608:F>A,1,0.9358954
train-clinvar+pg_dms__cnn__seed43,MLH1,P43246:608:F>L,0,0.44434574
train-clinvar+pg_dms__cnn__seed43,MLH1,P43246:610:H>A,0,0.010127946
train-clinvar+pg_dms__cnn__seed43,MLH1,P43246:610:H>L,0,0.0077268905
train-clinvar+pg_dms__cnn__seed43,MLH1,P43246:610:H>E,0,0.024069877
train-clinvar+pg_dms__cnn__seed43,MLH1,P43246:610:H>F,0,0.005040959
train-clinvar+pg_dms__cnn__seed43,MLH1,P43246:610:H>G,0,0.015283078
train-clinvar+pg_dms__cnn__seed43,MLH1,P43246:610:H>I,0,0.0059621
train-clinvar+pg_dms__cnn__seed43,MLH1,P43246:610:H>K,0,0.019561851
train-clinvar+pg_dms__cnn__seed43,MLH1,P43246:610:H>M,0,0.0330778
train-clinvar+pg_dms__cnn__seed43,MLH1,P43246:610:H>N,0,0.015805302
train-clinvar+pg_dms__cnn__seed43,MLH1,P43246:610:H>S,0,0.005753049
train-clinvar+pg_dms__cnn__seed43,MLH1,P43246:610:H>T,0,0.0069287647
train-clinvar+pg_dms__cnn__seed43,MLH1,P43246:610:H>V,0,0.0062393253
train-clinvar+pg_dms__cnn__seed43,MLH1,P43246:610:H>W,0,0.046121426
train-clinvar+pg_dms__cnn__seed43,MLH1,P43246:610:H>Y,0,0.019621687
train-clinvar+pg_dms__cnn__seed43,MLH1,P43246:610:H>Q,0,0.014171427
train-clinvar+pg_dms__cnn__seed43,MLH1,P43246:612:S>A,0,0.0057616886
train-clinvar+pg_dms__cnn__seed43,MLH1,P43246:612:S>W,0,0.86779875
train-clinvar+pg_dms__cnn__seed43,MLH1,P43246:612:S>Y,0,0.6510306
train-clinvar+pg_dms__cnn__seed43,MLH1,P43246:612:S>P,0,0.9729427
train-clinvar+pg_dms__cnn__seed43,MLH1,P43246:612:S>N,0,0.867304
train-clinvar+pg_dms__cnn__seed43,MLH1,P43246:612:S>M,0,0.2828396
train-clinvar+pg_dms__cnn__seed43,MLH1,P43246:612:S>L,0,0.024545992
train-clinvar+pg_dms__cnn__seed43,MLH1,P43246:612:S>K,0,0.89622414
train-clinvar+pg_dms__cnn__seed43,MLH1,P43246:612:S>Q,0,0.8401469
train-clinvar+pg_dms__cnn__seed43,MLH1,P43246:612:S>I,0,0.13589254
train-clinvar+pg_dms__cnn__seed43,MLH1,P43246:612:S>G,0,0.014436226
train-clinvar+pg_dms__cnn__seed43,MLH1,P43246:612:S>F,0,0.7171994
train-clinvar+pg_dms__cnn__seed43,MLH1,P43246:612:S>E,0,0.9437446
train-clinvar+pg_dms__cnn__seed43,MLH1,P43246:612:S>C,0,0.0073975953
train-clinvar+pg_dms__cnn__seed43,MLH1,P43246:612:S>R,0,0.9689315
train-clinvar+pg_dms__cnn__seed43,MLH1,P43246:612:S>T,0,0.016646039
train-clinvar+pg_dms__cnn__seed43,MLH1,P43246:612:S>V,0,0.019232523
train-clinvar+pg_dms__cnn__seed43,MLH1,P43246:612:S>H,0,0.798331
train-clinvar+pg_dms__cnn__seed43,MLH1,P43246:617:V>H,0,0.046926953
train-clinvar+pg_dms__cnn__seed43,MLH1,P43246:617:V>G,0,0.031183437
train-clinvar+pg_dms__cnn__seed43,MLH1,P43246:617:V>F,0,0.00836372
train-clinvar+pg_dms__cnn__seed43,MLH1,P43246:617:V>I,0,0.011843418
train-clinvar+pg_dms__cnn__seed43,MLH1,P43246:617:V>K,0,0.020740213
train-clinvar+pg_dms__cnn__seed43,MLH1,P43246:617:V>L,0,0.025913859
train-clinvar+pg_dms__cnn__seed43,MLH1,P43246:617:V>M,0,0.032148786
train-clinvar+pg_dms__cnn__seed43,MLH1,P43246:617:V>N,0,0.0104387505
train-clinvar+pg_dms__cnn__seed43,MLH1,P43246:617:V>E,0,0.027671382
train-clinvar+pg_dms__cnn__seed43,MLH1,P43246:617:V>Q,0,0.008976933
train-clinvar+pg_dms__cnn__seed43,MLH1,P43246:617:V>R,0,0.014879774
train-clinvar+pg_dms__cnn__seed43,MLH1,P43246:617:V>W,0,0.3224137
train-clinvar+pg_dms__cnn__seed43,MLH1,P43246:617:V>T,0,0.009399047
train-clinvar+pg_dms__cnn__seed43,MLH1,P43246:617:V>D,0,0.044792008
train-clinvar+pg_dms__cnn__seed43,MLH1,P43246:617:V>C,0,0.012542906
train-clinvar+pg_dms__cnn__seed43,MLH1,P43246:617:V>A,0,0.008160794
train-clinvar+pg_dms__cnn__seed43,MLH1,P43246:617:V>S,0,0.006591713
train-clinvar+pg_dms__cnn__seed43,MLH1,P43246:617:V>Y,0,0.01651334
train-clinvar+pg_dms__cnn__seed43,MLH1,P43246:617:V>P,0,0.30874345
train-clinvar+pg_dms__cnn__seed43,MLH1,P43246:642:V>H,0,0.20847355
train-clinvar+pg_dms__cnn__seed43,MLH1,P43246:642:V>C,0,0.015543044
train-clinvar+pg_dms__cnn__seed43,MLH1,P43246:642:V>D,0,0.5481937
train-clinvar+pg_dms__cnn__seed43,MLH1,P43246:642:V>E,0,0.23890111
train-clinvar+pg_dms__cnn__seed43,MLH1,P43246:642:V>F,0,0.043690283
train-clinvar+pg_dms__cnn__seed43,MLH1,P43246:642:V>G,0,0.07157695
train-clinvar+pg_dms__cnn__seed43,MLH1,P43246:642:V>I,0,0.014092954
train-clinvar+pg_dms__cnn__seed43,MLH1,P43246:642:V>K,0,0.22627006
train-clinvar+pg_dms__cnn__seed43,MLH1,P43246:642:V>L,0,0.0038484968
train-clinvar+pg_dms__cnn__seed43,MLH1,P43246:642:V>M,0,0.018859847
train-clinvar+pg_dms__cnn__seed43,MLH1,P43246:642:V>N,0,0.16901647
train-clinvar+pg_dms__cnn__seed43,MLH1,P43246:642:V>P,0,0.5275904
train-clinvar+pg_dms__cnn__seed43,MLH1,P43246:642:V>Q,0,0.092466705
train-clinvar+pg_dms__cnn__seed43,MLH1,P43246:642:V>R,0,0.2112807
train-clinvar+pg_dms__cnn__seed43,MLH1,P43246:642:V>S,0,0.030875538
train-clinvar+pg_dms__cnn__seed43,MLH1,P43246:642:V>T,0,0.029348342
train-clinvar+pg_dms__cnn__seed43,MLH1,P43246:642:V>A,0,0.021916209
train-clinvar+pg_dms__cnn__seed43,MLH1,P43246:642:V>W,0,0.43211263
train-clinvar+pg_dms__cnn__seed43,MLH1,P43246:642:V>Y,0,0.044357877
train-clinvar+pg_dms__cnn__seed43,MLH1,P43246:647:E>Q,0,0.020480804
train-clinvar+pg_dms__cnn__seed43,MLH1,P43246:647:E>D,0,0.021235822
train-clinvar+pg_dms__cnn__seed43,MLH1,P43246:647:E>C,0,0.04788227
train-clinvar+pg_dms__cnn__seed43,MLH1,P43246:647:E>G,0,0.009298568
train-clinvar+pg_dms__cnn__seed43,MLH1,P43246:647:E>H,0,0.014529761
train-clinvar+pg_dms__cnn__seed43,MLH1,P43246:647:E>A,0,0.010005523
train-clinvar+pg_dms__cnn__seed43,MLH1,P43246:647:E>N,0,0.010492166
train-clinvar+pg_dms__cnn__seed43,MLH1,P43246:647:E>R,0,0.021849327
train-clinvar+pg_dms__cnn__seed43,MLH1,P43246:647:E>P,0,0.14782359
train-clinvar+pg_dms__cnn__seed43,MLH1,P43246:647:E>I,0,0.027879948
train-clinvar+pg_dms__cnn__seed43,MLH1,P43246:647:E>L,0,0.02735858
train-clinvar+pg_dms__cnn__seed43,MLH1,P43246:647:E>M,0,0.19767292
train-clinvar+pg_dms__cnn__seed43,MLH1,P43246:647:E>F,0,0.047921516
train-clinvar+pg_dms__cnn__seed43,MLH1,P43246:647:E>K,0,0.04167389
train-clinvar+pg_dms__cnn__seed43,MLH1,P43246:647:E>S,0,0.011383299
train-clinvar+pg_dms__cnn__seed43,MLH1,P43246:647:E>V,0,0.030646529
train-clinvar+pg_dms__cnn__seed43,MLH1,P43246:647:E>W,1,0.346459
train-clinvar+pg_dms__cnn__seed43,MLH1,P43246:647:E>Y,0,0.035401937
train-clinvar+pg_dms__cnn__seed43,MLH1,P43246:647:E>T,0,0.03450733
train-clinvar+pg_dms__cnn__seed43,MLH1,P43246:651:I>F,0,0.10533575
train-clinvar+pg_dms__cnn__seed43,MLH1,P43246:651:I>G,0,0.6134532
train-clinvar+pg_dms__cnn__seed43,MLH1,P43246:651:I>E,0,0.6274001
train-clinvar+pg_dms__cnn__seed43,MLH1,P43246:651:I>D,0,0.75548637
train-clinvar+pg_dms__cnn__seed43,MLH1,P43246:651:I>C,0,0.021500235
train-clinvar+pg_dms__cnn__seed43,MLH1,P43246:651:I>A,0,0.2937763
train-clinvar+pg_dms__cnn__seed43,MLH1,P43246:651:I>K,0,0.51588005
train-clinvar+pg_dms__cnn__seed43,MLH1,P43246:651:I>M,0,0.19177555
train-clinvar+pg_dms__cnn__seed43,MLH1,P43246:651:I>N,0,0.54205245
train-clinvar+pg_dms__cnn__seed43,MLH1,P43246:651:I>P,1,0.9437537
train-clinvar+pg_dms__cnn__seed43,MLH1,P43246:651:I>Q,0,0.30123883
train-clinvar+pg_dms__cnn__seed43,MLH1,P43246:651:I>R,0,0.6661345
train-clinvar+pg_dms__cnn__seed43,MLH1,P43246:651:I>S,0,0.12196383
train-clinvar+pg_dms__cnn__seed43,MLH1,P43246:651:I>V,0,0.02464858
train-clinvar+pg_dms__cnn__seed43,MLH1,P43246:651:I>W,0,0.5012963
train-clinvar+pg_dms__cnn__seed43,MLH1,P43246:651:I>Y,0,0.24403957
train-clinvar+pg_dms__cnn__seed43,MLH1,P43246:656:Y>S,0,0.024677465
train-clinvar+pg_dms__cnn__seed43,MLH1,P43246:656:Y>Q,0,0.0130068995
train-clinvar+pg_dms__cnn__seed43,MLH1,P43246:656:Y>V,0,0.007305751
train-clinvar+pg_dms__cnn__seed43,MLH1,P43246:656:Y>W,0,0.07107713
train-clinvar+pg_dms__cnn__seed43,MLH1,P43246:656:Y>T,0,0.014927994
train-clinvar+pg_dms__cnn__seed43,MLH1,P43246:656:Y>P,0,0.456736
train-clinvar+pg_dms__cnn__seed43,MLH1,P43246:656:Y>R,0,0.0073679765
train-clinvar+pg_dms__cnn__seed43,MLH1,P43246:656:Y>M,0,0.07957368
train-clinvar+pg_dms__cnn__seed43,MLH1,P43246:656:Y>N,0,0.0051748944
train-clinvar+pg_dms__cnn__seed43,MLH1,P43246:656:Y>C,0,0.022457546
train-clinvar+pg_dms__cnn__seed43,MLH1,P43246:656:Y>D,0,0.018413141
train-clinvar+pg_dms__cnn__seed43,MLH1,P43246:656:Y>E,0,0.006973414
train-clinvar+pg_dms__cnn__seed43,MLH1,P43246:656:Y>F,0,0.007885994
train-clinvar+pg_dms__cnn__seed43,MLH1,P43246:656:Y>A,0,0.0069996975
train-clinvar+pg_dms__cnn__seed43,MLH1,P43246:656:Y>G,0,0.019611761
train-clinvar+pg_dms__cnn__seed43,MLH1,P43246:656:Y>I,0,0.0056483564
train-clinvar+pg_dms__cnn__seed43,MLH1,P43246:656:Y>K,0,0.014234611
train-clinvar+pg_dms__cnn__seed43,MLH1,P43246:656:Y>L,0,0.0059924778
train-clinvar+pg_dms__cnn__seed43,MLH1,P43246:662:Q>V,0,0.017636547
train-clinvar+pg_dms__cnn__seed43,MLH1,P43246:662:Q>W,0,0.5603736
train-clinvar+pg_dms__cnn__seed43,MLH1,P43246:662:Q>Y,0,0.00962909
train-clinvar+pg_dms__cnn__seed43,MLH1,P43246:662:Q>T,0,0.037902467
train-clinvar+pg_dms__cnn__seed43,MLH1,P43246:662:Q>R,0,0.015907027
train-clinvar+pg_dms__cnn__seed43,MLH1,P43246:662:Q>H,0,0.16738275
train-clinvar+pg_dms__cnn__seed43,MLH1,P43246:662:Q>I,0,0.013286595
train-clinvar+pg_dms__cnn__seed43,MLH1,P43246:662:Q>S,0,0.0045630806
train-clinvar+pg_dms__cnn__seed43,MLH1,P43246:662:Q>K,0,0.007874862
train-clinvar+pg_dms__cnn__seed43,MLH1,P43246:662:Q>L,0,0.0066579035
train-clinvar+pg_dms__cnn__seed43,MLH1,P43246:662:Q>G,0,0.008076044
train-clinvar+pg_dms__cnn__seed43,MLH1,P43246:662:Q>F,0,0.027320236
train-clinvar+pg_dms__cnn__seed43,MLH1,P43246:662:Q>E,0,0.024875687
train-clinvar+pg_dms__cnn__seed43,MLH1,P43246:662:Q>D,0,0.042564515
train-clinvar+pg_dms__cnn__seed43,MLH1,P43246:662:Q>C,0,0.0044359653
train-clinvar+pg_dms__cnn__seed43,MLH1,P43246:662:Q>A,0,0.011476302
train-clinvar+pg_dms__cnn__seed43,MLH1,P43246:662:Q>M,0,0.096682996
train-clinvar+pg_dms__cnn__seed43,MLH1,P43246:662:Q>N,0,0.0056293416
train-clinvar+pg_dms__cnn__seed43,MLH1,P43246:662:Q>P,0,0.10623947
train-clinvar+pg_dms__cnn__seed43,MLH1,P43246:664:F>M,0,0.5234794
train-clinvar+pg_dms__cnn__seed43,MLH1,P43246:664:F>N,0,0.9605755
train-clinvar+pg_dms__cnn__seed43,MLH1,P43246:664:F>P,1,0.99793756
train-clinvar+pg_dms__cnn__seed43,MLH1,P43246:664:F>Q,0,0.9857653
train-clinvar+pg_dms__cnn__seed43,MLH1,P43246:664:F>R,1,0.9896937
train-clinvar+pg_dms__cnn__seed43,MLH1,P43246:664:F>S,0,0.92846346
train-clinvar+pg_dms__cnn__seed43,MLH1,P43246:664:F>T,0,0.87377584
train-clinvar+pg_dms__cnn__seed43,MLH1,P43246:664:F>W,0,0.94766057
train-clinvar+pg_dms__cnn__seed43,MLH1,P43246:664:F>Y,0,0.06768094
train-clinvar+pg_dms__cnn__seed43,MLH1,P43246:664:F>L,0,0.9075654
train-clinvar+pg_dms__cnn__seed43,MLH1,P43246:664:F>K,1,0.97764117
train-clinvar+pg_dms__cnn__seed43,MLH1,P43246:664:F>I,0,0.12866202
train-clinvar+pg_dms__cnn__seed43,MLH1,P43246:664:F>V,0,0.1573782
train-clinvar+pg_dms__cnn__seed43,MLH1,P43246:664:F>H,0,0.9719445
train-clinvar+pg_dms__cnn__seed43,MLH1,P43246:664:F>G,1,0.9786646
train-clinvar+pg_dms__cnn__seed43,MLH1,P43246:664:F>E,0,0.9755308
train-clinvar+pg_dms__cnn__seed43,MLH1,P43246:664:F>A,0,0.96433264
train-clinvar+pg_dms__cnn__seed43,MLH1,P43246:664:F>C,0,0.036938637
train-clinvar+pg_dms__cnn__seed43,MLH1,P43246:666:I>M,0,0.15023421
train-clinvar+pg_dms__cnn__seed43,MLH1,P43246:666:I>Y,0,0.9787508
train-clinvar+pg_dms__cnn__seed43,MLH1,P43246:666:I>W,0,0.9378925
train-clinvar+pg_dms__cnn__seed43,MLH1,P43246:666:I>V,0,0.03389507
train-clinvar+pg_dms__cnn__seed43,MLH1,P43246:666:I>R,1,0.9973907
train-clinvar+pg_dms__cnn__seed43,MLH1,P43246:666:I>Q,1,0.9956245
train-clinvar+pg_dms__cnn__seed43,MLH1,P43246:666:I>P,1,0.9964616
train-clinvar+pg_dms__cnn__seed43,MLH1,P43246:666:I>L,0,0.017133623
train-clinvar+pg_dms__cnn__seed43,MLH1,P43246:666:I>S,0,0.98526824
train-clinvar+pg_dms__cnn__seed43,MLH1,P43246:666:I>H,0,0.995001
train-clinvar+pg_dms__cnn__seed43,MLH1,P43246:666:I>G,1,0.99648106
train-clinvar+pg_dms__cnn__seed43,MLH1,P43246:666:I>F,0,0.81177527
train-clinvar+pg_dms__cnn__seed43,MLH1,P43246:666:I>E,1,0.99828076
train-clinvar+pg_dms__cnn__seed43,MLH1,P43246:666:I>D,1,0.9963198
train-clinvar+pg_dms__cnn__seed43,MLH1,P43246:666:I>C,0,0.26141027
train-clinvar+pg_dms__cnn__seed43,MLH1,P43246:666:I>A,0,0.97512406
train-clinvar+pg_dms__cnn__seed43,MLH1,P43246:666:I>K,1,0.99512273
train-clinvar+pg_dms__cnn__seed43,MLH1,P43246:670:P>L,0,0.25991845
train-clinvar+pg_dms__cnn__seed43,MLH1,P43246:670:P>I,0,0.377015
train-clinvar+pg_dms__cnn__seed43,MLH1,P43246:670:P>K,0,0.3150483
train-clinvar+pg_dms__cnn__seed43,MLH1,P43246:670:P>F,0,0.26250824
train-clinvar+pg_dms__cnn__seed43,MLH1,P43246:670:P>E,0,0.4200483
train-clinvar+pg_dms__cnn__seed43,MLH1,P43246:670:P>D,0,0.69827247
train-clinvar+pg_dms__cnn__seed43,MLH1,P43246:670:P>C,0,0.040858842
train-clinvar+pg_dms__cnn__seed43,MLH1,P43246:670:P>A,0,0.27400428
train-clinvar+pg_dms__cnn__seed43,MLH1,P43246:670:P>Y,0,0.2590184
train-clinvar+pg_dms__cnn__seed43,MLH1,P43246:670:P>W,0,0.4911999
train-clinvar+pg_dms__cnn__seed43,MLH1,P43246:670:P>V,0,0.278503
train-clinvar+pg_dms__cnn__seed43,MLH1,P43246:670:P>Q,0,0.28042543
train-clinvar+pg_dms__cnn__seed43,MLH1,P43246:670:P>N,0,0.12889715
train-clinvar+pg_dms__cnn__seed43,MLH1,P43246:670:P>M,0,0.18056959
train-clinvar+pg_dms__cnn__seed43,MLH1,P43246:670:P>G,0,0.4416932
train-clinvar+pg_dms__cnn__seed43,MLH1,P43246:670:P>H,0,0.51009923
train-clinvar+pg_dms__cnn__seed43,MLH1,P43246:681:Q>D,0,0.98642576
train-clinvar+pg_dms__cnn__seed43,MLH1,P43246:681:Q>E,0,0.09761712
train-clinvar+pg_dms__cnn__seed43,MLH1,P43246:681:Q>F,0,0.8697698
train-clinvar+pg_dms__cnn__seed43,MLH1,P43246:681:Q>G,0,0.020250438
train-clinvar+pg_dms__cnn__seed43,MLH1,P43246:681:Q>H,0,0.9464767
train-clinvar+pg_dms__cnn__seed43,MLH1,P43246:681:Q>I,0,0.9814595
train-clinvar+pg_dms__cnn__seed43,MLH1,P43246:681:Q>V,0,0.45686442
train-clinvar+pg_dms__cnn__seed43,MLH1,P43246:681:Q>L,0,0.20608777
train-clinvar+pg_dms__cnn__seed43,MLH1,P43246:681:Q>M,0,0.026559087
train-clinvar+pg_dms__cnn__seed43,MLH1,P43246:681:Q>N,0,0.6553772
train-clinvar+pg_dms__cnn__seed43,MLH1,P43246:681:Q>P,1,0.99783844
train-clinvar+pg_dms__cnn__seed43,MLH1,P43246:681:Q>R,1,0.99522483
train-clinvar+pg_dms__cnn__seed43,MLH1,P43246:681:Q>S,0,0.0042384346
train-clinvar+pg_dms__cnn__seed43,MLH1,P43246:681:Q>W,0,0.9108198
train-clinvar+pg_dms__cnn__seed43,MLH1,P43246:681:Q>T,0,0.011334516
train-clinvar+pg_dms__cnn__seed43,MLH1,P43246:681:Q>K,0,0.99466187
train-clinvar+pg_dms__cnn__seed43,MLH1,P43246:681:Q>A,0,0.012020923
train-clinvar+pg_dms__cnn__seed43,MLH1,P43246:681:Q>C,0,0.100308545
train-clinvar+pg_dms__cnn__seed43,MLH1,P43246:681:Q>Y,0,0.8642234
train-clinvar+pg_dms__cnn__seed43,MLH1,P43246:687:L>T,1,0.41733935
train-clinvar+pg_dms__cnn__seed43,MLH1,P43246:687:L>V,0,0.083783254
train-clinvar+pg_dms__cnn__seed43,MLH1,P43246:687:L>Q,0,0.8493846
train-clinvar+pg_dms__cnn__seed43,MLH1,P43246:687:L>S,0,0.41866335
train-clinvar+pg_dms__cnn__seed43,MLH1,P43246:687:L>Y,0,0.92990285
train-clinvar+pg_dms__cnn__seed43,MLH1,P43246:687:L>W,1,0.89786404
train-clinvar+pg_dms__cnn__seed43,MLH1,P43246:687:L>N,0,0.92279965
train-clinvar+pg_dms__cnn__seed43,MLH1,P43246:687:L>M,0,0.12791882
train-clinvar+pg_dms__cnn__seed43,MLH1,P43246:687:L>I,0,0.024807617
train-clinvar+pg_dms__cnn__seed43,MLH1,P43246:687:L>H,0,0.84147626
train-clinvar+pg_dms__cnn__seed43,MLH1,P43246:687:L>G,1,0.94741577
train-clinvar+pg_dms__cnn__seed43,MLH1,P43246:687:L>F,0,0.1701978
train-clinvar+pg_dms__cnn__seed43,MLH1,P43246:687:L>D,1,0.99570686
train-clinvar+pg_dms__cnn__seed43,MLH1,P43246:687:L>C,0,0.07250626
train-clinvar+pg_dms__cnn__seed43,MLH1,P43246:687:L>A,0,0.16917123
train-clinvar+pg_dms__cnn__seed43,MLH1,P43246:687:L>K,1,0.99082315
train-clinvar+pg_dms__cnn__seed43,MLH1,P43246:699:S>M,0,0.1642129
train-clinvar+pg_dms__cnn__seed43,MLH1,P43246:699:S>N,0,0.039860155
train-clinvar+pg_dms__cnn__seed43,MLH1,P43246:699:S>P,1,0.9850981
train-clinvar+pg_dms__cnn__seed43,MLH1,P43246:699:S>Q,0,0.03525631
train-clinvar+pg_dms__cnn__seed43,MLH1,P43246:699:S>R,0,0.11978481
train-clinvar+pg_dms__cnn__seed43,MLH1,P43246:699:S>T,0,0.23521331
train-clinvar+pg_dms__cnn__seed43,MLH1,P43246:699:S>W,0,0.24292755
train-clinvar+pg_dms__cnn__seed43,MLH1,P43246:699:S>Y,0,0.12339905
train-clinvar+pg_dms__cnn__seed43,MLH1,P43246:699:S>V,0,0.099121064
train-clinvar+pg_dms__cnn__seed43,MLH1,P43246:699:S>A,0,0.078302935
train-clinvar+pg_dms__cnn__seed43,MLH1,P43246:699:S>C,0,0.028798386
train-clinvar+pg_dms__cnn__seed43,MLH1,P43246:699:S>D,0,0.13432373
train-clinvar+pg_dms__cnn__seed43,MLH1,P43246:699:S>E,0,0.09987646
train-clinvar+pg_dms__cnn__seed43,MLH1,P43246:699:S>F,0,0.070302755
train-clinvar+pg_dms__cnn__seed43,MLH1,P43246:699:S>G,0,0.09788466
train-clinvar+pg_dms__cnn__seed43,MLH1,P43246:699:S>H,0,0.11233401
train-clinvar+pg_dms__cnn__seed43,MLH1,P43246:699:S>L,0,0.056210447
train-clinvar+pg_dms__cnn__seed43,MLH1,P43246:699:S>I,0,0.05870253
train-clinvar+pg_dms__cnn__seed43,MLH1,P43246:699:S>K,0,0.12456388
train-clinvar+pg_dms__cnn__seed43,MLH1,P43246:700:A>Q,1,0.9982894
train-clinvar+pg_dms__cnn__seed43,MLH1,P43246:700:A>P,0,0.9996748
train-clinvar+pg_dms__cnn__seed43,MLH1,P43246:700:A>N,1,0.9955433
train-clinvar+pg_dms__cnn__seed43,MLH1,P43246:700:A>K,1,0.9992455
train-clinvar+pg_dms__cnn__seed43,MLH1,P43246:700:A>L,0,0.9905139
train-clinvar+pg_dms__cnn__seed43,MLH1,P43246:700:A>R,1,0.99939144
train-clinvar+pg_dms__cnn__seed43,MLH1,P43246:700:A>M,0,0.8315755
train-clinvar+pg_dms__cnn__seed43,MLH1,P43246:700:A>S,0,0.07470449
train-clinvar+pg_dms__cnn__seed43,MLH1,P43246:700:A>F,1,0.9966538
train-clinvar+pg_dms__cnn__seed43,MLH1,P43246:700:A>V,0,0.6007917
train-clinvar+pg_dms__cnn__seed43,MLH1,P43246:700:A>W,1,0.9725479
train-clinvar+pg_dms__cnn__seed43,MLH1,P43246:700:A>Y,1,0.9981996
train-clinvar+pg_dms__cnn__seed43,MLH1,P43246:700:A>D,1,0.9989417
train-clinvar+pg_dms__cnn__seed43,MLH1,P43246:700:A>C,0,0.1507459
train-clinvar+pg_dms__cnn__seed43,MLH1,P43246:700:A>H,1,0.9976246
train-clinvar+pg_dms__cnn__seed43,MLH1,P43246:700:A>T,0,0.32256806
train-clinvar+pg_dms__cnn__seed43,MLH1,P43246:700:A>I,0,0.99561274
train-clinvar+pg_dms__cnn__seed43,MLH1,P43246:703:S>I,1,0.9504627
train-clinvar+pg_dms__cnn__seed43,MLH1,P43246:703:S>G,0,0.054689318
train-clinvar+pg_dms__cnn__seed43,MLH1,P43246:703:S>E,0,0.9985815
train-clinvar+pg_dms__cnn__seed43,MLH1,P43246:703:S>C,0,0.017115213
train-clinvar+pg_dms__cnn__seed43,MLH1,P43246:703:S>A,0,0.029341076
train-clinvar+pg_dms__cnn__seed43,MLH1,P43246:703:S>N,0,0.2109731
train-clinvar+pg_dms__cnn__seed43,MLH1,P43246:703:S>M,0,0.19364785
train-clinvar+pg_dms__cnn__seed43,MLH1,P43246:703:S>P,0,0.34278238
train-clinvar+pg_dms__cnn__seed43,MLH1,P43246:703:S>Q,0,0.992886
train-clinvar+pg_dms__cnn__seed43,MLH1,P43246:703:S>R,0,0.9964353
train-clinvar+pg_dms__cnn__seed43,MLH1,P43246:703:S>T,0,0.021573512
train-clinvar+pg_dms__cnn__seed43,MLH1,P43246:703:S>V,0,0.36409643
train-clinvar+pg_dms__cnn__seed43,MLH1,P43246:703:S>L,0,0.09349372
train-clinvar+pg_dms__cnn__seed43,MLH1,P43246:703:S>W,1,0.93038183
train-clinvar+pg_dms__cnn__seed43,MLH1,P43246:703:S>K,0,0.99786645
train-clinvar+pg_dms__cnn__seed43,MLH1,P43246:704:I>C,0,0.1658388
train-clinvar+pg_dms__cnn__seed43,MLH1,P43246:704:I>A,0,0.15103011
train-clinvar+pg_dms__cnn__seed43,MLH1,P43246:704:I>Y,1,0.9072308
train-clinvar+pg_dms__cnn__seed43,MLH1,P43246:704:I>W,1,0.97002554
train-clinvar+pg_dms__cnn__seed43,MLH1,P43246:704:I>V,0,0.1725852
train-clinvar+pg_dms__cnn__seed43,MLH1,P43246:704:I>T,0,0.25902462
train-clinvar+pg_dms__cnn__seed43,MLH1,P43246:704:I>R,0,0.8210594
train-clinvar+pg_dms__cnn__seed43,MLH1,P43246:704:I>Q,0,0.8482444
train-clinvar+pg_dms__cnn__seed43,MLH1,P43246:704:I>P,0,0.8721847
train-clinvar+pg_dms__cnn__seed43,MLH1,P43246:704:I>S,0,0.26937407
train-clinvar+pg_dms__cnn__seed43,MLH1,P43246:704:I>L,0,0.0193898
train-clinvar+pg_dms__cnn__seed43,MLH1,P43246:704:I>K,1,0.9049014
train-clinvar+pg_dms__cnn__seed43,MLH1,P43246:704:I>H,1,0.9230703
train-clinvar+pg_dms__cnn__seed43,MLH1,P43246:704:I>G,1,0.9397041
train-clinvar+pg_dms__cnn__seed43,MLH1,P43246:704:I>F,0,0.13624842
train-clinvar+pg_dms__cnn__seed43,MLH1,P43246:704:I>E,1,0.9855963
train-clinvar+pg_dms__cnn__seed43,MLH1,P43246:704:I>D,1,0.99746203
train-clinvar+pg_dms__cnn__seed43,MLH1,P43246:709:L>G,0,0.9978504
train-clinvar+pg_dms__cnn__seed43,MLH1,P43246:709:L>R,0,0.9842443
train-clinvar+pg_dms__cnn__seed43,MLH1,P43246:709:L>F,0,0.034034226
train-clinvar+pg_dms__cnn__seed43,MLH1,P43246:709:L>A,0,0.84604514
train-clinvar+pg_dms__cnn__seed43,MLH1,P43246:709:L>C,0,0.15868323
train-clinvar+pg_dms__cnn__seed43,MLH1,P43246:709:L>S,0,0.98807913
train-clinvar+pg_dms__cnn__seed43,MLH1,P43246:709:L>E,0,0.99877876
train-clinvar+pg_dms__cnn__seed43,MLH1,P43246:709:L>I,0,0.15299295
train-clinvar+pg_dms__cnn__seed43,MLH1,P43246:709:L>T,0,0.94422424
train-clinvar+pg_dms__cnn__seed43,MLH1,P43246:709:L>W,0,0.8859207
train-clinvar+pg_dms__cnn__seed43,MLH1,P43246:709:L>H,0,0.7650355
train-clinvar+pg_dms__cnn__seed43,MLH1,P43246:709:L>D,0,0.9993592
train-clinvar+pg_dms__cnn__seed43,MLH1,P43246:709:L>Y,0,0.5120862
train-clinvar+pg_dms__cnn__seed43,MLH1,P43246:709:L>Q,0,0.53730077
train-clinvar+pg_dms__cnn__seed43,MLH1,P43246:709:L>P,0,0.99936146
train-clinvar+pg_dms__cnn__seed43,MLH1,P43246:709:L>N,0,0.9972825
train-clinvar+pg_dms__cnn__seed43,MLH1,P43246:709:L>M,0,0.1323402
train-clinvar+pg_dms__cnn__seed43,MLH1,P43246:709:L>K,0,0.99783164
train-clinvar+pg_dms__cnn__seed43,MLH1,P43246:712:V>R,0,0.87741125
train-clinvar+pg_dms__cnn__seed43,MLH1,P43246:712:V>L,0,0.4752487
train-clinvar+pg_dms__cnn__seed43,MLH1,P43246:712:V>K,0,0.8649032
train-clinvar+pg_dms__cnn__seed43,MLH1,P43246:712:V>I,0,0.017183859
train-clinvar+pg_dms__cnn__seed43,MLH1,P43246:712:V>H,0,0.491405
train-clinvar+pg_dms__cnn__seed43,MLH1,P43246:712:V>Y,0,0.74053025
train-clinvar+pg_dms__cnn__seed43,MLH1,P43246:712:V>W,0,0.7171923
train-clinvar+pg_dms__cnn__seed43,MLH1,P43246:712:V>G,0,0.6545841
train-clinvar+pg_dms__cnn__seed43,MLH1,P43246:712:V>S,0,0.45398256
train-clinvar+pg_dms__cnn__seed43,MLH1,P43246:712:V>F,0,0.35133842
train-clinvar+pg_dms__cnn__seed43,MLH1,P43246:712:V>D,0,0.7630769
train-clinvar+pg_dms__cnn__seed43,MLH1,P43246:712:V>M,0,0.55986536
train-clinvar+pg_dms__cnn__seed43,MLH1,P43246:712:V>N,0,0.8745542
train-clinvar+pg_dms__cnn__seed43,MLH1,P43246:712:V>P,0,0.94297737
train-clinvar+pg_dms__cnn__seed43,MLH1,P43246:712:V>Q,0,0.70815915
train-clinvar+pg_dms__cnn__seed43,MLH1,P43246:712:V>A,0,0.3491219
train-clinvar+pg_dms__cnn__seed43,MLH1,P43246:712:V>C,0,0.13465261
train-clinvar+pg_dms__cnn__seed43,MLH1,P43246:712:V>E,0,0.9315953
train-clinvar+pg_dms__cnn__seed43,MLH1,P43246:712:V>T,0,0.14558259
train-clinvar+pg_dms__cnn__seed43,MLH1,P43246:719:L>Y,0,0.23815992
train-clinvar+pg_dms__cnn__seed43,MLH1,P43246:719:L>W,0,0.44085377
train-clinvar+pg_dms__cnn__seed43,MLH1,P43246:719:L>V,0,0.09457516
train-clinvar+pg_dms__cnn__seed43,MLH1,P43246:719:L>T,0,0.22832073
train-clinvar+pg_dms__cnn__seed43,MLH1,P43246:719:L>F,0,0.1470049
train-clinvar+pg_dms__cnn__seed43,MLH1,P43246:719:L>E,0,0.33114648
train-clinvar+pg_dms__cnn__seed43,MLH1,P43246:719:L>S,0,0.25266755
train-clinvar+pg_dms__cnn__seed43,MLH1,P43246:719:L>C,0,0.16628268
train-clinvar+pg_dms__cnn__seed43,MLH1,P43246:719:L>G,0,0.25663212
train-clinvar+pg_dms__cnn__seed43,MLH1,P43246:719:L>I,0,0.043514565
train-clinvar+pg_dms__cnn__seed43,MLH1,P43246:719:L>D,0,0.39379373
train-clinvar+pg_dms__cnn__seed43,MLH1,P43246:719:L>M,0,0.11450721
train-clinvar+pg_dms__cnn__seed43,MLH1,P43246:719:L>K,0,0.25824913
train-clinvar+pg_dms__cnn__seed43,MLH1,P43246:719:L>P,0,0.42638707
train-clinvar+pg_dms__cnn__seed43,MLH1,P43246:719:L>N,0,0.23252714
train-clinvar+pg_dms__cnn__seed43,MLH1,P43246:719:L>A,0,0.14849585
train-clinvar+pg_dms__cnn__seed43,MLH1,P43246:719:L>R,0,0.2531098
train-clinvar+pg_dms__cnn__seed43,MLH1,P43246:719:L>Q,0,0.113974564
train-clinvar+pg_dms__cnn__seed43,MLH1,P43246:719:L>H,0,0.30375832
train-clinvar+pg_dms__cnn__seed43,MLH1,P43246:729:M>G,0,0.1638964
train-clinvar+pg_dms__cnn__seed43,MLH1,P43246:729:M>H,0,0.09565201
train-clinvar+pg_dms__cnn__seed43,MLH1,P43246:729:M>F,1,0.073295005
train-clinvar+pg_dms__cnn__seed43,MLH1,P43246:729:M>K,1,0.20683323
train-clinvar+pg_dms__cnn__seed43,MLH1,P43246:729:M>L,0,0.07568017
train-clinvar+pg_dms__cnn__seed43,MLH1,P43246:729:M>N,0,0.11785042
train-clinvar+pg_dms__cnn__seed43,MLH1,P43246:729:M>P,1,0.7318549
train-clinvar+pg_dms__cnn__seed43,MLH1,P43246:729:M>I,0,0.22554852
train-clinvar+pg_dms__cnn__seed43,MLH1,P43246:729:M>E,1,0.111327626
train-clinvar+pg_dms__cnn__seed43,MLH1,P43246:729:M>Y,0,0.3205707
train-clinvar+pg_dms__cnn__seed43,MLH1,P43246:729:M>A,0,0.049154077
train-clinvar+pg_dms__cnn__seed43,MLH1,P43246:729:M>W,1,0.24228244
train-clinvar+pg_dms__cnn__seed43,MLH1,P43246:729:M>T,0,0.15994051
train-clinvar+pg_dms__cnn__seed43,MLH1,P43246:729:M>S,0,0.12367373
train-clinvar+pg_dms__cnn__seed43,MLH1,P43246:729:M>R,1,0.27545428
train-clinvar+pg_dms__cnn__seed43,MLH1,P43246:729:M>Q,0,0.06469243
train-clinvar+pg_dms__cnn__seed43,MLH1,P43246:729:M>C,0,0.017066782
train-clinvar+pg_dms__cnn__seed43,MLH1,P43246:740:T>K,0,0.019954678
train-clinvar+pg_dms__cnn__seed43,MLH1,P43246:740:T>L,0,0.09260576
train-clinvar+pg_dms__cnn__seed43,MLH1,P43246:740:T>M,0,0.09932555
train-clinvar+pg_dms__cnn__seed43,MLH1,P43246:740:T>N,0,0.006994443
train-clinvar+pg_dms__cnn__seed43,MLH1,P43246:740:T>P,0,0.8996688
train-clinvar+pg_dms__cnn__seed43,MLH1,P43246:740:T>Q,0,0.009796972
train-clinvar+pg_dms__cnn__seed43,MLH1,P43246:740:T>R,0,0.033315632
train-clinvar+pg_dms__cnn__seed43,MLH1,P43246:740:T>V,0,0.16687146
train-clinvar+pg_dms__cnn__seed43,MLH1,P43246:740:T>S,0,0.015625281
train-clinvar+pg_dms__cnn__seed43,MLH1,P43246:740:T>H,0,0.04298622
train-clinvar+pg_dms__cnn__seed43,MLH1,P43246:740:T>G,0,0.009453032
train-clinvar+pg_dms__cnn__seed43,MLH1,P43246:740:T>F,0,0.4921359
train-clinvar+pg_dms__cnn__seed43,MLH1,P43246:740:T>D,0,0.119077936
train-clinvar+pg_dms__cnn__seed43,MLH1,P43246:740:T>E,0,0.12488971
train-clinvar+pg_dms__cnn__seed43,MLH1,P43246:740:T>Y,1,0.71121347
train-clinvar+pg_dms__cnn__seed43,MLH1,P43246:740:T>W,1,0.9159922
train-clinvar+pg_dms__cnn__seed43,MLH1,P43246:740:T>C,0,0.009772292
train-clinvar+pg_dms__cnn__seed43,MLH1,P43246:744:L>V,0,0.012565475
train-clinvar+pg_dms__cnn__seed43,MLH1,P43246:744:L>W,1,0.9577742
train-clinvar+pg_dms__cnn__seed43,MLH1,P43246:744:L>C,0,0.0540675
train-clinvar+pg_dms__cnn__seed43,MLH1,P43246:744:L>A,1,0.994048
train-clinvar+pg_dms__cnn__seed43,MLH1,P43246:744:L>T,1,0.90228534
train-clinvar+pg_dms__cnn__seed43,MLH1,P43246:744:L>S,1,0.93354815
train-clinvar+pg_dms__cnn__seed43,MLH1,P43246:744:L>R,1,0.99937016
train-clinvar+pg_dms__cnn__seed43,MLH1,P43246:744:L>Q,1,0.99720204
train-clinvar+pg_dms__cnn__seed43,MLH1,P43246:744:L>Y,0,0.61055684
train-clinvar+pg_dms__cnn__seed43,MLH1,P43246:744:L>N,1,0.8579408
train-clinvar+pg_dms__cnn__seed43,MLH1,P43246:744:L>M,0,0.024206595
train-clinvar+pg_dms__cnn__seed43,MLH1,P43246:744:L>P,1,0.99925333
train-clinvar+pg_dms__cnn__seed43,MLH1,P43246:744:L>I,0,0.011916656
train-clinvar+pg_dms__cnn__seed43,MLH1,P43246:744:L>H,1,0.9994578
train-clinvar+pg_dms__cnn__seed43,MLH1,P43246:744:L>G,1,0.99714833
train-clinvar+pg_dms__cnn__seed43,MLH1,P43246:744:L>F,0,0.007242717
train-clinvar+pg_dms__cnn__seed43,MLH1,P43246:744:L>E,1,0.99896896
train-clinvar+pg_dms__cnn__seed43,MLH1,P43246:744:L>D,1,0.9991172
train-clinvar+pg_dms__cnn__seed43,MLH1,P43246:744:L>K,1,0.9993759
train-clinvar+pg_dms__cnn__seed43,MLH1,P43246:746:I>D,1,0.99937266
train-clinvar+pg_dms__cnn__seed43,MLH1,P43246:746:I>Y,0,0.99486536
train-clinvar+pg_dms__cnn__seed43,MLH1,P43246:746:I>W,1,0.9816753
train-clinvar+pg_dms__cnn__seed43,MLH1,P43246:746:I>V,0,0.032055367
train-clinvar+pg_dms__cnn__seed43,MLH1,P43246:746:I>T,0,0.98113674
train-clinvar+pg_dms__cnn__seed43,MLH1,P43246:746:I>S,1,0.9930521
train-clinvar+pg_dms__cnn__seed43,MLH1,P43246:746:I>R,1,0.9991744
train-clinvar+pg_dms__cnn__seed43,MLH1,P43246:746:I>Q,1,0.9924901
train-clinvar+pg_dms__cnn__seed43,MLH1,P43246:746:I>C,0,0.31474146
train-clinvar+pg_dms__cnn__seed43,MLH1,P43246:746:I>N,1,0.9989774
train-clinvar+pg_dms__cnn__seed43,MLH1,P43246:746:I>M,0,0.07372171
train-clinvar+pg_dms__cnn__seed43,MLH1,P43246:746:I>L,0,0.019761965
train-clinvar+pg_dms__cnn__seed43,MLH1,P43246:746:I>K,1,0.99828917
train-clinvar+pg_dms__cnn__seed43,MLH1,P43246:746:I>G,0,0.99906737
train-clinvar+pg_dms__cnn__seed43,MLH1,P43246:746:I>F,1,0.96094334
train-clinvar+pg_dms__cnn__seed43,MLH1,P43246:746:I>E,1,0.99897707
train-clinvar+pg_dms__cnn__seed43,MLH1,P43246:746:I>A,0,0.94257295
train-clinvar+pg_dms__cnn__seed43,MLH1,P43246:746:I>P,1,0.9997173
train-clinvar+pg_dms__cnn__seed43,MLH1,P43246:751:G>H,1,0.998434
train-clinvar+pg_dms__cnn__seed43,MLH1,P43246:751:G>I,1,0.99957055
train-clinvar+pg_dms__cnn__seed43,MLH1,P43246:751:G>K,1,0.9995223
train-clinvar+pg_dms__cnn__seed43,MLH1,P43246:751:G>L,1,0.99933136
train-clinvar+pg_dms__cnn__seed43,MLH1,P43246:751:G>M,0,0.9787998
train-clinvar+pg_dms__cnn__seed43,MLH1,P43246:751:G>P,1,0.999556
train-clinvar+pg_dms__cnn__seed43,MLH1,P43246:751:G>Q,1,0.998116
train-clinvar+pg_dms__cnn__seed43,MLH1,P43246:751:G>C,1,0.7502456
train-clinvar+pg_dms__cnn__seed43,MLH1,P43246:751:G>S,0,0.96478134
train-clinvar+pg_dms__cnn__seed43,MLH1,P43246:751:G>T,1,0.99332035
train-clinvar+pg_dms__cnn__seed43,MLH1,P43246:751:G>A,0,0.9962509
train-clinvar+pg_dms__cnn__seed43,MLH1,P43246:751:G>V,0,0.99837
train-clinvar+pg_dms__cnn__seed43,MLH1,P43246:751:G>W,1,0.9869676
train-clinvar+pg_dms__cnn__seed43,MLH1,P43246:751:G>D,0,0.9995746
train-clinvar+pg_dms__cnn__seed43,MLH1,P43246:751:G>F,1,0.9963341
train-clinvar+pg_dms__cnn__seed43,MLH1,P43246:755:S>A,0,0.2666008
train-clinvar+pg_dms__cnn__seed43,MLH1,P43246:755:S>C,0,0.8072101
train-clinvar+pg_dms__cnn__seed43,MLH1,P43246:755:S>D,0,0.9968747
train-clinvar+pg_dms__cnn__seed43,MLH1,P43246:755:S>F,0,0.9547812
train-clinvar+pg_dms__cnn__seed43,MLH1,P43246:755:S>G,0,0.95843256
train-clinvar+pg_dms__cnn__seed43,MLH1,P43246:755:S>H,0,0.98733133
train-clinvar+pg_dms__cnn__seed43,MLH1,P43246:755:S>I,0,0.98820984
train-clinvar+pg_dms__cnn__seed43,MLH1,P43246:755:S>K,1,0.98465747
train-clinvar+pg_dms__cnn__seed43,MLH1,P43246:755:S>L,1,0.98323613
train-clinvar+pg_dms__cnn__seed43,MLH1,P43246:755:S>N,0,0.97301507
train-clinvar+pg_dms__cnn__seed43,MLH1,P43246:755:S>P,0,0.9974801
train-clinvar+pg_dms__cnn__seed43,MLH1,P43246:755:S>Q,0,0.9705823
train-clinvar+pg_dms__cnn__seed43,MLH1,P43246:755:S>R,0,0.99451953
train-clinvar+pg_dms__cnn__seed43,MLH1,P43246:755:S>V,0,0.98924047
train-clinvar+pg_dms__cnn__seed43,MLH1,P43246:755:S>W,0,0.98206115
train-clinvar+pg_dms__cnn__seed43,MLH1,P43246:755:S>M,1,0.97468704
train-clinvar+pg_dms__cnn__seed43,MLH1,P43246:756:T>A,1,0.7604932
train-clinvar+pg_dms__cnn__seed43,MLH1,P43246:756:T>S,0,0.4645213
train-clinvar+pg_dms__cnn__seed43,MLH1,P43246:756:T>N,0,0.09803702
train-clinvar+pg_dms__cnn__seed43,MLH1,P43246:756:T>C,0,0.39423823
train-clinvar+pg_dms__cnn__seed43,MLH1,P43246:756:T>M,0,0.55632204
train-clinvar+pg_dms__cnn__seed43,MLH1,P43246:756:T>L,0,0.5881122
train-clinvar+pg_dms__cnn__seed43,MLH1,P43246:756:T>K,1,0.76568854
train-clinvar+pg_dms__cnn__seed43,MLH1,P43246:756:T>I,0,0.47017592
train-clinvar+pg_dms__cnn__seed43,MLH1,P43246:756:T>H,1,0.66058826
train-clinvar+pg_dms__cnn__seed43,MLH1,P43246:756:T>G,1,0.44331685
train-clinvar+pg_dms__cnn__seed43,MLH1,P43246:756:T>E,0,0.79591346
train-clinvar+pg_dms__cnn__seed43,MLH1,P43246:756:T>F,0,0.9224967
train-clinvar+pg_dms__cnn__seed43,MLH1,P43246:756:T>Y,1,0.8994417
train-clinvar+pg_dms__cnn__seed43,MLH1,P43246:756:T>R,1,0.93295264
train-clinvar+pg_dms__cnn__seed43,MLH1,P43246:756:T>Q,0,0.16617383
train-clinvar+pg_dms__cnn__seed43,MLH1,P43246:756:T>P,1,0.98184675
train-clinvar+pg_dms__cnn__seed43,MLH1,P43246:756:T>W,1,0.66908205
train-clinvar+pg_dms__cnn__seed43,MLH1,P43246:756:T>D,0,0.888847
train-clinvar+pg_dms__cnn__seed43,MLH1,P43246:756:T>V,0,0.35232893
train-clinvar+pg_dms__cnn__seed43,MLH1,P43246:763:A>N,0,0.99708086
train-clinvar+pg_dms__cnn__seed43,MLH1,P43246:763:A>S,0,0.052099675
train-clinvar+pg_dms__cnn__seed43,MLH1,P43246:763:A>R,1,0.9996698
train-clinvar+pg_dms__cnn__seed43,MLH1,P43246:763:A>Q,0,0.9969062
train-clinvar+pg_dms__cnn__seed43,MLH1,P43246:763:A>Y,0,0.99943393
train-clinvar+pg_dms__cnn__seed43,MLH1,P43246:763:A>W,1,0.9846922
train-clinvar+pg_dms__cnn__seed43,MLH1,P43246:763:A>M,0,0.9663046
train-clinvar+pg_dms__cnn__seed43,MLH1,P43246:763:A>L,0,0.99858093
train-clinvar+pg_dms__cnn__seed43,MLH1,P43246:763:A>K,1,0.9992385
train-clinvar+pg_dms__cnn__seed43,MLH1,P43246:763:A>I,0,0.9988217
train-clinvar+pg_dms__cnn__seed43,MLH1,P43246:763:A>H,1,0.9986331
train-clinvar+pg_dms__cnn__seed43,MLH1,P43246:763:A>G,0,0.9404613
train-clinvar+pg_dms__cnn__seed43,MLH1,P43246:763:A>F,0,0.99942493
train-clinvar+pg_dms__cnn__seed43,MLH1,P43246:763:A>E,1,0.998588
train-clinvar+pg_dms__cnn__seed43,MLH1,P43246:763:A>D,0,0.99943024
train-clinvar+pg_dms__cnn__seed43,MLH1,P43246:763:A>C,0,0.9747049
train-clinvar+pg_dms__cnn__seed43,MLH1,P43246:763:A>V,0,0.9846454
train-clinvar+pg_dms__cnn__seed43,MLH1,P43246:763:A>T,0,0.98680437
train-clinvar+pg_dms__cnn__seed43,MLH1,P43246:766:I>M,0,0.27280506
train-clinvar+pg_dms__cnn__seed43,MLH1,P43246:766:I>H,0,0.95708984
train-clinvar+pg_dms__cnn__seed43,MLH1,P43246:766:I>L,0,0.038221285
train-clinvar+pg_dms__cnn__seed43,MLH1,P43246:766:I>A,0,0.866208
train-clinvar+pg_dms__cnn__seed43,MLH1,P43246:766:I>V,0,0.19110182
train-clinvar+pg_dms__cnn__seed43,MLH1,P43246:766:I>D,1,0.9953786
train-clinvar+pg_dms__cnn__seed43,MLH1,P43246:766:I>E,1,0.99391055
train-clinvar+pg_dms__cnn__seed43,MLH1,P43246:766:I>F,0,0.87734944
train-clinvar+pg_dms__cnn__seed43,MLH1,P43246:766:I>G,1,0.9224374
train-clinvar+pg_dms__cnn__seed43,MLH1,P43246:766:I>P,1,0.9934822
train-clinvar+pg_dms__cnn__seed43,MLH1,P43246:766:I>R,1,0.97965497
train-clinvar+pg_dms__cnn__seed43,MLH1,P43246:766:I>S,0,0.5584536
train-clinvar+pg_dms__cnn__seed43,MLH1,P43246:766:I>C,0,0.1262428
train-clinvar+pg_dms__cnn__seed43,MLH1,P43246:766:I>W,0,0.95123184
train-clinvar+pg_dms__cnn__seed43,MLH1,P43246:766:I>Y,1,0.8381849
train-clinvar+pg_dms__cnn__seed43,MLH1,P43246:770:I>W,1,0.9352807
train-clinvar+pg_dms__cnn__seed43,MLH1,P43246:770:I>A,0,0.22063544
train-clinvar+pg_dms__cnn__seed43,MLH1,P43246:770:I>C,0,0.3690234
train-clinvar+pg_dms__cnn__seed43,MLH1,P43246:770:I>D,1,0.986771
train-clinvar+pg_dms__cnn__seed43,MLH1,P43246:770:I>E,0,0.99878067
train-clinvar+pg_dms__cnn__seed43,MLH1,P43246:770:I>F,0,0.39919364
train-clinvar+pg_dms__cnn__seed43,MLH1,P43246:770:I>G,1,0.99697757
train-clinvar+pg_dms__cnn__seed43,MLH1,P43246:770:I>K,1,0.9985728
train-clinvar+pg_dms__cnn__seed43,MLH1,P43246:770:I>L,0,0.014365691
train-clinvar+pg_dms__cnn__seed43,MLH1,P43246:770:I>Q,0,0.992576
train-clinvar+pg_dms__cnn__seed43,MLH1,P43246:770:I>R,1,0.99921644
train-clinvar+pg_dms__cnn__seed43,MLH1,P43246:770:I>S,0,0.9389922
train-clinvar+pg_dms__cnn__seed43,MLH1,P43246:770:I>T,0,0.33249947
train-clinvar+pg_dms__cnn__seed43,MLH1,P43246:770:I>V,0,0.04791288
train-clinvar+pg_dms__cnn__seed43,MLH1,P43246:770:I>Y,0,0.97839046
train-clinvar+pg_dms__cnn__seed43,MLH1,P43246:770:I>P,1,0.99914813
train-clinvar+pg_dms__cnn__seed43,MLH1,P43246:770:I>M,0,0.19077955
train-clinvar+pg_dms__cnn__seed43,MLH1,P43246:771:A>M,0,0.7167098
train-clinvar+pg_dms__cnn__seed43,MLH1,P43246:771:A>N,0,0.97417736
train-clinvar+pg_dms__cnn__seed43,MLH1,P43246:771:A>P,0,0.99928683
train-clinvar+pg_dms__cnn__seed43,MLH1,P43246:771:A>Q,0,0.96789056
train-clinvar+pg_dms__cnn__seed43,MLH1,P43246:771:A>R,0,0.997029
train-clinvar+pg_dms__cnn__seed43,MLH1,P43246:771:A>S,0,0.013449402
train-clinvar+pg_dms__cnn__seed43,MLH1,P43246:771:A>V,0,0.019556347
train-clinvar+pg_dms__cnn__seed43,MLH1,P43246:771:A>W,0,0.98879904
train-clinvar+pg_dms__cnn__seed43,MLH1,P43246:771:A>Y,0,0.9925311
train-clinvar+pg_dms__cnn__seed43,MLH1,P43246:771:A>C,0,0.033956196
train-clinvar+pg_dms__cnn__seed43,MLH1,P43246:771:A>D,0,0.9985905
train-clinvar+pg_dms__cnn__seed43,MLH1,P43246:771:A>F,0,0.9612475
train-clinvar+pg_dms__cnn__seed43,MLH1,P43246:771:A>G,0,0.038974937
train-clinvar+pg_dms__cnn__seed43,MLH1,P43246:771:A>H,0,0.99099535
train-clinvar+pg_dms__cnn__seed43,MLH1,P43246:771:A>I,0,0.22635071
train-clinvar+pg_dms__cnn__seed43,MLH1,P43246:771:A>L,0,0.39491004
train-clinvar+pg_dms__cnn__seed43,MLH1,P43246:772:T>N,0,0.0063846624
train-clinvar+pg_dms__cnn__seed43,MLH1,P43246:772:T>Y,0,0.018665034
train-clinvar+pg_dms__cnn__seed43,MLH1,P43246:772:T>P,1,0.18770544
train-clinvar+pg_dms__cnn__seed43,MLH1,P43246:772:T>M,0,0.015546019
train-clinvar+pg_dms__cnn__seed43,MLH1,P43246:772:T>Q,0,0.005550809
train-clinvar+pg_dms__cnn__seed43,MLH1,P43246:772:T>K,0,0.0069760224
train-clinvar+pg_dms__cnn__seed43,MLH1,P43246:772:T>G,0,0.010295144
train-clinvar+pg_dms__cnn__seed43,MLH1,P43246:772:T>F,0,0.020522464
train-clinvar+pg_dms__cnn__seed43,MLH1,P43246:772:T>E,0,0.009411433
train-clinvar+pg_dms__cnn__seed43,MLH1,P43246:772:T>D,0,0.02613112
train-clinvar+pg_dms__cnn__seed43,MLH1,P43246:772:T>L,0,0.005865463
train-clinvar+pg_dms__cnn__seed43,MLH1,P43246:772:T>C,0,0.010255715
train-clinvar+pg_dms__cnn__seed43,MLH1,P43246:772:T>V,0,0.013983382
train-clinvar+pg_dms__cnn__seed43,MLH1,P43246:772:T>H,0,0.018784799
train-clinvar+pg_dms__cnn__seed43,MLH1,P43246:772:T>R,0,0.028493632
train-clinvar+pg_dms__cnn__seed43,MLH1,P43246:772:T>W,1,0.12625071
train-clinvar+pg_dms__cnn__seed43,MLH1,P43246:772:T>I,0,0.010658437
train-clinvar+pg_dms__cnn__seed43,MLH1,P43246:772:T>S,0,0.007152755
train-clinvar+pg_dms__cnn__seed43,MLH1,P43246:773:K>A,0,0.013436355
train-clinvar+pg_dms__cnn__seed43,MLH1,P43246:773:K>C,0,0.020311914
train-clinvar+pg_dms__cnn__seed43,MLH1,P43246:773:K>D,0,0.056519482
train-clinvar+pg_dms__cnn__seed43,MLH1,P43246:773:K>F,0,0.12647209
train-clinvar+pg_dms__cnn__seed43,MLH1,P43246:773:K>G,0,0.019932564
train-clinvar+pg_dms__cnn__seed43,MLH1,P43246:773:K>H,0,0.012542374
train-clinvar+pg_dms__cnn__seed43,MLH1,P43246:773:K>I,0,0.026435986
train-clinvar+pg_dms__cnn__seed43,MLH1,P43246:773:K>L,0,0.031664807
train-clinvar+pg_dms__cnn__seed43,MLH1,P43246:773:K>M,0,0.037017222
train-clinvar+pg_dms__cnn__seed43,MLH1,P43246:773:K>P,0,0.9307727
train-clinvar+pg_dms__cnn__seed43,MLH1,P43246:773:K>Q,0,0.028591359
train-clinvar+pg_dms__cnn__seed43,MLH1,P43246:773:K>R,0,0.01208336
train-clinvar+pg_dms__cnn__seed43,MLH1,P43246:773:K>S,0,0.008773363
train-clinvar+pg_dms__cnn__seed43,MLH1,P43246:773:K>T,0,0.0094601875
train-clinvar+pg_dms__cnn__seed43,MLH1,P43246:773:K>W,0,0.33216825
train-clinvar+pg_dms__cnn__seed43,MLH1,P43246:773:K>Y,0,0.035578422
train-clinvar+pg_dms__cnn__seed43,MLH1,P43246:773:K>V,0,0.025405237
train-clinvar+pg_dms__cnn__seed43,MLH1,P43246:777:F>W,0,0.76632327
train-clinvar+pg_dms__cnn__seed43,MLH1,P43246:777:F>C,0,0.12112075
train-clinvar+pg_dms__cnn__seed43,MLH1,P43246:777:F>D,1,0.9960783
train-clinvar+pg_dms__cnn__seed43,MLH1,P43246:777:F>E,0,0.9938467
train-clinvar+pg_dms__cnn__seed43,MLH1,P43246:777:F>G,0,0.98413277
train-clinvar+pg_dms__cnn__seed43,MLH1,P43246:777:F>I,0,0.4901384
train-clinvar+pg_dms__cnn__seed43,MLH1,P43246:777:F>K,0,0.984101
train-clinvar+pg_dms__cnn__seed43,MLH1,P43246:777:F>A,0,0.87616885
train-clinvar+pg_dms__cnn__seed43,MLH1,P43246:777:F>L,0,0.98146
train-clinvar+pg_dms__cnn__seed43,MLH1,P43246:777:F>N,0,0.88788176
train-clinvar+pg_dms__cnn__seed43,MLH1,P43246:777:F>P,0,0.99652344
train-clinvar+pg_dms__cnn__seed43,MLH1,P43246:777:F>Q,0,0.9719222
train-clinvar+pg_dms__cnn__seed43,MLH1,P43246:777:F>R,0,0.9745087
train-clinvar+pg_dms__cnn__seed43,MLH1,P43246:777:F>S,0,0.6041265
train-clinvar+pg_dms__cnn__seed43,MLH1,P43246:777:F>T,0,0.9704169
train-clinvar+pg_dms__cnn__seed43,MLH1,P43246:777:F>M,0,0.9424243
train-clinvar+pg_dms__cnn__seed43,MLH1,P43246:777:F>V,0,0.5257102
train-clinvar+pg_dms__cnn__seed43,MLH1,P43246:777:F>Y,0,0.05205886
train-clinvar+pg_dms__cnn__seed43,MLH1,P43246:781:A>Q,1,0.9460903
train-clinvar+pg_dms__cnn__seed43,MLH1,P43246:781:A>V,1,0.9585701
train-clinvar+pg_dms__cnn__seed43,MLH1,P43246:781:A>W,1,0.9839251
train-clinvar+pg_dms__cnn__seed43,MLH1,P43246:781:A>Y,1,0.9881688
train-clinvar+pg_dms__cnn__seed43,MLH1,P43246:781:A>S,0,0.22819224
train-clinvar+pg_dms__cnn__seed43,MLH1,P43246:781:A>R,1,0.99477506
train-clinvar+pg_dms__cnn__seed43,MLH1,P43246:781:A>C,0,0.77547395
train-clinvar+pg_dms__cnn__seed43,MLH1,P43246:781:A>E,0,0.9824424
train-clinvar+pg_dms__cnn__seed43,MLH1,P43246:781:A>P,0,0.99108255
train-clinvar+pg_dms__cnn__seed43,MLH1,P43246:781:A>G,0,0.9196106
train-clinvar+pg_dms__cnn__seed43,MLH1,P43246:781:A>H,1,0.9798162
train-clinvar+pg_dms__cnn__seed43,MLH1,P43246:781:A>I,1,0.96597266
train-clinvar+pg_dms__cnn__seed43,MLH1,P43246:781:A>N,0,0.97204757
train-clinvar+pg_dms__cnn__seed43,MLH1,P43246:781:A>M,1,0.94900066
train-clinvar+pg_dms__cnn__seed43,MLH1,P43246:781:A>L,0,0.97748053
train-clinvar+pg_dms__cnn__seed43,MLH1,P43246:781:A>K,1,0.97882974
train-clinvar+pg_dms__cnn__seed43,MLH1,P43246:781:A>F,1,0.9889628
train-clinvar+pg_dms__cnn__seed43,MLH1,P43246:786:E>Y,1,0.101625316
train-clinvar+pg_dms__cnn__seed43,MLH1,P43246:786:E>W,1,0.49977466
train-clinvar+pg_dms__cnn__seed43,MLH1,P43246:786:E>V,0,0.29596105
train-clinvar+pg_dms__cnn__seed43,MLH1,P43246:786:E>T,0,0.19514734
train-clinvar+pg_dms__cnn__seed43,MLH1,P43246:786:E>S,0,0.12407536
train-clinvar+pg_dms__cnn__seed43,MLH1,P43246:786:E>R,0,0.33955866
train-clinvar+pg_dms__cnn__seed43,MLH1,P43246:786:E>Q,0,0.09868641
train-clinvar+pg_dms__cnn__seed43,MLH1,P43246:786:E>P,0,0.7414091
train-clinvar+pg_dms__cnn__seed43,MLH1,P43246:786:E>L,0,0.34467325
train-clinvar+pg_dms__cnn__seed43,MLH1,P43246:786:E>A,0,0.09619328
train-clinvar+pg_dms__cnn__seed43,MLH1,P43246:786:E>I,0,0.2276615
train-clinvar+pg_dms__cnn__seed43,MLH1,P43246:786:E>H,0,0.27824122
train-clinvar+pg_dms__cnn__seed43,MLH1,P43246:786:E>G,0,0.4693467
train-clinvar+pg_dms__cnn__seed43,MLH1,P43246:786:E>F,0,0.059447322
train-clinvar+pg_dms__cnn__seed43,MLH1,P43246:786:E>C,0,0.046914436
train-clinvar+pg_dms__cnn__seed43,MLH1,P43246:786:E>D,0,0.60852116
train-clinvar+pg_dms__cnn__seed43,MLH1,P43246:786:E>N,0,0.16250908
train-clinvar+pg_dms__cnn__seed43,MLH1,P43246:786:E>M,0,0.5668149
train-clinvar+pg_dms__cnn__seed43,MLH1,P43246:790:L>F,0,0.06095091
train-clinvar+pg_dms__cnn__seed43,MLH1,P43246:790:L>P,1,0.98680115
train-clinvar+pg_dms__cnn__seed43,MLH1,P43246:790:L>R,1,0.88862634
train-clinvar+pg_dms__cnn__seed43,MLH1,P43246:790:L>S,1,0.78273314
train-clinvar+pg_dms__cnn__seed43,MLH1,P43246:790:L>T,0,0.25419378
train-clinvar+pg_dms__cnn__seed43,MLH1,P43246:790:L>V,0,0.033985864
train-clinvar+pg_dms__cnn__seed43,MLH1,P43246:790:L>W,1,0.7441252
train-clinvar+pg_dms__cnn__seed43,MLH1,P43246:790:L>M,0,0.03311002
train-clinvar+pg_dms__cnn__seed43,MLH1,P43246:790:L>K,1,0.98180884
train-clinvar+pg_dms__cnn__seed43,MLH1,P43246:790:L>I,0,0.010289088
train-clinvar+pg_dms__cnn__seed43,MLH1,P43246:790:L>H,1,0.9470316
train-clinvar+pg_dms__cnn__seed43,MLH1,P43246:790:L>G,1,0.9812718
train-clinvar+pg_dms__cnn__seed43,MLH1,P43246:790:L>D,1,0.99489295
train-clinvar+pg_dms__cnn__seed43,MLH1,P43246:790:L>C,0,0.0306376
train-clinvar+pg_dms__cnn__seed43,MLH1,P43246:790:L>A,0,0.5750267
train-clinvar+pg_dms__cnn__seed43,MLH1,P43246:790:L>Q,0,0.38803035
train-clinvar+pg_dms__cnn__seed43,MLH1,P43246:790:L>N,1,0.9148112
train-clinvar+pg_dms__cnn__seed43,MLH1,P43246:792:N>V,0,0.004246756
train-clinvar+pg_dms__cnn__seed43,MLH1,P43246:792:N>T,0,0.006114581
train-clinvar+pg_dms__cnn__seed43,MLH1,P43246:792:N>S,0,0.016487084
train-clinvar+pg_dms__cnn__seed43,MLH1,P43246:792:N>R,0,0.005201306
train-clinvar+pg_dms__cnn__seed43,MLH1,P43246:792:N>Q,1,0.003437921
train-clinvar+pg_dms__cnn__seed43,MLH1,P43246:792:N>P,0,0.033608984
train-clinvar+pg_dms__cnn__seed43,MLH1,P43246:792:N>A,0,0.002757301
train-clinvar+pg_dms__cnn__seed43,MLH1,P43246:792:N>F,0,0.007814679
train-clinvar+pg_dms__cnn__seed43,MLH1,P43246:792:N>D,0,0.028729057
train-clinvar+pg_dms__cnn__seed43,MLH1,P43246:792:N>E,0,0.004311909
train-clinvar+pg_dms__cnn__seed43,MLH1,P43246:792:N>G,0,0.0069811447
train-clinvar+pg_dms__cnn__seed43,MLH1,P43246:792:N>H,0,0.0030463836
train-clinvar+pg_dms__cnn__seed43,MLH1,P43246:792:N>M,0,0.024866933
train-clinvar+pg_dms__cnn__seed43,MLH1,P43246:792:N>K,0,0.01862809
train-clinvar+pg_dms__cnn__seed43,MLH1,P43246:792:N>C,0,0.0016398114
train-clinvar+pg_dms__cnn__seed43,MLH1,P43246:792:N>L,0,0.0030952091
train-clinvar+pg_dms__cnn__seed43,MLH1,P43246:792:N>Y,0,0.003630346
train-clinvar+pg_dms__cnn__seed43,MLH1,P43246:792:N>W,0,0.33094183
train-clinvar+pg_dms__cnn__seed43,MLH1,P43246:794:I>C,0,0.014857437
train-clinvar+pg_dms__cnn__seed43,MLH1,P43246:794:I>V,0,0.07604857
train-clinvar+pg_dms__cnn__seed43,MLH1,P43246:794:I>T,0,0.062745936
train-clinvar+pg_dms__cnn__seed43,MLH1,P43246:794:I>S,0,0.035687953
train-clinvar+pg_dms__cnn__seed43,MLH1,P43246:794:I>R,0,0.024329942
train-clinvar+pg_dms__cnn__seed43,MLH1,P43246:794:I>Q,0,0.026711972
train-clinvar+pg_dms__cnn__seed43,MLH1,P43246:794:I>P,1,0.9263086
train-clinvar+pg_dms__cnn__seed43,MLH1,P43246:794:I>N,0,0.019256476
train-clinvar+pg_dms__cnn__seed43,MLH1,P43246:794:I>M,1,0.1655441
train-clinvar+pg_dms__cnn__seed43,MLH1,P43246:794:I>A,0,0.025566183
train-clinvar+pg_dms__cnn__seed43,MLH1,P43246:794:I>L,0,0.025477748
train-clinvar+pg_dms__cnn__seed43,MLH1,P43246:794:I>H,0,0.059065226
train-clinvar+pg_dms__cnn__seed43,MLH1,P43246:794:I>G,0,0.16643731
train-clinvar+pg_dms__cnn__seed43,MLH1,P43246:794:I>F,0,0.011740434
train-clinvar+pg_dms__cnn__seed43,MLH1,P43246:794:I>E,0,0.06636474
train-clinvar+pg_dms__cnn__seed43,MLH1,P43246:794:I>D,0,0.48089355
train-clinvar+pg_dms__cnn__seed43,MLH1,P43246:794:I>Y,0,0.01187491
train-clinvar+pg_dms__cnn__seed43,MLH1,P43246:794:I>W,0,0.5611726
train-clinvar+pg_dms__cnn__seed43,MLH1,P43246:803:T>D,1,0.23896603
train-clinvar+pg_dms__cnn__seed43,MLH1,P43246:803:T>A,0,0.035493113
train-clinvar+pg_dms__cnn__seed43,MLH1,P43246:803:T>C,0,0.022168986
train-clinvar+pg_dms__cnn__seed43,MLH1,P43246:803:T>W,0,0.7041012
train-clinvar+pg_dms__cnn__seed43,MLH1,P43246:803:T>Y,1,0.0919879
train-clinvar+pg_dms__cnn__seed43,MLH1,P43246:803:T>S,0,0.032820556
train-clinvar+pg_dms__cnn__seed43,MLH1,P43246:803:T>M,0,0.13414149
train-clinvar+pg_dms__cnn__seed43,MLH1,P43246:803:T>L,0,0.016243938
train-clinvar+pg_dms__cnn__seed43,MLH1,P43246:803:T>N,0,0.025778892
train-clinvar+pg_dms__cnn__seed43,MLH1,P43246:803:T>E,0,0.0568424
train-clinvar+pg_dms__cnn__seed43,MLH1,P43246:803:T>P,0,0.922536
train-clinvar+pg_dms__cnn__seed43,MLH1,P43246:803:T>Q,0,0.03949415
train-clinvar+pg_dms__cnn__seed43,MLH1,P43246:803:T>V,0,0.036499888
train-clinvar+pg_dms__cnn__seed43,MLH1,P43246:803:T>K,0,0.049081426
train-clinvar+pg_dms__cnn__seed43,MLH1,P43246:803:T>H,0,0.08170875
train-clinvar+pg_dms__cnn__seed43,MLH1,P43246:803:T>G,0,0.036687594
train-clinvar+pg_dms__cnn__seed43,MLH1,P43246:803:T>R,0,0.04928852
train-clinvar+pg_dms__cnn__seed43,MLH1,P43246:812:T>A,0,0.023496203
train-clinvar+pg_dms__cnn__seed43,MLH1,P43246:812:T>C,0,0.02177591
train-clinvar+pg_dms__cnn__seed43,MLH1,P43246:812:T>E,0,0.28372017
train-clinvar+pg_dms__cnn__seed43,MLH1,P43246:812:T>F,0,0.052533306
train-clinvar+pg_dms__cnn__seed43,MLH1,P43246:812:T>G,1,0.20032297
train-clinvar+pg_dms__cnn__seed43,MLH1,P43246:812:T>H,0,0.071791805
train-clinvar+pg_dms__cnn__seed43,MLH1,P43246:812:T>I,0,0.042060457
train-clinvar+pg_dms__cnn__seed43,MLH1,P43246:812:T>L,0,0.024555285
train-clinvar+pg_dms__cnn__seed43,MLH1,P43246:812:T>M,0,0.024026714
train-clinvar+pg_dms__cnn__seed43,MLH1,P43246:812:T>N,0,0.032961637
train-clinvar+pg_dms__cnn__seed43,MLH1,P43246:812:T>P,0,0.7315768
train-clinvar+pg_dms__cnn__seed43,MLH1,P43246:812:T>Q,0,0.030077424
train-clinvar+pg_dms__cnn__seed43,MLH1,P43246:812:T>R,0,0.09974489
train-clinvar+pg_dms__cnn__seed43,MLH1,P43246:812:T>S,0,0.059013285
train-clinvar+pg_dms__cnn__seed43,MLH1,P43246:812:T>Y,0,0.16406131
train-clinvar+pg_dms__cnn__seed43,MLH1,P43246:812:T>W,0,0.7697146
train-clinvar+pg_dms__cnn__seed43,MLH1,P43246:812:T>V,0,0.03227867
train-clinvar+pg_dms__cnn__seed43,MLH1,P43246:812:T>K,0,0.13653877
train-clinvar+pg_dms__cnn__seed43,MLH1,P43246:814:L>W,0,0.22831719
train-clinvar+pg_dms__cnn__seed43,MLH1,P43246:814:L>P,0,0.56212395
train-clinvar+pg_dms__cnn__seed43,MLH1,P43246:814:L>V,0,0.12490726
train-clinvar+pg_dms__cnn__seed43,MLH1,P43246:814:L>T,0,0.29251122
train-clinvar+pg_dms__cnn__seed43,MLH1,P43246:814:L>S,0,0.0637003
train-clinvar+pg_dms__cnn__seed43,MLH1,P43246:814:L>R,0,0.08933875
train-clinvar+pg_dms__cnn__seed43,MLH1,P43246:814:L>Q,0,0.016550321
train-clinvar+pg_dms__cnn__seed43,MLH1,P43246:814:L>N,0,0.051760033
train-clinvar+pg_dms__cnn__seed43,MLH1,P43246:814:L>F,0,0.21702203
train-clinvar+pg_dms__cnn__seed43,MLH1,P43246:814:L>K,0,0.17748299
train-clinvar+pg_dms__cnn__seed43,MLH1,P43246:814:L>H,0,0.24276942
train-clinvar+pg_dms__cnn__seed43,MLH1,P43246:814:L>G,0,0.13277036
train-clinvar+pg_dms__cnn__seed43,MLH1,P43246:814:L>Y,0,0.5388393
train-clinvar+pg_dms__cnn__seed43,MLH1,P43246:814:L>E,0,0.112977274
train-clinvar+pg_dms__cnn__seed43,MLH1,P43246:814:L>D,0,0.6058353
train-clinvar+pg_dms__cnn__seed43,MLH1,P43246:814:L>A,0,0.31333435
train-clinvar+pg_dms__cnn__seed43,MLH1,P43246:814:L>M,0,0.05344008
train-clinvar+pg_dms__cnn__seed43,MLH1,P43246:814:L>C,0,0.035750493
train-clinvar+pg_dms__cnn__seed43,MLH1,P43246:817:V>I,0,0.024225898
train-clinvar+pg_dms__cnn__seed43,MLH1,P43246:817:V>C,0,0.7332612
train-clinvar+pg_dms__cnn__seed43,MLH1,P43246:817:V>A,0,0.94671243
train-clinvar+pg_dms__cnn__seed43,MLH1,P43246:817:V>D,1,0.9967907
train-clinvar+pg_dms__cnn__seed43,MLH1,P43246:817:V>F,0,0.90905225
train-clinvar+pg_dms__cnn__seed43,MLH1,P43246:817:V>G,1,0.9868841
train-clinvar+pg_dms__cnn__seed43,MLH1,P43246:817:V>N,0,0.9973252
train-clinvar+pg_dms__cnn__seed43,MLH1,P43246:817:V>M,1,0.86828345
train-clinvar+pg_dms__cnn__seed43,MLH1,P43246:817:V>P,1,0.99914014
train-clinvar+pg_dms__cnn__seed43,MLH1,P43246:817:V>Q,0,0.9941789
train-clinvar+pg_dms__cnn__seed43,MLH1,P43246:817:V>R,1,0.99779886
train-clinvar+pg_dms__cnn__seed43,MLH1,P43246:817:V>S,0,0.99472237
train-clinvar+pg_dms__cnn__seed43,MLH1,P43246:817:V>T,0,0.9652659
train-clinvar+pg_dms__cnn__seed43,MLH1,P43246:817:V>L,0,0.8488475
train-clinvar+pg_dms__cnn__seed43,MLH1,P43246:817:V>W,1,0.9760193
train-clinvar+pg_dms__cnn__seed43,MLH1,P43246:817:V>K,1,0.996967
train-clinvar+pg_dms__cnn__seed43,MLH1,P43246:824:Q>H,0,0.054734632
train-clinvar+pg_dms__cnn__seed43,MLH1,P43246:824:Q>Y,0,0.041114293
train-clinvar+pg_dms__cnn__seed43,MLH1,P43246:824:Q>W,1,0.524475
train-clinvar+pg_dms__cnn__seed43,MLH1,P43246:824:Q>V,0,0.09166236
train-clinvar+pg_dms__cnn__seed43,MLH1,P43246:824:Q>T,0,0.06116203
train-clinvar+pg_dms__cnn__seed43,MLH1,P43246:824:Q>S,0,0.02257191
train-clinvar+pg_dms__cnn__seed43,MLH1,P43246:824:Q>I,0,0.06464435
train-clinvar+pg_dms__cnn__seed43,MLH1,P43246:824:Q>P,1,0.39051402
train-clinvar+pg_dms__cnn__seed43,MLH1,P43246:824:Q>A,0,0.018832041
train-clinvar+pg_dms__cnn__seed43,MLH1,P43246:824:Q>R,0,0.007352216
train-clinvar+pg_dms__cnn__seed43,MLH1,P43246:824:Q>D,0,0.14583369
train-clinvar+pg_dms__cnn__seed43,MLH1,P43246:824:Q>E,0,0.019297723
train-clinvar+pg_dms__cnn__seed43,MLH1,P43246:824:Q>F,0,0.13353637
train-clinvar+pg_dms__cnn__seed43,MLH1,P43246:824:Q>N,0,0.033654034
train-clinvar+pg_dms__cnn__seed43,MLH1,P43246:824:Q>M,0,0.25288856
train-clinvar+pg_dms__cnn__seed43,MLH1,P43246:824:Q>L,0,0.020537283
train-clinvar+pg_dms__cnn__seed43,MLH1,P43246:824:Q>K,0,0.00809458
train-clinvar+pg_dms__cnn__seed43,MLH1,P43246:824:Q>G,0,0.076363005
train-clinvar+pg_dms__cnn__seed43,MLH1,P43246:824:Q>C,0,0.021747325
train-clinvar+pg_dms__cnn__seed43,MLH1,P43246:825:S>A,0,0.04231462
train-clinvar+pg_dms__cnn__seed43,MLH1,P43246:825:S>C,0,0.036371816
train-clinvar+pg_dms__cnn__seed43,MLH1,P43246:825:S>D,0,0.22111398
train-clinvar+pg_dms__cnn__seed43,MLH1,P43246:825:S>E,0,0.216804
train-clinvar+pg_dms__cnn__seed43,MLH1,P43246:825:S>H,0,0.18296711
train-clinvar+pg_dms__cnn__seed43,MLH1,P43246:825:S>L,1,0.08279893
train-clinvar+pg_dms__cnn__seed43,MLH1,P43246:825:S>K,0,0.093692176
train-clinvar+pg_dms__cnn__seed43,MLH1,P43246:825:S>V,0,0.121094175
train-clinvar+pg_dms__cnn__seed43,MLH1,P43246:825:S>T,0,0.035215512
train-clinvar+pg_dms__cnn__seed43,MLH1,P43246:825:S>R,0,0.32213283
train-clinvar+pg_dms__cnn__seed43,MLH1,P43246:825:S>P,0,0.5520977
train-clinvar+pg_dms__cnn__seed43,MLH1,P43246:825:S>N,1,0.107133
train-clinvar+pg_dms__cnn__seed43,MLH1,P43246:825:S>M,1,0.22246607
train-clinvar+pg_dms__cnn__seed43,MLH1,P43246:825:S>W,1,0.3065936
train-clinvar+pg_dms__cnn__seed43,MLH1,P43246:825:S>I,0,0.15146486
train-clinvar+pg_dms__cnn__seed43,MLH1,P43246:831:A>Y,0,0.13029526
train-clinvar+pg_dms__cnn__seed43,MLH1,P43246:831:A>K,1,0.27486685
train-clinvar+pg_dms__cnn__seed43,MLH1,P43246:831:A>C,0,0.0145617565
train-clinvar+pg_dms__cnn__seed43,MLH1,P43246:831:A>D,1,0.54840773
train-clinvar+pg_dms__cnn__seed43,MLH1,P43246:831:A>H,1,0.25922078
train-clinvar+pg_dms__cnn__seed43,MLH1,P43246:831:A>W,0,0.17304014
train-clinvar+pg_dms__cnn__seed43,MLH1,P43246:831:A>I,0,0.21804996
train-clinvar+pg_dms__cnn__seed43,MLH1,P43246:831:A>F,0,0.06296788
train-clinvar+pg_dms__cnn__seed43,MLH1,P43246:831:A>V,0,0.1776612
train-clinvar+pg_dms__cnn__seed43,MLH1,P43246:831:A>L,0,0.09915122
train-clinvar+pg_dms__cnn__seed43,MLH1,P43246:831:A>S,0,0.03372176
train-clinvar+pg_dms__cnn__seed43,MLH1,P43246:831:A>Q,0,0.2607532
train-clinvar+pg_dms__cnn__seed43,MLH1,P43246:831:A>P,1,0.68509424
train-clinvar+pg_dms__cnn__seed43,MLH1,P43246:831:A>T,0,0.03446193
train-clinvar+pg_dms__cnn__seed43,MLH1,P43246:831:A>M,0,0.19536185
train-clinvar+pg_dms__cnn__seed43,MLH1,P43246:831:A>R,1,0.33593875
train-clinvar+pg_dms__cnn__seed43,MLH1,P43246:831:A>N,1,0.18674064
train-clinvar+pg_dms__cnn__seed43,MLH1,P43246:837:P>T,0,0.5436358
train-clinvar+pg_dms__cnn__seed43,MLH1,P43246:837:P>L,1,0.57257456
train-clinvar+pg_dms__cnn__seed43,MLH1,P43246:837:P>S,0,0.43733132
train-clinvar+pg_dms__cnn__seed43,MLH1,P43246:837:P>R,0,0.74440575
train-clinvar+pg_dms__cnn__seed43,MLH1,P43246:837:P>Q,0,0.34975696
train-clinvar+pg_dms__cnn__seed43,MLH1,P43246:837:P>N,0,0.5451011
train-clinvar+pg_dms__cnn__seed43,MLH1,P43246:837:P>M,0,0.43318167
train-clinvar+pg_dms__cnn__seed43,MLH1,P43246:837:P>K,0,0.78982604
train-clinvar+pg_dms__cnn__seed43,MLH1,P43246:837:P>W,1,0.70976
train-clinvar+pg_dms__cnn__seed43,MLH1,P43246:837:P>I,1,0.6187066
train-clinvar+pg_dms__cnn__seed43,MLH1,P43246:837:P>G,0,0.54715794
train-clinvar+pg_dms__cnn__seed43,MLH1,P43246:837:P>F,1,0.30976936
train-clinvar+pg_dms__cnn__seed43,MLH1,P43246:837:P>E,0,0.78133065
train-clinvar+pg_dms__cnn__seed43,MLH1,P43246:837:P>Y,0,0.6084998
train-clinvar+pg_dms__cnn__seed43,MLH1,P43246:837:P>D,0,0.9502242
train-clinvar+pg_dms__cnn__seed43,MLH1,P43246:837:P>C,0,0.19067247
train-clinvar+pg_dms__cnn__seed43,MLH1,P43246:837:P>A,0,0.4684823
train-clinvar+pg_dms__cnn__seed43,MLH1,P43246:837:P>H,0,0.58960754
train-clinvar+pg_dms__cnn__seed43,MLH1,P43246:837:P>V,1,0.62237537
train-clinvar+pg_dms__cnn__seed43,MLH1,P43246:854:F>G,0,0.02187496
train-clinvar+pg_dms__cnn__seed43,MLH1,P43246:854:F>H,0,0.01572391
train-clinvar+pg_dms__cnn__seed43,MLH1,P43246:854:F>I,0,0.0063102497
train-clinvar+pg_dms__cnn__seed43,MLH1,P43246:854:F>K,0,0.018746154
train-clinvar+pg_dms__cnn__seed43,MLH1,P43246:854:F>L,0,0.01696343
train-clinvar+pg_dms__cnn__seed43,MLH1,P43246:854:F>N,0,0.012067165
train-clinvar+pg_dms__cnn__seed43,MLH1,P43246:854:F>P,0,0.12134447
train-clinvar+pg_dms__cnn__seed43,MLH1,P43246:854:F>Q,0,0.014536652
train-clinvar+pg_dms__cnn__seed43,MLH1,P43246:854:F>R,0,0.023903113
train-clinvar+pg_dms__cnn__seed43,MLH1,P43246:854:F>S,0,0.011597619
train-clinvar+pg_dms__cnn__seed43,MLH1,P43246:854:F>W,0,0.17445979
train-clinvar+pg_dms__cnn__seed43,MLH1,P43246:854:F>V,0,0.016681638
train-clinvar+pg_dms__cnn__seed43,MLH1,P43246:854:F>T,0,0.028587334
train-clinvar+pg_dms__cnn__seed43,MLH1,P43246:854:F>M,0,0.05479459
train-clinvar+pg_dms__cnn__seed43,MLH1,P43246:854:F>E,0,0.01376006
train-clinvar+pg_dms__cnn__seed43,MLH1,P43246:854:F>C,0,0.021761307
train-clinvar+pg_dms__cnn__seed43,MLH1,P43246:854:F>D,0,0.026383042
train-clinvar+pg_dms__cnn__seed43,MLH1,P43246:854:F>A,0,0.013554094
train-clinvar+pg_dms__cnn__seed43,MLH1,P43246:854:F>Y,0,0.0021258339
train-clinvar+pg_dms__cnn__seed43,MLH1,P43246:863:Y>R,0,0.010151708
train-clinvar+pg_dms__cnn__seed43,MLH1,P43246:863:Y>V,0,0.016930731
train-clinvar+pg_dms__cnn__seed43,MLH1,P43246:863:Y>W,0,0.14227794
train-clinvar+pg_dms__cnn__seed43,MLH1,P43246:863:Y>T,0,0.020449754
train-clinvar+pg_dms__cnn__seed43,MLH1,P43246:863:Y>S,0,0.006801773
train-clinvar+pg_dms__cnn__seed43,MLH1,P43246:863:Y>Q,0,0.0103933355
train-clinvar+pg_dms__cnn__seed43,MLH1,P43246:863:Y>D,0,0.020445595
train-clinvar+pg_dms__cnn__seed43,MLH1,P43246:863:Y>N,0,0.007835671
train-clinvar+pg_dms__cnn__seed43,MLH1,P43246:863:Y>M,0,0.030022379
train-clinvar+pg_dms__cnn__seed43,MLH1,P43246:863:Y>L,0,0.008715889
train-clinvar+pg_dms__cnn__seed43,MLH1,P43246:863:Y>K,0,0.009071517
train-clinvar+pg_dms__cnn__seed43,MLH1,P43246:863:Y>I,0,0.010512923
train-clinvar+pg_dms__cnn__seed43,MLH1,P43246:863:Y>H,0,0.019077871
train-clinvar+pg_dms__cnn__seed43,MLH1,P43246:863:Y>P,0,0.027418261
train-clinvar+pg_dms__cnn__seed43,MLH1,P43246:863:Y>F,0,0.015272276
train-clinvar+pg_dms__cnn__seed43,MLH1,P43246:863:Y>E,0,0.011965128
train-clinvar+pg_dms__cnn__seed43,MLH1,P43246:863:Y>C,0,0.015053117
train-clinvar+pg_dms__cnn__seed43,MLH1,P43246:863:Y>A,0,0.014144692
train-clinvar+pg_dms__cnn__seed43,MLH1,P43246:863:Y>G,0,0.01389672
train-clinvar+pg_dms__cnn__seed43,MLH1,P43246:864:D>T,0,0.014906888
train-clinvar+pg_dms__cnn__seed43,MLH1,P43246:864:D>A,0,0.0090405615
train-clinvar+pg_dms__cnn__seed43,MLH1,P43246:864:D>C,0,0.01513065
train-clinvar+pg_dms__cnn__seed43,MLH1,P43246:864:D>F,0,0.017949298
train-clinvar+pg_dms__cnn__seed43,MLH1,P43246:864:D>G,0,0.022049055
train-clinvar+pg_dms__cnn__seed43,MLH1,P43246:864:D>H,0,0.014147298
train-clinvar+pg_dms__cnn__seed43,MLH1,P43246:864:D>I,0,0.009575576
train-clinvar+pg_dms__cnn__seed43,MLH1,P43246:864:D>K,0,0.010621575
train-clinvar+pg_dms__cnn__seed43,MLH1,P43246:864:D>L,0,0.014345219
train-clinvar+pg_dms__cnn__seed43,MLH1,P43246:864:D>M,0,0.054962747
train-clinvar+pg_dms__cnn__seed43,MLH1,P43246:864:D>P,0,0.030910244
train-clinvar+pg_dms__cnn__seed43,MLH1,P43246:864:D>Q,0,0.010976259
train-clinvar+pg_dms__cnn__seed43,MLH1,P43246:864:D>Y,0,0.010500524
train-clinvar+pg_dms__cnn__seed43,MLH1,P43246:864:D>R,0,0.011995777
train-clinvar+pg_dms__cnn__seed43,MLH1,P43246:864:D>W,0,0.22527543
train-clinvar+pg_dms__cnn__seed43,MLH1,P43246:864:D>V,0,0.011684272
train-clinvar+pg_dms__cnn__seed43,MLH1,P43246:864:D>S,0,0.008740598
train-clinvar+pg_dms__cnn__seed43,MLH1,P43246:868:P>S,0,0.04980916
train-clinvar+pg_dms__cnn__seed43,MLH1,P43246:868:P>W,0,0.3538092
train-clinvar+pg_dms__cnn__seed43,MLH1,P43246:868:P>A,0,0.042871024
train-clinvar+pg_dms__cnn__seed43,MLH1,P43246:868:P>C,0,0.05137189
train-clinvar+pg_dms__cnn__seed43,MLH1,P43246:868:P>D,0,0.03696533
train-clinvar+pg_dms__cnn__seed43,MLH1,P43246:868:P>E,0,0.05724351
train-clinvar+pg_dms__cnn__seed43,MLH1,P43246:868:P>F,0,0.06299069
train-clinvar+pg_dms__cnn__seed43,MLH1,P43246:868:P>G,0,0.033772703
train-clinvar+pg_dms__cnn__seed43,MLH1,P43246:868:P>H,0,0.037989303
train-clinvar+pg_dms__cnn__seed43,MLH1,P43246:868:P>K,0,0.036575776
train-clinvar+pg_dms__cnn__seed43,MLH1,P43246:868:P>L,0,0.022393726
train-clinvar+pg_dms__cnn__seed43,MLH1,P43246:868:P>M,0,0.099781
train-clinvar+pg_dms__cnn__seed43,MLH1,P43246:868:P>N,0,0.016091915
train-clinvar+pg_dms__cnn__seed43,MLH1,P43246:868:P>R,0,0.052586585
train-clinvar+pg_dms__cnn__seed43,MLH1,P43246:868:P>T,0,0.05136994
train-clinvar+pg_dms__cnn__seed43,MLH1,P43246:868:P>V,0,0.055473026
train-clinvar+pg_dms__cnn__seed43,MLH1,P43246:868:P>Y,0,0.114977226
train-clinvar+pg_dms__cnn__seed43,MLH1,P43246:868:P>I,0,0.018649742
train-clinvar+pg_dms__cnn__seed43,MLH1,P43246:871:K>S,0,0.1464109
train-clinvar+pg_dms__cnn__seed43,MLH1,P43246:871:K>R,0,0.039493002
train-clinvar+pg_dms__cnn__seed43,MLH1,P43246:871:K>A,0,0.123950444
train-clinvar+pg_dms__cnn__seed43,MLH1,P43246:871:K>C,0,0.083853394
train-clinvar+pg_dms__cnn__seed43,MLH1,P43246:871:K>Y,0,0.1586727
train-clinvar+pg_dms__cnn__seed43,MLH1,P43246:871:K>D,0,0.25071472
train-clinvar+pg_dms__cnn__seed43,MLH1,P43246:871:K>E,0,0.08222129
train-clinvar+pg_dms__cnn__seed43,MLH1,P43246:871:K>T,0,0.1250856
train-clinvar+pg_dms__cnn__seed43,MLH1,P43246:871:K>G,0,0.12462209
train-clinvar+pg_dms__cnn__seed43,MLH1,P43246:871:K>F,0,0.11693978
train-clinvar+pg_dms__cnn__seed43,MLH1,P43246:871:K>V,0,0.14188965
train-clinvar+pg_dms__cnn__seed43,MLH1,P43246:871:K>W,0,0.44754395
train-clinvar+pg_dms__cnn__seed43,MLH1,P43246:871:K>P,0,0.21849239
train-clinvar+pg_dms__cnn__seed43,MLH1,P43246:871:K>N,0,0.24277206
train-clinvar+pg_dms__cnn__seed43,MLH1,P43246:871:K>Q,0,0.03337856
train-clinvar+pg_dms__cnn__seed43,MLH1,P43246:871:K>M,0,0.26961067
train-clinvar+pg_dms__cnn__seed43,MLH1,P43246:871:K>L,0,0.12394672
train-clinvar+pg_dms__cnn__seed43,MLH1,P43246:871:K>I,0,0.14412193
train-clinvar+pg_dms__cnn__seed43,MLH1,P43246:871:K>H,0,0.15342376
train-clinvar+pg_dms__cnn__seed43,MLH1,P43246:873:C>A,0,0.005092761
train-clinvar+pg_dms__cnn__seed43,MLH1,P43246:873:C>D,0,0.011761321
train-clinvar+pg_dms__cnn__seed43,MLH1,P43246:873:C>E,0,0.007797809
train-clinvar+pg_dms__cnn__seed43,MLH1,P43246:873:C>F,0,0.0039323447
train-clinvar+pg_dms__cnn__seed43,MLH1,P43246:873:C>H,0,0.004524803
train-clinvar+pg_dms__cnn__seed43,MLH1,P43246:873:C>I,0,0.0054225
train-clinvar+pg_dms__cnn__seed43,MLH1,P43246:873:C>K,0,0.0044152183
train-clinvar+pg_dms__cnn__seed43,MLH1,P43246:873:C>L,0,0.002829513
train-clinvar+pg_dms__cnn__seed43,MLH1,P43246:873:C>N,0,0.0027061275
train-clinvar+pg_dms__cnn__seed43,MLH1,P43246:873:C>P,0,0.026686432
train-clinvar+pg_dms__cnn__seed43,MLH1,P43246:873:C>G,0,0.002897978
train-clinvar+pg_dms__cnn__seed43,MLH1,P43246:873:C>Q,0,0.0026153203
train-clinvar+pg_dms__cnn__seed43,MLH1,P43246:873:C>R,0,0.002356781
train-clinvar+pg_dms__cnn__seed43,MLH1,P43246:873:C>S,0,0.0020385028
train-clinvar+pg_dms__cnn__seed43,MLH1,P43246:873:C>T,0,0.010893266
train-clinvar+pg_dms__cnn__seed43,MLH1,P43246:873:C>V,0,0.004469744
train-clinvar+pg_dms__cnn__seed43,MLH1,P43246:879:Q>A,0,0.0029001625
train-clinvar+pg_dms__cnn__seed43,MLH1,P43246:879:Q>C,0,0.0024612397
train-clinvar+pg_dms__cnn__seed43,MLH1,P43246:879:Q>W,0,0.40985724
train-clinvar+pg_dms__cnn__seed43,MLH1,P43246:879:Q>D,0,0.007908941
train-clinvar+pg_dms__cnn__seed43,MLH1,P43246:879:Q>E,0,0.0044136047
train-clinvar+pg_dms__cnn__seed43,MLH1,P43246:879:Q>F,0,0.012934754
train-clinvar+pg_dms__cnn__seed43,MLH1,P43246:879:Q>G,0,0.0045042727
train-clinvar+pg_dms__cnn__seed43,MLH1,P43246:879:Q>I,0,0.004645452
train-clinvar+pg_dms__cnn__seed43,MLH1,P43246:879:Q>L,0,0.010754453
train-clinvar+pg_dms__cnn__seed43,MLH1,P43246:879:Q>M,0,0.05638163
train-clinvar+pg_dms__cnn__seed43,MLH1,P43246:879:Q>N,0,0.0027218135
train-clinvar+pg_dms__cnn__seed43,MLH1,P43246:879:Q>P,0,0.025903815
train-clinvar+pg_dms__cnn__seed43,MLH1,P43246:879:Q>R,0,0.0036450292
train-clinvar+pg_dms__cnn__seed43,MLH1,P43246:879:Q>S,0,0.0016305877
train-clinvar+pg_dms__cnn__seed43,MLH1,P43246:879:Q>T,0,0.0064746607
train-clinvar+pg_dms__cnn__seed43,MLH1,P43246:879:Q>V,0,0.006764492
train-clinvar+pg_dms__cnn__seed43,MLH1,P43246:879:Q>Y,0,0.0043289545
train-clinvar+pg_dms__cnn__seed43,MLH1,P43246:880:G>N,0,0.22245644
train-clinvar+pg_dms__cnn__seed43,MLH1,P43246:880:G>M,0,0.14593734
train-clinvar+pg_dms__cnn__seed43,MLH1,P43246:880:G>P,0,0.9710034
train-clinvar+pg_dms__cnn__seed43,MLH1,P43246:880:G>K,0,0.6359653
train-clinvar+pg_dms__cnn__seed43,MLH1,P43246:880:G>I,0,0.43095013
train-clinvar+pg_dms__cnn__seed43,MLH1,P43246:880:G>H,0,0.6838434
train-clinvar+pg_dms__cnn__seed43,MLH1,P43246:880:G>F,0,0.4687326
train-clinvar+pg_dms__cnn__seed43,MLH1,P43246:880:G>E,0,0.8046733
train-clinvar+pg_dms__cnn__seed43,MLH1,P43246:880:G>D,0,0.740983
train-clinvar+pg_dms__cnn__seed43,MLH1,P43246:880:G>C,0,0.017445795
train-clinvar+pg_dms__cnn__seed43,MLH1,P43246:880:G>A,0,0.013936667
train-clinvar+pg_dms__cnn__seed43,MLH1,P43246:880:G>V,0,0.14122006
train-clinvar+pg_dms__cnn__seed43,MLH1,P43246:880:G>Y,0,0.31383586
train-clinvar+pg_dms__cnn__seed43,MLH1,P43246:880:G>T,0,0.13969314
train-clinvar+pg_dms__cnn__seed43,MLH1,P43246:880:G>S,0,0.053162985
train-clinvar+pg_dms__cnn__seed43,MLH1,P43246:880:G>R,0,0.8155395
train-clinvar+pg_dms__cnn__seed43,MLH1,P43246:880:G>L,0,0.48526967
train-clinvar+pg_dms__cnn__seed43,MLH1,P43246:880:G>Q,0,0.6390603
train-clinvar+pg_dms__cnn__seed43,MLH1,P43246:886:E>C,0,0.009575924
train-clinvar+pg_dms__cnn__seed43,MLH1,P43246:886:E>D,0,0.0062020416
train-clinvar+pg_dms__cnn__seed43,MLH1,P43246:886:E>Y,0,0.0052525266
train-clinvar+pg_dms__cnn__seed43,MLH1,P43246:886:E>W,0,0.14221928
train-clinvar+pg_dms__cnn__seed43,MLH1,P43246:886:E>V,0,0.0070836954
train-clinvar+pg_dms__cnn__seed43,MLH1,P43246:886:E>T,0,0.006252626
train-clinvar+pg_dms__cnn__seed43,MLH1,P43246:886:E>S,0,0.006537635
train-clinvar+pg_dms__cnn__seed43,MLH1,P43246:886:E>P,1,0.57205284
train-clinvar+pg_dms__cnn__seed43,MLH1,P43246:886:E>Q,0,0.016265424
train-clinvar+pg_dms__cnn__seed43,MLH1,P43246:886:E>N,0,0.0046726055
train-clinvar+pg_dms__cnn__seed43,MLH1,P43246:886:E>M,0,0.03263493
train-clinvar+pg_dms__cnn__seed43,MLH1,P43246:886:E>L,0,0.0047200914
train-clinvar+pg_dms__cnn__seed43,MLH1,P43246:886:E>K,0,0.014692432
train-clinvar+pg_dms__cnn__seed43,MLH1,P43246:886:E>I,0,0.0054022474
train-clinvar+pg_dms__cnn__seed43,MLH1,P43246:886:E>H,0,0.017128734
train-clinvar+pg_dms__cnn__seed43,MLH1,P43246:886:E>R,0,0.0070707113
train-clinvar+pg_dms__cnn__seed43,MLH1,P43246:886:E>A,0,0.0032342856
train-clinvar+pg_dms__cnn__seed43,MLH1,P43246:886:E>F,0,0.010185885
train-clinvar+pg_dms__cnn__seed43,MLH1,P43246:889:S>N,0,0.0033242113
train-clinvar+pg_dms__cnn__seed43,MLH1,P43246:889:S>M,0,0.07675308
train-clinvar+pg_dms__cnn__seed43,MLH1,P43246:889:S>I,0,0.0051182606
train-clinvar+pg_dms__cnn__seed43,MLH1,P43246:889:S>P,0,0.112458356
train-clinvar+pg_dms__cnn__seed43,MLH1,P43246:889:S>Y,0,0.006506753
train-clinvar+pg_dms__cnn__seed43,MLH1,P43246:889:S>W,0,0.48400936
train-clinvar+pg_dms__cnn__seed43,MLH1,P43246:889:S>V,0,0.008906032
train-clinvar+pg_dms__cnn__seed43,MLH1,P43246:889:S>T,0,0.021060154
train-clinvar+pg_dms__cnn__seed43,MLH1,P43246:889:S>L,0,0.0028438184
train-clinvar+pg_dms__cnn__seed43,MLH1,P43246:889:S>K,0,0.00786209
train-clinvar+pg_dms__cnn__seed43,MLH1,P43246:889:S>Q,0,0.005577846
train-clinvar+pg_dms__cnn__seed43,MLH1,P43246:889:S>H,0,0.012437933
train-clinvar+pg_dms__cnn__seed43,MLH1,P43246:889:S>G,0,0.0045928126
train-clinvar+pg_dms__cnn__seed43,MLH1,P43246:889:S>E,0,0.0040325695
train-clinvar+pg_dms__cnn__seed43,MLH1,P43246:889:S>D,0,0.025484564
train-clinvar+pg_dms__cnn__seed43,MLH1,P43246:889:S>A,0,0.004115818
train-clinvar+pg_dms__cnn__seed43,MLH1,P43246:889:S>R,0,0.0067029037
train-clinvar+pg_dms__cnn__seed43,MLH1,P43246:892:K>L,0,0.026349343
train-clinvar+pg_dms__cnn__seed43,MLH1,P43246:892:K>D,0,0.2119991
train-clinvar+pg_dms__cnn__seed43,MLH1,P43246:892:K>E,0,0.016388806
train-clinvar+pg_dms__cnn__seed43,MLH1,P43246:892:K>F,0,0.093913525
train-clinvar+pg_dms__cnn__seed43,MLH1,P43246:892:K>G,0,0.0543757
train-clinvar+pg_dms__cnn__seed43,MLH1,P43246:892:K>H,0,0.04898866
train-clinvar+pg_dms__cnn__seed43,MLH1,P43246:892:K>I,0,0.03626414
train-clinvar+pg_dms__cnn__seed43,MLH1,P43246:892:K>M,0,0.13558383
train-clinvar+pg_dms__cnn__seed43,MLH1,P43246:892:K>N,0,0.029883431
train-clinvar+pg_dms__cnn__seed43,MLH1,P43246:892:K>C,0,0.011623042
train-clinvar+pg_dms__cnn__seed43,MLH1,P43246:892:K>P,0,0.79329765
train-clinvar+pg_dms__cnn__seed43,MLH1,P43246:892:K>R,0,0.015269995
train-clinvar+pg_dms__cnn__seed43,MLH1,P43246:892:K>S,0,0.01647907
train-clinvar+pg_dms__cnn__seed43,MLH1,P43246:892:K>T,0,0.041860122
train-clinvar+pg_dms__cnn__seed43,MLH1,P43246:892:K>V,0,0.13401869
train-clinvar+pg_dms__cnn__seed43,MLH1,P43246:892:K>W,0,0.575024
train-clinvar+pg_dms__cnn__seed43,MLH1,P43246:892:K>Y,0,0.029789532
train-clinvar+pg_dms__cnn__seed43,MLH1,P43246:892:K>Q,0,0.011844355
train-clinvar+pg_dms__cnn__seed43,MLH1,P43246:892:K>A,0,0.013853358
train-clinvar+pg_dms__cnn__seed43,MLH1,P43246:893:Q>V,0,0.04998657
train-clinvar+pg_dms__cnn__seed43,MLH1,P43246:893:Q>T,0,0.07873159
train-clinvar+pg_dms__cnn__seed43,MLH1,P43246:893:Q>S,0,0.017455017
train-clinvar+pg_dms__cnn__seed43,MLH1,P43246:893:Q>N,0,0.020561721
train-clinvar+pg_dms__cnn__seed43,MLH1,P43246:893:Q>W,0,0.5560166
train-clinvar+pg_dms__cnn__seed43,MLH1,P43246:893:Q>Y,0,0.054620802
train-clinvar+pg_dms__cnn__seed43,MLH1,P43246:893:Q>R,0,0.039187305
train-clinvar+pg_dms__cnn__seed43,MLH1,P43246:893:Q>P,0,0.21788335
train-clinvar+pg_dms__cnn__seed43,MLH1,P43246:893:Q>A,0,0.024304248
train-clinvar+pg_dms__cnn__seed43,MLH1,P43246:893:Q>M,0,0.17537674
train-clinvar+pg_dms__cnn__seed43,MLH1,P43246:893:Q>K,0,0.025781348
train-clinvar+pg_dms__cnn__seed43,MLH1,P43246:893:Q>I,0,0.04864953
train-clinvar+pg_dms__cnn__seed43,MLH1,P43246:893:Q>H,0,0.09942367
train-clinvar+pg_dms__cnn__seed43,MLH1,P43246:893:Q>F,0,0.09401193
train-clinvar+pg_dms__cnn__seed43,MLH1,P43246:893:Q>E,0,0.043888226
train-clinvar+pg_dms__cnn__seed43,MLH1,P43246:893:Q>D,0,0.11939033
train-clinvar+pg_dms__cnn__seed43,MLH1,P43246:893:Q>C,0,0.021689944
train-clinvar+pg_dms__cnn__seed43,MLH1,P43246:893:Q>G,0,0.04192398
train-clinvar+pg_dms__cnn__seed43,MLH1,P43246:893:Q>L,0,0.016216643
train-clinvar+pg_dms__cnn__seed43,MLH1,P43246:894:M>L,0,0.030424535
train-clinvar+pg_dms__cnn__seed43,MLH1,P43246:894:M>K,0,0.039172657
train-clinvar+pg_dms__cnn__seed43,MLH1,P43246:894:M>H,0,0.20057416
train-clinvar+pg_dms__cnn__seed43,MLH1,P43246:894:M>G,0,0.4445889
train-clinvar+pg_dms__cnn__seed43,MLH1,P43246:894:M>F,0,0.028654475
train-clinvar+pg_dms__cnn__seed43,MLH1,P43246:894:M>E,0,0.10367959
train-clinvar+pg_dms__cnn__seed43,MLH1,P43246:894:M>C,0,0.050269518
train-clinvar+pg_dms__cnn__seed43,MLH1,P43246:894:M>A,0,0.05172507
train-clinvar+pg_dms__cnn__seed43,MLH1,P43246:894:M>Y,0,0.05130634
train-clinvar+pg_dms__cnn__seed43,MLH1,P43246:894:M>W,0,0.513739
train-clinvar+pg_dms__cnn__seed43,MLH1,P43246:894:M>P,0,0.9954175
train-clinvar+pg_dms__cnn__seed43,MLH1,P43246:894:M>V,0,0.03704649
train-clinvar+pg_dms__cnn__seed43,MLH1,P43246:894:M>T,0,0.14106253
train-clinvar+pg_dms__cnn__seed43,MLH1,P43246:894:M>S,0,0.1182669
train-clinvar+pg_dms__cnn__seed43,MLH1,P43246:894:M>Q,0,0.024985785
train-clinvar+pg_dms__cnn__seed43,MLH1,P43246:894:M>N,0,0.34755993
train-clinvar+pg_dms__cnn__seed43,MLH1,P43246:895:P>Y,0,0.044035215
train-clinvar+pg_dms__cnn__seed43,MLH1,P43246:895:P>D,0,0.03675034
train-clinvar+pg_dms__cnn__seed43,MLH1,P43246:895:P>C,0,0.045360323
train-clinvar+pg_dms__cnn__seed43,MLH1,P43246:895:P>A,0,0.0123054795
train-clinvar+pg_dms__cnn__seed43,MLH1,P43246:895:P>L,0,0.074023806
train-clinvar+pg_dms__cnn__seed43,MLH1,P43246:895:P>K,0,0.030297076
train-clinvar+pg_dms__cnn__seed43,MLH1,P43246:895:P>H,0,0.01621166
train-clinvar+pg_dms__cnn__seed43,MLH1,P43246:895:P>I,0,0.036076967
train-clinvar+pg_dms__cnn__seed43,MLH1,P43246:895:P>F,0,0.07658778
train-clinvar+pg_dms__cnn__seed43,MLH1,P43246:895:P>M,0,0.27590117
train-clinvar+pg_dms__cnn__seed43,MLH1,P43246:895:P>G,0,0.027883217
train-clinvar+pg_dms__cnn__seed43,MLH1,P43246:895:P>Q,0,0.012344318
train-clinvar+pg_dms__cnn__seed43,MLH1,P43246:895:P>R,0,0.01142159
train-clinvar+pg_dms__cnn__seed43,MLH1,P43246:895:P>T,0,0.022500603
train-clinvar+pg_dms__cnn__seed43,MLH1,P43246:895:P>V,0,0.0328457
train-clinvar+pg_dms__cnn__seed43,MLH1,P43246:895:P>W,0,0.38436437
train-clinvar+pg_dms__cnn__seed43,MLH1,P43246:895:P>E,0,0.018808668
train-clinvar+pg_dms__cnn__seed43,MLH1,P43246:895:P>N,0,0.012341807
train-clinvar+pg_dms__cnn__seed43,MLH1,P43246:900:S>I,0,0.06252728
train-clinvar+pg_dms__cnn__seed43,MLH1,P43246:900:S>D,0,0.12264397
train-clinvar+pg_dms__cnn__seed43,MLH1,P43246:900:S>C,0,0.008500771
train-clinvar+pg_dms__cnn__seed43,MLH1,P43246:900:S>A,0,0.032175075
train-clinvar+pg_dms__cnn__seed43,MLH1,P43246:900:S>G,0,0.056842644
train-clinvar+pg_dms__cnn__seed43,MLH1,P43246:900:S>H,0,0.18297684
train-clinvar+pg_dms__cnn__seed43,MLH1,P43246:900:S>K,0,0.10177246
train-clinvar+pg_dms__cnn__seed43,MLH1,P43246:900:S>L,0,0.024468325
train-clinvar+pg_dms__cnn__seed43,MLH1,P43246:900:S>M,0,0.20924866
train-clinvar+pg_dms__cnn__seed43,MLH1,P43246:900:S>P,0,0.133631
train-clinvar+pg_dms__cnn__seed43,MLH1,P43246:900:S>E,0,0.066361934
train-clinvar+pg_dms__cnn__seed43,MLH1,P43246:900:S>Q,0,0.105318174
train-clinvar+pg_dms__cnn__seed43,MLH1,P43246:900:S>R,0,0.10993083
train-clinvar+pg_dms__cnn__seed43,MLH1,P43246:900:S>T,0,0.09799596
train-clinvar+pg_dms__cnn__seed43,MLH1,P43246:900:S>V,0,0.07582158
train-clinvar+pg_dms__cnn__seed43,MLH1,P43246:900:S>W,0,0.4225248
train-clinvar+pg_dms__cnn__seed43,MLH1,P43246:900:S>Y,0,0.04803713
train-clinvar+pg_dms__cnn__seed43,MLH1,P43246:900:S>N,0,0.022092646
train-clinvar+pg_dms__cnn__seed43,MLH1,P43246:900:S>F,0,0.1266642
train-clinvar+pg_dms__cnn__seed43,MLH1,P43246:901:E>A,0,0.022691136
train-clinvar+pg_dms__cnn__seed43,MLH1,P43246:901:E>C,0,0.024876768
train-clinvar+pg_dms__cnn__seed43,MLH1,P43246:901:E>V,0,0.04617718
train-clinvar+pg_dms__cnn__seed43,MLH1,P43246:901:E>D,0,0.028347312
train-clinvar+pg_dms__cnn__seed43,MLH1,P43246:901:E>F,0,0.07465209
train-clinvar+pg_dms__cnn__seed43,MLH1,P43246:901:E>G,0,0.010917733
train-clinvar+pg_dms__cnn__seed43,MLH1,P43246:901:E>W,0,0.31519303
train-clinvar+pg_dms__cnn__seed43,MLH1,P43246:901:E>I,0,0.011784689
train-clinvar+pg_dms__cnn__seed43,MLH1,P43246:901:E>K,0,0.01159387
train-clinvar+pg_dms__cnn__seed43,MLH1,P43246:901:E>L,0,0.022437736
train-clinvar+pg_dms__cnn__seed43,MLH1,P43246:901:E>H,0,0.040895883
train-clinvar+pg_dms__cnn__seed43,MLH1,P43246:901:E>N,0,0.007687869
train-clinvar+pg_dms__cnn__seed43,MLH1,P43246:901:E>P,0,0.17207724
train-clinvar+pg_dms__cnn__seed43,MLH1,P43246:901:E>Q,0,0.00670533
train-clinvar+pg_dms__cnn__seed43,MLH1,P43246:901:E>R,0,0.013507563
train-clinvar+pg_dms__cnn__seed43,MLH1,P43246:901:E>S,0,0.027151864
train-clinvar+pg_dms__cnn__seed43,MLH1,P43246:901:E>T,0,0.023132056
train-clinvar+pg_dms__cnn__seed43,MLH1,P43246:901:E>M,0,0.09316882
train-clinvar+pg_dms__cnn__seed43,MLH1,P43246:905:T>A,0,0.010762191
train-clinvar+pg_dms__cnn__seed43,MLH1,P43246:905:T>E,0,0.004323165
train-clinvar+pg_dms__cnn__seed43,MLH1,P43246:905:T>D,0,0.0070356536
train-clinvar+pg_dms__cnn__seed43,MLH1,P43246:905:T>Y,0,0.0041007744
train-clinvar+pg_dms__cnn__seed43,MLH1,P43246:905:T>W,0,0.025850033
train-clinvar+pg_dms__cnn__seed43,MLH1,P43246:905:T>V,0,0.0046007307
train-clinvar+pg_dms__cnn__seed43,MLH1,P43246:905:T>S,0,0.009311702
train-clinvar+pg_dms__cnn__seed43,MLH1,P43246:905:T>C,0,0.0025841997
train-clinvar+pg_dms__cnn__seed43,MLH1,P43246:905:T>P,0,0.020366946
train-clinvar+pg_dms__cnn__seed43,MLH1,P43246:905:T>N,0,0.0034864447
train-clinvar+pg_dms__cnn__seed43,MLH1,P43246:905:T>L,0,0.003610302
train-clinvar+pg_dms__cnn__seed43,MLH1,P43246:905:T>Q,0,0.0035925666
train-clinvar+pg_dms__cnn__seed43,MLH1,P43246:905:T>G,0,0.005781373
train-clinvar+pg_dms__cnn__seed43,MLH1,P43246:905:T>K,0,0.00449114
train-clinvar+pg_dms__cnn__seed43,MLH1,P43246:905:T>I,0,0.016464114
train-clinvar+pg_dms__cnn__seed43,MLH1,P43246:905:T>H,0,0.0078055565
train-clinvar+pg_dms__cnn__seed43,MLH1,P43246:905:T>F,0,0.0040093046
train-clinvar+pg_dms__cnn__seed43,MLH1,P43246:908:L>F,1,0.011984761
train-clinvar+pg_dms__cnn__seed43,MLH1,P43246:908:L>C,0,0.009147459
train-clinvar+pg_dms__cnn__seed43,MLH1,P43246:908:L>E,0,0.35119838
train-clinvar+pg_dms__cnn__seed43,MLH1,P43246:908:L>H,1,0.21275203
train-clinvar+pg_dms__cnn__seed43,MLH1,P43246:908:L>G,1,0.46610913
train-clinvar+pg_dms__cnn__seed43,MLH1,P43246:908:L>Y,0,0.021381177
train-clinvar+pg_dms__cnn__seed43,MLH1,P43246:908:L>W,1,0.1479517
train-clinvar+pg_dms__cnn__seed43,MLH1,P43246:908:L>V,0,0.016448146
train-clinvar+pg_dms__cnn__seed43,MLH1,P43246:908:L>T,0,0.046837784
train-clinvar+pg_dms__cnn__seed43,MLH1,P43246:908:L>S,0,0.24738035
train-clinvar+pg_dms__cnn__seed43,MLH1,P43246:908:L>A,0,0.045878816
train-clinvar+pg_dms__cnn__seed43,MLH1,P43246:908:L>Q,1,0.05518623
train-clinvar+pg_dms__cnn__seed43,MLH1,P43246:908:L>P,1,0.95945334
train-clinvar+pg_dms__cnn__seed43,MLH1,P43246:908:L>M,0,0.07352929
train-clinvar+pg_dms__cnn__seed43,MLH1,P43246:908:L>K,1,0.19788133
train-clinvar+pg_dms__cnn__seed43,MLH1,P43246:908:L>R,1,0.19753551
train-clinvar+pg_dms__cnn__seed43,MLH1,P43246:911:L>K,0,0.04319377
train-clinvar+pg_dms__cnn__seed43,MLH1,P43246:911:L>Q,0,0.023099529
train-clinvar+pg_dms__cnn__seed43,MLH1,P43246:911:L>G,0,0.2080951
train-clinvar+pg_dms__cnn__seed43,MLH1,P43246:911:L>F,0,0.013682114
train-clinvar+pg_dms__cnn__seed43,MLH1,P43246:911:L>E,0,0.07565429
train-clinvar+pg_dms__cnn__seed43,MLH1,P43246:911:L>I,0,0.009623608
train-clinvar+pg_dms__cnn__seed43,MLH1,P43246:911:L>M,0,0.050565653
train-clinvar+pg_dms__cnn__seed43,MLH1,P43246:911:L>W,0,0.3163613
train-clinvar+pg_dms__cnn__seed43,MLH1,P43246:911:L>P,1,0.9885206
train-clinvar+pg_dms__cnn__seed43,MLH1,P43246:911:L>R,0,0.13485172
train-clinvar+pg_dms__cnn__seed43,MLH1,P43246:911:L>S,0,0.02947576
train-clinvar+pg_dms__cnn__seed43,MLH1,P43246:911:L>T,0,0.09488214
train-clinvar+pg_dms__cnn__seed43,MLH1,P43246:911:L>V,0,0.013605551
train-clinvar+pg_dms__cnn__seed43,MLH1,P43246:911:L>C,0,0.009489535
train-clinvar+pg_dms__cnn__seed43,MLH1,P43246:911:L>Y,0,0.011989697
train-clinvar+pg_dms__cnn__seed43,MLH1,P43246:911:L>N,0,0.093916655
train-clinvar+pg_dms__cnn__seed43,MLH1,P43246:911:L>A,0,0.03268725
train-clinvar+pg_dms__cnn__seed43,MLH1,P43246:915:V>M,0,0.057196725
train-clinvar+pg_dms__cnn__seed43,MLH1,P43246:915:V>G,0,0.01768853
train-clinvar+pg_dms__cnn__seed43,MLH1,P43246:915:V>F,0,0.0042160545
train-clinvar+pg_dms__cnn__seed43,MLH1,P43246:915:V>E,0,0.18365076
train-clinvar+pg_dms__cnn__seed43,MLH1,P43246:915:V>D,0,0.6768065
train-clinvar+pg_dms__cnn__seed43,MLH1,P43246:915:V>C,0,0.0072840797
train-clinvar+pg_dms__cnn__seed43,MLH1,P43246:915:V>A,0,0.017148726
train-clinvar+pg_dms__cnn__seed43,MLH1,P43246:915:V>I,0,0.0045501096
train-clinvar+pg_dms__cnn__seed43,MLH1,P43246:915:V>H,0,0.11605304
train-clinvar+pg_dms__cnn__seed43,MLH1,P43246:915:V>N,0,0.09799611
train-clinvar+pg_dms__cnn__seed43,MLH1,P43246:915:V>P,0,0.8276968
train-clinvar+pg_dms__cnn__seed43,MLH1,P43246:915:V>Q,0,0.15089323
train-clinvar+pg_dms__cnn__seed43,MLH1,P43246:915:V>R,1,0.45366848
train-clinvar+pg_dms__cnn__seed43,MLH1,P43246:915:V>S,0,0.019293189
train-clinvar+pg_dms__cnn__seed43,MLH1,P43246:915:V>T,0,0.0075641074
train-clinvar+pg_dms__cnn__seed43,MLH1,P43246:915:V>Y,0,0.04110954
train-clinvar+pg_dms__cnn__seed43,MLH1,P43246:923:V>T,0,0.0668749
train-clinvar+pg_dms__cnn__seed43,MLH1,P43246:923:V>L,0,0.044668324
train-clinvar+pg_dms__cnn__seed43,MLH1,P43246:923:V>I,0,0.0068513174
train-clinvar+pg_dms__cnn__seed43,MLH1,P43246:923:V>G,0,0.35090363
train-clinvar+pg_dms__cnn__seed43,MLH1,P43246:923:V>F,0,0.08434837
train-clinvar+pg_dms__cnn__seed43,MLH1,P43246:923:V>C,0,0.038343042
train-clinvar+pg_dms__cnn__seed43,MLH1,P43246:923:V>S,0,0.25495446
train-clinvar+pg_dms__cnn__seed43,MLH1,P43246:923:V>A,0,0.03314493
train-clinvar+pg_dms__cnn__seed43,MLH1,P43246:923:V>M,0,0.09629479
train-clinvar+pg_dms__cnn__seed43,MLH1,P43246:923:V>P,0,0.9707727
train-clinvar+pg_dms__cnn__seed43,MLH1,P43246:923:V>R,0,0.8630218
train-clinvar+pg_dms__cnn__seed43,MLH1,P43246:923:V>D,0,0.9220976
train-clinvar+pg_dms__cnn__seed43,MLH1,P43246:923:V>K,0,0.69738847
train-clinvar+pg_dms__cnn__seed43,MLH1,P43246:925:E>T,0,0.011409956
train-clinvar+pg_dms__cnn__seed43,MLH1,P43246:925:E>F,0,0.030223897
train-clinvar+pg_dms__cnn__seed43,MLH1,P43246:925:E>D,0,0.004688053
train-clinvar+pg_dms__cnn__seed43,MLH1,P43246:925:E>C,0,0.012775321
train-clinvar+pg_dms__cnn__seed43,MLH1,P43246:925:E>A,0,0.015311135
train-clinvar+pg_dms__cnn__seed43,MLH1,P43246:925:E>K,0,0.0070716226
train-clinvar+pg_dms__cnn__seed43,MLH1,P43246:925:E>L,0,0.0185358
train-clinvar+pg_dms__cnn__seed43,MLH1,P43246:925:E>N,0,0.008054669
train-clinvar+pg_dms__cnn__seed43,MLH1,P43246:925:E>P,0,0.08594895
train-clinvar+pg_dms__cnn__seed43,MLH1,P43246:925:E>Y,0,0.013966495
train-clinvar+pg_dms__cnn__seed43,MLH1,P43246:925:E>Q,0,0.0053717727
train-clinvar+pg_dms__cnn__seed43,MLH1,P43246:925:E>G,0,0.005896525
train-clinvar+pg_dms__cnn__seed43,MLH1,P43246:925:E>S,0,0.008242656
train-clinvar+pg_dms__cnn__seed43,MLH1,P43246:925:E>R,0,0.008509625
train-clinvar+pg_dms__cnn__seed43,MLH1,P43246:925:E>H,0,0.018814143
train-clinvar+pg_dms__cnn__seed43,MLH1,P43246:926:I>R,0,0.045357846
train-clinvar+pg_dms__cnn__seed43,MLH1,P43246:926:I>Q,0,0.037785593
train-clinvar+pg_dms__cnn__seed43,MLH1,P43246:926:I>P,0,0.84722185
train-clinvar+pg_dms__cnn__seed43,MLH1,P43246:926:I>L,0,0.0054715835
train-clinvar+pg_dms__cnn__seed43,MLH1,P43246:926:I>K,0,0.036269728
train-clinvar+pg_dms__cnn__seed43,MLH1,P43246:926:I>H,0,0.09243033
train-clinvar+pg_dms__cnn__seed43,MLH1,P43246:926:I>A,0,0.048916023
train-clinvar+pg_dms__cnn__seed43,MLH1,P43246:926:I>W,0,0.4272773
train-clinvar+pg_dms__cnn__seed43,MLH1,P43246:926:I>T,0,0.038798843
train-clinvar+pg_dms__cnn__seed43,MLH1,P43246:926:I>G,0,0.1302088
train-clinvar+pg_dms__cnn__seed43,MLH1,P43246:926:I>F,0,0.006364225
train-clinvar+pg_dms__cnn__seed43,MLH1,P43246:926:I>E,0,0.096027784
train-clinvar+pg_dms__cnn__seed43,MLH1,P43246:926:I>D,0,0.39822197
train-clinvar+pg_dms__cnn__seed43,MLH1,P43246:926:I>C,0,0.016399601
train-clinvar+pg_dms__cnn__seed43,MLH1,P43246:926:I>V,0,0.035944197
train-clinvar+pg_dms__cnn__seed43,MSH2,P40692:618:K>A,0,0.560533
train-clinvar+pg_dms__cnn__seed43,MSH2,P40692:219:I>V,0,0.047271896
train-clinvar+pg_dms__cnn__seed43,MSH2,P52701:396:L>V,0,0.005681999
train-clinvar+pg_dms__cnn__seed43,MSH2,P52701:144:S>I,0,0.022725657
train-clinvar+pg_dms__cnn__seed43,MSH2,P40692:406:S>N,0,0.0013351847
train-clinvar+pg_dms__cnn__seed43,MSH2,P40692:213:V>M,0,0.0014261296
train-clinvar+pg_dms__cnn__seed43,MSH2,P52701:449:L>P,1,0.9571664
train-clinvar+pg_dms__cnn__seed43,MSH2,P52701:65:S>L,0,0.0012177883
train-clinvar+pg_dms__cnn__seed43,MSH2,P52701:706:F>S,1,0.88909364
train-clinvar+pg_dms__cnn__seed43,MSH2,P52701:781:P>S,1,0.9934388
train-clinvar+pg_dms__cnn__seed43,MSH2,P52701:1054:I>F,0,0.22537611
train-clinvar+pg_dms__cnn__seed43,MSH2,P52701:1163:E>V,0,0.115354486
train-clinvar+pg_dms__cnn__seed43,MSH2,P52701:220:E>D,0,0.0009940199
train-clinvar+pg_dms__cnn__seed43,MSH2,P40692:38:N>H,1,0.99882275
train-clinvar+pg_dms__cnn__seed43,MSH2,P40692:38:N>S,1,0.999203
train-clinvar+pg_dms__cnn__seed43,MSH2,P40692:38:N>K,1,0.9991341
train-clinvar+pg_dms__cnn__seed43,MSH2,P40692:49:V>E,1,0.99472034
train-clinvar+pg_dms__cnn__seed43,MSH2,P40692:618:K>T,0,0.0042382353
train-clinvar+pg_dms__cnn__seed43,MSH2,P40692:618:K>R,0,0.006642491
train-clinvar+pg_dms__cnn__seed43,MSH2,P40692:662:T>P,1,0.9131107
train-clinvar+pg_dms__cnn__seed43,MSH2,P40692:676:L>R,1,0.998922
train-clinvar+pg_dms__cnn__seed43,MSH2,P40692:680:C>R,1,0.9918385
train-clinvar+pg_dms__cnn__seed43,MSH2,P40692:683:F>S,1,0.99655557
train-clinvar+pg_dms__cnn__seed43,MSH2,P40692:102:E>K,1,0.9964647
train-clinvar+pg_dms__cnn__seed43,MSH2,P40692:102:E>D,1,0.99118024
train-clinvar+pg_dms__cnn__seed43,MSH2,P40692:111:A>V,1,0.9991486
train-clinvar+pg_dms__cnn__seed43,MSH2,P40692:219:I>L,0,0.9844263
train-clinvar+pg_dms__cnn__seed43,MSH2,P40692:22:G>A,0,0.21720126
train-clinvar+pg_dms__cnn__seed43,MSH2,P40692:260:L>R,1,0.99852645
train-clinvar+pg_dms__cnn__seed43,MSH2,P40692:28:P>L,1,0.9732525
train-clinvar+pg_dms__cnn__seed43,MSH2,P40692:282:A>G,0,0.19502683
train-clinvar+pg_dms__cnn__seed43,MSH2,P40692:29:A>G,1,0.97905344
train-clinvar+pg_dms__cnn__seed43,MSH2,P40692:295:S>R,1,0.99813604
train-clinvar+pg_dms__cnn__seed43,MSH2,P40692:295:S>G,1,0.9963415
train-clinvar+pg_dms__cnn__seed43,MSH2,P40692:295:S>N,1,0.99680495
train-clinvar+pg_dms__cnn__seed43,MSH2,P54278:1:M>V,1,0.024810238
train-clinvar+pg_dms__cnn__seed43,MSH2,P52701:1055:A>P,1,0.99176383
train-clinvar+pg_dms__cnn__seed43,MSH2,P54278:1:M>T,1,0.013590676
train-clinvar+pg_dms__cnn__seed43,MSH2,P52701:164:H>P,0,0.0014970468
train-clinvar+pg_dms__cnn__seed43,MSH2,P54278:1:M>L,1,0.009975835
train-clinvar+pg_dms__cnn__seed43,MSH2,P54278:1:M>K,1,0.01631233
train-clinvar+pg_dms__cnn__seed43,MSH2,P52701:1058:D>H,1,0.99427444
train-clinvar+pg_dms__cnn__seed43,MSH2,P52701:1211:L>P,1,0.839891
train-clinvar+pg_dms__cnn__seed43,MSH2,P40692:194:V>G,1,0.9991217
train-clinvar+pg_dms__cnn__seed43,MSH2,P40692:311:K>E,1,0.9950598
train-clinvar+pg_dms__cnn__seed43,MSH2,P54278:1:M>R,1,0.028692031
train-clinvar+pg_dms__cnn__seed43,MSH2,P52701:323:T>I,0,0.0038447022
train-clinvar+pg_dms__cnn__seed43,MSH2,P52701:781:P>L,1,0.9942827
train-clinvar+pg_dms__cnn__seed43,MSH2,P54278:1:M>I,1,0.019496562
train-clinvar+pg_dms__cnn__seed43,MSH2,P54278:118:S>N,1,0.99846077
train-clinvar+pg_dms__cnn__seed43,MSH2,P40692:308:H>P,1,0.98376936
train-clinvar+pg_dms__cnn__seed43,MSH2,P52701:467:G>D,0,0.014980028
train-clinvar+pg_dms__cnn__seed43,MSH2,P52701:418:S>P,1,0.7443793
train-clinvar+pg_dms__cnn__seed43,MSH2,P40692:38:N>Y,1,0.998345
train-clinvar+pg_dms__cnn__seed43,MSH2,P54278:118:S>T,1,0.9991154
train-clinvar+pg_dms__cnn__seed43,MSH6,P40692:329:H>P,1,0.83131844
train-clinvar+pg_dms__cnn__seed43,MSH6,P40692:67:G>W,1,0.98084855
train-clinvar+pg_dms__cnn__seed43,MSH6,P40692:117:T>M,1,0.91646224
train-clinvar+pg_dms__cnn__seed43,MSH6,P40692:67:G>E,1,0.9697056
train-clinvar+pg_dms__cnn__seed43,MSH6,P43246:127:N>S,0,0.048735768
train-clinvar+pg_dms__cnn__seed43,MSH6,P43246:424:H>R,1,0.09055561
train-clinvar+pg_dms__cnn__seed43,MSH6,P43246:272:A>V,0,0.39048892
train-clinvar+pg_dms__cnn__seed43,MSH6,P40692:38:N>H,1,0.9801767
train-clinvar+pg_dms__cnn__seed43,MSH6,P40692:38:N>S,1,0.9811255
train-clinvar+pg_dms__cnn__seed43,MSH6,P40692:38:N>K,1,0.9873263
train-clinvar+pg_dms__cnn__seed43,MSH6,P40692:539:A>D,1,0.9878566
train-clinvar+pg_dms__cnn__seed43,MSH6,P40692:555:L>P,1,0.99352187
train-clinvar+pg_dms__cnn__seed43,MSH6,P40692:574:L>P,1,0.9885556
train-clinvar+pg_dms__cnn__seed43,MSH6,P40692:607:L>H,0,0.6794329
train-clinvar+pg_dms__cnn__seed43,MSH6,P40692:640:P>S,1,0.86943454
train-clinvar+pg_dms__cnn__seed43,MSH6,P40692:640:P>L,1,0.87671185
train-clinvar+pg_dms__cnn__seed43,MSH6,P40692:67:G>R,1,0.9700177
train-clinvar+pg_dms__cnn__seed43,MSH6,P40692:676:L>R,1,0.986068
train-clinvar+pg_dms__cnn__seed43,MSH6,P40692:680:C>R,1,0.9891766
train-clinvar+pg_dms__cnn__seed43,MSH6,P40692:70:K>V,1,0.036036
train-clinvar+pg_dms__cnn__seed43,MSH6,P40692:117:T>R,1,0.97551495
train-clinvar+pg_dms__cnn__seed43,MSH6,P40692:127:R>K,1,0.40714884
train-clinvar+pg_dms__cnn__seed43,MSH6,P40692:182:R>G,1,0.5344612
train-clinvar+pg_dms__cnn__seed43,MSH6,P40692:182:R>K,1,0.123571195
train-clinvar+pg_dms__cnn__seed43,MSH6,P40692:21:A>E,1,0.9638461
train-clinvar+pg_dms__cnn__seed43,MSH6,P40692:21:A>V,1,0.9579296
train-clinvar+pg_dms__cnn__seed43,MSH6,P40692:226:R>Q,1,0.19884768
train-clinvar+pg_dms__cnn__seed43,MSH6,P40692:226:R>L,1,0.5963391
train-clinvar+pg_dms__cnn__seed43,MSH6,P43246:341:L>P,1,0.9925783
train-clinvar+pg_dms__cnn__seed43,MSH6,P43246:342:V>I,0,0.016015427
train-clinvar+pg_dms__cnn__seed43,MSH6,P43246:349:P>R,1,0.98086655
train-clinvar+pg_dms__cnn__seed43,MSH6,P43246:349:P>L,1,0.9501057
train-clinvar+pg_dms__cnn__seed43,MSH6,P43246:359:R>S,1,0.9470094
train-clinvar+pg_dms__cnn__seed43,MSH6,P43246:409:Q>K,0,0.07120572
train-clinvar+pg_dms__cnn__seed43,MSH6,P43246:46:H>Q,0,0.6769297
train-clinvar+pg_dms__cnn__seed43,MSH6,P43246:564:T>A,0,0.0647786
train-clinvar+pg_dms__cnn__seed43,MSH6,P43246:583:N>T,0,0.052430358
train-clinvar+pg_dms__cnn__seed43,MSH6,P43246:603:D>N,1,0.98308253
train-clinvar+pg_dms__cnn__seed43,MSH6,P43246:603:D>G,1,0.983823
train-clinvar+pg_dms__cnn__seed43,MSH6,P43246:674:G>R,1,0.9758881
train-clinvar+pg_dms__cnn__seed43,MSH6,P43246:674:G>D,1,0.98208714
train-clinvar+pg_dms__cnn__seed43,MSH6,P43246:749:E>K,1,0.96345997
train-clinvar+pg_dms__cnn__seed43,MSH6,P43246:834:A>T,0,0.2925678
train-clinvar+pg_dms__cnn__seed43,MSH6,P43246:106:R>K,0,0.047707364
train-clinvar+pg_dms__cnn__seed43,MSH6,P43246:163:V>D,1,0.9935383
train-clinvar+pg_dms__cnn__seed43,MSH6,P43246:163:V>G,1,0.78473276
train-clinvar+pg_dms__cnn__seed43,MSH6,P43246:164:G>R,1,0.9962704
train-clinvar+pg_dms__cnn__seed43,MSH6,P43246:164:G>W,1,0.9936972
train-clinvar+pg_dms__cnn__seed43,MSH6,P43246:175:L>P,1,0.99010533
train-clinvar+pg_dms__cnn__seed43,MSH6,P54278:56:L>V,0,0.09612074
train-clinvar+pg_dms__cnn__seed43,MSH6,P43246:523:F>S,1,0.9879689
train-clinvar+pg_dms__cnn__seed43,MSH6,P43246:359:R>T,1,0.9576622
train-clinvar+pg_dms__cnn__seed43,MSH6,P43246:38:D>Y,0,0.19064878
train-clinvar+pg_dms__cnn__seed43,MSH6,P43246:461:D>G,0,0.032144386
train-clinvar+pg_dms__cnn__seed43,MSH6,P43246:856:Y>F,0,0.0033760443
train-clinvar+pg_dms__cnn__seed43,MSH6,P40692:127:R>I,1,0.91334736
train-clinvar+pg_dms__cnn__seed43,MSH6,P43246:159:R>I,0,0.15462847
train-clinvar+pg_dms__cnn__seed43,MSH6,P43246:216:I>T,0,0.11099698
train-clinvar+pg_dms__cnn__seed43,MSH6,P43246:856:Y>H,0,0.002426218
train-clinvar+pg_dms__cnn__seed43,MSH6,P43246:164:G>E,1,0.9948119
train-clinvar+pg_dms__cnn__seed43,MSH6,P40692:755:R>G,1,0.17888775
train-clinvar+pg_dms__cnn__seed43,MSH6,P43246:373:R>K,0,0.08611282
train-clinvar+pg_dms__cnn__seed43,MSH6,P43246:155:V>D,0,0.03970943
train-clinvar+pg_dms__cnn__seed43,MSH6,P43246:677:T>R,1,0.973544
train-clinvar+pg_dms__cnn__seed43,MSH6,P43246:789:A>V,0,0.14535911
train-clinvar+pg_dms__cnn__seed43,MSH6,P43246:219:R>T,0,0.15993214
train-clinvar+pg_dms__cnn__seed43,MSH6,P43246:748:D>H,1,0.9496427
train-clinvar+pg_dms__cnn__seed43,MSH6,P43246:774:I>S,0,0.12047852
train-clinvar+pg_dms__cnn__seed43,MSH6,P43246:449:K>R,1,0.04158617
train-clinvar+pg_dms__cnn__seed43,MSH6,P43246:710:A>V,0,0.87692267
train-clinvar+pg_dms__cnn__seed43,MSH6,P43246:339:Q>P,1,0.9325305
train-clinvar+pg_dms__cnn__seed43,MSH6,P43246:726:M>I,0,0.54342943
train-clinvar+pg_dms__cnn__seed43,MSH6,P43246:236:D>H,0,0.100565776
train-clinvar+pg_dms__cnn__seed43,MSH6,P43246:320:T>S,0,0.028844696
train-clinvar+pg_dms__cnn__seed43,MSH6,P43246:349:P>T,1,0.9648323
train-clinvar+pg_dms__cnn__seed43,MSH6,P43246:425:E>K,0,0.035360053
train-clinvar+pg_dms__cnn__seed43,MSH6,P43246:883:I>T,0,0.057536315
train-clinvar+pg_dms__cnn__seed43,MSH6,P43246:908:L>I,0,0.021004183
train-clinvar+pg_dms__cnn__seed43,MSH6,P43246:726:M>L,0,0.38968787
train-clinvar+pg_dms__cnn__seed43,MSH6,P43246:769:Y>H,0,0.045273762
train-clinvar+pg_dms__cnn__seed43,MSH6,P43246:356:I>R,1,0.98673767
train-clinvar+pg_dms__cnn__seed43,MSH6,P43246:602:L>P,1,0.9985967
train-clinvar+pg_dms__cnn__seed43,MSH6,P40692:555:L>R,1,0.9833229
train-clinvar+pg_dms__cnn__seed43,MSH6,P43246:69:P>L,0,0.018536007
train-clinvar+pg_dms__cnn__seed43,MSH6,P43246:236:D>E,0,0.0933699
train-clinvar+pg_dms__cnn__seed43,MSH6,P43246:470:V>I,0,0.034105495
train-clinvar+pg_dms__cnn__seed43,MSH6,P43246:624:I>V,0,0.03425904
train-clinvar+pg_dms__cnn__seed43,MSH6,P43246:726:M>V,0,0.69038725
train-clinvar+pg_dms__cnn__seed43,MSH6,P43246:670:P>R,0,0.9363201
train-clinvar+pg_dms__cnn__seed43,MSH6,P43246:889:S>F,0,0.012352792
train-clinvar+pg_dms__cnn__seed43,MSH6,P43246:225:T>R,1,0.9200983
train-clinvar+pg_dms__cnn__seed43,MSH6,P43246:337:Q>R,0,0.97995716
train-clinvar+pg_dms__cnn__seed43,MSH6,P43246:359:R>K,0,0.9452552
train-clinvar+pg_dms__cnn__seed43,MSH6,P43246:225:T>I,1,0.76750803
train-clinvar+pg_dms__cnn__seed43,MSH6,P43246:205:E>D,0,0.02571081
train-clinvar+pg_dms__cnn__seed43,MSH6,P43246:282:D>A,0,0.0077505847
train-clinvar+pg_dms__cnn__seed43,MSH6,P43246:356:I>K,1,0.98495746
train-clinvar+pg_dms__cnn__seed43,MSH6,P43246:881:E>K,0,0.013866399
train-clinvar+pg_dms__cnn__seed43,MSH6,P43246:603:D>V,1,0.99116135
train-clinvar+pg_dms__cnn__seed43,MSH6,P43246:511:I>M,0,0.08416916
train-clinvar+pg_dms__cnn__seed43,MSH6,P43246:920:N>D,0,0.2814587
train-clinvar+pg_dms__cnn__seed43,MSH6,P43246:748:D>N,0,0.9726345
train-clinvar+pg_dms__cnn__seed43,MSH6,P43246:825:S>G,0,0.5003569
train-clinvar+pg_dms__cnn__seed43,MSH6,P40692:733:H>Y,0,0.013459035
train-clinvar+pg_dms__cnn__seed43,MSH6,P43246:138:N>D,0,0.061166286
train-clinvar+pg_dms__cnn__seed43,MSH6,P43246:349:P>S,1,0.9483516
train-clinvar+pg_dms__cnn__seed43,MSH6,P43246:124:S>C,0,0.7187377
train-clinvar+pg_dms__cnn__seed43,MSH6,P43246:305:A>V,0,0.43380585
train-clinvar+pg_dms__cnn__seed43,MSH6,P43246:371:E>K,0,0.012667676
train-clinvar+pg_dms__cnn__seed43,MSH6,P40692:640:P>T,1,0.93237764
train-clinvar+pg_dms__cnn__seed43,MSH6,P43246:46:H>P,0,0.96869266
train-clinvar+pg_dms__cnn__seed43,MSH6,P43246:348:Q>E,0,0.43328366
train-clinvar+pg_dms__cnn__seed43,MSH6,P43246:757:Y>D,0,0.89748317
train-clinvar+pg_dms__cnn__seed43,MSH6,P43246:798:N>T,0,0.09562709
train-clinvar+pg_dms__cnn__seed43,MSH6,P43246:230:A>G,0,0.029599486
train-clinvar+pg_dms__cnn__seed43,MSH6,P43246:105:N>S,0,0.010075143
train-clinvar+pg_dms__cnn__seed43,MSH6,P43246:127:N>T,0,0.43242255
train-clinvar+pg_dms__cnn__seed43,MSH6,P43246:57:V>G,0,0.32707286
train-clinvar+pg_dms__cnn__seed43,MSH6,P43246:292:T>P,1,0.11554319
train-clinvar+pg_dms__cnn__seed43,MSH6,P43246:791:A>V,0,0.20490158
train-clinvar+pg_dms__cnn__seed43,MSH6,P43246:584:I>V,0,0.38721737
train-clinvar+pg_dms__cnn__seed43,MSH6,P43246:670:P>S,0,0.86430043
train-clinvar+pg_dms__cnn__seed43,MSH6,P43246:710:A>P,0,0.9905618
train-clinvar+pg_dms__cnn__seed43,MSH6,P40692:147:G>E,1,0.94569355
train-clinvar+pg_dms__cnn__seed43,MSH6,P43246:748:D>V,1,0.9719793
train-clinvar+pg_dms__cnn__seed43,MSH6,P43246:136:F>L,0,0.21896845
train-clinvar+pg_dms__cnn__seed43,MSH6,P43246:216:I>L,0,0.038126253
train-clinvar+pg_dms__cnn__seed43,MSH6,P43246:710:A>S,0,0.077854075
train-clinvar+pg_dms__cnn__seed43,MSH6,P43246:272:A>T,0,0.3187591
train-clinvar+pg_dms__cnn__seed43,MSH6,P43246:122:K>E,0,0.67971665
train-clinvar+pg_dms__cnn__seed43,MSH6,P43246:282:D>H,0,0.06285496
train-clinvar+pg_dms__cnn__seed43,MSH6,P43246:502:D>V,0,0.019751411
train-clinvar+pg_dms__cnn__seed43,MSH6,P43246:645:Q>P,0,0.44974926
train-clinvar+pg_dms__cnn__seed43,MSH6,P43246:760:F>S,0,0.9124242
train-clinvar+pg_dms__cnn__seed43,MSH6,P40692:684:Y>D,1,0.9841853
train-clinvar+pg_dms__cnn__seed43,MSH6,P43246:791:A>P,0,0.52667063
train-clinvar+pg_dms__cnn__seed43,MSH6,P43246:29:K>N,0,0.3533845
train-clinvar+pg_dms__cnn__seed43,MSH6,P43246:33:T>R,0,0.70578104
train-clinvar+pg_dms__cnn__seed43,MSH6,P43246:59:K>R,0,0.051543057
train-clinvar+pg_dms__cnn__seed43,MSH6,P43246:160:Q>R,0,0.042511914
train-clinvar+pg_dms__cnn__seed43,MSH6,P43246:193:Q>P,0,0.9436489
train-clinvar+pg_dms__cnn__seed43,MSH6,P43246:209:D>H,0,0.06237557
train-clinvar+pg_dms__cnn__seed43,MSH6,P40692:127:R>T,1,0.9048116
train-clinvar+pg_dms__cnn__seed43,MSH6,P43246:501:R>G,0,0.040154286
train-clinvar+pg_dms__cnn__seed43,MSH6,P43246:82:K>R,0,0.0062667513
train-clinvar+pg_dms__cnn__seed43,MSH6,P43246:433:L>F,0,0.04591729
train-clinvar+pg_dms__cnn__seed43,MSH6,P43246:670:P>T,0,0.8664181
train-clinvar+pg_dms__cnn__seed43,MSH6,P43246:726:M>T,0,0.755411
train-clinvar+pg_dms__cnn__seed43,MSH6,P43246:757:Y>F,0,0.4661784
train-clinvar+pg_dms__cnn__seed43,MSH6,P43246:230:A>D,1,0.4554353
train-clinvar+pg_dms__cnn__seed43,MSH6,P43246:294:F>S,0,0.10309334
train-clinvar+pg_dms__cnn__seed43,MSH6,P43246:579:K>E,0,0.14656468
train-clinvar+pg_dms__cnn__seed43,MSH6,P43246:718:Q>H,0,0.5805822
train-clinvar+pg_dms__cnn__seed43,MSH6,P43246:791:A>S,0,0.054972902
train-clinvar+pg_dms__cnn__seed43,MSH6,P43246:861:Q>K,0,0.023085607
train-clinvar+pg_dms__cnn__seed43,MSH6,P43246:798:N>K,0,0.120244436
train-clinvar+pg_dms__cnn__seed43,MSH6,P43246:158:Q>R,0,0.035447955
train-clinvar+pg_dms__cnn__seed43,MSH6,P40692:38:N>Y,1,0.9835623
train-clinvar+pg_dms__cnn__seed43,MSH6,P40692:640:P>R,1,0.9754682
train-clinvar+pg_dms__cnn__seed43,MSH6,P43246:718:Q>R,0,0.60395044
train-clinvar+pg_dms__cnn__seed43,MSH6,P43246:815:Y>C,0,0.5357938
train-clinvar+pg_dms__cnn__seed43,MSH6,P43246:690:Q>H,0,0.77510095
train-clinvar+pg_dms__cnn__seed43,MSH6,P43246:287:G>R,0,0.06379923
train-clinvar+pg_dms__cnn__seed43,MSH6,P43246:455:E>Q,0,0.12722777
train-clinvar+pg_dms__cnn__seed43,MSH6,P43246:651:I>T,0,0.7750996
train-clinvar+pg_dms__cnn__seed43,MSH6,P43246:736:L>V,0,0.09671294
train-clinvar+pg_dms__cnn__seed43,MSH6,P43246:742:D>Y,0,0.022037715
train-clinvar+pg_dms__cnn__seed43,MSH6,P43246:519:F>C,0,0.0063148886
train-clinvar+pg_dms__cnn__seed43,MSH6,P43246:99:R>S,0,0.6293502
train-clinvar+pg_dms__cnn__seed43,MSH6,P43246:124:S>T,0,0.11977573
train-clinvar+pg_dms__cnn__seed43,MSH6,P43246:352:D>N,0,0.060189087
train-clinvar+pg_dms__cnn__seed43,MSH6,P43246:604:A>G,0,0.06814907
train-clinvar+pg_dms__cnn__seed43,MSH6,P43246:810:T>N,0,0.044829812
train-clinvar+pg_dms__cnn__seed43,MSH6,P43246:359:R>I,1,0.9353191
train-clinvar+pg_dms__cnn__seed43,MSH6,P43246:736:L>R,1,0.97108555
train-clinvar+pg_dms__cnn__seed43,MSH6,P43246:582:V>L,0,0.11512217
train-clinvar+pg_dms__cnn__seed43,MSH6,P43246:277:L>S,0,0.3561158
train-clinvar+pg_dms__cnn__seed43,MSH6,P43246:100:V>F,0,0.87837803
train-clinvar+pg_dms__cnn__seed43,MSH6,P43246:470:V>L,0,0.91739035
train-clinvar+pg_dms__cnn__seed43,MSH6,P43246:815:Y>H,0,0.6899834
train-clinvar+pg_dms__cnn__seed43,MSH6,P43246:100:V>A,0,0.17975034
train-clinvar+pg_dms__cnn__seed43,MSH6,P43246:159:R>K,0,0.029539406
train-clinvar+pg_dms__cnn__seed43,MSH6,P43246:356:I>M,0,0.0770694
train-clinvar+pg_dms__cnn__seed43,MSH6,P43246:532:V>I,0,0.020376163
train-clinvar+pg_dms__cnn__seed43,MSH6,P43246:755:S>T,0,0.94538987
train-clinvar+pg_dms__cnn__seed43,MSH6,P43246:124:S>F,1,0.96309066
train-clinvar+pg_dms__cnn__seed43,MSH6,P43246:211:G>E,0,0.06963639
train-clinvar+pg_dms__cnn__seed43,MSH6,P43246:120:A>T,0,0.04165666
train-clinvar+pg_dms__cnn__seed43,MSH6,P43246:883:I>V,0,0.015973477
train-clinvar+pg_dms__cnn__seed43,MSH6,P43246:235:K>T,0,0.119341046
train-clinvar+pg_dms__cnn__seed43,MSH6,P43246:307:V>F,0,0.036106348
train-clinvar+pg_dms__cnn__seed43,MSH6,P43246:867:E>D,0,0.056063898
train-clinvar+pg_dms__cnn__seed43,MSH6,P43246:356:I>V,0,0.060606986
train-clinvar+pg_dms__cnn__seed43,MSH6,P40692:117:T>K,1,0.9862454
train-clinvar+pg_dms__cnn__seed43,MSH6,P43246:409:Q>R,0,0.13291469
train-clinvar+pg_dms__cnn__seed43,MSH6,P43246:160:Q>L,0,0.035375413
train-clinvar+pg_dms__cnn__seed43,MSH6,P43246:429:Q>H,0,0.027306875
train-clinvar+pg_dms__cnn__seed43,MSH6,P43246:431:L>V,0,0.026910944
train-clinvar+pg_dms__cnn__seed43,MSH6,P43246:582:V>I,1,0.035771254
train-clinvar+pg_dms__cnn__seed43,MSH6,P43246:470:V>A,0,0.9423582
train-clinvar+pg_dms__cnn__seed43,MSH6,P43246:603:D>Y,1,0.98500896
train-clinvar+pg_dms__cnn__seed43,MSH6,P43246:342:V>A,0,0.2946598
train-clinvar+pg_dms__cnn__seed43,MSH6,P43246:624:I>T,0,0.93290985
train-clinvar+pg_dms__cnn__seed43,MSH6,P43246:690:Q>K,1,0.9741954
train-clinvar+pg_dms__cnn__seed43,MSH6,P43246:755:S>Y,1,0.95439225
train-clinvar+pg_dms__cnn__seed43,MSH6,P43246:875:L>V,0,0.00450488
train-clinvar+pg_dms__cnn__seed43,MSH6,P40692:632:E>D,1,0.027314665
train-clinvar+pg_dms__cnn__seed43,MSH6,P43246:359:R>G,1,0.95639896
train-clinvar+pg_dms__cnn__seed43,MSH6,P43246:849:L>Q,0,0.007293419
train-clinvar+pg_dms__cnn__seed43,MSH6,P43246:373:R>T,0,0.7449843
train-clinvar+pg_dms__cnn__seed43,MSH6,P43246:12:E>D,0,0.030928781
train-clinvar+pg_dms__cnn__seed43,MSH6,P43246:834:A>G,0,0.41923964
train-clinvar+pg_dms__cnn__seed43,MSH6,P43246:657:F>V,0,0.3873107
train-clinvar+pg_dms__cnn__seed43,MSH6,P43246:50:A>T,0,0.8253041
train-clinvar+pg_dms__cnn__seed43,MSH6,P43246:789:A>D,0,0.37539318
train-clinvar+pg_dms__cnn__seed43,MSH6,P43246:339:Q>R,0,0.030189455
train-clinvar+pg_dms__cnn__seed43,MSH6,P43246:651:I>L,0,0.43700257
train-clinvar+pg_dms__cnn__seed43,MSH6,P43246:138:N>K,0,0.048194554
train-clinvar+pg_dms__cnn__seed43,MSH6,P43246:657:F>L,0,0.6593916
train-clinvar+pg_dms__cnn__seed43,MSH6,P43246:742:D>H,0,0.0235005
train-clinvar+pg_dms__cnn__seed43,MSH6,P43246:926:I>S,0,0.19411135
train-clinvar+pg_dms__cnn__seed43,MSH6,P43246:604:A>D,1,0.98333114
train-clinvar+pg_dms__cnn__seed43,MSH6,P43246:920:N>Y,0,0.2858282
train-clinvar+pg_dms__cnn__seed43,MSH6,P43246:757:Y>S,0,0.7680757
train-clinvar+pg_dms__cnn__seed43,MSH6,P43246:826:F>S,0,0.55798906
train-clinvar+pg_dms__cnn__seed43,MSH6,P43246:163:V>I,0,0.051829025
train-clinvar+pg_dms__cnn__seed43,MSH6,P43246:866:M>T,0,0.029260043
train-clinvar+pg_dms__cnn__seed43,MSH6,P43246:352:D>E,0,0.15197024
train-clinvar+pg_dms__cnn__seed43,MSH6,P43246:698:E>K,0,0.1092022
train-clinvar+pg_dms__cnn__seed43,MSH6,P43246:847:K>T,0,0.30732933
train-clinvar+pg_dms__cnn__seed43,MSH6,P43246:228:K>R,0,0.02182846
train-clinvar+pg_dms__cnn__seed43,MSH6,P43246:37:F>C,0,0.7017938
train-clinvar+pg_dms__cnn__seed43,MSH6,P43246:371:E>V,0,0.00868209
train-clinvar+pg_dms__cnn__seed43,MSH6,P43246:788:T>I,1,0.71828735
train-clinvar+pg_dms__cnn__seed43,MSH6,P43246:449:K>M,0,0.42042807
train-clinvar+pg_dms__cnn__seed43,MSH6,P43246:209:D>Y,0,0.07120462
train-clinvar+pg_dms__cnn__seed43,MSH6,P43246:10:Q>N,0,0.030045072
train-clinvar+pg_dms__cnn__seed43,MSH6,P43246:10:Q>P,0,0.047368936
train-clinvar+pg_dms__cnn__seed43,MSH6,P43246:10:Q>T,0,0.033616967
train-clinvar+pg_dms__cnn__seed43,MSH6,P43246:10:Q>S,0,0.021662189
train-clinvar+pg_dms__cnn__seed43,MSH6,P43246:10:Q>Y,0,0.05311391
train-clinvar+pg_dms__cnn__seed43,MSH6,P43246:10:Q>M,0,0.058188315
train-clinvar+pg_dms__cnn__seed43,MSH6,P43246:10:Q>R,0,0.079172686
train-clinvar+pg_dms__cnn__seed43,MSH6,P43246:10:Q>L,0,0.025149511
train-clinvar+pg_dms__cnn__seed43,MSH6,P43246:10:Q>G,0,0.029142065
train-clinvar+pg_dms__cnn__seed43,MSH6,P43246:10:Q>I,0,0.051867917
train-clinvar+pg_dms__cnn__seed43,MSH6,P43246:10:Q>H,0,0.043748427
train-clinvar+pg_dms__cnn__seed43,MSH6,P43246:10:Q>F,0,0.11788259
train-clinvar+pg_dms__cnn__seed43,MSH6,P43246:10:Q>E,0,0.039548438
train-clinvar+pg_dms__cnn__seed43,MSH6,P43246:10:Q>D,0,0.08903511
train-clinvar+pg_dms__cnn__seed43,MSH6,P43246:10:Q>C,0,0.046826385
train-clinvar+pg_dms__cnn__seed43,MSH6,P43246:10:Q>A,0,0.018939063
train-clinvar+pg_dms__cnn__seed43,MSH6,P43246:10:Q>W,0,0.24684167
train-clinvar+pg_dms__cnn__seed43,MSH6,P43246:10:Q>K,0,0.062559254
train-clinvar+pg_dms__cnn__seed43,MSH6,P43246:10:Q>V,0,0.038658697
train-clinvar+pg_dms__cnn__seed43,MSH6,P43246:12:E>W,1,0.34274974
train-clinvar+pg_dms__cnn__seed43,MSH6,P43246:12:E>A,0,0.031568356
train-clinvar+pg_dms__cnn__seed43,MSH6,P43246:12:E>C,0,0.083824374
train-clinvar+pg_dms__cnn__seed43,MSH6,P43246:12:E>K,0,0.23225664
train-clinvar+pg_dms__cnn__seed43,MSH6,P43246:12:E>F,0,0.2756384
train-clinvar+pg_dms__cnn__seed43,MSH6,P43246:12:E>G,0,0.058701325
train-clinvar+pg_dms__cnn__seed43,MSH6,P43246:12:E>H,0,0.17477512
train-clinvar+pg_dms__cnn__seed43,MSH6,P43246:12:E>I,0,0.17831641
train-clinvar+pg_dms__cnn__seed43,MSH6,P43246:12:E>L,0,0.1844051
train-clinvar+pg_dms__cnn__seed43,MSH6,P43246:12:E>Y,0,0.20244971
train-clinvar+pg_dms__cnn__seed43,MSH6,P43246:12:E>N,0,0.059721872
train-clinvar+pg_dms__cnn__seed43,MSH6,P43246:12:E>P,0,0.1714942
train-clinvar+pg_dms__cnn__seed43,MSH6,P43246:12:E>Q,0,0.044313844
train-clinvar+pg_dms__cnn__seed43,MSH6,P43246:12:E>R,0,0.19159345
train-clinvar+pg_dms__cnn__seed43,MSH6,P43246:12:E>S,0,0.024438621
train-clinvar+pg_dms__cnn__seed43,MSH6,P43246:12:E>T,0,0.10069798
train-clinvar+pg_dms__cnn__seed43,MSH6,P43246:12:E>M,1,0.22879326
train-clinvar+pg_dms__cnn__seed43,MSH6,P43246:12:E>V,0,0.1667916
train-clinvar+pg_dms__cnn__seed43,MSH6,P43246:18:G>F,0,0.13886143
train-clinvar+pg_dms__cnn__seed43,MSH6,P43246:18:G>N,0,0.047212902
train-clinvar+pg_dms__cnn__seed43,MSH6,P43246:18:G>M,1,0.16018975
train-clinvar+pg_dms__cnn__seed43,MSH6,P43246:18:G>L,0,0.06788576
train-clinvar+pg_dms__cnn__seed43,MSH6,P43246:18:G>K,0,0.28164735
train-clinvar+pg_dms__cnn__seed43,MSH6,P43246:18:G>I,0,0.11049018
train-clinvar+pg_dms__cnn__seed43,MSH6,P43246:18:G>H,0,0.12962246
train-clinvar+pg_dms__cnn__seed43,MSH6,P43246:18:G>E,0,0.19330865
train-clinvar+pg_dms__cnn__seed43,MSH6,P43246:18:G>V,0,0.09226014
train-clinvar+pg_dms__cnn__seed43,MSH6,P43246:18:G>S,0,0.014648437
train-clinvar+pg_dms__cnn__seed43,MSH6,P43246:18:G>T,0,0.03547247
train-clinvar+pg_dms__cnn__seed43,MSH6,P43246:18:G>D,0,0.31749198
train-clinvar+pg_dms__cnn__seed43,MSH6,P43246:18:G>W,0,0.21501586
train-clinvar+pg_dms__cnn__seed43,MSH6,P43246:18:G>Y,0,0.093864135
train-clinvar+pg_dms__cnn__seed43,MSH6,P43246:18:G>C,0,0.019112684
train-clinvar+pg_dms__cnn__seed43,MSH6,P43246:18:G>Q,0,0.11975514
train-clinvar+pg_dms__cnn__seed43,MSH6,P43246:18:G>R,0,0.25568843
train-clinvar+pg_dms__cnn__seed43,MSH6,P43246:18:G>P,0,0.3573964
train-clinvar+pg_dms__cnn__seed43,MSH6,P43246:18:G>A,0,0.013129023
train-clinvar+pg_dms__cnn__seed43,MSH6,P43246:29:K>Q,0,0.13663173
train-clinvar+pg_dms__cnn__seed43,MSH6,P43246:29:K>S,0,0.24989997
train-clinvar+pg_dms__cnn__seed43,MSH6,P43246:29:K>T,0,0.16111022
train-clinvar+pg_dms__cnn__seed43,MSH6,P43246:29:K>H,0,0.1362097
train-clinvar+pg_dms__cnn__seed43,MSH6,P43246:29:K>A,0,0.12994637
train-clinvar+pg_dms__cnn__seed43,MSH6,P43246:29:K>P,0,0.3282593
train-clinvar+pg_dms__cnn__seed43,MSH6,P43246:29:K>M,0,0.1911976
train-clinvar+pg_dms__cnn__seed43,MSH6,P43246:29:K>L,0,0.1866807
train-clinvar+pg_dms__cnn__seed43,MSH6,P43246:29:K>I,0,0.18228024
train-clinvar+pg_dms__cnn__seed43,MSH6,P43246:29:K>R,0,0.041556343
train-clinvar+pg_dms__cnn__seed43,MSH6,P43246:29:K>C,0,0.061875097
train-clinvar+pg_dms__cnn__seed43,MSH6,P43246:29:K>E,0,0.34070233
train-clinvar+pg_dms__cnn__seed43,MSH6,P43246:29:K>F,0,0.24825409
train-clinvar+pg_dms__cnn__seed43,MSH6,P43246:29:K>G,0,0.17688262
train-clinvar+pg_dms__cnn__seed43,MSH6,P43246:29:K>V,0,0.14589137
train-clinvar+pg_dms__cnn__seed43,MSH6,P43246:29:K>W,0,0.41964996
train-clinvar+pg_dms__cnn__seed43,MSH6,P43246:29:K>Y,1,0.20980735
train-clinvar+pg_dms__cnn__seed43,MSH6,P43246:29:K>D,0,0.43058953
train-clinvar+pg_dms__cnn__seed43,MSH6,P43246:33:T>F,0,0.6684107
train-clinvar+pg_dms__cnn__seed43,MSH6,P43246:33:T>K,0,0.7481611
train-clinvar+pg_dms__cnn__seed43,MSH6,P43246:33:T>G,0,0.27407223
train-clinvar+pg_dms__cnn__seed43,MSH6,P43246:33:T>L,0,0.16247565
train-clinvar+pg_dms__cnn__seed43,MSH6,P43246:33:T>M,0,0.1139387
train-clinvar+pg_dms__cnn__seed43,MSH6,P43246:33:T>N,0,0.4250966
train-clinvar+pg_dms__cnn__seed43,MSH6,P43246:33:T>P,0,0.6113863
train-clinvar+pg_dms__cnn__seed43,MSH6,P43246:33:T>Q,0,0.54617065
train-clinvar+pg_dms__cnn__seed43,MSH6,P43246:33:T>S,0,0.053603087
train-clinvar+pg_dms__cnn__seed43,MSH6,P43246:33:T>I,0,0.42903244
train-clinvar+pg_dms__cnn__seed43,MSH6,P43246:33:T>W,0,0.74725217
train-clinvar+pg_dms__cnn__seed43,MSH6,P43246:33:T>H,0,0.6077708
train-clinvar+pg_dms__cnn__seed43,MSH6,P43246:33:T>A,0,0.07055307
train-clinvar+pg_dms__cnn__seed43,MSH6,P43246:33:T>C,0,0.04312149
train-clinvar+pg_dms__cnn__seed43,MSH6,P43246:33:T>D,0,0.7550954
train-clinvar+pg_dms__cnn__seed43,MSH6,P43246:33:T>E,0,0.7043169
train-clinvar+pg_dms__cnn__seed43,MSH6,P43246:33:T>V,0,0.089202836
train-clinvar+pg_dms__cnn__seed43,MSH6,P43246:37:F>A,0,0.8894082
train-clinvar+pg_dms__cnn__seed43,MSH6,P43246:37:F>D,1,0.9659413
train-clinvar+pg_dms__cnn__seed43,MSH6,P43246:37:F>T,1,0.9162387
train-clinvar+pg_dms__cnn__seed43,MSH6,P43246:37:F>G,1,0.91647726
train-clinvar+pg_dms__cnn__seed43,MSH6,P43246:37:F>H,0,0.8988784
train-clinvar+pg_dms__cnn__seed43,MSH6,P43246:37:F>I,0,0.8784264
train-clinvar+pg_dms__cnn__seed43,MSH6,P43246:37:F>K,0,0.9128224
train-clinvar+pg_dms__cnn__seed43,MSH6,P43246:37:F>M,0,0.8780755
train-clinvar+pg_dms__cnn__seed43,MSH6,P43246:37:F>P,1,0.9713651
train-clinvar+pg_dms__cnn__seed43,MSH6,P43246:37:F>S,1,0.92187065
train-clinvar+pg_dms__cnn__seed43,MSH6,P43246:37:F>V,0,0.90711987
train-clinvar+pg_dms__cnn__seed43,MSH6,P43246:37:F>W,0,0.8745548
train-clinvar+pg_dms__cnn__seed43,MSH6,P43246:37:F>Y,0,0.6196223
train-clinvar+pg_dms__cnn__seed43,MSH6,P43246:37:F>E,0,0.95398253
train-clinvar+pg_dms__cnn__seed43,MSH6,P43246:37:F>L,0,0.90773255
train-clinvar+pg_dms__cnn__seed43,MSH6,P43246:38:D>I,0,0.4747659
train-clinvar+pg_dms__cnn__seed43,MSH6,P43246:38:D>W,0,0.78015125
train-clinvar+pg_dms__cnn__seed43,MSH6,P43246:38:D>V,0,0.41357264
train-clinvar+pg_dms__cnn__seed43,MSH6,P43246:38:D>T,0,0.5053708
train-clinvar+pg_dms__cnn__seed43,MSH6,P43246:38:D>S,0,0.08600372
train-clinvar+pg_dms__cnn__seed43,MSH6,P43246:38:D>R,0,0.6318431
train-clinvar+pg_dms__cnn__seed43,MSH6,P43246:38:D>Q,0,0.26102608
train-clinvar+pg_dms__cnn__seed43,MSH6,P43246:38:D>P,0,0.88566923
train-clinvar+pg_dms__cnn__seed43,MSH6,P43246:38:D>K,0,0.58322465
train-clinvar+pg_dms__cnn__seed43,MSH6,P43246:38:D>L,0,0.44921738
train-clinvar+pg_dms__cnn__seed43,MSH6,P43246:38:D>A,0,0.1402042
train-clinvar+pg_dms__cnn__seed43,MSH6,P43246:38:D>E,0,0.1193229
train-clinvar+pg_dms__cnn__seed43,MSH6,P43246:38:D>F,0,0.5422633
train-clinvar+pg_dms__cnn__seed43,MSH6,P43246:38:D>G,0,0.34383672
train-clinvar+pg_dms__cnn__seed43,MSH6,P43246:38:D>H,0,0.20248728
train-clinvar+pg_dms__cnn__seed43,MSH6,P43246:38:D>N,0,0.096763626
train-clinvar+pg_dms__cnn__seed43,MSH6,P43246:42:F>T,0,0.6366032
train-clinvar+pg_dms__cnn__seed43,MSH6,P43246:42:F>S,0,0.6652293
train-clinvar+pg_dms__cnn__seed43,MSH6,P43246:42:F>Q,0,0.62740993
train-clinvar+pg_dms__cnn__seed43,MSH6,P43246:42:F>P,0,0.91553044
train-clinvar+pg_dms__cnn__seed43,MSH6,P43246:42:F>N,0,0.6518301
train-clinvar+pg_dms__cnn__seed43,MSH6,P43246:42:F>K,0,0.754933
train-clinvar+pg_dms__cnn__seed43,MSH6,P43246:42:F>L,0,0.757253
train-clinvar+pg_dms__cnn__seed43,MSH6,P43246:42:F>I,0,0.42279002
train-clinvar+pg_dms__cnn__seed43,MSH6,P43246:42:F>H,0,0.49551377
train-clinvar+pg_dms__cnn__seed43,MSH6,P43246:42:F>G,0,0.7344448
train-clinvar+pg_dms__cnn__seed43,MSH6,P43246:42:F>E,0,0.8751103
train-clinvar+pg_dms__cnn__seed43,MSH6,P43246:42:F>C,0,0.11970174
train-clinvar+pg_dms__cnn__seed43,MSH6,P43246:42:F>A,0,0.60022783
train-clinvar+pg_dms__cnn__seed43,MSH6,P43246:42:F>M,0,0.6329758
train-clinvar+pg_dms__cnn__seed43,MSH6,P43246:42:F>D,0,0.8100733
train-clinvar+pg_dms__cnn__seed43,MSH6,P43246:42:F>R,0,0.82644314
train-clinvar+pg_dms__cnn__seed43,MSH6,P43246:42:F>Y,0,0.02154768
train-clinvar+pg_dms__cnn__seed43,MSH6,P43246:42:F>W,0,0.16073
train-clinvar+pg_dms__cnn__seed43,MSH6,P43246:42:F>V,0,0.31471708
train-clinvar+pg_dms__cnn__seed43,MSH6,P43246:44:T>H,0,0.8439932
train-clinvar+pg_dms__cnn__seed43,MSH6,P43246:44:T>A,0,0.48051986
train-clinvar+pg_dms__cnn__seed43,MSH6,P43246:44:T>I,0,0.92921394
train-clinvar+pg_dms__cnn__seed43,MSH6,P43246:44:T>K,0,0.93799686
train-clinvar+pg_dms__cnn__seed43,MSH6,P43246:44:T>E,0,0.959015
train-clinvar+pg_dms__cnn__seed43,MSH6,P43246:44:T>D,0,0.96366084
train-clinvar+pg_dms__cnn__seed43,MSH6,P43246:44:T>C,0,0.33931148
train-clinvar+pg_dms__cnn__seed43,MSH6,P43246:44:T>L,0,0.86622584
train-clinvar+pg_dms__cnn__seed43,MSH6,P43246:44:T>F,0,0.936362
train-clinvar+pg_dms__cnn__seed43,MSH6,P43246:44:T>Q,0,0.9161186
train-clinvar+pg_dms__cnn__seed43,MSH6,P43246:44:T>R,0,0.9496976
train-clinvar+pg_dms__cnn__seed43,MSH6,P43246:44:T>S,0,0.04384596
train-clinvar+pg_dms__cnn__seed43,MSH6,P43246:44:T>V,0,0.86020947
train-clinvar+pg_dms__cnn__seed43,MSH6,P43246:44:T>W,1,0.9637027
train-clinvar+pg_dms__cnn__seed43,MSH6,P43246:44:T>Y,0,0.9545026
train-clinvar+pg_dms__cnn__seed43,MSH6,P43246:44:T>G,0,0.73822314
train-clinvar+pg_dms__cnn__seed43,MSH6,P43246:44:T>P,1,0.9730775
train-clinvar+pg_dms__cnn__seed43,MSH6,P43246:46:H>S,0,0.9072648
train-clinvar+pg_dms__cnn__seed43,MSH6,P43246:46:H>N,0,0.8845411
train-clinvar+pg_dms__cnn__seed43,MSH6,P43246:46:H>M,0,0.9133822
train-clinvar+pg_dms__cnn__seed43,MSH6,P43246:46:H>L,0,0.5316831
train-clinvar+pg_dms__cnn__seed43,MSH6,P43246:46:H>R,0,0.95716536
train-clinvar+pg_dms__cnn__seed43,MSH6,P43246:46:H>T,0,0.9187056
train-clinvar+pg_dms__cnn__seed43,MSH6,P43246:46:H>F,0,0.57545996
train-clinvar+pg_dms__cnn__seed43,MSH6,P43246:46:H>W,0,0.79590726
train-clinvar+pg_dms__cnn__seed43,MSH6,P43246:46:H>Y,0,0.4739422
train-clinvar+pg_dms__cnn__seed43,MSH6,P43246:46:H>G,0,0.9065337
train-clinvar+pg_dms__cnn__seed43,MSH6,P43246:46:H>K,0,0.9402963
train-clinvar+pg_dms__cnn__seed43,MSH6,P43246:46:H>A,0,0.8950008
train-clinvar+pg_dms__cnn__seed43,MSH6,P43246:46:H>C,0,0.1043005
train-clinvar+pg_dms__cnn__seed43,MSH6,P43246:46:H>D,1,0.96848977
train-clinvar+pg_dms__cnn__seed43,MSH6,P43246:46:H>V,0,0.82607514
train-clinvar+pg_dms__cnn__seed43,MSH6,P43246:46:H>I,0,0.8631653
train-clinvar+pg_dms__cnn__seed43,MSH6,P43246:47:G>A,0,0.044301264
train-clinvar+pg_dms__cnn__seed43,MSH6,P43246:47:G>C,0,0.11555605
train-clinvar+pg_dms__cnn__seed43,MSH6,P43246:47:G>R,0,0.74756515
train-clinvar+pg_dms__cnn__seed43,MSH6,P43246:47:G>F,0,0.59739435
train-clinvar+pg_dms__cnn__seed43,MSH6,P43246:47:G>W,0,0.78780437
train-clinvar+pg_dms__cnn__seed43,MSH6,P43246:47:G>V,0,0.67743593
train-clinvar+pg_dms__cnn__seed43,MSH6,P43246:47:G>T,0,0.4015347
train-clinvar+pg_dms__cnn__seed43,MSH6,P43246:47:G>S,0,0.04259176
train-clinvar+pg_dms__cnn__seed43,MSH6,P43246:47:G>E,0,0.4456761
train-clinvar+pg_dms__cnn__seed43,MSH6,P43246:47:G>Q,0,0.32933375
train-clinvar+pg_dms__cnn__seed43,MSH6,P43246:47:G>P,1,0.9371184
train-clinvar+pg_dms__cnn__seed43,MSH6,P43246:47:G>N,0,0.19128455
train-clinvar+pg_dms__cnn__seed43,MSH6,P43246:47:G>M,0,0.6675502
train-clinvar+pg_dms__cnn__seed43,MSH6,P43246:47:G>L,0,0.52406126
train-clinvar+pg_dms__cnn__seed43,MSH6,P43246:47:G>K,0,0.77170324
train-clinvar+pg_dms__cnn__seed43,MSH6,P43246:47:G>I,0,0.7160324
train-clinvar+pg_dms__cnn__seed43,MSH6,P43246:47:G>H,0,0.5399614
train-clinvar+pg_dms__cnn__seed43,MSH6,P43246:47:G>Y,0,0.47203788
train-clinvar+pg_dms__cnn__seed43,MSH6,P43246:50:A>I,1,0.8561066
train-clinvar+pg_dms__cnn__seed43,MSH6,P43246:50:A>E,0,0.8966151
train-clinvar+pg_dms__cnn__seed43,MSH6,P43246:50:A>C,0,0.5069925
train-clinvar+pg_dms__cnn__seed43,MSH6,P43246:50:A>V,0,0.8360893
train-clinvar+pg_dms__cnn__seed43,MSH6,P43246:50:A>S,0,0.09117283
train-clinvar+pg_dms__cnn__seed43,MSH6,P43246:50:A>R,0,0.8961692
train-clinvar+pg_dms__cnn__seed43,MSH6,P43246:50:A>P,1,0.95063215
train-clinvar+pg_dms__cnn__seed43,MSH6,P43246:50:A>W,1,0.92051905
train-clinvar+pg_dms__cnn__seed43,MSH6,P43246:50:A>M,1,0.8419624
train-clinvar+pg_dms__cnn__seed43,MSH6,P43246:50:A>L,1,0.78563195
train-clinvar+pg_dms__cnn__seed43,MSH6,P43246:50:A>K,0,0.9460126
train-clinvar+pg_dms__cnn__seed43,MSH6,P43246:50:A>H,0,0.86180127
train-clinvar+pg_dms__cnn__seed43,MSH6,P43246:50:A>G,0,0.112905264
train-clinvar+pg_dms__cnn__seed43,MSH6,P43246:50:A>F,0,0.8780636
train-clinvar+pg_dms__cnn__seed43,MSH6,P43246:50:A>N,1,0.8914668
train-clinvar+pg_dms__cnn__seed43,MSH6,P43246:57:V>Q,0,0.54787624
train-clinvar+pg_dms__cnn__seed43,MSH6,P43246:57:V>W,1,0.8901038
train-clinvar+pg_dms__cnn__seed43,MSH6,P43246:57:V>P,0,0.94934994
train-clinvar+pg_dms__cnn__seed43,MSH6,P43246:57:V>N,0,0.63907886
train-clinvar+pg_dms__cnn__seed43,MSH6,P43246:57:V>M,0,0.2685721
train-clinvar+pg_dms__cnn__seed43,MSH6,P43246:57:V>L,0,0.09805372
train-clinvar+pg_dms__cnn__seed43,MSH6,P43246:57:V>K,0,0.8331983
train-clinvar+pg_dms__cnn__seed43,MSH6,P43246:57:V>I,0,0.018603673
train-clinvar+pg_dms__cnn__seed43,MSH6,P43246:57:V>R,0,0.79668176
train-clinvar+pg_dms__cnn__seed43,MSH6,P43246:57:V>H,0,0.54932797
train-clinvar+pg_dms__cnn__seed43,MSH6,P43246:57:V>F,0,0.09610559
train-clinvar+pg_dms__cnn__seed43,MSH6,P43246:57:V>E,0,0.9012543
train-clinvar+pg_dms__cnn__seed43,MSH6,P43246:57:V>C,0,0.11102285
train-clinvar+pg_dms__cnn__seed43,MSH6,P43246:57:V>A,0,0.20613249
train-clinvar+pg_dms__cnn__seed43,MSH6,P43246:57:V>S,0,0.49051568
train-clinvar+pg_dms__cnn__seed43,MSH6,P43246:57:V>T,0,0.31803083
train-clinvar+pg_dms__cnn__seed43,MSH6,P43246:57:V>Y,0,0.4147085
train-clinvar+pg_dms__cnn__seed43,MSH6,P43246:59:K>V,0,0.3440383
train-clinvar+pg_dms__cnn__seed43,MSH6,P43246:59:K>W,0,0.43381524
train-clinvar+pg_dms__cnn__seed43,MSH6,P43246:59:K>T,0,0.33191007
train-clinvar+pg_dms__cnn__seed43,MSH6,P43246:59:K>S,0,0.3021231
train-clinvar+pg_dms__cnn__seed43,MSH6,P43246:59:K>Q,0,0.12709042
train-clinvar+pg_dms__cnn__seed43,MSH6,P43246:59:K>C,0,0.106785595
train-clinvar+pg_dms__cnn__seed43,MSH6,P43246:59:K>N,0,0.40057173
train-clinvar+pg_dms__cnn__seed43,MSH6,P43246:59:K>M,1,0.3191687
train-clinvar+pg_dms__cnn__seed43,MSH6,P43246:59:K>I,0,0.34658504
train-clinvar+pg_dms__cnn__seed43,MSH6,P43246:59:K>H,0,0.06032345
train-clinvar+pg_dms__cnn__seed43,MSH6,P43246:59:K>G,0,0.21402928
train-clinvar+pg_dms__cnn__seed43,MSH6,P43246:59:K>E,0,0.45463407
train-clinvar+pg_dms__cnn__seed43,MSH6,P43246:59:K>D,0,0.51582867
train-clinvar+pg_dms__cnn__seed43,MSH6,P43246:59:K>A,0,0.25857386
train-clinvar+pg_dms__cnn__seed43,MSH6,P43246:59:K>P,1,0.56349695
train-clinvar+pg_dms__cnn__seed43,MSH6,P43246:59:K>L,0,0.29591048
train-clinvar+pg_dms__cnn__seed43,MSH6,P43246:59:K>Y,0,0.31265765
train-clinvar+pg_dms__cnn__seed43,MSH6,P43246:66:Y>F,0,0.015236168
train-clinvar+pg_dms__cnn__seed43,MSH6,P43246:66:Y>C,0,0.009117944
train-clinvar+pg_dms__cnn__seed43,MSH6,P43246:66:Y>A,0,0.029085586
train-clinvar+pg_dms__cnn__seed43,MSH6,P43246:66:Y>W,0,0.08386651
train-clinvar+pg_dms__cnn__seed43,MSH6,P43246:66:Y>V,0,0.026095407
train-clinvar+pg_dms__cnn__seed43,MSH6,P43246:66:Y>T,0,0.03305639
train-clinvar+pg_dms__cnn__seed43,MSH6,P43246:66:Y>S,0,0.014201922
train-clinvar+pg_dms__cnn__seed43,MSH6,P43246:66:Y>Q,0,0.03263833
train-clinvar+pg_dms__cnn__seed43,MSH6,P43246:66:Y>P,0,0.1918682
train-clinvar+pg_dms__cnn__seed43,MSH6,P43246:66:Y>N,0,0.019666856
train-clinvar+pg_dms__cnn__seed43,MSH6,P43246:66:Y>G,0,0.037684344
train-clinvar+pg_dms__cnn__seed43,MSH6,P43246:66:Y>L,0,0.041548405
train-clinvar+pg_dms__cnn__seed43,MSH6,P43246:66:Y>I,0,0.03224001
train-clinvar+pg_dms__cnn__seed43,MSH6,P43246:66:Y>H,0,0.016758189
train-clinvar+pg_dms__cnn__seed43,MSH6,P43246:66:Y>R,0,0.055154044
train-clinvar+pg_dms__cnn__seed43,MSH6,P43246:66:Y>M,0,0.042175516
train-clinvar+pg_dms__cnn__seed43,MSH6,P43246:69:P>Y,1,0.021479024
train-clinvar+pg_dms__cnn__seed43,MSH6,P43246:69:P>V,0,0.0138170365
train-clinvar+pg_dms__cnn__seed43,MSH6,P43246:69:P>A,0,0.0059982063
train-clinvar+pg_dms__cnn__seed43,MSH6,P43246:69:P>C,0,0.009531957
train-clinvar+pg_dms__cnn__seed43,MSH6,P43246:69:P>D,0,0.044521295
train-clinvar+pg_dms__cnn__seed43,MSH6,P43246:69:P>E,0,0.023792956
train-clinvar+pg_dms__cnn__seed43,MSH6,P43246:69:P>F,0,0.018616674
train-clinvar+pg_dms__cnn__seed43,MSH6,P43246:69:P>G,0,0.010654693
train-clinvar+pg_dms__cnn__seed43,MSH6,P43246:69:P>H,0,0.009846281
train-clinvar+pg_dms__cnn__seed43,MSH6,P43246:69:P>W,0,0.07313186
train-clinvar+pg_dms__cnn__seed43,MSH6,P43246:69:P>I,0,0.012931607
train-clinvar+pg_dms__cnn__seed43,MSH6,P43246:69:P>M,0,0.0149868615
train-clinvar+pg_dms__cnn__seed43,MSH6,P43246:69:P>N,0,0.008111949
train-clinvar+pg_dms__cnn__seed43,MSH6,P43246:69:P>Q,0,0.007243914
train-clinvar+pg_dms__cnn__seed43,MSH6,P43246:69:P>R,0,0.034126375
train-clinvar+pg_dms__cnn__seed43,MSH6,P43246:69:P>S,0,0.014830325
train-clinvar+pg_dms__cnn__seed43,MSH6,P43246:69:P>T,0,0.014225254
train-clinvar+pg_dms__cnn__seed43,MSH6,P43246:69:P>K,0,0.017133735
train-clinvar+pg_dms__cnn__seed43,MSH6,P43246:74:N>V,0,0.013634271
train-clinvar+pg_dms__cnn__seed43,MSH6,P43246:74:N>A,0,0.010893872
train-clinvar+pg_dms__cnn__seed43,MSH6,P43246:74:N>C,0,0.003793677
train-clinvar+pg_dms__cnn__seed43,MSH6,P43246:74:N>W,0,0.10613097
train-clinvar+pg_dms__cnn__seed43,MSH6,P43246:74:N>T,0,0.02813746
train-clinvar+pg_dms__cnn__seed43,MSH6,P43246:74:N>S,0,0.016588315
train-clinvar+pg_dms__cnn__seed43,MSH6,P43246:74:N>R,0,0.027101822
train-clinvar+pg_dms__cnn__seed43,MSH6,P43246:74:N>Q,0,0.012305695
train-clinvar+pg_dms__cnn__seed43,MSH6,P43246:74:N>P,0,0.040939588
train-clinvar+pg_dms__cnn__seed43,MSH6,P43246:74:N>M,0,0.026318645
train-clinvar+pg_dms__cnn__seed43,MSH6,P43246:74:N>Y,0,0.024502702
train-clinvar+pg_dms__cnn__seed43,MSH6,P43246:74:N>K,0,0.053688604
train-clinvar+pg_dms__cnn__seed43,MSH6,P43246:74:N>I,0,0.014012966
train-clinvar+pg_dms__cnn__seed43,MSH6,P43246:74:N>H,0,0.024998074
train-clinvar+pg_dms__cnn__seed43,MSH6,P43246:74:N>G,0,0.01472155
train-clinvar+pg_dms__cnn__seed43,MSH6,P43246:74:N>F,0,0.028400045
train-clinvar+pg_dms__cnn__seed43,MSH6,P43246:74:N>E,0,0.03994861
train-clinvar+pg_dms__cnn__seed43,MSH6,P43246:74:N>L,0,0.020899158
train-clinvar+pg_dms__cnn__seed43,MSH6,P43246:74:N>D,0,0.033342075
train-clinvar+pg_dms__cnn__seed43,MSH6,P43246:76:Q>Y,0,0.15752445
train-clinvar+pg_dms__cnn__seed43,MSH6,P43246:76:Q>A,0,0.015919669
train-clinvar+pg_dms__cnn__seed43,MSH6,P43246:76:Q>C,0,0.048204657
train-clinvar+pg_dms__cnn__seed43,MSH6,P43246:76:Q>D,0,0.1530675
train-clinvar+pg_dms__cnn__seed43,MSH6,P43246:76:Q>F,0,0.35267898
train-clinvar+pg_dms__cnn__seed43,MSH6,P43246:76:Q>G,0,0.039928164
train-clinvar+pg_dms__cnn__seed43,MSH6,P43246:76:Q>H,0,0.07688032
train-clinvar+pg_dms__cnn__seed43,MSH6,P43246:76:Q>I,0,0.13058257
train-clinvar+pg_dms__cnn__seed43,MSH6,P43246:76:Q>K,0,0.048527244
train-clinvar+pg_dms__cnn__seed43,MSH6,P43246:76:Q>L,0,0.020152265
train-clinvar+pg_dms__cnn__seed43,MSH6,P43246:76:Q>M,0,0.066161156
train-clinvar+pg_dms__cnn__seed43,MSH6,P43246:76:Q>P,0,0.049872875
train-clinvar+pg_dms__cnn__seed43,MSH6,P43246:76:Q>R,0,0.030791577
train-clinvar+pg_dms__cnn__seed43,MSH6,P43246:76:Q>N,0,0.039518815
train-clinvar+pg_dms__cnn__seed43,MSH6,P43246:76:Q>T,0,0.036984712
train-clinvar+pg_dms__cnn__seed43,MSH6,P43246:76:Q>V,0,0.057514522
train-clinvar+pg_dms__cnn__seed43,MSH6,P43246:76:Q>W,0,0.5117696
train-clinvar+pg_dms__cnn__seed43,MSH6,P43246:76:Q>S,0,0.024288865
train-clinvar+pg_dms__cnn__seed43,MSH6,P43246:81:S>Q,0,0.2651065
train-clinvar+pg_dms__cnn__seed43,MSH6,P43246:81:S>P,0,0.83072054
train-clinvar+pg_dms__cnn__seed43,MSH6,P43246:81:S>N,0,0.19521108
train-clinvar+pg_dms__cnn__seed43,MSH6,P43246:81:S>M,0,0.20626044
train-clinvar+pg_dms__cnn__seed43,MSH6,P43246:81:S>L,0,0.21348695
train-clinvar+pg_dms__cnn__seed43,MSH6,P43246:81:S>K,0,0.49120784
train-clinvar+pg_dms__cnn__seed43,MSH6,P43246:81:S>I,0,0.42918298
train-clinvar+pg_dms__cnn__seed43,MSH6,P43246:81:S>F,0,0.30659774
train-clinvar+pg_dms__cnn__seed43,MSH6,P43246:81:S>G,0,0.03280173
train-clinvar+pg_dms__cnn__seed43,MSH6,P43246:81:S>C,0,0.029575508
train-clinvar+pg_dms__cnn__seed43,MSH6,P43246:81:S>A,0,0.03513036
train-clinvar+pg_dms__cnn__seed43,MSH6,P43246:81:S>T,0,0.11487399
train-clinvar+pg_dms__cnn__seed43,MSH6,P43246:81:S>V,0,0.35441777
train-clinvar+pg_dms__cnn__seed43,MSH6,P43246:81:S>R,0,0.6604092
train-clinvar+pg_dms__cnn__seed43,MSH6,P43246:81:S>H,0,0.26688725
train-clinvar+pg_dms__cnn__seed43,MSH6,P43246:81:S>W,0,0.7086558
train-clinvar+pg_dms__cnn__seed43,MSH6,P43246:82:K>C,0,0.032971025
train-clinvar+pg_dms__cnn__seed43,MSH6,P43246:82:K>N,0,0.12964848
train-clinvar+pg_dms__cnn__seed43,MSH6,P43246:82:K>W,0,0.31525615
train-clinvar+pg_dms__cnn__seed43,MSH6,P43246:82:K>A,0,0.06586274
train-clinvar+pg_dms__cnn__seed43,MSH6,P43246:82:K>S,0,0.11293549
train-clinvar+pg_dms__cnn__seed43,MSH6,P43246:82:K>Q,0,0.038637843
train-clinvar+pg_dms__cnn__seed43,MSH6,P43246:82:K>P,0,0.42502668
train-clinvar+pg_dms__cnn__seed43,MSH6,P43246:82:K>T,0,0.104838826
train-clinvar+pg_dms__cnn__seed43,MSH6,P43246:82:K>V,0,0.114780426
train-clinvar+pg_dms__cnn__seed43,MSH6,P43246:82:K>L,0,0.121248566
train-clinvar+pg_dms__cnn__seed43,MSH6,P43246:82:K>I,0,0.1623337
train-clinvar+pg_dms__cnn__seed43,MSH6,P43246:82:K>H,0,0.029167619
train-clinvar+pg_dms__cnn__seed43,MSH6,P43246:82:K>G,0,0.13263316
train-clinvar+pg_dms__cnn__seed43,MSH6,P43246:82:K>F,0,0.20369397
train-clinvar+pg_dms__cnn__seed43,MSH6,P43246:82:K>E,0,0.31191346
train-clinvar+pg_dms__cnn__seed43,MSH6,P43246:82:K>D,0,0.4493283
train-clinvar+pg_dms__cnn__seed43,MSH6,P43246:82:K>M,1,0.13760178
train-clinvar+pg_dms__cnn__seed43,MSH6,P43246:87:S>R,0,0.22357115
train-clinvar+pg_dms__cnn__seed43,MSH6,P43246:87:S>T,0,0.009391406
train-clinvar+pg_dms__cnn__seed43,MSH6,P43246:87:S>G,0,0.008766172
train-clinvar+pg_dms__cnn__seed43,MSH6,P43246:87:S>V,0,0.015451225
train-clinvar+pg_dms__cnn__seed43,MSH6,P43246:87:S>W,1,0.10151077
train-clinvar+pg_dms__cnn__seed43,MSH6,P43246:87:S>A,0,0.004847532
train-clinvar+pg_dms__cnn__seed43,MSH6,P43246:87:S>C,0,0.017709933
train-clinvar+pg_dms__cnn__seed43,MSH6,P43246:87:S>D,0,0.20109409
train-clinvar+pg_dms__cnn__seed43,MSH6,P43246:87:S>E,0,0.22161284
train-clinvar+pg_dms__cnn__seed43,MSH6,P43246:87:S>F,0,0.023339745
train-clinvar+pg_dms__cnn__seed43,MSH6,P43246:87:S>Q,0,0.060424823
train-clinvar+pg_dms__cnn__seed43,MSH6,P43246:87:S>Y,0,0.05162599
train-clinvar+pg_dms__cnn__seed43,MSH6,P43246:87:S>H,0,0.04194764
train-clinvar+pg_dms__cnn__seed43,MSH6,P43246:87:S>I,0,0.015905818
train-clinvar+pg_dms__cnn__seed43,MSH6,P43246:87:S>K,0,0.2463143
train-clinvar+pg_dms__cnn__seed43,MSH6,P43246:87:S>L,0,0.011798134
train-clinvar+pg_dms__cnn__seed43,MSH6,P43246:87:S>M,0,0.015650017
train-clinvar+pg_dms__cnn__seed43,MSH6,P43246:87:S>N,0,0.014364617
train-clinvar+pg_dms__cnn__seed43,MSH6,P43246:87:S>P,0,0.29966897
train-clinvar+pg_dms__cnn__seed43,MSH6,P43246:99:R>Y,0,0.66622084
train-clinvar+pg_dms__cnn__seed43,MSH6,P43246:99:R>W,0,0.8191746
train-clinvar+pg_dms__cnn__seed43,MSH6,P43246:99:R>V,1,0.7476788
train-clinvar+pg_dms__cnn__seed43,MSH6,P43246:99:R>T,1,0.57969004
train-clinvar+pg_dms__cnn__seed43,MSH6,P43246:99:R>Q,0,0.22174354
train-clinvar+pg_dms__cnn__seed43,MSH6,P43246:99:R>P,0,0.92332137
train-clinvar+pg_dms__cnn__seed43,MSH6,P43246:99:R>M,0,0.71514416
train-clinvar+pg_dms__cnn__seed43,MSH6,P43246:99:R>L,0,0.6083577
train-clinvar+pg_dms__cnn__seed43,MSH6,P43246:99:R>K,0,0.09486397
train-clinvar+pg_dms__cnn__seed43,MSH6,P43246:99:R>I,0,0.667525
train-clinvar+pg_dms__cnn__seed43,MSH6,P43246:99:R>G,0,0.6161618
train-clinvar+pg_dms__cnn__seed43,MSH6,P43246:99:R>F,1,0.71651036
train-clinvar+pg_dms__cnn__seed43,MSH6,P43246:99:R>C,0,0.07019817
train-clinvar+pg_dms__cnn__seed43,MSH6,P43246:99:R>A,0,0.55401385
train-clinvar+pg_dms__cnn__seed43,MSH6,P43246:100:V>L,0,0.24741901
train-clinvar+pg_dms__cnn__seed43,MSH6,P43246:100:V>K,1,0.9547668
train-clinvar+pg_dms__cnn__seed43,MSH6,P43246:100:V>M,0,0.530262
train-clinvar+pg_dms__cnn__seed43,MSH6,P43246:100:V>G,0,0.81870407
train-clinvar+pg_dms__cnn__seed43,MSH6,P43246:100:V>I,0,0.015583114
train-clinvar+pg_dms__cnn__seed43,MSH6,P43246:100:V>N,1,0.9228451
train-clinvar+pg_dms__cnn__seed43,MSH6,P43246:100:V>R,1,0.94824654
train-clinvar+pg_dms__cnn__seed43,MSH6,P43246:100:V>S,0,0.8742641
train-clinvar+pg_dms__cnn__seed43,MSH6,P43246:100:V>T,1,0.5159465
train-clinvar+pg_dms__cnn__seed43,MSH6,P43246:100:V>W,0,0.9620025
train-clinvar+pg_dms__cnn__seed43,MSH6,P43246:100:V>Y,0,0.93263924
train-clinvar+pg_dms__cnn__seed43,MSH6,P43246:100:V>C,0,0.39851636
train-clinvar+pg_dms__cnn__seed43,MSH6,P43246:100:V>E,1,0.9402824
train-clinvar+pg_dms__cnn__seed43,MSH6,P43246:100:V>P,0,0.976654
train-clinvar+pg_dms__cnn__seed43,MSH6,P43246:100:V>D,1,0.967366
train-clinvar+pg_dms__cnn__seed43,MSH6,P43246:105:N>R,0,0.5888369
train-clinvar+pg_dms__cnn__seed43,MSH6,P43246:105:N>Y,0,0.029243663
train-clinvar+pg_dms__cnn__seed43,MSH6,P43246:105:N>V,0,0.0479513
train-clinvar+pg_dms__cnn__seed43,MSH6,P43246:105:N>A,0,0.03286608
train-clinvar+pg_dms__cnn__seed43,MSH6,P43246:105:N>C,0,0.0072775865
train-clinvar+pg_dms__cnn__seed43,MSH6,P43246:105:N>D,0,0.35743758
train-clinvar+pg_dms__cnn__seed43,MSH6,P43246:105:N>E,0,0.7617311
train-clinvar+pg_dms__cnn__seed43,MSH6,P43246:105:N>F,0,0.21302514
train-clinvar+pg_dms__cnn__seed43,MSH6,P43246:105:N>G,0,0.03916021
train-clinvar+pg_dms__cnn__seed43,MSH6,P43246:105:N>H,0,0.027306052
train-clinvar+pg_dms__cnn__seed43,MSH6,P43246:105:N>I,0,0.05043673
train-clinvar+pg_dms__cnn__seed43,MSH6,P43246:105:N>K,0,0.5923765
train-clinvar+pg_dms__cnn__seed43,MSH6,P43246:105:N>L,0,0.048264563
train-clinvar+pg_dms__cnn__seed43,MSH6,P43246:105:N>M,0,0.06464055
train-clinvar+pg_dms__cnn__seed43,MSH6,P43246:105:N>P,0,0.120870695
train-clinvar+pg_dms__cnn__seed43,MSH6,P43246:105:N>Q,0,0.10060469
train-clinvar+pg_dms__cnn__seed43,MSH6,P43246:105:N>W,0,0.76944023
train-clinvar+pg_dms__cnn__seed43,MSH6,P43246:105:N>T,0,0.035097074
train-clinvar+pg_dms__cnn__seed43,MSH6,P43246:106:R>W,0,0.048672125
train-clinvar+pg_dms__cnn__seed43,MSH6,P43246:106:R>C,0,0.0054077203
train-clinvar+pg_dms__cnn__seed43,MSH6,P43246:106:R>E,0,0.08220261
train-clinvar+pg_dms__cnn__seed43,MSH6,P43246:106:R>F,0,0.09503482
train-clinvar+pg_dms__cnn__seed43,MSH6,P43246:106:R>G,0,0.06344735
train-clinvar+pg_dms__cnn__seed43,MSH6,P43246:106:R>H,0,0.007261668
train-clinvar+pg_dms__cnn__seed43,MSH6,P43246:106:R>I,0,0.031104503
train-clinvar+pg_dms__cnn__seed43,MSH6,P43246:106:R>L,0,0.024831478
train-clinvar+pg_dms__cnn__seed43,MSH6,P43246:106:R>M,0,0.038029306
train-clinvar+pg_dms__cnn__seed43,MSH6,P43246:106:R>P,0,0.2259012
train-clinvar+pg_dms__cnn__seed43,MSH6,P43246:106:R>Q,0,0.0056115473
train-clinvar+pg_dms__cnn__seed43,MSH6,P43246:106:R>S,0,0.06340332
train-clinvar+pg_dms__cnn__seed43,MSH6,P43246:106:R>T,0,0.062318955
train-clinvar+pg_dms__cnn__seed43,MSH6,P43246:106:R>V,0,0.0402797
train-clinvar+pg_dms__cnn__seed43,MSH6,P43246:106:R>Y,0,0.06880667
train-clinvar+pg_dms__cnn__seed43,MSH6,P43246:106:R>A,0,0.02918688
train-clinvar+pg_dms__cnn__seed43,MSH6,P43246:106:R>N,0,0.08093131
train-clinvar+pg_dms__cnn__seed43,MSH6,P43246:118:Y>W,0,0.048821792
train-clinvar+pg_dms__cnn__seed43,MSH6,P43246:118:Y>V,0,0.015044933
train-clinvar+pg_dms__cnn__seed43,MSH6,P43246:118:Y>C,0,0.007962906
train-clinvar+pg_dms__cnn__seed43,MSH6,P43246:118:Y>S,0,0.018435054
train-clinvar+pg_dms__cnn__seed43,MSH6,P43246:118:Y>D,0,0.0495138
train-clinvar+pg_dms__cnn__seed43,MSH6,P43246:118:Y>E,0,0.047566503
train-clinvar+pg_dms__cnn__seed43,MSH6,P43246:118:Y>F,0,0.011429383
train-clinvar+pg_dms__cnn__seed43,MSH6,P43246:118:Y>G,0,0.028301274
train-clinvar+pg_dms__cnn__seed43,MSH6,P43246:118:Y>H,0,0.0116914
train-clinvar+pg_dms__cnn__seed43,MSH6,P43246:118:Y>I,0,0.016909482
train-clinvar+pg_dms__cnn__seed43,MSH6,P43246:118:Y>A,0,0.017551204
train-clinvar+pg_dms__cnn__seed43,MSH6,P43246:118:Y>K,0,0.06615181
train-clinvar+pg_dms__cnn__seed43,MSH6,P43246:118:Y>T,0,0.028785741
train-clinvar+pg_dms__cnn__seed43,MSH6,P43246:118:Y>L,0,0.017135745
train-clinvar+pg_dms__cnn__seed43,MSH6,P43246:118:Y>M,0,0.04072568
train-clinvar+pg_dms__cnn__seed43,MSH6,P43246:118:Y>N,0,0.028448842
train-clinvar+pg_dms__cnn__seed43,MSH6,P43246:118:Y>P,0,0.6955642
train-clinvar+pg_dms__cnn__seed43,MSH6,P43246:118:Y>Q,0,0.0145089645
train-clinvar+pg_dms__cnn__seed43,MSH6,P43246:118:Y>R,0,0.052544255
train-clinvar+pg_dms__cnn__seed43,MSH6,P43246:120:A>E,0,0.21624547
train-clinvar+pg_dms__cnn__seed43,MSH6,P43246:120:A>D,0,0.35549358
train-clinvar+pg_dms__cnn__seed43,MSH6,P43246:120:A>C,0,0.023596158
train-clinvar+pg_dms__cnn__seed43,MSH6,P43246:120:A>F,0,0.10896188
train-clinvar+pg_dms__cnn__seed43,MSH6,P43246:120:A>G,0,0.04127792
train-clinvar+pg_dms__cnn__seed43,MSH6,P43246:120:A>Y,0,0.2499478
train-clinvar+pg_dms__cnn__seed43,MSH6,P43246:120:A>H,0,0.16409032
train-clinvar+pg_dms__cnn__seed43,MSH6,P43246:120:A>I,0,0.051614188
train-clinvar+pg_dms__cnn__seed43,MSH6,P43246:120:A>K,0,0.55613595
train-clinvar+pg_dms__cnn__seed43,MSH6,P43246:120:A>L,0,0.042017203
train-clinvar+pg_dms__cnn__seed43,MSH6,P43246:120:A>M,0,0.06526438
train-clinvar+pg_dms__cnn__seed43,MSH6,P43246:120:A>N,0,0.0926608
train-clinvar+pg_dms__cnn__seed43,MSH6,P43246:120:A>P,0,0.6021048
train-clinvar+pg_dms__cnn__seed43,MSH6,P43246:120:A>Q,0,0.10442427
train-clinvar+pg_dms__cnn__seed43,MSH6,P43246:120:A>R,0,0.47232506
train-clinvar+pg_dms__cnn__seed43,MSH6,P43246:120:A>S,0,0.03257944
train-clinvar+pg_dms__cnn__seed43,MSH6,P43246:120:A>W,0,0.6432214
train-clinvar+pg_dms__cnn__seed43,MSH6,P43246:120:A>V,0,0.05834711
train-clinvar+pg_dms__cnn__seed43,MSH6,P43246:122:K>Y,0,0.7225118
train-clinvar+pg_dms__cnn__seed43,MSH6,P43246:122:K>W,0,0.84667367
train-clinvar+pg_dms__cnn__seed43,MSH6,P43246:122:K>Q,0,0.049336083
train-clinvar+pg_dms__cnn__seed43,MSH6,P43246:122:K>R,0,0.024011556
train-clinvar+pg_dms__cnn__seed43,MSH6,P43246:122:K>T,0,0.1962165
train-clinvar+pg_dms__cnn__seed43,MSH6,P43246:122:K>S,0,0.42711636
train-clinvar+pg_dms__cnn__seed43,MSH6,P43246:122:K>I,0,0.5411215
train-clinvar+pg_dms__cnn__seed43,MSH6,P43246:122:K>M,0,0.46633217
train-clinvar+pg_dms__cnn__seed43,MSH6,P43246:122:K>N,0,0.7135125
train-clinvar+pg_dms__cnn__seed43,MSH6,P43246:122:K>V,0,0.49744937
train-clinvar+pg_dms__cnn__seed43,MSH6,P43246:122:K>P,0,0.9108687
train-clinvar+pg_dms__cnn__seed43,MSH6,P43246:122:K>L,0,0.658845
train-clinvar+pg_dms__cnn__seed43,MSH6,P43246:122:K>H,0,0.11572555
train-clinvar+pg_dms__cnn__seed43,MSH6,P43246:122:K>G,0,0.6903118
train-clinvar+pg_dms__cnn__seed43,MSH6,P43246:122:K>F,0,0.8199911
train-clinvar+pg_dms__cnn__seed43,MSH6,P43246:122:K>A,0,0.39028835
train-clinvar+pg_dms__cnn__seed43,MSH6,P43246:122:K>C,0,0.11899688
train-clinvar+pg_dms__cnn__seed43,MSH6,P43246:124:S>V,1,0.97454077
train-clinvar+pg_dms__cnn__seed43,MSH6,P43246:124:S>H,0,0.9569922
train-clinvar+pg_dms__cnn__seed43,MSH6,P43246:124:S>R,0,0.98590267
train-clinvar+pg_dms__cnn__seed43,MSH6,P43246:124:S>Q,1,0.96842325
train-clinvar+pg_dms__cnn__seed43,MSH6,P43246:124:S>P,0,0.9907816
train-clinvar+pg_dms__cnn__seed43,MSH6,P43246:124:S>M,1,0.96947473
train-clinvar+pg_dms__cnn__seed43,MSH6,P43246:124:S>L,1,0.95818603
train-clinvar+pg_dms__cnn__seed43,MSH6,P43246:124:S>D,1,0.98717356
train-clinvar+pg_dms__cnn__seed43,MSH6,P43246:124:S>G,0,0.90957254
train-clinvar+pg_dms__cnn__seed43,MSH6,P43246:124:S>K,1,0.98231447
train-clinvar+pg_dms__cnn__seed43,MSH6,P43246:124:S>N,1,0.96743774
train-clinvar+pg_dms__cnn__seed43,MSH6,P43246:127:N>Y,0,0.04897261
train-clinvar+pg_dms__cnn__seed43,MSH6,P43246:127:N>Q,0,0.6171885
train-clinvar+pg_dms__cnn__seed43,MSH6,P43246:127:N>M,0,0.67548645
train-clinvar+pg_dms__cnn__seed43,MSH6,P43246:127:N>L,0,0.39297003
train-clinvar+pg_dms__cnn__seed43,MSH6,P43246:127:N>K,0,0.8798646
train-clinvar+pg_dms__cnn__seed43,MSH6,P43246:127:N>H,0,0.06977265
train-clinvar+pg_dms__cnn__seed43,MSH6,P43246:127:N>I,0,0.4557011
train-clinvar+pg_dms__cnn__seed43,MSH6,P43246:127:N>V,0,0.44742307
train-clinvar+pg_dms__cnn__seed43,MSH6,P43246:127:N>P,1,0.96874833
train-clinvar+pg_dms__cnn__seed43,MSH6,P43246:127:N>W,0,0.93193835
train-clinvar+pg_dms__cnn__seed43,MSH6,P43246:127:N>C,0,0.043585062
train-clinvar+pg_dms__cnn__seed43,MSH6,P43246:127:N>F,0,0.582635
train-clinvar+pg_dms__cnn__seed43,MSH6,P43246:127:N>D,0,0.7759176
train-clinvar+pg_dms__cnn__seed43,MSH6,P43246:127:N>E,0,0.9270885
train-clinvar+pg_dms__cnn__seed43,MSH6,P43246:127:N>A,0,0.49244335
train-clinvar+pg_dms__cnn__seed43,MSH6,P43246:127:N>G,0,0.7240622
train-clinvar+pg_dms__cnn__seed43,MSH6,P43246:127:N>R,0,0.80304384
train-clinvar+pg_dms__cnn__seed43,MSH6,P43246:130:Q>K,0,0.11027625
train-clinvar+pg_dms__cnn__seed43,MSH6,P43246:130:Q>C,0,0.044908464
train-clinvar+pg_dms__cnn__seed43,MSH6,P43246:130:Q>A,0,0.020709872
train-clinvar+pg_dms__cnn__seed43,MSH6,P43246:130:Q>E,0,0.031131236
train-clinvar+pg_dms__cnn__seed43,MSH6,P43246:130:Q>F,0,0.30215
train-clinvar+pg_dms__cnn__seed43,MSH6,P43246:130:Q>G,0,0.06798224
train-clinvar+pg_dms__cnn__seed43,MSH6,P43246:130:Q>D,0,0.16921692
train-clinvar+pg_dms__cnn__seed43,MSH6,P43246:130:Q>I,0,0.2121473
train-clinvar+pg_dms__cnn__seed43,MSH6,P43246:130:Q>L,0,0.050007477
train-clinvar+pg_dms__cnn__seed43,MSH6,P43246:130:Q>M,0,0.094385974
train-clinvar+pg_dms__cnn__seed43,MSH6,P43246:130:Q>H,0,0.10227579
train-clinvar+pg_dms__cnn__seed43,MSH6,P43246:130:Q>P,0,0.085448764
train-clinvar+pg_dms__cnn__seed43,MSH6,P43246:130:Q>R,0,0.11442904
train-clinvar+pg_dms__cnn__seed43,MSH6,P43246:130:Q>S,0,0.033416577
train-clinvar+pg_dms__cnn__seed43,MSH6,P43246:130:Q>T,0,0.08861407
train-clinvar+pg_dms__cnn__seed43,MSH6,P43246:130:Q>V,0,0.15418294
train-clinvar+pg_dms__cnn__seed43,MSH6,P43246:130:Q>W,0,0.52361816
train-clinvar+pg_dms__cnn__seed43,MSH6,P43246:130:Q>Y,0,0.32945302
train-clinvar+pg_dms__cnn__seed43,MSH6,P43246:130:Q>N,0,0.06133289
train-clinvar+pg_dms__cnn__seed43,MSH6,P43246:136:F>Q,0,0.11358994
train-clinvar+pg_dms__cnn__seed43,MSH6,P43246:136:F>P,0,0.33818024
train-clinvar+pg_dms__cnn__seed43,MSH6,P43246:136:F>N,0,0.13206679
train-clinvar+pg_dms__cnn__seed43,MSH6,P43246:136:F>S,0,0.05697598
train-clinvar+pg_dms__cnn__seed43,MSH6,P43246:136:F>C,1,0.032907426
train-clinvar+pg_dms__cnn__seed43,MSH6,P43246:136:F>D,0,0.29222974
train-clinvar+pg_dms__cnn__seed43,MSH6,P43246:136:F>M,0,0.112645574
train-clinvar+pg_dms__cnn__seed43,MSH6,P43246:136:F>T,0,0.09873538
train-clinvar+pg_dms__cnn__seed43,MSH6,P43246:136:F>V,0,0.09798486
train-clinvar+pg_dms__cnn__seed43,MSH6,P43246:136:F>W,0,0.09562168
train-clinvar+pg_dms__cnn__seed43,MSH6,P43246:136:F>Y,0,0.029453812
train-clinvar+pg_dms__cnn__seed43,MSH6,P43246:136:F>R,0,0.17828092
train-clinvar+pg_dms__cnn__seed43,MSH6,P43246:136:F>A,0,0.062198404
train-clinvar+pg_dms__cnn__seed43,MSH6,P43246:136:F>H,0,0.06750647
train-clinvar+pg_dms__cnn__seed43,MSH6,P43246:136:F>G,0,0.07614757
train-clinvar+pg_dms__cnn__seed43,MSH6,P43246:136:F>I,0,0.07053988
train-clinvar+pg_dms__cnn__seed43,MSH6,P43246:136:F>E,0,0.20890266
train-clinvar+pg_dms__cnn__seed43,MSH6,P43246:136:F>K,0,0.1824223
train-clinvar+pg_dms__cnn__seed43,MSH6,P43246:138:N>C,0,0.0037000566
train-clinvar+pg_dms__cnn__seed43,MSH6,P43246:138:N>Y,0,0.012923678
train-clinvar+pg_dms__cnn__seed43,MSH6,P43246:138:N>W,0,0.10903285
train-clinvar+pg_dms__cnn__seed43,MSH6,P43246:138:N>V,0,0.013806769
train-clinvar+pg_dms__cnn__seed43,MSH6,P43246:138:N>T,0,0.010801068
train-clinvar+pg_dms__cnn__seed43,MSH6,P43246:138:N>S,0,0.016960233
train-clinvar+pg_dms__cnn__seed43,MSH6,P43246:138:N>R,0,0.05265514
train-clinvar+pg_dms__cnn__seed43,MSH6,P43246:138:N>Q,0,0.015462703
train-clinvar+pg_dms__cnn__seed43,MSH6,P43246:138:N>L,0,0.014288918
train-clinvar+pg_dms__cnn__seed43,MSH6,P43246:138:N>A,0,0.007739536
train-clinvar+pg_dms__cnn__seed43,MSH6,P43246:138:N>I,0,0.024215372
train-clinvar+pg_dms__cnn__seed43,MSH6,P43246:138:N>H,0,0.0073589426
train-clinvar+pg_dms__cnn__seed43,MSH6,P43246:138:N>G,0,0.0110513475
train-clinvar+pg_dms__cnn__seed43,MSH6,P43246:138:N>F,0,0.02705093
train-clinvar+pg_dms__cnn__seed43,MSH6,P43246:138:N>E,0,0.062971555
train-clinvar+pg_dms__cnn__seed43,MSH6,P43246:138:N>M,0,0.018748391
train-clinvar+pg_dms__cnn__seed43,MSH6,P43246:138:N>P,0,0.05239457
train-clinvar+pg_dms__cnn__seed43,MSH6,P43246:155:V>Y,0,0.03886088
train-clinvar+pg_dms__cnn__seed43,MSH6,P43246:155:V>G,0,0.024917262
train-clinvar+pg_dms__cnn__seed43,MSH6,P43246:155:V>P,0,0.08504272
train-clinvar+pg_dms__cnn__seed43,MSH6,P43246:155:V>E,0,0.029425075
train-clinvar+pg_dms__cnn__seed43,MSH6,P43246:155:V>I,0,0.0249528
train-clinvar+pg_dms__cnn__seed43,MSH6,P43246:155:V>F,0,0.013176612
train-clinvar+pg_dms__cnn__seed43,MSH6,P43246:155:V>K,0,0.020749163
train-clinvar+pg_dms__cnn__seed43,MSH6,P43246:155:V>T,0,0.017494291
train-clinvar+pg_dms__cnn__seed43,MSH6,P43246:155:V>M,0,0.012387058
train-clinvar+pg_dms__cnn__seed43,MSH6,P43246:155:V>N,0,0.01612215
train-clinvar+pg_dms__cnn__seed43,MSH6,P43246:155:V>W,0,0.20803586
train-clinvar+pg_dms__cnn__seed43,MSH6,P43246:155:V>S,0,0.011919829
train-clinvar+pg_dms__cnn__seed43,MSH6,P43246:155:V>R,0,0.0221176
train-clinvar+pg_dms__cnn__seed43,MSH6,P43246:155:V>Q,0,0.015068997
train-clinvar+pg_dms__cnn__seed43,MSH6,P43246:155:V>C,0,0.017680164
train-clinvar+pg_dms__cnn__seed43,MSH6,P43246:155:V>L,0,0.03538304
train-clinvar+pg_dms__cnn__seed43,MSH6,P43246:155:V>A,0,0.013960435
train-clinvar+pg_dms__cnn__seed43,MSH6,P43246:155:V>H,0,0.022380738
train-clinvar+pg_dms__cnn__seed43,MSH6,P43246:158:Q>C,0,0.06804485
train-clinvar+pg_dms__cnn__seed43,MSH6,P43246:158:Q>A,0,0.044686284
train-clinvar+pg_dms__cnn__seed43,MSH6,P43246:158:Q>H,0,0.043134097
train-clinvar+pg_dms__cnn__seed43,MSH6,P43246:158:Q>W,0,0.2214135
train-clinvar+pg_dms__cnn__seed43,MSH6,P43246:158:Q>D,0,0.17328341
train-clinvar+pg_dms__cnn__seed43,MSH6,P43246:158:Q>I,0,0.06021053
train-clinvar+pg_dms__cnn__seed43,MSH6,P43246:158:Q>Y,0,0.09767803
train-clinvar+pg_dms__cnn__seed43,MSH6,P43246:158:Q>K,0,0.03756724
train-clinvar+pg_dms__cnn__seed43,MSH6,P43246:158:Q>P,0,0.15052429
train-clinvar+pg_dms__cnn__seed43,MSH6,P43246:158:Q>E,0,0.06531793
train-clinvar+pg_dms__cnn__seed43,MSH6,P43246:158:Q>F,0,0.2666743
train-clinvar+pg_dms__cnn__seed43,MSH6,P43246:158:Q>G,0,0.05525204
train-clinvar+pg_dms__cnn__seed43,MSH6,P43246:158:Q>L,0,0.029520724
train-clinvar+pg_dms__cnn__seed43,MSH6,P43246:158:Q>M,0,0.08199723
train-clinvar+pg_dms__cnn__seed43,MSH6,P43246:158:Q>S,0,0.042607356
train-clinvar+pg_dms__cnn__seed43,MSH6,P43246:158:Q>T,0,0.08791599
train-clinvar+pg_dms__cnn__seed43,MSH6,P43246:158:Q>V,0,0.05071291
train-clinvar+pg_dms__cnn__seed43,MSH6,P43246:159:R>G,0,0.13123915
train-clinvar+pg_dms__cnn__seed43,MSH6,P43246:159:R>H,0,0.023051929
train-clinvar+pg_dms__cnn__seed43,MSH6,P43246:159:R>Q,0,0.027375225
train-clinvar+pg_dms__cnn__seed43,MSH6,P43246:159:R>M,0,0.09810552
train-clinvar+pg_dms__cnn__seed43,MSH6,P43246:159:R>P,0,0.55647516
train-clinvar+pg_dms__cnn__seed43,MSH6,P43246:159:R>F,0,0.24013156
train-clinvar+pg_dms__cnn__seed43,MSH6,P43246:159:R>S,0,0.35301158
train-clinvar+pg_dms__cnn__seed43,MSH6,P43246:159:R>T,0,0.12896295
train-clinvar+pg_dms__cnn__seed43,MSH6,P43246:159:R>V,0,0.13953023
train-clinvar+pg_dms__cnn__seed43,MSH6,P43246:159:R>W,1,0.07381202
train-clinvar+pg_dms__cnn__seed43,MSH6,P43246:159:R>Y,0,0.12005857
train-clinvar+pg_dms__cnn__seed43,MSH6,P43246:159:R>L,0,0.059956145
train-clinvar+pg_dms__cnn__seed43,MSH6,P43246:159:R>D,0,0.90142095
train-clinvar+pg_dms__cnn__seed43,MSH6,P43246:159:R>A,0,0.20473978
train-clinvar+pg_dms__cnn__seed43,MSH6,P43246:159:R>C,0,0.01016035
train-clinvar+pg_dms__cnn__seed43,MSH6,P43246:160:Q>A,0,0.043402117
train-clinvar+pg_dms__cnn__seed43,MSH6,P43246:160:Q>M,0,0.05303242
train-clinvar+pg_dms__cnn__seed43,MSH6,P43246:160:Q>N,0,0.054797098
train-clinvar+pg_dms__cnn__seed43,MSH6,P43246:160:Q>P,1,0.20121148
train-clinvar+pg_dms__cnn__seed43,MSH6,P43246:160:Q>S,0,0.033286605
train-clinvar+pg_dms__cnn__seed43,MSH6,P43246:160:Q>T,0,0.053151567
train-clinvar+pg_dms__cnn__seed43,MSH6,P43246:160:Q>V,0,0.044216275
train-clinvar+pg_dms__cnn__seed43,MSH6,P43246:160:Q>I,0,0.042329993
train-clinvar+pg_dms__cnn__seed43,MSH6,P43246:160:Q>H,0,0.03457917
train-clinvar+pg_dms__cnn__seed43,MSH6,P43246:160:Q>G,0,0.07236683
train-clinvar+pg_dms__cnn__seed43,MSH6,P43246:160:Q>F,0,0.10270276
train-clinvar+pg_dms__cnn__seed43,MSH6,P43246:160:Q>E,0,0.053622648
train-clinvar+pg_dms__cnn__seed43,MSH6,P43246:160:Q>D,0,0.20350894
train-clinvar+pg_dms__cnn__seed43,MSH6,P43246:160:Q>C,0,0.022860669
train-clinvar+pg_dms__cnn__seed43,MSH6,P43246:160:Q>Y,0,0.0517974
train-clinvar+pg_dms__cnn__seed43,MSH6,P43246:160:Q>W,0,0.11156722
train-clinvar+pg_dms__cnn__seed43,MSH6,P43246:163:V>M,0,0.15650845
train-clinvar+pg_dms__cnn__seed43,MSH6,P43246:163:V>S,1,0.89019156
train-clinvar+pg_dms__cnn__seed43,MSH6,P43246:163:V>R,1,0.994282
train-clinvar+pg_dms__cnn__seed43,MSH6,P43246:163:V>Q,1,0.9901072
train-clinvar+pg_dms__cnn__seed43,MSH6,P43246:163:V>P,1,0.99629116
train-clinvar+pg_dms__cnn__seed43,MSH6,P43246:163:V>N,1,0.99052835
train-clinvar+pg_dms__cnn__seed43,MSH6,P43246:163:V>L,0,0.12354732
train-clinvar+pg_dms__cnn__seed43,MSH6,P43246:163:V>A,0,0.0934778
train-clinvar+pg_dms__cnn__seed43,MSH6,P43246:163:V>H,1,0.98933524
train-clinvar+pg_dms__cnn__seed43,MSH6,P43246:163:V>F,0,0.27731162
train-clinvar+pg_dms__cnn__seed43,MSH6,P43246:163:V>E,1,0.99239856
train-clinvar+pg_dms__cnn__seed43,MSH6,P43246:163:V>C,0,0.7143869
train-clinvar+pg_dms__cnn__seed43,MSH6,P43246:163:V>W,1,0.9939526
train-clinvar+pg_dms__cnn__seed43,MSH6,P43246:163:V>K,1,0.9916678
train-clinvar+pg_dms__cnn__seed43,MSH6,P43246:163:V>Y,1,0.9920366
train-clinvar+pg_dms__cnn__seed43,MSH6,P43246:163:V>T,1,0.46982107
train-clinvar+pg_dms__cnn__seed43,MSH6,P43246:164:G>Y,1,0.9950558
train-clinvar+pg_dms__cnn__seed43,MSH6,P43246:164:G>S,0,0.14412482
train-clinvar+pg_dms__cnn__seed43,MSH6,P43246:164:G>Q,1,0.99124545
train-clinvar+pg_dms__cnn__seed43,MSH6,P43246:164:G>P,1,0.99690944
train-clinvar+pg_dms__cnn__seed43,MSH6,P43246:164:G>N,1,0.9938718
train-clinvar+pg_dms__cnn__seed43,MSH6,P43246:164:G>M,1,0.9940084
train-clinvar+pg_dms__cnn__seed43,MSH6,P43246:164:G>L,1,0.99052167
train-clinvar+pg_dms__cnn__seed43,MSH6,P43246:164:G>K,1,0.98616886
train-clinvar+pg_dms__cnn__seed43,MSH6,P43246:164:G>I,1,0.98477143
train-clinvar+pg_dms__cnn__seed43,MSH6,P43246:164:G>H,1,0.9907934
train-clinvar+pg_dms__cnn__seed43,MSH6,P43246:164:G>F,1,0.993897
train-clinvar+pg_dms__cnn__seed43,MSH6,P43246:164:G>D,1,0.9926866
train-clinvar+pg_dms__cnn__seed43,MSH6,P43246:164:G>C,0,0.18099499
train-clinvar+pg_dms__cnn__seed43,MSH6,P43246:164:G>T,1,0.9144672
train-clinvar+pg_dms__cnn__seed43,MSH6,P43246:164:G>A,0,0.044656686
train-clinvar+pg_dms__cnn__seed43,MSH6,P43246:164:G>V,1,0.9576758
train-clinvar+pg_dms__cnn__seed43,MSH6,P43246:175:L>C,0,0.106689684
train-clinvar+pg_dms__cnn__seed43,MSH6,P43246:175:L>A,0,0.18183346
train-clinvar+pg_dms__cnn__seed43,MSH6,P43246:175:L>F,0,0.06690864
train-clinvar+pg_dms__cnn__seed43,MSH6,P43246:175:L>G,0,0.92038983
train-clinvar+pg_dms__cnn__seed43,MSH6,P43246:175:L>H,0,0.7443991
train-clinvar+pg_dms__cnn__seed43,MSH6,P43246:175:L>I,0,0.028504118
train-clinvar+pg_dms__cnn__seed43,MSH6,P43246:175:L>K,0,0.9499534
train-clinvar+pg_dms__cnn__seed43,MSH6,P43246:175:L>M,0,0.05079816
train-clinvar+pg_dms__cnn__seed43,MSH6,P43246:175:L>Q,0,0.6497222
train-clinvar+pg_dms__cnn__seed43,MSH6,P43246:175:L>S,0,0.66043
train-clinvar+pg_dms__cnn__seed43,MSH6,P43246:175:L>T,0,0.23417345
train-clinvar+pg_dms__cnn__seed43,MSH6,P43246:175:L>V,0,0.042202234
train-clinvar+pg_dms__cnn__seed43,MSH6,P43246:175:L>W,0,0.72679585
train-clinvar+pg_dms__cnn__seed43,MSH6,P43246:175:L>Y,0,0.5985889
train-clinvar+pg_dms__cnn__seed43,MSH6,P43246:175:L>D,1,0.9897311
train-clinvar+pg_dms__cnn__seed43,MSH6,P43246:175:L>R,1,0.917951
train-clinvar+pg_dms__cnn__seed43,MSH6,P43246:193:Q>C,0,0.70484066
train-clinvar+pg_dms__cnn__seed43,MSH6,P43246:193:Q>D,0,0.9633354
train-clinvar+pg_dms__cnn__seed43,MSH6,P43246:193:Q>R,0,0.42577296
train-clinvar+pg_dms__cnn__seed43,MSH6,P43246:193:Q>L,0,0.20355442
train-clinvar+pg_dms__cnn__seed43,MSH6,P43246:193:Q>K,0,0.49078056
train-clinvar+pg_dms__cnn__seed43,MSH6,P43246:193:Q>S,0,0.13426462
train-clinvar+pg_dms__cnn__seed43,MSH6,P43246:193:Q>T,0,0.22981755
train-clinvar+pg_dms__cnn__seed43,MSH6,P43246:193:Q>V,0,0.52674454
train-clinvar+pg_dms__cnn__seed43,MSH6,P43246:193:Q>W,0,0.96126455
train-clinvar+pg_dms__cnn__seed43,MSH6,P43246:193:Q>Y,0,0.9322776
train-clinvar+pg_dms__cnn__seed43,MSH6,P43246:193:Q>M,0,0.4019285
train-clinvar+pg_dms__cnn__seed43,MSH6,P43246:193:Q>N,0,0.6011297
train-clinvar+pg_dms__cnn__seed43,MSH6,P43246:193:Q>E,0,0.118889995
train-clinvar+pg_dms__cnn__seed43,MSH6,P43246:193:Q>F,0,0.9114027
train-clinvar+pg_dms__cnn__seed43,MSH6,P43246:193:Q>G,0,0.30440015
train-clinvar+pg_dms__cnn__seed43,MSH6,P43246:193:Q>H,0,0.7374164
train-clinvar+pg_dms__cnn__seed43,MSH6,P43246:193:Q>I,0,0.7925915
train-clinvar+pg_dms__cnn__seed43,MSH6,P43246:193:Q>A,0,0.11760679
train-clinvar+pg_dms__cnn__seed43,MSH6,P43246:197:K>P,0,0.9380742
train-clinvar+pg_dms__cnn__seed43,MSH6,P43246:197:K>R,0,0.022147879
train-clinvar+pg_dms__cnn__seed43,MSH6,P43246:197:K>N,0,0.80688214
train-clinvar+pg_dms__cnn__seed43,MSH6,P43246:197:K>S,0,0.62969196
train-clinvar+pg_dms__cnn__seed43,MSH6,P43246:197:K>T,0,0.3838574
train-clinvar+pg_dms__cnn__seed43,MSH6,P43246:197:K>V,0,0.5726511
train-clinvar+pg_dms__cnn__seed43,MSH6,P43246:197:K>M,0,0.4826793
train-clinvar+pg_dms__cnn__seed43,MSH6,P43246:197:K>L,0,0.54593825
train-clinvar+pg_dms__cnn__seed43,MSH6,P43246:197:K>W,0,0.88616407
train-clinvar+pg_dms__cnn__seed43,MSH6,P43246:197:K>H,0,0.2980331
train-clinvar+pg_dms__cnn__seed43,MSH6,P43246:197:K>Y,0,0.84129494
train-clinvar+pg_dms__cnn__seed43,MSH6,P43246:197:K>A,0,0.44200176
train-clinvar+pg_dms__cnn__seed43,MSH6,P43246:197:K>D,0,0.91709805
train-clinvar+pg_dms__cnn__seed43,MSH6,P43246:197:K>E,0,0.66816735
train-clinvar+pg_dms__cnn__seed43,MSH6,P43246:197:K>F,0,0.83826077
train-clinvar+pg_dms__cnn__seed43,MSH6,P43246:197:K>I,0,0.75158376
train-clinvar+pg_dms__cnn__seed43,MSH6,P43246:197:K>G,0,0.5523374
train-clinvar+pg_dms__cnn__seed43,MSH6,P43246:202:P>W,1,0.37955496
train-clinvar+pg_dms__cnn__seed43,MSH6,P43246:202:P>A,0,0.014241872
train-clinvar+pg_dms__cnn__seed43,MSH6,P43246:202:P>C,0,0.02403768
train-clinvar+pg_dms__cnn__seed43,MSH6,P43246:202:P>D,0,0.7181101
train-clinvar+pg_dms__cnn__seed43,MSH6,P43246:202:P>F,0,0.061828524
train-clinvar+pg_dms__cnn__seed43,MSH6,P43246:202:P>G,0,0.041053977
train-clinvar+pg_dms__cnn__seed43,MSH6,P43246:202:P>H,0,0.054968677
train-clinvar+pg_dms__cnn__seed43,MSH6,P43246:202:P>I,0,0.034650527
train-clinvar+pg_dms__cnn__seed43,MSH6,P43246:202:P>L,0,0.046783134
train-clinvar+pg_dms__cnn__seed43,MSH6,P43246:202:P>M,0,0.033529595
train-clinvar+pg_dms__cnn__seed43,MSH6,P43246:202:P>N,0,0.081854075
train-clinvar+pg_dms__cnn__seed43,MSH6,P43246:202:P>R,0,0.3179013
train-clinvar+pg_dms__cnn__seed43,MSH6,P43246:202:P>S,0,0.019057535
train-clinvar+pg_dms__cnn__seed43,MSH6,P43246:202:P>T,0,0.021583434
train-clinvar+pg_dms__cnn__seed43,MSH6,P43246:202:P>V,0,0.024158847
train-clinvar+pg_dms__cnn__seed43,MSH6,P43246:202:P>K,0,0.474266
train-clinvar+pg_dms__cnn__seed43,MSH6,P43246:202:P>Y,0,0.14002366
train-clinvar+pg_dms__cnn__seed43,MSH6,P43246:205:E>N,0,0.023060242
train-clinvar+pg_dms__cnn__seed43,MSH6,P43246:205:E>W,0,0.4623888
train-clinvar+pg_dms__cnn__seed43,MSH6,P43246:205:E>M,0,0.17964622
train-clinvar+pg_dms__cnn__seed43,MSH6,P43246:205:E>T,0,0.052902266
train-clinvar+pg_dms__cnn__seed43,MSH6,P43246:205:E>L,0,0.08424093
train-clinvar+pg_dms__cnn__seed43,MSH6,P43246:205:E>V,0,0.057290543
train-clinvar+pg_dms__cnn__seed43,MSH6,P43246:205:E>I,0,0.076231934
train-clinvar+pg_dms__cnn__seed43,MSH6,P43246:205:E>G,1,0.023566004
train-clinvar+pg_dms__cnn__seed43,MSH6,P43246:205:E>F,0,0.23583241
train-clinvar+pg_dms__cnn__seed43,MSH6,P43246:205:E>K,0,0.08811605
train-clinvar+pg_dms__cnn__seed43,MSH6,P43246:205:E>A,0,0.024765288
train-clinvar+pg_dms__cnn__seed43,MSH6,P43246:205:E>C,0,0.07963399
train-clinvar+pg_dms__cnn__seed43,MSH6,P43246:205:E>R,0,0.15449257
train-clinvar+pg_dms__cnn__seed43,MSH6,P43246:205:E>S,0,0.023928061
train-clinvar+pg_dms__cnn__seed43,MSH6,P43246:205:E>Y,0,0.21050182
train-clinvar+pg_dms__cnn__seed43,MSH6,P43246:205:E>Q,0,0.06326466
train-clinvar+pg_dms__cnn__seed43,MSH6,P43246:205:E>P,0,0.27859274
train-clinvar+pg_dms__cnn__seed43,MSH6,P43246:206:T>A,0,0.009822206
train-clinvar+pg_dms__cnn__seed43,MSH6,P43246:206:T>C,0,0.0059532183
train-clinvar+pg_dms__cnn__seed43,MSH6,P43246:206:T>E,0,0.04532093
train-clinvar+pg_dms__cnn__seed43,MSH6,P43246:206:T>F,0,0.015013803
train-clinvar+pg_dms__cnn__seed43,MSH6,P43246:206:T>G,0,0.011569322
train-clinvar+pg_dms__cnn__seed43,MSH6,P43246:206:T>H,0,0.016053895
train-clinvar+pg_dms__cnn__seed43,MSH6,P43246:206:T>I,0,0.0068819653
train-clinvar+pg_dms__cnn__seed43,MSH6,P43246:206:T>V,0,0.011072755
train-clinvar+pg_dms__cnn__seed43,MSH6,P43246:206:T>L,0,0.011357897
train-clinvar+pg_dms__cnn__seed43,MSH6,P43246:206:T>M,1,0.011044704
train-clinvar+pg_dms__cnn__seed43,MSH6,P43246:206:T>N,0,0.0083273705
train-clinvar+pg_dms__cnn__seed43,MSH6,P43246:206:T>P,0,0.027606133
train-clinvar+pg_dms__cnn__seed43,MSH6,P43246:206:T>R,0,0.031622715
train-clinvar+pg_dms__cnn__seed43,MSH6,P43246:206:T>S,0,0.022907268
train-clinvar+pg_dms__cnn__seed43,MSH6,P43246:206:T>W,0,0.09690512
train-clinvar+pg_dms__cnn__seed43,MSH6,P43246:206:T>K,0,0.034440923
train-clinvar+pg_dms__cnn__seed43,MSH6,P43246:206:T>Q,0,0.012173462
train-clinvar+pg_dms__cnn__seed43,MSH6,P43246:209:D>Q,0,0.055148974
train-clinvar+pg_dms__cnn__seed43,MSH6,P43246:209:D>A,0,0.01666833
train-clinvar+pg_dms__cnn__seed43,MSH6,P43246:209:D>C,0,0.04556679
train-clinvar+pg_dms__cnn__seed43,MSH6,P43246:209:D>E,0,0.016825112
train-clinvar+pg_dms__cnn__seed43,MSH6,P43246:209:D>F,0,0.11391013
train-clinvar+pg_dms__cnn__seed43,MSH6,P43246:209:D>G,0,0.038614053
train-clinvar+pg_dms__cnn__seed43,MSH6,P43246:209:D>I,0,0.061719935
train-clinvar+pg_dms__cnn__seed43,MSH6,P43246:209:D>K,0,0.13105868
train-clinvar+pg_dms__cnn__seed43,MSH6,P43246:209:D>L,0,0.07979624
train-clinvar+pg_dms__cnn__seed43,MSH6,P43246:209:D>M,0,0.1715885
train-clinvar+pg_dms__cnn__seed43,MSH6,P43246:209:D>N,0,0.012538147
train-clinvar+pg_dms__cnn__seed43,MSH6,P43246:209:D>W,0,0.55935186
train-clinvar+pg_dms__cnn__seed43,MSH6,P43246:209:D>V,0,0.04182403
train-clinvar+pg_dms__cnn__seed43,MSH6,P43246:209:D>T,0,0.04346386
train-clinvar+pg_dms__cnn__seed43,MSH6,P43246:209:D>R,0,0.18294445
train-clinvar+pg_dms__cnn__seed43,MSH6,P43246:209:D>P,0,0.3446401
train-clinvar+pg_dms__cnn__seed43,MSH6,P43246:209:D>S,0,0.012402543
train-clinvar+pg_dms__cnn__seed43,MSH6,P43246:211:G>H,0,0.022729304
train-clinvar+pg_dms__cnn__seed43,MSH6,P43246:211:G>I,0,0.011304221
train-clinvar+pg_dms__cnn__seed43,MSH6,P43246:211:G>C,0,0.0035822557
train-clinvar+pg_dms__cnn__seed43,MSH6,P43246:211:G>K,0,0.050919857
train-clinvar+pg_dms__cnn__seed43,MSH6,P43246:211:G>M,0,0.020421928
train-clinvar+pg_dms__cnn__seed43,MSH6,P43246:211:G>N,0,0.011219014
train-clinvar+pg_dms__cnn__seed43,MSH6,P43246:211:G>P,0,0.13656253
train-clinvar+pg_dms__cnn__seed43,MSH6,P43246:211:G>Q,0,0.013154903
train-clinvar+pg_dms__cnn__seed43,MSH6,P43246:211:G>R,0,0.11795122
train-clinvar+pg_dms__cnn__seed43,MSH6,P43246:211:G>S,0,0.012556106
train-clinvar+pg_dms__cnn__seed43,MSH6,P43246:211:G>L,0,0.012496252
train-clinvar+pg_dms__cnn__seed43,MSH6,P43246:211:G>V,0,0.008726464
train-clinvar+pg_dms__cnn__seed43,MSH6,P43246:211:G>A,0,0.004903206
train-clinvar+pg_dms__cnn__seed43,MSH6,P43246:211:G>Y,0,0.04014131
train-clinvar+pg_dms__cnn__seed43,MSH6,P43246:211:G>F,0,0.027440501
train-clinvar+pg_dms__cnn__seed43,MSH6,P43246:211:G>D,0,0.033169508
train-clinvar+pg_dms__cnn__seed43,MSH6,P43246:211:G>T,0,0.010788505
train-clinvar+pg_dms__cnn__seed43,MSH6,P43246:216:I>W,0,0.89672905
train-clinvar+pg_dms__cnn__seed43,MSH6,P43246:216:I>V,0,0.061861124
train-clinvar+pg_dms__cnn__seed43,MSH6,P43246:216:I>Y,0,0.27969393
train-clinvar+pg_dms__cnn__seed43,MSH6,P43246:216:I>S,0,0.05792678
train-clinvar+pg_dms__cnn__seed43,MSH6,P43246:216:I>R,0,0.5638037
train-clinvar+pg_dms__cnn__seed43,MSH6,P43246:216:I>Q,0,0.27241856
train-clinvar+pg_dms__cnn__seed43,MSH6,P43246:216:I>P,0,0.9648784
train-clinvar+pg_dms__cnn__seed43,MSH6,P43246:216:I>M,1,0.02509202
train-clinvar+pg_dms__cnn__seed43,MSH6,P43246:216:I>K,0,0.56834257
train-clinvar+pg_dms__cnn__seed43,MSH6,P43246:216:I>H,0,0.3674367
train-clinvar+pg_dms__cnn__seed43,MSH6,P43246:216:I>G,0,0.22150221
train-clinvar+pg_dms__cnn__seed43,MSH6,P43246:216:I>A,0,0.03669548
train-clinvar+pg_dms__cnn__seed43,MSH6,P43246:216:I>C,0,0.034451034
train-clinvar+pg_dms__cnn__seed43,MSH6,P43246:216:I>D,0,0.8932968
train-clinvar+pg_dms__cnn__seed43,MSH6,P43246:216:I>E,0,0.75887483
train-clinvar+pg_dms__cnn__seed43,MSH6,P43246:216:I>F,0,0.03521769
train-clinvar+pg_dms__cnn__seed43,MSH6,P43246:216:I>N,0,0.0602136
train-clinvar+pg_dms__cnn__seed43,MSH6,P43246:219:R>Y,0,0.17075379
train-clinvar+pg_dms__cnn__seed43,MSH6,P43246:219:R>K,0,0.06681475
train-clinvar+pg_dms__cnn__seed43,MSH6,P43246:219:R>L,0,0.12983614
train-clinvar+pg_dms__cnn__seed43,MSH6,P43246:219:R>M,0,0.22314425
train-clinvar+pg_dms__cnn__seed43,MSH6,P43246:219:R>N,0,0.18309885
train-clinvar+pg_dms__cnn__seed43,MSH6,P43246:219:R>V,0,0.26197875
train-clinvar+pg_dms__cnn__seed43,MSH6,P43246:219:R>S,0,0.17541562
train-clinvar+pg_dms__cnn__seed43,MSH6,P43246:219:R>Q,0,0.020075835
train-clinvar+pg_dms__cnn__seed43,MSH6,P43246:219:R>P,1,0.7430944
train-clinvar+pg_dms__cnn__seed43,MSH6,P43246:219:R>I,0,0.23150621
train-clinvar+pg_dms__cnn__seed43,MSH6,P43246:219:R>W,0,0.1725296
train-clinvar+pg_dms__cnn__seed43,MSH6,P43246:219:R>H,0,0.018200362
train-clinvar+pg_dms__cnn__seed43,MSH6,P43246:219:R>E,0,0.20874098
train-clinvar+pg_dms__cnn__seed43,MSH6,P43246:219:R>F,0,0.34302962
train-clinvar+pg_dms__cnn__seed43,MSH6,P43246:219:R>D,0,0.3800911
train-clinvar+pg_dms__cnn__seed43,MSH6,P43246:219:R>C,0,0.016953064
train-clinvar+pg_dms__cnn__seed43,MSH6,P43246:219:R>A,0,0.105622575
train-clinvar+pg_dms__cnn__seed43,MSH6,P43246:219:R>G,0,0.15258257
train-clinvar+pg_dms__cnn__seed43,MSH6,P43246:225:T>H,0,0.1384604
train-clinvar+pg_dms__cnn__seed43,MSH6,P43246:225:T>F,1,0.68084764
train-clinvar+pg_dms__cnn__seed43,MSH6,P43246:225:T>A,0,0.020799061
train-clinvar+pg_dms__cnn__seed43,MSH6,P43246:225:T>D,0,0.9693998
train-clinvar+pg_dms__cnn__seed43,MSH6,P43246:225:T>C,0,0.036013447
train-clinvar+pg_dms__cnn__seed43,MSH6,P43246:225:T>L,0,0.20387033
train-clinvar+pg_dms__cnn__seed43,MSH6,P43246:225:T>E,0,0.92313385
train-clinvar+pg_dms__cnn__seed43,MSH6,P43246:225:T>M,0,0.06418466
train-clinvar+pg_dms__cnn__seed43,MSH6,P43246:225:T>G,0,0.12733603
train-clinvar+pg_dms__cnn__seed43,MSH6,P43246:225:T>P,1,0.9755878
train-clinvar+pg_dms__cnn__seed43,MSH6,P43246:225:T>Y,1,0.6348636
train-clinvar+pg_dms__cnn__seed43,MSH6,P43246:225:T>W,1,0.9401775
train-clinvar+pg_dms__cnn__seed43,MSH6,P43246:225:T>V,0,0.2714558
train-clinvar+pg_dms__cnn__seed43,MSH6,P43246:225:T>N,0,0.17048626
train-clinvar+pg_dms__cnn__seed43,MSH6,P43246:225:T>Q,0,0.6003187
train-clinvar+pg_dms__cnn__seed43,MSH6,P43246:225:T>S,0,0.017197633
train-clinvar+pg_dms__cnn__seed43,MSH6,P43246:228:K>Q,0,0.14959611
train-clinvar+pg_dms__cnn__seed43,MSH6,P43246:228:K>T,0,0.39145464
train-clinvar+pg_dms__cnn__seed43,MSH6,P43246:228:K>P,0,0.39018187
train-clinvar+pg_dms__cnn__seed43,MSH6,P43246:228:K>N,0,0.4102724
train-clinvar+pg_dms__cnn__seed43,MSH6,P43246:228:K>L,0,0.39739975
train-clinvar+pg_dms__cnn__seed43,MSH6,P43246:228:K>I,0,0.47624084
train-clinvar+pg_dms__cnn__seed43,MSH6,P43246:228:K>H,0,0.21847358
train-clinvar+pg_dms__cnn__seed43,MSH6,P43246:228:K>G,0,0.29230717
train-clinvar+pg_dms__cnn__seed43,MSH6,P43246:228:K>F,0,0.4612427
train-clinvar+pg_dms__cnn__seed43,MSH6,P43246:228:K>E,0,0.61517286
train-clinvar+pg_dms__cnn__seed43,MSH6,P43246:228:K>D,0,0.65930575
train-clinvar+pg_dms__cnn__seed43,MSH6,P43246:228:K>C,0,0.17326231
train-clinvar+pg_dms__cnn__seed43,MSH6,P43246:228:K>A,0,0.3327313
train-clinvar+pg_dms__cnn__seed43,MSH6,P43246:228:K>V,0,0.35905933
train-clinvar+pg_dms__cnn__seed43,MSH6,P43246:228:K>M,0,0.43235016
train-clinvar+pg_dms__cnn__seed43,MSH6,P43246:228:K>S,0,0.46263504
train-clinvar+pg_dms__cnn__seed43,MSH6,P43246:228:K>W,0,0.55600804
train-clinvar+pg_dms__cnn__seed43,MSH6,P43246:228:K>Y,0,0.43149287
train-clinvar+pg_dms__cnn__seed43,MSH6,P43246:230:A>W,0,0.48033682
train-clinvar+pg_dms__cnn__seed43,MSH6,P43246:230:A>E,0,0.33787483
train-clinvar+pg_dms__cnn__seed43,MSH6,P43246:230:A>V,0,0.058603596
train-clinvar+pg_dms__cnn__seed43,MSH6,P43246:230:A>T,0,0.052360993
train-clinvar+pg_dms__cnn__seed43,MSH6,P43246:230:A>S,0,0.050050616
train-clinvar+pg_dms__cnn__seed43,MSH6,P43246:230:A>R,0,0.4487853
train-clinvar+pg_dms__cnn__seed43,MSH6,P43246:230:A>Q,0,0.1361268
train-clinvar+pg_dms__cnn__seed43,MSH6,P43246:230:A>F,0,0.11943954
train-clinvar+pg_dms__cnn__seed43,MSH6,P43246:230:A>I,0,0.036438003
train-clinvar+pg_dms__cnn__seed43,MSH6,P43246:230:A>K,0,0.4867375
train-clinvar+pg_dms__cnn__seed43,MSH6,P43246:230:A>L,0,0.06907187
train-clinvar+pg_dms__cnn__seed43,MSH6,P43246:230:A>M,0,0.0467505
train-clinvar+pg_dms__cnn__seed43,MSH6,P43246:230:A>N,0,0.04151069
train-clinvar+pg_dms__cnn__seed43,MSH6,P43246:230:A>P,0,0.1469405
train-clinvar+pg_dms__cnn__seed43,MSH6,P43246:230:A>H,0,0.1735566
train-clinvar+pg_dms__cnn__seed43,MSH6,P43246:230:A>Y,0,0.17207855
train-clinvar+pg_dms__cnn__seed43,MSH6,P43246:230:A>C,0,0.049227357
train-clinvar+pg_dms__cnn__seed43,MSH6,P43246:235:K>M,1,0.19253713
train-clinvar+pg_dms__cnn__seed43,MSH6,P43246:235:K>A,0,0.07216271
train-clinvar+pg_dms__cnn__seed43,MSH6,P43246:235:K>C,0,0.061301935
train-clinvar+pg_dms__cnn__seed43,MSH6,P43246:235:K>D,0,0.30740982
train-clinvar+pg_dms__cnn__seed43,MSH6,P43246:235:K>E,0,0.26127455
train-clinvar+pg_dms__cnn__seed43,MSH6,P43246:235:K>F,0,0.27048087
train-clinvar+pg_dms__cnn__seed43,MSH6,P43246:235:K>G,0,0.122553274
train-clinvar+pg_dms__cnn__seed43,MSH6,P43246:235:K>L,0,0.20883109
train-clinvar+pg_dms__cnn__seed43,MSH6,P43246:235:K>H,0,0.084172025
train-clinvar+pg_dms__cnn__seed43,MSH6,P43246:235:K>P,0,0.38613006
train-clinvar+pg_dms__cnn__seed43,MSH6,P43246:235:K>N,0,0.18232818
train-clinvar+pg_dms__cnn__seed43,MSH6,P43246:235:K>Q,0,0.037894636
train-clinvar+pg_dms__cnn__seed43,MSH6,P43246:235:K>R,0,0.026420323
train-clinvar+pg_dms__cnn__seed43,MSH6,P43246:235:K>S,0,0.1748924
train-clinvar+pg_dms__cnn__seed43,MSH6,P43246:235:K>I,0,0.28147495
train-clinvar+pg_dms__cnn__seed43,MSH6,P43246:235:K>V,0,0.19565965
train-clinvar+pg_dms__cnn__seed43,MSH6,P43246:235:K>W,0,0.33322126
train-clinvar+pg_dms__cnn__seed43,MSH6,P43246:235:K>Y,0,0.22794174
train-clinvar+pg_dms__cnn__seed43,MSH6,P43246:236:D>A,0,0.049203884
train-clinvar+pg_dms__cnn__seed43,MSH6,P43246:236:D>F,0,0.17271563
train-clinvar+pg_dms__cnn__seed43,MSH6,P43246:236:D>G,0,0.13105023
train-clinvar+pg_dms__cnn__seed43,MSH6,P43246:236:D>N,0,0.02842106
train-clinvar+pg_dms__cnn__seed43,MSH6,P43246:236:D>M,0,0.17180173
train-clinvar+pg_dms__cnn__seed43,MSH6,P43246:236:D>L,0,0.14290409
train-clinvar+pg_dms__cnn__seed43,MSH6,P43246:236:D>C,0,0.044725556
train-clinvar+pg_dms__cnn__seed43,MSH6,P43246:236:D>I,0,0.13583568
train-clinvar+pg_dms__cnn__seed43,MSH6,P43246:236:D>Q,0,0.14472795
train-clinvar+pg_dms__cnn__seed43,MSH6,P43246:236:D>K,0,0.26714242
train-clinvar+pg_dms__cnn__seed43,MSH6,P43246:236:D>R,0,0.28452176
train-clinvar+pg_dms__cnn__seed43,MSH6,P43246:236:D>S,0,0.040932167
train-clinvar+pg_dms__cnn__seed43,MSH6,P43246:236:D>P,0,0.6899638
train-clinvar+pg_dms__cnn__seed43,MSH6,P43246:236:D>V,0,0.11580274
train-clinvar+pg_dms__cnn__seed43,MSH6,P43246:236:D>W,0,0.43374154
train-clinvar+pg_dms__cnn__seed43,MSH6,P43246:236:D>Y,0,0.05891438
train-clinvar+pg_dms__cnn__seed43,MSH6,P43246:236:D>T,0,0.088763796
train-clinvar+pg_dms__cnn__seed43,MSH6,P43246:255:S>P,0,0.06585804
train-clinvar+pg_dms__cnn__seed43,MSH6,P43246:255:S>Q,0,0.66927093
train-clinvar+pg_dms__cnn__seed43,MSH6,P43246:255:S>M,0,0.06975029
train-clinvar+pg_dms__cnn__seed43,MSH6,P43246:255:S>R,0,0.85402054
train-clinvar+pg_dms__cnn__seed43,MSH6,P43246:255:S>T,0,0.044085026
train-clinvar+pg_dms__cnn__seed43,MSH6,P43246:255:S>V,0,0.03235094
train-clinvar+pg_dms__cnn__seed43,MSH6,P43246:255:S>F,0,0.077965915
train-clinvar+pg_dms__cnn__seed43,MSH6,P43246:255:S>W,0,0.38336292
train-clinvar+pg_dms__cnn__seed43,MSH6,P43246:255:S>N,0,0.16700271
train-clinvar+pg_dms__cnn__seed43,MSH6,P43246:255:S>E,0,0.8106906
train-clinvar+pg_dms__cnn__seed43,MSH6,P43246:255:S>G,0,0.07500795
train-clinvar+pg_dms__cnn__seed43,MSH6,P43246:255:S>D,0,0.77022815
train-clinvar+pg_dms__cnn__seed43,MSH6,P43246:255:S>A,0,0.012623136
train-clinvar+pg_dms__cnn__seed43,MSH6,P43246:255:S>H,0,0.31596148
train-clinvar+pg_dms__cnn__seed43,MSH6,P43246:255:S>I,0,0.028952805
train-clinvar+pg_dms__cnn__seed43,MSH6,P43246:255:S>K,0,0.8418012
train-clinvar+pg_dms__cnn__seed43,MSH6,P43246:255:S>L,0,0.021561136
train-clinvar+pg_dms__cnn__seed43,MSH6,P43246:255:S>Y,0,0.13032928
train-clinvar+pg_dms__cnn__seed43,MSH6,P43246:268:S>G,0,0.078712724
train-clinvar+pg_dms__cnn__seed43,MSH6,P43246:268:S>M,0,0.17137323
train-clinvar+pg_dms__cnn__seed43,MSH6,P43246:268:S>L,0,0.19582774
train-clinvar+pg_dms__cnn__seed43,MSH6,P43246:268:S>K,0,0.9859848
train-clinvar+pg_dms__cnn__seed43,MSH6,P43246:268:S>E,0,0.9835698
train-clinvar+pg_dms__cnn__seed43,MSH6,P43246:268:S>I,0,0.22120577
train-clinvar+pg_dms__cnn__seed43,MSH6,P43246:268:S>F,0,0.21143205
train-clinvar+pg_dms__cnn__seed43,MSH6,P43246:268:S>H,0,0.89853895
train-clinvar+pg_dms__cnn__seed43,MSH6,P43246:268:S>Q,0,0.8058902
train-clinvar+pg_dms__cnn__seed43,MSH6,P43246:268:S>P,0,0.48781544
train-clinvar+pg_dms__cnn__seed43,MSH6,P43246:268:S>W,0,0.85588485
train-clinvar+pg_dms__cnn__seed43,MSH6,P43246:268:S>V,0,0.19041675
train-clinvar+pg_dms__cnn__seed43,MSH6,P43246:268:S>A,0,0.112875216
train-clinvar+pg_dms__cnn__seed43,MSH6,P43246:268:S>Y,0,0.28211784
train-clinvar+pg_dms__cnn__seed43,MSH6,P43246:268:S>D,0,0.9922868
train-clinvar+pg_dms__cnn__seed43,MSH6,P43246:268:S>T,0,0.1365487
train-clinvar+pg_dms__cnn__seed43,MSH6,P43246:268:S>R,0,0.9914725
train-clinvar+pg_dms__cnn__seed43,MSH6,P43246:268:S>C,0,0.037013493
train-clinvar+pg_dms__cnn__seed43,MSH6,P43246:272:A>S,0,0.062778026
train-clinvar+pg_dms__cnn__seed43,MSH6,P43246:272:A>R,1,0.99485815
train-clinvar+pg_dms__cnn__seed43,MSH6,P43246:272:A>Q,0,0.99032986
train-clinvar+pg_dms__cnn__seed43,MSH6,P43246:272:A>P,0,0.9962787
train-clinvar+pg_dms__cnn__seed43,MSH6,P43246:272:A>M,0,0.9703967
train-clinvar+pg_dms__cnn__seed43,MSH6,P43246:272:A>K,1,0.9966394
train-clinvar+pg_dms__cnn__seed43,MSH6,P43246:272:A>I,1,0.9650935
train-clinvar+pg_dms__cnn__seed43,MSH6,P43246:272:A>H,0,0.9872357
train-clinvar+pg_dms__cnn__seed43,MSH6,P43246:272:A>W,1,0.9928155
train-clinvar+pg_dms__cnn__seed43,MSH6,P43246:272:A>D,0,0.9929026
train-clinvar+pg_dms__cnn__seed43,MSH6,P43246:272:A>G,0,0.08680429
train-clinvar+pg_dms__cnn__seed43,MSH6,P43246:272:A>C,0,0.22384167
train-clinvar+pg_dms__cnn__seed43,MSH6,P43246:272:A>L,0,0.9643753
train-clinvar+pg_dms__cnn__seed43,MSH6,P43246:274:I>R,1,0.9939653
train-clinvar+pg_dms__cnn__seed43,MSH6,P43246:274:I>V,0,0.097706735
train-clinvar+pg_dms__cnn__seed43,MSH6,P43246:274:I>T,0,0.78762394
train-clinvar+pg_dms__cnn__seed43,MSH6,P43246:274:I>S,0,0.9618525
train-clinvar+pg_dms__cnn__seed43,MSH6,P43246:274:I>P,1,0.9971118
train-clinvar+pg_dms__cnn__seed43,MSH6,P43246:274:I>M,0,0.1271216
train-clinvar+pg_dms__cnn__seed43,MSH6,P43246:274:I>A,0,0.9030185
train-clinvar+pg_dms__cnn__seed43,MSH6,P43246:274:I>L,0,0.039972167
train-clinvar+pg_dms__cnn__seed43,MSH6,P43246:274:I>K,1,0.99108773
train-clinvar+pg_dms__cnn__seed43,MSH6,P43246:274:I>H,0,0.99031585
train-clinvar+pg_dms__cnn__seed43,MSH6,P43246:274:I>G,0,0.9866368
train-clinvar+pg_dms__cnn__seed43,MSH6,P43246:274:I>F,0,0.60312235
train-clinvar+pg_dms__cnn__seed43,MSH6,P43246:274:I>C,0,0.800269
train-clinvar+pg_dms__cnn__seed43,MSH6,P43246:274:I>W,0,0.9959074
train-clinvar+pg_dms__cnn__seed43,MSH6,P43246:274:I>Y,0,0.9904371
train-clinvar+pg_dms__cnn__seed43,MSH6,P43246:277:L>T,0,0.1168529
train-clinvar+pg_dms__cnn__seed43,MSH6,P43246:277:L>A,0,0.12118471
train-clinvar+pg_dms__cnn__seed43,MSH6,P43246:277:L>C,0,0.098685056
train-clinvar+pg_dms__cnn__seed43,MSH6,P43246:277:L>E,0,0.8981312
train-clinvar+pg_dms__cnn__seed43,MSH6,P43246:277:L>F,0,0.22063848
train-clinvar+pg_dms__cnn__seed43,MSH6,P43246:277:L>G,0,0.7820427
train-clinvar+pg_dms__cnn__seed43,MSH6,P43246:277:L>H,0,0.50747645
train-clinvar+pg_dms__cnn__seed43,MSH6,P43246:277:L>I,0,0.038734607
train-clinvar+pg_dms__cnn__seed43,MSH6,P43246:277:L>K,0,0.8553188
train-clinvar+pg_dms__cnn__seed43,MSH6,P43246:277:L>N,0,0.66250503
train-clinvar+pg_dms__cnn__seed43,MSH6,P43246:277:L>P,1,0.9757236
train-clinvar+pg_dms__cnn__seed43,MSH6,P43246:277:L>Q,0,0.13997497
train-clinvar+pg_dms__cnn__seed43,MSH6,P43246:277:L>Y,0,0.83270836
train-clinvar+pg_dms__cnn__seed43,MSH6,P43246:277:L>W,0,0.78700787
train-clinvar+pg_dms__cnn__seed43,MSH6,P43246:277:L>V,0,0.034391247
train-clinvar+pg_dms__cnn__seed43,MSH6,P43246:277:L>M,0,0.029165888
train-clinvar+pg_dms__cnn__seed43,MSH6,P43246:277:L>R,0,0.8176329
train-clinvar+pg_dms__cnn__seed43,MSH6,P43246:282:D>L,0,0.06903522
train-clinvar+pg_dms__cnn__seed43,MSH6,P43246:282:D>C,0,0.012393814
train-clinvar+pg_dms__cnn__seed43,MSH6,P43246:282:D>I,0,0.03148413
train-clinvar+pg_dms__cnn__seed43,MSH6,P43246:282:D>K,0,0.109049916
train-clinvar+pg_dms__cnn__seed43,MSH6,P43246:282:D>Y,0,0.02407027
train-clinvar+pg_dms__cnn__seed43,MSH6,P43246:282:D>W,1,0.39602217
train-clinvar+pg_dms__cnn__seed43,MSH6,P43246:282:D>M,0,0.087356985
train-clinvar+pg_dms__cnn__seed43,MSH6,P43246:282:D>T,0,0.02479515
train-clinvar+pg_dms__cnn__seed43,MSH6,P43246:282:D>E,0,0.040320143
train-clinvar+pg_dms__cnn__seed43,MSH6,P43246:282:D>F,0,0.11073563
train-clinvar+pg_dms__cnn__seed43,MSH6,P43246:282:D>G,0,0.083489306
train-clinvar+pg_dms__cnn__seed43,MSH6,P43246:282:D>N,0,0.0059093824
train-clinvar+pg_dms__cnn__seed43,MSH6,P43246:282:D>P,0,0.66240734
train-clinvar+pg_dms__cnn__seed43,MSH6,P43246:282:D>Q,0,0.02971663
train-clinvar+pg_dms__cnn__seed43,MSH6,P43246:282:D>R,0,0.1219513
train-clinvar+pg_dms__cnn__seed43,MSH6,P43246:282:D>V,0,0.025581842
train-clinvar+pg_dms__cnn__seed43,MSH6,P43246:282:D>S,0,0.0072063315
train-clinvar+pg_dms__cnn__seed43,MSH6,P43246:287:G>Y,0,0.09126476
train-clinvar+pg_dms__cnn__seed43,MSH6,P43246:287:G>A,0,0.043495767
train-clinvar+pg_dms__cnn__seed43,MSH6,P43246:287:G>C,0,0.0053894063
train-clinvar+pg_dms__cnn__seed43,MSH6,P43246:287:G>D,0,0.08583529
train-clinvar+pg_dms__cnn__seed43,MSH6,P43246:287:G>E,0,0.16442521
train-clinvar+pg_dms__cnn__seed43,MSH6,P43246:287:G>F,0,0.20101187
train-clinvar+pg_dms__cnn__seed43,MSH6,P43246:287:G>H,0,0.055614594
train-clinvar+pg_dms__cnn__seed43,MSH6,P43246:287:G>I,0,0.19002834
train-clinvar+pg_dms__cnn__seed43,MSH6,P43246:287:G>K,0,0.12415193
train-clinvar+pg_dms__cnn__seed43,MSH6,P43246:287:G>L,0,0.107033856
train-clinvar+pg_dms__cnn__seed43,MSH6,P43246:287:G>M,0,0.19025846
train-clinvar+pg_dms__cnn__seed43,MSH6,P43246:287:G>N,0,0.024667626
train-clinvar+pg_dms__cnn__seed43,MSH6,P43246:287:G>P,1,0.77881515
train-clinvar+pg_dms__cnn__seed43,MSH6,P43246:287:G>Q,0,0.034509566
train-clinvar+pg_dms__cnn__seed43,MSH6,P43246:287:G>S,0,0.013846188
train-clinvar+pg_dms__cnn__seed43,MSH6,P43246:287:G>T,0,0.06761906
train-clinvar+pg_dms__cnn__seed43,MSH6,P43246:287:G>V,0,0.22655264
train-clinvar+pg_dms__cnn__seed43,MSH6,P43246:287:G>W,0,0.19883163
train-clinvar+pg_dms__cnn__seed43,MSH6,P43246:291:L>K,0,0.9215489
train-clinvar+pg_dms__cnn__seed43,MSH6,P43246:291:L>I,0,0.017043192
train-clinvar+pg_dms__cnn__seed43,MSH6,P43246:291:L>H,0,0.71262515
train-clinvar+pg_dms__cnn__seed43,MSH6,P43246:291:L>G,0,0.91589797
train-clinvar+pg_dms__cnn__seed43,MSH6,P43246:291:L>W,0,0.6795356
train-clinvar+pg_dms__cnn__seed43,MSH6,P43246:291:L>F,0,0.051622972
train-clinvar+pg_dms__cnn__seed43,MSH6,P43246:291:L>D,0,0.9675135
train-clinvar+pg_dms__cnn__seed43,MSH6,P43246:291:L>C,0,0.053619903
train-clinvar+pg_dms__cnn__seed43,MSH6,P43246:291:L>A,0,0.30570656
train-clinvar+pg_dms__cnn__seed43,MSH6,P43246:291:L>V,0,0.027037365
train-clinvar+pg_dms__cnn__seed43,MSH6,P43246:291:L>Q,0,0.740951
train-clinvar+pg_dms__cnn__seed43,MSH6,P43246:291:L>R,0,0.9104344
train-clinvar+pg_dms__cnn__seed43,MSH6,P43246:291:L>S,0,0.832915
train-clinvar+pg_dms__cnn__seed43,MSH6,P43246:291:L>T,0,0.53503424
train-clinvar+pg_dms__cnn__seed43,MSH6,P43246:291:L>E,0,0.96106327
train-clinvar+pg_dms__cnn__seed43,MSH6,P43246:291:L>P,0,0.9607468
train-clinvar+pg_dms__cnn__seed43,MSH6,P43246:291:L>Y,0,0.63467735
train-clinvar+pg_dms__cnn__seed43,MSH6,P43246:291:L>N,0,0.9330546
train-clinvar+pg_dms__cnn__seed43,MSH6,P43246:291:L>M,0,0.02216681
train-clinvar+pg_dms__cnn__seed43,MSH6,P43246:292:T>W,0,0.08238669
train-clinvar+pg_dms__cnn__seed43,MSH6,P43246:292:T>C,0,0.005337957
train-clinvar+pg_dms__cnn__seed43,MSH6,P43246:292:T>E,0,0.027950149
train-clinvar+pg_dms__cnn__seed43,MSH6,P43246:292:T>F,0,0.020302556
train-clinvar+pg_dms__cnn__seed43,MSH6,P43246:292:T>G,0,0.01770092
train-clinvar+pg_dms__cnn__seed43,MSH6,P43246:292:T>H,0,0.0133628715
train-clinvar+pg_dms__cnn__seed43,MSH6,P43246:292:T>I,0,0.014569895
train-clinvar+pg_dms__cnn__seed43,MSH6,P43246:292:T>Y,0,0.022352243
train-clinvar+pg_dms__cnn__seed43,MSH6,P43246:292:T>K,0,0.023794107
train-clinvar+pg_dms__cnn__seed43,MSH6,P43246:292:T>M,0,0.0154377
train-clinvar+pg_dms__cnn__seed43,MSH6,P43246:292:T>Q,0,0.014382979
train-clinvar+pg_dms__cnn__seed43,MSH6,P43246:292:T>R,0,0.01928288
train-clinvar+pg_dms__cnn__seed43,MSH6,P43246:292:T>S,0,0.039427865
train-clinvar+pg_dms__cnn__seed43,MSH6,P43246:292:T>V,0,0.017396618
train-clinvar+pg_dms__cnn__seed43,MSH6,P43246:292:T>A,0,0.009524276
train-clinvar+pg_dms__cnn__seed43,MSH6,P43246:292:T>L,0,0.016907018
train-clinvar+pg_dms__cnn__seed43,MSH6,P43246:292:T>N,0,0.01201327
train-clinvar+pg_dms__cnn__seed43,MSH6,P43246:294:F>Q,0,0.5048833
train-clinvar+pg_dms__cnn__seed43,MSH6,P43246:294:F>T,0,0.19852528
train-clinvar+pg_dms__cnn__seed43,MSH6,P43246:294:F>R,0,0.62940323
train-clinvar+pg_dms__cnn__seed43,MSH6,P43246:294:F>W,0,0.15309405
train-clinvar+pg_dms__cnn__seed43,MSH6,P43246:294:F>V,0,0.043768376
train-clinvar+pg_dms__cnn__seed43,MSH6,P43246:294:F>C,0,0.045080733
train-clinvar+pg_dms__cnn__seed43,MSH6,P43246:294:F>D,0,0.864075
train-clinvar+pg_dms__cnn__seed43,MSH6,P43246:294:F>E,1,0.77092856
train-clinvar+pg_dms__cnn__seed43,MSH6,P43246:294:F>G,0,0.5615475
train-clinvar+pg_dms__cnn__seed43,MSH6,P43246:294:F>H,0,0.18884495
train-clinvar+pg_dms__cnn__seed43,MSH6,P43246:294:F>A,0,0.10577844
train-clinvar+pg_dms__cnn__seed43,MSH6,P43246:294:F>K,0,0.73737067
train-clinvar+pg_dms__cnn__seed43,MSH6,P43246:294:F>L,0,0.4494612
train-clinvar+pg_dms__cnn__seed43,MSH6,P43246:294:F>M,0,0.097793266
train-clinvar+pg_dms__cnn__seed43,MSH6,P43246:294:F>N,0,0.56544644
train-clinvar+pg_dms__cnn__seed43,MSH6,P43246:294:F>P,0,0.94613904
train-clinvar+pg_dms__cnn__seed43,MSH6,P43246:294:F>Y,0,0.023217473
train-clinvar+pg_dms__cnn__seed43,MSH6,P43246:294:F>I,0,0.04483481
train-clinvar+pg_dms__cnn__seed43,MSH6,P43246:296:F>C,0,0.004839862
train-clinvar+pg_dms__cnn__seed43,MSH6,P43246:296:F>E,0,0.3112382
train-clinvar+pg_dms__cnn__seed43,MSH6,P43246:296:F>G,0,0.111854576
train-clinvar+pg_dms__cnn__seed43,MSH6,P43246:296:F>H,0,0.05665715
train-clinvar+pg_dms__cnn__seed43,MSH6,P43246:296:F>D,0,0.35660544
train-clinvar+pg_dms__cnn__seed43,MSH6,P43246:296:F>A,0,0.023778757
train-clinvar+pg_dms__cnn__seed43,MSH6,P43246:296:F>M,0,0.025534187
train-clinvar+pg_dms__cnn__seed43,MSH6,P43246:296:F>W,0,0.10034318
train-clinvar+pg_dms__cnn__seed43,MSH6,P43246:296:F>V,0,0.014058809
train-clinvar+pg_dms__cnn__seed43,MSH6,P43246:296:F>T,0,0.035985842
train-clinvar+pg_dms__cnn__seed43,MSH6,P43246:296:F>S,0,0.036038842
train-clinvar+pg_dms__cnn__seed43,MSH6,P43246:296:F>R,0,0.13307546
train-clinvar+pg_dms__cnn__seed43,MSH6,P43246:296:F>Q,0,0.09906898
train-clinvar+pg_dms__cnn__seed43,MSH6,P43246:296:F>P,0,0.299246
train-clinvar+pg_dms__cnn__seed43,MSH6,P43246:296:F>I,0,0.008442492
train-clinvar+pg_dms__cnn__seed43,MSH6,P43246:296:F>K,0,0.27073148
train-clinvar+pg_dms__cnn__seed43,MSH6,P43246:296:F>L,0,0.06706454
train-clinvar+pg_dms__cnn__seed43,MSH6,P43246:296:F>Y,0,0.025631957
train-clinvar+pg_dms__cnn__seed43,MSH6,P43246:296:F>N,0,0.077645905
train-clinvar+pg_dms__cnn__seed43,MSH6,P43246:301:K>S,0,0.3736838
train-clinvar+pg_dms__cnn__seed43,MSH6,P43246:301:K>P,1,0.9302338
train-clinvar+pg_dms__cnn__seed43,MSH6,P43246:301:K>Q,0,0.026849668
train-clinvar+pg_dms__cnn__seed43,MSH6,P43246:301:K>L,0,0.14596802
train-clinvar+pg_dms__cnn__seed43,MSH6,P43246:301:K>R,0,0.017668184
train-clinvar+pg_dms__cnn__seed43,MSH6,P43246:301:K>N,0,0.5805685
train-clinvar+pg_dms__cnn__seed43,MSH6,P43246:301:K>T,0,0.08086777
train-clinvar+pg_dms__cnn__seed43,MSH6,P43246:301:K>I,0,0.1720456
train-clinvar+pg_dms__cnn__seed43,MSH6,P43246:301:K>G,0,0.43001738
train-clinvar+pg_dms__cnn__seed43,MSH6,P43246:301:K>F,0,0.7546738
train-clinvar+pg_dms__cnn__seed43,MSH6,P43246:301:K>C,0,0.051173385
train-clinvar+pg_dms__cnn__seed43,MSH6,P43246:301:K>A,0,0.22710676
train-clinvar+pg_dms__cnn__seed43,MSH6,P43246:301:K>M,0,0.106265165
train-clinvar+pg_dms__cnn__seed43,MSH6,P43246:301:K>Y,0,0.49215084
train-clinvar+pg_dms__cnn__seed43,MSH6,P43246:301:K>W,0,0.67600816
train-clinvar+pg_dms__cnn__seed43,MSH6,P43246:301:K>V,0,0.09877179
train-clinvar+pg_dms__cnn__seed43,MSH6,P43246:304:I>Y,0,0.053814128
train-clinvar+pg_dms__cnn__seed43,MSH6,P43246:304:I>W,0,0.37473294
train-clinvar+pg_dms__cnn__seed43,MSH6,P43246:304:I>V,0,0.021785555
train-clinvar+pg_dms__cnn__seed43,MSH6,P43246:304:I>T,0,0.042478856
train-clinvar+pg_dms__cnn__seed43,MSH6,P43246:304:I>S,0,0.023533296
train-clinvar+pg_dms__cnn__seed43,MSH6,P43246:304:I>R,0,0.07869004
train-clinvar+pg_dms__cnn__seed43,MSH6,P43246:304:I>Q,0,0.040326566
train-clinvar+pg_dms__cnn__seed43,MSH6,P43246:304:I>P,0,0.51242006
train-clinvar+pg_dms__cnn__seed43,MSH6,P43246:304:I>C,0,0.014233734
train-clinvar+pg_dms__cnn__seed43,MSH6,P43246:304:I>L,0,0.01973503
train-clinvar+pg_dms__cnn__seed43,MSH6,P43246:304:I>K,0,0.121190324
train-clinvar+pg_dms__cnn__seed43,MSH6,P43246:304:I>A,0,0.012510494
train-clinvar+pg_dms__cnn__seed43,MSH6,P43246:304:I>H,0,0.025960553
train-clinvar+pg_dms__cnn__seed43,MSH6,P43246:304:I>G,0,0.048488688
train-clinvar+pg_dms__cnn__seed43,MSH6,P43246:304:I>F,0,0.020633014
train-clinvar+pg_dms__cnn__seed43,MSH6,P43246:304:I>D,0,0.23800197
train-clinvar+pg_dms__cnn__seed43,MSH6,P43246:304:I>M,0,0.019838389
train-clinvar+pg_dms__cnn__seed43,MSH6,P43246:304:I>N,0,0.027951088
train-clinvar+pg_dms__cnn__seed43,MSH6,P43246:304:I>E,0,0.27139965
train-clinvar+pg_dms__cnn__seed43,MSH6,P43246:305:A>I,0,0.8411185
train-clinvar+pg_dms__cnn__seed43,MSH6,P43246:305:A>W,0,0.9454671
train-clinvar+pg_dms__cnn__seed43,MSH6,P43246:305:A>C,0,0.16436915
train-clinvar+pg_dms__cnn__seed43,MSH6,P43246:305:A>D,0,0.9237803
train-clinvar+pg_dms__cnn__seed43,MSH6,P43246:305:A>E,0,0.8796118
train-clinvar+pg_dms__cnn__seed43,MSH6,P43246:305:A>F,0,0.6994319
train-clinvar+pg_dms__cnn__seed43,MSH6,P43246:305:A>G,0,0.16370219
train-clinvar+pg_dms__cnn__seed43,MSH6,P43246:305:A>Y,0,0.84974563
train-clinvar+pg_dms__cnn__seed43,MSH6,P43246:305:A>H,0,0.7477571
train-clinvar+pg_dms__cnn__seed43,MSH6,P43246:305:A>S,0,0.024954516
train-clinvar+pg_dms__cnn__seed43,MSH6,P43246:305:A>R,0,0.93284285
train-clinvar+pg_dms__cnn__seed43,MSH6,P43246:305:A>Q,0,0.7136815
train-clinvar+pg_dms__cnn__seed43,MSH6,P43246:305:A>P,0,0.5840611
train-clinvar+pg_dms__cnn__seed43,MSH6,P43246:305:A>N,0,0.58506775
train-clinvar+pg_dms__cnn__seed43,MSH6,P43246:305:A>M,0,0.6787664
train-clinvar+pg_dms__cnn__seed43,MSH6,P43246:305:A>L,0,0.5545796
train-clinvar+pg_dms__cnn__seed43,MSH6,P43246:305:A>T,0,0.18127847
train-clinvar+pg_dms__cnn__seed43,MSH6,P43246:305:A>K,0,0.92866844
train-clinvar+pg_dms__cnn__seed43,MSH6,P43246:307:V>C,0,0.04801364
train-clinvar+pg_dms__cnn__seed43,MSH6,P43246:307:V>Y,0,0.35541064
train-clinvar+pg_dms__cnn__seed43,MSH6,P43246:307:V>S,0,0.025534542
train-clinvar+pg_dms__cnn__seed43,MSH6,P43246:307:V>R,0,0.58185506
train-clinvar+pg_dms__cnn__seed43,MSH6,P43246:307:V>Q,0,0.1648681
train-clinvar+pg_dms__cnn__seed43,MSH6,P43246:307:V>P,0,0.9636887
train-clinvar+pg_dms__cnn__seed43,MSH6,P43246:307:V>N,0,0.29133487
train-clinvar+pg_dms__cnn__seed43,MSH6,P43246:307:V>M,0,0.024914164
train-clinvar+pg_dms__cnn__seed43,MSH6,P43246:307:V>T,0,0.04831696
train-clinvar+pg_dms__cnn__seed43,MSH6,P43246:307:V>L,0,0.048299257
train-clinvar+pg_dms__cnn__seed43,MSH6,P43246:307:V>I,0,0.012463672
train-clinvar+pg_dms__cnn__seed43,MSH6,P43246:307:V>H,0,0.44099832
train-clinvar+pg_dms__cnn__seed43,MSH6,P43246:307:V>E,0,0.4940573
train-clinvar+pg_dms__cnn__seed43,MSH6,P43246:307:V>G,0,0.058548428
train-clinvar+pg_dms__cnn__seed43,MSH6,P43246:307:V>A,0,0.020078504
train-clinvar+pg_dms__cnn__seed43,MSH6,P43246:307:V>K,0,0.5961592
train-clinvar+pg_dms__cnn__seed43,MSH6,P43246:307:V>W,0,0.89755774
train-clinvar+pg_dms__cnn__seed43,MSH6,P43246:320:T>W,0,0.097996466
train-clinvar+pg_dms__cnn__seed43,MSH6,P43246:320:T>Y,0,0.024949832
train-clinvar+pg_dms__cnn__seed43,MSH6,P43246:320:T>K,0,0.035945974
train-clinvar+pg_dms__cnn__seed43,MSH6,P43246:320:T>A,0,0.03304259
train-clinvar+pg_dms__cnn__seed43,MSH6,P43246:320:T>C,0,0.009570254
train-clinvar+pg_dms__cnn__seed43,MSH6,P43246:320:T>V,0,0.019422403
train-clinvar+pg_dms__cnn__seed43,MSH6,P43246:320:T>D,0,0.05593079
train-clinvar+pg_dms__cnn__seed43,MSH6,P43246:320:T>E,0,0.050231263
train-clinvar+pg_dms__cnn__seed43,MSH6,P43246:320:T>G,0,0.019322831
train-clinvar+pg_dms__cnn__seed43,MSH6,P43246:320:T>H,0,0.019748105
train-clinvar+pg_dms__cnn__seed43,MSH6,P43246:320:T>F,0,0.021654353
train-clinvar+pg_dms__cnn__seed43,MSH6,P43246:320:T>L,0,0.016466701
train-clinvar+pg_dms__cnn__seed43,MSH6,P43246:320:T>M,0,0.024894692
train-clinvar+pg_dms__cnn__seed43,MSH6,P43246:320:T>N,0,0.027462896
train-clinvar+pg_dms__cnn__seed43,MSH6,P43246:320:T>P,0,0.04073204
train-clinvar+pg_dms__cnn__seed43,MSH6,P43246:320:T>Q,0,0.02411281
train-clinvar+pg_dms__cnn__seed43,MSH6,P43246:320:T>R,0,0.031464964
train-clinvar+pg_dms__cnn__seed43,MSH6,P43246:320:T>I,0,0.022251515
train-clinvar+pg_dms__cnn__seed43,MSH6,P43246:337:Q>A,0,0.015720382
train-clinvar+pg_dms__cnn__seed43,MSH6,P43246:337:Q>W,0,0.9939513
train-clinvar+pg_dms__cnn__seed43,MSH6,P43246:337:Q>Y,0,0.99090815
train-clinvar+pg_dms__cnn__seed43,MSH6,P43246:337:Q>V,0,0.24437335
train-clinvar+pg_dms__cnn__seed43,MSH6,P43246:337:Q>D,1,0.99490225
train-clinvar+pg_dms__cnn__seed43,MSH6,P43246:337:Q>C,0,0.60576034
train-clinvar+pg_dms__cnn__seed43,MSH6,P43246:337:Q>T,0,0.28157634
train-clinvar+pg_dms__cnn__seed43,MSH6,P43246:337:Q>S,0,0.06440643
train-clinvar+pg_dms__cnn__seed43,MSH6,P43246:337:Q>P,0,0.09849002
train-clinvar+pg_dms__cnn__seed43,MSH6,P43246:337:Q>M,0,0.11407291
train-clinvar+pg_dms__cnn__seed43,MSH6,P43246:337:Q>L,0,0.13444513
train-clinvar+pg_dms__cnn__seed43,MSH6,P43246:337:Q>I,0,0.7156344
train-clinvar+pg_dms__cnn__seed43,MSH6,P43246:337:Q>H,0,0.8868099
train-clinvar+pg_dms__cnn__seed43,MSH6,P43246:337:Q>G,0,0.050418813
train-clinvar+pg_dms__cnn__seed43,MSH6,P43246:337:Q>F,0,0.9804615
train-clinvar+pg_dms__cnn__seed43,MSH6,P43246:337:Q>E,0,0.2773219
train-clinvar+pg_dms__cnn__seed43,MSH6,P43246:337:Q>K,1,0.9810067
train-clinvar+pg_dms__cnn__seed43,MSH6,P43246:339:Q>Y,0,0.2059645
train-clinvar+pg_dms__cnn__seed43,MSH6,P43246:339:Q>V,0,0.05072419
train-clinvar+pg_dms__cnn__seed43,MSH6,P43246:339:Q>S,0,0.030398117
train-clinvar+pg_dms__cnn__seed43,MSH6,P43246:339:Q>A,0,0.019859364
train-clinvar+pg_dms__cnn__seed43,MSH6,P43246:339:Q>C,0,0.09746107
train-clinvar+pg_dms__cnn__seed43,MSH6,P43246:339:Q>D,0,0.9234417
train-clinvar+pg_dms__cnn__seed43,MSH6,P43246:339:Q>E,0,0.040150013
train-clinvar+pg_dms__cnn__seed43,MSH6,P43246:339:Q>F,0,0.5718747
train-clinvar+pg_dms__cnn__seed43,MSH6,P43246:339:Q>G,0,0.04979656
train-clinvar+pg_dms__cnn__seed43,MSH6,P43246:339:Q>T,0,0.045786016
train-clinvar+pg_dms__cnn__seed43,MSH6,P43246:339:Q>W,0,0.76576346
train-clinvar+pg_dms__cnn__seed43,MSH6,P43246:339:Q>H,0,0.039639857
train-clinvar+pg_dms__cnn__seed43,MSH6,P43246:339:Q>I,0,0.10275513
train-clinvar+pg_dms__cnn__seed43,MSH6,P43246:339:Q>K,0,0.03119275
train-clinvar+pg_dms__cnn__seed43,MSH6,P43246:339:Q>L,0,0.02279794
train-clinvar+pg_dms__cnn__seed43,MSH6,P43246:339:Q>M,0,0.063892715
train-clinvar+pg_dms__cnn__seed43,MSH6,P43246:339:Q>N,0,0.10363568
train-clinvar+pg_dms__cnn__seed43,MSH6,P43246:341:L>K,0,0.165382
train-clinvar+pg_dms__cnn__seed43,MSH6,P43246:341:L>M,0,0.020291675
train-clinvar+pg_dms__cnn__seed43,MSH6,P43246:341:L>N,1,0.8210194
train-clinvar+pg_dms__cnn__seed43,MSH6,P43246:341:L>I,0,0.030379819
train-clinvar+pg_dms__cnn__seed43,MSH6,P43246:341:L>R,0,0.17772967
train-clinvar+pg_dms__cnn__seed43,MSH6,P43246:341:L>T,0,0.089245245
train-clinvar+pg_dms__cnn__seed43,MSH6,P43246:341:L>V,0,0.10563849
train-clinvar+pg_dms__cnn__seed43,MSH6,P43246:341:L>W,0,0.57243866
train-clinvar+pg_dms__cnn__seed43,MSH6,P43246:341:L>S,1,0.26044297
train-clinvar+pg_dms__cnn__seed43,MSH6,P43246:341:L>E,0,0.8405695
train-clinvar+pg_dms__cnn__seed43,MSH6,P43246:341:L>A,0,0.06389562
train-clinvar+pg_dms__cnn__seed43,MSH6,P43246:341:L>C,0,0.07323156
train-clinvar+pg_dms__cnn__seed43,MSH6,P43246:341:L>D,1,0.98760045
train-clinvar+pg_dms__cnn__seed43,MSH6,P43246:341:L>Y,1,0.60736585
train-clinvar+pg_dms__cnn__seed43,MSH6,P43246:341:L>F,0,0.20995925
train-clinvar+pg_dms__cnn__seed43,MSH6,P43246:341:L>G,1,0.8725526
train-clinvar+pg_dms__cnn__seed43,MSH6,P43246:341:L>H,0,0.27188426
train-clinvar+pg_dms__cnn__seed43,MSH6,P43246:342:V>Q,0,0.9743648
train-clinvar+pg_dms__cnn__seed43,MSH6,P43246:342:V>Y,1,0.97480845
train-clinvar+pg_dms__cnn__seed43,MSH6,P43246:342:V>W,1,0.9905476
train-clinvar+pg_dms__cnn__seed43,MSH6,P43246:342:V>T,0,0.66361517
train-clinvar+pg_dms__cnn__seed43,MSH6,P43246:342:V>R,1,0.9906809
train-clinvar+pg_dms__cnn__seed43,MSH6,P43246:342:V>D,1,0.9942252
train-clinvar+pg_dms__cnn__seed43,MSH6,P43246:342:V>E,1,0.98734957
train-clinvar+pg_dms__cnn__seed43,MSH6,P43246:342:V>F,0,0.16122037
train-clinvar+pg_dms__cnn__seed43,MSH6,P43246:342:V>G,1,0.8335272
train-clinvar+pg_dms__cnn__seed43,MSH6,P43246:342:V>H,1,0.982453
train-clinvar+pg_dms__cnn__seed43,MSH6,P43246:342:V>L,0,0.027925603
train-clinvar+pg_dms__cnn__seed43,MSH6,P43246:342:V>M,0,0.052918337
train-clinvar+pg_dms__cnn__seed43,MSH6,P43246:342:V>N,1,0.9750157
train-clinvar+pg_dms__cnn__seed43,MSH6,P43246:342:V>P,1,0.9938778
train-clinvar+pg_dms__cnn__seed43,MSH6,P43246:342:V>C,0,0.6004751
train-clinvar+pg_dms__cnn__seed43,MSH6,P43246:342:V>S,0,0.92322075
train-clinvar+pg_dms__cnn__seed43,MSH6,P43246:345:W>C,1,0.41727227
train-clinvar+pg_dms__cnn__seed43,MSH6,P43246:345:W>S,1,0.9134314
train-clinvar+pg_dms__cnn__seed43,MSH6,P43246:345:W>R,1,0.97159576
train-clinvar+pg_dms__cnn__seed43,MSH6,P43246:345:W>Q,1,0.9492926
train-clinvar+pg_dms__cnn__seed43,MSH6,P43246:345:W>P,1,0.98818845
train-clinvar+pg_dms__cnn__seed43,MSH6,P43246:345:W>N,1,0.9383667
train-clinvar+pg_dms__cnn__seed43,MSH6,P43246:345:W>M,0,0.83859444
train-clinvar+pg_dms__cnn__seed43,MSH6,P43246:345:W>L,0,0.56669176
train-clinvar+pg_dms__cnn__seed43,MSH6,P43246:345:W>A,1,0.8397235
train-clinvar+pg_dms__cnn__seed43,MSH6,P43246:345:W>Y,0,0.4684494
train-clinvar+pg_dms__cnn__seed43,MSH6,P43246:345:W>K,1,0.96938443
train-clinvar+pg_dms__cnn__seed43,MSH6,P43246:345:W>I,0,0.93895555
train-clinvar+pg_dms__cnn__seed43,MSH6,P43246:345:W>H,1,0.8174694
train-clinvar+pg_dms__cnn__seed43,MSH6,P43246:345:W>G,1,0.8586795
train-clinvar+pg_dms__cnn__seed43,MSH6,P43246:345:W>F,0,0.104887605
train-clinvar+pg_dms__cnn__seed43,MSH6,P43246:345:W>E,1,0.9763524
train-clinvar+pg_dms__cnn__seed43,MSH6,P43246:345:W>D,1,0.9778951
train-clinvar+pg_dms__cnn__seed43,MSH6,P43246:345:W>T,1,0.9382611
train-clinvar+pg_dms__cnn__seed43,MSH6,P43246:345:W>V,1,0.92107546
train-clinvar+pg_dms__cnn__seed43,MSH6,P43246:348:Q>A,0,0.65341866
train-clinvar+pg_dms__cnn__seed43,MSH6,P43246:348:Q>C,0,0.81933314
train-clinvar+pg_dms__cnn__seed43,MSH6,P43246:348:Q>F,0,0.9526368
train-clinvar+pg_dms__cnn__seed43,MSH6,P43246:348:Q>G,0,0.892112
train-clinvar+pg_dms__cnn__seed43,MSH6,P43246:348:Q>I,0,0.9305129
train-clinvar+pg_dms__cnn__seed43,MSH6,P43246:348:Q>K,0,0.70523274
train-clinvar+pg_dms__cnn__seed43,MSH6,P43246:348:Q>W,0,0.9775964
train-clinvar+pg_dms__cnn__seed43,MSH6,P43246:348:Q>M,0,0.48598418
train-clinvar+pg_dms__cnn__seed43,MSH6,P43246:348:Q>N,0,0.9173161
train-clinvar+pg_dms__cnn__seed43,MSH6,P43246:348:Q>P,1,0.9811413
train-clinvar+pg_dms__cnn__seed43,MSH6,P43246:348:Q>R,0,0.7345827
train-clinvar+pg_dms__cnn__seed43,MSH6,P43246:348:Q>S,0,0.6779055
train-clinvar+pg_dms__cnn__seed43,MSH6,P43246:348:Q>T,0,0.88323927
train-clinvar+pg_dms__cnn__seed43,MSH6,P43246:348:Q>V,0,0.90776134
train-clinvar+pg_dms__cnn__seed43,MSH6,P43246:348:Q>Y,0,0.9300581
train-clinvar+pg_dms__cnn__seed43,MSH6,P43246:348:Q>L,0,0.41882107
train-clinvar+pg_dms__cnn__seed43,MSH6,P43246:349:P>C,1,0.6517367
train-clinvar+pg_dms__cnn__seed43,MSH6,P43246:349:P>E,1,0.98616713
train-clinvar+pg_dms__cnn__seed43,MSH6,P43246:349:P>D,1,0.9764305
train-clinvar+pg_dms__cnn__seed43,MSH6,P43246:349:P>A,0,0.6377081
train-clinvar+pg_dms__cnn__seed43,MSH6,P43246:349:P>F,1,0.94738615
train-clinvar+pg_dms__cnn__seed43,MSH6,P43246:349:P>G,1,0.96984464
train-clinvar+pg_dms__cnn__seed43,MSH6,P43246:349:P>H,1,0.9265767
train-clinvar+pg_dms__cnn__seed43,MSH6,P43246:349:P>K,1,0.9736034
train-clinvar+pg_dms__cnn__seed43,MSH6,P43246:349:P>M,1,0.97220886
train-clinvar+pg_dms__cnn__seed43,MSH6,P43246:349:P>I,0,0.9604312
train-clinvar+pg_dms__cnn__seed43,MSH6,P43246:349:P>Q,1,0.9385139
train-clinvar+pg_dms__cnn__seed43,MSH6,P43246:349:P>V,0,0.95854646
train-clinvar+pg_dms__cnn__seed43,MSH6,P43246:349:P>W,1,0.98179847
train-clinvar+pg_dms__cnn__seed43,MSH6,P43246:349:P>Y,1,0.9492683
train-clinvar+pg_dms__cnn__seed43,MSH6,P43246:349:P>N,1,0.93621624
train-clinvar+pg_dms__cnn__seed43,MSH6,P43246:352:D>T,0,0.402346
train-clinvar+pg_dms__cnn__seed43,MSH6,P43246:352:D>C,0,0.080566235
train-clinvar+pg_dms__cnn__seed43,MSH6,P43246:352:D>K,0,0.57698405
train-clinvar+pg_dms__cnn__seed43,MSH6,P43246:352:D>L,0,0.42481747
train-clinvar+pg_dms__cnn__seed43,MSH6,P43246:352:D>M,0,0.6608699
train-clinvar+pg_dms__cnn__seed43,MSH6,P43246:352:D>P,1,0.8581962
train-clinvar+pg_dms__cnn__seed43,MSH6,P43246:352:D>Q,0,0.21125342
train-clinvar+pg_dms__cnn__seed43,MSH6,P43246:352:D>A,0,0.0836255
train-clinvar+pg_dms__cnn__seed43,MSH6,P43246:352:D>R,0,0.57319355
train-clinvar+pg_dms__cnn__seed43,MSH6,P43246:352:D>G,0,0.16179374
train-clinvar+pg_dms__cnn__seed43,MSH6,P43246:352:D>V,0,0.12552136
train-clinvar+pg_dms__cnn__seed43,MSH6,P43246:352:D>W,0,0.7900872
train-clinvar+pg_dms__cnn__seed43,MSH6,P43246:352:D>Y,0,0.18662384
train-clinvar+pg_dms__cnn__seed43,MSH6,P43246:352:D>F,0,0.6282617
train-clinvar+pg_dms__cnn__seed43,MSH6,P43246:352:D>S,0,0.059543774
train-clinvar+pg_dms__cnn__seed43,MSH6,P43246:352:D>I,0,0.36504832
train-clinvar+pg_dms__cnn__seed43,MSH6,P43246:352:D>H,0,0.17950355
train-clinvar+pg_dms__cnn__seed43,MSH6,P43246:356:I>T,1,0.71788526
train-clinvar+pg_dms__cnn__seed43,MSH6,P43246:356:I>S,1,0.96860874
train-clinvar+pg_dms__cnn__seed43,MSH6,P43246:356:I>L,0,0.12367809
train-clinvar+pg_dms__cnn__seed43,MSH6,P43246:356:I>N,1,0.9829836
train-clinvar+pg_dms__cnn__seed43,MSH6,P43246:356:I>Q,1,0.9726179
train-clinvar+pg_dms__cnn__seed43,MSH6,P43246:356:I>Y,1,0.98154026
train-clinvar+pg_dms__cnn__seed43,MSH6,P43246:356:I>W,1,0.9902773
train-clinvar+pg_dms__cnn__seed43,MSH6,P43246:356:I>C,0,0.89137244
train-clinvar+pg_dms__cnn__seed43,MSH6,P43246:356:I>E,1,0.98769116
train-clinvar+pg_dms__cnn__seed43,MSH6,P43246:356:I>F,1,0.93633527
train-clinvar+pg_dms__cnn__seed43,MSH6,P43246:356:I>G,1,0.9794749
train-clinvar+pg_dms__cnn__seed43,MSH6,P43246:356:I>H,1,0.9839135
train-clinvar+pg_dms__cnn__seed43,MSH6,P43246:356:I>P,1,0.9907967
train-clinvar+pg_dms__cnn__seed43,MSH6,P43246:356:I>A,0,0.875455
train-clinvar+pg_dms__cnn__seed43,MSH6,P43246:356:I>D,1,0.9906639
train-clinvar+pg_dms__cnn__seed43,MSH6,P43246:359:R>D,1,0.97232485
train-clinvar+pg_dms__cnn__seed43,MSH6,P43246:359:R>Q,1,0.81249595
train-clinvar+pg_dms__cnn__seed43,MSH6,P43246:359:R>P,1,0.9860238
train-clinvar+pg_dms__cnn__seed43,MSH6,P43246:359:R>A,1,0.93678486
train-clinvar+pg_dms__cnn__seed43,MSH6,P43246:359:R>C,1,0.5919382
train-clinvar+pg_dms__cnn__seed43,MSH6,P43246:359:R>Y,1,0.9534667
train-clinvar+pg_dms__cnn__seed43,MSH6,P43246:359:R>E,1,0.9722152
train-clinvar+pg_dms__cnn__seed43,MSH6,P43246:359:R>F,1,0.9684562
train-clinvar+pg_dms__cnn__seed43,MSH6,P43246:359:R>H,1,0.7912401
train-clinvar+pg_dms__cnn__seed43,MSH6,P43246:359:R>N,1,0.9590735
train-clinvar+pg_dms__cnn__seed43,MSH6,P43246:359:R>M,1,0.9710053
train-clinvar+pg_dms__cnn__seed43,MSH6,P43246:359:R>L,1,0.95776784
train-clinvar+pg_dms__cnn__seed43,MSH6,P43246:359:R>V,1,0.95038337
train-clinvar+pg_dms__cnn__seed43,MSH6,P43246:359:R>W,1,0.9413409
train-clinvar+pg_dms__cnn__seed43,MSH6,P43246:362:L>N,0,0.98670423
train-clinvar+pg_dms__cnn__seed43,MSH6,P43246:362:L>Y,0,0.8957602
train-clinvar+pg_dms__cnn__seed43,MSH6,P43246:362:L>W,0,0.90196896
train-clinvar+pg_dms__cnn__seed43,MSH6,P43246:362:L>V,0,0.046448767
train-clinvar+pg_dms__cnn__seed43,MSH6,P43246:362:L>T,0,0.34533477
train-clinvar+pg_dms__cnn__seed43,MSH6,P43246:362:L>S,0,0.85241693
train-clinvar+pg_dms__cnn__seed43,MSH6,P43246:362:L>Q,0,0.85074437
train-clinvar+pg_dms__cnn__seed43,MSH6,P43246:362:L>P,1,0.9962022
train-clinvar+pg_dms__cnn__seed43,MSH6,P43246:362:L>M,0,0.044012964
train-clinvar+pg_dms__cnn__seed43,MSH6,P43246:362:L>C,0,0.12342383
train-clinvar+pg_dms__cnn__seed43,MSH6,P43246:362:L>D,1,0.9949758
train-clinvar+pg_dms__cnn__seed43,MSH6,P43246:362:L>E,0,0.98948
train-clinvar+pg_dms__cnn__seed43,MSH6,P43246:362:L>F,0,0.26104137
train-clinvar+pg_dms__cnn__seed43,MSH6,P43246:362:L>G,0,0.9755701
train-clinvar+pg_dms__cnn__seed43,MSH6,P43246:362:L>H,0,0.94200665
train-clinvar+pg_dms__cnn__seed43,MSH6,P43246:362:L>I,0,0.040691286
train-clinvar+pg_dms__cnn__seed43,MSH6,P43246:362:L>K,0,0.98691106
train-clinvar+pg_dms__cnn__seed43,MSH6,P43246:362:L>A,0,0.32313576
train-clinvar+pg_dms__cnn__seed43,MSH6,P43246:362:L>R,0,0.9809763
train-clinvar+pg_dms__cnn__seed43,MSH6,P43246:368:E>Q,0,0.003189474
train-clinvar+pg_dms__cnn__seed43,MSH6,P43246:368:E>R,0,0.008927333
train-clinvar+pg_dms__cnn__seed43,MSH6,P43246:368:E>S,0,0.0055938703
train-clinvar+pg_dms__cnn__seed43,MSH6,P43246:368:E>N,0,0.0049884547
train-clinvar+pg_dms__cnn__seed43,MSH6,P43246:368:E>A,0,0.0022190022
train-clinvar+pg_dms__cnn__seed43,MSH6,P43246:368:E>V,0,0.019787688
train-clinvar+pg_dms__cnn__seed43,MSH6,P43246:368:E>T,0,0.006973044
train-clinvar+pg_dms__cnn__seed43,MSH6,P43246:368:E>C,0,0.008994936
train-clinvar+pg_dms__cnn__seed43,MSH6,P43246:368:E>H,0,0.0050533
train-clinvar+pg_dms__cnn__seed43,MSH6,P43246:368:E>F,0,0.02381817
train-clinvar+pg_dms__cnn__seed43,MSH6,P43246:368:E>G,0,0.004876951
train-clinvar+pg_dms__cnn__seed43,MSH6,P43246:368:E>W,0,0.18069921
train-clinvar+pg_dms__cnn__seed43,MSH6,P43246:368:E>I,0,0.00780836
train-clinvar+pg_dms__cnn__seed43,MSH6,P43246:368:E>K,0,0.00736576
train-clinvar+pg_dms__cnn__seed43,MSH6,P43246:368:E>L,0,0.0080992095
train-clinvar+pg_dms__cnn__seed43,MSH6,P43246:368:E>M,0,0.009366516
train-clinvar+pg_dms__cnn__seed43,MSH6,P43246:368:E>D,0,0.010723102
train-clinvar+pg_dms__cnn__seed43,MSH6,P43246:368:E>Y,0,0.011539109
train-clinvar+pg_dms__cnn__seed43,MSH6,P43246:368:E>P,0,0.45531768
train-clinvar+pg_dms__cnn__seed43,MSH6,P43246:371:E>P,0,0.094818436
train-clinvar+pg_dms__cnn__seed43,MSH6,P43246:371:E>L,0,0.021382423
train-clinvar+pg_dms__cnn__seed43,MSH6,P43246:371:E>M,0,0.030434376
train-clinvar+pg_dms__cnn__seed43,MSH6,P43246:371:E>A,0,0.0049710018
train-clinvar+pg_dms__cnn__seed43,MSH6,P43246:371:E>C,0,0.021321578
train-clinvar+pg_dms__cnn__seed43,MSH6,P43246:371:E>D,0,0.010534477
train-clinvar+pg_dms__cnn__seed43,MSH6,P43246:371:E>F,0,0.042972848
train-clinvar+pg_dms__cnn__seed43,MSH6,P43246:371:E>G,0,0.02303868
train-clinvar+pg_dms__cnn__seed43,MSH6,P43246:371:E>Y,0,0.042325944
train-clinvar+pg_dms__cnn__seed43,MSH6,P43246:371:E>I,0,0.012656152
train-clinvar+pg_dms__cnn__seed43,MSH6,P43246:371:E>T,0,0.009787795
train-clinvar+pg_dms__cnn__seed43,MSH6,P43246:371:E>S,0,0.008473296
train-clinvar+pg_dms__cnn__seed43,MSH6,P43246:371:E>R,0,0.025019879
train-clinvar+pg_dms__cnn__seed43,MSH6,P43246:371:E>Q,0,0.0049046003
train-clinvar+pg_dms__cnn__seed43,MSH6,P43246:371:E>N,0,0.011203158
train-clinvar+pg_dms__cnn__seed43,MSH6,P43246:371:E>W,0,0.2764583
train-clinvar+pg_dms__cnn__seed43,MSH6,P43246:371:E>H,0,0.01954266
train-clinvar+pg_dms__cnn__seed43,MSH6,P43246:373:R>Q,0,0.030504331
train-clinvar+pg_dms__cnn__seed43,MSH6,P43246:373:R>S,0,0.84637785
train-clinvar+pg_dms__cnn__seed43,MSH6,P43246:373:R>L,0,0.21343116
train-clinvar+pg_dms__cnn__seed43,MSH6,P43246:373:R>W,0,0.49927422
train-clinvar+pg_dms__cnn__seed43,MSH6,P43246:373:R>Y,0,0.76556724
train-clinvar+pg_dms__cnn__seed43,MSH6,P43246:373:R>P,0,0.95590246
train-clinvar+pg_dms__cnn__seed43,MSH6,P43246:373:R>V,0,0.7537736
train-clinvar+pg_dms__cnn__seed43,MSH6,P43246:373:R>N,0,0.8622763
train-clinvar+pg_dms__cnn__seed43,MSH6,P43246:373:R>E,0,0.89412993
train-clinvar+pg_dms__cnn__seed43,MSH6,P43246:373:R>I,0,0.68183595
train-clinvar+pg_dms__cnn__seed43,MSH6,P43246:373:R>H,0,0.111127906
train-clinvar+pg_dms__cnn__seed43,MSH6,P43246:373:R>G,0,0.7207783
train-clinvar+pg_dms__cnn__seed43,MSH6,P43246:373:R>F,0,0.84448034
train-clinvar+pg_dms__cnn__seed43,MSH6,P43246:373:R>D,0,0.94050556
train-clinvar+pg_dms__cnn__seed43,MSH6,P43246:373:R>C,0,0.010064832
train-clinvar+pg_dms__cnn__seed43,MSH6,P43246:373:R>A,0,0.6590381
train-clinvar+pg_dms__cnn__seed43,MSH6,P43246:375:T>H,0,0.011568526
train-clinvar+pg_dms__cnn__seed43,MSH6,P43246:375:T>I,0,0.035261624
train-clinvar+pg_dms__cnn__seed43,MSH6,P43246:375:T>K,0,0.027588468
train-clinvar+pg_dms__cnn__seed43,MSH6,P43246:375:T>D,0,0.045120653
train-clinvar+pg_dms__cnn__seed43,MSH6,P43246:375:T>M,0,0.016928056
train-clinvar+pg_dms__cnn__seed43,MSH6,P43246:375:T>N,0,0.008746939
train-clinvar+pg_dms__cnn__seed43,MSH6,P43246:375:T>P,0,0.14395322
train-clinvar+pg_dms__cnn__seed43,MSH6,P43246:375:T>Q,0,0.01782994
train-clinvar+pg_dms__cnn__seed43,MSH6,P43246:375:T>R,0,0.027272675
train-clinvar+pg_dms__cnn__seed43,MSH6,P43246:375:T>E,0,0.03902623
train-clinvar+pg_dms__cnn__seed43,MSH6,P43246:375:T>V,0,0.013975395
train-clinvar+pg_dms__cnn__seed43,MSH6,P43246:375:T>S,0,0.021919984
train-clinvar+pg_dms__cnn__seed43,MSH6,P43246:375:T>L,0,0.013057242
train-clinvar+pg_dms__cnn__seed43,MSH6,P43246:375:T>F,0,0.014903144
train-clinvar+pg_dms__cnn__seed43,MSH6,P43246:375:T>G,0,0.014833774
train-clinvar+pg_dms__cnn__seed43,MSH6,P43246:375:T>C,0,0.0036362684
train-clinvar+pg_dms__cnn__seed43,MSH6,P43246:375:T>A,0,0.0061514555
train-clinvar+pg_dms__cnn__seed43,MSH6,P43246:375:T>W,0,0.06763062
train-clinvar+pg_dms__cnn__seed43,MSH6,P43246:375:T>Y,0,0.014440779
train-clinvar+pg_dms__cnn__seed43,MSH6,P43246:399:A>K,0,0.8809249
train-clinvar+pg_dms__cnn__seed43,MSH6,P43246:399:A>C,0,0.122113295
train-clinvar+pg_dms__cnn__seed43,MSH6,P43246:399:A>I,0,0.64747113
train-clinvar+pg_dms__cnn__seed43,MSH6,P43246:399:A>L,0,0.61752427
train-clinvar+pg_dms__cnn__seed43,MSH6,P43246:399:A>D,0,0.9497551
train-clinvar+pg_dms__cnn__seed43,MSH6,P43246:399:A>N,0,0.8441433
train-clinvar+pg_dms__cnn__seed43,MSH6,P43246:399:A>P,0,0.92519
train-clinvar+pg_dms__cnn__seed43,MSH6,P43246:399:A>Q,0,0.81696916
train-clinvar+pg_dms__cnn__seed43,MSH6,P43246:399:A>R,0,0.88738835
train-clinvar+pg_dms__cnn__seed43,MSH6,P43246:399:A>H,0,0.80677146
train-clinvar+pg_dms__cnn__seed43,MSH6,P43246:399:A>G,0,0.046629887
train-clinvar+pg_dms__cnn__seed43,MSH6,P43246:399:A>F,0,0.8273294
train-clinvar+pg_dms__cnn__seed43,MSH6,P43246:399:A>S,0,0.03178237
train-clinvar+pg_dms__cnn__seed43,MSH6,P43246:399:A>T,0,0.15258026
train-clinvar+pg_dms__cnn__seed43,MSH6,P43246:399:A>V,0,0.20215754
train-clinvar+pg_dms__cnn__seed43,MSH6,P43246:399:A>W,0,0.9344018
train-clinvar+pg_dms__cnn__seed43,MSH6,P43246:399:A>Y,0,0.8776751
train-clinvar+pg_dms__cnn__seed43,MSH6,P43246:399:A>M,0,0.7113446
train-clinvar+pg_dms__cnn__seed43,MSH6,P43246:399:A>E,0,0.9116992
train-clinvar+pg_dms__cnn__seed43,MSH6,P43246:409:Q>P,0,0.89129746
train-clinvar+pg_dms__cnn__seed43,MSH6,P43246:409:Q>Y,0,0.53367025
train-clinvar+pg_dms__cnn__seed43,MSH6,P43246:409:Q>W,0,0.74833137
train-clinvar+pg_dms__cnn__seed43,MSH6,P43246:409:Q>V,0,0.042455196
train-clinvar+pg_dms__cnn__seed43,MSH6,P43246:409:Q>T,0,0.063864596
train-clinvar+pg_dms__cnn__seed43,MSH6,P43246:409:Q>S,0,0.07598564
train-clinvar+pg_dms__cnn__seed43,MSH6,P43246:409:Q>M,0,0.064334475
train-clinvar+pg_dms__cnn__seed43,MSH6,P43246:409:Q>A,0,0.042935476
train-clinvar+pg_dms__cnn__seed43,MSH6,P43246:409:Q>L,0,0.033435192
train-clinvar+pg_dms__cnn__seed43,MSH6,P43246:409:Q>C,0,0.06930711
train-clinvar+pg_dms__cnn__seed43,MSH6,P43246:409:Q>D,0,0.768715
train-clinvar+pg_dms__cnn__seed43,MSH6,P43246:409:Q>G,0,0.12921083
train-clinvar+pg_dms__cnn__seed43,MSH6,P43246:409:Q>F,0,0.5554787
train-clinvar+pg_dms__cnn__seed43,MSH6,P43246:409:Q>H,0,0.124205045
train-clinvar+pg_dms__cnn__seed43,MSH6,P43246:409:Q>I,0,0.077523604
train-clinvar+pg_dms__cnn__seed43,MSH6,P43246:409:Q>E,0,0.109948166
train-clinvar+pg_dms__cnn__seed43,MSH6,P43246:418:I>Y,0,0.15064025
train-clinvar+pg_dms__cnn__seed43,MSH6,P43246:418:I>C,0,0.042147756
train-clinvar+pg_dms__cnn__seed43,MSH6,P43246:418:I>V,0,0.030348917
train-clinvar+pg_dms__cnn__seed43,MSH6,P43246:418:I>T,0,0.09923126
train-clinvar+pg_dms__cnn__seed43,MSH6,P43246:418:I>S,0,0.04511068
train-clinvar+pg_dms__cnn__seed43,MSH6,P43246:418:I>R,0,0.0789838
train-clinvar+pg_dms__cnn__seed43,MSH6,P43246:418:I>Q,0,0.06665282
train-clinvar+pg_dms__cnn__seed43,MSH6,P43246:418:I>K,0,0.095403336
train-clinvar+pg_dms__cnn__seed43,MSH6,P43246:418:I>N,0,0.06313813
train-clinvar+pg_dms__cnn__seed43,MSH6,P43246:418:I>L,0,0.044371787
train-clinvar+pg_dms__cnn__seed43,MSH6,P43246:418:I>H,0,0.12556985
train-clinvar+pg_dms__cnn__seed43,MSH6,P43246:418:I>G,0,0.18685156
train-clinvar+pg_dms__cnn__seed43,MSH6,P43246:418:I>F,0,0.03511564
train-clinvar+pg_dms__cnn__seed43,MSH6,P43246:418:I>E,0,0.2340084
train-clinvar+pg_dms__cnn__seed43,MSH6,P43246:418:I>A,0,0.036784746
train-clinvar+pg_dms__cnn__seed43,MSH6,P43246:418:I>P,1,0.93231034
train-clinvar+pg_dms__cnn__seed43,MSH6,P43246:418:I>D,0,0.72326607
train-clinvar+pg_dms__cnn__seed43,MSH6,P43246:424:H>D,0,0.121979386
train-clinvar+pg_dms__cnn__seed43,MSH6,P43246:424:H>Y,0,0.07091502
train-clinvar+pg_dms__cnn__seed43,MSH6,P43246:424:H>W,0,0.08724076
train-clinvar+pg_dms__cnn__seed43,MSH6,P43246:424:H>V,0,0.05708781
train-clinvar+pg_dms__cnn__seed43,MSH6,P43246:424:H>T,0,0.064008884
train-clinvar+pg_dms__cnn__seed43,MSH6,P43246:424:H>A,0,0.0472992
train-clinvar+pg_dms__cnn__seed43,MSH6,P43246:424:H>S,0,0.053616464
train-clinvar+pg_dms__cnn__seed43,MSH6,P43246:424:H>M,0,0.11371734
train-clinvar+pg_dms__cnn__seed43,MSH6,P43246:424:H>L,0,0.055010244
train-clinvar+pg_dms__cnn__seed43,MSH6,P43246:424:H>I,0,0.06409968
train-clinvar+pg_dms__cnn__seed43,MSH6,P43246:424:H>G,0,0.074994534
train-clinvar+pg_dms__cnn__seed43,MSH6,P43246:424:H>F,0,0.049764417
train-clinvar+pg_dms__cnn__seed43,MSH6,P43246:424:H>E,0,0.11851865
train-clinvar+pg_dms__cnn__seed43,MSH6,P43246:424:H>P,0,0.15188213
train-clinvar+pg_dms__cnn__seed43,MSH6,P43246:424:H>C,0,0.018515512
train-clinvar+pg_dms__cnn__seed43,MSH6,P43246:425:E>D,0,0.043244116
train-clinvar+pg_dms__cnn__seed43,MSH6,P43246:425:E>C,0,0.013281933
train-clinvar+pg_dms__cnn__seed43,MSH6,P43246:425:E>A,0,0.008654407
train-clinvar+pg_dms__cnn__seed43,MSH6,P43246:425:E>W,0,0.15070893
train-clinvar+pg_dms__cnn__seed43,MSH6,P43246:425:E>F,0,0.0564482
train-clinvar+pg_dms__cnn__seed43,MSH6,P43246:425:E>Y,0,0.026703812
train-clinvar+pg_dms__cnn__seed43,MSH6,P43246:425:E>V,0,0.015565546
train-clinvar+pg_dms__cnn__seed43,MSH6,P43246:425:E>T,0,0.014467202
train-clinvar+pg_dms__cnn__seed43,MSH6,P43246:425:E>S,0,0.0084907655
train-clinvar+pg_dms__cnn__seed43,MSH6,P43246:425:E>R,0,0.015114897
train-clinvar+pg_dms__cnn__seed43,MSH6,P43246:425:E>Q,0,0.011548147
train-clinvar+pg_dms__cnn__seed43,MSH6,P43246:425:E>P,0,0.056265354
train-clinvar+pg_dms__cnn__seed43,MSH6,P43246:425:E>N,0,0.01226421
train-clinvar+pg_dms__cnn__seed43,MSH6,P43246:425:E>M,0,0.02647164
train-clinvar+pg_dms__cnn__seed43,MSH6,P43246:425:E>L,0,0.02164134
train-clinvar+pg_dms__cnn__seed43,MSH6,P43246:425:E>I,0,0.016953493
train-clinvar+pg_dms__cnn__seed43,MSH6,P43246:425:E>H,0,0.013177058
train-clinvar+pg_dms__cnn__seed43,MSH6,P43246:425:E>G,0,0.0121386815
train-clinvar+pg_dms__cnn__seed43,MSH6,P43246:429:Q>V,0,0.07713562
train-clinvar+pg_dms__cnn__seed43,MSH6,P43246:429:Q>A,0,0.016867103
train-clinvar+pg_dms__cnn__seed43,MSH6,P43246:429:Q>C,0,0.030912038
train-clinvar+pg_dms__cnn__seed43,MSH6,P43246:429:Q>D,0,0.09511614
train-clinvar+pg_dms__cnn__seed43,MSH6,P43246:429:Q>E,0,0.030563343
train-clinvar+pg_dms__cnn__seed43,MSH6,P43246:429:Q>W,0,0.14181712
train-clinvar+pg_dms__cnn__seed43,MSH6,P43246:429:Q>F,0,0.24348253
train-clinvar+pg_dms__cnn__seed43,MSH6,P43246:429:Q>G,0,0.026803572
train-clinvar+pg_dms__cnn__seed43,MSH6,P43246:429:Q>I,0,0.11336496
train-clinvar+pg_dms__cnn__seed43,MSH6,P43246:429:Q>K,1,0.043460414
train-clinvar+pg_dms__cnn__seed43,MSH6,P43246:429:Q>L,0,0.035432715
train-clinvar+pg_dms__cnn__seed43,MSH6,P43246:429:Q>M,0,0.10859467
train-clinvar+pg_dms__cnn__seed43,MSH6,P43246:429:Q>N,0,0.04145345
train-clinvar+pg_dms__cnn__seed43,MSH6,P43246:429:Q>P,0,0.124927
train-clinvar+pg_dms__cnn__seed43,MSH6,P43246:429:Q>R,0,0.023765538
train-clinvar+pg_dms__cnn__seed43,MSH6,P43246:429:Q>S,0,0.021411473
train-clinvar+pg_dms__cnn__seed43,MSH6,P43246:429:Q>T,0,0.033934794
train-clinvar+pg_dms__cnn__seed43,MSH6,P43246:429:Q>Y,0,0.04879832
train-clinvar+pg_dms__cnn__seed43,MSH6,P43246:431:L>P,0,0.3115952
train-clinvar+pg_dms__cnn__seed43,MSH6,P43246:431:L>Q,0,0.061326288
train-clinvar+pg_dms__cnn__seed43,MSH6,P43246:431:L>R,0,0.16439292
train-clinvar+pg_dms__cnn__seed43,MSH6,P43246:431:L>S,0,0.0733905
train-clinvar+pg_dms__cnn__seed43,MSH6,P43246:431:L>T,0,0.061345804
train-clinvar+pg_dms__cnn__seed43,MSH6,P43246:431:L>Y,0,0.12707183
train-clinvar+pg_dms__cnn__seed43,MSH6,P43246:431:L>W,1,0.19069014
train-clinvar+pg_dms__cnn__seed43,MSH6,P43246:431:L>N,0,0.12916225
train-clinvar+pg_dms__cnn__seed43,MSH6,P43246:431:L>M,1,0.031191006
train-clinvar+pg_dms__cnn__seed43,MSH6,P43246:431:L>K,0,0.3463237
train-clinvar+pg_dms__cnn__seed43,MSH6,P43246:431:L>I,0,0.02446432
train-clinvar+pg_dms__cnn__seed43,MSH6,P43246:431:L>H,0,0.07497955
train-clinvar+pg_dms__cnn__seed43,MSH6,P43246:431:L>G,0,0.29963264
train-clinvar+pg_dms__cnn__seed43,MSH6,P43246:431:L>E,0,0.31561452
train-clinvar+pg_dms__cnn__seed43,MSH6,P43246:431:L>A,0,0.050336536
train-clinvar+pg_dms__cnn__seed43,MSH6,P43246:433:L>P,0,0.27621365
train-clinvar+pg_dms__cnn__seed43,MSH6,P43246:433:L>Q,0,0.021600692
train-clinvar+pg_dms__cnn__seed43,MSH6,P43246:433:L>R,0,0.035578046
train-clinvar+pg_dms__cnn__seed43,MSH6,P43246:433:L>S,0,0.02017687
train-clinvar+pg_dms__cnn__seed43,MSH6,P43246:433:L>W,1,0.056258544
train-clinvar+pg_dms__cnn__seed43,MSH6,P43246:433:L>V,0,0.026629923
train-clinvar+pg_dms__cnn__seed43,MSH6,P43246:433:L>N,0,0.030753618
train-clinvar+pg_dms__cnn__seed43,MSH6,P43246:433:L>Y,0,0.033827953
train-clinvar+pg_dms__cnn__seed43,MSH6,P43246:433:L>T,0,0.023924993
train-clinvar+pg_dms__cnn__seed43,MSH6,P43246:433:L>M,0,0.029576506
train-clinvar+pg_dms__cnn__seed43,MSH6,P43246:433:L>I,0,0.024104362
train-clinvar+pg_dms__cnn__seed43,MSH6,P43246:433:L>H,0,0.023449026
train-clinvar+pg_dms__cnn__seed43,MSH6,P43246:433:L>G,0,0.044616282
train-clinvar+pg_dms__cnn__seed43,MSH6,P43246:433:L>C,0,0.014704802
train-clinvar+pg_dms__cnn__seed43,MSH6,P43246:433:L>A,0,0.013088172
train-clinvar+pg_dms__cnn__seed43,MSH6,P43246:433:L>K,0,0.03423718
train-clinvar+pg_dms__cnn__seed43,MSH6,P43246:442:D>P,0,0.7803599
train-clinvar+pg_dms__cnn__seed43,MSH6,P43246:442:D>A,0,0.026432052
train-clinvar+pg_dms__cnn__seed43,MSH6,P43246:442:D>C,0,0.031947587
train-clinvar+pg_dms__cnn__seed43,MSH6,P43246:442:D>E,0,0.050361853
train-clinvar+pg_dms__cnn__seed43,MSH6,P43246:442:D>H,0,0.05086344
train-clinvar+pg_dms__cnn__seed43,MSH6,P43246:442:D>I,0,0.074707076
train-clinvar+pg_dms__cnn__seed43,MSH6,P43246:442:D>K,0,0.120608546
train-clinvar+pg_dms__cnn__seed43,MSH6,P43246:442:D>L,0,0.11891173
train-clinvar+pg_dms__cnn__seed43,MSH6,P43246:442:D>N,0,0.030864108
train-clinvar+pg_dms__cnn__seed43,MSH6,P43246:442:D>R,0,0.21238807
train-clinvar+pg_dms__cnn__seed43,MSH6,P43246:442:D>Q,0,0.079214446
train-clinvar+pg_dms__cnn__seed43,MSH6,P43246:442:D>W,0,0.60302615
train-clinvar+pg_dms__cnn__seed43,MSH6,P43246:442:D>Y,0,0.06099866
train-clinvar+pg_dms__cnn__seed43,MSH6,P43246:442:D>V,0,0.04798738
train-clinvar+pg_dms__cnn__seed43,MSH6,P43246:442:D>T,0,0.06980624
train-clinvar+pg_dms__cnn__seed43,MSH6,P43246:442:D>S,0,0.04315208
train-clinvar+pg_dms__cnn__seed43,MSH6,P43246:449:K>A,0,0.30484262
train-clinvar+pg_dms__cnn__seed43,MSH6,P43246:449:K>C,0,0.13982971
train-clinvar+pg_dms__cnn__seed43,MSH6,P43246:449:K>D,0,0.66892946
train-clinvar+pg_dms__cnn__seed43,MSH6,P43246:449:K>E,0,0.61057144
train-clinvar+pg_dms__cnn__seed43,MSH6,P43246:449:K>F,0,0.5179895
train-clinvar+pg_dms__cnn__seed43,MSH6,P43246:449:K>G,0,0.36895782
train-clinvar+pg_dms__cnn__seed43,MSH6,P43246:449:K>P,0,0.72830963
train-clinvar+pg_dms__cnn__seed43,MSH6,P43246:449:K>V,0,0.36841565
train-clinvar+pg_dms__cnn__seed43,MSH6,P43246:449:K>W,0,0.6711098
train-clinvar+pg_dms__cnn__seed43,MSH6,P43246:449:K>S,0,0.415897
train-clinvar+pg_dms__cnn__seed43,MSH6,P43246:449:K>H,0,0.20656955
train-clinvar+pg_dms__cnn__seed43,MSH6,P43246:449:K>I,0,0.5423754
train-clinvar+pg_dms__cnn__seed43,MSH6,P43246:449:K>L,0,0.3457458
train-clinvar+pg_dms__cnn__seed43,MSH6,P43246:449:K>N,0,0.43833876
train-clinvar+pg_dms__cnn__seed43,MSH6,P43246:449:K>Q,0,0.17815895
train-clinvar+pg_dms__cnn__seed43,MSH6,P43246:449:K>T,0,0.35816577
train-clinvar+pg_dms__cnn__seed43,MSH6,P43246:455:E>R,0,0.25325805
train-clinvar+pg_dms__cnn__seed43,MSH6,P43246:455:E>W,1,0.7107673
train-clinvar+pg_dms__cnn__seed43,MSH6,P43246:455:E>P,0,0.79816157
train-clinvar+pg_dms__cnn__seed43,MSH6,P43246:455:E>N,0,0.13011138
train-clinvar+pg_dms__cnn__seed43,MSH6,P43246:455:E>M,1,0.31040516
train-clinvar+pg_dms__cnn__seed43,MSH6,P43246:455:E>L,0,0.2240412
train-clinvar+pg_dms__cnn__seed43,MSH6,P43246:455:E>I,0,0.22765256
train-clinvar+pg_dms__cnn__seed43,MSH6,P43246:455:E>H,0,0.17635418
train-clinvar+pg_dms__cnn__seed43,MSH6,P43246:455:E>G,0,0.11146026
train-clinvar+pg_dms__cnn__seed43,MSH6,P43246:455:E>F,0,0.46835127
train-clinvar+pg_dms__cnn__seed43,MSH6,P43246:455:E>C,0,0.08113695
train-clinvar+pg_dms__cnn__seed43,MSH6,P43246:455:E>A,0,0.03967448
train-clinvar+pg_dms__cnn__seed43,MSH6,P43246:455:E>T,0,0.14468132
train-clinvar+pg_dms__cnn__seed43,MSH6,P43246:455:E>V,0,0.159886
train-clinvar+pg_dms__cnn__seed43,MSH6,P43246:455:E>S,0,0.08524554
train-clinvar+pg_dms__cnn__seed43,MSH6,P43246:455:E>Y,0,0.3590145
train-clinvar+pg_dms__cnn__seed43,MSH6,P43246:456:T>A,0,0.07489319
train-clinvar+pg_dms__cnn__seed43,MSH6,P43246:456:T>E,0,0.27336478
train-clinvar+pg_dms__cnn__seed43,MSH6,P43246:456:T>G,0,0.16196296
train-clinvar+pg_dms__cnn__seed43,MSH6,P43246:456:T>H,0,0.21482371
train-clinvar+pg_dms__cnn__seed43,MSH6,P43246:456:T>I,0,0.40497226
train-clinvar+pg_dms__cnn__seed43,MSH6,P43246:456:T>L,0,0.13476561
train-clinvar+pg_dms__cnn__seed43,MSH6,P43246:456:T>M,0,0.040615443
train-clinvar+pg_dms__cnn__seed43,MSH6,P43246:456:T>N,0,0.060922194
train-clinvar+pg_dms__cnn__seed43,MSH6,P43246:456:T>P,1,0.8362356
train-clinvar+pg_dms__cnn__seed43,MSH6,P43246:456:T>Y,0,0.34099692
train-clinvar+pg_dms__cnn__seed43,MSH6,P43246:456:T>W,0,0.7227735
train-clinvar+pg_dms__cnn__seed43,MSH6,P43246:456:T>V,0,0.20711687
train-clinvar+pg_dms__cnn__seed43,MSH6,P43246:456:T>Q,0,0.11724348
train-clinvar+pg_dms__cnn__seed43,MSH6,P43246:456:T>R,0,0.34677553
train-clinvar+pg_dms__cnn__seed43,MSH6,P43246:456:T>S,0,0.037593767
train-clinvar+pg_dms__cnn__seed43,MSH6,P43246:456:T>C,0,0.08708741
train-clinvar+pg_dms__cnn__seed43,MSH6,P43246:456:T>D,0,0.46008766
train-clinvar+pg_dms__cnn__seed43,MSH6,P43246:461:D>F,0,0.06608465
train-clinvar+pg_dms__cnn__seed43,MSH6,P43246:461:D>A,0,0.017833063
train-clinvar+pg_dms__cnn__seed43,MSH6,P43246:461:D>C,0,0.017475212
train-clinvar+pg_dms__cnn__seed43,MSH6,P43246:461:D>V,0,0.014574133
train-clinvar+pg_dms__cnn__seed43,MSH6,P43246:461:D>H,0,0.01468222
train-clinvar+pg_dms__cnn__seed43,MSH6,P43246:461:D>I,0,0.02071634
train-clinvar+pg_dms__cnn__seed43,MSH6,P43246:461:D>K,0,0.01837593
train-clinvar+pg_dms__cnn__seed43,MSH6,P43246:461:D>L,0,0.026028046
train-clinvar+pg_dms__cnn__seed43,MSH6,P43246:461:D>W,0,0.23955685
train-clinvar+pg_dms__cnn__seed43,MSH6,P43246:461:D>N,0,0.021414591
train-clinvar+pg_dms__cnn__seed43,MSH6,P43246:461:D>P,0,0.13976015
train-clinvar+pg_dms__cnn__seed43,MSH6,P43246:461:D>Q,0,0.010512249
train-clinvar+pg_dms__cnn__seed43,MSH6,P43246:461:D>R,0,0.030474631
train-clinvar+pg_dms__cnn__seed43,MSH6,P43246:461:D>S,0,0.012382351
train-clinvar+pg_dms__cnn__seed43,MSH6,P43246:461:D>Y,0,0.021473391
train-clinvar+pg_dms__cnn__seed43,MSH6,P43246:461:D>T,0,0.012948015
train-clinvar+pg_dms__cnn__seed43,MSH6,P43246:461:D>M,0,0.04932001
train-clinvar+pg_dms__cnn__seed43,MSH6,P43246:464:E>L,0,0.078214005
train-clinvar+pg_dms__cnn__seed43,MSH6,P43246:464:E>A,0,0.007471958
train-clinvar+pg_dms__cnn__seed43,MSH6,P43246:464:E>C,0,0.048412714
train-clinvar+pg_dms__cnn__seed43,MSH6,P43246:464:E>D,0,0.018908618
train-clinvar+pg_dms__cnn__seed43,MSH6,P43246:464:E>F,0,0.18338798
train-clinvar+pg_dms__cnn__seed43,MSH6,P43246:464:E>G,0,0.009682856
train-clinvar+pg_dms__cnn__seed43,MSH6,P43246:464:E>K,0,0.066300586
train-clinvar+pg_dms__cnn__seed43,MSH6,P43246:464:E>Y,0,0.12556635
train-clinvar+pg_dms__cnn__seed43,MSH6,P43246:464:E>H,0,0.045283984
train-clinvar+pg_dms__cnn__seed43,MSH6,P43246:464:E>I,0,0.054956242
train-clinvar+pg_dms__cnn__seed43,MSH6,P43246:464:E>W,0,0.36451432
train-clinvar+pg_dms__cnn__seed43,MSH6,P43246:464:E>N,0,0.01710018
train-clinvar+pg_dms__cnn__seed43,MSH6,P43246:464:E>P,0,0.25142777
train-clinvar+pg_dms__cnn__seed43,MSH6,P43246:464:E>R,0,0.04742834
train-clinvar+pg_dms__cnn__seed43,MSH6,P43246:464:E>S,0,0.008169432
train-clinvar+pg_dms__cnn__seed43,MSH6,P43246:464:E>T,0,0.022830337
train-clinvar+pg_dms__cnn__seed43,MSH6,P43246:464:E>M,0,0.07842435
train-clinvar+pg_dms__cnn__seed43,MSH6,P43246:464:E>V,0,0.028008552
train-clinvar+pg_dms__cnn__seed43,MSH6,P43246:470:V>Q,1,0.9600699
train-clinvar+pg_dms__cnn__seed43,MSH6,P43246:470:V>P,1,0.97765356
train-clinvar+pg_dms__cnn__seed43,MSH6,P43246:470:V>D,1,0.9856909
train-clinvar+pg_dms__cnn__seed43,MSH6,P43246:470:V>F,1,0.96912515
train-clinvar+pg_dms__cnn__seed43,MSH6,P43246:470:V>G,1,0.9650776
train-clinvar+pg_dms__cnn__seed43,MSH6,P43246:470:V>H,1,0.97285664
train-clinvar+pg_dms__cnn__seed43,MSH6,P43246:470:V>K,1,0.97334903
train-clinvar+pg_dms__cnn__seed43,MSH6,P43246:470:V>M,1,0.95902663
train-clinvar+pg_dms__cnn__seed43,MSH6,P43246:470:V>N,1,0.96990436
train-clinvar+pg_dms__cnn__seed43,MSH6,P43246:470:V>Y,1,0.9654313
train-clinvar+pg_dms__cnn__seed43,MSH6,P43246:470:V>W,1,0.9829721
train-clinvar+pg_dms__cnn__seed43,MSH6,P43246:470:V>T,0,0.96163154
train-clinvar+pg_dms__cnn__seed43,MSH6,P43246:470:V>S,1,0.97495586
train-clinvar+pg_dms__cnn__seed43,MSH6,P43246:470:V>R,1,0.97911227
train-clinvar+pg_dms__cnn__seed43,MSH6,P43246:470:V>C,0,0.9157217
train-clinvar+pg_dms__cnn__seed43,MSH6,P43246:470:V>E,1,0.97643846
train-clinvar+pg_dms__cnn__seed43,MSH6,P43246:471:K>E,0,0.726701
train-clinvar+pg_dms__cnn__seed43,MSH6,P43246:471:K>A,0,0.6571554
train-clinvar+pg_dms__cnn__seed43,MSH6,P43246:471:K>T,0,0.6273549
train-clinvar+pg_dms__cnn__seed43,MSH6,P43246:471:K>H,0,0.2456632
train-clinvar+pg_dms__cnn__seed43,MSH6,P43246:471:K>Y,0,0.81311655
train-clinvar+pg_dms__cnn__seed43,MSH6,P43246:471:K>G,0,0.7704559
train-clinvar+pg_dms__cnn__seed43,MSH6,P43246:471:K>I,0,0.62028587
train-clinvar+pg_dms__cnn__seed43,MSH6,P43246:471:K>C,0,0.30835125
train-clinvar+pg_dms__cnn__seed43,MSH6,P43246:471:K>V,0,0.5349218
train-clinvar+pg_dms__cnn__seed43,MSH6,P43246:471:K>W,0,0.85652894
train-clinvar+pg_dms__cnn__seed43,MSH6,P43246:471:K>R,0,0.03872454
train-clinvar+pg_dms__cnn__seed43,MSH6,P43246:471:K>Q,0,0.100181095
train-clinvar+pg_dms__cnn__seed43,MSH6,P43246:471:K>P,0,0.90720636
train-clinvar+pg_dms__cnn__seed43,MSH6,P43246:471:K>N,0,0.72472113
train-clinvar+pg_dms__cnn__seed43,MSH6,P43246:471:K>M,0,0.32571736
train-clinvar+pg_dms__cnn__seed43,MSH6,P43246:471:K>L,0,0.31860137
train-clinvar+pg_dms__cnn__seed43,MSH6,P43246:471:K>S,0,0.7324546
train-clinvar+pg_dms__cnn__seed43,MSH6,P43246:472:P>R,0,0.35496813
train-clinvar+pg_dms__cnn__seed43,MSH6,P43246:472:P>H,0,0.0912268
train-clinvar+pg_dms__cnn__seed43,MSH6,P43246:472:P>M,0,0.27707618
train-clinvar+pg_dms__cnn__seed43,MSH6,P43246:472:P>N,0,0.3718595
train-clinvar+pg_dms__cnn__seed43,MSH6,P43246:472:P>Q,0,0.12196897
train-clinvar+pg_dms__cnn__seed43,MSH6,P43246:472:P>I,0,0.29390636
train-clinvar+pg_dms__cnn__seed43,MSH6,P43246:472:P>A,0,0.009187528
train-clinvar+pg_dms__cnn__seed43,MSH6,P43246:472:P>L,1,0.22757713
train-clinvar+pg_dms__cnn__seed43,MSH6,P43246:472:P>F,0,0.46905595
train-clinvar+pg_dms__cnn__seed43,MSH6,P43246:472:P>T,0,0.027933042
train-clinvar+pg_dms__cnn__seed43,MSH6,P43246:472:P>V,0,0.11933801
train-clinvar+pg_dms__cnn__seed43,MSH6,P43246:472:P>W,0,0.7735785
train-clinvar+pg_dms__cnn__seed43,MSH6,P43246:472:P>S,0,0.008182046
train-clinvar+pg_dms__cnn__seed43,MSH6,P43246:472:P>C,0,0.04895729
train-clinvar+pg_dms__cnn__seed43,MSH6,P43246:472:P>D,0,0.74635714
train-clinvar+pg_dms__cnn__seed43,MSH6,P43246:472:P>E,0,0.43714482
train-clinvar+pg_dms__cnn__seed43,MSH6,P43246:472:P>K,0,0.5756176
train-clinvar+pg_dms__cnn__seed43,MSH6,P43246:472:P>G,0,0.062691644
train-clinvar+pg_dms__cnn__seed43,MSH6,P43246:473:S>D,0,0.15826832
train-clinvar+pg_dms__cnn__seed43,MSH6,P43246:473:S>Y,0,0.1290699
train-clinvar+pg_dms__cnn__seed43,MSH6,P43246:473:S>W,0,0.44996926
train-clinvar+pg_dms__cnn__seed43,MSH6,P43246:473:S>V,0,0.089677125
train-clinvar+pg_dms__cnn__seed43,MSH6,P43246:473:S>T,0,0.03874577
train-clinvar+pg_dms__cnn__seed43,MSH6,P43246:473:S>A,0,0.016559504
train-clinvar+pg_dms__cnn__seed43,MSH6,P43246:473:S>C,0,0.018380575
train-clinvar+pg_dms__cnn__seed43,MSH6,P43246:473:S>E,0,0.22805299
train-clinvar+pg_dms__cnn__seed43,MSH6,P43246:473:S>G,0,0.032106552
train-clinvar+pg_dms__cnn__seed43,MSH6,P43246:473:S>R,0,0.47801802
train-clinvar+pg_dms__cnn__seed43,MSH6,P43246:473:S>Q,0,0.20807816
train-clinvar+pg_dms__cnn__seed43,MSH6,P43246:473:S>P,0,0.48018965
train-clinvar+pg_dms__cnn__seed43,MSH6,P43246:473:S>N,0,0.05271896
train-clinvar+pg_dms__cnn__seed43,MSH6,P43246:473:S>M,0,0.102875985
train-clinvar+pg_dms__cnn__seed43,MSH6,P43246:473:S>L,0,0.10766814
train-clinvar+pg_dms__cnn__seed43,MSH6,P43246:473:S>K,0,0.51591706
train-clinvar+pg_dms__cnn__seed43,MSH6,P43246:473:S>I,0,0.10056284
train-clinvar+pg_dms__cnn__seed43,MSH6,P43246:473:S>H,0,0.19327256
train-clinvar+pg_dms__cnn__seed43,MSH6,P43246:473:S>F,0,0.19789219
train-clinvar+pg_dms__cnn__seed43,MSH6,P43246:483:E>Q,0,0.009600376
train-clinvar+pg_dms__cnn__seed43,MSH6,P43246:483:E>L,0,0.027846854
train-clinvar+pg_dms__cnn__seed43,MSH6,P43246:483:E>K,0,0.012496029
train-clinvar+pg_dms__cnn__seed43,MSH6,P43246:483:E>I,0,0.019009903
train-clinvar+pg_dms__cnn__seed43,MSH6,P43246:483:E>H,1,0.020386063
train-clinvar+pg_dms__cnn__seed43,MSH6,P43246:483:E>G,0,0.014538361
train-clinvar+pg_dms__cnn__seed43,MSH6,P43246:483:E>F,0,0.07621564
train-clinvar+pg_dms__cnn__seed43,MSH6,P43246:483:E>D,0,0.024236124
train-clinvar+pg_dms__cnn__seed43,MSH6,P43246:483:E>C,0,0.021438336
train-clinvar+pg_dms__cnn__seed43,MSH6,P43246:483:E>A,0,0.0080854725
train-clinvar+pg_dms__cnn__seed43,MSH6,P43246:483:E>M,0,0.029053975
train-clinvar+pg_dms__cnn__seed43,MSH6,P43246:483:E>Y,0,0.05792794
train-clinvar+pg_dms__cnn__seed43,MSH6,P43246:483:E>W,0,0.32203937
train-clinvar+pg_dms__cnn__seed43,MSH6,P43246:483:E>V,0,0.016835006
train-clinvar+pg_dms__cnn__seed43,MSH6,P43246:483:E>T,0,0.013979655
train-clinvar+pg_dms__cnn__seed43,MSH6,P43246:483:E>S,0,0.016608544
train-clinvar+pg_dms__cnn__seed43,MSH6,P43246:483:E>R,0,0.030185461
train-clinvar+pg_dms__cnn__seed43,MSH6,P43246:483:E>P,0,0.7737296
train-clinvar+pg_dms__cnn__seed43,MSH6,P43246:489:E>D,0,0.033342764
train-clinvar+pg_dms__cnn__seed43,MSH6,P43246:489:E>K,1,0.14880566
train-clinvar+pg_dms__cnn__seed43,MSH6,P43246:489:E>C,0,0.1470688
train-clinvar+pg_dms__cnn__seed43,MSH6,P43246:489:E>L,0,0.10242263
train-clinvar+pg_dms__cnn__seed43,MSH6,P43246:489:E>M,0,0.2670304
train-clinvar+pg_dms__cnn__seed43,MSH6,P43246:489:E>N,0,0.059227593
train-clinvar+pg_dms__cnn__seed43,MSH6,P43246:489:E>P,0,0.91196394
train-clinvar+pg_dms__cnn__seed43,MSH6,P43246:489:E>Q,0,0.011683028
train-clinvar+pg_dms__cnn__seed43,MSH6,P43246:489:E>R,0,0.16327533
train-clinvar+pg_dms__cnn__seed43,MSH6,P43246:489:E>S,0,0.0393543
train-clinvar+pg_dms__cnn__seed43,MSH6,P43246:489:E>T,0,0.04207271
train-clinvar+pg_dms__cnn__seed43,MSH6,P43246:489:E>V,0,0.07903716
train-clinvar+pg_dms__cnn__seed43,MSH6,P43246:489:E>W,0,0.84945935
train-clinvar+pg_dms__cnn__seed43,MSH6,P43246:489:E>Y,0,0.44930273
train-clinvar+pg_dms__cnn__seed43,MSH6,P43246:489:E>A,0,0.026518278
train-clinvar+pg_dms__cnn__seed43,MSH6,P43246:489:E>G,0,0.01948551
train-clinvar+pg_dms__cnn__seed43,MSH6,P43246:489:E>F,0,0.34307078
train-clinvar+pg_dms__cnn__seed43,MSH6,P43246:489:E>I,0,0.16929618
train-clinvar+pg_dms__cnn__seed43,MSH6,P43246:489:E>H,0,0.11584089
train-clinvar+pg_dms__cnn__seed43,MSH6,P43246:501:R>Q,0,0.021113576
train-clinvar+pg_dms__cnn__seed43,MSH6,P43246:501:R>Y,0,0.16654639
train-clinvar+pg_dms__cnn__seed43,MSH6,P43246:501:R>H,0,0.017619899
train-clinvar+pg_dms__cnn__seed43,MSH6,P43246:501:R>P,0,0.85777646
train-clinvar+pg_dms__cnn__seed43,MSH6,P43246:501:R>M,0,0.21278268
train-clinvar+pg_dms__cnn__seed43,MSH6,P43246:501:R>L,0,0.16314372
train-clinvar+pg_dms__cnn__seed43,MSH6,P43246:501:R>K,0,0.059826687
train-clinvar+pg_dms__cnn__seed43,MSH6,P43246:501:R>I,0,0.22536093
train-clinvar+pg_dms__cnn__seed43,MSH6,P43246:501:R>S,0,0.08096434
train-clinvar+pg_dms__cnn__seed43,MSH6,P43246:501:R>T,0,0.0845079
train-clinvar+pg_dms__cnn__seed43,MSH6,P43246:501:R>W,1,0.18725067
train-clinvar+pg_dms__cnn__seed43,MSH6,P43246:501:R>F,0,0.3748975
train-clinvar+pg_dms__cnn__seed43,MSH6,P43246:501:R>E,0,0.096068196
train-clinvar+pg_dms__cnn__seed43,MSH6,P43246:501:R>D,0,0.18561742
train-clinvar+pg_dms__cnn__seed43,MSH6,P43246:501:R>A,0,0.059627537
train-clinvar+pg_dms__cnn__seed43,MSH6,P43246:501:R>V,0,0.22237402
train-clinvar+pg_dms__cnn__seed43,MSH6,P43246:502:D>S,0,0.011355888
train-clinvar+pg_dms__cnn__seed43,MSH6,P43246:502:D>C,0,0.03376005
train-clinvar+pg_dms__cnn__seed43,MSH6,P43246:502:D>A,0,0.014220005
train-clinvar+pg_dms__cnn__seed43,MSH6,P43246:502:D>E,0,0.020778773
train-clinvar+pg_dms__cnn__seed43,MSH6,P43246:502:D>G,0,0.081491105
train-clinvar+pg_dms__cnn__seed43,MSH6,P43246:502:D>T,0,0.022382459
train-clinvar+pg_dms__cnn__seed43,MSH6,P43246:502:D>W,0,0.6294007
train-clinvar+pg_dms__cnn__seed43,MSH6,P43246:502:D>Y,0,0.024554014
train-clinvar+pg_dms__cnn__seed43,MSH6,P43246:502:D>H,0,0.028743755
train-clinvar+pg_dms__cnn__seed43,MSH6,P43246:502:D>I,0,0.024749445
train-clinvar+pg_dms__cnn__seed43,MSH6,P43246:502:D>Q,0,0.017453661
train-clinvar+pg_dms__cnn__seed43,MSH6,P43246:502:D>P,0,0.8399816
train-clinvar+pg_dms__cnn__seed43,MSH6,P43246:502:D>N,0,0.0117626
train-clinvar+pg_dms__cnn__seed43,MSH6,P43246:502:D>M,0,0.1163897
train-clinvar+pg_dms__cnn__seed43,MSH6,P43246:502:D>L,0,0.062682174
train-clinvar+pg_dms__cnn__seed43,MSH6,P43246:502:D>K,0,0.074749574
train-clinvar+pg_dms__cnn__seed43,MSH6,P43246:502:D>R,0,0.121955946
train-clinvar+pg_dms__cnn__seed43,MSH6,P43246:511:I>N,1,0.9826993
train-clinvar+pg_dms__cnn__seed43,MSH6,P43246:511:I>P,0,0.9912273
train-clinvar+pg_dms__cnn__seed43,MSH6,P43246:511:I>G,1,0.9848359
train-clinvar+pg_dms__cnn__seed43,MSH6,P43246:511:I>L,0,0.032611813
train-clinvar+pg_dms__cnn__seed43,MSH6,P43246:511:I>K,1,0.98615277
train-clinvar+pg_dms__cnn__seed43,MSH6,P43246:511:I>H,1,0.97793865
train-clinvar+pg_dms__cnn__seed43,MSH6,P43246:511:I>F,0,0.67889863
train-clinvar+pg_dms__cnn__seed43,MSH6,P43246:511:I>E,1,0.9900781
train-clinvar+pg_dms__cnn__seed43,MSH6,P43246:511:I>D,1,0.9878734
train-clinvar+pg_dms__cnn__seed43,MSH6,P43246:511:I>C,0,0.7592692
train-clinvar+pg_dms__cnn__seed43,MSH6,P43246:511:I>A,0,0.9416348
train-clinvar+pg_dms__cnn__seed43,MSH6,P43246:511:I>S,1,0.9810627
train-clinvar+pg_dms__cnn__seed43,MSH6,P43246:511:I>R,1,0.98529017
train-clinvar+pg_dms__cnn__seed43,MSH6,P43246:511:I>Y,1,0.9769966
train-clinvar+pg_dms__cnn__seed43,MSH6,P43246:511:I>W,1,0.99016654
train-clinvar+pg_dms__cnn__seed43,MSH6,P43246:511:I>V,0,0.037465777
train-clinvar+pg_dms__cnn__seed43,MSH6,P43246:511:I>T,0,0.9751956
train-clinvar+pg_dms__cnn__seed43,MSH6,P43246:511:I>Q,1,0.9818376
train-clinvar+pg_dms__cnn__seed43,MSH6,P43246:519:F>V,0,0.03385948
train-clinvar+pg_dms__cnn__seed43,MSH6,P43246:519:F>R,0,0.36656895
train-clinvar+pg_dms__cnn__seed43,MSH6,P43246:519:F>W,0,0.07235198
train-clinvar+pg_dms__cnn__seed43,MSH6,P43246:519:F>Y,0,0.024961004
train-clinvar+pg_dms__cnn__seed43,MSH6,P43246:519:F>Q,0,0.1408808
train-clinvar+pg_dms__cnn__seed43,MSH6,P43246:519:F>P,0,0.8716227
train-clinvar+pg_dms__cnn__seed43,MSH6,P43246:519:F>N,0,0.06876388
train-clinvar+pg_dms__cnn__seed43,MSH6,P43246:519:F>M,0,0.060889613
train-clinvar+pg_dms__cnn__seed43,MSH6,P43246:519:F>L,0,0.20550579
train-clinvar+pg_dms__cnn__seed43,MSH6,P43246:519:F>K,0,0.32754743
train-clinvar+pg_dms__cnn__seed43,MSH6,P43246:519:F>I,0,0.04091344
train-clinvar+pg_dms__cnn__seed43,MSH6,P43246:519:F>H,0,0.02581945
train-clinvar+pg_dms__cnn__seed43,MSH6,P43246:519:F>G,0,0.19315696
train-clinvar+pg_dms__cnn__seed43,MSH6,P43246:519:F>E,0,0.42807207
train-clinvar+pg_dms__cnn__seed43,MSH6,P43246:519:F>D,0,0.50044835
train-clinvar+pg_dms__cnn__seed43,MSH6,P43246:519:F>A,0,0.02500666
train-clinvar+pg_dms__cnn__seed43,MSH6,P43246:519:F>T,0,0.05661848
train-clinvar+pg_dms__cnn__seed43,MSH6,P43246:519:F>S,0,0.027667178
train-clinvar+pg_dms__cnn__seed43,MSH6,P43246:523:F>Y,0,0.2875953
train-clinvar+pg_dms__cnn__seed43,MSH6,P43246:523:F>W,0,0.98505425
train-clinvar+pg_dms__cnn__seed43,MSH6,P43246:523:F>V,1,0.96107626
train-clinvar+pg_dms__cnn__seed43,MSH6,P43246:523:F>T,1,0.9845553
train-clinvar+pg_dms__cnn__seed43,MSH6,P43246:523:F>R,1,0.9939423
train-clinvar+pg_dms__cnn__seed43,MSH6,P43246:523:F>Q,1,0.9900427
train-clinvar+pg_dms__cnn__seed43,MSH6,P43246:523:F>P,1,0.99637896
train-clinvar+pg_dms__cnn__seed43,MSH6,P43246:523:F>M,0,0.75658166
train-clinvar+pg_dms__cnn__seed43,MSH6,P43246:523:F>N,1,0.99205786
train-clinvar+pg_dms__cnn__seed43,MSH6,P43246:523:F>A,1,0.9882613
train-clinvar+pg_dms__cnn__seed43,MSH6,P43246:523:F>D,1,0.9957819
train-clinvar+pg_dms__cnn__seed43,MSH6,P43246:523:F>E,1,0.9929757
train-clinvar+pg_dms__cnn__seed43,MSH6,P43246:523:F>C,0,0.9051812
train-clinvar+pg_dms__cnn__seed43,MSH6,P43246:523:F>H,1,0.99144566
train-clinvar+pg_dms__cnn__seed43,MSH6,P43246:523:F>I,1,0.9392724
train-clinvar+pg_dms__cnn__seed43,MSH6,P43246:523:F>K,1,0.99388665
train-clinvar+pg_dms__cnn__seed43,MSH6,P43246:523:F>L,0,0.9416233
train-clinvar+pg_dms__cnn__seed43,MSH6,P43246:523:F>G,1,0.9912102
train-clinvar+pg_dms__cnn__seed43,MSH6,P43246:532:V>D,0,0.29204702
train-clinvar+pg_dms__cnn__seed43,MSH6,P43246:532:V>K,0,0.25490436
train-clinvar+pg_dms__cnn__seed43,MSH6,P43246:532:V>G,0,0.0122102825
train-clinvar+pg_dms__cnn__seed43,MSH6,P43246:532:V>F,0,0.021906454
train-clinvar+pg_dms__cnn__seed43,MSH6,P43246:532:V>A,0,0.018569723
train-clinvar+pg_dms__cnn__seed43,MSH6,P43246:532:V>C,0,0.033222873
train-clinvar+pg_dms__cnn__seed43,MSH6,P43246:532:V>E,0,0.19074808
train-clinvar+pg_dms__cnn__seed43,MSH6,P43246:532:V>Y,0,0.0785844
train-clinvar+pg_dms__cnn__seed43,MSH6,P43246:532:V>W,0,0.79458296
train-clinvar+pg_dms__cnn__seed43,MSH6,P43246:532:V>L,0,0.018694736
train-clinvar+pg_dms__cnn__seed43,MSH6,P43246:532:V>M,0,0.016048653
train-clinvar+pg_dms__cnn__seed43,MSH6,P43246:532:V>N,0,0.019428235
train-clinvar+pg_dms__cnn__seed43,MSH6,P43246:532:V>P,0,0.27511227
train-clinvar+pg_dms__cnn__seed43,MSH6,P43246:532:V>T,0,0.012911489
train-clinvar+pg_dms__cnn__seed43,MSH6,P43246:532:V>S,0,0.00724485
train-clinvar+pg_dms__cnn__seed43,MSH6,P43246:532:V>Q,0,0.047086295
train-clinvar+pg_dms__cnn__seed43,MSH6,P43246:532:V>R,0,0.25059798
train-clinvar+pg_dms__cnn__seed43,MSH6,P43246:547:N>Y,0,0.22570676
train-clinvar+pg_dms__cnn__seed43,MSH6,P43246:547:N>W,0,0.67395324
train-clinvar+pg_dms__cnn__seed43,MSH6,P43246:547:N>V,0,0.39793023
train-clinvar+pg_dms__cnn__seed43,MSH6,P43246:547:N>T,0,0.086829096
train-clinvar+pg_dms__cnn__seed43,MSH6,P43246:547:N>S,0,0.0598619
train-clinvar+pg_dms__cnn__seed43,MSH6,P43246:547:N>R,0,0.6826665
train-clinvar+pg_dms__cnn__seed43,MSH6,P43246:547:N>E,1,0.64860165
train-clinvar+pg_dms__cnn__seed43,MSH6,P43246:547:N>P,1,0.709541
train-clinvar+pg_dms__cnn__seed43,MSH6,P43246:547:N>C,0,0.10646564
train-clinvar+pg_dms__cnn__seed43,MSH6,P43246:547:N>L,0,0.2924543
train-clinvar+pg_dms__cnn__seed43,MSH6,P43246:547:N>K,0,0.6829661
train-clinvar+pg_dms__cnn__seed43,MSH6,P43246:547:N>I,0,0.42212677
train-clinvar+pg_dms__cnn__seed43,MSH6,P43246:547:N>H,0,0.2371972
train-clinvar+pg_dms__cnn__seed43,MSH6,P43246:547:N>G,0,0.06760538
train-clinvar+pg_dms__cnn__seed43,MSH6,P43246:547:N>F,0,0.5344985
train-clinvar+pg_dms__cnn__seed43,MSH6,P43246:547:N>A,0,0.12948734
train-clinvar+pg_dms__cnn__seed43,MSH6,P43246:547:N>M,0,0.37678552
train-clinvar+pg_dms__cnn__seed43,MSH6,P43246:547:N>Q,0,0.4883428
train-clinvar+pg_dms__cnn__seed43,MSH6,P43246:550:K>S,1,0.9821279
train-clinvar+pg_dms__cnn__seed43,MSH6,P43246:550:K>T,0,0.9768679
train-clinvar+pg_dms__cnn__seed43,MSH6,P43246:550:K>V,0,0.9694072
train-clinvar+pg_dms__cnn__seed43,MSH6,P43246:550:K>W,0,0.9865681
train-clinvar+pg_dms__cnn__seed43,MSH6,P43246:550:K>Y,0,0.96784925
train-clinvar+pg_dms__cnn__seed43,MSH6,P43246:550:K>F,0,0.9824467
train-clinvar+pg_dms__cnn__seed43,MSH6,P43246:550:K>R,0,0.055788834
train-clinvar+pg_dms__cnn__seed43,MSH6,P43246:550:K>Q,0,0.8305994
train-clinvar+pg_dms__cnn__seed43,MSH6,P43246:550:K>G,1,0.9799566
train-clinvar+pg_dms__cnn__seed43,MSH6,P43246:550:K>N,0,0.9842672
train-clinvar+pg_dms__cnn__seed43,MSH6,P43246:550:K>M,0,0.96347135
train-clinvar+pg_dms__cnn__seed43,MSH6,P43246:550:K>L,0,0.93638045
train-clinvar+pg_dms__cnn__seed43,MSH6,P43246:550:K>I,0,0.9726906
train-clinvar+pg_dms__cnn__seed43,MSH6,P43246:550:K>A,0,0.968094
train-clinvar+pg_dms__cnn__seed43,MSH6,P43246:550:K>C,0,0.81971294
train-clinvar+pg_dms__cnn__seed43,MSH6,P43246:550:K>D,1,0.99149346
train-clinvar+pg_dms__cnn__seed43,MSH6,P43246:550:K>E,1,0.9859119
train-clinvar+pg_dms__cnn__seed43,MSH6,P43246:550:K>P,1,0.9913332
train-clinvar+pg_dms__cnn__seed43,MSH6,P43246:550:K>H,0,0.802624
train-clinvar+pg_dms__cnn__seed43,MSH6,P43246:558:S>V,0,0.052946854
train-clinvar+pg_dms__cnn__seed43,MSH6,P43246:558:S>W,0,0.1690775
train-clinvar+pg_dms__cnn__seed43,MSH6,P43246:558:S>A,0,0.018966043
train-clinvar+pg_dms__cnn__seed43,MSH6,P43246:558:S>C,0,0.011504271
train-clinvar+pg_dms__cnn__seed43,MSH6,P43246:558:S>D,0,0.11680363
train-clinvar+pg_dms__cnn__seed43,MSH6,P43246:558:S>Y,0,0.09173912
train-clinvar+pg_dms__cnn__seed43,MSH6,P43246:558:S>E,0,0.12534949
train-clinvar+pg_dms__cnn__seed43,MSH6,P43246:558:S>F,0,0.09983072
train-clinvar+pg_dms__cnn__seed43,MSH6,P43246:558:S>G,0,0.044003975
train-clinvar+pg_dms__cnn__seed43,MSH6,P43246:558:S>I,0,0.042196903
train-clinvar+pg_dms__cnn__seed43,MSH6,P43246:558:S>H,0,0.0469455
train-clinvar+pg_dms__cnn__seed43,MSH6,P43246:558:S>L,0,0.049102414
train-clinvar+pg_dms__cnn__seed43,MSH6,P43246:558:S>Q,0,0.073144056
train-clinvar+pg_dms__cnn__seed43,MSH6,P43246:558:S>K,0,0.112974115
train-clinvar+pg_dms__cnn__seed43,MSH6,P43246:558:S>P,0,0.7991173
train-clinvar+pg_dms__cnn__seed43,MSH6,P43246:558:S>R,0,0.17807917
train-clinvar+pg_dms__cnn__seed43,MSH6,P43246:558:S>T,0,0.09891723
train-clinvar+pg_dms__cnn__seed43,MSH6,P43246:558:S>M,0,0.07210236
train-clinvar+pg_dms__cnn__seed43,MSH6,P43246:558:S>N,0,0.034687698
train-clinvar+pg_dms__cnn__seed43,MSH6,P43246:561:E>F,0,0.32025635
train-clinvar+pg_dms__cnn__seed43,MSH6,P43246:561:E>C,0,0.14330304
train-clinvar+pg_dms__cnn__seed43,MSH6,P43246:561:E>Y,0,0.19088021
train-clinvar+pg_dms__cnn__seed43,MSH6,P43246:561:E>W,0,0.6539621
train-clinvar+pg_dms__cnn__seed43,MSH6,P43246:561:E>V,0,0.04464196
train-clinvar+pg_dms__cnn__seed43,MSH6,P43246:561:E>S,0,0.029875547
train-clinvar+pg_dms__cnn__seed43,MSH6,P43246:561:E>R,0,0.10172307
train-clinvar+pg_dms__cnn__seed43,MSH6,P43246:561:E>Q,0,0.024938509
train-clinvar+pg_dms__cnn__seed43,MSH6,P43246:561:E>P,0,0.8889535
train-clinvar+pg_dms__cnn__seed43,MSH6,P43246:561:E>N,0,0.04507863
train-clinvar+pg_dms__cnn__seed43,MSH6,P43246:561:E>M,0,0.09125542
train-clinvar+pg_dms__cnn__seed43,MSH6,P43246:561:E>T,0,0.03138257
train-clinvar+pg_dms__cnn__seed43,MSH6,P43246:561:E>L,0,0.082510605
train-clinvar+pg_dms__cnn__seed43,MSH6,P43246:561:E>G,0,0.066448405
train-clinvar+pg_dms__cnn__seed43,MSH6,P43246:561:E>A,0,0.014780088
train-clinvar+pg_dms__cnn__seed43,MSH6,P43246:561:E>D,0,0.06510544
train-clinvar+pg_dms__cnn__seed43,MSH6,P43246:561:E>H,0,0.11018679
train-clinvar+pg_dms__cnn__seed43,MSH6,P43246:561:E>I,0,0.07970057
train-clinvar+pg_dms__cnn__seed43,MSH6,P43246:561:E>K,0,0.09538651
train-clinvar+pg_dms__cnn__seed43,MSH6,P43246:564:T>S,0,0.016029224
train-clinvar+pg_dms__cnn__seed43,MSH6,P43246:564:T>R,0,0.031891413
train-clinvar+pg_dms__cnn__seed43,MSH6,P43246:564:T>Q,0,0.018983342
train-clinvar+pg_dms__cnn__seed43,MSH6,P43246:564:T>P,1,0.83384687
train-clinvar+pg_dms__cnn__seed43,MSH6,P43246:564:T>M,0,0.022337798
train-clinvar+pg_dms__cnn__seed43,MSH6,P43246:564:T>L,0,0.014998734
train-clinvar+pg_dms__cnn__seed43,MSH6,P43246:564:T>I,0,0.019747552
train-clinvar+pg_dms__cnn__seed43,MSH6,P43246:564:T>F,0,0.02178953
train-clinvar+pg_dms__cnn__seed43,MSH6,P43246:564:T>G,0,0.023241173
train-clinvar+pg_dms__cnn__seed43,MSH6,P43246:564:T>E,0,0.06532995
train-clinvar+pg_dms__cnn__seed43,MSH6,P43246:564:T>D,0,0.118258916
train-clinvar+pg_dms__cnn__seed43,MSH6,P43246:564:T>Y,0,0.0332151
train-clinvar+pg_dms__cnn__seed43,MSH6,P43246:564:T>W,0,0.17268959
train-clinvar+pg_dms__cnn__seed43,MSH6,P43246:564:T>H,0,0.024286479
train-clinvar+pg_dms__cnn__seed43,MSH6,P43246:564:T>V,0,0.023010395
train-clinvar+pg_dms__cnn__seed43,MSH6,P43246:564:T>N,0,0.029944295
train-clinvar+pg_dms__cnn__seed43,MSH6,P43246:575:D>A,0,0.0062566744
train-clinvar+pg_dms__cnn__seed43,MSH6,P43246:575:D>C,0,0.013280529
train-clinvar+pg_dms__cnn__seed43,MSH6,P43246:575:D>G,0,0.05719149
train-clinvar+pg_dms__cnn__seed43,MSH6,P43246:575:D>F,0,0.061914776
train-clinvar+pg_dms__cnn__seed43,MSH6,P43246:575:D>T,0,0.01463322
train-clinvar+pg_dms__cnn__seed43,MSH6,P43246:575:D>I,0,0.022760827
train-clinvar+pg_dms__cnn__seed43,MSH6,P43246:575:D>K,0,0.035356257
train-clinvar+pg_dms__cnn__seed43,MSH6,P43246:575:D>L,0,0.021348735
train-clinvar+pg_dms__cnn__seed43,MSH6,P43246:575:D>M,0,0.06819226
train-clinvar+pg_dms__cnn__seed43,MSH6,P43246:575:D>N,0,0.015522779
train-clinvar+pg_dms__cnn__seed43,MSH6,P43246:575:D>P,1,0.8443551
train-clinvar+pg_dms__cnn__seed43,MSH6,P43246:575:D>Q,0,0.017087536
train-clinvar+pg_dms__cnn__seed43,MSH6,P43246:575:D>R,0,0.05940633
train-clinvar+pg_dms__cnn__seed43,MSH6,P43246:575:D>S,0,0.008294135
train-clinvar+pg_dms__cnn__seed43,MSH6,P43246:575:D>V,0,0.048900396
train-clinvar+pg_dms__cnn__seed43,MSH6,P43246:575:D>W,0,0.5544201
train-clinvar+pg_dms__cnn__seed43,MSH6,P43246:575:D>H,0,0.008863706
train-clinvar+pg_dms__cnn__seed43,MSH6,P43246:579:K>N,0,0.14053963
train-clinvar+pg_dms__cnn__seed43,MSH6,P43246:579:K>T,0,0.118530616
train-clinvar+pg_dms__cnn__seed43,MSH6,P43246:579:K>V,0,0.10873652
train-clinvar+pg_dms__cnn__seed43,MSH6,P43246:579:K>S,0,0.120774716
train-clinvar+pg_dms__cnn__seed43,MSH6,P43246:579:K>R,0,0.0106548825
train-clinvar+pg_dms__cnn__seed43,MSH6,P43246:579:K>W,0,0.5273195
train-clinvar+pg_dms__cnn__seed43,MSH6,P43246:579:K>M,0,0.06654193
train-clinvar+pg_dms__cnn__seed43,MSH6,P43246:579:K>Q,0,0.013159076
train-clinvar+pg_dms__cnn__seed43,MSH6,P43246:579:K>I,0,0.19094336
train-clinvar+pg_dms__cnn__seed43,MSH6,P43246:579:K>A,0,0.07731428
train-clinvar+pg_dms__cnn__seed43,MSH6,P43246:579:K>C,0,0.087101646
train-clinvar+pg_dms__cnn__seed43,MSH6,P43246:579:K>F,0,0.43930146
train-clinvar+pg_dms__cnn__seed43,MSH6,P43246:579:K>G,0,0.11832553
train-clinvar+pg_dms__cnn__seed43,MSH6,P43246:579:K>H,0,0.0414529
train-clinvar+pg_dms__cnn__seed43,MSH6,P43246:579:K>L,0,0.11271864
train-clinvar+pg_dms__cnn__seed43,MSH6,P43246:579:K>P,1,0.9128306
train-clinvar+pg_dms__cnn__seed43,MSH6,P43246:582:V>Y,0,0.95840245
train-clinvar+pg_dms__cnn__seed43,MSH6,P43246:582:V>M,0,0.043699536
train-clinvar+pg_dms__cnn__seed43,MSH6,P43246:582:V>T,1,0.33641595
train-clinvar+pg_dms__cnn__seed43,MSH6,P43246:582:V>S,0,0.8018953
train-clinvar+pg_dms__cnn__seed43,MSH6,P43246:582:V>R,0,0.96176606
train-clinvar+pg_dms__cnn__seed43,MSH6,P43246:582:V>Q,0,0.8432122
train-clinvar+pg_dms__cnn__seed43,MSH6,P43246:582:V>P,1,0.99651897
train-clinvar+pg_dms__cnn__seed43,MSH6,P43246:582:V>W,0,0.99374783
train-clinvar+pg_dms__cnn__seed43,MSH6,P43246:582:V>K,0,0.972041
train-clinvar+pg_dms__cnn__seed43,MSH6,P43246:582:V>H,0,0.9356696
train-clinvar+pg_dms__cnn__seed43,MSH6,P43246:582:V>G,0,0.75022024
train-clinvar+pg_dms__cnn__seed43,MSH6,P43246:582:V>E,0,0.9892006
train-clinvar+pg_dms__cnn__seed43,MSH6,P43246:582:V>C,0,0.19323188
train-clinvar+pg_dms__cnn__seed43,MSH6,P43246:582:V>A,0,0.5271787
train-clinvar+pg_dms__cnn__seed43,MSH6,P43246:583:N>D,0,0.10067199
train-clinvar+pg_dms__cnn__seed43,MSH6,P43246:583:N>L,0,0.019710477
train-clinvar+pg_dms__cnn__seed43,MSH6,P43246:583:N>E,0,0.110044606
train-clinvar+pg_dms__cnn__seed43,MSH6,P43246:583:N>F,0,0.0578788
train-clinvar+pg_dms__cnn__seed43,MSH6,P43246:583:N>G,0,0.01918113
train-clinvar+pg_dms__cnn__seed43,MSH6,P43246:583:N>H,0,0.008516133
train-clinvar+pg_dms__cnn__seed43,MSH6,P43246:583:N>I,0,0.0810889
train-clinvar+pg_dms__cnn__seed43,MSH6,P43246:583:N>K,0,0.055397034
train-clinvar+pg_dms__cnn__seed43,MSH6,P43246:583:N>M,0,0.04339694
train-clinvar+pg_dms__cnn__seed43,MSH6,P43246:583:N>A,0,0.0064659617
train-clinvar+pg_dms__cnn__seed43,MSH6,P43246:583:N>Q,0,0.029741257
train-clinvar+pg_dms__cnn__seed43,MSH6,P43246:583:N>R,0,0.062245972
train-clinvar+pg_dms__cnn__seed43,MSH6,P43246:583:N>S,0,0.064238496
train-clinvar+pg_dms__cnn__seed43,MSH6,P43246:583:N>V,0,0.03415072
train-clinvar+pg_dms__cnn__seed43,MSH6,P43246:583:N>W,0,0.40330172
train-clinvar+pg_dms__cnn__seed43,MSH6,P43246:583:N>Y,0,0.017663805
train-clinvar+pg_dms__cnn__seed43,MSH6,P43246:583:N>C,0,0.0034728795
train-clinvar+pg_dms__cnn__seed43,MSH6,P43246:583:N>P,1,0.8629146
train-clinvar+pg_dms__cnn__seed43,MSH6,P43246:584:I>K,0,0.7826352
train-clinvar+pg_dms__cnn__seed43,MSH6,P43246:584:I>H,0,0.6844
train-clinvar+pg_dms__cnn__seed43,MSH6,P43246:584:I>G,0,0.82092386
train-clinvar+pg_dms__cnn__seed43,MSH6,P43246:584:I>F,0,0.71669453
train-clinvar+pg_dms__cnn__seed43,MSH6,P43246:584:I>A,0,0.5306812
train-clinvar+pg_dms__cnn__seed43,MSH6,P43246:584:I>L,0,0.6563216
train-clinvar+pg_dms__cnn__seed43,MSH6,P43246:584:I>M,0,0.75270784
train-clinvar+pg_dms__cnn__seed43,MSH6,P43246:584:I>P,0,0.91969985
train-clinvar+pg_dms__cnn__seed43,MSH6,P43246:584:I>Q,0,0.7511459
train-clinvar+pg_dms__cnn__seed43,MSH6,P43246:584:I>R,0,0.8543609
train-clinvar+pg_dms__cnn__seed43,MSH6,P43246:584:I>N,0,0.78862995
train-clinvar+pg_dms__cnn__seed43,MSH6,P43246:584:I>T,0,0.7438942
train-clinvar+pg_dms__cnn__seed43,MSH6,P43246:584:I>W,0,0.891447
train-clinvar+pg_dms__cnn__seed43,MSH6,P43246:584:I>Y,0,0.75234497
train-clinvar+pg_dms__cnn__seed43,MSH6,P43246:584:I>E,0,0.865459
train-clinvar+pg_dms__cnn__seed43,MSH6,P43246:584:I>D,0,0.8713717
train-clinvar+pg_dms__cnn__seed43,MSH6,P43246:584:I>C,0,0.24954373
train-clinvar+pg_dms__cnn__seed43,MSH6,P43246:584:I>S,0,0.71996707
train-clinvar+pg_dms__cnn__seed43,MSH6,P43246:588:Y>A,0,0.91114247
train-clinvar+pg_dms__cnn__seed43,MSH6,P43246:588:Y>V,0,0.92831594
train-clinvar+pg_dms__cnn__seed43,MSH6,P43246:588:Y>P,1,0.9727179
train-clinvar+pg_dms__cnn__seed43,MSH6,P43246:588:Y>Q,0,0.9117098
train-clinvar+pg_dms__cnn__seed43,MSH6,P43246:588:Y>S,0,0.9023288
train-clinvar+pg_dms__cnn__seed43,MSH6,P43246:588:Y>R,0,0.94860685
train-clinvar+pg_dms__cnn__seed43,MSH6,P43246:588:Y>I,1,0.9100507
train-clinvar+pg_dms__cnn__seed43,MSH6,P43246:588:Y>G,0,0.9206158
train-clinvar+pg_dms__cnn__seed43,MSH6,P43246:588:Y>T,0,0.91570204
train-clinvar+pg_dms__cnn__seed43,MSH6,P43246:588:Y>E,0,0.90446794
train-clinvar+pg_dms__cnn__seed43,MSH6,P43246:588:Y>D,0,0.9416519
train-clinvar+pg_dms__cnn__seed43,MSH6,P43246:588:Y>C,0,0.6425412
train-clinvar+pg_dms__cnn__seed43,MSH6,P43246:588:Y>K,0,0.9474346
train-clinvar+pg_dms__cnn__seed43,MSH6,P43246:588:Y>F,0,0.10686476
train-clinvar+pg_dms__cnn__seed43,MSH6,P43246:588:Y>N,0,0.88575554
train-clinvar+pg_dms__cnn__seed43,MSH6,P43246:588:Y>W,0,0.886104
train-clinvar+pg_dms__cnn__seed43,MSH6,P43246:588:Y>M,0,0.9208083
train-clinvar+pg_dms__cnn__seed43,MSH6,P43246:588:Y>L,0,0.8516843
train-clinvar+pg_dms__cnn__seed43,MSH6,P43246:598:V>H,0,0.44630522
train-clinvar+pg_dms__cnn__seed43,MSH6,P43246:598:V>Y,0,0.19560994
train-clinvar+pg_dms__cnn__seed43,MSH6,P43246:598:V>W,1,0.97426695
train-clinvar+pg_dms__cnn__seed43,MSH6,P43246:598:V>T,0,0.034538094
train-clinvar+pg_dms__cnn__seed43,MSH6,P43246:598:V>S,0,0.03610546
train-clinvar+pg_dms__cnn__seed43,MSH6,P43246:598:V>G,0,0.03924645
train-clinvar+pg_dms__cnn__seed43,MSH6,P43246:598:V>Q,0,0.12102091
train-clinvar+pg_dms__cnn__seed43,MSH6,P43246:598:V>A,0,0.02166205
train-clinvar+pg_dms__cnn__seed43,MSH6,P43246:598:V>D,0,0.47262475
train-clinvar+pg_dms__cnn__seed43,MSH6,P43246:598:V>E,0,0.31038567
train-clinvar+pg_dms__cnn__seed43,MSH6,P43246:598:V>F,0,0.037892878
train-clinvar+pg_dms__cnn__seed43,MSH6,P43246:598:V>I,0,0.013364148
train-clinvar+pg_dms__cnn__seed43,MSH6,P43246:598:V>C,0,0.038108394
train-clinvar+pg_dms__cnn__seed43,MSH6,P43246:598:V>R,0,0.3473087
train-clinvar+pg_dms__cnn__seed43,MSH6,P43246:598:V>L,0,0.019810008
train-clinvar+pg_dms__cnn__seed43,MSH6,P43246:598:V>M,0,0.06569447
train-clinvar+pg_dms__cnn__seed43,MSH6,P43246:598:V>N,0,0.06935683
train-clinvar+pg_dms__cnn__seed43,MSH6,P43246:598:V>P,0,0.9892134
train-clinvar+pg_dms__cnn__seed43,MSH6,P43246:598:V>K,0,0.45360667
train-clinvar+pg_dms__cnn__seed43,MSH6,P43246:599:L>P,1,0.99438524
train-clinvar+pg_dms__cnn__seed43,MSH6,P43246:599:L>N,0,0.9713855
train-clinvar+pg_dms__cnn__seed43,MSH6,P43246:599:L>M,0,0.02980686
train-clinvar+pg_dms__cnn__seed43,MSH6,P43246:599:L>K,0,0.9813943
train-clinvar+pg_dms__cnn__seed43,MSH6,P43246:599:L>I,0,0.016755298
train-clinvar+pg_dms__cnn__seed43,MSH6,P43246:599:L>Q,0,0.911787
train-clinvar+pg_dms__cnn__seed43,MSH6,P43246:599:L>R,1,0.9853254
train-clinvar+pg_dms__cnn__seed43,MSH6,P43246:599:L>S,0,0.72072095
train-clinvar+pg_dms__cnn__seed43,MSH6,P43246:599:L>A,0,0.092356004
train-clinvar+pg_dms__cnn__seed43,MSH6,P43246:599:L>T,0,0.07235051
train-clinvar+pg_dms__cnn__seed43,MSH6,P43246:599:L>W,0,0.91899747
train-clinvar+pg_dms__cnn__seed43,MSH6,P43246:599:L>G,0,0.94232243
train-clinvar+pg_dms__cnn__seed43,MSH6,P43246:599:L>F,0,0.041616578
train-clinvar+pg_dms__cnn__seed43,MSH6,P43246:599:L>E,0,0.9878258
train-clinvar+pg_dms__cnn__seed43,MSH6,P43246:599:L>D,1,0.9955271
train-clinvar+pg_dms__cnn__seed43,MSH6,P43246:599:L>C,0,0.09506177
train-clinvar+pg_dms__cnn__seed43,MSH6,P43246:599:L>H,0,0.94490325
train-clinvar+pg_dms__cnn__seed43,MSH6,P43246:599:L>V,0,0.028277948
train-clinvar+pg_dms__cnn__seed43,MSH6,P43246:602:L>F,0,0.53110945
train-clinvar+pg_dms__cnn__seed43,MSH6,P43246:602:L>R,1,0.99801105
train-clinvar+pg_dms__cnn__seed43,MSH6,P43246:602:L>H,1,0.9891446
train-clinvar+pg_dms__cnn__seed43,MSH6,P43246:602:L>I,0,0.019573998
train-clinvar+pg_dms__cnn__seed43,MSH6,P43246:602:L>K,1,0.99635255
train-clinvar+pg_dms__cnn__seed43,MSH6,P43246:602:L>M,0,0.02791501
train-clinvar+pg_dms__cnn__seed43,MSH6,P43246:602:L>N,1,0.99507844
train-clinvar+pg_dms__cnn__seed43,MSH6,P43246:602:L>Q,0,0.9902616
train-clinvar+pg_dms__cnn__seed43,MSH6,P43246:602:L>S,0,0.9891549
train-clinvar+pg_dms__cnn__seed43,MSH6,P43246:602:L>T,0,0.6394685
train-clinvar+pg_dms__cnn__seed43,MSH6,P43246:602:L>V,0,0.109102994
train-clinvar+pg_dms__cnn__seed43,MSH6,P43246:602:L>W,0,0.99624985
train-clinvar+pg_dms__cnn__seed43,MSH6,P43246:602:L>E,1,0.9965442
train-clinvar+pg_dms__cnn__seed43,MSH6,P43246:602:L>D,1,0.99837315
train-clinvar+pg_dms__cnn__seed43,MSH6,P43246:602:L>C,0,0.4836174
train-clinvar+pg_dms__cnn__seed43,MSH6,P43246:602:L>A,0,0.6706069
train-clinvar+pg_dms__cnn__seed43,MSH6,P43246:602:L>G,0,0.99490464
train-clinvar+pg_dms__cnn__seed43,MSH6,P43246:603:D>C,1,0.7981125
train-clinvar+pg_dms__cnn__seed43,MSH6,P43246:603:D>E,1,0.9920128
train-clinvar+pg_dms__cnn__seed43,MSH6,P43246:603:D>W,1,0.9945859
train-clinvar+pg_dms__cnn__seed43,MSH6,P43246:603:D>R,1,0.9948255
train-clinvar+pg_dms__cnn__seed43,MSH6,P43246:603:D>Q,1,0.9820448
train-clinvar+pg_dms__cnn__seed43,MSH6,P43246:603:D>P,1,0.99651587
train-clinvar+pg_dms__cnn__seed43,MSH6,P43246:603:D>S,0,0.9870745
train-clinvar+pg_dms__cnn__seed43,MSH6,P43246:603:D>T,1,0.97639877
train-clinvar+pg_dms__cnn__seed43,MSH6,P43246:603:D>M,1,0.9909644
train-clinvar+pg_dms__cnn__seed43,MSH6,P43246:603:D>F,1,0.98555297
train-clinvar+pg_dms__cnn__seed43,MSH6,P43246:603:D>A,0,0.9646596
train-clinvar+pg_dms__cnn__seed43,MSH6,P43246:603:D>I,1,0.98279196
train-clinvar+pg_dms__cnn__seed43,MSH6,P43246:603:D>K,1,0.991297
train-clinvar+pg_dms__cnn__seed43,MSH6,P43246:603:D>L,1,0.98798186
train-clinvar+pg_dms__cnn__seed43,MSH6,P43246:603:D>H,1,0.9889087
train-clinvar+pg_dms__cnn__seed43,MSH6,P43246:604:A>W,1,0.988741
train-clinvar+pg_dms__cnn__seed43,MSH6,P43246:604:A>P,1,0.989767
train-clinvar+pg_dms__cnn__seed43,MSH6,P43246:604:A>V,0,0.051730037
train-clinvar+pg_dms__cnn__seed43,MSH6,P43246:604:A>T,0,0.12573808
train-clinvar+pg_dms__cnn__seed43,MSH6,P43246:604:A>S,0,0.03395177
train-clinvar+pg_dms__cnn__seed43,MSH6,P43246:604:A>R,1,0.98703617
train-clinvar+pg_dms__cnn__seed43,MSH6,P43246:604:A>Q,1,0.98406065
train-clinvar+pg_dms__cnn__seed43,MSH6,P43246:604:A>N,1,0.9829692
train-clinvar+pg_dms__cnn__seed43,MSH6,P43246:604:A>H,1,0.98145616
train-clinvar+pg_dms__cnn__seed43,MSH6,P43246:604:A>L,0,0.76456803
train-clinvar+pg_dms__cnn__seed43,MSH6,P43246:604:A>K,1,0.9913703
train-clinvar+pg_dms__cnn__seed43,MSH6,P43246:604:A>I,0,0.49962157
train-clinvar+pg_dms__cnn__seed43,MSH6,P43246:604:A>Y,1,0.9796188
train-clinvar+pg_dms__cnn__seed43,MSH6,P43246:604:A>F,1,0.98661256
train-clinvar+pg_dms__cnn__seed43,MSH6,P43246:604:A>E,1,0.97688735
train-clinvar+pg_dms__cnn__seed43,MSH6,P43246:604:A>C,0,0.12997767
train-clinvar+pg_dms__cnn__seed43,MSH6,P43246:604:A>M,0,0.8235073
train-clinvar+pg_dms__cnn__seed43,MSH6,P43246:623:A>W,0,0.20035821
train-clinvar+pg_dms__cnn__seed43,MSH6,P43246:623:A>F,0,0.044880893
train-clinvar+pg_dms__cnn__seed43,MSH6,P43246:623:A>G,0,0.07737848
train-clinvar+pg_dms__cnn__seed43,MSH6,P43246:623:A>H,0,0.03979895
train-clinvar+pg_dms__cnn__seed43,MSH6,P43246:623:A>I,0,0.033588864
train-clinvar+pg_dms__cnn__seed43,MSH6,P43246:623:A>K,0,0.0378713
train-clinvar+pg_dms__cnn__seed43,MSH6,P43246:623:A>L,0,0.03489525
train-clinvar+pg_dms__cnn__seed43,MSH6,P43246:623:A>E,0,0.045342073
train-clinvar+pg_dms__cnn__seed43,MSH6,P43246:623:A>M,0,0.04858944
train-clinvar+pg_dms__cnn__seed43,MSH6,P43246:623:A>P,1,0.1768327
train-clinvar+pg_dms__cnn__seed43,MSH6,P43246:623:A>Q,0,0.03773508
train-clinvar+pg_dms__cnn__seed43,MSH6,P43246:623:A>R,0,0.0412365
train-clinvar+pg_dms__cnn__seed43,MSH6,P43246:623:A>S,0,0.030164355
train-clinvar+pg_dms__cnn__seed43,MSH6,P43246:623:A>T,0,0.0733734
train-clinvar+pg_dms__cnn__seed43,MSH6,P43246:623:A>V,0,0.037542805
train-clinvar+pg_dms__cnn__seed43,MSH6,P43246:623:A>N,0,0.034006473
train-clinvar+pg_dms__cnn__seed43,MSH6,P43246:623:A>D,0,0.059034508
train-clinvar+pg_dms__cnn__seed43,MSH6,P43246:623:A>C,0,0.017958237
train-clinvar+pg_dms__cnn__seed43,MSH6,P43246:623:A>Y,0,0.055120733
train-clinvar+pg_dms__cnn__seed43,MSH6,P43246:624:I>Y,0,0.9353793
train-clinvar+pg_dms__cnn__seed43,MSH6,P43246:624:I>W,1,0.98945427
train-clinvar+pg_dms__cnn__seed43,MSH6,P43246:624:I>S,1,0.942674
train-clinvar+pg_dms__cnn__seed43,MSH6,P43246:624:I>R,1,0.9847207
train-clinvar+pg_dms__cnn__seed43,MSH6,P43246:624:I>Q,1,0.9689057
train-clinvar+pg_dms__cnn__seed43,MSH6,P43246:624:I>C,0,0.7051076
train-clinvar+pg_dms__cnn__seed43,MSH6,P43246:624:I>A,1,0.8879431
train-clinvar+pg_dms__cnn__seed43,MSH6,P43246:624:I>M,0,0.04018888
train-clinvar+pg_dms__cnn__seed43,MSH6,P43246:624:I>L,0,0.035799272
train-clinvar+pg_dms__cnn__seed43,MSH6,P43246:624:I>K,1,0.98769134
train-clinvar+pg_dms__cnn__seed43,MSH6,P43246:624:I>G,1,0.98288095
train-clinvar+pg_dms__cnn__seed43,MSH6,P43246:624:I>F,0,0.058169793
train-clinvar+pg_dms__cnn__seed43,MSH6,P43246:624:I>E,1,0.98923045
train-clinvar+pg_dms__cnn__seed43,MSH6,P43246:624:I>D,1,0.9926051
train-clinvar+pg_dms__cnn__seed43,MSH6,P43246:624:I>N,1,0.9748096
train-clinvar+pg_dms__cnn__seed43,MSH6,P43246:624:I>P,1,0.98818785
train-clinvar+pg_dms__cnn__seed43,MSH6,P43246:630:G>Q,0,0.112478346
train-clinvar+pg_dms__cnn__seed43,MSH6,P43246:630:G>P,0,0.96768737
train-clinvar+pg_dms__cnn__seed43,MSH6,P43246:630:G>N,0,0.10045291
train-clinvar+pg_dms__cnn__seed43,MSH6,P43246:630:G>R,0,0.21998923
train-clinvar+pg_dms__cnn__seed43,MSH6,P43246:630:G>M,0,0.7690198
train-clinvar+pg_dms__cnn__seed43,MSH6,P43246:630:G>L,0,0.76208776
train-clinvar+pg_dms__cnn__seed43,MSH6,P43246:630:G>K,0,0.2543767
train-clinvar+pg_dms__cnn__seed43,MSH6,P43246:630:G>I,0,0.80668426
train-clinvar+pg_dms__cnn__seed43,MSH6,P43246:630:G>F,0,0.87224495
train-clinvar+pg_dms__cnn__seed43,MSH6,P43246:630:G>E,0,0.09916647
train-clinvar+pg_dms__cnn__seed43,MSH6,P43246:630:G>D,0,0.16035661
train-clinvar+pg_dms__cnn__seed43,MSH6,P43246:630:G>A,0,0.039614815
train-clinvar+pg_dms__cnn__seed43,MSH6,P43246:630:G>Y,0,0.42928937
train-clinvar+pg_dms__cnn__seed43,MSH6,P43246:630:G>W,1,0.7255029
train-clinvar+pg_dms__cnn__seed43,MSH6,P43246:630:G>V,0,0.42875943
train-clinvar+pg_dms__cnn__seed43,MSH6,P43246:630:G>T,0,0.103146836
train-clinvar+pg_dms__cnn__seed43,MSH6,P43246:630:G>H,0,0.22221114
train-clinvar+pg_dms__cnn__seed43,MSH6,P43246:630:G>C,0,0.023414707
train-clinvar+pg_dms__cnn__seed43,MSH6,P43246:630:G>S,0,0.028928699
train-clinvar+pg_dms__cnn__seed43,MSH6,P43246:635:K>E,0,0.04541004
train-clinvar+pg_dms__cnn__seed43,MSH6,P43246:635:K>R,0,0.038736425
train-clinvar+pg_dms__cnn__seed43,MSH6,P43246:635:K>S,0,0.06342675
train-clinvar+pg_dms__cnn__seed43,MSH6,P43246:635:K>T,0,0.030991154
train-clinvar+pg_dms__cnn__seed43,MSH6,P43246:635:K>V,0,0.060049944
train-clinvar+pg_dms__cnn__seed43,MSH6,P43246:635:K>W,0,0.44574592
train-clinvar+pg_dms__cnn__seed43,MSH6,P43246:635:K>Y,0,0.13495453
train-clinvar+pg_dms__cnn__seed43,MSH6,P43246:635:K>F,0,0.29641977
train-clinvar+pg_dms__cnn__seed43,MSH6,P43246:635:K>Q,0,0.024965482
train-clinvar+pg_dms__cnn__seed43,MSH6,P43246:635:K>P,0,0.81912667
train-clinvar+pg_dms__cnn__seed43,MSH6,P43246:635:K>L,0,0.060548715
train-clinvar+pg_dms__cnn__seed43,MSH6,P43246:635:K>I,0,0.0536875
train-clinvar+pg_dms__cnn__seed43,MSH6,P43246:635:K>A,0,0.051350374
train-clinvar+pg_dms__cnn__seed43,MSH6,P43246:635:K>H,0,0.04178779
train-clinvar+pg_dms__cnn__seed43,MSH6,P43246:635:K>C,0,0.051689614
train-clinvar+pg_dms__cnn__seed43,MSH6,P43246:635:K>D,0,0.26817134
train-clinvar+pg_dms__cnn__seed43,MSH6,P43246:635:K>G,0,0.09355722
train-clinvar+pg_dms__cnn__seed43,MSH6,P43246:635:K>M,0,0.04517005
train-clinvar+pg_dms__cnn__seed43,MSH6,P43246:645:Q>C,0,0.23539123
train-clinvar+pg_dms__cnn__seed43,MSH6,P43246:645:Q>A,0,0.030314205
train-clinvar+pg_dms__cnn__seed43,MSH6,P43246:645:Q>E,0,0.09513731
train-clinvar+pg_dms__cnn__seed43,MSH6,P43246:645:Q>H,0,0.20181301
train-clinvar+pg_dms__cnn__seed43,MSH6,P43246:645:Q>F,0,0.6323122
train-clinvar+pg_dms__cnn__seed43,MSH6,P43246:645:Q>D,0,0.35955092
train-clinvar+pg_dms__cnn__seed43,MSH6,P43246:645:Q>G,0,0.07097328
train-clinvar+pg_dms__cnn__seed43,MSH6,P43246:645:Q>R,0,0.04942066
train-clinvar+pg_dms__cnn__seed43,MSH6,P43246:645:Q>W,0,0.73319536
train-clinvar+pg_dms__cnn__seed43,MSH6,P43246:645:Q>V,0,0.08837575
train-clinvar+pg_dms__cnn__seed43,MSH6,P43246:645:Q>T,0,0.06163752
train-clinvar+pg_dms__cnn__seed43,MSH6,P43246:645:Q>Y,0,0.33852753
train-clinvar+pg_dms__cnn__seed43,MSH6,P43246:645:Q>I,0,0.23090854
train-clinvar+pg_dms__cnn__seed43,MSH6,P43246:645:Q>S,0,0.041406024
train-clinvar+pg_dms__cnn__seed43,MSH6,P43246:645:Q>L,0,0.031677037
train-clinvar+pg_dms__cnn__seed43,MSH6,P43246:645:Q>M,0,0.05610104
train-clinvar+pg_dms__cnn__seed43,MSH6,P43246:645:Q>N,0,0.08925569
train-clinvar+pg_dms__cnn__seed43,MSH6,P43246:645:Q>K,0,0.059828795
train-clinvar+pg_dms__cnn__seed43,MSH6,P43246:651:I>F,0,0.57719386
train-clinvar+pg_dms__cnn__seed43,MSH6,P43246:651:I>G,0,0.8037918
train-clinvar+pg_dms__cnn__seed43,MSH6,P43246:651:I>E,0,0.8293453
train-clinvar+pg_dms__cnn__seed43,MSH6,P43246:651:I>D,0,0.9166329
train-clinvar+pg_dms__cnn__seed43,MSH6,P43246:651:I>C,0,0.4422538
train-clinvar+pg_dms__cnn__seed43,MSH6,P43246:651:I>A,0,0.73971856
train-clinvar+pg_dms__cnn__seed43,MSH6,P43246:651:I>K,0,0.8578949
train-clinvar+pg_dms__cnn__seed43,MSH6,P43246:651:I>M,0,0.44521627
train-clinvar+pg_dms__cnn__seed43,MSH6,P43246:651:I>N,0,0.7432058
train-clinvar+pg_dms__cnn__seed43,MSH6,P43246:651:I>P,1,0.9086838
train-clinvar+pg_dms__cnn__seed43,MSH6,P43246:651:I>Q,0,0.75303787
train-clinvar+pg_dms__cnn__seed43,MSH6,P43246:651:I>R,0,0.8257952
train-clinvar+pg_dms__cnn__seed43,MSH6,P43246:651:I>S,0,0.6709578
train-clinvar+pg_dms__cnn__seed43,MSH6,P43246:651:I>V,0,0.10427372
train-clinvar+pg_dms__cnn__seed43,MSH6,P43246:651:I>W,0,0.871302
train-clinvar+pg_dms__cnn__seed43,MSH6,P43246:651:I>Y,0,0.79406923
train-clinvar+pg_dms__cnn__seed43,MSH6,P43246:657:F>G,1,0.9550867
train-clinvar+pg_dms__cnn__seed43,MSH6,P43246:657:F>T,1,0.92905754
train-clinvar+pg_dms__cnn__seed43,MSH6,P43246:657:F>S,0,0.9372652
train-clinvar+pg_dms__cnn__seed43,MSH6,P43246:657:F>R,1,0.97185147
train-clinvar+pg_dms__cnn__seed43,MSH6,P43246:657:F>Q,1,0.94587845
train-clinvar+pg_dms__cnn__seed43,MSH6,P43246:657:F>N,1,0.96484697
train-clinvar+pg_dms__cnn__seed43,MSH6,P43246:657:F>E,1,0.9722688
train-clinvar+pg_dms__cnn__seed43,MSH6,P43246:657:F>M,0,0.2796987
train-clinvar+pg_dms__cnn__seed43,MSH6,P43246:657:F>I,0,0.23972188
train-clinvar+pg_dms__cnn__seed43,MSH6,P43246:657:F>W,1,0.7210962
train-clinvar+pg_dms__cnn__seed43,MSH6,P43246:657:F>D,1,0.9777159
train-clinvar+pg_dms__cnn__seed43,MSH6,P43246:657:F>P,1,0.9849282
train-clinvar+pg_dms__cnn__seed43,MSH6,P43246:657:F>Y,0,0.22322819
train-clinvar+pg_dms__cnn__seed43,MSH6,P43246:657:F>A,0,0.8734885
train-clinvar+pg_dms__cnn__seed43,MSH6,P43246:657:F>C,0,0.09616488
train-clinvar+pg_dms__cnn__seed43,MSH6,P43246:663:M>R,0,0.021524308
train-clinvar+pg_dms__cnn__seed43,MSH6,P43246:663:M>C,0,0.016756656
train-clinvar+pg_dms__cnn__seed43,MSH6,P43246:663:M>P,0,0.776344
train-clinvar+pg_dms__cnn__seed43,MSH6,P43246:663:M>H,0,0.02402924
train-clinvar+pg_dms__cnn__seed43,MSH6,P43246:663:M>L,0,0.030392062
train-clinvar+pg_dms__cnn__seed43,MSH6,P43246:663:M>K,0,0.025819022
train-clinvar+pg_dms__cnn__seed43,MSH6,P43246:663:M>I,0,0.063770644
train-clinvar+pg_dms__cnn__seed43,MSH6,P43246:663:M>G,0,0.08389139
train-clinvar+pg_dms__cnn__seed43,MSH6,P43246:663:M>A,0,0.017985148
train-clinvar+pg_dms__cnn__seed43,MSH6,P43246:663:M>D,0,0.486125
train-clinvar+pg_dms__cnn__seed43,MSH6,P43246:663:M>E,0,0.06562644
train-clinvar+pg_dms__cnn__seed43,MSH6,P43246:663:M>N,0,0.020744635
train-clinvar+pg_dms__cnn__seed43,MSH6,P43246:663:M>T,0,0.020620776
train-clinvar+pg_dms__cnn__seed43,MSH6,P43246:663:M>F,0,0.03554313
train-clinvar+pg_dms__cnn__seed43,MSH6,P43246:663:M>W,0,0.4188075
train-clinvar+pg_dms__cnn__seed43,MSH6,P43246:663:M>Y,0,0.0855012
train-clinvar+pg_dms__cnn__seed43,MSH6,P43246:663:M>V,0,0.045946993
train-clinvar+pg_dms__cnn__seed43,MSH6,P43246:663:M>S,0,0.015709488
train-clinvar+pg_dms__cnn__seed43,MSH6,P43246:667:I>G,1,0.99391913
train-clinvar+pg_dms__cnn__seed43,MSH6,P43246:667:I>M,0,0.650166
train-clinvar+pg_dms__cnn__seed43,MSH6,P43246:667:I>N,1,0.9932087
train-clinvar+pg_dms__cnn__seed43,MSH6,P43246:667:I>P,1,0.99661523
train-clinvar+pg_dms__cnn__seed43,MSH6,P43246:667:I>R,1,0.996438
train-clinvar+pg_dms__cnn__seed43,MSH6,P43246:667:I>V,0,0.1250249
train-clinvar+pg_dms__cnn__seed43,MSH6,P43246:667:I>W,1,0.9965146
train-clinvar+pg_dms__cnn__seed43,MSH6,P43246:667:I>F,0,0.9870084
train-clinvar+pg_dms__cnn__seed43,MSH6,P43246:667:I>S,1,0.9939407
train-clinvar+pg_dms__cnn__seed43,MSH6,P43246:667:I>K,1,0.99489707
train-clinvar+pg_dms__cnn__seed43,MSH6,P43246:667:I>A,0,0.98783714
train-clinvar+pg_dms__cnn__seed43,MSH6,P43246:667:I>C,0,0.9233925
train-clinvar+pg_dms__cnn__seed43,MSH6,P43246:667:I>D,1,0.99586785
train-clinvar+pg_dms__cnn__seed43,MSH6,P43246:667:I>T,0,0.9913769
train-clinvar+pg_dms__cnn__seed43,MSH6,P43246:667:I>L,0,0.1499801
train-clinvar+pg_dms__cnn__seed43,MSH6,P43246:667:I>E,1,0.99456906
train-clinvar+pg_dms__cnn__seed43,MSH6,P43246:670:P>L,0,0.64353615
train-clinvar+pg_dms__cnn__seed43,MSH6,P43246:670:P>I,0,0.91227853
train-clinvar+pg_dms__cnn__seed43,MSH6,P43246:670:P>K,0,0.93395007
train-clinvar+pg_dms__cnn__seed43,MSH6,P43246:670:P>F,0,0.8942372
train-clinvar+pg_dms__cnn__seed43,MSH6,P43246:670:P>E,0,0.95219344
train-clinvar+pg_dms__cnn__seed43,MSH6,P43246:670:P>D,0,0.95167166
train-clinvar+pg_dms__cnn__seed43,MSH6,P43246:670:P>C,0,0.69423467
train-clinvar+pg_dms__cnn__seed43,MSH6,P43246:670:P>A,0,0.7226793
train-clinvar+pg_dms__cnn__seed43,MSH6,P43246:670:P>Y,0,0.8840211
train-clinvar+pg_dms__cnn__seed43,MSH6,P43246:670:P>W,0,0.9458832
train-clinvar+pg_dms__cnn__seed43,MSH6,P43246:670:P>V,0,0.87718254
train-clinvar+pg_dms__cnn__seed43,MSH6,P43246:670:P>Q,0,0.8766009
train-clinvar+pg_dms__cnn__seed43,MSH6,P43246:670:P>N,0,0.90538585
train-clinvar+pg_dms__cnn__seed43,MSH6,P43246:670:P>M,0,0.9046974
train-clinvar+pg_dms__cnn__seed43,MSH6,P43246:670:P>G,0,0.902073
train-clinvar+pg_dms__cnn__seed43,MSH6,P43246:670:P>H,0,0.8612724
train-clinvar+pg_dms__cnn__seed43,MSH6,P43246:674:G>P,1,0.9848994
train-clinvar+pg_dms__cnn__seed43,MSH6,P43246:674:G>Q,1,0.94656175
train-clinvar+pg_dms__cnn__seed43,MSH6,P43246:674:G>Y,1,0.9629854
train-clinvar+pg_dms__cnn__seed43,MSH6,P43246:674:G>T,1,0.9506697
train-clinvar+pg_dms__cnn__seed43,MSH6,P43246:674:G>V,1,0.9574502
train-clinvar+pg_dms__cnn__seed43,MSH6,P43246:674:G>N,1,0.9693821
train-clinvar+pg_dms__cnn__seed43,MSH6,P43246:674:G>M,1,0.9646596
train-clinvar+pg_dms__cnn__seed43,MSH6,P43246:674:G>F,1,0.9496127
train-clinvar+pg_dms__cnn__seed43,MSH6,P43246:674:G>K,1,0.9777715
train-clinvar+pg_dms__cnn__seed43,MSH6,P43246:674:G>I,1,0.9625117
train-clinvar+pg_dms__cnn__seed43,MSH6,P43246:674:G>H,1,0.9598758
train-clinvar+pg_dms__cnn__seed43,MSH6,P43246:674:G>E,1,0.977835
train-clinvar+pg_dms__cnn__seed43,MSH6,P43246:674:G>C,1,0.8260715
train-clinvar+pg_dms__cnn__seed43,MSH6,P43246:674:G>A,1,0.94416463
train-clinvar+pg_dms__cnn__seed43,MSH6,P43246:674:G>L,1,0.9508183
train-clinvar+pg_dms__cnn__seed43,MSH6,P43246:674:G>W,1,0.9809903
train-clinvar+pg_dms__cnn__seed43,MSH6,P43246:677:T>W,1,0.9763341
train-clinvar+pg_dms__cnn__seed43,MSH6,P43246:677:T>L,0,0.75211865
train-clinvar+pg_dms__cnn__seed43,MSH6,P43246:677:T>F,0,0.9066457
train-clinvar+pg_dms__cnn__seed43,MSH6,P43246:677:T>G,0,0.9529933
train-clinvar+pg_dms__cnn__seed43,MSH6,P43246:677:T>I,0,0.90664023
train-clinvar+pg_dms__cnn__seed43,MSH6,P43246:677:T>K,1,0.9785074
train-clinvar+pg_dms__cnn__seed43,MSH6,P43246:677:T>Y,0,0.96554404
train-clinvar+pg_dms__cnn__seed43,MSH6,P43246:677:T>M,0,0.7876828
train-clinvar+pg_dms__cnn__seed43,MSH6,P43246:677:T>N,0,0.88104403
train-clinvar+pg_dms__cnn__seed43,MSH6,P43246:677:T>C,0,0.37893486
train-clinvar+pg_dms__cnn__seed43,MSH6,P43246:677:T>P,1,0.984615
train-clinvar+pg_dms__cnn__seed43,MSH6,P43246:677:T>S,0,0.6255719
train-clinvar+pg_dms__cnn__seed43,MSH6,P43246:677:T>V,0,0.45034555
train-clinvar+pg_dms__cnn__seed43,MSH6,P43246:677:T>Q,0,0.93917954
train-clinvar+pg_dms__cnn__seed43,MSH6,P43246:677:T>A,0,0.85658395
train-clinvar+pg_dms__cnn__seed43,MSH6,P43246:686:V>G,0,0.36731982
train-clinvar+pg_dms__cnn__seed43,MSH6,P43246:686:V>C,0,0.4825725
train-clinvar+pg_dms__cnn__seed43,MSH6,P43246:686:V>D,1,0.9752814
train-clinvar+pg_dms__cnn__seed43,MSH6,P43246:686:V>E,0,0.9807844
train-clinvar+pg_dms__cnn__seed43,MSH6,P43246:686:V>F,0,0.49777636
train-clinvar+pg_dms__cnn__seed43,MSH6,P43246:686:V>H,0,0.95913106
train-clinvar+pg_dms__cnn__seed43,MSH6,P43246:686:V>I,0,0.041717205
train-clinvar+pg_dms__cnn__seed43,MSH6,P43246:686:V>K,1,0.97890157
train-clinvar+pg_dms__cnn__seed43,MSH6,P43246:686:V>L,0,0.25158036
train-clinvar+pg_dms__cnn__seed43,MSH6,P43246:686:V>M,0,0.13933627
train-clinvar+pg_dms__cnn__seed43,MSH6,P43246:686:V>N,0,0.8553371
train-clinvar+pg_dms__cnn__seed43,MSH6,P43246:686:V>P,0,0.9912492
train-clinvar+pg_dms__cnn__seed43,MSH6,P43246:686:V>R,1,0.97163683
train-clinvar+pg_dms__cnn__seed43,MSH6,P43246:686:V>S,0,0.14585963
train-clinvar+pg_dms__cnn__seed43,MSH6,P43246:686:V>A,0,0.07622365
train-clinvar+pg_dms__cnn__seed43,MSH6,P43246:686:V>T,0,0.09812307
train-clinvar+pg_dms__cnn__seed43,MSH6,P43246:686:V>W,1,0.98828644
train-clinvar+pg_dms__cnn__seed43,MSH6,P43246:690:Q>I,1,0.98232734
train-clinvar+pg_dms__cnn__seed43,MSH6,P43246:690:Q>G,1,0.93939114
train-clinvar+pg_dms__cnn__seed43,MSH6,P43246:690:Q>F,0,0.9835496
train-clinvar+pg_dms__cnn__seed43,MSH6,P43246:690:Q>V,0,0.9727447
train-clinvar+pg_dms__cnn__seed43,MSH6,P43246:690:Q>D,1,0.99368274
train-clinvar+pg_dms__cnn__seed43,MSH6,P43246:690:Q>A,0,0.84215516
train-clinvar+pg_dms__cnn__seed43,MSH6,P43246:690:Q>S,0,0.6842054
train-clinvar+pg_dms__cnn__seed43,MSH6,P43246:690:Q>E,1,0.5007653
train-clinvar+pg_dms__cnn__seed43,MSH6,P43246:690:Q>L,0,0.91803116
train-clinvar+pg_dms__cnn__seed43,MSH6,P43246:690:Q>N,1,0.9024713
train-clinvar+pg_dms__cnn__seed43,MSH6,P43246:690:Q>W,1,0.99210465
train-clinvar+pg_dms__cnn__seed43,MSH6,P43246:690:Q>Y,1,0.9873877
train-clinvar+pg_dms__cnn__seed43,MSH6,P43246:690:Q>R,1,0.9838922
train-clinvar+pg_dms__cnn__seed43,MSH6,P43246:690:Q>M,0,0.9135835
train-clinvar+pg_dms__cnn__seed43,MSH6,P43246:690:Q>T,0,0.92572385
train-clinvar+pg_dms__cnn__seed43,MSH6,P43246:690:Q>P,1,0.9938625
train-clinvar+pg_dms__cnn__seed43,MSH6,P43246:698:E>A,0,0.04461983
train-clinvar+pg_dms__cnn__seed43,MSH6,P43246:698:E>P,1,0.8584907
train-clinvar+pg_dms__cnn__seed43,MSH6,P43246:698:E>N,0,0.085885696
train-clinvar+pg_dms__cnn__seed43,MSH6,P43246:698:E>M,1,0.39918578
train-clinvar+pg_dms__cnn__seed43,MSH6,P43246:698:E>L,0,0.18908525
train-clinvar+pg_dms__cnn__seed43,MSH6,P43246:698:E>F,0,0.54094434
train-clinvar+pg_dms__cnn__seed43,MSH6,P43246:698:E>H,0,0.16901508
train-clinvar+pg_dms__cnn__seed43,MSH6,P43246:698:E>G,0,0.13164853
train-clinvar+pg_dms__cnn__seed43,MSH6,P43246:698:E>Q,0,0.061317693
train-clinvar+pg_dms__cnn__seed43,MSH6,P43246:698:E>D,0,0.13456711
train-clinvar+pg_dms__cnn__seed43,MSH6,P43246:698:E>C,0,0.3025924
train-clinvar+pg_dms__cnn__seed43,MSH6,P43246:698:E>I,0,0.12832671
train-clinvar+pg_dms__cnn__seed43,MSH6,P43246:698:E>R,0,0.20624316
train-clinvar+pg_dms__cnn__seed43,MSH6,P43246:698:E>Y,0,0.30692884
train-clinvar+pg_dms__cnn__seed43,MSH6,P43246:698:E>T,0,0.18647468
train-clinvar+pg_dms__cnn__seed43,MSH6,P43246:698:E>V,0,0.15143876
train-clinvar+pg_dms__cnn__seed43,MSH6,P43246:698:E>W,0,0.86614615
train-clinvar+pg_dms__cnn__seed43,MSH6,P43246:698:E>S,0,0.105807155
train-clinvar+pg_dms__cnn__seed43,MSH6,P43246:710:A>C,0,0.43317577
train-clinvar+pg_dms__cnn__seed43,MSH6,P43246:710:A>D,1,0.9956216
train-clinvar+pg_dms__cnn__seed43,MSH6,P43246:710:A>E,0,0.986038
train-clinvar+pg_dms__cnn__seed43,MSH6,P43246:710:A>F,0,0.98583674
train-clinvar+pg_dms__cnn__seed43,MSH6,P43246:710:A>H,0,0.99004596
train-clinvar+pg_dms__cnn__seed43,MSH6,P43246:710:A>Y,0,0.98634213
train-clinvar+pg_dms__cnn__seed43,MSH6,P43246:710:A>W,0,0.99195063
train-clinvar+pg_dms__cnn__seed43,MSH6,P43246:710:A>T,0,0.3654761
train-clinvar+pg_dms__cnn__seed43,MSH6,P43246:710:A>R,1,0.9915895
train-clinvar+pg_dms__cnn__seed43,MSH6,P43246:710:A>Q,0,0.9863733
train-clinvar+pg_dms__cnn__seed43,MSH6,P43246:710:A>M,0,0.9583338
train-clinvar+pg_dms__cnn__seed43,MSH6,P43246:710:A>L,0,0.94670254
train-clinvar+pg_dms__cnn__seed43,MSH6,P43246:710:A>K,0,0.9923234
train-clinvar+pg_dms__cnn__seed43,MSH6,P43246:710:A>G,0,0.2708175
train-clinvar+pg_dms__cnn__seed43,MSH6,P43246:710:A>I,0,0.98737633
train-clinvar+pg_dms__cnn__seed43,MSH6,P43246:710:A>N,0,0.98446
train-clinvar+pg_dms__cnn__seed43,MSH6,P43246:718:Q>W,0,0.70543605
train-clinvar+pg_dms__cnn__seed43,MSH6,P43246:718:Q>F,0,0.64326936
train-clinvar+pg_dms__cnn__seed43,MSH6,P43246:718:Q>Y,0,0.6479882
train-clinvar+pg_dms__cnn__seed43,MSH6,P43246:718:Q>A,0,0.16223109
train-clinvar+pg_dms__cnn__seed43,MSH6,P43246:718:Q>C,0,0.3357353
train-clinvar+pg_dms__cnn__seed43,MSH6,P43246:718:Q>D,0,0.7096444
train-clinvar+pg_dms__cnn__seed43,MSH6,P43246:718:Q>E,0,0.5237657
train-clinvar+pg_dms__cnn__seed43,MSH6,P43246:718:Q>G,0,0.5484042
train-clinvar+pg_dms__cnn__seed43,MSH6,P43246:718:Q>V,0,0.17199026
train-clinvar+pg_dms__cnn__seed43,MSH6,P43246:718:Q>I,0,0.36534324
train-clinvar+pg_dms__cnn__seed43,MSH6,P43246:718:Q>K,0,0.6638041
train-clinvar+pg_dms__cnn__seed43,MSH6,P43246:718:Q>L,0,0.14229989
train-clinvar+pg_dms__cnn__seed43,MSH6,P43246:718:Q>M,0,0.1995155
train-clinvar+pg_dms__cnn__seed43,MSH6,P43246:718:Q>N,0,0.54122996
train-clinvar+pg_dms__cnn__seed43,MSH6,P43246:718:Q>T,0,0.13229933
train-clinvar+pg_dms__cnn__seed43,MSH6,P43246:718:Q>P,0,0.47903335
train-clinvar+pg_dms__cnn__seed43,MSH6,P43246:718:Q>S,0,0.21981679
train-clinvar+pg_dms__cnn__seed43,MSH6,P43246:726:M>A,0,0.576511
train-clinvar+pg_dms__cnn__seed43,MSH6,P43246:726:M>W,0,0.77071077
train-clinvar+pg_dms__cnn__seed43,MSH6,P43246:726:M>Y,1,0.6357934
train-clinvar+pg_dms__cnn__seed43,MSH6,P43246:726:M>Q,0,0.6093644
train-clinvar+pg_dms__cnn__seed43,MSH6,P43246:726:M>P,1,0.8806459
train-clinvar+pg_dms__cnn__seed43,MSH6,P43246:726:M>E,0,0.7744799
train-clinvar+pg_dms__cnn__seed43,MSH6,P43246:726:M>F,1,0.5201713
train-clinvar+pg_dms__cnn__seed43,MSH6,P43246:726:M>G,0,0.73747563
train-clinvar+pg_dms__cnn__seed43,MSH6,P43246:726:M>H,0,0.6815358
train-clinvar+pg_dms__cnn__seed43,MSH6,P43246:726:M>K,0,0.7218357
train-clinvar+pg_dms__cnn__seed43,MSH6,P43246:726:M>N,0,0.6936354
train-clinvar+pg_dms__cnn__seed43,MSH6,P43246:726:M>S,0,0.7550139
train-clinvar+pg_dms__cnn__seed43,MSH6,P43246:726:M>R,0,0.8004314
train-clinvar+pg_dms__cnn__seed43,MSH6,P43246:726:M>C,0,0.2759859
train-clinvar+pg_dms__cnn__seed43,MSH6,P43246:726:M>D,0,0.8176892
train-clinvar+pg_dms__cnn__seed43,MSH6,P43246:736:L>E,0,0.9707518
train-clinvar+pg_dms__cnn__seed43,MSH6,P43246:736:L>F,0,0.8665672
train-clinvar+pg_dms__cnn__seed43,MSH6,P43246:736:L>G,1,0.95910364
train-clinvar+pg_dms__cnn__seed43,MSH6,P43246:736:L>H,1,0.9416952
train-clinvar+pg_dms__cnn__seed43,MSH6,P43246:736:L>I,0,0.05841513
train-clinvar+pg_dms__cnn__seed43,MSH6,P43246:736:L>K,1,0.9584321
train-clinvar+pg_dms__cnn__seed43,MSH6,P43246:736:L>M,1,0.14400172
train-clinvar+pg_dms__cnn__seed43,MSH6,P43246:736:L>T,0,0.8670587
train-clinvar+pg_dms__cnn__seed43,MSH6,P43246:736:L>Q,1,0.921377
train-clinvar+pg_dms__cnn__seed43,MSH6,P43246:736:L>S,0,0.9559666
train-clinvar+pg_dms__cnn__seed43,MSH6,P43246:736:L>W,1,0.9790254
train-clinvar+pg_dms__cnn__seed43,MSH6,P43246:736:L>Y,0,0.9105893
train-clinvar+pg_dms__cnn__seed43,MSH6,P43246:736:L>A,0,0.8610884
train-clinvar+pg_dms__cnn__seed43,MSH6,P43246:736:L>P,1,0.9826382
train-clinvar+pg_dms__cnn__seed43,MSH6,P43246:736:L>C,0,0.4304298
train-clinvar+pg_dms__cnn__seed43,MSH6,P43246:738:S>Q,0,0.41889855
train-clinvar+pg_dms__cnn__seed43,MSH6,P43246:738:S>M,0,0.060480315
train-clinvar+pg_dms__cnn__seed43,MSH6,P43246:738:S>L,0,0.04953203
train-clinvar+pg_dms__cnn__seed43,MSH6,P43246:738:S>N,0,0.05542716
train-clinvar+pg_dms__cnn__seed43,MSH6,P43246:738:S>K,0,0.9006086
train-clinvar+pg_dms__cnn__seed43,MSH6,P43246:738:S>P,1,0.9747142
train-clinvar+pg_dms__cnn__seed43,MSH6,P43246:738:S>R,0,0.930709
train-clinvar+pg_dms__cnn__seed43,MSH6,P43246:738:S>E,0,0.8316843
train-clinvar+pg_dms__cnn__seed43,MSH6,P43246:738:S>V,0,0.064802095
train-clinvar+pg_dms__cnn__seed43,MSH6,P43246:738:S>W,0,0.5008419
train-clinvar+pg_dms__cnn__seed43,MSH6,P43246:738:S>Y,0,0.102428995
train-clinvar+pg_dms__cnn__seed43,MSH6,P43246:738:S>D,0,0.85241055
train-clinvar+pg_dms__cnn__seed43,MSH6,P43246:738:S>A,0,0.027947268
train-clinvar+pg_dms__cnn__seed43,MSH6,P43246:738:S>H,0,0.24671581
train-clinvar+pg_dms__cnn__seed43,MSH6,P43246:738:S>G,0,0.03431823
train-clinvar+pg_dms__cnn__seed43,MSH6,P43246:738:S>T,0,0.030227015
train-clinvar+pg_dms__cnn__seed43,MSH6,P43246:738:S>I,0,0.08902991
train-clinvar+pg_dms__cnn__seed43,MSH6,P43246:741:K>Y,0,0.12979864
train-clinvar+pg_dms__cnn__seed43,MSH6,P43246:741:K>T,0,0.03550121
train-clinvar+pg_dms__cnn__seed43,MSH6,P43246:741:K>S,0,0.03169692
train-clinvar+pg_dms__cnn__seed43,MSH6,P43246:741:K>R,0,0.049862187
train-clinvar+pg_dms__cnn__seed43,MSH6,P43246:741:K>N,0,0.036024094
train-clinvar+pg_dms__cnn__seed43,MSH6,P43246:741:K>V,0,0.056647487
train-clinvar+pg_dms__cnn__seed43,MSH6,P43246:741:K>W,0,0.4083951
train-clinvar+pg_dms__cnn__seed43,MSH6,P43246:741:K>A,0,0.012106902
train-clinvar+pg_dms__cnn__seed43,MSH6,P43246:741:K>M,0,0.07310725
train-clinvar+pg_dms__cnn__seed43,MSH6,P43246:741:K>G,0,0.01989286
train-clinvar+pg_dms__cnn__seed43,MSH6,P43246:741:K>H,0,0.035574865
train-clinvar+pg_dms__cnn__seed43,MSH6,P43246:741:K>I,0,0.05009095
train-clinvar+pg_dms__cnn__seed43,MSH6,P43246:741:K>L,0,0.10348851
train-clinvar+pg_dms__cnn__seed43,MSH6,P43246:741:K>F,0,0.3512196
train-clinvar+pg_dms__cnn__seed43,MSH6,P43246:741:K>D,0,0.08877451
train-clinvar+pg_dms__cnn__seed43,MSH6,P43246:741:K>P,0,0.14070177
train-clinvar+pg_dms__cnn__seed43,MSH6,P43246:741:K>E,0,0.021329653
train-clinvar+pg_dms__cnn__seed43,MSH6,P43246:741:K>C,0,0.025779607
train-clinvar+pg_dms__cnn__seed43,MSH6,P43246:741:K>Q,0,0.00958783
train-clinvar+pg_dms__cnn__seed43,MSH6,P43246:742:D>V,0,0.13955033
train-clinvar+pg_dms__cnn__seed43,MSH6,P43246:742:D>C,0,0.09137458
train-clinvar+pg_dms__cnn__seed43,MSH6,P43246:742:D>W,0,0.95013016
train-clinvar+pg_dms__cnn__seed43,MSH6,P43246:742:D>S,0,0.013654434
train-clinvar+pg_dms__cnn__seed43,MSH6,P43246:742:D>R,0,0.31452587
train-clinvar+pg_dms__cnn__seed43,MSH6,P43246:742:D>Q,0,0.04342836
train-clinvar+pg_dms__cnn__seed43,MSH6,P43246:742:D>P,0,0.9925001
train-clinvar+pg_dms__cnn__seed43,MSH6,P43246:742:D>N,0,0.04823161
train-clinvar+pg_dms__cnn__seed43,MSH6,P43246:742:D>T,0,0.05937314
train-clinvar+pg_dms__cnn__seed43,MSH6,P43246:742:D>L,0,0.37323612
train-clinvar+pg_dms__cnn__seed43,MSH6,P43246:742:D>K,0,0.21868834
train-clinvar+pg_dms__cnn__seed43,MSH6,P43246:742:D>I,0,0.32444265
train-clinvar+pg_dms__cnn__seed43,MSH6,P43246:742:D>G,0,0.047376532
train-clinvar+pg_dms__cnn__seed43,MSH6,P43246:742:D>F,0,0.2218018
train-clinvar+pg_dms__cnn__seed43,MSH6,P43246:742:D>E,0,0.04148302
train-clinvar+pg_dms__cnn__seed43,MSH6,P43246:742:D>A,0,0.02545368
train-clinvar+pg_dms__cnn__seed43,MSH6,P43246:742:D>M,0,0.57457834
train-clinvar+pg_dms__cnn__seed43,MSH6,P43246:748:D>F,1,0.97473663
train-clinvar+pg_dms__cnn__seed43,MSH6,P43246:748:D>G,1,0.9707753
train-clinvar+pg_dms__cnn__seed43,MSH6,P43246:748:D>I,1,0.97675884
train-clinvar+pg_dms__cnn__seed43,MSH6,P43246:748:D>K,1,0.97859645
train-clinvar+pg_dms__cnn__seed43,MSH6,P43246:748:D>L,1,0.9758217
train-clinvar+pg_dms__cnn__seed43,MSH6,P43246:748:D>E,0,0.98719597
train-clinvar+pg_dms__cnn__seed43,MSH6,P43246:748:D>M,1,0.97465795
train-clinvar+pg_dms__cnn__seed43,MSH6,P43246:748:D>P,1,0.9914186
train-clinvar+pg_dms__cnn__seed43,MSH6,P43246:748:D>Q,1,0.97330767
train-clinvar+pg_dms__cnn__seed43,MSH6,P43246:748:D>R,1,0.98457193
train-clinvar+pg_dms__cnn__seed43,MSH6,P43246:748:D>S,0,0.9617067
train-clinvar+pg_dms__cnn__seed43,MSH6,P43246:748:D>T,1,0.9719393
train-clinvar+pg_dms__cnn__seed43,MSH6,P43246:748:D>W,1,0.9863738
train-clinvar+pg_dms__cnn__seed43,MSH6,P43246:748:D>Y,1,0.9741485
train-clinvar+pg_dms__cnn__seed43,MSH6,P43246:748:D>C,0,0.82569385
train-clinvar+pg_dms__cnn__seed43,MSH6,P43246:748:D>A,1,0.9576545
train-clinvar+pg_dms__cnn__seed43,MSH6,P43246:749:E>A,1,0.9293248
train-clinvar+pg_dms__cnn__seed43,MSH6,P43246:749:E>W,1,0.96292084
train-clinvar+pg_dms__cnn__seed43,MSH6,P43246:749:E>Y,1,0.91407967
train-clinvar+pg_dms__cnn__seed43,MSH6,P43246:749:E>S,1,0.9482084
train-clinvar+pg_dms__cnn__seed43,MSH6,P43246:749:E>R,1,0.96986985
train-clinvar+pg_dms__cnn__seed43,MSH6,P43246:749:E>Q,1,0.9395026
train-clinvar+pg_dms__cnn__seed43,MSH6,P43246:749:E>P,1,0.9758388
train-clinvar+pg_dms__cnn__seed43,MSH6,P43246:749:E>N,1,0.96436775
train-clinvar+pg_dms__cnn__seed43,MSH6,P43246:749:E>T,1,0.9572481
train-clinvar+pg_dms__cnn__seed43,MSH6,P43246:749:E>M,1,0.9570775
train-clinvar+pg_dms__cnn__seed43,MSH6,P43246:749:E>I,1,0.9523615
train-clinvar+pg_dms__cnn__seed43,MSH6,P43246:749:E>H,1,0.9479855
train-clinvar+pg_dms__cnn__seed43,MSH6,P43246:749:E>G,1,0.9485132
train-clinvar+pg_dms__cnn__seed43,MSH6,P43246:749:E>F,1,0.9597079
train-clinvar+pg_dms__cnn__seed43,MSH6,P43246:749:E>D,1,0.96953964
train-clinvar+pg_dms__cnn__seed43,MSH6,P43246:749:E>C,1,0.85981077
train-clinvar+pg_dms__cnn__seed43,MSH6,P43246:749:E>L,1,0.9480377
train-clinvar+pg_dms__cnn__seed43,MSH6,P43246:749:E>V,1,0.9601617
train-clinvar+pg_dms__cnn__seed43,MSH6,P43246:755:S>A,0,0.6707997
train-clinvar+pg_dms__cnn__seed43,MSH6,P43246:755:S>C,0,0.8603342
train-clinvar+pg_dms__cnn__seed43,MSH6,P43246:755:S>D,0,0.9505031
train-clinvar+pg_dms__cnn__seed43,MSH6,P43246:755:S>F,0,0.9624458
train-clinvar+pg_dms__cnn__seed43,MSH6,P43246:755:S>G,0,0.9220946
train-clinvar+pg_dms__cnn__seed43,MSH6,P43246:755:S>H,0,0.9597383
train-clinvar+pg_dms__cnn__seed43,MSH6,P43246:755:S>I,0,0.95080596
train-clinvar+pg_dms__cnn__seed43,MSH6,P43246:755:S>K,1,0.95109105
train-clinvar+pg_dms__cnn__seed43,MSH6,P43246:755:S>L,1,0.9466941
train-clinvar+pg_dms__cnn__seed43,MSH6,P43246:755:S>N,0,0.9569536
train-clinvar+pg_dms__cnn__seed43,MSH6,P43246:755:S>P,0,0.97003347
train-clinvar+pg_dms__cnn__seed43,MSH6,P43246:755:S>Q,0,0.9420749
train-clinvar+pg_dms__cnn__seed43,MSH6,P43246:755:S>R,0,0.9656155
train-clinvar+pg_dms__cnn__seed43,MSH6,P43246:755:S>V,0,0.95898104
train-clinvar+pg_dms__cnn__seed43,MSH6,P43246:755:S>W,0,0.96716994
train-clinvar+pg_dms__cnn__seed43,MSH6,P43246:755:S>M,1,0.95347345
train-clinvar+pg_dms__cnn__seed43,MSH6,P43246:757:Y>N,0,0.82812214
train-clinvar+pg_dms__cnn__seed43,MSH6,P43246:757:Y>P,0,0.9383565
train-clinvar+pg_dms__cnn__seed43,MSH6,P43246:757:Y>K,0,0.8921298
train-clinvar+pg_dms__cnn__seed43,MSH6,P43246:757:Y>I,0,0.8945221
train-clinvar+pg_dms__cnn__seed43,MSH6,P43246:757:Y>Q,0,0.8590482
train-clinvar+pg_dms__cnn__seed43,MSH6,P43246:757:Y>R,1,0.936435
train-clinvar+pg_dms__cnn__seed43,MSH6,P43246:757:Y>H,0,0.90055805
train-clinvar+pg_dms__cnn__seed43,MSH6,P43246:757:Y>M,0,0.9112039
train-clinvar+pg_dms__cnn__seed43,MSH6,P43246:757:Y>L,0,0.8809855
train-clinvar+pg_dms__cnn__seed43,MSH6,P43246:757:Y>V,0,0.8793319
train-clinvar+pg_dms__cnn__seed43,MSH6,P43246:757:Y>T,0,0.90318716
train-clinvar+pg_dms__cnn__seed43,MSH6,P43246:757:Y>A,0,0.88413656
train-clinvar+pg_dms__cnn__seed43,MSH6,P43246:757:Y>W,0,0.732574
train-clinvar+pg_dms__cnn__seed43,MSH6,P43246:757:Y>E,0,0.90075636
train-clinvar+pg_dms__cnn__seed43,MSH6,P43246:757:Y>C,0,0.7073885
train-clinvar+pg_dms__cnn__seed43,MSH6,P43246:757:Y>G,0,0.88261765
train-clinvar+pg_dms__cnn__seed43,MSH6,P43246:760:F>A,0,0.947582
train-clinvar+pg_dms__cnn__seed43,MSH6,P43246:760:F>T,0,0.95663184
train-clinvar+pg_dms__cnn__seed43,MSH6,P43246:760:F>R,0,0.9671441
train-clinvar+pg_dms__cnn__seed43,MSH6,P43246:760:F>C,0,0.81495553
train-clinvar+pg_dms__cnn__seed43,MSH6,P43246:760:F>Q,0,0.96389735
train-clinvar+pg_dms__cnn__seed43,MSH6,P43246:760:F>P,1,0.9817021
train-clinvar+pg_dms__cnn__seed43,MSH6,P43246:760:F>N,0,0.9629391
train-clinvar+pg_dms__cnn__seed43,MSH6,P43246:760:F>M,0,0.9425864
train-clinvar+pg_dms__cnn__seed43,MSH6,P43246:760:F>W,0,0.96359223
train-clinvar+pg_dms__cnn__seed43,MSH6,P43246:760:F>Y,0,0.72664
train-clinvar+pg_dms__cnn__seed43,MSH6,P43246:760:F>V,0,0.93240166
train-clinvar+pg_dms__cnn__seed43,MSH6,P43246:760:F>L,0,0.96537024
train-clinvar+pg_dms__cnn__seed43,MSH6,P43246:760:F>K,0,0.973551
train-clinvar+pg_dms__cnn__seed43,MSH6,P43246:760:F>I,0,0.9481801
train-clinvar+pg_dms__cnn__seed43,MSH6,P43246:760:F>H,0,0.9453689
train-clinvar+pg_dms__cnn__seed43,MSH6,P43246:760:F>G,1,0.9639809
train-clinvar+pg_dms__cnn__seed43,MSH6,P43246:760:F>E,0,0.97208405
train-clinvar+pg_dms__cnn__seed43,MSH6,P43246:762:L>H,0,0.94694865
train-clinvar+pg_dms__cnn__seed43,MSH6,P43246:762:L>N,0,0.9515294
train-clinvar+pg_dms__cnn__seed43,MSH6,P43246:762:L>M,1,0.6680017
train-clinvar+pg_dms__cnn__seed43,MSH6,P43246:762:L>K,1,0.9557858
train-clinvar+pg_dms__cnn__seed43,MSH6,P43246:762:L>I,0,0.37686813
train-clinvar+pg_dms__cnn__seed43,MSH6,P43246:762:L>F,0,0.93276465
train-clinvar+pg_dms__cnn__seed43,MSH6,P43246:762:L>T,0,0.93098634
train-clinvar+pg_dms__cnn__seed43,MSH6,P43246:762:L>W,1,0.96875685
train-clinvar+pg_dms__cnn__seed43,MSH6,P43246:762:L>V,0,0.6894281
train-clinvar+pg_dms__cnn__seed43,MSH6,P43246:762:L>G,1,0.9569313
train-clinvar+pg_dms__cnn__seed43,MSH6,P43246:762:L>S,0,0.9463835
train-clinvar+pg_dms__cnn__seed43,MSH6,P43246:762:L>R,1,0.97050494
train-clinvar+pg_dms__cnn__seed43,MSH6,P43246:762:L>Q,0,0.9361822
train-clinvar+pg_dms__cnn__seed43,MSH6,P43246:762:L>C,0,0.8632194
train-clinvar+pg_dms__cnn__seed43,MSH6,P43246:762:L>P,1,0.97942173
train-clinvar+pg_dms__cnn__seed43,MSH6,P43246:762:L>Y,0,0.9522944
train-clinvar+pg_dms__cnn__seed43,MSH6,P43246:762:L>A,1,0.9168588
train-clinvar+pg_dms__cnn__seed43,MSH6,P43246:762:L>D,1,0.9773801
train-clinvar+pg_dms__cnn__seed43,MSH6,P43246:769:Y>W,0,0.28534126
train-clinvar+pg_dms__cnn__seed43,MSH6,P43246:769:Y>G,0,0.42554837
train-clinvar+pg_dms__cnn__seed43,MSH6,P43246:769:Y>M,0,0.63482434
train-clinvar+pg_dms__cnn__seed43,MSH6,P43246:769:Y>S,0,0.18953381
train-clinvar+pg_dms__cnn__seed43,MSH6,P43246:769:Y>T,0,0.4355323
train-clinvar+pg_dms__cnn__seed43,MSH6,P43246:769:Y>V,0,0.36172095
train-clinvar+pg_dms__cnn__seed43,MSH6,P43246:769:Y>N,0,0.121933594
train-clinvar+pg_dms__cnn__seed43,MSH6,P43246:769:Y>L,0,0.4946419
train-clinvar+pg_dms__cnn__seed43,MSH6,P43246:769:Y>R,0,0.36425287
train-clinvar+pg_dms__cnn__seed43,MSH6,P43246:769:Y>P,1,0.9301802
train-clinvar+pg_dms__cnn__seed43,MSH6,P43246:769:Y>F,0,0.072300486
train-clinvar+pg_dms__cnn__seed43,MSH6,P43246:769:Y>E,0,0.4192833
train-clinvar+pg_dms__cnn__seed43,MSH6,P43246:769:Y>D,0,0.24755356
train-clinvar+pg_dms__cnn__seed43,MSH6,P43246:769:Y>C,0,0.052009784
train-clinvar+pg_dms__cnn__seed43,MSH6,P43246:769:Y>A,0,0.34519762
train-clinvar+pg_dms__cnn__seed43,MSH6,P43246:769:Y>K,0,0.50700843
train-clinvar+pg_dms__cnn__seed43,MSH6,P43246:769:Y>I,0,0.5787046
train-clinvar+pg_dms__cnn__seed43,MSH6,P43246:770:I>W,1,0.9805131
train-clinvar+pg_dms__cnn__seed43,MSH6,P43246:770:I>A,0,0.65950143
train-clinvar+pg_dms__cnn__seed43,MSH6,P43246:770:I>C,0,0.7000628
train-clinvar+pg_dms__cnn__seed43,MSH6,P43246:770:I>D,1,0.9798217
train-clinvar+pg_dms__cnn__seed43,MSH6,P43246:770:I>E,0,0.98479295
train-clinvar+pg_dms__cnn__seed43,MSH6,P43246:770:I>F,0,0.75451523
train-clinvar+pg_dms__cnn__seed43,MSH6,P43246:770:I>G,1,0.96642673
train-clinvar+pg_dms__cnn__seed43,MSH6,P43246:770:I>K,1,0.97264445
train-clinvar+pg_dms__cnn__seed43,MSH6,P43246:770:I>L,0,0.07517042
train-clinvar+pg_dms__cnn__seed43,MSH6,P43246:770:I>Q,0,0.9451798
train-clinvar+pg_dms__cnn__seed43,MSH6,P43246:770:I>R,1,0.9741788
train-clinvar+pg_dms__cnn__seed43,MSH6,P43246:770:I>S,0,0.93252385
train-clinvar+pg_dms__cnn__seed43,MSH6,P43246:770:I>T,0,0.48957792
train-clinvar+pg_dms__cnn__seed43,MSH6,P43246:770:I>V,0,0.10201183
train-clinvar+pg_dms__cnn__seed43,MSH6,P43246:770:I>Y,0,0.9614337
train-clinvar+pg_dms__cnn__seed43,MSH6,P43246:770:I>P,1,0.98836106
train-clinvar+pg_dms__cnn__seed43,MSH6,P43246:770:I>M,0,0.11362581
train-clinvar+pg_dms__cnn__seed43,MSH6,P43246:774:I>Q,0,0.32692024
train-clinvar+pg_dms__cnn__seed43,MSH6,P43246:774:I>W,1,0.8560758
train-clinvar+pg_dms__cnn__seed43,MSH6,P43246:774:I>T,0,0.10174381
train-clinvar+pg_dms__cnn__seed43,MSH6,P43246:774:I>R,0,0.30466762
train-clinvar+pg_dms__cnn__seed43,MSH6,P43246:774:I>P,1,0.9201082
train-clinvar+pg_dms__cnn__seed43,MSH6,P43246:774:I>N,0,0.2924764
train-clinvar+pg_dms__cnn__seed43,MSH6,P43246:774:I>L,0,0.054391827
train-clinvar+pg_dms__cnn__seed43,MSH6,P43246:774:I>K,0,0.33705187
train-clinvar+pg_dms__cnn__seed43,MSH6,P43246:774:I>H,0,0.49578378
train-clinvar+pg_dms__cnn__seed43,MSH6,P43246:774:I>G,0,0.5651257
train-clinvar+pg_dms__cnn__seed43,MSH6,P43246:774:I>F,0,0.21523693
train-clinvar+pg_dms__cnn__seed43,MSH6,P43246:774:I>Y,0,0.5516127
train-clinvar+pg_dms__cnn__seed43,MSH6,P43246:774:I>D,1,0.8680689
train-clinvar+pg_dms__cnn__seed43,MSH6,P43246:774:I>A,0,0.058171436
train-clinvar+pg_dms__cnn__seed43,MSH6,P43246:774:I>C,0,0.18269783
train-clinvar+pg_dms__cnn__seed43,MSH6,P43246:788:T>C,0,0.4696763
train-clinvar+pg_dms__cnn__seed43,MSH6,P43246:788:T>A,0,0.2140552
train-clinvar+pg_dms__cnn__seed43,MSH6,P43246:788:T>H,0,0.76324266
train-clinvar+pg_dms__cnn__seed43,MSH6,P43246:788:T>K,0,0.8164698
train-clinvar+pg_dms__cnn__seed43,MSH6,P43246:788:T>L,0,0.54132533
train-clinvar+pg_dms__cnn__seed43,MSH6,P43246:788:T>F,0,0.804971
train-clinvar+pg_dms__cnn__seed43,MSH6,P43246:788:T>N,0,0.4619657
train-clinvar+pg_dms__cnn__seed43,MSH6,P43246:788:T>M,1,0.346746
train-clinvar+pg_dms__cnn__seed43,MSH6,P43246:788:T>Q,0,0.6989739
train-clinvar+pg_dms__cnn__seed43,MSH6,P43246:788:T>R,0,0.8163339
train-clinvar+pg_dms__cnn__seed43,MSH6,P43246:788:T>S,0,0.30458295
train-clinvar+pg_dms__cnn__seed43,MSH6,P43246:788:T>V,0,0.5060425
train-clinvar+pg_dms__cnn__seed43,MSH6,P43246:788:T>W,1,0.87822735
train-clinvar+pg_dms__cnn__seed43,MSH6,P43246:788:T>Y,0,0.8127136
train-clinvar+pg_dms__cnn__seed43,MSH6,P43246:788:T>E,0,0.8542513
train-clinvar+pg_dms__cnn__seed43,MSH6,P43246:788:T>P,0,0.6379934
train-clinvar+pg_dms__cnn__seed43,MSH6,P43246:788:T>G,0,0.46935976
train-clinvar+pg_dms__cnn__seed43,MSH6,P43246:789:A>Y,0,0.34592462
train-clinvar+pg_dms__cnn__seed43,MSH6,P43246:789:A>W,1,0.6688288
train-clinvar+pg_dms__cnn__seed43,MSH6,P43246:789:A>R,0,0.32731107
train-clinvar+pg_dms__cnn__seed43,MSH6,P43246:789:A>Q,0,0.20608847
train-clinvar+pg_dms__cnn__seed43,MSH6,P43246:789:A>P,0,0.81431705
train-clinvar+pg_dms__cnn__seed43,MSH6,P43246:789:A>N,0,0.19382404
train-clinvar+pg_dms__cnn__seed43,MSH6,P43246:789:A>M,0,0.14093734
train-clinvar+pg_dms__cnn__seed43,MSH6,P43246:789:A>L,0,0.13224208
train-clinvar+pg_dms__cnn__seed43,MSH6,P43246:789:A>K,0,0.408739
train-clinvar+pg_dms__cnn__seed43,MSH6,P43246:789:A>I,0,0.1743878
train-clinvar+pg_dms__cnn__seed43,MSH6,P43246:789:A>H,0,0.3269675
train-clinvar+pg_dms__cnn__seed43,MSH6,P43246:789:A>G,0,0.13013595
train-clinvar+pg_dms__cnn__seed43,MSH6,P43246:789:A>F,0,0.26711926
train-clinvar+pg_dms__cnn__seed43,MSH6,P43246:789:A>E,0,0.23490347
train-clinvar+pg_dms__cnn__seed43,MSH6,P43246:789:A>C,0,0.15093373
train-clinvar+pg_dms__cnn__seed43,MSH6,P43246:789:A>S,0,0.08245475
train-clinvar+pg_dms__cnn__seed43,MSH6,P43246:789:A>T,0,0.09570007
train-clinvar+pg_dms__cnn__seed43,MSH6,P43246:790:L>F,0,0.5821772
train-clinvar+pg_dms__cnn__seed43,MSH6,P43246:790:L>P,1,0.9688732
train-clinvar+pg_dms__cnn__seed43,MSH6,P43246:790:L>R,1,0.92960006
train-clinvar+pg_dms__cnn__seed43,MSH6,P43246:790:L>S,1,0.83999044
train-clinvar+pg_dms__cnn__seed43,MSH6,P43246:790:L>T,0,0.7580238
train-clinvar+pg_dms__cnn__seed43,MSH6,P43246:790:L>V,0,0.17283106
train-clinvar+pg_dms__cnn__seed43,MSH6,P43246:790:L>W,1,0.9215044
train-clinvar+pg_dms__cnn__seed43,MSH6,P43246:790:L>M,0,0.11965088
train-clinvar+pg_dms__cnn__seed43,MSH6,P43246:790:L>K,1,0.8611965
train-clinvar+pg_dms__cnn__seed43,MSH6,P43246:790:L>I,0,0.08255651
train-clinvar+pg_dms__cnn__seed43,MSH6,P43246:790:L>H,1,0.8819962
train-clinvar+pg_dms__cnn__seed43,MSH6,P43246:790:L>G,1,0.9105151
train-clinvar+pg_dms__cnn__seed43,MSH6,P43246:790:L>D,1,0.9621889
train-clinvar+pg_dms__cnn__seed43,MSH6,P43246:790:L>C,0,0.652203
train-clinvar+pg_dms__cnn__seed43,MSH6,P43246:790:L>A,0,0.6294815
train-clinvar+pg_dms__cnn__seed43,MSH6,P43246:790:L>Q,0,0.7374403
train-clinvar+pg_dms__cnn__seed43,MSH6,P43246:790:L>N,1,0.90547615
train-clinvar+pg_dms__cnn__seed43,MSH6,P43246:791:A>N,0,0.15210225
train-clinvar+pg_dms__cnn__seed43,MSH6,P43246:791:A>Y,0,0.54262376
train-clinvar+pg_dms__cnn__seed43,MSH6,P43246:791:A>W,0,0.8141161
train-clinvar+pg_dms__cnn__seed43,MSH6,P43246:791:A>R,0,0.43141332
train-clinvar+pg_dms__cnn__seed43,MSH6,P43246:791:A>C,0,0.16898522
train-clinvar+pg_dms__cnn__seed43,MSH6,P43246:791:A>Q,0,0.13403125
train-clinvar+pg_dms__cnn__seed43,MSH6,P43246:791:A>D,0,0.19440018
train-clinvar+pg_dms__cnn__seed43,MSH6,P43246:791:A>F,0,0.49486014
train-clinvar+pg_dms__cnn__seed43,MSH6,P43246:791:A>G,0,0.07938237
train-clinvar+pg_dms__cnn__seed43,MSH6,P43246:791:A>H,0,0.35474217
train-clinvar+pg_dms__cnn__seed43,MSH6,P43246:791:A>I,0,0.33335596
train-clinvar+pg_dms__cnn__seed43,MSH6,P43246:791:A>K,0,0.50149304
train-clinvar+pg_dms__cnn__seed43,MSH6,P43246:791:A>L,0,0.2974809
train-clinvar+pg_dms__cnn__seed43,MSH6,P43246:791:A>M,1,0.32315075
train-clinvar+pg_dms__cnn__seed43,MSH6,P43246:791:A>E,0,0.13850838
train-clinvar+pg_dms__cnn__seed43,MSH6,P43246:794:I>C,0,0.120639056
train-clinvar+pg_dms__cnn__seed43,MSH6,P43246:794:I>V,0,0.12878637
train-clinvar+pg_dms__cnn__seed43,MSH6,P43246:794:I>T,0,0.14780039
train-clinvar+pg_dms__cnn__seed43,MSH6,P43246:794:I>S,0,0.12871695
train-clinvar+pg_dms__cnn__seed43,MSH6,P43246:794:I>R,0,0.16786359
train-clinvar+pg_dms__cnn__seed43,MSH6,P43246:794:I>Q,0,0.15425846
train-clinvar+pg_dms__cnn__seed43,MSH6,P43246:794:I>P,1,0.95343053
train-clinvar+pg_dms__cnn__seed43,MSH6,P43246:794:I>N,0,0.11338255
train-clinvar+pg_dms__cnn__seed43,MSH6,P43246:794:I>M,1,0.096070156
train-clinvar+pg_dms__cnn__seed43,MSH6,P43246:794:I>A,0,0.15972403
train-clinvar+pg_dms__cnn__seed43,MSH6,P43246:794:I>L,0,0.10197138
train-clinvar+pg_dms__cnn__seed43,MSH6,P43246:794:I>H,0,0.15746313
train-clinvar+pg_dms__cnn__seed43,MSH6,P43246:794:I>G,0,0.52615106
train-clinvar+pg_dms__cnn__seed43,MSH6,P43246:794:I>F,0,0.059017364
train-clinvar+pg_dms__cnn__seed43,MSH6,P43246:794:I>E,0,0.3605847
train-clinvar+pg_dms__cnn__seed43,MSH6,P43246:794:I>D,0,0.6886922
train-clinvar+pg_dms__cnn__seed43,MSH6,P43246:794:I>Y,0,0.10300778
train-clinvar+pg_dms__cnn__seed43,MSH6,P43246:794:I>W,0,0.6688105
train-clinvar+pg_dms__cnn__seed43,MSH6,P43246:798:N>P,1,0.96156603
train-clinvar+pg_dms__cnn__seed43,MSH6,P43246:798:N>M,0,0.1105547
train-clinvar+pg_dms__cnn__seed43,MSH6,P43246:798:N>L,0,0.101569474
train-clinvar+pg_dms__cnn__seed43,MSH6,P43246:798:N>I,0,0.07923406
train-clinvar+pg_dms__cnn__seed43,MSH6,P43246:798:N>D,0,0.14891614
train-clinvar+pg_dms__cnn__seed43,MSH6,P43246:798:N>G,0,0.0653925
train-clinvar+pg_dms__cnn__seed43,MSH6,P43246:798:N>F,0,0.14221725
train-clinvar+pg_dms__cnn__seed43,MSH6,P43246:798:N>Q,0,0.051454604
train-clinvar+pg_dms__cnn__seed43,MSH6,P43246:798:N>A,0,0.04195319
train-clinvar+pg_dms__cnn__seed43,MSH6,P43246:798:N>C,0,0.030572854
train-clinvar+pg_dms__cnn__seed43,MSH6,P43246:798:N>H,1,0.044568237
train-clinvar+pg_dms__cnn__seed43,MSH6,P43246:798:N>E,0,0.095380336
train-clinvar+pg_dms__cnn__seed43,MSH6,P43246:798:N>R,0,0.073532976
train-clinvar+pg_dms__cnn__seed43,MSH6,P43246:798:N>V,0,0.07597831
train-clinvar+pg_dms__cnn__seed43,MSH6,P43246:798:N>W,0,0.5667032
train-clinvar+pg_dms__cnn__seed43,MSH6,P43246:798:N>Y,0,0.044857994
train-clinvar+pg_dms__cnn__seed43,MSH6,P43246:798:N>S,0,0.06561502
train-clinvar+pg_dms__cnn__seed43,MSH6,P43246:810:T>A,0,0.027904304
train-clinvar+pg_dms__cnn__seed43,MSH6,P43246:810:T>C,0,0.031983547
train-clinvar+pg_dms__cnn__seed43,MSH6,P43246:810:T>Y,0,0.06193082
train-clinvar+pg_dms__cnn__seed43,MSH6,P43246:810:T>D,0,0.100427404
train-clinvar+pg_dms__cnn__seed43,MSH6,P43246:810:T>E,0,0.08916168
train-clinvar+pg_dms__cnn__seed43,MSH6,P43246:810:T>H,0,0.035441022
train-clinvar+pg_dms__cnn__seed43,MSH6,P43246:810:T>I,0,0.08250955
train-clinvar+pg_dms__cnn__seed43,MSH6,P43246:810:T>K,0,0.05128434
train-clinvar+pg_dms__cnn__seed43,MSH6,P43246:810:T>W,0,0.2651512
train-clinvar+pg_dms__cnn__seed43,MSH6,P43246:810:T>V,0,0.045999426
train-clinvar+pg_dms__cnn__seed43,MSH6,P43246:810:T>S,0,0.03396321
train-clinvar+pg_dms__cnn__seed43,MSH6,P43246:810:T>L,0,0.044134304
train-clinvar+pg_dms__cnn__seed43,MSH6,P43246:810:T>P,0,0.258066
train-clinvar+pg_dms__cnn__seed43,MSH6,P43246:810:T>M,0,0.03890034
train-clinvar+pg_dms__cnn__seed43,MSH6,P43246:810:T>R,0,0.047228597
train-clinvar+pg_dms__cnn__seed43,MSH6,P43246:810:T>G,0,0.053937126
train-clinvar+pg_dms__cnn__seed43,MSH6,P43246:815:Y>I,1,0.7901671
train-clinvar+pg_dms__cnn__seed43,MSH6,P43246:815:Y>K,0,0.852768
train-clinvar+pg_dms__cnn__seed43,MSH6,P43246:815:Y>L,0,0.6842431
train-clinvar+pg_dms__cnn__seed43,MSH6,P43246:815:Y>M,1,0.8442356
train-clinvar+pg_dms__cnn__seed43,MSH6,P43246:815:Y>N,0,0.7984661
train-clinvar+pg_dms__cnn__seed43,MSH6,P43246:815:Y>P,0,0.91615236
train-clinvar+pg_dms__cnn__seed43,MSH6,P43246:815:Y>Q,0,0.76636255
train-clinvar+pg_dms__cnn__seed43,MSH6,P43246:815:Y>R,0,0.86682725
train-clinvar+pg_dms__cnn__seed43,MSH6,P43246:815:Y>S,1,0.7952095
train-clinvar+pg_dms__cnn__seed43,MSH6,P43246:815:Y>T,0,0.80108017
train-clinvar+pg_dms__cnn__seed43,MSH6,P43246:815:Y>V,1,0.8524368
train-clinvar+pg_dms__cnn__seed43,MSH6,P43246:815:Y>W,0,0.577903
train-clinvar+pg_dms__cnn__seed43,MSH6,P43246:815:Y>G,1,0.7619896
train-clinvar+pg_dms__cnn__seed43,MSH6,P43246:815:Y>F,0,0.106635205
train-clinvar+pg_dms__cnn__seed43,MSH6,P43246:815:Y>E,1,0.8137771
train-clinvar+pg_dms__cnn__seed43,MSH6,P43246:815:Y>D,1,0.9002978
train-clinvar+pg_dms__cnn__seed43,MSH6,P43246:815:Y>A,1,0.74618274
train-clinvar+pg_dms__cnn__seed43,MSH6,P43246:825:S>A,0,0.2753217
train-clinvar+pg_dms__cnn__seed43,MSH6,P43246:825:S>C,0,0.22833784
train-clinvar+pg_dms__cnn__seed43,MSH6,P43246:825:S>D,0,0.67378855
train-clinvar+pg_dms__cnn__seed43,MSH6,P43246:825:S>E,0,0.61489195
train-clinvar+pg_dms__cnn__seed43,MSH6,P43246:825:S>H,0,0.42380595
train-clinvar+pg_dms__cnn__seed43,MSH6,P43246:825:S>L,1,0.4299629
train-clinvar+pg_dms__cnn__seed43,MSH6,P43246:825:S>K,0,0.59992313
train-clinvar+pg_dms__cnn__seed43,MSH6,P43246:825:S>V,0,0.55183506
train-clinvar+pg_dms__cnn__seed43,MSH6,P43246:825:S>T,0,0.37082955
train-clinvar+pg_dms__cnn__seed43,MSH6,P43246:825:S>R,0,0.5799288
train-clinvar+pg_dms__cnn__seed43,MSH6,P43246:825:S>P,0,0.7348901
train-clinvar+pg_dms__cnn__seed43,MSH6,P43246:825:S>N,1,0.47753352
train-clinvar+pg_dms__cnn__seed43,MSH6,P43246:825:S>M,1,0.53237027
train-clinvar+pg_dms__cnn__seed43,MSH6,P43246:825:S>W,1,0.67013294
train-clinvar+pg_dms__cnn__seed43,MSH6,P43246:825:S>I,0,0.52508134
train-clinvar+pg_dms__cnn__seed43,MSH6,P43246:826:F>L,0,0.5091902
train-clinvar+pg_dms__cnn__seed43,MSH6,P43246:826:F>K,0,0.72169966
train-clinvar+pg_dms__cnn__seed43,MSH6,P43246:826:F>I,0,0.5466291
train-clinvar+pg_dms__cnn__seed43,MSH6,P43246:826:F>H,0,0.41403106
train-clinvar+pg_dms__cnn__seed43,MSH6,P43246:826:F>G,0,0.5727616
train-clinvar+pg_dms__cnn__seed43,MSH6,P43246:826:F>E,0,0.66829103
train-clinvar+pg_dms__cnn__seed43,MSH6,P43246:826:F>D,0,0.7724743
train-clinvar+pg_dms__cnn__seed43,MSH6,P43246:826:F>W,0,0.6083381
train-clinvar+pg_dms__cnn__seed43,MSH6,P43246:826:F>M,0,0.545024
train-clinvar+pg_dms__cnn__seed43,MSH6,P43246:826:F>C,0,0.12414187
train-clinvar+pg_dms__cnn__seed43,MSH6,P43246:826:F>P,0,0.84880936
train-clinvar+pg_dms__cnn__seed43,MSH6,P43246:826:F>Q,0,0.53692114
train-clinvar+pg_dms__cnn__seed43,MSH6,P43246:826:F>R,0,0.6218362
train-clinvar+pg_dms__cnn__seed43,MSH6,P43246:826:F>T,0,0.52545726
train-clinvar+pg_dms__cnn__seed43,MSH6,P43246:826:F>V,0,0.49617276
train-clinvar+pg_dms__cnn__seed43,MSH6,P43246:826:F>A,0,0.49032468
train-clinvar+pg_dms__cnn__seed43,MSH6,P43246:826:F>N,0,0.54339975
train-clinvar+pg_dms__cnn__seed43,MSH6,P43246:826:F>Y,0,0.18374915
train-clinvar+pg_dms__cnn__seed43,MSH6,P43246:830:V>Q,0,0.43540064
train-clinvar+pg_dms__cnn__seed43,MSH6,P43246:830:V>C,0,0.05415376
train-clinvar+pg_dms__cnn__seed43,MSH6,P43246:830:V>A,0,0.28845727
train-clinvar+pg_dms__cnn__seed43,MSH6,P43246:830:V>Y,0,0.26865923
train-clinvar+pg_dms__cnn__seed43,MSH6,P43246:830:V>W,0,0.72657263
train-clinvar+pg_dms__cnn__seed43,MSH6,P43246:830:V>T,0,0.33103073
train-clinvar+pg_dms__cnn__seed43,MSH6,P43246:830:V>R,0,0.60213506
train-clinvar+pg_dms__cnn__seed43,MSH6,P43246:830:V>P,1,0.8690027
train-clinvar+pg_dms__cnn__seed43,MSH6,P43246:830:V>M,0,0.4756227
train-clinvar+pg_dms__cnn__seed43,MSH6,P43246:830:V>S,0,0.1971082
train-clinvar+pg_dms__cnn__seed43,MSH6,P43246:830:V>K,0,0.5415485
train-clinvar+pg_dms__cnn__seed43,MSH6,P43246:830:V>I,0,0.02828477
train-clinvar+pg_dms__cnn__seed43,MSH6,P43246:830:V>H,0,0.3242914
train-clinvar+pg_dms__cnn__seed43,MSH6,P43246:830:V>G,0,0.3794133
train-clinvar+pg_dms__cnn__seed43,MSH6,P43246:830:V>F,0,0.39718962
train-clinvar+pg_dms__cnn__seed43,MSH6,P43246:830:V>E,0,0.61018014
train-clinvar+pg_dms__cnn__seed43,MSH6,P43246:830:V>L,0,0.4063669
train-clinvar+pg_dms__cnn__seed43,MSH6,P43246:830:V>D,0,0.67461395
train-clinvar+pg_dms__cnn__seed43,MSH6,P43246:834:A>Y,0,0.6851843
train-clinvar+pg_dms__cnn__seed43,MSH6,P43246:834:A>W,0,0.7027189
train-clinvar+pg_dms__cnn__seed43,MSH6,P43246:834:A>V,0,0.13680264
train-clinvar+pg_dms__cnn__seed43,MSH6,P43246:834:A>S,0,0.13291004
train-clinvar+pg_dms__cnn__seed43,MSH6,P43246:834:A>R,0,0.69166803
train-clinvar+pg_dms__cnn__seed43,MSH6,P43246:834:A>Q,0,0.5994645
train-clinvar+pg_dms__cnn__seed43,MSH6,P43246:834:A>P,1,0.7589482
train-clinvar+pg_dms__cnn__seed43,MSH6,P43246:834:A>M,0,0.55651724
train-clinvar+pg_dms__cnn__seed43,MSH6,P43246:834:A>L,0,0.33763704
train-clinvar+pg_dms__cnn__seed43,MSH6,P43246:834:A>N,0,0.61222476
train-clinvar+pg_dms__cnn__seed43,MSH6,P43246:834:A>I,0,0.41786924
train-clinvar+pg_dms__cnn__seed43,MSH6,P43246:834:A>H,0,0.597552
train-clinvar+pg_dms__cnn__seed43,MSH6,P43246:834:A>F,0,0.62639266
train-clinvar+pg_dms__cnn__seed43,MSH6,P43246:834:A>E,0,0.67999715
train-clinvar+pg_dms__cnn__seed43,MSH6,P43246:834:A>D,1,0.7357668
train-clinvar+pg_dms__cnn__seed43,MSH6,P43246:834:A>C,0,0.26219875
train-clinvar+pg_dms__cnn__seed43,MSH6,P43246:834:A>K,0,0.72241193
train-clinvar+pg_dms__cnn__seed43,MSH6,P43246:847:K>H,0,0.117096215
train-clinvar+pg_dms__cnn__seed43,MSH6,P43246:847:K>V,0,0.24867003
train-clinvar+pg_dms__cnn__seed43,MSH6,P43246:847:K>S,0,0.31886312
train-clinvar+pg_dms__cnn__seed43,MSH6,P43246:847:K>R,0,0.027059903
train-clinvar+pg_dms__cnn__seed43,MSH6,P43246:847:K>P,0,0.65134436
train-clinvar+pg_dms__cnn__seed43,MSH6,P43246:847:K>N,0,0.27463907
train-clinvar+pg_dms__cnn__seed43,MSH6,P43246:847:K>M,0,0.18399242
train-clinvar+pg_dms__cnn__seed43,MSH6,P43246:847:K>L,0,0.19021288
train-clinvar+pg_dms__cnn__seed43,MSH6,P43246:847:K>I,0,0.27043432
train-clinvar+pg_dms__cnn__seed43,MSH6,P43246:847:K>E,0,0.30258706
train-clinvar+pg_dms__cnn__seed43,MSH6,P43246:847:K>G,0,0.35461584
train-clinvar+pg_dms__cnn__seed43,MSH6,P43246:847:K>A,0,0.20086972
train-clinvar+pg_dms__cnn__seed43,MSH6,P43246:847:K>C,0,0.14217308
train-clinvar+pg_dms__cnn__seed43,MSH6,P43246:847:K>D,0,0.4249116
train-clinvar+pg_dms__cnn__seed43,MSH6,P43246:847:K>W,0,0.43704838
train-clinvar+pg_dms__cnn__seed43,MSH6,P43246:847:K>Y,0,0.30029207
train-clinvar+pg_dms__cnn__seed43,MSH6,P43246:847:K>F,0,0.2821611
train-clinvar+pg_dms__cnn__seed43,MSH6,P43246:849:L>T,0,0.011955165
train-clinvar+pg_dms__cnn__seed43,MSH6,P43246:849:L>A,0,0.007869287
train-clinvar+pg_dms__cnn__seed43,MSH6,P43246:849:L>R,0,0.030713659
train-clinvar+pg_dms__cnn__seed43,MSH6,P43246:849:L>P,0,0.45522127
train-clinvar+pg_dms__cnn__seed43,MSH6,P43246:849:L>N,0,0.012075603
train-clinvar+pg_dms__cnn__seed43,MSH6,P43246:849:L>K,0,0.01262804
train-clinvar+pg_dms__cnn__seed43,MSH6,P43246:849:L>I,0,0.008097107
train-clinvar+pg_dms__cnn__seed43,MSH6,P43246:849:L>H,0,0.008457551
train-clinvar+pg_dms__cnn__seed43,MSH6,P43246:849:L>G,0,0.019999433
train-clinvar+pg_dms__cnn__seed43,MSH6,P43246:849:L>F,0,0.0092505375
train-clinvar+pg_dms__cnn__seed43,MSH6,P43246:849:L>E,0,0.015907094
train-clinvar+pg_dms__cnn__seed43,MSH6,P43246:849:L>D,0,0.042697333
train-clinvar+pg_dms__cnn__seed43,MSH6,P43246:849:L>C,0,0.010727119
train-clinvar+pg_dms__cnn__seed43,MSH6,P43246:849:L>Y,0,0.014066339
train-clinvar+pg_dms__cnn__seed43,MSH6,P43246:849:L>W,0,0.022217343
train-clinvar+pg_dms__cnn__seed43,MSH6,P43246:849:L>V,0,0.022881648
train-clinvar+pg_dms__cnn__seed43,MSH6,P43246:849:L>S,0,0.008784194
train-clinvar+pg_dms__cnn__seed43,MSH6,P43246:856:Y>A,0,0.002415166
train-clinvar+pg_dms__cnn__seed43,MSH6,P43246:856:Y>K,0,0.0076042973
train-clinvar+pg_dms__cnn__seed43,MSH6,P43246:856:Y>D,0,0.0076893177
train-clinvar+pg_dms__cnn__seed43,MSH6,P43246:856:Y>N,0,0.0033950068
train-clinvar+pg_dms__cnn__seed43,MSH6,P43246:856:Y>M,0,0.012482449
train-clinvar+pg_dms__cnn__seed43,MSH6,P43246:856:Y>L,0,0.0058822734
train-clinvar+pg_dms__cnn__seed43,MSH6,P43246:856:Y>C,0,0.002685153
train-clinvar+pg_dms__cnn__seed43,MSH6,P43246:856:Y>R,0,0.00693272
train-clinvar+pg_dms__cnn__seed43,MSH6,P43246:856:Y>S,0,0.004165224
train-clinvar+pg_dms__cnn__seed43,MSH6,P43246:856:Y>T,0,0.005040471
train-clinvar+pg_dms__cnn__seed43,MSH6,P43246:856:Y>V,0,0.0060359677
train-clinvar+pg_dms__cnn__seed43,MSH6,P43246:856:Y>W,0,0.023275139
train-clinvar+pg_dms__cnn__seed43,MSH6,P43246:856:Y>P,0,0.038716473
train-clinvar+pg_dms__cnn__seed43,MSH6,P43246:856:Y>Q,0,0.0051495265
train-clinvar+pg_dms__cnn__seed43,MSH6,P43246:856:Y>I,0,0.0054378714
train-clinvar+pg_dms__cnn__seed43,MSH6,P43246:856:Y>G,0,0.004848082
train-clinvar+pg_dms__cnn__seed43,MSH6,P43246:856:Y>E,0,0.010271112
train-clinvar+pg_dms__cnn__seed43,MSH6,P43246:861:Q>V,0,0.02345356
train-clinvar+pg_dms__cnn__seed43,MSH6,P43246:861:Q>F,0,0.053517565
train-clinvar+pg_dms__cnn__seed43,MSH6,P43246:861:Q>G,0,0.026474085
train-clinvar+pg_dms__cnn__seed43,MSH6,P43246:861:Q>H,0,0.015926259
train-clinvar+pg_dms__cnn__seed43,MSH6,P43246:861:Q>T,0,0.023879474
train-clinvar+pg_dms__cnn__seed43,MSH6,P43246:861:Q>L,0,0.058035973
train-clinvar+pg_dms__cnn__seed43,MSH6,P43246:861:Q>A,0,0.01753981
train-clinvar+pg_dms__cnn__seed43,MSH6,P43246:861:Q>C,0,0.011616727
train-clinvar+pg_dms__cnn__seed43,MSH6,P43246:861:Q>D,0,0.027898926
train-clinvar+pg_dms__cnn__seed43,MSH6,P43246:861:Q>E,0,0.040760558
train-clinvar+pg_dms__cnn__seed43,MSH6,P43246:861:Q>M,0,0.041198898
train-clinvar+pg_dms__cnn__seed43,MSH6,P43246:861:Q>P,0,0.0476746
train-clinvar+pg_dms__cnn__seed43,MSH6,P43246:861:Q>R,0,0.019487023
train-clinvar+pg_dms__cnn__seed43,MSH6,P43246:861:Q>S,0,0.017877148
train-clinvar+pg_dms__cnn__seed43,MSH6,P43246:861:Q>I,0,0.032008246
train-clinvar+pg_dms__cnn__seed43,MSH6,P43246:861:Q>Y,0,0.033988304
train-clinvar+pg_dms__cnn__seed43,MSH6,P43246:861:Q>W,0,0.0655183
train-clinvar+pg_dms__cnn__seed43,MSH6,P43246:866:M>E,0,0.03730567
train-clinvar+pg_dms__cnn__seed43,MSH6,P43246:866:M>C,0,0.028383585
train-clinvar+pg_dms__cnn__seed43,MSH6,P43246:866:M>Y,0,0.033779986
train-clinvar+pg_dms__cnn__seed43,MSH6,P43246:866:M>W,0,0.09573971
train-clinvar+pg_dms__cnn__seed43,MSH6,P43246:866:M>A,0,0.02141552
train-clinvar+pg_dms__cnn__seed43,MSH6,P43246:866:M>S,0,0.031318795
train-clinvar+pg_dms__cnn__seed43,MSH6,P43246:866:M>R,0,0.027017718
train-clinvar+pg_dms__cnn__seed43,MSH6,P43246:866:M>Q,0,0.027674712
train-clinvar+pg_dms__cnn__seed43,MSH6,P43246:866:M>P,0,0.08126408
train-clinvar+pg_dms__cnn__seed43,MSH6,P43246:866:M>L,0,0.040515997
train-clinvar+pg_dms__cnn__seed43,MSH6,P43246:866:M>K,0,0.036978766
train-clinvar+pg_dms__cnn__seed43,MSH6,P43246:866:M>I,0,0.047838353
train-clinvar+pg_dms__cnn__seed43,MSH6,P43246:866:M>H,0,0.03281461
train-clinvar+pg_dms__cnn__seed43,MSH6,P43246:866:M>G,0,0.04344512
train-clinvar+pg_dms__cnn__seed43,MSH6,P43246:866:M>F,0,0.04170343
train-clinvar+pg_dms__cnn__seed43,MSH6,P43246:866:M>V,0,0.030415257
train-clinvar+pg_dms__cnn__seed43,MSH6,P43246:867:E>L,0,0.040534236
train-clinvar+pg_dms__cnn__seed43,MSH6,P43246:867:E>K,0,0.04030722
train-clinvar+pg_dms__cnn__seed43,MSH6,P43246:867:E>F,0,0.12390292
train-clinvar+pg_dms__cnn__seed43,MSH6,P43246:867:E>H,0,0.06587791
train-clinvar+pg_dms__cnn__seed43,MSH6,P43246:867:E>G,0,0.017627768
train-clinvar+pg_dms__cnn__seed43,MSH6,P43246:867:E>M,0,0.051069412
train-clinvar+pg_dms__cnn__seed43,MSH6,P43246:867:E>I,0,0.044916086
train-clinvar+pg_dms__cnn__seed43,MSH6,P43246:867:E>N,0,0.037979107
train-clinvar+pg_dms__cnn__seed43,MSH6,P43246:867:E>S,0,0.027361015
train-clinvar+pg_dms__cnn__seed43,MSH6,P43246:867:E>Q,0,0.017211776
train-clinvar+pg_dms__cnn__seed43,MSH6,P43246:867:E>R,0,0.04075795
train-clinvar+pg_dms__cnn__seed43,MSH6,P43246:867:E>C,0,0.11088345
train-clinvar+pg_dms__cnn__seed43,MSH6,P43246:867:E>T,0,0.039049856
train-clinvar+pg_dms__cnn__seed43,MSH6,P43246:867:E>V,0,0.022004927
train-clinvar+pg_dms__cnn__seed43,MSH6,P43246:867:E>W,1,0.3703097
train-clinvar+pg_dms__cnn__seed43,MSH6,P43246:867:E>Y,0,0.09656158
train-clinvar+pg_dms__cnn__seed43,MSH6,P43246:867:E>A,0,0.024743514
train-clinvar+pg_dms__cnn__seed43,MSH6,P43246:867:E>P,0,0.09524132
train-clinvar+pg_dms__cnn__seed43,MSH6,P43246:875:L>C,0,0.0040947436
train-clinvar+pg_dms__cnn__seed43,MSH6,P43246:875:L>D,0,0.06336503
train-clinvar+pg_dms__cnn__seed43,MSH6,P43246:875:L>E,0,0.0097473515
train-clinvar+pg_dms__cnn__seed43,MSH6,P43246:875:L>A,0,0.0034764889
train-clinvar+pg_dms__cnn__seed43,MSH6,P43246:875:L>Y,0,0.013737505
train-clinvar+pg_dms__cnn__seed43,MSH6,P43246:875:L>G,0,0.0116279395
train-clinvar+pg_dms__cnn__seed43,MSH6,P43246:875:L>H,0,0.0031268676
train-clinvar+pg_dms__cnn__seed43,MSH6,P43246:875:L>K,0,0.005139833
train-clinvar+pg_dms__cnn__seed43,MSH6,P43246:875:L>P,0,0.10910026
train-clinvar+pg_dms__cnn__seed43,MSH6,P43246:875:L>Q,0,0.004353173
train-clinvar+pg_dms__cnn__seed43,MSH6,P43246:875:L>R,0,0.0061051846
train-clinvar+pg_dms__cnn__seed43,MSH6,P43246:875:L>T,0,0.0078013847
train-clinvar+pg_dms__cnn__seed43,MSH6,P43246:875:L>W,0,0.014620388
train-clinvar+pg_dms__cnn__seed43,MSH6,P43246:875:L>F,0,0.006259907
train-clinvar+pg_dms__cnn__seed43,MSH6,P43246:875:L>I,0,0.0038146714
train-clinvar+pg_dms__cnn__seed43,MSH6,P43246:875:L>S,0,0.005091203
train-clinvar+pg_dms__cnn__seed43,MSH6,P43246:881:E>V,0,0.05040735
train-clinvar+pg_dms__cnn__seed43,MSH6,P43246:881:E>Y,0,0.10755468
train-clinvar+pg_dms__cnn__seed43,MSH6,P43246:881:E>M,0,0.06781751
train-clinvar+pg_dms__cnn__seed43,MSH6,P43246:881:E>T,0,0.028563872
train-clinvar+pg_dms__cnn__seed43,MSH6,P43246:881:E>A,0,0.011139548
train-clinvar+pg_dms__cnn__seed43,MSH6,P43246:881:E>C,0,0.02595863
train-clinvar+pg_dms__cnn__seed43,MSH6,P43246:881:E>D,0,0.03988555
train-clinvar+pg_dms__cnn__seed43,MSH6,P43246:881:E>F,0,0.15031688
train-clinvar+pg_dms__cnn__seed43,MSH6,P43246:881:E>G,0,0.012950769
train-clinvar+pg_dms__cnn__seed43,MSH6,P43246:881:E>I,0,0.050515223
train-clinvar+pg_dms__cnn__seed43,MSH6,P43246:881:E>H,0,0.04330828
train-clinvar+pg_dms__cnn__seed43,MSH6,P43246:881:E>N,0,0.021598283
train-clinvar+pg_dms__cnn__seed43,MSH6,P43246:881:E>P,0,0.60022604
train-clinvar+pg_dms__cnn__seed43,MSH6,P43246:881:E>Q,0,0.017495258
train-clinvar+pg_dms__cnn__seed43,MSH6,P43246:881:E>R,0,0.025917932
train-clinvar+pg_dms__cnn__seed43,MSH6,P43246:881:E>S,0,0.02408297
train-clinvar+pg_dms__cnn__seed43,MSH6,P43246:881:E>L,0,0.05251389
train-clinvar+pg_dms__cnn__seed43,MSH6,P43246:881:E>W,0,0.31687534
train-clinvar+pg_dms__cnn__seed43,MSH6,P43246:882:K>V,0,0.010012337
train-clinvar+pg_dms__cnn__seed43,MSH6,P43246:882:K>T,0,0.020604085
train-clinvar+pg_dms__cnn__seed43,MSH6,P43246:882:K>S,0,0.010440976
train-clinvar+pg_dms__cnn__seed43,MSH6,P43246:882:K>R,0,0.009101364
train-clinvar+pg_dms__cnn__seed43,MSH6,P43246:882:K>Q,0,0.005742142
train-clinvar+pg_dms__cnn__seed43,MSH6,P43246:882:K>P,0,0.4356423
train-clinvar+pg_dms__cnn__seed43,MSH6,P43246:882:K>F,0,0.04324011
train-clinvar+pg_dms__cnn__seed43,MSH6,P43246:882:K>C,0,0.004931717
train-clinvar+pg_dms__cnn__seed43,MSH6,P43246:882:K>A,0,0.0038631323
train-clinvar+pg_dms__cnn__seed43,MSH6,P43246:882:K>N,0,0.008304665
train-clinvar+pg_dms__cnn__seed43,MSH6,P43246:882:K>M,0,0.009753217
train-clinvar+pg_dms__cnn__seed43,MSH6,P43246:882:K>L,0,0.009505366
train-clinvar+pg_dms__cnn__seed43,MSH6,P43246:882:K>W,0,0.097259045
train-clinvar+pg_dms__cnn__seed43,MSH6,P43246:882:K>H,0,0.005186213
train-clinvar+pg_dms__cnn__seed43,MSH6,P43246:882:K>G,0,0.012798716
train-clinvar+pg_dms__cnn__seed43,MSH6,P43246:882:K>E,0,0.012218763
train-clinvar+pg_dms__cnn__seed43,MSH6,P43246:882:K>D,0,0.023771113
train-clinvar+pg_dms__cnn__seed43,MSH6,P43246:882:K>I,0,0.007673518
train-clinvar+pg_dms__cnn__seed43,MSH6,P43246:883:I>A,0,0.04927973
train-clinvar+pg_dms__cnn__seed43,MSH6,P43246:883:I>C,0,0.07131559
train-clinvar+pg_dms__cnn__seed43,MSH6,P43246:883:I>D,0,0.66794175
train-clinvar+pg_dms__cnn__seed43,MSH6,P43246:883:I>E,0,0.27625772
train-clinvar+pg_dms__cnn__seed43,MSH6,P43246:883:I>F,0,0.030802038
train-clinvar+pg_dms__cnn__seed43,MSH6,P43246:883:I>G,0,0.6088505
train-clinvar+pg_dms__cnn__seed43,MSH6,P43246:883:I>H,0,0.15366445
train-clinvar+pg_dms__cnn__seed43,MSH6,P43246:883:I>K,0,0.21108015
train-clinvar+pg_dms__cnn__seed43,MSH6,P43246:883:I>N,0,0.15039963
train-clinvar+pg_dms__cnn__seed43,MSH6,P43246:883:I>M,0,0.047931038
train-clinvar+pg_dms__cnn__seed43,MSH6,P43246:883:I>P,0,0.95887077
train-clinvar+pg_dms__cnn__seed43,MSH6,P43246:883:I>Q,0,0.15961264
train-clinvar+pg_dms__cnn__seed43,MSH6,P43246:883:I>S,0,0.10182769
train-clinvar+pg_dms__cnn__seed43,MSH6,P43246:883:I>W,0,0.7101765
train-clinvar+pg_dms__cnn__seed43,MSH6,P43246:883:I>Y,0,0.10788204
train-clinvar+pg_dms__cnn__seed43,MSH6,P43246:883:I>L,0,0.03206087
train-clinvar+pg_dms__cnn__seed43,MSH6,P43246:883:I>R,0,0.14865519
train-clinvar+pg_dms__cnn__seed43,MSH6,P43246:887:F>W,0,0.40658996
train-clinvar+pg_dms__cnn__seed43,MSH6,P43246:887:F>V,0,0.073848836
train-clinvar+pg_dms__cnn__seed43,MSH6,P43246:887:F>S,0,0.6562603
train-clinvar+pg_dms__cnn__seed43,MSH6,P43246:887:F>R,1,0.8575697
train-clinvar+pg_dms__cnn__seed43,MSH6,P43246:887:F>Q,0,0.7294157
train-clinvar+pg_dms__cnn__seed43,MSH6,P43246:887:F>P,1,0.9703372
train-clinvar+pg_dms__cnn__seed43,MSH6,P43246:887:F>N,0,0.8239077
train-clinvar+pg_dms__cnn__seed43,MSH6,P43246:887:F>M,0,0.26350352
train-clinvar+pg_dms__cnn__seed43,MSH6,P43246:887:F>T,0,0.6637822
train-clinvar+pg_dms__cnn__seed43,MSH6,P43246:887:F>K,0,0.90183777
train-clinvar+pg_dms__cnn__seed43,MSH6,P43246:887:F>I,0,0.050079323
train-clinvar+pg_dms__cnn__seed43,MSH6,P43246:887:F>H,0,0.581022
train-clinvar+pg_dms__cnn__seed43,MSH6,P43246:887:F>G,0,0.7687061
train-clinvar+pg_dms__cnn__seed43,MSH6,P43246:887:F>E,0,0.8926007
train-clinvar+pg_dms__cnn__seed43,MSH6,P43246:887:F>D,0,0.87877023
train-clinvar+pg_dms__cnn__seed43,MSH6,P43246:887:F>C,0,0.021846907
train-clinvar+pg_dms__cnn__seed43,MSH6,P43246:887:F>A,0,0.4721485
train-clinvar+pg_dms__cnn__seed43,MSH6,P43246:887:F>Y,0,0.016331984
train-clinvar+pg_dms__cnn__seed43,MSH6,P43246:887:F>L,0,0.650586
train-clinvar+pg_dms__cnn__seed43,MSH6,P43246:889:S>N,0,0.012289327
train-clinvar+pg_dms__cnn__seed43,MSH6,P43246:889:S>M,0,0.01857851
train-clinvar+pg_dms__cnn__seed43,MSH6,P43246:889:S>I,0,0.015203872
train-clinvar+pg_dms__cnn__seed43,MSH6,P43246:889:S>P,0,0.34565693
train-clinvar+pg_dms__cnn__seed43,MSH6,P43246:889:S>Y,0,0.014405498
train-clinvar+pg_dms__cnn__seed43,MSH6,P43246:889:S>W,0,0.049847845
train-clinvar+pg_dms__cnn__seed43,MSH6,P43246:889:S>V,0,0.01966498
train-clinvar+pg_dms__cnn__seed43,MSH6,P43246:889:S>T,0,0.015826857
train-clinvar+pg_dms__cnn__seed43,MSH6,P43246:889:S>L,0,0.010686456
train-clinvar+pg_dms__cnn__seed43,MSH6,P43246:889:S>K,0,0.03299005
train-clinvar+pg_dms__cnn__seed43,MSH6,P43246:889:S>Q,0,0.017851882
train-clinvar+pg_dms__cnn__seed43,MSH6,P43246:889:S>H,0,0.013730434
train-clinvar+pg_dms__cnn__seed43,MSH6,P43246:889:S>G,0,0.011445018
train-clinvar+pg_dms__cnn__seed43,MSH6,P43246:889:S>E,0,0.02792482
train-clinvar+pg_dms__cnn__seed43,MSH6,P43246:889:S>D,0,0.03720398
train-clinvar+pg_dms__cnn__seed43,MSH6,P43246:889:S>A,0,0.007545888
train-clinvar+pg_dms__cnn__seed43,MSH6,P43246:889:S>R,0,0.030606817
train-clinvar+pg_dms__cnn__seed43,MSH6,P43246:890:K>Q,0,0.017357666
train-clinvar+pg_dms__cnn__seed43,MSH6,P43246:890:K>P,0,0.79335564
train-clinvar+pg_dms__cnn__seed43,MSH6,P43246:890:K>N,0,0.027820561
train-clinvar+pg_dms__cnn__seed43,MSH6,P43246:890:K>M,0,0.017818186
train-clinvar+pg_dms__cnn__seed43,MSH6,P43246:890:K>L,0,0.029641064
train-clinvar+pg_dms__cnn__seed43,MSH6,P43246:890:K>I,0,0.045171782
train-clinvar+pg_dms__cnn__seed43,MSH6,P43246:890:K>G,0,0.048770446
train-clinvar+pg_dms__cnn__seed43,MSH6,P43246:890:K>V,0,0.023044376
train-clinvar+pg_dms__cnn__seed43,MSH6,P43246:890:K>D,0,0.059214953
train-clinvar+pg_dms__cnn__seed43,MSH6,P43246:890:K>S,0,0.022259396
train-clinvar+pg_dms__cnn__seed43,MSH6,P43246:890:K>W,0,0.23332612
train-clinvar+pg_dms__cnn__seed43,MSH6,P43246:890:K>Y,0,0.09851082
train-clinvar+pg_dms__cnn__seed43,MSH6,P43246:890:K>C,0,0.017175082
train-clinvar+pg_dms__cnn__seed43,MSH6,P43246:890:K>A,0,0.014937484
train-clinvar+pg_dms__cnn__seed43,MSH6,P43246:890:K>E,0,0.05020214
train-clinvar+pg_dms__cnn__seed43,MSH6,P43246:890:K>T,0,0.017535646
train-clinvar+pg_dms__cnn__seed43,MSH6,P43246:890:K>R,0,0.015935438
train-clinvar+pg_dms__cnn__seed43,MSH6,P43246:893:Q>V,0,0.06225644
train-clinvar+pg_dms__cnn__seed43,MSH6,P43246:893:Q>T,0,0.04443954
train-clinvar+pg_dms__cnn__seed43,MSH6,P43246:893:Q>S,0,0.029974706
train-clinvar+pg_dms__cnn__seed43,MSH6,P43246:893:Q>N,0,0.036239002
train-clinvar+pg_dms__cnn__seed43,MSH6,P43246:893:Q>W,0,0.17226604
train-clinvar+pg_dms__cnn__seed43,MSH6,P43246:893:Q>Y,0,0.04995258
train-clinvar+pg_dms__cnn__seed43,MSH6,P43246:893:Q>R,0,0.04181939
train-clinvar+pg_dms__cnn__seed43,MSH6,P43246:893:Q>P,0,0.21950963
train-clinvar+pg_dms__cnn__seed43,MSH6,P43246:893:Q>A,0,0.016024215
train-clinvar+pg_dms__cnn__seed43,MSH6,P43246:893:Q>M,0,0.066394776
train-clinvar+pg_dms__cnn__seed43,MSH6,P43246:893:Q>K,0,0.032148868
train-clinvar+pg_dms__cnn__seed43,MSH6,P43246:893:Q>I,0,0.036568694
train-clinvar+pg_dms__cnn__seed43,MSH6,P43246:893:Q>H,0,0.03182575
train-clinvar+pg_dms__cnn__seed43,MSH6,P43246:893:Q>F,0,0.118295416
train-clinvar+pg_dms__cnn__seed43,MSH6,P43246:893:Q>E,0,0.035551302
train-clinvar+pg_dms__cnn__seed43,MSH6,P43246:893:Q>D,0,0.07454668
train-clinvar+pg_dms__cnn__seed43,MSH6,P43246:893:Q>C,0,0.02165124
train-clinvar+pg_dms__cnn__seed43,MSH6,P43246:893:Q>G,0,0.041371837
train-clinvar+pg_dms__cnn__seed43,MSH6,P43246:893:Q>L,0,0.0414172
train-clinvar+pg_dms__cnn__seed43,MSH6,P43246:907:K>S,0,0.025479307
train-clinvar+pg_dms__cnn__seed43,MSH6,P43246:907:K>V,0,0.02929413
train-clinvar+pg_dms__cnn__seed43,MSH6,P43246:907:K>R,0,0.01958987
train-clinvar+pg_dms__cnn__seed43,MSH6,P43246:907:K>W,0,0.17253752
train-clinvar+pg_dms__cnn__seed43,MSH6,P43246:907:K>T,0,0.023785802
train-clinvar+pg_dms__cnn__seed43,MSH6,P43246:907:K>Y,0,0.030990768
train-clinvar+pg_dms__cnn__seed43,MSH6,P43246:907:K>Q,0,0.014924439
train-clinvar+pg_dms__cnn__seed43,MSH6,P43246:907:K>D,0,0.06984511
train-clinvar+pg_dms__cnn__seed43,MSH6,P43246:907:K>N,0,0.02578463
train-clinvar+pg_dms__cnn__seed43,MSH6,P43246:907:K>L,0,0.016885314
train-clinvar+pg_dms__cnn__seed43,MSH6,P43246:907:K>I,0,0.025283964
train-clinvar+pg_dms__cnn__seed43,MSH6,P43246:907:K>H,0,0.00948153
train-clinvar+pg_dms__cnn__seed43,MSH6,P43246:907:K>G,0,0.039867066
train-clinvar+pg_dms__cnn__seed43,MSH6,P43246:907:K>F,0,0.11540718
train-clinvar+pg_dms__cnn__seed43,MSH6,P43246:907:K>E,0,0.021838583
train-clinvar+pg_dms__cnn__seed43,MSH6,P43246:907:K>C,0,0.010636913
train-clinvar+pg_dms__cnn__seed43,MSH6,P43246:907:K>A,0,0.01625727
train-clinvar+pg_dms__cnn__seed43,MSH6,P43246:907:K>P,0,0.60803914
train-clinvar+pg_dms__cnn__seed43,MSH6,P43246:908:L>F,1,0.057931308
train-clinvar+pg_dms__cnn__seed43,MSH6,P43246:908:L>C,0,0.060002055
train-clinvar+pg_dms__cnn__seed43,MSH6,P43246:908:L>E,0,0.6825162
train-clinvar+pg_dms__cnn__seed43,MSH6,P43246:908:L>H,1,0.3417106
train-clinvar+pg_dms__cnn__seed43,MSH6,P43246:908:L>G,1,0.5495858
train-clinvar+pg_dms__cnn__seed43,MSH6,P43246:908:L>Y,0,0.2480806
train-clinvar+pg_dms__cnn__seed43,MSH6,P43246:908:L>W,1,0.27179873
train-clinvar+pg_dms__cnn__seed43,MSH6,P43246:908:L>V,0,0.032263912
train-clinvar+pg_dms__cnn__seed43,MSH6,P43246:908:L>T,0,0.28474215
train-clinvar+pg_dms__cnn__seed43,MSH6,P43246:908:L>S,0,0.414624
train-clinvar+pg_dms__cnn__seed43,MSH6,P43246:908:L>A,0,0.1789947
train-clinvar+pg_dms__cnn__seed43,MSH6,P43246:908:L>Q,1,0.25947508
train-clinvar+pg_dms__cnn__seed43,MSH6,P43246:908:L>P,1,0.9100193
train-clinvar+pg_dms__cnn__seed43,MSH6,P43246:908:L>M,0,0.034317713
train-clinvar+pg_dms__cnn__seed43,MSH6,P43246:908:L>K,1,0.54876125
train-clinvar+pg_dms__cnn__seed43,MSH6,P43246:908:L>R,1,0.4479176
train-clinvar+pg_dms__cnn__seed43,MSH6,P43246:917:A>W,0,0.32095596
train-clinvar+pg_dms__cnn__seed43,MSH6,P43246:917:A>V,0,0.090477526
train-clinvar+pg_dms__cnn__seed43,MSH6,P43246:917:A>T,0,0.07165811
train-clinvar+pg_dms__cnn__seed43,MSH6,P43246:917:A>S,0,0.034847546
train-clinvar+pg_dms__cnn__seed43,MSH6,P43246:917:A>R,0,0.06432276
train-clinvar+pg_dms__cnn__seed43,MSH6,P43246:917:A>P,0,0.45780298
train-clinvar+pg_dms__cnn__seed43,MSH6,P43246:917:A>N,0,0.05236582
train-clinvar+pg_dms__cnn__seed43,MSH6,P43246:917:A>M,0,0.061709996
train-clinvar+pg_dms__cnn__seed43,MSH6,P43246:917:A>L,0,0.056511525
train-clinvar+pg_dms__cnn__seed43,MSH6,P43246:917:A>K,0,0.063562326
train-clinvar+pg_dms__cnn__seed43,MSH6,P43246:917:A>I,0,0.05639455
train-clinvar+pg_dms__cnn__seed43,MSH6,P43246:917:A>H,0,0.053649295
train-clinvar+pg_dms__cnn__seed43,MSH6,P43246:917:A>Q,0,0.05160286
train-clinvar+pg_dms__cnn__seed43,MSH6,P43246:917:A>D,0,0.11681616
train-clinvar+pg_dms__cnn__seed43,MSH6,P43246:917:A>G,0,0.047635347
train-clinvar+pg_dms__cnn__seed43,MSH6,P43246:917:A>E,0,0.063262135
train-clinvar+pg_dms__cnn__seed43,MSH6,P43246:917:A>F,0,0.082122765
train-clinvar+pg_dms__cnn__seed43,MSH6,P43246:917:A>C,0,0.023368796
train-clinvar+pg_dms__cnn__seed43,MSH6,P43246:920:N>A,0,0.5758915
train-clinvar+pg_dms__cnn__seed43,MSH6,P43246:920:N>C,0,0.033905618
train-clinvar+pg_dms__cnn__seed43,MSH6,P43246:920:N>E,0,0.8257043
train-clinvar+pg_dms__cnn__seed43,MSH6,P43246:920:N>F,0,0.7568316
train-clinvar+pg_dms__cnn__seed43,MSH6,P43246:920:N>G,1,0.71958774
train-clinvar+pg_dms__cnn__seed43,MSH6,P43246:920:N>I,0,0.33785242
train-clinvar+pg_dms__cnn__seed43,MSH6,P43246:920:N>L,0,0.39073145
train-clinvar+pg_dms__cnn__seed43,MSH6,P43246:920:N>P,0,0.9339031
train-clinvar+pg_dms__cnn__seed43,MSH6,P43246:920:N>W,1,0.9128849
train-clinvar+pg_dms__cnn__seed43,MSH6,P43246:920:N>R,0,0.87099683
train-clinvar+pg_dms__cnn__seed43,MSH6,P43246:920:N>S,0,0.05046932
train-clinvar+pg_dms__cnn__seed43,MSH6,P43246:920:N>T,1,0.1809871
train-clinvar+pg_dms__cnn__seed43,MSH6,P43246:920:N>K,0,0.8608351
train-clinvar+pg_dms__cnn__seed43,MSH6,P43246:920:N>Q,0,0.6753175
train-clinvar+pg_dms__cnn__seed43,MSH6,P43246:920:N>V,0,0.37372503
train-clinvar+pg_dms__cnn__seed43,MSH6,P43246:922:F>C,0,0.10069407
train-clinvar+pg_dms__cnn__seed43,MSH6,P43246:922:F>D,0,0.62527734
train-clinvar+pg_dms__cnn__seed43,MSH6,P43246:922:F>E,0,0.5635936
train-clinvar+pg_dms__cnn__seed43,MSH6,P43246:922:F>G,0,0.48640653
train-clinvar+pg_dms__cnn__seed43,MSH6,P43246:922:F>H,0,0.26500914
train-clinvar+pg_dms__cnn__seed43,MSH6,P43246:922:F>I,0,0.11584692
train-clinvar+pg_dms__cnn__seed43,MSH6,P43246:922:F>Q,0,0.41301382
train-clinvar+pg_dms__cnn__seed43,MSH6,P43246:922:F>M,0,0.2683276
train-clinvar+pg_dms__cnn__seed43,MSH6,P43246:922:F>R,1,0.48185623
train-clinvar+pg_dms__cnn__seed43,MSH6,P43246:922:F>N,0,0.4422144
train-clinvar+pg_dms__cnn__seed43,MSH6,P43246:922:F>P,0,0.8457651
train-clinvar+pg_dms__cnn__seed43,MSH6,P43246:922:F>A,0,0.3291474
train-clinvar+pg_dms__cnn__seed43,MSH6,P43246:922:F>L,0,0.39247912
train-clinvar+pg_dms__cnn__seed43,MSH6,P43246:922:F>V,0,0.09725842
train-clinvar+pg_dms__cnn__seed43,MSH6,P43246:922:F>T,0,0.34262043
train-clinvar+pg_dms__cnn__seed43,MSH6,P43246:922:F>S,0,0.32654223
train-clinvar+pg_dms__cnn__seed43,MSH6,P43246:922:F>W,0,0.21411589
train-clinvar+pg_dms__cnn__seed43,MSH6,P43246:922:F>Y,0,0.025187124
train-clinvar+pg_dms__cnn__seed43,MSH6,P43246:926:I>R,0,0.16986732
train-clinvar+pg_dms__cnn__seed43,MSH6,P43246:926:I>Q,0,0.1748068
train-clinvar+pg_dms__cnn__seed43,MSH6,P43246:926:I>P,0,0.6404252
train-clinvar+pg_dms__cnn__seed43,MSH6,P43246:926:I>L,0,0.014715424
train-clinvar+pg_dms__cnn__seed43,MSH6,P43246:926:I>K,0,0.19265088
train-clinvar+pg_dms__cnn__seed43,MSH6,P43246:926:I>H,0,0.17287555
train-clinvar+pg_dms__cnn__seed43,MSH6,P43246:926:I>A,0,0.07188557
train-clinvar+pg_dms__cnn__seed43,MSH6,P43246:926:I>W,0,0.36337593
train-clinvar+pg_dms__cnn__seed43,MSH6,P43246:926:I>T,0,0.15782352
train-clinvar+pg_dms__cnn__seed43,MSH6,P43246:926:I>G,0,0.3001509
train-clinvar+pg_dms__cnn__seed43,MSH6,P43246:926:I>F,0,0.030019164
train-clinvar+pg_dms__cnn__seed43,MSH6,P43246:926:I>E,0,0.32460156
train-clinvar+pg_dms__cnn__seed43,MSH6,P43246:926:I>D,0,0.45174712
train-clinvar+pg_dms__cnn__seed43,MSH6,P43246:926:I>C,0,0.030337919
train-clinvar+pg_dms__cnn__seed43,MSH6,P43246:926:I>V,0,0.054316025
train-clinvar+pg_dms__cnn__seed43,PMS2,P40692:329:H>P,1,0.36414433
train-clinvar+pg_dms__cnn__seed43,PMS2,P40692:67:G>W,1,0.8373331
train-clinvar+pg_dms__cnn__seed43,PMS2,P40692:681:A>T,1,0.6476958
train-clinvar+pg_dms__cnn__seed43,PMS2,P40692:67:G>E,1,0.8085382
train-clinvar+pg_dms__cnn__seed43,PMS2,P40692:265:R>C,1,0.5337757
train-clinvar+pg_dms__cnn__seed43,PMS2,P52701:396:L>V,0,0.02244873
train-clinvar+pg_dms__cnn__seed43,PMS2,P40692:406:S>N,0,0.027205855
train-clinvar+pg_dms__cnn__seed43,PMS2,P43246:390:L>F,0,0.027889494
train-clinvar+pg_dms__cnn__seed43,PMS2,P43246:272:A>V,0,0.14520122
train-clinvar+pg_dms__cnn__seed43,PMS2,P52701:370:L>S,1,0.72701454
train-clinvar+pg_dms__cnn__seed43,PMS2,P52701:54:G>A,0,0.04962469
train-clinvar+pg_dms__cnn__seed43,PMS2,P52701:556:Y>F,0,0.1819624
train-clinvar+pg_dms__cnn__seed43,PMS2,P52701:686:G>D,1,0.95975477
train-clinvar+pg_dms__cnn__seed43,PMS2,P52701:1157:G>S,1,0.9674673
train-clinvar+pg_dms__cnn__seed43,PMS2,P52701:20:A>V,0,0.03834492
train-clinvar+pg_dms__cnn__seed43,PMS2,P40692:37:E>K,1,0.9832274
train-clinvar+pg_dms__cnn__seed43,PMS2,P40692:441:A>T,0,0.030796623
train-clinvar+pg_dms__cnn__seed43,PMS2,P40692:600:E>G,0,0.019963361
train-clinvar+pg_dms__cnn__seed43,PMS2,P40692:654:P>L,1,0.42868432
train-clinvar+pg_dms__cnn__seed43,PMS2,P40692:662:T>P,1,0.37723342
train-clinvar+pg_dms__cnn__seed43,PMS2,P40692:67:G>R,1,0.81898654
train-clinvar+pg_dms__cnn__seed43,PMS2,P40692:676:L>R,1,0.92751664
train-clinvar+pg_dms__cnn__seed43,PMS2,P40692:681:A>V,1,0.81466573
train-clinvar+pg_dms__cnn__seed43,PMS2,P40692:751:K>R,0,0.011278169
train-clinvar+pg_dms__cnn__seed43,PMS2,P40692:128:A>P,1,0.98473454
train-clinvar+pg_dms__cnn__seed43,PMS2,P40692:193:S>P,1,0.95079345
train-clinvar+pg_dms__cnn__seed43,PMS2,P40692:25:I>F,1,0.5826471
train-clinvar+pg_dms__cnn__seed43,PMS2,P40692:265:R>S,1,0.82641065
train-clinvar+pg_dms__cnn__seed43,PMS2,P43246:409:Q>K,0,0.0247036
train-clinvar+pg_dms__cnn__seed43,PMS2,P43246:45:A>V,0,0.012689975
train-clinvar+pg_dms__cnn__seed43,PMS2,P43246:504:G>R,0,0.6153513
train-clinvar+pg_dms__cnn__seed43,PMS2,P43246:556:L>S,1,0.9428278
train-clinvar+pg_dms__cnn__seed43,PMS2,P43246:564:T>A,0,0.027035447
train-clinvar+pg_dms__cnn__seed43,PMS2,P43246:583:N>T,0,0.020748446
train-clinvar+pg_dms__cnn__seed43,PMS2,P43246:683:G>R,1,0.9373705
train-clinvar+pg_dms__cnn__seed43,PMS2,P43246:905:T>R,0,0.060567454
train-clinvar+pg_dms__cnn__seed43,PMS2,P43246:161:V>D,1,0.93630195
train-clinvar+pg_dms__cnn__seed43,PMS2,P43246:163:V>D,1,0.96160716
train-clinvar+pg_dms__cnn__seed43,PMS2,P43246:163:V>G,1,0.2682071
train-clinvar+pg_dms__cnn__seed43,PMS2,P43246:164:G>R,1,0.9710811
train-clinvar+pg_dms__cnn__seed43,PMS2,P43246:164:G>W,1,0.975318
train-clinvar+pg_dms__cnn__seed43,PMS2,P43246:187:L>P,1,0.98534274
train-clinvar+pg_dms__cnn__seed43,PMS2,P43246:187:L>R,1,0.94372624
train-clinvar+pg_dms__cnn__seed43,PMS2,P43246:269:S>L,1,0.60598975
train-clinvar+pg_dms__cnn__seed43,PMS2,P43246:331:N>D,0,0.04103856
train-clinvar+pg_dms__cnn__seed43,PMS2,P43246:851:L>V,0,0.099736005
train-clinvar+pg_dms__cnn__seed43,PMS2,P43246:358:E>A,0,0.0759649
train-clinvar+pg_dms__cnn__seed43,PMS2,P43246:928:S>A,0,0.026068518
train-clinvar+pg_dms__cnn__seed43,PMS2,P43246:448:S>C,0,0.0020828538
train-clinvar+pg_dms__cnn__seed43,PMS2,P52701:1157:G>C,1,0.7147023
train-clinvar+pg_dms__cnn__seed43,PMS2,P43246:355:R>I,0,0.01950597
train-clinvar+pg_dms__cnn__seed43,PMS2,P43246:261:M>L,0,0.004444278
train-clinvar+pg_dms__cnn__seed43,PMS2,P43246:803:T>I,0,0.17124435
train-clinvar+pg_dms__cnn__seed43,PMS2,P43246:164:G>E,1,0.9438451
train-clinvar+pg_dms__cnn__seed43,PMS2,P52701:1211:L>P,1,0.9987379
train-clinvar+pg_dms__cnn__seed43,PMS2,P43246:928:S>P,0,0.25960675
train-clinvar+pg_dms__cnn__seed43,PMS2,P52701:969:Y>C,1,0.18067712
train-clinvar+pg_dms__cnn__seed43,PMS2,P43246:316:S>Y,0,0.032117948
train-clinvar+pg_dms__cnn__seed43,PMS2,P43246:652:P>T,0,0.011513412
train-clinvar+pg_dms__cnn__seed43,PMS2,P43246:677:T>R,1,0.9803814
train-clinvar+pg_dms__cnn__seed43,PMS2,P43246:902:E>D,0,0.03730044
train-clinvar+pg_dms__cnn__seed43,PMS2,P40692:37:E>G,1,0.98170096
train-clinvar+pg_dms__cnn__seed43,PMS2,P40692:681:A>P,1,0.99534
train-clinvar+pg_dms__cnn__seed43,PMS2,P43246:121:Y>N,0,0.015508998
train-clinvar+pg_dms__cnn__seed43,PMS2,P43246:414:L>R,1,0.90435237
train-clinvar+pg_dms__cnn__seed43,PMS2,P40692:551:N>S,0,0.017971646
train-clinvar+pg_dms__cnn__seed43,PMS2,P43246:92:L>F,0,0.08202705
train-clinvar+pg_dms__cnn__seed43,PMS2,P43246:710:A>V,0,0.73464835
train-clinvar+pg_dms__cnn__seed43,PMS2,P40692:98:G>F,1,0.95478016
train-clinvar+pg_dms__cnn__seed43,PMS2,P43246:499:A>P,1,0.98749906
train-clinvar+pg_dms__cnn__seed43,PMS2,P43246:804:A>T,1,0.24169119
train-clinvar+pg_dms__cnn__seed43,PMS2,P43246:709:L>V,0,0.12127006
train-clinvar+pg_dms__cnn__seed43,PMS2,P52701:323:T>I,0,0.20178497
train-clinvar+pg_dms__cnn__seed43,PMS2,P43246:261:M>V,0,0.007857227
train-clinvar+pg_dms__cnn__seed43,PMS2,P43246:188:E>Q,0,0.19348149
train-clinvar+pg_dms__cnn__seed43,PMS2,P43246:303:D>N,0,0.5920661
train-clinvar+pg_dms__cnn__seed43,PMS2,P43246:320:T>S,0,0.02177175
train-clinvar+pg_dms__cnn__seed43,PMS2,P43246:807:T>I,1,0.24261664
train-clinvar+pg_dms__cnn__seed43,PMS2,P43246:556:L>W,1,0.9670045
train-clinvar+pg_dms__cnn__seed43,PMS2,P43246:602:L>P,1,0.995391
train-clinvar+pg_dms__cnn__seed43,PMS2,P40692:265:R>P,1,0.9902812
train-clinvar+pg_dms__cnn__seed43,PMS2,P43246:92:L>I,0,0.015914911
train-clinvar+pg_dms__cnn__seed43,PMS2,P52701:496:C>Y,0,0.7154001
train-clinvar+pg_dms__cnn__seed43,PMS2,P43246:918:K>N,0,0.01764139
train-clinvar+pg_dms__cnn__seed43,PMS2,P43246:104:K>N,0,0.10298949
train-clinvar+pg_dms__cnn__seed43,PMS2,P43246:62:G>E,0,0.16270992
train-clinvar+pg_dms__cnn__seed43,PMS2,P43246:337:Q>R,0,0.9040256
train-clinvar+pg_dms__cnn__seed43,PMS2,P43246:187:L>I,0,0.01634101
train-clinvar+pg_dms__cnn__seed43,PMS2,P43246:187:L>F,0,0.014800862
train-clinvar+pg_dms__cnn__seed43,PMS2,P43246:563:Y>N,0,0.24998
train-clinvar+pg_dms__cnn__seed43,PMS2,P43246:415:P>A,0,0.015800586
train-clinvar+pg_dms__cnn__seed43,PMS2,P43246:680:R>P,1,0.9774803
train-clinvar+pg_dms__cnn__seed43,PMS2,P43246:819:K>E,1,0.009975388
train-clinvar+pg_dms__cnn__seed43,PMS2,P43246:902:E>G,0,0.01369682
train-clinvar+pg_dms__cnn__seed43,PMS2,P43246:570:Y>H,0,0.93303114
train-clinvar+pg_dms__cnn__seed43,PMS2,P43246:390:L>V,0,0.011732724
train-clinvar+pg_dms__cnn__seed43,PMS2,P43246:531:K>N,0,0.22531696
train-clinvar+pg_dms__cnn__seed43,PMS2,P43246:149:G>A,0,0.020162994
train-clinvar+pg_dms__cnn__seed43,PMS2,P43246:305:A>V,0,0.12804784
train-clinvar+pg_dms__cnn__seed43,PMS2,P43246:507:P>T,0,0.013736427
train-clinvar+pg_dms__cnn__seed43,PMS2,P43246:891:V>G,1,0.042867444
train-clinvar+pg_dms__cnn__seed43,PMS2,P43246:77:S>R,0,0.5534563
train-clinvar+pg_dms__cnn__seed43,PMS2,P43246:781:A>T,1,0.80206156
train-clinvar+pg_dms__cnn__seed43,PMS2,P43246:438:T>I,0,0.013565646
train-clinvar+pg_dms__cnn__seed43,PMS2,P52701:482:R>P,1,0.9950069
train-clinvar+pg_dms__cnn__seed43,PMS2,P43246:230:A>G,0,0.008006773
train-clinvar+pg_dms__cnn__seed43,PMS2,P43246:640:A>S,0,0.012661999
train-clinvar+pg_dms__cnn__seed43,PMS2,P43246:150:V>I,0,0.020314775
train-clinvar+pg_dms__cnn__seed43,PMS2,P43246:715:G>A,0,0.014149772
train-clinvar+pg_dms__cnn__seed43,PMS2,P43246:909:K>E,0,0.027768865
train-clinvar+pg_dms__cnn__seed43,PMS2,P43246:57:V>G,0,0.044964712
train-clinvar+pg_dms__cnn__seed43,PMS2,P43246:58:F>L,0,0.32567176
train-clinvar+pg_dms__cnn__seed43,PMS2,P43246:504:G>V,0,0.67768306
train-clinvar+pg_dms__cnn__seed43,PMS2,P43246:680:R>Q,0,0.6455544
train-clinvar+pg_dms__cnn__seed43,PMS2,P43246:710:A>P,0,0.9910053
train-clinvar+pg_dms__cnn__seed43,PMS2,P43246:309:A>P,1,0.8674075
train-clinvar+pg_dms__cnn__seed43,PMS2,P43246:773:K>E,0,0.031405773
train-clinvar+pg_dms__cnn__seed43,PMS2,P52701:1157:G>D,1,0.960328
train-clinvar+pg_dms__cnn__seed43,PMS2,P43246:248:K>Q,0,0.0051495
train-clinvar+pg_dms__cnn__seed43,PMS2,P43246:710:A>S,0,0.011373316
train-clinvar+pg_dms__cnn__seed43,PMS2,P43246:715:G>R,0,0.13027082
train-clinvar+pg_dms__cnn__seed43,PMS2,P43246:729:M>V,0,0.4889123
train-clinvar+pg_dms__cnn__seed43,PMS2,P43246:272:A>T,0,0.23690838
train-clinvar+pg_dms__cnn__seed43,PMS2,P43246:415:P>R,0,0.05105532
train-clinvar+pg_dms__cnn__seed43,PMS2,P43246:437:V>M,0,0.017036004
train-clinvar+pg_dms__cnn__seed43,PMS2,P43246:556:L>F,0,0.8073828
train-clinvar+pg_dms__cnn__seed43,PMS2,P43246:557:T>A,0,0.018966446
train-clinvar+pg_dms__cnn__seed43,PMS2,P43246:646:D>Y,0,0.02227975
train-clinvar+pg_dms__cnn__seed43,PMS2,P40692:265:R>G,1,0.90270156
train-clinvar+pg_dms__cnn__seed43,PMS2,P43246:321:T>A,0,0.015067305
train-clinvar+pg_dms__cnn__seed43,PMS2,P43246:34:V>L,0,0.01429718
train-clinvar+pg_dms__cnn__seed43,PMS2,P43246:411:I>V,0,0.0073010735
train-clinvar+pg_dms__cnn__seed43,PMS2,P43246:646:D>V,0,0.029181743
train-clinvar+pg_dms__cnn__seed43,PMS2,P43246:501:R>G,0,0.009795311
train-clinvar+pg_dms__cnn__seed43,PMS2,P43246:374:Q>H,0,0.026804816
train-clinvar+pg_dms__cnn__seed43,PMS2,P43246:668:T>S,0,0.41598547
train-clinvar+pg_dms__cnn__seed43,PMS2,P43246:230:A>D,1,0.14698546
train-clinvar+pg_dms__cnn__seed43,PMS2,P43246:579:K>E,0,0.043470033
train-clinvar+pg_dms__cnn__seed43,PMS2,P43246:673:G>V,0,0.96471477
train-clinvar+pg_dms__cnn__seed43,PMS2,P43246:807:T>A,0,0.047870778
train-clinvar+pg_dms__cnn__seed43,PMS2,P43246:807:T>N,0,0.062932566
train-clinvar+pg_dms__cnn__seed43,PMS2,P43246:913:A>V,0,0.042210337
train-clinvar+pg_dms__cnn__seed43,PMS2,P43246:303:D>H,0,0.736939
train-clinvar+pg_dms__cnn__seed43,PMS2,P52701:215:V>I,0,0.013955631
train-clinvar+pg_dms__cnn__seed43,PMS2,P43246:438:T>P,0,0.084436506
train-clinvar+pg_dms__cnn__seed43,PMS2,P43246:286:F>S,0,0.026231812
train-clinvar+pg_dms__cnn__seed43,PMS2,P43246:570:Y>S,1,0.8431015
train-clinvar+pg_dms__cnn__seed43,PMS2,P43246:140:D>A,0,0.010308578
train-clinvar+pg_dms__cnn__seed43,PMS2,P43246:287:G>R,0,0.016468825
train-clinvar+pg_dms__cnn__seed43,PMS2,P43246:651:I>T,0,0.15046813
train-clinvar+pg_dms__cnn__seed43,PMS2,P43246:680:R>L,0,0.77831304
train-clinvar+pg_dms__cnn__seed43,PMS2,P43246:594:T>A,0,0.0068558613
train-clinvar+pg_dms__cnn__seed43,PMS2,P43246:771:A>T,0,0.046244957
train-clinvar+pg_dms__cnn__seed43,PMS2,P43246:604:A>G,0,0.04226992
train-clinvar+pg_dms__cnn__seed43,PMS2,P43246:415:P>L,0,0.041950285
train-clinvar+pg_dms__cnn__seed43,PMS2,P43246:652:P>S,0,0.0075772484
train-clinvar+pg_dms__cnn__seed43,PMS2,P52701:1155:Q>R,1,0.98679465
train-clinvar+pg_dms__cnn__seed43,PMS2,P43246:411:I>M,1,0.009782628
train-clinvar+pg_dms__cnn__seed43,PMS2,P43246:563:Y>H,0,0.094732285
train-clinvar+pg_dms__cnn__seed43,PMS2,P43246:277:L>S,0,0.15343717
train-clinvar+pg_dms__cnn__seed43,PMS2,P43246:357:E>K,0,0.040805448
train-clinvar+pg_dms__cnn__seed43,PMS2,P43246:100:V>F,0,0.14061299
train-clinvar+pg_dms__cnn__seed43,PMS2,P43246:652:P>L,0,0.05080648
train-clinvar+pg_dms__cnn__seed43,PMS2,P43246:316:S>T,0,0.016054768
train-clinvar+pg_dms__cnn__seed43,PMS2,P43246:459:D>G,1,0.78269756
train-clinvar+pg_dms__cnn__seed43,PMS2,P43246:100:V>A,0,0.062340178
train-clinvar+pg_dms__cnn__seed43,PMS2,P43246:532:V>I,0,0.031122535
train-clinvar+pg_dms__cnn__seed43,PMS2,P43246:504:G>C,0,0.17960733
train-clinvar+pg_dms__cnn__seed43,PMS2,P43246:438:T>S,1,0.0071227034
train-clinvar+pg_dms__cnn__seed43,PMS2,P43246:276:F>C,1,0.028428242
train-clinvar+pg_dms__cnn__seed43,PMS2,P43246:357:E>V,0,0.06665047
train-clinvar+pg_dms__cnn__seed43,PMS2,P43246:92:L>P,0,0.734664
train-clinvar+pg_dms__cnn__seed43,PMS2,P43246:180:D>A,0,0.31809244
train-clinvar+pg_dms__cnn__seed43,PMS2,P43246:873:C>W,0,0.03389936
train-clinvar+pg_dms__cnn__seed43,PMS2,P43246:763:A>P,1,0.99863607
train-clinvar+pg_dms__cnn__seed43,PMS2,P43246:414:L>V,0,0.020543834
train-clinvar+pg_dms__cnn__seed43,PMS2,P43246:182:D>E,0,0.0058599445
train-clinvar+pg_dms__cnn__seed43,PMS2,P43246:140:D>V,0,0.017609263
train-clinvar+pg_dms__cnn__seed43,PMS2,P43246:409:Q>R,0,0.031274717
train-clinvar+pg_dms__cnn__seed43,PMS2,P43246:161:V>F,0,0.011474642
train-clinvar+pg_dms__cnn__seed43,PMS2,P43246:256:A>V,0,0.0132358875
train-clinvar+pg_dms__cnn__seed43,PMS2,P43246:475:D>A,0,0.17759839
train-clinvar+pg_dms__cnn__seed43,PMS2,P43246:500:A>V,0,0.7647033
train-clinvar+pg_dms__cnn__seed43,PMS2,P43246:499:A>T,0,0.0068927705
train-clinvar+pg_dms__cnn__seed43,PMS2,P43246:902:E>K,0,0.022084966
train-clinvar+pg_dms__cnn__seed43,PMS2,P43246:668:T>I,0,0.9077886
train-clinvar+pg_dms__cnn__seed43,PMS2,P43246:77:S>G,0,0.033928648
train-clinvar+pg_dms__cnn__seed43,PMS2,P43246:804:A>V,0,0.29391417
train-clinvar+pg_dms__cnn__seed43,PMS2,P43246:638:R>K,0,0.18486789
train-clinvar+pg_dms__cnn__seed43,PMS2,P43246:531:K>E,1,0.21427473
train-clinvar+pg_dms__cnn__seed43,PMS2,P43246:12:E>D,0,0.0066294554
train-clinvar+pg_dms__cnn__seed43,PMS2,P43246:913:A>S,0,0.01995187
train-clinvar+pg_dms__cnn__seed43,PMS2,P43246:651:I>L,0,0.0529681
train-clinvar+pg_dms__cnn__seed43,PMS2,P43246:26:M>K,0,0.088627145
train-clinvar+pg_dms__cnn__seed43,PMS2,P43246:919:N>H,0,0.036443207
train-clinvar+pg_dms__cnn__seed43,PMS2,P43246:771:A>E,0,0.9472059
train-clinvar+pg_dms__cnn__seed43,PMS2,P43246:604:A>D,1,0.9924648
train-clinvar+pg_dms__cnn__seed43,PMS2,P43246:885:Q>L,0,0.010560434
train-clinvar+pg_dms__cnn__seed43,PMS2,P43246:161:V>G,1,0.29364964
train-clinvar+pg_dms__cnn__seed43,PMS2,P43246:163:V>I,0,0.0059795366
train-clinvar+pg_dms__cnn__seed43,PMS2,P43246:410:G>D,1,0.592023
train-clinvar+pg_dms__cnn__seed43,PMS2,P43246:499:A>S,0,0.009029653
train-clinvar+pg_dms__cnn__seed43,PMS2,P43246:646:D>E,0,0.00746313
train-clinvar+pg_dms__cnn__seed43,PMS2,P43246:316:S>C,0,0.0067670867
train-clinvar+pg_dms__cnn__seed43,PMS2,P43246:683:G>A,0,0.041267015
train-clinvar+pg_dms__cnn__seed43,PMS2,P43246:34:V>G,0,0.1977948
train-clinvar+pg_dms__cnn__seed43,PMS2,P43246:303:D>G,0,0.6496905
train-clinvar+pg_dms__cnn__seed43,PMS2,P43246:428:H>Y,0,0.007884912
train-clinvar+pg_dms__cnn__seed43,PMS2,P43246:4:Q>R,0,0.03490475
train-clinvar+pg_dms__cnn__seed43,PMS2,P43246:766:I>T,0,0.84177184
train-clinvar+pg_dms__cnn__seed43,PMS2,P43246:4:Q>H,0,0.07007019
train-clinvar+pg_dms__cnn__seed43,PMS2,P43246:4:Q>D,0,0.14885105
train-clinvar+pg_dms__cnn__seed43,PMS2,P43246:4:Q>G,0,0.02761822
train-clinvar+pg_dms__cnn__seed43,PMS2,P43246:4:Q>W,0,0.26691392
train-clinvar+pg_dms__cnn__seed43,PMS2,P43246:4:Q>Y,0,0.05428748
train-clinvar+pg_dms__cnn__seed43,PMS2,P43246:4:Q>V,0,0.021597648
train-clinvar+pg_dms__cnn__seed43,PMS2,P43246:4:Q>T,0,0.013058501
train-clinvar+pg_dms__cnn__seed43,PMS2,P43246:4:Q>C,0,0.021915967
train-clinvar+pg_dms__cnn__seed43,PMS2,P43246:4:Q>A,0,0.015189897
train-clinvar+pg_dms__cnn__seed43,PMS2,P43246:4:Q>K,0,0.042988338
train-clinvar+pg_dms__cnn__seed43,PMS2,P43246:4:Q>L,0,0.02625872
train-clinvar+pg_dms__cnn__seed43,PMS2,P43246:4:Q>M,0,0.052423585
train-clinvar+pg_dms__cnn__seed43,PMS2,P43246:4:Q>P,0,0.06838689
train-clinvar+pg_dms__cnn__seed43,PMS2,P43246:4:Q>S,0,0.012479346
train-clinvar+pg_dms__cnn__seed43,PMS2,P43246:4:Q>I,0,0.041893043
train-clinvar+pg_dms__cnn__seed43,PMS2,P43246:11:L>H,0,0.010350763
train-clinvar+pg_dms__cnn__seed43,PMS2,P43246:11:L>I,0,0.005530628
train-clinvar+pg_dms__cnn__seed43,PMS2,P43246:11:L>A,0,0.0048845895
train-clinvar+pg_dms__cnn__seed43,PMS2,P43246:11:L>G,0,0.009116586
train-clinvar+pg_dms__cnn__seed43,PMS2,P43246:11:L>F,0,0.0017757879
train-clinvar+pg_dms__cnn__seed43,PMS2,P43246:11:L>K,0,0.015446567
train-clinvar+pg_dms__cnn__seed43,PMS2,P43246:11:L>M,0,0.008859954
train-clinvar+pg_dms__cnn__seed43,PMS2,P43246:11:L>N,0,0.012072146
train-clinvar+pg_dms__cnn__seed43,PMS2,P43246:11:L>P,1,0.01864843
train-clinvar+pg_dms__cnn__seed43,PMS2,P43246:11:L>C,0,0.004435371
train-clinvar+pg_dms__cnn__seed43,PMS2,P43246:11:L>R,0,0.0073454957
train-clinvar+pg_dms__cnn__seed43,PMS2,P43246:11:L>S,0,0.008958421
train-clinvar+pg_dms__cnn__seed43,PMS2,P43246:11:L>Q,0,0.00532167
train-clinvar+pg_dms__cnn__seed43,PMS2,P43246:11:L>V,0,0.004409701
train-clinvar+pg_dms__cnn__seed43,PMS2,P43246:11:L>W,0,0.023146298
train-clinvar+pg_dms__cnn__seed43,PMS2,P43246:11:L>Y,0,0.008548254
train-clinvar+pg_dms__cnn__seed43,PMS2,P43246:11:L>E,0,0.016084988
train-clinvar+pg_dms__cnn__seed43,PMS2,P43246:11:L>T,0,0.004413504
train-clinvar+pg_dms__cnn__seed43,PMS2,P43246:12:E>W,1,0.12913473
train-clinvar+pg_dms__cnn__seed43,PMS2,P43246:12:E>A,0,0.0087367445
train-clinvar+pg_dms__cnn__seed43,PMS2,P43246:12:E>C,0,0.015871467
train-clinvar+pg_dms__cnn__seed43,PMS2,P43246:12:E>K,0,0.07006979
train-clinvar+pg_dms__cnn__seed43,PMS2,P43246:12:E>F,0,0.035934962
train-clinvar+pg_dms__cnn__seed43,PMS2,P43246:12:E>G,0,0.013888534
train-clinvar+pg_dms__cnn__seed43,PMS2,P43246:12:E>H,0,0.058031138
train-clinvar+pg_dms__cnn__seed43,PMS2,P43246:12:E>I,0,0.057642937
train-clinvar+pg_dms__cnn__seed43,PMS2,P43246:12:E>L,0,0.029917948
train-clinvar+pg_dms__cnn__seed43,PMS2,P43246:12:E>Y,0,0.033249523
train-clinvar+pg_dms__cnn__seed43,PMS2,P43246:12:E>N,0,0.013631525
train-clinvar+pg_dms__cnn__seed43,PMS2,P43246:12:E>P,0,0.041405503
train-clinvar+pg_dms__cnn__seed43,PMS2,P43246:12:E>Q,0,0.010087296
train-clinvar+pg_dms__cnn__seed43,PMS2,P43246:12:E>R,0,0.030768588
train-clinvar+pg_dms__cnn__seed43,PMS2,P43246:12:E>S,0,0.007813079
train-clinvar+pg_dms__cnn__seed43,PMS2,P43246:12:E>T,0,0.017199561
train-clinvar+pg_dms__cnn__seed43,PMS2,P43246:12:E>M,1,0.06862684
train-clinvar+pg_dms__cnn__seed43,PMS2,P43246:12:E>V,0,0.044739984
train-clinvar+pg_dms__cnn__seed43,PMS2,P43246:17:V>W,0,0.055353828
train-clinvar+pg_dms__cnn__seed43,PMS2,P43246:17:V>Y,0,0.00673362
train-clinvar+pg_dms__cnn__seed43,PMS2,P43246:17:V>A,0,0.003168472
train-clinvar+pg_dms__cnn__seed43,PMS2,P43246:17:V>C,0,0.0062768883
train-clinvar+pg_dms__cnn__seed43,PMS2,P43246:17:V>D,0,0.015368876
train-clinvar+pg_dms__cnn__seed43,PMS2,P43246:17:V>T,0,0.0033373323
train-clinvar+pg_dms__cnn__seed43,PMS2,P43246:17:V>F,0,0.0062445784
train-clinvar+pg_dms__cnn__seed43,PMS2,P43246:17:V>S,0,0.002118775
train-clinvar+pg_dms__cnn__seed43,PMS2,P43246:17:V>E,0,0.008790315
train-clinvar+pg_dms__cnn__seed43,PMS2,P43246:17:V>R,0,0.009856192
train-clinvar+pg_dms__cnn__seed43,PMS2,P43246:17:V>P,0,0.021925066
train-clinvar+pg_dms__cnn__seed43,PMS2,P43246:17:V>M,0,0.0060792505
train-clinvar+pg_dms__cnn__seed43,PMS2,P43246:17:V>Q,0,0.0048727645
train-clinvar+pg_dms__cnn__seed43,PMS2,P43246:17:V>K,0,0.014899194
train-clinvar+pg_dms__cnn__seed43,PMS2,P43246:17:V>I,0,0.010167153
train-clinvar+pg_dms__cnn__seed43,PMS2,P43246:17:V>H,0,0.011691748
train-clinvar+pg_dms__cnn__seed43,PMS2,P43246:17:V>G,0,0.0058311448
train-clinvar+pg_dms__cnn__seed43,PMS2,P43246:17:V>L,0,0.00850469
train-clinvar+pg_dms__cnn__seed43,PMS2,P43246:26:M>L,0,0.005564579
train-clinvar+pg_dms__cnn__seed43,PMS2,P43246:26:M>P,0,0.7404088
train-clinvar+pg_dms__cnn__seed43,PMS2,P43246:26:M>N,0,0.1500983
train-clinvar+pg_dms__cnn__seed43,PMS2,P43246:26:M>H,0,0.08149082
train-clinvar+pg_dms__cnn__seed43,PMS2,P43246:26:M>D,0,0.49106678
train-clinvar+pg_dms__cnn__seed43,PMS2,P43246:26:M>E,0,0.27712536
train-clinvar+pg_dms__cnn__seed43,PMS2,P43246:26:M>Q,0,0.028590469
train-clinvar+pg_dms__cnn__seed43,PMS2,P43246:26:M>A,0,0.05402052
train-clinvar+pg_dms__cnn__seed43,PMS2,P43246:26:M>R,0,0.076288834
train-clinvar+pg_dms__cnn__seed43,PMS2,P43246:26:M>G,0,0.13400798
train-clinvar+pg_dms__cnn__seed43,PMS2,P43246:26:M>T,0,0.066036664
train-clinvar+pg_dms__cnn__seed43,PMS2,P43246:26:M>V,0,0.008684881
train-clinvar+pg_dms__cnn__seed43,PMS2,P43246:26:M>F,0,0.012306981
train-clinvar+pg_dms__cnn__seed43,PMS2,P43246:26:M>S,0,0.05765852
train-clinvar+pg_dms__cnn__seed43,PMS2,P43246:26:M>Y,0,0.08107667
train-clinvar+pg_dms__cnn__seed43,PMS2,P43246:34:V>T,0,0.16221814
train-clinvar+pg_dms__cnn__seed43,PMS2,P43246:34:V>Y,0,0.11411624
train-clinvar+pg_dms__cnn__seed43,PMS2,P43246:34:V>S,0,0.15403323
train-clinvar+pg_dms__cnn__seed43,PMS2,P43246:34:V>C,0,0.019168334
train-clinvar+pg_dms__cnn__seed43,PMS2,P43246:34:V>Q,0,0.44487253
train-clinvar+pg_dms__cnn__seed43,PMS2,P43246:34:V>I,0,0.0063004615
train-clinvar+pg_dms__cnn__seed43,PMS2,P43246:34:V>F,0,0.0065991054
train-clinvar+pg_dms__cnn__seed43,PMS2,P43246:34:V>R,0,0.4412014
train-clinvar+pg_dms__cnn__seed43,PMS2,P43246:34:V>E,0,0.574454
train-clinvar+pg_dms__cnn__seed43,PMS2,P43246:34:V>H,0,0.3474745
train-clinvar+pg_dms__cnn__seed43,PMS2,P43246:34:V>K,0,0.6523435
train-clinvar+pg_dms__cnn__seed43,PMS2,P43246:34:V>D,1,0.72925836
train-clinvar+pg_dms__cnn__seed43,PMS2,P43246:34:V>A,0,0.059933644
train-clinvar+pg_dms__cnn__seed43,PMS2,P43246:34:V>M,0,0.1150474
train-clinvar+pg_dms__cnn__seed43,PMS2,P43246:34:V>N,0,0.5889758
train-clinvar+pg_dms__cnn__seed43,PMS2,P43246:34:V>P,1,0.6337932
train-clinvar+pg_dms__cnn__seed43,PMS2,P43246:36:L>Y,0,0.30419588
train-clinvar+pg_dms__cnn__seed43,PMS2,P43246:36:L>M,0,0.014567223
train-clinvar+pg_dms__cnn__seed43,PMS2,P43246:36:L>W,0,0.60256016
train-clinvar+pg_dms__cnn__seed43,PMS2,P43246:36:L>N,0,0.5571585
train-clinvar+pg_dms__cnn__seed43,PMS2,P43246:36:L>P,0,0.7896409
train-clinvar+pg_dms__cnn__seed43,PMS2,P43246:36:L>R,1,0.47741568
train-clinvar+pg_dms__cnn__seed43,PMS2,P43246:36:L>S,0,0.3566951
train-clinvar+pg_dms__cnn__seed43,PMS2,P43246:36:L>T,0,0.25798547
train-clinvar+pg_dms__cnn__seed43,PMS2,P43246:36:L>D,1,0.60121787
train-clinvar+pg_dms__cnn__seed43,PMS2,P43246:36:L>V,0,0.012346255
train-clinvar+pg_dms__cnn__seed43,PMS2,P43246:36:L>A,0,0.21188575
train-clinvar+pg_dms__cnn__seed43,PMS2,P43246:36:L>K,1,0.61051655
train-clinvar+pg_dms__cnn__seed43,PMS2,P43246:36:L>I,0,0.014200789
train-clinvar+pg_dms__cnn__seed43,PMS2,P43246:36:L>H,0,0.43502283
train-clinvar+pg_dms__cnn__seed43,PMS2,P43246:36:L>G,0,0.45593175
train-clinvar+pg_dms__cnn__seed43,PMS2,P43246:36:L>F,0,0.0063533667
train-clinvar+pg_dms__cnn__seed43,PMS2,P43246:36:L>E,1,0.5400991
train-clinvar+pg_dms__cnn__seed43,PMS2,P43246:36:L>C,0,0.01061705
train-clinvar+pg_dms__cnn__seed43,PMS2,P43246:45:A>T,0,0.0060375785
train-clinvar+pg_dms__cnn__seed43,PMS2,P43246:45:A>S,0,0.0067411475
train-clinvar+pg_dms__cnn__seed43,PMS2,P43246:45:A>W,0,0.57296693
train-clinvar+pg_dms__cnn__seed43,PMS2,P43246:45:A>R,1,0.453108
train-clinvar+pg_dms__cnn__seed43,PMS2,P43246:45:A>Q,0,0.3428364
train-clinvar+pg_dms__cnn__seed43,PMS2,P43246:45:A>P,1,0.74396574
train-clinvar+pg_dms__cnn__seed43,PMS2,P43246:45:A>N,0,0.23869763
train-clinvar+pg_dms__cnn__seed43,PMS2,P43246:45:A>M,0,0.029467765
train-clinvar+pg_dms__cnn__seed43,PMS2,P43246:45:A>K,0,0.42907006
train-clinvar+pg_dms__cnn__seed43,PMS2,P43246:45:A>L,0,0.011113437
train-clinvar+pg_dms__cnn__seed43,PMS2,P43246:45:A>G,0,0.015182745
train-clinvar+pg_dms__cnn__seed43,PMS2,P43246:45:A>F,1,0.08056309
train-clinvar+pg_dms__cnn__seed43,PMS2,P43246:45:A>C,0,0.0036558008
train-clinvar+pg_dms__cnn__seed43,PMS2,P43246:45:A>I,0,0.01315733
train-clinvar+pg_dms__cnn__seed43,PMS2,P43246:52:L>R,0,0.014722207
train-clinvar+pg_dms__cnn__seed43,PMS2,P43246:52:L>Q,0,0.0077302726
train-clinvar+pg_dms__cnn__seed43,PMS2,P43246:52:L>D,0,0.12042867
train-clinvar+pg_dms__cnn__seed43,PMS2,P43246:52:L>E,0,0.0342414
train-clinvar+pg_dms__cnn__seed43,PMS2,P43246:52:L>F,0,0.0024973643
train-clinvar+pg_dms__cnn__seed43,PMS2,P43246:52:L>G,0,0.04588801
train-clinvar+pg_dms__cnn__seed43,PMS2,P43246:52:L>H,0,0.016200326
train-clinvar+pg_dms__cnn__seed43,PMS2,P43246:52:L>I,0,0.0064356085
train-clinvar+pg_dms__cnn__seed43,PMS2,P43246:52:L>K,0,0.032390665
train-clinvar+pg_dms__cnn__seed43,PMS2,P43246:52:L>M,0,0.007882734
train-clinvar+pg_dms__cnn__seed43,PMS2,P43246:52:L>N,0,0.041510742
train-clinvar+pg_dms__cnn__seed43,PMS2,P43246:52:L>P,0,0.35560986
train-clinvar+pg_dms__cnn__seed43,PMS2,P43246:52:L>A,0,0.011684427
train-clinvar+pg_dms__cnn__seed43,PMS2,P43246:52:L>W,0,0.027339343
train-clinvar+pg_dms__cnn__seed43,PMS2,P43246:52:L>T,0,0.0072053215
train-clinvar+pg_dms__cnn__seed43,PMS2,P43246:52:L>V,0,0.0065542194
train-clinvar+pg_dms__cnn__seed43,PMS2,P43246:52:L>Y,0,0.008878653
train-clinvar+pg_dms__cnn__seed43,PMS2,P43246:52:L>S,0,0.011688701
train-clinvar+pg_dms__cnn__seed43,PMS2,P43246:57:V>Q,0,0.08930307
train-clinvar+pg_dms__cnn__seed43,PMS2,P43246:57:V>W,1,0.42075482
train-clinvar+pg_dms__cnn__seed43,PMS2,P43246:57:V>P,0,0.677607
train-clinvar+pg_dms__cnn__seed43,PMS2,P43246:57:V>N,0,0.09397845
train-clinvar+pg_dms__cnn__seed43,PMS2,P43246:57:V>M,0,0.092267364
train-clinvar+pg_dms__cnn__seed43,PMS2,P43246:57:V>L,0,0.029477967
train-clinvar+pg_dms__cnn__seed43,PMS2,P43246:57:V>K,0,0.2537359
train-clinvar+pg_dms__cnn__seed43,PMS2,P43246:57:V>I,0,0.009069626
train-clinvar+pg_dms__cnn__seed43,PMS2,P43246:57:V>R,0,0.13917343
train-clinvar+pg_dms__cnn__seed43,PMS2,P43246:57:V>H,0,0.17829584
train-clinvar+pg_dms__cnn__seed43,PMS2,P43246:57:V>F,0,0.018205365
train-clinvar+pg_dms__cnn__seed43,PMS2,P43246:57:V>E,0,0.17713939
train-clinvar+pg_dms__cnn__seed43,PMS2,P43246:57:V>C,0,0.021363888
train-clinvar+pg_dms__cnn__seed43,PMS2,P43246:57:V>A,0,0.039465986
train-clinvar+pg_dms__cnn__seed43,PMS2,P43246:57:V>S,0,0.048294358
train-clinvar+pg_dms__cnn__seed43,PMS2,P43246:57:V>T,0,0.050147213
train-clinvar+pg_dms__cnn__seed43,PMS2,P43246:57:V>Y,0,0.07223706
train-clinvar+pg_dms__cnn__seed43,PMS2,P43246:58:F>V,0,0.30231223
train-clinvar+pg_dms__cnn__seed43,PMS2,P43246:58:F>W,0,0.3431223
train-clinvar+pg_dms__cnn__seed43,PMS2,P43246:58:F>A,0,0.27203503
train-clinvar+pg_dms__cnn__seed43,PMS2,P43246:58:F>I,1,0.3502401
train-clinvar+pg_dms__cnn__seed43,PMS2,P43246:58:F>M,1,0.32621247
train-clinvar+pg_dms__cnn__seed43,PMS2,P43246:58:F>P,0,0.67201346
train-clinvar+pg_dms__cnn__seed43,PMS2,P43246:58:F>S,0,0.27354556
train-clinvar+pg_dms__cnn__seed43,PMS2,P43246:58:F>R,0,0.34078395
train-clinvar+pg_dms__cnn__seed43,PMS2,P43246:58:F>H,0,0.27861074
train-clinvar+pg_dms__cnn__seed43,PMS2,P43246:58:F>G,1,0.28569007
train-clinvar+pg_dms__cnn__seed43,PMS2,P43246:58:F>E,0,0.30942035
train-clinvar+pg_dms__cnn__seed43,PMS2,P43246:58:F>T,0,0.22856614
train-clinvar+pg_dms__cnn__seed43,PMS2,P43246:60:T>C,0,0.0560518
train-clinvar+pg_dms__cnn__seed43,PMS2,P43246:60:T>V,0,0.1882402
train-clinvar+pg_dms__cnn__seed43,PMS2,P43246:60:T>S,0,0.044756226
train-clinvar+pg_dms__cnn__seed43,PMS2,P43246:60:T>R,0,0.16018489
train-clinvar+pg_dms__cnn__seed43,PMS2,P43246:60:T>P,1,0.36265057
train-clinvar+pg_dms__cnn__seed43,PMS2,P43246:60:T>Y,0,0.10376709
train-clinvar+pg_dms__cnn__seed43,PMS2,P43246:60:T>A,0,0.13427135
train-clinvar+pg_dms__cnn__seed43,PMS2,P43246:60:T>N,0,0.11682772
train-clinvar+pg_dms__cnn__seed43,PMS2,P43246:60:T>W,1,0.284056
train-clinvar+pg_dms__cnn__seed43,PMS2,P43246:60:T>L,0,0.15592808
train-clinvar+pg_dms__cnn__seed43,PMS2,P43246:60:T>M,0,0.18292212
train-clinvar+pg_dms__cnn__seed43,PMS2,P43246:60:T>F,0,0.16585997
train-clinvar+pg_dms__cnn__seed43,PMS2,P43246:60:T>G,0,0.11590975
train-clinvar+pg_dms__cnn__seed43,PMS2,P43246:60:T>H,0,0.16482334
train-clinvar+pg_dms__cnn__seed43,PMS2,P43246:60:T>I,0,0.23584451
train-clinvar+pg_dms__cnn__seed43,PMS2,P43246:62:G>F,0,0.10605154
train-clinvar+pg_dms__cnn__seed43,PMS2,P43246:62:G>D,1,0.18077497
train-clinvar+pg_dms__cnn__seed43,PMS2,P43246:62:G>C,0,0.020049512
train-clinvar+pg_dms__cnn__seed43,PMS2,P43246:62:G>A,0,0.027504781
train-clinvar+pg_dms__cnn__seed43,PMS2,P43246:62:G>V,0,0.120891474
train-clinvar+pg_dms__cnn__seed43,PMS2,P43246:62:G>S,0,0.018441975
train-clinvar+pg_dms__cnn__seed43,PMS2,P43246:62:G>R,0,0.17450896
train-clinvar+pg_dms__cnn__seed43,PMS2,P43246:62:G>Q,0,0.113587774
train-clinvar+pg_dms__cnn__seed43,PMS2,P43246:62:G>N,0,0.098721564
train-clinvar+pg_dms__cnn__seed43,PMS2,P43246:62:G>M,0,0.14726771
train-clinvar+pg_dms__cnn__seed43,PMS2,P43246:62:G>L,0,0.099540815
train-clinvar+pg_dms__cnn__seed43,PMS2,P43246:62:G>K,0,0.16192825
train-clinvar+pg_dms__cnn__seed43,PMS2,P43246:62:G>I,0,0.12775569
train-clinvar+pg_dms__cnn__seed43,PMS2,P43246:62:G>H,0,0.12729618
train-clinvar+pg_dms__cnn__seed43,PMS2,P43246:62:G>Y,0,0.102834225
train-clinvar+pg_dms__cnn__seed43,PMS2,P43246:62:G>T,0,0.038868807
train-clinvar+pg_dms__cnn__seed43,PMS2,P43246:62:G>P,0,0.32793844
train-clinvar+pg_dms__cnn__seed43,PMS2,P43246:71:G>A,0,0.08601834
train-clinvar+pg_dms__cnn__seed43,PMS2,P43246:71:G>N,0,0.1084204
train-clinvar+pg_dms__cnn__seed43,PMS2,P43246:71:G>V,0,0.15246871
train-clinvar+pg_dms__cnn__seed43,PMS2,P43246:71:G>T,0,0.07790598
train-clinvar+pg_dms__cnn__seed43,PMS2,P43246:71:G>S,0,0.064729266
train-clinvar+pg_dms__cnn__seed43,PMS2,P43246:71:G>C,0,0.03475587
train-clinvar+pg_dms__cnn__seed43,PMS2,P43246:71:G>W,0,0.2639424
train-clinvar+pg_dms__cnn__seed43,PMS2,P43246:71:G>Q,0,0.13361679
train-clinvar+pg_dms__cnn__seed43,PMS2,P43246:71:G>Y,0,0.15026703
train-clinvar+pg_dms__cnn__seed43,PMS2,P43246:71:G>M,0,0.17916203
train-clinvar+pg_dms__cnn__seed43,PMS2,P43246:71:G>E,0,0.19413154
train-clinvar+pg_dms__cnn__seed43,PMS2,P43246:71:G>F,0,0.13189046
train-clinvar+pg_dms__cnn__seed43,PMS2,P43246:71:G>H,0,0.15743746
train-clinvar+pg_dms__cnn__seed43,PMS2,P43246:71:G>I,0,0.13013367
train-clinvar+pg_dms__cnn__seed43,PMS2,P43246:71:G>K,0,0.20653306
train-clinvar+pg_dms__cnn__seed43,PMS2,P43246:71:G>L,0,0.13785182
train-clinvar+pg_dms__cnn__seed43,PMS2,P43246:71:G>P,0,0.2442031
train-clinvar+pg_dms__cnn__seed43,PMS2,P43246:77:S>C,0,0.0064272713
train-clinvar+pg_dms__cnn__seed43,PMS2,P43246:77:S>W,0,0.40914914
train-clinvar+pg_dms__cnn__seed43,PMS2,P43246:77:S>V,0,0.14322948
train-clinvar+pg_dms__cnn__seed43,PMS2,P43246:77:S>T,0,0.026410256
train-clinvar+pg_dms__cnn__seed43,PMS2,P43246:77:S>Q,0,0.39876482
train-clinvar+pg_dms__cnn__seed43,PMS2,P43246:77:S>P,1,0.8393318
train-clinvar+pg_dms__cnn__seed43,PMS2,P43246:77:S>A,0,0.02535194
train-clinvar+pg_dms__cnn__seed43,PMS2,P43246:77:S>Y,0,0.04972878
train-clinvar+pg_dms__cnn__seed43,PMS2,P43246:77:S>F,0,0.07264965
train-clinvar+pg_dms__cnn__seed43,PMS2,P43246:77:S>E,0,0.46494442
train-clinvar+pg_dms__cnn__seed43,PMS2,P43246:77:S>M,0,0.100354254
train-clinvar+pg_dms__cnn__seed43,PMS2,P43246:77:S>L,0,0.096787445
train-clinvar+pg_dms__cnn__seed43,PMS2,P43246:77:S>N,0,0.22719957
train-clinvar+pg_dms__cnn__seed43,PMS2,P43246:77:S>I,0,0.375534
train-clinvar+pg_dms__cnn__seed43,PMS2,P43246:77:S>H,0,0.3458315
train-clinvar+pg_dms__cnn__seed43,PMS2,P43246:77:S>K,0,0.56852293
train-clinvar+pg_dms__cnn__seed43,PMS2,P43246:90:K>R,0,0.005049756
train-clinvar+pg_dms__cnn__seed43,PMS2,P43246:90:K>V,0,0.06245725
train-clinvar+pg_dms__cnn__seed43,PMS2,P43246:90:K>W,0,0.15048707
train-clinvar+pg_dms__cnn__seed43,PMS2,P43246:90:K>Y,0,0.027698271
train-clinvar+pg_dms__cnn__seed43,PMS2,P43246:90:K>M,0,0.08333601
train-clinvar+pg_dms__cnn__seed43,PMS2,P43246:90:K>L,0,0.04292563
train-clinvar+pg_dms__cnn__seed43,PMS2,P43246:90:K>I,0,0.047478184
train-clinvar+pg_dms__cnn__seed43,PMS2,P43246:90:K>H,0,0.023825593
train-clinvar+pg_dms__cnn__seed43,PMS2,P43246:90:K>G,0,0.049740437
train-clinvar+pg_dms__cnn__seed43,PMS2,P43246:90:K>F,0,0.04501093
train-clinvar+pg_dms__cnn__seed43,PMS2,P43246:90:K>D,0,0.11302608
train-clinvar+pg_dms__cnn__seed43,PMS2,P43246:90:K>C,0,0.014026887
train-clinvar+pg_dms__cnn__seed43,PMS2,P43246:90:K>A,0,0.035844702
train-clinvar+pg_dms__cnn__seed43,PMS2,P43246:90:K>Q,0,0.018225493
train-clinvar+pg_dms__cnn__seed43,PMS2,P43246:90:K>S,0,0.028302813
train-clinvar+pg_dms__cnn__seed43,PMS2,P43246:90:K>T,0,0.025613623
train-clinvar+pg_dms__cnn__seed43,PMS2,P43246:90:K>P,0,0.3268401
train-clinvar+pg_dms__cnn__seed43,PMS2,P43246:90:K>N,0,0.06874908
train-clinvar+pg_dms__cnn__seed43,PMS2,P43246:92:L>D,0,0.420949
train-clinvar+pg_dms__cnn__seed43,PMS2,P43246:92:L>C,0,0.012994392
train-clinvar+pg_dms__cnn__seed43,PMS2,P43246:92:L>E,0,0.35295898
train-clinvar+pg_dms__cnn__seed43,PMS2,P43246:92:L>A,0,0.034511503
train-clinvar+pg_dms__cnn__seed43,PMS2,P43246:92:L>W,0,0.47582576
train-clinvar+pg_dms__cnn__seed43,PMS2,P43246:92:L>V,0,0.026680378
train-clinvar+pg_dms__cnn__seed43,PMS2,P43246:92:L>S,0,0.08418099
train-clinvar+pg_dms__cnn__seed43,PMS2,P43246:92:L>R,0,0.23579004
train-clinvar+pg_dms__cnn__seed43,PMS2,P43246:92:L>T,0,0.07805457
train-clinvar+pg_dms__cnn__seed43,PMS2,P43246:92:L>N,0,0.24101017
train-clinvar+pg_dms__cnn__seed43,PMS2,P43246:92:L>M,0,0.015436012
train-clinvar+pg_dms__cnn__seed43,PMS2,P43246:92:L>K,0,0.26563072
train-clinvar+pg_dms__cnn__seed43,PMS2,P43246:92:L>H,0,0.17422445
train-clinvar+pg_dms__cnn__seed43,PMS2,P43246:92:L>G,0,0.15675433
train-clinvar+pg_dms__cnn__seed43,PMS2,P43246:92:L>Q,0,0.17152196
train-clinvar+pg_dms__cnn__seed43,PMS2,P43246:98:Y>C,0,0.012076502
train-clinvar+pg_dms__cnn__seed43,PMS2,P43246:98:Y>D,0,0.24210489
train-clinvar+pg_dms__cnn__seed43,PMS2,P43246:98:Y>E,0,0.20510434
train-clinvar+pg_dms__cnn__seed43,PMS2,P43246:98:Y>G,0,0.13696986
train-clinvar+pg_dms__cnn__seed43,PMS2,P43246:98:Y>H,0,0.04514296
train-clinvar+pg_dms__cnn__seed43,PMS2,P43246:98:Y>I,0,0.1414145
train-clinvar+pg_dms__cnn__seed43,PMS2,P43246:98:Y>K,0,0.16671388
train-clinvar+pg_dms__cnn__seed43,PMS2,P43246:98:Y>P,1,0.3535238
train-clinvar+pg_dms__cnn__seed43,PMS2,P43246:98:Y>M,0,0.1098863
train-clinvar+pg_dms__cnn__seed43,PMS2,P43246:98:Y>N,0,0.06693441
train-clinvar+pg_dms__cnn__seed43,PMS2,P43246:98:Y>Q,0,0.1255649
train-clinvar+pg_dms__cnn__seed43,PMS2,P43246:98:Y>R,0,0.10956137
train-clinvar+pg_dms__cnn__seed43,PMS2,P43246:98:Y>S,0,0.07150155
train-clinvar+pg_dms__cnn__seed43,PMS2,P43246:98:Y>T,0,0.12697205
train-clinvar+pg_dms__cnn__seed43,PMS2,P43246:98:Y>L,0,0.06293303
train-clinvar+pg_dms__cnn__seed43,PMS2,P43246:98:Y>A,0,0.12894802
train-clinvar+pg_dms__cnn__seed43,PMS2,P43246:98:Y>W,0,0.10872909
train-clinvar+pg_dms__cnn__seed43,PMS2,P43246:98:Y>V,0,0.10038046
train-clinvar+pg_dms__cnn__seed43,PMS2,P43246:100:V>L,0,0.035990123
train-clinvar+pg_dms__cnn__seed43,PMS2,P43246:100:V>K,1,0.5266008
train-clinvar+pg_dms__cnn__seed43,PMS2,P43246:100:V>M,0,0.1750503
train-clinvar+pg_dms__cnn__seed43,PMS2,P43246:100:V>G,0,0.2316318
train-clinvar+pg_dms__cnn__seed43,PMS2,P43246:100:V>I,0,0.01138148
train-clinvar+pg_dms__cnn__seed43,PMS2,P43246:100:V>N,1,0.44758052
train-clinvar+pg_dms__cnn__seed43,PMS2,P43246:100:V>R,1,0.44699574
train-clinvar+pg_dms__cnn__seed43,PMS2,P43246:100:V>S,0,0.24123673
train-clinvar+pg_dms__cnn__seed43,PMS2,P43246:100:V>T,1,0.0747231
train-clinvar+pg_dms__cnn__seed43,PMS2,P43246:100:V>W,0,0.7497936
train-clinvar+pg_dms__cnn__seed43,PMS2,P43246:100:V>Y,0,0.44474116
train-clinvar+pg_dms__cnn__seed43,PMS2,P43246:100:V>C,0,0.02839886
train-clinvar+pg_dms__cnn__seed43,PMS2,P43246:100:V>E,1,0.6022118
train-clinvar+pg_dms__cnn__seed43,PMS2,P43246:100:V>P,0,0.88260436
train-clinvar+pg_dms__cnn__seed43,PMS2,P43246:100:V>D,1,0.7537626
train-clinvar+pg_dms__cnn__seed43,PMS2,P43246:104:K>A,0,0.027286708
train-clinvar+pg_dms__cnn__seed43,PMS2,P43246:104:K>C,0,0.012064681
train-clinvar+pg_dms__cnn__seed43,PMS2,P43246:104:K>Y,0,0.039972804
train-clinvar+pg_dms__cnn__seed43,PMS2,P43246:104:K>V,0,0.033964884
train-clinvar+pg_dms__cnn__seed43,PMS2,P43246:104:K>T,0,0.01565364
train-clinvar+pg_dms__cnn__seed43,PMS2,P43246:104:K>S,0,0.021196492
train-clinvar+pg_dms__cnn__seed43,PMS2,P43246:104:K>R,0,0.0048149982
train-clinvar+pg_dms__cnn__seed43,PMS2,P43246:104:K>Q,0,0.0061055142
train-clinvar+pg_dms__cnn__seed43,PMS2,P43246:104:K>P,0,0.3079976
train-clinvar+pg_dms__cnn__seed43,PMS2,P43246:104:K>L,0,0.03384383
train-clinvar+pg_dms__cnn__seed43,PMS2,P43246:104:K>I,0,0.036676988
train-clinvar+pg_dms__cnn__seed43,PMS2,P43246:104:K>H,0,0.020280251
train-clinvar+pg_dms__cnn__seed43,PMS2,P43246:104:K>G,0,0.03612903
train-clinvar+pg_dms__cnn__seed43,PMS2,P43246:104:K>E,0,0.03932378
train-clinvar+pg_dms__cnn__seed43,PMS2,P43246:104:K>D,0,0.14212987
train-clinvar+pg_dms__cnn__seed43,PMS2,P43246:121:Y>W,0,0.020573959
train-clinvar+pg_dms__cnn__seed43,PMS2,P43246:121:Y>V,0,0.014710771
train-clinvar+pg_dms__cnn__seed43,PMS2,P43246:121:Y>I,0,0.024102984
train-clinvar+pg_dms__cnn__seed43,PMS2,P43246:121:Y>S,0,0.009276555
train-clinvar+pg_dms__cnn__seed43,PMS2,P43246:121:Y>M,0,0.028249025
train-clinvar+pg_dms__cnn__seed43,PMS2,P43246:121:Y>H,0,0.011831699
train-clinvar+pg_dms__cnn__seed43,PMS2,P43246:121:Y>T,0,0.016274003
train-clinvar+pg_dms__cnn__seed43,PMS2,P43246:121:Y>P,0,0.19386141
train-clinvar+pg_dms__cnn__seed43,PMS2,P43246:121:Y>R,0,0.025460143
train-clinvar+pg_dms__cnn__seed43,PMS2,P43246:121:Y>A,0,0.017277751
train-clinvar+pg_dms__cnn__seed43,PMS2,P43246:121:Y>Q,0,0.026788536
train-clinvar+pg_dms__cnn__seed43,PMS2,P43246:121:Y>G,0,0.019700449
train-clinvar+pg_dms__cnn__seed43,PMS2,P43246:121:Y>F,0,0.0047647078
train-clinvar+pg_dms__cnn__seed43,PMS2,P43246:121:Y>E,0,0.05019202
train-clinvar+pg_dms__cnn__seed43,PMS2,P43246:121:Y>C,0,0.0042092414
train-clinvar+pg_dms__cnn__seed43,PMS2,P43246:121:Y>L,0,0.018379938
train-clinvar+pg_dms__cnn__seed43,PMS2,P43246:121:Y>K,0,0.055186708
train-clinvar+pg_dms__cnn__seed43,PMS2,P43246:129:S>A,0,0.0038456297
train-clinvar+pg_dms__cnn__seed43,PMS2,P43246:129:S>C,1,0.0033686594
train-clinvar+pg_dms__cnn__seed43,PMS2,P43246:129:S>D,0,0.06445798
train-clinvar+pg_dms__cnn__seed43,PMS2,P43246:129:S>F,0,0.006547312
train-clinvar+pg_dms__cnn__seed43,PMS2,P43246:129:S>G,0,0.0050488645
train-clinvar+pg_dms__cnn__seed43,PMS2,P43246:129:S>H,0,0.02204602
train-clinvar+pg_dms__cnn__seed43,PMS2,P43246:129:S>I,0,0.0073895575
train-clinvar+pg_dms__cnn__seed43,PMS2,P43246:129:S>P,0,0.069162294
train-clinvar+pg_dms__cnn__seed43,PMS2,P43246:129:S>L,0,0.0052623022
train-clinvar+pg_dms__cnn__seed43,PMS2,P43246:129:S>N,0,0.011027868
train-clinvar+pg_dms__cnn__seed43,PMS2,P43246:129:S>Q,0,0.024998717
train-clinvar+pg_dms__cnn__seed43,PMS2,P43246:129:S>R,0,0.063808374
train-clinvar+pg_dms__cnn__seed43,PMS2,P43246:129:S>T,0,0.0028109173
train-clinvar+pg_dms__cnn__seed43,PMS2,P43246:129:S>V,0,0.007819244
train-clinvar+pg_dms__cnn__seed43,PMS2,P43246:129:S>Y,0,0.007501949
train-clinvar+pg_dms__cnn__seed43,PMS2,P43246:129:S>K,0,0.09015386
train-clinvar+pg_dms__cnn__seed43,PMS2,P43246:129:S>W,0,0.05244884
train-clinvar+pg_dms__cnn__seed43,PMS2,P43246:131:F>Y,0,0.06980706
train-clinvar+pg_dms__cnn__seed43,PMS2,P43246:131:F>W,0,0.32686368
train-clinvar+pg_dms__cnn__seed43,PMS2,P43246:131:F>V,0,0.03886088
train-clinvar+pg_dms__cnn__seed43,PMS2,P43246:131:F>T,0,0.15656438
train-clinvar+pg_dms__cnn__seed43,PMS2,P43246:131:F>S,0,0.21109997
train-clinvar+pg_dms__cnn__seed43,PMS2,P43246:131:F>R,0,0.26916292
train-clinvar+pg_dms__cnn__seed43,PMS2,P43246:131:F>N,0,0.21716775
train-clinvar+pg_dms__cnn__seed43,PMS2,P43246:131:F>P,0,0.701961
train-clinvar+pg_dms__cnn__seed43,PMS2,P43246:131:F>L,0,0.1359586
train-clinvar+pg_dms__cnn__seed43,PMS2,P43246:131:F>K,0,0.2773483
train-clinvar+pg_dms__cnn__seed43,PMS2,P43246:131:F>I,0,0.05695915
train-clinvar+pg_dms__cnn__seed43,PMS2,P43246:131:F>H,0,0.22991724
train-clinvar+pg_dms__cnn__seed43,PMS2,P43246:131:F>G,0,0.2199732
train-clinvar+pg_dms__cnn__seed43,PMS2,P43246:131:F>E,0,0.27919012
train-clinvar+pg_dms__cnn__seed43,PMS2,P43246:131:F>A,0,0.14214858
train-clinvar+pg_dms__cnn__seed43,PMS2,P43246:131:F>M,0,0.07749179
train-clinvar+pg_dms__cnn__seed43,PMS2,P43246:131:F>C,0,0.015324043
train-clinvar+pg_dms__cnn__seed43,PMS2,P43246:135:L>V,0,0.023199933
train-clinvar+pg_dms__cnn__seed43,PMS2,P43246:135:L>T,0,0.06780851
train-clinvar+pg_dms__cnn__seed43,PMS2,P43246:135:L>S,0,0.10835202
train-clinvar+pg_dms__cnn__seed43,PMS2,P43246:135:L>R,0,0.122422144
train-clinvar+pg_dms__cnn__seed43,PMS2,P43246:135:L>Q,0,0.11624854
train-clinvar+pg_dms__cnn__seed43,PMS2,P43246:135:L>P,0,0.4224623
train-clinvar+pg_dms__cnn__seed43,PMS2,P43246:135:L>N,0,0.102244265
train-clinvar+pg_dms__cnn__seed43,PMS2,P43246:135:L>H,0,0.101447806
train-clinvar+pg_dms__cnn__seed43,PMS2,P43246:135:L>I,0,0.006691126
train-clinvar+pg_dms__cnn__seed43,PMS2,P43246:135:L>W,0,0.25166494
train-clinvar+pg_dms__cnn__seed43,PMS2,P43246:135:L>Y,0,0.1077261
train-clinvar+pg_dms__cnn__seed43,PMS2,P43246:135:L>G,0,0.10534571
train-clinvar+pg_dms__cnn__seed43,PMS2,P43246:135:L>M,0,0.025041217
train-clinvar+pg_dms__cnn__seed43,PMS2,P43246:135:L>D,0,0.27311236
train-clinvar+pg_dms__cnn__seed43,PMS2,P43246:135:L>E,0,0.15558186
train-clinvar+pg_dms__cnn__seed43,PMS2,P43246:135:L>F,0,0.054552503
train-clinvar+pg_dms__cnn__seed43,PMS2,P43246:135:L>K,0,0.19072615
train-clinvar+pg_dms__cnn__seed43,PMS2,P43246:135:L>A,0,0.06822161
train-clinvar+pg_dms__cnn__seed43,PMS2,P43246:135:L>C,0,0.027936153
train-clinvar+pg_dms__cnn__seed43,PMS2,P43246:140:D>C,0,0.013859307
train-clinvar+pg_dms__cnn__seed43,PMS2,P43246:140:D>T,0,0.010834289
train-clinvar+pg_dms__cnn__seed43,PMS2,P43246:140:D>S,0,0.0053508156
train-clinvar+pg_dms__cnn__seed43,PMS2,P43246:140:D>W,0,0.14824364
train-clinvar+pg_dms__cnn__seed43,PMS2,P43246:140:D>R,0,0.05156876
train-clinvar+pg_dms__cnn__seed43,PMS2,P43246:140:D>Q,0,0.01886608
train-clinvar+pg_dms__cnn__seed43,PMS2,P43246:140:D>N,0,0.00803776
train-clinvar+pg_dms__cnn__seed43,PMS2,P43246:140:D>M,0,0.05401973
train-clinvar+pg_dms__cnn__seed43,PMS2,P43246:140:D>L,0,0.036437918
train-clinvar+pg_dms__cnn__seed43,PMS2,P43246:140:D>K,0,0.056040797
train-clinvar+pg_dms__cnn__seed43,PMS2,P43246:140:D>I,0,0.03540375
train-clinvar+pg_dms__cnn__seed43,PMS2,P43246:140:D>E,0,0.008095284
train-clinvar+pg_dms__cnn__seed43,PMS2,P43246:140:D>P,0,0.12992825
train-clinvar+pg_dms__cnn__seed43,PMS2,P43246:140:D>H,0,0.029003723
train-clinvar+pg_dms__cnn__seed43,PMS2,P43246:140:D>F,0,0.03184189
train-clinvar+pg_dms__cnn__seed43,PMS2,P43246:140:D>Y,0,0.026601892
train-clinvar+pg_dms__cnn__seed43,PMS2,P43246:140:D>G,0,0.01892375
train-clinvar+pg_dms__cnn__seed43,PMS2,P43246:145:I>W,0,0.13836107
train-clinvar+pg_dms__cnn__seed43,PMS2,P43246:145:I>V,0,0.013850147
train-clinvar+pg_dms__cnn__seed43,PMS2,P43246:145:I>T,0,0.012150672
train-clinvar+pg_dms__cnn__seed43,PMS2,P43246:145:I>S,0,0.007388949
train-clinvar+pg_dms__cnn__seed43,PMS2,P43246:145:I>K,0,0.07498977
train-clinvar+pg_dms__cnn__seed43,PMS2,P43246:145:I>H,0,0.04277952
train-clinvar+pg_dms__cnn__seed43,PMS2,P43246:145:I>Q,0,0.033213332
train-clinvar+pg_dms__cnn__seed43,PMS2,P43246:145:I>P,0,0.04335208
train-clinvar+pg_dms__cnn__seed43,PMS2,P43246:145:I>Y,0,0.027584955
train-clinvar+pg_dms__cnn__seed43,PMS2,P43246:145:I>R,0,0.026019285
train-clinvar+pg_dms__cnn__seed43,PMS2,P43246:145:I>C,0,0.007403988
train-clinvar+pg_dms__cnn__seed43,PMS2,P43246:145:I>D,0,0.10425596
train-clinvar+pg_dms__cnn__seed43,PMS2,P43246:145:I>A,0,0.008266847
train-clinvar+pg_dms__cnn__seed43,PMS2,P43246:145:I>N,0,0.016588362
train-clinvar+pg_dms__cnn__seed43,PMS2,P43246:145:I>E,0,0.06420136
train-clinvar+pg_dms__cnn__seed43,PMS2,P43246:145:I>F,0,0.0070238113
train-clinvar+pg_dms__cnn__seed43,PMS2,P43246:145:I>G,0,0.01913237
train-clinvar+pg_dms__cnn__seed43,PMS2,P43246:145:I>L,0,0.0077423668
train-clinvar+pg_dms__cnn__seed43,PMS2,P43246:149:G>C,1,0.035551075
train-clinvar+pg_dms__cnn__seed43,PMS2,P43246:149:G>W,1,0.9941513
train-clinvar+pg_dms__cnn__seed43,PMS2,P43246:149:G>V,0,0.89086133
train-clinvar+pg_dms__cnn__seed43,PMS2,P43246:149:G>T,0,0.552681
train-clinvar+pg_dms__cnn__seed43,PMS2,P43246:149:G>S,0,0.01959141
train-clinvar+pg_dms__cnn__seed43,PMS2,P43246:149:G>R,1,0.9878693
train-clinvar+pg_dms__cnn__seed43,PMS2,P43246:149:G>Q,1,0.97052425
train-clinvar+pg_dms__cnn__seed43,PMS2,P43246:149:G>P,1,0.99699366
train-clinvar+pg_dms__cnn__seed43,PMS2,P43246:149:G>N,1,0.96833825
train-clinvar+pg_dms__cnn__seed43,PMS2,P43246:149:G>M,1,0.97780913
train-clinvar+pg_dms__cnn__seed43,PMS2,P43246:149:G>Y,1,0.97114986
train-clinvar+pg_dms__cnn__seed43,PMS2,P43246:149:G>E,1,0.98668706
train-clinvar+pg_dms__cnn__seed43,PMS2,P43246:149:G>L,1,0.962537
train-clinvar+pg_dms__cnn__seed43,PMS2,P43246:149:G>K,1,0.9857538
train-clinvar+pg_dms__cnn__seed43,PMS2,P43246:149:G>I,1,0.95849586
train-clinvar+pg_dms__cnn__seed43,PMS2,P43246:149:G>H,1,0.95621014
train-clinvar+pg_dms__cnn__seed43,PMS2,P43246:149:G>D,1,0.98171383
train-clinvar+pg_dms__cnn__seed43,PMS2,P43246:150:V>E,1,0.9762448
train-clinvar+pg_dms__cnn__seed43,PMS2,P43246:150:V>D,1,0.98875284
train-clinvar+pg_dms__cnn__seed43,PMS2,P43246:150:V>H,1,0.9383093
train-clinvar+pg_dms__cnn__seed43,PMS2,P43246:150:V>K,1,0.9714726
train-clinvar+pg_dms__cnn__seed43,PMS2,P43246:150:V>L,0,0.009729992
train-clinvar+pg_dms__cnn__seed43,PMS2,P43246:150:V>M,0,0.024576109
train-clinvar+pg_dms__cnn__seed43,PMS2,P43246:150:V>C,0,0.053321708
train-clinvar+pg_dms__cnn__seed43,PMS2,P43246:150:V>A,0,0.25388873
train-clinvar+pg_dms__cnn__seed43,PMS2,P43246:150:V>N,1,0.91693467
train-clinvar+pg_dms__cnn__seed43,PMS2,P43246:150:V>G,1,0.7630247
train-clinvar+pg_dms__cnn__seed43,PMS2,P43246:150:V>F,0,0.01837268
train-clinvar+pg_dms__cnn__seed43,PMS2,P43246:150:V>Q,1,0.8953225
train-clinvar+pg_dms__cnn__seed43,PMS2,P43246:150:V>R,1,0.9797299
train-clinvar+pg_dms__cnn__seed43,PMS2,P43246:150:V>S,1,0.7334466
train-clinvar+pg_dms__cnn__seed43,PMS2,P43246:150:V>T,0,0.38758236
train-clinvar+pg_dms__cnn__seed43,PMS2,P43246:150:V>W,1,0.98677945
train-clinvar+pg_dms__cnn__seed43,PMS2,P43246:150:V>Y,1,0.8600442
train-clinvar+pg_dms__cnn__seed43,PMS2,P43246:150:V>P,1,0.99503326
train-clinvar+pg_dms__cnn__seed43,PMS2,P43246:153:S>T,0,0.0050216974
train-clinvar+pg_dms__cnn__seed43,PMS2,P43246:153:S>R,0,0.035742894
train-clinvar+pg_dms__cnn__seed43,PMS2,P43246:153:S>Q,0,0.019661836
train-clinvar+pg_dms__cnn__seed43,PMS2,P43246:153:S>P,0,0.098111235
train-clinvar+pg_dms__cnn__seed43,PMS2,P43246:153:S>N,0,0.0068508666
train-clinvar+pg_dms__cnn__seed43,PMS2,P43246:153:S>L,0,0.0074121994
train-clinvar+pg_dms__cnn__seed43,PMS2,P43246:153:S>K,0,0.0496656
train-clinvar+pg_dms__cnn__seed43,PMS2,P43246:153:S>C,0,0.0028847447
train-clinvar+pg_dms__cnn__seed43,PMS2,P43246:153:S>H,0,0.016153185
train-clinvar+pg_dms__cnn__seed43,PMS2,P43246:153:S>A,0,0.0048382636
train-clinvar+pg_dms__cnn__seed43,PMS2,P43246:153:S>V,0,0.0081665395
train-clinvar+pg_dms__cnn__seed43,PMS2,P43246:153:S>D,0,0.04393258
train-clinvar+pg_dms__cnn__seed43,PMS2,P43246:153:S>E,0,0.040336918
train-clinvar+pg_dms__cnn__seed43,PMS2,P43246:153:S>F,0,0.00940196
train-clinvar+pg_dms__cnn__seed43,PMS2,P43246:153:S>G,0,0.005601552
train-clinvar+pg_dms__cnn__seed43,PMS2,P43246:153:S>I,0,0.010025585
train-clinvar+pg_dms__cnn__seed43,PMS2,P43246:153:S>W,0,0.044095937
train-clinvar+pg_dms__cnn__seed43,PMS2,P43246:153:S>M,0,0.010016199
train-clinvar+pg_dms__cnn__seed43,PMS2,P43246:153:S>Y,0,0.008392881
train-clinvar+pg_dms__cnn__seed43,PMS2,P43246:161:V>T,0,0.024670336
train-clinvar+pg_dms__cnn__seed43,PMS2,P43246:161:V>R,1,0.92533636
train-clinvar+pg_dms__cnn__seed43,PMS2,P43246:161:V>Q,1,0.7996502
train-clinvar+pg_dms__cnn__seed43,PMS2,P43246:161:V>P,1,0.9709246
train-clinvar+pg_dms__cnn__seed43,PMS2,P43246:161:V>N,1,0.8462759
train-clinvar+pg_dms__cnn__seed43,PMS2,P43246:161:V>M,0,0.02215092
train-clinvar+pg_dms__cnn__seed43,PMS2,P43246:161:V>L,0,0.009831963
train-clinvar+pg_dms__cnn__seed43,PMS2,P43246:161:V>I,0,0.014864836
train-clinvar+pg_dms__cnn__seed43,PMS2,P43246:161:V>H,1,0.82022446
train-clinvar+pg_dms__cnn__seed43,PMS2,P43246:161:V>E,1,0.9212112
train-clinvar+pg_dms__cnn__seed43,PMS2,P43246:161:V>C,0,0.054056685
train-clinvar+pg_dms__cnn__seed43,PMS2,P43246:161:V>W,0,0.95961446
train-clinvar+pg_dms__cnn__seed43,PMS2,P43246:161:V>K,1,0.9277952
train-clinvar+pg_dms__cnn__seed43,PMS2,P43246:161:V>A,1,0.0534096
train-clinvar+pg_dms__cnn__seed43,PMS2,P43246:161:V>S,1,0.39076516
train-clinvar+pg_dms__cnn__seed43,PMS2,P43246:163:V>M,0,0.018379293
train-clinvar+pg_dms__cnn__seed43,PMS2,P43246:163:V>S,1,0.42206994
train-clinvar+pg_dms__cnn__seed43,PMS2,P43246:163:V>R,1,0.9787088
train-clinvar+pg_dms__cnn__seed43,PMS2,P43246:163:V>Q,1,0.934536
train-clinvar+pg_dms__cnn__seed43,PMS2,P43246:163:V>P,1,0.99327
train-clinvar+pg_dms__cnn__seed43,PMS2,P43246:163:V>N,1,0.9614911
train-clinvar+pg_dms__cnn__seed43,PMS2,P43246:163:V>L,0,0.014068295
train-clinvar+pg_dms__cnn__seed43,PMS2,P43246:163:V>A,0,0.010274671
train-clinvar+pg_dms__cnn__seed43,PMS2,P43246:163:V>H,1,0.9501364
train-clinvar+pg_dms__cnn__seed43,PMS2,P43246:163:V>F,0,0.011115659
train-clinvar+pg_dms__cnn__seed43,PMS2,P43246:163:V>E,1,0.985886
train-clinvar+pg_dms__cnn__seed43,PMS2,P43246:163:V>C,0,0.078576736
train-clinvar+pg_dms__cnn__seed43,PMS2,P43246:163:V>W,1,0.988699
train-clinvar+pg_dms__cnn__seed43,PMS2,P43246:163:V>K,1,0.9849445
train-clinvar+pg_dms__cnn__seed43,PMS2,P43246:163:V>Y,1,0.913086
train-clinvar+pg_dms__cnn__seed43,PMS2,P43246:163:V>T,1,0.02870779
train-clinvar+pg_dms__cnn__seed43,PMS2,P43246:164:G>Y,1,0.9281738
train-clinvar+pg_dms__cnn__seed43,PMS2,P43246:164:G>S,0,0.014714041
train-clinvar+pg_dms__cnn__seed43,PMS2,P43246:164:G>Q,1,0.8952707
train-clinvar+pg_dms__cnn__seed43,PMS2,P43246:164:G>P,1,0.9921895
train-clinvar+pg_dms__cnn__seed43,PMS2,P43246:164:G>N,1,0.9312489
train-clinvar+pg_dms__cnn__seed43,PMS2,P43246:164:G>M,1,0.9390277
train-clinvar+pg_dms__cnn__seed43,PMS2,P43246:164:G>L,1,0.88879377
train-clinvar+pg_dms__cnn__seed43,PMS2,P43246:164:G>K,1,0.96070546
train-clinvar+pg_dms__cnn__seed43,PMS2,P43246:164:G>I,1,0.8605006
train-clinvar+pg_dms__cnn__seed43,PMS2,P43246:164:G>H,1,0.91392803
train-clinvar+pg_dms__cnn__seed43,PMS2,P43246:164:G>F,1,0.8886942
train-clinvar+pg_dms__cnn__seed43,PMS2,P43246:164:G>D,1,0.9838256
train-clinvar+pg_dms__cnn__seed43,PMS2,P43246:164:G>C,0,0.020686692
train-clinvar+pg_dms__cnn__seed43,PMS2,P43246:164:G>T,1,0.30642182
train-clinvar+pg_dms__cnn__seed43,PMS2,P43246:164:G>A,0,0.007952456
train-clinvar+pg_dms__cnn__seed43,PMS2,P43246:164:G>V,1,0.70726687
train-clinvar+pg_dms__cnn__seed43,PMS2,P43246:168:S>Y,1,0.024955977
train-clinvar+pg_dms__cnn__seed43,PMS2,P43246:168:S>M,0,0.035439163
train-clinvar+pg_dms__cnn__seed43,PMS2,P43246:168:S>G,0,0.013814014
train-clinvar+pg_dms__cnn__seed43,PMS2,P43246:168:S>L,0,0.015749354
train-clinvar+pg_dms__cnn__seed43,PMS2,P43246:168:S>Q,0,0.09188583
train-clinvar+pg_dms__cnn__seed43,PMS2,P43246:168:S>H,0,0.059455987
train-clinvar+pg_dms__cnn__seed43,PMS2,P43246:168:S>I,0,0.023419842
train-clinvar+pg_dms__cnn__seed43,PMS2,P43246:168:S>R,0,0.2076289
train-clinvar+pg_dms__cnn__seed43,PMS2,P43246:168:S>K,0,0.25859663
train-clinvar+pg_dms__cnn__seed43,PMS2,P43246:168:S>N,0,0.019059265
train-clinvar+pg_dms__cnn__seed43,PMS2,P43246:168:S>P,0,0.07667057
train-clinvar+pg_dms__cnn__seed43,PMS2,P43246:168:S>F,0,0.04282658
train-clinvar+pg_dms__cnn__seed43,PMS2,P43246:168:S>E,0,0.12867135
train-clinvar+pg_dms__cnn__seed43,PMS2,P43246:168:S>A,0,0.010034083
train-clinvar+pg_dms__cnn__seed43,PMS2,P43246:168:S>T,0,0.011387716
train-clinvar+pg_dms__cnn__seed43,PMS2,P43246:168:S>C,0,0.0037260442
train-clinvar+pg_dms__cnn__seed43,PMS2,P43246:168:S>D,0,0.13563092
train-clinvar+pg_dms__cnn__seed43,PMS2,P43246:168:S>V,0,0.022057733
train-clinvar+pg_dms__cnn__seed43,PMS2,P43246:168:S>W,0,0.16192561
train-clinvar+pg_dms__cnn__seed43,PMS2,P43246:174:G>L,0,0.02744556
train-clinvar+pg_dms__cnn__seed43,PMS2,P43246:174:G>N,0,0.13818853
train-clinvar+pg_dms__cnn__seed43,PMS2,P43246:174:G>P,1,0.93510747
train-clinvar+pg_dms__cnn__seed43,PMS2,P43246:174:G>Q,0,0.036231186
train-clinvar+pg_dms__cnn__seed43,PMS2,P43246:174:G>R,0,0.15521787
train-clinvar+pg_dms__cnn__seed43,PMS2,P43246:174:G>S,0,0.0041024163
train-clinvar+pg_dms__cnn__seed43,PMS2,P43246:174:G>T,0,0.009149002
train-clinvar+pg_dms__cnn__seed43,PMS2,P43246:174:G>V,0,0.014789756
train-clinvar+pg_dms__cnn__seed43,PMS2,P43246:174:G>W,0,0.15884358
train-clinvar+pg_dms__cnn__seed43,PMS2,P43246:174:G>Y,0,0.025350189
train-clinvar+pg_dms__cnn__seed43,PMS2,P43246:174:G>A,0,0.0046184594
train-clinvar+pg_dms__cnn__seed43,PMS2,P43246:174:G>C,0,0.0034635568
train-clinvar+pg_dms__cnn__seed43,PMS2,P43246:174:G>D,0,0.47992888
train-clinvar+pg_dms__cnn__seed43,PMS2,P43246:174:G>E,0,0.1342628
train-clinvar+pg_dms__cnn__seed43,PMS2,P43246:174:G>F,0,0.02562508
train-clinvar+pg_dms__cnn__seed43,PMS2,P43246:174:G>I,0,0.026812721
train-clinvar+pg_dms__cnn__seed43,PMS2,P43246:174:G>K,0,0.61078733
train-clinvar+pg_dms__cnn__seed43,PMS2,P43246:174:G>M,0,0.06598958
train-clinvar+pg_dms__cnn__seed43,PMS2,P43246:174:G>H,0,0.07292251
train-clinvar+pg_dms__cnn__seed43,PMS2,P43246:179:P>F,0,0.008422832
train-clinvar+pg_dms__cnn__seed43,PMS2,P43246:179:P>G,0,0.007983567
train-clinvar+pg_dms__cnn__seed43,PMS2,P43246:179:P>H,0,0.015818458
train-clinvar+pg_dms__cnn__seed43,PMS2,P43246:179:P>I,0,0.008933538
train-clinvar+pg_dms__cnn__seed43,PMS2,P43246:179:P>K,0,0.013943078
train-clinvar+pg_dms__cnn__seed43,PMS2,P43246:179:P>E,0,0.009848094
train-clinvar+pg_dms__cnn__seed43,PMS2,P43246:179:P>L,0,0.00835195
train-clinvar+pg_dms__cnn__seed43,PMS2,P43246:179:P>A,0,0.0042851386
train-clinvar+pg_dms__cnn__seed43,PMS2,P43246:179:P>Y,0,0.011267996
train-clinvar+pg_dms__cnn__seed43,PMS2,P43246:179:P>W,0,0.026538337
train-clinvar+pg_dms__cnn__seed43,PMS2,P43246:179:P>V,0,0.0068010218
train-clinvar+pg_dms__cnn__seed43,PMS2,P43246:179:P>D,0,0.022511179
train-clinvar+pg_dms__cnn__seed43,PMS2,P43246:179:P>S,0,0.004631094
train-clinvar+pg_dms__cnn__seed43,PMS2,P43246:179:P>R,0,0.007459556
train-clinvar+pg_dms__cnn__seed43,PMS2,P43246:179:P>Q,0,0.0060933214
train-clinvar+pg_dms__cnn__seed43,PMS2,P43246:179:P>M,0,0.010044097
train-clinvar+pg_dms__cnn__seed43,PMS2,P43246:179:P>N,0,0.009790216
train-clinvar+pg_dms__cnn__seed43,PMS2,P43246:179:P>T,0,0.0043914528
train-clinvar+pg_dms__cnn__seed43,PMS2,P43246:180:D>S,0,0.24057357
train-clinvar+pg_dms__cnn__seed43,PMS2,P43246:180:D>T,0,0.4047584
train-clinvar+pg_dms__cnn__seed43,PMS2,P43246:180:D>V,0,0.5907775
train-clinvar+pg_dms__cnn__seed43,PMS2,P43246:180:D>W,0,0.85311055
train-clinvar+pg_dms__cnn__seed43,PMS2,P43246:180:D>P,0,0.94423676
train-clinvar+pg_dms__cnn__seed43,PMS2,P43246:180:D>K,1,0.73937315
train-clinvar+pg_dms__cnn__seed43,PMS2,P43246:180:D>L,0,0.53312874
train-clinvar+pg_dms__cnn__seed43,PMS2,P43246:180:D>C,0,0.2609452
train-clinvar+pg_dms__cnn__seed43,PMS2,P43246:180:D>F,0,0.5350108
train-clinvar+pg_dms__cnn__seed43,PMS2,P43246:180:D>G,0,0.37862876
train-clinvar+pg_dms__cnn__seed43,PMS2,P43246:180:D>I,0,0.660441
train-clinvar+pg_dms__cnn__seed43,PMS2,P43246:180:D>M,0,0.67857283
train-clinvar+pg_dms__cnn__seed43,PMS2,P43246:180:D>E,0,0.05602394
train-clinvar+pg_dms__cnn__seed43,PMS2,P43246:180:D>Y,0,0.48874775
train-clinvar+pg_dms__cnn__seed43,PMS2,P43246:180:D>R,1,0.628261
train-clinvar+pg_dms__cnn__seed43,PMS2,P43246:180:D>Q,0,0.4968834
train-clinvar+pg_dms__cnn__seed43,PMS2,P43246:182:D>C,0,0.026833266
train-clinvar+pg_dms__cnn__seed43,PMS2,P43246:182:D>A,0,0.012000671
train-clinvar+pg_dms__cnn__seed43,PMS2,P43246:182:D>K,0,0.060639735
train-clinvar+pg_dms__cnn__seed43,PMS2,P43246:182:D>G,0,0.013972583
train-clinvar+pg_dms__cnn__seed43,PMS2,P43246:182:D>L,0,0.028748836
train-clinvar+pg_dms__cnn__seed43,PMS2,P43246:182:D>M,0,0.07468684
train-clinvar+pg_dms__cnn__seed43,PMS2,P43246:182:D>P,0,0.13779207
train-clinvar+pg_dms__cnn__seed43,PMS2,P43246:182:D>F,0,0.044734623
train-clinvar+pg_dms__cnn__seed43,PMS2,P43246:182:D>Y,0,0.027688673
train-clinvar+pg_dms__cnn__seed43,PMS2,P43246:182:D>Q,0,0.026561914
train-clinvar+pg_dms__cnn__seed43,PMS2,P43246:182:D>V,0,0.018368447
train-clinvar+pg_dms__cnn__seed43,PMS2,P43246:182:D>T,0,0.015644794
train-clinvar+pg_dms__cnn__seed43,PMS2,P43246:182:D>S,0,0.006751292
train-clinvar+pg_dms__cnn__seed43,PMS2,P43246:182:D>R,0,0.047572732
train-clinvar+pg_dms__cnn__seed43,PMS2,P43246:182:D>I,0,0.034198496
train-clinvar+pg_dms__cnn__seed43,PMS2,P43246:182:D>W,0,0.193358
train-clinvar+pg_dms__cnn__seed43,PMS2,P43246:183:Q>R,0,0.018921968
train-clinvar+pg_dms__cnn__seed43,PMS2,P43246:183:Q>W,0,0.08719368
train-clinvar+pg_dms__cnn__seed43,PMS2,P43246:183:Q>V,0,0.0057564573
train-clinvar+pg_dms__cnn__seed43,PMS2,P43246:183:Q>T,0,0.0048374604
train-clinvar+pg_dms__cnn__seed43,PMS2,P43246:183:Q>S,0,0.0028109173
train-clinvar+pg_dms__cnn__seed43,PMS2,P43246:183:Q>P,0,0.057702057
train-clinvar+pg_dms__cnn__seed43,PMS2,P43246:183:Q>A,0,0.00290016
train-clinvar+pg_dms__cnn__seed43,PMS2,P43246:183:Q>M,0,0.011517744
train-clinvar+pg_dms__cnn__seed43,PMS2,P43246:183:Q>N,0,0.0063606496
train-clinvar+pg_dms__cnn__seed43,PMS2,P43246:183:Q>Y,0,0.007766832
train-clinvar+pg_dms__cnn__seed43,PMS2,P43246:183:Q>D,0,0.035673406
train-clinvar+pg_dms__cnn__seed43,PMS2,P43246:183:Q>E,0,0.01471451
train-clinvar+pg_dms__cnn__seed43,PMS2,P43246:183:Q>F,0,0.018233346
train-clinvar+pg_dms__cnn__seed43,PMS2,P43246:183:Q>C,0,0.009351021
train-clinvar+pg_dms__cnn__seed43,PMS2,P43246:183:Q>H,0,0.006678892
train-clinvar+pg_dms__cnn__seed43,PMS2,P43246:183:Q>I,0,0.008254409
train-clinvar+pg_dms__cnn__seed43,PMS2,P43246:183:Q>K,0,0.025274022
train-clinvar+pg_dms__cnn__seed43,PMS2,P43246:183:Q>L,0,0.0036136878
train-clinvar+pg_dms__cnn__seed43,PMS2,P43246:183:Q>G,0,0.0065236585
train-clinvar+pg_dms__cnn__seed43,PMS2,P43246:187:L>K,1,0.9522394
train-clinvar+pg_dms__cnn__seed43,PMS2,P43246:187:L>M,0,0.014189271
train-clinvar+pg_dms__cnn__seed43,PMS2,P43246:187:L>N,1,0.922964
train-clinvar+pg_dms__cnn__seed43,PMS2,P43246:187:L>A,0,0.09761217
train-clinvar+pg_dms__cnn__seed43,PMS2,P43246:187:L>Q,1,0.8439045
train-clinvar+pg_dms__cnn__seed43,PMS2,P43246:187:L>S,0,0.6392427
train-clinvar+pg_dms__cnn__seed43,PMS2,P43246:187:L>T,0,0.021191493
train-clinvar+pg_dms__cnn__seed43,PMS2,P43246:187:L>V,0,0.021818183
train-clinvar+pg_dms__cnn__seed43,PMS2,P43246:187:L>W,0,0.81525254
train-clinvar+pg_dms__cnn__seed43,PMS2,P43246:187:L>G,1,0.8464048
train-clinvar+pg_dms__cnn__seed43,PMS2,P43246:187:L>E,1,0.84072924
train-clinvar+pg_dms__cnn__seed43,PMS2,P43246:187:L>D,1,0.9607862
train-clinvar+pg_dms__cnn__seed43,PMS2,P43246:187:L>C,0,0.027492922
train-clinvar+pg_dms__cnn__seed43,PMS2,P43246:187:L>H,1,0.8932833
train-clinvar+pg_dms__cnn__seed43,PMS2,P43246:188:E>T,0,0.21918947
train-clinvar+pg_dms__cnn__seed43,PMS2,P43246:188:E>I,1,0.5901212
train-clinvar+pg_dms__cnn__seed43,PMS2,P43246:188:E>H,0,0.5205787
train-clinvar+pg_dms__cnn__seed43,PMS2,P43246:188:E>G,0,0.25209987
train-clinvar+pg_dms__cnn__seed43,PMS2,P43246:188:E>F,0,0.4665318
train-clinvar+pg_dms__cnn__seed43,PMS2,P43246:188:E>K,0,0.65233886
train-clinvar+pg_dms__cnn__seed43,PMS2,P43246:188:E>S,0,0.17025428
train-clinvar+pg_dms__cnn__seed43,PMS2,P43246:188:E>D,0,0.28191563
train-clinvar+pg_dms__cnn__seed43,PMS2,P43246:188:E>R,0,0.589852
train-clinvar+pg_dms__cnn__seed43,PMS2,P43246:188:E>V,0,0.5691276
train-clinvar+pg_dms__cnn__seed43,PMS2,P43246:188:E>W,0,0.8535402
train-clinvar+pg_dms__cnn__seed43,PMS2,P43246:188:E>M,0,0.66151875
train-clinvar+pg_dms__cnn__seed43,PMS2,P43246:188:E>N,0,0.5369023
train-clinvar+pg_dms__cnn__seed43,PMS2,P43246:188:E>P,1,0.83286244
train-clinvar+pg_dms__cnn__seed43,PMS2,P43246:188:E>A,0,0.13607958
train-clinvar+pg_dms__cnn__seed43,PMS2,P43246:188:E>Y,1,0.41664955
train-clinvar+pg_dms__cnn__seed43,PMS2,P43246:188:E>L,0,0.5669325
train-clinvar+pg_dms__cnn__seed43,PMS2,P43246:195:G>C,0,0.0031279947
train-clinvar+pg_dms__cnn__seed43,PMS2,P43246:195:G>A,0,0.0073707155
train-clinvar+pg_dms__cnn__seed43,PMS2,P43246:195:G>D,0,0.2127327
train-clinvar+pg_dms__cnn__seed43,PMS2,P43246:195:G>E,0,0.1151387
train-clinvar+pg_dms__cnn__seed43,PMS2,P43246:195:G>F,0,0.08904443
train-clinvar+pg_dms__cnn__seed43,PMS2,P43246:195:G>H,0,0.08040817
train-clinvar+pg_dms__cnn__seed43,PMS2,P43246:195:G>I,1,0.07313892
train-clinvar+pg_dms__cnn__seed43,PMS2,P43246:195:G>K,0,0.30908608
train-clinvar+pg_dms__cnn__seed43,PMS2,P43246:195:G>L,0,0.050559096
train-clinvar+pg_dms__cnn__seed43,PMS2,P43246:195:G>N,0,0.030801212
train-clinvar+pg_dms__cnn__seed43,PMS2,P43246:195:G>P,1,0.89306426
train-clinvar+pg_dms__cnn__seed43,PMS2,P43246:195:G>M,0,0.12899975
train-clinvar+pg_dms__cnn__seed43,PMS2,P43246:195:G>R,0,0.1180362
train-clinvar+pg_dms__cnn__seed43,PMS2,P43246:195:G>S,0,0.0038967875
train-clinvar+pg_dms__cnn__seed43,PMS2,P43246:195:G>T,0,0.013066177
train-clinvar+pg_dms__cnn__seed43,PMS2,P43246:195:G>V,0,0.03994588
train-clinvar+pg_dms__cnn__seed43,PMS2,P43246:195:G>W,0,0.39476132
train-clinvar+pg_dms__cnn__seed43,PMS2,P43246:195:G>Y,0,0.0705235
train-clinvar+pg_dms__cnn__seed43,PMS2,P43246:195:G>Q,0,0.044898823
train-clinvar+pg_dms__cnn__seed43,PMS2,P43246:204:G>A,0,0.0043269144
train-clinvar+pg_dms__cnn__seed43,PMS2,P43246:204:G>L,0,0.008227269
train-clinvar+pg_dms__cnn__seed43,PMS2,P43246:204:G>D,0,0.07077895
train-clinvar+pg_dms__cnn__seed43,PMS2,P43246:204:G>M,0,0.021806063
train-clinvar+pg_dms__cnn__seed43,PMS2,P43246:204:G>C,0,0.0020429709
train-clinvar+pg_dms__cnn__seed43,PMS2,P43246:204:G>T,0,0.0035840299
train-clinvar+pg_dms__cnn__seed43,PMS2,P43246:204:G>N,0,0.010199697
train-clinvar+pg_dms__cnn__seed43,PMS2,P43246:204:G>P,0,0.22753812
train-clinvar+pg_dms__cnn__seed43,PMS2,P43246:204:G>Q,0,0.020797316
train-clinvar+pg_dms__cnn__seed43,PMS2,P43246:204:G>R,0,0.09357375
train-clinvar+pg_dms__cnn__seed43,PMS2,P43246:204:G>S,0,0.0031675806
train-clinvar+pg_dms__cnn__seed43,PMS2,P43246:204:G>V,0,0.006564162
train-clinvar+pg_dms__cnn__seed43,PMS2,P43246:204:G>W,0,0.09278793
train-clinvar+pg_dms__cnn__seed43,PMS2,P43246:204:G>Y,0,0.016799606
train-clinvar+pg_dms__cnn__seed43,PMS2,P43246:204:G>I,0,0.007775001
train-clinvar+pg_dms__cnn__seed43,PMS2,P43246:204:G>H,0,0.04351863
train-clinvar+pg_dms__cnn__seed43,PMS2,P43246:204:G>F,0,0.011752197
train-clinvar+pg_dms__cnn__seed43,PMS2,P43246:208:G>S,0,0.004735904
train-clinvar+pg_dms__cnn__seed43,PMS2,P43246:208:G>V,0,0.007833051
train-clinvar+pg_dms__cnn__seed43,PMS2,P43246:208:G>Q,0,0.03169796
train-clinvar+pg_dms__cnn__seed43,PMS2,P43246:208:G>R,0,0.04607359
train-clinvar+pg_dms__cnn__seed43,PMS2,P43246:208:G>W,0,0.11820945
train-clinvar+pg_dms__cnn__seed43,PMS2,P43246:208:G>A,0,0.0071216114
train-clinvar+pg_dms__cnn__seed43,PMS2,P43246:208:G>T,0,0.0041300906
train-clinvar+pg_dms__cnn__seed43,PMS2,P43246:208:G>C,0,0.0020426735
train-clinvar+pg_dms__cnn__seed43,PMS2,P43246:208:G>D,0,0.071053825
train-clinvar+pg_dms__cnn__seed43,PMS2,P43246:208:G>E,0,0.029677628
train-clinvar+pg_dms__cnn__seed43,PMS2,P43246:208:G>H,0,0.03539342
train-clinvar+pg_dms__cnn__seed43,PMS2,P43246:208:G>I,0,0.00948453
train-clinvar+pg_dms__cnn__seed43,PMS2,P43246:208:G>K,0,0.077017106
train-clinvar+pg_dms__cnn__seed43,PMS2,P43246:208:G>L,0,0.00929667
train-clinvar+pg_dms__cnn__seed43,PMS2,P43246:208:G>M,0,0.028272707
train-clinvar+pg_dms__cnn__seed43,PMS2,P43246:208:G>P,0,0.10204931
train-clinvar+pg_dms__cnn__seed43,PMS2,P43246:217:I>A,0,0.03459334
train-clinvar+pg_dms__cnn__seed43,PMS2,P43246:217:I>G,0,0.16492866
train-clinvar+pg_dms__cnn__seed43,PMS2,P43246:217:I>D,1,0.4944827
train-clinvar+pg_dms__cnn__seed43,PMS2,P43246:217:I>C,0,0.013045504
train-clinvar+pg_dms__cnn__seed43,PMS2,P43246:217:I>L,0,0.010363197
train-clinvar+pg_dms__cnn__seed43,PMS2,P43246:217:I>M,0,0.0160153
train-clinvar+pg_dms__cnn__seed43,PMS2,P43246:217:I>N,0,0.21368782
train-clinvar+pg_dms__cnn__seed43,PMS2,P43246:217:I>P,0,0.6537487
train-clinvar+pg_dms__cnn__seed43,PMS2,P43246:217:I>R,1,0.26569533
train-clinvar+pg_dms__cnn__seed43,PMS2,P43246:217:I>K,1,0.36248168
train-clinvar+pg_dms__cnn__seed43,PMS2,P43246:217:I>T,0,0.037405588
train-clinvar+pg_dms__cnn__seed43,PMS2,P43246:217:I>V,0,0.018383294
train-clinvar+pg_dms__cnn__seed43,PMS2,P43246:217:I>W,0,0.41167977
train-clinvar+pg_dms__cnn__seed43,PMS2,P43246:217:I>H,0,0.27969658
train-clinvar+pg_dms__cnn__seed43,PMS2,P43246:217:I>F,0,0.010871032
train-clinvar+pg_dms__cnn__seed43,PMS2,P43246:217:I>E,1,0.38199487
train-clinvar+pg_dms__cnn__seed43,PMS2,P43246:217:I>S,0,0.028833237
train-clinvar+pg_dms__cnn__seed43,PMS2,P43246:229:K>A,0,0.03656781
train-clinvar+pg_dms__cnn__seed43,PMS2,P43246:229:K>C,0,0.019152807
train-clinvar+pg_dms__cnn__seed43,PMS2,P43246:229:K>D,0,0.09722774
train-clinvar+pg_dms__cnn__seed43,PMS2,P43246:229:K>H,1,0.036955785
train-clinvar+pg_dms__cnn__seed43,PMS2,P43246:229:K>L,0,0.04150242
train-clinvar+pg_dms__cnn__seed43,PMS2,P43246:229:K>N,0,0.086860694
train-clinvar+pg_dms__cnn__seed43,PMS2,P43246:229:K>Q,0,0.016499253
train-clinvar+pg_dms__cnn__seed43,PMS2,P43246:229:K>T,0,0.028883552
train-clinvar+pg_dms__cnn__seed43,PMS2,P43246:229:K>P,0,0.09712997
train-clinvar+pg_dms__cnn__seed43,PMS2,P43246:229:K>V,0,0.056496702
train-clinvar+pg_dms__cnn__seed43,PMS2,P43246:230:A>W,0,0.22803697
train-clinvar+pg_dms__cnn__seed43,PMS2,P43246:230:A>E,0,0.07476473
train-clinvar+pg_dms__cnn__seed43,PMS2,P43246:230:A>V,0,0.01312069
train-clinvar+pg_dms__cnn__seed43,PMS2,P43246:230:A>T,0,0.009285705
train-clinvar+pg_dms__cnn__seed43,PMS2,P43246:230:A>S,0,0.005525045
train-clinvar+pg_dms__cnn__seed43,PMS2,P43246:230:A>R,0,0.09572518
train-clinvar+pg_dms__cnn__seed43,PMS2,P43246:230:A>Q,0,0.0332701
train-clinvar+pg_dms__cnn__seed43,PMS2,P43246:230:A>F,0,0.020658845
train-clinvar+pg_dms__cnn__seed43,PMS2,P43246:230:A>I,0,0.015163286
train-clinvar+pg_dms__cnn__seed43,PMS2,P43246:230:A>K,0,0.11487499
train-clinvar+pg_dms__cnn__seed43,PMS2,P43246:230:A>L,0,0.016601505
train-clinvar+pg_dms__cnn__seed43,PMS2,P43246:230:A>M,0,0.01591509
train-clinvar+pg_dms__cnn__seed43,PMS2,P43246:230:A>N,0,0.017208809
train-clinvar+pg_dms__cnn__seed43,PMS2,P43246:230:A>P,0,0.04498304
train-clinvar+pg_dms__cnn__seed43,PMS2,P43246:230:A>H,0,0.05139354
train-clinvar+pg_dms__cnn__seed43,PMS2,P43246:230:A>Y,0,0.031707518
train-clinvar+pg_dms__cnn__seed43,PMS2,P43246:230:A>C,0,0.010200409
train-clinvar+pg_dms__cnn__seed43,PMS2,P43246:234:T>Q,0,0.011035031
train-clinvar+pg_dms__cnn__seed43,PMS2,P43246:234:T>K,0,0.01414331
train-clinvar+pg_dms__cnn__seed43,PMS2,P43246:234:T>L,0,0.00465618
train-clinvar+pg_dms__cnn__seed43,PMS2,P43246:234:T>F,0,0.0068929084
train-clinvar+pg_dms__cnn__seed43,PMS2,P43246:234:T>N,0,0.0076459004
train-clinvar+pg_dms__cnn__seed43,PMS2,P43246:234:T>M,0,0.009991383
train-clinvar+pg_dms__cnn__seed43,PMS2,P43246:234:T>P,0,0.019364676
train-clinvar+pg_dms__cnn__seed43,PMS2,P43246:234:T>R,0,0.011590328
train-clinvar+pg_dms__cnn__seed43,PMS2,P43246:234:T>S,0,0.006277784
train-clinvar+pg_dms__cnn__seed43,PMS2,P43246:234:T>G,0,0.007628001
train-clinvar+pg_dms__cnn__seed43,PMS2,P43246:234:T>W,0,0.061464023
train-clinvar+pg_dms__cnn__seed43,PMS2,P43246:234:T>A,0,0.010162412
train-clinvar+pg_dms__cnn__seed43,PMS2,P43246:234:T>C,0,0.0017892682
train-clinvar+pg_dms__cnn__seed43,PMS2,P43246:234:T>D,0,0.023883231
train-clinvar+pg_dms__cnn__seed43,PMS2,P43246:234:T>V,0,0.0066998634
train-clinvar+pg_dms__cnn__seed43,PMS2,P43246:234:T>E,0,0.014419423
train-clinvar+pg_dms__cnn__seed43,PMS2,P43246:234:T>Y,0,0.011800053
train-clinvar+pg_dms__cnn__seed43,PMS2,P43246:234:T>I,0,0.021306787
train-clinvar+pg_dms__cnn__seed43,PMS2,P43246:241:L>A,0,0.08305788
train-clinvar+pg_dms__cnn__seed43,PMS2,P43246:241:L>W,0,0.4591132
train-clinvar+pg_dms__cnn__seed43,PMS2,P43246:241:L>Y,0,0.24012221
train-clinvar+pg_dms__cnn__seed43,PMS2,P43246:241:L>V,0,0.014498796
train-clinvar+pg_dms__cnn__seed43,PMS2,P43246:241:L>M,0,0.009821186
train-clinvar+pg_dms__cnn__seed43,PMS2,P43246:241:L>S,0,0.16305256
train-clinvar+pg_dms__cnn__seed43,PMS2,P43246:241:L>R,1,0.48115718
train-clinvar+pg_dms__cnn__seed43,PMS2,P43246:241:L>Q,0,0.30869192
train-clinvar+pg_dms__cnn__seed43,PMS2,P43246:241:L>P,1,0.81599647
train-clinvar+pg_dms__cnn__seed43,PMS2,P43246:241:L>I,0,0.010291681
train-clinvar+pg_dms__cnn__seed43,PMS2,P43246:241:L>G,0,0.35521474
train-clinvar+pg_dms__cnn__seed43,PMS2,P43246:241:L>F,0,0.033523332
train-clinvar+pg_dms__cnn__seed43,PMS2,P43246:241:L>D,1,0.56505394
train-clinvar+pg_dms__cnn__seed43,PMS2,P43246:241:L>C,0,0.019734513
train-clinvar+pg_dms__cnn__seed43,PMS2,P43246:241:L>T,0,0.098063
train-clinvar+pg_dms__cnn__seed43,PMS2,P43246:248:K>W,0,0.051523305
train-clinvar+pg_dms__cnn__seed43,PMS2,P43246:248:K>N,0,0.016334895
train-clinvar+pg_dms__cnn__seed43,PMS2,P43246:248:K>P,0,0.037753213
train-clinvar+pg_dms__cnn__seed43,PMS2,P43246:248:K>I,0,0.013314062
train-clinvar+pg_dms__cnn__seed43,PMS2,P43246:248:K>H,0,0.008477284
train-clinvar+pg_dms__cnn__seed43,PMS2,P43246:248:K>G,0,0.008161133
train-clinvar+pg_dms__cnn__seed43,PMS2,P43246:248:K>F,0,0.019571042
train-clinvar+pg_dms__cnn__seed43,PMS2,P43246:248:K>E,0,0.012813925
train-clinvar+pg_dms__cnn__seed43,PMS2,P43246:248:K>C,0,0.005093488
train-clinvar+pg_dms__cnn__seed43,PMS2,P43246:248:K>A,0,0.0063183033
train-clinvar+pg_dms__cnn__seed43,PMS2,P43246:248:K>M,0,0.012624729
train-clinvar+pg_dms__cnn__seed43,PMS2,P43246:248:K>Y,0,0.016144592
train-clinvar+pg_dms__cnn__seed43,PMS2,P43246:248:K>D,0,0.022054382
train-clinvar+pg_dms__cnn__seed43,PMS2,P43246:248:K>R,0,0.008638994
train-clinvar+pg_dms__cnn__seed43,PMS2,P43246:248:K>L,0,0.008605579
train-clinvar+pg_dms__cnn__seed43,PMS2,P43246:248:K>S,0,0.005707877
train-clinvar+pg_dms__cnn__seed43,PMS2,P43246:248:K>T,0,0.005366469
train-clinvar+pg_dms__cnn__seed43,PMS2,P43246:248:K>V,0,0.01320765
train-clinvar+pg_dms__cnn__seed43,PMS2,P43246:256:A>K,0,0.034938447
train-clinvar+pg_dms__cnn__seed43,PMS2,P43246:256:A>F,0,0.013856466
train-clinvar+pg_dms__cnn__seed43,PMS2,P43246:256:A>G,0,0.011740052
train-clinvar+pg_dms__cnn__seed43,PMS2,P43246:256:A>Y,0,0.022242816
train-clinvar+pg_dms__cnn__seed43,PMS2,P43246:256:A>W,0,0.074019454
train-clinvar+pg_dms__cnn__seed43,PMS2,P43246:256:A>T,0,0.011756871
train-clinvar+pg_dms__cnn__seed43,PMS2,P43246:256:A>S,0,0.004227314
train-clinvar+pg_dms__cnn__seed43,PMS2,P43246:256:A>R,0,0.023573888
train-clinvar+pg_dms__cnn__seed43,PMS2,P43246:256:A>Q,0,0.018111385
train-clinvar+pg_dms__cnn__seed43,PMS2,P43246:256:A>P,0,0.03468732
train-clinvar+pg_dms__cnn__seed43,PMS2,P43246:256:A>N,0,0.00966671
train-clinvar+pg_dms__cnn__seed43,PMS2,P43246:256:A>D,0,0.037896685
train-clinvar+pg_dms__cnn__seed43,PMS2,P43246:256:A>H,0,0.018501084
train-clinvar+pg_dms__cnn__seed43,PMS2,P43246:256:A>M,0,0.014235842
train-clinvar+pg_dms__cnn__seed43,PMS2,P43246:256:A>L,0,0.005765585
train-clinvar+pg_dms__cnn__seed43,PMS2,P43246:256:A>I,0,0.00927816
train-clinvar+pg_dms__cnn__seed43,PMS2,P43246:256:A>E,0,0.027390433
train-clinvar+pg_dms__cnn__seed43,PMS2,P43246:259:P>W,0,0.04487374
train-clinvar+pg_dms__cnn__seed43,PMS2,P43246:259:P>D,0,0.02658029
train-clinvar+pg_dms__cnn__seed43,PMS2,P43246:259:P>A,0,0.0032093283
train-clinvar+pg_dms__cnn__seed43,PMS2,P43246:259:P>C,0,0.0062268255
train-clinvar+pg_dms__cnn__seed43,PMS2,P43246:259:P>Y,0,0.012129376
train-clinvar+pg_dms__cnn__seed43,PMS2,P43246:259:P>E,0,0.009854029
train-clinvar+pg_dms__cnn__seed43,PMS2,P43246:259:P>F,0,0.011309871
train-clinvar+pg_dms__cnn__seed43,PMS2,P43246:259:P>G,0,0.008295171
train-clinvar+pg_dms__cnn__seed43,PMS2,P43246:259:P>I,0,0.011275851
train-clinvar+pg_dms__cnn__seed43,PMS2,P43246:259:P>K,0,0.011093577
train-clinvar+pg_dms__cnn__seed43,PMS2,P43246:259:P>H,0,0.008698558
train-clinvar+pg_dms__cnn__seed43,PMS2,P43246:259:P>M,0,0.01240089
train-clinvar+pg_dms__cnn__seed43,PMS2,P43246:259:P>N,0,0.013209707
train-clinvar+pg_dms__cnn__seed43,PMS2,P43246:259:P>Q,0,0.0039737476
train-clinvar+pg_dms__cnn__seed43,PMS2,P43246:259:P>R,0,0.0053215283
train-clinvar+pg_dms__cnn__seed43,PMS2,P43246:259:P>S,0,0.007201447
train-clinvar+pg_dms__cnn__seed43,PMS2,P43246:259:P>T,0,0.0057979454
train-clinvar+pg_dms__cnn__seed43,PMS2,P43246:259:P>V,0,0.006218472
train-clinvar+pg_dms__cnn__seed43,PMS2,P43246:259:P>L,0,0.0065042237
train-clinvar+pg_dms__cnn__seed43,PMS2,P43246:261:M>C,0,0.013320873
train-clinvar+pg_dms__cnn__seed43,PMS2,P43246:261:M>A,0,0.009214523
train-clinvar+pg_dms__cnn__seed43,PMS2,P43246:261:M>N,0,0.046565626
train-clinvar+pg_dms__cnn__seed43,PMS2,P43246:261:M>P,0,0.8188982
train-clinvar+pg_dms__cnn__seed43,PMS2,P43246:261:M>S,0,0.022812538
train-clinvar+pg_dms__cnn__seed43,PMS2,P43246:261:M>R,0,0.011934449
train-clinvar+pg_dms__cnn__seed43,PMS2,P43246:261:M>D,0,0.33558235
train-clinvar+pg_dms__cnn__seed43,PMS2,P43246:261:M>T,0,0.0124453455
train-clinvar+pg_dms__cnn__seed43,PMS2,P43246:261:M>Y,0,0.047893755
train-clinvar+pg_dms__cnn__seed43,PMS2,P43246:261:M>Q,0,0.015144022
train-clinvar+pg_dms__cnn__seed43,PMS2,P43246:261:M>E,0,0.08249816
train-clinvar+pg_dms__cnn__seed43,PMS2,P43246:261:M>W,1,0.18718895
train-clinvar+pg_dms__cnn__seed43,PMS2,P43246:261:M>G,0,0.035372533
train-clinvar+pg_dms__cnn__seed43,PMS2,P43246:261:M>F,0,0.0066365153
train-clinvar+pg_dms__cnn__seed43,PMS2,P43246:261:M>I,0,0.0075048683
train-clinvar+pg_dms__cnn__seed43,PMS2,P43246:261:M>H,0,0.10789909
train-clinvar+pg_dms__cnn__seed43,PMS2,P43246:261:M>K,0,0.019954141
train-clinvar+pg_dms__cnn__seed43,PMS2,P43246:269:S>N,1,0.8737315
train-clinvar+pg_dms__cnn__seed43,PMS2,P43246:269:S>Y,1,0.9564066
train-clinvar+pg_dms__cnn__seed43,PMS2,P43246:269:S>W,1,0.9736363
train-clinvar+pg_dms__cnn__seed43,PMS2,P43246:269:S>V,0,0.44751915
train-clinvar+pg_dms__cnn__seed43,PMS2,P43246:269:S>T,0,0.05532773
train-clinvar+pg_dms__cnn__seed43,PMS2,P43246:269:S>R,1,0.97924405
train-clinvar+pg_dms__cnn__seed43,PMS2,P43246:269:S>P,0,0.9440474
train-clinvar+pg_dms__cnn__seed43,PMS2,P43246:269:S>M,1,0.8950808
train-clinvar+pg_dms__cnn__seed43,PMS2,P43246:269:S>Q,1,0.9786744
train-clinvar+pg_dms__cnn__seed43,PMS2,P43246:269:S>K,1,0.9786668
train-clinvar+pg_dms__cnn__seed43,PMS2,P43246:269:S>C,0,0.00536735
train-clinvar+pg_dms__cnn__seed43,PMS2,P43246:269:S>D,1,0.9614684
train-clinvar+pg_dms__cnn__seed43,PMS2,P43246:269:S>F,1,0.92642576
train-clinvar+pg_dms__cnn__seed43,PMS2,P43246:269:S>A,0,0.013490748
train-clinvar+pg_dms__cnn__seed43,PMS2,P43246:269:S>H,1,0.9167529
train-clinvar+pg_dms__cnn__seed43,PMS2,P43246:269:S>I,1,0.7548015
train-clinvar+pg_dms__cnn__seed43,PMS2,P43246:269:S>G,0,0.022486813
train-clinvar+pg_dms__cnn__seed43,PMS2,P43246:272:A>S,0,0.019892285
train-clinvar+pg_dms__cnn__seed43,PMS2,P43246:272:A>R,1,0.9675213
train-clinvar+pg_dms__cnn__seed43,PMS2,P43246:272:A>Q,0,0.97279537
train-clinvar+pg_dms__cnn__seed43,PMS2,P43246:272:A>P,0,0.99605477
train-clinvar+pg_dms__cnn__seed43,PMS2,P43246:272:A>M,0,0.92680997
train-clinvar+pg_dms__cnn__seed43,PMS2,P43246:272:A>K,1,0.97864246
train-clinvar+pg_dms__cnn__seed43,PMS2,P43246:272:A>I,1,0.9607151
train-clinvar+pg_dms__cnn__seed43,PMS2,P43246:272:A>H,0,0.97711986
train-clinvar+pg_dms__cnn__seed43,PMS2,P43246:272:A>W,1,0.98883736
train-clinvar+pg_dms__cnn__seed43,PMS2,P43246:272:A>D,0,0.9890069
train-clinvar+pg_dms__cnn__seed43,PMS2,P43246:272:A>G,0,0.047873996
train-clinvar+pg_dms__cnn__seed43,PMS2,P43246:272:A>C,0,0.05268938
train-clinvar+pg_dms__cnn__seed43,PMS2,P43246:272:A>L,0,0.92998344
train-clinvar+pg_dms__cnn__seed43,PMS2,P43246:276:F>L,0,0.69396544
train-clinvar+pg_dms__cnn__seed43,PMS2,P43246:276:F>A,0,0.46095458
train-clinvar+pg_dms__cnn__seed43,PMS2,P43246:276:F>D,0,0.76279867
train-clinvar+pg_dms__cnn__seed43,PMS2,P43246:276:F>E,0,0.81158394
train-clinvar+pg_dms__cnn__seed43,PMS2,P43246:276:F>G,0,0.72809446
train-clinvar+pg_dms__cnn__seed43,PMS2,P43246:276:F>H,0,0.24584492
train-clinvar+pg_dms__cnn__seed43,PMS2,P43246:276:F>T,0,0.5176122
train-clinvar+pg_dms__cnn__seed43,PMS2,P43246:276:F>S,0,0.28193292
train-clinvar+pg_dms__cnn__seed43,PMS2,P43246:276:F>I,0,0.12943202
train-clinvar+pg_dms__cnn__seed43,PMS2,P43246:276:F>Q,0,0.69486517
train-clinvar+pg_dms__cnn__seed43,PMS2,P43246:276:F>P,1,0.9251436
train-clinvar+pg_dms__cnn__seed43,PMS2,P43246:276:F>N,0,0.5826583
train-clinvar+pg_dms__cnn__seed43,PMS2,P43246:276:F>M,0,0.5172164
train-clinvar+pg_dms__cnn__seed43,PMS2,P43246:276:F>K,0,0.87675136
train-clinvar+pg_dms__cnn__seed43,PMS2,P43246:276:F>R,0,0.7862195
train-clinvar+pg_dms__cnn__seed43,PMS2,P43246:276:F>V,0,0.11755284
train-clinvar+pg_dms__cnn__seed43,PMS2,P43246:276:F>Y,0,0.007286732
train-clinvar+pg_dms__cnn__seed43,PMS2,P43246:277:L>T,0,0.030590521
train-clinvar+pg_dms__cnn__seed43,PMS2,P43246:277:L>A,0,0.061893754
train-clinvar+pg_dms__cnn__seed43,PMS2,P43246:277:L>C,0,0.014666549
train-clinvar+pg_dms__cnn__seed43,PMS2,P43246:277:L>E,0,0.61283773
train-clinvar+pg_dms__cnn__seed43,PMS2,P43246:277:L>F,0,0.04611669
train-clinvar+pg_dms__cnn__seed43,PMS2,P43246:277:L>G,0,0.44201583
train-clinvar+pg_dms__cnn__seed43,PMS2,P43246:277:L>H,0,0.27981722
train-clinvar+pg_dms__cnn__seed43,PMS2,P43246:277:L>I,0,0.020630771
train-clinvar+pg_dms__cnn__seed43,PMS2,P43246:277:L>K,0,0.69375753
train-clinvar+pg_dms__cnn__seed43,PMS2,P43246:277:L>N,0,0.5187738
train-clinvar+pg_dms__cnn__seed43,PMS2,P43246:277:L>P,1,0.9432689
train-clinvar+pg_dms__cnn__seed43,PMS2,P43246:277:L>Q,0,0.062249593
train-clinvar+pg_dms__cnn__seed43,PMS2,P43246:277:L>Y,0,0.5460013
train-clinvar+pg_dms__cnn__seed43,PMS2,P43246:277:L>W,0,0.56790996
train-clinvar+pg_dms__cnn__seed43,PMS2,P43246:277:L>V,0,0.019009445
train-clinvar+pg_dms__cnn__seed43,PMS2,P43246:277:L>M,0,0.017774012
train-clinvar+pg_dms__cnn__seed43,PMS2,P43246:277:L>R,0,0.4339475
train-clinvar+pg_dms__cnn__seed43,PMS2,P43246:278:E>Y,0,0.056156814
train-clinvar+pg_dms__cnn__seed43,PMS2,P43246:278:E>A,0,0.026580242
train-clinvar+pg_dms__cnn__seed43,PMS2,P43246:278:E>C,0,0.018516565
train-clinvar+pg_dms__cnn__seed43,PMS2,P43246:278:E>D,0,0.009567782
train-clinvar+pg_dms__cnn__seed43,PMS2,P43246:278:E>F,0,0.06276393
train-clinvar+pg_dms__cnn__seed43,PMS2,P43246:278:E>G,0,0.017142184
train-clinvar+pg_dms__cnn__seed43,PMS2,P43246:278:E>H,0,0.08829639
train-clinvar+pg_dms__cnn__seed43,PMS2,P43246:278:E>I,0,0.10630956
train-clinvar+pg_dms__cnn__seed43,PMS2,P43246:278:E>V,0,0.088613026
train-clinvar+pg_dms__cnn__seed43,PMS2,P43246:278:E>K,0,0.08956802
train-clinvar+pg_dms__cnn__seed43,PMS2,P43246:278:E>M,0,0.11891289
train-clinvar+pg_dms__cnn__seed43,PMS2,P43246:278:E>N,0,0.04122965
train-clinvar+pg_dms__cnn__seed43,PMS2,P43246:278:E>P,0,0.16109632
train-clinvar+pg_dms__cnn__seed43,PMS2,P43246:278:E>Q,0,0.023724213
train-clinvar+pg_dms__cnn__seed43,PMS2,P43246:278:E>R,0,0.080739595
train-clinvar+pg_dms__cnn__seed43,PMS2,P43246:278:E>S,0,0.009998362
train-clinvar+pg_dms__cnn__seed43,PMS2,P43246:278:E>T,0,0.042717546
train-clinvar+pg_dms__cnn__seed43,PMS2,P43246:278:E>L,0,0.086429775
train-clinvar+pg_dms__cnn__seed43,PMS2,P43246:278:E>W,0,0.19162436
train-clinvar+pg_dms__cnn__seed43,PMS2,P43246:284:S>T,0,0.0029101272
train-clinvar+pg_dms__cnn__seed43,PMS2,P43246:284:S>Y,0,0.015470008
train-clinvar+pg_dms__cnn__seed43,PMS2,P43246:284:S>W,0,0.059077315
train-clinvar+pg_dms__cnn__seed43,PMS2,P43246:284:S>V,0,0.006358161
train-clinvar+pg_dms__cnn__seed43,PMS2,P43246:284:S>R,0,0.02548108
train-clinvar+pg_dms__cnn__seed43,PMS2,P43246:284:S>K,0,0.048416853
train-clinvar+pg_dms__cnn__seed43,PMS2,P43246:284:S>N,0,0.0051932493
train-clinvar+pg_dms__cnn__seed43,PMS2,P43246:284:S>M,0,0.0073209107
train-clinvar+pg_dms__cnn__seed43,PMS2,P43246:284:S>L,0,0.0042025894
train-clinvar+pg_dms__cnn__seed43,PMS2,P43246:284:S>I,0,0.009486381
train-clinvar+pg_dms__cnn__seed43,PMS2,P43246:284:S>H,0,0.015549319
train-clinvar+pg_dms__cnn__seed43,PMS2,P43246:284:S>A,0,0.0029284314
train-clinvar+pg_dms__cnn__seed43,PMS2,P43246:284:S>E,0,0.02744014
train-clinvar+pg_dms__cnn__seed43,PMS2,P43246:284:S>F,0,0.006709927
train-clinvar+pg_dms__cnn__seed43,PMS2,P43246:284:S>G,0,0.0033413693
train-clinvar+pg_dms__cnn__seed43,PMS2,P43246:284:S>Q,0,0.015781762
train-clinvar+pg_dms__cnn__seed43,PMS2,P43246:284:S>C,0,0.0023981975
train-clinvar+pg_dms__cnn__seed43,PMS2,P43246:284:S>P,0,0.14608908
train-clinvar+pg_dms__cnn__seed43,PMS2,P43246:286:F>H,0,0.028763337
train-clinvar+pg_dms__cnn__seed43,PMS2,P43246:286:F>D,0,0.26647463
train-clinvar+pg_dms__cnn__seed43,PMS2,P43246:286:F>W,0,0.05990818
train-clinvar+pg_dms__cnn__seed43,PMS2,P43246:286:F>G,0,0.11067204
train-clinvar+pg_dms__cnn__seed43,PMS2,P43246:286:F>V,0,0.029394675
train-clinvar+pg_dms__cnn__seed43,PMS2,P43246:286:F>R,0,0.079946145
train-clinvar+pg_dms__cnn__seed43,PMS2,P43246:286:F>Q,0,0.061560962
train-clinvar+pg_dms__cnn__seed43,PMS2,P43246:286:F>P,0,0.61643094
train-clinvar+pg_dms__cnn__seed43,PMS2,P43246:286:F>E,0,0.18076648
train-clinvar+pg_dms__cnn__seed43,PMS2,P43246:286:F>M,0,0.07060905
train-clinvar+pg_dms__cnn__seed43,PMS2,P43246:286:F>L,0,0.108995855
train-clinvar+pg_dms__cnn__seed43,PMS2,P43246:286:F>K,0,0.16728447
train-clinvar+pg_dms__cnn__seed43,PMS2,P43246:286:F>I,0,0.0334577
train-clinvar+pg_dms__cnn__seed43,PMS2,P43246:286:F>T,0,0.043187696
train-clinvar+pg_dms__cnn__seed43,PMS2,P43246:286:F>N,0,0.06399055
train-clinvar+pg_dms__cnn__seed43,PMS2,P43246:286:F>A,0,0.04768839
train-clinvar+pg_dms__cnn__seed43,PMS2,P43246:287:G>Y,0,0.020439865
train-clinvar+pg_dms__cnn__seed43,PMS2,P43246:287:G>A,0,0.016980262
train-clinvar+pg_dms__cnn__seed43,PMS2,P43246:287:G>C,0,0.0046963855
train-clinvar+pg_dms__cnn__seed43,PMS2,P43246:287:G>D,0,0.024507524
train-clinvar+pg_dms__cnn__seed43,PMS2,P43246:287:G>E,0,0.034471948
train-clinvar+pg_dms__cnn__seed43,PMS2,P43246:287:G>F,0,0.04402021
train-clinvar+pg_dms__cnn__seed43,PMS2,P43246:287:G>H,0,0.022882791
train-clinvar+pg_dms__cnn__seed43,PMS2,P43246:287:G>I,0,0.07968761
train-clinvar+pg_dms__cnn__seed43,PMS2,P43246:287:G>K,0,0.042800114
train-clinvar+pg_dms__cnn__seed43,PMS2,P43246:287:G>L,0,0.031906255
train-clinvar+pg_dms__cnn__seed43,PMS2,P43246:287:G>M,0,0.062515296
train-clinvar+pg_dms__cnn__seed43,PMS2,P43246:287:G>N,0,0.012490447
train-clinvar+pg_dms__cnn__seed43,PMS2,P43246:287:G>P,1,0.43756875
train-clinvar+pg_dms__cnn__seed43,PMS2,P43246:287:G>Q,0,0.015383444
train-clinvar+pg_dms__cnn__seed43,PMS2,P43246:287:G>S,0,0.0036962773
train-clinvar+pg_dms__cnn__seed43,PMS2,P43246:287:G>T,0,0.016893936
train-clinvar+pg_dms__cnn__seed43,PMS2,P43246:287:G>V,0,0.070025615
train-clinvar+pg_dms__cnn__seed43,PMS2,P43246:287:G>W,0,0.08467696
train-clinvar+pg_dms__cnn__seed43,PMS2,P43246:296:F>C,0,0.0022903965
train-clinvar+pg_dms__cnn__seed43,PMS2,P43246:296:F>E,0,0.046871323
train-clinvar+pg_dms__cnn__seed43,PMS2,P43246:296:F>G,0,0.014745937
train-clinvar+pg_dms__cnn__seed43,PMS2,P43246:296:F>H,0,0.018244244
train-clinvar+pg_dms__cnn__seed43,PMS2,P43246:296:F>D,0,0.04357238
train-clinvar+pg_dms__cnn__seed43,PMS2,P43246:296:F>A,0,0.0066954982
train-clinvar+pg_dms__cnn__seed43,PMS2,P43246:296:F>M,0,0.007675162
train-clinvar+pg_dms__cnn__seed43,PMS2,P43246:296:F>W,0,0.036980957
train-clinvar+pg_dms__cnn__seed43,PMS2,P43246:296:F>V,0,0.0060420185
train-clinvar+pg_dms__cnn__seed43,PMS2,P43246:296:F>T,0,0.008927101
train-clinvar+pg_dms__cnn__seed43,PMS2,P43246:296:F>S,0,0.009696981
train-clinvar+pg_dms__cnn__seed43,PMS2,P43246:296:F>R,0,0.013145955
train-clinvar+pg_dms__cnn__seed43,PMS2,P43246:296:F>Q,0,0.02222637
train-clinvar+pg_dms__cnn__seed43,PMS2,P43246:296:F>P,0,0.10204936
train-clinvar+pg_dms__cnn__seed43,PMS2,P43246:296:F>I,0,0.0061331987
train-clinvar+pg_dms__cnn__seed43,PMS2,P43246:296:F>K,0,0.040399965
train-clinvar+pg_dms__cnn__seed43,PMS2,P43246:296:F>L,0,0.012370053
train-clinvar+pg_dms__cnn__seed43,PMS2,P43246:296:F>Y,0,0.005065128
train-clinvar+pg_dms__cnn__seed43,PMS2,P43246:296:F>N,0,0.011936316
train-clinvar+pg_dms__cnn__seed43,PMS2,P43246:297:S>A,0,0.002033096
train-clinvar+pg_dms__cnn__seed43,PMS2,P43246:297:S>C,0,0.001373361
train-clinvar+pg_dms__cnn__seed43,PMS2,P43246:297:S>L,0,0.003099654
train-clinvar+pg_dms__cnn__seed43,PMS2,P43246:297:S>P,0,0.039376948
train-clinvar+pg_dms__cnn__seed43,PMS2,P43246:297:S>Q,0,0.007198381
train-clinvar+pg_dms__cnn__seed43,PMS2,P43246:297:S>R,0,0.013718571
train-clinvar+pg_dms__cnn__seed43,PMS2,P43246:297:S>T,0,0.0025410615
train-clinvar+pg_dms__cnn__seed43,PMS2,P43246:297:S>V,0,0.008333997
train-clinvar+pg_dms__cnn__seed43,PMS2,P43246:297:S>K,0,0.020898242
train-clinvar+pg_dms__cnn__seed43,PMS2,P43246:297:S>N,0,0.003585832
train-clinvar+pg_dms__cnn__seed43,PMS2,P43246:297:S>W,1,0.03869592
train-clinvar+pg_dms__cnn__seed43,PMS2,P43246:297:S>I,0,0.02138167
train-clinvar+pg_dms__cnn__seed43,PMS2,P43246:297:S>H,0,0.009536068
train-clinvar+pg_dms__cnn__seed43,PMS2,P43246:297:S>G,0,0.0028167418
train-clinvar+pg_dms__cnn__seed43,PMS2,P43246:297:S>F,0,0.0037550929
train-clinvar+pg_dms__cnn__seed43,PMS2,P43246:297:S>E,0,0.008841645
train-clinvar+pg_dms__cnn__seed43,PMS2,P43246:297:S>D,0,0.015554464
train-clinvar+pg_dms__cnn__seed43,PMS2,P43246:297:S>Y,0,0.006863664
train-clinvar+pg_dms__cnn__seed43,PMS2,P43246:297:S>M,0,0.0090514785
train-clinvar+pg_dms__cnn__seed43,PMS2,P43246:303:D>S,0,0.47452408
train-clinvar+pg_dms__cnn__seed43,PMS2,P43246:303:D>R,0,0.8790443
train-clinvar+pg_dms__cnn__seed43,PMS2,P43246:303:D>P,0,0.9832597
train-clinvar+pg_dms__cnn__seed43,PMS2,P43246:303:D>M,0,0.85280234
train-clinvar+pg_dms__cnn__seed43,PMS2,P43246:303:D>L,1,0.88213176
train-clinvar+pg_dms__cnn__seed43,PMS2,P43246:303:D>I,1,0.79120046
train-clinvar+pg_dms__cnn__seed43,PMS2,P43246:303:D>A,0,0.6609544
train-clinvar+pg_dms__cnn__seed43,PMS2,P43246:303:D>C,0,0.09432274
train-clinvar+pg_dms__cnn__seed43,PMS2,P43246:303:D>E,0,0.8794827
train-clinvar+pg_dms__cnn__seed43,PMS2,P43246:303:D>V,1,0.7867317
train-clinvar+pg_dms__cnn__seed43,PMS2,P43246:303:D>W,1,0.90417176
train-clinvar+pg_dms__cnn__seed43,PMS2,P43246:303:D>T,0,0.6211306
train-clinvar+pg_dms__cnn__seed43,PMS2,P43246:305:A>I,0,0.38809678
train-clinvar+pg_dms__cnn__seed43,PMS2,P43246:305:A>W,0,0.8021219
train-clinvar+pg_dms__cnn__seed43,PMS2,P43246:305:A>C,0,0.019474382
train-clinvar+pg_dms__cnn__seed43,PMS2,P43246:305:A>D,0,0.7103716
train-clinvar+pg_dms__cnn__seed43,PMS2,P43246:305:A>E,0,0.80862176
train-clinvar+pg_dms__cnn__seed43,PMS2,P43246:305:A>F,0,0.19486862
train-clinvar+pg_dms__cnn__seed43,PMS2,P43246:305:A>G,0,0.045188125
train-clinvar+pg_dms__cnn__seed43,PMS2,P43246:305:A>Y,0,0.22844039
train-clinvar+pg_dms__cnn__seed43,PMS2,P43246:305:A>H,0,0.28858054
train-clinvar+pg_dms__cnn__seed43,PMS2,P43246:305:A>S,0,0.0058120387
train-clinvar+pg_dms__cnn__seed43,PMS2,P43246:305:A>R,0,0.6654004
train-clinvar+pg_dms__cnn__seed43,PMS2,P43246:305:A>Q,0,0.3504853
train-clinvar+pg_dms__cnn__seed43,PMS2,P43246:305:A>P,0,0.3906696
train-clinvar+pg_dms__cnn__seed43,PMS2,P43246:305:A>N,0,0.21205553
train-clinvar+pg_dms__cnn__seed43,PMS2,P43246:305:A>M,0,0.28879172
train-clinvar+pg_dms__cnn__seed43,PMS2,P43246:305:A>L,0,0.24507295
train-clinvar+pg_dms__cnn__seed43,PMS2,P43246:305:A>T,0,0.04492431
train-clinvar+pg_dms__cnn__seed43,PMS2,P43246:305:A>K,0,0.7254069
train-clinvar+pg_dms__cnn__seed43,PMS2,P43246:309:A>Y,0,0.64750856
train-clinvar+pg_dms__cnn__seed43,PMS2,P43246:309:A>W,0,0.7995934
train-clinvar+pg_dms__cnn__seed43,PMS2,P43246:309:A>D,0,0.754964
train-clinvar+pg_dms__cnn__seed43,PMS2,P43246:309:A>Q,0,0.63843656
train-clinvar+pg_dms__cnn__seed43,PMS2,P43246:309:A>R,0,0.7212481
train-clinvar+pg_dms__cnn__seed43,PMS2,P43246:309:A>C,0,0.08119714
train-clinvar+pg_dms__cnn__seed43,PMS2,P43246:309:A>T,0,0.19847593
train-clinvar+pg_dms__cnn__seed43,PMS2,P43246:309:A>V,0,0.3980261
train-clinvar+pg_dms__cnn__seed43,PMS2,P43246:309:A>N,0,0.44014928
train-clinvar+pg_dms__cnn__seed43,PMS2,P43246:309:A>S,0,0.006276365
train-clinvar+pg_dms__cnn__seed43,PMS2,P43246:309:A>L,0,0.5408792
train-clinvar+pg_dms__cnn__seed43,PMS2,P43246:309:A>K,0,0.72608733
train-clinvar+pg_dms__cnn__seed43,PMS2,P43246:309:A>I,0,0.5165462
train-clinvar+pg_dms__cnn__seed43,PMS2,P43246:309:A>H,0,0.5076546
train-clinvar+pg_dms__cnn__seed43,PMS2,P43246:309:A>G,0,0.038176678
train-clinvar+pg_dms__cnn__seed43,PMS2,P43246:309:A>F,0,0.51422936
train-clinvar+pg_dms__cnn__seed43,PMS2,P43246:309:A>E,0,0.704983
train-clinvar+pg_dms__cnn__seed43,PMS2,P43246:309:A>M,0,0.6800009
train-clinvar+pg_dms__cnn__seed43,PMS2,P43246:312:L>D,0,0.53964645
train-clinvar+pg_dms__cnn__seed43,PMS2,P43246:312:L>W,0,0.5382737
train-clinvar+pg_dms__cnn__seed43,PMS2,P43246:312:L>V,0,0.013340415
train-clinvar+pg_dms__cnn__seed43,PMS2,P43246:312:L>T,0,0.16423258
train-clinvar+pg_dms__cnn__seed43,PMS2,P43246:312:L>S,0,0.120558165
train-clinvar+pg_dms__cnn__seed43,PMS2,P43246:312:L>R,0,0.33695826
train-clinvar+pg_dms__cnn__seed43,PMS2,P43246:312:L>P,0,0.71345055
train-clinvar+pg_dms__cnn__seed43,PMS2,P43246:312:L>Y,0,0.17873372
train-clinvar+pg_dms__cnn__seed43,PMS2,P43246:312:L>K,0,0.39321536
train-clinvar+pg_dms__cnn__seed43,PMS2,P43246:312:L>I,0,0.013445087
train-clinvar+pg_dms__cnn__seed43,PMS2,P43246:312:L>H,0,0.12777476
train-clinvar+pg_dms__cnn__seed43,PMS2,P43246:312:L>G,0,0.29302737
train-clinvar+pg_dms__cnn__seed43,PMS2,P43246:312:L>A,0,0.085242584
train-clinvar+pg_dms__cnn__seed43,PMS2,P43246:312:L>C,0,0.02072558
train-clinvar+pg_dms__cnn__seed43,PMS2,P43246:312:L>F,0,0.1114961
train-clinvar+pg_dms__cnn__seed43,PMS2,P43246:312:L>M,0,0.025389684
train-clinvar+pg_dms__cnn__seed43,PMS2,P43246:312:L>N,0,0.33018604
train-clinvar+pg_dms__cnn__seed43,PMS2,P43246:316:S>W,0,0.073051445
train-clinvar+pg_dms__cnn__seed43,PMS2,P43246:316:S>V,0,0.019260459
train-clinvar+pg_dms__cnn__seed43,PMS2,P43246:316:S>R,0,0.04884647
train-clinvar+pg_dms__cnn__seed43,PMS2,P43246:316:S>Q,0,0.03942292
train-clinvar+pg_dms__cnn__seed43,PMS2,P43246:316:S>P,0,0.047506277
train-clinvar+pg_dms__cnn__seed43,PMS2,P43246:316:S>N,0,0.017443744
train-clinvar+pg_dms__cnn__seed43,PMS2,P43246:316:S>M,0,0.029438207
train-clinvar+pg_dms__cnn__seed43,PMS2,P43246:316:S>L,0,0.014985342
train-clinvar+pg_dms__cnn__seed43,PMS2,P43246:316:S>I,0,0.02133396
train-clinvar+pg_dms__cnn__seed43,PMS2,P43246:316:S>H,0,0.03426663
train-clinvar+pg_dms__cnn__seed43,PMS2,P43246:316:S>G,0,0.017699758
train-clinvar+pg_dms__cnn__seed43,PMS2,P43246:316:S>F,0,0.029250875
train-clinvar+pg_dms__cnn__seed43,PMS2,P43246:316:S>D,0,0.06050502
train-clinvar+pg_dms__cnn__seed43,PMS2,P43246:316:S>A,0,0.014964008
train-clinvar+pg_dms__cnn__seed43,PMS2,P43246:316:S>K,0,0.06762803
train-clinvar+pg_dms__cnn__seed43,PMS2,P43246:320:T>W,0,0.098940656
train-clinvar+pg_dms__cnn__seed43,PMS2,P43246:320:T>Y,0,0.021819402
train-clinvar+pg_dms__cnn__seed43,PMS2,P43246:320:T>K,0,0.025165826
train-clinvar+pg_dms__cnn__seed43,PMS2,P43246:320:T>A,0,0.017000867
train-clinvar+pg_dms__cnn__seed43,PMS2,P43246:320:T>C,0,0.009914335
train-clinvar+pg_dms__cnn__seed43,PMS2,P43246:320:T>V,0,0.02160815
train-clinvar+pg_dms__cnn__seed43,PMS2,P43246:320:T>D,0,0.04229678
train-clinvar+pg_dms__cnn__seed43,PMS2,P43246:320:T>E,0,0.039120544
train-clinvar+pg_dms__cnn__seed43,PMS2,P43246:320:T>G,0,0.01419731
train-clinvar+pg_dms__cnn__seed43,PMS2,P43246:320:T>H,0,0.018988527
train-clinvar+pg_dms__cnn__seed43,PMS2,P43246:320:T>F,0,0.013675938
train-clinvar+pg_dms__cnn__seed43,PMS2,P43246:320:T>L,0,0.014204653
train-clinvar+pg_dms__cnn__seed43,PMS2,P43246:320:T>M,0,0.019596558
train-clinvar+pg_dms__cnn__seed43,PMS2,P43246:320:T>N,0,0.017546937
train-clinvar+pg_dms__cnn__seed43,PMS2,P43246:320:T>P,0,0.054818068
train-clinvar+pg_dms__cnn__seed43,PMS2,P43246:320:T>Q,0,0.01796319
train-clinvar+pg_dms__cnn__seed43,PMS2,P43246:320:T>R,0,0.019074261
train-clinvar+pg_dms__cnn__seed43,PMS2,P43246:320:T>I,0,0.017979458
train-clinvar+pg_dms__cnn__seed43,PMS2,P43246:321:T>Q,0,0.01924695
train-clinvar+pg_dms__cnn__seed43,PMS2,P43246:321:T>I,0,0.01685564
train-clinvar+pg_dms__cnn__seed43,PMS2,P43246:321:T>P,0,0.04685289
train-clinvar+pg_dms__cnn__seed43,PMS2,P43246:321:T>N,0,0.0139926225
train-clinvar+pg_dms__cnn__seed43,PMS2,P43246:321:T>M,0,0.019445555
train-clinvar+pg_dms__cnn__seed43,PMS2,P43246:321:T>L,0,0.013743858
train-clinvar+pg_dms__cnn__seed43,PMS2,P43246:321:T>K,0,0.025540724
train-clinvar+pg_dms__cnn__seed43,PMS2,P43246:321:T>H,0,0.020536346
train-clinvar+pg_dms__cnn__seed43,PMS2,P43246:321:T>V,0,0.015121294
train-clinvar+pg_dms__cnn__seed43,PMS2,P43246:321:T>F,0,0.015789948
train-clinvar+pg_dms__cnn__seed43,PMS2,P43246:321:T>E,0,0.03165273
train-clinvar+pg_dms__cnn__seed43,PMS2,P43246:321:T>D,0,0.038271002
train-clinvar+pg_dms__cnn__seed43,PMS2,P43246:321:T>W,0,0.055053204
train-clinvar+pg_dms__cnn__seed43,PMS2,P43246:321:T>Y,0,0.017553266
train-clinvar+pg_dms__cnn__seed43,PMS2,P43246:321:T>R,0,0.022702137
train-clinvar+pg_dms__cnn__seed43,PMS2,P43246:321:T>G,0,0.01564177
train-clinvar+pg_dms__cnn__seed43,PMS2,P43246:321:T>S,0,0.025829952
train-clinvar+pg_dms__cnn__seed43,PMS2,P43246:323:S>W,0,0.018211681
train-clinvar+pg_dms__cnn__seed43,PMS2,P43246:323:S>A,0,0.010101601
train-clinvar+pg_dms__cnn__seed43,PMS2,P43246:323:S>V,0,0.008375114
train-clinvar+pg_dms__cnn__seed43,PMS2,P43246:323:S>T,0,0.00578774
train-clinvar+pg_dms__cnn__seed43,PMS2,P43246:323:S>R,0,0.02312509
train-clinvar+pg_dms__cnn__seed43,PMS2,P43246:323:S>Q,0,0.015505083
train-clinvar+pg_dms__cnn__seed43,PMS2,P43246:323:S>P,0,0.01665654
train-clinvar+pg_dms__cnn__seed43,PMS2,P43246:323:S>N,0,0.006835813
train-clinvar+pg_dms__cnn__seed43,PMS2,P43246:323:S>Y,0,0.012605704
train-clinvar+pg_dms__cnn__seed43,PMS2,P43246:323:S>M,0,0.010657693
train-clinvar+pg_dms__cnn__seed43,PMS2,P43246:323:S>I,0,0.010888222
train-clinvar+pg_dms__cnn__seed43,PMS2,P43246:323:S>H,0,0.012787521
train-clinvar+pg_dms__cnn__seed43,PMS2,P43246:323:S>G,0,0.0067949533
train-clinvar+pg_dms__cnn__seed43,PMS2,P43246:323:S>E,0,0.026397204
train-clinvar+pg_dms__cnn__seed43,PMS2,P43246:323:S>D,0,0.02602775
train-clinvar+pg_dms__cnn__seed43,PMS2,P43246:323:S>C,0,0.0040748953
train-clinvar+pg_dms__cnn__seed43,PMS2,P43246:323:S>L,0,0.0075794216
train-clinvar+pg_dms__cnn__seed43,PMS2,P43246:323:S>K,0,0.030201826
train-clinvar+pg_dms__cnn__seed43,PMS2,P43246:326:L>M,0,0.063244656
train-clinvar+pg_dms__cnn__seed43,PMS2,P43246:326:L>S,1,0.8779015
train-clinvar+pg_dms__cnn__seed43,PMS2,P43246:326:L>R,1,0.9280154
train-clinvar+pg_dms__cnn__seed43,PMS2,P43246:326:L>Q,1,0.8767105
train-clinvar+pg_dms__cnn__seed43,PMS2,P43246:326:L>P,1,0.96036714
train-clinvar+pg_dms__cnn__seed43,PMS2,P43246:326:L>N,1,0.90809435
train-clinvar+pg_dms__cnn__seed43,PMS2,P43246:326:L>K,1,0.94009125
train-clinvar+pg_dms__cnn__seed43,PMS2,P43246:326:L>I,0,0.024642926
train-clinvar+pg_dms__cnn__seed43,PMS2,P43246:326:L>G,1,0.914944
train-clinvar+pg_dms__cnn__seed43,PMS2,P43246:326:L>E,1,0.9267609
train-clinvar+pg_dms__cnn__seed43,PMS2,P43246:326:L>D,1,0.95652145
train-clinvar+pg_dms__cnn__seed43,PMS2,P43246:326:L>C,0,0.30905652
train-clinvar+pg_dms__cnn__seed43,PMS2,P43246:326:L>A,0,0.7194287
train-clinvar+pg_dms__cnn__seed43,PMS2,P43246:326:L>T,0,0.6743001
train-clinvar+pg_dms__cnn__seed43,PMS2,P43246:326:L>V,0,0.03834077
train-clinvar+pg_dms__cnn__seed43,PMS2,P43246:326:L>W,1,0.94530106
train-clinvar+pg_dms__cnn__seed43,PMS2,P43246:326:L>F,0,0.27184817
train-clinvar+pg_dms__cnn__seed43,PMS2,P43246:331:N>C,0,0.0072211013
train-clinvar+pg_dms__cnn__seed43,PMS2,P43246:331:N>W,0,0.7605989
train-clinvar+pg_dms__cnn__seed43,PMS2,P43246:331:N>T,0,0.018721636
train-clinvar+pg_dms__cnn__seed43,PMS2,P43246:331:N>V,0,0.09437835
train-clinvar+pg_dms__cnn__seed43,PMS2,P43246:331:N>A,0,0.028743071
train-clinvar+pg_dms__cnn__seed43,PMS2,P43246:331:N>E,0,0.5285753
train-clinvar+pg_dms__cnn__seed43,PMS2,P43246:331:N>H,0,0.019206632
train-clinvar+pg_dms__cnn__seed43,PMS2,P43246:331:N>G,0,0.016776206
train-clinvar+pg_dms__cnn__seed43,PMS2,P43246:331:N>S,0,0.008620383
train-clinvar+pg_dms__cnn__seed43,PMS2,P43246:331:N>R,0,0.2863706
train-clinvar+pg_dms__cnn__seed43,PMS2,P43246:331:N>P,1,0.8370963
train-clinvar+pg_dms__cnn__seed43,PMS2,P43246:331:N>F,0,0.19649999
train-clinvar+pg_dms__cnn__seed43,PMS2,P43246:331:N>Y,0,0.028786998
train-clinvar+pg_dms__cnn__seed43,PMS2,P43246:331:N>I,0,0.3643168
train-clinvar+pg_dms__cnn__seed43,PMS2,P43246:331:N>K,0,0.35612223
train-clinvar+pg_dms__cnn__seed43,PMS2,P43246:331:N>L,0,0.06353649
train-clinvar+pg_dms__cnn__seed43,PMS2,P43246:331:N>M,0,0.19623479
train-clinvar+pg_dms__cnn__seed43,PMS2,P43246:337:Q>A,0,0.005656649
train-clinvar+pg_dms__cnn__seed43,PMS2,P43246:337:Q>W,0,0.9808934
train-clinvar+pg_dms__cnn__seed43,PMS2,P43246:337:Q>Y,0,0.89936554
train-clinvar+pg_dms__cnn__seed43,PMS2,P43246:337:Q>V,0,0.07137268
train-clinvar+pg_dms__cnn__seed43,PMS2,P43246:337:Q>D,1,0.97595054
train-clinvar+pg_dms__cnn__seed43,PMS2,P43246:337:Q>C,0,0.17181754
train-clinvar+pg_dms__cnn__seed43,PMS2,P43246:337:Q>T,0,0.04430966
train-clinvar+pg_dms__cnn__seed43,PMS2,P43246:337:Q>S,0,0.012042791
train-clinvar+pg_dms__cnn__seed43,PMS2,P43246:337:Q>P,0,0.065362416
train-clinvar+pg_dms__cnn__seed43,PMS2,P43246:337:Q>M,0,0.03291439
train-clinvar+pg_dms__cnn__seed43,PMS2,P43246:337:Q>L,0,0.028516224
train-clinvar+pg_dms__cnn__seed43,PMS2,P43246:337:Q>I,0,0.26897037
train-clinvar+pg_dms__cnn__seed43,PMS2,P43246:337:Q>H,0,0.5612333
train-clinvar+pg_dms__cnn__seed43,PMS2,P43246:337:Q>G,0,0.018217124
train-clinvar+pg_dms__cnn__seed43,PMS2,P43246:337:Q>F,0,0.8059248
train-clinvar+pg_dms__cnn__seed43,PMS2,P43246:337:Q>E,0,0.08063928
train-clinvar+pg_dms__cnn__seed43,PMS2,P43246:337:Q>K,1,0.8814876
train-clinvar+pg_dms__cnn__seed43,PMS2,P43246:343:N>P,0,0.6992538
train-clinvar+pg_dms__cnn__seed43,PMS2,P43246:343:N>C,0,0.00086338405
train-clinvar+pg_dms__cnn__seed43,PMS2,P43246:343:N>R,0,0.011874558
train-clinvar+pg_dms__cnn__seed43,PMS2,P43246:343:N>S,0,0.008624708
train-clinvar+pg_dms__cnn__seed43,PMS2,P43246:343:N>T,0,0.00228396
train-clinvar+pg_dms__cnn__seed43,PMS2,P43246:343:N>V,0,0.007950546
train-clinvar+pg_dms__cnn__seed43,PMS2,P43246:343:N>W,0,0.09190414
train-clinvar+pg_dms__cnn__seed43,PMS2,P43246:343:N>Y,0,0.0021702813
train-clinvar+pg_dms__cnn__seed43,PMS2,P43246:343:N>M,0,0.00891745
train-clinvar+pg_dms__cnn__seed43,PMS2,P43246:343:N>L,0,0.0053587016
train-clinvar+pg_dms__cnn__seed43,PMS2,P43246:343:N>I,0,0.009609552
train-clinvar+pg_dms__cnn__seed43,PMS2,P43246:343:N>H,0,0.0030886112
train-clinvar+pg_dms__cnn__seed43,PMS2,P43246:343:N>G,0,0.005114491
train-clinvar+pg_dms__cnn__seed43,PMS2,P43246:343:N>F,0,0.005608395
train-clinvar+pg_dms__cnn__seed43,PMS2,P43246:343:N>E,0,0.021115841
train-clinvar+pg_dms__cnn__seed43,PMS2,P43246:343:N>D,0,0.013339839
train-clinvar+pg_dms__cnn__seed43,PMS2,P43246:343:N>K,0,0.013219873
train-clinvar+pg_dms__cnn__seed43,PMS2,P43246:343:N>A,0,0.0040795775
train-clinvar+pg_dms__cnn__seed43,PMS2,P43246:345:W>C,1,0.18243945
train-clinvar+pg_dms__cnn__seed43,PMS2,P43246:345:W>S,1,0.3987075
train-clinvar+pg_dms__cnn__seed43,PMS2,P43246:345:W>R,1,0.8013758
train-clinvar+pg_dms__cnn__seed43,PMS2,P43246:345:W>Q,1,0.66003263
train-clinvar+pg_dms__cnn__seed43,PMS2,P43246:345:W>P,1,0.9158559
train-clinvar+pg_dms__cnn__seed43,PMS2,P43246:345:W>N,1,0.7200632
train-clinvar+pg_dms__cnn__seed43,PMS2,P43246:345:W>M,0,0.6362495
train-clinvar+pg_dms__cnn__seed43,PMS2,P43246:345:W>L,0,0.35335356
train-clinvar+pg_dms__cnn__seed43,PMS2,P43246:345:W>A,1,0.4068006
train-clinvar+pg_dms__cnn__seed43,PMS2,P43246:345:W>Y,0,0.104358174
train-clinvar+pg_dms__cnn__seed43,PMS2,P43246:345:W>K,1,0.77728766
train-clinvar+pg_dms__cnn__seed43,PMS2,P43246:345:W>I,0,0.72097343
train-clinvar+pg_dms__cnn__seed43,PMS2,P43246:345:W>H,1,0.5461784
train-clinvar+pg_dms__cnn__seed43,PMS2,P43246:345:W>G,1,0.37298363
train-clinvar+pg_dms__cnn__seed43,PMS2,P43246:345:W>F,0,0.020247774
train-clinvar+pg_dms__cnn__seed43,PMS2,P43246:345:W>E,1,0.8060219
train-clinvar+pg_dms__cnn__seed43,PMS2,P43246:345:W>D,1,0.8277598
train-clinvar+pg_dms__cnn__seed43,PMS2,P43246:345:W>T,1,0.47645983
train-clinvar+pg_dms__cnn__seed43,PMS2,P43246:345:W>V,1,0.68437225
train-clinvar+pg_dms__cnn__seed43,PMS2,P43246:353:K>S,0,0.019840099
train-clinvar+pg_dms__cnn__seed43,PMS2,P43246:353:K>C,0,0.013106737
train-clinvar+pg_dms__cnn__seed43,PMS2,P43246:353:K>D,0,0.46758503
train-clinvar+pg_dms__cnn__seed43,PMS2,P43246:353:K>E,0,0.01585143
train-clinvar+pg_dms__cnn__seed43,PMS2,P43246:353:K>F,0,0.16402952
train-clinvar+pg_dms__cnn__seed43,PMS2,P43246:353:K>G,0,0.03569812
train-clinvar+pg_dms__cnn__seed43,PMS2,P43246:353:K>H,0,0.044592243
train-clinvar+pg_dms__cnn__seed43,PMS2,P43246:353:K>I,0,0.015562456
train-clinvar+pg_dms__cnn__seed43,PMS2,P43246:353:K>L,0,0.019533088
train-clinvar+pg_dms__cnn__seed43,PMS2,P43246:353:K>M,0,0.019911887
train-clinvar+pg_dms__cnn__seed43,PMS2,P43246:353:K>N,0,0.20094222
train-clinvar+pg_dms__cnn__seed43,PMS2,P43246:353:K>P,0,0.26773024
train-clinvar+pg_dms__cnn__seed43,PMS2,P43246:353:K>Q,0,0.00686254
train-clinvar+pg_dms__cnn__seed43,PMS2,P43246:353:K>R,0,0.0059810043
train-clinvar+pg_dms__cnn__seed43,PMS2,P43246:353:K>T,0,0.0116341235
train-clinvar+pg_dms__cnn__seed43,PMS2,P43246:353:K>A,0,0.013870051
train-clinvar+pg_dms__cnn__seed43,PMS2,P43246:353:K>V,0,0.020755768
train-clinvar+pg_dms__cnn__seed43,PMS2,P43246:353:K>Y,0,0.047660727
train-clinvar+pg_dms__cnn__seed43,PMS2,P43246:353:K>W,0,0.41195968
train-clinvar+pg_dms__cnn__seed43,PMS2,P43246:355:R>G,0,0.013680158
train-clinvar+pg_dms__cnn__seed43,PMS2,P43246:355:R>F,0,0.036185168
train-clinvar+pg_dms__cnn__seed43,PMS2,P43246:355:R>E,0,0.02689438
train-clinvar+pg_dms__cnn__seed43,PMS2,P43246:355:R>D,0,0.11591559
train-clinvar+pg_dms__cnn__seed43,PMS2,P43246:355:R>C,0,0.003189457
train-clinvar+pg_dms__cnn__seed43,PMS2,P43246:355:R>A,0,0.011418322
train-clinvar+pg_dms__cnn__seed43,PMS2,P43246:355:R>Y,0,0.020090602
train-clinvar+pg_dms__cnn__seed43,PMS2,P43246:355:R>W,0,0.029309625
train-clinvar+pg_dms__cnn__seed43,PMS2,P43246:355:R>V,0,0.021312421
train-clinvar+pg_dms__cnn__seed43,PMS2,P43246:355:R>H,0,0.011389939
train-clinvar+pg_dms__cnn__seed43,PMS2,P43246:355:R>S,0,0.014705203
train-clinvar+pg_dms__cnn__seed43,PMS2,P43246:355:R>Q,0,0.007377036
train-clinvar+pg_dms__cnn__seed43,PMS2,P43246:355:R>K,0,0.009912397
train-clinvar+pg_dms__cnn__seed43,PMS2,P43246:355:R>L,0,0.013935587
train-clinvar+pg_dms__cnn__seed43,PMS2,P43246:355:R>P,0,0.5303432
train-clinvar+pg_dms__cnn__seed43,PMS2,P43246:355:R>N,0,0.05406117
train-clinvar+pg_dms__cnn__seed43,PMS2,P43246:355:R>M,0,0.020711208
train-clinvar+pg_dms__cnn__seed43,PMS2,P43246:355:R>T,0,0.021045478
train-clinvar+pg_dms__cnn__seed43,PMS2,P43246:357:E>L,0,0.06394144
train-clinvar+pg_dms__cnn__seed43,PMS2,P43246:357:E>A,0,0.039495233
train-clinvar+pg_dms__cnn__seed43,PMS2,P43246:357:E>M,0,0.1120864
train-clinvar+pg_dms__cnn__seed43,PMS2,P43246:357:E>N,0,0.030145222
train-clinvar+pg_dms__cnn__seed43,PMS2,P43246:357:E>P,1,0.8263221
train-clinvar+pg_dms__cnn__seed43,PMS2,P43246:357:E>Q,0,0.017709104
train-clinvar+pg_dms__cnn__seed43,PMS2,P43246:357:E>R,0,0.045363434
train-clinvar+pg_dms__cnn__seed43,PMS2,P43246:357:E>T,0,0.030199416
train-clinvar+pg_dms__cnn__seed43,PMS2,P43246:357:E>S,0,0.011331422
train-clinvar+pg_dms__cnn__seed43,PMS2,P43246:357:E>W,0,0.61859846
train-clinvar+pg_dms__cnn__seed43,PMS2,P43246:357:E>Y,0,0.18228811
train-clinvar+pg_dms__cnn__seed43,PMS2,P43246:357:E>I,0,0.09853796
train-clinvar+pg_dms__cnn__seed43,PMS2,P43246:357:E>H,0,0.12212639
train-clinvar+pg_dms__cnn__seed43,PMS2,P43246:357:E>G,0,0.020857189
train-clinvar+pg_dms__cnn__seed43,PMS2,P43246:357:E>F,0,0.2959049
train-clinvar+pg_dms__cnn__seed43,PMS2,P43246:357:E>D,0,0.04935165
train-clinvar+pg_dms__cnn__seed43,PMS2,P43246:357:E>C,0,0.05228688
train-clinvar+pg_dms__cnn__seed43,PMS2,P43246:358:E>T,0,0.12627982
train-clinvar+pg_dms__cnn__seed43,PMS2,P43246:358:E>Y,0,0.1972725
train-clinvar+pg_dms__cnn__seed43,PMS2,P43246:358:E>W,0,0.64093006
train-clinvar+pg_dms__cnn__seed43,PMS2,P43246:358:E>V,0,0.24467362
train-clinvar+pg_dms__cnn__seed43,PMS2,P43246:358:E>S,0,0.10940516
train-clinvar+pg_dms__cnn__seed43,PMS2,P43246:358:E>K,0,0.3040343
train-clinvar+pg_dms__cnn__seed43,PMS2,P43246:358:E>Q,0,0.135136
train-clinvar+pg_dms__cnn__seed43,PMS2,P43246:358:E>P,0,0.77417684
train-clinvar+pg_dms__cnn__seed43,PMS2,P43246:358:E>N,0,0.2986231
train-clinvar+pg_dms__cnn__seed43,PMS2,P43246:358:E>M,0,0.34257904
train-clinvar+pg_dms__cnn__seed43,PMS2,P43246:358:E>L,0,0.3732544
train-clinvar+pg_dms__cnn__seed43,PMS2,P43246:358:E>C,0,0.09590934
train-clinvar+pg_dms__cnn__seed43,PMS2,P43246:358:E>D,0,0.14111477
train-clinvar+pg_dms__cnn__seed43,PMS2,P43246:358:E>F,0,0.29785198
train-clinvar+pg_dms__cnn__seed43,PMS2,P43246:358:E>G,0,0.066921026
train-clinvar+pg_dms__cnn__seed43,PMS2,P43246:358:E>H,0,0.34881437
train-clinvar+pg_dms__cnn__seed43,PMS2,P43246:358:E>R,0,0.20646614
train-clinvar+pg_dms__cnn__seed43,PMS2,P43246:358:E>I,0,0.40132788
train-clinvar+pg_dms__cnn__seed43,PMS2,P43246:361:N>I,0,0.031457614
train-clinvar+pg_dms__cnn__seed43,PMS2,P43246:361:N>S,0,0.008196503
train-clinvar+pg_dms__cnn__seed43,PMS2,P43246:361:N>K,0,0.12608159
train-clinvar+pg_dms__cnn__seed43,PMS2,P43246:361:N>L,0,0.023989446
train-clinvar+pg_dms__cnn__seed43,PMS2,P43246:361:N>M,0,0.07459372
train-clinvar+pg_dms__cnn__seed43,PMS2,P43246:361:N>P,1,0.67080724
train-clinvar+pg_dms__cnn__seed43,PMS2,P43246:361:N>A,0,0.015736446
train-clinvar+pg_dms__cnn__seed43,PMS2,P43246:361:N>C,0,0.004690937
train-clinvar+pg_dms__cnn__seed43,PMS2,P43246:361:N>D,0,0.009629986
train-clinvar+pg_dms__cnn__seed43,PMS2,P43246:361:N>E,0,0.045188125
train-clinvar+pg_dms__cnn__seed43,PMS2,P43246:361:N>F,0,0.06333221
train-clinvar+pg_dms__cnn__seed43,PMS2,P43246:361:N>Q,0,0.04269783
train-clinvar+pg_dms__cnn__seed43,PMS2,P43246:361:N>H,0,0.012345749
train-clinvar+pg_dms__cnn__seed43,PMS2,P43246:361:N>V,0,0.031020539
train-clinvar+pg_dms__cnn__seed43,PMS2,P43246:361:N>T,0,0.0068790847
train-clinvar+pg_dms__cnn__seed43,PMS2,P43246:361:N>R,0,0.077414095
train-clinvar+pg_dms__cnn__seed43,PMS2,P43246:361:N>G,0,0.021959245
train-clinvar+pg_dms__cnn__seed43,PMS2,P43246:361:N>Y,0,0.01344529
train-clinvar+pg_dms__cnn__seed43,PMS2,P43246:361:N>W,0,0.52444416
train-clinvar+pg_dms__cnn__seed43,PMS2,P43246:369:D>N,0,0.004971861
train-clinvar+pg_dms__cnn__seed43,PMS2,P43246:369:D>Y,0,0.006800114
train-clinvar+pg_dms__cnn__seed43,PMS2,P43246:369:D>W,0,0.2730297
train-clinvar+pg_dms__cnn__seed43,PMS2,P43246:369:D>V,0,0.014147112
train-clinvar+pg_dms__cnn__seed43,PMS2,P43246:369:D>T,0,0.01144696
train-clinvar+pg_dms__cnn__seed43,PMS2,P43246:369:D>S,0,0.0022684182
train-clinvar+pg_dms__cnn__seed43,PMS2,P43246:369:D>R,0,0.027133355
train-clinvar+pg_dms__cnn__seed43,PMS2,P43246:369:D>P,0,0.5555088
train-clinvar+pg_dms__cnn__seed43,PMS2,P43246:369:D>A,0,0.0072887046
train-clinvar+pg_dms__cnn__seed43,PMS2,P43246:369:D>G,0,0.0165333
train-clinvar+pg_dms__cnn__seed43,PMS2,P43246:369:D>L,0,0.023258211
train-clinvar+pg_dms__cnn__seed43,PMS2,P43246:369:D>K,0,0.03777994
train-clinvar+pg_dms__cnn__seed43,PMS2,P43246:369:D>I,0,0.04073846
train-clinvar+pg_dms__cnn__seed43,PMS2,P43246:369:D>H,0,0.029471558
train-clinvar+pg_dms__cnn__seed43,PMS2,P43246:369:D>F,0,0.035895668
train-clinvar+pg_dms__cnn__seed43,PMS2,P43246:369:D>E,0,0.007776499
train-clinvar+pg_dms__cnn__seed43,PMS2,P43246:369:D>C,0,0.007401045
train-clinvar+pg_dms__cnn__seed43,PMS2,P43246:369:D>M,0,0.05919457
train-clinvar+pg_dms__cnn__seed43,PMS2,P43246:370:A>M,0,0.017744351
train-clinvar+pg_dms__cnn__seed43,PMS2,P43246:370:A>N,0,0.0100704925
train-clinvar+pg_dms__cnn__seed43,PMS2,P43246:370:A>F,0,0.0129311085
train-clinvar+pg_dms__cnn__seed43,PMS2,P43246:370:A>Q,0,0.01507992
train-clinvar+pg_dms__cnn__seed43,PMS2,P43246:370:A>R,0,0.02950246
train-clinvar+pg_dms__cnn__seed43,PMS2,P43246:370:A>S,0,0.0042387545
train-clinvar+pg_dms__cnn__seed43,PMS2,P43246:370:A>V,0,0.019091202
train-clinvar+pg_dms__cnn__seed43,PMS2,P43246:370:A>W,0,0.17722477
train-clinvar+pg_dms__cnn__seed43,PMS2,P43246:370:A>Y,0,0.015220337
train-clinvar+pg_dms__cnn__seed43,PMS2,P43246:370:A>G,0,0.013549307
train-clinvar+pg_dms__cnn__seed43,PMS2,P43246:370:A>L,0,0.010149934
train-clinvar+pg_dms__cnn__seed43,PMS2,P43246:370:A>P,0,0.051265333
train-clinvar+pg_dms__cnn__seed43,PMS2,P43246:370:A>K,0,0.040103022
train-clinvar+pg_dms__cnn__seed43,PMS2,P43246:370:A>T,0,0.009637935
train-clinvar+pg_dms__cnn__seed43,PMS2,P43246:370:A>E,0,0.033849277
train-clinvar+pg_dms__cnn__seed43,PMS2,P43246:370:A>D,0,0.03791671
train-clinvar+pg_dms__cnn__seed43,PMS2,P43246:370:A>C,0,0.0044656508
train-clinvar+pg_dms__cnn__seed43,PMS2,P43246:370:A>I,0,0.016129224
train-clinvar+pg_dms__cnn__seed43,PMS2,P43246:370:A>H,0,0.026482265
train-clinvar+pg_dms__cnn__seed43,PMS2,P43246:374:Q>P,0,0.094691664
train-clinvar+pg_dms__cnn__seed43,PMS2,P43246:374:Q>M,0,0.018954521
train-clinvar+pg_dms__cnn__seed43,PMS2,P43246:374:Q>L,0,0.006690566
train-clinvar+pg_dms__cnn__seed43,PMS2,P43246:374:Q>A,0,0.0067413896
train-clinvar+pg_dms__cnn__seed43,PMS2,P43246:374:Q>I,0,0.022525495
train-clinvar+pg_dms__cnn__seed43,PMS2,P43246:374:Q>C,0,0.0055512493
train-clinvar+pg_dms__cnn__seed43,PMS2,P43246:374:Q>R,0,0.014050489
train-clinvar+pg_dms__cnn__seed43,PMS2,P43246:374:Q>K,0,0.009818487
train-clinvar+pg_dms__cnn__seed43,PMS2,P43246:374:Q>S,0,0.0057871584
train-clinvar+pg_dms__cnn__seed43,PMS2,P43246:374:Q>Y,0,0.018630004
train-clinvar+pg_dms__cnn__seed43,PMS2,P43246:374:Q>V,0,0.011893069
train-clinvar+pg_dms__cnn__seed43,PMS2,P43246:374:Q>W,0,0.06759374
train-clinvar+pg_dms__cnn__seed43,PMS2,P43246:374:Q>G,0,0.009036593
train-clinvar+pg_dms__cnn__seed43,PMS2,P43246:374:Q>F,0,0.020815678
train-clinvar+pg_dms__cnn__seed43,PMS2,P43246:374:Q>D,0,0.03905168
train-clinvar+pg_dms__cnn__seed43,PMS2,P43246:374:Q>T,0,0.009740077
train-clinvar+pg_dms__cnn__seed43,PMS2,P43246:390:L>C,0,0.008567192
train-clinvar+pg_dms__cnn__seed43,PMS2,P43246:390:L>I,0,0.008386823
train-clinvar+pg_dms__cnn__seed43,PMS2,P43246:390:L>K,0,0.19864596
train-clinvar+pg_dms__cnn__seed43,PMS2,P43246:390:L>N,0,0.077907525
train-clinvar+pg_dms__cnn__seed43,PMS2,P43246:390:L>A,0,0.019275505
train-clinvar+pg_dms__cnn__seed43,PMS2,P43246:390:L>D,0,0.43394646
train-clinvar+pg_dms__cnn__seed43,PMS2,P43246:390:L>M,0,0.010097691
train-clinvar+pg_dms__cnn__seed43,PMS2,P43246:390:L>S,0,0.050758954
train-clinvar+pg_dms__cnn__seed43,PMS2,P43246:390:L>H,0,0.055356402
train-clinvar+pg_dms__cnn__seed43,PMS2,P43246:390:L>G,0,0.13105859
train-clinvar+pg_dms__cnn__seed43,PMS2,P43246:390:L>W,1,0.14829178
train-clinvar+pg_dms__cnn__seed43,PMS2,P43246:390:L>T,0,0.017480714
train-clinvar+pg_dms__cnn__seed43,PMS2,P43246:390:L>R,0,0.14470792
train-clinvar+pg_dms__cnn__seed43,PMS2,P43246:390:L>Q,0,0.02428792
train-clinvar+pg_dms__cnn__seed43,PMS2,P43246:390:L>P,0,0.5068708
train-clinvar+pg_dms__cnn__seed43,PMS2,P43246:390:L>E,0,0.2166117
train-clinvar+pg_dms__cnn__seed43,PMS2,P43246:394:F>Y,0,0.025222369
train-clinvar+pg_dms__cnn__seed43,PMS2,P43246:394:F>W,0,0.2984639
train-clinvar+pg_dms__cnn__seed43,PMS2,P43246:394:F>V,0,0.07167338
train-clinvar+pg_dms__cnn__seed43,PMS2,P43246:394:F>S,0,0.20056207
train-clinvar+pg_dms__cnn__seed43,PMS2,P43246:394:F>R,1,0.39035854
train-clinvar+pg_dms__cnn__seed43,PMS2,P43246:394:F>Q,0,0.32449916
train-clinvar+pg_dms__cnn__seed43,PMS2,P43246:394:F>P,1,0.7893143
train-clinvar+pg_dms__cnn__seed43,PMS2,P43246:394:F>L,0,0.113748625
train-clinvar+pg_dms__cnn__seed43,PMS2,P43246:394:F>M,0,0.107355855
train-clinvar+pg_dms__cnn__seed43,PMS2,P43246:394:F>K,0,0.40728176
train-clinvar+pg_dms__cnn__seed43,PMS2,P43246:394:F>I,0,0.058453254
train-clinvar+pg_dms__cnn__seed43,PMS2,P43246:394:F>H,0,0.2414203
train-clinvar+pg_dms__cnn__seed43,PMS2,P43246:394:F>G,0,0.33491302
train-clinvar+pg_dms__cnn__seed43,PMS2,P43246:394:F>D,1,0.50950545
train-clinvar+pg_dms__cnn__seed43,PMS2,P43246:394:F>C,0,0.033922385
train-clinvar+pg_dms__cnn__seed43,PMS2,P43246:394:F>N,0,0.3772217
train-clinvar+pg_dms__cnn__seed43,PMS2,P43246:394:F>A,0,0.2679304
train-clinvar+pg_dms__cnn__seed43,PMS2,P43246:394:F>T,1,0.30995357
train-clinvar+pg_dms__cnn__seed43,PMS2,P43246:397:Q>G,0,0.010225604
train-clinvar+pg_dms__cnn__seed43,PMS2,P43246:397:Q>A,0,0.010695806
train-clinvar+pg_dms__cnn__seed43,PMS2,P43246:397:Q>C,0,0.007468897
train-clinvar+pg_dms__cnn__seed43,PMS2,P43246:397:Q>D,0,0.025782043
train-clinvar+pg_dms__cnn__seed43,PMS2,P43246:397:Q>E,0,0.020294106
train-clinvar+pg_dms__cnn__seed43,PMS2,P43246:397:Q>F,0,0.02790042
train-clinvar+pg_dms__cnn__seed43,PMS2,P43246:397:Q>T,0,0.012355137
train-clinvar+pg_dms__cnn__seed43,PMS2,P43246:397:Q>S,0,0.007825761
train-clinvar+pg_dms__cnn__seed43,PMS2,P43246:397:Q>Y,0,0.018689698
train-clinvar+pg_dms__cnn__seed43,PMS2,P43246:397:Q>W,0,0.07238828
train-clinvar+pg_dms__cnn__seed43,PMS2,P43246:397:Q>V,0,0.023137245
train-clinvar+pg_dms__cnn__seed43,PMS2,P43246:397:Q>I,0,0.037361782
train-clinvar+pg_dms__cnn__seed43,PMS2,P43246:397:Q>K,0,0.011416875
train-clinvar+pg_dms__cnn__seed43,PMS2,P43246:397:Q>L,0,0.0099170925
train-clinvar+pg_dms__cnn__seed43,PMS2,P43246:397:Q>H,0,0.01607429
train-clinvar+pg_dms__cnn__seed43,PMS2,P43246:397:Q>R,0,0.007971582
train-clinvar+pg_dms__cnn__seed43,PMS2,P43246:397:Q>P,0,0.028584903
train-clinvar+pg_dms__cnn__seed43,PMS2,P43246:397:Q>N,0,0.011491573
train-clinvar+pg_dms__cnn__seed43,PMS2,P43246:397:Q>M,0,0.028145257
train-clinvar+pg_dms__cnn__seed43,PMS2,P43246:399:A>K,0,0.28830624
train-clinvar+pg_dms__cnn__seed43,PMS2,P43246:399:A>C,0,0.014473078
train-clinvar+pg_dms__cnn__seed43,PMS2,P43246:399:A>I,0,0.12671755
train-clinvar+pg_dms__cnn__seed43,PMS2,P43246:399:A>L,0,0.119512185
train-clinvar+pg_dms__cnn__seed43,PMS2,P43246:399:A>D,0,0.35714418
train-clinvar+pg_dms__cnn__seed43,PMS2,P43246:399:A>N,0,0.28810582
train-clinvar+pg_dms__cnn__seed43,PMS2,P43246:399:A>P,0,0.3103348
train-clinvar+pg_dms__cnn__seed43,PMS2,P43246:399:A>Q,0,0.2659729
train-clinvar+pg_dms__cnn__seed43,PMS2,P43246:399:A>R,0,0.34761778
train-clinvar+pg_dms__cnn__seed43,PMS2,P43246:399:A>H,0,0.19794604
train-clinvar+pg_dms__cnn__seed43,PMS2,P43246:399:A>G,0,0.012637759
train-clinvar+pg_dms__cnn__seed43,PMS2,P43246:399:A>F,0,0.15773496
train-clinvar+pg_dms__cnn__seed43,PMS2,P43246:399:A>S,0,0.00904248
train-clinvar+pg_dms__cnn__seed43,PMS2,P43246:399:A>T,0,0.021484671
train-clinvar+pg_dms__cnn__seed43,PMS2,P43246:399:A>V,0,0.036312938
train-clinvar+pg_dms__cnn__seed43,PMS2,P43246:399:A>W,0,0.3954493
train-clinvar+pg_dms__cnn__seed43,PMS2,P43246:399:A>Y,0,0.22404946
train-clinvar+pg_dms__cnn__seed43,PMS2,P43246:399:A>M,0,0.20891945
train-clinvar+pg_dms__cnn__seed43,PMS2,P43246:399:A>E,0,0.32110292
train-clinvar+pg_dms__cnn__seed43,PMS2,P43246:409:Q>P,0,0.42008683
train-clinvar+pg_dms__cnn__seed43,PMS2,P43246:409:Q>Y,0,0.1205363
train-clinvar+pg_dms__cnn__seed43,PMS2,P43246:409:Q>W,0,0.2436711
train-clinvar+pg_dms__cnn__seed43,PMS2,P43246:409:Q>V,0,0.01592406
train-clinvar+pg_dms__cnn__seed43,PMS2,P43246:409:Q>T,0,0.014268408
train-clinvar+pg_dms__cnn__seed43,PMS2,P43246:409:Q>S,0,0.021803861
train-clinvar+pg_dms__cnn__seed43,PMS2,P43246:409:Q>M,0,0.0219186
train-clinvar+pg_dms__cnn__seed43,PMS2,P43246:409:Q>A,0,0.018621074
train-clinvar+pg_dms__cnn__seed43,PMS2,P43246:409:Q>L,0,0.009174411
train-clinvar+pg_dms__cnn__seed43,PMS2,P43246:409:Q>C,0,0.025092606
train-clinvar+pg_dms__cnn__seed43,PMS2,P43246:409:Q>D,0,0.27797353
train-clinvar+pg_dms__cnn__seed43,PMS2,P43246:409:Q>G,0,0.036367215
train-clinvar+pg_dms__cnn__seed43,PMS2,P43246:409:Q>F,0,0.11804465
train-clinvar+pg_dms__cnn__seed43,PMS2,P43246:409:Q>H,0,0.04803448
train-clinvar+pg_dms__cnn__seed43,PMS2,P43246:409:Q>I,0,0.027931131
train-clinvar+pg_dms__cnn__seed43,PMS2,P43246:409:Q>E,0,0.02613765
train-clinvar+pg_dms__cnn__seed43,PMS2,P43246:410:G>Y,0,0.30256364
train-clinvar+pg_dms__cnn__seed43,PMS2,P43246:410:G>V,0,0.020046862
train-clinvar+pg_dms__cnn__seed43,PMS2,P43246:410:G>T,0,0.004927315
train-clinvar+pg_dms__cnn__seed43,PMS2,P43246:410:G>S,0,0.003401678
train-clinvar+pg_dms__cnn__seed43,PMS2,P43246:410:G>R,0,0.7924126
train-clinvar+pg_dms__cnn__seed43,PMS2,P43246:410:G>Q,0,0.48721915
train-clinvar+pg_dms__cnn__seed43,PMS2,P43246:410:G>P,0,0.897924
train-clinvar+pg_dms__cnn__seed43,PMS2,P43246:410:G>M,0,0.044186946
train-clinvar+pg_dms__cnn__seed43,PMS2,P43246:410:G>L,0,0.03952432
train-clinvar+pg_dms__cnn__seed43,PMS2,P43246:410:G>K,0,0.7943461
train-clinvar+pg_dms__cnn__seed43,PMS2,P43246:410:G>H,1,0.47430375
train-clinvar+pg_dms__cnn__seed43,PMS2,P43246:410:G>F,0,0.1824554
train-clinvar+pg_dms__cnn__seed43,PMS2,P43246:410:G>C,0,0.005313359
train-clinvar+pg_dms__cnn__seed43,PMS2,P43246:410:G>A,0,0.0047255848
train-clinvar+pg_dms__cnn__seed43,PMS2,P43246:410:G>N,0,0.14110819
train-clinvar+pg_dms__cnn__seed43,PMS2,P43246:410:G>I,0,0.018710898
train-clinvar+pg_dms__cnn__seed43,PMS2,P43246:410:G>W,1,0.5739671
train-clinvar+pg_dms__cnn__seed43,PMS2,P43246:411:I>Y,0,0.66810864
train-clinvar+pg_dms__cnn__seed43,PMS2,P43246:411:I>T,0,0.024629407
train-clinvar+pg_dms__cnn__seed43,PMS2,P43246:411:I>S,0,0.052162953
train-clinvar+pg_dms__cnn__seed43,PMS2,P43246:411:I>R,1,0.8569642
train-clinvar+pg_dms__cnn__seed43,PMS2,P43246:411:I>Q,0,0.73076004
train-clinvar+pg_dms__cnn__seed43,PMS2,P43246:411:I>P,0,0.9810332
train-clinvar+pg_dms__cnn__seed43,PMS2,P43246:411:I>N,0,0.26753438
train-clinvar+pg_dms__cnn__seed43,PMS2,P43246:411:I>K,1,0.8929273
train-clinvar+pg_dms__cnn__seed43,PMS2,P43246:411:I>H,0,0.79849315
train-clinvar+pg_dms__cnn__seed43,PMS2,P43246:411:I>G,0,0.5637511
train-clinvar+pg_dms__cnn__seed43,PMS2,P43246:411:I>F,0,0.018624954
train-clinvar+pg_dms__cnn__seed43,PMS2,P43246:411:I>D,0,0.9694092
train-clinvar+pg_dms__cnn__seed43,PMS2,P43246:411:I>C,0,0.021938805
train-clinvar+pg_dms__cnn__seed43,PMS2,P43246:411:I>L,0,0.021174882
train-clinvar+pg_dms__cnn__seed43,PMS2,P43246:411:I>W,0,0.9674823
train-clinvar+pg_dms__cnn__seed43,PMS2,P43246:411:I>A,0,0.045276996
train-clinvar+pg_dms__cnn__seed43,PMS2,P43246:414:L>D,1,0.9884496
train-clinvar+pg_dms__cnn__seed43,PMS2,P43246:414:L>C,0,0.075496115
train-clinvar+pg_dms__cnn__seed43,PMS2,P43246:414:L>A,0,0.1753105
train-clinvar+pg_dms__cnn__seed43,PMS2,P43246:414:L>E,0,0.9453006
train-clinvar+pg_dms__cnn__seed43,PMS2,P43246:414:L>F,0,0.033044785
train-clinvar+pg_dms__cnn__seed43,PMS2,P43246:414:L>W,1,0.8515831
train-clinvar+pg_dms__cnn__seed43,PMS2,P43246:414:L>Y,0,0.5635413
train-clinvar+pg_dms__cnn__seed43,PMS2,P43246:414:L>I,0,0.024651138
train-clinvar+pg_dms__cnn__seed43,PMS2,P43246:414:L>K,0,0.9503389
train-clinvar+pg_dms__cnn__seed43,PMS2,P43246:414:L>H,0,0.82016623
train-clinvar+pg_dms__cnn__seed43,PMS2,P43246:414:L>N,0,0.8721809
train-clinvar+pg_dms__cnn__seed43,PMS2,P43246:414:L>P,1,0.99108446
train-clinvar+pg_dms__cnn__seed43,PMS2,P43246:414:L>M,0,0.031967487
train-clinvar+pg_dms__cnn__seed43,PMS2,P43246:414:L>G,0,0.8128792
train-clinvar+pg_dms__cnn__seed43,PMS2,P43246:414:L>S,0,0.39604393
train-clinvar+pg_dms__cnn__seed43,PMS2,P43246:414:L>T,0,0.1176455
train-clinvar+pg_dms__cnn__seed43,PMS2,P43246:414:L>Q,0,0.5879902
train-clinvar+pg_dms__cnn__seed43,PMS2,P43246:415:P>Q,0,0.023662686
train-clinvar+pg_dms__cnn__seed43,PMS2,P43246:415:P>N,0,0.038426373
train-clinvar+pg_dms__cnn__seed43,PMS2,P43246:415:P>M,0,0.07979125
train-clinvar+pg_dms__cnn__seed43,PMS2,P43246:415:P>K,0,0.057378054
train-clinvar+pg_dms__cnn__seed43,PMS2,P43246:415:P>D,0,0.029816562
train-clinvar+pg_dms__cnn__seed43,PMS2,P43246:415:P>H,0,0.037955817
train-clinvar+pg_dms__cnn__seed43,PMS2,P43246:415:P>G,0,0.02555864
train-clinvar+pg_dms__cnn__seed43,PMS2,P43246:415:P>F,0,0.059983466
train-clinvar+pg_dms__cnn__seed43,PMS2,P43246:415:P>E,0,0.031563397
train-clinvar+pg_dms__cnn__seed43,PMS2,P43246:415:P>C,0,0.016173901
train-clinvar+pg_dms__cnn__seed43,PMS2,P43246:415:P>T,0,0.01148233
train-clinvar+pg_dms__cnn__seed43,PMS2,P43246:415:P>I,0,0.04728614
train-clinvar+pg_dms__cnn__seed43,PMS2,P43246:415:P>V,0,0.039836504
train-clinvar+pg_dms__cnn__seed43,PMS2,P43246:415:P>S,0,0.021691725
train-clinvar+pg_dms__cnn__seed43,PMS2,P43246:415:P>Y,0,0.06157856
train-clinvar+pg_dms__cnn__seed43,PMS2,P43246:415:P>W,0,0.15627883
train-clinvar+pg_dms__cnn__seed43,PMS2,P43246:428:H>G,0,0.02765935
train-clinvar+pg_dms__cnn__seed43,PMS2,P43246:428:H>I,1,0.064363286
train-clinvar+pg_dms__cnn__seed43,PMS2,P43246:428:H>L,0,0.018645864
train-clinvar+pg_dms__cnn__seed43,PMS2,P43246:428:H>M,0,0.08631353
train-clinvar+pg_dms__cnn__seed43,PMS2,P43246:428:H>N,0,0.010365837
train-clinvar+pg_dms__cnn__seed43,PMS2,P43246:428:H>P,0,0.06234986
train-clinvar+pg_dms__cnn__seed43,PMS2,P43246:428:H>Q,0,0.03447393
train-clinvar+pg_dms__cnn__seed43,PMS2,P43246:428:H>R,0,0.02686611
train-clinvar+pg_dms__cnn__seed43,PMS2,P43246:428:H>S,0,0.013259955
train-clinvar+pg_dms__cnn__seed43,PMS2,P43246:428:H>T,0,0.031416547
train-clinvar+pg_dms__cnn__seed43,PMS2,P43246:428:H>V,0,0.051933378
train-clinvar+pg_dms__cnn__seed43,PMS2,P43246:428:H>F,0,0.014772771
train-clinvar+pg_dms__cnn__seed43,PMS2,P43246:428:H>D,0,0.066729054
train-clinvar+pg_dms__cnn__seed43,PMS2,P43246:428:H>W,1,0.07073449
train-clinvar+pg_dms__cnn__seed43,PMS2,P43246:428:H>C,0,0.00443812
train-clinvar+pg_dms__cnn__seed43,PMS2,P43246:428:H>A,0,0.031096825
train-clinvar+pg_dms__cnn__seed43,PMS2,P43246:437:V>T,0,0.004665298
train-clinvar+pg_dms__cnn__seed43,PMS2,P43246:437:V>S,0,0.0035445984
train-clinvar+pg_dms__cnn__seed43,PMS2,P43246:437:V>R,0,0.007241966
train-clinvar+pg_dms__cnn__seed43,PMS2,P43246:437:V>Q,0,0.009811355
train-clinvar+pg_dms__cnn__seed43,PMS2,P43246:437:V>P,1,0.5244414
train-clinvar+pg_dms__cnn__seed43,PMS2,P43246:437:V>L,0,0.009808942
train-clinvar+pg_dms__cnn__seed43,PMS2,P43246:437:V>I,0,0.0070724627
train-clinvar+pg_dms__cnn__seed43,PMS2,P43246:437:V>H,0,0.030200692
train-clinvar+pg_dms__cnn__seed43,PMS2,P43246:437:V>G,0,0.0053330804
train-clinvar+pg_dms__cnn__seed43,PMS2,P43246:437:V>E,0,0.014416546
train-clinvar+pg_dms__cnn__seed43,PMS2,P43246:437:V>D,0,0.047260568
train-clinvar+pg_dms__cnn__seed43,PMS2,P43246:437:V>C,0,0.0052296375
train-clinvar+pg_dms__cnn__seed43,PMS2,P43246:437:V>A,0,0.0040056524
train-clinvar+pg_dms__cnn__seed43,PMS2,P43246:437:V>W,0,0.2529012
train-clinvar+pg_dms__cnn__seed43,PMS2,P43246:437:V>K,0,0.021936236
train-clinvar+pg_dms__cnn__seed43,PMS2,P43246:437:V>F,0,0.005206549
train-clinvar+pg_dms__cnn__seed43,PMS2,P43246:437:V>Y,0,0.015343404
train-clinvar+pg_dms__cnn__seed43,PMS2,P43246:438:T>A,0,0.0085071465
train-clinvar+pg_dms__cnn__seed43,PMS2,P43246:438:T>C,0,0.0033964298
train-clinvar+pg_dms__cnn__seed43,PMS2,P43246:438:T>Y,0,0.0066054855
train-clinvar+pg_dms__cnn__seed43,PMS2,P43246:438:T>W,0,0.15173881
train-clinvar+pg_dms__cnn__seed43,PMS2,P43246:438:T>V,0,0.014332752
train-clinvar+pg_dms__cnn__seed43,PMS2,P43246:438:T>R,0,0.017691752
train-clinvar+pg_dms__cnn__seed43,PMS2,P43246:438:T>Q,0,0.014101695
train-clinvar+pg_dms__cnn__seed43,PMS2,P43246:438:T>N,0,0.014620972
train-clinvar+pg_dms__cnn__seed43,PMS2,P43246:438:T>L,0,0.01132495
train-clinvar+pg_dms__cnn__seed43,PMS2,P43246:438:T>K,0,0.01437226
train-clinvar+pg_dms__cnn__seed43,PMS2,P43246:438:T>G,0,0.012886267
train-clinvar+pg_dms__cnn__seed43,PMS2,P43246:438:T>F,0,0.008277377
train-clinvar+pg_dms__cnn__seed43,PMS2,P43246:438:T>M,0,0.016118187
train-clinvar+pg_dms__cnn__seed43,PMS2,P43246:438:T>E,0,0.021176245
train-clinvar+pg_dms__cnn__seed43,PMS2,P43246:438:T>D,0,0.033004332
train-clinvar+pg_dms__cnn__seed43,PMS2,P43246:442:D>P,0,0.160395
train-clinvar+pg_dms__cnn__seed43,PMS2,P43246:442:D>A,0,0.0034698627
train-clinvar+pg_dms__cnn__seed43,PMS2,P43246:442:D>C,0,0.0069436673
train-clinvar+pg_dms__cnn__seed43,PMS2,P43246:442:D>E,0,0.00350336
train-clinvar+pg_dms__cnn__seed43,PMS2,P43246:442:D>H,0,0.010602024
train-clinvar+pg_dms__cnn__seed43,PMS2,P43246:442:D>I,0,0.015567059
train-clinvar+pg_dms__cnn__seed43,PMS2,P43246:442:D>K,0,0.019988084
train-clinvar+pg_dms__cnn__seed43,PMS2,P43246:442:D>L,0,0.011753082
train-clinvar+pg_dms__cnn__seed43,PMS2,P43246:442:D>N,0,0.0054275407
train-clinvar+pg_dms__cnn__seed43,PMS2,P43246:442:D>R,0,0.011859328
train-clinvar+pg_dms__cnn__seed43,PMS2,P43246:442:D>Q,0,0.00845861
train-clinvar+pg_dms__cnn__seed43,PMS2,P43246:442:D>W,0,0.14241897
train-clinvar+pg_dms__cnn__seed43,PMS2,P43246:442:D>Y,0,0.003147514
train-clinvar+pg_dms__cnn__seed43,PMS2,P43246:442:D>V,0,0.0075115375
train-clinvar+pg_dms__cnn__seed43,PMS2,P43246:442:D>T,0,0.0052611716
train-clinvar+pg_dms__cnn__seed43,PMS2,P43246:442:D>S,0,0.0020268885
train-clinvar+pg_dms__cnn__seed43,PMS2,P43246:448:S>D,0,0.022085028
train-clinvar+pg_dms__cnn__seed43,PMS2,P43246:448:S>N,0,0.00468431
train-clinvar+pg_dms__cnn__seed43,PMS2,P43246:448:S>M,0,0.007710788
train-clinvar+pg_dms__cnn__seed43,PMS2,P43246:448:S>L,0,0.003646372
train-clinvar+pg_dms__cnn__seed43,PMS2,P43246:448:S>I,0,0.007737347
train-clinvar+pg_dms__cnn__seed43,PMS2,P43246:448:S>H,0,0.010591186
train-clinvar+pg_dms__cnn__seed43,PMS2,P43246:448:S>G,0,0.0038011563
train-clinvar+pg_dms__cnn__seed43,PMS2,P43246:448:S>F,0,0.007143002
train-clinvar+pg_dms__cnn__seed43,PMS2,P43246:448:S>E,0,0.010724007
train-clinvar+pg_dms__cnn__seed43,PMS2,P43246:448:S>W,1,0.03727704
train-clinvar+pg_dms__cnn__seed43,PMS2,P43246:448:S>V,0,0.0046373275
train-clinvar+pg_dms__cnn__seed43,PMS2,P43246:448:S>T,0,0.0031612676
train-clinvar+pg_dms__cnn__seed43,PMS2,P43246:448:S>Q,0,0.011355584
train-clinvar+pg_dms__cnn__seed43,PMS2,P43246:448:S>P,0,0.28293073
train-clinvar+pg_dms__cnn__seed43,PMS2,P43246:448:S>R,0,0.016757576
train-clinvar+pg_dms__cnn__seed43,PMS2,P43246:448:S>A,0,0.002832325
train-clinvar+pg_dms__cnn__seed43,PMS2,P43246:452:E>V,0,0.11197156
train-clinvar+pg_dms__cnn__seed43,PMS2,P43246:452:E>P,0,0.5797427
train-clinvar+pg_dms__cnn__seed43,PMS2,P43246:452:E>T,0,0.058568705
train-clinvar+pg_dms__cnn__seed43,PMS2,P43246:452:E>S,0,0.030521682
train-clinvar+pg_dms__cnn__seed43,PMS2,P43246:452:E>R,0,0.14555956
train-clinvar+pg_dms__cnn__seed43,PMS2,P43246:452:E>Q,0,0.041758772
train-clinvar+pg_dms__cnn__seed43,PMS2,P43246:452:E>M,0,0.1793246
train-clinvar+pg_dms__cnn__seed43,PMS2,P43246:452:E>K,0,0.19691324
train-clinvar+pg_dms__cnn__seed43,PMS2,P43246:452:E>I,0,0.21064278
train-clinvar+pg_dms__cnn__seed43,PMS2,P43246:452:E>H,0,0.1600781
train-clinvar+pg_dms__cnn__seed43,PMS2,P43246:452:E>G,0,0.045629393
train-clinvar+pg_dms__cnn__seed43,PMS2,P43246:452:E>D,0,0.035013206
train-clinvar+pg_dms__cnn__seed43,PMS2,P43246:452:E>C,0,0.02359438
train-clinvar+pg_dms__cnn__seed43,PMS2,P43246:452:E>A,0,0.038666636
train-clinvar+pg_dms__cnn__seed43,PMS2,P43246:452:E>W,0,0.49190652
train-clinvar+pg_dms__cnn__seed43,PMS2,P43246:452:E>L,0,0.15176778
train-clinvar+pg_dms__cnn__seed43,PMS2,P43246:452:E>Y,0,0.0782601
train-clinvar+pg_dms__cnn__seed43,PMS2,P43246:459:D>E,0,0.7805247
train-clinvar+pg_dms__cnn__seed43,PMS2,P43246:459:D>W,0,0.8495452
train-clinvar+pg_dms__cnn__seed43,PMS2,P43246:459:D>V,1,0.6370919
train-clinvar+pg_dms__cnn__seed43,PMS2,P43246:459:D>T,1,0.7295535
train-clinvar+pg_dms__cnn__seed43,PMS2,P43246:459:D>S,0,0.4225051
train-clinvar+pg_dms__cnn__seed43,PMS2,P43246:459:D>R,1,0.8349906
train-clinvar+pg_dms__cnn__seed43,PMS2,P43246:459:D>Q,1,0.74644065
train-clinvar+pg_dms__cnn__seed43,PMS2,P43246:459:D>A,0,0.6602315
train-clinvar+pg_dms__cnn__seed43,PMS2,P43246:459:D>M,0,0.7972416
train-clinvar+pg_dms__cnn__seed43,PMS2,P43246:459:D>L,0,0.73513156
train-clinvar+pg_dms__cnn__seed43,PMS2,P43246:459:D>K,0,0.8039908
train-clinvar+pg_dms__cnn__seed43,PMS2,P43246:459:D>I,1,0.7518162
train-clinvar+pg_dms__cnn__seed43,PMS2,P43246:459:D>F,0,0.7013533
train-clinvar+pg_dms__cnn__seed43,PMS2,P43246:459:D>P,1,0.95969814
train-clinvar+pg_dms__cnn__seed43,PMS2,P43246:464:E>L,0,0.06626162
train-clinvar+pg_dms__cnn__seed43,PMS2,P43246:464:E>A,0,0.007559695
train-clinvar+pg_dms__cnn__seed43,PMS2,P43246:464:E>C,0,0.026387282
train-clinvar+pg_dms__cnn__seed43,PMS2,P43246:464:E>D,0,0.013000436
train-clinvar+pg_dms__cnn__seed43,PMS2,P43246:464:E>F,0,0.08239642
train-clinvar+pg_dms__cnn__seed43,PMS2,P43246:464:E>G,0,0.011146373
train-clinvar+pg_dms__cnn__seed43,PMS2,P43246:464:E>K,0,0.055794384
train-clinvar+pg_dms__cnn__seed43,PMS2,P43246:464:E>Y,0,0.06111265
train-clinvar+pg_dms__cnn__seed43,PMS2,P43246:464:E>H,0,0.06937992
train-clinvar+pg_dms__cnn__seed43,PMS2,P43246:464:E>I,0,0.07321566
train-clinvar+pg_dms__cnn__seed43,PMS2,P43246:464:E>W,0,0.39771155
train-clinvar+pg_dms__cnn__seed43,PMS2,P43246:464:E>N,0,0.019493476
train-clinvar+pg_dms__cnn__seed43,PMS2,P43246:464:E>P,0,0.2396262
train-clinvar+pg_dms__cnn__seed43,PMS2,P43246:464:E>R,0,0.035078056
train-clinvar+pg_dms__cnn__seed43,PMS2,P43246:464:E>S,0,0.0077874414
train-clinvar+pg_dms__cnn__seed43,PMS2,P43246:464:E>T,0,0.01078063
train-clinvar+pg_dms__cnn__seed43,PMS2,P43246:464:E>M,0,0.11138827
train-clinvar+pg_dms__cnn__seed43,PMS2,P43246:464:E>V,0,0.026869012
train-clinvar+pg_dms__cnn__seed43,PMS2,P43246:475:D>C,0,0.041731935
train-clinvar+pg_dms__cnn__seed43,PMS2,P43246:475:D>S,0,0.05801721
train-clinvar+pg_dms__cnn__seed43,PMS2,P43246:475:D>V,0,0.48437682
train-clinvar+pg_dms__cnn__seed43,PMS2,P43246:475:D>W,0,0.6858798
train-clinvar+pg_dms__cnn__seed43,PMS2,P43246:475:D>Y,0,0.17790906
train-clinvar+pg_dms__cnn__seed43,PMS2,P43246:475:D>R,0,0.2577084
train-clinvar+pg_dms__cnn__seed43,PMS2,P43246:475:D>Q,0,0.2875627
train-clinvar+pg_dms__cnn__seed43,PMS2,P43246:475:D>T,0,0.32886618
train-clinvar+pg_dms__cnn__seed43,PMS2,P43246:475:D>N,0,0.16167837
train-clinvar+pg_dms__cnn__seed43,PMS2,P43246:475:D>F,0,0.2530622
train-clinvar+pg_dms__cnn__seed43,PMS2,P43246:475:D>M,0,0.55961627
train-clinvar+pg_dms__cnn__seed43,PMS2,P43246:475:D>L,0,0.37389094
train-clinvar+pg_dms__cnn__seed43,PMS2,P43246:475:D>K,0,0.5920691
train-clinvar+pg_dms__cnn__seed43,PMS2,P43246:475:D>I,0,0.5030481
train-clinvar+pg_dms__cnn__seed43,PMS2,P43246:475:D>P,1,0.83331466
train-clinvar+pg_dms__cnn__seed43,PMS2,P43246:475:D>E,0,0.3123668
train-clinvar+pg_dms__cnn__seed43,PMS2,P43246:475:D>G,0,0.34338468
train-clinvar+pg_dms__cnn__seed43,PMS2,P43246:475:D>H,0,0.3360022
train-clinvar+pg_dms__cnn__seed43,PMS2,P43246:483:E>Q,0,0.006070164
train-clinvar+pg_dms__cnn__seed43,PMS2,P43246:483:E>L,0,0.007855777
train-clinvar+pg_dms__cnn__seed43,PMS2,P43246:483:E>K,0,0.014906489
train-clinvar+pg_dms__cnn__seed43,PMS2,P43246:483:E>I,0,0.015465745
train-clinvar+pg_dms__cnn__seed43,PMS2,P43246:483:E>H,1,0.016109116
train-clinvar+pg_dms__cnn__seed43,PMS2,P43246:483:E>G,0,0.0059583792
train-clinvar+pg_dms__cnn__seed43,PMS2,P43246:483:E>F,0,0.020599077
train-clinvar+pg_dms__cnn__seed43,PMS2,P43246:483:E>D,0,0.013619933
train-clinvar+pg_dms__cnn__seed43,PMS2,P43246:483:E>C,0,0.006271798
train-clinvar+pg_dms__cnn__seed43,PMS2,P43246:483:E>A,0,0.0046841293
train-clinvar+pg_dms__cnn__seed43,PMS2,P43246:483:E>M,0,0.022385934
train-clinvar+pg_dms__cnn__seed43,PMS2,P43246:483:E>Y,0,0.016160695
train-clinvar+pg_dms__cnn__seed43,PMS2,P43246:483:E>W,0,0.19308749
train-clinvar+pg_dms__cnn__seed43,PMS2,P43246:483:E>V,0,0.009316466
train-clinvar+pg_dms__cnn__seed43,PMS2,P43246:483:E>T,0,0.0053220685
train-clinvar+pg_dms__cnn__seed43,PMS2,P43246:483:E>S,0,0.00415247
train-clinvar+pg_dms__cnn__seed43,PMS2,P43246:483:E>R,0,0.009909117
train-clinvar+pg_dms__cnn__seed43,PMS2,P43246:483:E>P,0,0.49356112
train-clinvar+pg_dms__cnn__seed43,PMS2,P43246:489:E>D,0,0.031952757
train-clinvar+pg_dms__cnn__seed43,PMS2,P43246:489:E>K,1,0.115635015
train-clinvar+pg_dms__cnn__seed43,PMS2,P43246:489:E>C,0,0.038368087
train-clinvar+pg_dms__cnn__seed43,PMS2,P43246:489:E>L,0,0.10212196
train-clinvar+pg_dms__cnn__seed43,PMS2,P43246:489:E>M,0,0.27866504
train-clinvar+pg_dms__cnn__seed43,PMS2,P43246:489:E>N,0,0.06668274
train-clinvar+pg_dms__cnn__seed43,PMS2,P43246:489:E>P,0,0.8526191
train-clinvar+pg_dms__cnn__seed43,PMS2,P43246:489:E>Q,0,0.024213556
train-clinvar+pg_dms__cnn__seed43,PMS2,P43246:489:E>R,0,0.088042416
train-clinvar+pg_dms__cnn__seed43,PMS2,P43246:489:E>S,0,0.03128087
train-clinvar+pg_dms__cnn__seed43,PMS2,P43246:489:E>T,0,0.042363603
train-clinvar+pg_dms__cnn__seed43,PMS2,P43246:489:E>V,0,0.089806944
train-clinvar+pg_dms__cnn__seed43,PMS2,P43246:489:E>W,0,0.6660693
train-clinvar+pg_dms__cnn__seed43,PMS2,P43246:489:E>Y,0,0.17052309
train-clinvar+pg_dms__cnn__seed43,PMS2,P43246:489:E>A,0,0.04160533
train-clinvar+pg_dms__cnn__seed43,PMS2,P43246:489:E>G,0,0.031678844
train-clinvar+pg_dms__cnn__seed43,PMS2,P43246:489:E>F,0,0.2657375
train-clinvar+pg_dms__cnn__seed43,PMS2,P43246:489:E>I,0,0.1883828
train-clinvar+pg_dms__cnn__seed43,PMS2,P43246:489:E>H,0,0.1578445
train-clinvar+pg_dms__cnn__seed43,PMS2,P43246:492:M>W,1,0.9625529
train-clinvar+pg_dms__cnn__seed43,PMS2,P43246:492:M>V,0,0.016689861
train-clinvar+pg_dms__cnn__seed43,PMS2,P43246:492:M>T,0,0.2138396
train-clinvar+pg_dms__cnn__seed43,PMS2,P43246:492:M>P,1,0.9902304
train-clinvar+pg_dms__cnn__seed43,PMS2,P43246:492:M>S,0,0.5660802
train-clinvar+pg_dms__cnn__seed43,PMS2,P43246:492:M>R,0,0.9239421
train-clinvar+pg_dms__cnn__seed43,PMS2,P43246:492:M>Q,0,0.6775085
train-clinvar+pg_dms__cnn__seed43,PMS2,P43246:492:M>N,1,0.8989641
train-clinvar+pg_dms__cnn__seed43,PMS2,P43246:492:M>D,1,0.9680099
train-clinvar+pg_dms__cnn__seed43,PMS2,P43246:492:M>K,0,0.9006074
train-clinvar+pg_dms__cnn__seed43,PMS2,P43246:492:M>I,0,0.053271662
train-clinvar+pg_dms__cnn__seed43,PMS2,P43246:492:M>G,0,0.8517218
train-clinvar+pg_dms__cnn__seed43,PMS2,P43246:492:M>F,0,0.21089694
train-clinvar+pg_dms__cnn__seed43,PMS2,P43246:492:M>E,1,0.93279636
train-clinvar+pg_dms__cnn__seed43,PMS2,P43246:492:M>C,0,0.0843096
train-clinvar+pg_dms__cnn__seed43,PMS2,P43246:492:M>A,0,0.21665725
train-clinvar+pg_dms__cnn__seed43,PMS2,P43246:492:M>Y,0,0.81455916
train-clinvar+pg_dms__cnn__seed43,PMS2,P43246:492:M>L,0,0.02027971
train-clinvar+pg_dms__cnn__seed43,PMS2,P43246:499:A>W,1,0.9679367
train-clinvar+pg_dms__cnn__seed43,PMS2,P43246:499:A>H,1,0.8281899
train-clinvar+pg_dms__cnn__seed43,PMS2,P43246:499:A>G,0,0.02283419
train-clinvar+pg_dms__cnn__seed43,PMS2,P43246:499:A>Y,0,0.8318683
train-clinvar+pg_dms__cnn__seed43,PMS2,P43246:499:A>F,1,0.6881709
train-clinvar+pg_dms__cnn__seed43,PMS2,P43246:499:A>E,0,0.93122053
train-clinvar+pg_dms__cnn__seed43,PMS2,P43246:499:A>C,0,0.016768202
train-clinvar+pg_dms__cnn__seed43,PMS2,P43246:499:A>I,0,0.05390612
train-clinvar+pg_dms__cnn__seed43,PMS2,P43246:499:A>L,1,0.07517133
train-clinvar+pg_dms__cnn__seed43,PMS2,P43246:499:A>N,1,0.76586336
train-clinvar+pg_dms__cnn__seed43,PMS2,P43246:499:A>Q,0,0.7665846
train-clinvar+pg_dms__cnn__seed43,PMS2,P43246:499:A>R,1,0.89731324
train-clinvar+pg_dms__cnn__seed43,PMS2,P43246:499:A>V,0,0.021869162
train-clinvar+pg_dms__cnn__seed43,PMS2,P43246:499:A>M,0,0.08372733
train-clinvar+pg_dms__cnn__seed43,PMS2,P43246:499:A>K,1,0.9369847
train-clinvar+pg_dms__cnn__seed43,PMS2,P43246:500:A>T,0,0.132106
train-clinvar+pg_dms__cnn__seed43,PMS2,P43246:500:A>N,0,0.9579734
train-clinvar+pg_dms__cnn__seed43,PMS2,P43246:500:A>S,0,0.0016213336
train-clinvar+pg_dms__cnn__seed43,PMS2,P43246:500:A>W,1,0.9673159
train-clinvar+pg_dms__cnn__seed43,PMS2,P43246:500:A>Y,0,0.8665359
train-clinvar+pg_dms__cnn__seed43,PMS2,P43246:500:A>P,1,0.96657693
train-clinvar+pg_dms__cnn__seed43,PMS2,P43246:500:A>Q,0,0.8621018
train-clinvar+pg_dms__cnn__seed43,PMS2,P43246:500:A>R,0,0.9362478
train-clinvar+pg_dms__cnn__seed43,PMS2,P43246:500:A>L,1,0.88526547
train-clinvar+pg_dms__cnn__seed43,PMS2,P43246:500:A>C,0,0.019967785
train-clinvar+pg_dms__cnn__seed43,PMS2,P43246:500:A>D,1,0.9554171
train-clinvar+pg_dms__cnn__seed43,PMS2,P43246:500:A>E,0,0.89977694
train-clinvar+pg_dms__cnn__seed43,PMS2,P43246:500:A>G,0,0.0069652726
train-clinvar+pg_dms__cnn__seed43,PMS2,P43246:500:A>H,0,0.8897735
train-clinvar+pg_dms__cnn__seed43,PMS2,P43246:500:A>M,0,0.9203754
train-clinvar+pg_dms__cnn__seed43,PMS2,P43246:500:A>I,0,0.9209017
train-clinvar+pg_dms__cnn__seed43,PMS2,P43246:501:R>Q,0,0.0040625217
train-clinvar+pg_dms__cnn__seed43,PMS2,P43246:501:R>Y,0,0.03473348
train-clinvar+pg_dms__cnn__seed43,PMS2,P43246:501:R>H,0,0.0053424705
train-clinvar+pg_dms__cnn__seed43,PMS2,P43246:501:R>P,0,0.46218532
train-clinvar+pg_dms__cnn__seed43,PMS2,P43246:501:R>M,0,0.042618014
train-clinvar+pg_dms__cnn__seed43,PMS2,P43246:501:R>L,0,0.018466577
train-clinvar+pg_dms__cnn__seed43,PMS2,P43246:501:R>K,0,0.014668045
train-clinvar+pg_dms__cnn__seed43,PMS2,P43246:501:R>I,0,0.082962885
train-clinvar+pg_dms__cnn__seed43,PMS2,P43246:501:R>S,0,0.010749158
train-clinvar+pg_dms__cnn__seed43,PMS2,P43246:501:R>T,0,0.0062746666
train-clinvar+pg_dms__cnn__seed43,PMS2,P43246:501:R>W,1,0.062136874
train-clinvar+pg_dms__cnn__seed43,PMS2,P43246:501:R>F,0,0.056599688
train-clinvar+pg_dms__cnn__seed43,PMS2,P43246:501:R>E,0,0.010540159
train-clinvar+pg_dms__cnn__seed43,PMS2,P43246:501:R>D,0,0.039937742
train-clinvar+pg_dms__cnn__seed43,PMS2,P43246:501:R>A,0,0.01429634
train-clinvar+pg_dms__cnn__seed43,PMS2,P43246:501:R>V,0,0.0359785
train-clinvar+pg_dms__cnn__seed43,PMS2,P43246:504:G>S,0,0.17972277
train-clinvar+pg_dms__cnn__seed43,PMS2,P43246:504:G>T,0,0.3942569
train-clinvar+pg_dms__cnn__seed43,PMS2,P43246:504:G>Y,0,0.6621995
train-clinvar+pg_dms__cnn__seed43,PMS2,P43246:504:G>Q,0,0.43809456
train-clinvar+pg_dms__cnn__seed43,PMS2,P43246:504:G>D,0,0.46108875
train-clinvar+pg_dms__cnn__seed43,PMS2,P43246:504:G>E,0,0.46657148
train-clinvar+pg_dms__cnn__seed43,PMS2,P43246:504:G>W,0,0.8770668
train-clinvar+pg_dms__cnn__seed43,PMS2,P43246:504:G>F,0,0.86332357
train-clinvar+pg_dms__cnn__seed43,PMS2,P43246:504:G>H,0,0.4961106
train-clinvar+pg_dms__cnn__seed43,PMS2,P43246:504:G>I,0,0.7759176
train-clinvar+pg_dms__cnn__seed43,PMS2,P43246:504:G>K,0,0.54799855
train-clinvar+pg_dms__cnn__seed43,PMS2,P43246:504:G>L,0,0.6398356
train-clinvar+pg_dms__cnn__seed43,PMS2,P43246:504:G>M,1,0.74531513
train-clinvar+pg_dms__cnn__seed43,PMS2,P43246:504:G>N,0,0.3172473
train-clinvar+pg_dms__cnn__seed43,PMS2,P43246:504:G>P,1,0.9441642
train-clinvar+pg_dms__cnn__seed43,PMS2,P43246:507:P>A,0,0.0078072925
train-clinvar+pg_dms__cnn__seed43,PMS2,P43246:507:P>W,0,0.31006688
train-clinvar+pg_dms__cnn__seed43,PMS2,P43246:507:P>V,0,0.02147466
train-clinvar+pg_dms__cnn__seed43,PMS2,P43246:507:P>C,0,0.009151933
train-clinvar+pg_dms__cnn__seed43,PMS2,P43246:507:P>R,0,0.04389568
train-clinvar+pg_dms__cnn__seed43,PMS2,P43246:507:P>Y,0,0.025815062
train-clinvar+pg_dms__cnn__seed43,PMS2,P43246:507:P>Q,0,0.013970325
train-clinvar+pg_dms__cnn__seed43,PMS2,P43246:507:P>N,0,0.027542701
train-clinvar+pg_dms__cnn__seed43,PMS2,P43246:507:P>M,0,0.026813587
train-clinvar+pg_dms__cnn__seed43,PMS2,P43246:507:P>L,0,0.014625343
train-clinvar+pg_dms__cnn__seed43,PMS2,P43246:507:P>K,0,0.043702677
train-clinvar+pg_dms__cnn__seed43,PMS2,P43246:507:P>I,0,0.026613995
train-clinvar+pg_dms__cnn__seed43,PMS2,P43246:507:P>H,0,0.020238342
train-clinvar+pg_dms__cnn__seed43,PMS2,P43246:507:P>G,0,0.015312393
train-clinvar+pg_dms__cnn__seed43,PMS2,P43246:507:P>F,0,0.035448886
train-clinvar+pg_dms__cnn__seed43,PMS2,P43246:507:P>E,0,0.035903376
train-clinvar+pg_dms__cnn__seed43,PMS2,P43246:507:P>D,0,0.113926455
train-clinvar+pg_dms__cnn__seed43,PMS2,P43246:507:P>S,0,0.00549631
train-clinvar+pg_dms__cnn__seed43,PMS2,P43246:531:K>Y,0,0.18315282
train-clinvar+pg_dms__cnn__seed43,PMS2,P43246:531:K>W,0,0.52052253
train-clinvar+pg_dms__cnn__seed43,PMS2,P43246:531:K>V,0,0.19643764
train-clinvar+pg_dms__cnn__seed43,PMS2,P43246:531:K>T,0,0.07915758
train-clinvar+pg_dms__cnn__seed43,PMS2,P43246:531:K>S,0,0.0851424
train-clinvar+pg_dms__cnn__seed43,PMS2,P43246:531:K>P,0,0.5950768
train-clinvar+pg_dms__cnn__seed43,PMS2,P43246:531:K>R,0,0.011698757
train-clinvar+pg_dms__cnn__seed43,PMS2,P43246:531:K>G,0,0.121164866
train-clinvar+pg_dms__cnn__seed43,PMS2,P43246:531:K>H,0,0.12383344
train-clinvar+pg_dms__cnn__seed43,PMS2,P43246:531:K>F,0,0.18536392
train-clinvar+pg_dms__cnn__seed43,PMS2,P43246:531:K>L,0,0.14621274
train-clinvar+pg_dms__cnn__seed43,PMS2,P43246:531:K>M,0,0.23152013
train-clinvar+pg_dms__cnn__seed43,PMS2,P43246:531:K>D,1,0.37611657
train-clinvar+pg_dms__cnn__seed43,PMS2,P43246:531:K>C,0,0.057286236
train-clinvar+pg_dms__cnn__seed43,PMS2,P43246:531:K>A,0,0.102845915
train-clinvar+pg_dms__cnn__seed43,PMS2,P43246:531:K>I,0,0.23770814
train-clinvar+pg_dms__cnn__seed43,PMS2,P43246:532:V>D,0,0.22918184
train-clinvar+pg_dms__cnn__seed43,PMS2,P43246:532:V>K,0,0.20641877
train-clinvar+pg_dms__cnn__seed43,PMS2,P43246:532:V>G,0,0.0157366
train-clinvar+pg_dms__cnn__seed43,PMS2,P43246:532:V>F,0,0.015255375
train-clinvar+pg_dms__cnn__seed43,PMS2,P43246:532:V>A,0,0.016754545
train-clinvar+pg_dms__cnn__seed43,PMS2,P43246:532:V>C,0,0.023000997
train-clinvar+pg_dms__cnn__seed43,PMS2,P43246:532:V>E,0,0.10367481
train-clinvar+pg_dms__cnn__seed43,PMS2,P43246:532:V>Y,0,0.048595365
train-clinvar+pg_dms__cnn__seed43,PMS2,P43246:532:V>W,0,0.67036957
train-clinvar+pg_dms__cnn__seed43,PMS2,P43246:532:V>L,0,0.017911095
train-clinvar+pg_dms__cnn__seed43,PMS2,P43246:532:V>M,0,0.030046877
train-clinvar+pg_dms__cnn__seed43,PMS2,P43246:532:V>N,0,0.02827399
train-clinvar+pg_dms__cnn__seed43,PMS2,P43246:532:V>P,0,0.25064883
train-clinvar+pg_dms__cnn__seed43,PMS2,P43246:532:V>T,0,0.01356987
train-clinvar+pg_dms__cnn__seed43,PMS2,P43246:532:V>S,0,0.0059200586
train-clinvar+pg_dms__cnn__seed43,PMS2,P43246:532:V>Q,0,0.04619185
train-clinvar+pg_dms__cnn__seed43,PMS2,P43246:532:V>R,0,0.14039004
train-clinvar+pg_dms__cnn__seed43,PMS2,P43246:537:K>A,0,0.07154844
train-clinvar+pg_dms__cnn__seed43,PMS2,P43246:537:K>C,0,0.038952235
train-clinvar+pg_dms__cnn__seed43,PMS2,P43246:537:K>I,0,0.17507285
train-clinvar+pg_dms__cnn__seed43,PMS2,P43246:537:K>E,0,0.07678881
train-clinvar+pg_dms__cnn__seed43,PMS2,P43246:537:K>F,0,0.15865912
train-clinvar+pg_dms__cnn__seed43,PMS2,P43246:537:K>G,0,0.0729951
train-clinvar+pg_dms__cnn__seed43,PMS2,P43246:537:K>H,0,0.057949357
train-clinvar+pg_dms__cnn__seed43,PMS2,P43246:537:K>D,0,0.2363024
train-clinvar+pg_dms__cnn__seed43,PMS2,P43246:537:K>L,0,0.13554558
train-clinvar+pg_dms__cnn__seed43,PMS2,P43246:537:K>M,0,0.15620312
train-clinvar+pg_dms__cnn__seed43,PMS2,P43246:537:K>N,0,0.12162551
train-clinvar+pg_dms__cnn__seed43,PMS2,P43246:537:K>Q,0,0.034395814
train-clinvar+pg_dms__cnn__seed43,PMS2,P43246:537:K>R,0,0.009611767
train-clinvar+pg_dms__cnn__seed43,PMS2,P43246:537:K>S,0,0.041203186
train-clinvar+pg_dms__cnn__seed43,PMS2,P43246:537:K>T,0,0.068854816
train-clinvar+pg_dms__cnn__seed43,PMS2,P43246:537:K>V,0,0.14494057
train-clinvar+pg_dms__cnn__seed43,PMS2,P43246:537:K>W,0,0.30798855
train-clinvar+pg_dms__cnn__seed43,PMS2,P43246:537:K>Y,0,0.13165042
train-clinvar+pg_dms__cnn__seed43,PMS2,P43246:537:K>P,0,0.15489542
train-clinvar+pg_dms__cnn__seed43,PMS2,P43246:542:V>P,1,0.8982612
train-clinvar+pg_dms__cnn__seed43,PMS2,P43246:542:V>Q,0,0.105769396
train-clinvar+pg_dms__cnn__seed43,PMS2,P43246:542:V>R,0,0.054644298
train-clinvar+pg_dms__cnn__seed43,PMS2,P43246:542:V>H,0,0.30478397
train-clinvar+pg_dms__cnn__seed43,PMS2,P43246:542:V>G,0,0.09833881
train-clinvar+pg_dms__cnn__seed43,PMS2,P43246:542:V>F,0,0.02126172
train-clinvar+pg_dms__cnn__seed43,PMS2,P43246:542:V>E,0,0.24922727
train-clinvar+pg_dms__cnn__seed43,PMS2,P43246:542:V>Y,0,0.18037719
train-clinvar+pg_dms__cnn__seed43,PMS2,P43246:542:V>W,0,0.75885224
train-clinvar+pg_dms__cnn__seed43,PMS2,P43246:542:V>S,0,0.044302203
train-clinvar+pg_dms__cnn__seed43,PMS2,P43246:542:V>N,0,0.15552932
train-clinvar+pg_dms__cnn__seed43,PMS2,P43246:542:V>M,0,0.03455441
train-clinvar+pg_dms__cnn__seed43,PMS2,P43246:542:V>C,0,0.026142305
train-clinvar+pg_dms__cnn__seed43,PMS2,P43246:542:V>A,0,0.044800222
train-clinvar+pg_dms__cnn__seed43,PMS2,P43246:542:V>L,0,0.01322897
train-clinvar+pg_dms__cnn__seed43,PMS2,P43246:542:V>K,0,0.18786308
train-clinvar+pg_dms__cnn__seed43,PMS2,P43246:542:V>I,0,0.021374872
train-clinvar+pg_dms__cnn__seed43,PMS2,P43246:542:V>T,0,0.032348283
train-clinvar+pg_dms__cnn__seed43,PMS2,P43246:549:V>A,1,0.30117294
train-clinvar+pg_dms__cnn__seed43,PMS2,P43246:549:V>I,0,0.031181011
train-clinvar+pg_dms__cnn__seed43,PMS2,P43246:549:V>H,0,0.56469905
train-clinvar+pg_dms__cnn__seed43,PMS2,P43246:549:V>G,1,0.5583597
train-clinvar+pg_dms__cnn__seed43,PMS2,P43246:549:V>F,0,0.3139851
train-clinvar+pg_dms__cnn__seed43,PMS2,P43246:549:V>E,1,0.7675272
train-clinvar+pg_dms__cnn__seed43,PMS2,P43246:549:V>D,1,0.91192645
train-clinvar+pg_dms__cnn__seed43,PMS2,P43246:549:V>L,0,0.30106017
train-clinvar+pg_dms__cnn__seed43,PMS2,P43246:549:V>M,1,0.27825752
train-clinvar+pg_dms__cnn__seed43,PMS2,P43246:549:V>N,1,0.6438964
train-clinvar+pg_dms__cnn__seed43,PMS2,P43246:549:V>P,1,0.9592384
train-clinvar+pg_dms__cnn__seed43,PMS2,P43246:549:V>R,1,0.77330095
train-clinvar+pg_dms__cnn__seed43,PMS2,P43246:549:V>S,1,0.39738536
train-clinvar+pg_dms__cnn__seed43,PMS2,P43246:549:V>T,1,0.33398128
train-clinvar+pg_dms__cnn__seed43,PMS2,P43246:549:V>W,0,0.8870585
train-clinvar+pg_dms__cnn__seed43,PMS2,P43246:549:V>Y,0,0.5600583
train-clinvar+pg_dms__cnn__seed43,PMS2,P43246:556:L>N,1,0.96252596
train-clinvar+pg_dms__cnn__seed43,PMS2,P43246:556:L>P,1,0.9935508
train-clinvar+pg_dms__cnn__seed43,PMS2,P43246:556:L>Q,0,0.9488008
train-clinvar+pg_dms__cnn__seed43,PMS2,P43246:556:L>R,1,0.9678086
train-clinvar+pg_dms__cnn__seed43,PMS2,P43246:556:L>T,1,0.8294005
train-clinvar+pg_dms__cnn__seed43,PMS2,P43246:556:L>V,0,0.03964077
train-clinvar+pg_dms__cnn__seed43,PMS2,P43246:556:L>Y,1,0.9377563
train-clinvar+pg_dms__cnn__seed43,PMS2,P43246:556:L>M,0,0.038814005
train-clinvar+pg_dms__cnn__seed43,PMS2,P43246:556:L>A,1,0.80170214
train-clinvar+pg_dms__cnn__seed43,PMS2,P43246:556:L>K,1,0.96297234
train-clinvar+pg_dms__cnn__seed43,PMS2,P43246:556:L>H,1,0.93268156
train-clinvar+pg_dms__cnn__seed43,PMS2,P43246:556:L>G,1,0.9610682
train-clinvar+pg_dms__cnn__seed43,PMS2,P43246:556:L>E,1,0.96628463
train-clinvar+pg_dms__cnn__seed43,PMS2,P43246:556:L>D,1,0.9411321
train-clinvar+pg_dms__cnn__seed43,PMS2,P43246:556:L>C,1,0.4034532
train-clinvar+pg_dms__cnn__seed43,PMS2,P43246:556:L>I,0,0.04749585
train-clinvar+pg_dms__cnn__seed43,PMS2,P43246:557:T>F,0,0.015398344
train-clinvar+pg_dms__cnn__seed43,PMS2,P43246:557:T>C,0,0.009868015
train-clinvar+pg_dms__cnn__seed43,PMS2,P43246:557:T>H,0,0.017122297
train-clinvar+pg_dms__cnn__seed43,PMS2,P43246:557:T>I,0,0.03109999
train-clinvar+pg_dms__cnn__seed43,PMS2,P43246:557:T>K,0,0.029629461
train-clinvar+pg_dms__cnn__seed43,PMS2,P43246:557:T>M,0,0.018381117
train-clinvar+pg_dms__cnn__seed43,PMS2,P43246:557:T>N,0,0.025356464
train-clinvar+pg_dms__cnn__seed43,PMS2,P43246:557:T>P,1,0.2732615
train-clinvar+pg_dms__cnn__seed43,PMS2,P43246:557:T>Q,0,0.019249108
train-clinvar+pg_dms__cnn__seed43,PMS2,P43246:557:T>R,0,0.024283621
train-clinvar+pg_dms__cnn__seed43,PMS2,P43246:557:T>S,0,0.016908247
train-clinvar+pg_dms__cnn__seed43,PMS2,P43246:557:T>V,0,0.022886695
train-clinvar+pg_dms__cnn__seed43,PMS2,P43246:557:T>W,0,0.120557755
train-clinvar+pg_dms__cnn__seed43,PMS2,P43246:557:T>Y,0,0.014440271
train-clinvar+pg_dms__cnn__seed43,PMS2,P43246:557:T>D,0,0.057269022
train-clinvar+pg_dms__cnn__seed43,PMS2,P43246:557:T>L,0,0.016366707
train-clinvar+pg_dms__cnn__seed43,PMS2,P43246:557:T>G,0,0.016379684
train-clinvar+pg_dms__cnn__seed43,PMS2,P43246:558:S>V,0,0.036267467
train-clinvar+pg_dms__cnn__seed43,PMS2,P43246:558:S>W,0,0.097477406
train-clinvar+pg_dms__cnn__seed43,PMS2,P43246:558:S>A,0,0.019369122
train-clinvar+pg_dms__cnn__seed43,PMS2,P43246:558:S>C,0,0.010616028
train-clinvar+pg_dms__cnn__seed43,PMS2,P43246:558:S>D,0,0.049887136
train-clinvar+pg_dms__cnn__seed43,PMS2,P43246:558:S>Y,0,0.028569676
train-clinvar+pg_dms__cnn__seed43,PMS2,P43246:558:S>E,0,0.040760435
train-clinvar+pg_dms__cnn__seed43,PMS2,P43246:558:S>F,0,0.032304086
train-clinvar+pg_dms__cnn__seed43,PMS2,P43246:558:S>G,0,0.021027219
train-clinvar+pg_dms__cnn__seed43,PMS2,P43246:558:S>I,0,0.031146172
train-clinvar+pg_dms__cnn__seed43,PMS2,P43246:558:S>H,0,0.03856163
train-clinvar+pg_dms__cnn__seed43,PMS2,P43246:558:S>L,0,0.022707073
train-clinvar+pg_dms__cnn__seed43,PMS2,P43246:558:S>Q,0,0.040158898
train-clinvar+pg_dms__cnn__seed43,PMS2,P43246:558:S>K,0,0.06796343
train-clinvar+pg_dms__cnn__seed43,PMS2,P43246:558:S>P,0,0.32620615
train-clinvar+pg_dms__cnn__seed43,PMS2,P43246:558:S>R,0,0.046810426
train-clinvar+pg_dms__cnn__seed43,PMS2,P43246:558:S>T,0,0.035603013
train-clinvar+pg_dms__cnn__seed43,PMS2,P43246:558:S>M,0,0.038944453
train-clinvar+pg_dms__cnn__seed43,PMS2,P43246:558:S>N,0,0.02495962
train-clinvar+pg_dms__cnn__seed43,PMS2,P43246:563:Y>P,1,0.98908734
train-clinvar+pg_dms__cnn__seed43,PMS2,P43246:563:Y>E,0,0.9402558
train-clinvar+pg_dms__cnn__seed43,PMS2,P43246:563:Y>Q,0,0.77381474
train-clinvar+pg_dms__cnn__seed43,PMS2,P43246:563:Y>W,0,0.47969034
train-clinvar+pg_dms__cnn__seed43,PMS2,P43246:563:Y>V,0,0.4703658
train-clinvar+pg_dms__cnn__seed43,PMS2,P43246:563:Y>T,0,0.77277255
train-clinvar+pg_dms__cnn__seed43,PMS2,P43246:563:Y>M,0,0.7966962
train-clinvar+pg_dms__cnn__seed43,PMS2,P43246:563:Y>L,0,0.48547342
train-clinvar+pg_dms__cnn__seed43,PMS2,P43246:563:Y>R,0,0.84314126
train-clinvar+pg_dms__cnn__seed43,PMS2,P43246:563:Y>G,1,0.77997345
train-clinvar+pg_dms__cnn__seed43,PMS2,P43246:563:Y>F,0,0.014188418
train-clinvar+pg_dms__cnn__seed43,PMS2,P43246:563:Y>C,0,0.023633473
train-clinvar+pg_dms__cnn__seed43,PMS2,P43246:563:Y>A,0,0.7290424
train-clinvar+pg_dms__cnn__seed43,PMS2,P43246:563:Y>S,1,0.5860469
train-clinvar+pg_dms__cnn__seed43,PMS2,P43246:563:Y>I,0,0.70450205
train-clinvar+pg_dms__cnn__seed43,PMS2,P43246:564:T>S,0,0.0074994783
train-clinvar+pg_dms__cnn__seed43,PMS2,P43246:564:T>R,0,0.017395558
train-clinvar+pg_dms__cnn__seed43,PMS2,P43246:564:T>Q,0,0.015893007
train-clinvar+pg_dms__cnn__seed43,PMS2,P43246:564:T>P,1,0.83790517
train-clinvar+pg_dms__cnn__seed43,PMS2,P43246:564:T>M,0,0.026306447
train-clinvar+pg_dms__cnn__seed43,PMS2,P43246:564:T>L,0,0.010576361
train-clinvar+pg_dms__cnn__seed43,PMS2,P43246:564:T>I,0,0.021240348
train-clinvar+pg_dms__cnn__seed43,PMS2,P43246:564:T>F,0,0.01561029
train-clinvar+pg_dms__cnn__seed43,PMS2,P43246:564:T>G,0,0.01756429
train-clinvar+pg_dms__cnn__seed43,PMS2,P43246:564:T>E,0,0.037797563
train-clinvar+pg_dms__cnn__seed43,PMS2,P43246:564:T>D,0,0.09402362
train-clinvar+pg_dms__cnn__seed43,PMS2,P43246:564:T>Y,0,0.018988186
train-clinvar+pg_dms__cnn__seed43,PMS2,P43246:564:T>W,0,0.22611734
train-clinvar+pg_dms__cnn__seed43,PMS2,P43246:564:T>H,0,0.022131305
train-clinvar+pg_dms__cnn__seed43,PMS2,P43246:564:T>V,0,0.016983049
train-clinvar+pg_dms__cnn__seed43,PMS2,P43246:564:T>N,0,0.021556932
train-clinvar+pg_dms__cnn__seed43,PMS2,P43246:570:Y>T,0,0.87723553
train-clinvar+pg_dms__cnn__seed43,PMS2,P43246:570:Y>V,0,0.8265798
train-clinvar+pg_dms__cnn__seed43,PMS2,P43246:570:Y>D,1,0.9620047
train-clinvar+pg_dms__cnn__seed43,PMS2,P43246:570:Y>E,1,0.94261837
train-clinvar+pg_dms__cnn__seed43,PMS2,P43246:570:Y>F,0,0.10792795
train-clinvar+pg_dms__cnn__seed43,PMS2,P43246:570:Y>G,1,0.879285
train-clinvar+pg_dms__cnn__seed43,PMS2,P43246:570:Y>I,1,0.8827159
train-clinvar+pg_dms__cnn__seed43,PMS2,P43246:570:Y>L,0,0.7780559
train-clinvar+pg_dms__cnn__seed43,PMS2,P43246:570:Y>M,1,0.9193961
train-clinvar+pg_dms__cnn__seed43,PMS2,P43246:570:Y>N,1,0.8239854
train-clinvar+pg_dms__cnn__seed43,PMS2,P43246:570:Y>P,1,0.9920868
train-clinvar+pg_dms__cnn__seed43,PMS2,P43246:570:Y>R,0,0.92606163
train-clinvar+pg_dms__cnn__seed43,PMS2,P43246:570:Y>W,1,0.94571424
train-clinvar+pg_dms__cnn__seed43,PMS2,P43246:570:Y>A,1,0.7921959
train-clinvar+pg_dms__cnn__seed43,PMS2,P43246:579:K>N,0,0.06280724
train-clinvar+pg_dms__cnn__seed43,PMS2,P43246:579:K>T,0,0.030565599
train-clinvar+pg_dms__cnn__seed43,PMS2,P43246:579:K>V,0,0.05299509
train-clinvar+pg_dms__cnn__seed43,PMS2,P43246:579:K>S,0,0.026240444
train-clinvar+pg_dms__cnn__seed43,PMS2,P43246:579:K>R,0,0.011395927
train-clinvar+pg_dms__cnn__seed43,PMS2,P43246:579:K>W,0,0.31113592
train-clinvar+pg_dms__cnn__seed43,PMS2,P43246:579:K>M,0,0.049151156
train-clinvar+pg_dms__cnn__seed43,PMS2,P43246:579:K>Q,0,0.011478526
train-clinvar+pg_dms__cnn__seed43,PMS2,P43246:579:K>I,0,0.086371586
train-clinvar+pg_dms__cnn__seed43,PMS2,P43246:579:K>A,0,0.024414254
train-clinvar+pg_dms__cnn__seed43,PMS2,P43246:579:K>C,0,0.016715704
train-clinvar+pg_dms__cnn__seed43,PMS2,P43246:579:K>F,0,0.07190428
train-clinvar+pg_dms__cnn__seed43,PMS2,P43246:579:K>G,0,0.049742278
train-clinvar+pg_dms__cnn__seed43,PMS2,P43246:579:K>H,0,0.03822818
train-clinvar+pg_dms__cnn__seed43,PMS2,P43246:579:K>L,0,0.046185672
train-clinvar+pg_dms__cnn__seed43,PMS2,P43246:579:K>P,1,0.6712157
train-clinvar+pg_dms__cnn__seed43,PMS2,P43246:583:N>D,0,0.038603883
train-clinvar+pg_dms__cnn__seed43,PMS2,P43246:583:N>L,0,0.014454285
train-clinvar+pg_dms__cnn__seed43,PMS2,P43246:583:N>E,0,0.040357564
train-clinvar+pg_dms__cnn__seed43,PMS2,P43246:583:N>F,0,0.024380023
train-clinvar+pg_dms__cnn__seed43,PMS2,P43246:583:N>G,0,0.01593333
train-clinvar+pg_dms__cnn__seed43,PMS2,P43246:583:N>H,0,0.01551966
train-clinvar+pg_dms__cnn__seed43,PMS2,P43246:583:N>I,0,0.039319504
train-clinvar+pg_dms__cnn__seed43,PMS2,P43246:583:N>K,0,0.041180257
train-clinvar+pg_dms__cnn__seed43,PMS2,P43246:583:N>M,0,0.038249973
train-clinvar+pg_dms__cnn__seed43,PMS2,P43246:583:N>A,0,0.011299372
train-clinvar+pg_dms__cnn__seed43,PMS2,P43246:583:N>Q,0,0.022650408
train-clinvar+pg_dms__cnn__seed43,PMS2,P43246:583:N>R,0,0.032767918
train-clinvar+pg_dms__cnn__seed43,PMS2,P43246:583:N>S,0,0.021353047
train-clinvar+pg_dms__cnn__seed43,PMS2,P43246:583:N>V,0,0.020526318
train-clinvar+pg_dms__cnn__seed43,PMS2,P43246:583:N>W,0,0.18572795
train-clinvar+pg_dms__cnn__seed43,PMS2,P43246:583:N>Y,0,0.013759871
train-clinvar+pg_dms__cnn__seed43,PMS2,P43246:583:N>C,0,0.0043150093
train-clinvar+pg_dms__cnn__seed43,PMS2,P43246:583:N>P,1,0.52163434
train-clinvar+pg_dms__cnn__seed43,PMS2,P43246:585:S>N,1,0.3610897
train-clinvar+pg_dms__cnn__seed43,PMS2,P43246:585:S>Y,0,0.4273008
train-clinvar+pg_dms__cnn__seed43,PMS2,P43246:585:S>W,0,0.52286965
train-clinvar+pg_dms__cnn__seed43,PMS2,P43246:585:S>V,0,0.06405291
train-clinvar+pg_dms__cnn__seed43,PMS2,P43246:585:S>T,0,0.014113493
train-clinvar+pg_dms__cnn__seed43,PMS2,P43246:585:S>R,0,0.44271854
train-clinvar+pg_dms__cnn__seed43,PMS2,P43246:585:S>P,1,0.7237719
train-clinvar+pg_dms__cnn__seed43,PMS2,P43246:585:S>M,0,0.1760223
train-clinvar+pg_dms__cnn__seed43,PMS2,P43246:585:S>D,1,0.5534884
train-clinvar+pg_dms__cnn__seed43,PMS2,P43246:585:S>I,0,0.2005832
train-clinvar+pg_dms__cnn__seed43,PMS2,P43246:585:S>H,0,0.4206122
train-clinvar+pg_dms__cnn__seed43,PMS2,P43246:585:S>G,0,0.018645331
train-clinvar+pg_dms__cnn__seed43,PMS2,P43246:585:S>E,1,0.48295248
train-clinvar+pg_dms__cnn__seed43,PMS2,P43246:585:S>C,0,0.0039092605
train-clinvar+pg_dms__cnn__seed43,PMS2,P43246:585:S>A,0,0.009159685
train-clinvar+pg_dms__cnn__seed43,PMS2,P43246:585:S>L,0,0.08049852
train-clinvar+pg_dms__cnn__seed43,PMS2,P43246:586:S>N,0,0.021358574
train-clinvar+pg_dms__cnn__seed43,PMS2,P43246:586:S>Y,0,0.0234673
train-clinvar+pg_dms__cnn__seed43,PMS2,P43246:586:S>W,0,0.089763425
train-clinvar+pg_dms__cnn__seed43,PMS2,P43246:586:S>V,0,0.01744434
train-clinvar+pg_dms__cnn__seed43,PMS2,P43246:586:S>T,0,0.006586589
train-clinvar+pg_dms__cnn__seed43,PMS2,P43246:586:S>R,0,0.047059715
train-clinvar+pg_dms__cnn__seed43,PMS2,P43246:586:S>Q,0,0.038171664
train-clinvar+pg_dms__cnn__seed43,PMS2,P43246:586:S>P,1,0.33896363
train-clinvar+pg_dms__cnn__seed43,PMS2,P43246:586:S>M,0,0.020925729
train-clinvar+pg_dms__cnn__seed43,PMS2,P43246:586:S>K,0,0.121985696
train-clinvar+pg_dms__cnn__seed43,PMS2,P43246:586:S>I,0,0.015942182
train-clinvar+pg_dms__cnn__seed43,PMS2,P43246:586:S>G,0,0.008539905
train-clinvar+pg_dms__cnn__seed43,PMS2,P43246:586:S>F,0,0.010627243
train-clinvar+pg_dms__cnn__seed43,PMS2,P43246:586:S>E,0,0.08776302
train-clinvar+pg_dms__cnn__seed43,PMS2,P43246:586:S>D,0,0.15153009
train-clinvar+pg_dms__cnn__seed43,PMS2,P43246:586:S>C,0,0.0025204928
train-clinvar+pg_dms__cnn__seed43,PMS2,P43246:586:S>A,0,0.0050307643
train-clinvar+pg_dms__cnn__seed43,PMS2,P43246:586:S>L,0,0.007862507
train-clinvar+pg_dms__cnn__seed43,PMS2,P43246:594:T>M,0,0.015476924
train-clinvar+pg_dms__cnn__seed43,PMS2,P43246:594:T>W,0,0.052913878
train-clinvar+pg_dms__cnn__seed43,PMS2,P43246:594:T>V,0,0.013137088
train-clinvar+pg_dms__cnn__seed43,PMS2,P43246:594:T>S,0,0.0046305447
train-clinvar+pg_dms__cnn__seed43,PMS2,P43246:594:T>R,0,0.008961868
train-clinvar+pg_dms__cnn__seed43,PMS2,P43246:594:T>Q,0,0.011459551
train-clinvar+pg_dms__cnn__seed43,PMS2,P43246:594:T>P,0,0.051200014
train-clinvar+pg_dms__cnn__seed43,PMS2,P43246:594:T>N,0,0.011545267
train-clinvar+pg_dms__cnn__seed43,PMS2,P43246:594:T>L,0,0.007812336
train-clinvar+pg_dms__cnn__seed43,PMS2,P43246:594:T>Y,0,0.008879638
train-clinvar+pg_dms__cnn__seed43,PMS2,P43246:594:T>I,0,0.021817518
train-clinvar+pg_dms__cnn__seed43,PMS2,P43246:594:T>H,0,0.013668543
train-clinvar+pg_dms__cnn__seed43,PMS2,P43246:594:T>G,0,0.009407118
train-clinvar+pg_dms__cnn__seed43,PMS2,P43246:594:T>F,1,0.0074327653
train-clinvar+pg_dms__cnn__seed43,PMS2,P43246:594:T>D,0,0.03240179
train-clinvar+pg_dms__cnn__seed43,PMS2,P43246:594:T>C,0,0.003367241
train-clinvar+pg_dms__cnn__seed43,PMS2,P43246:594:T>K,0,0.027622713
train-clinvar+pg_dms__cnn__seed43,PMS2,P43246:598:V>H,0,0.103399776
train-clinvar+pg_dms__cnn__seed43,PMS2,P43246:598:V>Y,0,0.0652638
train-clinvar+pg_dms__cnn__seed43,PMS2,P43246:598:V>W,1,0.8615145
train-clinvar+pg_dms__cnn__seed43,PMS2,P43246:598:V>T,0,0.0062805326
train-clinvar+pg_dms__cnn__seed43,PMS2,P43246:598:V>S,0,0.004244442
train-clinvar+pg_dms__cnn__seed43,PMS2,P43246:598:V>G,0,0.012763549
train-clinvar+pg_dms__cnn__seed43,PMS2,P43246:598:V>Q,0,0.027555872
train-clinvar+pg_dms__cnn__seed43,PMS2,P43246:598:V>A,0,0.0056459545
train-clinvar+pg_dms__cnn__seed43,PMS2,P43246:598:V>D,0,0.12659413
train-clinvar+pg_dms__cnn__seed43,PMS2,P43246:598:V>E,0,0.052269664
train-clinvar+pg_dms__cnn__seed43,PMS2,P43246:598:V>F,0,0.008732047
train-clinvar+pg_dms__cnn__seed43,PMS2,P43246:598:V>I,0,0.0064606518
train-clinvar+pg_dms__cnn__seed43,PMS2,P43246:598:V>C,0,0.0143630635
train-clinvar+pg_dms__cnn__seed43,PMS2,P43246:598:V>R,0,0.052945416
train-clinvar+pg_dms__cnn__seed43,PMS2,P43246:598:V>L,0,0.009063325
train-clinvar+pg_dms__cnn__seed43,PMS2,P43246:598:V>M,0,0.017325407
train-clinvar+pg_dms__cnn__seed43,PMS2,P43246:598:V>N,0,0.019813688
train-clinvar+pg_dms__cnn__seed43,PMS2,P43246:598:V>P,0,0.9670373
train-clinvar+pg_dms__cnn__seed43,PMS2,P43246:598:V>K,0,0.10556473
train-clinvar+pg_dms__cnn__seed43,PMS2,P43246:602:L>F,0,0.23337309
train-clinvar+pg_dms__cnn__seed43,PMS2,P43246:602:L>R,1,0.99616575
train-clinvar+pg_dms__cnn__seed43,PMS2,P43246:602:L>H,1,0.99086654
train-clinvar+pg_dms__cnn__seed43,PMS2,P43246:602:L>I,0,0.014870557
train-clinvar+pg_dms__cnn__seed43,PMS2,P43246:602:L>K,1,0.9963972
train-clinvar+pg_dms__cnn__seed43,PMS2,P43246:602:L>M,0,0.020037599
train-clinvar+pg_dms__cnn__seed43,PMS2,P43246:602:L>N,1,0.99498343
train-clinvar+pg_dms__cnn__seed43,PMS2,P43246:602:L>Q,0,0.98823047
train-clinvar+pg_dms__cnn__seed43,PMS2,P43246:602:L>S,0,0.9722696
train-clinvar+pg_dms__cnn__seed43,PMS2,P43246:602:L>T,0,0.34789902
train-clinvar+pg_dms__cnn__seed43,PMS2,P43246:602:L>V,0,0.028779123
train-clinvar+pg_dms__cnn__seed43,PMS2,P43246:602:L>W,0,0.9904509
train-clinvar+pg_dms__cnn__seed43,PMS2,P43246:602:L>E,1,0.9832804
train-clinvar+pg_dms__cnn__seed43,PMS2,P43246:602:L>D,1,0.9967765
train-clinvar+pg_dms__cnn__seed43,PMS2,P43246:602:L>C,0,0.28857142
train-clinvar+pg_dms__cnn__seed43,PMS2,P43246:602:L>A,0,0.5414991
train-clinvar+pg_dms__cnn__seed43,PMS2,P43246:602:L>G,0,0.99002784
train-clinvar+pg_dms__cnn__seed43,PMS2,P43246:604:A>W,1,0.9760281
train-clinvar+pg_dms__cnn__seed43,PMS2,P43246:604:A>P,1,0.9954431
train-clinvar+pg_dms__cnn__seed43,PMS2,P43246:604:A>V,0,0.040976
train-clinvar+pg_dms__cnn__seed43,PMS2,P43246:604:A>T,0,0.061160117
train-clinvar+pg_dms__cnn__seed43,PMS2,P43246:604:A>S,0,0.013244721
train-clinvar+pg_dms__cnn__seed43,PMS2,P43246:604:A>R,1,0.97990453
train-clinvar+pg_dms__cnn__seed43,PMS2,P43246:604:A>Q,1,0.9556727
train-clinvar+pg_dms__cnn__seed43,PMS2,P43246:604:A>N,1,0.9713894
train-clinvar+pg_dms__cnn__seed43,PMS2,P43246:604:A>H,1,0.98621285
train-clinvar+pg_dms__cnn__seed43,PMS2,P43246:604:A>L,0,0.6945593
train-clinvar+pg_dms__cnn__seed43,PMS2,P43246:604:A>K,1,0.98500824
train-clinvar+pg_dms__cnn__seed43,PMS2,P43246:604:A>I,0,0.34373623
train-clinvar+pg_dms__cnn__seed43,PMS2,P43246:604:A>Y,1,0.9715413
train-clinvar+pg_dms__cnn__seed43,PMS2,P43246:604:A>F,1,0.94851804
train-clinvar+pg_dms__cnn__seed43,PMS2,P43246:604:A>E,1,0.969712
train-clinvar+pg_dms__cnn__seed43,PMS2,P43246:604:A>C,0,0.030482853
train-clinvar+pg_dms__cnn__seed43,PMS2,P43246:604:A>M,0,0.7867528
train-clinvar+pg_dms__cnn__seed43,PMS2,P43246:616:P>S,0,0.006977011
train-clinvar+pg_dms__cnn__seed43,PMS2,P43246:616:P>A,0,0.0050251917
train-clinvar+pg_dms__cnn__seed43,PMS2,P43246:616:P>R,0,0.02861782
train-clinvar+pg_dms__cnn__seed43,PMS2,P43246:616:P>D,0,0.081806995
train-clinvar+pg_dms__cnn__seed43,PMS2,P43246:616:P>E,0,0.039234955
train-clinvar+pg_dms__cnn__seed43,PMS2,P43246:616:P>F,0,0.0253553
train-clinvar+pg_dms__cnn__seed43,PMS2,P43246:616:P>G,0,0.01795611
train-clinvar+pg_dms__cnn__seed43,PMS2,P43246:616:P>C,0,0.006877111
train-clinvar+pg_dms__cnn__seed43,PMS2,P43246:616:P>I,0,0.015464664
train-clinvar+pg_dms__cnn__seed43,PMS2,P43246:616:P>T,0,0.004696056
train-clinvar+pg_dms__cnn__seed43,PMS2,P43246:616:P>V,0,0.011063517
train-clinvar+pg_dms__cnn__seed43,PMS2,P43246:616:P>W,0,0.19262524
train-clinvar+pg_dms__cnn__seed43,PMS2,P43246:616:P>H,0,0.0137394
train-clinvar+pg_dms__cnn__seed43,PMS2,P43246:616:P>Q,0,0.009833263
train-clinvar+pg_dms__cnn__seed43,PMS2,P43246:616:P>N,0,0.025918907
train-clinvar+pg_dms__cnn__seed43,PMS2,P43246:616:P>M,0,0.02231808
train-clinvar+pg_dms__cnn__seed43,PMS2,P43246:616:P>L,0,0.0058832737
train-clinvar+pg_dms__cnn__seed43,PMS2,P43246:616:P>K,0,0.028000338
train-clinvar+pg_dms__cnn__seed43,PMS2,P43246:616:P>Y,0,0.02586617
train-clinvar+pg_dms__cnn__seed43,PMS2,P43246:631:R>L,0,0.012733722
train-clinvar+pg_dms__cnn__seed43,PMS2,P43246:631:R>Y,0,0.014926942
train-clinvar+pg_dms__cnn__seed43,PMS2,P43246:631:R>W,0,0.038135074
train-clinvar+pg_dms__cnn__seed43,PMS2,P43246:631:R>V,0,0.015821079
train-clinvar+pg_dms__cnn__seed43,PMS2,P43246:631:R>S,0,0.016570907
train-clinvar+pg_dms__cnn__seed43,PMS2,P43246:631:R>T,0,0.0085354
train-clinvar+pg_dms__cnn__seed43,PMS2,P43246:631:R>N,0,0.017221032
train-clinvar+pg_dms__cnn__seed43,PMS2,P43246:631:R>P,0,0.20227884
train-clinvar+pg_dms__cnn__seed43,PMS2,P43246:631:R>Q,0,0.008768356
train-clinvar+pg_dms__cnn__seed43,PMS2,P43246:631:R>A,0,0.012777195
train-clinvar+pg_dms__cnn__seed43,PMS2,P43246:631:R>K,0,0.021497758
train-clinvar+pg_dms__cnn__seed43,PMS2,P43246:631:R>I,0,0.022771291
train-clinvar+pg_dms__cnn__seed43,PMS2,P43246:631:R>C,0,0.002739782
train-clinvar+pg_dms__cnn__seed43,PMS2,P43246:631:R>H,0,0.011068276
train-clinvar+pg_dms__cnn__seed43,PMS2,P43246:631:R>G,0,0.012846213
train-clinvar+pg_dms__cnn__seed43,PMS2,P43246:631:R>F,0,0.019436743
train-clinvar+pg_dms__cnn__seed43,PMS2,P43246:631:R>E,0,0.0162169
train-clinvar+pg_dms__cnn__seed43,PMS2,P43246:631:R>D,0,0.041210927
train-clinvar+pg_dms__cnn__seed43,PMS2,P43246:631:R>M,0,0.020281663
train-clinvar+pg_dms__cnn__seed43,PMS2,P43246:638:R>H,0,0.14637668
train-clinvar+pg_dms__cnn__seed43,PMS2,P43246:638:R>A,1,0.14663787
train-clinvar+pg_dms__cnn__seed43,PMS2,P43246:638:R>C,0,0.06348163
train-clinvar+pg_dms__cnn__seed43,PMS2,P43246:638:R>D,1,0.33784413
train-clinvar+pg_dms__cnn__seed43,PMS2,P43246:638:R>E,1,0.31712496
train-clinvar+pg_dms__cnn__seed43,PMS2,P43246:638:R>T,0,0.21886694
train-clinvar+pg_dms__cnn__seed43,PMS2,P43246:638:R>I,0,0.24510561
train-clinvar+pg_dms__cnn__seed43,PMS2,P43246:638:R>V,0,0.26281396
train-clinvar+pg_dms__cnn__seed43,PMS2,P43246:638:R>Y,0,0.1323919
train-clinvar+pg_dms__cnn__seed43,PMS2,P43246:638:R>W,0,0.31858873
train-clinvar+pg_dms__cnn__seed43,PMS2,P43246:638:R>L,0,0.1995503
train-clinvar+pg_dms__cnn__seed43,PMS2,P43246:638:R>P,1,0.48428118
train-clinvar+pg_dms__cnn__seed43,PMS2,P43246:638:R>Q,1,0.13422537
train-clinvar+pg_dms__cnn__seed43,PMS2,P43246:638:R>S,0,0.14270374
train-clinvar+pg_dms__cnn__seed43,PMS2,P43246:638:R>F,0,0.2252826
train-clinvar+pg_dms__cnn__seed43,PMS2,P43246:638:R>G,1,0.22241963
train-clinvar+pg_dms__cnn__seed43,PMS2,P43246:640:A>M,0,0.07656715
train-clinvar+pg_dms__cnn__seed43,PMS2,P43246:640:A>N,0,0.1367644
train-clinvar+pg_dms__cnn__seed43,PMS2,P43246:640:A>P,0,0.019754255
train-clinvar+pg_dms__cnn__seed43,PMS2,P43246:640:A>Q,0,0.14841852
train-clinvar+pg_dms__cnn__seed43,PMS2,P43246:640:A>T,0,0.016491113
train-clinvar+pg_dms__cnn__seed43,PMS2,P43246:640:A>L,0,0.022990113
train-clinvar+pg_dms__cnn__seed43,PMS2,P43246:640:A>V,0,0.016555041
train-clinvar+pg_dms__cnn__seed43,PMS2,P43246:640:A>W,0,0.3334257
train-clinvar+pg_dms__cnn__seed43,PMS2,P43246:640:A>Y,0,0.12571305
train-clinvar+pg_dms__cnn__seed43,PMS2,P43246:640:A>R,0,0.19068559
train-clinvar+pg_dms__cnn__seed43,PMS2,P43246:640:A>I,0,0.030039955
train-clinvar+pg_dms__cnn__seed43,PMS2,P43246:640:A>H,0,0.19137031
train-clinvar+pg_dms__cnn__seed43,PMS2,P43246:640:A>G,0,0.01438558
train-clinvar+pg_dms__cnn__seed43,PMS2,P43246:640:A>F,0,0.05829633
train-clinvar+pg_dms__cnn__seed43,PMS2,P43246:640:A>E,0,0.16851547
train-clinvar+pg_dms__cnn__seed43,PMS2,P43246:640:A>C,0,0.008677003
train-clinvar+pg_dms__cnn__seed43,PMS2,P43246:642:V>H,0,0.098509304
train-clinvar+pg_dms__cnn__seed43,PMS2,P43246:642:V>C,0,0.014554381
train-clinvar+pg_dms__cnn__seed43,PMS2,P43246:642:V>D,0,0.18822145
train-clinvar+pg_dms__cnn__seed43,PMS2,P43246:642:V>E,0,0.08071459
train-clinvar+pg_dms__cnn__seed43,PMS2,P43246:642:V>F,0,0.021844553
train-clinvar+pg_dms__cnn__seed43,PMS2,P43246:642:V>G,0,0.055037927
train-clinvar+pg_dms__cnn__seed43,PMS2,P43246:642:V>I,0,0.00994998
train-clinvar+pg_dms__cnn__seed43,PMS2,P43246:642:V>K,0,0.12322623
train-clinvar+pg_dms__cnn__seed43,PMS2,P43246:642:V>L,0,0.006609292
train-clinvar+pg_dms__cnn__seed43,PMS2,P43246:642:V>M,0,0.01366046
train-clinvar+pg_dms__cnn__seed43,PMS2,P43246:642:V>N,0,0.06879537
train-clinvar+pg_dms__cnn__seed43,PMS2,P43246:642:V>P,0,0.4389673
train-clinvar+pg_dms__cnn__seed43,PMS2,P43246:642:V>Q,0,0.06423533
train-clinvar+pg_dms__cnn__seed43,PMS2,P43246:642:V>R,0,0.06972762
train-clinvar+pg_dms__cnn__seed43,PMS2,P43246:642:V>S,0,0.03415227
train-clinvar+pg_dms__cnn__seed43,PMS2,P43246:642:V>T,0,0.028086903
train-clinvar+pg_dms__cnn__seed43,PMS2,P43246:642:V>A,0,0.032196917
train-clinvar+pg_dms__cnn__seed43,PMS2,P43246:642:V>W,0,0.22841203
train-clinvar+pg_dms__cnn__seed43,PMS2,P43246:642:V>Y,0,0.08255882
train-clinvar+pg_dms__cnn__seed43,PMS2,P43246:646:D>R,0,0.025316065
train-clinvar+pg_dms__cnn__seed43,PMS2,P43246:646:D>W,0,0.09640884
train-clinvar+pg_dms__cnn__seed43,PMS2,P43246:646:D>T,0,0.014755278
train-clinvar+pg_dms__cnn__seed43,PMS2,P43246:646:D>S,0,0.0065178913
train-clinvar+pg_dms__cnn__seed43,PMS2,P43246:646:D>F,0,0.03758768
train-clinvar+pg_dms__cnn__seed43,PMS2,P43246:646:D>C,0,0.023026781
train-clinvar+pg_dms__cnn__seed43,PMS2,P43246:646:D>G,0,0.0141682625
train-clinvar+pg_dms__cnn__seed43,PMS2,P43246:646:D>I,0,0.047699895
train-clinvar+pg_dms__cnn__seed43,PMS2,P43246:646:D>K,0,0.03477341
train-clinvar+pg_dms__cnn__seed43,PMS2,P43246:646:D>A,0,0.018182797
train-clinvar+pg_dms__cnn__seed43,PMS2,P43246:646:D>L,0,0.03326487
train-clinvar+pg_dms__cnn__seed43,PMS2,P43246:646:D>N,0,0.0096935155
train-clinvar+pg_dms__cnn__seed43,PMS2,P43246:646:D>P,0,0.06828221
train-clinvar+pg_dms__cnn__seed43,PMS2,P43246:646:D>Q,0,0.017463582
train-clinvar+pg_dms__cnn__seed43,PMS2,P43246:646:D>M,0,0.050973393
train-clinvar+pg_dms__cnn__seed43,PMS2,P43246:651:I>F,0,0.062148046
train-clinvar+pg_dms__cnn__seed43,PMS2,P43246:651:I>G,0,0.20452513
train-clinvar+pg_dms__cnn__seed43,PMS2,P43246:651:I>E,0,0.24730009
train-clinvar+pg_dms__cnn__seed43,PMS2,P43246:651:I>D,0,0.52067167
train-clinvar+pg_dms__cnn__seed43,PMS2,P43246:651:I>C,0,0.038794447
train-clinvar+pg_dms__cnn__seed43,PMS2,P43246:651:I>A,0,0.14648739
train-clinvar+pg_dms__cnn__seed43,PMS2,P43246:651:I>K,0,0.29408744
train-clinvar+pg_dms__cnn__seed43,PMS2,P43246:651:I>M,0,0.107623495
train-clinvar+pg_dms__cnn__seed43,PMS2,P43246:651:I>N,0,0.20392884
train-clinvar+pg_dms__cnn__seed43,PMS2,P43246:651:I>P,1,0.6914898
train-clinvar+pg_dms__cnn__seed43,PMS2,P43246:651:I>Q,0,0.17586373
train-clinvar+pg_dms__cnn__seed43,PMS2,P43246:651:I>R,0,0.16314493
train-clinvar+pg_dms__cnn__seed43,PMS2,P43246:651:I>S,0,0.09373362
train-clinvar+pg_dms__cnn__seed43,PMS2,P43246:651:I>V,0,0.020502342
train-clinvar+pg_dms__cnn__seed43,PMS2,P43246:651:I>W,0,0.47591418
train-clinvar+pg_dms__cnn__seed43,PMS2,P43246:651:I>Y,0,0.20571116
train-clinvar+pg_dms__cnn__seed43,PMS2,P43246:652:P>A,0,0.00536309
train-clinvar+pg_dms__cnn__seed43,PMS2,P43246:652:P>C,0,0.010941842
train-clinvar+pg_dms__cnn__seed43,PMS2,P43246:652:P>E,0,0.056326244
train-clinvar+pg_dms__cnn__seed43,PMS2,P43246:652:P>V,0,0.104670994
train-clinvar+pg_dms__cnn__seed43,PMS2,P43246:652:P>R,0,0.047662497
train-clinvar+pg_dms__cnn__seed43,PMS2,P43246:652:P>Q,0,0.024638768
train-clinvar+pg_dms__cnn__seed43,PMS2,P43246:652:P>M,0,0.14003359
train-clinvar+pg_dms__cnn__seed43,PMS2,P43246:652:P>K,0,0.08891824
train-clinvar+pg_dms__cnn__seed43,PMS2,P43246:652:P>I,0,0.17183384
train-clinvar+pg_dms__cnn__seed43,PMS2,P43246:652:P>F,0,0.095128775
train-clinvar+pg_dms__cnn__seed43,PMS2,P43246:652:P>G,0,0.028991774
train-clinvar+pg_dms__cnn__seed43,PMS2,P43246:652:P>W,1,0.24369217
train-clinvar+pg_dms__cnn__seed43,PMS2,P43246:656:Y>S,0,0.008421686
train-clinvar+pg_dms__cnn__seed43,PMS2,P43246:656:Y>Q,0,0.0058028675
train-clinvar+pg_dms__cnn__seed43,PMS2,P43246:656:Y>V,0,0.0065629086
train-clinvar+pg_dms__cnn__seed43,PMS2,P43246:656:Y>W,0,0.025272125
train-clinvar+pg_dms__cnn__seed43,PMS2,P43246:656:Y>T,0,0.0037682785
train-clinvar+pg_dms__cnn__seed43,PMS2,P43246:656:Y>P,0,0.109323405
train-clinvar+pg_dms__cnn__seed43,PMS2,P43246:656:Y>R,0,0.008253928
train-clinvar+pg_dms__cnn__seed43,PMS2,P43246:656:Y>M,0,0.013854485
train-clinvar+pg_dms__cnn__seed43,PMS2,P43246:656:Y>N,0,0.0071947044
train-clinvar+pg_dms__cnn__seed43,PMS2,P43246:656:Y>C,0,0.0052330596
train-clinvar+pg_dms__cnn__seed43,PMS2,P43246:656:Y>D,0,0.011155022
train-clinvar+pg_dms__cnn__seed43,PMS2,P43246:656:Y>E,0,0.010500506
train-clinvar+pg_dms__cnn__seed43,PMS2,P43246:656:Y>F,0,0.003384262
train-clinvar+pg_dms__cnn__seed43,PMS2,P43246:656:Y>A,0,0.0042229
train-clinvar+pg_dms__cnn__seed43,PMS2,P43246:656:Y>G,0,0.008212334
train-clinvar+pg_dms__cnn__seed43,PMS2,P43246:656:Y>I,0,0.007904913
train-clinvar+pg_dms__cnn__seed43,PMS2,P43246:656:Y>K,0,0.01170178
train-clinvar+pg_dms__cnn__seed43,PMS2,P43246:656:Y>L,0,0.005289712
train-clinvar+pg_dms__cnn__seed43,PMS2,P43246:661:K>H,0,0.01234487
train-clinvar+pg_dms__cnn__seed43,PMS2,P43246:661:K>G,0,0.010330902
train-clinvar+pg_dms__cnn__seed43,PMS2,P43246:661:K>P,0,0.14272267
train-clinvar+pg_dms__cnn__seed43,PMS2,P43246:661:K>N,0,0.010482615
train-clinvar+pg_dms__cnn__seed43,PMS2,P43246:661:K>Q,0,0.00741968
train-clinvar+pg_dms__cnn__seed43,PMS2,P43246:661:K>M,0,0.013121987
train-clinvar+pg_dms__cnn__seed43,PMS2,P43246:661:K>F,0,0.022819899
train-clinvar+pg_dms__cnn__seed43,PMS2,P43246:661:K>D,0,0.021757659
train-clinvar+pg_dms__cnn__seed43,PMS2,P43246:661:K>R,0,0.010974571
train-clinvar+pg_dms__cnn__seed43,PMS2,P43246:661:K>S,0,0.0053796107
train-clinvar+pg_dms__cnn__seed43,PMS2,P43246:661:K>L,0,0.0102401795
train-clinvar+pg_dms__cnn__seed43,PMS2,P43246:661:K>C,0,0.004482333
train-clinvar+pg_dms__cnn__seed43,PMS2,P43246:661:K>A,0,0.008274685
train-clinvar+pg_dms__cnn__seed43,PMS2,P43246:661:K>T,0,0.0067142346
train-clinvar+pg_dms__cnn__seed43,PMS2,P43246:661:K>V,0,0.012314628
train-clinvar+pg_dms__cnn__seed43,PMS2,P43246:661:K>W,0,0.074983865
train-clinvar+pg_dms__cnn__seed43,PMS2,P43246:661:K>Y,0,0.013951045
train-clinvar+pg_dms__cnn__seed43,PMS2,P43246:661:K>E,0,0.0107220495
train-clinvar+pg_dms__cnn__seed43,PMS2,P43246:661:K>I,0,0.013936812
train-clinvar+pg_dms__cnn__seed43,PMS2,P43246:668:T>H,0,0.83254874
train-clinvar+pg_dms__cnn__seed43,PMS2,P43246:668:T>G,0,0.81476635
train-clinvar+pg_dms__cnn__seed43,PMS2,P43246:668:T>Y,0,0.742188
train-clinvar+pg_dms__cnn__seed43,PMS2,P43246:668:T>M,1,0.8840234
train-clinvar+pg_dms__cnn__seed43,PMS2,P43246:668:T>N,0,0.85644794
train-clinvar+pg_dms__cnn__seed43,PMS2,P43246:668:T>W,0,0.94463974
train-clinvar+pg_dms__cnn__seed43,PMS2,P43246:668:T>V,0,0.86884975
train-clinvar+pg_dms__cnn__seed43,PMS2,P43246:668:T>L,0,0.7000306
train-clinvar+pg_dms__cnn__seed43,PMS2,P43246:668:T>C,0,0.18226184
train-clinvar+pg_dms__cnn__seed43,PMS2,P43246:668:T>R,1,0.8435491
train-clinvar+pg_dms__cnn__seed43,PMS2,P43246:668:T>D,0,0.9546786
train-clinvar+pg_dms__cnn__seed43,PMS2,P43246:668:T>P,1,0.9650813
train-clinvar+pg_dms__cnn__seed43,PMS2,P43246:668:T>Q,0,0.8619332
train-clinvar+pg_dms__cnn__seed43,PMS2,P43246:668:T>E,0,0.9305486
train-clinvar+pg_dms__cnn__seed43,PMS2,P43246:668:T>A,0,0.655191
train-clinvar+pg_dms__cnn__seed43,PMS2,P43246:668:T>F,0,0.7220881
train-clinvar+pg_dms__cnn__seed43,PMS2,P43246:673:G>H,0,0.9814341
train-clinvar+pg_dms__cnn__seed43,PMS2,P43246:673:G>I,1,0.9858499
train-clinvar+pg_dms__cnn__seed43,PMS2,P43246:673:G>F,0,0.9150309
train-clinvar+pg_dms__cnn__seed43,PMS2,P43246:673:G>L,1,0.97755367
train-clinvar+pg_dms__cnn__seed43,PMS2,P43246:673:G>D,0,0.98999035
train-clinvar+pg_dms__cnn__seed43,PMS2,P43246:673:G>C,0,0.34426898
train-clinvar+pg_dms__cnn__seed43,PMS2,P43246:673:G>A,0,0.7629022
train-clinvar+pg_dms__cnn__seed43,PMS2,P43246:673:G>E,1,0.9799748
train-clinvar+pg_dms__cnn__seed43,PMS2,P43246:673:G>M,0,0.9860519
train-clinvar+pg_dms__cnn__seed43,PMS2,P43246:673:G>K,1,0.98338866
train-clinvar+pg_dms__cnn__seed43,PMS2,P43246:673:G>Y,0,0.9850107
train-clinvar+pg_dms__cnn__seed43,PMS2,P43246:673:G>P,1,0.9936558
train-clinvar+pg_dms__cnn__seed43,PMS2,P43246:673:G>Q,0,0.9801359
train-clinvar+pg_dms__cnn__seed43,PMS2,P43246:673:G>R,1,0.98851925
train-clinvar+pg_dms__cnn__seed43,PMS2,P43246:673:G>S,0,0.8959921
train-clinvar+pg_dms__cnn__seed43,PMS2,P43246:673:G>T,0,0.9748181
train-clinvar+pg_dms__cnn__seed43,PMS2,P43246:673:G>W,1,0.9859206
train-clinvar+pg_dms__cnn__seed43,PMS2,P43246:673:G>N,0,0.9773547
train-clinvar+pg_dms__cnn__seed43,PMS2,P43246:677:T>W,1,0.9814543
train-clinvar+pg_dms__cnn__seed43,PMS2,P43246:677:T>L,0,0.9563816
train-clinvar+pg_dms__cnn__seed43,PMS2,P43246:677:T>F,0,0.9897928
train-clinvar+pg_dms__cnn__seed43,PMS2,P43246:677:T>G,0,0.9718202
train-clinvar+pg_dms__cnn__seed43,PMS2,P43246:677:T>I,0,0.9789629
train-clinvar+pg_dms__cnn__seed43,PMS2,P43246:677:T>K,1,0.99169874
train-clinvar+pg_dms__cnn__seed43,PMS2,P43246:677:T>Y,0,0.98153424
train-clinvar+pg_dms__cnn__seed43,PMS2,P43246:677:T>M,0,0.8659105
train-clinvar+pg_dms__cnn__seed43,PMS2,P43246:677:T>N,0,0.9780285
train-clinvar+pg_dms__cnn__seed43,PMS2,P43246:677:T>C,0,0.4920158
train-clinvar+pg_dms__cnn__seed43,PMS2,P43246:677:T>P,1,0.99329597
train-clinvar+pg_dms__cnn__seed43,PMS2,P43246:677:T>S,0,0.6760147
train-clinvar+pg_dms__cnn__seed43,PMS2,P43246:677:T>V,0,0.63166857
train-clinvar+pg_dms__cnn__seed43,PMS2,P43246:677:T>Q,0,0.9707982
train-clinvar+pg_dms__cnn__seed43,PMS2,P43246:677:T>A,0,0.7985494
train-clinvar+pg_dms__cnn__seed43,PMS2,P43246:680:R>S,0,0.86584663
train-clinvar+pg_dms__cnn__seed43,PMS2,P43246:680:R>T,0,0.82523245
train-clinvar+pg_dms__cnn__seed43,PMS2,P43246:680:R>V,0,0.86176187
train-clinvar+pg_dms__cnn__seed43,PMS2,P43246:680:R>M,0,0.8755734
train-clinvar+pg_dms__cnn__seed43,PMS2,P43246:680:R>I,0,0.8038897
train-clinvar+pg_dms__cnn__seed43,PMS2,P43246:680:R>K,0,0.74051434
train-clinvar+pg_dms__cnn__seed43,PMS2,P43246:680:R>H,0,0.64362776
train-clinvar+pg_dms__cnn__seed43,PMS2,P43246:680:R>W,0,0.8720645
train-clinvar+pg_dms__cnn__seed43,PMS2,P43246:680:R>F,0,0.7927584
train-clinvar+pg_dms__cnn__seed43,PMS2,P43246:680:R>E,0,0.9146774
train-clinvar+pg_dms__cnn__seed43,PMS2,P43246:680:R>G,0,0.8437957
train-clinvar+pg_dms__cnn__seed43,PMS2,P43246:680:R>Y,0,0.8413525
train-clinvar+pg_dms__cnn__seed43,PMS2,P43246:680:R>A,0,0.8206117
train-clinvar+pg_dms__cnn__seed43,PMS2,P43246:680:R>C,0,0.1018771
train-clinvar+pg_dms__cnn__seed43,PMS2,P43246:681:Q>D,0,0.9782688
train-clinvar+pg_dms__cnn__seed43,PMS2,P43246:681:Q>E,0,0.16010909
train-clinvar+pg_dms__cnn__seed43,PMS2,P43246:681:Q>F,0,0.93963915
train-clinvar+pg_dms__cnn__seed43,PMS2,P43246:681:Q>G,0,0.082229674
train-clinvar+pg_dms__cnn__seed43,PMS2,P43246:681:Q>H,0,0.9290733
train-clinvar+pg_dms__cnn__seed43,PMS2,P43246:681:Q>I,0,0.9344409
train-clinvar+pg_dms__cnn__seed43,PMS2,P43246:681:Q>V,0,0.8371778
train-clinvar+pg_dms__cnn__seed43,PMS2,P43246:681:Q>L,0,0.5692315
train-clinvar+pg_dms__cnn__seed43,PMS2,P43246:681:Q>M,0,0.1327446
train-clinvar+pg_dms__cnn__seed43,PMS2,P43246:681:Q>N,0,0.6645578
train-clinvar+pg_dms__cnn__seed43,PMS2,P43246:681:Q>P,1,0.9946008
train-clinvar+pg_dms__cnn__seed43,PMS2,P43246:681:Q>R,1,0.9577107
train-clinvar+pg_dms__cnn__seed43,PMS2,P43246:681:Q>S,0,0.018852772
train-clinvar+pg_dms__cnn__seed43,PMS2,P43246:681:Q>W,0,0.98101383
train-clinvar+pg_dms__cnn__seed43,PMS2,P43246:681:Q>T,0,0.042318963
train-clinvar+pg_dms__cnn__seed43,PMS2,P43246:681:Q>K,0,0.94218683
train-clinvar+pg_dms__cnn__seed43,PMS2,P43246:681:Q>A,0,0.04561206
train-clinvar+pg_dms__cnn__seed43,PMS2,P43246:681:Q>C,0,0.22613193
train-clinvar+pg_dms__cnn__seed43,PMS2,P43246:681:Q>Y,0,0.9643365
train-clinvar+pg_dms__cnn__seed43,PMS2,P43246:683:G>D,1,0.98408484
train-clinvar+pg_dms__cnn__seed43,PMS2,P43246:683:G>E,0,0.9374019
train-clinvar+pg_dms__cnn__seed43,PMS2,P43246:683:G>F,1,0.92081416
train-clinvar+pg_dms__cnn__seed43,PMS2,P43246:683:G>H,1,0.90467054
train-clinvar+pg_dms__cnn__seed43,PMS2,P43246:683:G>K,1,0.9479931
train-clinvar+pg_dms__cnn__seed43,PMS2,P43246:683:G>L,0,0.9396739
train-clinvar+pg_dms__cnn__seed43,PMS2,P43246:683:G>M,0,0.9289167
train-clinvar+pg_dms__cnn__seed43,PMS2,P43246:683:G>I,0,0.93542033
train-clinvar+pg_dms__cnn__seed43,PMS2,P43246:683:G>Q,0,0.8992666
train-clinvar+pg_dms__cnn__seed43,PMS2,P43246:683:G>S,0,0.14811225
train-clinvar+pg_dms__cnn__seed43,PMS2,P43246:683:G>T,0,0.82300085
train-clinvar+pg_dms__cnn__seed43,PMS2,P43246:683:G>V,0,0.8992402
train-clinvar+pg_dms__cnn__seed43,PMS2,P43246:683:G>Y,1,0.9264778
train-clinvar+pg_dms__cnn__seed43,PMS2,P43246:683:G>P,0,0.9914521
train-clinvar+pg_dms__cnn__seed43,PMS2,P43246:683:G>C,0,0.19640157
train-clinvar+pg_dms__cnn__seed43,PMS2,P43246:709:L>G,0,0.984107
train-clinvar+pg_dms__cnn__seed43,PMS2,P43246:709:L>R,0,0.974293
train-clinvar+pg_dms__cnn__seed43,PMS2,P43246:709:L>F,0,0.020843854
train-clinvar+pg_dms__cnn__seed43,PMS2,P43246:709:L>A,0,0.9060761
train-clinvar+pg_dms__cnn__seed43,PMS2,P43246:709:L>C,0,0.18134314
train-clinvar+pg_dms__cnn__seed43,PMS2,P43246:709:L>S,0,0.9048761
train-clinvar+pg_dms__cnn__seed43,PMS2,P43246:709:L>E,0,0.9910184
train-clinvar+pg_dms__cnn__seed43,PMS2,P43246:709:L>I,0,0.0976575
train-clinvar+pg_dms__cnn__seed43,PMS2,P43246:709:L>T,0,0.9305908
train-clinvar+pg_dms__cnn__seed43,PMS2,P43246:709:L>W,0,0.9124023
train-clinvar+pg_dms__cnn__seed43,PMS2,P43246:709:L>H,0,0.7107986
train-clinvar+pg_dms__cnn__seed43,PMS2,P43246:709:L>D,0,0.9957437
train-clinvar+pg_dms__cnn__seed43,PMS2,P43246:709:L>Y,0,0.6969539
train-clinvar+pg_dms__cnn__seed43,PMS2,P43246:709:L>Q,0,0.7878028
train-clinvar+pg_dms__cnn__seed43,PMS2,P43246:709:L>P,0,0.99755424
train-clinvar+pg_dms__cnn__seed43,PMS2,P43246:709:L>N,0,0.9823397
train-clinvar+pg_dms__cnn__seed43,PMS2,P43246:709:L>M,0,0.032168664
train-clinvar+pg_dms__cnn__seed43,PMS2,P43246:709:L>K,0,0.98665893
train-clinvar+pg_dms__cnn__seed43,PMS2,P43246:710:A>C,0,0.0343171
train-clinvar+pg_dms__cnn__seed43,PMS2,P43246:710:A>D,1,0.9878197
train-clinvar+pg_dms__cnn__seed43,PMS2,P43246:710:A>E,0,0.9833802
train-clinvar+pg_dms__cnn__seed43,PMS2,P43246:710:A>F,0,0.92908394
train-clinvar+pg_dms__cnn__seed43,PMS2,P43246:710:A>H,0,0.96553737
train-clinvar+pg_dms__cnn__seed43,PMS2,P43246:710:A>Y,0,0.9318722
train-clinvar+pg_dms__cnn__seed43,PMS2,P43246:710:A>W,0,0.98795474
train-clinvar+pg_dms__cnn__seed43,PMS2,P43246:710:A>T,0,0.0649468
train-clinvar+pg_dms__cnn__seed43,PMS2,P43246:710:A>R,1,0.9635783
train-clinvar+pg_dms__cnn__seed43,PMS2,P43246:710:A>Q,0,0.9534016
train-clinvar+pg_dms__cnn__seed43,PMS2,P43246:710:A>M,0,0.9469495
train-clinvar+pg_dms__cnn__seed43,PMS2,P43246:710:A>L,0,0.83371586
train-clinvar+pg_dms__cnn__seed43,PMS2,P43246:710:A>K,0,0.9762404
train-clinvar+pg_dms__cnn__seed43,PMS2,P43246:710:A>G,0,0.056722328
train-clinvar+pg_dms__cnn__seed43,PMS2,P43246:710:A>I,0,0.961982
train-clinvar+pg_dms__cnn__seed43,PMS2,P43246:710:A>N,0,0.9606654
train-clinvar+pg_dms__cnn__seed43,PMS2,P43246:712:V>R,0,0.41299006
train-clinvar+pg_dms__cnn__seed43,PMS2,P43246:712:V>L,0,0.1755504
train-clinvar+pg_dms__cnn__seed43,PMS2,P43246:712:V>K,0,0.52697575
train-clinvar+pg_dms__cnn__seed43,PMS2,P43246:712:V>I,0,0.007058329
train-clinvar+pg_dms__cnn__seed43,PMS2,P43246:712:V>H,0,0.3769175
train-clinvar+pg_dms__cnn__seed43,PMS2,P43246:712:V>Y,0,0.3156257
train-clinvar+pg_dms__cnn__seed43,PMS2,P43246:712:V>W,0,0.7476614
train-clinvar+pg_dms__cnn__seed43,PMS2,P43246:712:V>G,0,0.16963126
train-clinvar+pg_dms__cnn__seed43,PMS2,P43246:712:V>S,0,0.14426886
train-clinvar+pg_dms__cnn__seed43,PMS2,P43246:712:V>F,0,0.120854296
train-clinvar+pg_dms__cnn__seed43,PMS2,P43246:712:V>D,0,0.70384896
train-clinvar+pg_dms__cnn__seed43,PMS2,P43246:712:V>M,0,0.24497327
train-clinvar+pg_dms__cnn__seed43,PMS2,P43246:712:V>N,0,0.2617623
train-clinvar+pg_dms__cnn__seed43,PMS2,P43246:712:V>P,0,0.800898
train-clinvar+pg_dms__cnn__seed43,PMS2,P43246:712:V>Q,0,0.1982181
train-clinvar+pg_dms__cnn__seed43,PMS2,P43246:712:V>A,0,0.12373743
train-clinvar+pg_dms__cnn__seed43,PMS2,P43246:712:V>C,0,0.0449736
train-clinvar+pg_dms__cnn__seed43,PMS2,P43246:712:V>E,0,0.51829785
train-clinvar+pg_dms__cnn__seed43,PMS2,P43246:712:V>T,0,0.07557571
train-clinvar+pg_dms__cnn__seed43,PMS2,P43246:715:G>C,0,0.008772755
train-clinvar+pg_dms__cnn__seed43,PMS2,P43246:715:G>D,0,0.16164261
train-clinvar+pg_dms__cnn__seed43,PMS2,P43246:715:G>K,0,0.13660496
train-clinvar+pg_dms__cnn__seed43,PMS2,P43246:715:G>F,0,0.06895276
train-clinvar+pg_dms__cnn__seed43,PMS2,P43246:715:G>H,0,0.099806674
train-clinvar+pg_dms__cnn__seed43,PMS2,P43246:715:G>I,0,0.096502595
train-clinvar+pg_dms__cnn__seed43,PMS2,P43246:715:G>E,0,0.07859556
train-clinvar+pg_dms__cnn__seed43,PMS2,P43246:715:G>L,0,0.06985193
train-clinvar+pg_dms__cnn__seed43,PMS2,P43246:715:G>N,0,0.0561121
train-clinvar+pg_dms__cnn__seed43,PMS2,P43246:715:G>M,0,0.122183375
train-clinvar+pg_dms__cnn__seed43,PMS2,P43246:715:G>W,0,0.21864656
train-clinvar+pg_dms__cnn__seed43,PMS2,P43246:715:G>V,0,0.056188796
train-clinvar+pg_dms__cnn__seed43,PMS2,P43246:715:G>T,0,0.019286348
train-clinvar+pg_dms__cnn__seed43,PMS2,P43246:715:G>Y,0,0.0739271
train-clinvar+pg_dms__cnn__seed43,PMS2,P43246:715:G>Q,0,0.06993299
train-clinvar+pg_dms__cnn__seed43,PMS2,P43246:715:G>P,0,0.34474486
train-clinvar+pg_dms__cnn__seed43,PMS2,P43246:715:G>S,0,0.010442666
train-clinvar+pg_dms__cnn__seed43,PMS2,P43246:729:M>G,0,0.4539609
train-clinvar+pg_dms__cnn__seed43,PMS2,P43246:729:M>H,0,0.3651788
train-clinvar+pg_dms__cnn__seed43,PMS2,P43246:729:M>F,1,0.18975659
train-clinvar+pg_dms__cnn__seed43,PMS2,P43246:729:M>K,1,0.6269433
train-clinvar+pg_dms__cnn__seed43,PMS2,P43246:729:M>L,0,0.47383115
train-clinvar+pg_dms__cnn__seed43,PMS2,P43246:729:M>N,0,0.6286831
train-clinvar+pg_dms__cnn__seed43,PMS2,P43246:729:M>P,1,0.9065787
train-clinvar+pg_dms__cnn__seed43,PMS2,P43246:729:M>I,0,0.5268304
train-clinvar+pg_dms__cnn__seed43,PMS2,P43246:729:M>E,1,0.4082206
train-clinvar+pg_dms__cnn__seed43,PMS2,P43246:729:M>Y,0,0.273973
train-clinvar+pg_dms__cnn__seed43,PMS2,P43246:729:M>A,0,0.40332106
train-clinvar+pg_dms__cnn__seed43,PMS2,P43246:729:M>W,1,0.8331242
train-clinvar+pg_dms__cnn__seed43,PMS2,P43246:729:M>T,0,0.280666
train-clinvar+pg_dms__cnn__seed43,PMS2,P43246:729:M>S,0,0.12157702
train-clinvar+pg_dms__cnn__seed43,PMS2,P43246:729:M>R,1,0.5079391
train-clinvar+pg_dms__cnn__seed43,PMS2,P43246:729:M>Q,0,0.34963575
train-clinvar+pg_dms__cnn__seed43,PMS2,P43246:729:M>C,0,0.056490064
train-clinvar+pg_dms__cnn__seed43,PMS2,P43246:733:A>K,0,0.24818315
train-clinvar+pg_dms__cnn__seed43,PMS2,P43246:733:A>M,0,0.16936508
train-clinvar+pg_dms__cnn__seed43,PMS2,P43246:733:A>N,0,0.15574868
train-clinvar+pg_dms__cnn__seed43,PMS2,P43246:733:A>P,1,0.73287517
train-clinvar+pg_dms__cnn__seed43,PMS2,P43246:733:A>Q,0,0.12890944
train-clinvar+pg_dms__cnn__seed43,PMS2,P43246:733:A>I,1,0.2642257
train-clinvar+pg_dms__cnn__seed43,PMS2,P43246:733:A>H,0,0.16797002
train-clinvar+pg_dms__cnn__seed43,PMS2,P43246:733:A>C,0,0.021957284
train-clinvar+pg_dms__cnn__seed43,PMS2,P43246:733:A>F,1,0.17499116
train-clinvar+pg_dms__cnn__seed43,PMS2,P43246:733:A>E,0,0.20485358
train-clinvar+pg_dms__cnn__seed43,PMS2,P43246:733:A>D,0,0.33625093
train-clinvar+pg_dms__cnn__seed43,PMS2,P43246:733:A>R,0,0.26939547
train-clinvar+pg_dms__cnn__seed43,PMS2,P43246:733:A>T,0,0.056257725
train-clinvar+pg_dms__cnn__seed43,PMS2,P43246:733:A>V,0,0.09626605
train-clinvar+pg_dms__cnn__seed43,PMS2,P43246:733:A>W,0,0.34615585
train-clinvar+pg_dms__cnn__seed43,PMS2,P43246:733:A>Y,0,0.12207777
train-clinvar+pg_dms__cnn__seed43,PMS2,P43246:733:A>G,0,0.034113675
train-clinvar+pg_dms__cnn__seed43,PMS2,P43246:733:A>S,0,0.006645008
train-clinvar+pg_dms__cnn__seed43,PMS2,P43246:733:A>L,0,0.14117111
train-clinvar+pg_dms__cnn__seed43,PMS2,P43246:746:I>D,1,0.9991978
train-clinvar+pg_dms__cnn__seed43,PMS2,P43246:746:I>Y,0,0.98746604
train-clinvar+pg_dms__cnn__seed43,PMS2,P43246:746:I>W,1,0.9990096
train-clinvar+pg_dms__cnn__seed43,PMS2,P43246:746:I>V,0,0.01855261
train-clinvar+pg_dms__cnn__seed43,PMS2,P43246:746:I>T,0,0.9815633
train-clinvar+pg_dms__cnn__seed43,PMS2,P43246:746:I>S,1,0.97555304
train-clinvar+pg_dms__cnn__seed43,PMS2,P43246:746:I>R,1,0.9979836
train-clinvar+pg_dms__cnn__seed43,PMS2,P43246:746:I>Q,1,0.9940486
train-clinvar+pg_dms__cnn__seed43,PMS2,P43246:746:I>C,0,0.70844704
train-clinvar+pg_dms__cnn__seed43,PMS2,P43246:746:I>N,1,0.9964792
train-clinvar+pg_dms__cnn__seed43,PMS2,P43246:746:I>M,0,0.11131311
train-clinvar+pg_dms__cnn__seed43,PMS2,P43246:746:I>L,0,0.019401219
train-clinvar+pg_dms__cnn__seed43,PMS2,P43246:746:I>K,1,0.9976909
train-clinvar+pg_dms__cnn__seed43,PMS2,P43246:746:I>G,0,0.996657
train-clinvar+pg_dms__cnn__seed43,PMS2,P43246:746:I>F,1,0.9336637
train-clinvar+pg_dms__cnn__seed43,PMS2,P43246:746:I>E,1,0.99765646
train-clinvar+pg_dms__cnn__seed43,PMS2,P43246:746:I>A,0,0.9847836
train-clinvar+pg_dms__cnn__seed43,PMS2,P43246:746:I>P,1,0.9990827
train-clinvar+pg_dms__cnn__seed43,PMS2,P43246:747:I>F,0,0.95966035
train-clinvar+pg_dms__cnn__seed43,PMS2,P43246:747:I>G,1,0.995611
train-clinvar+pg_dms__cnn__seed43,PMS2,P43246:747:I>L,0,0.03486754
train-clinvar+pg_dms__cnn__seed43,PMS2,P43246:747:I>M,0,0.037146203
train-clinvar+pg_dms__cnn__seed43,PMS2,P43246:747:I>T,0,0.77428246
train-clinvar+pg_dms__cnn__seed43,PMS2,P43246:747:I>R,1,0.9966703
train-clinvar+pg_dms__cnn__seed43,PMS2,P43246:747:I>S,0,0.97282016
train-clinvar+pg_dms__cnn__seed43,PMS2,P43246:747:I>V,0,0.006760379
train-clinvar+pg_dms__cnn__seed43,PMS2,P43246:747:I>W,0,0.99903023
train-clinvar+pg_dms__cnn__seed43,PMS2,P43246:747:I>Y,0,0.9955434
train-clinvar+pg_dms__cnn__seed43,PMS2,P43246:747:I>Q,1,0.99176335
train-clinvar+pg_dms__cnn__seed43,PMS2,P43246:747:I>D,1,0.99954754
train-clinvar+pg_dms__cnn__seed43,PMS2,P43246:747:I>P,1,0.99931943
train-clinvar+pg_dms__cnn__seed43,PMS2,P43246:747:I>E,1,0.9986941
train-clinvar+pg_dms__cnn__seed43,PMS2,P43246:747:I>A,0,0.8597872
train-clinvar+pg_dms__cnn__seed43,PMS2,P43246:747:I>C,0,0.7911814
train-clinvar+pg_dms__cnn__seed43,PMS2,P43246:750:L>C,0,0.93785965
train-clinvar+pg_dms__cnn__seed43,PMS2,P43246:750:L>Y,0,0.99074286
train-clinvar+pg_dms__cnn__seed43,PMS2,P43246:750:L>V,0,0.9911849
train-clinvar+pg_dms__cnn__seed43,PMS2,P43246:750:L>T,0,0.9989699
train-clinvar+pg_dms__cnn__seed43,PMS2,P43246:750:L>S,0,0.9961313
train-clinvar+pg_dms__cnn__seed43,PMS2,P43246:750:L>R,1,0.99953365
train-clinvar+pg_dms__cnn__seed43,PMS2,P43246:750:L>Q,0,0.9993918
train-clinvar+pg_dms__cnn__seed43,PMS2,P43246:750:L>P,0,0.9996031
train-clinvar+pg_dms__cnn__seed43,PMS2,P43246:750:L>N,0,0.9993382
train-clinvar+pg_dms__cnn__seed43,PMS2,P43246:750:L>M,0,0.9857852
train-clinvar+pg_dms__cnn__seed43,PMS2,P43246:750:L>W,1,0.9992908
train-clinvar+pg_dms__cnn__seed43,PMS2,P43246:750:L>I,0,0.8996587
train-clinvar+pg_dms__cnn__seed43,PMS2,P43246:750:L>H,0,0.99695945
train-clinvar+pg_dms__cnn__seed43,PMS2,P43246:750:L>G,0,0.999363
train-clinvar+pg_dms__cnn__seed43,PMS2,P43246:750:L>F,0,0.99907386
train-clinvar+pg_dms__cnn__seed43,PMS2,P43246:750:L>E,1,0.9994499
train-clinvar+pg_dms__cnn__seed43,PMS2,P43246:750:L>D,1,0.99892956
train-clinvar+pg_dms__cnn__seed43,PMS2,P43246:750:L>A,1,0.9990509
train-clinvar+pg_dms__cnn__seed43,PMS2,P43246:750:L>K,1,0.9992888
train-clinvar+pg_dms__cnn__seed43,PMS2,P43246:752:R>G,1,0.9623172
train-clinvar+pg_dms__cnn__seed43,PMS2,P43246:752:R>A,1,0.9069701
train-clinvar+pg_dms__cnn__seed43,PMS2,P43246:752:R>C,0,0.31647527
train-clinvar+pg_dms__cnn__seed43,PMS2,P43246:752:R>M,0,0.95216393
train-clinvar+pg_dms__cnn__seed43,PMS2,P43246:752:R>E,1,0.9578941
train-clinvar+pg_dms__cnn__seed43,PMS2,P43246:752:R>Y,0,0.95173216
train-clinvar+pg_dms__cnn__seed43,PMS2,P43246:752:R>W,0,0.9556104
train-clinvar+pg_dms__cnn__seed43,PMS2,P43246:752:R>V,0,0.92016643
train-clinvar+pg_dms__cnn__seed43,PMS2,P43246:752:R>T,1,0.93690675
train-clinvar+pg_dms__cnn__seed43,PMS2,P43246:752:R>D,1,0.969301
train-clinvar+pg_dms__cnn__seed43,PMS2,P43246:752:R>P,1,0.9729757
train-clinvar+pg_dms__cnn__seed43,PMS2,P43246:752:R>N,0,0.9494414
train-clinvar+pg_dms__cnn__seed43,PMS2,P43246:752:R>S,1,0.93548226
train-clinvar+pg_dms__cnn__seed43,PMS2,P43246:752:R>L,0,0.950944
train-clinvar+pg_dms__cnn__seed43,PMS2,P43246:752:R>K,0,0.948415
train-clinvar+pg_dms__cnn__seed43,PMS2,P43246:752:R>I,1,0.93884075
train-clinvar+pg_dms__cnn__seed43,PMS2,P43246:752:R>H,0,0.9383838
train-clinvar+pg_dms__cnn__seed43,PMS2,P43246:752:R>F,0,0.8693677
train-clinvar+pg_dms__cnn__seed43,PMS2,P43246:759:G>D,1,0.9930815
train-clinvar+pg_dms__cnn__seed43,PMS2,P43246:759:G>E,1,0.98617864
train-clinvar+pg_dms__cnn__seed43,PMS2,P43246:759:G>F,1,0.98864895
train-clinvar+pg_dms__cnn__seed43,PMS2,P43246:759:G>I,1,0.9895852
train-clinvar+pg_dms__cnn__seed43,PMS2,P43246:759:G>K,1,0.9906018
train-clinvar+pg_dms__cnn__seed43,PMS2,P43246:759:G>L,1,0.9807561
train-clinvar+pg_dms__cnn__seed43,PMS2,P43246:759:G>M,1,0.9905269
train-clinvar+pg_dms__cnn__seed43,PMS2,P43246:759:G>C,0,0.8308384
train-clinvar+pg_dms__cnn__seed43,PMS2,P43246:759:G>N,1,0.99088705
train-clinvar+pg_dms__cnn__seed43,PMS2,P43246:759:G>Q,1,0.9829648
train-clinvar+pg_dms__cnn__seed43,PMS2,P43246:759:G>R,1,0.9897932
train-clinvar+pg_dms__cnn__seed43,PMS2,P43246:759:G>S,1,0.96609795
train-clinvar+pg_dms__cnn__seed43,PMS2,P43246:759:G>T,1,0.9862459
train-clinvar+pg_dms__cnn__seed43,PMS2,P43246:759:G>V,1,0.97979283
train-clinvar+pg_dms__cnn__seed43,PMS2,P43246:759:G>W,1,0.9891943
train-clinvar+pg_dms__cnn__seed43,PMS2,P43246:759:G>Y,1,0.97999156
train-clinvar+pg_dms__cnn__seed43,PMS2,P43246:759:G>P,1,0.99718565
train-clinvar+pg_dms__cnn__seed43,PMS2,P43246:759:G>A,0,0.96461904
train-clinvar+pg_dms__cnn__seed43,PMS2,P43246:759:G>H,1,0.9866752
train-clinvar+pg_dms__cnn__seed43,PMS2,P43246:763:A>N,0,0.9961669
train-clinvar+pg_dms__cnn__seed43,PMS2,P43246:763:A>S,0,0.07547363
train-clinvar+pg_dms__cnn__seed43,PMS2,P43246:763:A>R,1,0.99767286
train-clinvar+pg_dms__cnn__seed43,PMS2,P43246:763:A>Q,0,0.9970943
train-clinvar+pg_dms__cnn__seed43,PMS2,P43246:763:A>Y,0,0.9987948
train-clinvar+pg_dms__cnn__seed43,PMS2,P43246:763:A>W,1,0.99805546
train-clinvar+pg_dms__cnn__seed43,PMS2,P43246:763:A>M,0,0.9973339
train-clinvar+pg_dms__cnn__seed43,PMS2,P43246:763:A>L,0,0.99452174
train-clinvar+pg_dms__cnn__seed43,PMS2,P43246:763:A>K,1,0.9987411
train-clinvar+pg_dms__cnn__seed43,PMS2,P43246:763:A>I,0,0.9964529
train-clinvar+pg_dms__cnn__seed43,PMS2,P43246:763:A>H,1,0.99765635
train-clinvar+pg_dms__cnn__seed43,PMS2,P43246:763:A>G,0,0.93620265
train-clinvar+pg_dms__cnn__seed43,PMS2,P43246:763:A>F,0,0.99750656
train-clinvar+pg_dms__cnn__seed43,PMS2,P43246:763:A>E,1,0.9980867
train-clinvar+pg_dms__cnn__seed43,PMS2,P43246:763:A>D,0,0.99891603
train-clinvar+pg_dms__cnn__seed43,PMS2,P43246:763:A>C,0,0.8770622
train-clinvar+pg_dms__cnn__seed43,PMS2,P43246:763:A>V,0,0.99684346
train-clinvar+pg_dms__cnn__seed43,PMS2,P43246:763:A>T,0,0.9898795
train-clinvar+pg_dms__cnn__seed43,PMS2,P43246:766:I>M,0,0.19369212
train-clinvar+pg_dms__cnn__seed43,PMS2,P43246:766:I>H,0,0.9506106
train-clinvar+pg_dms__cnn__seed43,PMS2,P43246:766:I>L,0,0.06289574
train-clinvar+pg_dms__cnn__seed43,PMS2,P43246:766:I>A,0,0.7816799
train-clinvar+pg_dms__cnn__seed43,PMS2,P43246:766:I>V,0,0.03109119
train-clinvar+pg_dms__cnn__seed43,PMS2,P43246:766:I>D,1,0.97841907
train-clinvar+pg_dms__cnn__seed43,PMS2,P43246:766:I>E,1,0.97006917
train-clinvar+pg_dms__cnn__seed43,PMS2,P43246:766:I>F,0,0.88513404
train-clinvar+pg_dms__cnn__seed43,PMS2,P43246:766:I>G,1,0.9631857
train-clinvar+pg_dms__cnn__seed43,PMS2,P43246:766:I>P,1,0.9908112
train-clinvar+pg_dms__cnn__seed43,PMS2,P43246:766:I>R,1,0.9743249
train-clinvar+pg_dms__cnn__seed43,PMS2,P43246:766:I>S,0,0.9361613
train-clinvar+pg_dms__cnn__seed43,PMS2,P43246:766:I>C,0,0.46271825
train-clinvar+pg_dms__cnn__seed43,PMS2,P43246:766:I>W,0,0.992569
train-clinvar+pg_dms__cnn__seed43,PMS2,P43246:766:I>Y,1,0.9563945
train-clinvar+pg_dms__cnn__seed43,PMS2,P43246:771:A>M,0,0.63120854
train-clinvar+pg_dms__cnn__seed43,PMS2,P43246:771:A>N,0,0.8854729
train-clinvar+pg_dms__cnn__seed43,PMS2,P43246:771:A>P,0,0.9893953
train-clinvar+pg_dms__cnn__seed43,PMS2,P43246:771:A>Q,0,0.8695865
train-clinvar+pg_dms__cnn__seed43,PMS2,P43246:771:A>R,0,0.93600106
train-clinvar+pg_dms__cnn__seed43,PMS2,P43246:771:A>S,0,0.02376077
train-clinvar+pg_dms__cnn__seed43,PMS2,P43246:771:A>V,0,0.081453465
train-clinvar+pg_dms__cnn__seed43,PMS2,P43246:771:A>W,0,0.9746323
train-clinvar+pg_dms__cnn__seed43,PMS2,P43246:771:A>Y,0,0.89478016
train-clinvar+pg_dms__cnn__seed43,PMS2,P43246:771:A>C,0,0.063961364
train-clinvar+pg_dms__cnn__seed43,PMS2,P43246:771:A>D,0,0.9807525
train-clinvar+pg_dms__cnn__seed43,PMS2,P43246:771:A>F,0,0.8225364
train-clinvar+pg_dms__cnn__seed43,PMS2,P43246:771:A>G,0,0.06962372
train-clinvar+pg_dms__cnn__seed43,PMS2,P43246:771:A>H,0,0.8953668
train-clinvar+pg_dms__cnn__seed43,PMS2,P43246:771:A>I,0,0.2612272
train-clinvar+pg_dms__cnn__seed43,PMS2,P43246:771:A>L,0,0.37109017
train-clinvar+pg_dms__cnn__seed43,PMS2,P43246:773:K>A,0,0.037608884
train-clinvar+pg_dms__cnn__seed43,PMS2,P43246:773:K>C,0,0.05443464
train-clinvar+pg_dms__cnn__seed43,PMS2,P43246:773:K>D,0,0.09431722
train-clinvar+pg_dms__cnn__seed43,PMS2,P43246:773:K>F,0,0.26390946
train-clinvar+pg_dms__cnn__seed43,PMS2,P43246:773:K>G,0,0.050104134
train-clinvar+pg_dms__cnn__seed43,PMS2,P43246:773:K>H,0,0.03799585
train-clinvar+pg_dms__cnn__seed43,PMS2,P43246:773:K>I,0,0.09875973
train-clinvar+pg_dms__cnn__seed43,PMS2,P43246:773:K>L,0,0.08973792
train-clinvar+pg_dms__cnn__seed43,PMS2,P43246:773:K>M,0,0.091651864
train-clinvar+pg_dms__cnn__seed43,PMS2,P43246:773:K>P,0,0.79580927
train-clinvar+pg_dms__cnn__seed43,PMS2,P43246:773:K>Q,0,0.029632226
train-clinvar+pg_dms__cnn__seed43,PMS2,P43246:773:K>R,0,0.023177959
train-clinvar+pg_dms__cnn__seed43,PMS2,P43246:773:K>S,0,0.028941749
train-clinvar+pg_dms__cnn__seed43,PMS2,P43246:773:K>T,0,0.018974783
train-clinvar+pg_dms__cnn__seed43,PMS2,P43246:773:K>W,0,0.5812423
train-clinvar+pg_dms__cnn__seed43,PMS2,P43246:773:K>Y,0,0.11273036
train-clinvar+pg_dms__cnn__seed43,PMS2,P43246:773:K>V,0,0.07826632
train-clinvar+pg_dms__cnn__seed43,PMS2,P43246:781:A>Q,1,0.8761601
train-clinvar+pg_dms__cnn__seed43,PMS2,P43246:781:A>V,1,0.87351245
train-clinvar+pg_dms__cnn__seed43,PMS2,P43246:781:A>W,1,0.96261495
train-clinvar+pg_dms__cnn__seed43,PMS2,P43246:781:A>Y,1,0.8972439
train-clinvar+pg_dms__cnn__seed43,PMS2,P43246:781:A>S,0,0.24126044
train-clinvar+pg_dms__cnn__seed43,PMS2,P43246:781:A>R,1,0.910648
train-clinvar+pg_dms__cnn__seed43,PMS2,P43246:781:A>C,0,0.6730403
train-clinvar+pg_dms__cnn__seed43,PMS2,P43246:781:A>E,0,0.9314468
train-clinvar+pg_dms__cnn__seed43,PMS2,P43246:781:A>P,0,0.9772295
train-clinvar+pg_dms__cnn__seed43,PMS2,P43246:781:A>G,0,0.821501
train-clinvar+pg_dms__cnn__seed43,PMS2,P43246:781:A>H,1,0.88941306
train-clinvar+pg_dms__cnn__seed43,PMS2,P43246:781:A>I,1,0.89524007
train-clinvar+pg_dms__cnn__seed43,PMS2,P43246:781:A>N,0,0.88550055
train-clinvar+pg_dms__cnn__seed43,PMS2,P43246:781:A>M,1,0.92779446
train-clinvar+pg_dms__cnn__seed43,PMS2,P43246:781:A>L,0,0.8854927
train-clinvar+pg_dms__cnn__seed43,PMS2,P43246:781:A>K,1,0.9349147
train-clinvar+pg_dms__cnn__seed43,PMS2,P43246:781:A>F,1,0.87855315
train-clinvar+pg_dms__cnn__seed43,PMS2,P43246:803:T>D,1,0.22724506
train-clinvar+pg_dms__cnn__seed43,PMS2,P43246:803:T>A,0,0.05813357
train-clinvar+pg_dms__cnn__seed43,PMS2,P43246:803:T>C,0,0.036319382
train-clinvar+pg_dms__cnn__seed43,PMS2,P43246:803:T>W,0,0.47613347
train-clinvar+pg_dms__cnn__seed43,PMS2,P43246:803:T>Y,1,0.12546183
train-clinvar+pg_dms__cnn__seed43,PMS2,P43246:803:T>S,0,0.03942091
train-clinvar+pg_dms__cnn__seed43,PMS2,P43246:803:T>M,0,0.06521727
train-clinvar+pg_dms__cnn__seed43,PMS2,P43246:803:T>L,0,0.07356739
train-clinvar+pg_dms__cnn__seed43,PMS2,P43246:803:T>N,0,0.10515809
train-clinvar+pg_dms__cnn__seed43,PMS2,P43246:803:T>E,0,0.19613303
train-clinvar+pg_dms__cnn__seed43,PMS2,P43246:803:T>P,0,0.46764266
train-clinvar+pg_dms__cnn__seed43,PMS2,P43246:803:T>Q,0,0.10624796
train-clinvar+pg_dms__cnn__seed43,PMS2,P43246:803:T>V,0,0.111049406
train-clinvar+pg_dms__cnn__seed43,PMS2,P43246:803:T>K,0,0.1691337
train-clinvar+pg_dms__cnn__seed43,PMS2,P43246:803:T>H,0,0.13117398
train-clinvar+pg_dms__cnn__seed43,PMS2,P43246:803:T>G,0,0.09085773
train-clinvar+pg_dms__cnn__seed43,PMS2,P43246:803:T>R,0,0.103669085
train-clinvar+pg_dms__cnn__seed43,PMS2,P43246:804:A>K,0,0.58342314
train-clinvar+pg_dms__cnn__seed43,PMS2,P43246:804:A>M,0,0.4961041
train-clinvar+pg_dms__cnn__seed43,PMS2,P43246:804:A>P,0,0.7707124
train-clinvar+pg_dms__cnn__seed43,PMS2,P43246:804:A>Y,1,0.3755851
train-clinvar+pg_dms__cnn__seed43,PMS2,P43246:804:A>W,0,0.69701976
train-clinvar+pg_dms__cnn__seed43,PMS2,P43246:804:A>L,0,0.37421405
train-clinvar+pg_dms__cnn__seed43,PMS2,P43246:804:A>R,0,0.4527545
train-clinvar+pg_dms__cnn__seed43,PMS2,P43246:804:A>S,0,0.06423281
train-clinvar+pg_dms__cnn__seed43,PMS2,P43246:804:A>D,0,0.624841
train-clinvar+pg_dms__cnn__seed43,PMS2,P43246:804:A>E,0,0.64075184
train-clinvar+pg_dms__cnn__seed43,PMS2,P43246:804:A>F,1,0.3322366
train-clinvar+pg_dms__cnn__seed43,PMS2,P43246:804:A>C,0,0.079487674
train-clinvar+pg_dms__cnn__seed43,PMS2,P43246:804:A>G,0,0.23019336
train-clinvar+pg_dms__cnn__seed43,PMS2,P43246:804:A>I,0,0.43577194
train-clinvar+pg_dms__cnn__seed43,PMS2,P43246:806:T>A,0,0.062884174
train-clinvar+pg_dms__cnn__seed43,PMS2,P43246:806:T>C,0,0.035332747
train-clinvar+pg_dms__cnn__seed43,PMS2,P43246:806:T>D,0,0.5755461
train-clinvar+pg_dms__cnn__seed43,PMS2,P43246:806:T>N,0,0.14686835
train-clinvar+pg_dms__cnn__seed43,PMS2,P43246:806:T>G,0,0.19864522
train-clinvar+pg_dms__cnn__seed43,PMS2,P43246:806:T>F,1,0.18072923
train-clinvar+pg_dms__cnn__seed43,PMS2,P43246:806:T>Y,0,0.18792689
train-clinvar+pg_dms__cnn__seed43,PMS2,P43246:806:T>W,0,0.6199108
train-clinvar+pg_dms__cnn__seed43,PMS2,P43246:806:T>V,0,0.108341955
train-clinvar+pg_dms__cnn__seed43,PMS2,P43246:806:T>S,0,0.08015228
train-clinvar+pg_dms__cnn__seed43,PMS2,P43246:806:T>R,0,0.13713913
train-clinvar+pg_dms__cnn__seed43,PMS2,P43246:806:T>E,0,0.33933246
train-clinvar+pg_dms__cnn__seed43,PMS2,P43246:806:T>M,0,0.08456274
train-clinvar+pg_dms__cnn__seed43,PMS2,P43246:806:T>L,0,0.070228815
train-clinvar+pg_dms__cnn__seed43,PMS2,P43246:806:T>K,0,0.20457721
train-clinvar+pg_dms__cnn__seed43,PMS2,P43246:806:T>I,0,0.19549367
train-clinvar+pg_dms__cnn__seed43,PMS2,P43246:806:T>H,0,0.22024632
train-clinvar+pg_dms__cnn__seed43,PMS2,P43246:806:T>P,0,0.34117353
train-clinvar+pg_dms__cnn__seed43,PMS2,P43246:807:T>K,0,0.07821912
train-clinvar+pg_dms__cnn__seed43,PMS2,P43246:807:T>L,0,0.06837866
train-clinvar+pg_dms__cnn__seed43,PMS2,P43246:807:T>M,0,0.066946544
train-clinvar+pg_dms__cnn__seed43,PMS2,P43246:807:T>P,0,0.564167
train-clinvar+pg_dms__cnn__seed43,PMS2,P43246:807:T>Q,0,0.063943766
train-clinvar+pg_dms__cnn__seed43,PMS2,P43246:807:T>R,0,0.051511783
train-clinvar+pg_dms__cnn__seed43,PMS2,P43246:807:T>W,0,0.5945379
train-clinvar+pg_dms__cnn__seed43,PMS2,P43246:807:T>V,0,0.084021285
train-clinvar+pg_dms__cnn__seed43,PMS2,P43246:807:T>Y,0,0.13637769
train-clinvar+pg_dms__cnn__seed43,PMS2,P43246:807:T>G,0,0.050616726
train-clinvar+pg_dms__cnn__seed43,PMS2,P43246:807:T>F,0,0.111897305
train-clinvar+pg_dms__cnn__seed43,PMS2,P43246:807:T>C,0,0.026974892
train-clinvar+pg_dms__cnn__seed43,PMS2,P43246:807:T>S,0,0.033249393
train-clinvar+pg_dms__cnn__seed43,PMS2,P43246:807:T>E,0,0.10246483
train-clinvar+pg_dms__cnn__seed43,PMS2,P43246:807:T>H,0,0.0979217
train-clinvar+pg_dms__cnn__seed43,PMS2,P43246:819:K>Y,0,0.012402788
train-clinvar+pg_dms__cnn__seed43,PMS2,P43246:819:K>S,0,0.004802379
train-clinvar+pg_dms__cnn__seed43,PMS2,P43246:819:K>T,0,0.0044456185
train-clinvar+pg_dms__cnn__seed43,PMS2,P43246:819:K>R,0,0.005700475
train-clinvar+pg_dms__cnn__seed43,PMS2,P43246:819:K>Q,0,0.0044119623
train-clinvar+pg_dms__cnn__seed43,PMS2,P43246:819:K>P,0,0.017293513
train-clinvar+pg_dms__cnn__seed43,PMS2,P43246:819:K>M,1,0.0098286765
train-clinvar+pg_dms__cnn__seed43,PMS2,P43246:819:K>L,0,0.009177498
train-clinvar+pg_dms__cnn__seed43,PMS2,P43246:819:K>I,0,0.013215034
train-clinvar+pg_dms__cnn__seed43,PMS2,P43246:819:K>G,0,0.0070525073
train-clinvar+pg_dms__cnn__seed43,PMS2,P43246:819:K>F,0,0.016656673
train-clinvar+pg_dms__cnn__seed43,PMS2,P43246:819:K>C,0,0.006173303
train-clinvar+pg_dms__cnn__seed43,PMS2,P43246:819:K>A,0,0.004580086
train-clinvar+pg_dms__cnn__seed43,PMS2,P43246:819:K>V,0,0.012481751
train-clinvar+pg_dms__cnn__seed43,PMS2,P43246:819:K>W,0,0.06963917
train-clinvar+pg_dms__cnn__seed43,PMS2,P43246:830:V>Q,0,0.09366492
train-clinvar+pg_dms__cnn__seed43,PMS2,P43246:830:V>C,0,0.015391912
train-clinvar+pg_dms__cnn__seed43,PMS2,P43246:830:V>A,0,0.078508034
train-clinvar+pg_dms__cnn__seed43,PMS2,P43246:830:V>Y,0,0.0754148
train-clinvar+pg_dms__cnn__seed43,PMS2,P43246:830:V>W,0,0.23449232
train-clinvar+pg_dms__cnn__seed43,PMS2,P43246:830:V>T,0,0.05726193
train-clinvar+pg_dms__cnn__seed43,PMS2,P43246:830:V>R,0,0.10901645
train-clinvar+pg_dms__cnn__seed43,PMS2,P43246:830:V>P,1,0.3402446
train-clinvar+pg_dms__cnn__seed43,PMS2,P43246:830:V>M,0,0.11804993
train-clinvar+pg_dms__cnn__seed43,PMS2,P43246:830:V>S,0,0.036837544
train-clinvar+pg_dms__cnn__seed43,PMS2,P43246:830:V>K,0,0.14998405
train-clinvar+pg_dms__cnn__seed43,PMS2,P43246:830:V>I,0,0.013595617
train-clinvar+pg_dms__cnn__seed43,PMS2,P43246:830:V>H,0,0.12869942
train-clinvar+pg_dms__cnn__seed43,PMS2,P43246:830:V>G,0,0.08755719
train-clinvar+pg_dms__cnn__seed43,PMS2,P43246:830:V>F,0,0.058726784
train-clinvar+pg_dms__cnn__seed43,PMS2,P43246:830:V>E,0,0.09406679
train-clinvar+pg_dms__cnn__seed43,PMS2,P43246:830:V>L,0,0.0819482
train-clinvar+pg_dms__cnn__seed43,PMS2,P43246:830:V>D,0,0.15742503
train-clinvar+pg_dms__cnn__seed43,PMS2,P43246:845:K>A,0,0.11471625
train-clinvar+pg_dms__cnn__seed43,PMS2,P43246:845:K>G,0,0.17070968
train-clinvar+pg_dms__cnn__seed43,PMS2,P43246:845:K>F,0,0.24787818
train-clinvar+pg_dms__cnn__seed43,PMS2,P43246:845:K>E,0,0.066640556
train-clinvar+pg_dms__cnn__seed43,PMS2,P43246:845:K>D,0,0.5917148
train-clinvar+pg_dms__cnn__seed43,PMS2,P43246:845:K>C,0,0.023028333
train-clinvar+pg_dms__cnn__seed43,PMS2,P43246:845:K>H,0,0.0440433
train-clinvar+pg_dms__cnn__seed43,PMS2,P43246:845:K>I,0,0.18853767
train-clinvar+pg_dms__cnn__seed43,PMS2,P43246:845:K>R,0,0.005299655
train-clinvar+pg_dms__cnn__seed43,PMS2,P43246:845:K>M,0,0.08140513
train-clinvar+pg_dms__cnn__seed43,PMS2,P43246:845:K>N,0,0.30639964
train-clinvar+pg_dms__cnn__seed43,PMS2,P43246:845:K>P,1,0.93595356
train-clinvar+pg_dms__cnn__seed43,PMS2,P43246:845:K>Y,0,0.119631216
train-clinvar+pg_dms__cnn__seed43,PMS2,P43246:845:K>W,1,0.5455822
train-clinvar+pg_dms__cnn__seed43,PMS2,P43246:845:K>V,0,0.1387418
train-clinvar+pg_dms__cnn__seed43,PMS2,P43246:845:K>T,0,0.037495125
train-clinvar+pg_dms__cnn__seed43,PMS2,P43246:845:K>S,0,0.08172079
train-clinvar+pg_dms__cnn__seed43,PMS2,P43246:845:K>Q,0,0.021243293
train-clinvar+pg_dms__cnn__seed43,PMS2,P43246:845:K>L,0,0.10106642
train-clinvar+pg_dms__cnn__seed43,PMS2,P43246:846:Q>C,0,0.013072839
train-clinvar+pg_dms__cnn__seed43,PMS2,P43246:846:Q>L,0,0.0081224805
train-clinvar+pg_dms__cnn__seed43,PMS2,P43246:846:Q>K,0,0.0067295707
train-clinvar+pg_dms__cnn__seed43,PMS2,P43246:846:Q>I,0,0.02049119
train-clinvar+pg_dms__cnn__seed43,PMS2,P43246:846:Q>G,0,0.009832646
train-clinvar+pg_dms__cnn__seed43,PMS2,P43246:846:Q>F,0,0.059046496
train-clinvar+pg_dms__cnn__seed43,PMS2,P43246:846:Q>E,0,0.01081167
train-clinvar+pg_dms__cnn__seed43,PMS2,P43246:846:Q>D,0,0.030658897
train-clinvar+pg_dms__cnn__seed43,PMS2,P43246:846:Q>P,0,0.65882057
train-clinvar+pg_dms__cnn__seed43,PMS2,P43246:846:Q>R,0,0.020710247
train-clinvar+pg_dms__cnn__seed43,PMS2,P43246:846:Q>S,0,0.005530083
train-clinvar+pg_dms__cnn__seed43,PMS2,P43246:846:Q>T,0,0.008321986
train-clinvar+pg_dms__cnn__seed43,PMS2,P43246:846:Q>V,0,0.012452919
train-clinvar+pg_dms__cnn__seed43,PMS2,P43246:846:Q>W,0,0.12562683
train-clinvar+pg_dms__cnn__seed43,PMS2,P43246:846:Q>Y,0,0.017727014
train-clinvar+pg_dms__cnn__seed43,PMS2,P43246:846:Q>H,0,0.011408768
train-clinvar+pg_dms__cnn__seed43,PMS2,P43246:846:Q>A,0,0.0071849185
train-clinvar+pg_dms__cnn__seed43,PMS2,P43246:846:Q>N,0,0.009818102
train-clinvar+pg_dms__cnn__seed43,PMS2,P43246:846:Q>M,0,0.019357804
train-clinvar+pg_dms__cnn__seed43,PMS2,P43246:851:L>K,0,0.14474897
train-clinvar+pg_dms__cnn__seed43,PMS2,P43246:851:L>M,0,0.038304597
train-clinvar+pg_dms__cnn__seed43,PMS2,P43246:851:L>I,0,0.14131238
train-clinvar+pg_dms__cnn__seed43,PMS2,P43246:851:L>H,0,0.20469058
train-clinvar+pg_dms__cnn__seed43,PMS2,P43246:851:L>F,0,0.041603744
train-clinvar+pg_dms__cnn__seed43,PMS2,P43246:851:L>C,0,0.018223697
train-clinvar+pg_dms__cnn__seed43,PMS2,P43246:851:L>D,0,0.4052327
train-clinvar+pg_dms__cnn__seed43,PMS2,P43246:851:L>E,0,0.17575623
train-clinvar+pg_dms__cnn__seed43,PMS2,P43246:851:L>Y,0,0.111569464
train-clinvar+pg_dms__cnn__seed43,PMS2,P43246:851:L>W,0,0.43459246
train-clinvar+pg_dms__cnn__seed43,PMS2,P43246:851:L>T,0,0.12738387
train-clinvar+pg_dms__cnn__seed43,PMS2,P43246:851:L>S,0,0.08062842
train-clinvar+pg_dms__cnn__seed43,PMS2,P43246:851:L>N,0,0.14212182
train-clinvar+pg_dms__cnn__seed43,PMS2,P43246:851:L>R,0,0.122092664
train-clinvar+pg_dms__cnn__seed43,PMS2,P43246:851:L>Q,0,0.120689765
train-clinvar+pg_dms__cnn__seed43,PMS2,P43246:851:L>P,0,0.78485686
train-clinvar+pg_dms__cnn__seed43,PMS2,P43246:851:L>A,0,0.09488556
train-clinvar+pg_dms__cnn__seed43,PMS2,P43246:851:L>G,0,0.18273266
train-clinvar+pg_dms__cnn__seed43,PMS2,P43246:857:I>T,0,0.0034396744
train-clinvar+pg_dms__cnn__seed43,PMS2,P43246:857:I>V,0,0.01275203
train-clinvar+pg_dms__cnn__seed43,PMS2,P43246:857:I>W,1,0.06256513
train-clinvar+pg_dms__cnn__seed43,PMS2,P43246:857:I>Y,0,0.008023128
train-clinvar+pg_dms__cnn__seed43,PMS2,P43246:857:I>S,0,0.0030450574
train-clinvar+pg_dms__cnn__seed43,PMS2,P43246:857:I>R,0,0.005103938
train-clinvar+pg_dms__cnn__seed43,PMS2,P43246:857:I>Q,0,0.006772711
train-clinvar+pg_dms__cnn__seed43,PMS2,P43246:857:I>N,0,0.0071326545
train-clinvar+pg_dms__cnn__seed43,PMS2,P43246:857:I>M,0,0.013714467
train-clinvar+pg_dms__cnn__seed43,PMS2,P43246:857:I>L,0,0.0061721876
train-clinvar+pg_dms__cnn__seed43,PMS2,P43246:857:I>K,0,0.009445512
train-clinvar+pg_dms__cnn__seed43,PMS2,P43246:857:I>H,0,0.0076798885
train-clinvar+pg_dms__cnn__seed43,PMS2,P43246:857:I>G,0,0.008709898
train-clinvar+pg_dms__cnn__seed43,PMS2,P43246:857:I>F,0,0.0034500512
train-clinvar+pg_dms__cnn__seed43,PMS2,P43246:857:I>E,0,0.0105441995
train-clinvar+pg_dms__cnn__seed43,PMS2,P43246:857:I>D,0,0.021921895
train-clinvar+pg_dms__cnn__seed43,PMS2,P43246:857:I>A,0,0.0043592933
train-clinvar+pg_dms__cnn__seed43,PMS2,P43246:857:I>P,0,0.041166514
train-clinvar+pg_dms__cnn__seed43,PMS2,P43246:871:K>S,0,0.053889584
train-clinvar+pg_dms__cnn__seed43,PMS2,P43246:871:K>R,0,0.010219878
train-clinvar+pg_dms__cnn__seed43,PMS2,P43246:871:K>A,0,0.046393994
train-clinvar+pg_dms__cnn__seed43,PMS2,P43246:871:K>C,0,0.032562546
train-clinvar+pg_dms__cnn__seed43,PMS2,P43246:871:K>Y,0,0.091754
train-clinvar+pg_dms__cnn__seed43,PMS2,P43246:871:K>D,0,0.1440239
train-clinvar+pg_dms__cnn__seed43,PMS2,P43246:871:K>E,0,0.026626913
train-clinvar+pg_dms__cnn__seed43,PMS2,P43246:871:K>T,0,0.038272887
train-clinvar+pg_dms__cnn__seed43,PMS2,P43246:871:K>G,0,0.052916076
train-clinvar+pg_dms__cnn__seed43,PMS2,P43246:871:K>F,0,0.07852923
train-clinvar+pg_dms__cnn__seed43,PMS2,P43246:871:K>V,0,0.06640669
train-clinvar+pg_dms__cnn__seed43,PMS2,P43246:871:K>W,0,0.23238271
train-clinvar+pg_dms__cnn__seed43,PMS2,P43246:871:K>P,0,0.15889648
train-clinvar+pg_dms__cnn__seed43,PMS2,P43246:871:K>N,0,0.11305343
train-clinvar+pg_dms__cnn__seed43,PMS2,P43246:871:K>Q,0,0.014944489
train-clinvar+pg_dms__cnn__seed43,PMS2,P43246:871:K>M,0,0.06610253
train-clinvar+pg_dms__cnn__seed43,PMS2,P43246:871:K>L,0,0.04826789
train-clinvar+pg_dms__cnn__seed43,PMS2,P43246:871:K>I,0,0.09560529
train-clinvar+pg_dms__cnn__seed43,PMS2,P43246:871:K>H,0,0.06729456
train-clinvar+pg_dms__cnn__seed43,PMS2,P43246:873:C>A,0,0.006287459
train-clinvar+pg_dms__cnn__seed43,PMS2,P43246:873:C>D,0,0.024054801
train-clinvar+pg_dms__cnn__seed43,PMS2,P43246:873:C>E,0,0.025113704
train-clinvar+pg_dms__cnn__seed43,PMS2,P43246:873:C>F,0,0.0067478074
train-clinvar+pg_dms__cnn__seed43,PMS2,P43246:873:C>H,0,0.009570412
train-clinvar+pg_dms__cnn__seed43,PMS2,P43246:873:C>I,0,0.021578139
train-clinvar+pg_dms__cnn__seed43,PMS2,P43246:873:C>K,0,0.016139941
train-clinvar+pg_dms__cnn__seed43,PMS2,P43246:873:C>L,0,0.011315856
train-clinvar+pg_dms__cnn__seed43,PMS2,P43246:873:C>N,0,0.011685964
train-clinvar+pg_dms__cnn__seed43,PMS2,P43246:873:C>P,0,0.06639655
train-clinvar+pg_dms__cnn__seed43,PMS2,P43246:873:C>G,0,0.0073513705
train-clinvar+pg_dms__cnn__seed43,PMS2,P43246:873:C>Q,0,0.008918959
train-clinvar+pg_dms__cnn__seed43,PMS2,P43246:873:C>R,0,0.008292735
train-clinvar+pg_dms__cnn__seed43,PMS2,P43246:873:C>S,0,0.006552282
train-clinvar+pg_dms__cnn__seed43,PMS2,P43246:873:C>T,0,0.009041701
train-clinvar+pg_dms__cnn__seed43,PMS2,P43246:873:C>V,0,0.013598483
train-clinvar+pg_dms__cnn__seed43,PMS2,P43246:877:R>D,0,0.10172429
train-clinvar+pg_dms__cnn__seed43,PMS2,P43246:877:R>C,0,0.003129824
train-clinvar+pg_dms__cnn__seed43,PMS2,P43246:877:R>A,0,0.017062621
train-clinvar+pg_dms__cnn__seed43,PMS2,P43246:877:R>W,0,0.069503
train-clinvar+pg_dms__cnn__seed43,PMS2,P43246:877:R>V,0,0.02095678
train-clinvar+pg_dms__cnn__seed43,PMS2,P43246:877:R>E,0,0.024459887
train-clinvar+pg_dms__cnn__seed43,PMS2,P43246:877:R>F,0,0.031971708
train-clinvar+pg_dms__cnn__seed43,PMS2,P43246:877:R>G,0,0.020056788
train-clinvar+pg_dms__cnn__seed43,PMS2,P43246:877:R>H,0,0.0066537457
train-clinvar+pg_dms__cnn__seed43,PMS2,P43246:877:R>I,0,0.025147393
train-clinvar+pg_dms__cnn__seed43,PMS2,P43246:877:R>K,0,0.007293799
train-clinvar+pg_dms__cnn__seed43,PMS2,P43246:877:R>L,0,0.009337721
train-clinvar+pg_dms__cnn__seed43,PMS2,P43246:877:R>M,0,0.012658053
train-clinvar+pg_dms__cnn__seed43,PMS2,P43246:877:R>N,0,0.038482044
train-clinvar+pg_dms__cnn__seed43,PMS2,P43246:877:R>P,0,0.497451
train-clinvar+pg_dms__cnn__seed43,PMS2,P43246:877:R>Q,0,0.003908731
train-clinvar+pg_dms__cnn__seed43,PMS2,P43246:877:R>S,0,0.023602229
train-clinvar+pg_dms__cnn__seed43,PMS2,P43246:877:R>Y,0,0.021520333
train-clinvar+pg_dms__cnn__seed43,PMS2,P43246:877:R>T,0,0.010256934
train-clinvar+pg_dms__cnn__seed43,PMS2,P43246:880:G>N,0,0.32406995
train-clinvar+pg_dms__cnn__seed43,PMS2,P43246:880:G>M,0,0.41230989
train-clinvar+pg_dms__cnn__seed43,PMS2,P43246:880:G>P,0,0.8514654
train-clinvar+pg_dms__cnn__seed43,PMS2,P43246:880:G>K,0,0.4115525
train-clinvar+pg_dms__cnn__seed43,PMS2,P43246:880:G>I,0,0.3260672
train-clinvar+pg_dms__cnn__seed43,PMS2,P43246:880:G>H,0,0.25971904
train-clinvar+pg_dms__cnn__seed43,PMS2,P43246:880:G>F,0,0.17428829
train-clinvar+pg_dms__cnn__seed43,PMS2,P43246:880:G>E,0,0.2503873
train-clinvar+pg_dms__cnn__seed43,PMS2,P43246:880:G>D,0,0.6081719
train-clinvar+pg_dms__cnn__seed43,PMS2,P43246:880:G>C,0,0.026161037
train-clinvar+pg_dms__cnn__seed43,PMS2,P43246:880:G>A,0,0.014831021
train-clinvar+pg_dms__cnn__seed43,PMS2,P43246:880:G>V,0,0.12942085
train-clinvar+pg_dms__cnn__seed43,PMS2,P43246:880:G>Y,0,0.27813005
train-clinvar+pg_dms__cnn__seed43,PMS2,P43246:880:G>T,0,0.084818445
train-clinvar+pg_dms__cnn__seed43,PMS2,P43246:880:G>S,0,0.044522613
train-clinvar+pg_dms__cnn__seed43,PMS2,P43246:880:G>R,0,0.4132452
train-clinvar+pg_dms__cnn__seed43,PMS2,P43246:880:G>L,0,0.32569313
train-clinvar+pg_dms__cnn__seed43,PMS2,P43246:880:G>Q,0,0.27825257
train-clinvar+pg_dms__cnn__seed43,PMS2,P43246:882:K>V,0,0.0041095917
train-clinvar+pg_dms__cnn__seed43,PMS2,P43246:882:K>T,0,0.0038520868
train-clinvar+pg_dms__cnn__seed43,PMS2,P43246:882:K>S,0,0.0018970491
train-clinvar+pg_dms__cnn__seed43,PMS2,P43246:882:K>R,0,0.0035960157
train-clinvar+pg_dms__cnn__seed43,PMS2,P43246:882:K>Q,0,0.0018487728
train-clinvar+pg_dms__cnn__seed43,PMS2,P43246:882:K>P,0,0.26572502
train-clinvar+pg_dms__cnn__seed43,PMS2,P43246:882:K>F,0,0.00884172
train-clinvar+pg_dms__cnn__seed43,PMS2,P43246:882:K>C,0,0.0026250714
train-clinvar+pg_dms__cnn__seed43,PMS2,P43246:882:K>A,0,0.0018412697
train-clinvar+pg_dms__cnn__seed43,PMS2,P43246:882:K>N,0,0.0031879279
train-clinvar+pg_dms__cnn__seed43,PMS2,P43246:882:K>M,0,0.004287357
train-clinvar+pg_dms__cnn__seed43,PMS2,P43246:882:K>L,0,0.0033447247
train-clinvar+pg_dms__cnn__seed43,PMS2,P43246:882:K>W,0,0.07208333
train-clinvar+pg_dms__cnn__seed43,PMS2,P43246:882:K>H,0,0.0046903756
train-clinvar+pg_dms__cnn__seed43,PMS2,P43246:882:K>G,0,0.003559734
train-clinvar+pg_dms__cnn__seed43,PMS2,P43246:882:K>E,0,0.003797584
train-clinvar+pg_dms__cnn__seed43,PMS2,P43246:882:K>D,0,0.014329061
train-clinvar+pg_dms__cnn__seed43,PMS2,P43246:882:K>I,0,0.004143012
train-clinvar+pg_dms__cnn__seed43,PMS2,P43246:885:Q>G,0,0.009241396
train-clinvar+pg_dms__cnn__seed43,PMS2,P43246:885:Q>I,0,0.01694576
train-clinvar+pg_dms__cnn__seed43,PMS2,P43246:885:Q>K,0,0.009428974
train-clinvar+pg_dms__cnn__seed43,PMS2,P43246:885:Q>M,0,0.025218906
train-clinvar+pg_dms__cnn__seed43,PMS2,P43246:885:Q>A,0,0.008602029
train-clinvar+pg_dms__cnn__seed43,PMS2,P43246:885:Q>E,0,0.00804614
train-clinvar+pg_dms__cnn__seed43,PMS2,P43246:885:Q>F,0,0.01660972
train-clinvar+pg_dms__cnn__seed43,PMS2,P43246:885:Q>D,0,0.029614106
train-clinvar+pg_dms__cnn__seed43,PMS2,P43246:885:Q>C,0,0.0040362943
train-clinvar+pg_dms__cnn__seed43,PMS2,P43246:885:Q>P,0,0.21972555
train-clinvar+pg_dms__cnn__seed43,PMS2,P43246:885:Q>R,0,0.0088861585
train-clinvar+pg_dms__cnn__seed43,PMS2,P43246:885:Q>S,0,0.0050606993
train-clinvar+pg_dms__cnn__seed43,PMS2,P43246:885:Q>T,0,0.008273229
train-clinvar+pg_dms__cnn__seed43,PMS2,P43246:885:Q>V,0,0.014686215
train-clinvar+pg_dms__cnn__seed43,PMS2,P43246:885:Q>Y,0,0.011062949
train-clinvar+pg_dms__cnn__seed43,PMS2,P43246:885:Q>N,0,0.013099092
train-clinvar+pg_dms__cnn__seed43,PMS2,P43246:887:F>W,0,0.19737442
train-clinvar+pg_dms__cnn__seed43,PMS2,P43246:887:F>V,0,0.057282515
train-clinvar+pg_dms__cnn__seed43,PMS2,P43246:887:F>S,0,0.13515744
train-clinvar+pg_dms__cnn__seed43,PMS2,P43246:887:F>R,1,0.26158503
train-clinvar+pg_dms__cnn__seed43,PMS2,P43246:887:F>Q,0,0.26505047
train-clinvar+pg_dms__cnn__seed43,PMS2,P43246:887:F>P,1,0.80596775
train-clinvar+pg_dms__cnn__seed43,PMS2,P43246:887:F>N,0,0.25695482
train-clinvar+pg_dms__cnn__seed43,PMS2,P43246:887:F>M,0,0.11653463
train-clinvar+pg_dms__cnn__seed43,PMS2,P43246:887:F>T,0,0.1453199
train-clinvar+pg_dms__cnn__seed43,PMS2,P43246:887:F>K,0,0.42903864
train-clinvar+pg_dms__cnn__seed43,PMS2,P43246:887:F>I,0,0.050309245
train-clinvar+pg_dms__cnn__seed43,PMS2,P43246:887:F>H,0,0.19350152
train-clinvar+pg_dms__cnn__seed43,PMS2,P43246:887:F>G,0,0.26441744
train-clinvar+pg_dms__cnn__seed43,PMS2,P43246:887:F>E,0,0.38866198
train-clinvar+pg_dms__cnn__seed43,PMS2,P43246:887:F>D,0,0.4229757
train-clinvar+pg_dms__cnn__seed43,PMS2,P43246:887:F>C,0,0.010511504
train-clinvar+pg_dms__cnn__seed43,PMS2,P43246:887:F>A,0,0.14930932
train-clinvar+pg_dms__cnn__seed43,PMS2,P43246:887:F>Y,0,0.01578268
train-clinvar+pg_dms__cnn__seed43,PMS2,P43246:887:F>L,0,0.20623794
train-clinvar+pg_dms__cnn__seed43,PMS2,P43246:891:V>Y,0,0.05215977
train-clinvar+pg_dms__cnn__seed43,PMS2,P43246:891:V>C,0,0.006006339
train-clinvar+pg_dms__cnn__seed43,PMS2,P43246:891:V>D,1,0.4092063
train-clinvar+pg_dms__cnn__seed43,PMS2,P43246:891:V>E,0,0.13706903
train-clinvar+pg_dms__cnn__seed43,PMS2,P43246:891:V>F,0,0.005708862
train-clinvar+pg_dms__cnn__seed43,PMS2,P43246:891:V>H,0,0.16864388
train-clinvar+pg_dms__cnn__seed43,PMS2,P43246:891:V>I,0,0.0052665495
train-clinvar+pg_dms__cnn__seed43,PMS2,P43246:891:V>K,1,0.23624185
train-clinvar+pg_dms__cnn__seed43,PMS2,P43246:891:V>L,0,0.009620849
train-clinvar+pg_dms__cnn__seed43,PMS2,P43246:891:V>M,0,0.021974249
train-clinvar+pg_dms__cnn__seed43,PMS2,P43246:891:V>N,0,0.11954919
train-clinvar+pg_dms__cnn__seed43,PMS2,P43246:891:V>P,1,0.66636205
train-clinvar+pg_dms__cnn__seed43,PMS2,P43246:891:V>Q,1,0.07535164
train-clinvar+pg_dms__cnn__seed43,PMS2,P43246:891:V>R,1,0.12844709
train-clinvar+pg_dms__cnn__seed43,PMS2,P43246:891:V>S,0,0.010367918
train-clinvar+pg_dms__cnn__seed43,PMS2,P43246:891:V>A,0,0.0057659727
train-clinvar+pg_dms__cnn__seed43,PMS2,P43246:891:V>T,0,0.00853126
train-clinvar+pg_dms__cnn__seed43,PMS2,P43246:891:V>W,1,0.44768018
train-clinvar+pg_dms__cnn__seed43,PMS2,P43246:896:F>Q,0,0.023609463
train-clinvar+pg_dms__cnn__seed43,PMS2,P43246:896:F>V,0,0.02387922
train-clinvar+pg_dms__cnn__seed43,PMS2,P43246:896:F>T,0,0.009468734
train-clinvar+pg_dms__cnn__seed43,PMS2,P43246:896:F>R,0,0.02421166
train-clinvar+pg_dms__cnn__seed43,PMS2,P43246:896:F>P,0,0.38256377
train-clinvar+pg_dms__cnn__seed43,PMS2,P43246:896:F>E,0,0.10302998
train-clinvar+pg_dms__cnn__seed43,PMS2,P43246:896:F>M,0,0.024545135
train-clinvar+pg_dms__cnn__seed43,PMS2,P43246:896:F>L,0,0.012716157
train-clinvar+pg_dms__cnn__seed43,PMS2,P43246:896:F>I,0,0.009024645
train-clinvar+pg_dms__cnn__seed43,PMS2,P43246:896:F>H,0,0.066434495
train-clinvar+pg_dms__cnn__seed43,PMS2,P43246:896:F>G,0,0.017878294
train-clinvar+pg_dms__cnn__seed43,PMS2,P43246:896:F>D,0,0.1444483
train-clinvar+pg_dms__cnn__seed43,PMS2,P43246:896:F>A,0,0.004996186
train-clinvar+pg_dms__cnn__seed43,PMS2,P43246:896:F>N,0,0.018735452
train-clinvar+pg_dms__cnn__seed43,PMS2,P43246:896:F>W,0,0.17726493
train-clinvar+pg_dms__cnn__seed43,PMS2,P43246:896:F>K,0,0.11696536
train-clinvar+pg_dms__cnn__seed43,PMS2,P43246:896:F>S,0,0.0057304236
train-clinvar+pg_dms__cnn__seed43,PMS2,P43246:896:F>Y,0,0.007977365
train-clinvar+pg_dms__cnn__seed43,PMS2,P43246:902:E>N,0,0.019531053
train-clinvar+pg_dms__cnn__seed43,PMS2,P43246:902:E>M,0,0.06935434
train-clinvar+pg_dms__cnn__seed43,PMS2,P43246:902:E>Q,0,0.015451413
train-clinvar+pg_dms__cnn__seed43,PMS2,P43246:902:E>R,0,0.012125578
train-clinvar+pg_dms__cnn__seed43,PMS2,P43246:902:E>V,0,0.033766404
train-clinvar+pg_dms__cnn__seed43,PMS2,P43246:902:E>T,0,0.016083546
train-clinvar+pg_dms__cnn__seed43,PMS2,P43246:902:E>W,0,0.34097007
train-clinvar+pg_dms__cnn__seed43,PMS2,P43246:902:E>Y,0,0.049155775
train-clinvar+pg_dms__cnn__seed43,PMS2,P43246:902:E>S,0,0.011774746
train-clinvar+pg_dms__cnn__seed43,PMS2,P43246:902:E>L,0,0.033439476
train-clinvar+pg_dms__cnn__seed43,PMS2,P43246:902:E>P,0,0.18068781
train-clinvar+pg_dms__cnn__seed43,PMS2,P43246:902:E>H,0,0.05249122
train-clinvar+pg_dms__cnn__seed43,PMS2,P43246:902:E>F,0,0.0962297
train-clinvar+pg_dms__cnn__seed43,PMS2,P43246:902:E>C,0,0.022483988
train-clinvar+pg_dms__cnn__seed43,PMS2,P43246:902:E>A,0,0.010663623
train-clinvar+pg_dms__cnn__seed43,PMS2,P43246:902:E>I,0,0.05021707
train-clinvar+pg_dms__cnn__seed43,PMS2,P43246:903:N>P,0,0.37900743
train-clinvar+pg_dms__cnn__seed43,PMS2,P43246:903:N>Q,0,0.014162682
train-clinvar+pg_dms__cnn__seed43,PMS2,P43246:903:N>S,0,0.016453052
train-clinvar+pg_dms__cnn__seed43,PMS2,P43246:903:N>T,0,0.016414508
train-clinvar+pg_dms__cnn__seed43,PMS2,P43246:903:N>V,0,0.02091069
train-clinvar+pg_dms__cnn__seed43,PMS2,P43246:903:N>Y,0,0.019498529
train-clinvar+pg_dms__cnn__seed43,PMS2,P43246:903:N>L,0,0.0142037785
train-clinvar+pg_dms__cnn__seed43,PMS2,P43246:903:N>R,0,0.028565202
train-clinvar+pg_dms__cnn__seed43,PMS2,P43246:903:N>I,0,0.022841519
train-clinvar+pg_dms__cnn__seed43,PMS2,P43246:903:N>M,0,0.03585999
train-clinvar+pg_dms__cnn__seed43,PMS2,P43246:903:N>K,0,0.020108376
train-clinvar+pg_dms__cnn__seed43,PMS2,P43246:903:N>C,0,0.0033982801
train-clinvar+pg_dms__cnn__seed43,PMS2,P43246:903:N>D,0,0.040755354
train-clinvar+pg_dms__cnn__seed43,PMS2,P43246:903:N>A,0,0.007785596
train-clinvar+pg_dms__cnn__seed43,PMS2,P43246:903:N>E,0,0.019254334
train-clinvar+pg_dms__cnn__seed43,PMS2,P43246:903:N>F,0,0.025690315
train-clinvar+pg_dms__cnn__seed43,PMS2,P43246:903:N>G,0,0.018272288
train-clinvar+pg_dms__cnn__seed43,PMS2,P43246:903:N>H,0,0.014313802
train-clinvar+pg_dms__cnn__seed43,PMS2,P43246:905:T>A,0,0.036149405
train-clinvar+pg_dms__cnn__seed43,PMS2,P43246:905:T>E,0,0.06259957
train-clinvar+pg_dms__cnn__seed43,PMS2,P43246:905:T>D,0,0.108996205
train-clinvar+pg_dms__cnn__seed43,PMS2,P43246:905:T>Y,0,0.028018057
train-clinvar+pg_dms__cnn__seed43,PMS2,P43246:905:T>W,0,0.26652303
train-clinvar+pg_dms__cnn__seed43,PMS2,P43246:905:T>V,0,0.04628814
train-clinvar+pg_dms__cnn__seed43,PMS2,P43246:905:T>S,0,0.03262824
train-clinvar+pg_dms__cnn__seed43,PMS2,P43246:905:T>C,0,0.008535214
train-clinvar+pg_dms__cnn__seed43,PMS2,P43246:905:T>P,0,0.2245212
train-clinvar+pg_dms__cnn__seed43,PMS2,P43246:905:T>N,0,0.036578406
train-clinvar+pg_dms__cnn__seed43,PMS2,P43246:905:T>L,0,0.02585936
train-clinvar+pg_dms__cnn__seed43,PMS2,P43246:905:T>Q,0,0.047677808
train-clinvar+pg_dms__cnn__seed43,PMS2,P43246:905:T>G,0,0.035754554
train-clinvar+pg_dms__cnn__seed43,PMS2,P43246:905:T>K,0,0.054033916
train-clinvar+pg_dms__cnn__seed43,PMS2,P43246:905:T>I,0,0.05417921
train-clinvar+pg_dms__cnn__seed43,PMS2,P43246:905:T>H,0,0.04860987
train-clinvar+pg_dms__cnn__seed43,PMS2,P43246:905:T>F,0,0.027000898
train-clinvar+pg_dms__cnn__seed43,PMS2,P43246:909:K>Y,0,0.026073249
train-clinvar+pg_dms__cnn__seed43,PMS2,P43246:909:K>W,0,0.20309155
train-clinvar+pg_dms__cnn__seed43,PMS2,P43246:909:K>V,0,0.058369383
train-clinvar+pg_dms__cnn__seed43,PMS2,P43246:909:K>T,0,0.01829798
train-clinvar+pg_dms__cnn__seed43,PMS2,P43246:909:K>S,0,0.014563528
train-clinvar+pg_dms__cnn__seed43,PMS2,P43246:909:K>R,0,0.027262583
train-clinvar+pg_dms__cnn__seed43,PMS2,P43246:909:K>Q,0,0.020743787
train-clinvar+pg_dms__cnn__seed43,PMS2,P43246:909:K>P,0,0.38457817
train-clinvar+pg_dms__cnn__seed43,PMS2,P43246:909:K>M,0,0.04191509
train-clinvar+pg_dms__cnn__seed43,PMS2,P43246:909:K>L,0,0.03290712
train-clinvar+pg_dms__cnn__seed43,PMS2,P43246:909:K>I,0,0.08100862
train-clinvar+pg_dms__cnn__seed43,PMS2,P43246:909:K>H,0,0.03847261
train-clinvar+pg_dms__cnn__seed43,PMS2,P43246:909:K>A,0,0.023552801
train-clinvar+pg_dms__cnn__seed43,PMS2,P43246:909:K>F,0,0.062089946
train-clinvar+pg_dms__cnn__seed43,PMS2,P43246:909:K>D,0,0.061586965
train-clinvar+pg_dms__cnn__seed43,PMS2,P43246:909:K>C,0,0.012383931
train-clinvar+pg_dms__cnn__seed43,PMS2,P43246:909:K>N,0,0.03798674
train-clinvar+pg_dms__cnn__seed43,PMS2,P43246:909:K>G,0,0.030927096
train-clinvar+pg_dms__cnn__seed43,PMS2,P43246:911:L>K,0,0.15641415
train-clinvar+pg_dms__cnn__seed43,PMS2,P43246:911:L>Q,0,0.07314256
train-clinvar+pg_dms__cnn__seed43,PMS2,P43246:911:L>G,0,0.29503694
train-clinvar+pg_dms__cnn__seed43,PMS2,P43246:911:L>F,0,0.037964016
train-clinvar+pg_dms__cnn__seed43,PMS2,P43246:911:L>E,0,0.18322243
train-clinvar+pg_dms__cnn__seed43,PMS2,P43246:911:L>I,0,0.05634134
train-clinvar+pg_dms__cnn__seed43,PMS2,P43246:911:L>M,0,0.05617307
train-clinvar+pg_dms__cnn__seed43,PMS2,P43246:911:L>W,0,0.13421156
train-clinvar+pg_dms__cnn__seed43,PMS2,P43246:911:L>P,1,0.9065098
train-clinvar+pg_dms__cnn__seed43,PMS2,P43246:911:L>R,0,0.09243882
train-clinvar+pg_dms__cnn__seed43,PMS2,P43246:911:L>S,0,0.116182566
train-clinvar+pg_dms__cnn__seed43,PMS2,P43246:911:L>T,0,0.13885921
train-clinvar+pg_dms__cnn__seed43,PMS2,P43246:911:L>V,0,0.06425006
train-clinvar+pg_dms__cnn__seed43,PMS2,P43246:911:L>C,0,0.022227272
train-clinvar+pg_dms__cnn__seed43,PMS2,P43246:911:L>Y,0,0.062807016
train-clinvar+pg_dms__cnn__seed43,PMS2,P43246:911:L>N,0,0.22853205
train-clinvar+pg_dms__cnn__seed43,PMS2,P43246:911:L>A,0,0.11825009
train-clinvar+pg_dms__cnn__seed43,PMS2,P43246:912:K>P,1,0.6097837
train-clinvar+pg_dms__cnn__seed43,PMS2,P43246:912:K>W,0,0.43003073
train-clinvar+pg_dms__cnn__seed43,PMS2,P43246:912:K>A,0,0.10802599
train-clinvar+pg_dms__cnn__seed43,PMS2,P43246:912:K>C,0,0.037212025
train-clinvar+pg_dms__cnn__seed43,PMS2,P43246:912:K>D,0,0.42569554
train-clinvar+pg_dms__cnn__seed43,PMS2,P43246:912:K>E,0,0.0875937
train-clinvar+pg_dms__cnn__seed43,PMS2,P43246:912:K>F,0,0.16204287
train-clinvar+pg_dms__cnn__seed43,PMS2,P43246:912:K>G,0,0.15995759
train-clinvar+pg_dms__cnn__seed43,PMS2,P43246:912:K>H,0,0.078757115
train-clinvar+pg_dms__cnn__seed43,PMS2,P43246:912:K>Y,0,0.108795
train-clinvar+pg_dms__cnn__seed43,PMS2,P43246:912:K>I,0,0.13285856
train-clinvar+pg_dms__cnn__seed43,PMS2,P43246:912:K>M,0,0.08559879
train-clinvar+pg_dms__cnn__seed43,PMS2,P43246:912:K>N,0,0.22226761
train-clinvar+pg_dms__cnn__seed43,PMS2,P43246:912:K>Q,0,0.043765824
train-clinvar+pg_dms__cnn__seed43,PMS2,P43246:912:K>R,0,0.017501341
train-clinvar+pg_dms__cnn__seed43,PMS2,P43246:912:K>S,0,0.09275024
train-clinvar+pg_dms__cnn__seed43,PMS2,P43246:912:K>T,0,0.06260515
train-clinvar+pg_dms__cnn__seed43,PMS2,P43246:912:K>V,0,0.14660546
train-clinvar+pg_dms__cnn__seed43,PMS2,P43246:912:K>L,0,0.10246999
train-clinvar+pg_dms__cnn__seed43,PMS2,P43246:913:A>C,0,0.016076596
train-clinvar+pg_dms__cnn__seed43,PMS2,P43246:913:A>W,0,0.3481432
train-clinvar+pg_dms__cnn__seed43,PMS2,P43246:913:A>E,0,0.039491042
train-clinvar+pg_dms__cnn__seed43,PMS2,P43246:913:A>D,0,0.09045532
train-clinvar+pg_dms__cnn__seed43,PMS2,P43246:913:A>T,0,0.02736342
train-clinvar+pg_dms__cnn__seed43,PMS2,P43246:913:A>R,0,0.038000796
train-clinvar+pg_dms__cnn__seed43,PMS2,P43246:913:A>Q,0,0.048604384
train-clinvar+pg_dms__cnn__seed43,PMS2,P43246:913:A>Y,0,0.05599173
train-clinvar+pg_dms__cnn__seed43,PMS2,P43246:913:A>N,0,0.040790576
train-clinvar+pg_dms__cnn__seed43,PMS2,P43246:913:A>M,0,0.06999411
train-clinvar+pg_dms__cnn__seed43,PMS2,P43246:913:A>P,0,0.68073803
train-clinvar+pg_dms__cnn__seed43,PMS2,P43246:913:A>K,0,0.064064
train-clinvar+pg_dms__cnn__seed43,PMS2,P43246:913:A>I,0,0.085067
train-clinvar+pg_dms__cnn__seed43,PMS2,P43246:913:A>H,0,0.09413203
train-clinvar+pg_dms__cnn__seed43,PMS2,P43246:913:A>G,0,0.045347948
train-clinvar+pg_dms__cnn__seed43,PMS2,P43246:913:A>F,0,0.03568736
train-clinvar+pg_dms__cnn__seed43,PMS2,P43246:913:A>L,0,0.036467485
train-clinvar+pg_dms__cnn__seed43,PMS2,P43246:918:K>C,0,0.008561645
train-clinvar+pg_dms__cnn__seed43,PMS2,P43246:918:K>Y,0,0.022829665
train-clinvar+pg_dms__cnn__seed43,PMS2,P43246:918:K>W,0,0.16265652
train-clinvar+pg_dms__cnn__seed43,PMS2,P43246:918:K>V,0,0.031458095
train-clinvar+pg_dms__cnn__seed43,PMS2,P43246:918:K>T,0,0.016617667
train-clinvar+pg_dms__cnn__seed43,PMS2,P43246:918:K>S,0,0.010701509
train-clinvar+pg_dms__cnn__seed43,PMS2,P43246:918:K>R,0,0.009768367
train-clinvar+pg_dms__cnn__seed43,PMS2,P43246:918:K>Q,0,0.016797267
train-clinvar+pg_dms__cnn__seed43,PMS2,P43246:918:K>P,0,0.27561602
train-clinvar+pg_dms__cnn__seed43,PMS2,P43246:918:K>L,0,0.016103812
train-clinvar+pg_dms__cnn__seed43,PMS2,P43246:918:K>I,0,0.028622577
train-clinvar+pg_dms__cnn__seed43,PMS2,P43246:918:K>H,0,0.019359166
train-clinvar+pg_dms__cnn__seed43,PMS2,P43246:918:K>G,0,0.017173417
train-clinvar+pg_dms__cnn__seed43,PMS2,P43246:918:K>F,0,0.030383104
train-clinvar+pg_dms__cnn__seed43,PMS2,P43246:918:K>E,0,0.014444566
train-clinvar+pg_dms__cnn__seed43,PMS2,P43246:918:K>A,0,0.012918259
train-clinvar+pg_dms__cnn__seed43,PMS2,P43246:918:K>D,0,0.045761727
train-clinvar+pg_dms__cnn__seed43,PMS2,P43246:919:N>R,0,0.037326664
train-clinvar+pg_dms__cnn__seed43,PMS2,P43246:919:N>T,0,0.030111276
train-clinvar+pg_dms__cnn__seed43,PMS2,P43246:919:N>S,0,0.02284616
train-clinvar+pg_dms__cnn__seed43,PMS2,P43246:919:N>P,0,0.22051524
train-clinvar+pg_dms__cnn__seed43,PMS2,P43246:919:N>K,0,0.041909486
train-clinvar+pg_dms__cnn__seed43,PMS2,P43246:919:N>Q,0,0.03940423
train-clinvar+pg_dms__cnn__seed43,PMS2,P43246:919:N>E,0,0.037505776
train-clinvar+pg_dms__cnn__seed43,PMS2,P43246:919:N>D,0,0.062558904
train-clinvar+pg_dms__cnn__seed43,PMS2,P43246:919:N>G,0,0.03541995
train-clinvar+pg_dms__cnn__seed43,PMS2,P43246:921:S>Y,0,0.034242023
train-clinvar+pg_dms__cnn__seed43,PMS2,P43246:921:S>A,0,0.026983973
train-clinvar+pg_dms__cnn__seed43,PMS2,P43246:921:S>C,0,0.005763792
train-clinvar+pg_dms__cnn__seed43,PMS2,P43246:921:S>W,0,0.15430377
train-clinvar+pg_dms__cnn__seed43,PMS2,P43246:921:S>E,0,0.074034095
train-clinvar+pg_dms__cnn__seed43,PMS2,P43246:921:S>F,0,0.029427564
train-clinvar+pg_dms__cnn__seed43,PMS2,P43246:921:S>G,1,0.0469398
train-clinvar+pg_dms__cnn__seed43,PMS2,P43246:921:S>I,0,0.04275258
train-clinvar+pg_dms__cnn__seed43,PMS2,P43246:921:S>K,0,0.07930574
train-clinvar+pg_dms__cnn__seed43,PMS2,P43246:921:S>D,0,0.096363485
train-clinvar+pg_dms__cnn__seed43,PMS2,P43246:921:S>M,0,0.06849795
train-clinvar+pg_dms__cnn__seed43,PMS2,P43246:921:S>N,0,0.033270452
train-clinvar+pg_dms__cnn__seed43,PMS2,P43246:921:S>P,0,0.15692745
train-clinvar+pg_dms__cnn__seed43,PMS2,P43246:921:S>Q,0,0.0665113
train-clinvar+pg_dms__cnn__seed43,PMS2,P43246:921:S>R,0,0.04483326
train-clinvar+pg_dms__cnn__seed43,PMS2,P43246:921:S>T,0,0.043136917
train-clinvar+pg_dms__cnn__seed43,PMS2,P43246:921:S>V,0,0.042497262
train-clinvar+pg_dms__cnn__seed43,PMS2,P43246:921:S>L,0,0.03451463
train-clinvar+pg_dms__cnn__seed43,PMS2,P43246:928:S>D,0,0.08744267
train-clinvar+pg_dms__cnn__seed43,PMS2,P43246:928:S>E,0,0.06641493
train-clinvar+pg_dms__cnn__seed43,PMS2,P43246:928:S>G,0,0.022965968
train-clinvar+pg_dms__cnn__seed43,PMS2,P43246:928:S>H,0,0.05561677
train-clinvar+pg_dms__cnn__seed43,PMS2,P43246:928:S>K,0,0.108220585
train-clinvar+pg_dms__cnn__seed43,PMS2,P43246:928:S>F,1,0.023739504
train-clinvar+pg_dms__cnn__seed43,PMS2,P43246:928:S>N,0,0.030459095
train-clinvar+pg_dms__cnn__seed43,PMS2,P43246:928:S>Q,0,0.059458792
train-clinvar+pg_dms__cnn__seed43,PMS2,P43246:928:S>R,0,0.05939711
train-clinvar+pg_dms__cnn__seed43,PMS2,P43246:928:S>T,0,0.0198242
train-clinvar+pg_dms__cnn__seed43,PMS2,P43246:928:S>Y,0,0.028029434
train-clinvar+pg_dms__cnn__seed43,PMS2,P43246:928:S>L,0,0.031780787
train-clinvar+pg_dms__cnn__seed43,PMS2,P43246:930:I>A,0,0.012984446
train-clinvar+pg_dms__cnn__seed43,PMS2,P43246:930:I>C,0,0.0047413823
train-clinvar+pg_dms__cnn__seed43,PMS2,P43246:930:I>P,0,0.17784673
train-clinvar+pg_dms__cnn__seed43,PMS2,P43246:930:I>E,0,0.017673025
train-clinvar+pg_dms__cnn__seed43,PMS2,P43246:930:I>F,0,0.0048434734
train-clinvar+pg_dms__cnn__seed43,PMS2,P43246:930:I>N,0,0.011840644
train-clinvar+pg_dms__cnn__seed43,PMS2,P43246:930:I>L,0,0.008119915
train-clinvar+pg_dms__cnn__seed43,PMS2,P43246:930:I>H,0,0.034435194
train-clinvar+pg_dms__cnn__seed43,PMS2,P43246:930:I>G,0,0.026111377
train-clinvar+pg_dms__cnn__seed43,PMS2,P43246:930:I>Y,0,0.01953546
train-clinvar+pg_dms__cnn__seed43,PMS2,P43246:930:I>V,0,0.020179162
train-clinvar+pg_dms__cnn__seed43,PMS2,P43246:930:I>T,0,0.007664892
train-clinvar+pg_dms__cnn__seed43,PMS2,P43246:930:I>S,0,0.007409811
train-clinvar+pg_dms__cnn__seed43,PMS2,P43246:930:I>R,0,0.011788115
train-clinvar+pg_dms__cnn__seed43,PMS2,P43246:930:I>Q,0,0.014080192
train-clinvar+pg_dms__cnn__seed43,PMS2,P43246:930:I>D,0,0.050819248
train-clinvar+pg_dms__cnn__seed43,PMS2,P43246:930:I>K,0,0.029652702
train-clinvar+pg_dms__cnn__seed43,PMS2,P43246:933:T>G,0,0.05406266
train-clinvar+pg_dms__cnn__seed43,PMS2,P43246:933:T>F,0,0.03697828
train-clinvar+pg_dms__cnn__seed43,PMS2,P43246:933:T>E,0,0.04828834
train-clinvar+pg_dms__cnn__seed43,PMS2,P43246:933:T>D,0,0.07333068
train-clinvar+pg_dms__cnn__seed43,PMS2,P43246:933:T>C,0,0.011515664
train-clinvar+pg_dms__cnn__seed43,PMS2,P43246:933:T>A,0,0.046427973
train-clinvar+pg_dms__cnn__seed43,PMS2,P43246:933:T>R,0,0.045085832
train-clinvar+pg_dms__cnn__seed43,PMS2,P43246:933:T>V,0,0.04639559
train-clinvar+pg_dms__cnn__seed43,PMS2,P43246:933:T>S,0,0.034081332
train-clinvar+pg_dms__cnn__seed43,PMS2,P43246:933:T>Q,0,0.048734978
train-clinvar+pg_dms__cnn__seed43,PMS2,P43246:933:T>P,0,0.10774412
train-clinvar+pg_dms__cnn__seed43,PMS2,P43246:933:T>N,0,0.041267853
train-clinvar+pg_dms__cnn__seed43,PMS2,P43246:933:T>H,0,0.05309364
train-clinvar+pg_dms__cnn__seed43,PMS2,P43246:933:T>Y,0,0.04860174
train-clinvar+pg_dms__cnn__seed43,PMS2,P43246:933:T>I,0,0.07692501
train-clinvar+pg_dms__cnn__seed43,PMS2,P43246:933:T>M,0,0.059850577
train-clinvar+pg_dms__cnn__seed43,PMS2,P43246:933:T>L,0,0.043114204
