cell,gene,variant_key,label,score
train-clinvar+pg_dms__bilstm__seed44,MLH1,P52701:878:V>A,0,0.031595815
train-clinvar+pg_dms__bilstm__seed44,MLH1,P43246:102:V>I,0,0.15389916
train-clinvar+pg_dms__bilstm__seed44,MLH1,P52701:144:S>I,0,0.027202722
train-clinvar+pg_dms__bilstm__seed44,MLH1,P43246:390:L>F,0,0.35318166
train-clinvar+pg_dms__bilstm__seed44,MLH1,P43246:577:I>T,0,0.466174
train-clinvar+pg_dms__bilstm__seed44,MLH1,P52701:370:L>S,1,0.9618537
train-clinvar+pg_dms__bilstm__seed44,MLH1,P52701:503:S>C,0,0.03415285
train-clinvar+pg_dms__bilstm__seed44,MLH1,P52701:1054:I>F,0,0.24532248
train-clinvar+pg_dms__bilstm__seed44,MLH1,P52701:1193:E>K,1,0.8995504
train-clinvar+pg_dms__bilstm__seed44,MLH1,P52701:1304:R>K,0,0.23623233
train-clinvar+pg_dms__bilstm__seed44,MLH1,P52701:220:E>D,0,0.07142432
train-clinvar+pg_dms__bilstm__seed44,MLH1,P43246:336:P>S,0,0.0024603303
train-clinvar+pg_dms__bilstm__seed44,MLH1,P43246:349:P>R,1,0.86699015
train-clinvar+pg_dms__bilstm__seed44,MLH1,P43246:349:P>L,1,0.67523146
train-clinvar+pg_dms__bilstm__seed44,MLH1,P43246:419:Q>K,0,0.17287998
train-clinvar+pg_dms__bilstm__seed44,MLH1,P43246:447:F>V,0,0.41066936
train-clinvar+pg_dms__bilstm__seed44,MLH1,P43246:504:G>R,0,0.31898978
train-clinvar+pg_dms__bilstm__seed44,MLH1,P43246:600:A>V,1,0.7213668
train-clinvar+pg_dms__bilstm__seed44,MLH1,P43246:688:M>R,1,0.9940415
train-clinvar+pg_dms__bilstm__seed44,MLH1,P43246:696:P>L,1,0.96625316
train-clinvar+pg_dms__bilstm__seed44,MLH1,P43246:749:E>K,1,0.92108184
train-clinvar+pg_dms__bilstm__seed44,MLH1,P43246:834:A>T,0,0.20519511
train-clinvar+pg_dms__bilstm__seed44,MLH1,P43246:860:S>L,0,0.072773054
train-clinvar+pg_dms__bilstm__seed44,MLH1,P43246:878:E>D,0,0.016520644
train-clinvar+pg_dms__bilstm__seed44,MLH1,P43246:106:R>K,0,0.10310806
train-clinvar+pg_dms__bilstm__seed44,MLH1,P43246:162:G>R,1,0.97117865
train-clinvar+pg_dms__bilstm__seed44,MLH1,P43246:162:G>A,1,0.4407674
train-clinvar+pg_dms__bilstm__seed44,MLH1,P43246:163:V>D,1,0.993185
train-clinvar+pg_dms__bilstm__seed44,MLH1,P43246:163:V>G,1,0.8649573
train-clinvar+pg_dms__bilstm__seed44,MLH1,P43246:164:G>R,1,0.986548
train-clinvar+pg_dms__bilstm__seed44,MLH1,P43246:164:G>W,1,0.96704227
train-clinvar+pg_dms__bilstm__seed44,MLH1,P43246:165:Y>D,1,0.9500441
train-clinvar+pg_dms__bilstm__seed44,MLH1,P43246:169:I>V,0,0.11979454
train-clinvar+pg_dms__bilstm__seed44,MLH1,P43246:173:L>P,1,0.98342067
train-clinvar+pg_dms__bilstm__seed44,MLH1,P43246:173:L>R,1,0.9647732
train-clinvar+pg_dms__bilstm__seed44,MLH1,P43246:175:L>P,1,0.9822433
train-clinvar+pg_dms__bilstm__seed44,MLH1,P43246:177:E>K,0,0.1481169
train-clinvar+pg_dms__bilstm__seed44,MLH1,P43246:199:C>R,1,0.97563994
train-clinvar+pg_dms__bilstm__seed44,MLH1,P43246:199:C>Y,1,0.9410603
train-clinvar+pg_dms__bilstm__seed44,MLH1,P43246:331:N>D,0,0.32723135
train-clinvar+pg_dms__bilstm__seed44,MLH1,P43246:655:V>I,0,0.19381472
train-clinvar+pg_dms__bilstm__seed44,MLH1,P43246:606:V>D,0,0.7531236
train-clinvar+pg_dms__bilstm__seed44,MLH1,P43246:851:L>V,0,0.13561413
train-clinvar+pg_dms__bilstm__seed44,MLH1,P43246:448:S>C,0,0.09876174
train-clinvar+pg_dms__bilstm__seed44,MLH1,P43246:22:F>L,0,0.5636039
train-clinvar+pg_dms__bilstm__seed44,MLH1,P43246:159:R>I,0,0.14824869
train-clinvar+pg_dms__bilstm__seed44,MLH1,P43246:177:E>V,0,0.04824726
train-clinvar+pg_dms__bilstm__seed44,MLH1,P43246:164:G>E,1,0.97611666
train-clinvar+pg_dms__bilstm__seed44,MLH1,P43246:621:R>L,1,0.7311336
train-clinvar+pg_dms__bilstm__seed44,MLH1,P43246:906:I>V,0,0.09583222
train-clinvar+pg_dms__bilstm__seed44,MLH1,P43246:143:A>T,0,0.07882111
train-clinvar+pg_dms__bilstm__seed44,MLH1,P52701:413:W>S,1,0.99392235
train-clinvar+pg_dms__bilstm__seed44,MLH1,P43246:249:K>N,0,0.015491005
train-clinvar+pg_dms__bilstm__seed44,MLH1,P43246:628:G>E,0,0.15821652
train-clinvar+pg_dms__bilstm__seed44,MLH1,P43246:422:E>K,0,0.11105813
train-clinvar+pg_dms__bilstm__seed44,MLH1,P43246:621:R>G,1,0.85937405
train-clinvar+pg_dms__bilstm__seed44,MLH1,P43246:804:A>T,1,0.31971443
train-clinvar+pg_dms__bilstm__seed44,MLH1,P43246:196:P>Q,0,0.32689086
train-clinvar+pg_dms__bilstm__seed44,MLH1,P43246:188:E>Q,0,0.46596482
train-clinvar+pg_dms__bilstm__seed44,MLH1,P43246:245:L>F,0,0.43083358
train-clinvar+pg_dms__bilstm__seed44,MLH1,P43246:249:K>T,0,0.01927302
train-clinvar+pg_dms__bilstm__seed44,MLH1,P43246:303:D>N,0,0.6123336
train-clinvar+pg_dms__bilstm__seed44,MLH1,P43246:349:P>T,1,0.6485351
train-clinvar+pg_dms__bilstm__seed44,MLH1,P43246:628:G>V,0,0.12869045
train-clinvar+pg_dms__bilstm__seed44,MLH1,P52701:413:W>C,1,0.9894258
train-clinvar+pg_dms__bilstm__seed44,MLH1,P43246:220:G>E,0,0.3753803
train-clinvar+pg_dms__bilstm__seed44,MLH1,P43246:413:Q>E,0,0.26023728
train-clinvar+pg_dms__bilstm__seed44,MLH1,P43246:597:D>V,0,0.019121027
train-clinvar+pg_dms__bilstm__seed44,MLH1,P43246:225:T>R,1,0.7727822
train-clinvar+pg_dms__bilstm__seed44,MLH1,P43246:107:A>D,1,0.17426743
train-clinvar+pg_dms__bilstm__seed44,MLH1,P43246:178:F>L,0,0.6290575
train-clinvar+pg_dms__bilstm__seed44,MLH1,P43246:225:T>I,1,0.59493715
train-clinvar+pg_dms__bilstm__seed44,MLH1,P43246:525:V>I,0,0.30031016
train-clinvar+pg_dms__bilstm__seed44,MLH1,P43246:214:R>K,0,0.055785075
train-clinvar+pg_dms__bilstm__seed44,MLH1,P43246:526:T>N,0,0.73088205
train-clinvar+pg_dms__bilstm__seed44,MLH1,P43246:249:K>R,0,0.023538845
train-clinvar+pg_dms__bilstm__seed44,MLH1,P43246:543:D>E,0,0.18403934
train-clinvar+pg_dms__bilstm__seed44,MLH1,P43246:415:P>A,0,0.017658338
train-clinvar+pg_dms__bilstm__seed44,MLH1,P43246:107:A>V,1,0.0041915025
train-clinvar+pg_dms__bilstm__seed44,MLH1,P43246:165:Y>C,0,0.088680774
train-clinvar+pg_dms__bilstm__seed44,MLH1,P43246:441:T>S,0,0.049712878
train-clinvar+pg_dms__bilstm__seed44,MLH1,P43246:282:D>A,0,0.01672054
train-clinvar+pg_dms__bilstm__seed44,MLH1,P43246:881:E>K,0,0.027498055
train-clinvar+pg_dms__bilstm__seed44,MLH1,P43246:696:P>S,0,0.8835979
train-clinvar+pg_dms__bilstm__seed44,MLH1,P43246:621:R>P,1,0.97310096
train-clinvar+pg_dms__bilstm__seed44,MLH1,P43246:825:S>G,0,0.45315138
train-clinvar+pg_dms__bilstm__seed44,MLH1,P52701:853:K>N,1,0.9498821
train-clinvar+pg_dms__bilstm__seed44,MLH1,P54278:74:G>R,1,0.9263767
train-clinvar+pg_dms__bilstm__seed44,MLH1,P43246:349:P>S,1,0.60814995
train-clinvar+pg_dms__bilstm__seed44,MLH1,P43246:390:L>V,0,0.1003598
train-clinvar+pg_dms__bilstm__seed44,MLH1,P43246:445:S>A,0,0.1445717
train-clinvar+pg_dms__bilstm__seed44,MLH1,P43246:177:E>G,0,0.034481138
train-clinvar+pg_dms__bilstm__seed44,MLH1,P43246:177:E>D,0,0.21030389
train-clinvar+pg_dms__bilstm__seed44,MLH1,P43246:385:P>S,0,0.018862043
train-clinvar+pg_dms__bilstm__seed44,MLH1,P43246:910:Q>R,0,0.09171576
train-clinvar+pg_dms__bilstm__seed44,MLH1,P43246:306:A>V,0,0.6825332
train-clinvar+pg_dms__bilstm__seed44,MLH1,P43246:387:L>V,0,0.08412121
train-clinvar+pg_dms__bilstm__seed44,MLH1,P43246:77:S>R,0,0.60596794
train-clinvar+pg_dms__bilstm__seed44,MLH1,P43246:640:A>S,0,0.21249075
train-clinvar+pg_dms__bilstm__seed44,MLH1,P43246:105:N>S,0,0.014809453
train-clinvar+pg_dms__bilstm__seed44,MLH1,P43246:715:G>A,0,0.060497362
train-clinvar+pg_dms__bilstm__seed44,MLH1,P43246:103:Y>F,0,0.020513717
train-clinvar+pg_dms__bilstm__seed44,MLH1,P43246:784:F>L,0,0.86421525
train-clinvar+pg_dms__bilstm__seed44,MLH1,P43246:504:G>V,0,0.31333163
train-clinvar+pg_dms__bilstm__seed44,MLH1,P43246:382:R>S,0,0.1418109
train-clinvar+pg_dms__bilstm__seed44,MLH1,P43246:696:P>A,0,0.4415274
train-clinvar+pg_dms__bilstm__seed44,MLH1,P43246:178:F>Y,0,0.09597109
train-clinvar+pg_dms__bilstm__seed44,MLH1,P43246:497:I>M,0,0.07717161
train-clinvar+pg_dms__bilstm__seed44,MLH1,P43246:715:G>R,0,0.3283376
train-clinvar+pg_dms__bilstm__seed44,MLH1,P43246:729:M>V,0,0.4072994
train-clinvar+pg_dms__bilstm__seed44,MLH1,P43246:360:L>W,0,0.5386985
train-clinvar+pg_dms__bilstm__seed44,MLH1,P43246:695:V>M,1,0.99024475
train-clinvar+pg_dms__bilstm__seed44,MLH1,P43246:220:G>R,0,0.42207602
train-clinvar+pg_dms__bilstm__seed44,MLH1,P43246:282:D>H,0,0.07635677
train-clinvar+pg_dms__bilstm__seed44,MLH1,P43246:415:P>R,0,0.0883832
train-clinvar+pg_dms__bilstm__seed44,MLH1,P43246:436:F>S,0,0.77132845
train-clinvar+pg_dms__bilstm__seed44,MLH1,P43246:821:V>L,0,0.14651135
train-clinvar+pg_dms__bilstm__seed44,MLH1,P43246:29:K>N,0,0.274792
train-clinvar+pg_dms__bilstm__seed44,MLH1,P43246:33:T>R,0,0.6347415
train-clinvar+pg_dms__bilstm__seed44,MLH1,P43246:34:V>L,0,0.17930804
train-clinvar+pg_dms__bilstm__seed44,MLH1,P43246:190:L>F,0,0.21983851
train-clinvar+pg_dms__bilstm__seed44,MLH1,P43246:387:L>R,1,0.8871348
train-clinvar+pg_dms__bilstm__seed44,MLH1,P43246:833:L>H,0,0.12654819
train-clinvar+pg_dms__bilstm__seed44,MLH1,P43246:878:E>G,0,0.0036922356
train-clinvar+pg_dms__bilstm__seed44,MLH1,P43246:899:M>T,0,0.050892845
train-clinvar+pg_dms__bilstm__seed44,MLH1,P43246:82:K>R,0,0.011110188
train-clinvar+pg_dms__bilstm__seed44,MLH1,P43246:245:L>W,0,0.918883
train-clinvar+pg_dms__bilstm__seed44,MLH1,P43246:541:T>S,0,0.0978594
train-clinvar+pg_dms__bilstm__seed44,MLH1,P43246:577:I>L,0,0.1707129
train-clinvar+pg_dms__bilstm__seed44,MLH1,P43246:814:L>I,0,0.33922768
train-clinvar+pg_dms__bilstm__seed44,MLH1,P43246:503:L>H,1,0.73666817
train-clinvar+pg_dms__bilstm__seed44,MLH1,P43246:861:Q>K,0,0.05886379
train-clinvar+pg_dms__bilstm__seed44,MLH1,P43246:346:I>V,0,0.19101608
train-clinvar+pg_dms__bilstm__seed44,MLH1,P52701:907:V>A,0,0.46717352
train-clinvar+pg_dms__bilstm__seed44,MLH1,P43246:303:D>H,0,0.68488437
train-clinvar+pg_dms__bilstm__seed44,MLH1,P43246:739:A>T,0,0.22941226
train-clinvar+pg_dms__bilstm__seed44,MLH1,P43246:685:I>T,0,0.20582072
train-clinvar+pg_dms__bilstm__seed44,MLH1,P43246:690:Q>H,0,0.78299946
train-clinvar+pg_dms__bilstm__seed44,MLH1,P43246:695:V>A,0,0.97660387
train-clinvar+pg_dms__bilstm__seed44,MLH1,P43246:455:E>Q,0,0.11895032
train-clinvar+pg_dms__bilstm__seed44,MLH1,P43246:778:C>W,1,0.9871144
train-clinvar+pg_dms__bilstm__seed44,MLH1,P43246:99:R>S,0,0.660272
train-clinvar+pg_dms__bilstm__seed44,MLH1,P43246:419:Q>E,0,0.08647095
train-clinvar+pg_dms__bilstm__seed44,MLH1,P43246:415:P>L,0,0.08891428
train-clinvar+pg_dms__bilstm__seed44,MLH1,P43246:685:I>L,0,0.27854967
train-clinvar+pg_dms__bilstm__seed44,MLH1,P43246:731:E>G,0,0.7308382
train-clinvar+pg_dms__bilstm__seed44,MLH1,P43246:382:R>L,0,0.10356386
train-clinvar+pg_dms__bilstm__seed44,MLH1,P52701:413:W>R,1,0.9941788
train-clinvar+pg_dms__bilstm__seed44,MLH1,P43246:366:F>L,0,0.4580937
train-clinvar+pg_dms__bilstm__seed44,MLH1,P43246:159:R>K,0,0.057326026
train-clinvar+pg_dms__bilstm__seed44,MLH1,P43246:504:G>C,0,0.13722321
train-clinvar+pg_dms__bilstm__seed44,MLH1,P43246:503:L>I,0,0.03968163
train-clinvar+pg_dms__bilstm__seed44,MLH1,P43246:336:P>L,0,0.009769155
train-clinvar+pg_dms__bilstm__seed44,MLH1,P43246:67:M>R,0,0.119977064
train-clinvar+pg_dms__bilstm__seed44,MLH1,P43246:685:I>R,1,0.96707267
train-clinvar+pg_dms__bilstm__seed44,MLH1,P43246:120:A>T,0,0.016348254
train-clinvar+pg_dms__bilstm__seed44,MLH1,P43246:763:A>P,1,0.9896035
train-clinvar+pg_dms__bilstm__seed44,MLH1,P43246:307:V>F,0,0.012595708
train-clinvar+pg_dms__bilstm__seed44,MLH1,P43246:251:E>G,0,0.008224246
train-clinvar+pg_dms__bilstm__seed44,MLH1,P43246:382:R>P,0,0.17420505
train-clinvar+pg_dms__bilstm__seed44,MLH1,P43246:115:N>K,0,0.35017928
train-clinvar+pg_dms__bilstm__seed44,MLH1,P43246:237:I>S,0,0.075601935
train-clinvar+pg_dms__bilstm__seed44,MLH1,P43246:256:A>V,0,0.06349168
train-clinvar+pg_dms__bilstm__seed44,MLH1,P43246:429:Q>H,0,0.012009337
train-clinvar+pg_dms__bilstm__seed44,MLH1,P43246:431:L>V,0,0.023664288
train-clinvar+pg_dms__bilstm__seed44,MLH1,P43246:543:D>G,0,0.3274842
train-clinvar+pg_dms__bilstm__seed44,MLH1,P43246:690:Q>K,1,0.9859784
train-clinvar+pg_dms__bilstm__seed44,MLH1,P43246:818:K>R,0,0.039224457
train-clinvar+pg_dms__bilstm__seed44,MLH1,P43246:77:S>G,0,0.08962461
train-clinvar+pg_dms__bilstm__seed44,MLH1,P43246:804:A>V,0,0.3995678
train-clinvar+pg_dms__bilstm__seed44,MLH1,P43246:934:T>A,0,0.21527411
train-clinvar+pg_dms__bilstm__seed44,MLH1,P43246:387:L>I,0,0.12606154
train-clinvar+pg_dms__bilstm__seed44,MLH1,P43246:834:A>G,0,0.24787748
train-clinvar+pg_dms__bilstm__seed44,MLH1,P43246:695:V>L,0,0.9328134
train-clinvar+pg_dms__bilstm__seed44,MLH1,P54278:74:G>E,1,0.9746405
train-clinvar+pg_dms__bilstm__seed44,MLH1,P43246:739:A>V,0,0.41324285
train-clinvar+pg_dms__bilstm__seed44,MLH1,P43246:163:V>I,0,0.15898205
train-clinvar+pg_dms__bilstm__seed44,MLH1,P43246:679:I>V,0,0.37832838
train-clinvar+pg_dms__bilstm__seed44,MLH1,P43246:254:N>T,0,0.039193824
train-clinvar+pg_dms__bilstm__seed44,MLH1,P43246:725:F>L,0,0.40605983
train-clinvar+pg_dms__bilstm__seed44,MLH1,P43246:34:V>G,0,0.8576372
train-clinvar+pg_dms__bilstm__seed44,MLH1,P43246:303:D>G,0,0.7947569
train-clinvar+pg_dms__bilstm__seed44,MLH1,P43246:419:Q>R,0,0.03630085
train-clinvar+pg_dms__bilstm__seed44,MLH1,P43246:446:D>V,0,0.08516327
train-clinvar+pg_dms__bilstm__seed44,MLH1,P43246:37:F>C,0,0.55537343
train-clinvar+pg_dms__bilstm__seed44,MLH1,P43246:788:T>I,1,0.77601624
train-clinvar+pg_dms__bilstm__seed44,MLH1,P43246:10:Q>N,0,0.039749976
train-clinvar+pg_dms__bilstm__seed44,MLH1,P43246:10:Q>P,0,0.07835342
train-clinvar+pg_dms__bilstm__seed44,MLH1,P43246:10:Q>T,0,0.040266264
train-clinvar+pg_dms__bilstm__seed44,MLH1,P43246:10:Q>S,0,0.036687933
train-clinvar+pg_dms__bilstm__seed44,MLH1,P43246:10:Q>Y,0,0.054979157
train-clinvar+pg_dms__bilstm__seed44,MLH1,P43246:10:Q>M,0,0.13682237
train-clinvar+pg_dms__bilstm__seed44,MLH1,P43246:10:Q>R,0,0.057360187
train-clinvar+pg_dms__bilstm__seed44,MLH1,P43246:10:Q>L,0,0.05828628
train-clinvar+pg_dms__bilstm__seed44,MLH1,P43246:10:Q>G,0,0.061592523
train-clinvar+pg_dms__bilstm__seed44,MLH1,P43246:10:Q>I,0,0.04546476
train-clinvar+pg_dms__bilstm__seed44,MLH1,P43246:10:Q>H,0,0.048544407
train-clinvar+pg_dms__bilstm__seed44,MLH1,P43246:10:Q>F,0,0.094662115
train-clinvar+pg_dms__bilstm__seed44,MLH1,P43246:10:Q>E,0,0.08501011
train-clinvar+pg_dms__bilstm__seed44,MLH1,P43246:10:Q>D,0,0.0995551
train-clinvar+pg_dms__bilstm__seed44,MLH1,P43246:10:Q>C,0,0.079050995
train-clinvar+pg_dms__bilstm__seed44,MLH1,P43246:10:Q>A,0,0.04525949
train-clinvar+pg_dms__bilstm__seed44,MLH1,P43246:10:Q>W,0,0.29628667
train-clinvar+pg_dms__bilstm__seed44,MLH1,P43246:10:Q>K,0,0.10793391
train-clinvar+pg_dms__bilstm__seed44,MLH1,P43246:10:Q>V,0,0.045634527
train-clinvar+pg_dms__bilstm__seed44,MLH1,P43246:14:A>L,0,0.063950606
train-clinvar+pg_dms__bilstm__seed44,MLH1,P43246:14:A>M,0,0.13805446
train-clinvar+pg_dms__bilstm__seed44,MLH1,P43246:14:A>P,0,0.09223853
train-clinvar+pg_dms__bilstm__seed44,MLH1,P43246:14:A>C,0,0.08831823
train-clinvar+pg_dms__bilstm__seed44,MLH1,P43246:14:A>D,0,0.18304856
train-clinvar+pg_dms__bilstm__seed44,MLH1,P43246:14:A>E,0,0.1926485
train-clinvar+pg_dms__bilstm__seed44,MLH1,P43246:14:A>G,0,0.044430755
train-clinvar+pg_dms__bilstm__seed44,MLH1,P43246:14:A>H,0,0.0975303
train-clinvar+pg_dms__bilstm__seed44,MLH1,P43246:14:A>Q,0,0.07028722
train-clinvar+pg_dms__bilstm__seed44,MLH1,P43246:14:A>N,0,0.04779674
train-clinvar+pg_dms__bilstm__seed44,MLH1,P43246:14:A>I,1,0.052718937
train-clinvar+pg_dms__bilstm__seed44,MLH1,P43246:14:A>K,0,0.21708268
train-clinvar+pg_dms__bilstm__seed44,MLH1,P43246:14:A>T,0,0.057884067
train-clinvar+pg_dms__bilstm__seed44,MLH1,P43246:14:A>V,0,0.06466354
train-clinvar+pg_dms__bilstm__seed44,MLH1,P43246:14:A>W,0,0.36014557
train-clinvar+pg_dms__bilstm__seed44,MLH1,P43246:14:A>Y,0,0.10818699
train-clinvar+pg_dms__bilstm__seed44,MLH1,P43246:14:A>S,0,0.05225854
train-clinvar+pg_dms__bilstm__seed44,MLH1,P43246:14:A>R,0,0.14851785
train-clinvar+pg_dms__bilstm__seed44,MLH1,P43246:22:F>I,0,0.40170455
train-clinvar+pg_dms__bilstm__seed44,MLH1,P43246:22:F>H,0,0.1744362
train-clinvar+pg_dms__bilstm__seed44,MLH1,P43246:22:F>G,0,0.28487262
train-clinvar+pg_dms__bilstm__seed44,MLH1,P43246:22:F>K,0,0.65999514
train-clinvar+pg_dms__bilstm__seed44,MLH1,P43246:22:F>C,0,0.058067966
train-clinvar+pg_dms__bilstm__seed44,MLH1,P43246:22:F>A,0,0.20105112
train-clinvar+pg_dms__bilstm__seed44,MLH1,P43246:22:F>D,0,0.7157359
train-clinvar+pg_dms__bilstm__seed44,MLH1,P43246:22:F>E,0,0.6434519
train-clinvar+pg_dms__bilstm__seed44,MLH1,P43246:22:F>N,0,0.26633534
train-clinvar+pg_dms__bilstm__seed44,MLH1,P43246:22:F>P,0,0.88017386
train-clinvar+pg_dms__bilstm__seed44,MLH1,P43246:22:F>Q,0,0.4867129
train-clinvar+pg_dms__bilstm__seed44,MLH1,P43246:22:F>Y,0,0.049296446
train-clinvar+pg_dms__bilstm__seed44,MLH1,P43246:22:F>W,0,0.37425804
train-clinvar+pg_dms__bilstm__seed44,MLH1,P43246:22:F>V,0,0.12477728
train-clinvar+pg_dms__bilstm__seed44,MLH1,P43246:22:F>T,0,0.20680426
train-clinvar+pg_dms__bilstm__seed44,MLH1,P43246:22:F>M,0,0.5702223
train-clinvar+pg_dms__bilstm__seed44,MLH1,P43246:22:F>R,0,0.6916332
train-clinvar+pg_dms__bilstm__seed44,MLH1,P43246:22:F>S,0,0.16945024
train-clinvar+pg_dms__bilstm__seed44,MLH1,P43246:29:K>Q,0,0.16328447
train-clinvar+pg_dms__bilstm__seed44,MLH1,P43246:29:K>S,0,0.09989762
train-clinvar+pg_dms__bilstm__seed44,MLH1,P43246:29:K>T,0,0.1252324
train-clinvar+pg_dms__bilstm__seed44,MLH1,P43246:29:K>H,0,0.082011625
train-clinvar+pg_dms__bilstm__seed44,MLH1,P43246:29:K>A,0,0.09169696
train-clinvar+pg_dms__bilstm__seed44,MLH1,P43246:29:K>P,0,0.4429381
train-clinvar+pg_dms__bilstm__seed44,MLH1,P43246:29:K>M,0,0.39305794
train-clinvar+pg_dms__bilstm__seed44,MLH1,P43246:29:K>L,0,0.19237085
train-clinvar+pg_dms__bilstm__seed44,MLH1,P43246:29:K>I,0,0.1354979
train-clinvar+pg_dms__bilstm__seed44,MLH1,P43246:29:K>R,0,0.025129369
train-clinvar+pg_dms__bilstm__seed44,MLH1,P43246:29:K>C,0,0.11282824
train-clinvar+pg_dms__bilstm__seed44,MLH1,P43246:29:K>E,0,0.39100477
train-clinvar+pg_dms__bilstm__seed44,MLH1,P43246:29:K>F,0,0.16029496
train-clinvar+pg_dms__bilstm__seed44,MLH1,P43246:29:K>G,0,0.1822245
train-clinvar+pg_dms__bilstm__seed44,MLH1,P43246:29:K>V,0,0.10222974
train-clinvar+pg_dms__bilstm__seed44,MLH1,P43246:29:K>W,0,0.5334907
train-clinvar+pg_dms__bilstm__seed44,MLH1,P43246:29:K>Y,1,0.108938634
train-clinvar+pg_dms__bilstm__seed44,MLH1,P43246:29:K>D,0,0.390763
train-clinvar+pg_dms__bilstm__seed44,MLH1,P43246:33:T>F,0,0.5670782
train-clinvar+pg_dms__bilstm__seed44,MLH1,P43246:33:T>K,0,0.68501717
train-clinvar+pg_dms__bilstm__seed44,MLH1,P43246:33:T>G,0,0.29455912
train-clinvar+pg_dms__bilstm__seed44,MLH1,P43246:33:T>L,0,0.14370613
train-clinvar+pg_dms__bilstm__seed44,MLH1,P43246:33:T>M,0,0.2282933
train-clinvar+pg_dms__bilstm__seed44,MLH1,P43246:33:T>N,0,0.38820782
train-clinvar+pg_dms__bilstm__seed44,MLH1,P43246:33:T>P,0,0.5044654
train-clinvar+pg_dms__bilstm__seed44,MLH1,P43246:33:T>Q,0,0.5082544
train-clinvar+pg_dms__bilstm__seed44,MLH1,P43246:33:T>S,0,0.059836354
train-clinvar+pg_dms__bilstm__seed44,MLH1,P43246:33:T>I,0,0.5190833
train-clinvar+pg_dms__bilstm__seed44,MLH1,P43246:33:T>W,0,0.73882776
train-clinvar+pg_dms__bilstm__seed44,MLH1,P43246:33:T>H,0,0.48021463
train-clinvar+pg_dms__bilstm__seed44,MLH1,P43246:33:T>A,0,0.10224188
train-clinvar+pg_dms__bilstm__seed44,MLH1,P43246:33:T>C,0,0.07896387
train-clinvar+pg_dms__bilstm__seed44,MLH1,P43246:33:T>D,0,0.7341115
train-clinvar+pg_dms__bilstm__seed44,MLH1,P43246:33:T>E,0,0.7092333
train-clinvar+pg_dms__bilstm__seed44,MLH1,P43246:33:T>V,0,0.075395346
train-clinvar+pg_dms__bilstm__seed44,MLH1,P43246:34:V>T,0,0.8529939
train-clinvar+pg_dms__bilstm__seed44,MLH1,P43246:34:V>Y,0,0.85537875
train-clinvar+pg_dms__bilstm__seed44,MLH1,P43246:34:V>S,0,0.9222654
train-clinvar+pg_dms__bilstm__seed44,MLH1,P43246:34:V>C,0,0.59258014
train-clinvar+pg_dms__bilstm__seed44,MLH1,P43246:34:V>Q,0,0.9489737
train-clinvar+pg_dms__bilstm__seed44,MLH1,P43246:34:V>I,0,0.087700605
train-clinvar+pg_dms__bilstm__seed44,MLH1,P43246:34:V>F,0,0.18281098
train-clinvar+pg_dms__bilstm__seed44,MLH1,P43246:34:V>R,0,0.97519547
train-clinvar+pg_dms__bilstm__seed44,MLH1,P43246:34:V>E,0,0.947538
train-clinvar+pg_dms__bilstm__seed44,MLH1,P43246:34:V>H,0,0.9165668
train-clinvar+pg_dms__bilstm__seed44,MLH1,P43246:34:V>K,0,0.95663357
train-clinvar+pg_dms__bilstm__seed44,MLH1,P43246:34:V>D,1,0.9675676
train-clinvar+pg_dms__bilstm__seed44,MLH1,P43246:34:V>A,0,0.5734525
train-clinvar+pg_dms__bilstm__seed44,MLH1,P43246:34:V>M,0,0.7801301
train-clinvar+pg_dms__bilstm__seed44,MLH1,P43246:34:V>N,0,0.9385297
train-clinvar+pg_dms__bilstm__seed44,MLH1,P43246:34:V>P,1,0.9793403
train-clinvar+pg_dms__bilstm__seed44,MLH1,P43246:37:F>A,0,0.7267911
train-clinvar+pg_dms__bilstm__seed44,MLH1,P43246:37:F>D,1,0.866531
train-clinvar+pg_dms__bilstm__seed44,MLH1,P43246:37:F>T,1,0.67158896
train-clinvar+pg_dms__bilstm__seed44,MLH1,P43246:37:F>G,1,0.73722804
train-clinvar+pg_dms__bilstm__seed44,MLH1,P43246:37:F>H,0,0.7329019
train-clinvar+pg_dms__bilstm__seed44,MLH1,P43246:37:F>I,0,0.77659404
train-clinvar+pg_dms__bilstm__seed44,MLH1,P43246:37:F>K,0,0.80993056
train-clinvar+pg_dms__bilstm__seed44,MLH1,P43246:37:F>M,0,0.75419503
train-clinvar+pg_dms__bilstm__seed44,MLH1,P43246:37:F>P,1,0.9189719
train-clinvar+pg_dms__bilstm__seed44,MLH1,P43246:37:F>S,1,0.78627396
train-clinvar+pg_dms__bilstm__seed44,MLH1,P43246:37:F>V,0,0.59122294
train-clinvar+pg_dms__bilstm__seed44,MLH1,P43246:37:F>W,0,0.6093408
train-clinvar+pg_dms__bilstm__seed44,MLH1,P43246:37:F>Y,0,0.3907516
train-clinvar+pg_dms__bilstm__seed44,MLH1,P43246:37:F>E,0,0.8017226
train-clinvar+pg_dms__bilstm__seed44,MLH1,P43246:37:F>L,0,0.6839427
train-clinvar+pg_dms__bilstm__seed44,MLH1,P43246:44:T>H,0,0.6923334
train-clinvar+pg_dms__bilstm__seed44,MLH1,P43246:44:T>A,0,0.33752632
train-clinvar+pg_dms__bilstm__seed44,MLH1,P43246:44:T>I,0,0.79027283
train-clinvar+pg_dms__bilstm__seed44,MLH1,P43246:44:T>K,0,0.8530142
train-clinvar+pg_dms__bilstm__seed44,MLH1,P43246:44:T>E,0,0.8706211
train-clinvar+pg_dms__bilstm__seed44,MLH1,P43246:44:T>D,0,0.8994893
train-clinvar+pg_dms__bilstm__seed44,MLH1,P43246:44:T>C,0,0.44498324
train-clinvar+pg_dms__bilstm__seed44,MLH1,P43246:44:T>L,0,0.6395957
train-clinvar+pg_dms__bilstm__seed44,MLH1,P43246:44:T>F,0,0.70745254
train-clinvar+pg_dms__bilstm__seed44,MLH1,P43246:44:T>Q,0,0.71540654
train-clinvar+pg_dms__bilstm__seed44,MLH1,P43246:44:T>R,0,0.8322359
train-clinvar+pg_dms__bilstm__seed44,MLH1,P43246:44:T>S,0,0.059639677
train-clinvar+pg_dms__bilstm__seed44,MLH1,P43246:44:T>V,0,0.5584299
train-clinvar+pg_dms__bilstm__seed44,MLH1,P43246:44:T>W,1,0.86398256
train-clinvar+pg_dms__bilstm__seed44,MLH1,P43246:44:T>Y,0,0.73009723
train-clinvar+pg_dms__bilstm__seed44,MLH1,P43246:44:T>G,0,0.45732847
train-clinvar+pg_dms__bilstm__seed44,MLH1,P43246:44:T>P,1,0.92725384
train-clinvar+pg_dms__bilstm__seed44,MLH1,P43246:67:M>A,0,0.067024134
train-clinvar+pg_dms__bilstm__seed44,MLH1,P43246:67:M>K,0,0.19996431
train-clinvar+pg_dms__bilstm__seed44,MLH1,P43246:67:M>E,0,0.6326176
train-clinvar+pg_dms__bilstm__seed44,MLH1,P43246:67:M>F,0,0.01574868
train-clinvar+pg_dms__bilstm__seed44,MLH1,P43246:67:M>G,0,0.19618404
train-clinvar+pg_dms__bilstm__seed44,MLH1,P43246:67:M>I,0,0.02579696
train-clinvar+pg_dms__bilstm__seed44,MLH1,P43246:67:M>L,0,0.014085986
train-clinvar+pg_dms__bilstm__seed44,MLH1,P43246:67:M>N,0,0.31255618
train-clinvar+pg_dms__bilstm__seed44,MLH1,P43246:67:M>P,0,0.80290365
train-clinvar+pg_dms__bilstm__seed44,MLH1,P43246:67:M>D,0,0.80047345
train-clinvar+pg_dms__bilstm__seed44,MLH1,P43246:67:M>S,0,0.0911986
train-clinvar+pg_dms__bilstm__seed44,MLH1,P43246:67:M>V,0,0.014026418
train-clinvar+pg_dms__bilstm__seed44,MLH1,P43246:67:M>W,0,0.11567831
train-clinvar+pg_dms__bilstm__seed44,MLH1,P43246:67:M>Y,0,0.0715877
train-clinvar+pg_dms__bilstm__seed44,MLH1,P43246:67:M>T,0,0.024994597
train-clinvar+pg_dms__bilstm__seed44,MLH1,P43246:67:M>C,0,0.08532018
train-clinvar+pg_dms__bilstm__seed44,MLH1,P43246:77:S>C,0,0.051769055
train-clinvar+pg_dms__bilstm__seed44,MLH1,P43246:77:S>W,0,0.40176865
train-clinvar+pg_dms__bilstm__seed44,MLH1,P43246:77:S>V,0,0.14174522
train-clinvar+pg_dms__bilstm__seed44,MLH1,P43246:77:S>T,0,0.047458813
train-clinvar+pg_dms__bilstm__seed44,MLH1,P43246:77:S>Q,0,0.36978415
train-clinvar+pg_dms__bilstm__seed44,MLH1,P43246:77:S>P,1,0.79030436
train-clinvar+pg_dms__bilstm__seed44,MLH1,P43246:77:S>A,0,0.06868042
train-clinvar+pg_dms__bilstm__seed44,MLH1,P43246:77:S>Y,0,0.08069628
train-clinvar+pg_dms__bilstm__seed44,MLH1,P43246:77:S>F,0,0.13134466
train-clinvar+pg_dms__bilstm__seed44,MLH1,P43246:77:S>E,0,0.6980101
train-clinvar+pg_dms__bilstm__seed44,MLH1,P43246:77:S>M,0,0.25660297
train-clinvar+pg_dms__bilstm__seed44,MLH1,P43246:77:S>L,0,0.1592138
train-clinvar+pg_dms__bilstm__seed44,MLH1,P43246:77:S>N,0,0.3297173
train-clinvar+pg_dms__bilstm__seed44,MLH1,P43246:77:S>I,0,0.41741422
train-clinvar+pg_dms__bilstm__seed44,MLH1,P43246:77:S>H,0,0.3089451
train-clinvar+pg_dms__bilstm__seed44,MLH1,P43246:77:S>K,0,0.5581857
train-clinvar+pg_dms__bilstm__seed44,MLH1,P43246:82:K>C,0,0.05576352
train-clinvar+pg_dms__bilstm__seed44,MLH1,P43246:82:K>N,0,0.07375564
train-clinvar+pg_dms__bilstm__seed44,MLH1,P43246:82:K>W,0,0.34270763
train-clinvar+pg_dms__bilstm__seed44,MLH1,P43246:82:K>A,0,0.106956534
train-clinvar+pg_dms__bilstm__seed44,MLH1,P43246:82:K>S,0,0.07612347
train-clinvar+pg_dms__bilstm__seed44,MLH1,P43246:82:K>Q,0,0.07375503
train-clinvar+pg_dms__bilstm__seed44,MLH1,P43246:82:K>P,0,0.26121452
train-clinvar+pg_dms__bilstm__seed44,MLH1,P43246:82:K>T,0,0.052940432
train-clinvar+pg_dms__bilstm__seed44,MLH1,P43246:82:K>V,0,0.08068326
train-clinvar+pg_dms__bilstm__seed44,MLH1,P43246:82:K>L,0,0.092201374
train-clinvar+pg_dms__bilstm__seed44,MLH1,P43246:82:K>I,0,0.12892355
train-clinvar+pg_dms__bilstm__seed44,MLH1,P43246:82:K>H,0,0.036004517
train-clinvar+pg_dms__bilstm__seed44,MLH1,P43246:82:K>G,0,0.07467293
train-clinvar+pg_dms__bilstm__seed44,MLH1,P43246:82:K>F,0,0.11817808
train-clinvar+pg_dms__bilstm__seed44,MLH1,P43246:82:K>E,0,0.33343583
train-clinvar+pg_dms__bilstm__seed44,MLH1,P43246:82:K>D,0,0.22676478
train-clinvar+pg_dms__bilstm__seed44,MLH1,P43246:82:K>M,1,0.28719625
train-clinvar+pg_dms__bilstm__seed44,MLH1,P43246:90:K>R,0,0.007231391
train-clinvar+pg_dms__bilstm__seed44,MLH1,P43246:90:K>V,0,0.11249251
train-clinvar+pg_dms__bilstm__seed44,MLH1,P43246:90:K>W,0,0.33813637
train-clinvar+pg_dms__bilstm__seed44,MLH1,P43246:90:K>Y,0,0.083168104
train-clinvar+pg_dms__bilstm__seed44,MLH1,P43246:90:K>M,0,0.25484312
train-clinvar+pg_dms__bilstm__seed44,MLH1,P43246:90:K>L,0,0.12747814
train-clinvar+pg_dms__bilstm__seed44,MLH1,P43246:90:K>I,0,0.11814145
train-clinvar+pg_dms__bilstm__seed44,MLH1,P43246:90:K>H,0,0.038935576
train-clinvar+pg_dms__bilstm__seed44,MLH1,P43246:90:K>G,0,0.0985203
train-clinvar+pg_dms__bilstm__seed44,MLH1,P43246:90:K>F,0,0.09348268
train-clinvar+pg_dms__bilstm__seed44,MLH1,P43246:90:K>D,0,0.24441431
train-clinvar+pg_dms__bilstm__seed44,MLH1,P43246:90:K>C,0,0.081456535
train-clinvar+pg_dms__bilstm__seed44,MLH1,P43246:90:K>A,0,0.1284576
train-clinvar+pg_dms__bilstm__seed44,MLH1,P43246:90:K>Q,0,0.036426283
train-clinvar+pg_dms__bilstm__seed44,MLH1,P43246:90:K>S,0,0.07036208
train-clinvar+pg_dms__bilstm__seed44,MLH1,P43246:90:K>T,0,0.047342435
train-clinvar+pg_dms__bilstm__seed44,MLH1,P43246:90:K>P,0,0.3231555
train-clinvar+pg_dms__bilstm__seed44,MLH1,P43246:90:K>N,0,0.11239224
train-clinvar+pg_dms__bilstm__seed44,MLH1,P43246:99:R>Y,0,0.4300388
train-clinvar+pg_dms__bilstm__seed44,MLH1,P43246:99:R>W,0,0.62995845
train-clinvar+pg_dms__bilstm__seed44,MLH1,P43246:99:R>V,1,0.32398924
train-clinvar+pg_dms__bilstm__seed44,MLH1,P43246:99:R>T,1,0.34324247
train-clinvar+pg_dms__bilstm__seed44,MLH1,P43246:99:R>Q,0,0.19938318
train-clinvar+pg_dms__bilstm__seed44,MLH1,P43246:99:R>P,0,0.79682314
train-clinvar+pg_dms__bilstm__seed44,MLH1,P43246:99:R>M,0,0.648517
train-clinvar+pg_dms__bilstm__seed44,MLH1,P43246:99:R>L,0,0.43725377
train-clinvar+pg_dms__bilstm__seed44,MLH1,P43246:99:R>K,0,0.16659795
train-clinvar+pg_dms__bilstm__seed44,MLH1,P43246:99:R>I,0,0.44206798
train-clinvar+pg_dms__bilstm__seed44,MLH1,P43246:99:R>G,0,0.5387269
train-clinvar+pg_dms__bilstm__seed44,MLH1,P43246:99:R>F,1,0.47360855
train-clinvar+pg_dms__bilstm__seed44,MLH1,P43246:99:R>C,0,0.1803698
train-clinvar+pg_dms__bilstm__seed44,MLH1,P43246:99:R>A,0,0.43415952
train-clinvar+pg_dms__bilstm__seed44,MLH1,P43246:101:E>M,0,0.48754004
train-clinvar+pg_dms__bilstm__seed44,MLH1,P43246:101:E>V,0,0.13173667
train-clinvar+pg_dms__bilstm__seed44,MLH1,P43246:101:E>A,0,0.12557486
train-clinvar+pg_dms__bilstm__seed44,MLH1,P43246:101:E>C,0,0.16299102
train-clinvar+pg_dms__bilstm__seed44,MLH1,P43246:101:E>D,0,0.5869154
train-clinvar+pg_dms__bilstm__seed44,MLH1,P43246:101:E>F,0,0.30770144
train-clinvar+pg_dms__bilstm__seed44,MLH1,P43246:101:E>G,0,0.34623054
train-clinvar+pg_dms__bilstm__seed44,MLH1,P43246:101:E>H,0,0.34888032
train-clinvar+pg_dms__bilstm__seed44,MLH1,P43246:101:E>W,0,0.52450466
train-clinvar+pg_dms__bilstm__seed44,MLH1,P43246:101:E>I,0,0.32318562
train-clinvar+pg_dms__bilstm__seed44,MLH1,P43246:101:E>N,0,0.37003025
train-clinvar+pg_dms__bilstm__seed44,MLH1,P43246:101:E>P,1,0.7740842
train-clinvar+pg_dms__bilstm__seed44,MLH1,P43246:101:E>Q,0,0.114138894
train-clinvar+pg_dms__bilstm__seed44,MLH1,P43246:101:E>R,0,0.49759892
train-clinvar+pg_dms__bilstm__seed44,MLH1,P43246:101:E>S,0,0.33524206
train-clinvar+pg_dms__bilstm__seed44,MLH1,P43246:101:E>T,0,0.25962436
train-clinvar+pg_dms__bilstm__seed44,MLH1,P43246:101:E>L,0,0.3215411
train-clinvar+pg_dms__bilstm__seed44,MLH1,P43246:101:E>Y,0,0.3448041
train-clinvar+pg_dms__bilstm__seed44,MLH1,P43246:102:V>Y,0,0.8144878
train-clinvar+pg_dms__bilstm__seed44,MLH1,P43246:102:V>W,0,0.93498147
train-clinvar+pg_dms__bilstm__seed44,MLH1,P43246:102:V>C,0,0.6725827
train-clinvar+pg_dms__bilstm__seed44,MLH1,P43246:102:V>T,0,0.7863806
train-clinvar+pg_dms__bilstm__seed44,MLH1,P43246:102:V>S,0,0.8842981
train-clinvar+pg_dms__bilstm__seed44,MLH1,P43246:102:V>R,0,0.9262546
train-clinvar+pg_dms__bilstm__seed44,MLH1,P43246:102:V>Q,0,0.86642605
train-clinvar+pg_dms__bilstm__seed44,MLH1,P43246:102:V>P,1,0.9778848
train-clinvar+pg_dms__bilstm__seed44,MLH1,P43246:102:V>N,0,0.904326
train-clinvar+pg_dms__bilstm__seed44,MLH1,P43246:102:V>M,0,0.5498977
train-clinvar+pg_dms__bilstm__seed44,MLH1,P43246:102:V>L,0,0.21122646
train-clinvar+pg_dms__bilstm__seed44,MLH1,P43246:102:V>A,0,0.72374445
train-clinvar+pg_dms__bilstm__seed44,MLH1,P43246:102:V>H,0,0.87593794
train-clinvar+pg_dms__bilstm__seed44,MLH1,P43246:102:V>G,0,0.7961101
train-clinvar+pg_dms__bilstm__seed44,MLH1,P43246:102:V>F,0,0.52370733
train-clinvar+pg_dms__bilstm__seed44,MLH1,P43246:102:V>E,0,0.94880295
train-clinvar+pg_dms__bilstm__seed44,MLH1,P43246:102:V>D,1,0.96894866
train-clinvar+pg_dms__bilstm__seed44,MLH1,P43246:102:V>K,0,0.91798645
train-clinvar+pg_dms__bilstm__seed44,MLH1,P43246:103:Y>W,0,0.14476842
train-clinvar+pg_dms__bilstm__seed44,MLH1,P43246:103:Y>A,0,0.8499734
train-clinvar+pg_dms__bilstm__seed44,MLH1,P43246:103:Y>C,0,0.26910612
train-clinvar+pg_dms__bilstm__seed44,MLH1,P43246:103:Y>E,0,0.92077094
train-clinvar+pg_dms__bilstm__seed44,MLH1,P43246:103:Y>G,1,0.78463805
train-clinvar+pg_dms__bilstm__seed44,MLH1,P43246:103:Y>H,0,0.53849185
train-clinvar+pg_dms__bilstm__seed44,MLH1,P43246:103:Y>I,0,0.854657
train-clinvar+pg_dms__bilstm__seed44,MLH1,P43246:103:Y>N,0,0.880891
train-clinvar+pg_dms__bilstm__seed44,MLH1,P43246:103:Y>L,0,0.409133
train-clinvar+pg_dms__bilstm__seed44,MLH1,P43246:103:Y>M,0,0.8471896
train-clinvar+pg_dms__bilstm__seed44,MLH1,P43246:103:Y>P,1,0.9762956
train-clinvar+pg_dms__bilstm__seed44,MLH1,P43246:103:Y>R,0,0.937424
train-clinvar+pg_dms__bilstm__seed44,MLH1,P43246:103:Y>S,0,0.8227039
train-clinvar+pg_dms__bilstm__seed44,MLH1,P43246:103:Y>T,1,0.75604546
train-clinvar+pg_dms__bilstm__seed44,MLH1,P43246:103:Y>K,1,0.9172921
train-clinvar+pg_dms__bilstm__seed44,MLH1,P43246:103:Y>V,0,0.6273262
train-clinvar+pg_dms__bilstm__seed44,MLH1,P43246:105:N>R,0,0.41682127
train-clinvar+pg_dms__bilstm__seed44,MLH1,P43246:105:N>Y,0,0.029814515
train-clinvar+pg_dms__bilstm__seed44,MLH1,P43246:105:N>V,0,0.038402025
train-clinvar+pg_dms__bilstm__seed44,MLH1,P43246:105:N>A,0,0.03777475
train-clinvar+pg_dms__bilstm__seed44,MLH1,P43246:105:N>C,0,0.014248998
train-clinvar+pg_dms__bilstm__seed44,MLH1,P43246:105:N>D,0,0.35503387
train-clinvar+pg_dms__bilstm__seed44,MLH1,P43246:105:N>E,0,0.5337944
train-clinvar+pg_dms__bilstm__seed44,MLH1,P43246:105:N>F,0,0.06160141
train-clinvar+pg_dms__bilstm__seed44,MLH1,P43246:105:N>G,0,0.028612413
train-clinvar+pg_dms__bilstm__seed44,MLH1,P43246:105:N>H,0,0.03201355
train-clinvar+pg_dms__bilstm__seed44,MLH1,P43246:105:N>I,0,0.055045318
train-clinvar+pg_dms__bilstm__seed44,MLH1,P43246:105:N>K,0,0.38552955
train-clinvar+pg_dms__bilstm__seed44,MLH1,P43246:105:N>L,0,0.036035936
train-clinvar+pg_dms__bilstm__seed44,MLH1,P43246:105:N>M,0,0.1736765
train-clinvar+pg_dms__bilstm__seed44,MLH1,P43246:105:N>P,0,0.13976733
train-clinvar+pg_dms__bilstm__seed44,MLH1,P43246:105:N>Q,0,0.10328702
train-clinvar+pg_dms__bilstm__seed44,MLH1,P43246:105:N>W,0,0.5467876
train-clinvar+pg_dms__bilstm__seed44,MLH1,P43246:105:N>T,0,0.029364152
train-clinvar+pg_dms__bilstm__seed44,MLH1,P43246:106:R>W,0,0.18392795
train-clinvar+pg_dms__bilstm__seed44,MLH1,P43246:106:R>C,0,0.013295639
train-clinvar+pg_dms__bilstm__seed44,MLH1,P43246:106:R>E,0,0.20242386
train-clinvar+pg_dms__bilstm__seed44,MLH1,P43246:106:R>F,0,0.06755177
train-clinvar+pg_dms__bilstm__seed44,MLH1,P43246:106:R>G,0,0.082597256
train-clinvar+pg_dms__bilstm__seed44,MLH1,P43246:106:R>H,0,0.0144477775
train-clinvar+pg_dms__bilstm__seed44,MLH1,P43246:106:R>I,0,0.04841392
train-clinvar+pg_dms__bilstm__seed44,MLH1,P43246:106:R>L,0,0.043557033
train-clinvar+pg_dms__bilstm__seed44,MLH1,P43246:106:R>M,0,0.17621407
train-clinvar+pg_dms__bilstm__seed44,MLH1,P43246:106:R>P,0,0.23398037
train-clinvar+pg_dms__bilstm__seed44,MLH1,P43246:106:R>Q,0,0.016297178
train-clinvar+pg_dms__bilstm__seed44,MLH1,P43246:106:R>S,0,0.045809764
train-clinvar+pg_dms__bilstm__seed44,MLH1,P43246:106:R>T,0,0.06999905
train-clinvar+pg_dms__bilstm__seed44,MLH1,P43246:106:R>V,0,0.034693256
train-clinvar+pg_dms__bilstm__seed44,MLH1,P43246:106:R>Y,0,0.05894707
train-clinvar+pg_dms__bilstm__seed44,MLH1,P43246:106:R>A,0,0.058323693
train-clinvar+pg_dms__bilstm__seed44,MLH1,P43246:106:R>N,0,0.091896765
train-clinvar+pg_dms__bilstm__seed44,MLH1,P43246:107:A>C,0,0.005590373
train-clinvar+pg_dms__bilstm__seed44,MLH1,P43246:107:A>T,0,0.0046577617
train-clinvar+pg_dms__bilstm__seed44,MLH1,P43246:107:A>Y,0,0.019446276
train-clinvar+pg_dms__bilstm__seed44,MLH1,P43246:107:A>S,0,0.0038828366
train-clinvar+pg_dms__bilstm__seed44,MLH1,P43246:107:A>R,0,0.08985948
train-clinvar+pg_dms__bilstm__seed44,MLH1,P43246:107:A>Q,0,0.039227504
train-clinvar+pg_dms__bilstm__seed44,MLH1,P43246:107:A>N,0,0.009372415
train-clinvar+pg_dms__bilstm__seed44,MLH1,P43246:107:A>M,0,0.075787224
train-clinvar+pg_dms__bilstm__seed44,MLH1,P43246:107:A>P,0,0.11478742
train-clinvar+pg_dms__bilstm__seed44,MLH1,P43246:107:A>K,0,0.16225979
train-clinvar+pg_dms__bilstm__seed44,MLH1,P43246:107:A>I,0,0.0165044
train-clinvar+pg_dms__bilstm__seed44,MLH1,P43246:107:A>H,0,0.026612623
train-clinvar+pg_dms__bilstm__seed44,MLH1,P43246:107:A>G,0,0.028129896
train-clinvar+pg_dms__bilstm__seed44,MLH1,P43246:107:A>E,0,0.16523533
train-clinvar+pg_dms__bilstm__seed44,MLH1,P43246:107:A>L,0,0.00822021
train-clinvar+pg_dms__bilstm__seed44,MLH1,P43246:108:G>K,0,0.2139046
train-clinvar+pg_dms__bilstm__seed44,MLH1,P43246:108:G>D,0,0.20582142
train-clinvar+pg_dms__bilstm__seed44,MLH1,P43246:108:G>F,0,0.057573177
train-clinvar+pg_dms__bilstm__seed44,MLH1,P43246:108:G>I,0,0.042247105
train-clinvar+pg_dms__bilstm__seed44,MLH1,P43246:108:G>L,0,0.03623094
train-clinvar+pg_dms__bilstm__seed44,MLH1,P43246:108:G>S,0,0.018370856
train-clinvar+pg_dms__bilstm__seed44,MLH1,P43246:108:G>P,0,0.15055719
train-clinvar+pg_dms__bilstm__seed44,MLH1,P43246:108:G>Q,0,0.07990575
train-clinvar+pg_dms__bilstm__seed44,MLH1,P43246:108:G>R,0,0.12628864
train-clinvar+pg_dms__bilstm__seed44,MLH1,P43246:108:G>T,0,0.018635213
train-clinvar+pg_dms__bilstm__seed44,MLH1,P43246:108:G>C,0,0.01778673
train-clinvar+pg_dms__bilstm__seed44,MLH1,P43246:108:G>M,0,0.13332677
train-clinvar+pg_dms__bilstm__seed44,MLH1,P43246:108:G>A,0,0.0471664
train-clinvar+pg_dms__bilstm__seed44,MLH1,P43246:108:G>W,0,0.21704186
train-clinvar+pg_dms__bilstm__seed44,MLH1,P43246:108:G>V,0,0.020351088
train-clinvar+pg_dms__bilstm__seed44,MLH1,P43246:114:E>T,0,0.0076794163
train-clinvar+pg_dms__bilstm__seed44,MLH1,P43246:114:E>S,0,0.005697643
train-clinvar+pg_dms__bilstm__seed44,MLH1,P43246:114:E>R,0,0.047820035
train-clinvar+pg_dms__bilstm__seed44,MLH1,P43246:114:E>Q,0,0.013044748
train-clinvar+pg_dms__bilstm__seed44,MLH1,P43246:114:E>P,0,0.110798456
train-clinvar+pg_dms__bilstm__seed44,MLH1,P43246:114:E>N,0,0.007830793
train-clinvar+pg_dms__bilstm__seed44,MLH1,P43246:114:E>M,0,0.19590984
train-clinvar+pg_dms__bilstm__seed44,MLH1,P43246:114:E>L,0,0.029880699
train-clinvar+pg_dms__bilstm__seed44,MLH1,P43246:114:E>K,0,0.08396285
train-clinvar+pg_dms__bilstm__seed44,MLH1,P43246:114:E>I,0,0.044463977
train-clinvar+pg_dms__bilstm__seed44,MLH1,P43246:114:E>G,0,0.004084208
train-clinvar+pg_dms__bilstm__seed44,MLH1,P43246:114:E>F,0,0.04739599
train-clinvar+pg_dms__bilstm__seed44,MLH1,P43246:114:E>D,0,0.011060185
train-clinvar+pg_dms__bilstm__seed44,MLH1,P43246:114:E>C,0,0.029691054
train-clinvar+pg_dms__bilstm__seed44,MLH1,P43246:114:E>A,0,0.054289423
train-clinvar+pg_dms__bilstm__seed44,MLH1,P43246:114:E>V,0,0.013075952
train-clinvar+pg_dms__bilstm__seed44,MLH1,P43246:114:E>W,0,0.29616818
train-clinvar+pg_dms__bilstm__seed44,MLH1,P43246:114:E>H,0,0.038386196
train-clinvar+pg_dms__bilstm__seed44,MLH1,P43246:115:N>H,0,0.013425241
train-clinvar+pg_dms__bilstm__seed44,MLH1,P43246:115:N>Q,0,0.05633861
train-clinvar+pg_dms__bilstm__seed44,MLH1,P43246:115:N>R,0,0.10234661
train-clinvar+pg_dms__bilstm__seed44,MLH1,P43246:115:N>S,0,0.0072311447
train-clinvar+pg_dms__bilstm__seed44,MLH1,P43246:115:N>T,0,0.014029914
train-clinvar+pg_dms__bilstm__seed44,MLH1,P43246:115:N>V,0,0.025742646
train-clinvar+pg_dms__bilstm__seed44,MLH1,P43246:115:N>C,0,0.021406358
train-clinvar+pg_dms__bilstm__seed44,MLH1,P43246:115:N>D,0,0.1415531
train-clinvar+pg_dms__bilstm__seed44,MLH1,P43246:115:N>E,0,0.29978213
train-clinvar+pg_dms__bilstm__seed44,MLH1,P43246:115:N>F,0,0.07517428
train-clinvar+pg_dms__bilstm__seed44,MLH1,P43246:115:N>G,0,0.022884069
train-clinvar+pg_dms__bilstm__seed44,MLH1,P43246:115:N>I,0,0.025900256
train-clinvar+pg_dms__bilstm__seed44,MLH1,P43246:115:N>L,0,0.055786535
train-clinvar+pg_dms__bilstm__seed44,MLH1,P43246:115:N>A,0,0.023709727
train-clinvar+pg_dms__bilstm__seed44,MLH1,P43246:115:N>P,0,0.23622769
train-clinvar+pg_dms__bilstm__seed44,MLH1,P43246:115:N>M,0,0.13587022
train-clinvar+pg_dms__bilstm__seed44,MLH1,P43246:115:N>W,0,0.42786428
train-clinvar+pg_dms__bilstm__seed44,MLH1,P43246:115:N>Y,0,0.0151477065
train-clinvar+pg_dms__bilstm__seed44,MLH1,P43246:120:A>E,0,0.20597102
train-clinvar+pg_dms__bilstm__seed44,MLH1,P43246:120:A>D,0,0.19084054
train-clinvar+pg_dms__bilstm__seed44,MLH1,P43246:120:A>C,0,0.020231837
train-clinvar+pg_dms__bilstm__seed44,MLH1,P43246:120:A>F,0,0.05807289
train-clinvar+pg_dms__bilstm__seed44,MLH1,P43246:120:A>G,0,0.023735544
train-clinvar+pg_dms__bilstm__seed44,MLH1,P43246:120:A>Y,0,0.109307215
train-clinvar+pg_dms__bilstm__seed44,MLH1,P43246:120:A>H,0,0.098984145
train-clinvar+pg_dms__bilstm__seed44,MLH1,P43246:120:A>I,0,0.026557464
train-clinvar+pg_dms__bilstm__seed44,MLH1,P43246:120:A>K,0,0.23573154
train-clinvar+pg_dms__bilstm__seed44,MLH1,P43246:120:A>L,0,0.03202038
train-clinvar+pg_dms__bilstm__seed44,MLH1,P43246:120:A>M,0,0.11111389
train-clinvar+pg_dms__bilstm__seed44,MLH1,P43246:120:A>N,0,0.029154263
train-clinvar+pg_dms__bilstm__seed44,MLH1,P43246:120:A>P,0,0.28491923
train-clinvar+pg_dms__bilstm__seed44,MLH1,P43246:120:A>Q,0,0.06022156
train-clinvar+pg_dms__bilstm__seed44,MLH1,P43246:120:A>R,0,0.17897028
train-clinvar+pg_dms__bilstm__seed44,MLH1,P43246:120:A>S,0,0.011850384
train-clinvar+pg_dms__bilstm__seed44,MLH1,P43246:120:A>W,0,0.44468012
train-clinvar+pg_dms__bilstm__seed44,MLH1,P43246:120:A>V,0,0.06765488
train-clinvar+pg_dms__bilstm__seed44,MLH1,P43246:130:Q>K,0,0.11146038
train-clinvar+pg_dms__bilstm__seed44,MLH1,P43246:130:Q>C,0,0.08130223
train-clinvar+pg_dms__bilstm__seed44,MLH1,P43246:130:Q>A,0,0.025278147
train-clinvar+pg_dms__bilstm__seed44,MLH1,P43246:130:Q>E,0,0.059180755
train-clinvar+pg_dms__bilstm__seed44,MLH1,P43246:130:Q>F,0,0.101629846
train-clinvar+pg_dms__bilstm__seed44,MLH1,P43246:130:Q>G,0,0.030391196
train-clinvar+pg_dms__bilstm__seed44,MLH1,P43246:130:Q>D,0,0.20695087
train-clinvar+pg_dms__bilstm__seed44,MLH1,P43246:130:Q>I,0,0.1680984
train-clinvar+pg_dms__bilstm__seed44,MLH1,P43246:130:Q>L,0,0.036139224
train-clinvar+pg_dms__bilstm__seed44,MLH1,P43246:130:Q>M,0,0.22151345
train-clinvar+pg_dms__bilstm__seed44,MLH1,P43246:130:Q>H,0,0.13581209
train-clinvar+pg_dms__bilstm__seed44,MLH1,P43246:130:Q>P,0,0.06761362
train-clinvar+pg_dms__bilstm__seed44,MLH1,P43246:130:Q>R,0,0.0849397
train-clinvar+pg_dms__bilstm__seed44,MLH1,P43246:130:Q>S,0,0.012626667
train-clinvar+pg_dms__bilstm__seed44,MLH1,P43246:130:Q>T,0,0.021785855
train-clinvar+pg_dms__bilstm__seed44,MLH1,P43246:130:Q>V,0,0.17827395
train-clinvar+pg_dms__bilstm__seed44,MLH1,P43246:130:Q>W,0,0.41030285
train-clinvar+pg_dms__bilstm__seed44,MLH1,P43246:130:Q>Y,0,0.17125183
train-clinvar+pg_dms__bilstm__seed44,MLH1,P43246:130:Q>N,0,0.030311307
train-clinvar+pg_dms__bilstm__seed44,MLH1,P43246:131:F>Y,0,0.30539387
train-clinvar+pg_dms__bilstm__seed44,MLH1,P43246:131:F>W,0,0.653434
train-clinvar+pg_dms__bilstm__seed44,MLH1,P43246:131:F>V,0,0.24080434
train-clinvar+pg_dms__bilstm__seed44,MLH1,P43246:131:F>T,0,0.4402173
train-clinvar+pg_dms__bilstm__seed44,MLH1,P43246:131:F>S,0,0.6288003
train-clinvar+pg_dms__bilstm__seed44,MLH1,P43246:131:F>R,0,0.89410007
train-clinvar+pg_dms__bilstm__seed44,MLH1,P43246:131:F>N,0,0.7879153
train-clinvar+pg_dms__bilstm__seed44,MLH1,P43246:131:F>P,0,0.9096377
train-clinvar+pg_dms__bilstm__seed44,MLH1,P43246:131:F>L,0,0.47626188
train-clinvar+pg_dms__bilstm__seed44,MLH1,P43246:131:F>K,0,0.81208503
train-clinvar+pg_dms__bilstm__seed44,MLH1,P43246:131:F>I,0,0.19713794
train-clinvar+pg_dms__bilstm__seed44,MLH1,P43246:131:F>H,0,0.6395661
train-clinvar+pg_dms__bilstm__seed44,MLH1,P43246:131:F>G,0,0.61144817
train-clinvar+pg_dms__bilstm__seed44,MLH1,P43246:131:F>E,0,0.75735503
train-clinvar+pg_dms__bilstm__seed44,MLH1,P43246:131:F>A,0,0.5722083
train-clinvar+pg_dms__bilstm__seed44,MLH1,P43246:131:F>M,0,0.40591237
train-clinvar+pg_dms__bilstm__seed44,MLH1,P43246:131:F>C,0,0.24208708
train-clinvar+pg_dms__bilstm__seed44,MLH1,P43246:135:L>V,0,0.14780061
train-clinvar+pg_dms__bilstm__seed44,MLH1,P43246:135:L>T,0,0.22352383
train-clinvar+pg_dms__bilstm__seed44,MLH1,P43246:135:L>S,0,0.29456252
train-clinvar+pg_dms__bilstm__seed44,MLH1,P43246:135:L>R,0,0.48217246
train-clinvar+pg_dms__bilstm__seed44,MLH1,P43246:135:L>Q,0,0.30806148
train-clinvar+pg_dms__bilstm__seed44,MLH1,P43246:135:L>P,0,0.64355636
train-clinvar+pg_dms__bilstm__seed44,MLH1,P43246:135:L>N,0,0.2943449
train-clinvar+pg_dms__bilstm__seed44,MLH1,P43246:135:L>H,0,0.18311693
train-clinvar+pg_dms__bilstm__seed44,MLH1,P43246:135:L>I,0,0.03648465
train-clinvar+pg_dms__bilstm__seed44,MLH1,P43246:135:L>W,0,0.5044567
train-clinvar+pg_dms__bilstm__seed44,MLH1,P43246:135:L>Y,0,0.14816551
train-clinvar+pg_dms__bilstm__seed44,MLH1,P43246:135:L>G,0,0.22475071
train-clinvar+pg_dms__bilstm__seed44,MLH1,P43246:135:L>M,0,0.2559379
train-clinvar+pg_dms__bilstm__seed44,MLH1,P43246:135:L>D,0,0.579948
train-clinvar+pg_dms__bilstm__seed44,MLH1,P43246:135:L>E,0,0.4605675
train-clinvar+pg_dms__bilstm__seed44,MLH1,P43246:135:L>F,0,0.3159915
train-clinvar+pg_dms__bilstm__seed44,MLH1,P43246:135:L>K,0,0.45849717
train-clinvar+pg_dms__bilstm__seed44,MLH1,P43246:135:L>A,0,0.15197286
train-clinvar+pg_dms__bilstm__seed44,MLH1,P43246:135:L>C,0,0.11070331
train-clinvar+pg_dms__bilstm__seed44,MLH1,P43246:141:M>V,0,0.06041803
train-clinvar+pg_dms__bilstm__seed44,MLH1,P43246:141:M>T,0,0.06499456
train-clinvar+pg_dms__bilstm__seed44,MLH1,P43246:141:M>S,0,0.0662144
train-clinvar+pg_dms__bilstm__seed44,MLH1,P43246:141:M>R,0,0.08578088
train-clinvar+pg_dms__bilstm__seed44,MLH1,P43246:141:M>Q,0,0.086471334
train-clinvar+pg_dms__bilstm__seed44,MLH1,P43246:141:M>P,0,0.15227681
train-clinvar+pg_dms__bilstm__seed44,MLH1,P43246:141:M>N,0,0.0789963
train-clinvar+pg_dms__bilstm__seed44,MLH1,P43246:141:M>L,0,0.05971131
train-clinvar+pg_dms__bilstm__seed44,MLH1,P43246:141:M>K,0,0.112277694
train-clinvar+pg_dms__bilstm__seed44,MLH1,P43246:141:M>I,0,0.08031431
train-clinvar+pg_dms__bilstm__seed44,MLH1,P43246:141:M>G,0,0.07644089
train-clinvar+pg_dms__bilstm__seed44,MLH1,P43246:141:M>F,0,0.058643322
train-clinvar+pg_dms__bilstm__seed44,MLH1,P43246:141:M>E,0,0.15610771
train-clinvar+pg_dms__bilstm__seed44,MLH1,P43246:141:M>C,0,0.09425614
train-clinvar+pg_dms__bilstm__seed44,MLH1,P43246:141:M>D,0,0.22496091
train-clinvar+pg_dms__bilstm__seed44,MLH1,P43246:141:M>W,0,0.21735996
train-clinvar+pg_dms__bilstm__seed44,MLH1,P43246:141:M>Y,0,0.106767446
train-clinvar+pg_dms__bilstm__seed44,MLH1,P43246:141:M>A,0,0.06264006
train-clinvar+pg_dms__bilstm__seed44,MLH1,P43246:143:A>W,0,0.3109854
train-clinvar+pg_dms__bilstm__seed44,MLH1,P43246:143:A>N,0,0.09296205
train-clinvar+pg_dms__bilstm__seed44,MLH1,P43246:143:A>H,0,0.14729722
train-clinvar+pg_dms__bilstm__seed44,MLH1,P43246:143:A>M,0,0.1771662
train-clinvar+pg_dms__bilstm__seed44,MLH1,P43246:143:A>G,0,0.092609085
train-clinvar+pg_dms__bilstm__seed44,MLH1,P43246:143:A>F,0,0.10753009
train-clinvar+pg_dms__bilstm__seed44,MLH1,P43246:143:A>E,0,0.18778515
train-clinvar+pg_dms__bilstm__seed44,MLH1,P43246:143:A>P,0,0.13402347
train-clinvar+pg_dms__bilstm__seed44,MLH1,P43246:143:A>D,0,0.1816932
train-clinvar+pg_dms__bilstm__seed44,MLH1,P43246:143:A>C,0,0.08702882
train-clinvar+pg_dms__bilstm__seed44,MLH1,P43246:143:A>V,0,0.09453714
train-clinvar+pg_dms__bilstm__seed44,MLH1,P43246:143:A>I,0,0.1210902
train-clinvar+pg_dms__bilstm__seed44,MLH1,P43246:143:A>L,0,0.10306592
train-clinvar+pg_dms__bilstm__seed44,MLH1,P43246:143:A>Y,0,0.14522749
train-clinvar+pg_dms__bilstm__seed44,MLH1,P43246:143:A>S,0,0.08033524
train-clinvar+pg_dms__bilstm__seed44,MLH1,P43246:143:A>R,0,0.2001717
train-clinvar+pg_dms__bilstm__seed44,MLH1,P43246:143:A>Q,0,0.14249419
train-clinvar+pg_dms__bilstm__seed44,MLH1,P43246:147:V>I,0,0.21638818
train-clinvar+pg_dms__bilstm__seed44,MLH1,P43246:147:V>H,1,0.9794068
train-clinvar+pg_dms__bilstm__seed44,MLH1,P43246:147:V>M,1,0.5128821
train-clinvar+pg_dms__bilstm__seed44,MLH1,P43246:147:V>F,0,0.8382794
train-clinvar+pg_dms__bilstm__seed44,MLH1,P43246:147:V>E,1,0.9856824
train-clinvar+pg_dms__bilstm__seed44,MLH1,P43246:147:V>D,1,0.98873186
train-clinvar+pg_dms__bilstm__seed44,MLH1,P43246:147:V>C,0,0.88992083
train-clinvar+pg_dms__bilstm__seed44,MLH1,P43246:147:V>A,0,0.40549558
train-clinvar+pg_dms__bilstm__seed44,MLH1,P43246:147:V>G,0,0.8048608
train-clinvar+pg_dms__bilstm__seed44,MLH1,P43246:147:V>W,1,0.979255
train-clinvar+pg_dms__bilstm__seed44,MLH1,P43246:147:V>T,0,0.3941938
train-clinvar+pg_dms__bilstm__seed44,MLH1,P43246:147:V>S,0,0.77261144
train-clinvar+pg_dms__bilstm__seed44,MLH1,P43246:147:V>R,1,0.9706268
train-clinvar+pg_dms__bilstm__seed44,MLH1,P43246:147:V>P,0,0.99205524
train-clinvar+pg_dms__bilstm__seed44,MLH1,P43246:147:V>N,0,0.9456852
train-clinvar+pg_dms__bilstm__seed44,MLH1,P43246:147:V>K,1,0.9778635
train-clinvar+pg_dms__bilstm__seed44,MLH1,P43246:147:V>L,0,0.5258676
train-clinvar+pg_dms__bilstm__seed44,MLH1,P43246:159:R>G,0,0.09144767
train-clinvar+pg_dms__bilstm__seed44,MLH1,P43246:159:R>H,0,0.03177363
train-clinvar+pg_dms__bilstm__seed44,MLH1,P43246:159:R>Q,0,0.043079145
train-clinvar+pg_dms__bilstm__seed44,MLH1,P43246:159:R>M,0,0.24568811
train-clinvar+pg_dms__bilstm__seed44,MLH1,P43246:159:R>P,0,0.59084
train-clinvar+pg_dms__bilstm__seed44,MLH1,P43246:159:R>F,0,0.081093945
train-clinvar+pg_dms__bilstm__seed44,MLH1,P43246:159:R>S,0,0.12619893
train-clinvar+pg_dms__bilstm__seed44,MLH1,P43246:159:R>T,0,0.06318452
train-clinvar+pg_dms__bilstm__seed44,MLH1,P43246:159:R>V,0,0.07896182
train-clinvar+pg_dms__bilstm__seed44,MLH1,P43246:159:R>W,1,0.17644478
train-clinvar+pg_dms__bilstm__seed44,MLH1,P43246:159:R>Y,0,0.06832267
train-clinvar+pg_dms__bilstm__seed44,MLH1,P43246:159:R>L,0,0.074814074
train-clinvar+pg_dms__bilstm__seed44,MLH1,P43246:159:R>D,0,0.6825401
train-clinvar+pg_dms__bilstm__seed44,MLH1,P43246:159:R>A,0,0.10162614
train-clinvar+pg_dms__bilstm__seed44,MLH1,P43246:159:R>C,0,0.025319017
train-clinvar+pg_dms__bilstm__seed44,MLH1,P43246:162:G>C,0,0.88647705
train-clinvar+pg_dms__bilstm__seed44,MLH1,P43246:162:G>Y,0,0.93924946
train-clinvar+pg_dms__bilstm__seed44,MLH1,P43246:162:G>W,1,0.95575345
train-clinvar+pg_dms__bilstm__seed44,MLH1,P43246:162:G>V,1,0.89836776
train-clinvar+pg_dms__bilstm__seed44,MLH1,P43246:162:G>T,1,0.94976616
train-clinvar+pg_dms__bilstm__seed44,MLH1,P43246:162:G>Q,1,0.9517398
train-clinvar+pg_dms__bilstm__seed44,MLH1,P43246:162:G>P,1,0.99185795
train-clinvar+pg_dms__bilstm__seed44,MLH1,P43246:162:G>S,0,0.8075284
train-clinvar+pg_dms__bilstm__seed44,MLH1,P43246:162:G>M,1,0.9595456
train-clinvar+pg_dms__bilstm__seed44,MLH1,P43246:162:G>L,1,0.96751046
train-clinvar+pg_dms__bilstm__seed44,MLH1,P43246:162:G>K,1,0.9635805
train-clinvar+pg_dms__bilstm__seed44,MLH1,P43246:162:G>I,1,0.9576357
train-clinvar+pg_dms__bilstm__seed44,MLH1,P43246:162:G>H,0,0.9621719
train-clinvar+pg_dms__bilstm__seed44,MLH1,P43246:162:G>E,1,0.9767844
train-clinvar+pg_dms__bilstm__seed44,MLH1,P43246:162:G>D,1,0.9827397
train-clinvar+pg_dms__bilstm__seed44,MLH1,P43246:162:G>N,0,0.9756232
train-clinvar+pg_dms__bilstm__seed44,MLH1,P43246:163:V>M,0,0.4655217
train-clinvar+pg_dms__bilstm__seed44,MLH1,P43246:163:V>S,1,0.9201417
train-clinvar+pg_dms__bilstm__seed44,MLH1,P43246:163:V>R,1,0.9894817
train-clinvar+pg_dms__bilstm__seed44,MLH1,P43246:163:V>Q,1,0.9812517
train-clinvar+pg_dms__bilstm__seed44,MLH1,P43246:163:V>P,1,0.99511874
train-clinvar+pg_dms__bilstm__seed44,MLH1,P43246:163:V>N,1,0.98157954
train-clinvar+pg_dms__bilstm__seed44,MLH1,P43246:163:V>L,0,0.34662598
train-clinvar+pg_dms__bilstm__seed44,MLH1,P43246:163:V>A,0,0.32121828
train-clinvar+pg_dms__bilstm__seed44,MLH1,P43246:163:V>H,1,0.9836442
train-clinvar+pg_dms__bilstm__seed44,MLH1,P43246:163:V>F,0,0.41478714
train-clinvar+pg_dms__bilstm__seed44,MLH1,P43246:163:V>E,1,0.9899888
train-clinvar+pg_dms__bilstm__seed44,MLH1,P43246:163:V>C,0,0.85798496
train-clinvar+pg_dms__bilstm__seed44,MLH1,P43246:163:V>W,1,0.98240066
train-clinvar+pg_dms__bilstm__seed44,MLH1,P43246:163:V>K,1,0.9852115
train-clinvar+pg_dms__bilstm__seed44,MLH1,P43246:163:V>Y,1,0.97514933
train-clinvar+pg_dms__bilstm__seed44,MLH1,P43246:163:V>T,1,0.58525836
train-clinvar+pg_dms__bilstm__seed44,MLH1,P43246:164:G>Y,1,0.96744573
train-clinvar+pg_dms__bilstm__seed44,MLH1,P43246:164:G>S,0,0.41117823
train-clinvar+pg_dms__bilstm__seed44,MLH1,P43246:164:G>Q,1,0.96282744
train-clinvar+pg_dms__bilstm__seed44,MLH1,P43246:164:G>P,1,0.9900973
train-clinvar+pg_dms__bilstm__seed44,MLH1,P43246:164:G>N,1,0.9778139
train-clinvar+pg_dms__bilstm__seed44,MLH1,P43246:164:G>M,1,0.95872533
train-clinvar+pg_dms__bilstm__seed44,MLH1,P43246:164:G>L,1,0.96289206
train-clinvar+pg_dms__bilstm__seed44,MLH1,P43246:164:G>K,1,0.96654254
train-clinvar+pg_dms__bilstm__seed44,MLH1,P43246:164:G>I,1,0.96382284
train-clinvar+pg_dms__bilstm__seed44,MLH1,P43246:164:G>H,1,0.972948
train-clinvar+pg_dms__bilstm__seed44,MLH1,P43246:164:G>F,1,0.96203065
train-clinvar+pg_dms__bilstm__seed44,MLH1,P43246:164:G>D,1,0.98505497
train-clinvar+pg_dms__bilstm__seed44,MLH1,P43246:164:G>C,0,0.59150064
train-clinvar+pg_dms__bilstm__seed44,MLH1,P43246:164:G>T,1,0.8839415
train-clinvar+pg_dms__bilstm__seed44,MLH1,P43246:164:G>A,0,0.18136646
train-clinvar+pg_dms__bilstm__seed44,MLH1,P43246:164:G>V,1,0.88814956
train-clinvar+pg_dms__bilstm__seed44,MLH1,P43246:165:Y>A,0,0.7808941
train-clinvar+pg_dms__bilstm__seed44,MLH1,P43246:165:Y>W,0,0.40271297
train-clinvar+pg_dms__bilstm__seed44,MLH1,P43246:165:Y>V,0,0.4025613
train-clinvar+pg_dms__bilstm__seed44,MLH1,P43246:165:Y>T,0,0.73281026
train-clinvar+pg_dms__bilstm__seed44,MLH1,P43246:165:Y>S,0,0.5467666
train-clinvar+pg_dms__bilstm__seed44,MLH1,P43246:165:Y>R,1,0.9386262
train-clinvar+pg_dms__bilstm__seed44,MLH1,P43246:165:Y>P,1,0.9746096
train-clinvar+pg_dms__bilstm__seed44,MLH1,P43246:165:Y>L,0,0.56984127
train-clinvar+pg_dms__bilstm__seed44,MLH1,P43246:165:Y>K,1,0.91895145
train-clinvar+pg_dms__bilstm__seed44,MLH1,P43246:165:Y>I,0,0.6120955
train-clinvar+pg_dms__bilstm__seed44,MLH1,P43246:165:Y>H,0,0.53792465
train-clinvar+pg_dms__bilstm__seed44,MLH1,P43246:165:Y>G,0,0.8193912
train-clinvar+pg_dms__bilstm__seed44,MLH1,P43246:165:Y>F,0,0.14295709
train-clinvar+pg_dms__bilstm__seed44,MLH1,P43246:165:Y>E,1,0.94132864
train-clinvar+pg_dms__bilstm__seed44,MLH1,P43246:165:Y>M,0,0.70780593
train-clinvar+pg_dms__bilstm__seed44,MLH1,P43246:169:I>P,0,0.29697177
train-clinvar+pg_dms__bilstm__seed44,MLH1,P43246:169:I>R,0,0.17636424
train-clinvar+pg_dms__bilstm__seed44,MLH1,P43246:169:I>Q,0,0.11212791
train-clinvar+pg_dms__bilstm__seed44,MLH1,P43246:169:I>M,0,0.20667507
train-clinvar+pg_dms__bilstm__seed44,MLH1,P43246:169:I>S,0,0.020425433
train-clinvar+pg_dms__bilstm__seed44,MLH1,P43246:169:I>L,0,0.02183572
train-clinvar+pg_dms__bilstm__seed44,MLH1,P43246:169:I>H,0,0.06625091
train-clinvar+pg_dms__bilstm__seed44,MLH1,P43246:169:I>E,0,0.28728873
train-clinvar+pg_dms__bilstm__seed44,MLH1,P43246:169:I>D,0,0.32969707
train-clinvar+pg_dms__bilstm__seed44,MLH1,P43246:169:I>C,0,0.03561658
train-clinvar+pg_dms__bilstm__seed44,MLH1,P43246:169:I>A,0,0.037110984
train-clinvar+pg_dms__bilstm__seed44,MLH1,P43246:169:I>N,0,0.029238941
train-clinvar+pg_dms__bilstm__seed44,MLH1,P43246:169:I>T,0,0.019274829
train-clinvar+pg_dms__bilstm__seed44,MLH1,P43246:169:I>G,0,0.036908958
train-clinvar+pg_dms__bilstm__seed44,MLH1,P43246:169:I>W,0,0.4008316
train-clinvar+pg_dms__bilstm__seed44,MLH1,P43246:169:I>Y,0,0.087505035
train-clinvar+pg_dms__bilstm__seed44,MLH1,P43246:173:L>W,0,0.8294529
train-clinvar+pg_dms__bilstm__seed44,MLH1,P43246:173:L>D,1,0.98614097
train-clinvar+pg_dms__bilstm__seed44,MLH1,P43246:173:L>G,1,0.9293002
train-clinvar+pg_dms__bilstm__seed44,MLH1,P43246:173:L>H,1,0.9074748
train-clinvar+pg_dms__bilstm__seed44,MLH1,P43246:173:L>I,0,0.08408285
train-clinvar+pg_dms__bilstm__seed44,MLH1,P43246:173:L>K,1,0.9779063
train-clinvar+pg_dms__bilstm__seed44,MLH1,P43246:173:L>M,0,0.29986703
train-clinvar+pg_dms__bilstm__seed44,MLH1,P43246:173:L>N,1,0.9530686
train-clinvar+pg_dms__bilstm__seed44,MLH1,P43246:173:L>A,0,0.59950197
train-clinvar+pg_dms__bilstm__seed44,MLH1,P43246:173:L>V,0,0.09578888
train-clinvar+pg_dms__bilstm__seed44,MLH1,P43246:173:L>Q,1,0.96581984
train-clinvar+pg_dms__bilstm__seed44,MLH1,P43246:173:L>F,0,0.098038666
train-clinvar+pg_dms__bilstm__seed44,MLH1,P43246:173:L>E,1,0.9782405
train-clinvar+pg_dms__bilstm__seed44,MLH1,P43246:173:L>S,1,0.887215
train-clinvar+pg_dms__bilstm__seed44,MLH1,P43246:173:L>T,1,0.80699027
train-clinvar+pg_dms__bilstm__seed44,MLH1,P43246:175:L>C,0,0.34018496
train-clinvar+pg_dms__bilstm__seed44,MLH1,P43246:175:L>A,0,0.39506623
train-clinvar+pg_dms__bilstm__seed44,MLH1,P43246:175:L>F,0,0.13007304
train-clinvar+pg_dms__bilstm__seed44,MLH1,P43246:175:L>G,0,0.8739571
train-clinvar+pg_dms__bilstm__seed44,MLH1,P43246:175:L>H,0,0.7126807
train-clinvar+pg_dms__bilstm__seed44,MLH1,P43246:175:L>I,0,0.095202066
train-clinvar+pg_dms__bilstm__seed44,MLH1,P43246:175:L>K,0,0.9350728
train-clinvar+pg_dms__bilstm__seed44,MLH1,P43246:175:L>M,0,0.26917994
train-clinvar+pg_dms__bilstm__seed44,MLH1,P43246:175:L>Q,0,0.71228296
train-clinvar+pg_dms__bilstm__seed44,MLH1,P43246:175:L>S,0,0.59768134
train-clinvar+pg_dms__bilstm__seed44,MLH1,P43246:175:L>T,0,0.27518737
train-clinvar+pg_dms__bilstm__seed44,MLH1,P43246:175:L>V,0,0.10577822
train-clinvar+pg_dms__bilstm__seed44,MLH1,P43246:175:L>W,0,0.6985501
train-clinvar+pg_dms__bilstm__seed44,MLH1,P43246:175:L>Y,0,0.502738
train-clinvar+pg_dms__bilstm__seed44,MLH1,P43246:175:L>D,1,0.97975403
train-clinvar+pg_dms__bilstm__seed44,MLH1,P43246:175:L>R,1,0.84245515
train-clinvar+pg_dms__bilstm__seed44,MLH1,P43246:177:E>A,0,0.023405984
train-clinvar+pg_dms__bilstm__seed44,MLH1,P43246:177:E>C,0,0.16394208
train-clinvar+pg_dms__bilstm__seed44,MLH1,P43246:177:E>N,1,0.03854513
train-clinvar+pg_dms__bilstm__seed44,MLH1,P43246:177:E>P,0,0.8775751
train-clinvar+pg_dms__bilstm__seed44,MLH1,P43246:177:E>Q,0,0.022656262
train-clinvar+pg_dms__bilstm__seed44,MLH1,P43246:177:E>R,0,0.231095
train-clinvar+pg_dms__bilstm__seed44,MLH1,P43246:177:E>M,0,0.31131265
train-clinvar+pg_dms__bilstm__seed44,MLH1,P43246:177:E>W,0,0.7524713
train-clinvar+pg_dms__bilstm__seed44,MLH1,P43246:177:E>Y,0,0.36822057
train-clinvar+pg_dms__bilstm__seed44,MLH1,P43246:177:E>H,0,0.13428135
train-clinvar+pg_dms__bilstm__seed44,MLH1,P43246:177:E>I,0,0.115947835
train-clinvar+pg_dms__bilstm__seed44,MLH1,P43246:177:E>L,0,0.18313225
train-clinvar+pg_dms__bilstm__seed44,MLH1,P43246:177:E>S,0,0.014204813
train-clinvar+pg_dms__bilstm__seed44,MLH1,P43246:177:E>T,0,0.02129968
train-clinvar+pg_dms__bilstm__seed44,MLH1,P43246:178:F>C,1,0.39984122
train-clinvar+pg_dms__bilstm__seed44,MLH1,P43246:178:F>D,1,0.7648952
train-clinvar+pg_dms__bilstm__seed44,MLH1,P43246:178:F>E,1,0.7377639
train-clinvar+pg_dms__bilstm__seed44,MLH1,P43246:178:F>G,1,0.6338883
train-clinvar+pg_dms__bilstm__seed44,MLH1,P43246:178:F>I,0,0.16052154
train-clinvar+pg_dms__bilstm__seed44,MLH1,P43246:178:F>K,1,0.753169
train-clinvar+pg_dms__bilstm__seed44,MLH1,P43246:178:F>W,0,0.66139203
train-clinvar+pg_dms__bilstm__seed44,MLH1,P43246:178:F>V,0,0.25194353
train-clinvar+pg_dms__bilstm__seed44,MLH1,P43246:178:F>T,1,0.47576767
train-clinvar+pg_dms__bilstm__seed44,MLH1,P43246:178:F>S,1,0.5073507
train-clinvar+pg_dms__bilstm__seed44,MLH1,P43246:178:F>R,1,0.72777903
train-clinvar+pg_dms__bilstm__seed44,MLH1,P43246:178:F>P,1,0.8571866
train-clinvar+pg_dms__bilstm__seed44,MLH1,P43246:178:F>N,1,0.649795
train-clinvar+pg_dms__bilstm__seed44,MLH1,P43246:178:F>M,0,0.5910965
train-clinvar+pg_dms__bilstm__seed44,MLH1,P43246:178:F>A,1,0.6215887
train-clinvar+pg_dms__bilstm__seed44,MLH1,P43246:178:F>Q,1,0.5796776
train-clinvar+pg_dms__bilstm__seed44,MLH1,P43246:188:E>T,0,0.52196115
train-clinvar+pg_dms__bilstm__seed44,MLH1,P43246:188:E>I,1,0.7261215
train-clinvar+pg_dms__bilstm__seed44,MLH1,P43246:188:E>H,0,0.714914
train-clinvar+pg_dms__bilstm__seed44,MLH1,P43246:188:E>G,0,0.42296
train-clinvar+pg_dms__bilstm__seed44,MLH1,P43246:188:E>F,0,0.70150346
train-clinvar+pg_dms__bilstm__seed44,MLH1,P43246:188:E>K,0,0.74881434
train-clinvar+pg_dms__bilstm__seed44,MLH1,P43246:188:E>S,0,0.46593118
train-clinvar+pg_dms__bilstm__seed44,MLH1,P43246:188:E>D,0,0.6453388
train-clinvar+pg_dms__bilstm__seed44,MLH1,P43246:188:E>R,0,0.8315653
train-clinvar+pg_dms__bilstm__seed44,MLH1,P43246:188:E>V,0,0.61917704
train-clinvar+pg_dms__bilstm__seed44,MLH1,P43246:188:E>W,0,0.7271228
train-clinvar+pg_dms__bilstm__seed44,MLH1,P43246:188:E>M,0,0.7460379
train-clinvar+pg_dms__bilstm__seed44,MLH1,P43246:188:E>N,0,0.7761725
train-clinvar+pg_dms__bilstm__seed44,MLH1,P43246:188:E>P,1,0.86754507
train-clinvar+pg_dms__bilstm__seed44,MLH1,P43246:188:E>A,0,0.43926322
train-clinvar+pg_dms__bilstm__seed44,MLH1,P43246:188:E>Y,1,0.6895966
train-clinvar+pg_dms__bilstm__seed44,MLH1,P43246:188:E>L,0,0.69567513
train-clinvar+pg_dms__bilstm__seed44,MLH1,P43246:190:L>W,1,0.56164145
train-clinvar+pg_dms__bilstm__seed44,MLH1,P43246:190:L>M,0,0.30245584
train-clinvar+pg_dms__bilstm__seed44,MLH1,P43246:190:L>H,0,0.6422713
train-clinvar+pg_dms__bilstm__seed44,MLH1,P43246:190:L>P,1,0.9599332
train-clinvar+pg_dms__bilstm__seed44,MLH1,P43246:190:L>Q,1,0.6331767
train-clinvar+pg_dms__bilstm__seed44,MLH1,P43246:190:L>R,0,0.93021655
train-clinvar+pg_dms__bilstm__seed44,MLH1,P43246:190:L>S,0,0.52379954
train-clinvar+pg_dms__bilstm__seed44,MLH1,P43246:190:L>T,0,0.24223293
train-clinvar+pg_dms__bilstm__seed44,MLH1,P43246:190:L>V,0,0.17389609
train-clinvar+pg_dms__bilstm__seed44,MLH1,P43246:190:L>G,0,0.74663126
train-clinvar+pg_dms__bilstm__seed44,MLH1,P43246:190:L>E,1,0.8963973
train-clinvar+pg_dms__bilstm__seed44,MLH1,P43246:190:L>I,0,0.08300843
train-clinvar+pg_dms__bilstm__seed44,MLH1,P43246:190:L>K,0,0.9138856
train-clinvar+pg_dms__bilstm__seed44,MLH1,P43246:190:L>A,0,0.23241733
train-clinvar+pg_dms__bilstm__seed44,MLH1,P43246:190:L>C,0,0.18394826
train-clinvar+pg_dms__bilstm__seed44,MLH1,P43246:190:L>D,1,0.95960194
train-clinvar+pg_dms__bilstm__seed44,MLH1,P43246:195:G>C,0,0.03851996
train-clinvar+pg_dms__bilstm__seed44,MLH1,P43246:195:G>A,0,0.067269005
train-clinvar+pg_dms__bilstm__seed44,MLH1,P43246:195:G>D,0,0.30771413
train-clinvar+pg_dms__bilstm__seed44,MLH1,P43246:195:G>E,0,0.267692
train-clinvar+pg_dms__bilstm__seed44,MLH1,P43246:195:G>F,0,0.31868798
train-clinvar+pg_dms__bilstm__seed44,MLH1,P43246:195:G>H,0,0.20335953
train-clinvar+pg_dms__bilstm__seed44,MLH1,P43246:195:G>I,1,0.2743418
train-clinvar+pg_dms__bilstm__seed44,MLH1,P43246:195:G>K,0,0.48838875
train-clinvar+pg_dms__bilstm__seed44,MLH1,P43246:195:G>L,0,0.18730515
train-clinvar+pg_dms__bilstm__seed44,MLH1,P43246:195:G>N,0,0.093670696
train-clinvar+pg_dms__bilstm__seed44,MLH1,P43246:195:G>P,1,0.7974059
train-clinvar+pg_dms__bilstm__seed44,MLH1,P43246:195:G>M,0,0.32359833
train-clinvar+pg_dms__bilstm__seed44,MLH1,P43246:195:G>R,0,0.37750357
train-clinvar+pg_dms__bilstm__seed44,MLH1,P43246:195:G>S,0,0.037653077
train-clinvar+pg_dms__bilstm__seed44,MLH1,P43246:195:G>T,0,0.05780926
train-clinvar+pg_dms__bilstm__seed44,MLH1,P43246:195:G>V,0,0.13007623
train-clinvar+pg_dms__bilstm__seed44,MLH1,P43246:195:G>W,0,0.42170516
train-clinvar+pg_dms__bilstm__seed44,MLH1,P43246:195:G>Y,0,0.22587743
train-clinvar+pg_dms__bilstm__seed44,MLH1,P43246:195:G>Q,0,0.21079361
train-clinvar+pg_dms__bilstm__seed44,MLH1,P43246:196:P>K,0,0.54399085
train-clinvar+pg_dms__bilstm__seed44,MLH1,P43246:196:P>I,0,0.22181809
train-clinvar+pg_dms__bilstm__seed44,MLH1,P43246:196:P>H,0,0.26727262
train-clinvar+pg_dms__bilstm__seed44,MLH1,P43246:196:P>G,0,0.17523482
train-clinvar+pg_dms__bilstm__seed44,MLH1,P43246:196:P>C,0,0.08430283
train-clinvar+pg_dms__bilstm__seed44,MLH1,P43246:196:P>F,0,0.24053925
train-clinvar+pg_dms__bilstm__seed44,MLH1,P43246:196:P>A,0,0.04589803
train-clinvar+pg_dms__bilstm__seed44,MLH1,P43246:196:P>E,1,0.5493867
train-clinvar+pg_dms__bilstm__seed44,MLH1,P43246:196:P>L,0,0.18659702
train-clinvar+pg_dms__bilstm__seed44,MLH1,P43246:196:P>Y,0,0.27916414
train-clinvar+pg_dms__bilstm__seed44,MLH1,P43246:196:P>M,0,0.49076006
train-clinvar+pg_dms__bilstm__seed44,MLH1,P43246:196:P>W,0,0.56642514
train-clinvar+pg_dms__bilstm__seed44,MLH1,P43246:196:P>R,1,0.457817
train-clinvar+pg_dms__bilstm__seed44,MLH1,P43246:196:P>S,0,0.26907974
train-clinvar+pg_dms__bilstm__seed44,MLH1,P43246:196:P>T,0,0.055291932
train-clinvar+pg_dms__bilstm__seed44,MLH1,P43246:196:P>V,0,0.07904613
train-clinvar+pg_dms__bilstm__seed44,MLH1,P43246:196:P>N,0,0.3142078
train-clinvar+pg_dms__bilstm__seed44,MLH1,P43246:198:E>Y,1,0.4011832
train-clinvar+pg_dms__bilstm__seed44,MLH1,P43246:198:E>S,1,0.4949418
train-clinvar+pg_dms__bilstm__seed44,MLH1,P43246:198:E>R,1,0.6530871
train-clinvar+pg_dms__bilstm__seed44,MLH1,P43246:198:E>P,1,0.9275262
train-clinvar+pg_dms__bilstm__seed44,MLH1,P43246:198:E>N,1,0.68399423
train-clinvar+pg_dms__bilstm__seed44,MLH1,P43246:198:E>M,1,0.8747069
train-clinvar+pg_dms__bilstm__seed44,MLH1,P43246:198:E>L,1,0.64918464
train-clinvar+pg_dms__bilstm__seed44,MLH1,P43246:198:E>K,1,0.83072215
train-clinvar+pg_dms__bilstm__seed44,MLH1,P43246:198:E>I,1,0.6005908
train-clinvar+pg_dms__bilstm__seed44,MLH1,P43246:198:E>H,1,0.53056693
train-clinvar+pg_dms__bilstm__seed44,MLH1,P43246:198:E>F,1,0.6117845
train-clinvar+pg_dms__bilstm__seed44,MLH1,P43246:198:E>D,0,0.9306572
train-clinvar+pg_dms__bilstm__seed44,MLH1,P43246:198:E>C,1,0.4270994
train-clinvar+pg_dms__bilstm__seed44,MLH1,P43246:198:E>A,1,0.5945108
train-clinvar+pg_dms__bilstm__seed44,MLH1,P43246:198:E>V,1,0.49434364
train-clinvar+pg_dms__bilstm__seed44,MLH1,P43246:198:E>W,1,0.8112717
train-clinvar+pg_dms__bilstm__seed44,MLH1,P43246:198:E>T,1,0.524414
train-clinvar+pg_dms__bilstm__seed44,MLH1,P43246:199:C>W,1,0.96881413
train-clinvar+pg_dms__bilstm__seed44,MLH1,P43246:199:C>L,0,0.7908895
train-clinvar+pg_dms__bilstm__seed44,MLH1,P43246:199:C>V,0,0.2167966
train-clinvar+pg_dms__bilstm__seed44,MLH1,P43246:199:C>S,0,0.89031345
train-clinvar+pg_dms__bilstm__seed44,MLH1,P43246:199:C>T,0,0.9006384
train-clinvar+pg_dms__bilstm__seed44,MLH1,P43246:199:C>N,1,0.98260766
train-clinvar+pg_dms__bilstm__seed44,MLH1,P43246:199:C>P,1,0.9905922
train-clinvar+pg_dms__bilstm__seed44,MLH1,P43246:199:C>Q,1,0.976558
train-clinvar+pg_dms__bilstm__seed44,MLH1,P43246:199:C>A,0,0.5429187
train-clinvar+pg_dms__bilstm__seed44,MLH1,P43246:199:C>D,1,0.9894811
train-clinvar+pg_dms__bilstm__seed44,MLH1,P43246:199:C>M,0,0.9248121
train-clinvar+pg_dms__bilstm__seed44,MLH1,P43246:199:C>G,0,0.6963689
train-clinvar+pg_dms__bilstm__seed44,MLH1,P43246:199:C>H,1,0.9708773
train-clinvar+pg_dms__bilstm__seed44,MLH1,P43246:199:C>I,0,0.4359011
train-clinvar+pg_dms__bilstm__seed44,MLH1,P43246:199:C>K,1,0.98401976
train-clinvar+pg_dms__bilstm__seed44,MLH1,P43246:199:C>E,1,0.9844365
train-clinvar+pg_dms__bilstm__seed44,MLH1,P43246:202:P>W,1,0.47696498
train-clinvar+pg_dms__bilstm__seed44,MLH1,P43246:202:P>A,0,0.022509836
train-clinvar+pg_dms__bilstm__seed44,MLH1,P43246:202:P>C,0,0.031965673
train-clinvar+pg_dms__bilstm__seed44,MLH1,P43246:202:P>D,0,0.6626573
train-clinvar+pg_dms__bilstm__seed44,MLH1,P43246:202:P>F,0,0.04237699
train-clinvar+pg_dms__bilstm__seed44,MLH1,P43246:202:P>G,0,0.053468827
train-clinvar+pg_dms__bilstm__seed44,MLH1,P43246:202:P>H,0,0.027113436
train-clinvar+pg_dms__bilstm__seed44,MLH1,P43246:202:P>I,0,0.022883033
train-clinvar+pg_dms__bilstm__seed44,MLH1,P43246:202:P>L,0,0.09151433
train-clinvar+pg_dms__bilstm__seed44,MLH1,P43246:202:P>M,0,0.11592878
train-clinvar+pg_dms__bilstm__seed44,MLH1,P43246:202:P>N,0,0.048158888
train-clinvar+pg_dms__bilstm__seed44,MLH1,P43246:202:P>R,0,0.21394856
train-clinvar+pg_dms__bilstm__seed44,MLH1,P43246:202:P>S,0,0.018805575
train-clinvar+pg_dms__bilstm__seed44,MLH1,P43246:202:P>T,0,0.020528976
train-clinvar+pg_dms__bilstm__seed44,MLH1,P43246:202:P>V,0,0.027545296
train-clinvar+pg_dms__bilstm__seed44,MLH1,P43246:202:P>K,0,0.44373572
train-clinvar+pg_dms__bilstm__seed44,MLH1,P43246:202:P>Y,0,0.039512817
train-clinvar+pg_dms__bilstm__seed44,MLH1,P43246:206:T>A,0,0.056218874
train-clinvar+pg_dms__bilstm__seed44,MLH1,P43246:206:T>C,0,0.023938505
train-clinvar+pg_dms__bilstm__seed44,MLH1,P43246:206:T>E,0,0.08804071
train-clinvar+pg_dms__bilstm__seed44,MLH1,P43246:206:T>F,0,0.020819154
train-clinvar+pg_dms__bilstm__seed44,MLH1,P43246:206:T>G,0,0.022165047
train-clinvar+pg_dms__bilstm__seed44,MLH1,P43246:206:T>H,0,0.025988825
train-clinvar+pg_dms__bilstm__seed44,MLH1,P43246:206:T>I,0,0.01940503
train-clinvar+pg_dms__bilstm__seed44,MLH1,P43246:206:T>V,0,0.028518423
train-clinvar+pg_dms__bilstm__seed44,MLH1,P43246:206:T>L,0,0.0347096
train-clinvar+pg_dms__bilstm__seed44,MLH1,P43246:206:T>M,1,0.06367335
train-clinvar+pg_dms__bilstm__seed44,MLH1,P43246:206:T>N,0,0.016941631
train-clinvar+pg_dms__bilstm__seed44,MLH1,P43246:206:T>P,0,0.042314917
train-clinvar+pg_dms__bilstm__seed44,MLH1,P43246:206:T>R,0,0.026232278
train-clinvar+pg_dms__bilstm__seed44,MLH1,P43246:206:T>S,0,0.047741715
train-clinvar+pg_dms__bilstm__seed44,MLH1,P43246:206:T>W,0,0.17074434
train-clinvar+pg_dms__bilstm__seed44,MLH1,P43246:206:T>K,0,0.067485444
train-clinvar+pg_dms__bilstm__seed44,MLH1,P43246:206:T>Q,0,0.027651282
train-clinvar+pg_dms__bilstm__seed44,MLH1,P43246:214:R>C,0,0.011368626
train-clinvar+pg_dms__bilstm__seed44,MLH1,P43246:214:R>Q,0,0.031664338
train-clinvar+pg_dms__bilstm__seed44,MLH1,P43246:214:R>P,0,0.39881897
train-clinvar+pg_dms__bilstm__seed44,MLH1,P43246:214:R>N,0,0.112033814
train-clinvar+pg_dms__bilstm__seed44,MLH1,P43246:214:R>M,0,0.2256711
train-clinvar+pg_dms__bilstm__seed44,MLH1,P43246:214:R>L,0,0.052541196
train-clinvar+pg_dms__bilstm__seed44,MLH1,P43246:214:R>D,0,0.33881795
train-clinvar+pg_dms__bilstm__seed44,MLH1,P43246:214:R>V,0,0.10336366
train-clinvar+pg_dms__bilstm__seed44,MLH1,P43246:214:R>I,0,0.16838174
train-clinvar+pg_dms__bilstm__seed44,MLH1,P43246:214:R>H,0,0.017366989
train-clinvar+pg_dms__bilstm__seed44,MLH1,P43246:214:R>G,0,0.14179373
train-clinvar+pg_dms__bilstm__seed44,MLH1,P43246:214:R>F,0,0.10437323
train-clinvar+pg_dms__bilstm__seed44,MLH1,P43246:214:R>E,0,0.15912208
train-clinvar+pg_dms__bilstm__seed44,MLH1,P43246:214:R>W,0,0.22032134
train-clinvar+pg_dms__bilstm__seed44,MLH1,P43246:214:R>Y,0,0.06284969
train-clinvar+pg_dms__bilstm__seed44,MLH1,P43246:214:R>A,0,0.067706
train-clinvar+pg_dms__bilstm__seed44,MLH1,P43246:214:R>S,0,0.06515192
train-clinvar+pg_dms__bilstm__seed44,MLH1,P43246:214:R>T,0,0.049221244
train-clinvar+pg_dms__bilstm__seed44,MLH1,P43246:220:G>W,0,0.429912
train-clinvar+pg_dms__bilstm__seed44,MLH1,P43246:220:G>V,1,0.039936427
train-clinvar+pg_dms__bilstm__seed44,MLH1,P43246:220:G>T,0,0.06224797
train-clinvar+pg_dms__bilstm__seed44,MLH1,P43246:220:G>S,0,0.04719448
train-clinvar+pg_dms__bilstm__seed44,MLH1,P43246:220:G>Q,0,0.3372572
train-clinvar+pg_dms__bilstm__seed44,MLH1,P43246:220:G>P,0,0.69956565
train-clinvar+pg_dms__bilstm__seed44,MLH1,P43246:220:G>L,0,0.23433423
train-clinvar+pg_dms__bilstm__seed44,MLH1,P43246:220:G>M,0,0.44419593
train-clinvar+pg_dms__bilstm__seed44,MLH1,P43246:220:G>K,0,0.464619
train-clinvar+pg_dms__bilstm__seed44,MLH1,P43246:220:G>I,0,0.2336934
train-clinvar+pg_dms__bilstm__seed44,MLH1,P43246:220:G>H,0,0.20938069
train-clinvar+pg_dms__bilstm__seed44,MLH1,P43246:220:G>C,0,0.022577047
train-clinvar+pg_dms__bilstm__seed44,MLH1,P43246:220:G>A,0,0.053651173
train-clinvar+pg_dms__bilstm__seed44,MLH1,P43246:220:G>N,0,0.09787757
train-clinvar+pg_dms__bilstm__seed44,MLH1,P43246:220:G>Y,0,0.19806133
train-clinvar+pg_dms__bilstm__seed44,MLH1,P43246:220:G>F,0,0.332675
train-clinvar+pg_dms__bilstm__seed44,MLH1,P43246:225:T>H,0,0.19724815
train-clinvar+pg_dms__bilstm__seed44,MLH1,P43246:225:T>F,1,0.28667518
train-clinvar+pg_dms__bilstm__seed44,MLH1,P43246:225:T>A,0,0.06546489
train-clinvar+pg_dms__bilstm__seed44,MLH1,P43246:225:T>D,0,0.89834106
train-clinvar+pg_dms__bilstm__seed44,MLH1,P43246:225:T>C,0,0.090660036
train-clinvar+pg_dms__bilstm__seed44,MLH1,P43246:225:T>L,0,0.12934224
train-clinvar+pg_dms__bilstm__seed44,MLH1,P43246:225:T>E,0,0.81399167
train-clinvar+pg_dms__bilstm__seed44,MLH1,P43246:225:T>M,0,0.20516561
train-clinvar+pg_dms__bilstm__seed44,MLH1,P43246:225:T>G,0,0.10859931
train-clinvar+pg_dms__bilstm__seed44,MLH1,P43246:225:T>P,1,0.94063675
train-clinvar+pg_dms__bilstm__seed44,MLH1,P43246:225:T>Y,1,0.33008075
train-clinvar+pg_dms__bilstm__seed44,MLH1,P43246:225:T>W,1,0.7952269
train-clinvar+pg_dms__bilstm__seed44,MLH1,P43246:225:T>V,0,0.16169496
train-clinvar+pg_dms__bilstm__seed44,MLH1,P43246:225:T>N,0,0.1276696
train-clinvar+pg_dms__bilstm__seed44,MLH1,P43246:225:T>Q,0,0.35672915
train-clinvar+pg_dms__bilstm__seed44,MLH1,P43246:225:T>S,0,0.0400598
train-clinvar+pg_dms__bilstm__seed44,MLH1,P43246:237:I>N,0,0.123766236
train-clinvar+pg_dms__bilstm__seed44,MLH1,P43246:237:I>Y,0,0.3518837
train-clinvar+pg_dms__bilstm__seed44,MLH1,P43246:237:I>W,0,0.70132726
train-clinvar+pg_dms__bilstm__seed44,MLH1,P43246:237:I>V,0,0.1300868
train-clinvar+pg_dms__bilstm__seed44,MLH1,P43246:237:I>T,0,0.07613732
train-clinvar+pg_dms__bilstm__seed44,MLH1,P43246:237:I>R,0,0.7050846
train-clinvar+pg_dms__bilstm__seed44,MLH1,P43246:237:I>P,0,0.87930644
train-clinvar+pg_dms__bilstm__seed44,MLH1,P43246:237:I>L,0,0.08250055
train-clinvar+pg_dms__bilstm__seed44,MLH1,P43246:237:I>Q,0,0.5775218
train-clinvar+pg_dms__bilstm__seed44,MLH1,P43246:237:I>H,0,0.4190309
train-clinvar+pg_dms__bilstm__seed44,MLH1,P43246:237:I>G,0,0.2095576
train-clinvar+pg_dms__bilstm__seed44,MLH1,P43246:237:I>F,0,0.10668723
train-clinvar+pg_dms__bilstm__seed44,MLH1,P43246:237:I>E,0,0.7449141
train-clinvar+pg_dms__bilstm__seed44,MLH1,P43246:237:I>D,0,0.8727484
train-clinvar+pg_dms__bilstm__seed44,MLH1,P43246:237:I>C,0,0.13917565
train-clinvar+pg_dms__bilstm__seed44,MLH1,P43246:237:I>A,0,0.08540041
train-clinvar+pg_dms__bilstm__seed44,MLH1,P43246:237:I>K,0,0.761437
train-clinvar+pg_dms__bilstm__seed44,MLH1,P43246:239:Q>D,0,0.26407903
train-clinvar+pg_dms__bilstm__seed44,MLH1,P43246:239:Q>W,0,0.39159387
train-clinvar+pg_dms__bilstm__seed44,MLH1,P43246:239:Q>V,0,0.07016894
train-clinvar+pg_dms__bilstm__seed44,MLH1,P43246:239:Q>T,0,0.020228112
train-clinvar+pg_dms__bilstm__seed44,MLH1,P43246:239:Q>S,0,0.022811182
train-clinvar+pg_dms__bilstm__seed44,MLH1,P43246:239:Q>R,0,0.21099249
train-clinvar+pg_dms__bilstm__seed44,MLH1,P43246:239:Q>P,0,0.19006032
train-clinvar+pg_dms__bilstm__seed44,MLH1,P43246:239:Q>N,0,0.082110204
train-clinvar+pg_dms__bilstm__seed44,MLH1,P43246:239:Q>M,0,0.2736023
train-clinvar+pg_dms__bilstm__seed44,MLH1,P43246:239:Q>L,0,0.03954759
train-clinvar+pg_dms__bilstm__seed44,MLH1,P43246:239:Q>K,0,0.23075183
train-clinvar+pg_dms__bilstm__seed44,MLH1,P43246:239:Q>A,0,0.06575025
train-clinvar+pg_dms__bilstm__seed44,MLH1,P43246:239:Q>I,0,0.16850021
train-clinvar+pg_dms__bilstm__seed44,MLH1,P43246:239:Q>H,0,0.11393176
train-clinvar+pg_dms__bilstm__seed44,MLH1,P43246:239:Q>G,0,0.041951913
train-clinvar+pg_dms__bilstm__seed44,MLH1,P43246:239:Q>C,0,0.12892441
train-clinvar+pg_dms__bilstm__seed44,MLH1,P43246:239:Q>F,0,0.18442701
train-clinvar+pg_dms__bilstm__seed44,MLH1,P43246:239:Q>E,0,0.19565746
train-clinvar+pg_dms__bilstm__seed44,MLH1,P43246:239:Q>Y,1,0.19254899
train-clinvar+pg_dms__bilstm__seed44,MLH1,P43246:243:R>I,0,0.33352372
train-clinvar+pg_dms__bilstm__seed44,MLH1,P43246:243:R>K,0,0.22047096
train-clinvar+pg_dms__bilstm__seed44,MLH1,P43246:243:R>G,0,0.52334267
train-clinvar+pg_dms__bilstm__seed44,MLH1,P43246:243:R>L,0,0.5410137
train-clinvar+pg_dms__bilstm__seed44,MLH1,P43246:243:R>M,0,0.758067
train-clinvar+pg_dms__bilstm__seed44,MLH1,P43246:243:R>N,0,0.41501755
train-clinvar+pg_dms__bilstm__seed44,MLH1,P43246:243:R>P,0,0.89846987
train-clinvar+pg_dms__bilstm__seed44,MLH1,P43246:243:R>Q,0,0.3518819
train-clinvar+pg_dms__bilstm__seed44,MLH1,P43246:243:R>S,0,0.24951743
train-clinvar+pg_dms__bilstm__seed44,MLH1,P43246:243:R>T,0,0.22644787
train-clinvar+pg_dms__bilstm__seed44,MLH1,P43246:243:R>H,0,0.10206613
train-clinvar+pg_dms__bilstm__seed44,MLH1,P43246:243:R>V,0,0.3255939
train-clinvar+pg_dms__bilstm__seed44,MLH1,P43246:243:R>F,0,0.45985073
train-clinvar+pg_dms__bilstm__seed44,MLH1,P43246:243:R>E,0,0.83777136
train-clinvar+pg_dms__bilstm__seed44,MLH1,P43246:243:R>D,0,0.8560727
train-clinvar+pg_dms__bilstm__seed44,MLH1,P43246:243:R>C,0,0.12630965
train-clinvar+pg_dms__bilstm__seed44,MLH1,P43246:243:R>A,0,0.571635
train-clinvar+pg_dms__bilstm__seed44,MLH1,P43246:243:R>Y,0,0.2168117
train-clinvar+pg_dms__bilstm__seed44,MLH1,P43246:245:L>I,0,0.06655957
train-clinvar+pg_dms__bilstm__seed44,MLH1,P43246:245:L>A,0,0.8155328
train-clinvar+pg_dms__bilstm__seed44,MLH1,P43246:245:L>C,0,0.3761857
train-clinvar+pg_dms__bilstm__seed44,MLH1,P43246:245:L>D,1,0.98613435
train-clinvar+pg_dms__bilstm__seed44,MLH1,P43246:245:L>E,0,0.9728705
train-clinvar+pg_dms__bilstm__seed44,MLH1,P43246:245:L>Y,0,0.8916795
train-clinvar+pg_dms__bilstm__seed44,MLH1,P43246:245:L>V,0,0.050892178
train-clinvar+pg_dms__bilstm__seed44,MLH1,P43246:245:L>T,0,0.3421163
train-clinvar+pg_dms__bilstm__seed44,MLH1,P43246:245:L>S,0,0.8679475
train-clinvar+pg_dms__bilstm__seed44,MLH1,P43246:245:L>R,0,0.9165044
train-clinvar+pg_dms__bilstm__seed44,MLH1,P43246:245:L>P,1,0.99043953
train-clinvar+pg_dms__bilstm__seed44,MLH1,P43246:245:L>N,0,0.9423601
train-clinvar+pg_dms__bilstm__seed44,MLH1,P43246:245:L>M,0,0.2770238
train-clinvar+pg_dms__bilstm__seed44,MLH1,P43246:245:L>G,0,0.9148555
train-clinvar+pg_dms__bilstm__seed44,MLH1,P43246:245:L>H,0,0.90399927
train-clinvar+pg_dms__bilstm__seed44,MLH1,P43246:245:L>K,0,0.96280324
train-clinvar+pg_dms__bilstm__seed44,MLH1,P43246:245:L>Q,0,0.797025
train-clinvar+pg_dms__bilstm__seed44,MLH1,P43246:247:G>E,0,0.07329826
train-clinvar+pg_dms__bilstm__seed44,MLH1,P43246:247:G>F,0,0.041153632
train-clinvar+pg_dms__bilstm__seed44,MLH1,P43246:247:G>M,0,0.11977
train-clinvar+pg_dms__bilstm__seed44,MLH1,P43246:247:G>N,0,0.020934984
train-clinvar+pg_dms__bilstm__seed44,MLH1,P43246:247:G>P,0,0.13535264
train-clinvar+pg_dms__bilstm__seed44,MLH1,P43246:247:G>Q,0,0.040101033
train-clinvar+pg_dms__bilstm__seed44,MLH1,P43246:247:G>H,0,0.025463508
train-clinvar+pg_dms__bilstm__seed44,MLH1,P43246:247:G>S,0,0.013243737
train-clinvar+pg_dms__bilstm__seed44,MLH1,P43246:247:G>T,0,0.014854297
train-clinvar+pg_dms__bilstm__seed44,MLH1,P43246:247:G>V,0,0.019840615
train-clinvar+pg_dms__bilstm__seed44,MLH1,P43246:247:G>W,0,0.14615265
train-clinvar+pg_dms__bilstm__seed44,MLH1,P43246:247:G>Y,0,0.025223168
train-clinvar+pg_dms__bilstm__seed44,MLH1,P43246:247:G>D,0,0.056878224
train-clinvar+pg_dms__bilstm__seed44,MLH1,P43246:247:G>I,0,0.029888235
train-clinvar+pg_dms__bilstm__seed44,MLH1,P43246:247:G>R,0,0.036010798
train-clinvar+pg_dms__bilstm__seed44,MLH1,P43246:247:G>C,0,0.0110565135
train-clinvar+pg_dms__bilstm__seed44,MLH1,P43246:247:G>K,0,0.08003452
train-clinvar+pg_dms__bilstm__seed44,MLH1,P43246:247:G>L,0,0.029931366
train-clinvar+pg_dms__bilstm__seed44,MLH1,P43246:247:G>A,0,0.0274695
train-clinvar+pg_dms__bilstm__seed44,MLH1,P43246:249:K>H,0,0.015524733
train-clinvar+pg_dms__bilstm__seed44,MLH1,P43246:249:K>G,0,0.016996197
train-clinvar+pg_dms__bilstm__seed44,MLH1,P43246:249:K>L,0,0.026620526
train-clinvar+pg_dms__bilstm__seed44,MLH1,P43246:249:K>M,0,0.069473475
train-clinvar+pg_dms__bilstm__seed44,MLH1,P43246:249:K>P,0,0.047453616
train-clinvar+pg_dms__bilstm__seed44,MLH1,P43246:249:K>Q,0,0.019642906
train-clinvar+pg_dms__bilstm__seed44,MLH1,P43246:249:K>S,0,0.008754383
train-clinvar+pg_dms__bilstm__seed44,MLH1,P43246:249:K>V,0,0.021037385
train-clinvar+pg_dms__bilstm__seed44,MLH1,P43246:249:K>W,0,0.13026486
train-clinvar+pg_dms__bilstm__seed44,MLH1,P43246:249:K>Y,0,0.02324271
train-clinvar+pg_dms__bilstm__seed44,MLH1,P43246:249:K>I,0,0.022048725
train-clinvar+pg_dms__bilstm__seed44,MLH1,P43246:249:K>A,0,0.01920585
train-clinvar+pg_dms__bilstm__seed44,MLH1,P43246:249:K>C,0,0.017426891
train-clinvar+pg_dms__bilstm__seed44,MLH1,P43246:249:K>E,0,0.046348087
train-clinvar+pg_dms__bilstm__seed44,MLH1,P43246:249:K>F,0,0.035167612
train-clinvar+pg_dms__bilstm__seed44,MLH1,P43246:251:E>Y,0,0.014320307
train-clinvar+pg_dms__bilstm__seed44,MLH1,P43246:251:E>W,0,0.17518625
train-clinvar+pg_dms__bilstm__seed44,MLH1,P43246:251:E>V,0,0.011032472
train-clinvar+pg_dms__bilstm__seed44,MLH1,P43246:251:E>T,0,0.0069570392
train-clinvar+pg_dms__bilstm__seed44,MLH1,P43246:251:E>S,0,0.003910146
train-clinvar+pg_dms__bilstm__seed44,MLH1,P43246:251:E>R,0,0.011042002
train-clinvar+pg_dms__bilstm__seed44,MLH1,P43246:251:E>Q,0,0.010215316
train-clinvar+pg_dms__bilstm__seed44,MLH1,P43246:251:E>P,0,0.04413525
train-clinvar+pg_dms__bilstm__seed44,MLH1,P43246:251:E>D,0,0.015045313
train-clinvar+pg_dms__bilstm__seed44,MLH1,P43246:251:E>A,0,0.0075580426
train-clinvar+pg_dms__bilstm__seed44,MLH1,P43246:251:E>C,0,0.013356901
train-clinvar+pg_dms__bilstm__seed44,MLH1,P43246:251:E>F,0,0.016098494
train-clinvar+pg_dms__bilstm__seed44,MLH1,P43246:251:E>I,0,0.011925025
train-clinvar+pg_dms__bilstm__seed44,MLH1,P43246:251:E>L,0,0.012210013
train-clinvar+pg_dms__bilstm__seed44,MLH1,P43246:251:E>H,0,0.010148397
train-clinvar+pg_dms__bilstm__seed44,MLH1,P43246:251:E>M,0,0.050712507
train-clinvar+pg_dms__bilstm__seed44,MLH1,P43246:251:E>N,0,0.0070765186
train-clinvar+pg_dms__bilstm__seed44,MLH1,P43246:254:N>W,0,0.3988747
train-clinvar+pg_dms__bilstm__seed44,MLH1,P43246:254:N>P,0,0.13824178
train-clinvar+pg_dms__bilstm__seed44,MLH1,P43246:254:N>A,0,0.028409269
train-clinvar+pg_dms__bilstm__seed44,MLH1,P43246:254:N>R,0,0.07974486
train-clinvar+pg_dms__bilstm__seed44,MLH1,P43246:254:N>S,0,0.051749777
train-clinvar+pg_dms__bilstm__seed44,MLH1,P43246:254:N>V,0,0.03682213
train-clinvar+pg_dms__bilstm__seed44,MLH1,P43246:254:N>Y,0,0.029778086
train-clinvar+pg_dms__bilstm__seed44,MLH1,P43246:254:N>Q,0,0.08626225
train-clinvar+pg_dms__bilstm__seed44,MLH1,P43246:254:N>F,0,0.114410415
train-clinvar+pg_dms__bilstm__seed44,MLH1,P43246:254:N>G,0,0.055013977
train-clinvar+pg_dms__bilstm__seed44,MLH1,P43246:254:N>E,0,0.1773935
train-clinvar+pg_dms__bilstm__seed44,MLH1,P43246:254:N>D,0,0.060415402
train-clinvar+pg_dms__bilstm__seed44,MLH1,P43246:254:N>C,0,0.03443743
train-clinvar+pg_dms__bilstm__seed44,MLH1,P43246:254:N>K,0,0.13962245
train-clinvar+pg_dms__bilstm__seed44,MLH1,P43246:254:N>H,0,0.025212096
train-clinvar+pg_dms__bilstm__seed44,MLH1,P43246:254:N>M,0,0.1630941
train-clinvar+pg_dms__bilstm__seed44,MLH1,P43246:254:N>L,0,0.08344967
train-clinvar+pg_dms__bilstm__seed44,MLH1,P43246:254:N>I,0,0.04076641
train-clinvar+pg_dms__bilstm__seed44,MLH1,P43246:256:A>K,0,0.08751518
train-clinvar+pg_dms__bilstm__seed44,MLH1,P43246:256:A>F,0,0.03536255
train-clinvar+pg_dms__bilstm__seed44,MLH1,P43246:256:A>G,0,0.07946065
train-clinvar+pg_dms__bilstm__seed44,MLH1,P43246:256:A>Y,0,0.03964208
train-clinvar+pg_dms__bilstm__seed44,MLH1,P43246:256:A>W,0,0.19181067
train-clinvar+pg_dms__bilstm__seed44,MLH1,P43246:256:A>T,0,0.08128968
train-clinvar+pg_dms__bilstm__seed44,MLH1,P43246:256:A>S,0,0.012130011
train-clinvar+pg_dms__bilstm__seed44,MLH1,P43246:256:A>R,0,0.036933925
train-clinvar+pg_dms__bilstm__seed44,MLH1,P43246:256:A>Q,0,0.036595397
train-clinvar+pg_dms__bilstm__seed44,MLH1,P43246:256:A>P,0,0.074945055
train-clinvar+pg_dms__bilstm__seed44,MLH1,P43246:256:A>N,0,0.020070134
train-clinvar+pg_dms__bilstm__seed44,MLH1,P43246:256:A>D,0,0.093403876
train-clinvar+pg_dms__bilstm__seed44,MLH1,P43246:256:A>H,0,0.037695836
train-clinvar+pg_dms__bilstm__seed44,MLH1,P43246:256:A>M,0,0.07722433
train-clinvar+pg_dms__bilstm__seed44,MLH1,P43246:256:A>L,0,0.024959527
train-clinvar+pg_dms__bilstm__seed44,MLH1,P43246:256:A>I,0,0.023979653
train-clinvar+pg_dms__bilstm__seed44,MLH1,P43246:256:A>E,0,0.10087192
train-clinvar+pg_dms__bilstm__seed44,MLH1,P43246:258:L>N,0,0.11078633
train-clinvar+pg_dms__bilstm__seed44,MLH1,P43246:258:L>V,0,0.036428526
train-clinvar+pg_dms__bilstm__seed44,MLH1,P43246:258:L>T,0,0.042740844
train-clinvar+pg_dms__bilstm__seed44,MLH1,P43246:258:L>S,0,0.083403856
train-clinvar+pg_dms__bilstm__seed44,MLH1,P43246:258:L>R,0,0.049153905
train-clinvar+pg_dms__bilstm__seed44,MLH1,P43246:258:L>Q,0,0.05406295
train-clinvar+pg_dms__bilstm__seed44,MLH1,P43246:258:L>P,0,0.7081639
train-clinvar+pg_dms__bilstm__seed44,MLH1,P43246:258:L>M,0,0.0857979
train-clinvar+pg_dms__bilstm__seed44,MLH1,P43246:258:L>A,0,0.072472535
train-clinvar+pg_dms__bilstm__seed44,MLH1,P43246:258:L>I,0,0.04118848
train-clinvar+pg_dms__bilstm__seed44,MLH1,P43246:258:L>H,0,0.04197463
train-clinvar+pg_dms__bilstm__seed44,MLH1,P43246:258:L>G,0,0.17972235
train-clinvar+pg_dms__bilstm__seed44,MLH1,P43246:258:L>F,0,0.07426695
train-clinvar+pg_dms__bilstm__seed44,MLH1,P43246:258:L>E,0,0.22669026
train-clinvar+pg_dms__bilstm__seed44,MLH1,P43246:258:L>D,0,0.6240078
train-clinvar+pg_dms__bilstm__seed44,MLH1,P43246:258:L>C,0,0.06713447
train-clinvar+pg_dms__bilstm__seed44,MLH1,P43246:258:L>W,0,0.12444523
train-clinvar+pg_dms__bilstm__seed44,MLH1,P43246:258:L>K,0,0.10116615
train-clinvar+pg_dms__bilstm__seed44,MLH1,P43246:258:L>Y,0,0.047396228
train-clinvar+pg_dms__bilstm__seed44,MLH1,P43246:282:D>L,0,0.061753113
train-clinvar+pg_dms__bilstm__seed44,MLH1,P43246:282:D>C,0,0.03788013
train-clinvar+pg_dms__bilstm__seed44,MLH1,P43246:282:D>I,0,0.03454966
train-clinvar+pg_dms__bilstm__seed44,MLH1,P43246:282:D>K,0,0.13386416
train-clinvar+pg_dms__bilstm__seed44,MLH1,P43246:282:D>Y,0,0.022108253
train-clinvar+pg_dms__bilstm__seed44,MLH1,P43246:282:D>W,1,0.51637155
train-clinvar+pg_dms__bilstm__seed44,MLH1,P43246:282:D>M,0,0.2242843
train-clinvar+pg_dms__bilstm__seed44,MLH1,P43246:282:D>T,0,0.018944995
train-clinvar+pg_dms__bilstm__seed44,MLH1,P43246:282:D>E,0,0.07184949
train-clinvar+pg_dms__bilstm__seed44,MLH1,P43246:282:D>F,0,0.0873273
train-clinvar+pg_dms__bilstm__seed44,MLH1,P43246:282:D>G,0,0.09581194
train-clinvar+pg_dms__bilstm__seed44,MLH1,P43246:282:D>N,0,0.009474927
train-clinvar+pg_dms__bilstm__seed44,MLH1,P43246:282:D>P,0,0.44046035
train-clinvar+pg_dms__bilstm__seed44,MLH1,P43246:282:D>Q,0,0.044612218
train-clinvar+pg_dms__bilstm__seed44,MLH1,P43246:282:D>R,0,0.053614516
train-clinvar+pg_dms__bilstm__seed44,MLH1,P43246:282:D>V,0,0.021820556
train-clinvar+pg_dms__bilstm__seed44,MLH1,P43246:282:D>S,0,0.010369472
train-clinvar+pg_dms__bilstm__seed44,MLH1,P43246:296:F>C,0,0.021208994
train-clinvar+pg_dms__bilstm__seed44,MLH1,P43246:296:F>E,0,0.27349836
train-clinvar+pg_dms__bilstm__seed44,MLH1,P43246:296:F>G,0,0.10014691
train-clinvar+pg_dms__bilstm__seed44,MLH1,P43246:296:F>H,0,0.07098838
train-clinvar+pg_dms__bilstm__seed44,MLH1,P43246:296:F>D,0,0.30266204
train-clinvar+pg_dms__bilstm__seed44,MLH1,P43246:296:F>A,0,0.06462793
train-clinvar+pg_dms__bilstm__seed44,MLH1,P43246:296:F>M,0,0.16224436
train-clinvar+pg_dms__bilstm__seed44,MLH1,P43246:296:F>W,0,0.28530636
train-clinvar+pg_dms__bilstm__seed44,MLH1,P43246:296:F>V,0,0.0357398
train-clinvar+pg_dms__bilstm__seed44,MLH1,P43246:296:F>T,0,0.063451976
train-clinvar+pg_dms__bilstm__seed44,MLH1,P43246:296:F>S,0,0.059146732
train-clinvar+pg_dms__bilstm__seed44,MLH1,P43246:296:F>R,0,0.13892199
train-clinvar+pg_dms__bilstm__seed44,MLH1,P43246:296:F>Q,0,0.18207683
train-clinvar+pg_dms__bilstm__seed44,MLH1,P43246:296:F>P,0,0.2678443
train-clinvar+pg_dms__bilstm__seed44,MLH1,P43246:296:F>I,0,0.04403855
train-clinvar+pg_dms__bilstm__seed44,MLH1,P43246:296:F>K,0,0.27410415
train-clinvar+pg_dms__bilstm__seed44,MLH1,P43246:296:F>L,0,0.16781439
train-clinvar+pg_dms__bilstm__seed44,MLH1,P43246:296:F>Y,0,0.10323465
train-clinvar+pg_dms__bilstm__seed44,MLH1,P43246:296:F>N,0,0.05862352
train-clinvar+pg_dms__bilstm__seed44,MLH1,P43246:300:M>V,0,0.016853096
train-clinvar+pg_dms__bilstm__seed44,MLH1,P43246:300:M>P,1,0.9799115
train-clinvar+pg_dms__bilstm__seed44,MLH1,P43246:300:M>T,0,0.41124174
train-clinvar+pg_dms__bilstm__seed44,MLH1,P43246:300:M>S,0,0.7221313
train-clinvar+pg_dms__bilstm__seed44,MLH1,P43246:300:M>R,1,0.90677977
train-clinvar+pg_dms__bilstm__seed44,MLH1,P43246:300:M>Q,0,0.7305474
train-clinvar+pg_dms__bilstm__seed44,MLH1,P43246:300:M>N,1,0.82230854
train-clinvar+pg_dms__bilstm__seed44,MLH1,P43246:300:M>I,0,0.73018694
train-clinvar+pg_dms__bilstm__seed44,MLH1,P43246:300:M>D,1,0.9646591
train-clinvar+pg_dms__bilstm__seed44,MLH1,P43246:300:M>C,0,0.23877883
train-clinvar+pg_dms__bilstm__seed44,MLH1,P43246:300:M>A,0,0.7273104
train-clinvar+pg_dms__bilstm__seed44,MLH1,P43246:300:M>H,1,0.7538465
train-clinvar+pg_dms__bilstm__seed44,MLH1,P43246:300:M>K,1,0.9106534
train-clinvar+pg_dms__bilstm__seed44,MLH1,P43246:300:M>Y,1,0.75097775
train-clinvar+pg_dms__bilstm__seed44,MLH1,P43246:300:M>G,0,0.6658506
train-clinvar+pg_dms__bilstm__seed44,MLH1,P43246:300:M>L,0,0.018984595
train-clinvar+pg_dms__bilstm__seed44,MLH1,P43246:300:M>E,1,0.9151433
train-clinvar+pg_dms__bilstm__seed44,MLH1,P43246:300:M>W,1,0.92557263
train-clinvar+pg_dms__bilstm__seed44,MLH1,P43246:303:D>S,0,0.5990956
train-clinvar+pg_dms__bilstm__seed44,MLH1,P43246:303:D>R,0,0.8226547
train-clinvar+pg_dms__bilstm__seed44,MLH1,P43246:303:D>P,0,0.8960596
train-clinvar+pg_dms__bilstm__seed44,MLH1,P43246:303:D>M,0,0.8160028
train-clinvar+pg_dms__bilstm__seed44,MLH1,P43246:303:D>L,1,0.7339836
train-clinvar+pg_dms__bilstm__seed44,MLH1,P43246:303:D>I,1,0.7138841
train-clinvar+pg_dms__bilstm__seed44,MLH1,P43246:303:D>A,0,0.61415493
train-clinvar+pg_dms__bilstm__seed44,MLH1,P43246:303:D>C,0,0.5730692
train-clinvar+pg_dms__bilstm__seed44,MLH1,P43246:303:D>E,0,0.8303142
train-clinvar+pg_dms__bilstm__seed44,MLH1,P43246:303:D>V,1,0.62767684
train-clinvar+pg_dms__bilstm__seed44,MLH1,P43246:303:D>W,1,0.81217533
train-clinvar+pg_dms__bilstm__seed44,MLH1,P43246:303:D>T,0,0.6759882
train-clinvar+pg_dms__bilstm__seed44,MLH1,P43246:306:A>C,0,0.62523127
train-clinvar+pg_dms__bilstm__seed44,MLH1,P43246:306:A>E,1,0.9091298
train-clinvar+pg_dms__bilstm__seed44,MLH1,P43246:306:A>F,0,0.8723147
train-clinvar+pg_dms__bilstm__seed44,MLH1,P43246:306:A>D,1,0.9630758
train-clinvar+pg_dms__bilstm__seed44,MLH1,P43246:306:A>G,0,0.26511037
train-clinvar+pg_dms__bilstm__seed44,MLH1,P43246:306:A>H,1,0.8929286
train-clinvar+pg_dms__bilstm__seed44,MLH1,P43246:306:A>I,0,0.8773857
train-clinvar+pg_dms__bilstm__seed44,MLH1,P43246:306:A>K,1,0.9372767
train-clinvar+pg_dms__bilstm__seed44,MLH1,P43246:306:A>L,0,0.8105203
train-clinvar+pg_dms__bilstm__seed44,MLH1,P43246:306:A>M,0,0.8493969
train-clinvar+pg_dms__bilstm__seed44,MLH1,P43246:306:A>N,1,0.95169055
train-clinvar+pg_dms__bilstm__seed44,MLH1,P43246:306:A>P,1,0.9785781
train-clinvar+pg_dms__bilstm__seed44,MLH1,P43246:306:A>Q,1,0.8803857
train-clinvar+pg_dms__bilstm__seed44,MLH1,P43246:306:A>R,1,0.95585746
train-clinvar+pg_dms__bilstm__seed44,MLH1,P43246:306:A>S,0,0.09847622
train-clinvar+pg_dms__bilstm__seed44,MLH1,P43246:306:A>T,0,0.31469107
train-clinvar+pg_dms__bilstm__seed44,MLH1,P43246:306:A>W,0,0.9114247
train-clinvar+pg_dms__bilstm__seed44,MLH1,P43246:306:A>Y,1,0.8321705
train-clinvar+pg_dms__bilstm__seed44,MLH1,P43246:307:V>C,0,0.06746885
train-clinvar+pg_dms__bilstm__seed44,MLH1,P43246:307:V>Y,0,0.113221765
train-clinvar+pg_dms__bilstm__seed44,MLH1,P43246:307:V>S,0,0.026019815
train-clinvar+pg_dms__bilstm__seed44,MLH1,P43246:307:V>R,0,0.38830087
train-clinvar+pg_dms__bilstm__seed44,MLH1,P43246:307:V>Q,0,0.13313615
train-clinvar+pg_dms__bilstm__seed44,MLH1,P43246:307:V>P,0,0.95007885
train-clinvar+pg_dms__bilstm__seed44,MLH1,P43246:307:V>N,0,0.17120203
train-clinvar+pg_dms__bilstm__seed44,MLH1,P43246:307:V>M,0,0.14960961
train-clinvar+pg_dms__bilstm__seed44,MLH1,P43246:307:V>T,0,0.028587984
train-clinvar+pg_dms__bilstm__seed44,MLH1,P43246:307:V>L,0,0.039608672
train-clinvar+pg_dms__bilstm__seed44,MLH1,P43246:307:V>I,0,0.01878719
train-clinvar+pg_dms__bilstm__seed44,MLH1,P43246:307:V>H,0,0.24644086
train-clinvar+pg_dms__bilstm__seed44,MLH1,P43246:307:V>E,0,0.36300716
train-clinvar+pg_dms__bilstm__seed44,MLH1,P43246:307:V>G,0,0.03877033
train-clinvar+pg_dms__bilstm__seed44,MLH1,P43246:307:V>A,0,0.025263049
train-clinvar+pg_dms__bilstm__seed44,MLH1,P43246:307:V>K,0,0.5687331
train-clinvar+pg_dms__bilstm__seed44,MLH1,P43246:307:V>W,0,0.73403305
train-clinvar+pg_dms__bilstm__seed44,MLH1,P43246:314:Q>I,0,0.040397856
train-clinvar+pg_dms__bilstm__seed44,MLH1,P43246:314:Q>K,0,0.09326116
train-clinvar+pg_dms__bilstm__seed44,MLH1,P43246:314:Q>L,0,0.057209007
train-clinvar+pg_dms__bilstm__seed44,MLH1,P43246:314:Q>N,0,0.019971507
train-clinvar+pg_dms__bilstm__seed44,MLH1,P43246:314:Q>P,0,0.060365688
train-clinvar+pg_dms__bilstm__seed44,MLH1,P43246:314:Q>S,0,0.026936209
train-clinvar+pg_dms__bilstm__seed44,MLH1,P43246:314:Q>R,0,0.03459205
train-clinvar+pg_dms__bilstm__seed44,MLH1,P43246:314:Q>C,0,0.03128252
train-clinvar+pg_dms__bilstm__seed44,MLH1,P43246:314:Q>A,0,0.024992123
train-clinvar+pg_dms__bilstm__seed44,MLH1,P43246:314:Q>T,0,0.014565985
train-clinvar+pg_dms__bilstm__seed44,MLH1,P43246:314:Q>H,0,0.050449178
train-clinvar+pg_dms__bilstm__seed44,MLH1,P43246:314:Q>V,0,0.03868535
train-clinvar+pg_dms__bilstm__seed44,MLH1,P43246:314:Q>E,0,0.08629561
train-clinvar+pg_dms__bilstm__seed44,MLH1,P43246:314:Q>W,0,0.1602138
train-clinvar+pg_dms__bilstm__seed44,MLH1,P43246:314:Q>F,0,0.047660638
train-clinvar+pg_dms__bilstm__seed44,MLH1,P43246:314:Q>D,0,0.07362376
train-clinvar+pg_dms__bilstm__seed44,MLH1,P43246:314:Q>G,0,0.023478592
train-clinvar+pg_dms__bilstm__seed44,MLH1,P43246:314:Q>Y,0,0.03647834
train-clinvar+pg_dms__bilstm__seed44,MLH1,P43246:327:A>R,0,0.47619617
train-clinvar+pg_dms__bilstm__seed44,MLH1,P43246:327:A>S,0,0.020582322
train-clinvar+pg_dms__bilstm__seed44,MLH1,P43246:327:A>G,0,0.03599051
train-clinvar+pg_dms__bilstm__seed44,MLH1,P43246:327:A>Q,0,0.1026268
train-clinvar+pg_dms__bilstm__seed44,MLH1,P43246:327:A>E,0,0.34361658
train-clinvar+pg_dms__bilstm__seed44,MLH1,P43246:327:A>D,0,0.63001496
train-clinvar+pg_dms__bilstm__seed44,MLH1,P43246:327:A>T,0,0.019094523
train-clinvar+pg_dms__bilstm__seed44,MLH1,P43246:327:A>F,0,0.038770292
train-clinvar+pg_dms__bilstm__seed44,MLH1,P43246:327:A>V,0,0.118126966
train-clinvar+pg_dms__bilstm__seed44,MLH1,P43246:327:A>N,0,0.06685574
train-clinvar+pg_dms__bilstm__seed44,MLH1,P43246:327:A>Y,0,0.09618747
train-clinvar+pg_dms__bilstm__seed44,MLH1,P43246:327:A>H,0,0.17182696
train-clinvar+pg_dms__bilstm__seed44,MLH1,P43246:327:A>I,0,0.053902235
train-clinvar+pg_dms__bilstm__seed44,MLH1,P43246:327:A>K,0,0.6422005
train-clinvar+pg_dms__bilstm__seed44,MLH1,P43246:327:A>L,0,0.055672575
train-clinvar+pg_dms__bilstm__seed44,MLH1,P43246:327:A>M,0,0.18932892
train-clinvar+pg_dms__bilstm__seed44,MLH1,P43246:327:A>P,0,0.26472342
train-clinvar+pg_dms__bilstm__seed44,MLH1,P43246:327:A>W,0,0.4779154
train-clinvar+pg_dms__bilstm__seed44,MLH1,P43246:329:L>N,0,0.9530337
train-clinvar+pg_dms__bilstm__seed44,MLH1,P43246:329:L>V,0,0.033423107
train-clinvar+pg_dms__bilstm__seed44,MLH1,P43246:329:L>T,0,0.097927645
train-clinvar+pg_dms__bilstm__seed44,MLH1,P43246:329:L>S,0,0.58201647
train-clinvar+pg_dms__bilstm__seed44,MLH1,P43246:329:L>R,0,0.76867414
train-clinvar+pg_dms__bilstm__seed44,MLH1,P43246:329:L>W,0,0.68140554
train-clinvar+pg_dms__bilstm__seed44,MLH1,P43246:329:L>Y,0,0.3645856
train-clinvar+pg_dms__bilstm__seed44,MLH1,P43246:329:L>Q,0,0.24659632
train-clinvar+pg_dms__bilstm__seed44,MLH1,P43246:329:L>P,1,0.99711585
train-clinvar+pg_dms__bilstm__seed44,MLH1,P43246:329:L>M,0,0.31892228
train-clinvar+pg_dms__bilstm__seed44,MLH1,P43246:329:L>I,0,0.02150092
train-clinvar+pg_dms__bilstm__seed44,MLH1,P43246:329:L>H,0,0.4263787
train-clinvar+pg_dms__bilstm__seed44,MLH1,P43246:329:L>G,0,0.90010154
train-clinvar+pg_dms__bilstm__seed44,MLH1,P43246:329:L>F,0,0.17800082
train-clinvar+pg_dms__bilstm__seed44,MLH1,P43246:329:L>A,0,0.46803662
train-clinvar+pg_dms__bilstm__seed44,MLH1,P43246:329:L>C,0,0.42932346
train-clinvar+pg_dms__bilstm__seed44,MLH1,P43246:329:L>E,0,0.9774458
train-clinvar+pg_dms__bilstm__seed44,MLH1,P43246:329:L>K,0,0.949434
train-clinvar+pg_dms__bilstm__seed44,MLH1,P43246:331:N>C,0,0.03560546
train-clinvar+pg_dms__bilstm__seed44,MLH1,P43246:331:N>W,0,0.9429896
train-clinvar+pg_dms__bilstm__seed44,MLH1,P43246:331:N>T,0,0.072630815
train-clinvar+pg_dms__bilstm__seed44,MLH1,P43246:331:N>V,0,0.37661323
train-clinvar+pg_dms__bilstm__seed44,MLH1,P43246:331:N>A,0,0.31916228
train-clinvar+pg_dms__bilstm__seed44,MLH1,P43246:331:N>E,0,0.9064089
train-clinvar+pg_dms__bilstm__seed44,MLH1,P43246:331:N>H,0,0.0735769
train-clinvar+pg_dms__bilstm__seed44,MLH1,P43246:331:N>G,0,0.105746984
train-clinvar+pg_dms__bilstm__seed44,MLH1,P43246:331:N>S,0,0.09610746
train-clinvar+pg_dms__bilstm__seed44,MLH1,P43246:331:N>R,0,0.7201104
train-clinvar+pg_dms__bilstm__seed44,MLH1,P43246:331:N>P,1,0.9820002
train-clinvar+pg_dms__bilstm__seed44,MLH1,P43246:331:N>F,0,0.6867177
train-clinvar+pg_dms__bilstm__seed44,MLH1,P43246:331:N>Y,0,0.12682912
train-clinvar+pg_dms__bilstm__seed44,MLH1,P43246:331:N>I,0,0.57352656
train-clinvar+pg_dms__bilstm__seed44,MLH1,P43246:331:N>K,0,0.8731465
train-clinvar+pg_dms__bilstm__seed44,MLH1,P43246:331:N>L,0,0.3231507
train-clinvar+pg_dms__bilstm__seed44,MLH1,P43246:331:N>M,0,0.78310174
train-clinvar+pg_dms__bilstm__seed44,MLH1,P43246:332:K>C,0,0.009562465
train-clinvar+pg_dms__bilstm__seed44,MLH1,P43246:332:K>Y,0,0.020093635
train-clinvar+pg_dms__bilstm__seed44,MLH1,P43246:332:K>W,0,0.47433817
train-clinvar+pg_dms__bilstm__seed44,MLH1,P43246:332:K>V,0,0.08618548
train-clinvar+pg_dms__bilstm__seed44,MLH1,P43246:332:K>T,0,0.0072999294
train-clinvar+pg_dms__bilstm__seed44,MLH1,P43246:332:K>S,0,0.017173039
train-clinvar+pg_dms__bilstm__seed44,MLH1,P43246:332:K>R,0,0.005120937
train-clinvar+pg_dms__bilstm__seed44,MLH1,P43246:332:K>Q,0,0.014491773
train-clinvar+pg_dms__bilstm__seed44,MLH1,P43246:332:K>P,0,0.95700955
train-clinvar+pg_dms__bilstm__seed44,MLH1,P43246:332:K>N,0,0.23504986
train-clinvar+pg_dms__bilstm__seed44,MLH1,P43246:332:K>L,0,0.10868527
train-clinvar+pg_dms__bilstm__seed44,MLH1,P43246:332:K>I,0,0.06480017
train-clinvar+pg_dms__bilstm__seed44,MLH1,P43246:332:K>H,0,0.007599591
train-clinvar+pg_dms__bilstm__seed44,MLH1,P43246:332:K>G,0,0.034863025
train-clinvar+pg_dms__bilstm__seed44,MLH1,P43246:332:K>E,0,0.40492052
train-clinvar+pg_dms__bilstm__seed44,MLH1,P43246:332:K>D,0,0.867638
train-clinvar+pg_dms__bilstm__seed44,MLH1,P43246:332:K>A,0,0.0706348
train-clinvar+pg_dms__bilstm__seed44,MLH1,P43246:332:K>M,0,0.35866755
train-clinvar+pg_dms__bilstm__seed44,MLH1,P43246:334:K>L,0,0.18532835
train-clinvar+pg_dms__bilstm__seed44,MLH1,P43246:334:K>S,0,0.10085082
train-clinvar+pg_dms__bilstm__seed44,MLH1,P43246:334:K>R,0,0.007937622
train-clinvar+pg_dms__bilstm__seed44,MLH1,P43246:334:K>P,0,0.98338217
train-clinvar+pg_dms__bilstm__seed44,MLH1,P43246:334:K>N,0,0.47748896
train-clinvar+pg_dms__bilstm__seed44,MLH1,P43246:334:K>M,1,0.4987473
train-clinvar+pg_dms__bilstm__seed44,MLH1,P43246:334:K>T,0,0.02370735
train-clinvar+pg_dms__bilstm__seed44,MLH1,P43246:334:K>F,0,0.18669546
train-clinvar+pg_dms__bilstm__seed44,MLH1,P43246:334:K>W,0,0.654258
train-clinvar+pg_dms__bilstm__seed44,MLH1,P43246:334:K>Y,0,0.15268236
train-clinvar+pg_dms__bilstm__seed44,MLH1,P43246:334:K>I,0,0.21262743
train-clinvar+pg_dms__bilstm__seed44,MLH1,P43246:334:K>H,0,0.02581422
train-clinvar+pg_dms__bilstm__seed44,MLH1,P43246:334:K>G,0,0.13863392
train-clinvar+pg_dms__bilstm__seed44,MLH1,P43246:334:K>E,0,0.6950518
train-clinvar+pg_dms__bilstm__seed44,MLH1,P43246:334:K>D,0,0.98351616
train-clinvar+pg_dms__bilstm__seed44,MLH1,P43246:334:K>C,0,0.010776079
train-clinvar+pg_dms__bilstm__seed44,MLH1,P43246:334:K>A,0,0.24243994
train-clinvar+pg_dms__bilstm__seed44,MLH1,P43246:334:K>V,0,0.15651874
train-clinvar+pg_dms__bilstm__seed44,MLH1,P43246:336:P>W,0,0.44740406
train-clinvar+pg_dms__bilstm__seed44,MLH1,P43246:336:P>Y,0,0.09400817
train-clinvar+pg_dms__bilstm__seed44,MLH1,P43246:336:P>V,0,0.012158391
train-clinvar+pg_dms__bilstm__seed44,MLH1,P43246:336:P>E,0,0.4329132
train-clinvar+pg_dms__bilstm__seed44,MLH1,P43246:336:P>R,0,0.20385665
train-clinvar+pg_dms__bilstm__seed44,MLH1,P43246:336:P>M,0,0.2403283
train-clinvar+pg_dms__bilstm__seed44,MLH1,P43246:336:P>K,0,0.33315176
train-clinvar+pg_dms__bilstm__seed44,MLH1,P43246:336:P>I,0,0.024703508
train-clinvar+pg_dms__bilstm__seed44,MLH1,P43246:336:P>H,0,0.017030424
train-clinvar+pg_dms__bilstm__seed44,MLH1,P43246:336:P>G,0,0.005715484
train-clinvar+pg_dms__bilstm__seed44,MLH1,P43246:336:P>F,0,0.03350469
train-clinvar+pg_dms__bilstm__seed44,MLH1,P43246:336:P>T,0,0.0031457266
train-clinvar+pg_dms__bilstm__seed44,MLH1,P43246:336:P>D,0,0.70430434
train-clinvar+pg_dms__bilstm__seed44,MLH1,P43246:336:P>C,0,0.008035334
train-clinvar+pg_dms__bilstm__seed44,MLH1,P43246:336:P>A,0,0.052075803
train-clinvar+pg_dms__bilstm__seed44,MLH1,P43246:336:P>Q,0,0.021655273
train-clinvar+pg_dms__bilstm__seed44,MLH1,P43246:336:P>N,0,0.025474234
train-clinvar+pg_dms__bilstm__seed44,MLH1,P43246:346:I>G,1,0.9239008
train-clinvar+pg_dms__bilstm__seed44,MLH1,P43246:346:I>R,1,0.9893924
train-clinvar+pg_dms__bilstm__seed44,MLH1,P43246:346:I>Q,1,0.961214
train-clinvar+pg_dms__bilstm__seed44,MLH1,P43246:346:I>P,1,0.98416704
train-clinvar+pg_dms__bilstm__seed44,MLH1,P43246:346:I>N,1,0.975129
train-clinvar+pg_dms__bilstm__seed44,MLH1,P43246:346:I>M,0,0.33986965
train-clinvar+pg_dms__bilstm__seed44,MLH1,P43246:346:I>L,0,0.15577374
train-clinvar+pg_dms__bilstm__seed44,MLH1,P43246:346:I>K,1,0.97563463
train-clinvar+pg_dms__bilstm__seed44,MLH1,P43246:346:I>T,0,0.86064976
train-clinvar+pg_dms__bilstm__seed44,MLH1,P43246:346:I>F,0,0.6140695
train-clinvar+pg_dms__bilstm__seed44,MLH1,P43246:346:I>E,1,0.96209043
train-clinvar+pg_dms__bilstm__seed44,MLH1,P43246:346:I>D,1,0.98793113
train-clinvar+pg_dms__bilstm__seed44,MLH1,P43246:346:I>C,0,0.86808956
train-clinvar+pg_dms__bilstm__seed44,MLH1,P43246:346:I>A,0,0.9326043
train-clinvar+pg_dms__bilstm__seed44,MLH1,P43246:346:I>S,0,0.9542762
train-clinvar+pg_dms__bilstm__seed44,MLH1,P43246:346:I>H,1,0.94969076
train-clinvar+pg_dms__bilstm__seed44,MLH1,P43246:346:I>Y,1,0.92306787
train-clinvar+pg_dms__bilstm__seed44,MLH1,P43246:346:I>W,1,0.924621
train-clinvar+pg_dms__bilstm__seed44,MLH1,P43246:349:P>C,1,0.5550698
train-clinvar+pg_dms__bilstm__seed44,MLH1,P43246:349:P>E,1,0.8599306
train-clinvar+pg_dms__bilstm__seed44,MLH1,P43246:349:P>D,1,0.90911514
train-clinvar+pg_dms__bilstm__seed44,MLH1,P43246:349:P>A,0,0.42875856
train-clinvar+pg_dms__bilstm__seed44,MLH1,P43246:349:P>F,1,0.6497281
train-clinvar+pg_dms__bilstm__seed44,MLH1,P43246:349:P>G,1,0.69475526
train-clinvar+pg_dms__bilstm__seed44,MLH1,P43246:349:P>H,1,0.5597728
train-clinvar+pg_dms__bilstm__seed44,MLH1,P43246:349:P>K,1,0.86306554
train-clinvar+pg_dms__bilstm__seed44,MLH1,P43246:349:P>M,1,0.8222509
train-clinvar+pg_dms__bilstm__seed44,MLH1,P43246:349:P>I,0,0.6805282
train-clinvar+pg_dms__bilstm__seed44,MLH1,P43246:349:P>Q,1,0.8152559
train-clinvar+pg_dms__bilstm__seed44,MLH1,P43246:349:P>V,0,0.42963535
train-clinvar+pg_dms__bilstm__seed44,MLH1,P43246:349:P>W,1,0.75575703
train-clinvar+pg_dms__bilstm__seed44,MLH1,P43246:349:P>Y,1,0.41082767
train-clinvar+pg_dms__bilstm__seed44,MLH1,P43246:349:P>N,1,0.780737
train-clinvar+pg_dms__bilstm__seed44,MLH1,P43246:351:M>A,0,0.025606351
train-clinvar+pg_dms__bilstm__seed44,MLH1,P43246:351:M>C,0,0.032285187
train-clinvar+pg_dms__bilstm__seed44,MLH1,P43246:351:M>D,0,0.80170447
train-clinvar+pg_dms__bilstm__seed44,MLH1,P43246:351:M>W,1,0.38993388
train-clinvar+pg_dms__bilstm__seed44,MLH1,P43246:351:M>V,0,0.06060141
train-clinvar+pg_dms__bilstm__seed44,MLH1,P43246:351:M>T,0,0.067690134
train-clinvar+pg_dms__bilstm__seed44,MLH1,P43246:351:M>S,0,0.032359894
train-clinvar+pg_dms__bilstm__seed44,MLH1,P43246:351:M>R,0,0.014163221
train-clinvar+pg_dms__bilstm__seed44,MLH1,P43246:351:M>Q,0,0.016685478
train-clinvar+pg_dms__bilstm__seed44,MLH1,P43246:351:M>Y,0,0.20824227
train-clinvar+pg_dms__bilstm__seed44,MLH1,P43246:351:M>P,1,0.8751229
train-clinvar+pg_dms__bilstm__seed44,MLH1,P43246:351:M>L,0,0.010867813
train-clinvar+pg_dms__bilstm__seed44,MLH1,P43246:351:M>K,0,0.03334982
train-clinvar+pg_dms__bilstm__seed44,MLH1,P43246:351:M>I,0,0.098597996
train-clinvar+pg_dms__bilstm__seed44,MLH1,P43246:351:M>H,0,0.09540865
train-clinvar+pg_dms__bilstm__seed44,MLH1,P43246:351:M>G,0,0.077072114
train-clinvar+pg_dms__bilstm__seed44,MLH1,P43246:351:M>F,0,0.08485095
train-clinvar+pg_dms__bilstm__seed44,MLH1,P43246:351:M>N,0,0.37853107
train-clinvar+pg_dms__bilstm__seed44,MLH1,P43246:351:M>E,0,0.112951584
train-clinvar+pg_dms__bilstm__seed44,MLH1,P43246:360:L>C,0,0.4244711
train-clinvar+pg_dms__bilstm__seed44,MLH1,P43246:360:L>A,0,0.7320842
train-clinvar+pg_dms__bilstm__seed44,MLH1,P43246:360:L>I,0,0.18407522
train-clinvar+pg_dms__bilstm__seed44,MLH1,P43246:360:L>D,1,0.9903654
train-clinvar+pg_dms__bilstm__seed44,MLH1,P43246:360:L>F,1,0.24820678
train-clinvar+pg_dms__bilstm__seed44,MLH1,P43246:360:L>G,0,0.8271566
train-clinvar+pg_dms__bilstm__seed44,MLH1,P43246:360:L>H,0,0.19014576
train-clinvar+pg_dms__bilstm__seed44,MLH1,P43246:360:L>K,1,0.9455507
train-clinvar+pg_dms__bilstm__seed44,MLH1,P43246:360:L>M,0,0.29303655
train-clinvar+pg_dms__bilstm__seed44,MLH1,P43246:360:L>P,1,0.99204344
train-clinvar+pg_dms__bilstm__seed44,MLH1,P43246:360:L>Q,0,0.22340177
train-clinvar+pg_dms__bilstm__seed44,MLH1,P43246:360:L>R,1,0.93041867
train-clinvar+pg_dms__bilstm__seed44,MLH1,P43246:360:L>S,0,0.81445456
train-clinvar+pg_dms__bilstm__seed44,MLH1,P43246:360:L>T,1,0.79412216
train-clinvar+pg_dms__bilstm__seed44,MLH1,P43246:360:L>V,0,0.1689857
train-clinvar+pg_dms__bilstm__seed44,MLH1,P43246:361:N>I,0,0.08406585
train-clinvar+pg_dms__bilstm__seed44,MLH1,P43246:361:N>S,0,0.08583157
train-clinvar+pg_dms__bilstm__seed44,MLH1,P43246:361:N>K,0,0.38288984
train-clinvar+pg_dms__bilstm__seed44,MLH1,P43246:361:N>L,0,0.15065072
train-clinvar+pg_dms__bilstm__seed44,MLH1,P43246:361:N>M,0,0.40128434
train-clinvar+pg_dms__bilstm__seed44,MLH1,P43246:361:N>P,1,0.8613168
train-clinvar+pg_dms__bilstm__seed44,MLH1,P43246:361:N>A,0,0.09871781
train-clinvar+pg_dms__bilstm__seed44,MLH1,P43246:361:N>C,0,0.047402255
train-clinvar+pg_dms__bilstm__seed44,MLH1,P43246:361:N>D,0,0.103688926
train-clinvar+pg_dms__bilstm__seed44,MLH1,P43246:361:N>E,0,0.3111165
train-clinvar+pg_dms__bilstm__seed44,MLH1,P43246:361:N>F,0,0.363392
train-clinvar+pg_dms__bilstm__seed44,MLH1,P43246:361:N>Q,0,0.14831382
train-clinvar+pg_dms__bilstm__seed44,MLH1,P43246:361:N>H,0,0.03144478
train-clinvar+pg_dms__bilstm__seed44,MLH1,P43246:361:N>V,0,0.079813085
train-clinvar+pg_dms__bilstm__seed44,MLH1,P43246:361:N>T,0,0.039013505
train-clinvar+pg_dms__bilstm__seed44,MLH1,P43246:361:N>R,0,0.17283204
train-clinvar+pg_dms__bilstm__seed44,MLH1,P43246:361:N>G,0,0.11944852
train-clinvar+pg_dms__bilstm__seed44,MLH1,P43246:361:N>Y,0,0.051240046
train-clinvar+pg_dms__bilstm__seed44,MLH1,P43246:361:N>W,0,0.7464991
train-clinvar+pg_dms__bilstm__seed44,MLH1,P43246:366:F>P,1,0.9586538
train-clinvar+pg_dms__bilstm__seed44,MLH1,P43246:366:F>Q,0,0.82572705
train-clinvar+pg_dms__bilstm__seed44,MLH1,P43246:366:F>R,1,0.923596
train-clinvar+pg_dms__bilstm__seed44,MLH1,P43246:366:F>S,0,0.7776436
train-clinvar+pg_dms__bilstm__seed44,MLH1,P43246:366:F>T,0,0.6558639
train-clinvar+pg_dms__bilstm__seed44,MLH1,P43246:366:F>W,0,0.73118925
train-clinvar+pg_dms__bilstm__seed44,MLH1,P43246:366:F>V,0,0.21208027
train-clinvar+pg_dms__bilstm__seed44,MLH1,P43246:366:F>N,0,0.9204896
train-clinvar+pg_dms__bilstm__seed44,MLH1,P43246:366:F>Y,0,0.3517468
train-clinvar+pg_dms__bilstm__seed44,MLH1,P43246:366:F>M,0,0.3535445
train-clinvar+pg_dms__bilstm__seed44,MLH1,P43246:366:F>E,1,0.91098946
train-clinvar+pg_dms__bilstm__seed44,MLH1,P43246:366:F>K,0,0.91745925
train-clinvar+pg_dms__bilstm__seed44,MLH1,P43246:366:F>I,0,0.22594243
train-clinvar+pg_dms__bilstm__seed44,MLH1,P43246:366:F>H,0,0.83837444
train-clinvar+pg_dms__bilstm__seed44,MLH1,P43246:366:F>G,0,0.83335996
train-clinvar+pg_dms__bilstm__seed44,MLH1,P43246:366:F>D,1,0.9384259
train-clinvar+pg_dms__bilstm__seed44,MLH1,P43246:366:F>C,0,0.2540777
train-clinvar+pg_dms__bilstm__seed44,MLH1,P43246:366:F>A,0,0.59890634
train-clinvar+pg_dms__bilstm__seed44,MLH1,P43246:368:E>Q,0,0.0062529463
train-clinvar+pg_dms__bilstm__seed44,MLH1,P43246:368:E>R,0,0.0058782734
train-clinvar+pg_dms__bilstm__seed44,MLH1,P43246:368:E>S,0,0.0026891923
train-clinvar+pg_dms__bilstm__seed44,MLH1,P43246:368:E>N,0,0.005132567
train-clinvar+pg_dms__bilstm__seed44,MLH1,P43246:368:E>A,0,0.006111154
train-clinvar+pg_dms__bilstm__seed44,MLH1,P43246:368:E>V,0,0.049464095
train-clinvar+pg_dms__bilstm__seed44,MLH1,P43246:368:E>T,0,0.0024726465
train-clinvar+pg_dms__bilstm__seed44,MLH1,P43246:368:E>C,0,0.009847094
train-clinvar+pg_dms__bilstm__seed44,MLH1,P43246:368:E>H,0,0.005378993
train-clinvar+pg_dms__bilstm__seed44,MLH1,P43246:368:E>F,0,0.008363411
train-clinvar+pg_dms__bilstm__seed44,MLH1,P43246:368:E>G,0,0.004926681
train-clinvar+pg_dms__bilstm__seed44,MLH1,P43246:368:E>W,0,0.22675252
train-clinvar+pg_dms__bilstm__seed44,MLH1,P43246:368:E>I,0,0.007355429
train-clinvar+pg_dms__bilstm__seed44,MLH1,P43246:368:E>K,0,0.016387446
train-clinvar+pg_dms__bilstm__seed44,MLH1,P43246:368:E>L,0,0.0070004133
train-clinvar+pg_dms__bilstm__seed44,MLH1,P43246:368:E>M,0,0.04257821
train-clinvar+pg_dms__bilstm__seed44,MLH1,P43246:368:E>D,0,0.018491875
train-clinvar+pg_dms__bilstm__seed44,MLH1,P43246:368:E>Y,0,0.0071625547
train-clinvar+pg_dms__bilstm__seed44,MLH1,P43246:368:E>P,0,0.21132657
train-clinvar+pg_dms__bilstm__seed44,MLH1,P43246:382:R>A,0,0.13830383
train-clinvar+pg_dms__bilstm__seed44,MLH1,P43246:382:R>Y,0,0.108814
train-clinvar+pg_dms__bilstm__seed44,MLH1,P43246:382:R>W,1,0.17683169
train-clinvar+pg_dms__bilstm__seed44,MLH1,P43246:382:R>V,0,0.13040291
train-clinvar+pg_dms__bilstm__seed44,MLH1,P43246:382:R>T,0,0.14317751
train-clinvar+pg_dms__bilstm__seed44,MLH1,P43246:382:R>Q,0,0.059609212
train-clinvar+pg_dms__bilstm__seed44,MLH1,P43246:382:R>C,0,0.11924178
train-clinvar+pg_dms__bilstm__seed44,MLH1,P43246:382:R>M,0,0.23050374
train-clinvar+pg_dms__bilstm__seed44,MLH1,P43246:382:R>K,0,0.057497814
train-clinvar+pg_dms__bilstm__seed44,MLH1,P43246:382:R>I,0,0.12860692
train-clinvar+pg_dms__bilstm__seed44,MLH1,P43246:382:R>G,0,0.18134314
train-clinvar+pg_dms__bilstm__seed44,MLH1,P43246:382:R>E,0,0.1893146
train-clinvar+pg_dms__bilstm__seed44,MLH1,P43246:382:R>D,0,0.19746979
train-clinvar+pg_dms__bilstm__seed44,MLH1,P43246:382:R>N,0,0.1256879
train-clinvar+pg_dms__bilstm__seed44,MLH1,P43246:385:P>F,0,0.07182149
train-clinvar+pg_dms__bilstm__seed44,MLH1,P43246:385:P>H,0,0.04370613
train-clinvar+pg_dms__bilstm__seed44,MLH1,P43246:385:P>I,0,0.06453414
train-clinvar+pg_dms__bilstm__seed44,MLH1,P43246:385:P>M,0,0.20552512
train-clinvar+pg_dms__bilstm__seed44,MLH1,P43246:385:P>L,0,0.0858709
train-clinvar+pg_dms__bilstm__seed44,MLH1,P43246:385:P>K,0,0.16508919
train-clinvar+pg_dms__bilstm__seed44,MLH1,P43246:385:P>N,0,0.071087964
train-clinvar+pg_dms__bilstm__seed44,MLH1,P43246:385:P>Q,0,0.06408795
train-clinvar+pg_dms__bilstm__seed44,MLH1,P43246:385:P>E,0,0.20491122
train-clinvar+pg_dms__bilstm__seed44,MLH1,P43246:385:P>G,0,0.048299048
train-clinvar+pg_dms__bilstm__seed44,MLH1,P43246:385:P>C,0,0.036574677
train-clinvar+pg_dms__bilstm__seed44,MLH1,P43246:385:P>A,0,0.053079847
train-clinvar+pg_dms__bilstm__seed44,MLH1,P43246:385:P>R,0,0.061184168
train-clinvar+pg_dms__bilstm__seed44,MLH1,P43246:385:P>Y,0,0.06293741
train-clinvar+pg_dms__bilstm__seed44,MLH1,P43246:385:P>W,1,0.2525461
train-clinvar+pg_dms__bilstm__seed44,MLH1,P43246:385:P>V,0,0.043224864
train-clinvar+pg_dms__bilstm__seed44,MLH1,P43246:385:P>T,0,0.018580832
train-clinvar+pg_dms__bilstm__seed44,MLH1,P43246:385:P>D,1,0.1903795
train-clinvar+pg_dms__bilstm__seed44,MLH1,P43246:387:L>W,0,0.36731964
train-clinvar+pg_dms__bilstm__seed44,MLH1,P43246:387:L>Y,0,0.19579439
train-clinvar+pg_dms__bilstm__seed44,MLH1,P43246:387:L>E,0,0.80682844
train-clinvar+pg_dms__bilstm__seed44,MLH1,P43246:387:L>F,0,0.17502828
train-clinvar+pg_dms__bilstm__seed44,MLH1,P43246:387:L>G,0,0.5420891
train-clinvar+pg_dms__bilstm__seed44,MLH1,P43246:387:L>H,0,0.44241697
train-clinvar+pg_dms__bilstm__seed44,MLH1,P43246:387:L>T,0,0.27124465
train-clinvar+pg_dms__bilstm__seed44,MLH1,P43246:387:L>S,0,0.5153241
train-clinvar+pg_dms__bilstm__seed44,MLH1,P43246:387:L>Q,0,0.56865317
train-clinvar+pg_dms__bilstm__seed44,MLH1,P43246:387:L>P,0,0.8740522
train-clinvar+pg_dms__bilstm__seed44,MLH1,P43246:387:L>N,0,0.79175323
train-clinvar+pg_dms__bilstm__seed44,MLH1,P43246:387:L>M,0,0.22846137
train-clinvar+pg_dms__bilstm__seed44,MLH1,P43246:387:L>K,0,0.8647277
train-clinvar+pg_dms__bilstm__seed44,MLH1,P43246:387:L>C,0,0.20600604
train-clinvar+pg_dms__bilstm__seed44,MLH1,P43246:387:L>A,0,0.26011792
train-clinvar+pg_dms__bilstm__seed44,MLH1,P43246:388:N>Y,0,0.053967778
train-clinvar+pg_dms__bilstm__seed44,MLH1,P43246:388:N>W,0,0.39998493
train-clinvar+pg_dms__bilstm__seed44,MLH1,P43246:388:N>V,0,0.07854543
train-clinvar+pg_dms__bilstm__seed44,MLH1,P43246:388:N>A,0,0.0648301
train-clinvar+pg_dms__bilstm__seed44,MLH1,P43246:388:N>K,0,0.22004211
train-clinvar+pg_dms__bilstm__seed44,MLH1,P43246:388:N>D,0,0.17127159
train-clinvar+pg_dms__bilstm__seed44,MLH1,P43246:388:N>E,0,0.263038
train-clinvar+pg_dms__bilstm__seed44,MLH1,P43246:388:N>F,0,0.07293997
train-clinvar+pg_dms__bilstm__seed44,MLH1,P43246:388:N>G,0,0.08292885
train-clinvar+pg_dms__bilstm__seed44,MLH1,P43246:388:N>I,0,0.06627281
train-clinvar+pg_dms__bilstm__seed44,MLH1,P43246:388:N>L,0,0.097209446
train-clinvar+pg_dms__bilstm__seed44,MLH1,P43246:388:N>M,0,0.24025607
train-clinvar+pg_dms__bilstm__seed44,MLH1,P43246:388:N>P,0,0.16612683
train-clinvar+pg_dms__bilstm__seed44,MLH1,P43246:388:N>R,0,0.12458309
train-clinvar+pg_dms__bilstm__seed44,MLH1,P43246:388:N>S,0,0.04891251
train-clinvar+pg_dms__bilstm__seed44,MLH1,P43246:388:N>T,0,0.07320876
train-clinvar+pg_dms__bilstm__seed44,MLH1,P43246:388:N>C,0,0.04325492
train-clinvar+pg_dms__bilstm__seed44,MLH1,P43246:388:N>Q,0,0.10611091
train-clinvar+pg_dms__bilstm__seed44,MLH1,P43246:388:N>H,0,0.084595
train-clinvar+pg_dms__bilstm__seed44,MLH1,P43246:390:L>C,0,0.36298293
train-clinvar+pg_dms__bilstm__seed44,MLH1,P43246:390:L>I,0,0.105060086
train-clinvar+pg_dms__bilstm__seed44,MLH1,P43246:390:L>K,0,0.8465941
train-clinvar+pg_dms__bilstm__seed44,MLH1,P43246:390:L>N,0,0.7661435
train-clinvar+pg_dms__bilstm__seed44,MLH1,P43246:390:L>A,0,0.28002957
train-clinvar+pg_dms__bilstm__seed44,MLH1,P43246:390:L>D,0,0.94819415
train-clinvar+pg_dms__bilstm__seed44,MLH1,P43246:390:L>M,0,0.22940509
train-clinvar+pg_dms__bilstm__seed44,MLH1,P43246:390:L>S,0,0.6010696
train-clinvar+pg_dms__bilstm__seed44,MLH1,P43246:390:L>H,0,0.51867145
train-clinvar+pg_dms__bilstm__seed44,MLH1,P43246:390:L>G,0,0.7363019
train-clinvar+pg_dms__bilstm__seed44,MLH1,P43246:390:L>W,1,0.6341077
train-clinvar+pg_dms__bilstm__seed44,MLH1,P43246:390:L>T,0,0.23200655
train-clinvar+pg_dms__bilstm__seed44,MLH1,P43246:390:L>R,0,0.8972256
train-clinvar+pg_dms__bilstm__seed44,MLH1,P43246:390:L>Q,0,0.3728304
train-clinvar+pg_dms__bilstm__seed44,MLH1,P43246:390:L>P,0,0.9339665
train-clinvar+pg_dms__bilstm__seed44,MLH1,P43246:390:L>E,0,0.83718777
train-clinvar+pg_dms__bilstm__seed44,MLH1,P43246:399:A>K,0,0.72392446
train-clinvar+pg_dms__bilstm__seed44,MLH1,P43246:399:A>C,0,0.05699008
train-clinvar+pg_dms__bilstm__seed44,MLH1,P43246:399:A>I,0,0.21891925
train-clinvar+pg_dms__bilstm__seed44,MLH1,P43246:399:A>L,0,0.20742397
train-clinvar+pg_dms__bilstm__seed44,MLH1,P43246:399:A>D,0,0.87130046
train-clinvar+pg_dms__bilstm__seed44,MLH1,P43246:399:A>N,0,0.62353027
train-clinvar+pg_dms__bilstm__seed44,MLH1,P43246:399:A>P,0,0.7598474
train-clinvar+pg_dms__bilstm__seed44,MLH1,P43246:399:A>Q,0,0.5456715
train-clinvar+pg_dms__bilstm__seed44,MLH1,P43246:399:A>R,0,0.557441
train-clinvar+pg_dms__bilstm__seed44,MLH1,P43246:399:A>H,0,0.28130108
train-clinvar+pg_dms__bilstm__seed44,MLH1,P43246:399:A>G,0,0.037801016
train-clinvar+pg_dms__bilstm__seed44,MLH1,P43246:399:A>F,0,0.22907366
train-clinvar+pg_dms__bilstm__seed44,MLH1,P43246:399:A>S,0,0.022011947
train-clinvar+pg_dms__bilstm__seed44,MLH1,P43246:399:A>T,0,0.04375319
train-clinvar+pg_dms__bilstm__seed44,MLH1,P43246:399:A>V,0,0.06645587
train-clinvar+pg_dms__bilstm__seed44,MLH1,P43246:399:A>W,0,0.6899025
train-clinvar+pg_dms__bilstm__seed44,MLH1,P43246:399:A>Y,0,0.15630773
train-clinvar+pg_dms__bilstm__seed44,MLH1,P43246:399:A>M,0,0.64416337
train-clinvar+pg_dms__bilstm__seed44,MLH1,P43246:399:A>E,0,0.729693
train-clinvar+pg_dms__bilstm__seed44,MLH1,P43246:400:N>F,0,0.03434108
train-clinvar+pg_dms__bilstm__seed44,MLH1,P43246:400:N>W,0,0.40147015
train-clinvar+pg_dms__bilstm__seed44,MLH1,P43246:400:N>D,0,0.11672996
train-clinvar+pg_dms__bilstm__seed44,MLH1,P43246:400:N>E,0,0.2920099
train-clinvar+pg_dms__bilstm__seed44,MLH1,P43246:400:N>G,0,0.017790811
train-clinvar+pg_dms__bilstm__seed44,MLH1,P43246:400:N>H,0,0.011769842
train-clinvar+pg_dms__bilstm__seed44,MLH1,P43246:400:N>I,0,0.023137068
train-clinvar+pg_dms__bilstm__seed44,MLH1,P43246:400:N>K,0,0.17960663
train-clinvar+pg_dms__bilstm__seed44,MLH1,P43246:400:N>L,0,0.034570355
train-clinvar+pg_dms__bilstm__seed44,MLH1,P43246:400:N>M,0,0.13981105
train-clinvar+pg_dms__bilstm__seed44,MLH1,P43246:400:N>P,0,0.31362137
train-clinvar+pg_dms__bilstm__seed44,MLH1,P43246:400:N>Q,0,0.04357664
train-clinvar+pg_dms__bilstm__seed44,MLH1,P43246:400:N>R,0,0.040015567
train-clinvar+pg_dms__bilstm__seed44,MLH1,P43246:400:N>S,0,0.018770782
train-clinvar+pg_dms__bilstm__seed44,MLH1,P43246:400:N>T,0,0.00946135
train-clinvar+pg_dms__bilstm__seed44,MLH1,P43246:400:N>V,0,0.022029681
train-clinvar+pg_dms__bilstm__seed44,MLH1,P43246:400:N>A,0,0.022175163
train-clinvar+pg_dms__bilstm__seed44,MLH1,P43246:400:N>C,0,0.010426616
train-clinvar+pg_dms__bilstm__seed44,MLH1,P43246:400:N>Y,0,0.01464682
train-clinvar+pg_dms__bilstm__seed44,MLH1,P43246:403:D>M,0,0.46379662
train-clinvar+pg_dms__bilstm__seed44,MLH1,P43246:403:D>N,0,0.133478
train-clinvar+pg_dms__bilstm__seed44,MLH1,P43246:403:D>H,0,0.3699946
train-clinvar+pg_dms__bilstm__seed44,MLH1,P43246:403:D>A,0,0.20023836
train-clinvar+pg_dms__bilstm__seed44,MLH1,P43246:403:D>C,0,0.12136771
train-clinvar+pg_dms__bilstm__seed44,MLH1,P43246:403:D>E,0,0.2472273
train-clinvar+pg_dms__bilstm__seed44,MLH1,P43246:403:D>F,0,0.18455641
train-clinvar+pg_dms__bilstm__seed44,MLH1,P43246:403:D>G,0,0.24624501
train-clinvar+pg_dms__bilstm__seed44,MLH1,P43246:403:D>I,0,0.2566448
train-clinvar+pg_dms__bilstm__seed44,MLH1,P43246:403:D>K,0,0.3286119
train-clinvar+pg_dms__bilstm__seed44,MLH1,P43246:403:D>L,0,0.34245053
train-clinvar+pg_dms__bilstm__seed44,MLH1,P43246:403:D>W,0,0.44538626
train-clinvar+pg_dms__bilstm__seed44,MLH1,P43246:403:D>V,0,0.22327429
train-clinvar+pg_dms__bilstm__seed44,MLH1,P43246:403:D>T,0,0.24932122
train-clinvar+pg_dms__bilstm__seed44,MLH1,P43246:403:D>S,0,0.20722437
train-clinvar+pg_dms__bilstm__seed44,MLH1,P43246:403:D>R,0,0.43988636
train-clinvar+pg_dms__bilstm__seed44,MLH1,P43246:403:D>Q,0,0.25582427
train-clinvar+pg_dms__bilstm__seed44,MLH1,P43246:403:D>P,0,0.53706545
train-clinvar+pg_dms__bilstm__seed44,MLH1,P43246:403:D>Y,0,0.17093958
train-clinvar+pg_dms__bilstm__seed44,MLH1,P43246:413:Q>Y,0,0.028906042
train-clinvar+pg_dms__bilstm__seed44,MLH1,P43246:413:Q>W,0,0.3861788
train-clinvar+pg_dms__bilstm__seed44,MLH1,P43246:413:Q>V,0,0.028785791
train-clinvar+pg_dms__bilstm__seed44,MLH1,P43246:413:Q>H,0,0.019826274
train-clinvar+pg_dms__bilstm__seed44,MLH1,P43246:413:Q>S,0,0.0100712385
train-clinvar+pg_dms__bilstm__seed44,MLH1,P43246:413:Q>T,0,0.00944854
train-clinvar+pg_dms__bilstm__seed44,MLH1,P43246:413:Q>N,0,0.025968157
train-clinvar+pg_dms__bilstm__seed44,MLH1,P43246:413:Q>M,0,0.3129353
train-clinvar+pg_dms__bilstm__seed44,MLH1,P43246:413:Q>L,0,0.024731373
train-clinvar+pg_dms__bilstm__seed44,MLH1,P43246:413:Q>K,0,0.07433982
train-clinvar+pg_dms__bilstm__seed44,MLH1,P43246:413:Q>I,0,0.045270946
train-clinvar+pg_dms__bilstm__seed44,MLH1,P43246:413:Q>R,0,0.025100388
train-clinvar+pg_dms__bilstm__seed44,MLH1,P43246:413:Q>G,0,0.031360455
train-clinvar+pg_dms__bilstm__seed44,MLH1,P43246:413:Q>D,0,0.3570382
train-clinvar+pg_dms__bilstm__seed44,MLH1,P43246:413:Q>C,0,0.013299661
train-clinvar+pg_dms__bilstm__seed44,MLH1,P43246:413:Q>A,0,0.037624706
train-clinvar+pg_dms__bilstm__seed44,MLH1,P43246:413:Q>P,0,0.43594092
train-clinvar+pg_dms__bilstm__seed44,MLH1,P43246:415:P>Q,0,0.014364617
train-clinvar+pg_dms__bilstm__seed44,MLH1,P43246:415:P>N,0,0.015122418
train-clinvar+pg_dms__bilstm__seed44,MLH1,P43246:415:P>M,0,0.2365942
train-clinvar+pg_dms__bilstm__seed44,MLH1,P43246:415:P>K,0,0.056704193
train-clinvar+pg_dms__bilstm__seed44,MLH1,P43246:415:P>D,0,0.08650577
train-clinvar+pg_dms__bilstm__seed44,MLH1,P43246:415:P>H,0,0.014485066
train-clinvar+pg_dms__bilstm__seed44,MLH1,P43246:415:P>G,0,0.023511035
train-clinvar+pg_dms__bilstm__seed44,MLH1,P43246:415:P>F,0,0.09384956
train-clinvar+pg_dms__bilstm__seed44,MLH1,P43246:415:P>E,0,0.10195309
train-clinvar+pg_dms__bilstm__seed44,MLH1,P43246:415:P>C,0,0.024394685
train-clinvar+pg_dms__bilstm__seed44,MLH1,P43246:415:P>T,0,0.00740017
train-clinvar+pg_dms__bilstm__seed44,MLH1,P43246:415:P>I,0,0.03682112
train-clinvar+pg_dms__bilstm__seed44,MLH1,P43246:415:P>V,0,0.020997074
train-clinvar+pg_dms__bilstm__seed44,MLH1,P43246:415:P>S,0,0.063420914
train-clinvar+pg_dms__bilstm__seed44,MLH1,P43246:415:P>Y,0,0.062759094
train-clinvar+pg_dms__bilstm__seed44,MLH1,P43246:415:P>W,0,0.34069547
train-clinvar+pg_dms__bilstm__seed44,MLH1,P43246:419:Q>V,0,0.024317008
train-clinvar+pg_dms__bilstm__seed44,MLH1,P43246:419:Q>F,0,0.050036855
train-clinvar+pg_dms__bilstm__seed44,MLH1,P43246:419:Q>A,0,0.035071027
train-clinvar+pg_dms__bilstm__seed44,MLH1,P43246:419:Q>G,0,0.031059796
train-clinvar+pg_dms__bilstm__seed44,MLH1,P43246:419:Q>Y,0,0.033233173
train-clinvar+pg_dms__bilstm__seed44,MLH1,P43246:419:Q>H,1,0.026555678
train-clinvar+pg_dms__bilstm__seed44,MLH1,P43246:419:Q>I,0,0.04582713
train-clinvar+pg_dms__bilstm__seed44,MLH1,P43246:419:Q>L,0,0.03202572
train-clinvar+pg_dms__bilstm__seed44,MLH1,P43246:419:Q>N,0,0.02591352
train-clinvar+pg_dms__bilstm__seed44,MLH1,P43246:419:Q>M,0,0.14201397
train-clinvar+pg_dms__bilstm__seed44,MLH1,P43246:419:Q>S,0,0.022444114
train-clinvar+pg_dms__bilstm__seed44,MLH1,P43246:419:Q>T,0,0.019506983
train-clinvar+pg_dms__bilstm__seed44,MLH1,P43246:419:Q>C,0,0.023362404
train-clinvar+pg_dms__bilstm__seed44,MLH1,P43246:419:Q>D,0,0.08897417
train-clinvar+pg_dms__bilstm__seed44,MLH1,P43246:419:Q>P,0,0.15712577
train-clinvar+pg_dms__bilstm__seed44,MLH1,P43246:422:E>D,1,0.02501729
train-clinvar+pg_dms__bilstm__seed44,MLH1,P43246:422:E>Y,0,0.0118742725
train-clinvar+pg_dms__bilstm__seed44,MLH1,P43246:422:E>W,0,0.30737808
train-clinvar+pg_dms__bilstm__seed44,MLH1,P43246:422:E>V,0,0.0068889298
train-clinvar+pg_dms__bilstm__seed44,MLH1,P43246:422:E>T,0,0.002839106
train-clinvar+pg_dms__bilstm__seed44,MLH1,P43246:422:E>S,0,0.003663315
train-clinvar+pg_dms__bilstm__seed44,MLH1,P43246:422:E>R,0,0.006314865
train-clinvar+pg_dms__bilstm__seed44,MLH1,P43246:422:E>Q,0,0.0063004224
train-clinvar+pg_dms__bilstm__seed44,MLH1,P43246:422:E>P,0,0.38670206
train-clinvar+pg_dms__bilstm__seed44,MLH1,P43246:422:E>M,0,0.10171356
train-clinvar+pg_dms__bilstm__seed44,MLH1,P43246:422:E>L,0,0.010148253
train-clinvar+pg_dms__bilstm__seed44,MLH1,P43246:422:E>I,0,0.011052181
train-clinvar+pg_dms__bilstm__seed44,MLH1,P43246:422:E>F,0,0.028622286
train-clinvar+pg_dms__bilstm__seed44,MLH1,P43246:422:E>A,0,0.008342419
train-clinvar+pg_dms__bilstm__seed44,MLH1,P43246:422:E>G,0,0.0074399277
train-clinvar+pg_dms__bilstm__seed44,MLH1,P43246:422:E>H,0,0.005394278
train-clinvar+pg_dms__bilstm__seed44,MLH1,P43246:429:Q>V,0,0.036204554
train-clinvar+pg_dms__bilstm__seed44,MLH1,P43246:429:Q>A,0,0.043741662
train-clinvar+pg_dms__bilstm__seed44,MLH1,P43246:429:Q>C,0,0.022842558
train-clinvar+pg_dms__bilstm__seed44,MLH1,P43246:429:Q>D,0,0.14964558
train-clinvar+pg_dms__bilstm__seed44,MLH1,P43246:429:Q>E,0,0.13550289
train-clinvar+pg_dms__bilstm__seed44,MLH1,P43246:429:Q>W,0,0.34503603
train-clinvar+pg_dms__bilstm__seed44,MLH1,P43246:429:Q>F,0,0.079405665
train-clinvar+pg_dms__bilstm__seed44,MLH1,P43246:429:Q>G,0,0.022056041
train-clinvar+pg_dms__bilstm__seed44,MLH1,P43246:429:Q>I,0,0.053927317
train-clinvar+pg_dms__bilstm__seed44,MLH1,P43246:429:Q>K,1,0.18703207
train-clinvar+pg_dms__bilstm__seed44,MLH1,P43246:429:Q>L,0,0.034438163
train-clinvar+pg_dms__bilstm__seed44,MLH1,P43246:429:Q>M,0,0.27637467
train-clinvar+pg_dms__bilstm__seed44,MLH1,P43246:429:Q>N,0,0.021973576
train-clinvar+pg_dms__bilstm__seed44,MLH1,P43246:429:Q>P,0,0.17291231
train-clinvar+pg_dms__bilstm__seed44,MLH1,P43246:429:Q>R,0,0.019373424
train-clinvar+pg_dms__bilstm__seed44,MLH1,P43246:429:Q>S,0,0.007858413
train-clinvar+pg_dms__bilstm__seed44,MLH1,P43246:429:Q>T,0,0.010875109
train-clinvar+pg_dms__bilstm__seed44,MLH1,P43246:429:Q>Y,0,0.025458941
train-clinvar+pg_dms__bilstm__seed44,MLH1,P43246:430:K>G,0,0.02513707
train-clinvar+pg_dms__bilstm__seed44,MLH1,P43246:430:K>Y,0,0.029387705
train-clinvar+pg_dms__bilstm__seed44,MLH1,P43246:430:K>T,0,0.012603319
train-clinvar+pg_dms__bilstm__seed44,MLH1,P43246:430:K>V,0,0.020643178
train-clinvar+pg_dms__bilstm__seed44,MLH1,P43246:430:K>W,1,0.29754144
train-clinvar+pg_dms__bilstm__seed44,MLH1,P43246:430:K>Q,0,0.028141227
train-clinvar+pg_dms__bilstm__seed44,MLH1,P43246:430:K>A,0,0.030883454
train-clinvar+pg_dms__bilstm__seed44,MLH1,P43246:430:K>C,0,0.030268237
train-clinvar+pg_dms__bilstm__seed44,MLH1,P43246:430:K>D,0,0.08807958
train-clinvar+pg_dms__bilstm__seed44,MLH1,P43246:430:K>E,0,0.09430445
train-clinvar+pg_dms__bilstm__seed44,MLH1,P43246:430:K>F,0,0.052094508
train-clinvar+pg_dms__bilstm__seed44,MLH1,P43246:430:K>P,0,0.101915665
train-clinvar+pg_dms__bilstm__seed44,MLH1,P43246:430:K>N,0,0.016059168
train-clinvar+pg_dms__bilstm__seed44,MLH1,P43246:430:K>M,0,0.12777102
train-clinvar+pg_dms__bilstm__seed44,MLH1,P43246:430:K>L,0,0.033602685
train-clinvar+pg_dms__bilstm__seed44,MLH1,P43246:430:K>I,0,0.02445813
train-clinvar+pg_dms__bilstm__seed44,MLH1,P43246:430:K>H,0,0.016125297
train-clinvar+pg_dms__bilstm__seed44,MLH1,P43246:430:K>S,0,0.014052234
train-clinvar+pg_dms__bilstm__seed44,MLH1,P43246:430:K>R,0,0.018072208
train-clinvar+pg_dms__bilstm__seed44,MLH1,P43246:431:L>P,0,0.5146483
train-clinvar+pg_dms__bilstm__seed44,MLH1,P43246:431:L>Q,0,0.09636359
train-clinvar+pg_dms__bilstm__seed44,MLH1,P43246:431:L>R,0,0.07381307
train-clinvar+pg_dms__bilstm__seed44,MLH1,P43246:431:L>S,0,0.024437895
train-clinvar+pg_dms__bilstm__seed44,MLH1,P43246:431:L>T,0,0.028477585
train-clinvar+pg_dms__bilstm__seed44,MLH1,P43246:431:L>Y,0,0.053108864
train-clinvar+pg_dms__bilstm__seed44,MLH1,P43246:431:L>W,1,0.53503203
train-clinvar+pg_dms__bilstm__seed44,MLH1,P43246:431:L>N,0,0.063482635
train-clinvar+pg_dms__bilstm__seed44,MLH1,P43246:431:L>M,1,0.3364168
train-clinvar+pg_dms__bilstm__seed44,MLH1,P43246:431:L>K,0,0.45211956
train-clinvar+pg_dms__bilstm__seed44,MLH1,P43246:431:L>I,0,0.025015669
train-clinvar+pg_dms__bilstm__seed44,MLH1,P43246:431:L>H,0,0.03593752
train-clinvar+pg_dms__bilstm__seed44,MLH1,P43246:431:L>G,0,0.2173133
train-clinvar+pg_dms__bilstm__seed44,MLH1,P43246:431:L>E,0,0.5855953
train-clinvar+pg_dms__bilstm__seed44,MLH1,P43246:431:L>A,0,0.09292587
train-clinvar+pg_dms__bilstm__seed44,MLH1,P43246:436:F>A,1,0.68519706
train-clinvar+pg_dms__bilstm__seed44,MLH1,P43246:436:F>C,0,0.45162976
train-clinvar+pg_dms__bilstm__seed44,MLH1,P43246:436:F>E,0,0.87374765
train-clinvar+pg_dms__bilstm__seed44,MLH1,P43246:436:F>G,0,0.7981372
train-clinvar+pg_dms__bilstm__seed44,MLH1,P43246:436:F>I,0,0.37349054
train-clinvar+pg_dms__bilstm__seed44,MLH1,P43246:436:F>K,1,0.85035115
train-clinvar+pg_dms__bilstm__seed44,MLH1,P43246:436:F>L,0,0.7688921
train-clinvar+pg_dms__bilstm__seed44,MLH1,P43246:436:F>D,1,0.92894083
train-clinvar+pg_dms__bilstm__seed44,MLH1,P43246:436:F>N,0,0.8763545
train-clinvar+pg_dms__bilstm__seed44,MLH1,P43246:436:F>M,0,0.71875256
train-clinvar+pg_dms__bilstm__seed44,MLH1,P43246:436:F>W,0,0.62933916
train-clinvar+pg_dms__bilstm__seed44,MLH1,P43246:436:F>V,0,0.38518682
train-clinvar+pg_dms__bilstm__seed44,MLH1,P43246:436:F>P,1,0.94732505
train-clinvar+pg_dms__bilstm__seed44,MLH1,P43246:436:F>R,1,0.88112426
train-clinvar+pg_dms__bilstm__seed44,MLH1,P43246:436:F>Q,0,0.8012082
train-clinvar+pg_dms__bilstm__seed44,MLH1,P43246:436:F>T,0,0.7199305
train-clinvar+pg_dms__bilstm__seed44,MLH1,P43246:441:T>W,0,0.4190577
train-clinvar+pg_dms__bilstm__seed44,MLH1,P43246:441:T>A,0,0.19185552
train-clinvar+pg_dms__bilstm__seed44,MLH1,P43246:441:T>C,0,0.053746525
train-clinvar+pg_dms__bilstm__seed44,MLH1,P43246:441:T>D,1,0.23882003
train-clinvar+pg_dms__bilstm__seed44,MLH1,P43246:441:T>E,0,0.28006917
train-clinvar+pg_dms__bilstm__seed44,MLH1,P43246:441:T>F,0,0.1028981
train-clinvar+pg_dms__bilstm__seed44,MLH1,P43246:441:T>G,0,0.1177498
train-clinvar+pg_dms__bilstm__seed44,MLH1,P43246:441:T>H,0,0.06626432
train-clinvar+pg_dms__bilstm__seed44,MLH1,P43246:441:T>I,0,0.09441516
train-clinvar+pg_dms__bilstm__seed44,MLH1,P43246:441:T>L,0,0.08799628
train-clinvar+pg_dms__bilstm__seed44,MLH1,P43246:441:T>N,0,0.05821479
train-clinvar+pg_dms__bilstm__seed44,MLH1,P43246:441:T>P,1,0.4155258
train-clinvar+pg_dms__bilstm__seed44,MLH1,P43246:441:T>R,0,0.074363306
train-clinvar+pg_dms__bilstm__seed44,MLH1,P43246:441:T>V,0,0.12140079
train-clinvar+pg_dms__bilstm__seed44,MLH1,P43246:441:T>Q,0,0.09957364
train-clinvar+pg_dms__bilstm__seed44,MLH1,P43246:445:S>Y,0,0.07593974
train-clinvar+pg_dms__bilstm__seed44,MLH1,P43246:445:S>K,0,0.232947
train-clinvar+pg_dms__bilstm__seed44,MLH1,P43246:445:S>L,0,0.051669236
train-clinvar+pg_dms__bilstm__seed44,MLH1,P43246:445:S>M,1,0.23229064
train-clinvar+pg_dms__bilstm__seed44,MLH1,P43246:445:S>N,0,0.03919964
train-clinvar+pg_dms__bilstm__seed44,MLH1,P43246:445:S>P,0,0.27637017
train-clinvar+pg_dms__bilstm__seed44,MLH1,P43246:445:S>Q,0,0.16482833
train-clinvar+pg_dms__bilstm__seed44,MLH1,P43246:445:S>T,0,0.042513117
train-clinvar+pg_dms__bilstm__seed44,MLH1,P43246:445:S>I,0,0.11152157
train-clinvar+pg_dms__bilstm__seed44,MLH1,P43246:445:S>V,0,0.046026606
train-clinvar+pg_dms__bilstm__seed44,MLH1,P43246:445:S>W,0,0.28058028
train-clinvar+pg_dms__bilstm__seed44,MLH1,P43246:445:S>E,0,0.20885734
train-clinvar+pg_dms__bilstm__seed44,MLH1,P43246:445:S>H,0,0.072936006
train-clinvar+pg_dms__bilstm__seed44,MLH1,P43246:445:S>R,0,0.19274262
train-clinvar+pg_dms__bilstm__seed44,MLH1,P43246:445:S>G,0,0.040015206
train-clinvar+pg_dms__bilstm__seed44,MLH1,P43246:446:D>A,0,0.24935466
train-clinvar+pg_dms__bilstm__seed44,MLH1,P43246:446:D>W,0,0.31987226
train-clinvar+pg_dms__bilstm__seed44,MLH1,P43246:446:D>G,0,0.19837472
train-clinvar+pg_dms__bilstm__seed44,MLH1,P43246:446:D>H,0,0.07466621
train-clinvar+pg_dms__bilstm__seed44,MLH1,P43246:446:D>I,0,0.24532434
train-clinvar+pg_dms__bilstm__seed44,MLH1,P43246:446:D>K,0,0.20867002
train-clinvar+pg_dms__bilstm__seed44,MLH1,P43246:446:D>Y,0,0.085015476
train-clinvar+pg_dms__bilstm__seed44,MLH1,P43246:446:D>L,0,0.11221951
train-clinvar+pg_dms__bilstm__seed44,MLH1,P43246:446:D>M,0,0.39084768
train-clinvar+pg_dms__bilstm__seed44,MLH1,P43246:446:D>N,0,0.006186722
train-clinvar+pg_dms__bilstm__seed44,MLH1,P43246:446:D>P,0,0.35415855
train-clinvar+pg_dms__bilstm__seed44,MLH1,P43246:446:D>Q,0,0.17208908
train-clinvar+pg_dms__bilstm__seed44,MLH1,P43246:446:D>R,0,0.25168613
train-clinvar+pg_dms__bilstm__seed44,MLH1,P43246:446:D>E,0,0.32414168
train-clinvar+pg_dms__bilstm__seed44,MLH1,P43246:446:D>C,0,0.027353639
train-clinvar+pg_dms__bilstm__seed44,MLH1,P43246:446:D>S,0,0.012027053
train-clinvar+pg_dms__bilstm__seed44,MLH1,P43246:446:D>T,0,0.052182537
train-clinvar+pg_dms__bilstm__seed44,MLH1,P43246:447:F>E,1,0.8558854
train-clinvar+pg_dms__bilstm__seed44,MLH1,P43246:447:F>Y,0,0.3468643
train-clinvar+pg_dms__bilstm__seed44,MLH1,P43246:447:F>C,0,0.2606255
train-clinvar+pg_dms__bilstm__seed44,MLH1,P43246:447:F>T,0,0.81250507
train-clinvar+pg_dms__bilstm__seed44,MLH1,P43246:447:F>S,0,0.81203
train-clinvar+pg_dms__bilstm__seed44,MLH1,P43246:447:F>R,1,0.9442099
train-clinvar+pg_dms__bilstm__seed44,MLH1,P43246:447:F>Q,1,0.87276304
train-clinvar+pg_dms__bilstm__seed44,MLH1,P43246:447:F>P,1,0.9526305
train-clinvar+pg_dms__bilstm__seed44,MLH1,P43246:447:F>M,0,0.55900383
train-clinvar+pg_dms__bilstm__seed44,MLH1,P43246:447:F>L,0,0.6943981
train-clinvar+pg_dms__bilstm__seed44,MLH1,P43246:447:F>K,1,0.89476883
train-clinvar+pg_dms__bilstm__seed44,MLH1,P43246:447:F>I,0,0.549498
train-clinvar+pg_dms__bilstm__seed44,MLH1,P43246:447:F>H,0,0.79893667
train-clinvar+pg_dms__bilstm__seed44,MLH1,P43246:447:F>G,0,0.78509116
train-clinvar+pg_dms__bilstm__seed44,MLH1,P43246:447:F>A,0,0.76481014
train-clinvar+pg_dms__bilstm__seed44,MLH1,P43246:447:F>W,1,0.6952555
train-clinvar+pg_dms__bilstm__seed44,MLH1,P43246:447:F>D,1,0.9477212
train-clinvar+pg_dms__bilstm__seed44,MLH1,P43246:448:S>D,0,0.23310319
train-clinvar+pg_dms__bilstm__seed44,MLH1,P43246:448:S>N,0,0.046075474
train-clinvar+pg_dms__bilstm__seed44,MLH1,P43246:448:S>M,0,0.238075
train-clinvar+pg_dms__bilstm__seed44,MLH1,P43246:448:S>L,0,0.058168616
train-clinvar+pg_dms__bilstm__seed44,MLH1,P43246:448:S>I,0,0.14425172
train-clinvar+pg_dms__bilstm__seed44,MLH1,P43246:448:S>H,0,0.09397983
train-clinvar+pg_dms__bilstm__seed44,MLH1,P43246:448:S>G,0,0.034299925
train-clinvar+pg_dms__bilstm__seed44,MLH1,P43246:448:S>F,0,0.120302536
train-clinvar+pg_dms__bilstm__seed44,MLH1,P43246:448:S>E,0,0.22141737
train-clinvar+pg_dms__bilstm__seed44,MLH1,P43246:448:S>W,1,0.30499083
train-clinvar+pg_dms__bilstm__seed44,MLH1,P43246:448:S>V,0,0.06817223
train-clinvar+pg_dms__bilstm__seed44,MLH1,P43246:448:S>T,0,0.037194833
train-clinvar+pg_dms__bilstm__seed44,MLH1,P43246:448:S>Q,0,0.16465412
train-clinvar+pg_dms__bilstm__seed44,MLH1,P43246:448:S>P,0,0.45156965
train-clinvar+pg_dms__bilstm__seed44,MLH1,P43246:448:S>R,0,0.20759018
train-clinvar+pg_dms__bilstm__seed44,MLH1,P43246:448:S>A,0,0.08944165
train-clinvar+pg_dms__bilstm__seed44,MLH1,P43246:455:E>R,0,0.04408306
train-clinvar+pg_dms__bilstm__seed44,MLH1,P43246:455:E>W,1,0.6162133
train-clinvar+pg_dms__bilstm__seed44,MLH1,P43246:455:E>P,0,0.89164037
train-clinvar+pg_dms__bilstm__seed44,MLH1,P43246:455:E>N,0,0.009522093
train-clinvar+pg_dms__bilstm__seed44,MLH1,P43246:455:E>M,1,0.33509862
train-clinvar+pg_dms__bilstm__seed44,MLH1,P43246:455:E>L,0,0.06044683
train-clinvar+pg_dms__bilstm__seed44,MLH1,P43246:455:E>I,0,0.04720482
train-clinvar+pg_dms__bilstm__seed44,MLH1,P43246:455:E>H,0,0.028972507
train-clinvar+pg_dms__bilstm__seed44,MLH1,P43246:455:E>G,0,0.0053054392
train-clinvar+pg_dms__bilstm__seed44,MLH1,P43246:455:E>F,0,0.11589344
train-clinvar+pg_dms__bilstm__seed44,MLH1,P43246:455:E>C,0,0.020713516
train-clinvar+pg_dms__bilstm__seed44,MLH1,P43246:455:E>A,0,0.0035894867
train-clinvar+pg_dms__bilstm__seed44,MLH1,P43246:455:E>T,0,0.010532917
train-clinvar+pg_dms__bilstm__seed44,MLH1,P43246:455:E>V,0,0.009290821
train-clinvar+pg_dms__bilstm__seed44,MLH1,P43246:455:E>S,0,0.0033855217
train-clinvar+pg_dms__bilstm__seed44,MLH1,P43246:455:E>Y,0,0.060828652
train-clinvar+pg_dms__bilstm__seed44,MLH1,P43246:485:M>N,0,0.7308699
train-clinvar+pg_dms__bilstm__seed44,MLH1,P43246:485:M>A,0,0.37695685
train-clinvar+pg_dms__bilstm__seed44,MLH1,P43246:485:M>K,0,0.30924007
train-clinvar+pg_dms__bilstm__seed44,MLH1,P43246:485:M>H,0,0.5774163
train-clinvar+pg_dms__bilstm__seed44,MLH1,P43246:485:M>F,1,0.4550085
train-clinvar+pg_dms__bilstm__seed44,MLH1,P43246:485:M>C,0,0.21972467
train-clinvar+pg_dms__bilstm__seed44,MLH1,P43246:485:M>P,1,0.9723962
train-clinvar+pg_dms__bilstm__seed44,MLH1,P43246:485:M>G,1,0.49387133
train-clinvar+pg_dms__bilstm__seed44,MLH1,P43246:485:M>S,0,0.4415598
train-clinvar+pg_dms__bilstm__seed44,MLH1,P43246:485:M>T,0,0.2060626
train-clinvar+pg_dms__bilstm__seed44,MLH1,P43246:485:M>V,0,0.098079674
train-clinvar+pg_dms__bilstm__seed44,MLH1,P43246:485:M>W,1,0.8335747
train-clinvar+pg_dms__bilstm__seed44,MLH1,P43246:485:M>Y,0,0.5477434
train-clinvar+pg_dms__bilstm__seed44,MLH1,P43246:485:M>R,0,0.39942753
train-clinvar+pg_dms__bilstm__seed44,MLH1,P43246:485:M>L,0,0.12504613
train-clinvar+pg_dms__bilstm__seed44,MLH1,P43246:496:L>V,0,0.18189082
train-clinvar+pg_dms__bilstm__seed44,MLH1,P43246:496:L>A,0,0.21256588
train-clinvar+pg_dms__bilstm__seed44,MLH1,P43246:496:L>T,0,0.38889778
train-clinvar+pg_dms__bilstm__seed44,MLH1,P43246:496:L>S,0,0.5311563
train-clinvar+pg_dms__bilstm__seed44,MLH1,P43246:496:L>R,0,0.6628331
train-clinvar+pg_dms__bilstm__seed44,MLH1,P43246:496:L>Q,0,0.2049828
train-clinvar+pg_dms__bilstm__seed44,MLH1,P43246:496:L>P,1,0.99546295
train-clinvar+pg_dms__bilstm__seed44,MLH1,P43246:496:L>N,0,0.86560273
train-clinvar+pg_dms__bilstm__seed44,MLH1,P43246:496:L>W,0,0.47796366
train-clinvar+pg_dms__bilstm__seed44,MLH1,P43246:496:L>M,0,0.2869171
train-clinvar+pg_dms__bilstm__seed44,MLH1,P43246:496:L>I,0,0.18892248
train-clinvar+pg_dms__bilstm__seed44,MLH1,P43246:496:L>G,0,0.8149323
train-clinvar+pg_dms__bilstm__seed44,MLH1,P43246:496:L>F,0,0.19628833
train-clinvar+pg_dms__bilstm__seed44,MLH1,P43246:496:L>E,0,0.7888119
train-clinvar+pg_dms__bilstm__seed44,MLH1,P43246:496:L>Y,0,0.2742357
train-clinvar+pg_dms__bilstm__seed44,MLH1,P43246:496:L>C,0,0.12961863
train-clinvar+pg_dms__bilstm__seed44,MLH1,P43246:496:L>K,0,0.59042674
train-clinvar+pg_dms__bilstm__seed44,MLH1,P43246:496:L>D,1,0.9898246
train-clinvar+pg_dms__bilstm__seed44,MLH1,P43246:496:L>H,0,0.19814551
train-clinvar+pg_dms__bilstm__seed44,MLH1,P43246:497:I>D,0,0.058189988
train-clinvar+pg_dms__bilstm__seed44,MLH1,P43246:497:I>T,0,0.016494261
train-clinvar+pg_dms__bilstm__seed44,MLH1,P43246:497:I>V,0,0.11194205
train-clinvar+pg_dms__bilstm__seed44,MLH1,P43246:497:I>W,0,0.22693734
train-clinvar+pg_dms__bilstm__seed44,MLH1,P43246:497:I>Y,0,0.026116848
train-clinvar+pg_dms__bilstm__seed44,MLH1,P43246:497:I>S,0,0.013277997
train-clinvar+pg_dms__bilstm__seed44,MLH1,P43246:497:I>E,0,0.04912148
train-clinvar+pg_dms__bilstm__seed44,MLH1,P43246:497:I>C,0,0.010543304
train-clinvar+pg_dms__bilstm__seed44,MLH1,P43246:497:I>A,0,0.017875046
train-clinvar+pg_dms__bilstm__seed44,MLH1,P43246:497:I>P,0,0.15760638
train-clinvar+pg_dms__bilstm__seed44,MLH1,P43246:497:I>N,0,0.008165284
train-clinvar+pg_dms__bilstm__seed44,MLH1,P43246:497:I>Q,0,0.022165658
train-clinvar+pg_dms__bilstm__seed44,MLH1,P43246:497:I>K,0,0.030482102
train-clinvar+pg_dms__bilstm__seed44,MLH1,P43246:497:I>H,0,0.014863769
train-clinvar+pg_dms__bilstm__seed44,MLH1,P43246:497:I>G,0,0.018378295
train-clinvar+pg_dms__bilstm__seed44,MLH1,P43246:497:I>F,0,0.015541963
train-clinvar+pg_dms__bilstm__seed44,MLH1,P43246:497:I>L,0,0.022357363
train-clinvar+pg_dms__bilstm__seed44,MLH1,P43246:497:I>R,0,0.020280737
train-clinvar+pg_dms__bilstm__seed44,MLH1,P43246:503:L>W,1,0.8306546
train-clinvar+pg_dms__bilstm__seed44,MLH1,P43246:503:L>V,0,0.09908532
train-clinvar+pg_dms__bilstm__seed44,MLH1,P43246:503:L>T,1,0.43550932
train-clinvar+pg_dms__bilstm__seed44,MLH1,P43246:503:L>S,1,0.8343807
train-clinvar+pg_dms__bilstm__seed44,MLH1,P43246:503:L>R,1,0.9619316
train-clinvar+pg_dms__bilstm__seed44,MLH1,P43246:503:L>Q,1,0.92670715
train-clinvar+pg_dms__bilstm__seed44,MLH1,P43246:503:L>P,1,0.9783489
train-clinvar+pg_dms__bilstm__seed44,MLH1,P43246:503:L>N,1,0.93265754
train-clinvar+pg_dms__bilstm__seed44,MLH1,P43246:503:L>M,0,0.29316378
train-clinvar+pg_dms__bilstm__seed44,MLH1,P43246:503:L>K,1,0.95075625
train-clinvar+pg_dms__bilstm__seed44,MLH1,P43246:503:L>G,1,0.7511849
train-clinvar+pg_dms__bilstm__seed44,MLH1,P43246:503:L>E,1,0.9250196
train-clinvar+pg_dms__bilstm__seed44,MLH1,P43246:503:L>D,1,0.9726433
train-clinvar+pg_dms__bilstm__seed44,MLH1,P43246:503:L>C,0,0.50376296
train-clinvar+pg_dms__bilstm__seed44,MLH1,P43246:503:L>A,1,0.5270618
train-clinvar+pg_dms__bilstm__seed44,MLH1,P43246:504:G>S,0,0.11365518
train-clinvar+pg_dms__bilstm__seed44,MLH1,P43246:504:G>T,0,0.16198637
train-clinvar+pg_dms__bilstm__seed44,MLH1,P43246:504:G>Y,0,0.2832078
train-clinvar+pg_dms__bilstm__seed44,MLH1,P43246:504:G>Q,0,0.1774145
train-clinvar+pg_dms__bilstm__seed44,MLH1,P43246:504:G>D,0,0.26574236
train-clinvar+pg_dms__bilstm__seed44,MLH1,P43246:504:G>E,0,0.23960781
train-clinvar+pg_dms__bilstm__seed44,MLH1,P43246:504:G>W,0,0.4879993
train-clinvar+pg_dms__bilstm__seed44,MLH1,P43246:504:G>F,0,0.44222087
train-clinvar+pg_dms__bilstm__seed44,MLH1,P43246:504:G>H,0,0.1857205
train-clinvar+pg_dms__bilstm__seed44,MLH1,P43246:504:G>I,0,0.33871293
train-clinvar+pg_dms__bilstm__seed44,MLH1,P43246:504:G>K,0,0.28309926
train-clinvar+pg_dms__bilstm__seed44,MLH1,P43246:504:G>L,0,0.29914114
train-clinvar+pg_dms__bilstm__seed44,MLH1,P43246:504:G>M,1,0.38643277
train-clinvar+pg_dms__bilstm__seed44,MLH1,P43246:504:G>N,0,0.1375529
train-clinvar+pg_dms__bilstm__seed44,MLH1,P43246:504:G>P,1,0.65359783
train-clinvar+pg_dms__bilstm__seed44,MLH1,P43246:525:V>P,1,0.9976827
train-clinvar+pg_dms__bilstm__seed44,MLH1,P43246:525:V>Y,1,0.98396057
train-clinvar+pg_dms__bilstm__seed44,MLH1,P43246:525:V>H,1,0.9874139
train-clinvar+pg_dms__bilstm__seed44,MLH1,P43246:525:V>G,0,0.9654093
train-clinvar+pg_dms__bilstm__seed44,MLH1,P43246:525:V>R,1,0.99650997
train-clinvar+pg_dms__bilstm__seed44,MLH1,P43246:525:V>S,0,0.9817028
train-clinvar+pg_dms__bilstm__seed44,MLH1,P43246:525:V>W,0,0.9893167
train-clinvar+pg_dms__bilstm__seed44,MLH1,P43246:525:V>K,1,0.99445844
train-clinvar+pg_dms__bilstm__seed44,MLH1,P43246:525:V>F,0,0.98001695
train-clinvar+pg_dms__bilstm__seed44,MLH1,P43246:525:V>E,1,0.9930478
train-clinvar+pg_dms__bilstm__seed44,MLH1,P43246:525:V>D,1,0.9972537
train-clinvar+pg_dms__bilstm__seed44,MLH1,P43246:525:V>C,0,0.9093875
train-clinvar+pg_dms__bilstm__seed44,MLH1,P43246:525:V>A,0,0.9788983
train-clinvar+pg_dms__bilstm__seed44,MLH1,P43246:525:V>M,0,0.97105587
train-clinvar+pg_dms__bilstm__seed44,MLH1,P43246:525:V>N,1,0.986694
train-clinvar+pg_dms__bilstm__seed44,MLH1,P43246:525:V>L,0,0.58007675
train-clinvar+pg_dms__bilstm__seed44,MLH1,P43246:525:V>T,0,0.9395116
train-clinvar+pg_dms__bilstm__seed44,MLH1,P43246:526:T>K,0,0.9379458
train-clinvar+pg_dms__bilstm__seed44,MLH1,P43246:526:T>Q,0,0.911632
train-clinvar+pg_dms__bilstm__seed44,MLH1,P43246:526:T>R,0,0.9193368
train-clinvar+pg_dms__bilstm__seed44,MLH1,P43246:526:T>S,0,0.33068576
train-clinvar+pg_dms__bilstm__seed44,MLH1,P43246:526:T>I,0,0.86539984
train-clinvar+pg_dms__bilstm__seed44,MLH1,P43246:526:T>H,0,0.90685284
train-clinvar+pg_dms__bilstm__seed44,MLH1,P43246:526:T>A,0,0.76916784
train-clinvar+pg_dms__bilstm__seed44,MLH1,P43246:526:T>F,0,0.87779415
train-clinvar+pg_dms__bilstm__seed44,MLH1,P43246:526:T>E,0,0.9573454
train-clinvar+pg_dms__bilstm__seed44,MLH1,P43246:526:T>D,0,0.9698861
train-clinvar+pg_dms__bilstm__seed44,MLH1,P43246:526:T>V,0,0.794139
train-clinvar+pg_dms__bilstm__seed44,MLH1,P43246:526:T>L,0,0.7689671
train-clinvar+pg_dms__bilstm__seed44,MLH1,P43246:526:T>C,0,0.7822649
train-clinvar+pg_dms__bilstm__seed44,MLH1,P43246:526:T>P,0,0.91051567
train-clinvar+pg_dms__bilstm__seed44,MLH1,P43246:526:T>M,0,0.8932205
train-clinvar+pg_dms__bilstm__seed44,MLH1,P43246:526:T>G,0,0.77597255
train-clinvar+pg_dms__bilstm__seed44,MLH1,P43246:526:T>W,1,0.94924414
train-clinvar+pg_dms__bilstm__seed44,MLH1,P43246:541:T>F,0,0.576523
train-clinvar+pg_dms__bilstm__seed44,MLH1,P43246:541:T>I,0,0.24956565
train-clinvar+pg_dms__bilstm__seed44,MLH1,P43246:541:T>H,0,0.77017
train-clinvar+pg_dms__bilstm__seed44,MLH1,P43246:541:T>E,0,0.9235887
train-clinvar+pg_dms__bilstm__seed44,MLH1,P43246:541:T>G,0,0.5909446
train-clinvar+pg_dms__bilstm__seed44,MLH1,P43246:541:T>A,0,0.11418989
train-clinvar+pg_dms__bilstm__seed44,MLH1,P43246:541:T>K,0,0.81949
train-clinvar+pg_dms__bilstm__seed44,MLH1,P43246:541:T>L,0,0.09651592
train-clinvar+pg_dms__bilstm__seed44,MLH1,P43246:541:T>M,0,0.22778457
train-clinvar+pg_dms__bilstm__seed44,MLH1,P43246:541:T>N,0,0.24893478
train-clinvar+pg_dms__bilstm__seed44,MLH1,P43246:541:T>P,0,0.49044177
train-clinvar+pg_dms__bilstm__seed44,MLH1,P43246:541:T>Q,0,0.33838362
train-clinvar+pg_dms__bilstm__seed44,MLH1,P43246:541:T>C,0,0.1995021
train-clinvar+pg_dms__bilstm__seed44,MLH1,P43246:541:T>V,0,0.10440694
train-clinvar+pg_dms__bilstm__seed44,MLH1,P43246:541:T>W,0,0.9320901
train-clinvar+pg_dms__bilstm__seed44,MLH1,P43246:541:T>Y,0,0.75014544
train-clinvar+pg_dms__bilstm__seed44,MLH1,P43246:541:T>D,0,0.9786733
train-clinvar+pg_dms__bilstm__seed44,MLH1,P43246:541:T>R,0,0.7439529
train-clinvar+pg_dms__bilstm__seed44,MLH1,P43246:543:D>C,0,0.20829107
train-clinvar+pg_dms__bilstm__seed44,MLH1,P43246:543:D>W,0,0.7102736
train-clinvar+pg_dms__bilstm__seed44,MLH1,P43246:543:D>V,0,0.3886389
train-clinvar+pg_dms__bilstm__seed44,MLH1,P43246:543:D>T,0,0.22872819
train-clinvar+pg_dms__bilstm__seed44,MLH1,P43246:543:D>R,0,0.77244353
train-clinvar+pg_dms__bilstm__seed44,MLH1,P43246:543:D>Q,0,0.4316451
train-clinvar+pg_dms__bilstm__seed44,MLH1,P43246:543:D>P,0,0.86821586
train-clinvar+pg_dms__bilstm__seed44,MLH1,P43246:543:D>M,0,0.7175105
train-clinvar+pg_dms__bilstm__seed44,MLH1,P43246:543:D>L,0,0.32592627
train-clinvar+pg_dms__bilstm__seed44,MLH1,P43246:543:D>I,0,0.63626796
train-clinvar+pg_dms__bilstm__seed44,MLH1,P43246:543:D>H,0,0.5106814
train-clinvar+pg_dms__bilstm__seed44,MLH1,P43246:543:D>F,0,0.36424473
train-clinvar+pg_dms__bilstm__seed44,MLH1,P43246:543:D>Y,0,0.5029439
train-clinvar+pg_dms__bilstm__seed44,MLH1,P43246:543:D>A,0,0.28852677
train-clinvar+pg_dms__bilstm__seed44,MLH1,P43246:543:D>S,0,0.2371095
train-clinvar+pg_dms__bilstm__seed44,MLH1,P43246:543:D>K,0,0.6318941
train-clinvar+pg_dms__bilstm__seed44,MLH1,P43246:547:N>Y,0,0.100108944
train-clinvar+pg_dms__bilstm__seed44,MLH1,P43246:547:N>W,0,0.7682365
train-clinvar+pg_dms__bilstm__seed44,MLH1,P43246:547:N>V,0,0.13091841
train-clinvar+pg_dms__bilstm__seed44,MLH1,P43246:547:N>T,0,0.05681353
train-clinvar+pg_dms__bilstm__seed44,MLH1,P43246:547:N>S,0,0.07490315
train-clinvar+pg_dms__bilstm__seed44,MLH1,P43246:547:N>R,0,0.4785043
train-clinvar+pg_dms__bilstm__seed44,MLH1,P43246:547:N>E,1,0.79136086
train-clinvar+pg_dms__bilstm__seed44,MLH1,P43246:547:N>P,1,0.87861735
train-clinvar+pg_dms__bilstm__seed44,MLH1,P43246:547:N>C,0,0.08351793
train-clinvar+pg_dms__bilstm__seed44,MLH1,P43246:547:N>L,0,0.30612373
train-clinvar+pg_dms__bilstm__seed44,MLH1,P43246:547:N>K,0,0.6869163
train-clinvar+pg_dms__bilstm__seed44,MLH1,P43246:547:N>I,0,0.32317612
train-clinvar+pg_dms__bilstm__seed44,MLH1,P43246:547:N>H,0,0.12424457
train-clinvar+pg_dms__bilstm__seed44,MLH1,P43246:547:N>G,0,0.070119455
train-clinvar+pg_dms__bilstm__seed44,MLH1,P43246:547:N>F,0,0.37716877
train-clinvar+pg_dms__bilstm__seed44,MLH1,P43246:547:N>A,0,0.105782904
train-clinvar+pg_dms__bilstm__seed44,MLH1,P43246:547:N>M,0,0.5017768
train-clinvar+pg_dms__bilstm__seed44,MLH1,P43246:547:N>Q,0,0.41921732
train-clinvar+pg_dms__bilstm__seed44,MLH1,P43246:569:E>P,1,0.9813498
train-clinvar+pg_dms__bilstm__seed44,MLH1,P43246:569:E>Q,0,0.01204611
train-clinvar+pg_dms__bilstm__seed44,MLH1,P43246:569:E>N,0,0.006631629
train-clinvar+pg_dms__bilstm__seed44,MLH1,P43246:569:E>I,0,0.022168776
train-clinvar+pg_dms__bilstm__seed44,MLH1,P43246:569:E>H,0,0.033987448
train-clinvar+pg_dms__bilstm__seed44,MLH1,P43246:569:E>R,0,0.031751387
train-clinvar+pg_dms__bilstm__seed44,MLH1,P43246:569:E>S,0,0.0044916584
train-clinvar+pg_dms__bilstm__seed44,MLH1,P43246:569:E>G,0,0.07802856
train-clinvar+pg_dms__bilstm__seed44,MLH1,P43246:569:E>T,0,0.006470739
train-clinvar+pg_dms__bilstm__seed44,MLH1,P43246:569:E>V,0,0.0059809224
train-clinvar+pg_dms__bilstm__seed44,MLH1,P43246:569:E>W,0,0.8439798
train-clinvar+pg_dms__bilstm__seed44,MLH1,P43246:569:E>Y,0,0.15235849
train-clinvar+pg_dms__bilstm__seed44,MLH1,P43246:569:E>F,0,0.32905638
train-clinvar+pg_dms__bilstm__seed44,MLH1,P43246:569:E>D,0,0.029499756
train-clinvar+pg_dms__bilstm__seed44,MLH1,P43246:569:E>C,0,0.0669291
train-clinvar+pg_dms__bilstm__seed44,MLH1,P43246:569:E>A,0,0.009018578
train-clinvar+pg_dms__bilstm__seed44,MLH1,P43246:569:E>M,0,0.16621713
train-clinvar+pg_dms__bilstm__seed44,MLH1,P43246:569:E>L,0,0.011311642
train-clinvar+pg_dms__bilstm__seed44,MLH1,P43246:577:I>Y,1,0.5542887
train-clinvar+pg_dms__bilstm__seed44,MLH1,P43246:577:I>W,0,0.91156286
train-clinvar+pg_dms__bilstm__seed44,MLH1,P43246:577:I>V,0,0.14119932
train-clinvar+pg_dms__bilstm__seed44,MLH1,P43246:577:I>S,1,0.8564537
train-clinvar+pg_dms__bilstm__seed44,MLH1,P43246:577:I>R,0,0.9330937
train-clinvar+pg_dms__bilstm__seed44,MLH1,P43246:577:I>Q,0,0.74971217
train-clinvar+pg_dms__bilstm__seed44,MLH1,P43246:577:I>P,1,0.9934284
train-clinvar+pg_dms__bilstm__seed44,MLH1,P43246:577:I>M,0,0.37200812
train-clinvar+pg_dms__bilstm__seed44,MLH1,P43246:577:I>K,0,0.94113463
train-clinvar+pg_dms__bilstm__seed44,MLH1,P43246:577:I>G,1,0.8819086
train-clinvar+pg_dms__bilstm__seed44,MLH1,P43246:577:I>F,0,0.5215536
train-clinvar+pg_dms__bilstm__seed44,MLH1,P43246:577:I>E,0,0.9475942
train-clinvar+pg_dms__bilstm__seed44,MLH1,P43246:577:I>C,0,0.7214515
train-clinvar+pg_dms__bilstm__seed44,MLH1,P43246:577:I>A,0,0.5805912
train-clinvar+pg_dms__bilstm__seed44,MLH1,P43246:577:I>N,0,0.9518893
train-clinvar+pg_dms__bilstm__seed44,MLH1,P43246:577:I>H,0,0.7762483
train-clinvar+pg_dms__bilstm__seed44,MLH1,P43246:578:V>T,0,0.21752094
train-clinvar+pg_dms__bilstm__seed44,MLH1,P43246:578:V>W,1,0.9392073
train-clinvar+pg_dms__bilstm__seed44,MLH1,P43246:578:V>R,1,0.949116
train-clinvar+pg_dms__bilstm__seed44,MLH1,P43246:578:V>E,0,0.88944733
train-clinvar+pg_dms__bilstm__seed44,MLH1,P43246:578:V>P,1,0.9979703
train-clinvar+pg_dms__bilstm__seed44,MLH1,P43246:578:V>M,0,0.6530416
train-clinvar+pg_dms__bilstm__seed44,MLH1,P43246:578:V>L,1,0.52088183
train-clinvar+pg_dms__bilstm__seed44,MLH1,P43246:578:V>I,0,0.17403522
train-clinvar+pg_dms__bilstm__seed44,MLH1,P43246:578:V>G,0,0.41049072
train-clinvar+pg_dms__bilstm__seed44,MLH1,P43246:578:V>C,0,0.522576
train-clinvar+pg_dms__bilstm__seed44,MLH1,P43246:578:V>S,0,0.48647615
train-clinvar+pg_dms__bilstm__seed44,MLH1,P43246:578:V>A,0,0.4143033
train-clinvar+pg_dms__bilstm__seed44,MLH1,P43246:578:V>F,1,0.51704246
train-clinvar+pg_dms__bilstm__seed44,MLH1,P43246:588:Y>A,0,0.7990915
train-clinvar+pg_dms__bilstm__seed44,MLH1,P43246:588:Y>V,0,0.7137938
train-clinvar+pg_dms__bilstm__seed44,MLH1,P43246:588:Y>P,1,0.91723245
train-clinvar+pg_dms__bilstm__seed44,MLH1,P43246:588:Y>Q,0,0.80397606
train-clinvar+pg_dms__bilstm__seed44,MLH1,P43246:588:Y>S,0,0.8317833
train-clinvar+pg_dms__bilstm__seed44,MLH1,P43246:588:Y>R,0,0.9047875
train-clinvar+pg_dms__bilstm__seed44,MLH1,P43246:588:Y>I,1,0.82918185
train-clinvar+pg_dms__bilstm__seed44,MLH1,P43246:588:Y>G,0,0.7591942
train-clinvar+pg_dms__bilstm__seed44,MLH1,P43246:588:Y>T,0,0.750776
train-clinvar+pg_dms__bilstm__seed44,MLH1,P43246:588:Y>E,0,0.8405234
train-clinvar+pg_dms__bilstm__seed44,MLH1,P43246:588:Y>D,0,0.9167403
train-clinvar+pg_dms__bilstm__seed44,MLH1,P43246:588:Y>C,0,0.71914595
train-clinvar+pg_dms__bilstm__seed44,MLH1,P43246:588:Y>K,0,0.83705914
train-clinvar+pg_dms__bilstm__seed44,MLH1,P43246:588:Y>F,0,0.2465996
train-clinvar+pg_dms__bilstm__seed44,MLH1,P43246:588:Y>N,0,0.83594733
train-clinvar+pg_dms__bilstm__seed44,MLH1,P43246:588:Y>W,0,0.6639146
train-clinvar+pg_dms__bilstm__seed44,MLH1,P43246:588:Y>M,0,0.7480147
train-clinvar+pg_dms__bilstm__seed44,MLH1,P43246:588:Y>L,0,0.6949259
train-clinvar+pg_dms__bilstm__seed44,MLH1,P43246:597:D>M,0,0.19805983
train-clinvar+pg_dms__bilstm__seed44,MLH1,P43246:597:D>L,0,0.051443703
train-clinvar+pg_dms__bilstm__seed44,MLH1,P43246:597:D>K,0,0.09173632
train-clinvar+pg_dms__bilstm__seed44,MLH1,P43246:597:D>I,0,0.01963169
train-clinvar+pg_dms__bilstm__seed44,MLH1,P43246:597:D>H,0,0.018169232
train-clinvar+pg_dms__bilstm__seed44,MLH1,P43246:597:D>S,0,0.011720693
train-clinvar+pg_dms__bilstm__seed44,MLH1,P43246:597:D>F,0,0.06224326
train-clinvar+pg_dms__bilstm__seed44,MLH1,P43246:597:D>T,0,0.017593408
train-clinvar+pg_dms__bilstm__seed44,MLH1,P43246:597:D>C,0,0.030013826
train-clinvar+pg_dms__bilstm__seed44,MLH1,P43246:597:D>A,0,0.10292918
train-clinvar+pg_dms__bilstm__seed44,MLH1,P43246:597:D>N,0,0.014223596
train-clinvar+pg_dms__bilstm__seed44,MLH1,P43246:597:D>P,0,0.45850122
train-clinvar+pg_dms__bilstm__seed44,MLH1,P43246:597:D>Q,0,0.033516962
train-clinvar+pg_dms__bilstm__seed44,MLH1,P43246:597:D>R,0,0.0246188
train-clinvar+pg_dms__bilstm__seed44,MLH1,P43246:597:D>Y,0,0.01610579
train-clinvar+pg_dms__bilstm__seed44,MLH1,P43246:597:D>W,0,0.3835828
train-clinvar+pg_dms__bilstm__seed44,MLH1,P43246:597:D>E,0,0.08021524
train-clinvar+pg_dms__bilstm__seed44,MLH1,P43246:597:D>G,0,0.09614072
train-clinvar+pg_dms__bilstm__seed44,MLH1,P43246:598:V>H,0,0.5287366
train-clinvar+pg_dms__bilstm__seed44,MLH1,P43246:598:V>Y,0,0.39905217
train-clinvar+pg_dms__bilstm__seed44,MLH1,P43246:598:V>W,1,0.87498164
train-clinvar+pg_dms__bilstm__seed44,MLH1,P43246:598:V>T,0,0.13596027
train-clinvar+pg_dms__bilstm__seed44,MLH1,P43246:598:V>S,0,0.13637874
train-clinvar+pg_dms__bilstm__seed44,MLH1,P43246:598:V>G,0,0.24483383
train-clinvar+pg_dms__bilstm__seed44,MLH1,P43246:598:V>Q,0,0.36719728
train-clinvar+pg_dms__bilstm__seed44,MLH1,P43246:598:V>A,0,0.1600057
train-clinvar+pg_dms__bilstm__seed44,MLH1,P43246:598:V>D,0,0.5783485
train-clinvar+pg_dms__bilstm__seed44,MLH1,P43246:598:V>E,0,0.46029857
train-clinvar+pg_dms__bilstm__seed44,MLH1,P43246:598:V>F,0,0.18431763
train-clinvar+pg_dms__bilstm__seed44,MLH1,P43246:598:V>I,0,0.0868837
train-clinvar+pg_dms__bilstm__seed44,MLH1,P43246:598:V>C,0,0.4114953
train-clinvar+pg_dms__bilstm__seed44,MLH1,P43246:598:V>R,0,0.4573979
train-clinvar+pg_dms__bilstm__seed44,MLH1,P43246:598:V>L,0,0.2264378
train-clinvar+pg_dms__bilstm__seed44,MLH1,P43246:598:V>M,0,0.3546225
train-clinvar+pg_dms__bilstm__seed44,MLH1,P43246:598:V>N,0,0.23709792
train-clinvar+pg_dms__bilstm__seed44,MLH1,P43246:598:V>P,0,0.9765029
train-clinvar+pg_dms__bilstm__seed44,MLH1,P43246:598:V>K,0,0.550088
train-clinvar+pg_dms__bilstm__seed44,MLH1,P43246:600:A>D,1,0.91655135
train-clinvar+pg_dms__bilstm__seed44,MLH1,P43246:600:A>C,0,0.48727608
train-clinvar+pg_dms__bilstm__seed44,MLH1,P43246:600:A>F,1,0.81189215
train-clinvar+pg_dms__bilstm__seed44,MLH1,P43246:600:A>H,1,0.8274861
train-clinvar+pg_dms__bilstm__seed44,MLH1,P43246:600:A>K,1,0.8878813
train-clinvar+pg_dms__bilstm__seed44,MLH1,P43246:600:A>L,1,0.75007004
train-clinvar+pg_dms__bilstm__seed44,MLH1,P43246:600:A>M,0,0.74750376
train-clinvar+pg_dms__bilstm__seed44,MLH1,P43246:600:A>N,1,0.895147
train-clinvar+pg_dms__bilstm__seed44,MLH1,P43246:600:A>P,1,0.955523
train-clinvar+pg_dms__bilstm__seed44,MLH1,P43246:600:A>Q,0,0.7187031
train-clinvar+pg_dms__bilstm__seed44,MLH1,P43246:600:A>R,1,0.96330684
train-clinvar+pg_dms__bilstm__seed44,MLH1,P43246:600:A>S,0,0.108218744
train-clinvar+pg_dms__bilstm__seed44,MLH1,P43246:600:A>T,1,0.53677315
train-clinvar+pg_dms__bilstm__seed44,MLH1,P43246:600:A>G,0,0.1585739
train-clinvar+pg_dms__bilstm__seed44,MLH1,P43246:600:A>I,1,0.85336244
train-clinvar+pg_dms__bilstm__seed44,MLH1,P43246:600:A>Y,1,0.7958052
train-clinvar+pg_dms__bilstm__seed44,MLH1,P43246:600:A>W,1,0.8358548
train-clinvar+pg_dms__bilstm__seed44,MLH1,P43246:605:V>G,0,0.2659403
train-clinvar+pg_dms__bilstm__seed44,MLH1,P43246:605:V>R,0,0.97099125
train-clinvar+pg_dms__bilstm__seed44,MLH1,P43246:605:V>Y,0,0.7567315
train-clinvar+pg_dms__bilstm__seed44,MLH1,P43246:605:V>W,1,0.96726424
train-clinvar+pg_dms__bilstm__seed44,MLH1,P43246:605:V>T,0,0.06768091
train-clinvar+pg_dms__bilstm__seed44,MLH1,P43246:605:V>S,0,0.2065541
train-clinvar+pg_dms__bilstm__seed44,MLH1,P43246:605:V>H,0,0.9450513
train-clinvar+pg_dms__bilstm__seed44,MLH1,P43246:605:V>Q,0,0.7657779
train-clinvar+pg_dms__bilstm__seed44,MLH1,P43246:605:V>P,0,0.99335563
train-clinvar+pg_dms__bilstm__seed44,MLH1,P43246:605:V>M,0,0.17324802
train-clinvar+pg_dms__bilstm__seed44,MLH1,P43246:605:V>N,0,0.8603044
train-clinvar+pg_dms__bilstm__seed44,MLH1,P43246:605:V>K,0,0.96032697
train-clinvar+pg_dms__bilstm__seed44,MLH1,P43246:605:V>I,0,0.11922297
train-clinvar+pg_dms__bilstm__seed44,MLH1,P43246:605:V>A,0,0.10647383
train-clinvar+pg_dms__bilstm__seed44,MLH1,P43246:605:V>C,0,0.5672928
train-clinvar+pg_dms__bilstm__seed44,MLH1,P43246:605:V>D,0,0.9725802
train-clinvar+pg_dms__bilstm__seed44,MLH1,P43246:605:V>E,0,0.94936156
train-clinvar+pg_dms__bilstm__seed44,MLH1,P43246:605:V>F,0,0.22028218
train-clinvar+pg_dms__bilstm__seed44,MLH1,P43246:605:V>L,0,0.19641776
train-clinvar+pg_dms__bilstm__seed44,MLH1,P43246:606:V>T,0,0.20106329
train-clinvar+pg_dms__bilstm__seed44,MLH1,P43246:606:V>W,0,0.9856871
train-clinvar+pg_dms__bilstm__seed44,MLH1,P43246:606:V>S,0,0.57035285
train-clinvar+pg_dms__bilstm__seed44,MLH1,P43246:606:V>M,0,0.33476484
train-clinvar+pg_dms__bilstm__seed44,MLH1,P43246:606:V>Q,0,0.9528443
train-clinvar+pg_dms__bilstm__seed44,MLH1,P43246:606:V>P,1,0.99639755
train-clinvar+pg_dms__bilstm__seed44,MLH1,P43246:606:V>N,0,0.9338447
train-clinvar+pg_dms__bilstm__seed44,MLH1,P43246:606:V>Y,0,0.9611063
train-clinvar+pg_dms__bilstm__seed44,MLH1,P43246:606:V>R,0,0.99525225
train-clinvar+pg_dms__bilstm__seed44,MLH1,P43246:606:V>I,0,0.105525024
train-clinvar+pg_dms__bilstm__seed44,MLH1,P43246:606:V>E,0,0.9728276
train-clinvar+pg_dms__bilstm__seed44,MLH1,P43246:606:V>L,0,0.18205881
train-clinvar+pg_dms__bilstm__seed44,MLH1,P43246:606:V>H,0,0.9724522
train-clinvar+pg_dms__bilstm__seed44,MLH1,P43246:606:V>G,0,0.45942295
train-clinvar+pg_dms__bilstm__seed44,MLH1,P43246:606:V>F,0,0.57534134
train-clinvar+pg_dms__bilstm__seed44,MLH1,P43246:606:V>C,0,0.8086709
train-clinvar+pg_dms__bilstm__seed44,MLH1,P43246:606:V>A,0,0.27645302
train-clinvar+pg_dms__bilstm__seed44,MLH1,P43246:606:V>K,0,0.9820317
train-clinvar+pg_dms__bilstm__seed44,MLH1,P43246:611:V>K,0,0.97559255
train-clinvar+pg_dms__bilstm__seed44,MLH1,P43246:611:V>W,0,0.9682597
train-clinvar+pg_dms__bilstm__seed44,MLH1,P43246:611:V>T,0,0.056734923
train-clinvar+pg_dms__bilstm__seed44,MLH1,P43246:611:V>S,0,0.08827067
train-clinvar+pg_dms__bilstm__seed44,MLH1,P43246:611:V>Y,0,0.8687892
train-clinvar+pg_dms__bilstm__seed44,MLH1,P43246:611:V>R,0,0.98045003
train-clinvar+pg_dms__bilstm__seed44,MLH1,P43246:611:V>Q,0,0.8701545
train-clinvar+pg_dms__bilstm__seed44,MLH1,P43246:611:V>L,0,0.26203537
train-clinvar+pg_dms__bilstm__seed44,MLH1,P43246:611:V>C,0,0.25665143
train-clinvar+pg_dms__bilstm__seed44,MLH1,P43246:611:V>E,0,0.91469455
train-clinvar+pg_dms__bilstm__seed44,MLH1,P43246:611:V>G,0,0.10997265
train-clinvar+pg_dms__bilstm__seed44,MLH1,P43246:611:V>P,0,0.9952442
train-clinvar+pg_dms__bilstm__seed44,MLH1,P43246:611:V>N,0,0.745779
train-clinvar+pg_dms__bilstm__seed44,MLH1,P43246:611:V>H,0,0.93612576
train-clinvar+pg_dms__bilstm__seed44,MLH1,P43246:611:V>I,0,0.09983048
train-clinvar+pg_dms__bilstm__seed44,MLH1,P43246:611:V>D,0,0.9922185
train-clinvar+pg_dms__bilstm__seed44,MLH1,P43246:611:V>A,0,0.07441244
train-clinvar+pg_dms__bilstm__seed44,MLH1,P43246:612:S>A,0,0.10925562
train-clinvar+pg_dms__bilstm__seed44,MLH1,P43246:612:S>W,0,0.9220701
train-clinvar+pg_dms__bilstm__seed44,MLH1,P43246:612:S>Y,0,0.8627979
train-clinvar+pg_dms__bilstm__seed44,MLH1,P43246:612:S>P,0,0.9891766
train-clinvar+pg_dms__bilstm__seed44,MLH1,P43246:612:S>N,0,0.9508579
train-clinvar+pg_dms__bilstm__seed44,MLH1,P43246:612:S>M,0,0.5619749
train-clinvar+pg_dms__bilstm__seed44,MLH1,P43246:612:S>L,0,0.2909353
train-clinvar+pg_dms__bilstm__seed44,MLH1,P43246:612:S>K,0,0.9740965
train-clinvar+pg_dms__bilstm__seed44,MLH1,P43246:612:S>Q,0,0.95354986
train-clinvar+pg_dms__bilstm__seed44,MLH1,P43246:612:S>I,0,0.54918
train-clinvar+pg_dms__bilstm__seed44,MLH1,P43246:612:S>G,0,0.1597593
train-clinvar+pg_dms__bilstm__seed44,MLH1,P43246:612:S>F,0,0.8586964
train-clinvar+pg_dms__bilstm__seed44,MLH1,P43246:612:S>E,0,0.9638973
train-clinvar+pg_dms__bilstm__seed44,MLH1,P43246:612:S>C,0,0.06923164
train-clinvar+pg_dms__bilstm__seed44,MLH1,P43246:612:S>R,0,0.986832
train-clinvar+pg_dms__bilstm__seed44,MLH1,P43246:612:S>T,0,0.105249345
train-clinvar+pg_dms__bilstm__seed44,MLH1,P43246:612:S>V,0,0.21195729
train-clinvar+pg_dms__bilstm__seed44,MLH1,P43246:612:S>H,0,0.9306895
train-clinvar+pg_dms__bilstm__seed44,MLH1,P43246:613:N>Y,0,0.05584764
train-clinvar+pg_dms__bilstm__seed44,MLH1,P43246:613:N>W,0,0.37809074
train-clinvar+pg_dms__bilstm__seed44,MLH1,P43246:613:N>S,0,0.038388845
train-clinvar+pg_dms__bilstm__seed44,MLH1,P43246:613:N>T,0,0.029708661
train-clinvar+pg_dms__bilstm__seed44,MLH1,P43246:613:N>R,0,0.125569
train-clinvar+pg_dms__bilstm__seed44,MLH1,P43246:613:N>Q,0,0.09492203
train-clinvar+pg_dms__bilstm__seed44,MLH1,P43246:613:N>P,0,0.75812143
train-clinvar+pg_dms__bilstm__seed44,MLH1,P43246:613:N>M,0,0.21418484
train-clinvar+pg_dms__bilstm__seed44,MLH1,P43246:613:N>L,0,0.0612812
train-clinvar+pg_dms__bilstm__seed44,MLH1,P43246:613:N>I,0,0.08258307
train-clinvar+pg_dms__bilstm__seed44,MLH1,P43246:613:N>H,0,0.15563728
train-clinvar+pg_dms__bilstm__seed44,MLH1,P43246:613:N>G,0,0.06287458
train-clinvar+pg_dms__bilstm__seed44,MLH1,P43246:613:N>E,0,0.24480043
train-clinvar+pg_dms__bilstm__seed44,MLH1,P43246:613:N>D,0,0.15452105
train-clinvar+pg_dms__bilstm__seed44,MLH1,P43246:613:N>C,0,0.021168765
train-clinvar+pg_dms__bilstm__seed44,MLH1,P43246:613:N>V,0,0.047541652
train-clinvar+pg_dms__bilstm__seed44,MLH1,P43246:613:N>A,0,0.065538585
train-clinvar+pg_dms__bilstm__seed44,MLH1,P43246:613:N>K,0,0.18261065
train-clinvar+pg_dms__bilstm__seed44,MLH1,P43246:617:V>H,0,0.10065833
train-clinvar+pg_dms__bilstm__seed44,MLH1,P43246:617:V>G,0,0.08922863
train-clinvar+pg_dms__bilstm__seed44,MLH1,P43246:617:V>F,0,0.03820685
train-clinvar+pg_dms__bilstm__seed44,MLH1,P43246:617:V>I,0,0.048098255
train-clinvar+pg_dms__bilstm__seed44,MLH1,P43246:617:V>K,0,0.15515244
train-clinvar+pg_dms__bilstm__seed44,MLH1,P43246:617:V>L,0,0.085302316
train-clinvar+pg_dms__bilstm__seed44,MLH1,P43246:617:V>M,0,0.15370862
train-clinvar+pg_dms__bilstm__seed44,MLH1,P43246:617:V>N,0,0.04557053
train-clinvar+pg_dms__bilstm__seed44,MLH1,P43246:617:V>E,0,0.16325249
train-clinvar+pg_dms__bilstm__seed44,MLH1,P43246:617:V>Q,0,0.09513947
train-clinvar+pg_dms__bilstm__seed44,MLH1,P43246:617:V>R,0,0.07529412
train-clinvar+pg_dms__bilstm__seed44,MLH1,P43246:617:V>W,0,0.551864
train-clinvar+pg_dms__bilstm__seed44,MLH1,P43246:617:V>T,0,0.038522784
train-clinvar+pg_dms__bilstm__seed44,MLH1,P43246:617:V>D,0,0.19592418
train-clinvar+pg_dms__bilstm__seed44,MLH1,P43246:617:V>C,0,0.0909121
train-clinvar+pg_dms__bilstm__seed44,MLH1,P43246:617:V>A,0,0.050528936
train-clinvar+pg_dms__bilstm__seed44,MLH1,P43246:617:V>S,0,0.029926559
train-clinvar+pg_dms__bilstm__seed44,MLH1,P43246:617:V>Y,0,0.10006016
train-clinvar+pg_dms__bilstm__seed44,MLH1,P43246:617:V>P,0,0.76470023
train-clinvar+pg_dms__bilstm__seed44,MLH1,P43246:619:Y>K,0,0.9902947
train-clinvar+pg_dms__bilstm__seed44,MLH1,P43246:619:Y>S,0,0.980454
train-clinvar+pg_dms__bilstm__seed44,MLH1,P43246:619:Y>R,0,0.99390185
train-clinvar+pg_dms__bilstm__seed44,MLH1,P43246:619:Y>Q,0,0.9883207
train-clinvar+pg_dms__bilstm__seed44,MLH1,P43246:619:Y>P,1,0.99555665
train-clinvar+pg_dms__bilstm__seed44,MLH1,P43246:619:Y>N,0,0.9896679
train-clinvar+pg_dms__bilstm__seed44,MLH1,P43246:619:Y>M,0,0.9584575
train-clinvar+pg_dms__bilstm__seed44,MLH1,P43246:619:Y>L,0,0.88522583
train-clinvar+pg_dms__bilstm__seed44,MLH1,P43246:619:Y>W,0,0.69120467
train-clinvar+pg_dms__bilstm__seed44,MLH1,P43246:619:Y>V,0,0.96052116
train-clinvar+pg_dms__bilstm__seed44,MLH1,P43246:619:Y>T,0,0.98678756
train-clinvar+pg_dms__bilstm__seed44,MLH1,P43246:619:Y>I,1,0.9891243
train-clinvar+pg_dms__bilstm__seed44,MLH1,P43246:619:Y>A,0,0.97522146
train-clinvar+pg_dms__bilstm__seed44,MLH1,P43246:619:Y>G,0,0.9827176
train-clinvar+pg_dms__bilstm__seed44,MLH1,P43246:619:Y>F,0,0.11526917
train-clinvar+pg_dms__bilstm__seed44,MLH1,P43246:619:Y>E,1,0.9920215
train-clinvar+pg_dms__bilstm__seed44,MLH1,P43246:619:Y>D,1,0.9952614
train-clinvar+pg_dms__bilstm__seed44,MLH1,P43246:619:Y>C,0,0.7520546
train-clinvar+pg_dms__bilstm__seed44,MLH1,P43246:619:Y>H,0,0.98380846
train-clinvar+pg_dms__bilstm__seed44,MLH1,P43246:621:R>S,1,0.92291653
train-clinvar+pg_dms__bilstm__seed44,MLH1,P43246:621:R>T,1,0.8426817
train-clinvar+pg_dms__bilstm__seed44,MLH1,P43246:621:R>V,1,0.8237122
train-clinvar+pg_dms__bilstm__seed44,MLH1,P43246:621:R>A,1,0.8625467
train-clinvar+pg_dms__bilstm__seed44,MLH1,P43246:621:R>C,0,0.07736192
train-clinvar+pg_dms__bilstm__seed44,MLH1,P43246:621:R>K,0,0.18735345
train-clinvar+pg_dms__bilstm__seed44,MLH1,P43246:621:R>M,0,0.8824182
train-clinvar+pg_dms__bilstm__seed44,MLH1,P43246:621:R>E,1,0.9165054
train-clinvar+pg_dms__bilstm__seed44,MLH1,P43246:621:R>F,1,0.85407764
train-clinvar+pg_dms__bilstm__seed44,MLH1,P43246:621:R>I,1,0.9153543
train-clinvar+pg_dms__bilstm__seed44,MLH1,P43246:621:R>W,1,0.72543335
train-clinvar+pg_dms__bilstm__seed44,MLH1,P43246:621:R>N,1,0.9535995
train-clinvar+pg_dms__bilstm__seed44,MLH1,P43246:621:R>D,1,0.97600603
train-clinvar+pg_dms__bilstm__seed44,MLH1,P43246:628:G>K,0,0.2683983
train-clinvar+pg_dms__bilstm__seed44,MLH1,P43246:628:G>A,0,0.10438971
train-clinvar+pg_dms__bilstm__seed44,MLH1,P43246:628:G>C,0,0.049803555
train-clinvar+pg_dms__bilstm__seed44,MLH1,P43246:628:G>D,0,0.13119763
train-clinvar+pg_dms__bilstm__seed44,MLH1,P43246:628:G>F,0,0.2729949
train-clinvar+pg_dms__bilstm__seed44,MLH1,P43246:628:G>H,0,0.10785022
train-clinvar+pg_dms__bilstm__seed44,MLH1,P43246:628:G>I,0,0.24438252
train-clinvar+pg_dms__bilstm__seed44,MLH1,P43246:628:G>L,0,0.25356153
train-clinvar+pg_dms__bilstm__seed44,MLH1,P43246:628:G>M,0,0.3969542
train-clinvar+pg_dms__bilstm__seed44,MLH1,P43246:628:G>N,0,0.0754546
train-clinvar+pg_dms__bilstm__seed44,MLH1,P43246:628:G>P,0,0.724535
train-clinvar+pg_dms__bilstm__seed44,MLH1,P43246:628:G>Q,0,0.15481903
train-clinvar+pg_dms__bilstm__seed44,MLH1,P43246:628:G>R,0,0.21617815
train-clinvar+pg_dms__bilstm__seed44,MLH1,P43246:628:G>S,0,0.036741786
train-clinvar+pg_dms__bilstm__seed44,MLH1,P43246:628:G>T,0,0.08070619
train-clinvar+pg_dms__bilstm__seed44,MLH1,P43246:628:G>W,0,0.40397263
train-clinvar+pg_dms__bilstm__seed44,MLH1,P43246:628:G>Y,0,0.12818004
train-clinvar+pg_dms__bilstm__seed44,MLH1,P43246:634:L>V,0,0.1055582
train-clinvar+pg_dms__bilstm__seed44,MLH1,P43246:634:L>Y,0,0.90121865
train-clinvar+pg_dms__bilstm__seed44,MLH1,P43246:634:L>W,0,0.9433609
train-clinvar+pg_dms__bilstm__seed44,MLH1,P43246:634:L>G,0,0.93628466
train-clinvar+pg_dms__bilstm__seed44,MLH1,P43246:634:L>H,0,0.9423376
train-clinvar+pg_dms__bilstm__seed44,MLH1,P43246:634:L>R,1,0.982825
train-clinvar+pg_dms__bilstm__seed44,MLH1,P43246:634:L>I,0,0.18575235
train-clinvar+pg_dms__bilstm__seed44,MLH1,P43246:634:L>F,0,0.17753795
train-clinvar+pg_dms__bilstm__seed44,MLH1,P43246:634:L>D,1,0.9904553
train-clinvar+pg_dms__bilstm__seed44,MLH1,P43246:634:L>C,0,0.3886108
train-clinvar+pg_dms__bilstm__seed44,MLH1,P43246:634:L>A,0,0.8981185
train-clinvar+pg_dms__bilstm__seed44,MLH1,P43246:634:L>S,0,0.9726063
train-clinvar+pg_dms__bilstm__seed44,MLH1,P43246:634:L>T,0,0.93143076
train-clinvar+pg_dms__bilstm__seed44,MLH1,P43246:634:L>Q,0,0.95424527
train-clinvar+pg_dms__bilstm__seed44,MLH1,P43246:634:L>M,0,0.2649845
train-clinvar+pg_dms__bilstm__seed44,MLH1,P43246:634:L>P,1,0.99012005
train-clinvar+pg_dms__bilstm__seed44,MLH1,P43246:634:L>N,1,0.9659316
train-clinvar+pg_dms__bilstm__seed44,MLH1,P43246:634:L>K,1,0.9707955
train-clinvar+pg_dms__bilstm__seed44,MLH1,P43246:635:K>E,0,0.057390902
train-clinvar+pg_dms__bilstm__seed44,MLH1,P43246:635:K>R,0,0.039372455
train-clinvar+pg_dms__bilstm__seed44,MLH1,P43246:635:K>S,0,0.06053983
train-clinvar+pg_dms__bilstm__seed44,MLH1,P43246:635:K>T,0,0.03554091
train-clinvar+pg_dms__bilstm__seed44,MLH1,P43246:635:K>V,0,0.04867126
train-clinvar+pg_dms__bilstm__seed44,MLH1,P43246:635:K>W,0,0.38719538
train-clinvar+pg_dms__bilstm__seed44,MLH1,P43246:635:K>Y,0,0.12167817
train-clinvar+pg_dms__bilstm__seed44,MLH1,P43246:635:K>F,0,0.1684921
train-clinvar+pg_dms__bilstm__seed44,MLH1,P43246:635:K>Q,0,0.036526553
train-clinvar+pg_dms__bilstm__seed44,MLH1,P43246:635:K>P,0,0.61144674
train-clinvar+pg_dms__bilstm__seed44,MLH1,P43246:635:K>L,0,0.061372362
train-clinvar+pg_dms__bilstm__seed44,MLH1,P43246:635:K>I,0,0.07211241
train-clinvar+pg_dms__bilstm__seed44,MLH1,P43246:635:K>A,0,0.051997423
train-clinvar+pg_dms__bilstm__seed44,MLH1,P43246:635:K>H,0,0.041222744
train-clinvar+pg_dms__bilstm__seed44,MLH1,P43246:635:K>C,0,0.042745713
train-clinvar+pg_dms__bilstm__seed44,MLH1,P43246:635:K>D,0,0.17697856
train-clinvar+pg_dms__bilstm__seed44,MLH1,P43246:635:K>G,0,0.08362381
train-clinvar+pg_dms__bilstm__seed44,MLH1,P43246:635:K>M,0,0.10988582
train-clinvar+pg_dms__bilstm__seed44,MLH1,P43246:637:S>T,0,0.17080379
train-clinvar+pg_dms__bilstm__seed44,MLH1,P43246:637:S>P,0,0.94751626
train-clinvar+pg_dms__bilstm__seed44,MLH1,P43246:637:S>N,0,0.7725247
train-clinvar+pg_dms__bilstm__seed44,MLH1,P43246:637:S>Q,0,0.814704
train-clinvar+pg_dms__bilstm__seed44,MLH1,P43246:637:S>M,0,0.669662
train-clinvar+pg_dms__bilstm__seed44,MLH1,P43246:637:S>L,0,0.33826804
train-clinvar+pg_dms__bilstm__seed44,MLH1,P43246:637:S>I,0,0.71001434
train-clinvar+pg_dms__bilstm__seed44,MLH1,P43246:637:S>H,1,0.7940939
train-clinvar+pg_dms__bilstm__seed44,MLH1,P43246:637:S>R,1,0.92507166
train-clinvar+pg_dms__bilstm__seed44,MLH1,P43246:637:S>V,0,0.33454278
train-clinvar+pg_dms__bilstm__seed44,MLH1,P43246:637:S>F,0,0.7200837
train-clinvar+pg_dms__bilstm__seed44,MLH1,P43246:637:S>E,0,0.8795792
train-clinvar+pg_dms__bilstm__seed44,MLH1,P43246:637:S>D,1,0.93452764
train-clinvar+pg_dms__bilstm__seed44,MLH1,P43246:637:S>C,0,0.0934775
train-clinvar+pg_dms__bilstm__seed44,MLH1,P43246:637:S>G,0,0.115368605
train-clinvar+pg_dms__bilstm__seed44,MLH1,P43246:637:S>A,0,0.08638457
train-clinvar+pg_dms__bilstm__seed44,MLH1,P43246:637:S>W,1,0.86838806
train-clinvar+pg_dms__bilstm__seed44,MLH1,P43246:640:A>M,0,0.5187614
train-clinvar+pg_dms__bilstm__seed44,MLH1,P43246:640:A>N,0,0.9085836
train-clinvar+pg_dms__bilstm__seed44,MLH1,P43246:640:A>P,0,0.19605598
train-clinvar+pg_dms__bilstm__seed44,MLH1,P43246:640:A>Q,0,0.87454075
train-clinvar+pg_dms__bilstm__seed44,MLH1,P43246:640:A>T,0,0.15453911
train-clinvar+pg_dms__bilstm__seed44,MLH1,P43246:640:A>L,0,0.23454477
train-clinvar+pg_dms__bilstm__seed44,MLH1,P43246:640:A>V,0,0.13285755
train-clinvar+pg_dms__bilstm__seed44,MLH1,P43246:640:A>W,0,0.8678363
train-clinvar+pg_dms__bilstm__seed44,MLH1,P43246:640:A>Y,0,0.7991848
train-clinvar+pg_dms__bilstm__seed44,MLH1,P43246:640:A>R,0,0.9478367
train-clinvar+pg_dms__bilstm__seed44,MLH1,P43246:640:A>I,0,0.31976396
train-clinvar+pg_dms__bilstm__seed44,MLH1,P43246:640:A>H,0,0.8649312
train-clinvar+pg_dms__bilstm__seed44,MLH1,P43246:640:A>G,0,0.16364305
train-clinvar+pg_dms__bilstm__seed44,MLH1,P43246:640:A>F,0,0.76917565
train-clinvar+pg_dms__bilstm__seed44,MLH1,P43246:640:A>E,0,0.9002136
train-clinvar+pg_dms__bilstm__seed44,MLH1,P43246:640:A>C,0,0.19238959
train-clinvar+pg_dms__bilstm__seed44,MLH1,P43246:642:V>H,0,0.47367874
train-clinvar+pg_dms__bilstm__seed44,MLH1,P43246:642:V>C,0,0.25237307
train-clinvar+pg_dms__bilstm__seed44,MLH1,P43246:642:V>D,0,0.85491145
train-clinvar+pg_dms__bilstm__seed44,MLH1,P43246:642:V>E,0,0.73746145
train-clinvar+pg_dms__bilstm__seed44,MLH1,P43246:642:V>F,0,0.2508872
train-clinvar+pg_dms__bilstm__seed44,MLH1,P43246:642:V>G,0,0.36427224
train-clinvar+pg_dms__bilstm__seed44,MLH1,P43246:642:V>I,0,0.10949167
train-clinvar+pg_dms__bilstm__seed44,MLH1,P43246:642:V>K,0,0.68856066
train-clinvar+pg_dms__bilstm__seed44,MLH1,P43246:642:V>L,0,0.041185502
train-clinvar+pg_dms__bilstm__seed44,MLH1,P43246:642:V>M,0,0.19877805
train-clinvar+pg_dms__bilstm__seed44,MLH1,P43246:642:V>N,0,0.5491682
train-clinvar+pg_dms__bilstm__seed44,MLH1,P43246:642:V>P,0,0.92532676
train-clinvar+pg_dms__bilstm__seed44,MLH1,P43246:642:V>Q,0,0.3480774
train-clinvar+pg_dms__bilstm__seed44,MLH1,P43246:642:V>R,0,0.58840096
train-clinvar+pg_dms__bilstm__seed44,MLH1,P43246:642:V>S,0,0.2510821
train-clinvar+pg_dms__bilstm__seed44,MLH1,P43246:642:V>T,0,0.10832514
train-clinvar+pg_dms__bilstm__seed44,MLH1,P43246:642:V>A,0,0.29101086
train-clinvar+pg_dms__bilstm__seed44,MLH1,P43246:642:V>W,0,0.74441785
train-clinvar+pg_dms__bilstm__seed44,MLH1,P43246:642:V>Y,0,0.35745224
train-clinvar+pg_dms__bilstm__seed44,MLH1,P43246:647:E>Q,0,0.092178054
train-clinvar+pg_dms__bilstm__seed44,MLH1,P43246:647:E>D,0,0.06935836
train-clinvar+pg_dms__bilstm__seed44,MLH1,P43246:647:E>C,0,0.14591761
train-clinvar+pg_dms__bilstm__seed44,MLH1,P43246:647:E>G,0,0.050665557
train-clinvar+pg_dms__bilstm__seed44,MLH1,P43246:647:E>H,0,0.091950625
train-clinvar+pg_dms__bilstm__seed44,MLH1,P43246:647:E>A,0,0.05117329
train-clinvar+pg_dms__bilstm__seed44,MLH1,P43246:647:E>N,0,0.046013646
train-clinvar+pg_dms__bilstm__seed44,MLH1,P43246:647:E>R,0,0.10643412
train-clinvar+pg_dms__bilstm__seed44,MLH1,P43246:647:E>P,0,0.25147888
train-clinvar+pg_dms__bilstm__seed44,MLH1,P43246:647:E>I,0,0.15365152
train-clinvar+pg_dms__bilstm__seed44,MLH1,P43246:647:E>L,0,0.14785647
train-clinvar+pg_dms__bilstm__seed44,MLH1,P43246:647:E>M,0,0.2415968
train-clinvar+pg_dms__bilstm__seed44,MLH1,P43246:647:E>F,0,0.1890839
train-clinvar+pg_dms__bilstm__seed44,MLH1,P43246:647:E>K,0,0.119361736
train-clinvar+pg_dms__bilstm__seed44,MLH1,P43246:647:E>S,0,0.053656645
train-clinvar+pg_dms__bilstm__seed44,MLH1,P43246:647:E>V,0,0.08678672
train-clinvar+pg_dms__bilstm__seed44,MLH1,P43246:647:E>W,1,0.33869025
train-clinvar+pg_dms__bilstm__seed44,MLH1,P43246:647:E>Y,0,0.13706216
train-clinvar+pg_dms__bilstm__seed44,MLH1,P43246:647:E>T,0,0.07058623
train-clinvar+pg_dms__bilstm__seed44,MLH1,P43246:649:A>D,0,0.210113
train-clinvar+pg_dms__bilstm__seed44,MLH1,P43246:649:A>T,0,0.06728355
train-clinvar+pg_dms__bilstm__seed44,MLH1,P43246:649:A>S,0,0.062765054
train-clinvar+pg_dms__bilstm__seed44,MLH1,P43246:649:A>R,0,0.21332613
train-clinvar+pg_dms__bilstm__seed44,MLH1,P43246:649:A>Q,0,0.15627745
train-clinvar+pg_dms__bilstm__seed44,MLH1,P43246:649:A>V,0,0.10401813
train-clinvar+pg_dms__bilstm__seed44,MLH1,P43246:649:A>E,0,0.21070692
train-clinvar+pg_dms__bilstm__seed44,MLH1,P43246:649:A>P,0,0.20231129
train-clinvar+pg_dms__bilstm__seed44,MLH1,P43246:649:A>G,0,0.08225364
train-clinvar+pg_dms__bilstm__seed44,MLH1,P43246:649:A>H,0,0.12856092
train-clinvar+pg_dms__bilstm__seed44,MLH1,P43246:649:A>I,0,0.13683665
train-clinvar+pg_dms__bilstm__seed44,MLH1,P43246:649:A>K,0,0.30180305
train-clinvar+pg_dms__bilstm__seed44,MLH1,P43246:649:A>F,0,0.13268478
train-clinvar+pg_dms__bilstm__seed44,MLH1,P43246:649:A>Y,0,0.14508423
train-clinvar+pg_dms__bilstm__seed44,MLH1,P43246:649:A>C,0,0.07671877
train-clinvar+pg_dms__bilstm__seed44,MLH1,P43246:649:A>L,0,0.09029719
train-clinvar+pg_dms__bilstm__seed44,MLH1,P43246:649:A>M,0,0.21342148
train-clinvar+pg_dms__bilstm__seed44,MLH1,P43246:649:A>N,0,0.07660789
train-clinvar+pg_dms__bilstm__seed44,MLH1,P43246:655:V>N,0,0.8275802
train-clinvar+pg_dms__bilstm__seed44,MLH1,P43246:655:V>K,1,0.96622914
train-clinvar+pg_dms__bilstm__seed44,MLH1,P43246:655:V>M,0,0.35456204
train-clinvar+pg_dms__bilstm__seed44,MLH1,P43246:655:V>L,0,0.26888794
train-clinvar+pg_dms__bilstm__seed44,MLH1,P43246:655:V>P,1,0.9904619
train-clinvar+pg_dms__bilstm__seed44,MLH1,P43246:655:V>D,1,0.97800535
train-clinvar+pg_dms__bilstm__seed44,MLH1,P43246:655:V>Q,0,0.9195333
train-clinvar+pg_dms__bilstm__seed44,MLH1,P43246:655:V>W,1,0.96622264
train-clinvar+pg_dms__bilstm__seed44,MLH1,P43246:655:V>T,0,0.17330228
train-clinvar+pg_dms__bilstm__seed44,MLH1,P43246:655:V>S,0,0.3797815
train-clinvar+pg_dms__bilstm__seed44,MLH1,P43246:655:V>R,1,0.9527359
train-clinvar+pg_dms__bilstm__seed44,MLH1,P43246:655:V>A,0,0.12995672
train-clinvar+pg_dms__bilstm__seed44,MLH1,P43246:655:V>C,0,0.41928926
train-clinvar+pg_dms__bilstm__seed44,MLH1,P43246:655:V>H,0,0.9301501
train-clinvar+pg_dms__bilstm__seed44,MLH1,P43246:655:V>E,1,0.9693811
train-clinvar+pg_dms__bilstm__seed44,MLH1,P43246:655:V>F,0,0.37957335
train-clinvar+pg_dms__bilstm__seed44,MLH1,P43246:655:V>G,0,0.6440508
train-clinvar+pg_dms__bilstm__seed44,MLH1,P43246:679:I>Y,0,0.9715973
train-clinvar+pg_dms__bilstm__seed44,MLH1,P43246:679:I>W,0,0.982886
train-clinvar+pg_dms__bilstm__seed44,MLH1,P43246:679:I>T,0,0.96920836
train-clinvar+pg_dms__bilstm__seed44,MLH1,P43246:679:I>S,0,0.9624017
train-clinvar+pg_dms__bilstm__seed44,MLH1,P43246:679:I>R,1,0.99705005
train-clinvar+pg_dms__bilstm__seed44,MLH1,P43246:679:I>Q,0,0.98519325
train-clinvar+pg_dms__bilstm__seed44,MLH1,P43246:679:I>A,0,0.949523
train-clinvar+pg_dms__bilstm__seed44,MLH1,P43246:679:I>D,1,0.9951231
train-clinvar+pg_dms__bilstm__seed44,MLH1,P43246:679:I>C,0,0.87994313
train-clinvar+pg_dms__bilstm__seed44,MLH1,P43246:679:I>G,0,0.94651175
train-clinvar+pg_dms__bilstm__seed44,MLH1,P43246:679:I>P,0,0.9969393
train-clinvar+pg_dms__bilstm__seed44,MLH1,P43246:679:I>N,0,0.98249084
train-clinvar+pg_dms__bilstm__seed44,MLH1,P43246:679:I>H,0,0.9779769
train-clinvar+pg_dms__bilstm__seed44,MLH1,P43246:679:I>K,1,0.9899592
train-clinvar+pg_dms__bilstm__seed44,MLH1,P43246:679:I>L,0,0.08226221
train-clinvar+pg_dms__bilstm__seed44,MLH1,P43246:679:I>M,0,0.2994116
train-clinvar+pg_dms__bilstm__seed44,MLH1,P43246:679:I>F,0,0.9290613
train-clinvar+pg_dms__bilstm__seed44,MLH1,P43246:685:I>C,0,0.583203
train-clinvar+pg_dms__bilstm__seed44,MLH1,P43246:685:I>D,0,0.9717525
train-clinvar+pg_dms__bilstm__seed44,MLH1,P43246:685:I>F,0,0.87913805
train-clinvar+pg_dms__bilstm__seed44,MLH1,P43246:685:I>G,0,0.7904011
train-clinvar+pg_dms__bilstm__seed44,MLH1,P43246:685:I>H,0,0.9349937
train-clinvar+pg_dms__bilstm__seed44,MLH1,P43246:685:I>P,1,0.98039377
train-clinvar+pg_dms__bilstm__seed44,MLH1,P43246:685:I>S,0,0.28089848
train-clinvar+pg_dms__bilstm__seed44,MLH1,P43246:685:I>V,0,0.23272403
train-clinvar+pg_dms__bilstm__seed44,MLH1,P43246:685:I>W,1,0.93439084
train-clinvar+pg_dms__bilstm__seed44,MLH1,P43246:685:I>Y,1,0.9376914
train-clinvar+pg_dms__bilstm__seed44,MLH1,P43246:685:I>A,0,0.22632912
train-clinvar+pg_dms__bilstm__seed44,MLH1,P43246:685:I>N,0,0.40079215
train-clinvar+pg_dms__bilstm__seed44,MLH1,P43246:688:M>W,1,0.9803073
train-clinvar+pg_dms__bilstm__seed44,MLH1,P43246:688:M>V,0,0.63136333
train-clinvar+pg_dms__bilstm__seed44,MLH1,P43246:688:M>T,0,0.94663274
train-clinvar+pg_dms__bilstm__seed44,MLH1,P43246:688:M>S,1,0.9816062
train-clinvar+pg_dms__bilstm__seed44,MLH1,P43246:688:M>Q,0,0.9244336
train-clinvar+pg_dms__bilstm__seed44,MLH1,P43246:688:M>L,0,0.12089235
train-clinvar+pg_dms__bilstm__seed44,MLH1,P43246:688:M>N,1,0.9855237
train-clinvar+pg_dms__bilstm__seed44,MLH1,P43246:688:M>Y,1,0.9798906
train-clinvar+pg_dms__bilstm__seed44,MLH1,P43246:688:M>K,1,0.9798813
train-clinvar+pg_dms__bilstm__seed44,MLH1,P43246:688:M>I,0,0.6685317
train-clinvar+pg_dms__bilstm__seed44,MLH1,P43246:688:M>G,1,0.9852328
train-clinvar+pg_dms__bilstm__seed44,MLH1,P43246:688:M>F,0,0.9046869
train-clinvar+pg_dms__bilstm__seed44,MLH1,P43246:688:M>E,1,0.98400784
train-clinvar+pg_dms__bilstm__seed44,MLH1,P43246:688:M>D,1,0.9851398
train-clinvar+pg_dms__bilstm__seed44,MLH1,P43246:688:M>C,0,0.9374589
train-clinvar+pg_dms__bilstm__seed44,MLH1,P43246:688:M>A,0,0.92748564
train-clinvar+pg_dms__bilstm__seed44,MLH1,P43246:688:M>P,1,0.994115
train-clinvar+pg_dms__bilstm__seed44,MLH1,P43246:688:M>H,1,0.98023695
train-clinvar+pg_dms__bilstm__seed44,MLH1,P43246:690:Q>I,1,0.98413265
train-clinvar+pg_dms__bilstm__seed44,MLH1,P43246:690:Q>G,1,0.94613105
train-clinvar+pg_dms__bilstm__seed44,MLH1,P43246:690:Q>F,0,0.98989594
train-clinvar+pg_dms__bilstm__seed44,MLH1,P43246:690:Q>V,0,0.92332965
train-clinvar+pg_dms__bilstm__seed44,MLH1,P43246:690:Q>D,1,0.9950185
train-clinvar+pg_dms__bilstm__seed44,MLH1,P43246:690:Q>A,0,0.77743804
train-clinvar+pg_dms__bilstm__seed44,MLH1,P43246:690:Q>S,0,0.71268904
train-clinvar+pg_dms__bilstm__seed44,MLH1,P43246:690:Q>E,1,0.52488285
train-clinvar+pg_dms__bilstm__seed44,MLH1,P43246:690:Q>L,0,0.92736244
train-clinvar+pg_dms__bilstm__seed44,MLH1,P43246:690:Q>N,1,0.93476385
train-clinvar+pg_dms__bilstm__seed44,MLH1,P43246:690:Q>W,1,0.99084735
train-clinvar+pg_dms__bilstm__seed44,MLH1,P43246:690:Q>Y,1,0.9819208
train-clinvar+pg_dms__bilstm__seed44,MLH1,P43246:690:Q>R,1,0.99347806
train-clinvar+pg_dms__bilstm__seed44,MLH1,P43246:690:Q>M,0,0.9195718
train-clinvar+pg_dms__bilstm__seed44,MLH1,P43246:690:Q>T,0,0.9347399
train-clinvar+pg_dms__bilstm__seed44,MLH1,P43246:690:Q>P,1,0.9976705
train-clinvar+pg_dms__bilstm__seed44,MLH1,P43246:695:V>G,1,0.9848926
train-clinvar+pg_dms__bilstm__seed44,MLH1,P43246:695:V>Y,1,0.9914614
train-clinvar+pg_dms__bilstm__seed44,MLH1,P43246:695:V>F,1,0.9822891
train-clinvar+pg_dms__bilstm__seed44,MLH1,P43246:695:V>E,1,0.99655724
train-clinvar+pg_dms__bilstm__seed44,MLH1,P43246:695:V>H,1,0.9930663
train-clinvar+pg_dms__bilstm__seed44,MLH1,P43246:695:V>K,1,0.99574536
train-clinvar+pg_dms__bilstm__seed44,MLH1,P43246:695:V>D,1,0.99808645
train-clinvar+pg_dms__bilstm__seed44,MLH1,P43246:695:V>N,1,0.9923111
train-clinvar+pg_dms__bilstm__seed44,MLH1,P43246:695:V>P,1,0.9983546
train-clinvar+pg_dms__bilstm__seed44,MLH1,P43246:695:V>Q,1,0.99342126
train-clinvar+pg_dms__bilstm__seed44,MLH1,P43246:695:V>R,1,0.99446374
train-clinvar+pg_dms__bilstm__seed44,MLH1,P43246:695:V>S,1,0.9773909
train-clinvar+pg_dms__bilstm__seed44,MLH1,P43246:695:V>I,0,0.16098759
train-clinvar+pg_dms__bilstm__seed44,MLH1,P43246:695:V>C,0,0.9743906
train-clinvar+pg_dms__bilstm__seed44,MLH1,P43246:695:V>T,0,0.90567994
train-clinvar+pg_dms__bilstm__seed44,MLH1,P43246:696:P>E,1,0.98940396
train-clinvar+pg_dms__bilstm__seed44,MLH1,P43246:696:P>F,1,0.9586023
train-clinvar+pg_dms__bilstm__seed44,MLH1,P43246:696:P>G,0,0.95214254
train-clinvar+pg_dms__bilstm__seed44,MLH1,P43246:696:P>H,1,0.9745744
train-clinvar+pg_dms__bilstm__seed44,MLH1,P43246:696:P>I,1,0.97840446
train-clinvar+pg_dms__bilstm__seed44,MLH1,P43246:696:P>K,1,0.9866648
train-clinvar+pg_dms__bilstm__seed44,MLH1,P43246:696:P>M,1,0.98348063
train-clinvar+pg_dms__bilstm__seed44,MLH1,P43246:696:P>Q,1,0.97219884
train-clinvar+pg_dms__bilstm__seed44,MLH1,P43246:696:P>R,1,0.98829937
train-clinvar+pg_dms__bilstm__seed44,MLH1,P43246:696:P>D,1,0.9948979
train-clinvar+pg_dms__bilstm__seed44,MLH1,P43246:696:P>T,1,0.9183
train-clinvar+pg_dms__bilstm__seed44,MLH1,P43246:696:P>V,1,0.9582139
train-clinvar+pg_dms__bilstm__seed44,MLH1,P43246:696:P>W,1,0.9805566
train-clinvar+pg_dms__bilstm__seed44,MLH1,P43246:696:P>Y,1,0.96245295
train-clinvar+pg_dms__bilstm__seed44,MLH1,P43246:704:I>C,0,0.3266525
train-clinvar+pg_dms__bilstm__seed44,MLH1,P43246:704:I>A,0,0.13909902
train-clinvar+pg_dms__bilstm__seed44,MLH1,P43246:704:I>Y,1,0.6464842
train-clinvar+pg_dms__bilstm__seed44,MLH1,P43246:704:I>W,1,0.854071
train-clinvar+pg_dms__bilstm__seed44,MLH1,P43246:704:I>V,0,0.13400348
train-clinvar+pg_dms__bilstm__seed44,MLH1,P43246:704:I>T,0,0.13034889
train-clinvar+pg_dms__bilstm__seed44,MLH1,P43246:704:I>R,0,0.5087186
train-clinvar+pg_dms__bilstm__seed44,MLH1,P43246:704:I>Q,0,0.5886949
train-clinvar+pg_dms__bilstm__seed44,MLH1,P43246:704:I>P,0,0.69771606
train-clinvar+pg_dms__bilstm__seed44,MLH1,P43246:704:I>S,0,0.21678679
train-clinvar+pg_dms__bilstm__seed44,MLH1,P43246:704:I>L,0,0.08252899
train-clinvar+pg_dms__bilstm__seed44,MLH1,P43246:704:I>K,1,0.6831797
train-clinvar+pg_dms__bilstm__seed44,MLH1,P43246:704:I>H,1,0.73987
train-clinvar+pg_dms__bilstm__seed44,MLH1,P43246:704:I>G,1,0.6785715
train-clinvar+pg_dms__bilstm__seed44,MLH1,P43246:704:I>F,0,0.1454874
train-clinvar+pg_dms__bilstm__seed44,MLH1,P43246:704:I>E,1,0.8399896
train-clinvar+pg_dms__bilstm__seed44,MLH1,P43246:704:I>D,1,0.92347836
train-clinvar+pg_dms__bilstm__seed44,MLH1,P43246:706:D>W,0,0.55213577
train-clinvar+pg_dms__bilstm__seed44,MLH1,P43246:706:D>S,0,0.07328919
train-clinvar+pg_dms__bilstm__seed44,MLH1,P43246:706:D>G,0,0.15921406
train-clinvar+pg_dms__bilstm__seed44,MLH1,P43246:706:D>A,0,0.18484116
train-clinvar+pg_dms__bilstm__seed44,MLH1,P43246:706:D>C,0,0.12811355
train-clinvar+pg_dms__bilstm__seed44,MLH1,P43246:706:D>F,1,0.21540126
train-clinvar+pg_dms__bilstm__seed44,MLH1,P43246:706:D>H,0,0.38309908
train-clinvar+pg_dms__bilstm__seed44,MLH1,P43246:706:D>I,0,0.34142187
train-clinvar+pg_dms__bilstm__seed44,MLH1,P43246:706:D>K,0,0.38848773
train-clinvar+pg_dms__bilstm__seed44,MLH1,P43246:706:D>L,1,0.30335802
train-clinvar+pg_dms__bilstm__seed44,MLH1,P43246:706:D>M,0,0.5129148
train-clinvar+pg_dms__bilstm__seed44,MLH1,P43246:706:D>P,0,0.7441396
train-clinvar+pg_dms__bilstm__seed44,MLH1,P43246:706:D>Q,0,0.2754178
train-clinvar+pg_dms__bilstm__seed44,MLH1,P43246:706:D>R,0,0.42675817
train-clinvar+pg_dms__bilstm__seed44,MLH1,P43246:706:D>V,0,0.24572968
train-clinvar+pg_dms__bilstm__seed44,MLH1,P43246:706:D>Y,0,0.21859774
train-clinvar+pg_dms__bilstm__seed44,MLH1,P43246:706:D>T,0,0.1887058
train-clinvar+pg_dms__bilstm__seed44,MLH1,P43246:715:G>C,0,0.051093463
train-clinvar+pg_dms__bilstm__seed44,MLH1,P43246:715:G>D,0,0.39839998
train-clinvar+pg_dms__bilstm__seed44,MLH1,P43246:715:G>K,0,0.467738
train-clinvar+pg_dms__bilstm__seed44,MLH1,P43246:715:G>F,0,0.20569037
train-clinvar+pg_dms__bilstm__seed44,MLH1,P43246:715:G>H,0,0.22775216
train-clinvar+pg_dms__bilstm__seed44,MLH1,P43246:715:G>I,0,0.29565674
train-clinvar+pg_dms__bilstm__seed44,MLH1,P43246:715:G>E,0,0.37825793
train-clinvar+pg_dms__bilstm__seed44,MLH1,P43246:715:G>L,0,0.19928795
train-clinvar+pg_dms__bilstm__seed44,MLH1,P43246:715:G>N,0,0.10816628
train-clinvar+pg_dms__bilstm__seed44,MLH1,P43246:715:G>M,0,0.4071916
train-clinvar+pg_dms__bilstm__seed44,MLH1,P43246:715:G>W,0,0.50689244
train-clinvar+pg_dms__bilstm__seed44,MLH1,P43246:715:G>V,0,0.15174964
train-clinvar+pg_dms__bilstm__seed44,MLH1,P43246:715:G>T,0,0.04127433
train-clinvar+pg_dms__bilstm__seed44,MLH1,P43246:715:G>Y,0,0.23222983
train-clinvar+pg_dms__bilstm__seed44,MLH1,P43246:715:G>Q,0,0.19171178
train-clinvar+pg_dms__bilstm__seed44,MLH1,P43246:715:G>P,0,0.678453
train-clinvar+pg_dms__bilstm__seed44,MLH1,P43246:715:G>S,0,0.045687158
train-clinvar+pg_dms__bilstm__seed44,MLH1,P43246:720:K>C,0,0.054831993
train-clinvar+pg_dms__bilstm__seed44,MLH1,P43246:720:K>W,0,0.3505202
train-clinvar+pg_dms__bilstm__seed44,MLH1,P43246:720:K>V,0,0.11437412
train-clinvar+pg_dms__bilstm__seed44,MLH1,P43246:720:K>E,0,0.4021575
train-clinvar+pg_dms__bilstm__seed44,MLH1,P43246:720:K>F,0,0.12669314
train-clinvar+pg_dms__bilstm__seed44,MLH1,P43246:720:K>G,0,0.103905
train-clinvar+pg_dms__bilstm__seed44,MLH1,P43246:720:K>H,0,0.03874322
train-clinvar+pg_dms__bilstm__seed44,MLH1,P43246:720:K>I,0,0.14717843
train-clinvar+pg_dms__bilstm__seed44,MLH1,P43246:720:K>L,0,0.104275614
train-clinvar+pg_dms__bilstm__seed44,MLH1,P43246:720:K>A,0,0.10727569
train-clinvar+pg_dms__bilstm__seed44,MLH1,P43246:720:K>D,0,0.28935567
train-clinvar+pg_dms__bilstm__seed44,MLH1,P43246:720:K>P,0,0.41706356
train-clinvar+pg_dms__bilstm__seed44,MLH1,P43246:720:K>N,0,0.079342045
train-clinvar+pg_dms__bilstm__seed44,MLH1,P43246:720:K>Y,0,0.12146221
train-clinvar+pg_dms__bilstm__seed44,MLH1,P43246:720:K>S,0,0.08336074
train-clinvar+pg_dms__bilstm__seed44,MLH1,P43246:720:K>T,0,0.054420795
train-clinvar+pg_dms__bilstm__seed44,MLH1,P43246:720:K>R,0,0.0040019597
train-clinvar+pg_dms__bilstm__seed44,MLH1,P43246:720:K>M,0,0.21726355
train-clinvar+pg_dms__bilstm__seed44,MLH1,P43246:720:K>Q,0,0.01544021
train-clinvar+pg_dms__bilstm__seed44,MLH1,P43246:725:F>H,1,0.50558764
train-clinvar+pg_dms__bilstm__seed44,MLH1,P43246:725:F>E,0,0.61711925
train-clinvar+pg_dms__bilstm__seed44,MLH1,P43246:725:F>C,0,0.32179728
train-clinvar+pg_dms__bilstm__seed44,MLH1,P43246:725:F>A,0,0.49915397
train-clinvar+pg_dms__bilstm__seed44,MLH1,P43246:725:F>I,0,0.58933824
train-clinvar+pg_dms__bilstm__seed44,MLH1,P43246:725:F>K,0,0.6654669
train-clinvar+pg_dms__bilstm__seed44,MLH1,P43246:725:F>M,0,0.64491975
train-clinvar+pg_dms__bilstm__seed44,MLH1,P43246:725:F>N,0,0.4284421
train-clinvar+pg_dms__bilstm__seed44,MLH1,P43246:725:F>P,1,0.86881703
train-clinvar+pg_dms__bilstm__seed44,MLH1,P43246:725:F>G,0,0.49725792
train-clinvar+pg_dms__bilstm__seed44,MLH1,P43246:725:F>Y,0,0.5843787
train-clinvar+pg_dms__bilstm__seed44,MLH1,P43246:725:F>W,0,0.6872945
train-clinvar+pg_dms__bilstm__seed44,MLH1,P43246:725:F>V,0,0.38019532
train-clinvar+pg_dms__bilstm__seed44,MLH1,P43246:725:F>Q,0,0.47532976
train-clinvar+pg_dms__bilstm__seed44,MLH1,P43246:725:F>R,1,0.74059176
train-clinvar+pg_dms__bilstm__seed44,MLH1,P43246:725:F>T,0,0.37187484
train-clinvar+pg_dms__bilstm__seed44,MLH1,P43246:725:F>S,0,0.5006347
train-clinvar+pg_dms__bilstm__seed44,MLH1,P43246:729:M>G,0,0.37803772
train-clinvar+pg_dms__bilstm__seed44,MLH1,P43246:729:M>H,0,0.16874811
train-clinvar+pg_dms__bilstm__seed44,MLH1,P43246:729:M>F,1,0.2890406
train-clinvar+pg_dms__bilstm__seed44,MLH1,P43246:729:M>K,1,0.6275619
train-clinvar+pg_dms__bilstm__seed44,MLH1,P43246:729:M>L,0,0.42734814
train-clinvar+pg_dms__bilstm__seed44,MLH1,P43246:729:M>N,0,0.29218018
train-clinvar+pg_dms__bilstm__seed44,MLH1,P43246:729:M>P,1,0.82850987
train-clinvar+pg_dms__bilstm__seed44,MLH1,P43246:729:M>I,0,0.37041062
train-clinvar+pg_dms__bilstm__seed44,MLH1,P43246:729:M>E,1,0.6992407
train-clinvar+pg_dms__bilstm__seed44,MLH1,P43246:729:M>Y,0,0.15865983
train-clinvar+pg_dms__bilstm__seed44,MLH1,P43246:729:M>A,0,0.28460452
train-clinvar+pg_dms__bilstm__seed44,MLH1,P43246:729:M>W,1,0.77798384
train-clinvar+pg_dms__bilstm__seed44,MLH1,P43246:729:M>T,0,0.20470369
train-clinvar+pg_dms__bilstm__seed44,MLH1,P43246:729:M>S,0,0.12206623
train-clinvar+pg_dms__bilstm__seed44,MLH1,P43246:729:M>R,1,0.43073672
train-clinvar+pg_dms__bilstm__seed44,MLH1,P43246:729:M>Q,0,0.25394613
train-clinvar+pg_dms__bilstm__seed44,MLH1,P43246:729:M>C,0,0.18291125
train-clinvar+pg_dms__bilstm__seed44,MLH1,P43246:731:E>D,0,0.7598925
train-clinvar+pg_dms__bilstm__seed44,MLH1,P43246:731:E>P,0,0.8608705
train-clinvar+pg_dms__bilstm__seed44,MLH1,P43246:731:E>A,0,0.56234235
train-clinvar+pg_dms__bilstm__seed44,MLH1,P43246:731:E>F,0,0.7092902
train-clinvar+pg_dms__bilstm__seed44,MLH1,P43246:731:E>H,0,0.6202667
train-clinvar+pg_dms__bilstm__seed44,MLH1,P43246:731:E>I,0,0.70029116
train-clinvar+pg_dms__bilstm__seed44,MLH1,P43246:731:E>L,0,0.65860605
train-clinvar+pg_dms__bilstm__seed44,MLH1,P43246:731:E>M,0,0.71145165
train-clinvar+pg_dms__bilstm__seed44,MLH1,P43246:731:E>N,0,0.7282181
train-clinvar+pg_dms__bilstm__seed44,MLH1,P43246:731:E>C,0,0.5288009
train-clinvar+pg_dms__bilstm__seed44,MLH1,P43246:731:E>Q,0,0.5548831
train-clinvar+pg_dms__bilstm__seed44,MLH1,P43246:731:E>R,0,0.8341618
train-clinvar+pg_dms__bilstm__seed44,MLH1,P43246:731:E>S,0,0.7302801
train-clinvar+pg_dms__bilstm__seed44,MLH1,P43246:731:E>T,0,0.6403713
train-clinvar+pg_dms__bilstm__seed44,MLH1,P43246:731:E>V,0,0.55740625
train-clinvar+pg_dms__bilstm__seed44,MLH1,P43246:731:E>W,0,0.780895
train-clinvar+pg_dms__bilstm__seed44,MLH1,P43246:731:E>Y,0,0.65813047
train-clinvar+pg_dms__bilstm__seed44,MLH1,P43246:733:A>K,0,0.5962681
train-clinvar+pg_dms__bilstm__seed44,MLH1,P43246:733:A>M,0,0.5364731
train-clinvar+pg_dms__bilstm__seed44,MLH1,P43246:733:A>N,0,0.3274213
train-clinvar+pg_dms__bilstm__seed44,MLH1,P43246:733:A>P,1,0.8018811
train-clinvar+pg_dms__bilstm__seed44,MLH1,P43246:733:A>Q,0,0.41305584
train-clinvar+pg_dms__bilstm__seed44,MLH1,P43246:733:A>I,1,0.5526891
train-clinvar+pg_dms__bilstm__seed44,MLH1,P43246:733:A>H,0,0.4341274
train-clinvar+pg_dms__bilstm__seed44,MLH1,P43246:733:A>C,0,0.20708907
train-clinvar+pg_dms__bilstm__seed44,MLH1,P43246:733:A>F,1,0.5649183
train-clinvar+pg_dms__bilstm__seed44,MLH1,P43246:733:A>E,0,0.5751626
train-clinvar+pg_dms__bilstm__seed44,MLH1,P43246:733:A>D,0,0.66148555
train-clinvar+pg_dms__bilstm__seed44,MLH1,P43246:733:A>R,0,0.6093204
train-clinvar+pg_dms__bilstm__seed44,MLH1,P43246:733:A>T,0,0.25043514
train-clinvar+pg_dms__bilstm__seed44,MLH1,P43246:733:A>V,0,0.2663443
train-clinvar+pg_dms__bilstm__seed44,MLH1,P43246:733:A>W,0,0.72625667
train-clinvar+pg_dms__bilstm__seed44,MLH1,P43246:733:A>Y,0,0.52314806
train-clinvar+pg_dms__bilstm__seed44,MLH1,P43246:733:A>G,0,0.11725465
train-clinvar+pg_dms__bilstm__seed44,MLH1,P43246:733:A>S,0,0.04359746
train-clinvar+pg_dms__bilstm__seed44,MLH1,P43246:733:A>L,0,0.44528833
train-clinvar+pg_dms__bilstm__seed44,MLH1,P43246:734:S>M,0,0.29469985
train-clinvar+pg_dms__bilstm__seed44,MLH1,P43246:734:S>Y,0,0.23067376
train-clinvar+pg_dms__bilstm__seed44,MLH1,P43246:734:S>W,0,0.5549885
train-clinvar+pg_dms__bilstm__seed44,MLH1,P43246:734:S>V,0,0.177941
train-clinvar+pg_dms__bilstm__seed44,MLH1,P43246:734:S>T,0,0.09222915
train-clinvar+pg_dms__bilstm__seed44,MLH1,P43246:734:S>R,0,0.84350777
train-clinvar+pg_dms__bilstm__seed44,MLH1,P43246:734:S>L,0,0.13837093
train-clinvar+pg_dms__bilstm__seed44,MLH1,P43246:734:S>A,0,0.058684807
train-clinvar+pg_dms__bilstm__seed44,MLH1,P43246:734:S>D,0,0.72921896
train-clinvar+pg_dms__bilstm__seed44,MLH1,P43246:734:S>E,0,0.65842336
train-clinvar+pg_dms__bilstm__seed44,MLH1,P43246:734:S>F,0,0.2586244
train-clinvar+pg_dms__bilstm__seed44,MLH1,P43246:734:S>G,0,0.091655545
train-clinvar+pg_dms__bilstm__seed44,MLH1,P43246:734:S>H,0,0.38470253
train-clinvar+pg_dms__bilstm__seed44,MLH1,P43246:734:S>I,0,0.31156433
train-clinvar+pg_dms__bilstm__seed44,MLH1,P43246:734:S>K,0,0.763461
train-clinvar+pg_dms__bilstm__seed44,MLH1,P43246:734:S>C,0,0.122332394
train-clinvar+pg_dms__bilstm__seed44,MLH1,P43246:734:S>P,0,0.897295
train-clinvar+pg_dms__bilstm__seed44,MLH1,P43246:734:S>N,0,0.1812393
train-clinvar+pg_dms__bilstm__seed44,MLH1,P43246:739:A>F,0,0.6604388
train-clinvar+pg_dms__bilstm__seed44,MLH1,P43246:739:A>L,0,0.43637148
train-clinvar+pg_dms__bilstm__seed44,MLH1,P43246:739:A>Y,1,0.73739964
train-clinvar+pg_dms__bilstm__seed44,MLH1,P43246:739:A>W,1,0.7663655
train-clinvar+pg_dms__bilstm__seed44,MLH1,P43246:739:A>R,1,0.91553503
train-clinvar+pg_dms__bilstm__seed44,MLH1,P43246:739:A>P,0,0.9402686
train-clinvar+pg_dms__bilstm__seed44,MLH1,P43246:739:A>N,1,0.73505306
train-clinvar+pg_dms__bilstm__seed44,MLH1,P43246:739:A>M,0,0.78315544
train-clinvar+pg_dms__bilstm__seed44,MLH1,P43246:739:A>K,1,0.8472224
train-clinvar+pg_dms__bilstm__seed44,MLH1,P43246:739:A>I,0,0.84210265
train-clinvar+pg_dms__bilstm__seed44,MLH1,P43246:739:A>H,1,0.75239974
train-clinvar+pg_dms__bilstm__seed44,MLH1,P43246:739:A>G,0,0.081103094
train-clinvar+pg_dms__bilstm__seed44,MLH1,P43246:739:A>E,1,0.821724
train-clinvar+pg_dms__bilstm__seed44,MLH1,P43246:739:A>D,1,0.93293697
train-clinvar+pg_dms__bilstm__seed44,MLH1,P43246:739:A>S,0,0.060493726
train-clinvar+pg_dms__bilstm__seed44,MLH1,P43246:741:K>Y,0,0.2553002
train-clinvar+pg_dms__bilstm__seed44,MLH1,P43246:741:K>T,0,0.02033052
train-clinvar+pg_dms__bilstm__seed44,MLH1,P43246:741:K>S,0,0.04641522
train-clinvar+pg_dms__bilstm__seed44,MLH1,P43246:741:K>R,0,0.1325421
train-clinvar+pg_dms__bilstm__seed44,MLH1,P43246:741:K>N,0,0.05092532
train-clinvar+pg_dms__bilstm__seed44,MLH1,P43246:741:K>V,0,0.0654005
train-clinvar+pg_dms__bilstm__seed44,MLH1,P43246:741:K>W,0,0.39134485
train-clinvar+pg_dms__bilstm__seed44,MLH1,P43246:741:K>A,0,0.06834443
train-clinvar+pg_dms__bilstm__seed44,MLH1,P43246:741:K>M,0,0.21060044
train-clinvar+pg_dms__bilstm__seed44,MLH1,P43246:741:K>G,0,0.035149705
train-clinvar+pg_dms__bilstm__seed44,MLH1,P43246:741:K>H,0,0.066236466
train-clinvar+pg_dms__bilstm__seed44,MLH1,P43246:741:K>I,0,0.19188388
train-clinvar+pg_dms__bilstm__seed44,MLH1,P43246:741:K>L,0,0.05514478
train-clinvar+pg_dms__bilstm__seed44,MLH1,P43246:741:K>F,0,0.2866505
train-clinvar+pg_dms__bilstm__seed44,MLH1,P43246:741:K>D,0,0.19858822
train-clinvar+pg_dms__bilstm__seed44,MLH1,P43246:741:K>P,0,0.23063718
train-clinvar+pg_dms__bilstm__seed44,MLH1,P43246:741:K>E,0,0.081019305
train-clinvar+pg_dms__bilstm__seed44,MLH1,P43246:741:K>C,0,0.036022313
train-clinvar+pg_dms__bilstm__seed44,MLH1,P43246:741:K>Q,0,0.0485455
train-clinvar+pg_dms__bilstm__seed44,MLH1,P43246:743:S>M,1,0.9244925
train-clinvar+pg_dms__bilstm__seed44,MLH1,P43246:743:S>K,1,0.95573115
train-clinvar+pg_dms__bilstm__seed44,MLH1,P43246:743:S>E,1,0.94586927
train-clinvar+pg_dms__bilstm__seed44,MLH1,P43246:743:S>F,1,0.9099687
train-clinvar+pg_dms__bilstm__seed44,MLH1,P43246:743:S>G,0,0.72703135
train-clinvar+pg_dms__bilstm__seed44,MLH1,P43246:743:S>H,0,0.9018679
train-clinvar+pg_dms__bilstm__seed44,MLH1,P43246:743:S>I,1,0.92380047
train-clinvar+pg_dms__bilstm__seed44,MLH1,P43246:743:S>L,1,0.8950119
train-clinvar+pg_dms__bilstm__seed44,MLH1,P43246:743:S>N,0,0.947553
train-clinvar+pg_dms__bilstm__seed44,MLH1,P43246:743:S>P,1,0.97441316
train-clinvar+pg_dms__bilstm__seed44,MLH1,P43246:743:S>Q,1,0.9382529
train-clinvar+pg_dms__bilstm__seed44,MLH1,P43246:743:S>R,1,0.96073306
train-clinvar+pg_dms__bilstm__seed44,MLH1,P43246:743:S>T,0,0.37475196
train-clinvar+pg_dms__bilstm__seed44,MLH1,P43246:743:S>V,1,0.83897984
train-clinvar+pg_dms__bilstm__seed44,MLH1,P43246:743:S>W,1,0.90783465
train-clinvar+pg_dms__bilstm__seed44,MLH1,P43246:743:S>Y,0,0.8446578
train-clinvar+pg_dms__bilstm__seed44,MLH1,P43246:743:S>C,0,0.5905723
train-clinvar+pg_dms__bilstm__seed44,MLH1,P43246:743:S>A,0,0.5992683
train-clinvar+pg_dms__bilstm__seed44,MLH1,P43246:749:E>A,1,0.5156853
train-clinvar+pg_dms__bilstm__seed44,MLH1,P43246:749:E>W,1,0.885306
train-clinvar+pg_dms__bilstm__seed44,MLH1,P43246:749:E>Y,1,0.41431296
train-clinvar+pg_dms__bilstm__seed44,MLH1,P43246:749:E>S,1,0.6210509
train-clinvar+pg_dms__bilstm__seed44,MLH1,P43246:749:E>R,1,0.8372088
train-clinvar+pg_dms__bilstm__seed44,MLH1,P43246:749:E>Q,1,0.81902546
train-clinvar+pg_dms__bilstm__seed44,MLH1,P43246:749:E>P,1,0.98115325
train-clinvar+pg_dms__bilstm__seed44,MLH1,P43246:749:E>N,1,0.79339004
train-clinvar+pg_dms__bilstm__seed44,MLH1,P43246:749:E>T,1,0.58128417
train-clinvar+pg_dms__bilstm__seed44,MLH1,P43246:749:E>M,1,0.8901684
train-clinvar+pg_dms__bilstm__seed44,MLH1,P43246:749:E>I,1,0.62372726
train-clinvar+pg_dms__bilstm__seed44,MLH1,P43246:749:E>H,1,0.57456505
train-clinvar+pg_dms__bilstm__seed44,MLH1,P43246:749:E>G,1,0.6024669
train-clinvar+pg_dms__bilstm__seed44,MLH1,P43246:749:E>F,1,0.53807074
train-clinvar+pg_dms__bilstm__seed44,MLH1,P43246:749:E>D,1,0.9484271
train-clinvar+pg_dms__bilstm__seed44,MLH1,P43246:749:E>C,1,0.47864622
train-clinvar+pg_dms__bilstm__seed44,MLH1,P43246:749:E>L,1,0.76605904
train-clinvar+pg_dms__bilstm__seed44,MLH1,P43246:749:E>V,1,0.4832838
train-clinvar+pg_dms__bilstm__seed44,MLH1,P43246:762:L>H,0,0.9805982
train-clinvar+pg_dms__bilstm__seed44,MLH1,P43246:762:L>N,0,0.97930384
train-clinvar+pg_dms__bilstm__seed44,MLH1,P43246:762:L>M,1,0.6864351
train-clinvar+pg_dms__bilstm__seed44,MLH1,P43246:762:L>K,1,0.9839575
train-clinvar+pg_dms__bilstm__seed44,MLH1,P43246:762:L>I,0,0.3042865
train-clinvar+pg_dms__bilstm__seed44,MLH1,P43246:762:L>F,0,0.98179966
train-clinvar+pg_dms__bilstm__seed44,MLH1,P43246:762:L>T,0,0.9410881
train-clinvar+pg_dms__bilstm__seed44,MLH1,P43246:762:L>W,1,0.9846219
train-clinvar+pg_dms__bilstm__seed44,MLH1,P43246:762:L>V,0,0.49498716
train-clinvar+pg_dms__bilstm__seed44,MLH1,P43246:762:L>G,1,0.9740733
train-clinvar+pg_dms__bilstm__seed44,MLH1,P43246:762:L>S,0,0.9885499
train-clinvar+pg_dms__bilstm__seed44,MLH1,P43246:762:L>R,1,0.9956955
train-clinvar+pg_dms__bilstm__seed44,MLH1,P43246:762:L>Q,0,0.94564897
train-clinvar+pg_dms__bilstm__seed44,MLH1,P43246:762:L>C,0,0.9062501
train-clinvar+pg_dms__bilstm__seed44,MLH1,P43246:762:L>P,1,0.9949445
train-clinvar+pg_dms__bilstm__seed44,MLH1,P43246:762:L>Y,0,0.98734945
train-clinvar+pg_dms__bilstm__seed44,MLH1,P43246:762:L>A,1,0.9773441
train-clinvar+pg_dms__bilstm__seed44,MLH1,P43246:762:L>D,1,0.9939281
train-clinvar+pg_dms__bilstm__seed44,MLH1,P43246:763:A>N,0,0.98003346
train-clinvar+pg_dms__bilstm__seed44,MLH1,P43246:763:A>S,0,0.24120934
train-clinvar+pg_dms__bilstm__seed44,MLH1,P43246:763:A>R,1,0.99248284
train-clinvar+pg_dms__bilstm__seed44,MLH1,P43246:763:A>Q,0,0.9433616
train-clinvar+pg_dms__bilstm__seed44,MLH1,P43246:763:A>Y,0,0.9857964
train-clinvar+pg_dms__bilstm__seed44,MLH1,P43246:763:A>W,1,0.9768361
train-clinvar+pg_dms__bilstm__seed44,MLH1,P43246:763:A>M,0,0.9693406
train-clinvar+pg_dms__bilstm__seed44,MLH1,P43246:763:A>L,0,0.9477714
train-clinvar+pg_dms__bilstm__seed44,MLH1,P43246:763:A>K,1,0.9804566
train-clinvar+pg_dms__bilstm__seed44,MLH1,P43246:763:A>I,0,0.9852566
train-clinvar+pg_dms__bilstm__seed44,MLH1,P43246:763:A>H,1,0.9799155
train-clinvar+pg_dms__bilstm__seed44,MLH1,P43246:763:A>G,0,0.77839506
train-clinvar+pg_dms__bilstm__seed44,MLH1,P43246:763:A>F,0,0.98137456
train-clinvar+pg_dms__bilstm__seed44,MLH1,P43246:763:A>E,1,0.9859158
train-clinvar+pg_dms__bilstm__seed44,MLH1,P43246:763:A>D,0,0.99026525
train-clinvar+pg_dms__bilstm__seed44,MLH1,P43246:763:A>C,0,0.9140679
train-clinvar+pg_dms__bilstm__seed44,MLH1,P43246:763:A>V,0,0.9332572
train-clinvar+pg_dms__bilstm__seed44,MLH1,P43246:763:A>T,0,0.90564024
train-clinvar+pg_dms__bilstm__seed44,MLH1,P43246:770:I>W,1,0.90301037
train-clinvar+pg_dms__bilstm__seed44,MLH1,P43246:770:I>A,0,0.3710555
train-clinvar+pg_dms__bilstm__seed44,MLH1,P43246:770:I>C,0,0.49801487
train-clinvar+pg_dms__bilstm__seed44,MLH1,P43246:770:I>D,1,0.9425237
train-clinvar+pg_dms__bilstm__seed44,MLH1,P43246:770:I>E,0,0.89195365
train-clinvar+pg_dms__bilstm__seed44,MLH1,P43246:770:I>F,0,0.5586504
train-clinvar+pg_dms__bilstm__seed44,MLH1,P43246:770:I>G,1,0.7976615
train-clinvar+pg_dms__bilstm__seed44,MLH1,P43246:770:I>K,1,0.90823853
train-clinvar+pg_dms__bilstm__seed44,MLH1,P43246:770:I>L,0,0.122853756
train-clinvar+pg_dms__bilstm__seed44,MLH1,P43246:770:I>Q,0,0.78857505
train-clinvar+pg_dms__bilstm__seed44,MLH1,P43246:770:I>R,1,0.94469017
train-clinvar+pg_dms__bilstm__seed44,MLH1,P43246:770:I>S,0,0.791249
train-clinvar+pg_dms__bilstm__seed44,MLH1,P43246:770:I>T,0,0.42594376
train-clinvar+pg_dms__bilstm__seed44,MLH1,P43246:770:I>V,0,0.17051265
train-clinvar+pg_dms__bilstm__seed44,MLH1,P43246:770:I>Y,0,0.8149763
train-clinvar+pg_dms__bilstm__seed44,MLH1,P43246:770:I>P,1,0.9547709
train-clinvar+pg_dms__bilstm__seed44,MLH1,P43246:770:I>M,0,0.24204361
train-clinvar+pg_dms__bilstm__seed44,MLH1,P43246:778:C>T,0,0.2854084
train-clinvar+pg_dms__bilstm__seed44,MLH1,P43246:778:C>A,0,0.47254795
train-clinvar+pg_dms__bilstm__seed44,MLH1,P43246:778:C>D,1,0.99030346
train-clinvar+pg_dms__bilstm__seed44,MLH1,P43246:778:C>E,1,0.9868418
train-clinvar+pg_dms__bilstm__seed44,MLH1,P43246:778:C>F,1,0.9637543
train-clinvar+pg_dms__bilstm__seed44,MLH1,P43246:778:C>G,0,0.2633692
train-clinvar+pg_dms__bilstm__seed44,MLH1,P43246:778:C>H,1,0.97871083
train-clinvar+pg_dms__bilstm__seed44,MLH1,P43246:778:C>V,0,0.89220864
train-clinvar+pg_dms__bilstm__seed44,MLH1,P43246:778:C>I,0,0.98019546
train-clinvar+pg_dms__bilstm__seed44,MLH1,P43246:778:C>L,0,0.97003984
train-clinvar+pg_dms__bilstm__seed44,MLH1,P43246:778:C>M,0,0.9826696
train-clinvar+pg_dms__bilstm__seed44,MLH1,P43246:778:C>P,1,0.9931365
train-clinvar+pg_dms__bilstm__seed44,MLH1,P43246:778:C>Q,1,0.97276545
train-clinvar+pg_dms__bilstm__seed44,MLH1,P43246:778:C>R,1,0.9884697
train-clinvar+pg_dms__bilstm__seed44,MLH1,P43246:778:C>S,0,0.24434328
train-clinvar+pg_dms__bilstm__seed44,MLH1,P43246:778:C>K,1,0.9857013
train-clinvar+pg_dms__bilstm__seed44,MLH1,P43246:780:F>A,0,0.96190697
train-clinvar+pg_dms__bilstm__seed44,MLH1,P43246:780:F>Y,0,0.94445705
train-clinvar+pg_dms__bilstm__seed44,MLH1,P43246:780:F>S,0,0.9811492
train-clinvar+pg_dms__bilstm__seed44,MLH1,P43246:780:F>R,1,0.9894763
train-clinvar+pg_dms__bilstm__seed44,MLH1,P43246:780:F>Q,0,0.9645349
train-clinvar+pg_dms__bilstm__seed44,MLH1,P43246:780:F>P,1,0.99292177
train-clinvar+pg_dms__bilstm__seed44,MLH1,P43246:780:F>N,0,0.98375875
train-clinvar+pg_dms__bilstm__seed44,MLH1,P43246:780:F>M,0,0.9815119
train-clinvar+pg_dms__bilstm__seed44,MLH1,P43246:780:F>L,0,0.9813424
train-clinvar+pg_dms__bilstm__seed44,MLH1,P43246:780:F>K,0,0.98318696
train-clinvar+pg_dms__bilstm__seed44,MLH1,P43246:780:F>I,0,0.9749545
train-clinvar+pg_dms__bilstm__seed44,MLH1,P43246:780:F>H,0,0.97705305
train-clinvar+pg_dms__bilstm__seed44,MLH1,P43246:780:F>G,0,0.9851757
train-clinvar+pg_dms__bilstm__seed44,MLH1,P43246:780:F>E,0,0.9874615
train-clinvar+pg_dms__bilstm__seed44,MLH1,P43246:780:F>C,0,0.9555686
train-clinvar+pg_dms__bilstm__seed44,MLH1,P43246:780:F>W,0,0.9796489
train-clinvar+pg_dms__bilstm__seed44,MLH1,P43246:780:F>T,0,0.9712633
train-clinvar+pg_dms__bilstm__seed44,MLH1,P43246:780:F>V,0,0.9524889
train-clinvar+pg_dms__bilstm__seed44,MLH1,P43246:784:F>V,1,0.8871126
train-clinvar+pg_dms__bilstm__seed44,MLH1,P43246:784:F>T,1,0.8572615
train-clinvar+pg_dms__bilstm__seed44,MLH1,P43246:784:F>S,1,0.9246513
train-clinvar+pg_dms__bilstm__seed44,MLH1,P43246:784:F>R,1,0.9598622
train-clinvar+pg_dms__bilstm__seed44,MLH1,P43246:784:F>P,1,0.9821441
train-clinvar+pg_dms__bilstm__seed44,MLH1,P43246:784:F>M,0,0.9486533
train-clinvar+pg_dms__bilstm__seed44,MLH1,P43246:784:F>Y,0,0.7402769
train-clinvar+pg_dms__bilstm__seed44,MLH1,P43246:784:F>W,0,0.94848937
train-clinvar+pg_dms__bilstm__seed44,MLH1,P43246:784:F>I,0,0.93779993
train-clinvar+pg_dms__bilstm__seed44,MLH1,P43246:784:F>H,1,0.91763216
train-clinvar+pg_dms__bilstm__seed44,MLH1,P43246:784:F>G,1,0.9328451
train-clinvar+pg_dms__bilstm__seed44,MLH1,P43246:784:F>E,1,0.95586836
train-clinvar+pg_dms__bilstm__seed44,MLH1,P43246:784:F>D,1,0.9645077
train-clinvar+pg_dms__bilstm__seed44,MLH1,P43246:784:F>C,1,0.87135804
train-clinvar+pg_dms__bilstm__seed44,MLH1,P43246:784:F>A,1,0.9303872
train-clinvar+pg_dms__bilstm__seed44,MLH1,P43246:784:F>K,1,0.9549983
train-clinvar+pg_dms__bilstm__seed44,MLH1,P43246:788:T>C,0,0.55378956
train-clinvar+pg_dms__bilstm__seed44,MLH1,P43246:788:T>A,0,0.30525014
train-clinvar+pg_dms__bilstm__seed44,MLH1,P43246:788:T>H,0,0.80905855
train-clinvar+pg_dms__bilstm__seed44,MLH1,P43246:788:T>K,0,0.87199867
train-clinvar+pg_dms__bilstm__seed44,MLH1,P43246:788:T>L,0,0.5775564
train-clinvar+pg_dms__bilstm__seed44,MLH1,P43246:788:T>F,0,0.8817195
train-clinvar+pg_dms__bilstm__seed44,MLH1,P43246:788:T>N,0,0.53195727
train-clinvar+pg_dms__bilstm__seed44,MLH1,P43246:788:T>M,1,0.48568344
train-clinvar+pg_dms__bilstm__seed44,MLH1,P43246:788:T>Q,0,0.67165565
train-clinvar+pg_dms__bilstm__seed44,MLH1,P43246:788:T>R,0,0.8492763
train-clinvar+pg_dms__bilstm__seed44,MLH1,P43246:788:T>S,0,0.30867234
train-clinvar+pg_dms__bilstm__seed44,MLH1,P43246:788:T>V,0,0.47788763
train-clinvar+pg_dms__bilstm__seed44,MLH1,P43246:788:T>W,1,0.92085695
train-clinvar+pg_dms__bilstm__seed44,MLH1,P43246:788:T>Y,0,0.86728144
train-clinvar+pg_dms__bilstm__seed44,MLH1,P43246:788:T>E,0,0.9118698
train-clinvar+pg_dms__bilstm__seed44,MLH1,P43246:788:T>P,0,0.57742685
train-clinvar+pg_dms__bilstm__seed44,MLH1,P43246:788:T>G,0,0.5683928
train-clinvar+pg_dms__bilstm__seed44,MLH1,P43246:797:V>A,0,0.35307404
train-clinvar+pg_dms__bilstm__seed44,MLH1,P43246:797:V>I,0,0.20368621
train-clinvar+pg_dms__bilstm__seed44,MLH1,P43246:797:V>K,1,0.8815887
train-clinvar+pg_dms__bilstm__seed44,MLH1,P43246:797:V>L,0,0.43200147
train-clinvar+pg_dms__bilstm__seed44,MLH1,P43246:797:V>M,1,0.60936075
train-clinvar+pg_dms__bilstm__seed44,MLH1,P43246:797:V>R,1,0.9158957
train-clinvar+pg_dms__bilstm__seed44,MLH1,P43246:797:V>S,0,0.6215118
train-clinvar+pg_dms__bilstm__seed44,MLH1,P43246:797:V>T,0,0.3038513
train-clinvar+pg_dms__bilstm__seed44,MLH1,P43246:797:V>W,1,0.8133748
train-clinvar+pg_dms__bilstm__seed44,MLH1,P43246:797:V>P,1,0.94641876
train-clinvar+pg_dms__bilstm__seed44,MLH1,P43246:797:V>C,0,0.5918519
train-clinvar+pg_dms__bilstm__seed44,MLH1,P43246:797:V>H,1,0.83271915
train-clinvar+pg_dms__bilstm__seed44,MLH1,P43246:797:V>G,0,0.56779116
train-clinvar+pg_dms__bilstm__seed44,MLH1,P43246:797:V>F,0,0.7333821
train-clinvar+pg_dms__bilstm__seed44,MLH1,P43246:797:V>E,1,0.8651687
train-clinvar+pg_dms__bilstm__seed44,MLH1,P43246:797:V>D,1,0.950391
train-clinvar+pg_dms__bilstm__seed44,MLH1,P43246:797:V>Y,0,0.7818628
train-clinvar+pg_dms__bilstm__seed44,MLH1,P43246:800:L>S,0,0.34270442
train-clinvar+pg_dms__bilstm__seed44,MLH1,P43246:800:L>W,1,0.330524
train-clinvar+pg_dms__bilstm__seed44,MLH1,P43246:800:L>T,0,0.3177498
train-clinvar+pg_dms__bilstm__seed44,MLH1,P43246:800:L>Y,0,0.22593993
train-clinvar+pg_dms__bilstm__seed44,MLH1,P43246:800:L>F,0,0.16420929
train-clinvar+pg_dms__bilstm__seed44,MLH1,P43246:800:L>E,0,0.62030315
train-clinvar+pg_dms__bilstm__seed44,MLH1,P43246:800:L>H,0,0.2774356
train-clinvar+pg_dms__bilstm__seed44,MLH1,P43246:800:L>D,0,0.87605
train-clinvar+pg_dms__bilstm__seed44,MLH1,P43246:800:L>V,0,0.16881713
train-clinvar+pg_dms__bilstm__seed44,MLH1,P43246:800:L>G,0,0.65537715
train-clinvar+pg_dms__bilstm__seed44,MLH1,P43246:800:L>A,0,0.33299828
train-clinvar+pg_dms__bilstm__seed44,MLH1,P43246:800:L>I,0,0.19872165
train-clinvar+pg_dms__bilstm__seed44,MLH1,P43246:800:L>K,0,0.38211307
train-clinvar+pg_dms__bilstm__seed44,MLH1,P43246:800:L>C,0,0.22223711
train-clinvar+pg_dms__bilstm__seed44,MLH1,P43246:800:L>Q,0,0.22806147
train-clinvar+pg_dms__bilstm__seed44,MLH1,P43246:800:L>P,1,0.88789696
train-clinvar+pg_dms__bilstm__seed44,MLH1,P43246:800:L>N,0,0.5772116
train-clinvar+pg_dms__bilstm__seed44,MLH1,P43246:800:L>M,0,0.30466783
train-clinvar+pg_dms__bilstm__seed44,MLH1,P43246:800:L>R,0,0.22737171
train-clinvar+pg_dms__bilstm__seed44,MLH1,P43246:804:A>K,0,0.63867563
train-clinvar+pg_dms__bilstm__seed44,MLH1,P43246:804:A>M,0,0.67990714
train-clinvar+pg_dms__bilstm__seed44,MLH1,P43246:804:A>P,0,0.7753817
train-clinvar+pg_dms__bilstm__seed44,MLH1,P43246:804:A>Y,1,0.5743955
train-clinvar+pg_dms__bilstm__seed44,MLH1,P43246:804:A>W,0,0.66799736
train-clinvar+pg_dms__bilstm__seed44,MLH1,P43246:804:A>L,0,0.4970742
train-clinvar+pg_dms__bilstm__seed44,MLH1,P43246:804:A>R,0,0.627704
train-clinvar+pg_dms__bilstm__seed44,MLH1,P43246:804:A>S,0,0.20806342
train-clinvar+pg_dms__bilstm__seed44,MLH1,P43246:804:A>D,0,0.716223
train-clinvar+pg_dms__bilstm__seed44,MLH1,P43246:804:A>E,0,0.70904523
train-clinvar+pg_dms__bilstm__seed44,MLH1,P43246:804:A>F,1,0.5370878
train-clinvar+pg_dms__bilstm__seed44,MLH1,P43246:804:A>C,0,0.312228
train-clinvar+pg_dms__bilstm__seed44,MLH1,P43246:804:A>G,0,0.407552
train-clinvar+pg_dms__bilstm__seed44,MLH1,P43246:804:A>I,0,0.56786287
train-clinvar+pg_dms__bilstm__seed44,MLH1,P43246:812:T>A,0,0.26595378
train-clinvar+pg_dms__bilstm__seed44,MLH1,P43246:812:T>C,0,0.44976097
train-clinvar+pg_dms__bilstm__seed44,MLH1,P43246:812:T>E,0,0.7997019
train-clinvar+pg_dms__bilstm__seed44,MLH1,P43246:812:T>F,0,0.7344611
train-clinvar+pg_dms__bilstm__seed44,MLH1,P43246:812:T>G,1,0.7335835
train-clinvar+pg_dms__bilstm__seed44,MLH1,P43246:812:T>H,0,0.4896026
train-clinvar+pg_dms__bilstm__seed44,MLH1,P43246:812:T>I,0,0.40497133
train-clinvar+pg_dms__bilstm__seed44,MLH1,P43246:812:T>L,0,0.27611148
train-clinvar+pg_dms__bilstm__seed44,MLH1,P43246:812:T>M,0,0.36598945
train-clinvar+pg_dms__bilstm__seed44,MLH1,P43246:812:T>N,0,0.43506435
train-clinvar+pg_dms__bilstm__seed44,MLH1,P43246:812:T>P,0,0.8583581
train-clinvar+pg_dms__bilstm__seed44,MLH1,P43246:812:T>Q,0,0.52475554
train-clinvar+pg_dms__bilstm__seed44,MLH1,P43246:812:T>R,0,0.5796777
train-clinvar+pg_dms__bilstm__seed44,MLH1,P43246:812:T>S,0,0.41360095
train-clinvar+pg_dms__bilstm__seed44,MLH1,P43246:812:T>Y,0,0.68230176
train-clinvar+pg_dms__bilstm__seed44,MLH1,P43246:812:T>W,0,0.84449375
train-clinvar+pg_dms__bilstm__seed44,MLH1,P43246:812:T>V,0,0.16243167
train-clinvar+pg_dms__bilstm__seed44,MLH1,P43246:812:T>K,0,0.7098479
train-clinvar+pg_dms__bilstm__seed44,MLH1,P43246:814:L>W,0,0.8082749
train-clinvar+pg_dms__bilstm__seed44,MLH1,P43246:814:L>P,0,0.9219289
train-clinvar+pg_dms__bilstm__seed44,MLH1,P43246:814:L>V,0,0.16385016
train-clinvar+pg_dms__bilstm__seed44,MLH1,P43246:814:L>T,0,0.61425126
train-clinvar+pg_dms__bilstm__seed44,MLH1,P43246:814:L>S,0,0.7743839
train-clinvar+pg_dms__bilstm__seed44,MLH1,P43246:814:L>R,0,0.60937196
train-clinvar+pg_dms__bilstm__seed44,MLH1,P43246:814:L>Q,0,0.52580523
train-clinvar+pg_dms__bilstm__seed44,MLH1,P43246:814:L>N,0,0.6019779
train-clinvar+pg_dms__bilstm__seed44,MLH1,P43246:814:L>F,0,0.68527573
train-clinvar+pg_dms__bilstm__seed44,MLH1,P43246:814:L>K,0,0.70665103
train-clinvar+pg_dms__bilstm__seed44,MLH1,P43246:814:L>H,0,0.6633949
train-clinvar+pg_dms__bilstm__seed44,MLH1,P43246:814:L>G,0,0.806446
train-clinvar+pg_dms__bilstm__seed44,MLH1,P43246:814:L>Y,0,0.72605544
train-clinvar+pg_dms__bilstm__seed44,MLH1,P43246:814:L>E,0,0.8103347
train-clinvar+pg_dms__bilstm__seed44,MLH1,P43246:814:L>D,0,0.8073808
train-clinvar+pg_dms__bilstm__seed44,MLH1,P43246:814:L>A,0,0.6173734
train-clinvar+pg_dms__bilstm__seed44,MLH1,P43246:814:L>M,0,0.27614197
train-clinvar+pg_dms__bilstm__seed44,MLH1,P43246:814:L>C,0,0.47088242
train-clinvar+pg_dms__bilstm__seed44,MLH1,P43246:818:K>Y,0,0.34551784
train-clinvar+pg_dms__bilstm__seed44,MLH1,P43246:818:K>W,0,0.7201811
train-clinvar+pg_dms__bilstm__seed44,MLH1,P43246:818:K>T,0,0.041274052
train-clinvar+pg_dms__bilstm__seed44,MLH1,P43246:818:K>S,0,0.11368701
train-clinvar+pg_dms__bilstm__seed44,MLH1,P43246:818:K>P,1,0.9068818
train-clinvar+pg_dms__bilstm__seed44,MLH1,P43246:818:K>Q,0,0.041364435
train-clinvar+pg_dms__bilstm__seed44,MLH1,P43246:818:K>N,0,0.12251739
train-clinvar+pg_dms__bilstm__seed44,MLH1,P43246:818:K>M,0,0.25525707
train-clinvar+pg_dms__bilstm__seed44,MLH1,P43246:818:K>L,0,0.12321061
train-clinvar+pg_dms__bilstm__seed44,MLH1,P43246:818:K>V,0,0.08590343
train-clinvar+pg_dms__bilstm__seed44,MLH1,P43246:818:K>I,0,0.19077827
train-clinvar+pg_dms__bilstm__seed44,MLH1,P43246:818:K>G,0,0.16910656
train-clinvar+pg_dms__bilstm__seed44,MLH1,P43246:818:K>F,0,0.4033523
train-clinvar+pg_dms__bilstm__seed44,MLH1,P43246:818:K>E,0,0.1727738
train-clinvar+pg_dms__bilstm__seed44,MLH1,P43246:818:K>D,0,0.6266053
train-clinvar+pg_dms__bilstm__seed44,MLH1,P43246:818:K>C,0,0.09369516
train-clinvar+pg_dms__bilstm__seed44,MLH1,P43246:818:K>A,0,0.14312252
train-clinvar+pg_dms__bilstm__seed44,MLH1,P43246:818:K>H,0,0.06523644
train-clinvar+pg_dms__bilstm__seed44,MLH1,P43246:821:V>F,0,0.040121473
train-clinvar+pg_dms__bilstm__seed44,MLH1,P43246:821:V>E,0,0.5274855
train-clinvar+pg_dms__bilstm__seed44,MLH1,P43246:821:V>C,0,0.13827999
train-clinvar+pg_dms__bilstm__seed44,MLH1,P43246:821:V>R,0,0.14090917
train-clinvar+pg_dms__bilstm__seed44,MLH1,P43246:821:V>N,0,0.08875214
train-clinvar+pg_dms__bilstm__seed44,MLH1,P43246:821:V>P,0,0.35176775
train-clinvar+pg_dms__bilstm__seed44,MLH1,P43246:821:V>Q,0,0.19454691
train-clinvar+pg_dms__bilstm__seed44,MLH1,P43246:821:V>G,0,0.059237458
train-clinvar+pg_dms__bilstm__seed44,MLH1,P43246:821:V>S,0,0.019716427
train-clinvar+pg_dms__bilstm__seed44,MLH1,P43246:821:V>T,0,0.03170147
train-clinvar+pg_dms__bilstm__seed44,MLH1,P43246:821:V>W,0,0.86534154
train-clinvar+pg_dms__bilstm__seed44,MLH1,P43246:821:V>Y,0,0.23150659
train-clinvar+pg_dms__bilstm__seed44,MLH1,P43246:821:V>D,0,0.7193051
train-clinvar+pg_dms__bilstm__seed44,MLH1,P43246:821:V>H,0,0.36823875
train-clinvar+pg_dms__bilstm__seed44,MLH1,P43246:821:V>A,0,0.037548766
train-clinvar+pg_dms__bilstm__seed44,MLH1,P43246:821:V>K,0,0.44081783
train-clinvar+pg_dms__bilstm__seed44,MLH1,P43246:821:V>M,0,0.24864794
train-clinvar+pg_dms__bilstm__seed44,MLH1,P43246:821:V>I,0,0.02990382
train-clinvar+pg_dms__bilstm__seed44,MLH1,P43246:825:S>A,0,0.24841459
train-clinvar+pg_dms__bilstm__seed44,MLH1,P43246:825:S>C,0,0.23767292
train-clinvar+pg_dms__bilstm__seed44,MLH1,P43246:825:S>D,0,0.6168248
train-clinvar+pg_dms__bilstm__seed44,MLH1,P43246:825:S>E,0,0.60423326
train-clinvar+pg_dms__bilstm__seed44,MLH1,P43246:825:S>H,0,0.34144476
train-clinvar+pg_dms__bilstm__seed44,MLH1,P43246:825:S>L,1,0.5005188
train-clinvar+pg_dms__bilstm__seed44,MLH1,P43246:825:S>K,0,0.5951095
train-clinvar+pg_dms__bilstm__seed44,MLH1,P43246:825:S>V,0,0.28542906
train-clinvar+pg_dms__bilstm__seed44,MLH1,P43246:825:S>T,0,0.28207186
train-clinvar+pg_dms__bilstm__seed44,MLH1,P43246:825:S>R,0,0.556529
train-clinvar+pg_dms__bilstm__seed44,MLH1,P43246:825:S>P,0,0.78476435
train-clinvar+pg_dms__bilstm__seed44,MLH1,P43246:825:S>N,1,0.36837405
train-clinvar+pg_dms__bilstm__seed44,MLH1,P43246:825:S>M,1,0.6524203
train-clinvar+pg_dms__bilstm__seed44,MLH1,P43246:825:S>W,1,0.6777125
train-clinvar+pg_dms__bilstm__seed44,MLH1,P43246:825:S>I,0,0.4710063
train-clinvar+pg_dms__bilstm__seed44,MLH1,P43246:830:V>Q,0,0.38320607
train-clinvar+pg_dms__bilstm__seed44,MLH1,P43246:830:V>C,0,0.25504124
train-clinvar+pg_dms__bilstm__seed44,MLH1,P43246:830:V>A,0,0.51441574
train-clinvar+pg_dms__bilstm__seed44,MLH1,P43246:830:V>Y,0,0.4337889
train-clinvar+pg_dms__bilstm__seed44,MLH1,P43246:830:V>W,0,0.5792051
train-clinvar+pg_dms__bilstm__seed44,MLH1,P43246:830:V>T,0,0.26588538
train-clinvar+pg_dms__bilstm__seed44,MLH1,P43246:830:V>R,0,0.52611434
train-clinvar+pg_dms__bilstm__seed44,MLH1,P43246:830:V>P,1,0.78760916
train-clinvar+pg_dms__bilstm__seed44,MLH1,P43246:830:V>M,0,0.5062917
train-clinvar+pg_dms__bilstm__seed44,MLH1,P43246:830:V>S,0,0.33476996
train-clinvar+pg_dms__bilstm__seed44,MLH1,P43246:830:V>K,0,0.5924886
train-clinvar+pg_dms__bilstm__seed44,MLH1,P43246:830:V>I,0,0.095408216
train-clinvar+pg_dms__bilstm__seed44,MLH1,P43246:830:V>H,0,0.42201763
train-clinvar+pg_dms__bilstm__seed44,MLH1,P43246:830:V>G,0,0.37961426
train-clinvar+pg_dms__bilstm__seed44,MLH1,P43246:830:V>F,0,0.40703195
train-clinvar+pg_dms__bilstm__seed44,MLH1,P43246:830:V>E,0,0.56839895
train-clinvar+pg_dms__bilstm__seed44,MLH1,P43246:830:V>L,0,0.33007535
train-clinvar+pg_dms__bilstm__seed44,MLH1,P43246:830:V>D,0,0.60078233
train-clinvar+pg_dms__bilstm__seed44,MLH1,P43246:833:L>E,0,0.36171487
train-clinvar+pg_dms__bilstm__seed44,MLH1,P43246:833:L>D,0,0.4614641
train-clinvar+pg_dms__bilstm__seed44,MLH1,P43246:833:L>C,0,0.08525195
train-clinvar+pg_dms__bilstm__seed44,MLH1,P43246:833:L>A,0,0.08581613
train-clinvar+pg_dms__bilstm__seed44,MLH1,P43246:833:L>I,0,0.07050128
train-clinvar+pg_dms__bilstm__seed44,MLH1,P43246:833:L>K,0,0.23839267
train-clinvar+pg_dms__bilstm__seed44,MLH1,P43246:833:L>Q,0,0.105696835
train-clinvar+pg_dms__bilstm__seed44,MLH1,P43246:833:L>P,0,0.6204199
train-clinvar+pg_dms__bilstm__seed44,MLH1,P43246:833:L>R,0,0.15273535
train-clinvar+pg_dms__bilstm__seed44,MLH1,P43246:833:L>S,0,0.1247512
train-clinvar+pg_dms__bilstm__seed44,MLH1,P43246:833:L>T,0,0.12211527
train-clinvar+pg_dms__bilstm__seed44,MLH1,P43246:833:L>V,0,0.018712545
train-clinvar+pg_dms__bilstm__seed44,MLH1,P43246:833:L>W,0,0.35760608
train-clinvar+pg_dms__bilstm__seed44,MLH1,P43246:833:L>Y,0,0.112839386
train-clinvar+pg_dms__bilstm__seed44,MLH1,P43246:833:L>M,0,0.061452452
train-clinvar+pg_dms__bilstm__seed44,MLH1,P43246:833:L>N,0,0.20467663
train-clinvar+pg_dms__bilstm__seed44,MLH1,P43246:833:L>G,0,0.2350079
train-clinvar+pg_dms__bilstm__seed44,MLH1,P43246:833:L>F,0,0.033936813
train-clinvar+pg_dms__bilstm__seed44,MLH1,P43246:834:A>Y,0,0.31607172
train-clinvar+pg_dms__bilstm__seed44,MLH1,P43246:834:A>W,0,0.5750701
train-clinvar+pg_dms__bilstm__seed44,MLH1,P43246:834:A>V,0,0.106550016
train-clinvar+pg_dms__bilstm__seed44,MLH1,P43246:834:A>S,0,0.075402424
train-clinvar+pg_dms__bilstm__seed44,MLH1,P43246:834:A>R,0,0.3418811
train-clinvar+pg_dms__bilstm__seed44,MLH1,P43246:834:A>Q,0,0.31435207
train-clinvar+pg_dms__bilstm__seed44,MLH1,P43246:834:A>P,1,0.58858514
train-clinvar+pg_dms__bilstm__seed44,MLH1,P43246:834:A>M,0,0.4254773
train-clinvar+pg_dms__bilstm__seed44,MLH1,P43246:834:A>L,0,0.24845918
train-clinvar+pg_dms__bilstm__seed44,MLH1,P43246:834:A>N,0,0.3354395
train-clinvar+pg_dms__bilstm__seed44,MLH1,P43246:834:A>I,0,0.248242
train-clinvar+pg_dms__bilstm__seed44,MLH1,P43246:834:A>H,0,0.32316092
train-clinvar+pg_dms__bilstm__seed44,MLH1,P43246:834:A>F,0,0.33260745
train-clinvar+pg_dms__bilstm__seed44,MLH1,P43246:834:A>E,0,0.5183648
train-clinvar+pg_dms__bilstm__seed44,MLH1,P43246:834:A>D,1,0.5561184
train-clinvar+pg_dms__bilstm__seed44,MLH1,P43246:834:A>C,0,0.15509437
train-clinvar+pg_dms__bilstm__seed44,MLH1,P43246:834:A>K,0,0.44919485
train-clinvar+pg_dms__bilstm__seed44,MLH1,P43246:835:N>I,0,0.15786746
train-clinvar+pg_dms__bilstm__seed44,MLH1,P43246:835:N>K,0,0.17430454
train-clinvar+pg_dms__bilstm__seed44,MLH1,P43246:835:N>L,0,0.1859418
train-clinvar+pg_dms__bilstm__seed44,MLH1,P43246:835:N>Q,0,0.124182686
train-clinvar+pg_dms__bilstm__seed44,MLH1,P43246:835:N>P,0,0.7270299
train-clinvar+pg_dms__bilstm__seed44,MLH1,P43246:835:N>R,0,0.11592374
train-clinvar+pg_dms__bilstm__seed44,MLH1,P43246:835:N>H,0,0.09518891
train-clinvar+pg_dms__bilstm__seed44,MLH1,P43246:835:N>M,0,0.30803934
train-clinvar+pg_dms__bilstm__seed44,MLH1,P43246:835:N>V,0,0.11253016
train-clinvar+pg_dms__bilstm__seed44,MLH1,P43246:835:N>G,0,0.08907522
train-clinvar+pg_dms__bilstm__seed44,MLH1,P43246:835:N>F,0,0.13718672
train-clinvar+pg_dms__bilstm__seed44,MLH1,P43246:835:N>E,0,0.24059443
train-clinvar+pg_dms__bilstm__seed44,MLH1,P43246:835:N>D,0,0.20515795
train-clinvar+pg_dms__bilstm__seed44,MLH1,P43246:835:N>C,0,0.048298642
train-clinvar+pg_dms__bilstm__seed44,MLH1,P43246:835:N>A,0,0.07912267
train-clinvar+pg_dms__bilstm__seed44,MLH1,P43246:835:N>S,0,0.09325823
train-clinvar+pg_dms__bilstm__seed44,MLH1,P43246:835:N>Y,0,0.06521533
train-clinvar+pg_dms__bilstm__seed44,MLH1,P43246:835:N>W,0,0.50458777
train-clinvar+pg_dms__bilstm__seed44,MLH1,P43246:835:N>T,0,0.08036111
train-clinvar+pg_dms__bilstm__seed44,MLH1,P43246:837:P>T,0,0.18432285
train-clinvar+pg_dms__bilstm__seed44,MLH1,P43246:837:P>L,1,0.33789667
train-clinvar+pg_dms__bilstm__seed44,MLH1,P43246:837:P>S,0,0.30260843
train-clinvar+pg_dms__bilstm__seed44,MLH1,P43246:837:P>R,0,0.2904843
train-clinvar+pg_dms__bilstm__seed44,MLH1,P43246:837:P>Q,0,0.26837617
train-clinvar+pg_dms__bilstm__seed44,MLH1,P43246:837:P>N,0,0.32006314
train-clinvar+pg_dms__bilstm__seed44,MLH1,P43246:837:P>M,0,0.61508226
train-clinvar+pg_dms__bilstm__seed44,MLH1,P43246:837:P>K,0,0.4188616
train-clinvar+pg_dms__bilstm__seed44,MLH1,P43246:837:P>W,1,0.6169285
train-clinvar+pg_dms__bilstm__seed44,MLH1,P43246:837:P>I,1,0.40487185
train-clinvar+pg_dms__bilstm__seed44,MLH1,P43246:837:P>G,0,0.34478047
train-clinvar+pg_dms__bilstm__seed44,MLH1,P43246:837:P>F,1,0.20378326
train-clinvar+pg_dms__bilstm__seed44,MLH1,P43246:837:P>E,0,0.5692569
train-clinvar+pg_dms__bilstm__seed44,MLH1,P43246:837:P>Y,0,0.3326665
train-clinvar+pg_dms__bilstm__seed44,MLH1,P43246:837:P>D,0,0.6089013
train-clinvar+pg_dms__bilstm__seed44,MLH1,P43246:837:P>C,0,0.18413791
train-clinvar+pg_dms__bilstm__seed44,MLH1,P43246:837:P>A,0,0.33484575
train-clinvar+pg_dms__bilstm__seed44,MLH1,P43246:837:P>H,0,0.3235898
train-clinvar+pg_dms__bilstm__seed44,MLH1,P43246:837:P>V,1,0.32393068
train-clinvar+pg_dms__bilstm__seed44,MLH1,P43246:851:L>K,0,0.24362701
train-clinvar+pg_dms__bilstm__seed44,MLH1,P43246:851:L>M,0,0.07656182
train-clinvar+pg_dms__bilstm__seed44,MLH1,P43246:851:L>I,0,0.118287235
train-clinvar+pg_dms__bilstm__seed44,MLH1,P43246:851:L>H,0,0.13030913
train-clinvar+pg_dms__bilstm__seed44,MLH1,P43246:851:L>F,0,0.09658159
train-clinvar+pg_dms__bilstm__seed44,MLH1,P43246:851:L>C,0,0.11929173
train-clinvar+pg_dms__bilstm__seed44,MLH1,P43246:851:L>D,0,0.26217252
train-clinvar+pg_dms__bilstm__seed44,MLH1,P43246:851:L>E,0,0.2688577
train-clinvar+pg_dms__bilstm__seed44,MLH1,P43246:851:L>Y,0,0.114683434
train-clinvar+pg_dms__bilstm__seed44,MLH1,P43246:851:L>W,0,0.35491392
train-clinvar+pg_dms__bilstm__seed44,MLH1,P43246:851:L>T,0,0.14258826
train-clinvar+pg_dms__bilstm__seed44,MLH1,P43246:851:L>S,0,0.1452402
train-clinvar+pg_dms__bilstm__seed44,MLH1,P43246:851:L>N,0,0.14874548
train-clinvar+pg_dms__bilstm__seed44,MLH1,P43246:851:L>R,0,0.14043987
train-clinvar+pg_dms__bilstm__seed44,MLH1,P43246:851:L>Q,0,0.1343831
train-clinvar+pg_dms__bilstm__seed44,MLH1,P43246:851:L>P,0,0.47859344
train-clinvar+pg_dms__bilstm__seed44,MLH1,P43246:851:L>A,0,0.14478001
train-clinvar+pg_dms__bilstm__seed44,MLH1,P43246:851:L>G,0,0.20777234
train-clinvar+pg_dms__bilstm__seed44,MLH1,P43246:853:E>H,0,0.018116971
train-clinvar+pg_dms__bilstm__seed44,MLH1,P43246:853:E>M,0,0.09394678
train-clinvar+pg_dms__bilstm__seed44,MLH1,P43246:853:E>G,0,0.050101805
train-clinvar+pg_dms__bilstm__seed44,MLH1,P43246:853:E>A,0,0.049997438
train-clinvar+pg_dms__bilstm__seed44,MLH1,P43246:853:E>Q,0,0.011555987
train-clinvar+pg_dms__bilstm__seed44,MLH1,P43246:853:E>I,0,0.03020015
train-clinvar+pg_dms__bilstm__seed44,MLH1,P43246:853:E>K,0,0.024050938
train-clinvar+pg_dms__bilstm__seed44,MLH1,P43246:853:E>L,0,0.046238046
train-clinvar+pg_dms__bilstm__seed44,MLH1,P43246:853:E>C,0,0.037066974
train-clinvar+pg_dms__bilstm__seed44,MLH1,P43246:853:E>D,0,0.015107731
train-clinvar+pg_dms__bilstm__seed44,MLH1,P43246:853:E>P,0,0.12485375
train-clinvar+pg_dms__bilstm__seed44,MLH1,P43246:853:E>F,0,0.065136276
train-clinvar+pg_dms__bilstm__seed44,MLH1,P43246:853:E>R,0,0.020981055
train-clinvar+pg_dms__bilstm__seed44,MLH1,P43246:853:E>S,0,0.0081014475
train-clinvar+pg_dms__bilstm__seed44,MLH1,P43246:853:E>Y,0,0.029404217
train-clinvar+pg_dms__bilstm__seed44,MLH1,P43246:853:E>W,0,0.24355936
train-clinvar+pg_dms__bilstm__seed44,MLH1,P43246:853:E>V,0,0.014935884
train-clinvar+pg_dms__bilstm__seed44,MLH1,P43246:853:E>T,0,0.018335208
train-clinvar+pg_dms__bilstm__seed44,MLH1,P43246:853:E>N,0,0.007967884
train-clinvar+pg_dms__bilstm__seed44,MLH1,P43246:860:S>H,0,0.04910463
train-clinvar+pg_dms__bilstm__seed44,MLH1,P43246:860:S>Y,0,0.05008969
train-clinvar+pg_dms__bilstm__seed44,MLH1,P43246:860:S>W,0,0.116012916
train-clinvar+pg_dms__bilstm__seed44,MLH1,P43246:860:S>I,0,0.056763843
train-clinvar+pg_dms__bilstm__seed44,MLH1,P43246:860:S>T,0,0.0475947
train-clinvar+pg_dms__bilstm__seed44,MLH1,P43246:860:S>R,0,0.06523676
train-clinvar+pg_dms__bilstm__seed44,MLH1,P43246:860:S>Q,0,0.059657283
train-clinvar+pg_dms__bilstm__seed44,MLH1,P43246:860:S>P,0,0.075073294
train-clinvar+pg_dms__bilstm__seed44,MLH1,P43246:860:S>N,0,0.04382729
train-clinvar+pg_dms__bilstm__seed44,MLH1,P43246:860:S>V,0,0.05051862
train-clinvar+pg_dms__bilstm__seed44,MLH1,P43246:860:S>D,0,0.0690695
train-clinvar+pg_dms__bilstm__seed44,MLH1,P43246:860:S>G,0,0.047624882
train-clinvar+pg_dms__bilstm__seed44,MLH1,P43246:860:S>F,0,0.05290458
train-clinvar+pg_dms__bilstm__seed44,MLH1,P43246:860:S>E,0,0.075392924
train-clinvar+pg_dms__bilstm__seed44,MLH1,P43246:860:S>A,0,0.04365365
train-clinvar+pg_dms__bilstm__seed44,MLH1,P43246:860:S>K,0,0.078479595
train-clinvar+pg_dms__bilstm__seed44,MLH1,P43246:860:S>C,0,0.036865063
train-clinvar+pg_dms__bilstm__seed44,MLH1,P43246:860:S>M,0,0.09162441
train-clinvar+pg_dms__bilstm__seed44,MLH1,P43246:861:Q>V,0,0.048596382
train-clinvar+pg_dms__bilstm__seed44,MLH1,P43246:861:Q>F,0,0.072503164
train-clinvar+pg_dms__bilstm__seed44,MLH1,P43246:861:Q>G,0,0.046907872
train-clinvar+pg_dms__bilstm__seed44,MLH1,P43246:861:Q>H,0,0.049074825
train-clinvar+pg_dms__bilstm__seed44,MLH1,P43246:861:Q>T,0,0.044948764
train-clinvar+pg_dms__bilstm__seed44,MLH1,P43246:861:Q>L,0,0.06348135
train-clinvar+pg_dms__bilstm__seed44,MLH1,P43246:861:Q>A,0,0.05132708
train-clinvar+pg_dms__bilstm__seed44,MLH1,P43246:861:Q>C,0,0.047884602
train-clinvar+pg_dms__bilstm__seed44,MLH1,P43246:861:Q>D,0,0.06744091
train-clinvar+pg_dms__bilstm__seed44,MLH1,P43246:861:Q>E,0,0.082080744
train-clinvar+pg_dms__bilstm__seed44,MLH1,P43246:861:Q>M,0,0.088593066
train-clinvar+pg_dms__bilstm__seed44,MLH1,P43246:861:Q>P,0,0.06701344
train-clinvar+pg_dms__bilstm__seed44,MLH1,P43246:861:Q>R,0,0.05692637
train-clinvar+pg_dms__bilstm__seed44,MLH1,P43246:861:Q>S,0,0.04827582
train-clinvar+pg_dms__bilstm__seed44,MLH1,P43246:861:Q>I,0,0.06711929
train-clinvar+pg_dms__bilstm__seed44,MLH1,P43246:861:Q>Y,0,0.06232014
train-clinvar+pg_dms__bilstm__seed44,MLH1,P43246:861:Q>W,0,0.10762123
train-clinvar+pg_dms__bilstm__seed44,MLH1,P43246:863:Y>R,0,0.057723664
train-clinvar+pg_dms__bilstm__seed44,MLH1,P43246:863:Y>V,0,0.045769807
train-clinvar+pg_dms__bilstm__seed44,MLH1,P43246:863:Y>W,0,0.09300472
train-clinvar+pg_dms__bilstm__seed44,MLH1,P43246:863:Y>T,0,0.036005087
train-clinvar+pg_dms__bilstm__seed44,MLH1,P43246:863:Y>S,0,0.038008418
train-clinvar+pg_dms__bilstm__seed44,MLH1,P43246:863:Y>Q,0,0.04461863
train-clinvar+pg_dms__bilstm__seed44,MLH1,P43246:863:Y>D,0,0.057280015
train-clinvar+pg_dms__bilstm__seed44,MLH1,P43246:863:Y>N,0,0.037465777
train-clinvar+pg_dms__bilstm__seed44,MLH1,P43246:863:Y>M,0,0.0761756
train-clinvar+pg_dms__bilstm__seed44,MLH1,P43246:863:Y>L,0,0.039158057
train-clinvar+pg_dms__bilstm__seed44,MLH1,P43246:863:Y>K,0,0.060869318
train-clinvar+pg_dms__bilstm__seed44,MLH1,P43246:863:Y>I,0,0.05564904
train-clinvar+pg_dms__bilstm__seed44,MLH1,P43246:863:Y>H,0,0.04413368
train-clinvar+pg_dms__bilstm__seed44,MLH1,P43246:863:Y>P,0,0.07903352
train-clinvar+pg_dms__bilstm__seed44,MLH1,P43246:863:Y>F,0,0.043892197
train-clinvar+pg_dms__bilstm__seed44,MLH1,P43246:863:Y>E,0,0.060521107
train-clinvar+pg_dms__bilstm__seed44,MLH1,P43246:863:Y>C,0,0.03775964
train-clinvar+pg_dms__bilstm__seed44,MLH1,P43246:863:Y>A,0,0.046837922
train-clinvar+pg_dms__bilstm__seed44,MLH1,P43246:863:Y>G,0,0.04028477
train-clinvar+pg_dms__bilstm__seed44,MLH1,P43246:878:E>R,0,0.016174689
train-clinvar+pg_dms__bilstm__seed44,MLH1,P43246:878:E>F,0,0.038452104
train-clinvar+pg_dms__bilstm__seed44,MLH1,P43246:878:E>W,0,0.16546734
train-clinvar+pg_dms__bilstm__seed44,MLH1,P43246:878:E>V,0,0.0032235244
train-clinvar+pg_dms__bilstm__seed44,MLH1,P43246:878:E>T,0,0.00546572
train-clinvar+pg_dms__bilstm__seed44,MLH1,P43246:878:E>S,0,0.0037167317
train-clinvar+pg_dms__bilstm__seed44,MLH1,P43246:878:E>A,0,0.0052224216
train-clinvar+pg_dms__bilstm__seed44,MLH1,P43246:878:E>C,0,0.010923605
train-clinvar+pg_dms__bilstm__seed44,MLH1,P43246:878:E>Y,0,0.013201735
train-clinvar+pg_dms__bilstm__seed44,MLH1,P43246:878:E>Q,0,0.042589482
train-clinvar+pg_dms__bilstm__seed44,MLH1,P43246:878:E>H,0,0.007899941
train-clinvar+pg_dms__bilstm__seed44,MLH1,P43246:878:E>I,0,0.011565969
train-clinvar+pg_dms__bilstm__seed44,MLH1,P43246:878:E>K,0,0.053976588
train-clinvar+pg_dms__bilstm__seed44,MLH1,P43246:878:E>L,0,0.0060011377
train-clinvar+pg_dms__bilstm__seed44,MLH1,P43246:878:E>M,0,0.048126243
train-clinvar+pg_dms__bilstm__seed44,MLH1,P43246:878:E>N,0,0.0059224246
train-clinvar+pg_dms__bilstm__seed44,MLH1,P43246:878:E>P,0,0.1766764
train-clinvar+pg_dms__bilstm__seed44,MLH1,P43246:881:E>V,0,0.07133486
train-clinvar+pg_dms__bilstm__seed44,MLH1,P43246:881:E>Y,0,0.0842196
train-clinvar+pg_dms__bilstm__seed44,MLH1,P43246:881:E>M,0,0.13178895
train-clinvar+pg_dms__bilstm__seed44,MLH1,P43246:881:E>T,0,0.022194043
train-clinvar+pg_dms__bilstm__seed44,MLH1,P43246:881:E>A,0,0.016642675
train-clinvar+pg_dms__bilstm__seed44,MLH1,P43246:881:E>C,0,0.0407863
train-clinvar+pg_dms__bilstm__seed44,MLH1,P43246:881:E>D,0,0.045391254
train-clinvar+pg_dms__bilstm__seed44,MLH1,P43246:881:E>F,0,0.092360534
train-clinvar+pg_dms__bilstm__seed44,MLH1,P43246:881:E>G,0,0.011709878
train-clinvar+pg_dms__bilstm__seed44,MLH1,P43246:881:E>I,0,0.0646164
train-clinvar+pg_dms__bilstm__seed44,MLH1,P43246:881:E>H,0,0.04856923
train-clinvar+pg_dms__bilstm__seed44,MLH1,P43246:881:E>N,0,0.018435821
train-clinvar+pg_dms__bilstm__seed44,MLH1,P43246:881:E>P,0,0.40525842
train-clinvar+pg_dms__bilstm__seed44,MLH1,P43246:881:E>Q,0,0.059242655
train-clinvar+pg_dms__bilstm__seed44,MLH1,P43246:881:E>R,0,0.037931684
train-clinvar+pg_dms__bilstm__seed44,MLH1,P43246:881:E>S,0,0.0166649
train-clinvar+pg_dms__bilstm__seed44,MLH1,P43246:881:E>L,0,0.031999886
train-clinvar+pg_dms__bilstm__seed44,MLH1,P43246:881:E>W,0,0.29031357
train-clinvar+pg_dms__bilstm__seed44,MLH1,P43246:884:I>C,0,0.067496926
train-clinvar+pg_dms__bilstm__seed44,MLH1,P43246:884:I>Q,0,0.34220195
train-clinvar+pg_dms__bilstm__seed44,MLH1,P43246:884:I>V,0,0.011778926
train-clinvar+pg_dms__bilstm__seed44,MLH1,P43246:884:I>T,0,0.28208083
train-clinvar+pg_dms__bilstm__seed44,MLH1,P43246:884:I>S,0,0.17245717
train-clinvar+pg_dms__bilstm__seed44,MLH1,P43246:884:I>R,0,0.49650243
train-clinvar+pg_dms__bilstm__seed44,MLH1,P43246:884:I>P,1,0.83667314
train-clinvar+pg_dms__bilstm__seed44,MLH1,P43246:884:I>N,0,0.2363527
train-clinvar+pg_dms__bilstm__seed44,MLH1,P43246:884:I>W,0,0.55779415
train-clinvar+pg_dms__bilstm__seed44,MLH1,P43246:884:I>M,0,0.0952989
train-clinvar+pg_dms__bilstm__seed44,MLH1,P43246:884:I>K,0,0.52821356
train-clinvar+pg_dms__bilstm__seed44,MLH1,P43246:884:I>G,0,0.29744783
train-clinvar+pg_dms__bilstm__seed44,MLH1,P43246:884:I>F,0,0.14424692
train-clinvar+pg_dms__bilstm__seed44,MLH1,P43246:884:I>A,0,0.124308586
train-clinvar+pg_dms__bilstm__seed44,MLH1,P43246:884:I>L,0,0.018956712
train-clinvar+pg_dms__bilstm__seed44,MLH1,P43246:884:I>Y,0,0.15472433
train-clinvar+pg_dms__bilstm__seed44,MLH1,P43246:896:F>Q,0,0.08172036
train-clinvar+pg_dms__bilstm__seed44,MLH1,P43246:896:F>V,0,0.060119905
train-clinvar+pg_dms__bilstm__seed44,MLH1,P43246:896:F>T,0,0.035165217
train-clinvar+pg_dms__bilstm__seed44,MLH1,P43246:896:F>R,0,0.07771914
train-clinvar+pg_dms__bilstm__seed44,MLH1,P43246:896:F>P,0,0.24754988
train-clinvar+pg_dms__bilstm__seed44,MLH1,P43246:896:F>E,0,0.12148142
train-clinvar+pg_dms__bilstm__seed44,MLH1,P43246:896:F>M,0,0.08822705
train-clinvar+pg_dms__bilstm__seed44,MLH1,P43246:896:F>L,0,0.043192536
train-clinvar+pg_dms__bilstm__seed44,MLH1,P43246:896:F>I,0,0.02388341
train-clinvar+pg_dms__bilstm__seed44,MLH1,P43246:896:F>H,0,0.028062657
train-clinvar+pg_dms__bilstm__seed44,MLH1,P43246:896:F>G,0,0.04422852
train-clinvar+pg_dms__bilstm__seed44,MLH1,P43246:896:F>D,0,0.08195594
train-clinvar+pg_dms__bilstm__seed44,MLH1,P43246:896:F>A,0,0.023646276
train-clinvar+pg_dms__bilstm__seed44,MLH1,P43246:896:F>N,0,0.027634647
train-clinvar+pg_dms__bilstm__seed44,MLH1,P43246:896:F>W,0,0.13479671
train-clinvar+pg_dms__bilstm__seed44,MLH1,P43246:896:F>K,0,0.13115619
train-clinvar+pg_dms__bilstm__seed44,MLH1,P43246:896:F>S,0,0.019015756
train-clinvar+pg_dms__bilstm__seed44,MLH1,P43246:896:F>Y,0,0.01676714
train-clinvar+pg_dms__bilstm__seed44,MLH1,P43246:899:M>F,0,0.05965777
train-clinvar+pg_dms__bilstm__seed44,MLH1,P43246:899:M>V,0,0.029029587
train-clinvar+pg_dms__bilstm__seed44,MLH1,P43246:899:M>Y,0,0.08510775
train-clinvar+pg_dms__bilstm__seed44,MLH1,P43246:899:M>G,0,0.24848992
train-clinvar+pg_dms__bilstm__seed44,MLH1,P43246:899:M>H,0,0.12514871
train-clinvar+pg_dms__bilstm__seed44,MLH1,P43246:899:M>I,0,0.045016464
train-clinvar+pg_dms__bilstm__seed44,MLH1,P43246:899:M>K,0,0.12633368
train-clinvar+pg_dms__bilstm__seed44,MLH1,P43246:899:M>L,0,0.043348454
train-clinvar+pg_dms__bilstm__seed44,MLH1,P43246:899:M>N,0,0.078575134
train-clinvar+pg_dms__bilstm__seed44,MLH1,P43246:899:M>C,0,0.17983386
train-clinvar+pg_dms__bilstm__seed44,MLH1,P43246:899:M>Q,0,0.07729347
train-clinvar+pg_dms__bilstm__seed44,MLH1,P43246:899:M>R,0,0.07225118
train-clinvar+pg_dms__bilstm__seed44,MLH1,P43246:899:M>S,0,0.062287696
train-clinvar+pg_dms__bilstm__seed44,MLH1,P43246:899:M>W,1,0.47591138
train-clinvar+pg_dms__bilstm__seed44,MLH1,P43246:899:M>P,0,0.7731972
train-clinvar+pg_dms__bilstm__seed44,MLH1,P43246:899:M>E,0,0.20239279
train-clinvar+pg_dms__bilstm__seed44,MLH1,P43246:899:M>A,0,0.059724487
train-clinvar+pg_dms__bilstm__seed44,MLH1,P43246:899:M>D,0,0.327399
train-clinvar+pg_dms__bilstm__seed44,MLH1,P43246:901:E>A,0,0.037033178
train-clinvar+pg_dms__bilstm__seed44,MLH1,P43246:901:E>C,0,0.1092766
train-clinvar+pg_dms__bilstm__seed44,MLH1,P43246:901:E>V,0,0.04081213
train-clinvar+pg_dms__bilstm__seed44,MLH1,P43246:901:E>D,0,0.05875838
train-clinvar+pg_dms__bilstm__seed44,MLH1,P43246:901:E>F,0,0.14166456
train-clinvar+pg_dms__bilstm__seed44,MLH1,P43246:901:E>G,0,0.045448814
train-clinvar+pg_dms__bilstm__seed44,MLH1,P43246:901:E>W,0,0.35392618
train-clinvar+pg_dms__bilstm__seed44,MLH1,P43246:901:E>I,0,0.06112646
train-clinvar+pg_dms__bilstm__seed44,MLH1,P43246:901:E>K,0,0.06669825
train-clinvar+pg_dms__bilstm__seed44,MLH1,P43246:901:E>L,0,0.058472622
train-clinvar+pg_dms__bilstm__seed44,MLH1,P43246:901:E>H,0,0.051474392
train-clinvar+pg_dms__bilstm__seed44,MLH1,P43246:901:E>N,0,0.045442894
train-clinvar+pg_dms__bilstm__seed44,MLH1,P43246:901:E>P,0,0.12016135
train-clinvar+pg_dms__bilstm__seed44,MLH1,P43246:901:E>Q,0,0.043537196
train-clinvar+pg_dms__bilstm__seed44,MLH1,P43246:901:E>R,0,0.054682188
train-clinvar+pg_dms__bilstm__seed44,MLH1,P43246:901:E>S,0,0.04019989
train-clinvar+pg_dms__bilstm__seed44,MLH1,P43246:901:E>T,0,0.042287063
train-clinvar+pg_dms__bilstm__seed44,MLH1,P43246:901:E>M,0,0.1262642
train-clinvar+pg_dms__bilstm__seed44,MLH1,P43246:906:I>T,0,0.096625954
train-clinvar+pg_dms__bilstm__seed44,MLH1,P43246:906:I>S,0,0.029558597
train-clinvar+pg_dms__bilstm__seed44,MLH1,P43246:906:I>R,0,0.16618344
train-clinvar+pg_dms__bilstm__seed44,MLH1,P43246:906:I>Q,0,0.059504457
train-clinvar+pg_dms__bilstm__seed44,MLH1,P43246:906:I>P,0,0.33189806
train-clinvar+pg_dms__bilstm__seed44,MLH1,P43246:906:I>N,0,0.027521368
train-clinvar+pg_dms__bilstm__seed44,MLH1,P43246:906:I>L,0,0.030476665
train-clinvar+pg_dms__bilstm__seed44,MLH1,P43246:906:I>K,0,0.09271873
train-clinvar+pg_dms__bilstm__seed44,MLH1,P43246:906:I>G,0,0.03289243
train-clinvar+pg_dms__bilstm__seed44,MLH1,P43246:906:I>W,0,0.22942348
train-clinvar+pg_dms__bilstm__seed44,MLH1,P43246:906:I>F,0,0.038832042
train-clinvar+pg_dms__bilstm__seed44,MLH1,P43246:906:I>Y,0,0.049155287
train-clinvar+pg_dms__bilstm__seed44,MLH1,P43246:906:I>H,0,0.03317015
train-clinvar+pg_dms__bilstm__seed44,MLH1,P43246:906:I>A,0,0.04955532
train-clinvar+pg_dms__bilstm__seed44,MLH1,P43246:906:I>C,0,0.02388451
train-clinvar+pg_dms__bilstm__seed44,MLH1,P43246:906:I>D,0,0.105020486
train-clinvar+pg_dms__bilstm__seed44,MLH1,P43246:906:I>E,0,0.093338124
train-clinvar+pg_dms__bilstm__seed44,MLH1,P43246:910:Q>C,0,0.04699065
train-clinvar+pg_dms__bilstm__seed44,MLH1,P43246:910:Q>W,0,0.36002517
train-clinvar+pg_dms__bilstm__seed44,MLH1,P43246:910:Q>Y,0,0.044509783
train-clinvar+pg_dms__bilstm__seed44,MLH1,P43246:910:Q>T,0,0.0315526
train-clinvar+pg_dms__bilstm__seed44,MLH1,P43246:910:Q>S,0,0.023436286
train-clinvar+pg_dms__bilstm__seed44,MLH1,P43246:910:Q>V,1,0.036447927
train-clinvar+pg_dms__bilstm__seed44,MLH1,P43246:910:Q>P,0,0.3806406
train-clinvar+pg_dms__bilstm__seed44,MLH1,P43246:910:Q>N,0,0.03060397
train-clinvar+pg_dms__bilstm__seed44,MLH1,P43246:910:Q>M,0,0.19967516
train-clinvar+pg_dms__bilstm__seed44,MLH1,P43246:910:Q>L,0,0.049450483
train-clinvar+pg_dms__bilstm__seed44,MLH1,P43246:910:Q>K,0,0.17138416
train-clinvar+pg_dms__bilstm__seed44,MLH1,P43246:910:Q>I,0,0.053518873
train-clinvar+pg_dms__bilstm__seed44,MLH1,P43246:910:Q>H,0,0.077873535
train-clinvar+pg_dms__bilstm__seed44,MLH1,P43246:910:Q>G,0,0.045071896
train-clinvar+pg_dms__bilstm__seed44,MLH1,P43246:910:Q>F,0,0.18586153
train-clinvar+pg_dms__bilstm__seed44,MLH1,P43246:910:Q>A,0,0.054015394
train-clinvar+pg_dms__bilstm__seed44,MLH1,P43246:910:Q>E,0,0.19471274
train-clinvar+pg_dms__bilstm__seed44,MLH1,P43246:917:A>W,0,0.43333006
train-clinvar+pg_dms__bilstm__seed44,MLH1,P43246:917:A>V,0,0.09469955
train-clinvar+pg_dms__bilstm__seed44,MLH1,P43246:917:A>T,0,0.085833415
train-clinvar+pg_dms__bilstm__seed44,MLH1,P43246:917:A>S,0,0.05491849
train-clinvar+pg_dms__bilstm__seed44,MLH1,P43246:917:A>R,0,0.13503137
train-clinvar+pg_dms__bilstm__seed44,MLH1,P43246:917:A>P,0,0.5728748
train-clinvar+pg_dms__bilstm__seed44,MLH1,P43246:917:A>N,0,0.069489
train-clinvar+pg_dms__bilstm__seed44,MLH1,P43246:917:A>M,0,0.20974272
train-clinvar+pg_dms__bilstm__seed44,MLH1,P43246:917:A>L,0,0.0557364
train-clinvar+pg_dms__bilstm__seed44,MLH1,P43246:917:A>K,0,0.17859419
train-clinvar+pg_dms__bilstm__seed44,MLH1,P43246:917:A>I,0,0.12031387
train-clinvar+pg_dms__bilstm__seed44,MLH1,P43246:917:A>H,0,0.09044181
train-clinvar+pg_dms__bilstm__seed44,MLH1,P43246:917:A>Q,0,0.10112262
train-clinvar+pg_dms__bilstm__seed44,MLH1,P43246:917:A>D,0,0.17899416
train-clinvar+pg_dms__bilstm__seed44,MLH1,P43246:917:A>G,0,0.04891872
train-clinvar+pg_dms__bilstm__seed44,MLH1,P43246:917:A>E,0,0.13689993
train-clinvar+pg_dms__bilstm__seed44,MLH1,P43246:917:A>F,0,0.088912204
train-clinvar+pg_dms__bilstm__seed44,MLH1,P43246:917:A>C,0,0.050836537
train-clinvar+pg_dms__bilstm__seed44,MLH1,P43246:924:N>C,0,0.059056684
train-clinvar+pg_dms__bilstm__seed44,MLH1,P43246:924:N>T,0,0.07372526
train-clinvar+pg_dms__bilstm__seed44,MLH1,P43246:924:N>S,0,0.13433257
train-clinvar+pg_dms__bilstm__seed44,MLH1,P43246:924:N>R,0,0.16031493
train-clinvar+pg_dms__bilstm__seed44,MLH1,P43246:924:N>Q,0,0.11950638
train-clinvar+pg_dms__bilstm__seed44,MLH1,P43246:924:N>P,1,0.44705573
train-clinvar+pg_dms__bilstm__seed44,MLH1,P43246:924:N>L,0,0.0834082
train-clinvar+pg_dms__bilstm__seed44,MLH1,P43246:924:N>K,0,0.16846962
train-clinvar+pg_dms__bilstm__seed44,MLH1,P43246:924:N>I,0,0.16536558
train-clinvar+pg_dms__bilstm__seed44,MLH1,P43246:924:N>H,0,0.13079105
train-clinvar+pg_dms__bilstm__seed44,MLH1,P43246:924:N>G,0,0.09961881
train-clinvar+pg_dms__bilstm__seed44,MLH1,P43246:924:N>F,0,0.16756207
train-clinvar+pg_dms__bilstm__seed44,MLH1,P43246:924:N>E,0,0.15190788
train-clinvar+pg_dms__bilstm__seed44,MLH1,P43246:924:N>D,0,0.16502552
train-clinvar+pg_dms__bilstm__seed44,MLH1,P43246:924:N>A,0,0.107917994
train-clinvar+pg_dms__bilstm__seed44,MLH1,P43246:924:N>Y,0,0.10332708
train-clinvar+pg_dms__bilstm__seed44,MLH1,P43246:924:N>W,0,0.29571456
train-clinvar+pg_dms__bilstm__seed44,MLH1,P43246:934:T>W,0,0.425598
train-clinvar+pg_dms__bilstm__seed44,MLH1,P43246:934:T>C,0,0.21159151
train-clinvar+pg_dms__bilstm__seed44,MLH1,P43246:934:T>D,0,0.32074344
train-clinvar+pg_dms__bilstm__seed44,MLH1,P43246:934:T>E,0,0.27434984
train-clinvar+pg_dms__bilstm__seed44,MLH1,P43246:934:T>F,0,0.24704382
train-clinvar+pg_dms__bilstm__seed44,MLH1,P43246:934:T>G,0,0.20610896
train-clinvar+pg_dms__bilstm__seed44,MLH1,P43246:934:T>H,0,0.24144417
train-clinvar+pg_dms__bilstm__seed44,MLH1,P43246:934:T>I,0,0.2805572
train-clinvar+pg_dms__bilstm__seed44,MLH1,P43246:934:T>K,0,0.13209887
train-clinvar+pg_dms__bilstm__seed44,MLH1,P43246:934:T>L,0,0.22356205
train-clinvar+pg_dms__bilstm__seed44,MLH1,P43246:934:T>N,0,0.20536508
train-clinvar+pg_dms__bilstm__seed44,MLH1,P43246:934:T>P,0,0.29587996
train-clinvar+pg_dms__bilstm__seed44,MLH1,P43246:934:T>Q,0,0.26391798
train-clinvar+pg_dms__bilstm__seed44,MLH1,P43246:934:T>R,0,0.29638618
train-clinvar+pg_dms__bilstm__seed44,MLH1,P43246:934:T>S,0,0.24233858
train-clinvar+pg_dms__bilstm__seed44,MLH1,P43246:934:T>Y,0,0.2664587
train-clinvar+pg_dms__bilstm__seed44,MLH1,P43246:934:T>V,0,0.23292398
train-clinvar+pg_dms__bilstm__seed44,MSH2,P40692:618:K>A,0,0.95973784
train-clinvar+pg_dms__bilstm__seed44,MSH2,P40692:132:D>H,0,0.007560929
train-clinvar+pg_dms__bilstm__seed44,MSH2,P40692:35:M>N,1,0.9995432
train-clinvar+pg_dms__bilstm__seed44,MSH2,P52701:396:L>V,0,0.004991334
train-clinvar+pg_dms__bilstm__seed44,MSH2,P40692:213:V>M,0,0.0033389057
train-clinvar+pg_dms__bilstm__seed44,MSH2,P52701:503:S>C,0,0.008669262
train-clinvar+pg_dms__bilstm__seed44,MSH2,P52701:65:S>L,0,0.06722644
train-clinvar+pg_dms__bilstm__seed44,MSH2,P52701:686:G>D,1,0.93227786
train-clinvar+pg_dms__bilstm__seed44,MSH2,P52701:1163:E>V,0,0.16930841
train-clinvar+pg_dms__bilstm__seed44,MSH2,P52701:1193:E>K,1,0.8783021
train-clinvar+pg_dms__bilstm__seed44,MSH2,P52701:1334:R>Q,1,0.5283391
train-clinvar+pg_dms__bilstm__seed44,MSH2,P52701:20:A>V,0,0.048677452
train-clinvar+pg_dms__bilstm__seed44,MSH2,P52701:220:E>D,0,0.018396014
train-clinvar+pg_dms__bilstm__seed44,MSH2,P40692:35:M>R,1,0.9994085
train-clinvar+pg_dms__bilstm__seed44,MSH2,P40692:41:D>H,1,0.9998853
train-clinvar+pg_dms__bilstm__seed44,MSH2,P40692:41:D>G,1,0.99981457
train-clinvar+pg_dms__bilstm__seed44,MSH2,P40692:48:Q>P,1,0.99883825
train-clinvar+pg_dms__bilstm__seed44,MSH2,P40692:574:L>P,1,0.9716009
train-clinvar+pg_dms__bilstm__seed44,MSH2,P40692:618:K>T,0,0.0096344035
train-clinvar+pg_dms__bilstm__seed44,MSH2,P40692:618:K>R,0,0.029511532
train-clinvar+pg_dms__bilstm__seed44,MSH2,P40692:676:L>R,1,0.99103785
train-clinvar+pg_dms__bilstm__seed44,MSH2,P40692:680:C>R,1,0.9760342
train-clinvar+pg_dms__bilstm__seed44,MSH2,P40692:687:R>W,1,0.7156386
train-clinvar+pg_dms__bilstm__seed44,MSH2,P40692:111:A>V,1,0.99962795
train-clinvar+pg_dms__bilstm__seed44,MSH2,P40692:130:Y>H,1,0.99604625
train-clinvar+pg_dms__bilstm__seed44,MSH2,P40692:130:Y>C,1,0.96122736
train-clinvar+pg_dms__bilstm__seed44,MSH2,P40692:182:R>G,1,0.9841643
train-clinvar+pg_dms__bilstm__seed44,MSH2,P40692:182:R>K,1,0.94620085
train-clinvar+pg_dms__bilstm__seed44,MSH2,P40692:19:I>F,1,0.8148412
train-clinvar+pg_dms__bilstm__seed44,MSH2,P40692:306:N>K,1,0.8952498
train-clinvar+pg_dms__bilstm__seed44,MSH2,P54278:1:M>V,1,0.4728465
train-clinvar+pg_dms__bilstm__seed44,MSH2,P54278:1:M>T,1,0.41304126
train-clinvar+pg_dms__bilstm__seed44,MSH2,P54278:107:R>W,1,0.232792
train-clinvar+pg_dms__bilstm__seed44,MSH2,P52701:1242:R>H,1,0.74983263
train-clinvar+pg_dms__bilstm__seed44,MSH2,P52701:164:H>P,0,0.0050238613
train-clinvar+pg_dms__bilstm__seed44,MSH2,P54278:1:M>L,1,0.4973762
train-clinvar+pg_dms__bilstm__seed44,MSH2,P54278:1:M>K,1,0.45237342
train-clinvar+pg_dms__bilstm__seed44,MSH2,P52701:1211:L>P,1,0.8526705
train-clinvar+pg_dms__bilstm__seed44,MSH2,P52701:1:M>I,1,0.77398103
train-clinvar+pg_dms__bilstm__seed44,MSH2,P52701:1334:R>P,1,0.97255075
train-clinvar+pg_dms__bilstm__seed44,MSH2,P54278:1:M>R,1,0.55364984
train-clinvar+pg_dms__bilstm__seed44,MSH2,P52701:153:G>S,1,0.9866263
train-clinvar+pg_dms__bilstm__seed44,MSH2,P52701:1063:L>R,1,0.9943826
train-clinvar+pg_dms__bilstm__seed44,MSH2,P52701:1139:G>V,1,0.99922156
train-clinvar+pg_dms__bilstm__seed44,MSH2,P40692:125:A>E,1,0.9940204
train-clinvar+pg_dms__bilstm__seed44,MSH2,P54278:1:M>I,1,0.6359276
train-clinvar+pg_dms__bilstm__seed44,MSH2,P40692:41:D>V,1,0.99986374
train-clinvar+pg_dms__bilstm__seed44,MSH2,P52701:1128:Y>F,0,0.068118274
train-clinvar+pg_dms__bilstm__seed44,MSH2,P40692:733:H>Y,0,0.457923
train-clinvar+pg_dms__bilstm__seed44,MSH2,P52701:480:V>E,1,0.7420507
train-clinvar+pg_dms__bilstm__seed44,MSH2,P40692:35:M>K,1,0.99815804
train-clinvar+pg_dms__bilstm__seed44,MSH2,P52701:1:M>V,1,0.56598717
train-clinvar+pg_dms__bilstm__seed44,MSH2,P52701:1198:A>P,1,0.9991715
train-clinvar+pg_dms__bilstm__seed44,MSH2,P40692:41:D>Y,1,0.9999001
train-clinvar+pg_dms__bilstm__seed44,MSH2,P40692:23:E>D,1,0.92658067
train-clinvar+pg_dms__bilstm__seed44,MSH2,P52701:1334:R>L,1,0.9287216
train-clinvar+pg_dms__bilstm__seed44,MSH6,P40692:67:G>W,1,0.74163246
train-clinvar+pg_dms__bilstm__seed44,MSH6,P40692:681:A>T,1,0.49457633
train-clinvar+pg_dms__bilstm__seed44,MSH6,P40692:35:M>N,1,0.82206357
train-clinvar+pg_dms__bilstm__seed44,MSH6,P40692:67:G>E,1,0.6975973
train-clinvar+pg_dms__bilstm__seed44,MSH6,P40692:219:I>V,0,0.23140125
train-clinvar+pg_dms__bilstm__seed44,MSH6,P40692:384:V>D,0,0.07806758
train-clinvar+pg_dms__bilstm__seed44,MSH6,P40692:603:P>R,0,0.16444366
train-clinvar+pg_dms__bilstm__seed44,MSH6,P40692:655:I>V,0,0.1831709
train-clinvar+pg_dms__bilstm__seed44,MSH6,P43246:390:L>F,0,0.21922915
train-clinvar+pg_dms__bilstm__seed44,MSH6,P40692:73:L>R,1,0.8383954
train-clinvar+pg_dms__bilstm__seed44,MSH6,P40692:35:M>R,1,0.8465487
train-clinvar+pg_dms__bilstm__seed44,MSH6,P40692:48:Q>P,1,0.41906682
train-clinvar+pg_dms__bilstm__seed44,MSH6,P40692:49:V>E,1,0.8444221
train-clinvar+pg_dms__bilstm__seed44,MSH6,P40692:589:A>D,1,0.8910829
train-clinvar+pg_dms__bilstm__seed44,MSH6,P40692:619:A>P,1,0.7234746
train-clinvar+pg_dms__bilstm__seed44,MSH6,P40692:67:G>R,1,0.6890826
train-clinvar+pg_dms__bilstm__seed44,MSH6,P40692:676:L>R,1,0.8701603
train-clinvar+pg_dms__bilstm__seed44,MSH6,P40692:681:A>V,1,0.7867411
train-clinvar+pg_dms__bilstm__seed44,MSH6,P40692:70:K>V,1,0.07756955
train-clinvar+pg_dms__bilstm__seed44,MSH6,P40692:701:Q>K,0,0.084049806
train-clinvar+pg_dms__bilstm__seed44,MSH6,P40692:701:Q>H,1,0.076472364
train-clinvar+pg_dms__bilstm__seed44,MSH6,P40692:73:L>P,1,0.92586005
train-clinvar+pg_dms__bilstm__seed44,MSH6,P40692:84:K>E,1,0.38854578
train-clinvar+pg_dms__bilstm__seed44,MSH6,P40692:101:G>S,1,0.44514617
train-clinvar+pg_dms__bilstm__seed44,MSH6,P40692:101:G>D,1,0.59211916
train-clinvar+pg_dms__bilstm__seed44,MSH6,P40692:102:E>K,1,0.512603
train-clinvar+pg_dms__bilstm__seed44,MSH6,P40692:102:E>D,1,0.5255057
train-clinvar+pg_dms__bilstm__seed44,MSH6,P40692:127:R>K,1,0.41483602
train-clinvar+pg_dms__bilstm__seed44,MSH6,P40692:128:A>P,1,0.9160767
train-clinvar+pg_dms__bilstm__seed44,MSH6,P40692:219:I>L,0,0.08894753
train-clinvar+pg_dms__bilstm__seed44,MSH6,P40692:22:G>A,0,0.25440046
train-clinvar+pg_dms__bilstm__seed44,MSH6,P40692:244:G>D,1,0.79547745
train-clinvar+pg_dms__bilstm__seed44,MSH6,P40692:244:G>V,1,0.59741104
train-clinvar+pg_dms__bilstm__seed44,MSH6,P40692:295:S>R,1,0.8332194
train-clinvar+pg_dms__bilstm__seed44,MSH6,P40692:295:S>G,1,0.5926831
train-clinvar+pg_dms__bilstm__seed44,MSH6,P40692:295:S>N,1,0.6682064
train-clinvar+pg_dms__bilstm__seed44,MSH6,P43246:341:L>P,1,0.93476194
train-clinvar+pg_dms__bilstm__seed44,MSH6,P43246:349:P>R,1,0.6500784
train-clinvar+pg_dms__bilstm__seed44,MSH6,P43246:349:P>L,1,0.54412156
train-clinvar+pg_dms__bilstm__seed44,MSH6,P43246:409:Q>K,0,0.042930722
train-clinvar+pg_dms__bilstm__seed44,MSH6,P43246:447:F>V,0,0.37461558
train-clinvar+pg_dms__bilstm__seed44,MSH6,P43246:603:D>N,1,0.6826373
train-clinvar+pg_dms__bilstm__seed44,MSH6,P43246:603:D>G,1,0.6521251
train-clinvar+pg_dms__bilstm__seed44,MSH6,P43246:609:A>V,1,0.79083496
train-clinvar+pg_dms__bilstm__seed44,MSH6,P43246:688:M>R,1,0.7945765
train-clinvar+pg_dms__bilstm__seed44,MSH6,P43246:751:G>R,1,0.8965713
train-clinvar+pg_dms__bilstm__seed44,MSH6,P43246:905:T>R,0,0.13916832
train-clinvar+pg_dms__bilstm__seed44,MSH6,P43246:106:R>K,0,0.11885235
train-clinvar+pg_dms__bilstm__seed44,MSH6,P43246:161:V>D,1,0.7568027
train-clinvar+pg_dms__bilstm__seed44,MSH6,P43246:283:D>Y,0,0.07071478
train-clinvar+pg_dms__bilstm__seed44,MSH6,P40692:692:S>P,0,0.098375596
train-clinvar+pg_dms__bilstm__seed44,MSH6,P54278:107:R>W,1,0.33386502
train-clinvar+pg_dms__bilstm__seed44,MSH6,P43246:928:S>A,0,0.0868651
train-clinvar+pg_dms__bilstm__seed44,MSH6,P43246:534:R>P,1,0.5493594
train-clinvar+pg_dms__bilstm__seed44,MSH6,P43246:22:F>L,0,0.31594923
train-clinvar+pg_dms__bilstm__seed44,MSH6,P40692:127:R>I,1,0.66188604
train-clinvar+pg_dms__bilstm__seed44,MSH6,P43246:117:W>S,0,0.32641006
train-clinvar+pg_dms__bilstm__seed44,MSH6,P43246:159:R>I,0,0.09464842
train-clinvar+pg_dms__bilstm__seed44,MSH6,P43246:508:G>A,0,0.09109126
train-clinvar+pg_dms__bilstm__seed44,MSH6,P43246:727:A>P,0,0.8880237
train-clinvar+pg_dms__bilstm__seed44,MSH6,P43246:621:R>L,1,0.5197178
train-clinvar+pg_dms__bilstm__seed44,MSH6,P43246:928:S>P,0,0.20651639
train-clinvar+pg_dms__bilstm__seed44,MSH6,P43246:316:S>Y,0,0.08796829
train-clinvar+pg_dms__bilstm__seed44,MSH6,P43246:652:P>T,0,0.072524786
train-clinvar+pg_dms__bilstm__seed44,MSH6,P43246:677:T>R,1,0.97276455
train-clinvar+pg_dms__bilstm__seed44,MSH6,P43246:862:G>R,0,0.069338106
train-clinvar+pg_dms__bilstm__seed44,MSH6,P43246:906:I>V,0,0.10330185
train-clinvar+pg_dms__bilstm__seed44,MSH6,P40692:681:A>P,1,0.9516615
train-clinvar+pg_dms__bilstm__seed44,MSH6,P43246:219:R>T,0,0.18267088
train-clinvar+pg_dms__bilstm__seed44,MSH6,P43246:393:K>Q,0,0.11616643
train-clinvar+pg_dms__bilstm__seed44,MSH6,P43246:92:L>F,0,0.3537474
train-clinvar+pg_dms__bilstm__seed44,MSH6,P43246:249:K>N,0,0.058647532
train-clinvar+pg_dms__bilstm__seed44,MSH6,P43246:628:G>E,0,0.08274946
train-clinvar+pg_dms__bilstm__seed44,MSH6,P43246:724:T>A,0,0.3907285
train-clinvar+pg_dms__bilstm__seed44,MSH6,P43246:693:C>Y,1,0.8850062
train-clinvar+pg_dms__bilstm__seed44,MSH6,P43246:621:R>G,1,0.6997816
train-clinvar+pg_dms__bilstm__seed44,MSH6,P43246:339:Q>P,1,0.8298561
train-clinvar+pg_dms__bilstm__seed44,MSH6,P43246:13:S>R,0,0.14934851
train-clinvar+pg_dms__bilstm__seed44,MSH6,P43246:245:L>F,0,0.2866098
train-clinvar+pg_dms__bilstm__seed44,MSH6,P43246:249:K>T,0,0.050936725
train-clinvar+pg_dms__bilstm__seed44,MSH6,P43246:349:P>T,1,0.5138143
train-clinvar+pg_dms__bilstm__seed44,MSH6,P43246:628:G>V,0,0.13933012
train-clinvar+pg_dms__bilstm__seed44,MSH6,P43246:266:A>T,1,0.4166902
train-clinvar+pg_dms__bilstm__seed44,MSH6,P43246:220:G>E,0,0.28093356
train-clinvar+pg_dms__bilstm__seed44,MSH6,P43246:367:V>I,0,0.14150278
train-clinvar+pg_dms__bilstm__seed44,MSH6,P43246:92:L>I,0,0.12161763
train-clinvar+pg_dms__bilstm__seed44,MSH6,P43246:283:D>V,0,0.059933864
train-clinvar+pg_dms__bilstm__seed44,MSH6,P43246:402:Q>H,0,0.050499983
train-clinvar+pg_dms__bilstm__seed44,MSH6,P43246:670:P>R,0,0.69554454
train-clinvar+pg_dms__bilstm__seed44,MSH6,P43246:918:K>N,0,0.07630824
train-clinvar+pg_dms__bilstm__seed44,MSH6,P43246:207:A>S,0,0.054540392
train-clinvar+pg_dms__bilstm__seed44,MSH6,P43246:231:D>Y,0,0.23187463
train-clinvar+pg_dms__bilstm__seed44,MSH6,P43246:283:D>G,0,0.027410509
train-clinvar+pg_dms__bilstm__seed44,MSH6,P43246:526:T>N,0,0.4774409
train-clinvar+pg_dms__bilstm__seed44,MSH6,P43246:242:N>H,0,0.087290324
train-clinvar+pg_dms__bilstm__seed44,MSH6,P43246:350:L>V,0,0.25429818
train-clinvar+pg_dms__bilstm__seed44,MSH6,P43246:249:K>R,0,0.052176137
train-clinvar+pg_dms__bilstm__seed44,MSH6,P43246:724:T>R,0,0.47854698
train-clinvar+pg_dms__bilstm__seed44,MSH6,P43246:603:D>V,1,0.6812398
train-clinvar+pg_dms__bilstm__seed44,MSH6,P43246:568:T>I,1,0.10592462
train-clinvar+pg_dms__bilstm__seed44,MSH6,P43246:621:R>P,1,0.84847194
train-clinvar+pg_dms__bilstm__seed44,MSH6,P43246:349:P>S,1,0.52263784
train-clinvar+pg_dms__bilstm__seed44,MSH6,P43246:390:L>V,0,0.13836339
train-clinvar+pg_dms__bilstm__seed44,MSH6,P43246:862:G>V,0,0.06453991
train-clinvar+pg_dms__bilstm__seed44,MSH6,P43246:792:N>I,0,0.12151748
train-clinvar+pg_dms__bilstm__seed44,MSH6,P43246:306:A>V,0,0.5601004
train-clinvar+pg_dms__bilstm__seed44,MSH6,P43246:117:W>G,0,0.35969388
train-clinvar+pg_dms__bilstm__seed44,MSH6,P43246:391:A>D,0,0.64892507
train-clinvar+pg_dms__bilstm__seed44,MSH6,P43246:864:D>N,0,0.066139214
train-clinvar+pg_dms__bilstm__seed44,MSH6,P43246:438:T>I,0,0.04113773
train-clinvar+pg_dms__bilstm__seed44,MSH6,P43246:230:A>G,0,0.061338313
train-clinvar+pg_dms__bilstm__seed44,MSH6,P43246:150:V>I,0,0.1163099
train-clinvar+pg_dms__bilstm__seed44,MSH6,P43246:715:G>A,0,0.056027282
train-clinvar+pg_dms__bilstm__seed44,MSH6,P43246:103:Y>F,0,0.059924558
train-clinvar+pg_dms__bilstm__seed44,MSH6,P43246:292:T>P,1,0.14994247
train-clinvar+pg_dms__bilstm__seed44,MSH6,P43246:391:A>P,0,0.8708735
train-clinvar+pg_dms__bilstm__seed44,MSH6,P43246:72:A>G,0,0.0578606
train-clinvar+pg_dms__bilstm__seed44,MSH6,P43246:262:E>V,0,0.12784307
train-clinvar+pg_dms__bilstm__seed44,MSH6,P43246:281:S>T,0,0.07080423
train-clinvar+pg_dms__bilstm__seed44,MSH6,P43246:670:P>S,0,0.55686504
train-clinvar+pg_dms__bilstm__seed44,MSH6,P43246:693:C>R,1,0.9073398
train-clinvar+pg_dms__bilstm__seed44,MSH6,P40692:101:G>R,1,0.5039316
train-clinvar+pg_dms__bilstm__seed44,MSH6,P43246:609:A>G,0,0.20659864
train-clinvar+pg_dms__bilstm__seed44,MSH6,P43246:715:G>R,0,0.19462569
train-clinvar+pg_dms__bilstm__seed44,MSH6,P43246:729:M>V,0,0.4837404
train-clinvar+pg_dms__bilstm__seed44,MSH6,P43246:360:L>W,0,0.6415562
train-clinvar+pg_dms__bilstm__seed44,MSH6,P43246:695:V>M,1,0.8204929
train-clinvar+pg_dms__bilstm__seed44,MSH6,P43246:220:G>R,0,0.374
train-clinvar+pg_dms__bilstm__seed44,MSH6,P43246:372:L>S,0,0.2609908
train-clinvar+pg_dms__bilstm__seed44,MSH6,P43246:521:Y>C,0,0.053773858
train-clinvar+pg_dms__bilstm__seed44,MSH6,P43246:646:D>Y,0,0.124491625
train-clinvar+pg_dms__bilstm__seed44,MSH6,P43246:703:S>F,1,0.65475434
train-clinvar+pg_dms__bilstm__seed44,MSH6,P43246:751:G>E,1,0.89302176
train-clinvar+pg_dms__bilstm__seed44,MSH6,P40692:684:Y>D,1,0.87406784
train-clinvar+pg_dms__bilstm__seed44,MSH6,P43246:29:K>N,0,0.29873195
train-clinvar+pg_dms__bilstm__seed44,MSH6,P43246:91:D>N,0,0.026580434
train-clinvar+pg_dms__bilstm__seed44,MSH6,P43246:91:D>G,0,0.17170066
train-clinvar+pg_dms__bilstm__seed44,MSH6,P43246:209:D>H,0,0.05650043
train-clinvar+pg_dms__bilstm__seed44,MSH6,P43246:521:Y>D,1,0.7989106
train-clinvar+pg_dms__bilstm__seed44,MSH6,P43246:646:D>V,0,0.13981578
train-clinvar+pg_dms__bilstm__seed44,MSH6,P43246:711:R>P,1,0.8416064
train-clinvar+pg_dms__bilstm__seed44,MSH6,P40692:127:R>T,1,0.62326175
train-clinvar+pg_dms__bilstm__seed44,MSH6,P43246:501:R>G,0,0.061624546
train-clinvar+pg_dms__bilstm__seed44,MSH6,P43246:245:L>W,0,0.70352995
train-clinvar+pg_dms__bilstm__seed44,MSH6,P43246:433:L>F,0,0.08620439
train-clinvar+pg_dms__bilstm__seed44,MSH6,P43246:574:Q>H,1,0.68908924
train-clinvar+pg_dms__bilstm__seed44,MSH6,P43246:670:P>T,0,0.5628021
train-clinvar+pg_dms__bilstm__seed44,MSH6,P43246:156:D>H,0,0.07335918
train-clinvar+pg_dms__bilstm__seed44,MSH6,P43246:230:A>D,1,0.3730999
train-clinvar+pg_dms__bilstm__seed44,MSH6,P43246:132:E>V,0,0.2846121
train-clinvar+pg_dms__bilstm__seed44,MSH6,P43246:221:G>E,0,0.09004304
train-clinvar+pg_dms__bilstm__seed44,MSH6,P43246:346:I>V,0,0.16539751
train-clinvar+pg_dms__bilstm__seed44,MSH6,P43246:739:A>T,0,0.5809997
train-clinvar+pg_dms__bilstm__seed44,MSH6,P43246:438:T>P,0,0.065344915
train-clinvar+pg_dms__bilstm__seed44,MSH6,P40692:35:M>K,1,0.8566936
train-clinvar+pg_dms__bilstm__seed44,MSH6,P43246:690:Q>H,0,0.6294956
train-clinvar+pg_dms__bilstm__seed44,MSH6,P43246:695:V>A,0,0.6953663
train-clinvar+pg_dms__bilstm__seed44,MSH6,P43246:287:G>R,0,0.054676406
train-clinvar+pg_dms__bilstm__seed44,MSH6,P43246:455:E>Q,0,0.1418834
train-clinvar+pg_dms__bilstm__seed44,MSH6,P43246:372:L>F,0,0.13107939
train-clinvar+pg_dms__bilstm__seed44,MSH6,P43246:592:M>T,0,0.106145196
train-clinvar+pg_dms__bilstm__seed44,MSH6,P43246:594:T>A,0,0.027326299
train-clinvar+pg_dms__bilstm__seed44,MSH6,P43246:771:A>T,0,0.1245735
train-clinvar+pg_dms__bilstm__seed44,MSH6,P43246:652:P>S,0,0.08172466
train-clinvar+pg_dms__bilstm__seed44,MSH6,P43246:378:E>K,0,0.08130145
train-clinvar+pg_dms__bilstm__seed44,MSH6,P43246:91:D>Y,0,0.030060569
train-clinvar+pg_dms__bilstm__seed44,MSH6,P43246:582:V>L,0,0.16425951
train-clinvar+pg_dms__bilstm__seed44,MSH6,P43246:277:L>S,0,0.40076792
train-clinvar+pg_dms__bilstm__seed44,MSH6,P43246:652:P>L,0,0.20815037
train-clinvar+pg_dms__bilstm__seed44,MSH6,P43246:316:S>T,0,0.0736462
train-clinvar+pg_dms__bilstm__seed44,MSH6,P43246:366:F>L,0,0.51787525
train-clinvar+pg_dms__bilstm__seed44,MSH6,P43246:207:A>V,0,0.07497436
train-clinvar+pg_dms__bilstm__seed44,MSH6,P43246:159:R>K,0,0.047287926
train-clinvar+pg_dms__bilstm__seed44,MSH6,P43246:383:R>L,0,0.16903651
train-clinvar+pg_dms__bilstm__seed44,MSH6,P43246:438:T>S,1,0.06957722
train-clinvar+pg_dms__bilstm__seed44,MSH6,P43246:67:M>R,0,0.23012504
train-clinvar+pg_dms__bilstm__seed44,MSH6,P43246:92:L>P,0,0.6985151
train-clinvar+pg_dms__bilstm__seed44,MSH6,P43246:120:A>T,0,0.039267644
train-clinvar+pg_dms__bilstm__seed44,MSH6,P43246:432:L>W,0,0.6297493
train-clinvar+pg_dms__bilstm__seed44,MSH6,P43246:182:D>E,0,0.02032856
train-clinvar+pg_dms__bilstm__seed44,MSH6,P43246:137:G>V,0,0.040649734
train-clinvar+pg_dms__bilstm__seed44,MSH6,P43246:409:Q>R,0,0.15203732
train-clinvar+pg_dms__bilstm__seed44,MSH6,P43246:161:V>F,0,0.19439916
train-clinvar+pg_dms__bilstm__seed44,MSH6,P43246:262:E>K,0,0.10281747
train-clinvar+pg_dms__bilstm__seed44,MSH6,P43246:500:A>V,0,0.66030043
train-clinvar+pg_dms__bilstm__seed44,MSH6,P43246:527:C>Y,0,0.16751161
train-clinvar+pg_dms__bilstm__seed44,MSH6,P43246:582:V>I,1,0.11776415
train-clinvar+pg_dms__bilstm__seed44,MSH6,P43246:603:D>Y,1,0.6700482
train-clinvar+pg_dms__bilstm__seed44,MSH6,P43246:690:Q>K,1,0.8459593
train-clinvar+pg_dms__bilstm__seed44,MSH6,P43246:727:A>T,0,0.04962488
train-clinvar+pg_dms__bilstm__seed44,MSH6,P43246:875:L>V,0,0.022930846
train-clinvar+pg_dms__bilstm__seed44,MSH6,P43246:9:L>P,0,0.12966743
train-clinvar+pg_dms__bilstm__seed44,MSH6,P43246:638:R>K,0,0.64344144
train-clinvar+pg_dms__bilstm__seed44,MSH6,P43246:695:V>L,0,0.67107606
train-clinvar+pg_dms__bilstm__seed44,MSH6,P43246:339:Q>R,0,0.025599452
train-clinvar+pg_dms__bilstm__seed44,MSH6,P43246:117:W>R,0,0.44428867
train-clinvar+pg_dms__bilstm__seed44,MSH6,P43246:771:A>E,0,0.8666186
train-clinvar+pg_dms__bilstm__seed44,MSH6,P43246:739:A>V,0,0.7279048
train-clinvar+pg_dms__bilstm__seed44,MSH6,P43246:281:S>L,0,0.08469506
train-clinvar+pg_dms__bilstm__seed44,MSH6,P43246:460:M>I,0,0.1939035
train-clinvar+pg_dms__bilstm__seed44,MSH6,P43246:161:V>G,1,0.41371712
train-clinvar+pg_dms__bilstm__seed44,MSH6,P43246:156:D>G,0,0.05003932
train-clinvar+pg_dms__bilstm__seed44,MSH6,P43246:646:D>E,0,0.060111053
train-clinvar+pg_dms__bilstm__seed44,MSH6,P43246:316:S>C,0,0.06556589
train-clinvar+pg_dms__bilstm__seed44,MSH6,P43246:508:G>D,0,0.3032285
train-clinvar+pg_dms__bilstm__seed44,MSH6,P43246:4:Q>R,0,0.09781672
train-clinvar+pg_dms__bilstm__seed44,MSH6,P43246:589:V>L,0,0.06013551
train-clinvar+pg_dms__bilstm__seed44,MSH6,P43246:209:D>Y,0,0.07939568
train-clinvar+pg_dms__bilstm__seed44,MSH6,P43246:4:Q>H,0,0.13509476
train-clinvar+pg_dms__bilstm__seed44,MSH6,P43246:4:Q>D,0,0.21295428
train-clinvar+pg_dms__bilstm__seed44,MSH6,P43246:4:Q>G,0,0.10766275
train-clinvar+pg_dms__bilstm__seed44,MSH6,P43246:4:Q>W,0,0.24925233
train-clinvar+pg_dms__bilstm__seed44,MSH6,P43246:4:Q>Y,0,0.16273165
train-clinvar+pg_dms__bilstm__seed44,MSH6,P43246:4:Q>V,0,0.104913846
train-clinvar+pg_dms__bilstm__seed44,MSH6,P43246:4:Q>T,0,0.08552104
train-clinvar+pg_dms__bilstm__seed44,MSH6,P43246:4:Q>C,0,0.1649777
train-clinvar+pg_dms__bilstm__seed44,MSH6,P43246:4:Q>A,0,0.08328659
train-clinvar+pg_dms__bilstm__seed44,MSH6,P43246:4:Q>K,0,0.09803607
train-clinvar+pg_dms__bilstm__seed44,MSH6,P43246:4:Q>L,0,0.08439615
train-clinvar+pg_dms__bilstm__seed44,MSH6,P43246:4:Q>M,0,0.15123959
train-clinvar+pg_dms__bilstm__seed44,MSH6,P43246:4:Q>P,0,0.116623335
train-clinvar+pg_dms__bilstm__seed44,MSH6,P43246:4:Q>S,0,0.085345276
train-clinvar+pg_dms__bilstm__seed44,MSH6,P43246:4:Q>I,0,0.124128856
train-clinvar+pg_dms__bilstm__seed44,MSH6,P43246:7:E>Y,0,0.18780349
train-clinvar+pg_dms__bilstm__seed44,MSH6,P43246:7:E>W,0,0.2537503
train-clinvar+pg_dms__bilstm__seed44,MSH6,P43246:7:E>V,0,0.12892143
train-clinvar+pg_dms__bilstm__seed44,MSH6,P43246:7:E>T,0,0.11690973
train-clinvar+pg_dms__bilstm__seed44,MSH6,P43246:7:E>R,0,0.16517144
train-clinvar+pg_dms__bilstm__seed44,MSH6,P43246:7:E>Q,0,0.09194729
train-clinvar+pg_dms__bilstm__seed44,MSH6,P43246:7:E>D,0,0.106524624
train-clinvar+pg_dms__bilstm__seed44,MSH6,P43246:7:E>H,0,0.1868177
train-clinvar+pg_dms__bilstm__seed44,MSH6,P43246:7:E>G,0,0.09136267
train-clinvar+pg_dms__bilstm__seed44,MSH6,P43246:7:E>I,0,0.182683
train-clinvar+pg_dms__bilstm__seed44,MSH6,P43246:7:E>K,0,0.15957628
train-clinvar+pg_dms__bilstm__seed44,MSH6,P43246:7:E>L,0,0.16413915
train-clinvar+pg_dms__bilstm__seed44,MSH6,P43246:7:E>N,0,0.12476866
train-clinvar+pg_dms__bilstm__seed44,MSH6,P43246:7:E>C,0,0.17528978
train-clinvar+pg_dms__bilstm__seed44,MSH6,P43246:7:E>P,0,0.16611645
train-clinvar+pg_dms__bilstm__seed44,MSH6,P43246:7:E>F,0,0.19575006
train-clinvar+pg_dms__bilstm__seed44,MSH6,P43246:7:E>S,0,0.09921026
train-clinvar+pg_dms__bilstm__seed44,MSH6,P43246:7:E>A,0,0.087281436
train-clinvar+pg_dms__bilstm__seed44,MSH6,P43246:9:L>D,0,0.28444132
train-clinvar+pg_dms__bilstm__seed44,MSH6,P43246:9:L>C,0,0.12527157
train-clinvar+pg_dms__bilstm__seed44,MSH6,P43246:9:L>A,0,0.08651557
train-clinvar+pg_dms__bilstm__seed44,MSH6,P43246:9:L>E,0,0.16758117
train-clinvar+pg_dms__bilstm__seed44,MSH6,P43246:9:L>F,0,0.0680101
train-clinvar+pg_dms__bilstm__seed44,MSH6,P43246:9:L>G,0,0.13004753
train-clinvar+pg_dms__bilstm__seed44,MSH6,P43246:9:L>Y,0,0.1123545
train-clinvar+pg_dms__bilstm__seed44,MSH6,P43246:9:L>S,0,0.1050476
train-clinvar+pg_dms__bilstm__seed44,MSH6,P43246:9:L>R,0,0.1159014
train-clinvar+pg_dms__bilstm__seed44,MSH6,P43246:9:L>M,0,0.10507091
train-clinvar+pg_dms__bilstm__seed44,MSH6,P43246:9:L>W,0,0.13928166
train-clinvar+pg_dms__bilstm__seed44,MSH6,P43246:9:L>V,0,0.076854795
train-clinvar+pg_dms__bilstm__seed44,MSH6,P43246:9:L>T,0,0.09316974
train-clinvar+pg_dms__bilstm__seed44,MSH6,P43246:9:L>Q,0,0.08595577
train-clinvar+pg_dms__bilstm__seed44,MSH6,P43246:9:L>I,0,0.07369297
train-clinvar+pg_dms__bilstm__seed44,MSH6,P43246:9:L>K,0,0.16633637
train-clinvar+pg_dms__bilstm__seed44,MSH6,P43246:9:L>H,0,0.13217726
train-clinvar+pg_dms__bilstm__seed44,MSH6,P43246:9:L>N,0,0.14572243
train-clinvar+pg_dms__bilstm__seed44,MSH6,P43246:13:S>Q,0,0.085915186
train-clinvar+pg_dms__bilstm__seed44,MSH6,P43246:13:S>P,0,0.07496903
train-clinvar+pg_dms__bilstm__seed44,MSH6,P43246:13:S>N,0,0.098938085
train-clinvar+pg_dms__bilstm__seed44,MSH6,P43246:13:S>M,0,0.09698728
train-clinvar+pg_dms__bilstm__seed44,MSH6,P43246:13:S>L,0,0.06086572
train-clinvar+pg_dms__bilstm__seed44,MSH6,P43246:13:S>K,0,0.16834275
train-clinvar+pg_dms__bilstm__seed44,MSH6,P43246:13:S>G,0,0.050455734
train-clinvar+pg_dms__bilstm__seed44,MSH6,P43246:13:S>H,0,0.08890517
train-clinvar+pg_dms__bilstm__seed44,MSH6,P43246:13:S>F,0,0.07748817
train-clinvar+pg_dms__bilstm__seed44,MSH6,P43246:13:S>D,0,0.11718552
train-clinvar+pg_dms__bilstm__seed44,MSH6,P43246:13:S>C,0,0.044803027
train-clinvar+pg_dms__bilstm__seed44,MSH6,P43246:13:S>A,0,0.04645273
train-clinvar+pg_dms__bilstm__seed44,MSH6,P43246:13:S>I,0,0.094341986
train-clinvar+pg_dms__bilstm__seed44,MSH6,P43246:13:S>T,0,0.05672376
train-clinvar+pg_dms__bilstm__seed44,MSH6,P43246:13:S>E,0,0.11594172
train-clinvar+pg_dms__bilstm__seed44,MSH6,P43246:13:S>W,0,0.1664041
train-clinvar+pg_dms__bilstm__seed44,MSH6,P43246:13:S>Y,0,0.0787866
train-clinvar+pg_dms__bilstm__seed44,MSH6,P43246:13:S>V,0,0.06799422
train-clinvar+pg_dms__bilstm__seed44,MSH6,P43246:18:G>F,0,0.1618244
train-clinvar+pg_dms__bilstm__seed44,MSH6,P43246:18:G>N,0,0.12267206
train-clinvar+pg_dms__bilstm__seed44,MSH6,P43246:18:G>M,1,0.25388896
train-clinvar+pg_dms__bilstm__seed44,MSH6,P43246:18:G>L,0,0.14347985
train-clinvar+pg_dms__bilstm__seed44,MSH6,P43246:18:G>K,0,0.25500444
train-clinvar+pg_dms__bilstm__seed44,MSH6,P43246:18:G>I,0,0.15028802
train-clinvar+pg_dms__bilstm__seed44,MSH6,P43246:18:G>H,0,0.20408669
train-clinvar+pg_dms__bilstm__seed44,MSH6,P43246:18:G>E,0,0.21888512
train-clinvar+pg_dms__bilstm__seed44,MSH6,P43246:18:G>V,0,0.14817074
train-clinvar+pg_dms__bilstm__seed44,MSH6,P43246:18:G>S,0,0.03873466
train-clinvar+pg_dms__bilstm__seed44,MSH6,P43246:18:G>T,0,0.05601453
train-clinvar+pg_dms__bilstm__seed44,MSH6,P43246:18:G>D,0,0.29718167
train-clinvar+pg_dms__bilstm__seed44,MSH6,P43246:18:G>W,0,0.25145224
train-clinvar+pg_dms__bilstm__seed44,MSH6,P43246:18:G>Y,0,0.16478153
train-clinvar+pg_dms__bilstm__seed44,MSH6,P43246:18:G>C,0,0.114802055
train-clinvar+pg_dms__bilstm__seed44,MSH6,P43246:18:G>Q,0,0.16555203
train-clinvar+pg_dms__bilstm__seed44,MSH6,P43246:18:G>R,0,0.20534897
train-clinvar+pg_dms__bilstm__seed44,MSH6,P43246:18:G>P,0,0.25408858
train-clinvar+pg_dms__bilstm__seed44,MSH6,P43246:18:G>A,0,0.042494427
train-clinvar+pg_dms__bilstm__seed44,MSH6,P43246:22:F>I,0,0.24399601
train-clinvar+pg_dms__bilstm__seed44,MSH6,P43246:22:F>H,0,0.20381089
train-clinvar+pg_dms__bilstm__seed44,MSH6,P43246:22:F>G,0,0.26835477
train-clinvar+pg_dms__bilstm__seed44,MSH6,P43246:22:F>K,0,0.36717921
train-clinvar+pg_dms__bilstm__seed44,MSH6,P43246:22:F>C,0,0.08473314
train-clinvar+pg_dms__bilstm__seed44,MSH6,P43246:22:F>A,0,0.15780555
train-clinvar+pg_dms__bilstm__seed44,MSH6,P43246:22:F>D,0,0.41461042
train-clinvar+pg_dms__bilstm__seed44,MSH6,P43246:22:F>E,0,0.35255027
train-clinvar+pg_dms__bilstm__seed44,MSH6,P43246:22:F>N,0,0.26425976
train-clinvar+pg_dms__bilstm__seed44,MSH6,P43246:22:F>P,0,0.49508083
train-clinvar+pg_dms__bilstm__seed44,MSH6,P43246:22:F>Q,0,0.26146984
train-clinvar+pg_dms__bilstm__seed44,MSH6,P43246:22:F>Y,0,0.05573568
train-clinvar+pg_dms__bilstm__seed44,MSH6,P43246:22:F>W,0,0.2459531
train-clinvar+pg_dms__bilstm__seed44,MSH6,P43246:22:F>V,0,0.16569085
train-clinvar+pg_dms__bilstm__seed44,MSH6,P43246:22:F>T,0,0.18415448
train-clinvar+pg_dms__bilstm__seed44,MSH6,P43246:22:F>M,0,0.33853534
train-clinvar+pg_dms__bilstm__seed44,MSH6,P43246:22:F>R,0,0.30199254
train-clinvar+pg_dms__bilstm__seed44,MSH6,P43246:22:F>S,0,0.15927671
train-clinvar+pg_dms__bilstm__seed44,MSH6,P43246:29:K>Q,0,0.20148917
train-clinvar+pg_dms__bilstm__seed44,MSH6,P43246:29:K>S,0,0.22257388
train-clinvar+pg_dms__bilstm__seed44,MSH6,P43246:29:K>T,0,0.17839943
train-clinvar+pg_dms__bilstm__seed44,MSH6,P43246:29:K>H,0,0.23644225
train-clinvar+pg_dms__bilstm__seed44,MSH6,P43246:29:K>A,0,0.19389388
train-clinvar+pg_dms__bilstm__seed44,MSH6,P43246:29:K>P,0,0.35872382
train-clinvar+pg_dms__bilstm__seed44,MSH6,P43246:29:K>M,0,0.30708492
train-clinvar+pg_dms__bilstm__seed44,MSH6,P43246:29:K>L,0,0.21158536
train-clinvar+pg_dms__bilstm__seed44,MSH6,P43246:29:K>I,0,0.24533594
train-clinvar+pg_dms__bilstm__seed44,MSH6,P43246:29:K>R,0,0.07169181
train-clinvar+pg_dms__bilstm__seed44,MSH6,P43246:29:K>C,0,0.17622575
train-clinvar+pg_dms__bilstm__seed44,MSH6,P43246:29:K>E,0,0.28386766
train-clinvar+pg_dms__bilstm__seed44,MSH6,P43246:29:K>F,0,0.26178893
train-clinvar+pg_dms__bilstm__seed44,MSH6,P43246:29:K>G,0,0.22862859
train-clinvar+pg_dms__bilstm__seed44,MSH6,P43246:29:K>V,0,0.21074606
train-clinvar+pg_dms__bilstm__seed44,MSH6,P43246:29:K>W,0,0.3800376
train-clinvar+pg_dms__bilstm__seed44,MSH6,P43246:29:K>Y,1,0.2625543
train-clinvar+pg_dms__bilstm__seed44,MSH6,P43246:29:K>D,0,0.38005432
train-clinvar+pg_dms__bilstm__seed44,MSH6,P43246:49:D>V,1,0.50802594
train-clinvar+pg_dms__bilstm__seed44,MSH6,P43246:49:D>S,0,0.35648847
train-clinvar+pg_dms__bilstm__seed44,MSH6,P43246:49:D>R,0,0.471432
train-clinvar+pg_dms__bilstm__seed44,MSH6,P43246:49:D>Q,0,0.42965284
train-clinvar+pg_dms__bilstm__seed44,MSH6,P43246:49:D>P,0,0.6154059
train-clinvar+pg_dms__bilstm__seed44,MSH6,P43246:49:D>N,0,0.36092633
train-clinvar+pg_dms__bilstm__seed44,MSH6,P43246:49:D>M,0,0.5206641
train-clinvar+pg_dms__bilstm__seed44,MSH6,P43246:49:D>L,0,0.39409593
train-clinvar+pg_dms__bilstm__seed44,MSH6,P43246:49:D>I,0,0.45141456
train-clinvar+pg_dms__bilstm__seed44,MSH6,P43246:49:D>G,0,0.45442188
train-clinvar+pg_dms__bilstm__seed44,MSH6,P43246:49:D>F,0,0.40040445
train-clinvar+pg_dms__bilstm__seed44,MSH6,P43246:49:D>E,0,0.49731395
train-clinvar+pg_dms__bilstm__seed44,MSH6,P43246:49:D>C,0,0.33450434
train-clinvar+pg_dms__bilstm__seed44,MSH6,P43246:49:D>A,0,0.34787637
train-clinvar+pg_dms__bilstm__seed44,MSH6,P43246:49:D>W,0,0.53084636
train-clinvar+pg_dms__bilstm__seed44,MSH6,P43246:49:D>H,0,0.45495123
train-clinvar+pg_dms__bilstm__seed44,MSH6,P43246:49:D>T,0,0.3663585
train-clinvar+pg_dms__bilstm__seed44,MSH6,P43246:67:M>A,0,0.16167487
train-clinvar+pg_dms__bilstm__seed44,MSH6,P43246:67:M>K,0,0.29908392
train-clinvar+pg_dms__bilstm__seed44,MSH6,P43246:67:M>E,0,0.47777972
train-clinvar+pg_dms__bilstm__seed44,MSH6,P43246:67:M>F,0,0.075245276
train-clinvar+pg_dms__bilstm__seed44,MSH6,P43246:67:M>G,0,0.362277
train-clinvar+pg_dms__bilstm__seed44,MSH6,P43246:67:M>I,0,0.08045649
train-clinvar+pg_dms__bilstm__seed44,MSH6,P43246:67:M>L,0,0.050015494
train-clinvar+pg_dms__bilstm__seed44,MSH6,P43246:67:M>N,0,0.41840497
train-clinvar+pg_dms__bilstm__seed44,MSH6,P43246:67:M>P,0,0.65336925
train-clinvar+pg_dms__bilstm__seed44,MSH6,P43246:67:M>D,0,0.61542135
train-clinvar+pg_dms__bilstm__seed44,MSH6,P43246:67:M>S,0,0.2313064
train-clinvar+pg_dms__bilstm__seed44,MSH6,P43246:67:M>V,0,0.058925424
train-clinvar+pg_dms__bilstm__seed44,MSH6,P43246:67:M>W,0,0.25369385
train-clinvar+pg_dms__bilstm__seed44,MSH6,P43246:67:M>Y,0,0.24824701
train-clinvar+pg_dms__bilstm__seed44,MSH6,P43246:67:M>T,0,0.10787598
train-clinvar+pg_dms__bilstm__seed44,MSH6,P43246:67:M>C,0,0.21998781
train-clinvar+pg_dms__bilstm__seed44,MSH6,P43246:72:A>W,0,0.14021035
train-clinvar+pg_dms__bilstm__seed44,MSH6,P43246:72:A>V,0,0.05308433
train-clinvar+pg_dms__bilstm__seed44,MSH6,P43246:72:A>T,0,0.053829134
train-clinvar+pg_dms__bilstm__seed44,MSH6,P43246:72:A>S,0,0.05091178
train-clinvar+pg_dms__bilstm__seed44,MSH6,P43246:72:A>R,0,0.07193369
train-clinvar+pg_dms__bilstm__seed44,MSH6,P43246:72:A>Q,0,0.051514477
train-clinvar+pg_dms__bilstm__seed44,MSH6,P43246:72:A>N,0,0.05254027
train-clinvar+pg_dms__bilstm__seed44,MSH6,P43246:72:A>M,0,0.086130455
train-clinvar+pg_dms__bilstm__seed44,MSH6,P43246:72:A>L,0,0.04763394
train-clinvar+pg_dms__bilstm__seed44,MSH6,P43246:72:A>I,0,0.053257994
train-clinvar+pg_dms__bilstm__seed44,MSH6,P43246:72:A>H,0,0.07119726
train-clinvar+pg_dms__bilstm__seed44,MSH6,P43246:72:A>F,0,0.07126196
train-clinvar+pg_dms__bilstm__seed44,MSH6,P43246:72:A>D,0,0.087307535
train-clinvar+pg_dms__bilstm__seed44,MSH6,P43246:72:A>C,0,0.04190115
train-clinvar+pg_dms__bilstm__seed44,MSH6,P43246:72:A>P,0,0.07510449
train-clinvar+pg_dms__bilstm__seed44,MSH6,P43246:72:A>K,0,0.08887041
train-clinvar+pg_dms__bilstm__seed44,MSH6,P43246:72:A>E,0,0.079599716
train-clinvar+pg_dms__bilstm__seed44,MSH6,P43246:72:A>Y,0,0.060614113
train-clinvar+pg_dms__bilstm__seed44,MSH6,P43246:88:F>C,0,0.23476584
train-clinvar+pg_dms__bilstm__seed44,MSH6,P43246:88:F>Y,0,0.21435343
train-clinvar+pg_dms__bilstm__seed44,MSH6,P43246:88:F>W,0,0.49357155
train-clinvar+pg_dms__bilstm__seed44,MSH6,P43246:88:F>V,0,0.21187516
train-clinvar+pg_dms__bilstm__seed44,MSH6,P43246:88:F>T,0,0.40914053
train-clinvar+pg_dms__bilstm__seed44,MSH6,P43246:88:F>D,1,0.6612819
train-clinvar+pg_dms__bilstm__seed44,MSH6,P43246:88:F>R,0,0.6288632
train-clinvar+pg_dms__bilstm__seed44,MSH6,P43246:88:F>S,0,0.49276468
train-clinvar+pg_dms__bilstm__seed44,MSH6,P43246:88:F>G,0,0.5363358
train-clinvar+pg_dms__bilstm__seed44,MSH6,P43246:88:F>H,0,0.5414523
train-clinvar+pg_dms__bilstm__seed44,MSH6,P43246:88:F>I,0,0.2814499
train-clinvar+pg_dms__bilstm__seed44,MSH6,P43246:88:F>K,0,0.6432874
train-clinvar+pg_dms__bilstm__seed44,MSH6,P43246:88:F>L,0,0.36597687
train-clinvar+pg_dms__bilstm__seed44,MSH6,P43246:88:F>A,0,0.4510957
train-clinvar+pg_dms__bilstm__seed44,MSH6,P43246:88:F>P,0,0.7400899
train-clinvar+pg_dms__bilstm__seed44,MSH6,P43246:88:F>Q,0,0.5440493
train-clinvar+pg_dms__bilstm__seed44,MSH6,P43246:88:F>M,0,0.39836738
train-clinvar+pg_dms__bilstm__seed44,MSH6,P43246:91:D>A,0,0.057063915
train-clinvar+pg_dms__bilstm__seed44,MSH6,P43246:91:D>C,0,0.069225036
train-clinvar+pg_dms__bilstm__seed44,MSH6,P43246:91:D>H,0,0.083261475
train-clinvar+pg_dms__bilstm__seed44,MSH6,P43246:91:D>I,0,0.09357065
train-clinvar+pg_dms__bilstm__seed44,MSH6,P43246:91:D>K,0,0.12800634
train-clinvar+pg_dms__bilstm__seed44,MSH6,P43246:91:D>L,0,0.07714264
train-clinvar+pg_dms__bilstm__seed44,MSH6,P43246:91:D>W,0,0.1698412
train-clinvar+pg_dms__bilstm__seed44,MSH6,P43246:91:D>P,0,0.17856048
train-clinvar+pg_dms__bilstm__seed44,MSH6,P43246:91:D>Q,0,0.07702849
train-clinvar+pg_dms__bilstm__seed44,MSH6,P43246:91:D>R,0,0.09790129
train-clinvar+pg_dms__bilstm__seed44,MSH6,P43246:91:D>S,0,0.03242522
train-clinvar+pg_dms__bilstm__seed44,MSH6,P43246:91:D>T,0,0.055830736
train-clinvar+pg_dms__bilstm__seed44,MSH6,P43246:91:D>V,0,0.16030927
train-clinvar+pg_dms__bilstm__seed44,MSH6,P43246:91:D>M,0,0.17676033
train-clinvar+pg_dms__bilstm__seed44,MSH6,P43246:92:L>D,0,0.62639314
train-clinvar+pg_dms__bilstm__seed44,MSH6,P43246:92:L>C,0,0.1845619
train-clinvar+pg_dms__bilstm__seed44,MSH6,P43246:92:L>E,0,0.5488241
train-clinvar+pg_dms__bilstm__seed44,MSH6,P43246:92:L>A,0,0.25895074
train-clinvar+pg_dms__bilstm__seed44,MSH6,P43246:92:L>W,0,0.5934427
train-clinvar+pg_dms__bilstm__seed44,MSH6,P43246:92:L>V,0,0.17415889
train-clinvar+pg_dms__bilstm__seed44,MSH6,P43246:92:L>S,0,0.40605515
train-clinvar+pg_dms__bilstm__seed44,MSH6,P43246:92:L>R,0,0.5365556
train-clinvar+pg_dms__bilstm__seed44,MSH6,P43246:92:L>T,0,0.2911258
train-clinvar+pg_dms__bilstm__seed44,MSH6,P43246:92:L>N,0,0.52109283
train-clinvar+pg_dms__bilstm__seed44,MSH6,P43246:92:L>M,0,0.20173436
train-clinvar+pg_dms__bilstm__seed44,MSH6,P43246:92:L>K,0,0.6061186
train-clinvar+pg_dms__bilstm__seed44,MSH6,P43246:92:L>H,0,0.5343827
train-clinvar+pg_dms__bilstm__seed44,MSH6,P43246:92:L>G,0,0.46695447
train-clinvar+pg_dms__bilstm__seed44,MSH6,P43246:92:L>Q,0,0.47660878
train-clinvar+pg_dms__bilstm__seed44,MSH6,P43246:97:Q>P,0,0.18955868
train-clinvar+pg_dms__bilstm__seed44,MSH6,P43246:97:Q>Y,0,0.10794655
train-clinvar+pg_dms__bilstm__seed44,MSH6,P43246:97:Q>W,0,0.21719712
train-clinvar+pg_dms__bilstm__seed44,MSH6,P43246:97:Q>V,0,0.121433154
train-clinvar+pg_dms__bilstm__seed44,MSH6,P43246:97:Q>T,0,0.05568931
train-clinvar+pg_dms__bilstm__seed44,MSH6,P43246:97:Q>S,0,0.03647133
train-clinvar+pg_dms__bilstm__seed44,MSH6,P43246:97:Q>R,0,0.04167492
train-clinvar+pg_dms__bilstm__seed44,MSH6,P43246:97:Q>N,0,0.0517817
train-clinvar+pg_dms__bilstm__seed44,MSH6,P43246:97:Q>D,0,0.16866675
train-clinvar+pg_dms__bilstm__seed44,MSH6,P43246:97:Q>L,0,0.045361552
train-clinvar+pg_dms__bilstm__seed44,MSH6,P43246:97:Q>K,0,0.05654892
train-clinvar+pg_dms__bilstm__seed44,MSH6,P43246:97:Q>I,0,0.15990302
train-clinvar+pg_dms__bilstm__seed44,MSH6,P43246:97:Q>G,0,0.04630086
train-clinvar+pg_dms__bilstm__seed44,MSH6,P43246:97:Q>F,0,0.15092053
train-clinvar+pg_dms__bilstm__seed44,MSH6,P43246:97:Q>E,0,0.08027464
train-clinvar+pg_dms__bilstm__seed44,MSH6,P43246:97:Q>C,0,0.08309392
train-clinvar+pg_dms__bilstm__seed44,MSH6,P43246:97:Q>A,0,0.046110045
train-clinvar+pg_dms__bilstm__seed44,MSH6,P43246:97:Q>M,0,0.13516746
train-clinvar+pg_dms__bilstm__seed44,MSH6,P43246:103:Y>W,0,0.1433898
train-clinvar+pg_dms__bilstm__seed44,MSH6,P43246:103:Y>A,0,0.51621944
train-clinvar+pg_dms__bilstm__seed44,MSH6,P43246:103:Y>C,0,0.22928791
train-clinvar+pg_dms__bilstm__seed44,MSH6,P43246:103:Y>E,0,0.64524966
train-clinvar+pg_dms__bilstm__seed44,MSH6,P43246:103:Y>G,1,0.5609547
train-clinvar+pg_dms__bilstm__seed44,MSH6,P43246:103:Y>H,0,0.43794596
train-clinvar+pg_dms__bilstm__seed44,MSH6,P43246:103:Y>I,0,0.5469943
train-clinvar+pg_dms__bilstm__seed44,MSH6,P43246:103:Y>N,0,0.5767172
train-clinvar+pg_dms__bilstm__seed44,MSH6,P43246:103:Y>L,0,0.35291663
train-clinvar+pg_dms__bilstm__seed44,MSH6,P43246:103:Y>M,0,0.6070263
train-clinvar+pg_dms__bilstm__seed44,MSH6,P43246:103:Y>P,1,0.7844719
train-clinvar+pg_dms__bilstm__seed44,MSH6,P43246:103:Y>R,0,0.63132304
train-clinvar+pg_dms__bilstm__seed44,MSH6,P43246:103:Y>S,0,0.48782468
train-clinvar+pg_dms__bilstm__seed44,MSH6,P43246:103:Y>T,1,0.5001603
train-clinvar+pg_dms__bilstm__seed44,MSH6,P43246:103:Y>K,1,0.66912293
train-clinvar+pg_dms__bilstm__seed44,MSH6,P43246:103:Y>V,0,0.526429
train-clinvar+pg_dms__bilstm__seed44,MSH6,P43246:106:R>W,0,0.13412541
train-clinvar+pg_dms__bilstm__seed44,MSH6,P43246:106:R>C,0,0.03543322
train-clinvar+pg_dms__bilstm__seed44,MSH6,P43246:106:R>E,0,0.12844408
train-clinvar+pg_dms__bilstm__seed44,MSH6,P43246:106:R>F,0,0.15896711
train-clinvar+pg_dms__bilstm__seed44,MSH6,P43246:106:R>G,0,0.10479163
train-clinvar+pg_dms__bilstm__seed44,MSH6,P43246:106:R>H,0,0.043744095
train-clinvar+pg_dms__bilstm__seed44,MSH6,P43246:106:R>I,0,0.08595759
train-clinvar+pg_dms__bilstm__seed44,MSH6,P43246:106:R>L,0,0.05901571
train-clinvar+pg_dms__bilstm__seed44,MSH6,P43246:106:R>M,0,0.13769819
train-clinvar+pg_dms__bilstm__seed44,MSH6,P43246:106:R>P,0,0.25195104
train-clinvar+pg_dms__bilstm__seed44,MSH6,P43246:106:R>Q,0,0.031920914
train-clinvar+pg_dms__bilstm__seed44,MSH6,P43246:106:R>S,0,0.10780409
train-clinvar+pg_dms__bilstm__seed44,MSH6,P43246:106:R>T,0,0.0932384
train-clinvar+pg_dms__bilstm__seed44,MSH6,P43246:106:R>V,0,0.09465496
train-clinvar+pg_dms__bilstm__seed44,MSH6,P43246:106:R>Y,0,0.12325083
train-clinvar+pg_dms__bilstm__seed44,MSH6,P43246:106:R>A,0,0.076140046
train-clinvar+pg_dms__bilstm__seed44,MSH6,P43246:106:R>N,0,0.17866124
train-clinvar+pg_dms__bilstm__seed44,MSH6,P43246:117:W>Y,0,0.27725923
train-clinvar+pg_dms__bilstm__seed44,MSH6,P43246:117:W>V,0,0.38327745
train-clinvar+pg_dms__bilstm__seed44,MSH6,P43246:117:W>T,0,0.29911762
train-clinvar+pg_dms__bilstm__seed44,MSH6,P43246:117:W>Q,0,0.36315617
train-clinvar+pg_dms__bilstm__seed44,MSH6,P43246:117:W>M,0,0.45094526
train-clinvar+pg_dms__bilstm__seed44,MSH6,P43246:117:W>L,0,0.3350618
train-clinvar+pg_dms__bilstm__seed44,MSH6,P43246:117:W>K,0,0.47992188
train-clinvar+pg_dms__bilstm__seed44,MSH6,P43246:117:W>I,0,0.37614992
train-clinvar+pg_dms__bilstm__seed44,MSH6,P43246:117:W>A,0,0.30165428
train-clinvar+pg_dms__bilstm__seed44,MSH6,P43246:117:W>H,0,0.37351397
train-clinvar+pg_dms__bilstm__seed44,MSH6,P43246:117:W>F,0,0.14866272
train-clinvar+pg_dms__bilstm__seed44,MSH6,P43246:117:W>P,0,0.5999873
train-clinvar+pg_dms__bilstm__seed44,MSH6,P43246:120:A>E,0,0.24420865
train-clinvar+pg_dms__bilstm__seed44,MSH6,P43246:120:A>D,0,0.2629772
train-clinvar+pg_dms__bilstm__seed44,MSH6,P43246:120:A>C,0,0.060678035
train-clinvar+pg_dms__bilstm__seed44,MSH6,P43246:120:A>F,0,0.10954065
train-clinvar+pg_dms__bilstm__seed44,MSH6,P43246:120:A>G,0,0.058747135
train-clinvar+pg_dms__bilstm__seed44,MSH6,P43246:120:A>Y,0,0.17623532
train-clinvar+pg_dms__bilstm__seed44,MSH6,P43246:120:A>H,0,0.19998299
train-clinvar+pg_dms__bilstm__seed44,MSH6,P43246:120:A>I,0,0.077998884
train-clinvar+pg_dms__bilstm__seed44,MSH6,P43246:120:A>K,0,0.36810833
train-clinvar+pg_dms__bilstm__seed44,MSH6,P43246:120:A>L,0,0.062836714
train-clinvar+pg_dms__bilstm__seed44,MSH6,P43246:120:A>M,0,0.1319401
train-clinvar+pg_dms__bilstm__seed44,MSH6,P43246:120:A>N,0,0.114130706
train-clinvar+pg_dms__bilstm__seed44,MSH6,P43246:120:A>P,0,0.5180767
train-clinvar+pg_dms__bilstm__seed44,MSH6,P43246:120:A>Q,0,0.11572419
train-clinvar+pg_dms__bilstm__seed44,MSH6,P43246:120:A>R,0,0.29738832
train-clinvar+pg_dms__bilstm__seed44,MSH6,P43246:120:A>S,0,0.0335947
train-clinvar+pg_dms__bilstm__seed44,MSH6,P43246:120:A>W,0,0.4100265
train-clinvar+pg_dms__bilstm__seed44,MSH6,P43246:120:A>V,0,0.10353341
train-clinvar+pg_dms__bilstm__seed44,MSH6,P43246:128:L>C,0,0.49151292
train-clinvar+pg_dms__bilstm__seed44,MSH6,P43246:128:L>A,0,0.51572984
train-clinvar+pg_dms__bilstm__seed44,MSH6,P43246:128:L>N,0,0.66920805
train-clinvar+pg_dms__bilstm__seed44,MSH6,P43246:128:L>M,0,0.26218334
train-clinvar+pg_dms__bilstm__seed44,MSH6,P43246:128:L>K,0,0.74616253
train-clinvar+pg_dms__bilstm__seed44,MSH6,P43246:128:L>I,0,0.13963228
train-clinvar+pg_dms__bilstm__seed44,MSH6,P43246:128:L>F,0,0.3390628
train-clinvar+pg_dms__bilstm__seed44,MSH6,P43246:128:L>Y,0,0.59398663
train-clinvar+pg_dms__bilstm__seed44,MSH6,P43246:128:L>W,0,0.6906945
train-clinvar+pg_dms__bilstm__seed44,MSH6,P43246:128:L>P,0,0.8267553
train-clinvar+pg_dms__bilstm__seed44,MSH6,P43246:128:L>T,0,0.3793436
train-clinvar+pg_dms__bilstm__seed44,MSH6,P43246:128:L>S,0,0.5964314
train-clinvar+pg_dms__bilstm__seed44,MSH6,P43246:128:L>R,0,0.3736994
train-clinvar+pg_dms__bilstm__seed44,MSH6,P43246:128:L>Q,0,0.600438
train-clinvar+pg_dms__bilstm__seed44,MSH6,P43246:128:L>G,0,0.631261
train-clinvar+pg_dms__bilstm__seed44,MSH6,P43246:128:L>H,0,0.64205676
train-clinvar+pg_dms__bilstm__seed44,MSH6,P43246:128:L>E,0,0.7374288
train-clinvar+pg_dms__bilstm__seed44,MSH6,P43246:128:L>V,0,0.18399917
train-clinvar+pg_dms__bilstm__seed44,MSH6,P43246:129:S>A,0,0.030236496
train-clinvar+pg_dms__bilstm__seed44,MSH6,P43246:129:S>C,1,0.07714804
train-clinvar+pg_dms__bilstm__seed44,MSH6,P43246:129:S>D,0,0.34226236
train-clinvar+pg_dms__bilstm__seed44,MSH6,P43246:129:S>F,0,0.04847287
train-clinvar+pg_dms__bilstm__seed44,MSH6,P43246:129:S>G,0,0.03905954
train-clinvar+pg_dms__bilstm__seed44,MSH6,P43246:129:S>H,0,0.14056464
train-clinvar+pg_dms__bilstm__seed44,MSH6,P43246:129:S>I,0,0.053148866
train-clinvar+pg_dms__bilstm__seed44,MSH6,P43246:129:S>P,0,0.31609625
train-clinvar+pg_dms__bilstm__seed44,MSH6,P43246:129:S>L,0,0.034185413
train-clinvar+pg_dms__bilstm__seed44,MSH6,P43246:129:S>N,0,0.056001727
train-clinvar+pg_dms__bilstm__seed44,MSH6,P43246:129:S>Q,0,0.12487418
train-clinvar+pg_dms__bilstm__seed44,MSH6,P43246:129:S>R,0,0.3196464
train-clinvar+pg_dms__bilstm__seed44,MSH6,P43246:129:S>T,0,0.029127486
train-clinvar+pg_dms__bilstm__seed44,MSH6,P43246:129:S>V,0,0.054421164
train-clinvar+pg_dms__bilstm__seed44,MSH6,P43246:129:S>Y,0,0.05539035
train-clinvar+pg_dms__bilstm__seed44,MSH6,P43246:129:S>K,0,0.43116134
train-clinvar+pg_dms__bilstm__seed44,MSH6,P43246:129:S>W,0,0.21044065
train-clinvar+pg_dms__bilstm__seed44,MSH6,P43246:132:E>C,0,0.14340933
train-clinvar+pg_dms__bilstm__seed44,MSH6,P43246:132:E>W,0,0.33026308
train-clinvar+pg_dms__bilstm__seed44,MSH6,P43246:132:E>D,0,0.14618395
train-clinvar+pg_dms__bilstm__seed44,MSH6,P43246:132:E>F,0,0.20690432
train-clinvar+pg_dms__bilstm__seed44,MSH6,P43246:132:E>G,0,0.12889645
train-clinvar+pg_dms__bilstm__seed44,MSH6,P43246:132:E>H,0,0.21460766
train-clinvar+pg_dms__bilstm__seed44,MSH6,P43246:132:E>I,0,0.24099404
train-clinvar+pg_dms__bilstm__seed44,MSH6,P43246:132:E>K,0,0.24525529
train-clinvar+pg_dms__bilstm__seed44,MSH6,P43246:132:E>A,0,0.12848975
train-clinvar+pg_dms__bilstm__seed44,MSH6,P43246:132:E>L,0,0.19632608
train-clinvar+pg_dms__bilstm__seed44,MSH6,P43246:132:E>N,0,0.20921727
train-clinvar+pg_dms__bilstm__seed44,MSH6,P43246:132:E>P,0,0.4435385
train-clinvar+pg_dms__bilstm__seed44,MSH6,P43246:132:E>Q,0,0.10034662
train-clinvar+pg_dms__bilstm__seed44,MSH6,P43246:132:E>R,0,0.21690921
train-clinvar+pg_dms__bilstm__seed44,MSH6,P43246:132:E>T,0,0.1498432
train-clinvar+pg_dms__bilstm__seed44,MSH6,P43246:132:E>M,0,0.30426586
train-clinvar+pg_dms__bilstm__seed44,MSH6,P43246:132:E>S,0,0.0933624
train-clinvar+pg_dms__bilstm__seed44,MSH6,P43246:135:L>V,0,0.17069693
train-clinvar+pg_dms__bilstm__seed44,MSH6,P43246:135:L>T,0,0.34175998
train-clinvar+pg_dms__bilstm__seed44,MSH6,P43246:135:L>S,0,0.39321268
train-clinvar+pg_dms__bilstm__seed44,MSH6,P43246:135:L>R,0,0.4823868
train-clinvar+pg_dms__bilstm__seed44,MSH6,P43246:135:L>Q,0,0.4302709
train-clinvar+pg_dms__bilstm__seed44,MSH6,P43246:135:L>P,0,0.63759416
train-clinvar+pg_dms__bilstm__seed44,MSH6,P43246:135:L>N,0,0.47751614
train-clinvar+pg_dms__bilstm__seed44,MSH6,P43246:135:L>H,0,0.46810332
train-clinvar+pg_dms__bilstm__seed44,MSH6,P43246:135:L>I,0,0.07876646
train-clinvar+pg_dms__bilstm__seed44,MSH6,P43246:135:L>W,0,0.5281467
train-clinvar+pg_dms__bilstm__seed44,MSH6,P43246:135:L>Y,0,0.4300219
train-clinvar+pg_dms__bilstm__seed44,MSH6,P43246:135:L>G,0,0.42265832
train-clinvar+pg_dms__bilstm__seed44,MSH6,P43246:135:L>M,0,0.27171707
train-clinvar+pg_dms__bilstm__seed44,MSH6,P43246:135:L>D,0,0.5736578
train-clinvar+pg_dms__bilstm__seed44,MSH6,P43246:135:L>E,0,0.4941755
train-clinvar+pg_dms__bilstm__seed44,MSH6,P43246:135:L>F,0,0.27102408
train-clinvar+pg_dms__bilstm__seed44,MSH6,P43246:135:L>K,0,0.5502099
train-clinvar+pg_dms__bilstm__seed44,MSH6,P43246:135:L>A,0,0.35207164
train-clinvar+pg_dms__bilstm__seed44,MSH6,P43246:135:L>C,0,0.29376146
train-clinvar+pg_dms__bilstm__seed44,MSH6,P43246:137:G>T,0,0.027120117
train-clinvar+pg_dms__bilstm__seed44,MSH6,P43246:137:G>S,0,0.02339429
train-clinvar+pg_dms__bilstm__seed44,MSH6,P43246:137:G>D,0,0.1455513
train-clinvar+pg_dms__bilstm__seed44,MSH6,P43246:137:G>R,0,0.16003825
train-clinvar+pg_dms__bilstm__seed44,MSH6,P43246:137:G>P,0,0.20783424
train-clinvar+pg_dms__bilstm__seed44,MSH6,P43246:137:G>N,0,0.052200142
train-clinvar+pg_dms__bilstm__seed44,MSH6,P43246:137:G>M,0,0.1300728
train-clinvar+pg_dms__bilstm__seed44,MSH6,P43246:137:G>L,0,0.0500214
train-clinvar+pg_dms__bilstm__seed44,MSH6,P43246:137:G>K,0,0.18723235
train-clinvar+pg_dms__bilstm__seed44,MSH6,P43246:137:G>I,0,0.04941823
train-clinvar+pg_dms__bilstm__seed44,MSH6,P43246:137:G>W,0,0.15214258
train-clinvar+pg_dms__bilstm__seed44,MSH6,P43246:137:G>Q,0,0.06676519
train-clinvar+pg_dms__bilstm__seed44,MSH6,P43246:137:G>E,0,0.107658245
train-clinvar+pg_dms__bilstm__seed44,MSH6,P43246:137:G>C,0,0.021678915
train-clinvar+pg_dms__bilstm__seed44,MSH6,P43246:137:G>A,0,0.027905462
train-clinvar+pg_dms__bilstm__seed44,MSH6,P43246:137:G>H,0,0.095734134
train-clinvar+pg_dms__bilstm__seed44,MSH6,P43246:139:N>L,0,0.07571555
train-clinvar+pg_dms__bilstm__seed44,MSH6,P43246:139:N>S,0,0.059266225
train-clinvar+pg_dms__bilstm__seed44,MSH6,P43246:139:N>A,0,0.0682085
train-clinvar+pg_dms__bilstm__seed44,MSH6,P43246:139:N>C,0,0.05594565
train-clinvar+pg_dms__bilstm__seed44,MSH6,P43246:139:N>D,0,0.108282454
train-clinvar+pg_dms__bilstm__seed44,MSH6,P43246:139:N>E,0,0.1270811
train-clinvar+pg_dms__bilstm__seed44,MSH6,P43246:139:N>F,0,0.096132316
train-clinvar+pg_dms__bilstm__seed44,MSH6,P43246:139:N>G,0,0.07686176
train-clinvar+pg_dms__bilstm__seed44,MSH6,P43246:139:N>H,0,0.07503565
train-clinvar+pg_dms__bilstm__seed44,MSH6,P43246:139:N>I,0,0.078778
train-clinvar+pg_dms__bilstm__seed44,MSH6,P43246:139:N>Y,0,0.07202737
train-clinvar+pg_dms__bilstm__seed44,MSH6,P43246:139:N>W,0,0.18520373
train-clinvar+pg_dms__bilstm__seed44,MSH6,P43246:139:N>V,0,0.081274845
train-clinvar+pg_dms__bilstm__seed44,MSH6,P43246:139:N>T,0,0.063635744
train-clinvar+pg_dms__bilstm__seed44,MSH6,P43246:139:N>R,0,0.10915223
train-clinvar+pg_dms__bilstm__seed44,MSH6,P43246:139:N>K,0,0.12305316
train-clinvar+pg_dms__bilstm__seed44,MSH6,P43246:139:N>P,0,0.12638485
train-clinvar+pg_dms__bilstm__seed44,MSH6,P43246:139:N>M,0,0.11041496
train-clinvar+pg_dms__bilstm__seed44,MSH6,P43246:139:N>Q,0,0.08459287
train-clinvar+pg_dms__bilstm__seed44,MSH6,P43246:147:V>I,0,0.14414306
train-clinvar+pg_dms__bilstm__seed44,MSH6,P43246:147:V>H,1,0.7128737
train-clinvar+pg_dms__bilstm__seed44,MSH6,P43246:147:V>M,1,0.33281153
train-clinvar+pg_dms__bilstm__seed44,MSH6,P43246:147:V>F,0,0.42919576
train-clinvar+pg_dms__bilstm__seed44,MSH6,P43246:147:V>E,1,0.71864194
train-clinvar+pg_dms__bilstm__seed44,MSH6,P43246:147:V>D,1,0.76527154
train-clinvar+pg_dms__bilstm__seed44,MSH6,P43246:147:V>C,0,0.52820176
train-clinvar+pg_dms__bilstm__seed44,MSH6,P43246:147:V>A,0,0.26562852
train-clinvar+pg_dms__bilstm__seed44,MSH6,P43246:147:V>G,0,0.3739602
train-clinvar+pg_dms__bilstm__seed44,MSH6,P43246:147:V>W,1,0.7412057
train-clinvar+pg_dms__bilstm__seed44,MSH6,P43246:147:V>T,0,0.28078458
train-clinvar+pg_dms__bilstm__seed44,MSH6,P43246:147:V>S,0,0.37590387
train-clinvar+pg_dms__bilstm__seed44,MSH6,P43246:147:V>R,1,0.71159786
train-clinvar+pg_dms__bilstm__seed44,MSH6,P43246:147:V>P,0,0.812714
train-clinvar+pg_dms__bilstm__seed44,MSH6,P43246:147:V>N,0,0.64755887
train-clinvar+pg_dms__bilstm__seed44,MSH6,P43246:147:V>K,1,0.74708515
train-clinvar+pg_dms__bilstm__seed44,MSH6,P43246:147:V>L,0,0.31010973
train-clinvar+pg_dms__bilstm__seed44,MSH6,P43246:150:V>E,1,0.76182157
train-clinvar+pg_dms__bilstm__seed44,MSH6,P43246:150:V>D,1,0.8091095
train-clinvar+pg_dms__bilstm__seed44,MSH6,P43246:150:V>H,1,0.71541274
train-clinvar+pg_dms__bilstm__seed44,MSH6,P43246:150:V>K,1,0.7742265
train-clinvar+pg_dms__bilstm__seed44,MSH6,P43246:150:V>L,0,0.12714368
train-clinvar+pg_dms__bilstm__seed44,MSH6,P43246:150:V>M,0,0.21601151
train-clinvar+pg_dms__bilstm__seed44,MSH6,P43246:150:V>C,0,0.4562304
train-clinvar+pg_dms__bilstm__seed44,MSH6,P43246:150:V>A,0,0.38712427
train-clinvar+pg_dms__bilstm__seed44,MSH6,P43246:150:V>N,1,0.70405257
train-clinvar+pg_dms__bilstm__seed44,MSH6,P43246:150:V>G,1,0.51905054
train-clinvar+pg_dms__bilstm__seed44,MSH6,P43246:150:V>F,0,0.16937368
train-clinvar+pg_dms__bilstm__seed44,MSH6,P43246:150:V>Q,1,0.67613804
train-clinvar+pg_dms__bilstm__seed44,MSH6,P43246:150:V>R,1,0.76018584
train-clinvar+pg_dms__bilstm__seed44,MSH6,P43246:150:V>S,1,0.57694846
train-clinvar+pg_dms__bilstm__seed44,MSH6,P43246:150:V>T,0,0.50400245
train-clinvar+pg_dms__bilstm__seed44,MSH6,P43246:150:V>W,1,0.74520016
train-clinvar+pg_dms__bilstm__seed44,MSH6,P43246:150:V>Y,1,0.6338911
train-clinvar+pg_dms__bilstm__seed44,MSH6,P43246:150:V>P,1,0.8520946
train-clinvar+pg_dms__bilstm__seed44,MSH6,P43246:153:S>T,0,0.046166413
train-clinvar+pg_dms__bilstm__seed44,MSH6,P43246:153:S>R,0,0.14490509
train-clinvar+pg_dms__bilstm__seed44,MSH6,P43246:153:S>Q,0,0.08599794
train-clinvar+pg_dms__bilstm__seed44,MSH6,P43246:153:S>P,0,0.20240457
train-clinvar+pg_dms__bilstm__seed44,MSH6,P43246:153:S>N,0,0.059013072
train-clinvar+pg_dms__bilstm__seed44,MSH6,P43246:153:S>L,0,0.051806413
train-clinvar+pg_dms__bilstm__seed44,MSH6,P43246:153:S>K,0,0.20592107
train-clinvar+pg_dms__bilstm__seed44,MSH6,P43246:153:S>C,0,0.05078037
train-clinvar+pg_dms__bilstm__seed44,MSH6,P43246:153:S>H,0,0.087493785
train-clinvar+pg_dms__bilstm__seed44,MSH6,P43246:153:S>A,0,0.04490726
train-clinvar+pg_dms__bilstm__seed44,MSH6,P43246:153:S>V,0,0.058799125
train-clinvar+pg_dms__bilstm__seed44,MSH6,P43246:153:S>D,0,0.15718578
train-clinvar+pg_dms__bilstm__seed44,MSH6,P43246:153:S>E,0,0.15698366
train-clinvar+pg_dms__bilstm__seed44,MSH6,P43246:153:S>F,0,0.070384935
train-clinvar+pg_dms__bilstm__seed44,MSH6,P43246:153:S>G,0,0.051438853
train-clinvar+pg_dms__bilstm__seed44,MSH6,P43246:153:S>I,0,0.05402318
train-clinvar+pg_dms__bilstm__seed44,MSH6,P43246:153:S>W,0,0.11915574
train-clinvar+pg_dms__bilstm__seed44,MSH6,P43246:153:S>M,0,0.08226059
train-clinvar+pg_dms__bilstm__seed44,MSH6,P43246:153:S>Y,0,0.056884415
train-clinvar+pg_dms__bilstm__seed44,MSH6,P43246:156:D>T,0,0.04856504
train-clinvar+pg_dms__bilstm__seed44,MSH6,P43246:156:D>C,0,0.07014804
train-clinvar+pg_dms__bilstm__seed44,MSH6,P43246:156:D>A,0,0.03980227
train-clinvar+pg_dms__bilstm__seed44,MSH6,P43246:156:D>I,0,0.08694035
train-clinvar+pg_dms__bilstm__seed44,MSH6,P43246:156:D>K,0,0.09635352
train-clinvar+pg_dms__bilstm__seed44,MSH6,P43246:156:D>L,0,0.068166815
train-clinvar+pg_dms__bilstm__seed44,MSH6,P43246:156:D>E,0,0.044028312
train-clinvar+pg_dms__bilstm__seed44,MSH6,P43246:156:D>M,0,0.14132525
train-clinvar+pg_dms__bilstm__seed44,MSH6,P43246:156:D>N,0,0.04186432
train-clinvar+pg_dms__bilstm__seed44,MSH6,P43246:156:D>P,0,0.13184902
train-clinvar+pg_dms__bilstm__seed44,MSH6,P43246:156:D>Q,0,0.05553954
train-clinvar+pg_dms__bilstm__seed44,MSH6,P43246:156:D>F,0,0.09471875
train-clinvar+pg_dms__bilstm__seed44,MSH6,P43246:156:D>S,0,0.034249086
train-clinvar+pg_dms__bilstm__seed44,MSH6,P43246:156:D>V,0,0.06442446
train-clinvar+pg_dms__bilstm__seed44,MSH6,P43246:156:D>W,0,0.21053237
train-clinvar+pg_dms__bilstm__seed44,MSH6,P43246:156:D>Y,0,0.054228317
train-clinvar+pg_dms__bilstm__seed44,MSH6,P43246:156:D>R,0,0.0866225
train-clinvar+pg_dms__bilstm__seed44,MSH6,P43246:159:R>G,0,0.06888106
train-clinvar+pg_dms__bilstm__seed44,MSH6,P43246:159:R>H,0,0.047059324
train-clinvar+pg_dms__bilstm__seed44,MSH6,P43246:159:R>Q,0,0.03801528
train-clinvar+pg_dms__bilstm__seed44,MSH6,P43246:159:R>M,0,0.110909045
train-clinvar+pg_dms__bilstm__seed44,MSH6,P43246:159:R>P,0,0.20636459
train-clinvar+pg_dms__bilstm__seed44,MSH6,P43246:159:R>F,0,0.09503447
train-clinvar+pg_dms__bilstm__seed44,MSH6,P43246:159:R>S,0,0.10263504
train-clinvar+pg_dms__bilstm__seed44,MSH6,P43246:159:R>T,0,0.06421756
train-clinvar+pg_dms__bilstm__seed44,MSH6,P43246:159:R>V,0,0.081947446
train-clinvar+pg_dms__bilstm__seed44,MSH6,P43246:159:R>W,1,0.072833605
train-clinvar+pg_dms__bilstm__seed44,MSH6,P43246:159:R>Y,0,0.0696083
train-clinvar+pg_dms__bilstm__seed44,MSH6,P43246:159:R>L,0,0.05414201
train-clinvar+pg_dms__bilstm__seed44,MSH6,P43246:159:R>D,0,0.3220977
train-clinvar+pg_dms__bilstm__seed44,MSH6,P43246:159:R>A,0,0.09700489
train-clinvar+pg_dms__bilstm__seed44,MSH6,P43246:159:R>C,0,0.030974964
train-clinvar+pg_dms__bilstm__seed44,MSH6,P43246:161:V>T,0,0.21492617
train-clinvar+pg_dms__bilstm__seed44,MSH6,P43246:161:V>R,1,0.6862832
train-clinvar+pg_dms__bilstm__seed44,MSH6,P43246:161:V>Q,1,0.59927845
train-clinvar+pg_dms__bilstm__seed44,MSH6,P43246:161:V>P,1,0.81065756
train-clinvar+pg_dms__bilstm__seed44,MSH6,P43246:161:V>N,1,0.64102674
train-clinvar+pg_dms__bilstm__seed44,MSH6,P43246:161:V>M,0,0.22671245
train-clinvar+pg_dms__bilstm__seed44,MSH6,P43246:161:V>L,0,0.13699667
train-clinvar+pg_dms__bilstm__seed44,MSH6,P43246:161:V>I,0,0.12824424
train-clinvar+pg_dms__bilstm__seed44,MSH6,P43246:161:V>H,1,0.6561829
train-clinvar+pg_dms__bilstm__seed44,MSH6,P43246:161:V>E,1,0.6872569
train-clinvar+pg_dms__bilstm__seed44,MSH6,P43246:161:V>C,0,0.44270742
train-clinvar+pg_dms__bilstm__seed44,MSH6,P43246:161:V>W,0,0.7147202
train-clinvar+pg_dms__bilstm__seed44,MSH6,P43246:161:V>K,1,0.72145003
train-clinvar+pg_dms__bilstm__seed44,MSH6,P43246:161:V>A,1,0.19684282
train-clinvar+pg_dms__bilstm__seed44,MSH6,P43246:161:V>S,1,0.45379066
train-clinvar+pg_dms__bilstm__seed44,MSH6,P43246:182:D>C,0,0.06180146
train-clinvar+pg_dms__bilstm__seed44,MSH6,P43246:182:D>A,0,0.027064966
train-clinvar+pg_dms__bilstm__seed44,MSH6,P43246:182:D>K,0,0.12676722
train-clinvar+pg_dms__bilstm__seed44,MSH6,P43246:182:D>G,0,0.03377731
train-clinvar+pg_dms__bilstm__seed44,MSH6,P43246:182:D>L,0,0.0514557
train-clinvar+pg_dms__bilstm__seed44,MSH6,P43246:182:D>M,0,0.1730065
train-clinvar+pg_dms__bilstm__seed44,MSH6,P43246:182:D>P,0,0.19643784
train-clinvar+pg_dms__bilstm__seed44,MSH6,P43246:182:D>F,0,0.09215852
train-clinvar+pg_dms__bilstm__seed44,MSH6,P43246:182:D>Y,0,0.094518095
train-clinvar+pg_dms__bilstm__seed44,MSH6,P43246:182:D>Q,0,0.05466724
train-clinvar+pg_dms__bilstm__seed44,MSH6,P43246:182:D>V,0,0.040179595
train-clinvar+pg_dms__bilstm__seed44,MSH6,P43246:182:D>T,0,0.03314712
train-clinvar+pg_dms__bilstm__seed44,MSH6,P43246:182:D>S,0,0.018404575
train-clinvar+pg_dms__bilstm__seed44,MSH6,P43246:182:D>R,0,0.09270323
train-clinvar+pg_dms__bilstm__seed44,MSH6,P43246:182:D>I,0,0.06212816
train-clinvar+pg_dms__bilstm__seed44,MSH6,P43246:182:D>W,0,0.22597739
train-clinvar+pg_dms__bilstm__seed44,MSH6,P43246:184:F>T,1,0.49500486
train-clinvar+pg_dms__bilstm__seed44,MSH6,P43246:184:F>I,1,0.4135189
train-clinvar+pg_dms__bilstm__seed44,MSH6,P43246:184:F>K,1,0.6788199
train-clinvar+pg_dms__bilstm__seed44,MSH6,P43246:184:F>L,0,0.52578515
train-clinvar+pg_dms__bilstm__seed44,MSH6,P43246:184:F>M,0,0.49502352
train-clinvar+pg_dms__bilstm__seed44,MSH6,P43246:184:F>P,1,0.7826893
train-clinvar+pg_dms__bilstm__seed44,MSH6,P43246:184:F>S,0,0.50007546
train-clinvar+pg_dms__bilstm__seed44,MSH6,P43246:184:F>V,0,0.39912772
train-clinvar+pg_dms__bilstm__seed44,MSH6,P43246:184:F>R,1,0.63427097
train-clinvar+pg_dms__bilstm__seed44,MSH6,P43246:184:F>Y,0,0.14362791
train-clinvar+pg_dms__bilstm__seed44,MSH6,P43246:184:F>H,0,0.53237516
train-clinvar+pg_dms__bilstm__seed44,MSH6,P43246:184:F>G,0,0.51882595
train-clinvar+pg_dms__bilstm__seed44,MSH6,P43246:184:F>E,1,0.6473718
train-clinvar+pg_dms__bilstm__seed44,MSH6,P43246:184:F>D,1,0.703103
train-clinvar+pg_dms__bilstm__seed44,MSH6,P43246:184:F>C,0,0.23370901
train-clinvar+pg_dms__bilstm__seed44,MSH6,P43246:184:F>A,0,0.48519936
train-clinvar+pg_dms__bilstm__seed44,MSH6,P43246:184:F>W,0,0.41199347
train-clinvar+pg_dms__bilstm__seed44,MSH6,P43246:192:I>C,0,0.358495
train-clinvar+pg_dms__bilstm__seed44,MSH6,P43246:192:I>Y,0,0.546962
train-clinvar+pg_dms__bilstm__seed44,MSH6,P43246:192:I>W,0,0.7375979
train-clinvar+pg_dms__bilstm__seed44,MSH6,P43246:192:I>V,0,0.10846043
train-clinvar+pg_dms__bilstm__seed44,MSH6,P43246:192:I>T,0,0.352211
train-clinvar+pg_dms__bilstm__seed44,MSH6,P43246:192:I>S,0,0.36119592
train-clinvar+pg_dms__bilstm__seed44,MSH6,P43246:192:I>R,0,0.73127383
train-clinvar+pg_dms__bilstm__seed44,MSH6,P43246:192:I>Q,0,0.5847446
train-clinvar+pg_dms__bilstm__seed44,MSH6,P43246:192:I>P,0,0.86726075
train-clinvar+pg_dms__bilstm__seed44,MSH6,P43246:192:I>N,0,0.52454823
train-clinvar+pg_dms__bilstm__seed44,MSH6,P43246:192:I>M,0,0.23378733
train-clinvar+pg_dms__bilstm__seed44,MSH6,P43246:192:I>L,0,0.10498187
train-clinvar+pg_dms__bilstm__seed44,MSH6,P43246:192:I>K,0,0.7621121
train-clinvar+pg_dms__bilstm__seed44,MSH6,P43246:192:I>H,0,0.6443383
train-clinvar+pg_dms__bilstm__seed44,MSH6,P43246:192:I>G,0,0.57543576
train-clinvar+pg_dms__bilstm__seed44,MSH6,P43246:192:I>F,0,0.25252926
train-clinvar+pg_dms__bilstm__seed44,MSH6,P43246:192:I>E,0,0.77402854
train-clinvar+pg_dms__bilstm__seed44,MSH6,P43246:192:I>D,0,0.81521285
train-clinvar+pg_dms__bilstm__seed44,MSH6,P43246:192:I>A,0,0.39914322
train-clinvar+pg_dms__bilstm__seed44,MSH6,P43246:203:G>D,0,0.115114816
train-clinvar+pg_dms__bilstm__seed44,MSH6,P43246:203:G>F,0,0.06333444
train-clinvar+pg_dms__bilstm__seed44,MSH6,P43246:203:G>R,0,0.17429252
train-clinvar+pg_dms__bilstm__seed44,MSH6,P43246:203:G>Y,0,0.06540872
train-clinvar+pg_dms__bilstm__seed44,MSH6,P43246:203:G>W,0,0.109501764
train-clinvar+pg_dms__bilstm__seed44,MSH6,P43246:203:G>V,0,0.055991553
train-clinvar+pg_dms__bilstm__seed44,MSH6,P43246:203:G>T,0,0.042247076
train-clinvar+pg_dms__bilstm__seed44,MSH6,P43246:203:G>S,0,0.03986405
train-clinvar+pg_dms__bilstm__seed44,MSH6,P43246:203:G>C,0,0.034761336
train-clinvar+pg_dms__bilstm__seed44,MSH6,P43246:203:G>Q,0,0.06449317
train-clinvar+pg_dms__bilstm__seed44,MSH6,P43246:203:G>A,0,0.06148735
train-clinvar+pg_dms__bilstm__seed44,MSH6,P43246:203:G>N,0,0.064222366
train-clinvar+pg_dms__bilstm__seed44,MSH6,P43246:203:G>M,0,0.09774361
train-clinvar+pg_dms__bilstm__seed44,MSH6,P43246:203:G>L,0,0.052060068
train-clinvar+pg_dms__bilstm__seed44,MSH6,P43246:203:G>K,0,0.14862941
train-clinvar+pg_dms__bilstm__seed44,MSH6,P43246:203:G>I,0,0.052519027
train-clinvar+pg_dms__bilstm__seed44,MSH6,P43246:203:G>H,0,0.09201732
train-clinvar+pg_dms__bilstm__seed44,MSH6,P43246:203:G>P,0,0.15154213
train-clinvar+pg_dms__bilstm__seed44,MSH6,P43246:207:A>C,0,0.05696394
train-clinvar+pg_dms__bilstm__seed44,MSH6,P43246:207:A>D,0,0.12513201
train-clinvar+pg_dms__bilstm__seed44,MSH6,P43246:207:A>E,0,0.101001546
train-clinvar+pg_dms__bilstm__seed44,MSH6,P43246:207:A>F,0,0.065253295
train-clinvar+pg_dms__bilstm__seed44,MSH6,P43246:207:A>G,0,0.05683101
train-clinvar+pg_dms__bilstm__seed44,MSH6,P43246:207:A>H,0,0.10100836
train-clinvar+pg_dms__bilstm__seed44,MSH6,P43246:207:A>K,0,0.14647505
train-clinvar+pg_dms__bilstm__seed44,MSH6,P43246:207:A>L,0,0.053607803
train-clinvar+pg_dms__bilstm__seed44,MSH6,P43246:207:A>I,0,0.05961412
train-clinvar+pg_dms__bilstm__seed44,MSH6,P43246:207:A>N,0,0.06411009
train-clinvar+pg_dms__bilstm__seed44,MSH6,P43246:207:A>P,0,0.086746685
train-clinvar+pg_dms__bilstm__seed44,MSH6,P43246:207:A>Q,0,0.07333403
train-clinvar+pg_dms__bilstm__seed44,MSH6,P43246:207:A>R,0,0.12747312
train-clinvar+pg_dms__bilstm__seed44,MSH6,P43246:207:A>Y,0,0.08361125
train-clinvar+pg_dms__bilstm__seed44,MSH6,P43246:207:A>W,0,0.1831901
train-clinvar+pg_dms__bilstm__seed44,MSH6,P43246:207:A>M,1,0.09008653
train-clinvar+pg_dms__bilstm__seed44,MSH6,P43246:207:A>T,0,0.04797378
train-clinvar+pg_dms__bilstm__seed44,MSH6,P43246:209:D>Q,0,0.030735396
train-clinvar+pg_dms__bilstm__seed44,MSH6,P43246:209:D>A,0,0.015079872
train-clinvar+pg_dms__bilstm__seed44,MSH6,P43246:209:D>C,0,0.04431777
train-clinvar+pg_dms__bilstm__seed44,MSH6,P43246:209:D>E,0,0.014444859
train-clinvar+pg_dms__bilstm__seed44,MSH6,P43246:209:D>F,0,0.069800206
train-clinvar+pg_dms__bilstm__seed44,MSH6,P43246:209:D>G,0,0.024778046
train-clinvar+pg_dms__bilstm__seed44,MSH6,P43246:209:D>I,0,0.03206149
train-clinvar+pg_dms__bilstm__seed44,MSH6,P43246:209:D>K,0,0.12270804
train-clinvar+pg_dms__bilstm__seed44,MSH6,P43246:209:D>L,0,0.036503147
train-clinvar+pg_dms__bilstm__seed44,MSH6,P43246:209:D>M,0,0.19023931
train-clinvar+pg_dms__bilstm__seed44,MSH6,P43246:209:D>N,0,0.014643599
train-clinvar+pg_dms__bilstm__seed44,MSH6,P43246:209:D>W,0,0.31447214
train-clinvar+pg_dms__bilstm__seed44,MSH6,P43246:209:D>V,0,0.026744887
train-clinvar+pg_dms__bilstm__seed44,MSH6,P43246:209:D>T,0,0.01794993
train-clinvar+pg_dms__bilstm__seed44,MSH6,P43246:209:D>R,0,0.09064247
train-clinvar+pg_dms__bilstm__seed44,MSH6,P43246:209:D>P,0,0.2503595
train-clinvar+pg_dms__bilstm__seed44,MSH6,P43246:209:D>S,0,0.00828492
train-clinvar+pg_dms__bilstm__seed44,MSH6,P43246:219:R>Y,0,0.278546
train-clinvar+pg_dms__bilstm__seed44,MSH6,P43246:219:R>K,0,0.13024485
train-clinvar+pg_dms__bilstm__seed44,MSH6,P43246:219:R>L,0,0.1995328
train-clinvar+pg_dms__bilstm__seed44,MSH6,P43246:219:R>M,0,0.39068612
train-clinvar+pg_dms__bilstm__seed44,MSH6,P43246:219:R>N,0,0.31814152
train-clinvar+pg_dms__bilstm__seed44,MSH6,P43246:219:R>V,0,0.3393515
train-clinvar+pg_dms__bilstm__seed44,MSH6,P43246:219:R>S,0,0.24188194
train-clinvar+pg_dms__bilstm__seed44,MSH6,P43246:219:R>Q,0,0.06064258
train-clinvar+pg_dms__bilstm__seed44,MSH6,P43246:219:R>P,1,0.62873673
train-clinvar+pg_dms__bilstm__seed44,MSH6,P43246:219:R>I,0,0.32793579
train-clinvar+pg_dms__bilstm__seed44,MSH6,P43246:219:R>W,0,0.2696481
train-clinvar+pg_dms__bilstm__seed44,MSH6,P43246:219:R>H,0,0.09257846
train-clinvar+pg_dms__bilstm__seed44,MSH6,P43246:219:R>E,0,0.22409719
train-clinvar+pg_dms__bilstm__seed44,MSH6,P43246:219:R>F,0,0.39371115
train-clinvar+pg_dms__bilstm__seed44,MSH6,P43246:219:R>D,0,0.4328714
train-clinvar+pg_dms__bilstm__seed44,MSH6,P43246:219:R>C,0,0.09573356
train-clinvar+pg_dms__bilstm__seed44,MSH6,P43246:219:R>A,0,0.22245668
train-clinvar+pg_dms__bilstm__seed44,MSH6,P43246:219:R>G,0,0.18774547
train-clinvar+pg_dms__bilstm__seed44,MSH6,P43246:220:G>W,0,0.40660834
train-clinvar+pg_dms__bilstm__seed44,MSH6,P43246:220:G>V,1,0.12415669
train-clinvar+pg_dms__bilstm__seed44,MSH6,P43246:220:G>T,0,0.06901751
train-clinvar+pg_dms__bilstm__seed44,MSH6,P43246:220:G>S,0,0.05374771
train-clinvar+pg_dms__bilstm__seed44,MSH6,P43246:220:G>Q,0,0.23505935
train-clinvar+pg_dms__bilstm__seed44,MSH6,P43246:220:G>P,0,0.7605592
train-clinvar+pg_dms__bilstm__seed44,MSH6,P43246:220:G>L,0,0.20981428
train-clinvar+pg_dms__bilstm__seed44,MSH6,P43246:220:G>M,0,0.3817664
train-clinvar+pg_dms__bilstm__seed44,MSH6,P43246:220:G>K,0,0.5427826
train-clinvar+pg_dms__bilstm__seed44,MSH6,P43246:220:G>I,0,0.181063
train-clinvar+pg_dms__bilstm__seed44,MSH6,P43246:220:G>H,0,0.30287027
train-clinvar+pg_dms__bilstm__seed44,MSH6,P43246:220:G>C,0,0.049661573
train-clinvar+pg_dms__bilstm__seed44,MSH6,P43246:220:G>A,0,0.05819511
train-clinvar+pg_dms__bilstm__seed44,MSH6,P43246:220:G>N,0,0.14613935
train-clinvar+pg_dms__bilstm__seed44,MSH6,P43246:220:G>Y,0,0.27698597
train-clinvar+pg_dms__bilstm__seed44,MSH6,P43246:220:G>F,0,0.36451504
train-clinvar+pg_dms__bilstm__seed44,MSH6,P43246:221:G>C,0,0.04209252
train-clinvar+pg_dms__bilstm__seed44,MSH6,P43246:221:G>Y,0,0.15930249
train-clinvar+pg_dms__bilstm__seed44,MSH6,P43246:221:G>W,0,0.2845339
train-clinvar+pg_dms__bilstm__seed44,MSH6,P43246:221:G>V,0,0.14699097
train-clinvar+pg_dms__bilstm__seed44,MSH6,P43246:221:G>T,0,0.063524604
train-clinvar+pg_dms__bilstm__seed44,MSH6,P43246:221:G>S,0,0.039171103
train-clinvar+pg_dms__bilstm__seed44,MSH6,P43246:221:G>R,0,0.10391842
train-clinvar+pg_dms__bilstm__seed44,MSH6,P43246:221:G>Q,0,0.07985176
train-clinvar+pg_dms__bilstm__seed44,MSH6,P43246:221:G>A,0,0.052246027
train-clinvar+pg_dms__bilstm__seed44,MSH6,P43246:221:G>P,0,0.5424966
train-clinvar+pg_dms__bilstm__seed44,MSH6,P43246:221:G>M,0,0.28584185
train-clinvar+pg_dms__bilstm__seed44,MSH6,P43246:221:G>L,0,0.168592
train-clinvar+pg_dms__bilstm__seed44,MSH6,P43246:221:G>K,0,0.17970262
train-clinvar+pg_dms__bilstm__seed44,MSH6,P43246:221:G>I,0,0.21344791
train-clinvar+pg_dms__bilstm__seed44,MSH6,P43246:221:G>H,0,0.11891057
train-clinvar+pg_dms__bilstm__seed44,MSH6,P43246:221:G>F,0,0.23538306
train-clinvar+pg_dms__bilstm__seed44,MSH6,P43246:221:G>N,0,0.061611574
train-clinvar+pg_dms__bilstm__seed44,MSH6,P43246:221:G>D,0,0.10837727
train-clinvar+pg_dms__bilstm__seed44,MSH6,P43246:222:I>C,0,0.20774105
train-clinvar+pg_dms__bilstm__seed44,MSH6,P43246:222:I>A,0,0.27297485
train-clinvar+pg_dms__bilstm__seed44,MSH6,P43246:222:I>E,0,0.74638027
train-clinvar+pg_dms__bilstm__seed44,MSH6,P43246:222:I>W,0,0.7409461
train-clinvar+pg_dms__bilstm__seed44,MSH6,P43246:222:I>V,0,0.13508844
train-clinvar+pg_dms__bilstm__seed44,MSH6,P43246:222:I>T,0,0.29392198
train-clinvar+pg_dms__bilstm__seed44,MSH6,P43246:222:I>S,0,0.27720258
train-clinvar+pg_dms__bilstm__seed44,MSH6,P43246:222:I>R,0,0.6512403
train-clinvar+pg_dms__bilstm__seed44,MSH6,P43246:222:I>Q,0,0.5872241
train-clinvar+pg_dms__bilstm__seed44,MSH6,P43246:222:I>Y,0,0.5060074
train-clinvar+pg_dms__bilstm__seed44,MSH6,P43246:222:I>N,0,0.38670987
train-clinvar+pg_dms__bilstm__seed44,MSH6,P43246:222:I>M,0,0.16734715
train-clinvar+pg_dms__bilstm__seed44,MSH6,P43246:222:I>L,0,0.09231666
train-clinvar+pg_dms__bilstm__seed44,MSH6,P43246:222:I>K,0,0.7362066
train-clinvar+pg_dms__bilstm__seed44,MSH6,P43246:222:I>H,0,0.63090456
train-clinvar+pg_dms__bilstm__seed44,MSH6,P43246:222:I>G,0,0.56925124
train-clinvar+pg_dms__bilstm__seed44,MSH6,P43246:222:I>F,0,0.17412838
train-clinvar+pg_dms__bilstm__seed44,MSH6,P43246:222:I>P,0,0.83429736
train-clinvar+pg_dms__bilstm__seed44,MSH6,P43246:230:A>W,0,0.37124917
train-clinvar+pg_dms__bilstm__seed44,MSH6,P43246:230:A>E,0,0.24040215
train-clinvar+pg_dms__bilstm__seed44,MSH6,P43246:230:A>V,0,0.10355757
train-clinvar+pg_dms__bilstm__seed44,MSH6,P43246:230:A>T,0,0.07815946
train-clinvar+pg_dms__bilstm__seed44,MSH6,P43246:230:A>S,0,0.077282794
train-clinvar+pg_dms__bilstm__seed44,MSH6,P43246:230:A>R,0,0.28078628
train-clinvar+pg_dms__bilstm__seed44,MSH6,P43246:230:A>Q,0,0.1526057
train-clinvar+pg_dms__bilstm__seed44,MSH6,P43246:230:A>F,0,0.119068764
train-clinvar+pg_dms__bilstm__seed44,MSH6,P43246:230:A>I,0,0.08032824
train-clinvar+pg_dms__bilstm__seed44,MSH6,P43246:230:A>K,0,0.34274465
train-clinvar+pg_dms__bilstm__seed44,MSH6,P43246:230:A>L,0,0.10618341
train-clinvar+pg_dms__bilstm__seed44,MSH6,P43246:230:A>M,0,0.12929444
train-clinvar+pg_dms__bilstm__seed44,MSH6,P43246:230:A>N,0,0.08276483
train-clinvar+pg_dms__bilstm__seed44,MSH6,P43246:230:A>P,0,0.14308576
train-clinvar+pg_dms__bilstm__seed44,MSH6,P43246:230:A>H,0,0.20514803
train-clinvar+pg_dms__bilstm__seed44,MSH6,P43246:230:A>Y,0,0.17473233
train-clinvar+pg_dms__bilstm__seed44,MSH6,P43246:230:A>C,0,0.09303358
train-clinvar+pg_dms__bilstm__seed44,MSH6,P43246:231:D>L,0,0.23346359
train-clinvar+pg_dms__bilstm__seed44,MSH6,P43246:231:D>V,0,0.13676527
train-clinvar+pg_dms__bilstm__seed44,MSH6,P43246:231:D>W,0,0.6417729
train-clinvar+pg_dms__bilstm__seed44,MSH6,P43246:231:D>T,0,0.15741733
train-clinvar+pg_dms__bilstm__seed44,MSH6,P43246:231:D>I,0,0.25214148
train-clinvar+pg_dms__bilstm__seed44,MSH6,P43246:231:D>H,0,0.41016045
train-clinvar+pg_dms__bilstm__seed44,MSH6,P43246:231:D>G,0,0.33497995
train-clinvar+pg_dms__bilstm__seed44,MSH6,P43246:231:D>S,0,0.07485952
train-clinvar+pg_dms__bilstm__seed44,MSH6,P43246:231:D>R,0,0.52193904
train-clinvar+pg_dms__bilstm__seed44,MSH6,P43246:231:D>P,0,0.80405563
train-clinvar+pg_dms__bilstm__seed44,MSH6,P43246:231:D>Q,0,0.27539364
train-clinvar+pg_dms__bilstm__seed44,MSH6,P43246:231:D>M,0,0.53198135
train-clinvar+pg_dms__bilstm__seed44,MSH6,P43246:231:D>A,0,0.08183261
train-clinvar+pg_dms__bilstm__seed44,MSH6,P43246:231:D>C,0,0.21227169
train-clinvar+pg_dms__bilstm__seed44,MSH6,P43246:231:D>E,0,0.042746905
train-clinvar+pg_dms__bilstm__seed44,MSH6,P43246:231:D>K,0,0.60029316
train-clinvar+pg_dms__bilstm__seed44,MSH6,P43246:231:D>F,0,0.33093342
train-clinvar+pg_dms__bilstm__seed44,MSH6,P43246:231:D>N,0,0.17241311
train-clinvar+pg_dms__bilstm__seed44,MSH6,P43246:232:F>R,1,0.82439864
train-clinvar+pg_dms__bilstm__seed44,MSH6,P43246:232:F>I,0,0.69268775
train-clinvar+pg_dms__bilstm__seed44,MSH6,P43246:232:F>G,0,0.7394565
train-clinvar+pg_dms__bilstm__seed44,MSH6,P43246:232:F>E,0,0.8287716
train-clinvar+pg_dms__bilstm__seed44,MSH6,P43246:232:F>A,1,0.69848645
train-clinvar+pg_dms__bilstm__seed44,MSH6,P43246:232:F>K,1,0.8575287
train-clinvar+pg_dms__bilstm__seed44,MSH6,P43246:232:F>L,1,0.7201587
train-clinvar+pg_dms__bilstm__seed44,MSH6,P43246:232:F>M,1,0.7816762
train-clinvar+pg_dms__bilstm__seed44,MSH6,P43246:232:F>S,1,0.6536606
train-clinvar+pg_dms__bilstm__seed44,MSH6,P43246:232:F>P,0,0.92598146
train-clinvar+pg_dms__bilstm__seed44,MSH6,P43246:232:F>V,0,0.69953704
train-clinvar+pg_dms__bilstm__seed44,MSH6,P43246:232:F>W,1,0.7078065
train-clinvar+pg_dms__bilstm__seed44,MSH6,P43246:232:F>Y,0,0.13715409
train-clinvar+pg_dms__bilstm__seed44,MSH6,P43246:232:F>T,1,0.66158515
train-clinvar+pg_dms__bilstm__seed44,MSH6,P43246:239:Q>D,0,0.16115265
train-clinvar+pg_dms__bilstm__seed44,MSH6,P43246:239:Q>W,0,0.24397522
train-clinvar+pg_dms__bilstm__seed44,MSH6,P43246:239:Q>V,0,0.07192455
train-clinvar+pg_dms__bilstm__seed44,MSH6,P43246:239:Q>T,0,0.03761881
train-clinvar+pg_dms__bilstm__seed44,MSH6,P43246:239:Q>S,0,0.029401805
train-clinvar+pg_dms__bilstm__seed44,MSH6,P43246:239:Q>R,0,0.17544957
train-clinvar+pg_dms__bilstm__seed44,MSH6,P43246:239:Q>P,0,0.0899391
train-clinvar+pg_dms__bilstm__seed44,MSH6,P43246:239:Q>N,0,0.07798845
train-clinvar+pg_dms__bilstm__seed44,MSH6,P43246:239:Q>M,0,0.14443
train-clinvar+pg_dms__bilstm__seed44,MSH6,P43246:239:Q>L,0,0.04443414
train-clinvar+pg_dms__bilstm__seed44,MSH6,P43246:239:Q>K,0,0.11760605
train-clinvar+pg_dms__bilstm__seed44,MSH6,P43246:239:Q>A,0,0.03704305
train-clinvar+pg_dms__bilstm__seed44,MSH6,P43246:239:Q>I,0,0.11796436
train-clinvar+pg_dms__bilstm__seed44,MSH6,P43246:239:Q>H,0,0.11847496
train-clinvar+pg_dms__bilstm__seed44,MSH6,P43246:239:Q>G,0,0.05054763
train-clinvar+pg_dms__bilstm__seed44,MSH6,P43246:239:Q>C,0,0.11800061
train-clinvar+pg_dms__bilstm__seed44,MSH6,P43246:239:Q>F,0,0.14892228
train-clinvar+pg_dms__bilstm__seed44,MSH6,P43246:239:Q>E,0,0.09625755
train-clinvar+pg_dms__bilstm__seed44,MSH6,P43246:239:Q>Y,1,0.1523934
train-clinvar+pg_dms__bilstm__seed44,MSH6,P43246:242:N>R,0,0.06747394
train-clinvar+pg_dms__bilstm__seed44,MSH6,P43246:242:N>T,0,0.015696848
train-clinvar+pg_dms__bilstm__seed44,MSH6,P43246:242:N>S,0,0.05983132
train-clinvar+pg_dms__bilstm__seed44,MSH6,P43246:242:N>Q,0,0.03818069
train-clinvar+pg_dms__bilstm__seed44,MSH6,P43246:242:N>P,0,0.26542103
train-clinvar+pg_dms__bilstm__seed44,MSH6,P43246:242:N>M,0,0.11738545
train-clinvar+pg_dms__bilstm__seed44,MSH6,P43246:242:N>L,0,0.030542385
train-clinvar+pg_dms__bilstm__seed44,MSH6,P43246:242:N>I,0,0.047064483
train-clinvar+pg_dms__bilstm__seed44,MSH6,P43246:242:N>G,0,0.022454264
train-clinvar+pg_dms__bilstm__seed44,MSH6,P43246:242:N>F,0,0.11634398
train-clinvar+pg_dms__bilstm__seed44,MSH6,P43246:242:N>D,0,0.047889538
train-clinvar+pg_dms__bilstm__seed44,MSH6,P43246:242:N>C,0,0.013570911
train-clinvar+pg_dms__bilstm__seed44,MSH6,P43246:242:N>A,0,0.022607317
train-clinvar+pg_dms__bilstm__seed44,MSH6,P43246:242:N>V,0,0.04113216
train-clinvar+pg_dms__bilstm__seed44,MSH6,P43246:242:N>W,0,0.2852438
train-clinvar+pg_dms__bilstm__seed44,MSH6,P43246:242:N>K,0,0.24738233
train-clinvar+pg_dms__bilstm__seed44,MSH6,P43246:242:N>Y,0,0.030630762
train-clinvar+pg_dms__bilstm__seed44,MSH6,P43246:243:R>I,0,0.2037698
train-clinvar+pg_dms__bilstm__seed44,MSH6,P43246:243:R>K,0,0.06396289
train-clinvar+pg_dms__bilstm__seed44,MSH6,P43246:243:R>G,0,0.23566572
train-clinvar+pg_dms__bilstm__seed44,MSH6,P43246:243:R>L,0,0.26506847
train-clinvar+pg_dms__bilstm__seed44,MSH6,P43246:243:R>M,0,0.33529952
train-clinvar+pg_dms__bilstm__seed44,MSH6,P43246:243:R>N,0,0.25490034
train-clinvar+pg_dms__bilstm__seed44,MSH6,P43246:243:R>P,0,0.48201793
train-clinvar+pg_dms__bilstm__seed44,MSH6,P43246:243:R>Q,0,0.23609143
train-clinvar+pg_dms__bilstm__seed44,MSH6,P43246:243:R>S,0,0.17728637
train-clinvar+pg_dms__bilstm__seed44,MSH6,P43246:243:R>T,0,0.1747833
train-clinvar+pg_dms__bilstm__seed44,MSH6,P43246:243:R>H,0,0.07972157
train-clinvar+pg_dms__bilstm__seed44,MSH6,P43246:243:R>V,0,0.22002737
train-clinvar+pg_dms__bilstm__seed44,MSH6,P43246:243:R>F,0,0.20582277
train-clinvar+pg_dms__bilstm__seed44,MSH6,P43246:243:R>E,0,0.2745342
train-clinvar+pg_dms__bilstm__seed44,MSH6,P43246:243:R>D,0,0.38500044
train-clinvar+pg_dms__bilstm__seed44,MSH6,P43246:243:R>C,0,0.06690193
train-clinvar+pg_dms__bilstm__seed44,MSH6,P43246:243:R>A,0,0.19394921
train-clinvar+pg_dms__bilstm__seed44,MSH6,P43246:243:R>Y,0,0.17082931
train-clinvar+pg_dms__bilstm__seed44,MSH6,P43246:245:L>I,0,0.096926756
train-clinvar+pg_dms__bilstm__seed44,MSH6,P43246:245:L>A,0,0.46434397
train-clinvar+pg_dms__bilstm__seed44,MSH6,P43246:245:L>C,0,0.35674912
train-clinvar+pg_dms__bilstm__seed44,MSH6,P43246:245:L>D,1,0.8363232
train-clinvar+pg_dms__bilstm__seed44,MSH6,P43246:245:L>E,0,0.75983655
train-clinvar+pg_dms__bilstm__seed44,MSH6,P43246:245:L>Y,0,0.63766325
train-clinvar+pg_dms__bilstm__seed44,MSH6,P43246:245:L>V,0,0.104618035
train-clinvar+pg_dms__bilstm__seed44,MSH6,P43246:245:L>T,0,0.3348758
train-clinvar+pg_dms__bilstm__seed44,MSH6,P43246:245:L>S,0,0.5790292
train-clinvar+pg_dms__bilstm__seed44,MSH6,P43246:245:L>R,0,0.6138062
train-clinvar+pg_dms__bilstm__seed44,MSH6,P43246:245:L>P,1,0.88205135
train-clinvar+pg_dms__bilstm__seed44,MSH6,P43246:245:L>N,0,0.7310502
train-clinvar+pg_dms__bilstm__seed44,MSH6,P43246:245:L>M,0,0.19889691
train-clinvar+pg_dms__bilstm__seed44,MSH6,P43246:245:L>G,0,0.6795162
train-clinvar+pg_dms__bilstm__seed44,MSH6,P43246:245:L>H,0,0.66917276
train-clinvar+pg_dms__bilstm__seed44,MSH6,P43246:245:L>K,0,0.73935664
train-clinvar+pg_dms__bilstm__seed44,MSH6,P43246:245:L>Q,0,0.4805117
train-clinvar+pg_dms__bilstm__seed44,MSH6,P43246:249:K>H,0,0.059874166
train-clinvar+pg_dms__bilstm__seed44,MSH6,P43246:249:K>G,0,0.05371913
train-clinvar+pg_dms__bilstm__seed44,MSH6,P43246:249:K>L,0,0.056720506
train-clinvar+pg_dms__bilstm__seed44,MSH6,P43246:249:K>M,0,0.08000065
train-clinvar+pg_dms__bilstm__seed44,MSH6,P43246:249:K>P,0,0.08008625
train-clinvar+pg_dms__bilstm__seed44,MSH6,P43246:249:K>Q,0,0.043449465
train-clinvar+pg_dms__bilstm__seed44,MSH6,P43246:249:K>S,0,0.043902174
train-clinvar+pg_dms__bilstm__seed44,MSH6,P43246:249:K>V,0,0.060402162
train-clinvar+pg_dms__bilstm__seed44,MSH6,P43246:249:K>W,0,0.13097979
train-clinvar+pg_dms__bilstm__seed44,MSH6,P43246:249:K>Y,0,0.073610075
train-clinvar+pg_dms__bilstm__seed44,MSH6,P43246:249:K>I,0,0.05949269
train-clinvar+pg_dms__bilstm__seed44,MSH6,P43246:249:K>A,0,0.047488805
train-clinvar+pg_dms__bilstm__seed44,MSH6,P43246:249:K>C,0,0.062865056
train-clinvar+pg_dms__bilstm__seed44,MSH6,P43246:249:K>E,0,0.050328024
train-clinvar+pg_dms__bilstm__seed44,MSH6,P43246:249:K>F,0,0.09363366
train-clinvar+pg_dms__bilstm__seed44,MSH6,P43246:262:E>N,0,0.07681403
train-clinvar+pg_dms__bilstm__seed44,MSH6,P43246:262:E>A,0,0.05418303
train-clinvar+pg_dms__bilstm__seed44,MSH6,P43246:262:E>C,0,0.16574802
train-clinvar+pg_dms__bilstm__seed44,MSH6,P43246:262:E>D,0,0.10887163
train-clinvar+pg_dms__bilstm__seed44,MSH6,P43246:262:E>F,0,0.22755277
train-clinvar+pg_dms__bilstm__seed44,MSH6,P43246:262:E>H,0,0.16303734
train-clinvar+pg_dms__bilstm__seed44,MSH6,P43246:262:E>I,0,0.13703412
train-clinvar+pg_dms__bilstm__seed44,MSH6,P43246:262:E>G,0,0.087300085
train-clinvar+pg_dms__bilstm__seed44,MSH6,P43246:262:E>M,0,0.23572966
train-clinvar+pg_dms__bilstm__seed44,MSH6,P43246:262:E>Y,0,0.17859493
train-clinvar+pg_dms__bilstm__seed44,MSH6,P43246:262:E>W,0,0.34766003
train-clinvar+pg_dms__bilstm__seed44,MSH6,P43246:262:E>T,0,0.058968123
train-clinvar+pg_dms__bilstm__seed44,MSH6,P43246:262:E>S,0,0.05052395
train-clinvar+pg_dms__bilstm__seed44,MSH6,P43246:262:E>R,0,0.0908896
train-clinvar+pg_dms__bilstm__seed44,MSH6,P43246:262:E>Q,0,0.089343466
train-clinvar+pg_dms__bilstm__seed44,MSH6,P43246:262:E>L,0,0.12606902
train-clinvar+pg_dms__bilstm__seed44,MSH6,P43246:262:E>P,0,0.27752167
train-clinvar+pg_dms__bilstm__seed44,MSH6,P43246:265:V>P,0,0.30293807
train-clinvar+pg_dms__bilstm__seed44,MSH6,P43246:265:V>M,0,0.15233785
train-clinvar+pg_dms__bilstm__seed44,MSH6,P43246:265:V>N,0,0.11479479
train-clinvar+pg_dms__bilstm__seed44,MSH6,P43246:265:V>Q,0,0.16717003
train-clinvar+pg_dms__bilstm__seed44,MSH6,P43246:265:V>R,0,0.23888148
train-clinvar+pg_dms__bilstm__seed44,MSH6,P43246:265:V>S,0,0.075952716
train-clinvar+pg_dms__bilstm__seed44,MSH6,P43246:265:V>T,0,0.0674315
train-clinvar+pg_dms__bilstm__seed44,MSH6,P43246:265:V>W,0,0.49085283
train-clinvar+pg_dms__bilstm__seed44,MSH6,P43246:265:V>K,0,0.33915865
train-clinvar+pg_dms__bilstm__seed44,MSH6,P43246:265:V>H,0,0.26597932
train-clinvar+pg_dms__bilstm__seed44,MSH6,P43246:265:V>G,0,0.08623874
train-clinvar+pg_dms__bilstm__seed44,MSH6,P43246:265:V>F,0,0.11876542
train-clinvar+pg_dms__bilstm__seed44,MSH6,P43246:265:V>E,0,0.2077305
train-clinvar+pg_dms__bilstm__seed44,MSH6,P43246:265:V>D,0,0.28445435
train-clinvar+pg_dms__bilstm__seed44,MSH6,P43246:265:V>C,0,0.19371456
train-clinvar+pg_dms__bilstm__seed44,MSH6,P43246:265:V>A,0,0.06882589
train-clinvar+pg_dms__bilstm__seed44,MSH6,P43246:265:V>Y,0,0.18389243
train-clinvar+pg_dms__bilstm__seed44,MSH6,P43246:265:V>L,0,0.077717796
train-clinvar+pg_dms__bilstm__seed44,MSH6,P43246:266:A>Y,1,0.77960354
train-clinvar+pg_dms__bilstm__seed44,MSH6,P43246:266:A>W,1,0.81464183
train-clinvar+pg_dms__bilstm__seed44,MSH6,P43246:266:A>V,1,0.5853392
train-clinvar+pg_dms__bilstm__seed44,MSH6,P43246:266:A>S,0,0.17309995
train-clinvar+pg_dms__bilstm__seed44,MSH6,P43246:266:A>P,0,0.83960795
train-clinvar+pg_dms__bilstm__seed44,MSH6,P43246:266:A>K,1,0.832289
train-clinvar+pg_dms__bilstm__seed44,MSH6,P43246:266:A>L,1,0.69571817
train-clinvar+pg_dms__bilstm__seed44,MSH6,P43246:266:A>R,1,0.82366
train-clinvar+pg_dms__bilstm__seed44,MSH6,P43246:266:A>I,1,0.7459579
train-clinvar+pg_dms__bilstm__seed44,MSH6,P43246:266:A>H,0,0.786506
train-clinvar+pg_dms__bilstm__seed44,MSH6,P43246:266:A>G,0,0.1728144
train-clinvar+pg_dms__bilstm__seed44,MSH6,P43246:266:A>F,1,0.7722017
train-clinvar+pg_dms__bilstm__seed44,MSH6,P43246:266:A>E,1,0.8184019
train-clinvar+pg_dms__bilstm__seed44,MSH6,P43246:266:A>C,0,0.5789124
train-clinvar+pg_dms__bilstm__seed44,MSH6,P43246:266:A>M,0,0.73972404
train-clinvar+pg_dms__bilstm__seed44,MSH6,P43246:267:V>P,0,0.67633617
train-clinvar+pg_dms__bilstm__seed44,MSH6,P43246:267:V>Q,0,0.29513705
train-clinvar+pg_dms__bilstm__seed44,MSH6,P43246:267:V>R,0,0.37366056
train-clinvar+pg_dms__bilstm__seed44,MSH6,P43246:267:V>S,0,0.13914688
train-clinvar+pg_dms__bilstm__seed44,MSH6,P43246:267:V>W,0,0.6597553
train-clinvar+pg_dms__bilstm__seed44,MSH6,P43246:267:V>G,0,0.14550349
train-clinvar+pg_dms__bilstm__seed44,MSH6,P43246:267:V>H,0,0.5388494
train-clinvar+pg_dms__bilstm__seed44,MSH6,P43246:267:V>I,0,0.117919125
train-clinvar+pg_dms__bilstm__seed44,MSH6,P43246:267:V>L,0,0.12988338
train-clinvar+pg_dms__bilstm__seed44,MSH6,P43246:267:V>T,0,0.1193005
train-clinvar+pg_dms__bilstm__seed44,MSH6,P43246:267:V>F,0,0.13988991
train-clinvar+pg_dms__bilstm__seed44,MSH6,P43246:267:V>K,0,0.47837248
train-clinvar+pg_dms__bilstm__seed44,MSH6,P43246:267:V>D,1,0.6362307
train-clinvar+pg_dms__bilstm__seed44,MSH6,P43246:267:V>C,0,0.31157506
train-clinvar+pg_dms__bilstm__seed44,MSH6,P43246:267:V>A,0,0.119633906
train-clinvar+pg_dms__bilstm__seed44,MSH6,P43246:267:V>N,0,0.30155253
train-clinvar+pg_dms__bilstm__seed44,MSH6,P43246:267:V>E,0,0.48013875
train-clinvar+pg_dms__bilstm__seed44,MSH6,P43246:267:V>M,0,0.20096715
train-clinvar+pg_dms__bilstm__seed44,MSH6,P43246:277:L>T,0,0.25026333
train-clinvar+pg_dms__bilstm__seed44,MSH6,P43246:277:L>A,0,0.34635052
train-clinvar+pg_dms__bilstm__seed44,MSH6,P43246:277:L>C,0,0.35349187
train-clinvar+pg_dms__bilstm__seed44,MSH6,P43246:277:L>E,0,0.6613549
train-clinvar+pg_dms__bilstm__seed44,MSH6,P43246:277:L>F,0,0.3401484
train-clinvar+pg_dms__bilstm__seed44,MSH6,P43246:277:L>G,0,0.57666016
train-clinvar+pg_dms__bilstm__seed44,MSH6,P43246:277:L>H,0,0.5368378
train-clinvar+pg_dms__bilstm__seed44,MSH6,P43246:277:L>I,0,0.19654764
train-clinvar+pg_dms__bilstm__seed44,MSH6,P43246:277:L>K,0,0.6908619
train-clinvar+pg_dms__bilstm__seed44,MSH6,P43246:277:L>N,0,0.6095525
train-clinvar+pg_dms__bilstm__seed44,MSH6,P43246:277:L>P,1,0.81832576
train-clinvar+pg_dms__bilstm__seed44,MSH6,P43246:277:L>Q,0,0.3352195
train-clinvar+pg_dms__bilstm__seed44,MSH6,P43246:277:L>Y,0,0.6042849
train-clinvar+pg_dms__bilstm__seed44,MSH6,P43246:277:L>W,0,0.6274259
train-clinvar+pg_dms__bilstm__seed44,MSH6,P43246:277:L>V,0,0.20052104
train-clinvar+pg_dms__bilstm__seed44,MSH6,P43246:277:L>M,0,0.25001463
train-clinvar+pg_dms__bilstm__seed44,MSH6,P43246:277:L>R,0,0.5819848
train-clinvar+pg_dms__bilstm__seed44,MSH6,P43246:280:L>V,0,0.021795344
train-clinvar+pg_dms__bilstm__seed44,MSH6,P43246:280:L>T,0,0.013521122
train-clinvar+pg_dms__bilstm__seed44,MSH6,P43246:280:L>S,0,0.034041036
train-clinvar+pg_dms__bilstm__seed44,MSH6,P43246:280:L>R,0,0.1644663
train-clinvar+pg_dms__bilstm__seed44,MSH6,P43246:280:L>Q,0,0.034419782
train-clinvar+pg_dms__bilstm__seed44,MSH6,P43246:280:L>P,0,0.23227973
train-clinvar+pg_dms__bilstm__seed44,MSH6,P43246:280:L>N,0,0.10290415
train-clinvar+pg_dms__bilstm__seed44,MSH6,P43246:280:L>G,0,0.10343913
train-clinvar+pg_dms__bilstm__seed44,MSH6,P43246:280:L>K,0,0.275134
train-clinvar+pg_dms__bilstm__seed44,MSH6,P43246:280:L>H,0,0.15104592
train-clinvar+pg_dms__bilstm__seed44,MSH6,P43246:280:L>E,0,0.2620607
train-clinvar+pg_dms__bilstm__seed44,MSH6,P43246:280:L>D,0,0.43217382
train-clinvar+pg_dms__bilstm__seed44,MSH6,P43246:280:L>C,0,0.052052196
train-clinvar+pg_dms__bilstm__seed44,MSH6,P43246:280:L>A,0,0.027889835
train-clinvar+pg_dms__bilstm__seed44,MSH6,P43246:280:L>Y,0,0.19463283
train-clinvar+pg_dms__bilstm__seed44,MSH6,P43246:280:L>M,0,0.042974718
train-clinvar+pg_dms__bilstm__seed44,MSH6,P43246:280:L>W,1,0.3367115
train-clinvar+pg_dms__bilstm__seed44,MSH6,P43246:280:L>I,0,0.02020272
train-clinvar+pg_dms__bilstm__seed44,MSH6,P43246:281:S>Q,0,0.12331737
train-clinvar+pg_dms__bilstm__seed44,MSH6,P43246:281:S>P,0,0.30287144
train-clinvar+pg_dms__bilstm__seed44,MSH6,P43246:281:S>N,0,0.054831862
train-clinvar+pg_dms__bilstm__seed44,MSH6,P43246:281:S>M,0,0.10221613
train-clinvar+pg_dms__bilstm__seed44,MSH6,P43246:281:S>V,0,0.07398819
train-clinvar+pg_dms__bilstm__seed44,MSH6,P43246:281:S>I,0,0.08201486
train-clinvar+pg_dms__bilstm__seed44,MSH6,P43246:281:S>H,0,0.11535129
train-clinvar+pg_dms__bilstm__seed44,MSH6,P43246:281:S>G,0,0.045860924
train-clinvar+pg_dms__bilstm__seed44,MSH6,P43246:281:S>F,0,0.084868975
train-clinvar+pg_dms__bilstm__seed44,MSH6,P43246:281:S>D,1,0.20896706
train-clinvar+pg_dms__bilstm__seed44,MSH6,P43246:281:S>C,0,0.030471295
train-clinvar+pg_dms__bilstm__seed44,MSH6,P43246:281:S>A,0,0.038238455
train-clinvar+pg_dms__bilstm__seed44,MSH6,P43246:281:S>W,0,0.20641801
train-clinvar+pg_dms__bilstm__seed44,MSH6,P43246:281:S>Y,0,0.085042164
train-clinvar+pg_dms__bilstm__seed44,MSH6,P43246:281:S>R,0,0.20958777
train-clinvar+pg_dms__bilstm__seed44,MSH6,P43246:283:D>W,0,0.1878845
train-clinvar+pg_dms__bilstm__seed44,MSH6,P43246:283:D>T,0,0.024243843
train-clinvar+pg_dms__bilstm__seed44,MSH6,P43246:283:D>N,0,0.027288582
train-clinvar+pg_dms__bilstm__seed44,MSH6,P43246:283:D>R,0,0.046962805
train-clinvar+pg_dms__bilstm__seed44,MSH6,P43246:283:D>S,0,0.020421127
train-clinvar+pg_dms__bilstm__seed44,MSH6,P43246:283:D>H,0,0.04638866
train-clinvar+pg_dms__bilstm__seed44,MSH6,P43246:283:D>I,0,0.041841432
train-clinvar+pg_dms__bilstm__seed44,MSH6,P43246:283:D>F,0,0.083516054
train-clinvar+pg_dms__bilstm__seed44,MSH6,P43246:283:D>L,0,0.04547157
train-clinvar+pg_dms__bilstm__seed44,MSH6,P43246:283:D>E,0,0.024964314
train-clinvar+pg_dms__bilstm__seed44,MSH6,P43246:283:D>C,0,0.05345245
train-clinvar+pg_dms__bilstm__seed44,MSH6,P43246:283:D>A,0,0.023516646
train-clinvar+pg_dms__bilstm__seed44,MSH6,P43246:283:D>P,0,0.06508865
train-clinvar+pg_dms__bilstm__seed44,MSH6,P43246:283:D>Q,0,0.030997712
train-clinvar+pg_dms__bilstm__seed44,MSH6,P43246:283:D>M,0,0.11571168
train-clinvar+pg_dms__bilstm__seed44,MSH6,P43246:284:S>T,0,0.014599307
train-clinvar+pg_dms__bilstm__seed44,MSH6,P43246:284:S>Y,0,0.11067916
train-clinvar+pg_dms__bilstm__seed44,MSH6,P43246:284:S>W,0,0.09204836
train-clinvar+pg_dms__bilstm__seed44,MSH6,P43246:284:S>V,0,0.0262457
train-clinvar+pg_dms__bilstm__seed44,MSH6,P43246:284:S>R,0,0.054851037
train-clinvar+pg_dms__bilstm__seed44,MSH6,P43246:284:S>K,0,0.12717171
train-clinvar+pg_dms__bilstm__seed44,MSH6,P43246:284:S>N,0,0.025302274
train-clinvar+pg_dms__bilstm__seed44,MSH6,P43246:284:S>M,0,0.057096664
train-clinvar+pg_dms__bilstm__seed44,MSH6,P43246:284:S>L,0,0.018453578
train-clinvar+pg_dms__bilstm__seed44,MSH6,P43246:284:S>I,0,0.025350234
train-clinvar+pg_dms__bilstm__seed44,MSH6,P43246:284:S>H,0,0.043046672
train-clinvar+pg_dms__bilstm__seed44,MSH6,P43246:284:S>A,0,0.014671822
train-clinvar+pg_dms__bilstm__seed44,MSH6,P43246:284:S>E,0,0.053721815
train-clinvar+pg_dms__bilstm__seed44,MSH6,P43246:284:S>F,0,0.021676403
train-clinvar+pg_dms__bilstm__seed44,MSH6,P43246:284:S>G,0,0.01870893
train-clinvar+pg_dms__bilstm__seed44,MSH6,P43246:284:S>Q,0,0.03935509
train-clinvar+pg_dms__bilstm__seed44,MSH6,P43246:284:S>C,0,0.009722749
train-clinvar+pg_dms__bilstm__seed44,MSH6,P43246:284:S>P,0,0.12577029
train-clinvar+pg_dms__bilstm__seed44,MSH6,P43246:287:G>Y,0,0.07642342
train-clinvar+pg_dms__bilstm__seed44,MSH6,P43246:287:G>A,0,0.08364113
train-clinvar+pg_dms__bilstm__seed44,MSH6,P43246:287:G>C,0,0.02212139
train-clinvar+pg_dms__bilstm__seed44,MSH6,P43246:287:G>D,0,0.09905388
train-clinvar+pg_dms__bilstm__seed44,MSH6,P43246:287:G>E,0,0.14126939
train-clinvar+pg_dms__bilstm__seed44,MSH6,P43246:287:G>F,0,0.13591784
train-clinvar+pg_dms__bilstm__seed44,MSH6,P43246:287:G>H,0,0.06739143
train-clinvar+pg_dms__bilstm__seed44,MSH6,P43246:287:G>I,0,0.16361359
train-clinvar+pg_dms__bilstm__seed44,MSH6,P43246:287:G>K,0,0.13378488
train-clinvar+pg_dms__bilstm__seed44,MSH6,P43246:287:G>L,0,0.08225662
train-clinvar+pg_dms__bilstm__seed44,MSH6,P43246:287:G>M,0,0.21522552
train-clinvar+pg_dms__bilstm__seed44,MSH6,P43246:287:G>N,0,0.04573028
train-clinvar+pg_dms__bilstm__seed44,MSH6,P43246:287:G>P,1,0.5812083
train-clinvar+pg_dms__bilstm__seed44,MSH6,P43246:287:G>Q,0,0.04826837
train-clinvar+pg_dms__bilstm__seed44,MSH6,P43246:287:G>S,0,0.024015553
train-clinvar+pg_dms__bilstm__seed44,MSH6,P43246:287:G>T,0,0.046568897
train-clinvar+pg_dms__bilstm__seed44,MSH6,P43246:287:G>V,0,0.18506351
train-clinvar+pg_dms__bilstm__seed44,MSH6,P43246:287:G>W,0,0.17775789
train-clinvar+pg_dms__bilstm__seed44,MSH6,P43246:292:T>W,0,0.14622745
train-clinvar+pg_dms__bilstm__seed44,MSH6,P43246:292:T>C,0,0.04367912
train-clinvar+pg_dms__bilstm__seed44,MSH6,P43246:292:T>E,0,0.06449917
train-clinvar+pg_dms__bilstm__seed44,MSH6,P43246:292:T>F,0,0.05321181
train-clinvar+pg_dms__bilstm__seed44,MSH6,P43246:292:T>G,0,0.0568543
train-clinvar+pg_dms__bilstm__seed44,MSH6,P43246:292:T>H,0,0.06033113
train-clinvar+pg_dms__bilstm__seed44,MSH6,P43246:292:T>I,0,0.056128986
train-clinvar+pg_dms__bilstm__seed44,MSH6,P43246:292:T>Y,0,0.059827417
train-clinvar+pg_dms__bilstm__seed44,MSH6,P43246:292:T>K,0,0.066862315
train-clinvar+pg_dms__bilstm__seed44,MSH6,P43246:292:T>M,0,0.08313032
train-clinvar+pg_dms__bilstm__seed44,MSH6,P43246:292:T>Q,0,0.052127022
train-clinvar+pg_dms__bilstm__seed44,MSH6,P43246:292:T>R,0,0.052354272
train-clinvar+pg_dms__bilstm__seed44,MSH6,P43246:292:T>S,0,0.112828605
train-clinvar+pg_dms__bilstm__seed44,MSH6,P43246:292:T>V,0,0.058565255
train-clinvar+pg_dms__bilstm__seed44,MSH6,P43246:292:T>A,0,0.043916896
train-clinvar+pg_dms__bilstm__seed44,MSH6,P43246:292:T>L,0,0.048998356
train-clinvar+pg_dms__bilstm__seed44,MSH6,P43246:292:T>N,0,0.053293362
train-clinvar+pg_dms__bilstm__seed44,MSH6,P43246:295:D>T,0,0.033821348
train-clinvar+pg_dms__bilstm__seed44,MSH6,P43246:295:D>M,0,0.13952094
train-clinvar+pg_dms__bilstm__seed44,MSH6,P43246:295:D>L,0,0.05120453
train-clinvar+pg_dms__bilstm__seed44,MSH6,P43246:295:D>K,0,0.08332366
train-clinvar+pg_dms__bilstm__seed44,MSH6,P43246:295:D>I,0,0.04707949
train-clinvar+pg_dms__bilstm__seed44,MSH6,P43246:295:D>F,0,0.09000867
train-clinvar+pg_dms__bilstm__seed44,MSH6,P43246:295:D>G,0,0.040481046
train-clinvar+pg_dms__bilstm__seed44,MSH6,P43246:295:D>E,0,0.11374176
train-clinvar+pg_dms__bilstm__seed44,MSH6,P43246:295:D>C,0,0.04978017
train-clinvar+pg_dms__bilstm__seed44,MSH6,P43246:295:D>A,0,0.04965814
train-clinvar+pg_dms__bilstm__seed44,MSH6,P43246:295:D>H,0,0.040834423
train-clinvar+pg_dms__bilstm__seed44,MSH6,P43246:295:D>S,0,0.021976365
train-clinvar+pg_dms__bilstm__seed44,MSH6,P43246:295:D>N,0,0.025637923
train-clinvar+pg_dms__bilstm__seed44,MSH6,P43246:295:D>V,0,0.036705546
train-clinvar+pg_dms__bilstm__seed44,MSH6,P43246:295:D>R,0,0.054568604
train-clinvar+pg_dms__bilstm__seed44,MSH6,P43246:295:D>Q,0,0.0431333
train-clinvar+pg_dms__bilstm__seed44,MSH6,P43246:295:D>P,0,0.16108182
train-clinvar+pg_dms__bilstm__seed44,MSH6,P43246:295:D>Y,0,0.034700755
train-clinvar+pg_dms__bilstm__seed44,MSH6,P43246:295:D>W,0,0.20496483
train-clinvar+pg_dms__bilstm__seed44,MSH6,P43246:306:A>C,0,0.49504402
train-clinvar+pg_dms__bilstm__seed44,MSH6,P43246:306:A>E,1,0.69303477
train-clinvar+pg_dms__bilstm__seed44,MSH6,P43246:306:A>F,0,0.67116565
train-clinvar+pg_dms__bilstm__seed44,MSH6,P43246:306:A>D,1,0.76752913
train-clinvar+pg_dms__bilstm__seed44,MSH6,P43246:306:A>G,0,0.26474643
train-clinvar+pg_dms__bilstm__seed44,MSH6,P43246:306:A>H,1,0.69416213
train-clinvar+pg_dms__bilstm__seed44,MSH6,P43246:306:A>I,0,0.6670915
train-clinvar+pg_dms__bilstm__seed44,MSH6,P43246:306:A>K,1,0.75428486
train-clinvar+pg_dms__bilstm__seed44,MSH6,P43246:306:A>L,0,0.6161671
train-clinvar+pg_dms__bilstm__seed44,MSH6,P43246:306:A>M,0,0.66879225
train-clinvar+pg_dms__bilstm__seed44,MSH6,P43246:306:A>N,1,0.7013042
train-clinvar+pg_dms__bilstm__seed44,MSH6,P43246:306:A>P,1,0.82899225
train-clinvar+pg_dms__bilstm__seed44,MSH6,P43246:306:A>Q,1,0.6800069
train-clinvar+pg_dms__bilstm__seed44,MSH6,P43246:306:A>R,1,0.72679424
train-clinvar+pg_dms__bilstm__seed44,MSH6,P43246:306:A>S,0,0.16758071
train-clinvar+pg_dms__bilstm__seed44,MSH6,P43246:306:A>T,0,0.3436362
train-clinvar+pg_dms__bilstm__seed44,MSH6,P43246:306:A>W,0,0.73833364
train-clinvar+pg_dms__bilstm__seed44,MSH6,P43246:306:A>Y,1,0.677449
train-clinvar+pg_dms__bilstm__seed44,MSH6,P43246:312:L>D,0,0.79358906
train-clinvar+pg_dms__bilstm__seed44,MSH6,P43246:312:L>W,0,0.7493068
train-clinvar+pg_dms__bilstm__seed44,MSH6,P43246:312:L>V,0,0.149635
train-clinvar+pg_dms__bilstm__seed44,MSH6,P43246:312:L>T,0,0.55747396
train-clinvar+pg_dms__bilstm__seed44,MSH6,P43246:312:L>S,0,0.6505717
train-clinvar+pg_dms__bilstm__seed44,MSH6,P43246:312:L>R,0,0.65691465
train-clinvar+pg_dms__bilstm__seed44,MSH6,P43246:312:L>P,0,0.728286
train-clinvar+pg_dms__bilstm__seed44,MSH6,P43246:312:L>Y,0,0.664759
train-clinvar+pg_dms__bilstm__seed44,MSH6,P43246:312:L>K,0,0.76622945
train-clinvar+pg_dms__bilstm__seed44,MSH6,P43246:312:L>I,0,0.13093798
train-clinvar+pg_dms__bilstm__seed44,MSH6,P43246:312:L>H,0,0.38226947
train-clinvar+pg_dms__bilstm__seed44,MSH6,P43246:312:L>G,0,0.67432636
train-clinvar+pg_dms__bilstm__seed44,MSH6,P43246:312:L>A,0,0.56897086
train-clinvar+pg_dms__bilstm__seed44,MSH6,P43246:312:L>C,0,0.44117954
train-clinvar+pg_dms__bilstm__seed44,MSH6,P43246:312:L>F,0,0.48642787
train-clinvar+pg_dms__bilstm__seed44,MSH6,P43246:312:L>M,0,0.31955585
train-clinvar+pg_dms__bilstm__seed44,MSH6,P43246:312:L>N,0,0.71852404
train-clinvar+pg_dms__bilstm__seed44,MSH6,P43246:316:S>W,0,0.15047795
train-clinvar+pg_dms__bilstm__seed44,MSH6,P43246:316:S>V,0,0.09557152
train-clinvar+pg_dms__bilstm__seed44,MSH6,P43246:316:S>R,0,0.15629217
train-clinvar+pg_dms__bilstm__seed44,MSH6,P43246:316:S>Q,0,0.1177694
train-clinvar+pg_dms__bilstm__seed44,MSH6,P43246:316:S>P,0,0.108102255
train-clinvar+pg_dms__bilstm__seed44,MSH6,P43246:316:S>N,0,0.087064624
train-clinvar+pg_dms__bilstm__seed44,MSH6,P43246:316:S>M,0,0.12959963
train-clinvar+pg_dms__bilstm__seed44,MSH6,P43246:316:S>L,0,0.08211433
train-clinvar+pg_dms__bilstm__seed44,MSH6,P43246:316:S>I,0,0.092678815
train-clinvar+pg_dms__bilstm__seed44,MSH6,P43246:316:S>H,0,0.1162668
train-clinvar+pg_dms__bilstm__seed44,MSH6,P43246:316:S>G,0,0.07944282
train-clinvar+pg_dms__bilstm__seed44,MSH6,P43246:316:S>F,0,0.08822655
train-clinvar+pg_dms__bilstm__seed44,MSH6,P43246:316:S>D,0,0.14556237
train-clinvar+pg_dms__bilstm__seed44,MSH6,P43246:316:S>A,0,0.07566295
train-clinvar+pg_dms__bilstm__seed44,MSH6,P43246:316:S>K,0,0.19177344
train-clinvar+pg_dms__bilstm__seed44,MSH6,P43246:323:S>W,0,0.06782212
train-clinvar+pg_dms__bilstm__seed44,MSH6,P43246:323:S>A,0,0.046438906
train-clinvar+pg_dms__bilstm__seed44,MSH6,P43246:323:S>V,0,0.043244135
train-clinvar+pg_dms__bilstm__seed44,MSH6,P43246:323:S>T,0,0.03172904
train-clinvar+pg_dms__bilstm__seed44,MSH6,P43246:323:S>R,0,0.07141066
train-clinvar+pg_dms__bilstm__seed44,MSH6,P43246:323:S>Q,0,0.053068187
train-clinvar+pg_dms__bilstm__seed44,MSH6,P43246:323:S>P,0,0.069715485
train-clinvar+pg_dms__bilstm__seed44,MSH6,P43246:323:S>N,0,0.037909318
train-clinvar+pg_dms__bilstm__seed44,MSH6,P43246:323:S>Y,0,0.052143667
train-clinvar+pg_dms__bilstm__seed44,MSH6,P43246:323:S>M,0,0.065225974
train-clinvar+pg_dms__bilstm__seed44,MSH6,P43246:323:S>I,0,0.04098706
train-clinvar+pg_dms__bilstm__seed44,MSH6,P43246:323:S>H,0,0.05060936
train-clinvar+pg_dms__bilstm__seed44,MSH6,P43246:323:S>G,0,0.034890864
train-clinvar+pg_dms__bilstm__seed44,MSH6,P43246:323:S>E,0,0.07868902
train-clinvar+pg_dms__bilstm__seed44,MSH6,P43246:323:S>D,0,0.08778193
train-clinvar+pg_dms__bilstm__seed44,MSH6,P43246:323:S>C,0,0.044038378
train-clinvar+pg_dms__bilstm__seed44,MSH6,P43246:323:S>L,0,0.035980918
train-clinvar+pg_dms__bilstm__seed44,MSH6,P43246:323:S>K,0,0.093405835
train-clinvar+pg_dms__bilstm__seed44,MSH6,P43246:326:L>M,0,0.3219884
train-clinvar+pg_dms__bilstm__seed44,MSH6,P43246:326:L>S,1,0.7721735
train-clinvar+pg_dms__bilstm__seed44,MSH6,P43246:326:L>R,1,0.82735574
train-clinvar+pg_dms__bilstm__seed44,MSH6,P43246:326:L>Q,1,0.75563407
train-clinvar+pg_dms__bilstm__seed44,MSH6,P43246:326:L>P,1,0.86687106
train-clinvar+pg_dms__bilstm__seed44,MSH6,P43246:326:L>N,1,0.79423684
train-clinvar+pg_dms__bilstm__seed44,MSH6,P43246:326:L>K,1,0.825597
train-clinvar+pg_dms__bilstm__seed44,MSH6,P43246:326:L>I,0,0.14659154
train-clinvar+pg_dms__bilstm__seed44,MSH6,P43246:326:L>G,1,0.76405925
train-clinvar+pg_dms__bilstm__seed44,MSH6,P43246:326:L>E,1,0.8280582
train-clinvar+pg_dms__bilstm__seed44,MSH6,P43246:326:L>D,1,0.84016573
train-clinvar+pg_dms__bilstm__seed44,MSH6,P43246:326:L>C,0,0.6710679
train-clinvar+pg_dms__bilstm__seed44,MSH6,P43246:326:L>A,0,0.64569706
train-clinvar+pg_dms__bilstm__seed44,MSH6,P43246:326:L>T,0,0.6262341
train-clinvar+pg_dms__bilstm__seed44,MSH6,P43246:326:L>V,0,0.18838848
train-clinvar+pg_dms__bilstm__seed44,MSH6,P43246:326:L>W,1,0.7895856
train-clinvar+pg_dms__bilstm__seed44,MSH6,P43246:326:L>F,0,0.5000394
train-clinvar+pg_dms__bilstm__seed44,MSH6,P43246:334:K>L,0,0.14713751
train-clinvar+pg_dms__bilstm__seed44,MSH6,P43246:334:K>S,0,0.24763623
train-clinvar+pg_dms__bilstm__seed44,MSH6,P43246:334:K>R,0,0.015082407
train-clinvar+pg_dms__bilstm__seed44,MSH6,P43246:334:K>P,0,0.8253502
train-clinvar+pg_dms__bilstm__seed44,MSH6,P43246:334:K>N,0,0.41140866
train-clinvar+pg_dms__bilstm__seed44,MSH6,P43246:334:K>M,1,0.24817716
train-clinvar+pg_dms__bilstm__seed44,MSH6,P43246:334:K>T,0,0.09196485
train-clinvar+pg_dms__bilstm__seed44,MSH6,P43246:334:K>F,0,0.379882
train-clinvar+pg_dms__bilstm__seed44,MSH6,P43246:334:K>W,0,0.568652
train-clinvar+pg_dms__bilstm__seed44,MSH6,P43246:334:K>Y,0,0.31695744
train-clinvar+pg_dms__bilstm__seed44,MSH6,P43246:334:K>I,0,0.19008876
train-clinvar+pg_dms__bilstm__seed44,MSH6,P43246:334:K>H,0,0.048142042
train-clinvar+pg_dms__bilstm__seed44,MSH6,P43246:334:K>G,0,0.30743742
train-clinvar+pg_dms__bilstm__seed44,MSH6,P43246:334:K>E,0,0.25889003
train-clinvar+pg_dms__bilstm__seed44,MSH6,P43246:334:K>D,0,0.69114476
train-clinvar+pg_dms__bilstm__seed44,MSH6,P43246:334:K>C,0,0.04164122
train-clinvar+pg_dms__bilstm__seed44,MSH6,P43246:334:K>A,0,0.18463558
train-clinvar+pg_dms__bilstm__seed44,MSH6,P43246:334:K>V,0,0.12062597
train-clinvar+pg_dms__bilstm__seed44,MSH6,P43246:339:Q>Y,0,0.08992006
train-clinvar+pg_dms__bilstm__seed44,MSH6,P43246:339:Q>V,0,0.050518062
train-clinvar+pg_dms__bilstm__seed44,MSH6,P43246:339:Q>S,0,0.018136345
train-clinvar+pg_dms__bilstm__seed44,MSH6,P43246:339:Q>A,0,0.020891994
train-clinvar+pg_dms__bilstm__seed44,MSH6,P43246:339:Q>C,0,0.043264933
train-clinvar+pg_dms__bilstm__seed44,MSH6,P43246:339:Q>D,0,0.7062387
train-clinvar+pg_dms__bilstm__seed44,MSH6,P43246:339:Q>E,0,0.031457663
train-clinvar+pg_dms__bilstm__seed44,MSH6,P43246:339:Q>F,0,0.20033748
train-clinvar+pg_dms__bilstm__seed44,MSH6,P43246:339:Q>G,0,0.033338692
train-clinvar+pg_dms__bilstm__seed44,MSH6,P43246:339:Q>T,0,0.019666722
train-clinvar+pg_dms__bilstm__seed44,MSH6,P43246:339:Q>W,0,0.4795069
train-clinvar+pg_dms__bilstm__seed44,MSH6,P43246:339:Q>H,0,0.045241073
train-clinvar+pg_dms__bilstm__seed44,MSH6,P43246:339:Q>I,0,0.062110025
train-clinvar+pg_dms__bilstm__seed44,MSH6,P43246:339:Q>K,0,0.040668324
train-clinvar+pg_dms__bilstm__seed44,MSH6,P43246:339:Q>L,0,0.021946816
train-clinvar+pg_dms__bilstm__seed44,MSH6,P43246:339:Q>M,0,0.15704183
train-clinvar+pg_dms__bilstm__seed44,MSH6,P43246:339:Q>N,0,0.06555505
train-clinvar+pg_dms__bilstm__seed44,MSH6,P43246:341:L>K,0,0.3248149
train-clinvar+pg_dms__bilstm__seed44,MSH6,P43246:341:L>M,0,0.14532447
train-clinvar+pg_dms__bilstm__seed44,MSH6,P43246:341:L>N,1,0.6625535
train-clinvar+pg_dms__bilstm__seed44,MSH6,P43246:341:L>I,0,0.08859512
train-clinvar+pg_dms__bilstm__seed44,MSH6,P43246:341:L>R,0,0.2335539
train-clinvar+pg_dms__bilstm__seed44,MSH6,P43246:341:L>T,0,0.11828609
train-clinvar+pg_dms__bilstm__seed44,MSH6,P43246:341:L>V,0,0.15378676
train-clinvar+pg_dms__bilstm__seed44,MSH6,P43246:341:L>W,0,0.48125568
train-clinvar+pg_dms__bilstm__seed44,MSH6,P43246:341:L>S,1,0.33067507
train-clinvar+pg_dms__bilstm__seed44,MSH6,P43246:341:L>E,0,0.64014894
train-clinvar+pg_dms__bilstm__seed44,MSH6,P43246:341:L>A,0,0.15688308
train-clinvar+pg_dms__bilstm__seed44,MSH6,P43246:341:L>C,0,0.17819656
train-clinvar+pg_dms__bilstm__seed44,MSH6,P43246:341:L>D,1,0.89300656
train-clinvar+pg_dms__bilstm__seed44,MSH6,P43246:341:L>Y,1,0.43688583
train-clinvar+pg_dms__bilstm__seed44,MSH6,P43246:341:L>F,0,0.2286772
train-clinvar+pg_dms__bilstm__seed44,MSH6,P43246:341:L>G,1,0.6268723
train-clinvar+pg_dms__bilstm__seed44,MSH6,P43246:341:L>H,0,0.35745552
train-clinvar+pg_dms__bilstm__seed44,MSH6,P43246:345:W>C,1,0.4233796
train-clinvar+pg_dms__bilstm__seed44,MSH6,P43246:345:W>S,1,0.42377108
train-clinvar+pg_dms__bilstm__seed44,MSH6,P43246:345:W>R,1,0.69717395
train-clinvar+pg_dms__bilstm__seed44,MSH6,P43246:345:W>Q,1,0.5613733
train-clinvar+pg_dms__bilstm__seed44,MSH6,P43246:345:W>P,1,0.8443962
train-clinvar+pg_dms__bilstm__seed44,MSH6,P43246:345:W>N,1,0.5963694
train-clinvar+pg_dms__bilstm__seed44,MSH6,P43246:345:W>M,0,0.57761025
train-clinvar+pg_dms__bilstm__seed44,MSH6,P43246:345:W>L,0,0.35544032
train-clinvar+pg_dms__bilstm__seed44,MSH6,P43246:345:W>A,1,0.46191996
train-clinvar+pg_dms__bilstm__seed44,MSH6,P43246:345:W>Y,0,0.26110908
train-clinvar+pg_dms__bilstm__seed44,MSH6,P43246:345:W>K,1,0.69677836
train-clinvar+pg_dms__bilstm__seed44,MSH6,P43246:345:W>I,0,0.56697315
train-clinvar+pg_dms__bilstm__seed44,MSH6,P43246:345:W>H,1,0.5357574
train-clinvar+pg_dms__bilstm__seed44,MSH6,P43246:345:W>G,1,0.44553
train-clinvar+pg_dms__bilstm__seed44,MSH6,P43246:345:W>F,0,0.12459627
train-clinvar+pg_dms__bilstm__seed44,MSH6,P43246:345:W>E,1,0.66822225
train-clinvar+pg_dms__bilstm__seed44,MSH6,P43246:345:W>D,1,0.7584358
train-clinvar+pg_dms__bilstm__seed44,MSH6,P43246:345:W>T,1,0.4518997
train-clinvar+pg_dms__bilstm__seed44,MSH6,P43246:345:W>V,1,0.5320012
train-clinvar+pg_dms__bilstm__seed44,MSH6,P43246:346:I>G,1,0.7066961
train-clinvar+pg_dms__bilstm__seed44,MSH6,P43246:346:I>R,1,0.8018268
train-clinvar+pg_dms__bilstm__seed44,MSH6,P43246:346:I>Q,1,0.7004333
train-clinvar+pg_dms__bilstm__seed44,MSH6,P43246:346:I>P,1,0.89313596
train-clinvar+pg_dms__bilstm__seed44,MSH6,P43246:346:I>N,1,0.7283653
train-clinvar+pg_dms__bilstm__seed44,MSH6,P43246:346:I>M,0,0.23409921
train-clinvar+pg_dms__bilstm__seed44,MSH6,P43246:346:I>L,0,0.115142524
train-clinvar+pg_dms__bilstm__seed44,MSH6,P43246:346:I>K,1,0.79920536
train-clinvar+pg_dms__bilstm__seed44,MSH6,P43246:346:I>T,0,0.5713752
train-clinvar+pg_dms__bilstm__seed44,MSH6,P43246:346:I>F,0,0.42107403
train-clinvar+pg_dms__bilstm__seed44,MSH6,P43246:346:I>E,1,0.7842599
train-clinvar+pg_dms__bilstm__seed44,MSH6,P43246:346:I>D,1,0.8375413
train-clinvar+pg_dms__bilstm__seed44,MSH6,P43246:346:I>C,0,0.5269237
train-clinvar+pg_dms__bilstm__seed44,MSH6,P43246:346:I>A,0,0.6034816
train-clinvar+pg_dms__bilstm__seed44,MSH6,P43246:346:I>S,0,0.6365643
train-clinvar+pg_dms__bilstm__seed44,MSH6,P43246:346:I>H,1,0.7013021
train-clinvar+pg_dms__bilstm__seed44,MSH6,P43246:346:I>Y,1,0.68827975
train-clinvar+pg_dms__bilstm__seed44,MSH6,P43246:346:I>W,1,0.77223784
train-clinvar+pg_dms__bilstm__seed44,MSH6,P43246:349:P>C,1,0.47072208
train-clinvar+pg_dms__bilstm__seed44,MSH6,P43246:349:P>E,1,0.65715075
train-clinvar+pg_dms__bilstm__seed44,MSH6,P43246:349:P>D,1,0.7338348
train-clinvar+pg_dms__bilstm__seed44,MSH6,P43246:349:P>A,0,0.35273728
train-clinvar+pg_dms__bilstm__seed44,MSH6,P43246:349:P>F,1,0.58377963
train-clinvar+pg_dms__bilstm__seed44,MSH6,P43246:349:P>G,1,0.5947937
train-clinvar+pg_dms__bilstm__seed44,MSH6,P43246:349:P>H,1,0.5933493
train-clinvar+pg_dms__bilstm__seed44,MSH6,P43246:349:P>K,1,0.6886214
train-clinvar+pg_dms__bilstm__seed44,MSH6,P43246:349:P>M,1,0.6705525
train-clinvar+pg_dms__bilstm__seed44,MSH6,P43246:349:P>I,0,0.6007313
train-clinvar+pg_dms__bilstm__seed44,MSH6,P43246:349:P>Q,1,0.58861524
train-clinvar+pg_dms__bilstm__seed44,MSH6,P43246:349:P>V,0,0.5921252
train-clinvar+pg_dms__bilstm__seed44,MSH6,P43246:349:P>W,1,0.6934627
train-clinvar+pg_dms__bilstm__seed44,MSH6,P43246:349:P>Y,1,0.58705187
train-clinvar+pg_dms__bilstm__seed44,MSH6,P43246:349:P>N,1,0.6086503
train-clinvar+pg_dms__bilstm__seed44,MSH6,P43246:350:L>P,0,0.9086953
train-clinvar+pg_dms__bilstm__seed44,MSH6,P43246:350:L>T,1,0.5395587
train-clinvar+pg_dms__bilstm__seed44,MSH6,P43246:350:L>S,0,0.6250313
train-clinvar+pg_dms__bilstm__seed44,MSH6,P43246:350:L>R,0,0.7331788
train-clinvar+pg_dms__bilstm__seed44,MSH6,P43246:350:L>Q,0,0.6042459
train-clinvar+pg_dms__bilstm__seed44,MSH6,P43246:350:L>N,0,0.7932406
train-clinvar+pg_dms__bilstm__seed44,MSH6,P43246:350:L>W,0,0.8172711
train-clinvar+pg_dms__bilstm__seed44,MSH6,P43246:350:L>I,0,0.25826094
train-clinvar+pg_dms__bilstm__seed44,MSH6,P43246:350:L>H,0,0.7607162
train-clinvar+pg_dms__bilstm__seed44,MSH6,P43246:350:L>G,1,0.7896388
train-clinvar+pg_dms__bilstm__seed44,MSH6,P43246:350:L>E,0,0.8206109
train-clinvar+pg_dms__bilstm__seed44,MSH6,P43246:350:L>C,0,0.5919649
train-clinvar+pg_dms__bilstm__seed44,MSH6,P43246:350:L>A,0,0.5203802
train-clinvar+pg_dms__bilstm__seed44,MSH6,P43246:350:L>M,0,0.3120951
train-clinvar+pg_dms__bilstm__seed44,MSH6,P43246:350:L>Y,0,0.77574223
train-clinvar+pg_dms__bilstm__seed44,MSH6,P43246:351:M>A,0,0.024239885
train-clinvar+pg_dms__bilstm__seed44,MSH6,P43246:351:M>C,0,0.025435504
train-clinvar+pg_dms__bilstm__seed44,MSH6,P43246:351:M>D,0,0.8194015
train-clinvar+pg_dms__bilstm__seed44,MSH6,P43246:351:M>W,1,0.5812703
train-clinvar+pg_dms__bilstm__seed44,MSH6,P43246:351:M>V,0,0.08616358
train-clinvar+pg_dms__bilstm__seed44,MSH6,P43246:351:M>T,0,0.080962464
train-clinvar+pg_dms__bilstm__seed44,MSH6,P43246:351:M>S,0,0.027001766
train-clinvar+pg_dms__bilstm__seed44,MSH6,P43246:351:M>R,0,0.020905059
train-clinvar+pg_dms__bilstm__seed44,MSH6,P43246:351:M>Q,0,0.023333514
train-clinvar+pg_dms__bilstm__seed44,MSH6,P43246:351:M>Y,0,0.28273314
train-clinvar+pg_dms__bilstm__seed44,MSH6,P43246:351:M>P,1,0.9027753
train-clinvar+pg_dms__bilstm__seed44,MSH6,P43246:351:M>L,0,0.01397301
train-clinvar+pg_dms__bilstm__seed44,MSH6,P43246:351:M>K,0,0.036794875
train-clinvar+pg_dms__bilstm__seed44,MSH6,P43246:351:M>I,0,0.12974077
train-clinvar+pg_dms__bilstm__seed44,MSH6,P43246:351:M>H,0,0.19027308
train-clinvar+pg_dms__bilstm__seed44,MSH6,P43246:351:M>G,0,0.1253571
train-clinvar+pg_dms__bilstm__seed44,MSH6,P43246:351:M>F,0,0.086490154
train-clinvar+pg_dms__bilstm__seed44,MSH6,P43246:351:M>N,0,0.35095584
train-clinvar+pg_dms__bilstm__seed44,MSH6,P43246:351:M>E,0,0.17655492
train-clinvar+pg_dms__bilstm__seed44,MSH6,P43246:360:L>C,0,0.5347715
train-clinvar+pg_dms__bilstm__seed44,MSH6,P43246:360:L>A,0,0.6731398
train-clinvar+pg_dms__bilstm__seed44,MSH6,P43246:360:L>I,0,0.35234067
train-clinvar+pg_dms__bilstm__seed44,MSH6,P43246:360:L>D,1,0.9210527
train-clinvar+pg_dms__bilstm__seed44,MSH6,P43246:360:L>F,1,0.34552866
train-clinvar+pg_dms__bilstm__seed44,MSH6,P43246:360:L>G,0,0.78781676
train-clinvar+pg_dms__bilstm__seed44,MSH6,P43246:360:L>H,0,0.4697555
train-clinvar+pg_dms__bilstm__seed44,MSH6,P43246:360:L>K,1,0.87833446
train-clinvar+pg_dms__bilstm__seed44,MSH6,P43246:360:L>M,0,0.35386893
train-clinvar+pg_dms__bilstm__seed44,MSH6,P43246:360:L>P,1,0.9463471
train-clinvar+pg_dms__bilstm__seed44,MSH6,P43246:360:L>Q,0,0.31589755
train-clinvar+pg_dms__bilstm__seed44,MSH6,P43246:360:L>R,1,0.815427
train-clinvar+pg_dms__bilstm__seed44,MSH6,P43246:360:L>S,0,0.7366187
train-clinvar+pg_dms__bilstm__seed44,MSH6,P43246:360:L>T,1,0.68369675
train-clinvar+pg_dms__bilstm__seed44,MSH6,P43246:360:L>V,0,0.4479497
train-clinvar+pg_dms__bilstm__seed44,MSH6,P43246:364:E>Y,0,0.5399176
train-clinvar+pg_dms__bilstm__seed44,MSH6,P43246:364:E>A,0,0.070948176
train-clinvar+pg_dms__bilstm__seed44,MSH6,P43246:364:E>C,0,0.41604075
train-clinvar+pg_dms__bilstm__seed44,MSH6,P43246:364:E>D,0,0.25215074
train-clinvar+pg_dms__bilstm__seed44,MSH6,P43246:364:E>F,0,0.5891776
train-clinvar+pg_dms__bilstm__seed44,MSH6,P43246:364:E>G,0,0.09871779
train-clinvar+pg_dms__bilstm__seed44,MSH6,P43246:364:E>H,0,0.4018821
train-clinvar+pg_dms__bilstm__seed44,MSH6,P43246:364:E>I,1,0.5118004
train-clinvar+pg_dms__bilstm__seed44,MSH6,P43246:364:E>L,1,0.4309075
train-clinvar+pg_dms__bilstm__seed44,MSH6,P43246:364:E>M,0,0.48991826
train-clinvar+pg_dms__bilstm__seed44,MSH6,P43246:364:E>N,0,0.25572062
train-clinvar+pg_dms__bilstm__seed44,MSH6,P43246:364:E>P,1,0.8400988
train-clinvar+pg_dms__bilstm__seed44,MSH6,P43246:364:E>Q,0,0.06901531
train-clinvar+pg_dms__bilstm__seed44,MSH6,P43246:364:E>R,1,0.30786148
train-clinvar+pg_dms__bilstm__seed44,MSH6,P43246:364:E>T,0,0.1987311
train-clinvar+pg_dms__bilstm__seed44,MSH6,P43246:364:E>V,0,0.45798704
train-clinvar+pg_dms__bilstm__seed44,MSH6,P43246:364:E>W,0,0.68594897
train-clinvar+pg_dms__bilstm__seed44,MSH6,P43246:364:E>S,0,0.07594217
train-clinvar+pg_dms__bilstm__seed44,MSH6,P43246:366:F>P,1,0.89723444
train-clinvar+pg_dms__bilstm__seed44,MSH6,P43246:366:F>Q,0,0.7890132
train-clinvar+pg_dms__bilstm__seed44,MSH6,P43246:366:F>R,1,0.83395225
train-clinvar+pg_dms__bilstm__seed44,MSH6,P43246:366:F>S,0,0.72332007
train-clinvar+pg_dms__bilstm__seed44,MSH6,P43246:366:F>T,0,0.67272
train-clinvar+pg_dms__bilstm__seed44,MSH6,P43246:366:F>W,0,0.72815937
train-clinvar+pg_dms__bilstm__seed44,MSH6,P43246:366:F>V,0,0.32464674
train-clinvar+pg_dms__bilstm__seed44,MSH6,P43246:366:F>N,0,0.81278634
train-clinvar+pg_dms__bilstm__seed44,MSH6,P43246:366:F>Y,0,0.52550966
train-clinvar+pg_dms__bilstm__seed44,MSH6,P43246:366:F>M,0,0.43410665
train-clinvar+pg_dms__bilstm__seed44,MSH6,P43246:366:F>E,1,0.8357894
train-clinvar+pg_dms__bilstm__seed44,MSH6,P43246:366:F>K,0,0.847399
train-clinvar+pg_dms__bilstm__seed44,MSH6,P43246:366:F>I,0,0.32447007
train-clinvar+pg_dms__bilstm__seed44,MSH6,P43246:366:F>H,0,0.78938496
train-clinvar+pg_dms__bilstm__seed44,MSH6,P43246:366:F>G,0,0.77221453
train-clinvar+pg_dms__bilstm__seed44,MSH6,P43246:366:F>D,1,0.8592649
train-clinvar+pg_dms__bilstm__seed44,MSH6,P43246:366:F>C,0,0.2884131
train-clinvar+pg_dms__bilstm__seed44,MSH6,P43246:366:F>A,0,0.6293919
train-clinvar+pg_dms__bilstm__seed44,MSH6,P43246:367:V>H,0,0.15781653
train-clinvar+pg_dms__bilstm__seed44,MSH6,P43246:367:V>G,0,0.049827818
train-clinvar+pg_dms__bilstm__seed44,MSH6,P43246:367:V>E,0,0.14164083
train-clinvar+pg_dms__bilstm__seed44,MSH6,P43246:367:V>F,0,0.030935038
train-clinvar+pg_dms__bilstm__seed44,MSH6,P43246:367:V>C,0,0.059735652
train-clinvar+pg_dms__bilstm__seed44,MSH6,P43246:367:V>A,0,0.095208004
train-clinvar+pg_dms__bilstm__seed44,MSH6,P43246:367:V>D,0,0.3498989
train-clinvar+pg_dms__bilstm__seed44,MSH6,P43246:367:V>K,0,0.1733183
train-clinvar+pg_dms__bilstm__seed44,MSH6,P43246:367:V>L,0,0.039006848
train-clinvar+pg_dms__bilstm__seed44,MSH6,P43246:367:V>W,0,0.40888134
train-clinvar+pg_dms__bilstm__seed44,MSH6,P43246:367:V>N,0,0.103133164
train-clinvar+pg_dms__bilstm__seed44,MSH6,P43246:367:V>P,1,0.8006813
train-clinvar+pg_dms__bilstm__seed44,MSH6,P43246:367:V>Q,0,0.06548315
train-clinvar+pg_dms__bilstm__seed44,MSH6,P43246:367:V>R,0,0.07673318
train-clinvar+pg_dms__bilstm__seed44,MSH6,P43246:367:V>S,0,0.028041102
train-clinvar+pg_dms__bilstm__seed44,MSH6,P43246:367:V>T,0,0.02763441
train-clinvar+pg_dms__bilstm__seed44,MSH6,P43246:367:V>Y,0,0.09434369
train-clinvar+pg_dms__bilstm__seed44,MSH6,P43246:367:V>M,0,0.08818775
train-clinvar+pg_dms__bilstm__seed44,MSH6,P43246:372:L>R,0,0.2971906
train-clinvar+pg_dms__bilstm__seed44,MSH6,P43246:372:L>W,0,0.49526194
train-clinvar+pg_dms__bilstm__seed44,MSH6,P43246:372:L>Y,0,0.38257754
train-clinvar+pg_dms__bilstm__seed44,MSH6,P43246:372:L>T,0,0.1072601
train-clinvar+pg_dms__bilstm__seed44,MSH6,P43246:372:L>Q,0,0.18451999
train-clinvar+pg_dms__bilstm__seed44,MSH6,P43246:372:L>P,0,0.8853697
train-clinvar+pg_dms__bilstm__seed44,MSH6,P43246:372:L>M,0,0.1625623
train-clinvar+pg_dms__bilstm__seed44,MSH6,P43246:372:L>N,0,0.48055592
train-clinvar+pg_dms__bilstm__seed44,MSH6,P43246:372:L>I,0,0.08804052
train-clinvar+pg_dms__bilstm__seed44,MSH6,P43246:372:L>H,0,0.3886717
train-clinvar+pg_dms__bilstm__seed44,MSH6,P43246:372:L>G,0,0.37297273
train-clinvar+pg_dms__bilstm__seed44,MSH6,P43246:372:L>D,0,0.8254549
train-clinvar+pg_dms__bilstm__seed44,MSH6,P43246:372:L>C,0,0.15246703
train-clinvar+pg_dms__bilstm__seed44,MSH6,P43246:372:L>A,0,0.14940038
train-clinvar+pg_dms__bilstm__seed44,MSH6,P43246:372:L>K,0,0.49770388
train-clinvar+pg_dms__bilstm__seed44,MSH6,P43246:372:L>V,0,0.15884571
train-clinvar+pg_dms__bilstm__seed44,MSH6,P43246:375:T>H,0,0.02687753
train-clinvar+pg_dms__bilstm__seed44,MSH6,P43246:375:T>I,0,0.12275681
train-clinvar+pg_dms__bilstm__seed44,MSH6,P43246:375:T>K,0,0.044121392
train-clinvar+pg_dms__bilstm__seed44,MSH6,P43246:375:T>D,0,0.06778062
train-clinvar+pg_dms__bilstm__seed44,MSH6,P43246:375:T>M,0,0.05900503
train-clinvar+pg_dms__bilstm__seed44,MSH6,P43246:375:T>N,0,0.023814937
train-clinvar+pg_dms__bilstm__seed44,MSH6,P43246:375:T>P,0,0.18527132
train-clinvar+pg_dms__bilstm__seed44,MSH6,P43246:375:T>Q,0,0.02336539
train-clinvar+pg_dms__bilstm__seed44,MSH6,P43246:375:T>R,0,0.026735108
train-clinvar+pg_dms__bilstm__seed44,MSH6,P43246:375:T>E,0,0.033099372
train-clinvar+pg_dms__bilstm__seed44,MSH6,P43246:375:T>V,0,0.026963182
train-clinvar+pg_dms__bilstm__seed44,MSH6,P43246:375:T>S,0,0.07182834
train-clinvar+pg_dms__bilstm__seed44,MSH6,P43246:375:T>L,0,0.019667214
train-clinvar+pg_dms__bilstm__seed44,MSH6,P43246:375:T>F,0,0.018838149
train-clinvar+pg_dms__bilstm__seed44,MSH6,P43246:375:T>G,0,0.021316284
train-clinvar+pg_dms__bilstm__seed44,MSH6,P43246:375:T>C,0,0.011590439
train-clinvar+pg_dms__bilstm__seed44,MSH6,P43246:375:T>A,0,0.018060606
train-clinvar+pg_dms__bilstm__seed44,MSH6,P43246:375:T>W,0,0.106541984
train-clinvar+pg_dms__bilstm__seed44,MSH6,P43246:375:T>Y,0,0.020901851
train-clinvar+pg_dms__bilstm__seed44,MSH6,P43246:378:E>A,0,0.10675037
train-clinvar+pg_dms__bilstm__seed44,MSH6,P43246:378:E>C,0,0.09184146
train-clinvar+pg_dms__bilstm__seed44,MSH6,P43246:378:E>D,0,0.033933494
train-clinvar+pg_dms__bilstm__seed44,MSH6,P43246:378:E>F,0,0.12958394
train-clinvar+pg_dms__bilstm__seed44,MSH6,P43246:378:E>H,0,0.10675058
train-clinvar+pg_dms__bilstm__seed44,MSH6,P43246:378:E>G,0,0.025494969
train-clinvar+pg_dms__bilstm__seed44,MSH6,P43246:378:E>W,0,0.24335301
train-clinvar+pg_dms__bilstm__seed44,MSH6,P43246:378:E>I,0,0.107220516
train-clinvar+pg_dms__bilstm__seed44,MSH6,P43246:378:E>L,0,0.08396943
train-clinvar+pg_dms__bilstm__seed44,MSH6,P43246:378:E>M,0,0.16915348
train-clinvar+pg_dms__bilstm__seed44,MSH6,P43246:378:E>N,0,0.037912015
train-clinvar+pg_dms__bilstm__seed44,MSH6,P43246:378:E>P,0,0.33264357
train-clinvar+pg_dms__bilstm__seed44,MSH6,P43246:378:E>Q,0,0.03249321
train-clinvar+pg_dms__bilstm__seed44,MSH6,P43246:378:E>R,0,0.082735494
train-clinvar+pg_dms__bilstm__seed44,MSH6,P43246:378:E>S,0,0.026867442
train-clinvar+pg_dms__bilstm__seed44,MSH6,P43246:378:E>T,0,0.035324175
train-clinvar+pg_dms__bilstm__seed44,MSH6,P43246:378:E>V,0,0.058717865
train-clinvar+pg_dms__bilstm__seed44,MSH6,P43246:378:E>Y,0,0.10289392
train-clinvar+pg_dms__bilstm__seed44,MSH6,P43246:383:R>W,0,0.09147107
train-clinvar+pg_dms__bilstm__seed44,MSH6,P43246:383:R>V,0,0.109590866
train-clinvar+pg_dms__bilstm__seed44,MSH6,P43246:383:R>T,0,0.07331431
train-clinvar+pg_dms__bilstm__seed44,MSH6,P43246:383:R>Q,0,0.11131545
train-clinvar+pg_dms__bilstm__seed44,MSH6,P43246:383:R>P,0,0.37941742
train-clinvar+pg_dms__bilstm__seed44,MSH6,P43246:383:R>N,0,0.15974583
train-clinvar+pg_dms__bilstm__seed44,MSH6,P43246:383:R>M,0,0.19497925
train-clinvar+pg_dms__bilstm__seed44,MSH6,P43246:383:R>G,0,0.15276238
train-clinvar+pg_dms__bilstm__seed44,MSH6,P43246:383:R>I,0,0.098129325
train-clinvar+pg_dms__bilstm__seed44,MSH6,P43246:383:R>H,0,0.021813102
train-clinvar+pg_dms__bilstm__seed44,MSH6,P43246:383:R>F,0,0.12839983
train-clinvar+pg_dms__bilstm__seed44,MSH6,P43246:383:R>E,0,0.1765551
train-clinvar+pg_dms__bilstm__seed44,MSH6,P43246:383:R>D,0,0.31402335
train-clinvar+pg_dms__bilstm__seed44,MSH6,P43246:383:R>Y,0,0.06398358
train-clinvar+pg_dms__bilstm__seed44,MSH6,P43246:383:R>A,0,0.10417222
train-clinvar+pg_dms__bilstm__seed44,MSH6,P43246:383:R>K,0,0.029470358
train-clinvar+pg_dms__bilstm__seed44,MSH6,P43246:383:R>C,0,0.0116595365
train-clinvar+pg_dms__bilstm__seed44,MSH6,P43246:383:R>S,0,0.08651451
train-clinvar+pg_dms__bilstm__seed44,MSH6,P43246:390:L>C,0,0.34415728
train-clinvar+pg_dms__bilstm__seed44,MSH6,P43246:390:L>I,0,0.0890214
train-clinvar+pg_dms__bilstm__seed44,MSH6,P43246:390:L>K,0,0.7671589
train-clinvar+pg_dms__bilstm__seed44,MSH6,P43246:390:L>N,0,0.59916484
train-clinvar+pg_dms__bilstm__seed44,MSH6,P43246:390:L>A,0,0.25866053
train-clinvar+pg_dms__bilstm__seed44,MSH6,P43246:390:L>D,0,0.84712064
train-clinvar+pg_dms__bilstm__seed44,MSH6,P43246:390:L>M,0,0.17553888
train-clinvar+pg_dms__bilstm__seed44,MSH6,P43246:390:L>S,0,0.3935805
train-clinvar+pg_dms__bilstm__seed44,MSH6,P43246:390:L>H,0,0.5058584
train-clinvar+pg_dms__bilstm__seed44,MSH6,P43246:390:L>G,0,0.6388771
train-clinvar+pg_dms__bilstm__seed44,MSH6,P43246:390:L>W,1,0.6395947
train-clinvar+pg_dms__bilstm__seed44,MSH6,P43246:390:L>T,0,0.21814217
train-clinvar+pg_dms__bilstm__seed44,MSH6,P43246:390:L>R,0,0.67742175
train-clinvar+pg_dms__bilstm__seed44,MSH6,P43246:390:L>Q,0,0.31152195
train-clinvar+pg_dms__bilstm__seed44,MSH6,P43246:390:L>P,0,0.888942
train-clinvar+pg_dms__bilstm__seed44,MSH6,P43246:390:L>E,0,0.7340673
train-clinvar+pg_dms__bilstm__seed44,MSH6,P43246:391:A>I,0,0.27380905
train-clinvar+pg_dms__bilstm__seed44,MSH6,P43246:391:A>T,0,0.11020734
train-clinvar+pg_dms__bilstm__seed44,MSH6,P43246:391:A>Q,0,0.3784817
train-clinvar+pg_dms__bilstm__seed44,MSH6,P43246:391:A>H,0,0.5302275
train-clinvar+pg_dms__bilstm__seed44,MSH6,P43246:391:A>G,0,0.048018105
train-clinvar+pg_dms__bilstm__seed44,MSH6,P43246:391:A>S,0,0.027200751
train-clinvar+pg_dms__bilstm__seed44,MSH6,P43246:391:A>E,0,0.6179206
train-clinvar+pg_dms__bilstm__seed44,MSH6,P43246:391:A>R,0,0.6428676
train-clinvar+pg_dms__bilstm__seed44,MSH6,P43246:391:A>N,0,0.43520203
train-clinvar+pg_dms__bilstm__seed44,MSH6,P43246:391:A>M,0,0.36309904
train-clinvar+pg_dms__bilstm__seed44,MSH6,P43246:391:A>L,0,0.18012425
train-clinvar+pg_dms__bilstm__seed44,MSH6,P43246:391:A>K,0,0.7146802
train-clinvar+pg_dms__bilstm__seed44,MSH6,P43246:391:A>V,0,0.102370806
train-clinvar+pg_dms__bilstm__seed44,MSH6,P43246:391:A>W,0,0.7152972
train-clinvar+pg_dms__bilstm__seed44,MSH6,P43246:391:A>Y,0,0.4706673
train-clinvar+pg_dms__bilstm__seed44,MSH6,P43246:391:A>F,0,0.3911373
train-clinvar+pg_dms__bilstm__seed44,MSH6,P43246:393:K>W,0,0.40116903
train-clinvar+pg_dms__bilstm__seed44,MSH6,P43246:393:K>R,0,0.012285837
train-clinvar+pg_dms__bilstm__seed44,MSH6,P43246:393:K>S,0,0.17981172
train-clinvar+pg_dms__bilstm__seed44,MSH6,P43246:393:K>T,0,0.16266751
train-clinvar+pg_dms__bilstm__seed44,MSH6,P43246:393:K>V,0,0.24253891
train-clinvar+pg_dms__bilstm__seed44,MSH6,P43246:393:K>Y,0,0.21611279
train-clinvar+pg_dms__bilstm__seed44,MSH6,P43246:393:K>A,0,0.18753244
train-clinvar+pg_dms__bilstm__seed44,MSH6,P43246:393:K>P,1,0.52618366
train-clinvar+pg_dms__bilstm__seed44,MSH6,P43246:393:K>N,0,0.25408223
train-clinvar+pg_dms__bilstm__seed44,MSH6,P43246:393:K>L,0,0.17355818
train-clinvar+pg_dms__bilstm__seed44,MSH6,P43246:393:K>I,0,0.2475777
train-clinvar+pg_dms__bilstm__seed44,MSH6,P43246:393:K>H,0,0.13744728
train-clinvar+pg_dms__bilstm__seed44,MSH6,P43246:393:K>G,0,0.22643097
train-clinvar+pg_dms__bilstm__seed44,MSH6,P43246:393:K>F,0,0.2140656
train-clinvar+pg_dms__bilstm__seed44,MSH6,P43246:393:K>D,0,0.41845357
train-clinvar+pg_dms__bilstm__seed44,MSH6,P43246:393:K>C,0,0.1221116
train-clinvar+pg_dms__bilstm__seed44,MSH6,P43246:393:K>M,0,0.3728982
train-clinvar+pg_dms__bilstm__seed44,MSH6,P43246:394:F>Y,0,0.16784824
train-clinvar+pg_dms__bilstm__seed44,MSH6,P43246:394:F>W,0,0.51741904
train-clinvar+pg_dms__bilstm__seed44,MSH6,P43246:394:F>V,0,0.2629409
train-clinvar+pg_dms__bilstm__seed44,MSH6,P43246:394:F>S,0,0.4727958
train-clinvar+pg_dms__bilstm__seed44,MSH6,P43246:394:F>R,1,0.60233283
train-clinvar+pg_dms__bilstm__seed44,MSH6,P43246:394:F>Q,0,0.534037
train-clinvar+pg_dms__bilstm__seed44,MSH6,P43246:394:F>P,1,0.77995825
train-clinvar+pg_dms__bilstm__seed44,MSH6,P43246:394:F>L,0,0.29329562
train-clinvar+pg_dms__bilstm__seed44,MSH6,P43246:394:F>M,0,0.41674936
train-clinvar+pg_dms__bilstm__seed44,MSH6,P43246:394:F>K,0,0.6580884
train-clinvar+pg_dms__bilstm__seed44,MSH6,P43246:394:F>I,0,0.2288564
train-clinvar+pg_dms__bilstm__seed44,MSH6,P43246:394:F>H,0,0.53227293
train-clinvar+pg_dms__bilstm__seed44,MSH6,P43246:394:F>G,0,0.5317392
train-clinvar+pg_dms__bilstm__seed44,MSH6,P43246:394:F>D,1,0.68898886
train-clinvar+pg_dms__bilstm__seed44,MSH6,P43246:394:F>C,0,0.23542632
train-clinvar+pg_dms__bilstm__seed44,MSH6,P43246:394:F>N,0,0.56669825
train-clinvar+pg_dms__bilstm__seed44,MSH6,P43246:394:F>A,0,0.4586041
train-clinvar+pg_dms__bilstm__seed44,MSH6,P43246:394:F>T,1,0.44017616
train-clinvar+pg_dms__bilstm__seed44,MSH6,P43246:396:R>Y,0,0.07281277
train-clinvar+pg_dms__bilstm__seed44,MSH6,P43246:396:R>W,0,0.08355943
train-clinvar+pg_dms__bilstm__seed44,MSH6,P43246:396:R>T,0,0.15777595
train-clinvar+pg_dms__bilstm__seed44,MSH6,P43246:396:R>A,0,0.09985595
train-clinvar+pg_dms__bilstm__seed44,MSH6,P43246:396:R>E,0,0.14496987
train-clinvar+pg_dms__bilstm__seed44,MSH6,P43246:396:R>V,0,0.1108912
train-clinvar+pg_dms__bilstm__seed44,MSH6,P43246:396:R>G,0,0.04367815
train-clinvar+pg_dms__bilstm__seed44,MSH6,P43246:396:R>H,0,0.011043382
train-clinvar+pg_dms__bilstm__seed44,MSH6,P43246:396:R>F,0,0.11501733
train-clinvar+pg_dms__bilstm__seed44,MSH6,P43246:396:R>L,0,0.04159512
train-clinvar+pg_dms__bilstm__seed44,MSH6,P43246:396:R>M,1,0.18687782
train-clinvar+pg_dms__bilstm__seed44,MSH6,P43246:396:R>P,0,0.36708155
train-clinvar+pg_dms__bilstm__seed44,MSH6,P43246:396:R>Q,0,0.009000728
train-clinvar+pg_dms__bilstm__seed44,MSH6,P43246:396:R>S,0,0.09268742
train-clinvar+pg_dms__bilstm__seed44,MSH6,P43246:396:R>K,0,0.011993583
train-clinvar+pg_dms__bilstm__seed44,MSH6,P43246:396:R>C,0,0.0065528876
train-clinvar+pg_dms__bilstm__seed44,MSH6,P43246:402:Q>Y,0,0.12338595
train-clinvar+pg_dms__bilstm__seed44,MSH6,P43246:402:Q>A,0,0.011341641
train-clinvar+pg_dms__bilstm__seed44,MSH6,P43246:402:Q>S,0,0.013149402
train-clinvar+pg_dms__bilstm__seed44,MSH6,P43246:402:Q>V,0,0.036165208
train-clinvar+pg_dms__bilstm__seed44,MSH6,P43246:402:Q>E,0,0.0910248
train-clinvar+pg_dms__bilstm__seed44,MSH6,P43246:402:Q>F,0,0.13653135
train-clinvar+pg_dms__bilstm__seed44,MSH6,P43246:402:Q>G,0,0.033209495
train-clinvar+pg_dms__bilstm__seed44,MSH6,P43246:402:Q>I,0,0.07152272
train-clinvar+pg_dms__bilstm__seed44,MSH6,P43246:402:Q>T,0,0.01652652
train-clinvar+pg_dms__bilstm__seed44,MSH6,P43246:402:Q>K,0,0.14684482
train-clinvar+pg_dms__bilstm__seed44,MSH6,P43246:402:Q>D,0,0.30520788
train-clinvar+pg_dms__bilstm__seed44,MSH6,P43246:402:Q>C,0,0.08465509
train-clinvar+pg_dms__bilstm__seed44,MSH6,P43246:402:Q>M,0,0.08110452
train-clinvar+pg_dms__bilstm__seed44,MSH6,P43246:402:Q>N,0,0.047343835
train-clinvar+pg_dms__bilstm__seed44,MSH6,P43246:402:Q>P,0,0.035893686
train-clinvar+pg_dms__bilstm__seed44,MSH6,P43246:402:Q>R,0,0.12575816
train-clinvar+pg_dms__bilstm__seed44,MSH6,P43246:402:Q>L,0,0.016704014
train-clinvar+pg_dms__bilstm__seed44,MSH6,P43246:402:Q>W,0,0.3193349
train-clinvar+pg_dms__bilstm__seed44,MSH6,P43246:407:L>Y,0,0.68173623
train-clinvar+pg_dms__bilstm__seed44,MSH6,P43246:407:L>V,0,0.16308223
train-clinvar+pg_dms__bilstm__seed44,MSH6,P43246:407:L>W,0,0.73862225
train-clinvar+pg_dms__bilstm__seed44,MSH6,P43246:407:L>A,0,0.28491682
train-clinvar+pg_dms__bilstm__seed44,MSH6,P43246:407:L>C,0,0.32724646
train-clinvar+pg_dms__bilstm__seed44,MSH6,P43246:407:L>D,1,0.843549
train-clinvar+pg_dms__bilstm__seed44,MSH6,P43246:407:L>F,0,0.25359812
train-clinvar+pg_dms__bilstm__seed44,MSH6,P43246:407:L>G,0,0.638141
train-clinvar+pg_dms__bilstm__seed44,MSH6,P43246:407:L>H,0,0.68350875
train-clinvar+pg_dms__bilstm__seed44,MSH6,P43246:407:L>E,0,0.7896589
train-clinvar+pg_dms__bilstm__seed44,MSH6,P43246:407:L>M,0,0.21648012
train-clinvar+pg_dms__bilstm__seed44,MSH6,P43246:407:L>N,0,0.6825809
train-clinvar+pg_dms__bilstm__seed44,MSH6,P43246:407:L>P,1,0.8898851
train-clinvar+pg_dms__bilstm__seed44,MSH6,P43246:407:L>Q,0,0.6310853
train-clinvar+pg_dms__bilstm__seed44,MSH6,P43246:407:L>R,1,0.7913396
train-clinvar+pg_dms__bilstm__seed44,MSH6,P43246:407:L>S,0,0.5153455
train-clinvar+pg_dms__bilstm__seed44,MSH6,P43246:407:L>T,0,0.31305122
train-clinvar+pg_dms__bilstm__seed44,MSH6,P43246:407:L>I,0,0.13434088
train-clinvar+pg_dms__bilstm__seed44,MSH6,P43246:409:Q>P,0,0.7720002
train-clinvar+pg_dms__bilstm__seed44,MSH6,P43246:409:Q>Y,0,0.25337863
train-clinvar+pg_dms__bilstm__seed44,MSH6,P43246:409:Q>W,0,0.5221641
train-clinvar+pg_dms__bilstm__seed44,MSH6,P43246:409:Q>V,0,0.02397294
train-clinvar+pg_dms__bilstm__seed44,MSH6,P43246:409:Q>T,0,0.017933631
train-clinvar+pg_dms__bilstm__seed44,MSH6,P43246:409:Q>S,0,0.020987472
train-clinvar+pg_dms__bilstm__seed44,MSH6,P43246:409:Q>M,0,0.076684624
train-clinvar+pg_dms__bilstm__seed44,MSH6,P43246:409:Q>A,0,0.01826848
train-clinvar+pg_dms__bilstm__seed44,MSH6,P43246:409:Q>L,0,0.014443106
train-clinvar+pg_dms__bilstm__seed44,MSH6,P43246:409:Q>C,0,0.07836221
train-clinvar+pg_dms__bilstm__seed44,MSH6,P43246:409:Q>D,0,0.5698398
train-clinvar+pg_dms__bilstm__seed44,MSH6,P43246:409:Q>G,0,0.058380257
train-clinvar+pg_dms__bilstm__seed44,MSH6,P43246:409:Q>F,0,0.28005713
train-clinvar+pg_dms__bilstm__seed44,MSH6,P43246:409:Q>H,0,0.12920202
train-clinvar+pg_dms__bilstm__seed44,MSH6,P43246:409:Q>I,0,0.04098915
train-clinvar+pg_dms__bilstm__seed44,MSH6,P43246:409:Q>E,0,0.11986791
train-clinvar+pg_dms__bilstm__seed44,MSH6,P43246:432:L>N,0,0.7814813
train-clinvar+pg_dms__bilstm__seed44,MSH6,P43246:432:L>P,0,0.8897625
train-clinvar+pg_dms__bilstm__seed44,MSH6,P43246:432:L>R,0,0.7202457
train-clinvar+pg_dms__bilstm__seed44,MSH6,P43246:432:L>Q,0,0.56773466
train-clinvar+pg_dms__bilstm__seed44,MSH6,P43246:432:L>T,0,0.48529547
train-clinvar+pg_dms__bilstm__seed44,MSH6,P43246:432:L>V,0,0.16508834
train-clinvar+pg_dms__bilstm__seed44,MSH6,P43246:432:L>M,0,0.27512878
train-clinvar+pg_dms__bilstm__seed44,MSH6,P43246:432:L>Y,0,0.6265403
train-clinvar+pg_dms__bilstm__seed44,MSH6,P43246:432:L>S,0,0.6344789
train-clinvar+pg_dms__bilstm__seed44,MSH6,P43246:432:L>K,0,0.8138714
train-clinvar+pg_dms__bilstm__seed44,MSH6,P43246:432:L>F,0,0.2461052
train-clinvar+pg_dms__bilstm__seed44,MSH6,P43246:432:L>H,0,0.68871766
train-clinvar+pg_dms__bilstm__seed44,MSH6,P43246:432:L>G,1,0.75311464
train-clinvar+pg_dms__bilstm__seed44,MSH6,P43246:432:L>E,0,0.81298614
train-clinvar+pg_dms__bilstm__seed44,MSH6,P43246:432:L>D,0,0.878814
train-clinvar+pg_dms__bilstm__seed44,MSH6,P43246:432:L>C,0,0.46720406
train-clinvar+pg_dms__bilstm__seed44,MSH6,P43246:432:L>A,0,0.5011523
train-clinvar+pg_dms__bilstm__seed44,MSH6,P43246:432:L>I,0,0.14359751
train-clinvar+pg_dms__bilstm__seed44,MSH6,P43246:433:L>P,0,0.17733264
train-clinvar+pg_dms__bilstm__seed44,MSH6,P43246:433:L>Q,0,0.027018145
train-clinvar+pg_dms__bilstm__seed44,MSH6,P43246:433:L>R,0,0.02900639
train-clinvar+pg_dms__bilstm__seed44,MSH6,P43246:433:L>S,0,0.022767965
train-clinvar+pg_dms__bilstm__seed44,MSH6,P43246:433:L>W,1,0.06444175
train-clinvar+pg_dms__bilstm__seed44,MSH6,P43246:433:L>V,0,0.042131517
train-clinvar+pg_dms__bilstm__seed44,MSH6,P43246:433:L>N,0,0.037982944
train-clinvar+pg_dms__bilstm__seed44,MSH6,P43246:433:L>Y,0,0.03234585
train-clinvar+pg_dms__bilstm__seed44,MSH6,P43246:433:L>T,0,0.026694307
train-clinvar+pg_dms__bilstm__seed44,MSH6,P43246:433:L>M,0,0.06914804
train-clinvar+pg_dms__bilstm__seed44,MSH6,P43246:433:L>I,0,0.033248153
train-clinvar+pg_dms__bilstm__seed44,MSH6,P43246:433:L>H,0,0.04003208
train-clinvar+pg_dms__bilstm__seed44,MSH6,P43246:433:L>G,0,0.039729435
train-clinvar+pg_dms__bilstm__seed44,MSH6,P43246:433:L>C,0,0.020660557
train-clinvar+pg_dms__bilstm__seed44,MSH6,P43246:433:L>A,0,0.025939696
train-clinvar+pg_dms__bilstm__seed44,MSH6,P43246:433:L>K,0,0.045556545
train-clinvar+pg_dms__bilstm__seed44,MSH6,P43246:438:T>A,0,0.030570311
train-clinvar+pg_dms__bilstm__seed44,MSH6,P43246:438:T>C,0,0.026436826
train-clinvar+pg_dms__bilstm__seed44,MSH6,P43246:438:T>Y,0,0.03455901
train-clinvar+pg_dms__bilstm__seed44,MSH6,P43246:438:T>W,0,0.14483944
train-clinvar+pg_dms__bilstm__seed44,MSH6,P43246:438:T>V,0,0.04505896
train-clinvar+pg_dms__bilstm__seed44,MSH6,P43246:438:T>R,0,0.040529605
train-clinvar+pg_dms__bilstm__seed44,MSH6,P43246:438:T>Q,0,0.034553964
train-clinvar+pg_dms__bilstm__seed44,MSH6,P43246:438:T>N,0,0.038521245
train-clinvar+pg_dms__bilstm__seed44,MSH6,P43246:438:T>L,0,0.031723626
train-clinvar+pg_dms__bilstm__seed44,MSH6,P43246:438:T>K,0,0.051786907
train-clinvar+pg_dms__bilstm__seed44,MSH6,P43246:438:T>G,0,0.037274998
train-clinvar+pg_dms__bilstm__seed44,MSH6,P43246:438:T>F,0,0.032852847
train-clinvar+pg_dms__bilstm__seed44,MSH6,P43246:438:T>M,0,0.07550625
train-clinvar+pg_dms__bilstm__seed44,MSH6,P43246:438:T>E,0,0.046874337
train-clinvar+pg_dms__bilstm__seed44,MSH6,P43246:438:T>D,0,0.06884675
train-clinvar+pg_dms__bilstm__seed44,MSH6,P43246:447:F>E,1,0.83877283
train-clinvar+pg_dms__bilstm__seed44,MSH6,P43246:447:F>Y,0,0.23171808
train-clinvar+pg_dms__bilstm__seed44,MSH6,P43246:447:F>C,0,0.19845603
train-clinvar+pg_dms__bilstm__seed44,MSH6,P43246:447:F>T,0,0.6201214
train-clinvar+pg_dms__bilstm__seed44,MSH6,P43246:447:F>S,0,0.651545
train-clinvar+pg_dms__bilstm__seed44,MSH6,P43246:447:F>R,1,0.84615535
train-clinvar+pg_dms__bilstm__seed44,MSH6,P43246:447:F>Q,1,0.7774221
train-clinvar+pg_dms__bilstm__seed44,MSH6,P43246:447:F>P,1,0.93071604
train-clinvar+pg_dms__bilstm__seed44,MSH6,P43246:447:F>M,0,0.593834
train-clinvar+pg_dms__bilstm__seed44,MSH6,P43246:447:F>L,0,0.6022277
train-clinvar+pg_dms__bilstm__seed44,MSH6,P43246:447:F>K,1,0.8653495
train-clinvar+pg_dms__bilstm__seed44,MSH6,P43246:447:F>I,0,0.44128886
train-clinvar+pg_dms__bilstm__seed44,MSH6,P43246:447:F>H,0,0.753039
train-clinvar+pg_dms__bilstm__seed44,MSH6,P43246:447:F>G,0,0.74695915
train-clinvar+pg_dms__bilstm__seed44,MSH6,P43246:447:F>A,0,0.6576671
train-clinvar+pg_dms__bilstm__seed44,MSH6,P43246:447:F>W,1,0.755793
train-clinvar+pg_dms__bilstm__seed44,MSH6,P43246:447:F>D,1,0.8831126
train-clinvar+pg_dms__bilstm__seed44,MSH6,P43246:453:M>T,0,0.53361535
train-clinvar+pg_dms__bilstm__seed44,MSH6,P43246:453:M>F,0,0.601556
train-clinvar+pg_dms__bilstm__seed44,MSH6,P43246:453:M>Y,0,0.669657
train-clinvar+pg_dms__bilstm__seed44,MSH6,P43246:453:M>C,0,0.39501143
train-clinvar+pg_dms__bilstm__seed44,MSH6,P43246:453:M>D,0,0.85716635
train-clinvar+pg_dms__bilstm__seed44,MSH6,P43246:453:M>E,0,0.7565029
train-clinvar+pg_dms__bilstm__seed44,MSH6,P43246:453:M>W,1,0.8052256
train-clinvar+pg_dms__bilstm__seed44,MSH6,P43246:453:M>V,0,0.61077684
train-clinvar+pg_dms__bilstm__seed44,MSH6,P43246:453:M>S,0,0.60894525
train-clinvar+pg_dms__bilstm__seed44,MSH6,P43246:453:M>A,0,0.54169965
train-clinvar+pg_dms__bilstm__seed44,MSH6,P43246:453:M>Q,0,0.65484387
train-clinvar+pg_dms__bilstm__seed44,MSH6,P43246:453:M>H,0,0.6499846
train-clinvar+pg_dms__bilstm__seed44,MSH6,P43246:453:M>R,0,0.7698707
train-clinvar+pg_dms__bilstm__seed44,MSH6,P43246:453:M>I,0,0.6851681
train-clinvar+pg_dms__bilstm__seed44,MSH6,P43246:453:M>G,0,0.66136605
train-clinvar+pg_dms__bilstm__seed44,MSH6,P43246:453:M>L,0,0.054784667
train-clinvar+pg_dms__bilstm__seed44,MSH6,P43246:453:M>N,0,0.697507
train-clinvar+pg_dms__bilstm__seed44,MSH6,P43246:453:M>P,1,0.9165259
train-clinvar+pg_dms__bilstm__seed44,MSH6,P43246:455:E>R,0,0.15182504
train-clinvar+pg_dms__bilstm__seed44,MSH6,P43246:455:E>W,1,0.5309521
train-clinvar+pg_dms__bilstm__seed44,MSH6,P43246:455:E>P,0,0.67324084
train-clinvar+pg_dms__bilstm__seed44,MSH6,P43246:455:E>N,0,0.16116935
train-clinvar+pg_dms__bilstm__seed44,MSH6,P43246:455:E>M,1,0.413503
train-clinvar+pg_dms__bilstm__seed44,MSH6,P43246:455:E>L,0,0.22917871
train-clinvar+pg_dms__bilstm__seed44,MSH6,P43246:455:E>I,0,0.23673451
train-clinvar+pg_dms__bilstm__seed44,MSH6,P43246:455:E>H,0,0.29176
train-clinvar+pg_dms__bilstm__seed44,MSH6,P43246:455:E>G,0,0.07269575
train-clinvar+pg_dms__bilstm__seed44,MSH6,P43246:455:E>F,0,0.3684041
train-clinvar+pg_dms__bilstm__seed44,MSH6,P43246:455:E>C,0,0.22009437
train-clinvar+pg_dms__bilstm__seed44,MSH6,P43246:455:E>A,0,0.04409387
train-clinvar+pg_dms__bilstm__seed44,MSH6,P43246:455:E>T,0,0.08246372
train-clinvar+pg_dms__bilstm__seed44,MSH6,P43246:455:E>V,0,0.12796831
train-clinvar+pg_dms__bilstm__seed44,MSH6,P43246:455:E>S,0,0.05296351
train-clinvar+pg_dms__bilstm__seed44,MSH6,P43246:455:E>Y,0,0.3572325
train-clinvar+pg_dms__bilstm__seed44,MSH6,P43246:460:M>A,0,0.15591303
train-clinvar+pg_dms__bilstm__seed44,MSH6,P43246:460:M>C,1,0.12300165
train-clinvar+pg_dms__bilstm__seed44,MSH6,P43246:460:M>D,0,0.5112988
train-clinvar+pg_dms__bilstm__seed44,MSH6,P43246:460:M>E,0,0.28191048
train-clinvar+pg_dms__bilstm__seed44,MSH6,P43246:460:M>F,0,0.034057412
train-clinvar+pg_dms__bilstm__seed44,MSH6,P43246:460:M>G,0,0.2787625
train-clinvar+pg_dms__bilstm__seed44,MSH6,P43246:460:M>H,0,0.23864308
train-clinvar+pg_dms__bilstm__seed44,MSH6,P43246:460:M>L,0,0.017480526
train-clinvar+pg_dms__bilstm__seed44,MSH6,P43246:460:M>K,0,0.14532593
train-clinvar+pg_dms__bilstm__seed44,MSH6,P43246:460:M>N,0,0.2666869
train-clinvar+pg_dms__bilstm__seed44,MSH6,P43246:460:M>P,0,0.6141533
train-clinvar+pg_dms__bilstm__seed44,MSH6,P43246:460:M>R,0,0.10651546
train-clinvar+pg_dms__bilstm__seed44,MSH6,P43246:460:M>Y,0,0.1597028
train-clinvar+pg_dms__bilstm__seed44,MSH6,P43246:460:M>T,0,0.19394779
train-clinvar+pg_dms__bilstm__seed44,MSH6,P43246:460:M>V,0,0.1393785
train-clinvar+pg_dms__bilstm__seed44,MSH6,P43246:460:M>S,0,0.15431741
train-clinvar+pg_dms__bilstm__seed44,MSH6,P43246:460:M>W,1,0.31540075
train-clinvar+pg_dms__bilstm__seed44,MSH6,P43246:462:Q>R,0,0.105532244
train-clinvar+pg_dms__bilstm__seed44,MSH6,P43246:462:Q>P,0,0.6072501
train-clinvar+pg_dms__bilstm__seed44,MSH6,P43246:462:Q>N,0,0.12878315
train-clinvar+pg_dms__bilstm__seed44,MSH6,P43246:462:Q>M,0,0.1821042
train-clinvar+pg_dms__bilstm__seed44,MSH6,P43246:462:Q>L,0,0.045765657
train-clinvar+pg_dms__bilstm__seed44,MSH6,P43246:462:Q>K,0,0.14672157
train-clinvar+pg_dms__bilstm__seed44,MSH6,P43246:462:Q>I,0,0.15825886
train-clinvar+pg_dms__bilstm__seed44,MSH6,P43246:462:Q>D,0,0.35966372
train-clinvar+pg_dms__bilstm__seed44,MSH6,P43246:462:Q>F,0,0.28672475
train-clinvar+pg_dms__bilstm__seed44,MSH6,P43246:462:Q>E,0,0.119119465
train-clinvar+pg_dms__bilstm__seed44,MSH6,P43246:462:Q>C,0,0.09160261
train-clinvar+pg_dms__bilstm__seed44,MSH6,P43246:462:Q>A,0,0.040369347
train-clinvar+pg_dms__bilstm__seed44,MSH6,P43246:462:Q>Y,0,0.16584621
train-clinvar+pg_dms__bilstm__seed44,MSH6,P43246:462:Q>W,0,0.41948774
train-clinvar+pg_dms__bilstm__seed44,MSH6,P43246:462:Q>V,0,0.106590725
train-clinvar+pg_dms__bilstm__seed44,MSH6,P43246:462:Q>G,0,0.095452845
train-clinvar+pg_dms__bilstm__seed44,MSH6,P43246:462:Q>S,0,0.04939698
train-clinvar+pg_dms__bilstm__seed44,MSH6,P43246:462:Q>T,0,0.05130939
train-clinvar+pg_dms__bilstm__seed44,MSH6,P43246:477:N>S,0,0.016818535
train-clinvar+pg_dms__bilstm__seed44,MSH6,P43246:477:N>K,0,0.05428146
train-clinvar+pg_dms__bilstm__seed44,MSH6,P43246:477:N>L,0,0.025119431
train-clinvar+pg_dms__bilstm__seed44,MSH6,P43246:477:N>V,0,0.032159586
train-clinvar+pg_dms__bilstm__seed44,MSH6,P43246:477:N>W,0,0.40567878
train-clinvar+pg_dms__bilstm__seed44,MSH6,P43246:477:N>T,0,0.017367411
train-clinvar+pg_dms__bilstm__seed44,MSH6,P43246:477:N>R,0,0.028191559
train-clinvar+pg_dms__bilstm__seed44,MSH6,P43246:477:N>Q,0,0.029982839
train-clinvar+pg_dms__bilstm__seed44,MSH6,P43246:477:N>P,0,0.3903578
train-clinvar+pg_dms__bilstm__seed44,MSH6,P43246:477:N>M,1,0.11338363
train-clinvar+pg_dms__bilstm__seed44,MSH6,P43246:477:N>Y,0,0.1133232
train-clinvar+pg_dms__bilstm__seed44,MSH6,P43246:477:N>C,0,0.012460493
train-clinvar+pg_dms__bilstm__seed44,MSH6,P43246:477:N>D,1,0.060239647
train-clinvar+pg_dms__bilstm__seed44,MSH6,P43246:477:N>E,0,0.039372124
train-clinvar+pg_dms__bilstm__seed44,MSH6,P43246:477:N>I,0,0.028581217
train-clinvar+pg_dms__bilstm__seed44,MSH6,P43246:477:N>F,0,0.046335023
train-clinvar+pg_dms__bilstm__seed44,MSH6,P43246:477:N>G,0,0.024987707
train-clinvar+pg_dms__bilstm__seed44,MSH6,P43246:477:N>H,0,0.10702957
train-clinvar+pg_dms__bilstm__seed44,MSH6,P43246:477:N>A,0,0.019809365
train-clinvar+pg_dms__bilstm__seed44,MSH6,P43246:492:M>W,1,0.809004
train-clinvar+pg_dms__bilstm__seed44,MSH6,P43246:492:M>V,0,0.0840759
train-clinvar+pg_dms__bilstm__seed44,MSH6,P43246:492:M>T,0,0.33329144
train-clinvar+pg_dms__bilstm__seed44,MSH6,P43246:492:M>P,1,0.9102678
train-clinvar+pg_dms__bilstm__seed44,MSH6,P43246:492:M>S,0,0.5274599
train-clinvar+pg_dms__bilstm__seed44,MSH6,P43246:492:M>R,0,0.7751086
train-clinvar+pg_dms__bilstm__seed44,MSH6,P43246:492:M>Q,0,0.57766837
train-clinvar+pg_dms__bilstm__seed44,MSH6,P43246:492:M>N,1,0.7365738
train-clinvar+pg_dms__bilstm__seed44,MSH6,P43246:492:M>D,1,0.85793793
train-clinvar+pg_dms__bilstm__seed44,MSH6,P43246:492:M>K,0,0.8033961
train-clinvar+pg_dms__bilstm__seed44,MSH6,P43246:492:M>I,0,0.14057875
train-clinvar+pg_dms__bilstm__seed44,MSH6,P43246:492:M>G,0,0.66569465
train-clinvar+pg_dms__bilstm__seed44,MSH6,P43246:492:M>F,0,0.42776293
train-clinvar+pg_dms__bilstm__seed44,MSH6,P43246:492:M>E,1,0.7802829
train-clinvar+pg_dms__bilstm__seed44,MSH6,P43246:492:M>C,0,0.3379302
train-clinvar+pg_dms__bilstm__seed44,MSH6,P43246:492:M>A,0,0.35605797
train-clinvar+pg_dms__bilstm__seed44,MSH6,P43246:492:M>Y,0,0.70346
train-clinvar+pg_dms__bilstm__seed44,MSH6,P43246:492:M>L,0,0.12207478
train-clinvar+pg_dms__bilstm__seed44,MSH6,P43246:496:L>V,0,0.17278458
train-clinvar+pg_dms__bilstm__seed44,MSH6,P43246:496:L>A,0,0.1558973
train-clinvar+pg_dms__bilstm__seed44,MSH6,P43246:496:L>T,0,0.2300591
train-clinvar+pg_dms__bilstm__seed44,MSH6,P43246:496:L>S,0,0.264168
train-clinvar+pg_dms__bilstm__seed44,MSH6,P43246:496:L>R,0,0.25562003
train-clinvar+pg_dms__bilstm__seed44,MSH6,P43246:496:L>Q,0,0.11869228
train-clinvar+pg_dms__bilstm__seed44,MSH6,P43246:496:L>P,1,0.89575887
train-clinvar+pg_dms__bilstm__seed44,MSH6,P43246:496:L>N,0,0.52666193
train-clinvar+pg_dms__bilstm__seed44,MSH6,P43246:496:L>W,0,0.35655722
train-clinvar+pg_dms__bilstm__seed44,MSH6,P43246:496:L>M,0,0.15372056
train-clinvar+pg_dms__bilstm__seed44,MSH6,P43246:496:L>I,0,0.11642093
train-clinvar+pg_dms__bilstm__seed44,MSH6,P43246:496:L>G,0,0.53873926
train-clinvar+pg_dms__bilstm__seed44,MSH6,P43246:496:L>F,0,0.1412575
train-clinvar+pg_dms__bilstm__seed44,MSH6,P43246:496:L>E,0,0.5938926
train-clinvar+pg_dms__bilstm__seed44,MSH6,P43246:496:L>Y,0,0.18492259
train-clinvar+pg_dms__bilstm__seed44,MSH6,P43246:496:L>C,0,0.12955412
train-clinvar+pg_dms__bilstm__seed44,MSH6,P43246:496:L>K,0,0.43144315
train-clinvar+pg_dms__bilstm__seed44,MSH6,P43246:496:L>D,1,0.83462316
train-clinvar+pg_dms__bilstm__seed44,MSH6,P43246:496:L>H,0,0.19306138
train-clinvar+pg_dms__bilstm__seed44,MSH6,P43246:500:A>T,0,0.2583203
train-clinvar+pg_dms__bilstm__seed44,MSH6,P43246:500:A>N,0,0.75533074
train-clinvar+pg_dms__bilstm__seed44,MSH6,P43246:500:A>S,0,0.034732316
train-clinvar+pg_dms__bilstm__seed44,MSH6,P43246:500:A>W,1,0.81229454
train-clinvar+pg_dms__bilstm__seed44,MSH6,P43246:500:A>Y,0,0.7205182
train-clinvar+pg_dms__bilstm__seed44,MSH6,P43246:500:A>P,1,0.91681784
train-clinvar+pg_dms__bilstm__seed44,MSH6,P43246:500:A>Q,0,0.662622
train-clinvar+pg_dms__bilstm__seed44,MSH6,P43246:500:A>R,0,0.80318844
train-clinvar+pg_dms__bilstm__seed44,MSH6,P43246:500:A>L,1,0.6693809
train-clinvar+pg_dms__bilstm__seed44,MSH6,P43246:500:A>C,0,0.21029222
train-clinvar+pg_dms__bilstm__seed44,MSH6,P43246:500:A>D,1,0.8474835
train-clinvar+pg_dms__bilstm__seed44,MSH6,P43246:500:A>E,0,0.7983705
train-clinvar+pg_dms__bilstm__seed44,MSH6,P43246:500:A>G,0,0.053188115
train-clinvar+pg_dms__bilstm__seed44,MSH6,P43246:500:A>H,0,0.7140392
train-clinvar+pg_dms__bilstm__seed44,MSH6,P43246:500:A>M,0,0.711505
train-clinvar+pg_dms__bilstm__seed44,MSH6,P43246:500:A>I,0,0.7309596
train-clinvar+pg_dms__bilstm__seed44,MSH6,P43246:501:R>Q,0,0.04256025
train-clinvar+pg_dms__bilstm__seed44,MSH6,P43246:501:R>Y,0,0.120696865
train-clinvar+pg_dms__bilstm__seed44,MSH6,P43246:501:R>H,0,0.049348965
train-clinvar+pg_dms__bilstm__seed44,MSH6,P43246:501:R>P,0,0.5821734
train-clinvar+pg_dms__bilstm__seed44,MSH6,P43246:501:R>M,0,0.17263019
train-clinvar+pg_dms__bilstm__seed44,MSH6,P43246:501:R>L,0,0.09125932
train-clinvar+pg_dms__bilstm__seed44,MSH6,P43246:501:R>K,0,0.09956093
train-clinvar+pg_dms__bilstm__seed44,MSH6,P43246:501:R>I,0,0.17051339
train-clinvar+pg_dms__bilstm__seed44,MSH6,P43246:501:R>S,0,0.06386152
train-clinvar+pg_dms__bilstm__seed44,MSH6,P43246:501:R>T,0,0.051570047
train-clinvar+pg_dms__bilstm__seed44,MSH6,P43246:501:R>W,1,0.1522335
train-clinvar+pg_dms__bilstm__seed44,MSH6,P43246:501:R>F,0,0.19860156
train-clinvar+pg_dms__bilstm__seed44,MSH6,P43246:501:R>E,0,0.07857336
train-clinvar+pg_dms__bilstm__seed44,MSH6,P43246:501:R>D,0,0.1557944
train-clinvar+pg_dms__bilstm__seed44,MSH6,P43246:501:R>A,0,0.07130641
train-clinvar+pg_dms__bilstm__seed44,MSH6,P43246:501:R>V,0,0.12544103
train-clinvar+pg_dms__bilstm__seed44,MSH6,P43246:508:G>I,0,0.2048401
train-clinvar+pg_dms__bilstm__seed44,MSH6,P43246:508:G>H,0,0.20321946
train-clinvar+pg_dms__bilstm__seed44,MSH6,P43246:508:G>E,0,0.18719457
train-clinvar+pg_dms__bilstm__seed44,MSH6,P43246:508:G>W,1,0.40574542
train-clinvar+pg_dms__bilstm__seed44,MSH6,P43246:508:G>V,0,0.13209333
train-clinvar+pg_dms__bilstm__seed44,MSH6,P43246:508:G>T,0,0.053569667
train-clinvar+pg_dms__bilstm__seed44,MSH6,P43246:508:G>S,0,0.06510167
train-clinvar+pg_dms__bilstm__seed44,MSH6,P43246:508:G>R,0,0.25069866
train-clinvar+pg_dms__bilstm__seed44,MSH6,P43246:508:G>Q,0,0.14170802
train-clinvar+pg_dms__bilstm__seed44,MSH6,P43246:508:G>P,0,0.65793765
train-clinvar+pg_dms__bilstm__seed44,MSH6,P43246:508:G>N,0,0.08070619
train-clinvar+pg_dms__bilstm__seed44,MSH6,P43246:508:G>L,0,0.14728314
train-clinvar+pg_dms__bilstm__seed44,MSH6,P43246:508:G>K,0,0.39987758
train-clinvar+pg_dms__bilstm__seed44,MSH6,P43246:508:G>C,0,0.092738256
train-clinvar+pg_dms__bilstm__seed44,MSH6,P43246:508:G>Y,0,0.20170017
train-clinvar+pg_dms__bilstm__seed44,MSH6,P43246:508:G>F,0,0.2651614
train-clinvar+pg_dms__bilstm__seed44,MSH6,P43246:521:Y>V,0,0.45989206
train-clinvar+pg_dms__bilstm__seed44,MSH6,P43246:521:Y>H,0,0.07903229
train-clinvar+pg_dms__bilstm__seed44,MSH6,P43246:521:Y>I,0,0.54780924
train-clinvar+pg_dms__bilstm__seed44,MSH6,P43246:521:Y>K,0,0.7903684
train-clinvar+pg_dms__bilstm__seed44,MSH6,P43246:521:Y>L,0,0.55743086
train-clinvar+pg_dms__bilstm__seed44,MSH6,P43246:521:Y>M,0,0.71117455
train-clinvar+pg_dms__bilstm__seed44,MSH6,P43246:521:Y>N,0,0.18324466
train-clinvar+pg_dms__bilstm__seed44,MSH6,P43246:521:Y>P,0,0.882229
train-clinvar+pg_dms__bilstm__seed44,MSH6,P43246:521:Y>Q,0,0.5890916
train-clinvar+pg_dms__bilstm__seed44,MSH6,P43246:521:Y>R,0,0.6861188
train-clinvar+pg_dms__bilstm__seed44,MSH6,P43246:521:Y>S,0,0.2911278
train-clinvar+pg_dms__bilstm__seed44,MSH6,P43246:521:Y>T,0,0.52906275
train-clinvar+pg_dms__bilstm__seed44,MSH6,P43246:521:Y>F,0,0.09308299
train-clinvar+pg_dms__bilstm__seed44,MSH6,P43246:521:Y>W,0,0.16602021
train-clinvar+pg_dms__bilstm__seed44,MSH6,P43246:521:Y>A,0,0.5647897
train-clinvar+pg_dms__bilstm__seed44,MSH6,P43246:521:Y>G,0,0.6453226
train-clinvar+pg_dms__bilstm__seed44,MSH6,P43246:526:T>K,0,0.66281676
train-clinvar+pg_dms__bilstm__seed44,MSH6,P43246:526:T>Q,0,0.53140855
train-clinvar+pg_dms__bilstm__seed44,MSH6,P43246:526:T>R,0,0.6117801
train-clinvar+pg_dms__bilstm__seed44,MSH6,P43246:526:T>S,0,0.16265215
train-clinvar+pg_dms__bilstm__seed44,MSH6,P43246:526:T>I,0,0.55603004
train-clinvar+pg_dms__bilstm__seed44,MSH6,P43246:526:T>H,0,0.57404745
train-clinvar+pg_dms__bilstm__seed44,MSH6,P43246:526:T>A,0,0.21024704
train-clinvar+pg_dms__bilstm__seed44,MSH6,P43246:526:T>F,0,0.54544264
train-clinvar+pg_dms__bilstm__seed44,MSH6,P43246:526:T>E,0,0.6507166
train-clinvar+pg_dms__bilstm__seed44,MSH6,P43246:526:T>D,0,0.74053764
train-clinvar+pg_dms__bilstm__seed44,MSH6,P43246:526:T>V,0,0.49991038
train-clinvar+pg_dms__bilstm__seed44,MSH6,P43246:526:T>L,0,0.36474496
train-clinvar+pg_dms__bilstm__seed44,MSH6,P43246:526:T>C,0,0.43371624
train-clinvar+pg_dms__bilstm__seed44,MSH6,P43246:526:T>P,0,0.38294765
train-clinvar+pg_dms__bilstm__seed44,MSH6,P43246:526:T>M,0,0.45116368
train-clinvar+pg_dms__bilstm__seed44,MSH6,P43246:526:T>G,0,0.36990812
train-clinvar+pg_dms__bilstm__seed44,MSH6,P43246:526:T>W,1,0.69048566
train-clinvar+pg_dms__bilstm__seed44,MSH6,P43246:527:C>W,0,0.51969254
train-clinvar+pg_dms__bilstm__seed44,MSH6,P43246:527:C>S,0,0.1652427
train-clinvar+pg_dms__bilstm__seed44,MSH6,P43246:527:C>A,0,0.13091673
train-clinvar+pg_dms__bilstm__seed44,MSH6,P43246:527:C>E,1,0.538552
train-clinvar+pg_dms__bilstm__seed44,MSH6,P43246:527:C>G,0,0.06178021
train-clinvar+pg_dms__bilstm__seed44,MSH6,P43246:527:C>H,0,0.3833061
train-clinvar+pg_dms__bilstm__seed44,MSH6,P43246:527:C>I,0,0.29357293
train-clinvar+pg_dms__bilstm__seed44,MSH6,P43246:527:C>K,0,0.5209569
train-clinvar+pg_dms__bilstm__seed44,MSH6,P43246:527:C>L,0,0.08587208
train-clinvar+pg_dms__bilstm__seed44,MSH6,P43246:527:C>D,1,0.6194866
train-clinvar+pg_dms__bilstm__seed44,MSH6,P43246:527:C>M,0,0.38897493
train-clinvar+pg_dms__bilstm__seed44,MSH6,P43246:527:C>P,0,0.6809327
train-clinvar+pg_dms__bilstm__seed44,MSH6,P43246:527:C>Q,0,0.3181756
train-clinvar+pg_dms__bilstm__seed44,MSH6,P43246:527:C>R,0,0.3167775
train-clinvar+pg_dms__bilstm__seed44,MSH6,P43246:527:C>T,0,0.18737972
train-clinvar+pg_dms__bilstm__seed44,MSH6,P43246:527:C>V,0,0.2026978
train-clinvar+pg_dms__bilstm__seed44,MSH6,P43246:527:C>N,0,0.28002656
train-clinvar+pg_dms__bilstm__seed44,MSH6,P43246:527:C>F,0,0.1141473
train-clinvar+pg_dms__bilstm__seed44,MSH6,P43246:534:R>D,1,0.50526166
train-clinvar+pg_dms__bilstm__seed44,MSH6,P43246:534:R>Q,1,0.30832338
train-clinvar+pg_dms__bilstm__seed44,MSH6,P43246:534:R>E,1,0.42849916
train-clinvar+pg_dms__bilstm__seed44,MSH6,P43246:534:R>G,1,0.38139388
train-clinvar+pg_dms__bilstm__seed44,MSH6,P43246:534:R>H,0,0.27015647
train-clinvar+pg_dms__bilstm__seed44,MSH6,P43246:534:R>I,1,0.4140084
train-clinvar+pg_dms__bilstm__seed44,MSH6,P43246:534:R>L,1,0.3853178
train-clinvar+pg_dms__bilstm__seed44,MSH6,P43246:534:R>M,1,0.49068916
train-clinvar+pg_dms__bilstm__seed44,MSH6,P43246:534:R>Y,1,0.37693322
train-clinvar+pg_dms__bilstm__seed44,MSH6,P43246:534:R>W,0,0.44275135
train-clinvar+pg_dms__bilstm__seed44,MSH6,P43246:534:R>V,1,0.41917264
train-clinvar+pg_dms__bilstm__seed44,MSH6,P43246:534:R>T,1,0.35596746
train-clinvar+pg_dms__bilstm__seed44,MSH6,P43246:534:R>S,1,0.34773535
train-clinvar+pg_dms__bilstm__seed44,MSH6,P43246:534:R>A,1,0.3650847
train-clinvar+pg_dms__bilstm__seed44,MSH6,P43246:534:R>N,0,0.42107767
train-clinvar+pg_dms__bilstm__seed44,MSH6,P43246:535:N>R,0,0.18391046
train-clinvar+pg_dms__bilstm__seed44,MSH6,P43246:535:N>K,0,0.19833738
train-clinvar+pg_dms__bilstm__seed44,MSH6,P43246:535:N>P,0,0.37580526
train-clinvar+pg_dms__bilstm__seed44,MSH6,P43246:535:N>A,0,0.08759389
train-clinvar+pg_dms__bilstm__seed44,MSH6,P43246:535:N>C,0,0.07426095
train-clinvar+pg_dms__bilstm__seed44,MSH6,P43246:535:N>E,0,0.22519071
train-clinvar+pg_dms__bilstm__seed44,MSH6,P43246:535:N>F,0,0.23987146
train-clinvar+pg_dms__bilstm__seed44,MSH6,P43246:535:N>G,0,0.07326324
train-clinvar+pg_dms__bilstm__seed44,MSH6,P43246:535:N>I,0,0.18313912
train-clinvar+pg_dms__bilstm__seed44,MSH6,P43246:535:N>Q,0,0.10872142
train-clinvar+pg_dms__bilstm__seed44,MSH6,P43246:535:N>W,0,0.37772444
train-clinvar+pg_dms__bilstm__seed44,MSH6,P43246:535:N>M,0,0.23448966
train-clinvar+pg_dms__bilstm__seed44,MSH6,P43246:535:N>Y,0,0.11169558
train-clinvar+pg_dms__bilstm__seed44,MSH6,P43246:535:N>T,0,0.07473362
train-clinvar+pg_dms__bilstm__seed44,MSH6,P43246:535:N>S,0,0.07140106
train-clinvar+pg_dms__bilstm__seed44,MSH6,P43246:535:N>L,0,0.12872379
train-clinvar+pg_dms__bilstm__seed44,MSH6,P43246:535:N>V,0,0.16173838
train-clinvar+pg_dms__bilstm__seed44,MSH6,P43246:542:V>P,1,0.88685906
train-clinvar+pg_dms__bilstm__seed44,MSH6,P43246:542:V>Q,0,0.08112168
train-clinvar+pg_dms__bilstm__seed44,MSH6,P43246:542:V>R,0,0.08254188
train-clinvar+pg_dms__bilstm__seed44,MSH6,P43246:542:V>H,0,0.32705593
train-clinvar+pg_dms__bilstm__seed44,MSH6,P43246:542:V>G,0,0.11390729
train-clinvar+pg_dms__bilstm__seed44,MSH6,P43246:542:V>F,0,0.020754833
train-clinvar+pg_dms__bilstm__seed44,MSH6,P43246:542:V>E,0,0.3047153
train-clinvar+pg_dms__bilstm__seed44,MSH6,P43246:542:V>Y,0,0.19413835
train-clinvar+pg_dms__bilstm__seed44,MSH6,P43246:542:V>W,0,0.63831776
train-clinvar+pg_dms__bilstm__seed44,MSH6,P43246:542:V>S,0,0.042252317
train-clinvar+pg_dms__bilstm__seed44,MSH6,P43246:542:V>N,0,0.20709777
train-clinvar+pg_dms__bilstm__seed44,MSH6,P43246:542:V>M,0,0.05475212
train-clinvar+pg_dms__bilstm__seed44,MSH6,P43246:542:V>C,0,0.055455077
train-clinvar+pg_dms__bilstm__seed44,MSH6,P43246:542:V>A,0,0.10430285
train-clinvar+pg_dms__bilstm__seed44,MSH6,P43246:542:V>L,0,0.015953185
train-clinvar+pg_dms__bilstm__seed44,MSH6,P43246:542:V>K,0,0.19168183
train-clinvar+pg_dms__bilstm__seed44,MSH6,P43246:542:V>I,0,0.018051444
train-clinvar+pg_dms__bilstm__seed44,MSH6,P43246:542:V>T,0,0.017279087
train-clinvar+pg_dms__bilstm__seed44,MSH6,P43246:544:I>E,1,0.42912573
train-clinvar+pg_dms__bilstm__seed44,MSH6,P43246:544:I>C,0,0.19870311
train-clinvar+pg_dms__bilstm__seed44,MSH6,P43246:544:I>A,0,0.15303007
train-clinvar+pg_dms__bilstm__seed44,MSH6,P43246:544:I>Y,0,0.2976706
train-clinvar+pg_dms__bilstm__seed44,MSH6,P43246:544:I>W,0,0.4943212
train-clinvar+pg_dms__bilstm__seed44,MSH6,P43246:544:I>V,0,0.07305481
train-clinvar+pg_dms__bilstm__seed44,MSH6,P43246:544:I>S,0,0.10062026
train-clinvar+pg_dms__bilstm__seed44,MSH6,P43246:544:I>R,0,0.3646579
train-clinvar+pg_dms__bilstm__seed44,MSH6,P43246:544:I>P,1,0.62829274
train-clinvar+pg_dms__bilstm__seed44,MSH6,P43246:544:I>T,0,0.08002315
train-clinvar+pg_dms__bilstm__seed44,MSH6,P43246:544:I>M,0,0.13643801
train-clinvar+pg_dms__bilstm__seed44,MSH6,P43246:544:I>L,0,0.08471934
train-clinvar+pg_dms__bilstm__seed44,MSH6,P43246:544:I>K,0,0.45899513
train-clinvar+pg_dms__bilstm__seed44,MSH6,P43246:544:I>G,1,0.34131765
train-clinvar+pg_dms__bilstm__seed44,MSH6,P43246:544:I>F,0,0.13085811
train-clinvar+pg_dms__bilstm__seed44,MSH6,P43246:544:I>D,1,0.5521217
train-clinvar+pg_dms__bilstm__seed44,MSH6,P43246:544:I>N,1,0.22129369
train-clinvar+pg_dms__bilstm__seed44,MSH6,P43246:555:K>C,0,0.09479779
train-clinvar+pg_dms__bilstm__seed44,MSH6,P43246:555:K>D,0,0.169592
train-clinvar+pg_dms__bilstm__seed44,MSH6,P43246:555:K>E,0,0.054422036
train-clinvar+pg_dms__bilstm__seed44,MSH6,P43246:555:K>G,0,0.078771695
train-clinvar+pg_dms__bilstm__seed44,MSH6,P43246:555:K>Y,0,0.13949431
train-clinvar+pg_dms__bilstm__seed44,MSH6,P43246:555:K>I,0,0.06979785
train-clinvar+pg_dms__bilstm__seed44,MSH6,P43246:555:K>L,0,0.06305973
train-clinvar+pg_dms__bilstm__seed44,MSH6,P43246:555:K>H,0,0.05877079
train-clinvar+pg_dms__bilstm__seed44,MSH6,P43246:555:K>V,0,0.07109412
train-clinvar+pg_dms__bilstm__seed44,MSH6,P43246:555:K>S,0,0.050069083
train-clinvar+pg_dms__bilstm__seed44,MSH6,P43246:555:K>R,0,0.092635036
train-clinvar+pg_dms__bilstm__seed44,MSH6,P43246:555:K>Q,0,0.033917323
train-clinvar+pg_dms__bilstm__seed44,MSH6,P43246:555:K>T,0,0.03624598
train-clinvar+pg_dms__bilstm__seed44,MSH6,P43246:555:K>A,0,0.043105077
train-clinvar+pg_dms__bilstm__seed44,MSH6,P43246:555:K>N,0,0.10080311
train-clinvar+pg_dms__bilstm__seed44,MSH6,P43246:555:K>M,0,0.11993392
train-clinvar+pg_dms__bilstm__seed44,MSH6,P43246:555:K>W,0,0.40359053
train-clinvar+pg_dms__bilstm__seed44,MSH6,P43246:555:K>P,0,0.51656765
train-clinvar+pg_dms__bilstm__seed44,MSH6,P43246:562:E>C,0,0.2091468
train-clinvar+pg_dms__bilstm__seed44,MSH6,P43246:562:E>Y,0,0.20073858
train-clinvar+pg_dms__bilstm__seed44,MSH6,P43246:562:E>D,0,0.15941244
train-clinvar+pg_dms__bilstm__seed44,MSH6,P43246:562:E>A,0,0.032738794
train-clinvar+pg_dms__bilstm__seed44,MSH6,P43246:562:E>V,0,0.14812748
train-clinvar+pg_dms__bilstm__seed44,MSH6,P43246:562:E>W,0,0.74632174
train-clinvar+pg_dms__bilstm__seed44,MSH6,P43246:562:E>G,0,0.15868154
train-clinvar+pg_dms__bilstm__seed44,MSH6,P43246:562:E>T,0,0.034143966
train-clinvar+pg_dms__bilstm__seed44,MSH6,P43246:562:E>H,0,0.13998702
train-clinvar+pg_dms__bilstm__seed44,MSH6,P43246:562:E>I,0,0.06139313
train-clinvar+pg_dms__bilstm__seed44,MSH6,P43246:562:E>L,0,0.061852645
train-clinvar+pg_dms__bilstm__seed44,MSH6,P43246:562:E>M,0,0.20823345
train-clinvar+pg_dms__bilstm__seed44,MSH6,P43246:562:E>P,1,0.9229149
train-clinvar+pg_dms__bilstm__seed44,MSH6,P43246:562:E>Q,0,0.120692395
train-clinvar+pg_dms__bilstm__seed44,MSH6,P43246:562:E>R,0,0.07166196
train-clinvar+pg_dms__bilstm__seed44,MSH6,P43246:562:E>F,0,0.34689954
train-clinvar+pg_dms__bilstm__seed44,MSH6,P43246:562:E>S,0,0.033069756
train-clinvar+pg_dms__bilstm__seed44,MSH6,P43246:568:T>V,0,0.04383089
train-clinvar+pg_dms__bilstm__seed44,MSH6,P43246:568:T>S,0,0.026527382
train-clinvar+pg_dms__bilstm__seed44,MSH6,P43246:568:T>R,0,0.11494766
train-clinvar+pg_dms__bilstm__seed44,MSH6,P43246:568:T>Q,0,0.10448065
train-clinvar+pg_dms__bilstm__seed44,MSH6,P43246:568:T>P,1,0.80159765
train-clinvar+pg_dms__bilstm__seed44,MSH6,P43246:568:T>N,0,0.043436404
train-clinvar+pg_dms__bilstm__seed44,MSH6,P43246:568:T>M,0,0.08232163
train-clinvar+pg_dms__bilstm__seed44,MSH6,P43246:568:T>W,0,0.23783794
train-clinvar+pg_dms__bilstm__seed44,MSH6,P43246:568:T>A,0,0.029920578
train-clinvar+pg_dms__bilstm__seed44,MSH6,P43246:568:T>H,0,0.047682848
train-clinvar+pg_dms__bilstm__seed44,MSH6,P43246:568:T>G,0,0.04006565
train-clinvar+pg_dms__bilstm__seed44,MSH6,P43246:568:T>F,0,0.03900937
train-clinvar+pg_dms__bilstm__seed44,MSH6,P43246:568:T>E,0,0.046610307
train-clinvar+pg_dms__bilstm__seed44,MSH6,P43246:568:T>D,0,0.0926362
train-clinvar+pg_dms__bilstm__seed44,MSH6,P43246:568:T>C,0,0.024020314
train-clinvar+pg_dms__bilstm__seed44,MSH6,P43246:568:T>L,0,0.034595683
train-clinvar+pg_dms__bilstm__seed44,MSH6,P43246:568:T>Y,0,0.039926846
train-clinvar+pg_dms__bilstm__seed44,MSH6,P43246:568:T>K,0,0.14321148
train-clinvar+pg_dms__bilstm__seed44,MSH6,P43246:574:Q>W,1,0.87059647
train-clinvar+pg_dms__bilstm__seed44,MSH6,P43246:574:Q>F,1,0.7615763
train-clinvar+pg_dms__bilstm__seed44,MSH6,P43246:574:Q>G,0,0.5267324
train-clinvar+pg_dms__bilstm__seed44,MSH6,P43246:574:Q>I,1,0.7704999
train-clinvar+pg_dms__bilstm__seed44,MSH6,P43246:574:Q>K,1,0.76082873
train-clinvar+pg_dms__bilstm__seed44,MSH6,P43246:574:Q>L,1,0.7367417
train-clinvar+pg_dms__bilstm__seed44,MSH6,P43246:574:Q>M,1,0.78557074
train-clinvar+pg_dms__bilstm__seed44,MSH6,P43246:574:Q>N,1,0.76691103
train-clinvar+pg_dms__bilstm__seed44,MSH6,P43246:574:Q>P,1,0.9576642
train-clinvar+pg_dms__bilstm__seed44,MSH6,P43246:574:Q>R,1,0.72248584
train-clinvar+pg_dms__bilstm__seed44,MSH6,P43246:574:Q>S,0,0.13557401
train-clinvar+pg_dms__bilstm__seed44,MSH6,P43246:574:Q>T,0,0.41590658
train-clinvar+pg_dms__bilstm__seed44,MSH6,P43246:574:Q>Y,1,0.7596782
train-clinvar+pg_dms__bilstm__seed44,MSH6,P43246:574:Q>V,1,0.7672188
train-clinvar+pg_dms__bilstm__seed44,MSH6,P43246:574:Q>A,0,0.22316137
train-clinvar+pg_dms__bilstm__seed44,MSH6,P43246:575:D>A,0,0.0113906795
train-clinvar+pg_dms__bilstm__seed44,MSH6,P43246:575:D>C,0,0.018528536
train-clinvar+pg_dms__bilstm__seed44,MSH6,P43246:575:D>G,0,0.07404462
train-clinvar+pg_dms__bilstm__seed44,MSH6,P43246:575:D>F,0,0.03346772
train-clinvar+pg_dms__bilstm__seed44,MSH6,P43246:575:D>T,0,0.0120447995
train-clinvar+pg_dms__bilstm__seed44,MSH6,P43246:575:D>I,0,0.019649222
train-clinvar+pg_dms__bilstm__seed44,MSH6,P43246:575:D>K,0,0.027719462
train-clinvar+pg_dms__bilstm__seed44,MSH6,P43246:575:D>L,0,0.017009666
train-clinvar+pg_dms__bilstm__seed44,MSH6,P43246:575:D>M,0,0.06267192
train-clinvar+pg_dms__bilstm__seed44,MSH6,P43246:575:D>N,0,0.05773261
train-clinvar+pg_dms__bilstm__seed44,MSH6,P43246:575:D>P,1,0.49236897
train-clinvar+pg_dms__bilstm__seed44,MSH6,P43246:575:D>Q,0,0.015265142
train-clinvar+pg_dms__bilstm__seed44,MSH6,P43246:575:D>R,0,0.023179708
train-clinvar+pg_dms__bilstm__seed44,MSH6,P43246:575:D>S,0,0.0103980005
train-clinvar+pg_dms__bilstm__seed44,MSH6,P43246:575:D>V,0,0.071067326
train-clinvar+pg_dms__bilstm__seed44,MSH6,P43246:575:D>W,0,0.31031227
train-clinvar+pg_dms__bilstm__seed44,MSH6,P43246:575:D>H,0,0.019097136
train-clinvar+pg_dms__bilstm__seed44,MSH6,P43246:582:V>Y,0,0.66381466
train-clinvar+pg_dms__bilstm__seed44,MSH6,P43246:582:V>M,0,0.15662955
train-clinvar+pg_dms__bilstm__seed44,MSH6,P43246:582:V>T,1,0.16950585
train-clinvar+pg_dms__bilstm__seed44,MSH6,P43246:582:V>S,0,0.45484632
train-clinvar+pg_dms__bilstm__seed44,MSH6,P43246:582:V>R,0,0.5844116
train-clinvar+pg_dms__bilstm__seed44,MSH6,P43246:582:V>Q,0,0.52664137
train-clinvar+pg_dms__bilstm__seed44,MSH6,P43246:582:V>P,1,0.9122702
train-clinvar+pg_dms__bilstm__seed44,MSH6,P43246:582:V>W,0,0.79614323
train-clinvar+pg_dms__bilstm__seed44,MSH6,P43246:582:V>K,0,0.71840596
train-clinvar+pg_dms__bilstm__seed44,MSH6,P43246:582:V>H,0,0.70928675
train-clinvar+pg_dms__bilstm__seed44,MSH6,P43246:582:V>G,0,0.3758508
train-clinvar+pg_dms__bilstm__seed44,MSH6,P43246:582:V>E,0,0.72200584
train-clinvar+pg_dms__bilstm__seed44,MSH6,P43246:582:V>C,0,0.30539334
train-clinvar+pg_dms__bilstm__seed44,MSH6,P43246:582:V>A,0,0.42790276
train-clinvar+pg_dms__bilstm__seed44,MSH6,P43246:585:S>N,1,0.7969521
train-clinvar+pg_dms__bilstm__seed44,MSH6,P43246:585:S>Y,0,0.7471191
train-clinvar+pg_dms__bilstm__seed44,MSH6,P43246:585:S>W,0,0.839742
train-clinvar+pg_dms__bilstm__seed44,MSH6,P43246:585:S>V,0,0.38051972
train-clinvar+pg_dms__bilstm__seed44,MSH6,P43246:585:S>T,0,0.12935948
train-clinvar+pg_dms__bilstm__seed44,MSH6,P43246:585:S>R,0,0.8523211
train-clinvar+pg_dms__bilstm__seed44,MSH6,P43246:585:S>P,1,0.8567676
train-clinvar+pg_dms__bilstm__seed44,MSH6,P43246:585:S>M,0,0.6332425
train-clinvar+pg_dms__bilstm__seed44,MSH6,P43246:585:S>D,1,0.87972933
train-clinvar+pg_dms__bilstm__seed44,MSH6,P43246:585:S>I,0,0.62610346
train-clinvar+pg_dms__bilstm__seed44,MSH6,P43246:585:S>H,0,0.79364914
train-clinvar+pg_dms__bilstm__seed44,MSH6,P43246:585:S>G,0,0.15489297
train-clinvar+pg_dms__bilstm__seed44,MSH6,P43246:585:S>E,1,0.8377726
train-clinvar+pg_dms__bilstm__seed44,MSH6,P43246:585:S>C,0,0.08913521
train-clinvar+pg_dms__bilstm__seed44,MSH6,P43246:585:S>A,0,0.09682129
train-clinvar+pg_dms__bilstm__seed44,MSH6,P43246:585:S>L,0,0.44135395
train-clinvar+pg_dms__bilstm__seed44,MSH6,P43246:587:G>P,0,0.78346205
train-clinvar+pg_dms__bilstm__seed44,MSH6,P43246:587:G>N,0,0.74551374
train-clinvar+pg_dms__bilstm__seed44,MSH6,P43246:587:G>M,0,0.74482113
train-clinvar+pg_dms__bilstm__seed44,MSH6,P43246:587:G>L,0,0.7335338
train-clinvar+pg_dms__bilstm__seed44,MSH6,P43246:587:G>K,0,0.75715727
train-clinvar+pg_dms__bilstm__seed44,MSH6,P43246:587:G>I,0,0.74293417
train-clinvar+pg_dms__bilstm__seed44,MSH6,P43246:587:G>H,0,0.73883134
train-clinvar+pg_dms__bilstm__seed44,MSH6,P43246:587:G>F,0,0.7366451
train-clinvar+pg_dms__bilstm__seed44,MSH6,P43246:587:G>C,0,0.705451
train-clinvar+pg_dms__bilstm__seed44,MSH6,P43246:587:G>D,0,0.76525927
train-clinvar+pg_dms__bilstm__seed44,MSH6,P43246:587:G>E,0,0.7571517
train-clinvar+pg_dms__bilstm__seed44,MSH6,P43246:587:G>Y,1,0.7375219
train-clinvar+pg_dms__bilstm__seed44,MSH6,P43246:587:G>Q,0,0.7317569
train-clinvar+pg_dms__bilstm__seed44,MSH6,P43246:587:G>T,0,0.656527
train-clinvar+pg_dms__bilstm__seed44,MSH6,P43246:587:G>V,0,0.7357693
train-clinvar+pg_dms__bilstm__seed44,MSH6,P43246:587:G>W,0,0.7560353
train-clinvar+pg_dms__bilstm__seed44,MSH6,P43246:589:V>G,0,0.055495605
train-clinvar+pg_dms__bilstm__seed44,MSH6,P43246:589:V>H,0,0.323065
train-clinvar+pg_dms__bilstm__seed44,MSH6,P43246:589:V>E,0,0.20930319
train-clinvar+pg_dms__bilstm__seed44,MSH6,P43246:589:V>D,0,0.60178775
train-clinvar+pg_dms__bilstm__seed44,MSH6,P43246:589:V>C,0,0.0962516
train-clinvar+pg_dms__bilstm__seed44,MSH6,P43246:589:V>A,0,0.03463842
train-clinvar+pg_dms__bilstm__seed44,MSH6,P43246:589:V>I,0,0.10221548
train-clinvar+pg_dms__bilstm__seed44,MSH6,P43246:589:V>F,0,0.0526333
train-clinvar+pg_dms__bilstm__seed44,MSH6,P43246:589:V>K,0,0.3054094
train-clinvar+pg_dms__bilstm__seed44,MSH6,P43246:589:V>M,0,0.09422083
train-clinvar+pg_dms__bilstm__seed44,MSH6,P43246:589:V>N,0,0.14484434
train-clinvar+pg_dms__bilstm__seed44,MSH6,P43246:589:V>P,0,0.8975143
train-clinvar+pg_dms__bilstm__seed44,MSH6,P43246:589:V>Q,0,0.10998456
train-clinvar+pg_dms__bilstm__seed44,MSH6,P43246:589:V>R,0,0.15463255
train-clinvar+pg_dms__bilstm__seed44,MSH6,P43246:589:V>S,0,0.031482067
train-clinvar+pg_dms__bilstm__seed44,MSH6,P43246:589:V>T,0,0.033911526
train-clinvar+pg_dms__bilstm__seed44,MSH6,P43246:589:V>W,0,0.6784317
train-clinvar+pg_dms__bilstm__seed44,MSH6,P43246:589:V>Y,0,0.27326995
train-clinvar+pg_dms__bilstm__seed44,MSH6,P43246:592:M>Y,0,0.6689108
train-clinvar+pg_dms__bilstm__seed44,MSH6,P43246:592:M>A,0,0.1720106
train-clinvar+pg_dms__bilstm__seed44,MSH6,P43246:592:M>V,0,0.14188297
train-clinvar+pg_dms__bilstm__seed44,MSH6,P43246:592:M>S,0,0.4097835
train-clinvar+pg_dms__bilstm__seed44,MSH6,P43246:592:M>R,1,0.75699
train-clinvar+pg_dms__bilstm__seed44,MSH6,P43246:592:M>Q,0,0.5779279
train-clinvar+pg_dms__bilstm__seed44,MSH6,P43246:592:M>P,1,0.9053588
train-clinvar+pg_dms__bilstm__seed44,MSH6,P43246:592:M>N,0,0.71288973
train-clinvar+pg_dms__bilstm__seed44,MSH6,P43246:592:M>L,0,0.040195655
train-clinvar+pg_dms__bilstm__seed44,MSH6,P43246:592:M>K,1,0.8067182
train-clinvar+pg_dms__bilstm__seed44,MSH6,P43246:592:M>I,0,0.110715784
train-clinvar+pg_dms__bilstm__seed44,MSH6,P43246:592:M>H,0,0.7086946
train-clinvar+pg_dms__bilstm__seed44,MSH6,P43246:592:M>G,0,0.62692654
train-clinvar+pg_dms__bilstm__seed44,MSH6,P43246:592:M>F,0,0.11939355
train-clinvar+pg_dms__bilstm__seed44,MSH6,P43246:592:M>D,1,0.87074846
train-clinvar+pg_dms__bilstm__seed44,MSH6,P43246:592:M>C,0,0.26574382
train-clinvar+pg_dms__bilstm__seed44,MSH6,P43246:592:M>W,0,0.78600496
train-clinvar+pg_dms__bilstm__seed44,MSH6,P43246:594:T>M,0,0.09781054
train-clinvar+pg_dms__bilstm__seed44,MSH6,P43246:594:T>W,0,0.18390359
train-clinvar+pg_dms__bilstm__seed44,MSH6,P43246:594:T>V,0,0.044520948
train-clinvar+pg_dms__bilstm__seed44,MSH6,P43246:594:T>S,0,0.02279767
train-clinvar+pg_dms__bilstm__seed44,MSH6,P43246:594:T>R,0,0.03558802
train-clinvar+pg_dms__bilstm__seed44,MSH6,P43246:594:T>Q,0,0.036159474
train-clinvar+pg_dms__bilstm__seed44,MSH6,P43246:594:T>P,0,0.2560286
train-clinvar+pg_dms__bilstm__seed44,MSH6,P43246:594:T>N,0,0.042417306
train-clinvar+pg_dms__bilstm__seed44,MSH6,P43246:594:T>L,0,0.03379906
train-clinvar+pg_dms__bilstm__seed44,MSH6,P43246:594:T>Y,0,0.034730684
train-clinvar+pg_dms__bilstm__seed44,MSH6,P43246:594:T>I,0,0.12231855
train-clinvar+pg_dms__bilstm__seed44,MSH6,P43246:594:T>H,0,0.05060382
train-clinvar+pg_dms__bilstm__seed44,MSH6,P43246:594:T>G,0,0.03833483
train-clinvar+pg_dms__bilstm__seed44,MSH6,P43246:594:T>F,1,0.0341051
train-clinvar+pg_dms__bilstm__seed44,MSH6,P43246:594:T>D,0,0.11469439
train-clinvar+pg_dms__bilstm__seed44,MSH6,P43246:594:T>C,0,0.01748314
train-clinvar+pg_dms__bilstm__seed44,MSH6,P43246:594:T>K,0,0.14180095
train-clinvar+pg_dms__bilstm__seed44,MSH6,P43246:599:L>P,1,0.85062164
train-clinvar+pg_dms__bilstm__seed44,MSH6,P43246:599:L>N,0,0.6851368
train-clinvar+pg_dms__bilstm__seed44,MSH6,P43246:599:L>M,0,0.22698347
train-clinvar+pg_dms__bilstm__seed44,MSH6,P43246:599:L>K,0,0.76511306
train-clinvar+pg_dms__bilstm__seed44,MSH6,P43246:599:L>I,0,0.1382437
train-clinvar+pg_dms__bilstm__seed44,MSH6,P43246:599:L>Q,0,0.61734587
train-clinvar+pg_dms__bilstm__seed44,MSH6,P43246:599:L>R,1,0.7413865
train-clinvar+pg_dms__bilstm__seed44,MSH6,P43246:599:L>S,0,0.447237
train-clinvar+pg_dms__bilstm__seed44,MSH6,P43246:599:L>A,0,0.27852014
train-clinvar+pg_dms__bilstm__seed44,MSH6,P43246:599:L>T,0,0.2055069
train-clinvar+pg_dms__bilstm__seed44,MSH6,P43246:599:L>W,0,0.6050912
train-clinvar+pg_dms__bilstm__seed44,MSH6,P43246:599:L>G,0,0.639074
train-clinvar+pg_dms__bilstm__seed44,MSH6,P43246:599:L>F,0,0.17422226
train-clinvar+pg_dms__bilstm__seed44,MSH6,P43246:599:L>E,0,0.7342997
train-clinvar+pg_dms__bilstm__seed44,MSH6,P43246:599:L>D,1,0.8052972
train-clinvar+pg_dms__bilstm__seed44,MSH6,P43246:599:L>C,0,0.35879147
train-clinvar+pg_dms__bilstm__seed44,MSH6,P43246:599:L>H,0,0.66600734
train-clinvar+pg_dms__bilstm__seed44,MSH6,P43246:599:L>V,0,0.15619476
train-clinvar+pg_dms__bilstm__seed44,MSH6,P43246:603:D>C,1,0.59878606
train-clinvar+pg_dms__bilstm__seed44,MSH6,P43246:603:D>E,1,0.7095458
train-clinvar+pg_dms__bilstm__seed44,MSH6,P43246:603:D>W,1,0.71730226
train-clinvar+pg_dms__bilstm__seed44,MSH6,P43246:603:D>R,1,0.71478814
train-clinvar+pg_dms__bilstm__seed44,MSH6,P43246:603:D>Q,1,0.655055
train-clinvar+pg_dms__bilstm__seed44,MSH6,P43246:603:D>P,1,0.8163811
train-clinvar+pg_dms__bilstm__seed44,MSH6,P43246:603:D>S,0,0.646882
train-clinvar+pg_dms__bilstm__seed44,MSH6,P43246:603:D>T,1,0.63196373
train-clinvar+pg_dms__bilstm__seed44,MSH6,P43246:603:D>M,1,0.6922552
train-clinvar+pg_dms__bilstm__seed44,MSH6,P43246:603:D>F,1,0.67013854
train-clinvar+pg_dms__bilstm__seed44,MSH6,P43246:603:D>A,0,0.6309496
train-clinvar+pg_dms__bilstm__seed44,MSH6,P43246:603:D>I,1,0.67872185
train-clinvar+pg_dms__bilstm__seed44,MSH6,P43246:603:D>K,1,0.72954786
train-clinvar+pg_dms__bilstm__seed44,MSH6,P43246:603:D>L,1,0.6630007
train-clinvar+pg_dms__bilstm__seed44,MSH6,P43246:603:D>H,1,0.6770565
train-clinvar+pg_dms__bilstm__seed44,MSH6,P43246:607:S>Y,0,0.74976754
train-clinvar+pg_dms__bilstm__seed44,MSH6,P43246:607:S>W,1,0.80535483
train-clinvar+pg_dms__bilstm__seed44,MSH6,P43246:607:S>V,0,0.71560323
train-clinvar+pg_dms__bilstm__seed44,MSH6,P43246:607:S>T,0,0.2729756
train-clinvar+pg_dms__bilstm__seed44,MSH6,P43246:607:S>R,0,0.8313276
train-clinvar+pg_dms__bilstm__seed44,MSH6,P43246:607:S>Q,0,0.748764
train-clinvar+pg_dms__bilstm__seed44,MSH6,P43246:607:S>H,0,0.765603
train-clinvar+pg_dms__bilstm__seed44,MSH6,P43246:607:S>N,0,0.6171281
train-clinvar+pg_dms__bilstm__seed44,MSH6,P43246:607:S>M,0,0.7450212
train-clinvar+pg_dms__bilstm__seed44,MSH6,P43246:607:S>L,0,0.6092154
train-clinvar+pg_dms__bilstm__seed44,MSH6,P43246:607:S>I,0,0.7203223
train-clinvar+pg_dms__bilstm__seed44,MSH6,P43246:607:S>G,0,0.19479185
train-clinvar+pg_dms__bilstm__seed44,MSH6,P43246:607:S>E,1,0.81608087
train-clinvar+pg_dms__bilstm__seed44,MSH6,P43246:607:S>D,0,0.8518706
train-clinvar+pg_dms__bilstm__seed44,MSH6,P43246:607:S>C,0,0.11464526
train-clinvar+pg_dms__bilstm__seed44,MSH6,P43246:607:S>P,1,0.892319
train-clinvar+pg_dms__bilstm__seed44,MSH6,P43246:607:S>A,0,0.12840432
train-clinvar+pg_dms__bilstm__seed44,MSH6,P43246:609:A>I,1,0.8287973
train-clinvar+pg_dms__bilstm__seed44,MSH6,P43246:609:A>C,0,0.66277164
train-clinvar+pg_dms__bilstm__seed44,MSH6,P43246:609:A>D,1,0.89218026
train-clinvar+pg_dms__bilstm__seed44,MSH6,P43246:609:A>E,1,0.8595366
train-clinvar+pg_dms__bilstm__seed44,MSH6,P43246:609:A>F,1,0.8164875
train-clinvar+pg_dms__bilstm__seed44,MSH6,P43246:609:A>H,1,0.8202274
train-clinvar+pg_dms__bilstm__seed44,MSH6,P43246:609:A>K,1,0.8709456
train-clinvar+pg_dms__bilstm__seed44,MSH6,P43246:609:A>Q,1,0.80286765
train-clinvar+pg_dms__bilstm__seed44,MSH6,P43246:609:A>M,1,0.8313054
train-clinvar+pg_dms__bilstm__seed44,MSH6,P43246:609:A>L,1,0.79571867
train-clinvar+pg_dms__bilstm__seed44,MSH6,P43246:609:A>P,1,0.92359513
train-clinvar+pg_dms__bilstm__seed44,MSH6,P43246:609:A>R,1,0.86472136
train-clinvar+pg_dms__bilstm__seed44,MSH6,P43246:609:A>S,0,0.16356897
train-clinvar+pg_dms__bilstm__seed44,MSH6,P43246:609:A>T,1,0.639492
train-clinvar+pg_dms__bilstm__seed44,MSH6,P43246:609:A>W,1,0.8614442
train-clinvar+pg_dms__bilstm__seed44,MSH6,P43246:609:A>Y,1,0.819482
train-clinvar+pg_dms__bilstm__seed44,MSH6,P43246:609:A>N,1,0.83979106
train-clinvar+pg_dms__bilstm__seed44,MSH6,P43246:612:S>A,0,0.09292614
train-clinvar+pg_dms__bilstm__seed44,MSH6,P43246:612:S>W,0,0.8423119
train-clinvar+pg_dms__bilstm__seed44,MSH6,P43246:612:S>Y,0,0.7791283
train-clinvar+pg_dms__bilstm__seed44,MSH6,P43246:612:S>P,0,0.90515333
train-clinvar+pg_dms__bilstm__seed44,MSH6,P43246:612:S>N,0,0.7812765
train-clinvar+pg_dms__bilstm__seed44,MSH6,P43246:612:S>M,0,0.5742184
train-clinvar+pg_dms__bilstm__seed44,MSH6,P43246:612:S>L,0,0.3109595
train-clinvar+pg_dms__bilstm__seed44,MSH6,P43246:612:S>K,0,0.8677221
train-clinvar+pg_dms__bilstm__seed44,MSH6,P43246:612:S>Q,0,0.76487315
train-clinvar+pg_dms__bilstm__seed44,MSH6,P43246:612:S>I,0,0.49540082
train-clinvar+pg_dms__bilstm__seed44,MSH6,P43246:612:S>G,0,0.16354854
train-clinvar+pg_dms__bilstm__seed44,MSH6,P43246:612:S>F,0,0.7604994
train-clinvar+pg_dms__bilstm__seed44,MSH6,P43246:612:S>E,0,0.8493888
train-clinvar+pg_dms__bilstm__seed44,MSH6,P43246:612:S>C,0,0.0755469
train-clinvar+pg_dms__bilstm__seed44,MSH6,P43246:612:S>R,0,0.86810374
train-clinvar+pg_dms__bilstm__seed44,MSH6,P43246:612:S>T,0,0.12784657
train-clinvar+pg_dms__bilstm__seed44,MSH6,P43246:612:S>V,0,0.25568643
train-clinvar+pg_dms__bilstm__seed44,MSH6,P43246:612:S>H,0,0.80843633
train-clinvar+pg_dms__bilstm__seed44,MSH6,P43246:617:V>H,0,0.1314198
train-clinvar+pg_dms__bilstm__seed44,MSH6,P43246:617:V>G,0,0.10100847
train-clinvar+pg_dms__bilstm__seed44,MSH6,P43246:617:V>F,0,0.051772404
train-clinvar+pg_dms__bilstm__seed44,MSH6,P43246:617:V>I,0,0.053555693
train-clinvar+pg_dms__bilstm__seed44,MSH6,P43246:617:V>K,0,0.1122336
train-clinvar+pg_dms__bilstm__seed44,MSH6,P43246:617:V>L,0,0.08470007
train-clinvar+pg_dms__bilstm__seed44,MSH6,P43246:617:V>M,0,0.09427779
train-clinvar+pg_dms__bilstm__seed44,MSH6,P43246:617:V>N,0,0.07265426
train-clinvar+pg_dms__bilstm__seed44,MSH6,P43246:617:V>E,0,0.0817547
train-clinvar+pg_dms__bilstm__seed44,MSH6,P43246:617:V>Q,0,0.07183401
train-clinvar+pg_dms__bilstm__seed44,MSH6,P43246:617:V>R,0,0.08456535
train-clinvar+pg_dms__bilstm__seed44,MSH6,P43246:617:V>W,0,0.46742514
train-clinvar+pg_dms__bilstm__seed44,MSH6,P43246:617:V>T,0,0.047782768
train-clinvar+pg_dms__bilstm__seed44,MSH6,P43246:617:V>D,0,0.16840276
train-clinvar+pg_dms__bilstm__seed44,MSH6,P43246:617:V>C,0,0.11076895
train-clinvar+pg_dms__bilstm__seed44,MSH6,P43246:617:V>A,0,0.055049956
train-clinvar+pg_dms__bilstm__seed44,MSH6,P43246:617:V>S,0,0.04824509
train-clinvar+pg_dms__bilstm__seed44,MSH6,P43246:617:V>Y,0,0.10742911
train-clinvar+pg_dms__bilstm__seed44,MSH6,P43246:617:V>P,0,0.5765179
train-clinvar+pg_dms__bilstm__seed44,MSH6,P43246:619:Y>K,0,0.9091168
train-clinvar+pg_dms__bilstm__seed44,MSH6,P43246:619:Y>S,0,0.79975164
train-clinvar+pg_dms__bilstm__seed44,MSH6,P43246:619:Y>R,0,0.89138997
train-clinvar+pg_dms__bilstm__seed44,MSH6,P43246:619:Y>Q,0,0.8711277
train-clinvar+pg_dms__bilstm__seed44,MSH6,P43246:619:Y>P,1,0.9292261
train-clinvar+pg_dms__bilstm__seed44,MSH6,P43246:619:Y>N,0,0.8544128
train-clinvar+pg_dms__bilstm__seed44,MSH6,P43246:619:Y>M,0,0.84476334
train-clinvar+pg_dms__bilstm__seed44,MSH6,P43246:619:Y>L,0,0.6748772
train-clinvar+pg_dms__bilstm__seed44,MSH6,P43246:619:Y>W,0,0.63861287
train-clinvar+pg_dms__bilstm__seed44,MSH6,P43246:619:Y>V,0,0.8313723
train-clinvar+pg_dms__bilstm__seed44,MSH6,P43246:619:Y>T,0,0.82448936
train-clinvar+pg_dms__bilstm__seed44,MSH6,P43246:619:Y>I,1,0.8500895
train-clinvar+pg_dms__bilstm__seed44,MSH6,P43246:619:Y>A,0,0.83049613
train-clinvar+pg_dms__bilstm__seed44,MSH6,P43246:619:Y>G,0,0.8385537
train-clinvar+pg_dms__bilstm__seed44,MSH6,P43246:619:Y>F,0,0.12886903
train-clinvar+pg_dms__bilstm__seed44,MSH6,P43246:619:Y>E,1,0.88936365
train-clinvar+pg_dms__bilstm__seed44,MSH6,P43246:619:Y>D,1,0.91199315
train-clinvar+pg_dms__bilstm__seed44,MSH6,P43246:619:Y>C,0,0.47328407
train-clinvar+pg_dms__bilstm__seed44,MSH6,P43246:619:Y>H,0,0.8476729
train-clinvar+pg_dms__bilstm__seed44,MSH6,P43246:620:V>D,0,0.6932275
train-clinvar+pg_dms__bilstm__seed44,MSH6,P43246:620:V>E,0,0.32009315
train-clinvar+pg_dms__bilstm__seed44,MSH6,P43246:620:V>F,0,0.20572044
train-clinvar+pg_dms__bilstm__seed44,MSH6,P43246:620:V>G,0,0.19589199
train-clinvar+pg_dms__bilstm__seed44,MSH6,P43246:620:V>H,0,0.5138527
train-clinvar+pg_dms__bilstm__seed44,MSH6,P43246:620:V>S,0,0.114910476
train-clinvar+pg_dms__bilstm__seed44,MSH6,P43246:620:V>P,1,0.8754991
train-clinvar+pg_dms__bilstm__seed44,MSH6,P43246:620:V>Q,0,0.1977248
train-clinvar+pg_dms__bilstm__seed44,MSH6,P43246:620:V>N,0,0.25405157
train-clinvar+pg_dms__bilstm__seed44,MSH6,P43246:620:V>M,0,0.17122485
train-clinvar+pg_dms__bilstm__seed44,MSH6,P43246:620:V>L,0,0.1693283
train-clinvar+pg_dms__bilstm__seed44,MSH6,P43246:620:V>I,0,0.077563785
train-clinvar+pg_dms__bilstm__seed44,MSH6,P43246:620:V>W,1,0.80922425
train-clinvar+pg_dms__bilstm__seed44,MSH6,P43246:620:V>R,0,0.19967653
train-clinvar+pg_dms__bilstm__seed44,MSH6,P43246:620:V>T,0,0.08146175
train-clinvar+pg_dms__bilstm__seed44,MSH6,P43246:620:V>A,0,0.11438575
train-clinvar+pg_dms__bilstm__seed44,MSH6,P43246:620:V>C,0,0.23316777
train-clinvar+pg_dms__bilstm__seed44,MSH6,P43246:620:V>Y,0,0.5929754
train-clinvar+pg_dms__bilstm__seed44,MSH6,P43246:621:R>S,1,0.6750028
train-clinvar+pg_dms__bilstm__seed44,MSH6,P43246:621:R>T,1,0.66799134
train-clinvar+pg_dms__bilstm__seed44,MSH6,P43246:621:R>V,1,0.7033707
train-clinvar+pg_dms__bilstm__seed44,MSH6,P43246:621:R>A,1,0.65135354
train-clinvar+pg_dms__bilstm__seed44,MSH6,P43246:621:R>C,0,0.0791772
train-clinvar+pg_dms__bilstm__seed44,MSH6,P43246:621:R>K,0,0.13700935
train-clinvar+pg_dms__bilstm__seed44,MSH6,P43246:621:R>M,0,0.7417739
train-clinvar+pg_dms__bilstm__seed44,MSH6,P43246:621:R>E,1,0.73653466
train-clinvar+pg_dms__bilstm__seed44,MSH6,P43246:621:R>F,1,0.7157707
train-clinvar+pg_dms__bilstm__seed44,MSH6,P43246:621:R>I,1,0.7037174
train-clinvar+pg_dms__bilstm__seed44,MSH6,P43246:621:R>W,1,0.5882828
train-clinvar+pg_dms__bilstm__seed44,MSH6,P43246:621:R>N,1,0.76252806
train-clinvar+pg_dms__bilstm__seed44,MSH6,P43246:621:R>D,1,0.8465645
train-clinvar+pg_dms__bilstm__seed44,MSH6,P43246:623:A>W,0,0.31495827
train-clinvar+pg_dms__bilstm__seed44,MSH6,P43246:623:A>F,0,0.070934094
train-clinvar+pg_dms__bilstm__seed44,MSH6,P43246:623:A>G,0,0.10736578
train-clinvar+pg_dms__bilstm__seed44,MSH6,P43246:623:A>H,0,0.08799336
train-clinvar+pg_dms__bilstm__seed44,MSH6,P43246:623:A>I,0,0.07062977
train-clinvar+pg_dms__bilstm__seed44,MSH6,P43246:623:A>K,0,0.09841274
train-clinvar+pg_dms__bilstm__seed44,MSH6,P43246:623:A>L,0,0.06565523
train-clinvar+pg_dms__bilstm__seed44,MSH6,P43246:623:A>E,0,0.07305113
train-clinvar+pg_dms__bilstm__seed44,MSH6,P43246:623:A>M,0,0.122431636
train-clinvar+pg_dms__bilstm__seed44,MSH6,P43246:623:A>P,1,0.3224849
train-clinvar+pg_dms__bilstm__seed44,MSH6,P43246:623:A>Q,0,0.07277137
train-clinvar+pg_dms__bilstm__seed44,MSH6,P43246:623:A>R,0,0.07316289
train-clinvar+pg_dms__bilstm__seed44,MSH6,P43246:623:A>S,0,0.055624865
train-clinvar+pg_dms__bilstm__seed44,MSH6,P43246:623:A>T,0,0.08200946
train-clinvar+pg_dms__bilstm__seed44,MSH6,P43246:623:A>V,0,0.074294426
train-clinvar+pg_dms__bilstm__seed44,MSH6,P43246:623:A>N,0,0.0749301
train-clinvar+pg_dms__bilstm__seed44,MSH6,P43246:623:A>D,0,0.11579648
train-clinvar+pg_dms__bilstm__seed44,MSH6,P43246:623:A>C,0,0.05776407
train-clinvar+pg_dms__bilstm__seed44,MSH6,P43246:623:A>Y,0,0.090960905
train-clinvar+pg_dms__bilstm__seed44,MSH6,P43246:625:L>C,0,0.066271074
train-clinvar+pg_dms__bilstm__seed44,MSH6,P43246:625:L>E,0,0.109269455
train-clinvar+pg_dms__bilstm__seed44,MSH6,P43246:625:L>D,0,0.42918175
train-clinvar+pg_dms__bilstm__seed44,MSH6,P43246:625:L>A,0,0.06991776
train-clinvar+pg_dms__bilstm__seed44,MSH6,P43246:625:L>F,0,0.063269034
train-clinvar+pg_dms__bilstm__seed44,MSH6,P43246:625:L>G,0,0.12138127
train-clinvar+pg_dms__bilstm__seed44,MSH6,P43246:625:L>H,0,0.0830736
train-clinvar+pg_dms__bilstm__seed44,MSH6,P43246:625:L>I,0,0.07378054
train-clinvar+pg_dms__bilstm__seed44,MSH6,P43246:625:L>M,0,0.11191085
train-clinvar+pg_dms__bilstm__seed44,MSH6,P43246:625:L>N,0,0.12894192
train-clinvar+pg_dms__bilstm__seed44,MSH6,P43246:625:L>K,0,0.107567936
train-clinvar+pg_dms__bilstm__seed44,MSH6,P43246:625:L>Q,0,0.070367485
train-clinvar+pg_dms__bilstm__seed44,MSH6,P43246:625:L>R,0,0.07524995
train-clinvar+pg_dms__bilstm__seed44,MSH6,P43246:625:L>S,0,0.06693806
train-clinvar+pg_dms__bilstm__seed44,MSH6,P43246:625:L>T,0,0.06474146
train-clinvar+pg_dms__bilstm__seed44,MSH6,P43246:625:L>V,0,0.08018425
train-clinvar+pg_dms__bilstm__seed44,MSH6,P43246:625:L>W,0,0.11683029
train-clinvar+pg_dms__bilstm__seed44,MSH6,P43246:625:L>Y,0,0.08556805
train-clinvar+pg_dms__bilstm__seed44,MSH6,P43246:625:L>P,1,0.5192391
train-clinvar+pg_dms__bilstm__seed44,MSH6,P43246:628:G>K,0,0.2043141
train-clinvar+pg_dms__bilstm__seed44,MSH6,P43246:628:G>A,0,0.10732109
train-clinvar+pg_dms__bilstm__seed44,MSH6,P43246:628:G>C,0,0.065551
train-clinvar+pg_dms__bilstm__seed44,MSH6,P43246:628:G>D,0,0.11295625
train-clinvar+pg_dms__bilstm__seed44,MSH6,P43246:628:G>F,0,0.27615097
train-clinvar+pg_dms__bilstm__seed44,MSH6,P43246:628:G>H,0,0.14122306
train-clinvar+pg_dms__bilstm__seed44,MSH6,P43246:628:G>I,0,0.2086115
train-clinvar+pg_dms__bilstm__seed44,MSH6,P43246:628:G>L,0,0.2105242
train-clinvar+pg_dms__bilstm__seed44,MSH6,P43246:628:G>M,0,0.362409
train-clinvar+pg_dms__bilstm__seed44,MSH6,P43246:628:G>N,0,0.09553066
train-clinvar+pg_dms__bilstm__seed44,MSH6,P43246:628:G>P,0,0.6222774
train-clinvar+pg_dms__bilstm__seed44,MSH6,P43246:628:G>Q,0,0.10261792
train-clinvar+pg_dms__bilstm__seed44,MSH6,P43246:628:G>R,0,0.18410583
train-clinvar+pg_dms__bilstm__seed44,MSH6,P43246:628:G>S,0,0.053034436
train-clinvar+pg_dms__bilstm__seed44,MSH6,P43246:628:G>T,0,0.07359968
train-clinvar+pg_dms__bilstm__seed44,MSH6,P43246:628:G>W,0,0.29908496
train-clinvar+pg_dms__bilstm__seed44,MSH6,P43246:628:G>Y,0,0.14657333
train-clinvar+pg_dms__bilstm__seed44,MSH6,P43246:634:L>V,0,0.18142736
train-clinvar+pg_dms__bilstm__seed44,MSH6,P43246:634:L>Y,0,0.8164372
train-clinvar+pg_dms__bilstm__seed44,MSH6,P43246:634:L>W,0,0.8487458
train-clinvar+pg_dms__bilstm__seed44,MSH6,P43246:634:L>G,0,0.83321774
train-clinvar+pg_dms__bilstm__seed44,MSH6,P43246:634:L>H,0,0.84108776
train-clinvar+pg_dms__bilstm__seed44,MSH6,P43246:634:L>R,1,0.8607682
train-clinvar+pg_dms__bilstm__seed44,MSH6,P43246:634:L>I,0,0.16287953
train-clinvar+pg_dms__bilstm__seed44,MSH6,P43246:634:L>F,0,0.23281452
train-clinvar+pg_dms__bilstm__seed44,MSH6,P43246:634:L>D,1,0.90466446
train-clinvar+pg_dms__bilstm__seed44,MSH6,P43246:634:L>C,0,0.5052313
train-clinvar+pg_dms__bilstm__seed44,MSH6,P43246:634:L>A,0,0.7334592
train-clinvar+pg_dms__bilstm__seed44,MSH6,P43246:634:L>S,0,0.8121173
train-clinvar+pg_dms__bilstm__seed44,MSH6,P43246:634:L>T,0,0.7598481
train-clinvar+pg_dms__bilstm__seed44,MSH6,P43246:634:L>Q,0,0.81745833
train-clinvar+pg_dms__bilstm__seed44,MSH6,P43246:634:L>M,0,0.21703613
train-clinvar+pg_dms__bilstm__seed44,MSH6,P43246:634:L>P,1,0.9316795
train-clinvar+pg_dms__bilstm__seed44,MSH6,P43246:634:L>N,1,0.85738933
train-clinvar+pg_dms__bilstm__seed44,MSH6,P43246:634:L>K,1,0.88255244
train-clinvar+pg_dms__bilstm__seed44,MSH6,P43246:637:S>T,0,0.26426092
train-clinvar+pg_dms__bilstm__seed44,MSH6,P43246:637:S>P,0,0.88929784
train-clinvar+pg_dms__bilstm__seed44,MSH6,P43246:637:S>N,0,0.7554521
train-clinvar+pg_dms__bilstm__seed44,MSH6,P43246:637:S>Q,0,0.79428643
train-clinvar+pg_dms__bilstm__seed44,MSH6,P43246:637:S>M,0,0.7025869
train-clinvar+pg_dms__bilstm__seed44,MSH6,P43246:637:S>L,0,0.5393416
train-clinvar+pg_dms__bilstm__seed44,MSH6,P43246:637:S>I,0,0.73354214
train-clinvar+pg_dms__bilstm__seed44,MSH6,P43246:637:S>H,1,0.8134134
train-clinvar+pg_dms__bilstm__seed44,MSH6,P43246:637:S>R,1,0.83595043
train-clinvar+pg_dms__bilstm__seed44,MSH6,P43246:637:S>V,0,0.6000251
train-clinvar+pg_dms__bilstm__seed44,MSH6,P43246:637:S>F,0,0.78261006
train-clinvar+pg_dms__bilstm__seed44,MSH6,P43246:637:S>E,0,0.8332916
train-clinvar+pg_dms__bilstm__seed44,MSH6,P43246:637:S>D,1,0.86473566
train-clinvar+pg_dms__bilstm__seed44,MSH6,P43246:637:S>C,0,0.14966409
train-clinvar+pg_dms__bilstm__seed44,MSH6,P43246:637:S>G,0,0.16430561
train-clinvar+pg_dms__bilstm__seed44,MSH6,P43246:637:S>A,0,0.13201588
train-clinvar+pg_dms__bilstm__seed44,MSH6,P43246:637:S>W,1,0.8441642
train-clinvar+pg_dms__bilstm__seed44,MSH6,P43246:638:R>H,0,0.59795356
train-clinvar+pg_dms__bilstm__seed44,MSH6,P43246:638:R>A,1,0.6370656
train-clinvar+pg_dms__bilstm__seed44,MSH6,P43246:638:R>C,0,0.5012609
train-clinvar+pg_dms__bilstm__seed44,MSH6,P43246:638:R>D,1,0.75295144
train-clinvar+pg_dms__bilstm__seed44,MSH6,P43246:638:R>E,1,0.7096045
train-clinvar+pg_dms__bilstm__seed44,MSH6,P43246:638:R>T,0,0.6360022
train-clinvar+pg_dms__bilstm__seed44,MSH6,P43246:638:R>I,0,0.6807286
train-clinvar+pg_dms__bilstm__seed44,MSH6,P43246:638:R>V,0,0.690467
train-clinvar+pg_dms__bilstm__seed44,MSH6,P43246:638:R>Y,0,0.66765827
train-clinvar+pg_dms__bilstm__seed44,MSH6,P43246:638:R>W,0,0.6924012
train-clinvar+pg_dms__bilstm__seed44,MSH6,P43246:638:R>L,0,0.66727936
train-clinvar+pg_dms__bilstm__seed44,MSH6,P43246:638:R>P,1,0.80323094
train-clinvar+pg_dms__bilstm__seed44,MSH6,P43246:638:R>Q,1,0.5598257
train-clinvar+pg_dms__bilstm__seed44,MSH6,P43246:638:R>S,0,0.63987905
train-clinvar+pg_dms__bilstm__seed44,MSH6,P43246:638:R>F,0,0.6646197
train-clinvar+pg_dms__bilstm__seed44,MSH6,P43246:638:R>G,1,0.6685644
train-clinvar+pg_dms__bilstm__seed44,MSH6,P43246:641:C>A,0,0.34902176
train-clinvar+pg_dms__bilstm__seed44,MSH6,P43246:641:C>D,0,0.81737876
train-clinvar+pg_dms__bilstm__seed44,MSH6,P43246:641:C>Y,0,0.5813035
train-clinvar+pg_dms__bilstm__seed44,MSH6,P43246:641:C>F,0,0.49903756
train-clinvar+pg_dms__bilstm__seed44,MSH6,P43246:641:C>G,0,0.23890875
train-clinvar+pg_dms__bilstm__seed44,MSH6,P43246:641:C>H,0,0.6874261
train-clinvar+pg_dms__bilstm__seed44,MSH6,P43246:641:C>K,0,0.78929466
train-clinvar+pg_dms__bilstm__seed44,MSH6,P43246:641:C>S,0,0.28755566
train-clinvar+pg_dms__bilstm__seed44,MSH6,P43246:641:C>L,0,0.22931343
train-clinvar+pg_dms__bilstm__seed44,MSH6,P43246:641:C>M,0,0.58335763
train-clinvar+pg_dms__bilstm__seed44,MSH6,P43246:641:C>N,0,0.62895703
train-clinvar+pg_dms__bilstm__seed44,MSH6,P43246:641:C>P,0,0.8684287
train-clinvar+pg_dms__bilstm__seed44,MSH6,P43246:641:C>R,0,0.69933134
train-clinvar+pg_dms__bilstm__seed44,MSH6,P43246:641:C>I,0,0.33300766
train-clinvar+pg_dms__bilstm__seed44,MSH6,P43246:641:C>Q,0,0.66540605
train-clinvar+pg_dms__bilstm__seed44,MSH6,P43246:641:C>V,0,0.18381107
train-clinvar+pg_dms__bilstm__seed44,MSH6,P43246:641:C>T,0,0.37046516
train-clinvar+pg_dms__bilstm__seed44,MSH6,P43246:646:D>R,0,0.15981539
train-clinvar+pg_dms__bilstm__seed44,MSH6,P43246:646:D>W,0,0.3083283
train-clinvar+pg_dms__bilstm__seed44,MSH6,P43246:646:D>T,0,0.09449445
train-clinvar+pg_dms__bilstm__seed44,MSH6,P43246:646:D>S,0,0.056193072
train-clinvar+pg_dms__bilstm__seed44,MSH6,P43246:646:D>F,0,0.22145161
train-clinvar+pg_dms__bilstm__seed44,MSH6,P43246:646:D>C,0,0.1634694
train-clinvar+pg_dms__bilstm__seed44,MSH6,P43246:646:D>G,0,0.08749036
train-clinvar+pg_dms__bilstm__seed44,MSH6,P43246:646:D>I,0,0.20662662
train-clinvar+pg_dms__bilstm__seed44,MSH6,P43246:646:D>K,0,0.16518062
train-clinvar+pg_dms__bilstm__seed44,MSH6,P43246:646:D>A,0,0.10348934
train-clinvar+pg_dms__bilstm__seed44,MSH6,P43246:646:D>L,0,0.17033552
train-clinvar+pg_dms__bilstm__seed44,MSH6,P43246:646:D>N,0,0.06356942
train-clinvar+pg_dms__bilstm__seed44,MSH6,P43246:646:D>P,0,0.21806586
train-clinvar+pg_dms__bilstm__seed44,MSH6,P43246:646:D>Q,0,0.10762851
train-clinvar+pg_dms__bilstm__seed44,MSH6,P43246:646:D>M,0,0.2702259
train-clinvar+pg_dms__bilstm__seed44,MSH6,P43246:649:A>D,0,0.17208059
train-clinvar+pg_dms__bilstm__seed44,MSH6,P43246:649:A>T,0,0.061248984
train-clinvar+pg_dms__bilstm__seed44,MSH6,P43246:649:A>S,0,0.05748218
train-clinvar+pg_dms__bilstm__seed44,MSH6,P43246:649:A>R,0,0.16889887
train-clinvar+pg_dms__bilstm__seed44,MSH6,P43246:649:A>Q,0,0.1166903
train-clinvar+pg_dms__bilstm__seed44,MSH6,P43246:649:A>V,0,0.1138662
train-clinvar+pg_dms__bilstm__seed44,MSH6,P43246:649:A>E,0,0.13920829
train-clinvar+pg_dms__bilstm__seed44,MSH6,P43246:649:A>P,0,0.13860948
train-clinvar+pg_dms__bilstm__seed44,MSH6,P43246:649:A>G,0,0.082538605
train-clinvar+pg_dms__bilstm__seed44,MSH6,P43246:649:A>H,0,0.15203197
train-clinvar+pg_dms__bilstm__seed44,MSH6,P43246:649:A>I,0,0.110834025
train-clinvar+pg_dms__bilstm__seed44,MSH6,P43246:649:A>K,0,0.24693105
train-clinvar+pg_dms__bilstm__seed44,MSH6,P43246:649:A>F,0,0.12814103
train-clinvar+pg_dms__bilstm__seed44,MSH6,P43246:649:A>Y,0,0.16053697
train-clinvar+pg_dms__bilstm__seed44,MSH6,P43246:649:A>C,0,0.088509224
train-clinvar+pg_dms__bilstm__seed44,MSH6,P43246:649:A>L,0,0.082777046
train-clinvar+pg_dms__bilstm__seed44,MSH6,P43246:649:A>M,0,0.13829614
train-clinvar+pg_dms__bilstm__seed44,MSH6,P43246:649:A>N,0,0.09556606
train-clinvar+pg_dms__bilstm__seed44,MSH6,P43246:652:P>A,0,0.03722518
train-clinvar+pg_dms__bilstm__seed44,MSH6,P43246:652:P>C,0,0.15979473
train-clinvar+pg_dms__bilstm__seed44,MSH6,P43246:652:P>E,0,0.24407168
train-clinvar+pg_dms__bilstm__seed44,MSH6,P43246:652:P>V,0,0.31437293
train-clinvar+pg_dms__bilstm__seed44,MSH6,P43246:652:P>R,0,0.21368891
train-clinvar+pg_dms__bilstm__seed44,MSH6,P43246:652:P>Q,0,0.10991896
train-clinvar+pg_dms__bilstm__seed44,MSH6,P43246:652:P>M,0,0.46789375
train-clinvar+pg_dms__bilstm__seed44,MSH6,P43246:652:P>K,0,0.3382488
train-clinvar+pg_dms__bilstm__seed44,MSH6,P43246:652:P>I,0,0.409826
train-clinvar+pg_dms__bilstm__seed44,MSH6,P43246:652:P>F,0,0.38117024
train-clinvar+pg_dms__bilstm__seed44,MSH6,P43246:652:P>G,0,0.13452974
train-clinvar+pg_dms__bilstm__seed44,MSH6,P43246:652:P>W,1,0.54223084
train-clinvar+pg_dms__bilstm__seed44,MSH6,P43246:662:Q>V,0,0.07194695
train-clinvar+pg_dms__bilstm__seed44,MSH6,P43246:662:Q>W,0,0.3216547
train-clinvar+pg_dms__bilstm__seed44,MSH6,P43246:662:Q>Y,0,0.08027144
train-clinvar+pg_dms__bilstm__seed44,MSH6,P43246:662:Q>T,0,0.044551667
train-clinvar+pg_dms__bilstm__seed44,MSH6,P43246:662:Q>R,0,0.04525323
train-clinvar+pg_dms__bilstm__seed44,MSH6,P43246:662:Q>H,0,0.11627208
train-clinvar+pg_dms__bilstm__seed44,MSH6,P43246:662:Q>I,0,0.09893606
train-clinvar+pg_dms__bilstm__seed44,MSH6,P43246:662:Q>S,0,0.038355358
train-clinvar+pg_dms__bilstm__seed44,MSH6,P43246:662:Q>K,0,0.06899652
train-clinvar+pg_dms__bilstm__seed44,MSH6,P43246:662:Q>L,0,0.05207419
train-clinvar+pg_dms__bilstm__seed44,MSH6,P43246:662:Q>G,0,0.06363512
train-clinvar+pg_dms__bilstm__seed44,MSH6,P43246:662:Q>F,0,0.24248871
train-clinvar+pg_dms__bilstm__seed44,MSH6,P43246:662:Q>E,0,0.046935912
train-clinvar+pg_dms__bilstm__seed44,MSH6,P43246:662:Q>D,0,0.13130456
train-clinvar+pg_dms__bilstm__seed44,MSH6,P43246:662:Q>C,0,0.05130452
train-clinvar+pg_dms__bilstm__seed44,MSH6,P43246:662:Q>A,0,0.044399142
train-clinvar+pg_dms__bilstm__seed44,MSH6,P43246:662:Q>M,0,0.1649293
train-clinvar+pg_dms__bilstm__seed44,MSH6,P43246:662:Q>N,0,0.06894848
train-clinvar+pg_dms__bilstm__seed44,MSH6,P43246:662:Q>P,0,0.29038852
train-clinvar+pg_dms__bilstm__seed44,MSH6,P43246:664:F>M,0,0.79490435
train-clinvar+pg_dms__bilstm__seed44,MSH6,P43246:664:F>N,0,0.89807695
train-clinvar+pg_dms__bilstm__seed44,MSH6,P43246:664:F>P,1,0.9446747
train-clinvar+pg_dms__bilstm__seed44,MSH6,P43246:664:F>Q,0,0.8839269
train-clinvar+pg_dms__bilstm__seed44,MSH6,P43246:664:F>R,1,0.9076961
train-clinvar+pg_dms__bilstm__seed44,MSH6,P43246:664:F>S,0,0.87443197
train-clinvar+pg_dms__bilstm__seed44,MSH6,P43246:664:F>T,0,0.8619394
train-clinvar+pg_dms__bilstm__seed44,MSH6,P43246:664:F>W,0,0.8815997
train-clinvar+pg_dms__bilstm__seed44,MSH6,P43246:664:F>Y,0,0.6393182
train-clinvar+pg_dms__bilstm__seed44,MSH6,P43246:664:F>L,0,0.81907827
train-clinvar+pg_dms__bilstm__seed44,MSH6,P43246:664:F>K,1,0.91939956
train-clinvar+pg_dms__bilstm__seed44,MSH6,P43246:664:F>I,0,0.72491986
train-clinvar+pg_dms__bilstm__seed44,MSH6,P43246:664:F>V,0,0.70820636
train-clinvar+pg_dms__bilstm__seed44,MSH6,P43246:664:F>H,0,0.89142
train-clinvar+pg_dms__bilstm__seed44,MSH6,P43246:664:F>G,1,0.88343775
train-clinvar+pg_dms__bilstm__seed44,MSH6,P43246:664:F>E,0,0.90534204
train-clinvar+pg_dms__bilstm__seed44,MSH6,P43246:664:F>A,0,0.85564005
train-clinvar+pg_dms__bilstm__seed44,MSH6,P43246:664:F>C,0,0.6572606
train-clinvar+pg_dms__bilstm__seed44,MSH6,P43246:670:P>L,0,0.36704096
train-clinvar+pg_dms__bilstm__seed44,MSH6,P43246:670:P>I,0,0.67066604
train-clinvar+pg_dms__bilstm__seed44,MSH6,P43246:670:P>K,0,0.730533
train-clinvar+pg_dms__bilstm__seed44,MSH6,P43246:670:P>F,0,0.65167004
train-clinvar+pg_dms__bilstm__seed44,MSH6,P43246:670:P>E,0,0.6972348
train-clinvar+pg_dms__bilstm__seed44,MSH6,P43246:670:P>D,0,0.76994544
train-clinvar+pg_dms__bilstm__seed44,MSH6,P43246:670:P>C,0,0.5430837
train-clinvar+pg_dms__bilstm__seed44,MSH6,P43246:670:P>A,0,0.53057045
train-clinvar+pg_dms__bilstm__seed44,MSH6,P43246:670:P>Y,0,0.6553698
train-clinvar+pg_dms__bilstm__seed44,MSH6,P43246:670:P>W,0,0.7222695
train-clinvar+pg_dms__bilstm__seed44,MSH6,P43246:670:P>V,0,0.6765446
train-clinvar+pg_dms__bilstm__seed44,MSH6,P43246:670:P>Q,0,0.6283876
train-clinvar+pg_dms__bilstm__seed44,MSH6,P43246:670:P>N,0,0.6747294
train-clinvar+pg_dms__bilstm__seed44,MSH6,P43246:670:P>M,0,0.7221649
train-clinvar+pg_dms__bilstm__seed44,MSH6,P43246:670:P>G,0,0.65117395
train-clinvar+pg_dms__bilstm__seed44,MSH6,P43246:670:P>H,0,0.68218875
train-clinvar+pg_dms__bilstm__seed44,MSH6,P43246:672:M>T,0,0.45021376
train-clinvar+pg_dms__bilstm__seed44,MSH6,P43246:672:M>F,0,0.4440573
train-clinvar+pg_dms__bilstm__seed44,MSH6,P43246:672:M>A,0,0.44912148
train-clinvar+pg_dms__bilstm__seed44,MSH6,P43246:672:M>C,0,0.33675042
train-clinvar+pg_dms__bilstm__seed44,MSH6,P43246:672:M>D,0,0.66251004
train-clinvar+pg_dms__bilstm__seed44,MSH6,P43246:672:M>E,0,0.56670916
train-clinvar+pg_dms__bilstm__seed44,MSH6,P43246:672:M>S,0,0.42866075
train-clinvar+pg_dms__bilstm__seed44,MSH6,P43246:672:M>G,0,0.5079794
train-clinvar+pg_dms__bilstm__seed44,MSH6,P43246:672:M>H,0,0.54618317
train-clinvar+pg_dms__bilstm__seed44,MSH6,P43246:672:M>K,0,0.6095169
train-clinvar+pg_dms__bilstm__seed44,MSH6,P43246:672:M>I,0,0.52985555
train-clinvar+pg_dms__bilstm__seed44,MSH6,P43246:672:M>N,0,0.5398569
train-clinvar+pg_dms__bilstm__seed44,MSH6,P43246:672:M>P,1,0.7185029
train-clinvar+pg_dms__bilstm__seed44,MSH6,P43246:672:M>Q,0,0.44277593
train-clinvar+pg_dms__bilstm__seed44,MSH6,P43246:672:M>R,0,0.4794808
train-clinvar+pg_dms__bilstm__seed44,MSH6,P43246:672:M>Y,0,0.49652869
train-clinvar+pg_dms__bilstm__seed44,MSH6,P43246:672:M>W,0,0.62793064
train-clinvar+pg_dms__bilstm__seed44,MSH6,P43246:672:M>V,0,0.46115467
train-clinvar+pg_dms__bilstm__seed44,MSH6,P43246:672:M>L,0,0.4309208
train-clinvar+pg_dms__bilstm__seed44,MSH6,P43246:677:T>W,1,0.96550816
train-clinvar+pg_dms__bilstm__seed44,MSH6,P43246:677:T>L,0,0.89960575
train-clinvar+pg_dms__bilstm__seed44,MSH6,P43246:677:T>F,0,0.9517778
train-clinvar+pg_dms__bilstm__seed44,MSH6,P43246:677:T>G,0,0.9464167
train-clinvar+pg_dms__bilstm__seed44,MSH6,P43246:677:T>I,0,0.93511856
train-clinvar+pg_dms__bilstm__seed44,MSH6,P43246:677:T>K,1,0.97191566
train-clinvar+pg_dms__bilstm__seed44,MSH6,P43246:677:T>Y,0,0.9538464
train-clinvar+pg_dms__bilstm__seed44,MSH6,P43246:677:T>M,0,0.89118505
train-clinvar+pg_dms__bilstm__seed44,MSH6,P43246:677:T>N,0,0.94688356
train-clinvar+pg_dms__bilstm__seed44,MSH6,P43246:677:T>C,0,0.89736426
train-clinvar+pg_dms__bilstm__seed44,MSH6,P43246:677:T>P,1,0.9848667
train-clinvar+pg_dms__bilstm__seed44,MSH6,P43246:677:T>S,0,0.7924015
train-clinvar+pg_dms__bilstm__seed44,MSH6,P43246:677:T>V,0,0.805705
train-clinvar+pg_dms__bilstm__seed44,MSH6,P43246:677:T>Q,0,0.94878775
train-clinvar+pg_dms__bilstm__seed44,MSH6,P43246:677:T>A,0,0.83641154
train-clinvar+pg_dms__bilstm__seed44,MSH6,P43246:688:M>W,1,0.7956479
train-clinvar+pg_dms__bilstm__seed44,MSH6,P43246:688:M>V,0,0.46061787
train-clinvar+pg_dms__bilstm__seed44,MSH6,P43246:688:M>T,0,0.63742566
train-clinvar+pg_dms__bilstm__seed44,MSH6,P43246:688:M>S,1,0.70800084
train-clinvar+pg_dms__bilstm__seed44,MSH6,P43246:688:M>Q,0,0.6779236
train-clinvar+pg_dms__bilstm__seed44,MSH6,P43246:688:M>L,0,0.12880816
train-clinvar+pg_dms__bilstm__seed44,MSH6,P43246:688:M>N,1,0.77441734
train-clinvar+pg_dms__bilstm__seed44,MSH6,P43246:688:M>Y,1,0.7608464
train-clinvar+pg_dms__bilstm__seed44,MSH6,P43246:688:M>K,1,0.7978199
train-clinvar+pg_dms__bilstm__seed44,MSH6,P43246:688:M>I,0,0.39806408
train-clinvar+pg_dms__bilstm__seed44,MSH6,P43246:688:M>G,1,0.7450787
train-clinvar+pg_dms__bilstm__seed44,MSH6,P43246:688:M>F,0,0.5799515
train-clinvar+pg_dms__bilstm__seed44,MSH6,P43246:688:M>E,1,0.79549444
train-clinvar+pg_dms__bilstm__seed44,MSH6,P43246:688:M>D,1,0.8351637
train-clinvar+pg_dms__bilstm__seed44,MSH6,P43246:688:M>C,0,0.6374807
train-clinvar+pg_dms__bilstm__seed44,MSH6,P43246:688:M>A,0,0.65287745
train-clinvar+pg_dms__bilstm__seed44,MSH6,P43246:688:M>P,1,0.8714957
train-clinvar+pg_dms__bilstm__seed44,MSH6,P43246:688:M>H,1,0.76758695
train-clinvar+pg_dms__bilstm__seed44,MSH6,P43246:690:Q>I,1,0.83793557
train-clinvar+pg_dms__bilstm__seed44,MSH6,P43246:690:Q>G,1,0.7198758
train-clinvar+pg_dms__bilstm__seed44,MSH6,P43246:690:Q>F,0,0.8471535
train-clinvar+pg_dms__bilstm__seed44,MSH6,P43246:690:Q>V,0,0.80616283
train-clinvar+pg_dms__bilstm__seed44,MSH6,P43246:690:Q>D,1,0.89764756
train-clinvar+pg_dms__bilstm__seed44,MSH6,P43246:690:Q>A,0,0.6128049
train-clinvar+pg_dms__bilstm__seed44,MSH6,P43246:690:Q>S,0,0.4849056
train-clinvar+pg_dms__bilstm__seed44,MSH6,P43246:690:Q>E,1,0.39794722
train-clinvar+pg_dms__bilstm__seed44,MSH6,P43246:690:Q>L,0,0.7233227
train-clinvar+pg_dms__bilstm__seed44,MSH6,P43246:690:Q>N,1,0.7101919
train-clinvar+pg_dms__bilstm__seed44,MSH6,P43246:690:Q>W,1,0.87463975
train-clinvar+pg_dms__bilstm__seed44,MSH6,P43246:690:Q>Y,1,0.845693
train-clinvar+pg_dms__bilstm__seed44,MSH6,P43246:690:Q>R,1,0.84956926
train-clinvar+pg_dms__bilstm__seed44,MSH6,P43246:690:Q>M,0,0.72688377
train-clinvar+pg_dms__bilstm__seed44,MSH6,P43246:690:Q>T,0,0.69879633
train-clinvar+pg_dms__bilstm__seed44,MSH6,P43246:690:Q>P,1,0.9192605
train-clinvar+pg_dms__bilstm__seed44,MSH6,P43246:693:C>E,1,0.90325034
train-clinvar+pg_dms__bilstm__seed44,MSH6,P43246:693:C>F,1,0.86539334
train-clinvar+pg_dms__bilstm__seed44,MSH6,P43246:693:C>G,1,0.6243075
train-clinvar+pg_dms__bilstm__seed44,MSH6,P43246:693:C>H,0,0.89262426
train-clinvar+pg_dms__bilstm__seed44,MSH6,P43246:693:C>I,0,0.88120943
train-clinvar+pg_dms__bilstm__seed44,MSH6,P43246:693:C>K,1,0.9142837
train-clinvar+pg_dms__bilstm__seed44,MSH6,P43246:693:C>V,0,0.86274654
train-clinvar+pg_dms__bilstm__seed44,MSH6,P43246:693:C>S,0,0.48647326
train-clinvar+pg_dms__bilstm__seed44,MSH6,P43246:693:C>W,1,0.9050839
train-clinvar+pg_dms__bilstm__seed44,MSH6,P43246:693:C>D,1,0.92303735
train-clinvar+pg_dms__bilstm__seed44,MSH6,P43246:693:C>P,1,0.9390904
train-clinvar+pg_dms__bilstm__seed44,MSH6,P43246:693:C>M,1,0.89129865
train-clinvar+pg_dms__bilstm__seed44,MSH6,P43246:693:C>L,0,0.86813706
train-clinvar+pg_dms__bilstm__seed44,MSH6,P43246:693:C>T,0,0.83220154
train-clinvar+pg_dms__bilstm__seed44,MSH6,P43246:693:C>Q,0,0.8807631
train-clinvar+pg_dms__bilstm__seed44,MSH6,P43246:693:C>A,0,0.73863375
train-clinvar+pg_dms__bilstm__seed44,MSH6,P43246:695:V>G,1,0.82885635
train-clinvar+pg_dms__bilstm__seed44,MSH6,P43246:695:V>Y,1,0.84095454
train-clinvar+pg_dms__bilstm__seed44,MSH6,P43246:695:V>F,1,0.81665194
train-clinvar+pg_dms__bilstm__seed44,MSH6,P43246:695:V>E,1,0.86576736
train-clinvar+pg_dms__bilstm__seed44,MSH6,P43246:695:V>H,1,0.84748834
train-clinvar+pg_dms__bilstm__seed44,MSH6,P43246:695:V>K,1,0.87689066
train-clinvar+pg_dms__bilstm__seed44,MSH6,P43246:695:V>D,1,0.89469284
train-clinvar+pg_dms__bilstm__seed44,MSH6,P43246:695:V>N,1,0.8561367
train-clinvar+pg_dms__bilstm__seed44,MSH6,P43246:695:V>P,1,0.9134885
train-clinvar+pg_dms__bilstm__seed44,MSH6,P43246:695:V>Q,1,0.8379948
train-clinvar+pg_dms__bilstm__seed44,MSH6,P43246:695:V>R,1,0.8673168
train-clinvar+pg_dms__bilstm__seed44,MSH6,P43246:695:V>S,1,0.7995931
train-clinvar+pg_dms__bilstm__seed44,MSH6,P43246:695:V>I,0,0.17697956
train-clinvar+pg_dms__bilstm__seed44,MSH6,P43246:695:V>C,0,0.772047
train-clinvar+pg_dms__bilstm__seed44,MSH6,P43246:695:V>T,0,0.7113051
train-clinvar+pg_dms__bilstm__seed44,MSH6,P43246:703:S>I,1,0.6415118
train-clinvar+pg_dms__bilstm__seed44,MSH6,P43246:703:S>G,0,0.1223331
train-clinvar+pg_dms__bilstm__seed44,MSH6,P43246:703:S>E,0,0.81867296
train-clinvar+pg_dms__bilstm__seed44,MSH6,P43246:703:S>C,0,0.08885408
train-clinvar+pg_dms__bilstm__seed44,MSH6,P43246:703:S>A,0,0.11210149
train-clinvar+pg_dms__bilstm__seed44,MSH6,P43246:703:S>N,0,0.3111929
train-clinvar+pg_dms__bilstm__seed44,MSH6,P43246:703:S>M,0,0.40022632
train-clinvar+pg_dms__bilstm__seed44,MSH6,P43246:703:S>P,0,0.37019926
train-clinvar+pg_dms__bilstm__seed44,MSH6,P43246:703:S>Q,0,0.7472885
train-clinvar+pg_dms__bilstm__seed44,MSH6,P43246:703:S>R,0,0.82644135
train-clinvar+pg_dms__bilstm__seed44,MSH6,P43246:703:S>T,0,0.10047855
train-clinvar+pg_dms__bilstm__seed44,MSH6,P43246:703:S>V,0,0.4354556
train-clinvar+pg_dms__bilstm__seed44,MSH6,P43246:703:S>L,0,0.24300899
train-clinvar+pg_dms__bilstm__seed44,MSH6,P43246:703:S>W,1,0.7887293
train-clinvar+pg_dms__bilstm__seed44,MSH6,P43246:703:S>K,0,0.8456131
train-clinvar+pg_dms__bilstm__seed44,MSH6,P43246:704:I>C,0,0.3864156
train-clinvar+pg_dms__bilstm__seed44,MSH6,P43246:704:I>A,0,0.16133092
train-clinvar+pg_dms__bilstm__seed44,MSH6,P43246:704:I>Y,1,0.6367924
train-clinvar+pg_dms__bilstm__seed44,MSH6,P43246:704:I>W,1,0.76827943
train-clinvar+pg_dms__bilstm__seed44,MSH6,P43246:704:I>V,0,0.14866224
train-clinvar+pg_dms__bilstm__seed44,MSH6,P43246:704:I>T,0,0.16473988
train-clinvar+pg_dms__bilstm__seed44,MSH6,P43246:704:I>R,0,0.54058725
train-clinvar+pg_dms__bilstm__seed44,MSH6,P43246:704:I>Q,0,0.5853598
train-clinvar+pg_dms__bilstm__seed44,MSH6,P43246:704:I>P,0,0.5997317
train-clinvar+pg_dms__bilstm__seed44,MSH6,P43246:704:I>S,0,0.27832833
train-clinvar+pg_dms__bilstm__seed44,MSH6,P43246:704:I>L,0,0.08987599
train-clinvar+pg_dms__bilstm__seed44,MSH6,P43246:704:I>K,1,0.6445763
train-clinvar+pg_dms__bilstm__seed44,MSH6,P43246:704:I>H,1,0.67592895
train-clinvar+pg_dms__bilstm__seed44,MSH6,P43246:704:I>G,1,0.6094443
train-clinvar+pg_dms__bilstm__seed44,MSH6,P43246:704:I>F,0,0.18379794
train-clinvar+pg_dms__bilstm__seed44,MSH6,P43246:704:I>E,1,0.72602975
train-clinvar+pg_dms__bilstm__seed44,MSH6,P43246:704:I>D,1,0.805021
train-clinvar+pg_dms__bilstm__seed44,MSH6,P43246:705:V>L,0,0.19528684
train-clinvar+pg_dms__bilstm__seed44,MSH6,P43246:705:V>G,0,0.30663413
train-clinvar+pg_dms__bilstm__seed44,MSH6,P43246:705:V>F,0,0.21449974
train-clinvar+pg_dms__bilstm__seed44,MSH6,P43246:705:V>D,1,0.80509293
train-clinvar+pg_dms__bilstm__seed44,MSH6,P43246:705:V>C,0,0.37355095
train-clinvar+pg_dms__bilstm__seed44,MSH6,P43246:705:V>A,0,0.15080051
train-clinvar+pg_dms__bilstm__seed44,MSH6,P43246:705:V>K,0,0.63772035
train-clinvar+pg_dms__bilstm__seed44,MSH6,P43246:705:V>M,0,0.23130222
train-clinvar+pg_dms__bilstm__seed44,MSH6,P43246:705:V>S,0,0.24327941
train-clinvar+pg_dms__bilstm__seed44,MSH6,P43246:705:V>W,1,0.7800273
train-clinvar+pg_dms__bilstm__seed44,MSH6,P43246:705:V>P,1,0.82900155
train-clinvar+pg_dms__bilstm__seed44,MSH6,P43246:705:V>Q,0,0.49781623
train-clinvar+pg_dms__bilstm__seed44,MSH6,P43246:705:V>R,0,0.35478845
train-clinvar+pg_dms__bilstm__seed44,MSH6,P43246:705:V>H,0,0.6853766
train-clinvar+pg_dms__bilstm__seed44,MSH6,P43246:705:V>T,0,0.13738821
train-clinvar+pg_dms__bilstm__seed44,MSH6,P43246:705:V>N,0,0.5775064
train-clinvar+pg_dms__bilstm__seed44,MSH6,P43246:705:V>I,0,0.13175167
train-clinvar+pg_dms__bilstm__seed44,MSH6,P43246:711:R>S,1,0.68264157
train-clinvar+pg_dms__bilstm__seed44,MSH6,P43246:711:R>G,1,0.71330076
train-clinvar+pg_dms__bilstm__seed44,MSH6,P43246:711:R>H,0,0.71592075
train-clinvar+pg_dms__bilstm__seed44,MSH6,P43246:711:R>I,1,0.7211881
train-clinvar+pg_dms__bilstm__seed44,MSH6,P43246:711:R>K,0,0.7529502
train-clinvar+pg_dms__bilstm__seed44,MSH6,P43246:711:R>L,1,0.70040596
train-clinvar+pg_dms__bilstm__seed44,MSH6,P43246:711:R>M,1,0.75238425
train-clinvar+pg_dms__bilstm__seed44,MSH6,P43246:711:R>Q,1,0.6033166
train-clinvar+pg_dms__bilstm__seed44,MSH6,P43246:711:R>D,0,0.7941186
train-clinvar+pg_dms__bilstm__seed44,MSH6,P43246:711:R>T,1,0.66888505
train-clinvar+pg_dms__bilstm__seed44,MSH6,P43246:711:R>V,1,0.72808427
train-clinvar+pg_dms__bilstm__seed44,MSH6,P43246:711:R>W,1,0.76209253
train-clinvar+pg_dms__bilstm__seed44,MSH6,P43246:711:R>Y,0,0.7014517
train-clinvar+pg_dms__bilstm__seed44,MSH6,P43246:711:R>C,1,0.5963369
train-clinvar+pg_dms__bilstm__seed44,MSH6,P43246:711:R>A,1,0.6701765
train-clinvar+pg_dms__bilstm__seed44,MSH6,P43246:711:R>F,0,0.69976014
train-clinvar+pg_dms__bilstm__seed44,MSH6,P43246:711:R>E,1,0.7447344
train-clinvar+pg_dms__bilstm__seed44,MSH6,P43246:715:G>C,0,0.05784802
train-clinvar+pg_dms__bilstm__seed44,MSH6,P43246:715:G>D,0,0.22638126
train-clinvar+pg_dms__bilstm__seed44,MSH6,P43246:715:G>K,0,0.24343857
train-clinvar+pg_dms__bilstm__seed44,MSH6,P43246:715:G>F,0,0.18083438
train-clinvar+pg_dms__bilstm__seed44,MSH6,P43246:715:G>H,0,0.18141629
train-clinvar+pg_dms__bilstm__seed44,MSH6,P43246:715:G>I,0,0.1880995
train-clinvar+pg_dms__bilstm__seed44,MSH6,P43246:715:G>E,0,0.17960846
train-clinvar+pg_dms__bilstm__seed44,MSH6,P43246:715:G>L,0,0.16734181
train-clinvar+pg_dms__bilstm__seed44,MSH6,P43246:715:G>N,0,0.11935593
train-clinvar+pg_dms__bilstm__seed44,MSH6,P43246:715:G>M,0,0.24868228
train-clinvar+pg_dms__bilstm__seed44,MSH6,P43246:715:G>W,0,0.24763213
train-clinvar+pg_dms__bilstm__seed44,MSH6,P43246:715:G>V,0,0.14866799
train-clinvar+pg_dms__bilstm__seed44,MSH6,P43246:715:G>T,0,0.06152111
train-clinvar+pg_dms__bilstm__seed44,MSH6,P43246:715:G>Y,0,0.17025992
train-clinvar+pg_dms__bilstm__seed44,MSH6,P43246:715:G>Q,0,0.14881893
train-clinvar+pg_dms__bilstm__seed44,MSH6,P43246:715:G>P,0,0.34536773
train-clinvar+pg_dms__bilstm__seed44,MSH6,P43246:715:G>S,0,0.047782466
train-clinvar+pg_dms__bilstm__seed44,MSH6,P43246:716:D>M,1,0.25478816
train-clinvar+pg_dms__bilstm__seed44,MSH6,P43246:716:D>G,0,0.18530448
train-clinvar+pg_dms__bilstm__seed44,MSH6,P43246:716:D>H,0,0.19732378
train-clinvar+pg_dms__bilstm__seed44,MSH6,P43246:716:D>I,1,0.20258784
train-clinvar+pg_dms__bilstm__seed44,MSH6,P43246:716:D>K,0,0.2166244
train-clinvar+pg_dms__bilstm__seed44,MSH6,P43246:716:D>L,0,0.18964349
train-clinvar+pg_dms__bilstm__seed44,MSH6,P43246:716:D>N,0,0.19218399
train-clinvar+pg_dms__bilstm__seed44,MSH6,P43246:716:D>T,1,0.1742553
train-clinvar+pg_dms__bilstm__seed44,MSH6,P43246:716:D>Q,0,0.18278174
train-clinvar+pg_dms__bilstm__seed44,MSH6,P43246:716:D>R,0,0.19569665
train-clinvar+pg_dms__bilstm__seed44,MSH6,P43246:716:D>S,0,0.1717652
train-clinvar+pg_dms__bilstm__seed44,MSH6,P43246:716:D>V,0,0.2054599
train-clinvar+pg_dms__bilstm__seed44,MSH6,P43246:716:D>W,0,0.23438911
train-clinvar+pg_dms__bilstm__seed44,MSH6,P43246:716:D>Y,0,0.18213902
train-clinvar+pg_dms__bilstm__seed44,MSH6,P43246:716:D>P,0,0.25583422
train-clinvar+pg_dms__bilstm__seed44,MSH6,P43246:716:D>C,0,0.15035833
train-clinvar+pg_dms__bilstm__seed44,MSH6,P43246:716:D>A,0,0.17769961
train-clinvar+pg_dms__bilstm__seed44,MSH6,P43246:724:T>I,0,0.45108765
train-clinvar+pg_dms__bilstm__seed44,MSH6,P43246:724:T>H,0,0.41343632
train-clinvar+pg_dms__bilstm__seed44,MSH6,P43246:724:T>G,0,0.44747597
train-clinvar+pg_dms__bilstm__seed44,MSH6,P43246:724:T>F,0,0.4278017
train-clinvar+pg_dms__bilstm__seed44,MSH6,P43246:724:T>E,0,0.5035517
train-clinvar+pg_dms__bilstm__seed44,MSH6,P43246:724:T>D,0,0.6237701
train-clinvar+pg_dms__bilstm__seed44,MSH6,P43246:724:T>V,0,0.44834027
train-clinvar+pg_dms__bilstm__seed44,MSH6,P43246:724:T>Y,0,0.41612726
train-clinvar+pg_dms__bilstm__seed44,MSH6,P43246:724:T>W,0,0.5520161
train-clinvar+pg_dms__bilstm__seed44,MSH6,P43246:724:T>S,0,0.3427863
train-clinvar+pg_dms__bilstm__seed44,MSH6,P43246:724:T>K,0,0.53968066
train-clinvar+pg_dms__bilstm__seed44,MSH6,P43246:724:T>C,0,0.2797536
train-clinvar+pg_dms__bilstm__seed44,MSH6,P43246:724:T>L,1,0.42182314
train-clinvar+pg_dms__bilstm__seed44,MSH6,P43246:724:T>P,1,0.70100904
train-clinvar+pg_dms__bilstm__seed44,MSH6,P43246:724:T>Q,0,0.402273
train-clinvar+pg_dms__bilstm__seed44,MSH6,P43246:724:T>N,0,0.46769342
train-clinvar+pg_dms__bilstm__seed44,MSH6,P43246:727:A>V,0,0.1701623
train-clinvar+pg_dms__bilstm__seed44,MSH6,P43246:727:A>R,0,0.6562236
train-clinvar+pg_dms__bilstm__seed44,MSH6,P43246:727:A>Q,0,0.26006454
train-clinvar+pg_dms__bilstm__seed44,MSH6,P43246:727:A>N,0,0.3868921
train-clinvar+pg_dms__bilstm__seed44,MSH6,P43246:727:A>M,0,0.15507734
train-clinvar+pg_dms__bilstm__seed44,MSH6,P43246:727:A>L,0,0.08957518
train-clinvar+pg_dms__bilstm__seed44,MSH6,P43246:727:A>Y,0,0.4821058
train-clinvar+pg_dms__bilstm__seed44,MSH6,P43246:727:A>W,0,0.71945554
train-clinvar+pg_dms__bilstm__seed44,MSH6,P43246:727:A>C,0,0.13988836
train-clinvar+pg_dms__bilstm__seed44,MSH6,P43246:727:A>D,0,0.7876589
train-clinvar+pg_dms__bilstm__seed44,MSH6,P43246:727:A>E,0,0.5304434
train-clinvar+pg_dms__bilstm__seed44,MSH6,P43246:727:A>F,0,0.36042303
train-clinvar+pg_dms__bilstm__seed44,MSH6,P43246:727:A>K,0,0.7452252
train-clinvar+pg_dms__bilstm__seed44,MSH6,P43246:727:A>I,0,0.22221422
train-clinvar+pg_dms__bilstm__seed44,MSH6,P43246:727:A>H,0,0.5664565
train-clinvar+pg_dms__bilstm__seed44,MSH6,P43246:727:A>G,0,0.10432304
train-clinvar+pg_dms__bilstm__seed44,MSH6,P43246:727:A>S,0,0.10453375
train-clinvar+pg_dms__bilstm__seed44,MSH6,P43246:729:M>G,0,0.43859977
train-clinvar+pg_dms__bilstm__seed44,MSH6,P43246:729:M>H,0,0.44194615
train-clinvar+pg_dms__bilstm__seed44,MSH6,P43246:729:M>F,1,0.38697982
train-clinvar+pg_dms__bilstm__seed44,MSH6,P43246:729:M>K,1,0.5542568
train-clinvar+pg_dms__bilstm__seed44,MSH6,P43246:729:M>L,0,0.38523668
train-clinvar+pg_dms__bilstm__seed44,MSH6,P43246:729:M>N,0,0.4646603
train-clinvar+pg_dms__bilstm__seed44,MSH6,P43246:729:M>P,1,0.7498973
train-clinvar+pg_dms__bilstm__seed44,MSH6,P43246:729:M>I,0,0.47017127
train-clinvar+pg_dms__bilstm__seed44,MSH6,P43246:729:M>E,1,0.47823307
train-clinvar+pg_dms__bilstm__seed44,MSH6,P43246:729:M>Y,0,0.42088193
train-clinvar+pg_dms__bilstm__seed44,MSH6,P43246:729:M>A,0,0.3573725
train-clinvar+pg_dms__bilstm__seed44,MSH6,P43246:729:M>W,1,0.60031265
train-clinvar+pg_dms__bilstm__seed44,MSH6,P43246:729:M>T,0,0.364611
train-clinvar+pg_dms__bilstm__seed44,MSH6,P43246:729:M>S,0,0.37149322
train-clinvar+pg_dms__bilstm__seed44,MSH6,P43246:729:M>R,1,0.4825
train-clinvar+pg_dms__bilstm__seed44,MSH6,P43246:729:M>Q,0,0.40129176
train-clinvar+pg_dms__bilstm__seed44,MSH6,P43246:729:M>C,0,0.24811381
train-clinvar+pg_dms__bilstm__seed44,MSH6,P43246:739:A>F,0,0.79687893
train-clinvar+pg_dms__bilstm__seed44,MSH6,P43246:739:A>L,0,0.77094656
train-clinvar+pg_dms__bilstm__seed44,MSH6,P43246:739:A>Y,1,0.80616224
train-clinvar+pg_dms__bilstm__seed44,MSH6,P43246:739:A>W,1,0.8365274
train-clinvar+pg_dms__bilstm__seed44,MSH6,P43246:739:A>R,1,0.8389662
train-clinvar+pg_dms__bilstm__seed44,MSH6,P43246:739:A>P,0,0.89315003
train-clinvar+pg_dms__bilstm__seed44,MSH6,P43246:739:A>N,1,0.8177363
train-clinvar+pg_dms__bilstm__seed44,MSH6,P43246:739:A>M,0,0.79965436
train-clinvar+pg_dms__bilstm__seed44,MSH6,P43246:739:A>K,1,0.8421875
train-clinvar+pg_dms__bilstm__seed44,MSH6,P43246:739:A>I,0,0.80163705
train-clinvar+pg_dms__bilstm__seed44,MSH6,P43246:739:A>H,1,0.80247897
train-clinvar+pg_dms__bilstm__seed44,MSH6,P43246:739:A>G,0,0.27303827
train-clinvar+pg_dms__bilstm__seed44,MSH6,P43246:739:A>E,1,0.83410037
train-clinvar+pg_dms__bilstm__seed44,MSH6,P43246:739:A>D,1,0.859376
train-clinvar+pg_dms__bilstm__seed44,MSH6,P43246:739:A>S,0,0.1591251
train-clinvar+pg_dms__bilstm__seed44,MSH6,P43246:741:K>Y,0,0.19222316
train-clinvar+pg_dms__bilstm__seed44,MSH6,P43246:741:K>T,0,0.062451437
train-clinvar+pg_dms__bilstm__seed44,MSH6,P43246:741:K>S,0,0.06458462
train-clinvar+pg_dms__bilstm__seed44,MSH6,P43246:741:K>R,0,0.111643195
train-clinvar+pg_dms__bilstm__seed44,MSH6,P43246:741:K>N,0,0.10424875
train-clinvar+pg_dms__bilstm__seed44,MSH6,P43246:741:K>V,0,0.11050764
train-clinvar+pg_dms__bilstm__seed44,MSH6,P43246:741:K>W,0,0.41338384
train-clinvar+pg_dms__bilstm__seed44,MSH6,P43246:741:K>A,0,0.06708754
train-clinvar+pg_dms__bilstm__seed44,MSH6,P43246:741:K>M,0,0.15990475
train-clinvar+pg_dms__bilstm__seed44,MSH6,P43246:741:K>G,0,0.08634095
train-clinvar+pg_dms__bilstm__seed44,MSH6,P43246:741:K>H,0,0.09490236
train-clinvar+pg_dms__bilstm__seed44,MSH6,P43246:741:K>I,0,0.12035557
train-clinvar+pg_dms__bilstm__seed44,MSH6,P43246:741:K>L,0,0.11949852
train-clinvar+pg_dms__bilstm__seed44,MSH6,P43246:741:K>F,0,0.3132545
train-clinvar+pg_dms__bilstm__seed44,MSH6,P43246:741:K>D,0,0.1482372
train-clinvar+pg_dms__bilstm__seed44,MSH6,P43246:741:K>P,0,0.1468142
train-clinvar+pg_dms__bilstm__seed44,MSH6,P43246:741:K>E,0,0.07051016
train-clinvar+pg_dms__bilstm__seed44,MSH6,P43246:741:K>C,0,0.07965529
train-clinvar+pg_dms__bilstm__seed44,MSH6,P43246:741:K>Q,0,0.062409785
train-clinvar+pg_dms__bilstm__seed44,MSH6,P43246:744:L>V,0,0.37897435
train-clinvar+pg_dms__bilstm__seed44,MSH6,P43246:744:L>W,1,0.8902699
train-clinvar+pg_dms__bilstm__seed44,MSH6,P43246:744:L>C,0,0.812548
train-clinvar+pg_dms__bilstm__seed44,MSH6,P43246:744:L>A,1,0.86446637
train-clinvar+pg_dms__bilstm__seed44,MSH6,P43246:744:L>T,1,0.86722386
train-clinvar+pg_dms__bilstm__seed44,MSH6,P43246:744:L>S,1,0.8921048
train-clinvar+pg_dms__bilstm__seed44,MSH6,P43246:744:L>R,1,0.9140742
train-clinvar+pg_dms__bilstm__seed44,MSH6,P43246:744:L>Q,1,0.89211774
train-clinvar+pg_dms__bilstm__seed44,MSH6,P43246:744:L>Y,0,0.87984234
train-clinvar+pg_dms__bilstm__seed44,MSH6,P43246:744:L>N,1,0.9060333
train-clinvar+pg_dms__bilstm__seed44,MSH6,P43246:744:L>M,0,0.42530075
train-clinvar+pg_dms__bilstm__seed44,MSH6,P43246:744:L>P,1,0.9405896
train-clinvar+pg_dms__bilstm__seed44,MSH6,P43246:744:L>I,0,0.33616868
train-clinvar+pg_dms__bilstm__seed44,MSH6,P43246:744:L>H,1,0.89016896
train-clinvar+pg_dms__bilstm__seed44,MSH6,P43246:744:L>G,1,0.8940989
train-clinvar+pg_dms__bilstm__seed44,MSH6,P43246:744:L>F,0,0.39340493
train-clinvar+pg_dms__bilstm__seed44,MSH6,P43246:744:L>E,1,0.9107652
train-clinvar+pg_dms__bilstm__seed44,MSH6,P43246:744:L>D,1,0.9238301
train-clinvar+pg_dms__bilstm__seed44,MSH6,P43246:744:L>K,1,0.9174186
train-clinvar+pg_dms__bilstm__seed44,MSH6,P43246:750:L>C,0,0.8284172
train-clinvar+pg_dms__bilstm__seed44,MSH6,P43246:750:L>Y,0,0.8858086
train-clinvar+pg_dms__bilstm__seed44,MSH6,P43246:750:L>V,0,0.8120202
train-clinvar+pg_dms__bilstm__seed44,MSH6,P43246:750:L>T,0,0.8492049
train-clinvar+pg_dms__bilstm__seed44,MSH6,P43246:750:L>S,0,0.8691628
train-clinvar+pg_dms__bilstm__seed44,MSH6,P43246:750:L>R,1,0.90207964
train-clinvar+pg_dms__bilstm__seed44,MSH6,P43246:750:L>Q,0,0.8779286
train-clinvar+pg_dms__bilstm__seed44,MSH6,P43246:750:L>P,0,0.942358
train-clinvar+pg_dms__bilstm__seed44,MSH6,P43246:750:L>N,0,0.8932056
train-clinvar+pg_dms__bilstm__seed44,MSH6,P43246:750:L>M,0,0.81606627
train-clinvar+pg_dms__bilstm__seed44,MSH6,P43246:750:L>W,1,0.91250545
train-clinvar+pg_dms__bilstm__seed44,MSH6,P43246:750:L>I,0,0.72979987
train-clinvar+pg_dms__bilstm__seed44,MSH6,P43246:750:L>H,0,0.8903488
train-clinvar+pg_dms__bilstm__seed44,MSH6,P43246:750:L>G,0,0.88207823
train-clinvar+pg_dms__bilstm__seed44,MSH6,P43246:750:L>F,0,0.8714616
train-clinvar+pg_dms__bilstm__seed44,MSH6,P43246:750:L>E,1,0.8969213
train-clinvar+pg_dms__bilstm__seed44,MSH6,P43246:750:L>D,1,0.9240708
train-clinvar+pg_dms__bilstm__seed44,MSH6,P43246:750:L>A,1,0.84667134
train-clinvar+pg_dms__bilstm__seed44,MSH6,P43246:750:L>K,1,0.91502833
train-clinvar+pg_dms__bilstm__seed44,MSH6,P43246:751:G>H,1,0.8738943
train-clinvar+pg_dms__bilstm__seed44,MSH6,P43246:751:G>I,1,0.87541217
train-clinvar+pg_dms__bilstm__seed44,MSH6,P43246:751:G>K,1,0.90640706
train-clinvar+pg_dms__bilstm__seed44,MSH6,P43246:751:G>L,1,0.8575804
train-clinvar+pg_dms__bilstm__seed44,MSH6,P43246:751:G>M,0,0.88826525
train-clinvar+pg_dms__bilstm__seed44,MSH6,P43246:751:G>P,1,0.9458779
train-clinvar+pg_dms__bilstm__seed44,MSH6,P43246:751:G>Q,1,0.86482465
train-clinvar+pg_dms__bilstm__seed44,MSH6,P43246:751:G>C,1,0.80953085
train-clinvar+pg_dms__bilstm__seed44,MSH6,P43246:751:G>S,0,0.8533714
train-clinvar+pg_dms__bilstm__seed44,MSH6,P43246:751:G>T,1,0.83583826
train-clinvar+pg_dms__bilstm__seed44,MSH6,P43246:751:G>A,0,0.8381184
train-clinvar+pg_dms__bilstm__seed44,MSH6,P43246:751:G>V,0,0.8723901
train-clinvar+pg_dms__bilstm__seed44,MSH6,P43246:751:G>W,1,0.9043082
train-clinvar+pg_dms__bilstm__seed44,MSH6,P43246:751:G>D,0,0.9195822
train-clinvar+pg_dms__bilstm__seed44,MSH6,P43246:751:G>F,1,0.86585146
train-clinvar+pg_dms__bilstm__seed44,MSH6,P43246:756:T>A,1,0.49867955
train-clinvar+pg_dms__bilstm__seed44,MSH6,P43246:756:T>S,0,0.4834255
train-clinvar+pg_dms__bilstm__seed44,MSH6,P43246:756:T>N,0,0.6907541
train-clinvar+pg_dms__bilstm__seed44,MSH6,P43246:756:T>C,0,0.5618427
train-clinvar+pg_dms__bilstm__seed44,MSH6,P43246:756:T>M,0,0.71419734
train-clinvar+pg_dms__bilstm__seed44,MSH6,P43246:756:T>L,0,0.65769327
train-clinvar+pg_dms__bilstm__seed44,MSH6,P43246:756:T>K,1,0.7355743
train-clinvar+pg_dms__bilstm__seed44,MSH6,P43246:756:T>I,0,0.57327694
train-clinvar+pg_dms__bilstm__seed44,MSH6,P43246:756:T>H,1,0.67793584
train-clinvar+pg_dms__bilstm__seed44,MSH6,P43246:756:T>G,1,0.6776236
train-clinvar+pg_dms__bilstm__seed44,MSH6,P43246:756:T>E,0,0.73044974
train-clinvar+pg_dms__bilstm__seed44,MSH6,P43246:756:T>F,0,0.65283585
train-clinvar+pg_dms__bilstm__seed44,MSH6,P43246:756:T>Y,1,0.67152023
train-clinvar+pg_dms__bilstm__seed44,MSH6,P43246:756:T>R,1,0.72028625
train-clinvar+pg_dms__bilstm__seed44,MSH6,P43246:756:T>Q,0,0.6486723
train-clinvar+pg_dms__bilstm__seed44,MSH6,P43246:756:T>P,1,0.6866875
train-clinvar+pg_dms__bilstm__seed44,MSH6,P43246:756:T>W,1,0.7484909
train-clinvar+pg_dms__bilstm__seed44,MSH6,P43246:756:T>D,0,0.7786555
train-clinvar+pg_dms__bilstm__seed44,MSH6,P43246:756:T>V,0,0.68536013
train-clinvar+pg_dms__bilstm__seed44,MSH6,P43246:759:G>D,1,0.92600846
train-clinvar+pg_dms__bilstm__seed44,MSH6,P43246:759:G>E,1,0.88334155
train-clinvar+pg_dms__bilstm__seed44,MSH6,P43246:759:G>F,1,0.85738397
train-clinvar+pg_dms__bilstm__seed44,MSH6,P43246:759:G>I,1,0.86927867
train-clinvar+pg_dms__bilstm__seed44,MSH6,P43246:759:G>K,1,0.9097679
train-clinvar+pg_dms__bilstm__seed44,MSH6,P43246:759:G>L,1,0.85179204
train-clinvar+pg_dms__bilstm__seed44,MSH6,P43246:759:G>M,1,0.8863575
train-clinvar+pg_dms__bilstm__seed44,MSH6,P43246:759:G>C,0,0.7755702
train-clinvar+pg_dms__bilstm__seed44,MSH6,P43246:759:G>N,1,0.8764054
train-clinvar+pg_dms__bilstm__seed44,MSH6,P43246:759:G>Q,1,0.8488164
train-clinvar+pg_dms__bilstm__seed44,MSH6,P43246:759:G>R,1,0.8969562
train-clinvar+pg_dms__bilstm__seed44,MSH6,P43246:759:G>S,1,0.83254826
train-clinvar+pg_dms__bilstm__seed44,MSH6,P43246:759:G>T,1,0.81073916
train-clinvar+pg_dms__bilstm__seed44,MSH6,P43246:759:G>V,1,0.86210513
train-clinvar+pg_dms__bilstm__seed44,MSH6,P43246:759:G>W,1,0.90537506
train-clinvar+pg_dms__bilstm__seed44,MSH6,P43246:759:G>Y,1,0.8633466
train-clinvar+pg_dms__bilstm__seed44,MSH6,P43246:759:G>P,1,0.95254594
train-clinvar+pg_dms__bilstm__seed44,MSH6,P43246:759:G>A,0,0.8137759
train-clinvar+pg_dms__bilstm__seed44,MSH6,P43246:759:G>H,1,0.8622495
train-clinvar+pg_dms__bilstm__seed44,MSH6,P43246:771:A>M,0,0.69812095
train-clinvar+pg_dms__bilstm__seed44,MSH6,P43246:771:A>N,0,0.8280695
train-clinvar+pg_dms__bilstm__seed44,MSH6,P43246:771:A>P,0,0.93999803
train-clinvar+pg_dms__bilstm__seed44,MSH6,P43246:771:A>Q,0,0.8125959
train-clinvar+pg_dms__bilstm__seed44,MSH6,P43246:771:A>R,0,0.8822096
train-clinvar+pg_dms__bilstm__seed44,MSH6,P43246:771:A>S,0,0.089985244
train-clinvar+pg_dms__bilstm__seed44,MSH6,P43246:771:A>V,0,0.17181782
train-clinvar+pg_dms__bilstm__seed44,MSH6,P43246:771:A>W,0,0.8928622
train-clinvar+pg_dms__bilstm__seed44,MSH6,P43246:771:A>Y,0,0.84711105
train-clinvar+pg_dms__bilstm__seed44,MSH6,P43246:771:A>C,0,0.23491305
train-clinvar+pg_dms__bilstm__seed44,MSH6,P43246:771:A>D,0,0.9108912
train-clinvar+pg_dms__bilstm__seed44,MSH6,P43246:771:A>F,0,0.8104104
train-clinvar+pg_dms__bilstm__seed44,MSH6,P43246:771:A>G,0,0.15435255
train-clinvar+pg_dms__bilstm__seed44,MSH6,P43246:771:A>H,0,0.8401095
train-clinvar+pg_dms__bilstm__seed44,MSH6,P43246:771:A>I,0,0.5064773
train-clinvar+pg_dms__bilstm__seed44,MSH6,P43246:771:A>L,0,0.56532955
train-clinvar+pg_dms__bilstm__seed44,MSH6,P43246:775:G>A,0,0.068954825
train-clinvar+pg_dms__bilstm__seed44,MSH6,P43246:775:G>C,0,0.053934995
train-clinvar+pg_dms__bilstm__seed44,MSH6,P43246:775:G>D,0,0.16960692
train-clinvar+pg_dms__bilstm__seed44,MSH6,P43246:775:G>E,0,0.088038474
train-clinvar+pg_dms__bilstm__seed44,MSH6,P43246:775:G>F,0,0.4316346
train-clinvar+pg_dms__bilstm__seed44,MSH6,P43246:775:G>H,0,0.10257783
train-clinvar+pg_dms__bilstm__seed44,MSH6,P43246:775:G>P,0,0.82307434
train-clinvar+pg_dms__bilstm__seed44,MSH6,P43246:775:G>I,0,0.31231797
train-clinvar+pg_dms__bilstm__seed44,MSH6,P43246:775:G>K,0,0.10624479
train-clinvar+pg_dms__bilstm__seed44,MSH6,P43246:775:G>L,0,0.2522725
train-clinvar+pg_dms__bilstm__seed44,MSH6,P43246:775:G>M,0,0.38927412
train-clinvar+pg_dms__bilstm__seed44,MSH6,P43246:775:G>Q,0,0.07844842
train-clinvar+pg_dms__bilstm__seed44,MSH6,P43246:775:G>R,0,0.105544515
train-clinvar+pg_dms__bilstm__seed44,MSH6,P43246:775:G>S,0,0.061971463
train-clinvar+pg_dms__bilstm__seed44,MSH6,P43246:775:G>T,1,0.084643215
train-clinvar+pg_dms__bilstm__seed44,MSH6,P43246:775:G>V,0,0.17980853
train-clinvar+pg_dms__bilstm__seed44,MSH6,P43246:775:G>W,0,0.34003323
train-clinvar+pg_dms__bilstm__seed44,MSH6,P43246:775:G>Y,0,0.1764847
train-clinvar+pg_dms__bilstm__seed44,MSH6,P43246:775:G>N,0,0.10285555
train-clinvar+pg_dms__bilstm__seed44,MSH6,P43246:777:F>W,0,0.6460356
train-clinvar+pg_dms__bilstm__seed44,MSH6,P43246:777:F>C,0,0.3045346
train-clinvar+pg_dms__bilstm__seed44,MSH6,P43246:777:F>D,1,0.9002861
train-clinvar+pg_dms__bilstm__seed44,MSH6,P43246:777:F>E,0,0.87805974
train-clinvar+pg_dms__bilstm__seed44,MSH6,P43246:777:F>G,0,0.83236015
train-clinvar+pg_dms__bilstm__seed44,MSH6,P43246:777:F>I,0,0.627355
train-clinvar+pg_dms__bilstm__seed44,MSH6,P43246:777:F>K,0,0.87552434
train-clinvar+pg_dms__bilstm__seed44,MSH6,P43246:777:F>A,0,0.6994551
train-clinvar+pg_dms__bilstm__seed44,MSH6,P43246:777:F>L,0,0.84394515
train-clinvar+pg_dms__bilstm__seed44,MSH6,P43246:777:F>N,0,0.8069815
train-clinvar+pg_dms__bilstm__seed44,MSH6,P43246:777:F>P,0,0.91852796
train-clinvar+pg_dms__bilstm__seed44,MSH6,P43246:777:F>Q,0,0.8243213
train-clinvar+pg_dms__bilstm__seed44,MSH6,P43246:777:F>R,0,0.8303305
train-clinvar+pg_dms__bilstm__seed44,MSH6,P43246:777:F>S,0,0.6203794
train-clinvar+pg_dms__bilstm__seed44,MSH6,P43246:777:F>T,0,0.7612013
train-clinvar+pg_dms__bilstm__seed44,MSH6,P43246:777:F>M,0,0.7868464
train-clinvar+pg_dms__bilstm__seed44,MSH6,P43246:777:F>V,0,0.56718785
train-clinvar+pg_dms__bilstm__seed44,MSH6,P43246:777:F>Y,0,0.18840082
train-clinvar+pg_dms__bilstm__seed44,MSH6,P43246:785:H>M,0,0.66377544
train-clinvar+pg_dms__bilstm__seed44,MSH6,P43246:785:H>L,0,0.48292512
train-clinvar+pg_dms__bilstm__seed44,MSH6,P43246:785:H>D,0,0.70433456
train-clinvar+pg_dms__bilstm__seed44,MSH6,P43246:785:H>R,0,0.4845598
train-clinvar+pg_dms__bilstm__seed44,MSH6,P43246:785:H>Y,0,0.39398104
train-clinvar+pg_dms__bilstm__seed44,MSH6,P43246:785:H>Q,0,0.53976774
train-clinvar+pg_dms__bilstm__seed44,MSH6,P43246:785:H>S,1,0.52918774
train-clinvar+pg_dms__bilstm__seed44,MSH6,P43246:785:H>T,0,0.53456855
train-clinvar+pg_dms__bilstm__seed44,MSH6,P43246:785:H>V,0,0.6058841
train-clinvar+pg_dms__bilstm__seed44,MSH6,P43246:785:H>A,0,0.53179204
train-clinvar+pg_dms__bilstm__seed44,MSH6,P43246:785:H>C,1,0.37194303
train-clinvar+pg_dms__bilstm__seed44,MSH6,P43246:785:H>N,0,0.52716154
train-clinvar+pg_dms__bilstm__seed44,MSH6,P43246:785:H>P,0,0.35065714
train-clinvar+pg_dms__bilstm__seed44,MSH6,P43246:785:H>E,0,0.62409467
train-clinvar+pg_dms__bilstm__seed44,MSH6,P43246:785:H>F,0,0.47718158
train-clinvar+pg_dms__bilstm__seed44,MSH6,P43246:785:H>G,0,0.5834806
train-clinvar+pg_dms__bilstm__seed44,MSH6,P43246:785:H>I,0,0.60673004
train-clinvar+pg_dms__bilstm__seed44,MSH6,P43246:785:H>K,0,0.64851284
train-clinvar+pg_dms__bilstm__seed44,MSH6,P43246:785:H>W,0,0.53818065
train-clinvar+pg_dms__bilstm__seed44,MSH6,P43246:792:N>V,0,0.105016835
train-clinvar+pg_dms__bilstm__seed44,MSH6,P43246:792:N>T,0,0.07248683
train-clinvar+pg_dms__bilstm__seed44,MSH6,P43246:792:N>S,0,0.12378976
train-clinvar+pg_dms__bilstm__seed44,MSH6,P43246:792:N>R,0,0.09643819
train-clinvar+pg_dms__bilstm__seed44,MSH6,P43246:792:N>Q,1,0.08490639
train-clinvar+pg_dms__bilstm__seed44,MSH6,P43246:792:N>P,0,0.26264107
train-clinvar+pg_dms__bilstm__seed44,MSH6,P43246:792:N>A,0,0.075528435
train-clinvar+pg_dms__bilstm__seed44,MSH6,P43246:792:N>F,0,0.12299997
train-clinvar+pg_dms__bilstm__seed44,MSH6,P43246:792:N>D,0,0.1352483
train-clinvar+pg_dms__bilstm__seed44,MSH6,P43246:792:N>E,0,0.09893203
train-clinvar+pg_dms__bilstm__seed44,MSH6,P43246:792:N>G,0,0.090096846
train-clinvar+pg_dms__bilstm__seed44,MSH6,P43246:792:N>H,0,0.08746067
train-clinvar+pg_dms__bilstm__seed44,MSH6,P43246:792:N>M,0,0.1771904
train-clinvar+pg_dms__bilstm__seed44,MSH6,P43246:792:N>K,0,0.13411425
train-clinvar+pg_dms__bilstm__seed44,MSH6,P43246:792:N>C,0,0.06104764
train-clinvar+pg_dms__bilstm__seed44,MSH6,P43246:792:N>L,0,0.08966361
train-clinvar+pg_dms__bilstm__seed44,MSH6,P43246:792:N>Y,0,0.08003462
train-clinvar+pg_dms__bilstm__seed44,MSH6,P43246:792:N>W,0,0.33748102
train-clinvar+pg_dms__bilstm__seed44,MSH6,P43246:797:V>A,0,0.2577152
train-clinvar+pg_dms__bilstm__seed44,MSH6,P43246:797:V>I,0,0.13386817
train-clinvar+pg_dms__bilstm__seed44,MSH6,P43246:797:V>K,1,0.84026146
train-clinvar+pg_dms__bilstm__seed44,MSH6,P43246:797:V>L,0,0.5590578
train-clinvar+pg_dms__bilstm__seed44,MSH6,P43246:797:V>M,1,0.62917674
train-clinvar+pg_dms__bilstm__seed44,MSH6,P43246:797:V>R,1,0.8143229
train-clinvar+pg_dms__bilstm__seed44,MSH6,P43246:797:V>S,0,0.6169691
train-clinvar+pg_dms__bilstm__seed44,MSH6,P43246:797:V>T,0,0.40288442
train-clinvar+pg_dms__bilstm__seed44,MSH6,P43246:797:V>W,1,0.8326385
train-clinvar+pg_dms__bilstm__seed44,MSH6,P43246:797:V>P,1,0.8900785
train-clinvar+pg_dms__bilstm__seed44,MSH6,P43246:797:V>C,0,0.6378628
train-clinvar+pg_dms__bilstm__seed44,MSH6,P43246:797:V>H,1,0.8088575
train-clinvar+pg_dms__bilstm__seed44,MSH6,P43246:797:V>G,0,0.63516665
train-clinvar+pg_dms__bilstm__seed44,MSH6,P43246:797:V>F,0,0.75093853
train-clinvar+pg_dms__bilstm__seed44,MSH6,P43246:797:V>E,1,0.80690736
train-clinvar+pg_dms__bilstm__seed44,MSH6,P43246:797:V>D,1,0.8630203
train-clinvar+pg_dms__bilstm__seed44,MSH6,P43246:797:V>Y,0,0.7914639
train-clinvar+pg_dms__bilstm__seed44,MSH6,P43246:800:L>S,0,0.45548406
train-clinvar+pg_dms__bilstm__seed44,MSH6,P43246:800:L>W,1,0.32050413
train-clinvar+pg_dms__bilstm__seed44,MSH6,P43246:800:L>T,0,0.46910664
train-clinvar+pg_dms__bilstm__seed44,MSH6,P43246:800:L>Y,0,0.23450337
train-clinvar+pg_dms__bilstm__seed44,MSH6,P43246:800:L>F,0,0.16562979
train-clinvar+pg_dms__bilstm__seed44,MSH6,P43246:800:L>E,0,0.6957336
train-clinvar+pg_dms__bilstm__seed44,MSH6,P43246:800:L>H,0,0.3473526
train-clinvar+pg_dms__bilstm__seed44,MSH6,P43246:800:L>D,0,0.86176646
train-clinvar+pg_dms__bilstm__seed44,MSH6,P43246:800:L>V,0,0.20004655
train-clinvar+pg_dms__bilstm__seed44,MSH6,P43246:800:L>G,0,0.7498708
train-clinvar+pg_dms__bilstm__seed44,MSH6,P43246:800:L>A,0,0.43318412
train-clinvar+pg_dms__bilstm__seed44,MSH6,P43246:800:L>I,0,0.200604
train-clinvar+pg_dms__bilstm__seed44,MSH6,P43246:800:L>K,0,0.54118454
train-clinvar+pg_dms__bilstm__seed44,MSH6,P43246:800:L>C,0,0.27505118
train-clinvar+pg_dms__bilstm__seed44,MSH6,P43246:800:L>Q,0,0.25438508
train-clinvar+pg_dms__bilstm__seed44,MSH6,P43246:800:L>P,1,0.8987294
train-clinvar+pg_dms__bilstm__seed44,MSH6,P43246:800:L>N,0,0.696723
train-clinvar+pg_dms__bilstm__seed44,MSH6,P43246:800:L>M,0,0.23935053
train-clinvar+pg_dms__bilstm__seed44,MSH6,P43246:800:L>R,0,0.28479552
train-clinvar+pg_dms__bilstm__seed44,MSH6,P43246:812:T>A,0,0.1265407
train-clinvar+pg_dms__bilstm__seed44,MSH6,P43246:812:T>C,0,0.2158679
train-clinvar+pg_dms__bilstm__seed44,MSH6,P43246:812:T>E,0,0.42518762
train-clinvar+pg_dms__bilstm__seed44,MSH6,P43246:812:T>F,0,0.34802872
train-clinvar+pg_dms__bilstm__seed44,MSH6,P43246:812:T>G,1,0.36266398
train-clinvar+pg_dms__bilstm__seed44,MSH6,P43246:812:T>H,0,0.3042165
train-clinvar+pg_dms__bilstm__seed44,MSH6,P43246:812:T>I,0,0.22401851
train-clinvar+pg_dms__bilstm__seed44,MSH6,P43246:812:T>L,0,0.14145118
train-clinvar+pg_dms__bilstm__seed44,MSH6,P43246:812:T>M,0,0.1623238
train-clinvar+pg_dms__bilstm__seed44,MSH6,P43246:812:T>N,0,0.28237176
train-clinvar+pg_dms__bilstm__seed44,MSH6,P43246:812:T>P,0,0.5772238
train-clinvar+pg_dms__bilstm__seed44,MSH6,P43246:812:T>Q,0,0.25730276
train-clinvar+pg_dms__bilstm__seed44,MSH6,P43246:812:T>R,0,0.30993775
train-clinvar+pg_dms__bilstm__seed44,MSH6,P43246:812:T>S,0,0.17885004
train-clinvar+pg_dms__bilstm__seed44,MSH6,P43246:812:T>Y,0,0.3533766
train-clinvar+pg_dms__bilstm__seed44,MSH6,P43246:812:T>W,0,0.49036595
train-clinvar+pg_dms__bilstm__seed44,MSH6,P43246:812:T>V,0,0.12989086
train-clinvar+pg_dms__bilstm__seed44,MSH6,P43246:812:T>K,0,0.38089755
train-clinvar+pg_dms__bilstm__seed44,MSH6,P43246:817:V>I,0,0.09310456
train-clinvar+pg_dms__bilstm__seed44,MSH6,P43246:817:V>C,0,0.6174496
train-clinvar+pg_dms__bilstm__seed44,MSH6,P43246:817:V>A,0,0.649882
train-clinvar+pg_dms__bilstm__seed44,MSH6,P43246:817:V>D,1,0.84226674
train-clinvar+pg_dms__bilstm__seed44,MSH6,P43246:817:V>F,0,0.66910285
train-clinvar+pg_dms__bilstm__seed44,MSH6,P43246:817:V>G,1,0.6784651
train-clinvar+pg_dms__bilstm__seed44,MSH6,P43246:817:V>N,0,0.75196904
train-clinvar+pg_dms__bilstm__seed44,MSH6,P43246:817:V>M,1,0.5796467
train-clinvar+pg_dms__bilstm__seed44,MSH6,P43246:817:V>P,1,0.8852294
train-clinvar+pg_dms__bilstm__seed44,MSH6,P43246:817:V>Q,0,0.7030383
train-clinvar+pg_dms__bilstm__seed44,MSH6,P43246:817:V>R,1,0.78573674
train-clinvar+pg_dms__bilstm__seed44,MSH6,P43246:817:V>S,0,0.68094766
train-clinvar+pg_dms__bilstm__seed44,MSH6,P43246:817:V>T,0,0.64163285
train-clinvar+pg_dms__bilstm__seed44,MSH6,P43246:817:V>L,0,0.50174356
train-clinvar+pg_dms__bilstm__seed44,MSH6,P43246:817:V>W,1,0.80289733
train-clinvar+pg_dms__bilstm__seed44,MSH6,P43246:817:V>K,1,0.7962899
train-clinvar+pg_dms__bilstm__seed44,MSH6,P43246:862:G>F,0,0.07368201
train-clinvar+pg_dms__bilstm__seed44,MSH6,P43246:862:G>A,0,0.058068223
train-clinvar+pg_dms__bilstm__seed44,MSH6,P43246:862:G>C,0,0.051444355
train-clinvar+pg_dms__bilstm__seed44,MSH6,P43246:862:G>D,0,0.07462794
train-clinvar+pg_dms__bilstm__seed44,MSH6,P43246:862:G>H,0,0.06443039
train-clinvar+pg_dms__bilstm__seed44,MSH6,P43246:862:G>I,0,0.06765466
train-clinvar+pg_dms__bilstm__seed44,MSH6,P43246:862:G>K,0,0.07107968
train-clinvar+pg_dms__bilstm__seed44,MSH6,P43246:862:G>L,0,0.06827748
train-clinvar+pg_dms__bilstm__seed44,MSH6,P43246:862:G>P,0,0.09901465
train-clinvar+pg_dms__bilstm__seed44,MSH6,P43246:862:G>N,0,0.063702665
train-clinvar+pg_dms__bilstm__seed44,MSH6,P43246:862:G>S,0,0.054839052
train-clinvar+pg_dms__bilstm__seed44,MSH6,P43246:862:G>T,0,0.057648495
train-clinvar+pg_dms__bilstm__seed44,MSH6,P43246:862:G>W,0,0.08720348
train-clinvar+pg_dms__bilstm__seed44,MSH6,P43246:862:G>Y,0,0.06401966
train-clinvar+pg_dms__bilstm__seed44,MSH6,P43246:862:G>Q,0,0.0625223
train-clinvar+pg_dms__bilstm__seed44,MSH6,P43246:864:D>T,0,0.063685276
train-clinvar+pg_dms__bilstm__seed44,MSH6,P43246:864:D>A,0,0.06258293
train-clinvar+pg_dms__bilstm__seed44,MSH6,P43246:864:D>C,0,0.06459813
train-clinvar+pg_dms__bilstm__seed44,MSH6,P43246:864:D>F,0,0.08841315
train-clinvar+pg_dms__bilstm__seed44,MSH6,P43246:864:D>G,0,0.07647748
train-clinvar+pg_dms__bilstm__seed44,MSH6,P43246:864:D>H,0,0.06807151
train-clinvar+pg_dms__bilstm__seed44,MSH6,P43246:864:D>I,0,0.076803826
train-clinvar+pg_dms__bilstm__seed44,MSH6,P43246:864:D>K,0,0.077175006
train-clinvar+pg_dms__bilstm__seed44,MSH6,P43246:864:D>L,0,0.07488461
train-clinvar+pg_dms__bilstm__seed44,MSH6,P43246:864:D>M,0,0.11666189
train-clinvar+pg_dms__bilstm__seed44,MSH6,P43246:864:D>P,0,0.10643931
train-clinvar+pg_dms__bilstm__seed44,MSH6,P43246:864:D>Q,0,0.06759153
train-clinvar+pg_dms__bilstm__seed44,MSH6,P43246:864:D>Y,0,0.06653642
train-clinvar+pg_dms__bilstm__seed44,MSH6,P43246:864:D>R,0,0.07135304
train-clinvar+pg_dms__bilstm__seed44,MSH6,P43246:864:D>W,0,0.16115744
train-clinvar+pg_dms__bilstm__seed44,MSH6,P43246:864:D>V,0,0.07168362
train-clinvar+pg_dms__bilstm__seed44,MSH6,P43246:864:D>S,0,0.056357626
train-clinvar+pg_dms__bilstm__seed44,MSH6,P43246:875:L>C,0,0.01849332
train-clinvar+pg_dms__bilstm__seed44,MSH6,P43246:875:L>D,0,0.051015943
train-clinvar+pg_dms__bilstm__seed44,MSH6,P43246:875:L>E,0,0.024003753
train-clinvar+pg_dms__bilstm__seed44,MSH6,P43246:875:L>A,0,0.019012833
train-clinvar+pg_dms__bilstm__seed44,MSH6,P43246:875:L>Y,0,0.021488767
train-clinvar+pg_dms__bilstm__seed44,MSH6,P43246:875:L>G,0,0.02800502
train-clinvar+pg_dms__bilstm__seed44,MSH6,P43246:875:L>H,0,0.022081546
train-clinvar+pg_dms__bilstm__seed44,MSH6,P43246:875:L>K,0,0.024798961
train-clinvar+pg_dms__bilstm__seed44,MSH6,P43246:875:L>P,0,0.06809676
train-clinvar+pg_dms__bilstm__seed44,MSH6,P43246:875:L>Q,0,0.01850872
train-clinvar+pg_dms__bilstm__seed44,MSH6,P43246:875:L>R,0,0.019861178
train-clinvar+pg_dms__bilstm__seed44,MSH6,P43246:875:L>T,0,0.018164363
train-clinvar+pg_dms__bilstm__seed44,MSH6,P43246:875:L>W,0,0.032903668
train-clinvar+pg_dms__bilstm__seed44,MSH6,P43246:875:L>F,0,0.01874814
train-clinvar+pg_dms__bilstm__seed44,MSH6,P43246:875:L>I,0,0.020267675
train-clinvar+pg_dms__bilstm__seed44,MSH6,P43246:875:L>S,0,0.017891092
train-clinvar+pg_dms__bilstm__seed44,MSH6,P43246:877:R>D,0,0.20153095
train-clinvar+pg_dms__bilstm__seed44,MSH6,P43246:877:R>C,0,0.021768836
train-clinvar+pg_dms__bilstm__seed44,MSH6,P43246:877:R>A,0,0.05315875
train-clinvar+pg_dms__bilstm__seed44,MSH6,P43246:877:R>W,0,0.057712667
train-clinvar+pg_dms__bilstm__seed44,MSH6,P43246:877:R>V,0,0.0489805
train-clinvar+pg_dms__bilstm__seed44,MSH6,P43246:877:R>E,0,0.09740606
train-clinvar+pg_dms__bilstm__seed44,MSH6,P43246:877:R>F,0,0.10004836
train-clinvar+pg_dms__bilstm__seed44,MSH6,P43246:877:R>G,0,0.092691526
train-clinvar+pg_dms__bilstm__seed44,MSH6,P43246:877:R>H,0,0.026025398
train-clinvar+pg_dms__bilstm__seed44,MSH6,P43246:877:R>I,0,0.08149268
train-clinvar+pg_dms__bilstm__seed44,MSH6,P43246:877:R>K,0,0.058232933
train-clinvar+pg_dms__bilstm__seed44,MSH6,P43246:877:R>L,0,0.034658004
train-clinvar+pg_dms__bilstm__seed44,MSH6,P43246:877:R>M,0,0.06131031
train-clinvar+pg_dms__bilstm__seed44,MSH6,P43246:877:R>N,0,0.11244479
train-clinvar+pg_dms__bilstm__seed44,MSH6,P43246:877:R>P,0,0.31049186
train-clinvar+pg_dms__bilstm__seed44,MSH6,P43246:877:R>Q,0,0.01859026
train-clinvar+pg_dms__bilstm__seed44,MSH6,P43246:877:R>S,0,0.07716703
train-clinvar+pg_dms__bilstm__seed44,MSH6,P43246:877:R>Y,0,0.05788564
train-clinvar+pg_dms__bilstm__seed44,MSH6,P43246:877:R>T,0,0.030271484
train-clinvar+pg_dms__bilstm__seed44,MSH6,P43246:880:G>N,0,0.4802072
train-clinvar+pg_dms__bilstm__seed44,MSH6,P43246:880:G>M,0,0.55645925
train-clinvar+pg_dms__bilstm__seed44,MSH6,P43246:880:G>P,0,0.77566195
train-clinvar+pg_dms__bilstm__seed44,MSH6,P43246:880:G>K,0,0.5904793
train-clinvar+pg_dms__bilstm__seed44,MSH6,P43246:880:G>I,0,0.44301268
train-clinvar+pg_dms__bilstm__seed44,MSH6,P43246:880:G>H,0,0.44000813
train-clinvar+pg_dms__bilstm__seed44,MSH6,P43246:880:G>F,0,0.44662267
train-clinvar+pg_dms__bilstm__seed44,MSH6,P43246:880:G>E,0,0.50111526
train-clinvar+pg_dms__bilstm__seed44,MSH6,P43246:880:G>D,0,0.65440696
train-clinvar+pg_dms__bilstm__seed44,MSH6,P43246:880:G>C,0,0.23352835
train-clinvar+pg_dms__bilstm__seed44,MSH6,P43246:880:G>A,0,0.06536626
train-clinvar+pg_dms__bilstm__seed44,MSH6,P43246:880:G>V,0,0.3685177
train-clinvar+pg_dms__bilstm__seed44,MSH6,P43246:880:G>Y,0,0.44327384
train-clinvar+pg_dms__bilstm__seed44,MSH6,P43246:880:G>T,0,0.2733944
train-clinvar+pg_dms__bilstm__seed44,MSH6,P43246:880:G>S,0,0.2763766
train-clinvar+pg_dms__bilstm__seed44,MSH6,P43246:880:G>R,0,0.5568083
train-clinvar+pg_dms__bilstm__seed44,MSH6,P43246:880:G>L,0,0.44198248
train-clinvar+pg_dms__bilstm__seed44,MSH6,P43246:880:G>Q,0,0.43828407
train-clinvar+pg_dms__bilstm__seed44,MSH6,P43246:892:K>L,0,0.07424728
train-clinvar+pg_dms__bilstm__seed44,MSH6,P43246:892:K>D,0,0.21119264
train-clinvar+pg_dms__bilstm__seed44,MSH6,P43246:892:K>E,0,0.05760667
train-clinvar+pg_dms__bilstm__seed44,MSH6,P43246:892:K>F,0,0.19707839
train-clinvar+pg_dms__bilstm__seed44,MSH6,P43246:892:K>G,0,0.082286365
train-clinvar+pg_dms__bilstm__seed44,MSH6,P43246:892:K>H,0,0.07244113
train-clinvar+pg_dms__bilstm__seed44,MSH6,P43246:892:K>I,0,0.0862612
train-clinvar+pg_dms__bilstm__seed44,MSH6,P43246:892:K>M,0,0.10508533
train-clinvar+pg_dms__bilstm__seed44,MSH6,P43246:892:K>N,0,0.101691306
train-clinvar+pg_dms__bilstm__seed44,MSH6,P43246:892:K>C,0,0.07563934
train-clinvar+pg_dms__bilstm__seed44,MSH6,P43246:892:K>P,0,0.39813185
train-clinvar+pg_dms__bilstm__seed44,MSH6,P43246:892:K>R,0,0.045998547
train-clinvar+pg_dms__bilstm__seed44,MSH6,P43246:892:K>S,0,0.056672014
train-clinvar+pg_dms__bilstm__seed44,MSH6,P43246:892:K>T,0,0.049543165
train-clinvar+pg_dms__bilstm__seed44,MSH6,P43246:892:K>V,0,0.08374983
train-clinvar+pg_dms__bilstm__seed44,MSH6,P43246:892:K>W,0,0.2800897
train-clinvar+pg_dms__bilstm__seed44,MSH6,P43246:892:K>Y,0,0.12552984
train-clinvar+pg_dms__bilstm__seed44,MSH6,P43246:892:K>Q,0,0.04294795
train-clinvar+pg_dms__bilstm__seed44,MSH6,P43246:892:K>A,0,0.06358216
train-clinvar+pg_dms__bilstm__seed44,MSH6,P43246:905:T>A,0,0.09252788
train-clinvar+pg_dms__bilstm__seed44,MSH6,P43246:905:T>E,0,0.07184583
train-clinvar+pg_dms__bilstm__seed44,MSH6,P43246:905:T>D,0,0.12108988
train-clinvar+pg_dms__bilstm__seed44,MSH6,P43246:905:T>Y,0,0.06911891
train-clinvar+pg_dms__bilstm__seed44,MSH6,P43246:905:T>W,0,0.18410604
train-clinvar+pg_dms__bilstm__seed44,MSH6,P43246:905:T>V,0,0.07542162
train-clinvar+pg_dms__bilstm__seed44,MSH6,P43246:905:T>S,0,0.089509755
train-clinvar+pg_dms__bilstm__seed44,MSH6,P43246:905:T>C,0,0.051794346
train-clinvar+pg_dms__bilstm__seed44,MSH6,P43246:905:T>P,0,0.12768425
train-clinvar+pg_dms__bilstm__seed44,MSH6,P43246:905:T>N,0,0.0729294
train-clinvar+pg_dms__bilstm__seed44,MSH6,P43246:905:T>L,0,0.0638792
train-clinvar+pg_dms__bilstm__seed44,MSH6,P43246:905:T>Q,0,0.06573906
train-clinvar+pg_dms__bilstm__seed44,MSH6,P43246:905:T>G,0,0.07701069
train-clinvar+pg_dms__bilstm__seed44,MSH6,P43246:905:T>K,0,0.083905645
train-clinvar+pg_dms__bilstm__seed44,MSH6,P43246:905:T>I,0,0.14197627
train-clinvar+pg_dms__bilstm__seed44,MSH6,P43246:905:T>H,0,0.075284965
train-clinvar+pg_dms__bilstm__seed44,MSH6,P43246:905:T>F,0,0.07082072
train-clinvar+pg_dms__bilstm__seed44,MSH6,P43246:906:I>T,0,0.09052062
train-clinvar+pg_dms__bilstm__seed44,MSH6,P43246:906:I>S,0,0.043398272
train-clinvar+pg_dms__bilstm__seed44,MSH6,P43246:906:I>R,0,0.09824545
train-clinvar+pg_dms__bilstm__seed44,MSH6,P43246:906:I>Q,0,0.053194474
train-clinvar+pg_dms__bilstm__seed44,MSH6,P43246:906:I>P,0,0.25596523
train-clinvar+pg_dms__bilstm__seed44,MSH6,P43246:906:I>N,0,0.06241934
train-clinvar+pg_dms__bilstm__seed44,MSH6,P43246:906:I>L,0,0.053559296
train-clinvar+pg_dms__bilstm__seed44,MSH6,P43246:906:I>K,0,0.071186
train-clinvar+pg_dms__bilstm__seed44,MSH6,P43246:906:I>G,0,0.06946115
train-clinvar+pg_dms__bilstm__seed44,MSH6,P43246:906:I>W,0,0.18072535
train-clinvar+pg_dms__bilstm__seed44,MSH6,P43246:906:I>F,0,0.053063165
train-clinvar+pg_dms__bilstm__seed44,MSH6,P43246:906:I>Y,0,0.06534194
train-clinvar+pg_dms__bilstm__seed44,MSH6,P43246:906:I>H,0,0.07201328
train-clinvar+pg_dms__bilstm__seed44,MSH6,P43246:906:I>A,0,0.050084677
train-clinvar+pg_dms__bilstm__seed44,MSH6,P43246:906:I>C,0,0.05210852
train-clinvar+pg_dms__bilstm__seed44,MSH6,P43246:906:I>D,0,0.10354442
train-clinvar+pg_dms__bilstm__seed44,MSH6,P43246:906:I>E,0,0.06211877
train-clinvar+pg_dms__bilstm__seed44,MSH6,P43246:918:K>C,0,0.0659233
train-clinvar+pg_dms__bilstm__seed44,MSH6,P43246:918:K>Y,0,0.09997938
train-clinvar+pg_dms__bilstm__seed44,MSH6,P43246:918:K>W,0,0.2570897
train-clinvar+pg_dms__bilstm__seed44,MSH6,P43246:918:K>V,0,0.08951008
train-clinvar+pg_dms__bilstm__seed44,MSH6,P43246:918:K>T,0,0.085546985
train-clinvar+pg_dms__bilstm__seed44,MSH6,P43246:918:K>S,0,0.057383835
train-clinvar+pg_dms__bilstm__seed44,MSH6,P43246:918:K>R,0,0.050796185
train-clinvar+pg_dms__bilstm__seed44,MSH6,P43246:918:K>Q,0,0.07875407
train-clinvar+pg_dms__bilstm__seed44,MSH6,P43246:918:K>P,0,0.4248588
train-clinvar+pg_dms__bilstm__seed44,MSH6,P43246:918:K>L,0,0.07454214
train-clinvar+pg_dms__bilstm__seed44,MSH6,P43246:918:K>I,0,0.09078626
train-clinvar+pg_dms__bilstm__seed44,MSH6,P43246:918:K>H,0,0.073369615
train-clinvar+pg_dms__bilstm__seed44,MSH6,P43246:918:K>G,0,0.06650388
train-clinvar+pg_dms__bilstm__seed44,MSH6,P43246:918:K>F,0,0.15433696
train-clinvar+pg_dms__bilstm__seed44,MSH6,P43246:918:K>E,0,0.053606957
train-clinvar+pg_dms__bilstm__seed44,MSH6,P43246:918:K>A,0,0.057281498
train-clinvar+pg_dms__bilstm__seed44,MSH6,P43246:918:K>D,0,0.13271886
train-clinvar+pg_dms__bilstm__seed44,MSH6,P43246:924:N>C,0,0.045785762
train-clinvar+pg_dms__bilstm__seed44,MSH6,P43246:924:N>T,0,0.05080438
train-clinvar+pg_dms__bilstm__seed44,MSH6,P43246:924:N>S,0,0.07937017
train-clinvar+pg_dms__bilstm__seed44,MSH6,P43246:924:N>R,0,0.06224939
train-clinvar+pg_dms__bilstm__seed44,MSH6,P43246:924:N>Q,0,0.059894685
train-clinvar+pg_dms__bilstm__seed44,MSH6,P43246:924:N>P,1,0.44563234
train-clinvar+pg_dms__bilstm__seed44,MSH6,P43246:924:N>L,0,0.065437324
train-clinvar+pg_dms__bilstm__seed44,MSH6,P43246:924:N>K,0,0.14627685
train-clinvar+pg_dms__bilstm__seed44,MSH6,P43246:924:N>I,0,0.075907215
train-clinvar+pg_dms__bilstm__seed44,MSH6,P43246:924:N>H,0,0.10277348
train-clinvar+pg_dms__bilstm__seed44,MSH6,P43246:924:N>G,0,0.067622766
train-clinvar+pg_dms__bilstm__seed44,MSH6,P43246:924:N>F,0,0.10962325
train-clinvar+pg_dms__bilstm__seed44,MSH6,P43246:924:N>E,0,0.0723029
train-clinvar+pg_dms__bilstm__seed44,MSH6,P43246:924:N>D,0,0.07944892
train-clinvar+pg_dms__bilstm__seed44,MSH6,P43246:924:N>A,0,0.056661278
train-clinvar+pg_dms__bilstm__seed44,MSH6,P43246:924:N>Y,0,0.052622482
train-clinvar+pg_dms__bilstm__seed44,MSH6,P43246:924:N>W,0,0.24261619
train-clinvar+pg_dms__bilstm__seed44,MSH6,P43246:928:S>D,0,0.13588913
train-clinvar+pg_dms__bilstm__seed44,MSH6,P43246:928:S>E,0,0.114064984
train-clinvar+pg_dms__bilstm__seed44,MSH6,P43246:928:S>G,0,0.07736359
train-clinvar+pg_dms__bilstm__seed44,MSH6,P43246:928:S>H,0,0.10848064
train-clinvar+pg_dms__bilstm__seed44,MSH6,P43246:928:S>K,0,0.16236258
train-clinvar+pg_dms__bilstm__seed44,MSH6,P43246:928:S>F,1,0.090441845
train-clinvar+pg_dms__bilstm__seed44,MSH6,P43246:928:S>N,0,0.086788334
train-clinvar+pg_dms__bilstm__seed44,MSH6,P43246:928:S>Q,0,0.11907409
train-clinvar+pg_dms__bilstm__seed44,MSH6,P43246:928:S>R,0,0.12070951
train-clinvar+pg_dms__bilstm__seed44,MSH6,P43246:928:S>T,0,0.0709575
train-clinvar+pg_dms__bilstm__seed44,MSH6,P43246:928:S>Y,0,0.08339539
train-clinvar+pg_dms__bilstm__seed44,MSH6,P43246:928:S>L,0,0.08014854
train-clinvar+pg_dms__bilstm__seed44,MSH6,P43246:933:T>G,0,0.11479044
train-clinvar+pg_dms__bilstm__seed44,MSH6,P43246:933:T>F,0,0.11835312
train-clinvar+pg_dms__bilstm__seed44,MSH6,P43246:933:T>E,0,0.120309226
train-clinvar+pg_dms__bilstm__seed44,MSH6,P43246:933:T>D,0,0.1388277
train-clinvar+pg_dms__bilstm__seed44,MSH6,P43246:933:T>C,0,0.10724174
train-clinvar+pg_dms__bilstm__seed44,MSH6,P43246:933:T>A,0,0.0972288
train-clinvar+pg_dms__bilstm__seed44,MSH6,P43246:933:T>R,0,0.11432459
train-clinvar+pg_dms__bilstm__seed44,MSH6,P43246:933:T>V,0,0.12132175
train-clinvar+pg_dms__bilstm__seed44,MSH6,P43246:933:T>S,0,0.09960813
train-clinvar+pg_dms__bilstm__seed44,MSH6,P43246:933:T>Q,0,0.11269195
train-clinvar+pg_dms__bilstm__seed44,MSH6,P43246:933:T>P,0,0.13090399
train-clinvar+pg_dms__bilstm__seed44,MSH6,P43246:933:T>N,0,0.11205993
train-clinvar+pg_dms__bilstm__seed44,MSH6,P43246:933:T>H,0,0.12360521
train-clinvar+pg_dms__bilstm__seed44,MSH6,P43246:933:T>Y,0,0.11939157
train-clinvar+pg_dms__bilstm__seed44,MSH6,P43246:933:T>I,0,0.11070775
train-clinvar+pg_dms__bilstm__seed44,MSH6,P43246:933:T>M,0,0.14531337
train-clinvar+pg_dms__bilstm__seed44,MSH6,P43246:933:T>L,0,0.113702565
train-clinvar+pg_dms__bilstm__seed44,PMS2,P52701:878:V>A,0,0.04177239
train-clinvar+pg_dms__bilstm__seed44,PMS2,P40692:67:G>W,1,0.8383465
train-clinvar+pg_dms__bilstm__seed44,PMS2,P40692:67:G>E,1,0.9213072
train-clinvar+pg_dms__bilstm__seed44,PMS2,P40692:581:P>L,0,0.10278841
train-clinvar+pg_dms__bilstm__seed44,PMS2,P40692:716:V>M,0,0.03700651
train-clinvar+pg_dms__bilstm__seed44,PMS2,P43246:2:A>T,0,0.2641161
train-clinvar+pg_dms__bilstm__seed44,PMS2,P40692:326:V>A,0,0.22623701
train-clinvar+pg_dms__bilstm__seed44,PMS2,P52701:54:G>A,0,0.07149072
train-clinvar+pg_dms__bilstm__seed44,PMS2,P52701:65:S>L,0,0.086435296
train-clinvar+pg_dms__bilstm__seed44,PMS2,P52701:781:P>S,1,0.9172864
train-clinvar+pg_dms__bilstm__seed44,PMS2,P52701:81:A>T,0,0.105831675
train-clinvar+pg_dms__bilstm__seed44,PMS2,P52701:1076:R>C,1,0.20641327
train-clinvar+pg_dms__bilstm__seed44,PMS2,P52701:1157:G>S,1,0.8628562
train-clinvar+pg_dms__bilstm__seed44,PMS2,P52701:1163:E>V,0,0.15002452
train-clinvar+pg_dms__bilstm__seed44,PMS2,P52701:1329:S>L,0,0.09135176
train-clinvar+pg_dms__bilstm__seed44,PMS2,P52701:220:E>D,0,0.09269094
train-clinvar+pg_dms__bilstm__seed44,PMS2,P40692:38:N>H,1,0.82458645
train-clinvar+pg_dms__bilstm__seed44,PMS2,P40692:38:N>S,1,0.8765031
train-clinvar+pg_dms__bilstm__seed44,PMS2,P40692:38:N>K,1,0.8794478
train-clinvar+pg_dms__bilstm__seed44,PMS2,P40692:441:A>T,0,0.066952415
train-clinvar+pg_dms__bilstm__seed44,PMS2,P40692:586:A>D,1,0.9139377
train-clinvar+pg_dms__bilstm__seed44,PMS2,P40692:654:P>L,1,0.5326055
train-clinvar+pg_dms__bilstm__seed44,PMS2,P40692:662:T>P,1,0.800119
train-clinvar+pg_dms__bilstm__seed44,PMS2,P40692:67:G>R,1,0.92305624
train-clinvar+pg_dms__bilstm__seed44,PMS2,P40692:676:L>R,1,0.95083576
train-clinvar+pg_dms__bilstm__seed44,PMS2,P40692:680:C>R,1,0.97699445
train-clinvar+pg_dms__bilstm__seed44,PMS2,P40692:683:F>S,1,0.80759484
train-clinvar+pg_dms__bilstm__seed44,PMS2,P40692:84:K>E,1,0.6047075
train-clinvar+pg_dms__bilstm__seed44,PMS2,P40692:155:L>R,1,0.78455824
train-clinvar+pg_dms__bilstm__seed44,PMS2,P40692:182:R>G,1,0.84936273
train-clinvar+pg_dms__bilstm__seed44,PMS2,P40692:182:R>K,1,0.7105771
train-clinvar+pg_dms__bilstm__seed44,PMS2,P40692:247:S>P,1,0.958641
train-clinvar+pg_dms__bilstm__seed44,PMS2,P40692:29:A>G,1,0.16197945
train-clinvar+pg_dms__bilstm__seed44,PMS2,P40692:292:L>P,1,0.9511767
train-clinvar+pg_dms__bilstm__seed44,PMS2,P40692:295:S>R,1,0.90638584
train-clinvar+pg_dms__bilstm__seed44,PMS2,P40692:295:S>G,1,0.6624683
train-clinvar+pg_dms__bilstm__seed44,PMS2,P40692:295:S>N,1,0.74625117
train-clinvar+pg_dms__bilstm__seed44,PMS2,P43246:338:G>R,1,0.9645774
train-clinvar+pg_dms__bilstm__seed44,PMS2,P43246:338:G>E,1,0.9378128
train-clinvar+pg_dms__bilstm__seed44,PMS2,P43246:564:T>A,0,0.10598885
train-clinvar+pg_dms__bilstm__seed44,PMS2,P43246:600:A>V,1,0.7743541
train-clinvar+pg_dms__bilstm__seed44,PMS2,P43246:696:P>L,1,0.8216974
train-clinvar+pg_dms__bilstm__seed44,PMS2,P43246:878:E>D,0,0.031768337
train-clinvar+pg_dms__bilstm__seed44,PMS2,P43246:923:V>E,1,0.8517828
train-clinvar+pg_dms__bilstm__seed44,PMS2,P43246:93:L>F,1,0.73283094
train-clinvar+pg_dms__bilstm__seed44,PMS2,P43246:96:R>H,0,0.09792742
train-clinvar+pg_dms__bilstm__seed44,PMS2,P43246:165:Y>D,1,0.94342756
train-clinvar+pg_dms__bilstm__seed44,PMS2,P43246:177:E>K,0,0.2741609
train-clinvar+pg_dms__bilstm__seed44,PMS2,P43246:310:L>P,1,0.9244781
train-clinvar+pg_dms__bilstm__seed44,PMS2,P43246:310:L>R,1,0.6319216
train-clinvar+pg_dms__bilstm__seed44,PMS2,P43246:333:C>R,1,0.94828826
train-clinvar+pg_dms__bilstm__seed44,PMS2,P43246:333:C>Y,1,0.9130884
train-clinvar+pg_dms__bilstm__seed44,PMS2,P52701:1055:A>P,1,0.9338879
train-clinvar+pg_dms__bilstm__seed44,PMS2,P43246:851:L>V,0,0.13793369
train-clinvar+pg_dms__bilstm__seed44,PMS2,P52701:164:H>P,0,0.093391344
train-clinvar+pg_dms__bilstm__seed44,PMS2,P52701:1157:G>C,1,0.84705913
train-clinvar+pg_dms__bilstm__seed44,PMS2,P43246:250:G>V,0,0.058161184
train-clinvar+pg_dms__bilstm__seed44,PMS2,P43246:355:R>I,0,0.1397592
train-clinvar+pg_dms__bilstm__seed44,PMS2,P43246:732:T>S,0,0.47332147
train-clinvar+pg_dms__bilstm__seed44,PMS2,P43246:2:A>E,0,0.56197137
train-clinvar+pg_dms__bilstm__seed44,PMS2,P43246:177:E>V,0,0.124502115
train-clinvar+pg_dms__bilstm__seed44,PMS2,P43246:595:L>R,1,0.77583164
train-clinvar+pg_dms__bilstm__seed44,PMS2,P52701:432:F>S,1,0.9124343
train-clinvar+pg_dms__bilstm__seed44,PMS2,P43246:727:A>P,0,0.8620053
train-clinvar+pg_dms__bilstm__seed44,PMS2,P43246:408:Y>F,0,0.1480253
train-clinvar+pg_dms__bilstm__seed44,PMS2,P43246:621:R>L,1,0.74728656
train-clinvar+pg_dms__bilstm__seed44,PMS2,P52701:1058:D>H,1,0.95100975
train-clinvar+pg_dms__bilstm__seed44,PMS2,P43246:373:R>K,0,0.24734807
train-clinvar+pg_dms__bilstm__seed44,PMS2,P43246:310:L>V,0,0.43888393
train-clinvar+pg_dms__bilstm__seed44,PMS2,P43246:319:D>N,0,0.029396154
train-clinvar+pg_dms__bilstm__seed44,PMS2,P43246:443:L>V,0,0.21827953
train-clinvar+pg_dms__bilstm__seed44,PMS2,P43246:551:F>L,0,0.912923
train-clinvar+pg_dms__bilstm__seed44,PMS2,P43246:654:D>E,0,0.39030725
train-clinvar+pg_dms__bilstm__seed44,PMS2,P43246:677:T>R,1,0.9764466
train-clinvar+pg_dms__bilstm__seed44,PMS2,P43246:793:Q>P,0,0.5175686
train-clinvar+pg_dms__bilstm__seed44,PMS2,P43246:796:T>S,0,0.17443077
train-clinvar+pg_dms__bilstm__seed44,PMS2,P40692:194:V>G,1,0.39769742
train-clinvar+pg_dms__bilstm__seed44,PMS2,P43246:185:S>F,0,0.6966012
train-clinvar+pg_dms__bilstm__seed44,PMS2,P43246:693:C>Y,1,0.96079236
train-clinvar+pg_dms__bilstm__seed44,PMS2,P43246:552:T>A,0,0.053974062
train-clinvar+pg_dms__bilstm__seed44,PMS2,P43246:621:R>G,1,0.6358973
train-clinvar+pg_dms__bilstm__seed44,PMS2,P43246:660:D>E,0,0.13419345
train-clinvar+pg_dms__bilstm__seed44,PMS2,P43246:804:A>T,1,0.5064298
train-clinvar+pg_dms__bilstm__seed44,PMS2,P43246:319:D>Y,0,0.04882598
train-clinvar+pg_dms__bilstm__seed44,PMS2,P52701:153:G>S,1,0.53121233
train-clinvar+pg_dms__bilstm__seed44,PMS2,P43246:142:S>A,0,0.09069336
train-clinvar+pg_dms__bilstm__seed44,PMS2,P43246:883:I>T,0,0.027746178
train-clinvar+pg_dms__bilstm__seed44,PMS2,P43246:266:A>T,1,0.4229148
train-clinvar+pg_dms__bilstm__seed44,PMS2,P43246:694:F>S,1,0.9394566
train-clinvar+pg_dms__bilstm__seed44,PMS2,P43246:769:Y>H,0,0.04427439
train-clinvar+pg_dms__bilstm__seed44,PMS2,P43246:801:H>P,1,0.8422946
train-clinvar+pg_dms__bilstm__seed44,PMS2,P52701:1076:R>G,1,0.75103
train-clinvar+pg_dms__bilstm__seed44,PMS2,P43246:356:I>R,1,0.9247261
train-clinvar+pg_dms__bilstm__seed44,PMS2,P52701:781:P>L,1,0.9224249
train-clinvar+pg_dms__bilstm__seed44,PMS2,P52701:1139:G>V,1,0.8432379
train-clinvar+pg_dms__bilstm__seed44,PMS2,P40692:125:A>E,1,0.8427418
train-clinvar+pg_dms__bilstm__seed44,PMS2,P43246:333:C>W,1,0.8914109
train-clinvar+pg_dms__bilstm__seed44,PMS2,P43246:413:Q>E,0,0.25805646
train-clinvar+pg_dms__bilstm__seed44,PMS2,P43246:876:E>G,0,0.06135652
train-clinvar+pg_dms__bilstm__seed44,PMS2,P43246:740:T>A,0,0.10251954
train-clinvar+pg_dms__bilstm__seed44,PMS2,P43246:207:A>S,0,0.0758885
train-clinvar+pg_dms__bilstm__seed44,PMS2,P43246:107:A>D,1,0.20764835
train-clinvar+pg_dms__bilstm__seed44,PMS2,P43246:178:F>L,0,0.8111892
train-clinvar+pg_dms__bilstm__seed44,PMS2,P43246:250:G>R,0,0.0902409
train-clinvar+pg_dms__bilstm__seed44,PMS2,P43246:525:V>I,0,0.20477562
train-clinvar+pg_dms__bilstm__seed44,PMS2,P43246:242:N>H,0,0.21900028
train-clinvar+pg_dms__bilstm__seed44,PMS2,P43246:350:L>V,0,0.2983246
train-clinvar+pg_dms__bilstm__seed44,PMS2,P43246:680:R>P,1,0.9168967
train-clinvar+pg_dms__bilstm__seed44,PMS2,P43246:107:A>V,1,0.015366323
train-clinvar+pg_dms__bilstm__seed44,PMS2,P43246:793:Q>R,0,0.044073492
train-clinvar+pg_dms__bilstm__seed44,PMS2,P43246:165:Y>C,0,0.114071995
train-clinvar+pg_dms__bilstm__seed44,PMS2,P43246:356:I>K,1,0.8981584
train-clinvar+pg_dms__bilstm__seed44,PMS2,P43246:696:P>S,0,0.7973651
train-clinvar+pg_dms__bilstm__seed44,PMS2,P43246:801:H>L,0,0.7352489
train-clinvar+pg_dms__bilstm__seed44,PMS2,P43246:570:Y>H,0,0.8207689
train-clinvar+pg_dms__bilstm__seed44,PMS2,P43246:595:L>V,0,0.08859239
train-clinvar+pg_dms__bilstm__seed44,PMS2,P43246:601:Q>H,0,0.23746775
train-clinvar+pg_dms__bilstm__seed44,PMS2,P43246:621:R>P,1,0.84611285
train-clinvar+pg_dms__bilstm__seed44,PMS2,P52701:853:K>N,1,0.90222067
train-clinvar+pg_dms__bilstm__seed44,PMS2,P43246:531:K>N,0,0.49859634
train-clinvar+pg_dms__bilstm__seed44,PMS2,P43246:872:K>T,0,0.037745286
train-clinvar+pg_dms__bilstm__seed44,PMS2,P43246:177:E>G,0,0.08627414
train-clinvar+pg_dms__bilstm__seed44,PMS2,P43246:177:E>D,0,0.45249468
train-clinvar+pg_dms__bilstm__seed44,PMS2,P43246:732:T>I,0,0.7882939
train-clinvar+pg_dms__bilstm__seed44,PMS2,P40692:276:I>R,1,0.88750935
train-clinvar+pg_dms__bilstm__seed44,PMS2,P43246:387:L>V,0,0.062005527
train-clinvar+pg_dms__bilstm__seed44,PMS2,P43246:292:T>P,1,0.08869753
train-clinvar+pg_dms__bilstm__seed44,PMS2,P43246:338:G>V,1,0.91103977
train-clinvar+pg_dms__bilstm__seed44,PMS2,P43246:784:F>L,0,0.78530884
train-clinvar+pg_dms__bilstm__seed44,PMS2,P43246:680:R>Q,0,0.74152243
train-clinvar+pg_dms__bilstm__seed44,PMS2,P43246:693:C>R,1,0.97416866
train-clinvar+pg_dms__bilstm__seed44,PMS2,P43246:696:P>A,0,0.3078019
train-clinvar+pg_dms__bilstm__seed44,PMS2,P43246:787:L>R,1,0.6630027
train-clinvar+pg_dms__bilstm__seed44,PMS2,P43246:827:G>R,0,0.2518847
train-clinvar+pg_dms__bilstm__seed44,PMS2,P52701:1157:G>D,1,0.9161835
train-clinvar+pg_dms__bilstm__seed44,PMS2,P43246:151:K>T,0,0.436118
train-clinvar+pg_dms__bilstm__seed44,PMS2,P43246:178:F>Y,0,0.266057
train-clinvar+pg_dms__bilstm__seed44,PMS2,P43246:389:R>L,0,0.57532454
train-clinvar+pg_dms__bilstm__seed44,PMS2,P43246:787:L>V,0,0.097202875
train-clinvar+pg_dms__bilstm__seed44,PMS2,P52701:418:S>P,1,0.946638
train-clinvar+pg_dms__bilstm__seed44,PMS2,P52701:480:V>E,1,0.94968784
train-clinvar+pg_dms__bilstm__seed44,PMS2,P43246:333:C>F,1,0.90137774
train-clinvar+pg_dms__bilstm__seed44,PMS2,P43246:372:L>S,0,0.04293672
train-clinvar+pg_dms__bilstm__seed44,PMS2,P43246:553:N>K,1,0.7764192
train-clinvar+pg_dms__bilstm__seed44,PMS2,P43246:557:T>A,0,0.107291736
train-clinvar+pg_dms__bilstm__seed44,PMS2,P43246:703:S>F,1,0.81762004
train-clinvar+pg_dms__bilstm__seed44,PMS2,P43246:740:T>I,1,0.8078845
train-clinvar+pg_dms__bilstm__seed44,PMS2,P43246:841:I>M,0,0.11665678
train-clinvar+pg_dms__bilstm__seed44,PMS2,P43246:91:D>N,0,0.008022495
train-clinvar+pg_dms__bilstm__seed44,PMS2,P43246:91:D>G,0,0.25239536
train-clinvar+pg_dms__bilstm__seed44,PMS2,P43246:193:Q>P,0,0.97703904
train-clinvar+pg_dms__bilstm__seed44,PMS2,P43246:387:L>R,1,0.7114028
train-clinvar+pg_dms__bilstm__seed44,PMS2,P43246:694:F>I,1,0.93222964
train-clinvar+pg_dms__bilstm__seed44,PMS2,P43246:745:I>V,0,0.12618828
train-clinvar+pg_dms__bilstm__seed44,PMS2,P43246:878:E>G,0,0.0075109117
train-clinvar+pg_dms__bilstm__seed44,PMS2,P43246:899:M>T,0,0.056233056
train-clinvar+pg_dms__bilstm__seed44,PMS2,P43246:96:R>L,0,0.24260177
train-clinvar+pg_dms__bilstm__seed44,PMS2,P43246:595:L>P,1,0.8891133
train-clinvar+pg_dms__bilstm__seed44,PMS2,P43246:796:T>N,1,0.063701116
train-clinvar+pg_dms__bilstm__seed44,PMS2,P43246:879:Q>K,0,0.07028302
train-clinvar+pg_dms__bilstm__seed44,PMS2,P43246:253:M>V,0,0.031890355
train-clinvar+pg_dms__bilstm__seed44,PMS2,P43246:552:T>S,0,0.13889876
train-clinvar+pg_dms__bilstm__seed44,PMS2,P43246:673:G>V,0,0.83864516
train-clinvar+pg_dms__bilstm__seed44,PMS2,P43246:80:L>V,0,0.40200847
train-clinvar+pg_dms__bilstm__seed44,PMS2,P52701:907:V>A,0,0.5171415
train-clinvar+pg_dms__bilstm__seed44,PMS2,P43246:158:Q>R,0,0.02671152
train-clinvar+pg_dms__bilstm__seed44,PMS2,P43246:739:A>T,0,0.48498294
train-clinvar+pg_dms__bilstm__seed44,PMS2,P40692:38:N>Y,1,0.8588107
train-clinvar+pg_dms__bilstm__seed44,PMS2,P43246:570:Y>S,1,0.87226486
train-clinvar+pg_dms__bilstm__seed44,PMS2,P43246:376:L>S,0,0.7909428
train-clinvar+pg_dms__bilstm__seed44,PMS2,P43246:455:E>Q,0,0.1649957
train-clinvar+pg_dms__bilstm__seed44,PMS2,P43246:651:I>T,0,0.48603767
train-clinvar+pg_dms__bilstm__seed44,PMS2,P43246:680:R>L,0,0.7955786
train-clinvar+pg_dms__bilstm__seed44,PMS2,P43246:372:L>F,0,0.008116124
train-clinvar+pg_dms__bilstm__seed44,PMS2,P43246:594:T>A,0,0.0131727755
train-clinvar+pg_dms__bilstm__seed44,PMS2,P43246:99:R>S,0,0.7534067
train-clinvar+pg_dms__bilstm__seed44,PMS2,P43246:352:D>N,0,0.18169166
train-clinvar+pg_dms__bilstm__seed44,PMS2,P43246:478:L>V,1,0.69328654
train-clinvar+pg_dms__bilstm__seed44,PMS2,P43246:308:R>K,0,0.032783233
train-clinvar+pg_dms__bilstm__seed44,PMS2,P43246:91:D>Y,0,0.010023956
train-clinvar+pg_dms__bilstm__seed44,PMS2,P43246:731:E>G,0,0.44091922
train-clinvar+pg_dms__bilstm__seed44,PMS2,P43246:207:A>V,0,0.12542011
train-clinvar+pg_dms__bilstm__seed44,PMS2,P43246:356:I>M,0,0.4004804
train-clinvar+pg_dms__bilstm__seed44,PMS2,P43246:755:S>T,0,0.7750609
train-clinvar+pg_dms__bilstm__seed44,PMS2,P43246:93:L>V,0,0.14316468
train-clinvar+pg_dms__bilstm__seed44,PMS2,P43246:427:K>E,0,0.031889748
train-clinvar+pg_dms__bilstm__seed44,PMS2,P43246:654:D>V,0,0.553768
train-clinvar+pg_dms__bilstm__seed44,PMS2,P43246:883:I>V,0,0.018684048
train-clinvar+pg_dms__bilstm__seed44,PMS2,P43246:235:K>T,0,0.10736839
train-clinvar+pg_dms__bilstm__seed44,PMS2,P43246:867:E>D,0,0.07305775
train-clinvar+pg_dms__bilstm__seed44,PMS2,P43246:356:I>V,0,0.22426488
train-clinvar+pg_dms__bilstm__seed44,PMS2,P43246:408:Y>S,0,0.23692232
train-clinvar+pg_dms__bilstm__seed44,PMS2,P43246:429:Q>H,0,0.067638814
train-clinvar+pg_dms__bilstm__seed44,PMS2,P43246:475:D>A,0,0.3051101
train-clinvar+pg_dms__bilstm__seed44,PMS2,P43246:478:L>R,1,0.95001966
train-clinvar+pg_dms__bilstm__seed44,PMS2,P52701:432:F>L,1,0.9072683
train-clinvar+pg_dms__bilstm__seed44,PMS2,P43246:727:A>T,0,0.023718316
train-clinvar+pg_dms__bilstm__seed44,PMS2,P43246:755:S>Y,1,0.8284037
train-clinvar+pg_dms__bilstm__seed44,PMS2,P43246:818:K>R,0,0.02806046
train-clinvar+pg_dms__bilstm__seed44,PMS2,P43246:804:A>V,0,0.61290485
train-clinvar+pg_dms__bilstm__seed44,PMS2,P43246:373:R>T,0,0.43377692
train-clinvar+pg_dms__bilstm__seed44,PMS2,P43246:387:L>I,0,0.19444782
train-clinvar+pg_dms__bilstm__seed44,PMS2,P43246:531:K>E,1,0.517626
train-clinvar+pg_dms__bilstm__seed44,PMS2,P43246:50:A>T,0,0.7236459
train-clinvar+pg_dms__bilstm__seed44,PMS2,P43246:651:I>L,0,0.4301223
train-clinvar+pg_dms__bilstm__seed44,PMS2,P43246:926:I>S,0,0.13610613
train-clinvar+pg_dms__bilstm__seed44,PMS2,P43246:53:A>V,0,0.38474515
train-clinvar+pg_dms__bilstm__seed44,PMS2,P43246:739:A>V,0,0.74325216
train-clinvar+pg_dms__bilstm__seed44,PMS2,P43246:96:R>P,0,0.46251783
train-clinvar+pg_dms__bilstm__seed44,PMS2,P43246:826:F>S,0,0.52022594
train-clinvar+pg_dms__bilstm__seed44,PMS2,P43246:410:G>D,1,0.82173175
train-clinvar+pg_dms__bilstm__seed44,PMS2,P43246:879:Q>H,0,0.023843689
train-clinvar+pg_dms__bilstm__seed44,PMS2,P43246:352:D>E,0,0.28792286
train-clinvar+pg_dms__bilstm__seed44,PMS2,P43246:408:Y>H,0,0.17376009
train-clinvar+pg_dms__bilstm__seed44,PMS2,P43246:698:E>K,0,0.056769088
train-clinvar+pg_dms__bilstm__seed44,PMS2,P43246:181:N>H,0,0.09783139
train-clinvar+pg_dms__bilstm__seed44,PMS2,P43246:787:L>F,0,0.4832446
train-clinvar+pg_dms__bilstm__seed44,PMS2,P43246:228:K>R,0,0.0260716
train-clinvar+pg_dms__bilstm__seed44,PMS2,P43246:310:L>H,0,0.80174696
train-clinvar+pg_dms__bilstm__seed44,PMS2,P43246:37:F>C,0,0.5042906
train-clinvar+pg_dms__bilstm__seed44,PMS2,P43246:831:A>G,0,0.123852395
train-clinvar+pg_dms__bilstm__seed44,PMS2,P43246:16:E>K,0,0.36243123
train-clinvar+pg_dms__bilstm__seed44,PMS2,P43246:4:Q>R,0,0.2594579
train-clinvar+pg_dms__bilstm__seed44,PMS2,P43246:2:A>K,0,0.5739131
train-clinvar+pg_dms__bilstm__seed44,PMS2,P43246:2:A>L,0,0.50595164
train-clinvar+pg_dms__bilstm__seed44,PMS2,P43246:2:A>M,0,0.5848872
train-clinvar+pg_dms__bilstm__seed44,PMS2,P43246:2:A>N,0,0.4915827
train-clinvar+pg_dms__bilstm__seed44,PMS2,P43246:2:A>P,0,0.52175075
train-clinvar+pg_dms__bilstm__seed44,PMS2,P43246:2:A>G,0,0.35348877
train-clinvar+pg_dms__bilstm__seed44,PMS2,P43246:2:A>R,0,0.51669544
train-clinvar+pg_dms__bilstm__seed44,PMS2,P43246:2:A>I,0,0.5768517
train-clinvar+pg_dms__bilstm__seed44,PMS2,P43246:2:A>V,0,0.28542528
train-clinvar+pg_dms__bilstm__seed44,PMS2,P43246:2:A>Y,0,0.5200177
train-clinvar+pg_dms__bilstm__seed44,PMS2,P43246:2:A>Q,0,0.51072466
train-clinvar+pg_dms__bilstm__seed44,PMS2,P43246:2:A>S,0,0.30961287
train-clinvar+pg_dms__bilstm__seed44,PMS2,P43246:2:A>C,0,0.49382278
train-clinvar+pg_dms__bilstm__seed44,PMS2,P43246:2:A>F,0,0.4938091
train-clinvar+pg_dms__bilstm__seed44,PMS2,P43246:2:A>D,0,0.5918956
train-clinvar+pg_dms__bilstm__seed44,PMS2,P43246:2:A>H,0,0.5458208
train-clinvar+pg_dms__bilstm__seed44,PMS2,P43246:4:Q>H,0,0.38395688
train-clinvar+pg_dms__bilstm__seed44,PMS2,P43246:4:Q>D,0,0.5001174
train-clinvar+pg_dms__bilstm__seed44,PMS2,P43246:4:Q>G,0,0.25942287
train-clinvar+pg_dms__bilstm__seed44,PMS2,P43246:4:Q>W,0,0.5628752
train-clinvar+pg_dms__bilstm__seed44,PMS2,P43246:4:Q>Y,0,0.41380212
train-clinvar+pg_dms__bilstm__seed44,PMS2,P43246:4:Q>V,0,0.25630227
train-clinvar+pg_dms__bilstm__seed44,PMS2,P43246:4:Q>T,0,0.224521
train-clinvar+pg_dms__bilstm__seed44,PMS2,P43246:4:Q>C,0,0.40735683
train-clinvar+pg_dms__bilstm__seed44,PMS2,P43246:4:Q>A,0,0.19917363
train-clinvar+pg_dms__bilstm__seed44,PMS2,P43246:4:Q>K,0,0.3092845
train-clinvar+pg_dms__bilstm__seed44,PMS2,P43246:4:Q>L,0,0.27355787
train-clinvar+pg_dms__bilstm__seed44,PMS2,P43246:4:Q>M,0,0.39444545
train-clinvar+pg_dms__bilstm__seed44,PMS2,P43246:4:Q>P,0,0.29201436
train-clinvar+pg_dms__bilstm__seed44,PMS2,P43246:4:Q>S,0,0.1952995
train-clinvar+pg_dms__bilstm__seed44,PMS2,P43246:4:Q>I,0,0.3381104
train-clinvar+pg_dms__bilstm__seed44,PMS2,P43246:7:E>Y,0,0.39787835
train-clinvar+pg_dms__bilstm__seed44,PMS2,P43246:7:E>W,0,0.55585307
train-clinvar+pg_dms__bilstm__seed44,PMS2,P43246:7:E>V,0,0.35178816
train-clinvar+pg_dms__bilstm__seed44,PMS2,P43246:7:E>T,0,0.28348985
train-clinvar+pg_dms__bilstm__seed44,PMS2,P43246:7:E>R,0,0.34605074
train-clinvar+pg_dms__bilstm__seed44,PMS2,P43246:7:E>Q,0,0.20931499
train-clinvar+pg_dms__bilstm__seed44,PMS2,P43246:7:E>D,0,0.26028323
train-clinvar+pg_dms__bilstm__seed44,PMS2,P43246:7:E>H,0,0.40862855
train-clinvar+pg_dms__bilstm__seed44,PMS2,P43246:7:E>G,0,0.22250172
train-clinvar+pg_dms__bilstm__seed44,PMS2,P43246:7:E>I,0,0.40742302
train-clinvar+pg_dms__bilstm__seed44,PMS2,P43246:7:E>K,0,0.42300335
train-clinvar+pg_dms__bilstm__seed44,PMS2,P43246:7:E>L,0,0.40731695
train-clinvar+pg_dms__bilstm__seed44,PMS2,P43246:7:E>N,0,0.2803343
train-clinvar+pg_dms__bilstm__seed44,PMS2,P43246:7:E>C,0,0.37078974
train-clinvar+pg_dms__bilstm__seed44,PMS2,P43246:7:E>P,0,0.39668268
train-clinvar+pg_dms__bilstm__seed44,PMS2,P43246:7:E>F,0,0.38981304
train-clinvar+pg_dms__bilstm__seed44,PMS2,P43246:7:E>S,0,0.19870709
train-clinvar+pg_dms__bilstm__seed44,PMS2,P43246:7:E>A,0,0.20700303
train-clinvar+pg_dms__bilstm__seed44,PMS2,P43246:16:E>I,0,0.11406275
train-clinvar+pg_dms__bilstm__seed44,PMS2,P43246:16:E>H,0,0.16147034
train-clinvar+pg_dms__bilstm__seed44,PMS2,P43246:16:E>G,0,0.025319766
train-clinvar+pg_dms__bilstm__seed44,PMS2,P43246:16:E>A,0,0.09887321
train-clinvar+pg_dms__bilstm__seed44,PMS2,P43246:16:E>C,0,0.08224144
train-clinvar+pg_dms__bilstm__seed44,PMS2,P43246:16:E>F,0,0.09085364
train-clinvar+pg_dms__bilstm__seed44,PMS2,P43246:16:E>L,0,0.13250016
train-clinvar+pg_dms__bilstm__seed44,PMS2,P43246:16:E>M,0,0.36428076
train-clinvar+pg_dms__bilstm__seed44,PMS2,P43246:16:E>S,0,0.019483263
train-clinvar+pg_dms__bilstm__seed44,PMS2,P43246:16:E>Y,0,0.15316133
train-clinvar+pg_dms__bilstm__seed44,PMS2,P43246:16:E>W,0,0.36588943
train-clinvar+pg_dms__bilstm__seed44,PMS2,P43246:16:E>V,0,0.05387399
train-clinvar+pg_dms__bilstm__seed44,PMS2,P43246:16:E>T,0,0.034904756
train-clinvar+pg_dms__bilstm__seed44,PMS2,P43246:16:E>R,0,0.059768096
train-clinvar+pg_dms__bilstm__seed44,PMS2,P43246:16:E>Q,0,0.016812008
train-clinvar+pg_dms__bilstm__seed44,PMS2,P43246:16:E>P,0,0.33016804
train-clinvar+pg_dms__bilstm__seed44,PMS2,P43246:23:F>Q,0,0.38473788
train-clinvar+pg_dms__bilstm__seed44,PMS2,P43246:23:F>H,0,0.24600069
train-clinvar+pg_dms__bilstm__seed44,PMS2,P43246:23:F>G,0,0.44808584
train-clinvar+pg_dms__bilstm__seed44,PMS2,P43246:23:F>M,0,0.51238495
train-clinvar+pg_dms__bilstm__seed44,PMS2,P43246:23:F>P,0,0.74777496
train-clinvar+pg_dms__bilstm__seed44,PMS2,P43246:23:F>N,0,0.41268337
train-clinvar+pg_dms__bilstm__seed44,PMS2,P43246:23:F>R,0,0.42425203
train-clinvar+pg_dms__bilstm__seed44,PMS2,P43246:23:F>S,0,0.25483668
train-clinvar+pg_dms__bilstm__seed44,PMS2,P43246:23:F>A,0,0.34319296
train-clinvar+pg_dms__bilstm__seed44,PMS2,P43246:23:F>V,0,0.108781196
train-clinvar+pg_dms__bilstm__seed44,PMS2,P43246:23:F>E,0,0.5514851
train-clinvar+pg_dms__bilstm__seed44,PMS2,P43246:23:F>T,0,0.35558054
train-clinvar+pg_dms__bilstm__seed44,PMS2,P43246:23:F>L,0,0.30735657
train-clinvar+pg_dms__bilstm__seed44,PMS2,P43246:23:F>I,0,0.14784417
train-clinvar+pg_dms__bilstm__seed44,PMS2,P43246:23:F>W,0,0.44785342
train-clinvar+pg_dms__bilstm__seed44,PMS2,P43246:23:F>C,0,0.059424065
train-clinvar+pg_dms__bilstm__seed44,PMS2,P43246:23:F>Y,0,0.077261
train-clinvar+pg_dms__bilstm__seed44,PMS2,P43246:25:G>Y,0,0.114721745
train-clinvar+pg_dms__bilstm__seed44,PMS2,P43246:25:G>F,0,0.09658389
train-clinvar+pg_dms__bilstm__seed44,PMS2,P43246:25:G>A,0,0.10461837
train-clinvar+pg_dms__bilstm__seed44,PMS2,P43246:25:G>C,0,0.030560415
train-clinvar+pg_dms__bilstm__seed44,PMS2,P43246:25:G>D,0,0.16745606
train-clinvar+pg_dms__bilstm__seed44,PMS2,P43246:25:G>E,0,0.11464394
train-clinvar+pg_dms__bilstm__seed44,PMS2,P43246:25:G>H,0,0.11500089
train-clinvar+pg_dms__bilstm__seed44,PMS2,P43246:25:G>I,0,0.10379058
train-clinvar+pg_dms__bilstm__seed44,PMS2,P43246:25:G>M,0,0.2097776
train-clinvar+pg_dms__bilstm__seed44,PMS2,P43246:25:G>L,0,0.084256455
train-clinvar+pg_dms__bilstm__seed44,PMS2,P43246:25:G>P,1,0.48926654
train-clinvar+pg_dms__bilstm__seed44,PMS2,P43246:25:G>R,0,0.11628577
train-clinvar+pg_dms__bilstm__seed44,PMS2,P43246:25:G>S,1,0.031017823
train-clinvar+pg_dms__bilstm__seed44,PMS2,P43246:25:G>T,0,0.038360137
train-clinvar+pg_dms__bilstm__seed44,PMS2,P43246:25:G>V,0,0.06183887
train-clinvar+pg_dms__bilstm__seed44,PMS2,P43246:25:G>W,1,0.31944066
train-clinvar+pg_dms__bilstm__seed44,PMS2,P43246:25:G>N,0,0.044363983
train-clinvar+pg_dms__bilstm__seed44,PMS2,P43246:27:P>A,0,0.027752945
train-clinvar+pg_dms__bilstm__seed44,PMS2,P43246:27:P>C,0,0.0643003
train-clinvar+pg_dms__bilstm__seed44,PMS2,P43246:27:P>D,0,0.15037973
train-clinvar+pg_dms__bilstm__seed44,PMS2,P43246:27:P>F,0,0.09615034
train-clinvar+pg_dms__bilstm__seed44,PMS2,P43246:27:P>G,0,0.037192076
train-clinvar+pg_dms__bilstm__seed44,PMS2,P43246:27:P>M,0,0.14123413
train-clinvar+pg_dms__bilstm__seed44,PMS2,P43246:27:P>R,0,0.10955113
train-clinvar+pg_dms__bilstm__seed44,PMS2,P43246:27:P>S,0,0.053265993
train-clinvar+pg_dms__bilstm__seed44,PMS2,P43246:27:P>T,0,0.062432732
train-clinvar+pg_dms__bilstm__seed44,PMS2,P43246:27:P>V,0,0.055608205
train-clinvar+pg_dms__bilstm__seed44,PMS2,P43246:27:P>Y,0,0.12393809
train-clinvar+pg_dms__bilstm__seed44,PMS2,P43246:27:P>Q,0,0.06932392
train-clinvar+pg_dms__bilstm__seed44,PMS2,P43246:27:P>H,0,0.07220014
train-clinvar+pg_dms__bilstm__seed44,PMS2,P43246:27:P>N,0,0.054409288
train-clinvar+pg_dms__bilstm__seed44,PMS2,P43246:27:P>I,0,0.08738044
train-clinvar+pg_dms__bilstm__seed44,PMS2,P43246:27:P>L,0,0.094267845
train-clinvar+pg_dms__bilstm__seed44,PMS2,P43246:27:P>K,0,0.10594451
train-clinvar+pg_dms__bilstm__seed44,PMS2,P43246:37:F>A,0,0.6322464
train-clinvar+pg_dms__bilstm__seed44,PMS2,P43246:37:F>D,1,0.7863945
train-clinvar+pg_dms__bilstm__seed44,PMS2,P43246:37:F>T,1,0.6555036
train-clinvar+pg_dms__bilstm__seed44,PMS2,P43246:37:F>G,1,0.669962
train-clinvar+pg_dms__bilstm__seed44,PMS2,P43246:37:F>H,0,0.66384065
train-clinvar+pg_dms__bilstm__seed44,PMS2,P43246:37:F>I,0,0.6950122
train-clinvar+pg_dms__bilstm__seed44,PMS2,P43246:37:F>K,0,0.7350741
train-clinvar+pg_dms__bilstm__seed44,PMS2,P43246:37:F>M,0,0.7395662
train-clinvar+pg_dms__bilstm__seed44,PMS2,P43246:37:F>P,1,0.80925626
train-clinvar+pg_dms__bilstm__seed44,PMS2,P43246:37:F>S,1,0.78789103
train-clinvar+pg_dms__bilstm__seed44,PMS2,P43246:37:F>V,0,0.67631817
train-clinvar+pg_dms__bilstm__seed44,PMS2,P43246:37:F>W,0,0.6859256
train-clinvar+pg_dms__bilstm__seed44,PMS2,P43246:37:F>Y,0,0.47775328
train-clinvar+pg_dms__bilstm__seed44,PMS2,P43246:37:F>E,0,0.7181467
train-clinvar+pg_dms__bilstm__seed44,PMS2,P43246:37:F>L,0,0.79329014
train-clinvar+pg_dms__bilstm__seed44,PMS2,P43246:40:G>M,0,0.29220247
train-clinvar+pg_dms__bilstm__seed44,PMS2,P43246:40:G>C,0,0.018044664
train-clinvar+pg_dms__bilstm__seed44,PMS2,P43246:40:G>A,0,0.054634005
train-clinvar+pg_dms__bilstm__seed44,PMS2,P43246:40:G>H,0,0.1602045
train-clinvar+pg_dms__bilstm__seed44,PMS2,P43246:40:G>I,0,0.0906713
train-clinvar+pg_dms__bilstm__seed44,PMS2,P43246:40:G>K,0,0.32253918
train-clinvar+pg_dms__bilstm__seed44,PMS2,P43246:40:G>L,0,0.09720118
train-clinvar+pg_dms__bilstm__seed44,PMS2,P43246:40:G>N,0,0.039198294
train-clinvar+pg_dms__bilstm__seed44,PMS2,P43246:40:G>W,0,0.43195012
train-clinvar+pg_dms__bilstm__seed44,PMS2,P43246:40:G>Q,0,0.07143177
train-clinvar+pg_dms__bilstm__seed44,PMS2,P43246:40:G>R,0,0.16099763
train-clinvar+pg_dms__bilstm__seed44,PMS2,P43246:40:G>S,0,0.08135929
train-clinvar+pg_dms__bilstm__seed44,PMS2,P43246:40:G>T,0,0.034740083
train-clinvar+pg_dms__bilstm__seed44,PMS2,P43246:40:G>V,0,0.121122666
train-clinvar+pg_dms__bilstm__seed44,PMS2,P43246:40:G>Y,0,0.13665032
train-clinvar+pg_dms__bilstm__seed44,PMS2,P43246:40:G>F,0,0.09983176
train-clinvar+pg_dms__bilstm__seed44,PMS2,P43246:40:G>P,0,0.4391263
train-clinvar+pg_dms__bilstm__seed44,PMS2,P43246:40:G>D,0,0.28809822
train-clinvar+pg_dms__bilstm__seed44,PMS2,P43246:48:E>D,0,0.15487799
train-clinvar+pg_dms__bilstm__seed44,PMS2,P43246:48:E>F,0,0.08578368
train-clinvar+pg_dms__bilstm__seed44,PMS2,P43246:48:E>H,0,0.05985873
train-clinvar+pg_dms__bilstm__seed44,PMS2,P43246:48:E>I,0,0.046965685
train-clinvar+pg_dms__bilstm__seed44,PMS2,P43246:48:E>K,0,0.044843443
train-clinvar+pg_dms__bilstm__seed44,PMS2,P43246:48:E>L,0,0.058177423
train-clinvar+pg_dms__bilstm__seed44,PMS2,P43246:48:E>M,0,0.2541627
train-clinvar+pg_dms__bilstm__seed44,PMS2,P43246:48:E>Q,0,0.014166497
train-clinvar+pg_dms__bilstm__seed44,PMS2,P43246:48:E>N,0,0.023408076
train-clinvar+pg_dms__bilstm__seed44,PMS2,P43246:48:E>Y,0,0.08777099
train-clinvar+pg_dms__bilstm__seed44,PMS2,P43246:48:E>W,0,0.47463328
train-clinvar+pg_dms__bilstm__seed44,PMS2,P43246:48:E>V,0,0.039228085
train-clinvar+pg_dms__bilstm__seed44,PMS2,P43246:48:E>T,0,0.01849864
train-clinvar+pg_dms__bilstm__seed44,PMS2,P43246:48:E>S,0,0.01023857
train-clinvar+pg_dms__bilstm__seed44,PMS2,P43246:48:E>R,0,0.026963172
train-clinvar+pg_dms__bilstm__seed44,PMS2,P43246:48:E>G,0,0.022815071
train-clinvar+pg_dms__bilstm__seed44,PMS2,P43246:48:E>C,0,0.058408536
train-clinvar+pg_dms__bilstm__seed44,PMS2,P43246:48:E>P,0,0.07329194
train-clinvar+pg_dms__bilstm__seed44,PMS2,P43246:48:E>A,0,0.0151471235
train-clinvar+pg_dms__bilstm__seed44,PMS2,P43246:50:A>I,1,0.7136546
train-clinvar+pg_dms__bilstm__seed44,PMS2,P43246:50:A>E,0,0.8415294
train-clinvar+pg_dms__bilstm__seed44,PMS2,P43246:50:A>C,0,0.39873388
train-clinvar+pg_dms__bilstm__seed44,PMS2,P43246:50:A>V,0,0.8349196
train-clinvar+pg_dms__bilstm__seed44,PMS2,P43246:50:A>S,0,0.22716704
train-clinvar+pg_dms__bilstm__seed44,PMS2,P43246:50:A>R,0,0.79032505
train-clinvar+pg_dms__bilstm__seed44,PMS2,P43246:50:A>P,1,0.8896763
train-clinvar+pg_dms__bilstm__seed44,PMS2,P43246:50:A>W,1,0.69696665
train-clinvar+pg_dms__bilstm__seed44,PMS2,P43246:50:A>M,1,0.706857
train-clinvar+pg_dms__bilstm__seed44,PMS2,P43246:50:A>L,1,0.68337286
train-clinvar+pg_dms__bilstm__seed44,PMS2,P43246:50:A>K,0,0.73858356
train-clinvar+pg_dms__bilstm__seed44,PMS2,P43246:50:A>H,0,0.6835366
train-clinvar+pg_dms__bilstm__seed44,PMS2,P43246:50:A>G,0,0.2972356
train-clinvar+pg_dms__bilstm__seed44,PMS2,P43246:50:A>F,0,0.7070872
train-clinvar+pg_dms__bilstm__seed44,PMS2,P43246:50:A>N,1,0.7392978
train-clinvar+pg_dms__bilstm__seed44,PMS2,P43246:53:A>P,0,0.92732704
train-clinvar+pg_dms__bilstm__seed44,PMS2,P43246:53:A>T,0,0.43748346
train-clinvar+pg_dms__bilstm__seed44,PMS2,P43246:53:A>Y,0,0.8338157
train-clinvar+pg_dms__bilstm__seed44,PMS2,P43246:53:A>E,1,0.8649607
train-clinvar+pg_dms__bilstm__seed44,PMS2,P43246:53:A>F,0,0.7700641
train-clinvar+pg_dms__bilstm__seed44,PMS2,P43246:53:A>G,0,0.3457104
train-clinvar+pg_dms__bilstm__seed44,PMS2,P43246:53:A>C,0,0.2545634
train-clinvar+pg_dms__bilstm__seed44,PMS2,P43246:53:A>S,0,0.49803412
train-clinvar+pg_dms__bilstm__seed44,PMS2,P43246:53:A>D,1,0.9197908
train-clinvar+pg_dms__bilstm__seed44,PMS2,P43246:53:A>R,0,0.88007885
train-clinvar+pg_dms__bilstm__seed44,PMS2,P43246:53:A>I,0,0.3030835
train-clinvar+pg_dms__bilstm__seed44,PMS2,P43246:53:A>L,0,0.4227901
train-clinvar+pg_dms__bilstm__seed44,PMS2,P43246:53:A>M,0,0.6351848
train-clinvar+pg_dms__bilstm__seed44,PMS2,P43246:53:A>W,0,0.80454797
train-clinvar+pg_dms__bilstm__seed44,PMS2,P43246:60:T>C,0,0.14678746
train-clinvar+pg_dms__bilstm__seed44,PMS2,P43246:60:T>V,0,0.29192668
train-clinvar+pg_dms__bilstm__seed44,PMS2,P43246:60:T>S,0,0.051069345
train-clinvar+pg_dms__bilstm__seed44,PMS2,P43246:60:T>R,0,0.20076798
train-clinvar+pg_dms__bilstm__seed44,PMS2,P43246:60:T>P,1,0.49881715
train-clinvar+pg_dms__bilstm__seed44,PMS2,P43246:60:T>Y,0,0.22396028
train-clinvar+pg_dms__bilstm__seed44,PMS2,P43246:60:T>A,0,0.25206432
train-clinvar+pg_dms__bilstm__seed44,PMS2,P43246:60:T>N,0,0.17897353
train-clinvar+pg_dms__bilstm__seed44,PMS2,P43246:60:T>W,1,0.5120919
train-clinvar+pg_dms__bilstm__seed44,PMS2,P43246:60:T>L,0,0.3079715
train-clinvar+pg_dms__bilstm__seed44,PMS2,P43246:60:T>M,0,0.47813332
train-clinvar+pg_dms__bilstm__seed44,PMS2,P43246:60:T>F,0,0.16973765
train-clinvar+pg_dms__bilstm__seed44,PMS2,P43246:60:T>G,0,0.15208668
train-clinvar+pg_dms__bilstm__seed44,PMS2,P43246:60:T>H,0,0.25702152
train-clinvar+pg_dms__bilstm__seed44,PMS2,P43246:60:T>I,0,0.46745494
train-clinvar+pg_dms__bilstm__seed44,PMS2,P43246:64:I>Y,0,0.41938493
train-clinvar+pg_dms__bilstm__seed44,PMS2,P43246:64:I>W,1,0.54396266
train-clinvar+pg_dms__bilstm__seed44,PMS2,P43246:64:I>V,0,0.03280132
train-clinvar+pg_dms__bilstm__seed44,PMS2,P43246:64:I>T,0,0.22283156
train-clinvar+pg_dms__bilstm__seed44,PMS2,P43246:64:I>S,0,0.30304733
train-clinvar+pg_dms__bilstm__seed44,PMS2,P43246:64:I>R,0,0.43287444
train-clinvar+pg_dms__bilstm__seed44,PMS2,P43246:64:I>Q,0,0.42625418
train-clinvar+pg_dms__bilstm__seed44,PMS2,P43246:64:I>N,0,0.42155212
train-clinvar+pg_dms__bilstm__seed44,PMS2,P43246:64:I>M,0,0.23302023
train-clinvar+pg_dms__bilstm__seed44,PMS2,P43246:64:I>L,0,0.04122662
train-clinvar+pg_dms__bilstm__seed44,PMS2,P43246:64:I>K,0,0.48810348
train-clinvar+pg_dms__bilstm__seed44,PMS2,P43246:64:I>F,0,0.16200112
train-clinvar+pg_dms__bilstm__seed44,PMS2,P43246:64:I>E,1,0.54966235
train-clinvar+pg_dms__bilstm__seed44,PMS2,P43246:64:I>D,0,0.642315
train-clinvar+pg_dms__bilstm__seed44,PMS2,P43246:64:I>C,0,0.18270284
train-clinvar+pg_dms__bilstm__seed44,PMS2,P43246:64:I>A,0,0.27972147
train-clinvar+pg_dms__bilstm__seed44,PMS2,P43246:64:I>P,1,0.7254276
train-clinvar+pg_dms__bilstm__seed44,PMS2,P43246:64:I>G,0,0.37706476
train-clinvar+pg_dms__bilstm__seed44,PMS2,P43246:80:L>C,0,0.6377397
train-clinvar+pg_dms__bilstm__seed44,PMS2,P43246:80:L>F,0,0.4006514
train-clinvar+pg_dms__bilstm__seed44,PMS2,P43246:80:L>A,0,0.7861536
train-clinvar+pg_dms__bilstm__seed44,PMS2,P43246:80:L>G,0,0.7803416
train-clinvar+pg_dms__bilstm__seed44,PMS2,P43246:80:L>I,0,0.12716183
train-clinvar+pg_dms__bilstm__seed44,PMS2,P43246:80:L>K,0,0.8617436
train-clinvar+pg_dms__bilstm__seed44,PMS2,P43246:80:L>M,0,0.2264658
train-clinvar+pg_dms__bilstm__seed44,PMS2,P43246:80:L>N,1,0.85632616
train-clinvar+pg_dms__bilstm__seed44,PMS2,P43246:80:L>P,1,0.93990636
train-clinvar+pg_dms__bilstm__seed44,PMS2,P43246:80:L>E,1,0.8811402
train-clinvar+pg_dms__bilstm__seed44,PMS2,P43246:80:L>R,1,0.87682927
train-clinvar+pg_dms__bilstm__seed44,PMS2,P43246:80:L>S,0,0.82904285
train-clinvar+pg_dms__bilstm__seed44,PMS2,P43246:80:L>T,0,0.7907276
train-clinvar+pg_dms__bilstm__seed44,PMS2,P43246:80:L>W,0,0.8099604
train-clinvar+pg_dms__bilstm__seed44,PMS2,P43246:80:L>Q,0,0.8468868
train-clinvar+pg_dms__bilstm__seed44,PMS2,P43246:88:F>C,0,0.26245257
train-clinvar+pg_dms__bilstm__seed44,PMS2,P43246:88:F>Y,0,0.2637815
train-clinvar+pg_dms__bilstm__seed44,PMS2,P43246:88:F>W,0,0.5387895
train-clinvar+pg_dms__bilstm__seed44,PMS2,P43246:88:F>V,0,0.278069
train-clinvar+pg_dms__bilstm__seed44,PMS2,P43246:88:F>T,0,0.46985164
train-clinvar+pg_dms__bilstm__seed44,PMS2,P43246:88:F>D,1,0.79445106
train-clinvar+pg_dms__bilstm__seed44,PMS2,P43246:88:F>R,0,0.73856944
train-clinvar+pg_dms__bilstm__seed44,PMS2,P43246:88:F>S,0,0.6317874
train-clinvar+pg_dms__bilstm__seed44,PMS2,P43246:88:F>G,0,0.58787805
train-clinvar+pg_dms__bilstm__seed44,PMS2,P43246:88:F>H,0,0.618494
train-clinvar+pg_dms__bilstm__seed44,PMS2,P43246:88:F>I,0,0.3598658
train-clinvar+pg_dms__bilstm__seed44,PMS2,P43246:88:F>K,0,0.7161984
train-clinvar+pg_dms__bilstm__seed44,PMS2,P43246:88:F>L,0,0.46703836
train-clinvar+pg_dms__bilstm__seed44,PMS2,P43246:88:F>A,0,0.51271033
train-clinvar+pg_dms__bilstm__seed44,PMS2,P43246:88:F>P,0,0.88450634
train-clinvar+pg_dms__bilstm__seed44,PMS2,P43246:88:F>Q,0,0.6626729
train-clinvar+pg_dms__bilstm__seed44,PMS2,P43246:88:F>M,0,0.51260424
train-clinvar+pg_dms__bilstm__seed44,PMS2,P43246:91:D>A,0,0.019151242
train-clinvar+pg_dms__bilstm__seed44,PMS2,P43246:91:D>C,0,0.025983261
train-clinvar+pg_dms__bilstm__seed44,PMS2,P43246:91:D>H,0,0.04484302
train-clinvar+pg_dms__bilstm__seed44,PMS2,P43246:91:D>I,0,0.05623264
train-clinvar+pg_dms__bilstm__seed44,PMS2,P43246:91:D>K,0,0.085671455
train-clinvar+pg_dms__bilstm__seed44,PMS2,P43246:91:D>L,0,0.06697303
train-clinvar+pg_dms__bilstm__seed44,PMS2,P43246:91:D>W,0,0.21907432
train-clinvar+pg_dms__bilstm__seed44,PMS2,P43246:91:D>P,0,0.19402017
train-clinvar+pg_dms__bilstm__seed44,PMS2,P43246:91:D>Q,0,0.026254611
train-clinvar+pg_dms__bilstm__seed44,PMS2,P43246:91:D>R,0,0.034788657
train-clinvar+pg_dms__bilstm__seed44,PMS2,P43246:91:D>S,0,0.00772844
train-clinvar+pg_dms__bilstm__seed44,PMS2,P43246:91:D>T,0,0.025340721
train-clinvar+pg_dms__bilstm__seed44,PMS2,P43246:91:D>V,0,0.22985949
train-clinvar+pg_dms__bilstm__seed44,PMS2,P43246:91:D>M,0,0.21151736
train-clinvar+pg_dms__bilstm__seed44,PMS2,P43246:93:L>P,0,0.763112
train-clinvar+pg_dms__bilstm__seed44,PMS2,P43246:93:L>W,0,0.54694444
train-clinvar+pg_dms__bilstm__seed44,PMS2,P43246:93:L>S,0,0.48950762
train-clinvar+pg_dms__bilstm__seed44,PMS2,P43246:93:L>R,1,0.5334064
train-clinvar+pg_dms__bilstm__seed44,PMS2,P43246:93:L>N,1,0.5218818
train-clinvar+pg_dms__bilstm__seed44,PMS2,P43246:93:L>T,0,0.44142205
train-clinvar+pg_dms__bilstm__seed44,PMS2,P43246:93:L>K,1,0.5603677
train-clinvar+pg_dms__bilstm__seed44,PMS2,P43246:93:L>I,0,0.110393606
train-clinvar+pg_dms__bilstm__seed44,PMS2,P43246:93:L>H,0,0.48608083
train-clinvar+pg_dms__bilstm__seed44,PMS2,P43246:93:L>G,0,0.45384377
train-clinvar+pg_dms__bilstm__seed44,PMS2,P43246:93:L>A,0,0.4149479
train-clinvar+pg_dms__bilstm__seed44,PMS2,P43246:93:L>E,0,0.59137017
train-clinvar+pg_dms__bilstm__seed44,PMS2,P43246:93:L>C,0,0.32701766
train-clinvar+pg_dms__bilstm__seed44,PMS2,P43246:93:L>M,0,0.40481535
train-clinvar+pg_dms__bilstm__seed44,PMS2,P43246:96:R>W,0,0.21681184
train-clinvar+pg_dms__bilstm__seed44,PMS2,P43246:96:R>G,0,0.0912091
train-clinvar+pg_dms__bilstm__seed44,PMS2,P43246:96:R>A,0,0.116781294
train-clinvar+pg_dms__bilstm__seed44,PMS2,P43246:96:R>C,0,0.14312725
train-clinvar+pg_dms__bilstm__seed44,PMS2,P43246:96:R>D,0,0.300744
train-clinvar+pg_dms__bilstm__seed44,PMS2,P43246:96:R>E,0,0.1583805
train-clinvar+pg_dms__bilstm__seed44,PMS2,P43246:96:R>F,0,0.094743386
train-clinvar+pg_dms__bilstm__seed44,PMS2,P43246:96:R>I,0,0.17825505
train-clinvar+pg_dms__bilstm__seed44,PMS2,P43246:96:R>K,0,0.029326765
train-clinvar+pg_dms__bilstm__seed44,PMS2,P43246:96:R>Y,0,0.09814346
train-clinvar+pg_dms__bilstm__seed44,PMS2,P43246:96:R>M,0,0.2759482
train-clinvar+pg_dms__bilstm__seed44,PMS2,P43246:96:R>N,0,0.14434963
train-clinvar+pg_dms__bilstm__seed44,PMS2,P43246:96:R>Q,0,0.023206992
train-clinvar+pg_dms__bilstm__seed44,PMS2,P43246:96:R>S,0,0.09872479
train-clinvar+pg_dms__bilstm__seed44,PMS2,P43246:96:R>T,0,0.16453886
train-clinvar+pg_dms__bilstm__seed44,PMS2,P43246:96:R>V,0,0.18730614
train-clinvar+pg_dms__bilstm__seed44,PMS2,P43246:97:Q>P,0,0.20598061
train-clinvar+pg_dms__bilstm__seed44,PMS2,P43246:97:Q>Y,0,0.09950027
train-clinvar+pg_dms__bilstm__seed44,PMS2,P43246:97:Q>W,0,0.34658858
train-clinvar+pg_dms__bilstm__seed44,PMS2,P43246:97:Q>V,0,0.12649354
train-clinvar+pg_dms__bilstm__seed44,PMS2,P43246:97:Q>T,0,0.06874805
train-clinvar+pg_dms__bilstm__seed44,PMS2,P43246:97:Q>S,0,0.018897008
train-clinvar+pg_dms__bilstm__seed44,PMS2,P43246:97:Q>R,0,0.018403767
train-clinvar+pg_dms__bilstm__seed44,PMS2,P43246:97:Q>N,0,0.035917673
train-clinvar+pg_dms__bilstm__seed44,PMS2,P43246:97:Q>D,0,0.22553457
train-clinvar+pg_dms__bilstm__seed44,PMS2,P43246:97:Q>L,0,0.052462727
train-clinvar+pg_dms__bilstm__seed44,PMS2,P43246:97:Q>K,0,0.041450817
train-clinvar+pg_dms__bilstm__seed44,PMS2,P43246:97:Q>I,0,0.18773024
train-clinvar+pg_dms__bilstm__seed44,PMS2,P43246:97:Q>G,0,0.030335661
train-clinvar+pg_dms__bilstm__seed44,PMS2,P43246:97:Q>F,0,0.11360547
train-clinvar+pg_dms__bilstm__seed44,PMS2,P43246:97:Q>E,0,0.13162318
train-clinvar+pg_dms__bilstm__seed44,PMS2,P43246:97:Q>C,0,0.06727134
train-clinvar+pg_dms__bilstm__seed44,PMS2,P43246:97:Q>A,0,0.025662163
train-clinvar+pg_dms__bilstm__seed44,PMS2,P43246:97:Q>M,0,0.22687866
train-clinvar+pg_dms__bilstm__seed44,PMS2,P43246:99:R>Y,0,0.51785064
train-clinvar+pg_dms__bilstm__seed44,PMS2,P43246:99:R>W,0,0.5912897
train-clinvar+pg_dms__bilstm__seed44,PMS2,P43246:99:R>V,1,0.55453396
train-clinvar+pg_dms__bilstm__seed44,PMS2,P43246:99:R>T,1,0.4951934
train-clinvar+pg_dms__bilstm__seed44,PMS2,P43246:99:R>Q,0,0.34905812
train-clinvar+pg_dms__bilstm__seed44,PMS2,P43246:99:R>P,0,0.7381343
train-clinvar+pg_dms__bilstm__seed44,PMS2,P43246:99:R>M,0,0.61397016
train-clinvar+pg_dms__bilstm__seed44,PMS2,P43246:99:R>L,0,0.5258596
train-clinvar+pg_dms__bilstm__seed44,PMS2,P43246:99:R>K,0,0.30560455
train-clinvar+pg_dms__bilstm__seed44,PMS2,P43246:99:R>I,0,0.56618345
train-clinvar+pg_dms__bilstm__seed44,PMS2,P43246:99:R>G,0,0.5060934
train-clinvar+pg_dms__bilstm__seed44,PMS2,P43246:99:R>F,1,0.46256465
train-clinvar+pg_dms__bilstm__seed44,PMS2,P43246:99:R>C,0,0.32448626
train-clinvar+pg_dms__bilstm__seed44,PMS2,P43246:99:R>A,0,0.4846047
train-clinvar+pg_dms__bilstm__seed44,PMS2,P43246:107:A>C,0,0.01583193
train-clinvar+pg_dms__bilstm__seed44,PMS2,P43246:107:A>T,0,0.014623481
train-clinvar+pg_dms__bilstm__seed44,PMS2,P43246:107:A>Y,0,0.050488804
train-clinvar+pg_dms__bilstm__seed44,PMS2,P43246:107:A>S,0,0.007454851
train-clinvar+pg_dms__bilstm__seed44,PMS2,P43246:107:A>R,0,0.09477208
train-clinvar+pg_dms__bilstm__seed44,PMS2,P43246:107:A>Q,0,0.03267957
train-clinvar+pg_dms__bilstm__seed44,PMS2,P43246:107:A>N,0,0.018919423
train-clinvar+pg_dms__bilstm__seed44,PMS2,P43246:107:A>M,0,0.08313964
train-clinvar+pg_dms__bilstm__seed44,PMS2,P43246:107:A>P,0,0.17193343
train-clinvar+pg_dms__bilstm__seed44,PMS2,P43246:107:A>K,0,0.19053999
train-clinvar+pg_dms__bilstm__seed44,PMS2,P43246:107:A>I,0,0.025787042
train-clinvar+pg_dms__bilstm__seed44,PMS2,P43246:107:A>H,0,0.08197518
train-clinvar+pg_dms__bilstm__seed44,PMS2,P43246:107:A>G,0,0.065740325
train-clinvar+pg_dms__bilstm__seed44,PMS2,P43246:107:A>E,0,0.12536058
train-clinvar+pg_dms__bilstm__seed44,PMS2,P43246:107:A>L,0,0.02392931
train-clinvar+pg_dms__bilstm__seed44,PMS2,P43246:142:S>R,0,0.3081315
train-clinvar+pg_dms__bilstm__seed44,PMS2,P43246:142:S>D,0,0.29340395
train-clinvar+pg_dms__bilstm__seed44,PMS2,P43246:142:S>W,0,0.2998605
train-clinvar+pg_dms__bilstm__seed44,PMS2,P43246:142:S>V,0,0.10884295
train-clinvar+pg_dms__bilstm__seed44,PMS2,P43246:142:S>T,0,0.09264821
train-clinvar+pg_dms__bilstm__seed44,PMS2,P43246:142:S>E,0,0.25555578
train-clinvar+pg_dms__bilstm__seed44,PMS2,P43246:142:S>F,0,0.10078211
train-clinvar+pg_dms__bilstm__seed44,PMS2,P43246:142:S>G,0,0.07431012
train-clinvar+pg_dms__bilstm__seed44,PMS2,P43246:142:S>I,0,0.12859003
train-clinvar+pg_dms__bilstm__seed44,PMS2,P43246:142:S>K,0,0.35445487
train-clinvar+pg_dms__bilstm__seed44,PMS2,P43246:142:S>L,0,0.11566984
train-clinvar+pg_dms__bilstm__seed44,PMS2,P43246:142:S>M,0,0.17935167
train-clinvar+pg_dms__bilstm__seed44,PMS2,P43246:142:S>N,0,0.104116075
train-clinvar+pg_dms__bilstm__seed44,PMS2,P43246:142:S>P,0,0.15313852
train-clinvar+pg_dms__bilstm__seed44,PMS2,P43246:142:S>Q,0,0.19112992
train-clinvar+pg_dms__bilstm__seed44,PMS2,P43246:142:S>C,0,0.06495991
train-clinvar+pg_dms__bilstm__seed44,PMS2,P43246:142:S>H,0,0.20128946
train-clinvar+pg_dms__bilstm__seed44,PMS2,P43246:146:G>Q,0,0.6534145
train-clinvar+pg_dms__bilstm__seed44,PMS2,P43246:146:G>R,0,0.7109662
train-clinvar+pg_dms__bilstm__seed44,PMS2,P43246:146:G>Y,0,0.67827684
train-clinvar+pg_dms__bilstm__seed44,PMS2,P43246:146:G>S,0,0.15662886
train-clinvar+pg_dms__bilstm__seed44,PMS2,P43246:146:G>T,0,0.09216335
train-clinvar+pg_dms__bilstm__seed44,PMS2,P43246:146:G>N,0,0.5577299
train-clinvar+pg_dms__bilstm__seed44,PMS2,P43246:146:G>M,0,0.65804744
train-clinvar+pg_dms__bilstm__seed44,PMS2,P43246:146:G>L,0,0.512884
train-clinvar+pg_dms__bilstm__seed44,PMS2,P43246:146:G>K,0,0.8533222
train-clinvar+pg_dms__bilstm__seed44,PMS2,P43246:146:G>I,0,0.32104024
train-clinvar+pg_dms__bilstm__seed44,PMS2,P43246:146:G>P,0,0.9176833
train-clinvar+pg_dms__bilstm__seed44,PMS2,P43246:146:G>W,0,0.7007478
train-clinvar+pg_dms__bilstm__seed44,PMS2,P43246:146:G>V,0,0.43212128
train-clinvar+pg_dms__bilstm__seed44,PMS2,P43246:146:G>E,0,0.7885204
train-clinvar+pg_dms__bilstm__seed44,PMS2,P43246:146:G>A,0,0.050618164
train-clinvar+pg_dms__bilstm__seed44,PMS2,P43246:146:G>C,0,0.058823742
train-clinvar+pg_dms__bilstm__seed44,PMS2,P43246:146:G>D,0,0.84570336
train-clinvar+pg_dms__bilstm__seed44,PMS2,P43246:146:G>F,0,0.56859136
train-clinvar+pg_dms__bilstm__seed44,PMS2,P43246:146:G>H,0,0.7375104
train-clinvar+pg_dms__bilstm__seed44,PMS2,P43246:151:K>V,0,0.66518563
train-clinvar+pg_dms__bilstm__seed44,PMS2,P43246:151:K>W,0,0.79054075
train-clinvar+pg_dms__bilstm__seed44,PMS2,P43246:151:K>C,0,0.5436408
train-clinvar+pg_dms__bilstm__seed44,PMS2,P43246:151:K>R,0,0.18237522
train-clinvar+pg_dms__bilstm__seed44,PMS2,P43246:151:K>A,0,0.7424502
train-clinvar+pg_dms__bilstm__seed44,PMS2,P43246:151:K>D,0,0.9411765
train-clinvar+pg_dms__bilstm__seed44,PMS2,P43246:151:K>F,0,0.8698253
train-clinvar+pg_dms__bilstm__seed44,PMS2,P43246:151:K>G,0,0.7138507
train-clinvar+pg_dms__bilstm__seed44,PMS2,P43246:151:K>H,0,0.29596394
train-clinvar+pg_dms__bilstm__seed44,PMS2,P43246:151:K>I,0,0.7726841
train-clinvar+pg_dms__bilstm__seed44,PMS2,P43246:151:K>L,0,0.6842942
train-clinvar+pg_dms__bilstm__seed44,PMS2,P43246:151:K>S,0,0.7551615
train-clinvar+pg_dms__bilstm__seed44,PMS2,P43246:151:K>M,0,0.6307156
train-clinvar+pg_dms__bilstm__seed44,PMS2,P43246:151:K>Y,0,0.79377466
train-clinvar+pg_dms__bilstm__seed44,PMS2,P43246:151:K>N,0,0.8482787
train-clinvar+pg_dms__bilstm__seed44,PMS2,P43246:151:K>P,1,0.9639168
train-clinvar+pg_dms__bilstm__seed44,PMS2,P43246:151:K>Q,0,0.17413111
train-clinvar+pg_dms__bilstm__seed44,PMS2,P43246:158:Q>C,0,0.041821945
train-clinvar+pg_dms__bilstm__seed44,PMS2,P43246:158:Q>A,0,0.02816712
train-clinvar+pg_dms__bilstm__seed44,PMS2,P43246:158:Q>H,0,0.048951052
train-clinvar+pg_dms__bilstm__seed44,PMS2,P43246:158:Q>W,0,0.30621094
train-clinvar+pg_dms__bilstm__seed44,PMS2,P43246:158:Q>D,0,0.1769933
train-clinvar+pg_dms__bilstm__seed44,PMS2,P43246:158:Q>I,0,0.054719415
train-clinvar+pg_dms__bilstm__seed44,PMS2,P43246:158:Q>Y,0,0.061280597
train-clinvar+pg_dms__bilstm__seed44,PMS2,P43246:158:Q>K,0,0.04926729
train-clinvar+pg_dms__bilstm__seed44,PMS2,P43246:158:Q>P,0,0.13278143
train-clinvar+pg_dms__bilstm__seed44,PMS2,P43246:158:Q>E,0,0.09157433
train-clinvar+pg_dms__bilstm__seed44,PMS2,P43246:158:Q>F,0,0.05141322
train-clinvar+pg_dms__bilstm__seed44,PMS2,P43246:158:Q>G,0,0.042433918
train-clinvar+pg_dms__bilstm__seed44,PMS2,P43246:158:Q>L,0,0.04677106
train-clinvar+pg_dms__bilstm__seed44,PMS2,P43246:158:Q>M,0,0.19943474
train-clinvar+pg_dms__bilstm__seed44,PMS2,P43246:158:Q>S,0,0.02510187
train-clinvar+pg_dms__bilstm__seed44,PMS2,P43246:158:Q>T,0,0.03886528
train-clinvar+pg_dms__bilstm__seed44,PMS2,P43246:158:Q>V,0,0.051419653
train-clinvar+pg_dms__bilstm__seed44,PMS2,P43246:165:Y>A,0,0.79449916
train-clinvar+pg_dms__bilstm__seed44,PMS2,P43246:165:Y>W,0,0.5584617
train-clinvar+pg_dms__bilstm__seed44,PMS2,P43246:165:Y>V,0,0.51078403
train-clinvar+pg_dms__bilstm__seed44,PMS2,P43246:165:Y>T,0,0.7474849
train-clinvar+pg_dms__bilstm__seed44,PMS2,P43246:165:Y>S,0,0.53486615
train-clinvar+pg_dms__bilstm__seed44,PMS2,P43246:165:Y>R,1,0.92454016
train-clinvar+pg_dms__bilstm__seed44,PMS2,P43246:165:Y>P,1,0.9741114
train-clinvar+pg_dms__bilstm__seed44,PMS2,P43246:165:Y>L,0,0.6733446
train-clinvar+pg_dms__bilstm__seed44,PMS2,P43246:165:Y>K,1,0.9399998
train-clinvar+pg_dms__bilstm__seed44,PMS2,P43246:165:Y>I,0,0.63564706
train-clinvar+pg_dms__bilstm__seed44,PMS2,P43246:165:Y>H,0,0.5524157
train-clinvar+pg_dms__bilstm__seed44,PMS2,P43246:165:Y>G,0,0.78704387
train-clinvar+pg_dms__bilstm__seed44,PMS2,P43246:165:Y>F,0,0.21862546
train-clinvar+pg_dms__bilstm__seed44,PMS2,P43246:165:Y>E,1,0.9450914
train-clinvar+pg_dms__bilstm__seed44,PMS2,P43246:165:Y>M,0,0.8047137
train-clinvar+pg_dms__bilstm__seed44,PMS2,P43246:171:R>W,0,0.34307826
train-clinvar+pg_dms__bilstm__seed44,PMS2,P43246:171:R>V,0,0.48533782
train-clinvar+pg_dms__bilstm__seed44,PMS2,P43246:171:R>T,0,0.5481876
train-clinvar+pg_dms__bilstm__seed44,PMS2,P43246:171:R>Y,0,0.21257448
train-clinvar+pg_dms__bilstm__seed44,PMS2,P43246:171:R>A,0,0.30445236
train-clinvar+pg_dms__bilstm__seed44,PMS2,P43246:171:R>E,0,0.4004127
train-clinvar+pg_dms__bilstm__seed44,PMS2,P43246:171:R>F,0,0.24618205
train-clinvar+pg_dms__bilstm__seed44,PMS2,P43246:171:R>G,0,0.13575071
train-clinvar+pg_dms__bilstm__seed44,PMS2,P43246:171:R>C,0,0.03106651
train-clinvar+pg_dms__bilstm__seed44,PMS2,P43246:171:R>I,1,0.4835433
train-clinvar+pg_dms__bilstm__seed44,PMS2,P43246:171:R>S,0,0.36765134
train-clinvar+pg_dms__bilstm__seed44,PMS2,P43246:171:R>P,0,0.820771
train-clinvar+pg_dms__bilstm__seed44,PMS2,P43246:171:R>N,0,0.41288167
train-clinvar+pg_dms__bilstm__seed44,PMS2,P43246:171:R>M,0,0.634965
train-clinvar+pg_dms__bilstm__seed44,PMS2,P43246:171:R>L,0,0.30014804
train-clinvar+pg_dms__bilstm__seed44,PMS2,P43246:171:R>K,0,0.13936816
train-clinvar+pg_dms__bilstm__seed44,PMS2,P43246:171:R>H,0,0.080834776
train-clinvar+pg_dms__bilstm__seed44,PMS2,P43246:177:E>A,0,0.042651378
train-clinvar+pg_dms__bilstm__seed44,PMS2,P43246:177:E>C,0,0.30216083
train-clinvar+pg_dms__bilstm__seed44,PMS2,P43246:177:E>N,1,0.11651897
train-clinvar+pg_dms__bilstm__seed44,PMS2,P43246:177:E>P,0,0.85556126
train-clinvar+pg_dms__bilstm__seed44,PMS2,P43246:177:E>Q,0,0.03138933
train-clinvar+pg_dms__bilstm__seed44,PMS2,P43246:177:E>R,0,0.2534989
train-clinvar+pg_dms__bilstm__seed44,PMS2,P43246:177:E>M,0,0.47999787
train-clinvar+pg_dms__bilstm__seed44,PMS2,P43246:177:E>W,0,0.75039923
train-clinvar+pg_dms__bilstm__seed44,PMS2,P43246:177:E>Y,0,0.5621044
train-clinvar+pg_dms__bilstm__seed44,PMS2,P43246:177:E>H,0,0.32476297
train-clinvar+pg_dms__bilstm__seed44,PMS2,P43246:177:E>I,0,0.26155198
train-clinvar+pg_dms__bilstm__seed44,PMS2,P43246:177:E>L,0,0.38582504
train-clinvar+pg_dms__bilstm__seed44,PMS2,P43246:177:E>S,0,0.033597082
train-clinvar+pg_dms__bilstm__seed44,PMS2,P43246:177:E>T,0,0.06940634
train-clinvar+pg_dms__bilstm__seed44,PMS2,P43246:178:F>C,1,0.47078767
train-clinvar+pg_dms__bilstm__seed44,PMS2,P43246:178:F>D,1,0.7783959
train-clinvar+pg_dms__bilstm__seed44,PMS2,P43246:178:F>E,1,0.72762465
train-clinvar+pg_dms__bilstm__seed44,PMS2,P43246:178:F>G,1,0.638705
train-clinvar+pg_dms__bilstm__seed44,PMS2,P43246:178:F>I,0,0.37149972
train-clinvar+pg_dms__bilstm__seed44,PMS2,P43246:178:F>K,1,0.7412683
train-clinvar+pg_dms__bilstm__seed44,PMS2,P43246:178:F>W,0,0.6793359
train-clinvar+pg_dms__bilstm__seed44,PMS2,P43246:178:F>V,0,0.47549593
train-clinvar+pg_dms__bilstm__seed44,PMS2,P43246:178:F>T,1,0.5963268
train-clinvar+pg_dms__bilstm__seed44,PMS2,P43246:178:F>S,1,0.6166033
train-clinvar+pg_dms__bilstm__seed44,PMS2,P43246:178:F>R,1,0.6845075
train-clinvar+pg_dms__bilstm__seed44,PMS2,P43246:178:F>P,1,0.8417247
train-clinvar+pg_dms__bilstm__seed44,PMS2,P43246:178:F>N,1,0.6571969
train-clinvar+pg_dms__bilstm__seed44,PMS2,P43246:178:F>M,0,0.668006
train-clinvar+pg_dms__bilstm__seed44,PMS2,P43246:178:F>A,1,0.6387353
train-clinvar+pg_dms__bilstm__seed44,PMS2,P43246:178:F>Q,1,0.6031177
train-clinvar+pg_dms__bilstm__seed44,PMS2,P43246:181:N>Q,0,0.2808227
train-clinvar+pg_dms__bilstm__seed44,PMS2,P43246:181:N>M,0,0.468229
train-clinvar+pg_dms__bilstm__seed44,PMS2,P43246:181:N>L,0,0.19533366
train-clinvar+pg_dms__bilstm__seed44,PMS2,P43246:181:N>A,0,0.10194296
train-clinvar+pg_dms__bilstm__seed44,PMS2,P43246:181:N>C,0,0.056438375
train-clinvar+pg_dms__bilstm__seed44,PMS2,P43246:181:N>D,0,0.22586544
train-clinvar+pg_dms__bilstm__seed44,PMS2,P43246:181:N>I,0,0.28042418
train-clinvar+pg_dms__bilstm__seed44,PMS2,P43246:181:N>E,0,0.41959354
train-clinvar+pg_dms__bilstm__seed44,PMS2,P43246:181:N>F,0,0.28827718
train-clinvar+pg_dms__bilstm__seed44,PMS2,P43246:181:N>R,0,0.36510402
train-clinvar+pg_dms__bilstm__seed44,PMS2,P43246:181:N>S,0,0.028176356
train-clinvar+pg_dms__bilstm__seed44,PMS2,P43246:181:N>T,0,0.049998064
train-clinvar+pg_dms__bilstm__seed44,PMS2,P43246:181:N>V,0,0.20884341
train-clinvar+pg_dms__bilstm__seed44,PMS2,P43246:181:N>W,0,0.6636076
train-clinvar+pg_dms__bilstm__seed44,PMS2,P43246:181:N>Y,0,0.16941765
train-clinvar+pg_dms__bilstm__seed44,PMS2,P43246:181:N>G,0,0.07997913
train-clinvar+pg_dms__bilstm__seed44,PMS2,P43246:181:N>P,0,0.679724
train-clinvar+pg_dms__bilstm__seed44,PMS2,P43246:185:S>V,0,0.30239677
train-clinvar+pg_dms__bilstm__seed44,PMS2,P43246:185:S>T,0,0.082789354
train-clinvar+pg_dms__bilstm__seed44,PMS2,P43246:185:S>R,0,0.7899392
train-clinvar+pg_dms__bilstm__seed44,PMS2,P43246:185:S>Q,0,0.5881987
train-clinvar+pg_dms__bilstm__seed44,PMS2,P43246:185:S>P,0,0.6912326
train-clinvar+pg_dms__bilstm__seed44,PMS2,P43246:185:S>N,0,0.29785013
train-clinvar+pg_dms__bilstm__seed44,PMS2,P43246:185:S>M,0,0.57067966
train-clinvar+pg_dms__bilstm__seed44,PMS2,P43246:185:S>L,0,0.20573775
train-clinvar+pg_dms__bilstm__seed44,PMS2,P43246:185:S>Y,0,0.4369591
train-clinvar+pg_dms__bilstm__seed44,PMS2,P43246:185:S>H,0,0.5802849
train-clinvar+pg_dms__bilstm__seed44,PMS2,P43246:185:S>G,0,0.09396023
train-clinvar+pg_dms__bilstm__seed44,PMS2,P43246:185:S>D,0,0.8145631
train-clinvar+pg_dms__bilstm__seed44,PMS2,P43246:185:S>C,0,0.23574324
train-clinvar+pg_dms__bilstm__seed44,PMS2,P43246:185:S>A,0,0.05950439
train-clinvar+pg_dms__bilstm__seed44,PMS2,P43246:185:S>I,0,0.3694966
train-clinvar+pg_dms__bilstm__seed44,PMS2,P43246:185:S>W,0,0.6181476
train-clinvar+pg_dms__bilstm__seed44,PMS2,P43246:192:I>C,0,0.7539593
train-clinvar+pg_dms__bilstm__seed44,PMS2,P43246:192:I>Y,0,0.92009383
train-clinvar+pg_dms__bilstm__seed44,PMS2,P43246:192:I>W,0,0.92011255
train-clinvar+pg_dms__bilstm__seed44,PMS2,P43246:192:I>V,0,0.180397
train-clinvar+pg_dms__bilstm__seed44,PMS2,P43246:192:I>T,0,0.8230558
train-clinvar+pg_dms__bilstm__seed44,PMS2,P43246:192:I>S,0,0.81359065
train-clinvar+pg_dms__bilstm__seed44,PMS2,P43246:192:I>R,0,0.97993684
train-clinvar+pg_dms__bilstm__seed44,PMS2,P43246:192:I>Q,0,0.948268
train-clinvar+pg_dms__bilstm__seed44,PMS2,P43246:192:I>P,0,0.9888116
train-clinvar+pg_dms__bilstm__seed44,PMS2,P43246:192:I>N,0,0.8898902
train-clinvar+pg_dms__bilstm__seed44,PMS2,P43246:192:I>M,0,0.6394863
train-clinvar+pg_dms__bilstm__seed44,PMS2,P43246:192:I>L,0,0.25331149
train-clinvar+pg_dms__bilstm__seed44,PMS2,P43246:192:I>K,0,0.9736192
train-clinvar+pg_dms__bilstm__seed44,PMS2,P43246:192:I>H,0,0.93722594
train-clinvar+pg_dms__bilstm__seed44,PMS2,P43246:192:I>G,0,0.92075455
train-clinvar+pg_dms__bilstm__seed44,PMS2,P43246:192:I>F,0,0.67476326
train-clinvar+pg_dms__bilstm__seed44,PMS2,P43246:192:I>E,0,0.96968865
train-clinvar+pg_dms__bilstm__seed44,PMS2,P43246:192:I>D,0,0.98216176
train-clinvar+pg_dms__bilstm__seed44,PMS2,P43246:192:I>A,0,0.80687577
train-clinvar+pg_dms__bilstm__seed44,PMS2,P43246:193:Q>C,0,0.8463708
train-clinvar+pg_dms__bilstm__seed44,PMS2,P43246:193:Q>D,0,0.969577
train-clinvar+pg_dms__bilstm__seed44,PMS2,P43246:193:Q>R,0,0.6789546
train-clinvar+pg_dms__bilstm__seed44,PMS2,P43246:193:Q>L,0,0.5185153
train-clinvar+pg_dms__bilstm__seed44,PMS2,P43246:193:Q>K,0,0.7755817
train-clinvar+pg_dms__bilstm__seed44,PMS2,P43246:193:Q>S,0,0.35721496
train-clinvar+pg_dms__bilstm__seed44,PMS2,P43246:193:Q>T,0,0.49569637
train-clinvar+pg_dms__bilstm__seed44,PMS2,P43246:193:Q>V,0,0.7189784
train-clinvar+pg_dms__bilstm__seed44,PMS2,P43246:193:Q>W,0,0.8899644
train-clinvar+pg_dms__bilstm__seed44,PMS2,P43246:193:Q>Y,0,0.93141526
train-clinvar+pg_dms__bilstm__seed44,PMS2,P43246:193:Q>M,0,0.63447034
train-clinvar+pg_dms__bilstm__seed44,PMS2,P43246:193:Q>N,0,0.803955
train-clinvar+pg_dms__bilstm__seed44,PMS2,P43246:193:Q>E,0,0.49045736
train-clinvar+pg_dms__bilstm__seed44,PMS2,P43246:193:Q>F,0,0.9494391
train-clinvar+pg_dms__bilstm__seed44,PMS2,P43246:193:Q>G,0,0.53618234
train-clinvar+pg_dms__bilstm__seed44,PMS2,P43246:193:Q>H,0,0.91259205
train-clinvar+pg_dms__bilstm__seed44,PMS2,P43246:193:Q>I,0,0.88685113
train-clinvar+pg_dms__bilstm__seed44,PMS2,P43246:193:Q>A,0,0.37979206
train-clinvar+pg_dms__bilstm__seed44,PMS2,P43246:197:K>P,0,0.98176205
train-clinvar+pg_dms__bilstm__seed44,PMS2,P43246:197:K>R,0,0.035986364
train-clinvar+pg_dms__bilstm__seed44,PMS2,P43246:197:K>N,0,0.87543625
train-clinvar+pg_dms__bilstm__seed44,PMS2,P43246:197:K>S,0,0.8292857
train-clinvar+pg_dms__bilstm__seed44,PMS2,P43246:197:K>T,0,0.4794081
train-clinvar+pg_dms__bilstm__seed44,PMS2,P43246:197:K>V,0,0.74472183
train-clinvar+pg_dms__bilstm__seed44,PMS2,P43246:197:K>M,0,0.6849005
train-clinvar+pg_dms__bilstm__seed44,PMS2,P43246:197:K>L,0,0.7220156
train-clinvar+pg_dms__bilstm__seed44,PMS2,P43246:197:K>W,0,0.7932754
train-clinvar+pg_dms__bilstm__seed44,PMS2,P43246:197:K>H,0,0.6015218
train-clinvar+pg_dms__bilstm__seed44,PMS2,P43246:197:K>Y,0,0.8639179
train-clinvar+pg_dms__bilstm__seed44,PMS2,P43246:197:K>A,0,0.629508
train-clinvar+pg_dms__bilstm__seed44,PMS2,P43246:197:K>D,0,0.9517817
train-clinvar+pg_dms__bilstm__seed44,PMS2,P43246:197:K>E,0,0.9033825
train-clinvar+pg_dms__bilstm__seed44,PMS2,P43246:197:K>F,0,0.8768948
train-clinvar+pg_dms__bilstm__seed44,PMS2,P43246:197:K>I,0,0.8639033
train-clinvar+pg_dms__bilstm__seed44,PMS2,P43246:197:K>G,0,0.6403899
train-clinvar+pg_dms__bilstm__seed44,PMS2,P43246:201:L>C,0,0.7180626
train-clinvar+pg_dms__bilstm__seed44,PMS2,P43246:201:L>V,0,0.21209113
train-clinvar+pg_dms__bilstm__seed44,PMS2,P43246:201:L>T,0,0.7710594
train-clinvar+pg_dms__bilstm__seed44,PMS2,P43246:201:L>S,0,0.9288318
train-clinvar+pg_dms__bilstm__seed44,PMS2,P43246:201:L>R,0,0.968345
train-clinvar+pg_dms__bilstm__seed44,PMS2,P43246:201:L>Q,0,0.93135726
train-clinvar+pg_dms__bilstm__seed44,PMS2,P43246:201:L>P,1,0.98695844
train-clinvar+pg_dms__bilstm__seed44,PMS2,P43246:201:L>N,1,0.96698976
train-clinvar+pg_dms__bilstm__seed44,PMS2,P43246:201:L>W,0,0.7824196
train-clinvar+pg_dms__bilstm__seed44,PMS2,P43246:201:L>H,0,0.9360257
train-clinvar+pg_dms__bilstm__seed44,PMS2,P43246:201:L>G,1,0.94185776
train-clinvar+pg_dms__bilstm__seed44,PMS2,P43246:201:L>F,0,0.14744952
train-clinvar+pg_dms__bilstm__seed44,PMS2,P43246:201:L>E,1,0.972072
train-clinvar+pg_dms__bilstm__seed44,PMS2,P43246:201:L>D,1,0.9821196
train-clinvar+pg_dms__bilstm__seed44,PMS2,P43246:201:L>M,0,0.35890225
train-clinvar+pg_dms__bilstm__seed44,PMS2,P43246:201:L>I,0,0.20477243
train-clinvar+pg_dms__bilstm__seed44,PMS2,P43246:201:L>A,0,0.8088027
train-clinvar+pg_dms__bilstm__seed44,PMS2,P43246:201:L>Y,0,0.86456716
train-clinvar+pg_dms__bilstm__seed44,PMS2,P43246:207:A>C,0,0.07292056
train-clinvar+pg_dms__bilstm__seed44,PMS2,P43246:207:A>D,0,0.2162634
train-clinvar+pg_dms__bilstm__seed44,PMS2,P43246:207:A>E,0,0.17018437
train-clinvar+pg_dms__bilstm__seed44,PMS2,P43246:207:A>F,0,0.06341653
train-clinvar+pg_dms__bilstm__seed44,PMS2,P43246:207:A>G,0,0.066526696
train-clinvar+pg_dms__bilstm__seed44,PMS2,P43246:207:A>H,0,0.15106864
train-clinvar+pg_dms__bilstm__seed44,PMS2,P43246:207:A>K,0,0.2370239
train-clinvar+pg_dms__bilstm__seed44,PMS2,P43246:207:A>L,0,0.080425374
train-clinvar+pg_dms__bilstm__seed44,PMS2,P43246:207:A>I,0,0.08222143
train-clinvar+pg_dms__bilstm__seed44,PMS2,P43246:207:A>N,0,0.07528885
train-clinvar+pg_dms__bilstm__seed44,PMS2,P43246:207:A>P,0,0.10318954
train-clinvar+pg_dms__bilstm__seed44,PMS2,P43246:207:A>Q,0,0.09733435
train-clinvar+pg_dms__bilstm__seed44,PMS2,P43246:207:A>R,0,0.15075478
train-clinvar+pg_dms__bilstm__seed44,PMS2,P43246:207:A>Y,0,0.13294688
train-clinvar+pg_dms__bilstm__seed44,PMS2,P43246:207:A>W,0,0.3943938
train-clinvar+pg_dms__bilstm__seed44,PMS2,P43246:207:A>M,1,0.17078175
train-clinvar+pg_dms__bilstm__seed44,PMS2,P43246:207:A>T,0,0.071706474
train-clinvar+pg_dms__bilstm__seed44,PMS2,P43246:208:G>S,0,0.020584388
train-clinvar+pg_dms__bilstm__seed44,PMS2,P43246:208:G>V,0,0.04432104
train-clinvar+pg_dms__bilstm__seed44,PMS2,P43246:208:G>Q,0,0.066805676
train-clinvar+pg_dms__bilstm__seed44,PMS2,P43246:208:G>R,0,0.08587835
train-clinvar+pg_dms__bilstm__seed44,PMS2,P43246:208:G>W,0,0.25506824
train-clinvar+pg_dms__bilstm__seed44,PMS2,P43246:208:G>A,0,0.030190418
train-clinvar+pg_dms__bilstm__seed44,PMS2,P43246:208:G>T,0,0.03140758
train-clinvar+pg_dms__bilstm__seed44,PMS2,P43246:208:G>C,0,0.020577846
train-clinvar+pg_dms__bilstm__seed44,PMS2,P43246:208:G>D,0,0.18571818
train-clinvar+pg_dms__bilstm__seed44,PMS2,P43246:208:G>E,0,0.11653172
train-clinvar+pg_dms__bilstm__seed44,PMS2,P43246:208:G>H,0,0.10902506
train-clinvar+pg_dms__bilstm__seed44,PMS2,P43246:208:G>I,0,0.048131287
train-clinvar+pg_dms__bilstm__seed44,PMS2,P43246:208:G>K,0,0.23321621
train-clinvar+pg_dms__bilstm__seed44,PMS2,P43246:208:G>L,0,0.057728305
train-clinvar+pg_dms__bilstm__seed44,PMS2,P43246:208:G>M,0,0.1833279
train-clinvar+pg_dms__bilstm__seed44,PMS2,P43246:208:G>P,0,0.16619311
train-clinvar+pg_dms__bilstm__seed44,PMS2,P43246:226:E>C,0,0.18278904
train-clinvar+pg_dms__bilstm__seed44,PMS2,P43246:226:E>D,0,0.048660398
train-clinvar+pg_dms__bilstm__seed44,PMS2,P43246:226:E>Y,0,0.2276651
train-clinvar+pg_dms__bilstm__seed44,PMS2,P43246:226:E>G,0,0.040289268
train-clinvar+pg_dms__bilstm__seed44,PMS2,P43246:226:E>H,0,0.16317716
train-clinvar+pg_dms__bilstm__seed44,PMS2,P43246:226:E>I,0,0.10904577
train-clinvar+pg_dms__bilstm__seed44,PMS2,P43246:226:E>K,0,0.09621511
train-clinvar+pg_dms__bilstm__seed44,PMS2,P43246:226:E>L,0,0.11412705
train-clinvar+pg_dms__bilstm__seed44,PMS2,P43246:226:E>W,0,0.64883465
train-clinvar+pg_dms__bilstm__seed44,PMS2,P43246:226:E>N,0,0.043380275
train-clinvar+pg_dms__bilstm__seed44,PMS2,P43246:226:E>A,0,0.027221687
train-clinvar+pg_dms__bilstm__seed44,PMS2,P43246:226:E>T,0,0.04721289
train-clinvar+pg_dms__bilstm__seed44,PMS2,P43246:226:E>S,0,0.025209315
train-clinvar+pg_dms__bilstm__seed44,PMS2,P43246:226:E>R,0,0.07306543
train-clinvar+pg_dms__bilstm__seed44,PMS2,P43246:226:E>Q,0,0.02989499
train-clinvar+pg_dms__bilstm__seed44,PMS2,P43246:226:E>P,0,0.20195344
train-clinvar+pg_dms__bilstm__seed44,PMS2,P43246:226:E>M,0,0.45091218
train-clinvar+pg_dms__bilstm__seed44,PMS2,P43246:226:E>V,0,0.059091322
train-clinvar+pg_dms__bilstm__seed44,PMS2,P43246:226:E>F,1,0.19831748
train-clinvar+pg_dms__bilstm__seed44,PMS2,P43246:228:K>Q,0,0.22947998
train-clinvar+pg_dms__bilstm__seed44,PMS2,P43246:228:K>T,0,0.40214646
train-clinvar+pg_dms__bilstm__seed44,PMS2,P43246:228:K>P,0,0.52640516
train-clinvar+pg_dms__bilstm__seed44,PMS2,P43246:228:K>N,0,0.44938043
train-clinvar+pg_dms__bilstm__seed44,PMS2,P43246:228:K>L,0,0.4825333
train-clinvar+pg_dms__bilstm__seed44,PMS2,P43246:228:K>I,0,0.5183627
train-clinvar+pg_dms__bilstm__seed44,PMS2,P43246:228:K>H,0,0.35297644
train-clinvar+pg_dms__bilstm__seed44,PMS2,P43246:228:K>G,0,0.33503032
train-clinvar+pg_dms__bilstm__seed44,PMS2,P43246:228:K>F,0,0.37141916
train-clinvar+pg_dms__bilstm__seed44,PMS2,P43246:228:K>E,0,0.6314839
train-clinvar+pg_dms__bilstm__seed44,PMS2,P43246:228:K>D,0,0.64691985
train-clinvar+pg_dms__bilstm__seed44,PMS2,P43246:228:K>C,0,0.2875347
train-clinvar+pg_dms__bilstm__seed44,PMS2,P43246:228:K>A,0,0.3550498
train-clinvar+pg_dms__bilstm__seed44,PMS2,P43246:228:K>V,0,0.47828466
train-clinvar+pg_dms__bilstm__seed44,PMS2,P43246:228:K>M,0,0.65816945
train-clinvar+pg_dms__bilstm__seed44,PMS2,P43246:228:K>S,0,0.34834802
train-clinvar+pg_dms__bilstm__seed44,PMS2,P43246:228:K>W,0,0.68219334
train-clinvar+pg_dms__bilstm__seed44,PMS2,P43246:228:K>Y,0,0.47956666
train-clinvar+pg_dms__bilstm__seed44,PMS2,P43246:229:K>A,0,0.15898727
train-clinvar+pg_dms__bilstm__seed44,PMS2,P43246:229:K>C,0,0.18149997
train-clinvar+pg_dms__bilstm__seed44,PMS2,P43246:229:K>D,0,0.63766277
train-clinvar+pg_dms__bilstm__seed44,PMS2,P43246:229:K>H,1,0.19829184
train-clinvar+pg_dms__bilstm__seed44,PMS2,P43246:229:K>L,0,0.3475645
train-clinvar+pg_dms__bilstm__seed44,PMS2,P43246:229:K>N,0,0.5029795
train-clinvar+pg_dms__bilstm__seed44,PMS2,P43246:229:K>Q,0,0.04812398
train-clinvar+pg_dms__bilstm__seed44,PMS2,P43246:229:K>T,0,0.19936876
train-clinvar+pg_dms__bilstm__seed44,PMS2,P43246:229:K>P,0,0.5342374
train-clinvar+pg_dms__bilstm__seed44,PMS2,P43246:229:K>V,0,0.30673683
train-clinvar+pg_dms__bilstm__seed44,PMS2,P43246:235:K>M,1,0.46567592
train-clinvar+pg_dms__bilstm__seed44,PMS2,P43246:235:K>A,0,0.12900217
train-clinvar+pg_dms__bilstm__seed44,PMS2,P43246:235:K>C,0,0.121758625
train-clinvar+pg_dms__bilstm__seed44,PMS2,P43246:235:K>D,0,0.39266694
train-clinvar+pg_dms__bilstm__seed44,PMS2,P43246:235:K>E,0,0.33518627
train-clinvar+pg_dms__bilstm__seed44,PMS2,P43246:235:K>F,0,0.19328243
train-clinvar+pg_dms__bilstm__seed44,PMS2,P43246:235:K>G,0,0.15071438
train-clinvar+pg_dms__bilstm__seed44,PMS2,P43246:235:K>L,0,0.2755173
train-clinvar+pg_dms__bilstm__seed44,PMS2,P43246:235:K>H,0,0.16666032
train-clinvar+pg_dms__bilstm__seed44,PMS2,P43246:235:K>P,0,0.4271162
train-clinvar+pg_dms__bilstm__seed44,PMS2,P43246:235:K>N,0,0.22407587
train-clinvar+pg_dms__bilstm__seed44,PMS2,P43246:235:K>Q,0,0.040701877
train-clinvar+pg_dms__bilstm__seed44,PMS2,P43246:235:K>R,0,0.06418257
train-clinvar+pg_dms__bilstm__seed44,PMS2,P43246:235:K>S,0,0.115549795
train-clinvar+pg_dms__bilstm__seed44,PMS2,P43246:235:K>I,0,0.27971312
train-clinvar+pg_dms__bilstm__seed44,PMS2,P43246:235:K>V,0,0.2629057
train-clinvar+pg_dms__bilstm__seed44,PMS2,P43246:235:K>W,0,0.48969033
train-clinvar+pg_dms__bilstm__seed44,PMS2,P43246:235:K>Y,0,0.28809234
train-clinvar+pg_dms__bilstm__seed44,PMS2,P43246:239:Q>D,0,0.41983798
train-clinvar+pg_dms__bilstm__seed44,PMS2,P43246:239:Q>W,0,0.58106774
train-clinvar+pg_dms__bilstm__seed44,PMS2,P43246:239:Q>V,0,0.19141275
train-clinvar+pg_dms__bilstm__seed44,PMS2,P43246:239:Q>T,0,0.07683662
train-clinvar+pg_dms__bilstm__seed44,PMS2,P43246:239:Q>S,0,0.035710752
train-clinvar+pg_dms__bilstm__seed44,PMS2,P43246:239:Q>R,0,0.33029208
train-clinvar+pg_dms__bilstm__seed44,PMS2,P43246:239:Q>P,0,0.25222743
train-clinvar+pg_dms__bilstm__seed44,PMS2,P43246:239:Q>N,0,0.14967223
train-clinvar+pg_dms__bilstm__seed44,PMS2,P43246:239:Q>M,0,0.43187755
train-clinvar+pg_dms__bilstm__seed44,PMS2,P43246:239:Q>L,0,0.11995234
train-clinvar+pg_dms__bilstm__seed44,PMS2,P43246:239:Q>K,0,0.28444615
train-clinvar+pg_dms__bilstm__seed44,PMS2,P43246:239:Q>A,0,0.051784124
train-clinvar+pg_dms__bilstm__seed44,PMS2,P43246:239:Q>I,0,0.2946958
train-clinvar+pg_dms__bilstm__seed44,PMS2,P43246:239:Q>H,0,0.27115995
train-clinvar+pg_dms__bilstm__seed44,PMS2,P43246:239:Q>G,0,0.09922644
train-clinvar+pg_dms__bilstm__seed44,PMS2,P43246:239:Q>C,0,0.23031838
train-clinvar+pg_dms__bilstm__seed44,PMS2,P43246:239:Q>F,0,0.28948143
train-clinvar+pg_dms__bilstm__seed44,PMS2,P43246:239:Q>E,0,0.2534819
train-clinvar+pg_dms__bilstm__seed44,PMS2,P43246:239:Q>Y,1,0.34171376
train-clinvar+pg_dms__bilstm__seed44,PMS2,P43246:242:N>R,0,0.120511875
train-clinvar+pg_dms__bilstm__seed44,PMS2,P43246:242:N>T,0,0.03643122
train-clinvar+pg_dms__bilstm__seed44,PMS2,P43246:242:N>S,0,0.1462831
train-clinvar+pg_dms__bilstm__seed44,PMS2,P43246:242:N>Q,0,0.09702844
train-clinvar+pg_dms__bilstm__seed44,PMS2,P43246:242:N>P,0,0.5048336
train-clinvar+pg_dms__bilstm__seed44,PMS2,P43246:242:N>M,0,0.40786558
train-clinvar+pg_dms__bilstm__seed44,PMS2,P43246:242:N>L,0,0.12164236
train-clinvar+pg_dms__bilstm__seed44,PMS2,P43246:242:N>I,0,0.1651596
train-clinvar+pg_dms__bilstm__seed44,PMS2,P43246:242:N>G,0,0.05086663
train-clinvar+pg_dms__bilstm__seed44,PMS2,P43246:242:N>F,0,0.17558625
train-clinvar+pg_dms__bilstm__seed44,PMS2,P43246:242:N>D,0,0.18327875
train-clinvar+pg_dms__bilstm__seed44,PMS2,P43246:242:N>C,0,0.016754968
train-clinvar+pg_dms__bilstm__seed44,PMS2,P43246:242:N>A,0,0.041749675
train-clinvar+pg_dms__bilstm__seed44,PMS2,P43246:242:N>V,0,0.13418937
train-clinvar+pg_dms__bilstm__seed44,PMS2,P43246:242:N>W,0,0.5456121
train-clinvar+pg_dms__bilstm__seed44,PMS2,P43246:242:N>K,0,0.4991596
train-clinvar+pg_dms__bilstm__seed44,PMS2,P43246:242:N>Y,0,0.07714268
train-clinvar+pg_dms__bilstm__seed44,PMS2,P43246:246:K>F,0,0.07461609
train-clinvar+pg_dms__bilstm__seed44,PMS2,P43246:246:K>A,0,0.033887625
train-clinvar+pg_dms__bilstm__seed44,PMS2,P43246:246:K>C,0,0.03661914
train-clinvar+pg_dms__bilstm__seed44,PMS2,P43246:246:K>D,0,0.24116924
train-clinvar+pg_dms__bilstm__seed44,PMS2,P43246:246:K>E,0,0.05215456
train-clinvar+pg_dms__bilstm__seed44,PMS2,P43246:246:K>G,0,0.048709586
train-clinvar+pg_dms__bilstm__seed44,PMS2,P43246:246:K>H,0,0.036130164
train-clinvar+pg_dms__bilstm__seed44,PMS2,P43246:246:K>I,0,0.05797318
train-clinvar+pg_dms__bilstm__seed44,PMS2,P43246:246:K>L,0,0.05199424
train-clinvar+pg_dms__bilstm__seed44,PMS2,P43246:246:K>M,0,0.11531417
train-clinvar+pg_dms__bilstm__seed44,PMS2,P43246:246:K>N,0,0.06654716
train-clinvar+pg_dms__bilstm__seed44,PMS2,P43246:246:K>P,0,0.21608455
train-clinvar+pg_dms__bilstm__seed44,PMS2,P43246:246:K>Q,0,0.025873512
train-clinvar+pg_dms__bilstm__seed44,PMS2,P43246:246:K>S,0,0.036707714
train-clinvar+pg_dms__bilstm__seed44,PMS2,P43246:246:K>R,0,0.013853951
train-clinvar+pg_dms__bilstm__seed44,PMS2,P43246:246:K>V,0,0.044022776
train-clinvar+pg_dms__bilstm__seed44,PMS2,P43246:246:K>W,0,0.2790694
train-clinvar+pg_dms__bilstm__seed44,PMS2,P43246:246:K>Y,0,0.0782085
train-clinvar+pg_dms__bilstm__seed44,PMS2,P43246:246:K>T,0,0.035673797
train-clinvar+pg_dms__bilstm__seed44,PMS2,P43246:247:G>E,0,0.061964884
train-clinvar+pg_dms__bilstm__seed44,PMS2,P43246:247:G>F,0,0.038507767
train-clinvar+pg_dms__bilstm__seed44,PMS2,P43246:247:G>M,0,0.14255719
train-clinvar+pg_dms__bilstm__seed44,PMS2,P43246:247:G>N,0,0.038107038
train-clinvar+pg_dms__bilstm__seed44,PMS2,P43246:247:G>P,0,0.111124724
train-clinvar+pg_dms__bilstm__seed44,PMS2,P43246:247:G>Q,0,0.050173674
train-clinvar+pg_dms__bilstm__seed44,PMS2,P43246:247:G>H,0,0.059662387
train-clinvar+pg_dms__bilstm__seed44,PMS2,P43246:247:G>S,0,0.02184083
train-clinvar+pg_dms__bilstm__seed44,PMS2,P43246:247:G>T,0,0.03353515
train-clinvar+pg_dms__bilstm__seed44,PMS2,P43246:247:G>V,0,0.03940645
train-clinvar+pg_dms__bilstm__seed44,PMS2,P43246:247:G>W,0,0.15948337
train-clinvar+pg_dms__bilstm__seed44,PMS2,P43246:247:G>Y,0,0.042771127
train-clinvar+pg_dms__bilstm__seed44,PMS2,P43246:247:G>D,0,0.080760926
train-clinvar+pg_dms__bilstm__seed44,PMS2,P43246:247:G>I,0,0.050113313
train-clinvar+pg_dms__bilstm__seed44,PMS2,P43246:247:G>R,0,0.03705963
train-clinvar+pg_dms__bilstm__seed44,PMS2,P43246:247:G>C,0,0.020945948
train-clinvar+pg_dms__bilstm__seed44,PMS2,P43246:247:G>K,0,0.08025292
train-clinvar+pg_dms__bilstm__seed44,PMS2,P43246:247:G>L,0,0.057108585
train-clinvar+pg_dms__bilstm__seed44,PMS2,P43246:247:G>A,0,0.027380608
train-clinvar+pg_dms__bilstm__seed44,PMS2,P43246:250:G>M,0,0.19178751
train-clinvar+pg_dms__bilstm__seed44,PMS2,P43246:250:G>Y,0,0.06695472
train-clinvar+pg_dms__bilstm__seed44,PMS2,P43246:250:G>W,0,0.2153052
train-clinvar+pg_dms__bilstm__seed44,PMS2,P43246:250:G>T,0,0.041742805
train-clinvar+pg_dms__bilstm__seed44,PMS2,P43246:250:G>S,0,0.027329467
train-clinvar+pg_dms__bilstm__seed44,PMS2,P43246:250:G>N,0,0.051608447
train-clinvar+pg_dms__bilstm__seed44,PMS2,P43246:250:G>P,0,0.2454479
train-clinvar+pg_dms__bilstm__seed44,PMS2,P43246:250:G>Q,0,0.051919904
train-clinvar+pg_dms__bilstm__seed44,PMS2,P43246:250:G>F,0,0.08429185
train-clinvar+pg_dms__bilstm__seed44,PMS2,P43246:250:G>L,0,0.09338323
train-clinvar+pg_dms__bilstm__seed44,PMS2,P43246:250:G>K,0,0.093296826
train-clinvar+pg_dms__bilstm__seed44,PMS2,P43246:250:G>I,0,0.07512987
train-clinvar+pg_dms__bilstm__seed44,PMS2,P43246:250:G>E,0,0.117289975
train-clinvar+pg_dms__bilstm__seed44,PMS2,P43246:250:G>D,0,0.09299925
train-clinvar+pg_dms__bilstm__seed44,PMS2,P43246:250:G>C,0,0.031117648
train-clinvar+pg_dms__bilstm__seed44,PMS2,P43246:250:G>A,0,0.036694642
train-clinvar+pg_dms__bilstm__seed44,PMS2,P43246:252:Q>F,0,0.1063074
train-clinvar+pg_dms__bilstm__seed44,PMS2,P43246:252:Q>M,1,0.18330528
train-clinvar+pg_dms__bilstm__seed44,PMS2,P43246:252:Q>C,0,0.10236345
train-clinvar+pg_dms__bilstm__seed44,PMS2,P43246:252:Q>N,0,0.0639995
train-clinvar+pg_dms__bilstm__seed44,PMS2,P43246:252:Q>D,0,0.14160399
train-clinvar+pg_dms__bilstm__seed44,PMS2,P43246:252:Q>E,0,0.0816514
train-clinvar+pg_dms__bilstm__seed44,PMS2,P43246:252:Q>A,0,0.054633155
train-clinvar+pg_dms__bilstm__seed44,PMS2,P43246:252:Q>G,0,0.06422145
train-clinvar+pg_dms__bilstm__seed44,PMS2,P43246:252:Q>W,0,0.33253995
train-clinvar+pg_dms__bilstm__seed44,PMS2,P43246:252:Q>I,0,0.09501826
train-clinvar+pg_dms__bilstm__seed44,PMS2,P43246:252:Q>K,0,0.080255724
train-clinvar+pg_dms__bilstm__seed44,PMS2,P43246:252:Q>L,0,0.06694569
train-clinvar+pg_dms__bilstm__seed44,PMS2,P43246:252:Q>V,0,0.076332256
train-clinvar+pg_dms__bilstm__seed44,PMS2,P43246:252:Q>Y,0,0.09328773
train-clinvar+pg_dms__bilstm__seed44,PMS2,P43246:252:Q>R,0,0.11579967
train-clinvar+pg_dms__bilstm__seed44,PMS2,P43246:252:Q>S,0,0.04118032
train-clinvar+pg_dms__bilstm__seed44,PMS2,P43246:252:Q>T,0,0.062489007
train-clinvar+pg_dms__bilstm__seed44,PMS2,P43246:252:Q>H,0,0.122333474
train-clinvar+pg_dms__bilstm__seed44,PMS2,P43246:252:Q>P,0,0.15305713
train-clinvar+pg_dms__bilstm__seed44,PMS2,P43246:253:M>Q,0,0.00440551
train-clinvar+pg_dms__bilstm__seed44,PMS2,P43246:253:M>Y,0,0.009484862
train-clinvar+pg_dms__bilstm__seed44,PMS2,P43246:253:M>L,0,0.006580735
train-clinvar+pg_dms__bilstm__seed44,PMS2,P43246:253:M>K,0,0.009921485
train-clinvar+pg_dms__bilstm__seed44,PMS2,P43246:253:M>H,0,0.010485588
train-clinvar+pg_dms__bilstm__seed44,PMS2,P43246:253:M>G,0,0.0068285945
train-clinvar+pg_dms__bilstm__seed44,PMS2,P43246:253:M>E,0,0.012606399
train-clinvar+pg_dms__bilstm__seed44,PMS2,P43246:253:M>D,0,0.032303143
train-clinvar+pg_dms__bilstm__seed44,PMS2,P43246:253:M>N,0,0.0070216763
train-clinvar+pg_dms__bilstm__seed44,PMS2,P43246:253:M>F,0,0.0032180946
train-clinvar+pg_dms__bilstm__seed44,PMS2,P43246:253:M>C,0,0.0050707306
train-clinvar+pg_dms__bilstm__seed44,PMS2,P43246:253:M>R,0,0.0037862184
train-clinvar+pg_dms__bilstm__seed44,PMS2,P43246:253:M>S,0,0.0040900735
train-clinvar+pg_dms__bilstm__seed44,PMS2,P43246:253:M>T,0,0.004706804
train-clinvar+pg_dms__bilstm__seed44,PMS2,P43246:253:M>A,0,0.0038369957
train-clinvar+pg_dms__bilstm__seed44,PMS2,P43246:253:M>W,1,0.05189837
train-clinvar+pg_dms__bilstm__seed44,PMS2,P43246:253:M>P,0,0.018118745
train-clinvar+pg_dms__bilstm__seed44,PMS2,P43246:255:S>P,0,0.15683408
train-clinvar+pg_dms__bilstm__seed44,PMS2,P43246:255:S>Q,0,0.42476687
train-clinvar+pg_dms__bilstm__seed44,PMS2,P43246:255:S>M,0,0.24191467
train-clinvar+pg_dms__bilstm__seed44,PMS2,P43246:255:S>R,0,0.63041973
train-clinvar+pg_dms__bilstm__seed44,PMS2,P43246:255:S>T,0,0.18862851
train-clinvar+pg_dms__bilstm__seed44,PMS2,P43246:255:S>V,0,0.07732109
train-clinvar+pg_dms__bilstm__seed44,PMS2,P43246:255:S>F,0,0.1117311
train-clinvar+pg_dms__bilstm__seed44,PMS2,P43246:255:S>W,0,0.42144164
train-clinvar+pg_dms__bilstm__seed44,PMS2,P43246:255:S>N,0,0.41068703
train-clinvar+pg_dms__bilstm__seed44,PMS2,P43246:255:S>E,0,0.5254383
train-clinvar+pg_dms__bilstm__seed44,PMS2,P43246:255:S>G,0,0.10092937
train-clinvar+pg_dms__bilstm__seed44,PMS2,P43246:255:S>D,0,0.5667131
train-clinvar+pg_dms__bilstm__seed44,PMS2,P43246:255:S>A,0,0.036803722
train-clinvar+pg_dms__bilstm__seed44,PMS2,P43246:255:S>H,0,0.33045518
train-clinvar+pg_dms__bilstm__seed44,PMS2,P43246:255:S>I,0,0.09252134
train-clinvar+pg_dms__bilstm__seed44,PMS2,P43246:255:S>K,0,0.58377486
train-clinvar+pg_dms__bilstm__seed44,PMS2,P43246:255:S>L,0,0.090027034
train-clinvar+pg_dms__bilstm__seed44,PMS2,P43246:255:S>Y,0,0.1513205
train-clinvar+pg_dms__bilstm__seed44,PMS2,P43246:266:A>Y,1,0.8922814
train-clinvar+pg_dms__bilstm__seed44,PMS2,P43246:266:A>W,1,0.81881803
train-clinvar+pg_dms__bilstm__seed44,PMS2,P43246:266:A>V,1,0.60111547
train-clinvar+pg_dms__bilstm__seed44,PMS2,P43246:266:A>S,0,0.282367
train-clinvar+pg_dms__bilstm__seed44,PMS2,P43246:266:A>P,0,0.9435323
train-clinvar+pg_dms__bilstm__seed44,PMS2,P43246:266:A>K,1,0.9129178
train-clinvar+pg_dms__bilstm__seed44,PMS2,P43246:266:A>L,1,0.78421265
train-clinvar+pg_dms__bilstm__seed44,PMS2,P43246:266:A>R,1,0.94557565
train-clinvar+pg_dms__bilstm__seed44,PMS2,P43246:266:A>I,1,0.85411566
train-clinvar+pg_dms__bilstm__seed44,PMS2,P43246:266:A>H,0,0.86063004
train-clinvar+pg_dms__bilstm__seed44,PMS2,P43246:266:A>G,0,0.09631481
train-clinvar+pg_dms__bilstm__seed44,PMS2,P43246:266:A>F,1,0.8929327
train-clinvar+pg_dms__bilstm__seed44,PMS2,P43246:266:A>E,1,0.91147053
train-clinvar+pg_dms__bilstm__seed44,PMS2,P43246:266:A>C,0,0.5767959
train-clinvar+pg_dms__bilstm__seed44,PMS2,P43246:266:A>M,0,0.7770796
train-clinvar+pg_dms__bilstm__seed44,PMS2,P43246:267:V>P,0,0.85833144
train-clinvar+pg_dms__bilstm__seed44,PMS2,P43246:267:V>Q,0,0.2635656
train-clinvar+pg_dms__bilstm__seed44,PMS2,P43246:267:V>R,0,0.33664867
train-clinvar+pg_dms__bilstm__seed44,PMS2,P43246:267:V>S,0,0.04549669
train-clinvar+pg_dms__bilstm__seed44,PMS2,P43246:267:V>W,0,0.73954344
train-clinvar+pg_dms__bilstm__seed44,PMS2,P43246:267:V>G,0,0.060758878
train-clinvar+pg_dms__bilstm__seed44,PMS2,P43246:267:V>H,0,0.5732223
train-clinvar+pg_dms__bilstm__seed44,PMS2,P43246:267:V>I,0,0.06580289
train-clinvar+pg_dms__bilstm__seed44,PMS2,P43246:267:V>L,0,0.1066211
train-clinvar+pg_dms__bilstm__seed44,PMS2,P43246:267:V>T,0,0.06052173
train-clinvar+pg_dms__bilstm__seed44,PMS2,P43246:267:V>F,0,0.0389617
train-clinvar+pg_dms__bilstm__seed44,PMS2,P43246:267:V>K,0,0.522829
train-clinvar+pg_dms__bilstm__seed44,PMS2,P43246:267:V>D,1,0.81122655
train-clinvar+pg_dms__bilstm__seed44,PMS2,P43246:267:V>C,0,0.229201
train-clinvar+pg_dms__bilstm__seed44,PMS2,P43246:267:V>A,0,0.03560479
train-clinvar+pg_dms__bilstm__seed44,PMS2,P43246:267:V>N,0,0.26687428
train-clinvar+pg_dms__bilstm__seed44,PMS2,P43246:267:V>E,0,0.5703508
train-clinvar+pg_dms__bilstm__seed44,PMS2,P43246:267:V>M,0,0.24610506
train-clinvar+pg_dms__bilstm__seed44,PMS2,P43246:292:T>W,0,0.17669646
train-clinvar+pg_dms__bilstm__seed44,PMS2,P43246:292:T>C,0,0.012049674
train-clinvar+pg_dms__bilstm__seed44,PMS2,P43246:292:T>E,0,0.039283846
train-clinvar+pg_dms__bilstm__seed44,PMS2,P43246:292:T>F,0,0.012279116
train-clinvar+pg_dms__bilstm__seed44,PMS2,P43246:292:T>G,0,0.021164877
train-clinvar+pg_dms__bilstm__seed44,PMS2,P43246:292:T>H,0,0.025865316
train-clinvar+pg_dms__bilstm__seed44,PMS2,P43246:292:T>I,0,0.023636747
train-clinvar+pg_dms__bilstm__seed44,PMS2,P43246:292:T>Y,0,0.02447611
train-clinvar+pg_dms__bilstm__seed44,PMS2,P43246:292:T>K,0,0.03155438
train-clinvar+pg_dms__bilstm__seed44,PMS2,P43246:292:T>M,0,0.10243439
train-clinvar+pg_dms__bilstm__seed44,PMS2,P43246:292:T>Q,0,0.014007768
train-clinvar+pg_dms__bilstm__seed44,PMS2,P43246:292:T>R,0,0.013272912
train-clinvar+pg_dms__bilstm__seed44,PMS2,P43246:292:T>S,0,0.06374084
train-clinvar+pg_dms__bilstm__seed44,PMS2,P43246:292:T>V,0,0.026913352
train-clinvar+pg_dms__bilstm__seed44,PMS2,P43246:292:T>A,0,0.012228257
train-clinvar+pg_dms__bilstm__seed44,PMS2,P43246:292:T>L,0,0.028733857
train-clinvar+pg_dms__bilstm__seed44,PMS2,P43246:292:T>N,0,0.021942416
train-clinvar+pg_dms__bilstm__seed44,PMS2,P43246:300:M>V,0,0.017027503
train-clinvar+pg_dms__bilstm__seed44,PMS2,P43246:300:M>P,1,0.8673148
train-clinvar+pg_dms__bilstm__seed44,PMS2,P43246:300:M>T,0,0.30342966
train-clinvar+pg_dms__bilstm__seed44,PMS2,P43246:300:M>S,0,0.49096543
train-clinvar+pg_dms__bilstm__seed44,PMS2,P43246:300:M>R,1,0.58956856
train-clinvar+pg_dms__bilstm__seed44,PMS2,P43246:300:M>Q,0,0.42702305
train-clinvar+pg_dms__bilstm__seed44,PMS2,P43246:300:M>N,1,0.58701307
train-clinvar+pg_dms__bilstm__seed44,PMS2,P43246:300:M>I,0,0.7030829
train-clinvar+pg_dms__bilstm__seed44,PMS2,P43246:300:M>D,1,0.7929043
train-clinvar+pg_dms__bilstm__seed44,PMS2,P43246:300:M>C,0,0.17282347
train-clinvar+pg_dms__bilstm__seed44,PMS2,P43246:300:M>A,0,0.38638577
train-clinvar+pg_dms__bilstm__seed44,PMS2,P43246:300:M>H,1,0.61319274
train-clinvar+pg_dms__bilstm__seed44,PMS2,P43246:300:M>K,1,0.68748397
train-clinvar+pg_dms__bilstm__seed44,PMS2,P43246:300:M>Y,1,0.6163026
train-clinvar+pg_dms__bilstm__seed44,PMS2,P43246:300:M>G,0,0.5333066
train-clinvar+pg_dms__bilstm__seed44,PMS2,P43246:300:M>L,0,0.024144653
train-clinvar+pg_dms__bilstm__seed44,PMS2,P43246:300:M>E,1,0.69402874
train-clinvar+pg_dms__bilstm__seed44,PMS2,P43246:300:M>W,1,0.75844187
train-clinvar+pg_dms__bilstm__seed44,PMS2,P43246:308:R>D,0,0.25214615
train-clinvar+pg_dms__bilstm__seed44,PMS2,P43246:308:R>Y,0,0.061453763
train-clinvar+pg_dms__bilstm__seed44,PMS2,P43246:308:R>C,0,0.008479592
train-clinvar+pg_dms__bilstm__seed44,PMS2,P43246:308:R>A,0,0.023341388
train-clinvar+pg_dms__bilstm__seed44,PMS2,P43246:308:R>G,0,0.024144625
train-clinvar+pg_dms__bilstm__seed44,PMS2,P43246:308:R>I,0,0.25042275
train-clinvar+pg_dms__bilstm__seed44,PMS2,P43246:308:R>L,0,0.08817378
train-clinvar+pg_dms__bilstm__seed44,PMS2,P43246:308:R>E,0,0.07505883
train-clinvar+pg_dms__bilstm__seed44,PMS2,P43246:308:R>M,0,0.29973242
train-clinvar+pg_dms__bilstm__seed44,PMS2,P43246:308:R>Q,0,0.012160738
train-clinvar+pg_dms__bilstm__seed44,PMS2,P43246:308:R>S,0,0.020848375
train-clinvar+pg_dms__bilstm__seed44,PMS2,P43246:308:R>T,0,0.14347608
train-clinvar+pg_dms__bilstm__seed44,PMS2,P43246:308:R>V,0,0.104416266
train-clinvar+pg_dms__bilstm__seed44,PMS2,P43246:308:R>W,0,0.21330725
train-clinvar+pg_dms__bilstm__seed44,PMS2,P43246:308:R>P,0,0.5251729
train-clinvar+pg_dms__bilstm__seed44,PMS2,P43246:308:R>H,0,0.028334724
train-clinvar+pg_dms__bilstm__seed44,PMS2,P43246:310:L>Y,0,0.59741455
train-clinvar+pg_dms__bilstm__seed44,PMS2,P43246:310:L>W,0,0.7362391
train-clinvar+pg_dms__bilstm__seed44,PMS2,P43246:310:L>T,0,0.3838502
train-clinvar+pg_dms__bilstm__seed44,PMS2,P43246:310:L>S,1,0.5131596
train-clinvar+pg_dms__bilstm__seed44,PMS2,P43246:310:L>N,1,0.6606092
train-clinvar+pg_dms__bilstm__seed44,PMS2,P43246:310:L>E,1,0.74421406
train-clinvar+pg_dms__bilstm__seed44,PMS2,P43246:310:L>K,1,0.73724335
train-clinvar+pg_dms__bilstm__seed44,PMS2,P43246:310:L>I,0,0.2758383
train-clinvar+pg_dms__bilstm__seed44,PMS2,P43246:310:L>G,1,0.47995925
train-clinvar+pg_dms__bilstm__seed44,PMS2,P43246:310:L>D,1,0.864306
train-clinvar+pg_dms__bilstm__seed44,PMS2,P43246:310:L>C,0,0.21672449
train-clinvar+pg_dms__bilstm__seed44,PMS2,P43246:310:L>A,0,0.402202
train-clinvar+pg_dms__bilstm__seed44,PMS2,P43246:310:L>M,0,0.30540806
train-clinvar+pg_dms__bilstm__seed44,PMS2,P43246:319:D>K,0,0.05539767
train-clinvar+pg_dms__bilstm__seed44,PMS2,P43246:319:D>T,0,0.029469034
train-clinvar+pg_dms__bilstm__seed44,PMS2,P43246:319:D>S,0,0.01800627
train-clinvar+pg_dms__bilstm__seed44,PMS2,P43246:319:D>R,0,0.039135613
train-clinvar+pg_dms__bilstm__seed44,PMS2,P43246:319:D>Q,0,0.028406942
train-clinvar+pg_dms__bilstm__seed44,PMS2,P43246:319:D>P,0,0.09717136
train-clinvar+pg_dms__bilstm__seed44,PMS2,P43246:319:D>M,0,0.11957108
train-clinvar+pg_dms__bilstm__seed44,PMS2,P43246:319:D>L,0,0.057841968
train-clinvar+pg_dms__bilstm__seed44,PMS2,P43246:319:D>I,0,0.039625317
train-clinvar+pg_dms__bilstm__seed44,PMS2,P43246:319:D>H,0,0.04507396
train-clinvar+pg_dms__bilstm__seed44,PMS2,P43246:319:D>G,0,0.036527783
train-clinvar+pg_dms__bilstm__seed44,PMS2,P43246:319:D>F,0,0.035313886
train-clinvar+pg_dms__bilstm__seed44,PMS2,P43246:319:D>E,0,0.04164573
train-clinvar+pg_dms__bilstm__seed44,PMS2,P43246:319:D>C,0,0.030981978
train-clinvar+pg_dms__bilstm__seed44,PMS2,P43246:319:D>A,0,0.019896105
train-clinvar+pg_dms__bilstm__seed44,PMS2,P43246:319:D>W,0,0.18982641
train-clinvar+pg_dms__bilstm__seed44,PMS2,P43246:319:D>V,0,0.06070293
train-clinvar+pg_dms__bilstm__seed44,PMS2,P43246:333:C>E,1,0.9247311
train-clinvar+pg_dms__bilstm__seed44,PMS2,P43246:333:C>A,0,0.69172496
train-clinvar+pg_dms__bilstm__seed44,PMS2,P43246:333:C>D,1,0.9504508
train-clinvar+pg_dms__bilstm__seed44,PMS2,P43246:333:C>G,0,0.16081142
train-clinvar+pg_dms__bilstm__seed44,PMS2,P43246:333:C>H,1,0.90544105
train-clinvar+pg_dms__bilstm__seed44,PMS2,P43246:333:C>K,1,0.93735486
train-clinvar+pg_dms__bilstm__seed44,PMS2,P43246:333:C>L,1,0.8981132
train-clinvar+pg_dms__bilstm__seed44,PMS2,P43246:333:C>I,1,0.9315019
train-clinvar+pg_dms__bilstm__seed44,PMS2,P43246:333:C>N,1,0.9111056
train-clinvar+pg_dms__bilstm__seed44,PMS2,P43246:333:C>P,1,0.9681153
train-clinvar+pg_dms__bilstm__seed44,PMS2,P43246:333:C>Q,0,0.92801154
train-clinvar+pg_dms__bilstm__seed44,PMS2,P43246:333:C>S,0,0.8424779
train-clinvar+pg_dms__bilstm__seed44,PMS2,P43246:333:C>T,0,0.6538328
train-clinvar+pg_dms__bilstm__seed44,PMS2,P43246:333:C>V,0,0.90170574
train-clinvar+pg_dms__bilstm__seed44,PMS2,P43246:333:C>M,1,0.8976122
train-clinvar+pg_dms__bilstm__seed44,PMS2,P43246:338:G>P,1,0.9716428
train-clinvar+pg_dms__bilstm__seed44,PMS2,P43246:338:G>Y,1,0.8943546
train-clinvar+pg_dms__bilstm__seed44,PMS2,P43246:338:G>W,1,0.84316736
train-clinvar+pg_dms__bilstm__seed44,PMS2,P43246:338:G>S,1,0.90334225
train-clinvar+pg_dms__bilstm__seed44,PMS2,P43246:338:G>Q,1,0.8952905
train-clinvar+pg_dms__bilstm__seed44,PMS2,P43246:338:G>N,1,0.9022426
train-clinvar+pg_dms__bilstm__seed44,PMS2,P43246:338:G>F,1,0.8661034
train-clinvar+pg_dms__bilstm__seed44,PMS2,P43246:338:G>L,1,0.86080074
train-clinvar+pg_dms__bilstm__seed44,PMS2,P43246:338:G>K,1,0.9399291
train-clinvar+pg_dms__bilstm__seed44,PMS2,P43246:338:G>I,1,0.8924936
train-clinvar+pg_dms__bilstm__seed44,PMS2,P43246:338:G>H,1,0.88532525
train-clinvar+pg_dms__bilstm__seed44,PMS2,P43246:338:G>D,1,0.9425886
train-clinvar+pg_dms__bilstm__seed44,PMS2,P43246:338:G>C,1,0.76384425
train-clinvar+pg_dms__bilstm__seed44,PMS2,P43246:338:G>A,1,0.8131167
train-clinvar+pg_dms__bilstm__seed44,PMS2,P43246:338:G>M,1,0.8809122
train-clinvar+pg_dms__bilstm__seed44,PMS2,P43246:338:G>T,1,0.82565427
train-clinvar+pg_dms__bilstm__seed44,PMS2,P43246:350:L>P,0,0.9674488
train-clinvar+pg_dms__bilstm__seed44,PMS2,P43246:350:L>T,1,0.7037725
train-clinvar+pg_dms__bilstm__seed44,PMS2,P43246:350:L>S,0,0.86931974
train-clinvar+pg_dms__bilstm__seed44,PMS2,P43246:350:L>R,0,0.8862989
train-clinvar+pg_dms__bilstm__seed44,PMS2,P43246:350:L>Q,0,0.7716691
train-clinvar+pg_dms__bilstm__seed44,PMS2,P43246:350:L>N,0,0.9149292
train-clinvar+pg_dms__bilstm__seed44,PMS2,P43246:350:L>W,0,0.82823944
train-clinvar+pg_dms__bilstm__seed44,PMS2,P43246:350:L>I,0,0.33415985
train-clinvar+pg_dms__bilstm__seed44,PMS2,P43246:350:L>H,0,0.8675227
train-clinvar+pg_dms__bilstm__seed44,PMS2,P43246:350:L>G,1,0.8838012
train-clinvar+pg_dms__bilstm__seed44,PMS2,P43246:350:L>E,0,0.92291766
train-clinvar+pg_dms__bilstm__seed44,PMS2,P43246:350:L>C,0,0.7562717
train-clinvar+pg_dms__bilstm__seed44,PMS2,P43246:350:L>A,0,0.70795214
train-clinvar+pg_dms__bilstm__seed44,PMS2,P43246:350:L>M,0,0.38983712
train-clinvar+pg_dms__bilstm__seed44,PMS2,P43246:350:L>Y,0,0.89493835
train-clinvar+pg_dms__bilstm__seed44,PMS2,P43246:352:D>T,0,0.40762302
train-clinvar+pg_dms__bilstm__seed44,PMS2,P43246:352:D>C,0,0.32247624
train-clinvar+pg_dms__bilstm__seed44,PMS2,P43246:352:D>K,0,0.55387056
train-clinvar+pg_dms__bilstm__seed44,PMS2,P43246:352:D>L,0,0.43347114
train-clinvar+pg_dms__bilstm__seed44,PMS2,P43246:352:D>M,0,0.6154755
train-clinvar+pg_dms__bilstm__seed44,PMS2,P43246:352:D>P,1,0.7629351
train-clinvar+pg_dms__bilstm__seed44,PMS2,P43246:352:D>Q,0,0.4014322
train-clinvar+pg_dms__bilstm__seed44,PMS2,P43246:352:D>A,0,0.22765474
train-clinvar+pg_dms__bilstm__seed44,PMS2,P43246:352:D>R,0,0.5026295
train-clinvar+pg_dms__bilstm__seed44,PMS2,P43246:352:D>G,0,0.26547745
train-clinvar+pg_dms__bilstm__seed44,PMS2,P43246:352:D>V,0,0.28032756
train-clinvar+pg_dms__bilstm__seed44,PMS2,P43246:352:D>W,0,0.66234946
train-clinvar+pg_dms__bilstm__seed44,PMS2,P43246:352:D>Y,0,0.34539193
train-clinvar+pg_dms__bilstm__seed44,PMS2,P43246:352:D>F,0,0.4655094
train-clinvar+pg_dms__bilstm__seed44,PMS2,P43246:352:D>S,0,0.10151016
train-clinvar+pg_dms__bilstm__seed44,PMS2,P43246:352:D>I,0,0.47774023
train-clinvar+pg_dms__bilstm__seed44,PMS2,P43246:352:D>H,0,0.34479055
train-clinvar+pg_dms__bilstm__seed44,PMS2,P43246:355:R>G,0,0.09919555
train-clinvar+pg_dms__bilstm__seed44,PMS2,P43246:355:R>F,0,0.15191138
train-clinvar+pg_dms__bilstm__seed44,PMS2,P43246:355:R>E,0,0.195154
train-clinvar+pg_dms__bilstm__seed44,PMS2,P43246:355:R>D,0,0.4209753
train-clinvar+pg_dms__bilstm__seed44,PMS2,P43246:355:R>C,0,0.04663312
train-clinvar+pg_dms__bilstm__seed44,PMS2,P43246:355:R>A,0,0.09314725
train-clinvar+pg_dms__bilstm__seed44,PMS2,P43246:355:R>Y,0,0.12971011
train-clinvar+pg_dms__bilstm__seed44,PMS2,P43246:355:R>W,0,0.30662528
train-clinvar+pg_dms__bilstm__seed44,PMS2,P43246:355:R>V,0,0.14238505
train-clinvar+pg_dms__bilstm__seed44,PMS2,P43246:355:R>H,0,0.09643429
train-clinvar+pg_dms__bilstm__seed44,PMS2,P43246:355:R>S,0,0.105055965
train-clinvar+pg_dms__bilstm__seed44,PMS2,P43246:355:R>Q,0,0.05472313
train-clinvar+pg_dms__bilstm__seed44,PMS2,P43246:355:R>K,0,0.11650812
train-clinvar+pg_dms__bilstm__seed44,PMS2,P43246:355:R>L,0,0.13148625
train-clinvar+pg_dms__bilstm__seed44,PMS2,P43246:355:R>P,0,0.54957396
train-clinvar+pg_dms__bilstm__seed44,PMS2,P43246:355:R>N,0,0.21819173
train-clinvar+pg_dms__bilstm__seed44,PMS2,P43246:355:R>M,0,0.27021837
train-clinvar+pg_dms__bilstm__seed44,PMS2,P43246:355:R>T,0,0.2917272
train-clinvar+pg_dms__bilstm__seed44,PMS2,P43246:356:I>T,1,0.74504316
train-clinvar+pg_dms__bilstm__seed44,PMS2,P43246:356:I>S,1,0.85748905
train-clinvar+pg_dms__bilstm__seed44,PMS2,P43246:356:I>L,0,0.4583515
train-clinvar+pg_dms__bilstm__seed44,PMS2,P43246:356:I>N,1,0.8703576
train-clinvar+pg_dms__bilstm__seed44,PMS2,P43246:356:I>Q,1,0.90622896
train-clinvar+pg_dms__bilstm__seed44,PMS2,P43246:356:I>Y,1,0.8694049
train-clinvar+pg_dms__bilstm__seed44,PMS2,P43246:356:I>W,1,0.83446777
train-clinvar+pg_dms__bilstm__seed44,PMS2,P43246:356:I>C,0,0.78270245
train-clinvar+pg_dms__bilstm__seed44,PMS2,P43246:356:I>E,1,0.89496917
train-clinvar+pg_dms__bilstm__seed44,PMS2,P43246:356:I>F,1,0.80810446
train-clinvar+pg_dms__bilstm__seed44,PMS2,P43246:356:I>G,1,0.82567
train-clinvar+pg_dms__bilstm__seed44,PMS2,P43246:356:I>H,1,0.8544958
train-clinvar+pg_dms__bilstm__seed44,PMS2,P43246:356:I>P,1,0.9603064
train-clinvar+pg_dms__bilstm__seed44,PMS2,P43246:356:I>A,0,0.6797368
train-clinvar+pg_dms__bilstm__seed44,PMS2,P43246:356:I>D,1,0.93545
train-clinvar+pg_dms__bilstm__seed44,PMS2,P43246:372:L>R,0,0.074020505
train-clinvar+pg_dms__bilstm__seed44,PMS2,P43246:372:L>W,0,0.6084064
train-clinvar+pg_dms__bilstm__seed44,PMS2,P43246:372:L>Y,0,0.14743333
train-clinvar+pg_dms__bilstm__seed44,PMS2,P43246:372:L>T,0,0.021398928
train-clinvar+pg_dms__bilstm__seed44,PMS2,P43246:372:L>Q,0,0.029892707
train-clinvar+pg_dms__bilstm__seed44,PMS2,P43246:372:L>P,0,0.9467609
train-clinvar+pg_dms__bilstm__seed44,PMS2,P43246:372:L>M,0,0.16736126
train-clinvar+pg_dms__bilstm__seed44,PMS2,P43246:372:L>N,0,0.2292048
train-clinvar+pg_dms__bilstm__seed44,PMS2,P43246:372:L>I,0,0.017594885
train-clinvar+pg_dms__bilstm__seed44,PMS2,P43246:372:L>H,0,0.14768791
train-clinvar+pg_dms__bilstm__seed44,PMS2,P43246:372:L>G,0,0.109015495
train-clinvar+pg_dms__bilstm__seed44,PMS2,P43246:372:L>D,0,0.890072
train-clinvar+pg_dms__bilstm__seed44,PMS2,P43246:372:L>C,0,0.015472949
train-clinvar+pg_dms__bilstm__seed44,PMS2,P43246:372:L>A,0,0.017293602
train-clinvar+pg_dms__bilstm__seed44,PMS2,P43246:372:L>K,0,0.27412522
train-clinvar+pg_dms__bilstm__seed44,PMS2,P43246:372:L>V,0,0.15463427
train-clinvar+pg_dms__bilstm__seed44,PMS2,P43246:373:R>Q,0,0.0951849
train-clinvar+pg_dms__bilstm__seed44,PMS2,P43246:373:R>S,0,0.75834244
train-clinvar+pg_dms__bilstm__seed44,PMS2,P43246:373:R>L,0,0.30063352
train-clinvar+pg_dms__bilstm__seed44,PMS2,P43246:373:R>W,0,0.5157898
train-clinvar+pg_dms__bilstm__seed44,PMS2,P43246:373:R>Y,0,0.44655275
train-clinvar+pg_dms__bilstm__seed44,PMS2,P43246:373:R>P,0,0.8183238
train-clinvar+pg_dms__bilstm__seed44,PMS2,P43246:373:R>V,0,0.4848208
train-clinvar+pg_dms__bilstm__seed44,PMS2,P43246:373:R>N,0,0.58713657
train-clinvar+pg_dms__bilstm__seed44,PMS2,P43246:373:R>E,0,0.56780195
train-clinvar+pg_dms__bilstm__seed44,PMS2,P43246:373:R>I,0,0.46720043
train-clinvar+pg_dms__bilstm__seed44,PMS2,P43246:373:R>H,0,0.239565
train-clinvar+pg_dms__bilstm__seed44,PMS2,P43246:373:R>G,0,0.39460626
train-clinvar+pg_dms__bilstm__seed44,PMS2,P43246:373:R>F,0,0.5006749
train-clinvar+pg_dms__bilstm__seed44,PMS2,P43246:373:R>D,0,0.7322963
train-clinvar+pg_dms__bilstm__seed44,PMS2,P43246:373:R>C,0,0.042434286
train-clinvar+pg_dms__bilstm__seed44,PMS2,P43246:373:R>A,0,0.41958994
train-clinvar+pg_dms__bilstm__seed44,PMS2,P43246:375:T>H,0,0.019088035
train-clinvar+pg_dms__bilstm__seed44,PMS2,P43246:375:T>I,0,0.18868445
train-clinvar+pg_dms__bilstm__seed44,PMS2,P43246:375:T>K,0,0.057795264
train-clinvar+pg_dms__bilstm__seed44,PMS2,P43246:375:T>D,0,0.08608945
train-clinvar+pg_dms__bilstm__seed44,PMS2,P43246:375:T>M,0,0.17390698
train-clinvar+pg_dms__bilstm__seed44,PMS2,P43246:375:T>N,0,0.010365417
train-clinvar+pg_dms__bilstm__seed44,PMS2,P43246:375:T>P,0,0.24060689
train-clinvar+pg_dms__bilstm__seed44,PMS2,P43246:375:T>Q,0,0.012418019
train-clinvar+pg_dms__bilstm__seed44,PMS2,P43246:375:T>R,0,0.009144183
train-clinvar+pg_dms__bilstm__seed44,PMS2,P43246:375:T>E,0,0.03969138
train-clinvar+pg_dms__bilstm__seed44,PMS2,P43246:375:T>V,0,0.02048377
train-clinvar+pg_dms__bilstm__seed44,PMS2,P43246:375:T>S,0,0.076318726
train-clinvar+pg_dms__bilstm__seed44,PMS2,P43246:375:T>L,0,0.016568506
train-clinvar+pg_dms__bilstm__seed44,PMS2,P43246:375:T>F,0,0.00418717
train-clinvar+pg_dms__bilstm__seed44,PMS2,P43246:375:T>G,0,0.013534645
train-clinvar+pg_dms__bilstm__seed44,PMS2,P43246:375:T>C,0,0.0030363437
train-clinvar+pg_dms__bilstm__seed44,PMS2,P43246:375:T>A,0,0.0073942286
train-clinvar+pg_dms__bilstm__seed44,PMS2,P43246:375:T>W,0,0.30627674
train-clinvar+pg_dms__bilstm__seed44,PMS2,P43246:375:T>Y,0,0.017047571
train-clinvar+pg_dms__bilstm__seed44,PMS2,P43246:376:L>Y,0,0.6305984
train-clinvar+pg_dms__bilstm__seed44,PMS2,P43246:376:L>A,0,0.2520825
train-clinvar+pg_dms__bilstm__seed44,PMS2,P43246:376:L>V,0,0.05897954
train-clinvar+pg_dms__bilstm__seed44,PMS2,P43246:376:L>T,0,0.23630443
train-clinvar+pg_dms__bilstm__seed44,PMS2,P43246:376:L>C,0,0.070906535
train-clinvar+pg_dms__bilstm__seed44,PMS2,P43246:376:L>D,0,0.86261827
train-clinvar+pg_dms__bilstm__seed44,PMS2,P43246:376:L>E,0,0.74616
train-clinvar+pg_dms__bilstm__seed44,PMS2,P43246:376:L>R,0,0.7877186
train-clinvar+pg_dms__bilstm__seed44,PMS2,P43246:376:L>Q,0,0.5869799
train-clinvar+pg_dms__bilstm__seed44,PMS2,P43246:376:L>P,1,0.90429544
train-clinvar+pg_dms__bilstm__seed44,PMS2,P43246:376:L>N,0,0.7022055
train-clinvar+pg_dms__bilstm__seed44,PMS2,P43246:376:L>M,0,0.24972339
train-clinvar+pg_dms__bilstm__seed44,PMS2,P43246:376:L>K,0,0.81134796
train-clinvar+pg_dms__bilstm__seed44,PMS2,P43246:376:L>I,0,0.052435722
train-clinvar+pg_dms__bilstm__seed44,PMS2,P43246:376:L>H,0,0.6570298
train-clinvar+pg_dms__bilstm__seed44,PMS2,P43246:376:L>W,1,0.6606579
train-clinvar+pg_dms__bilstm__seed44,PMS2,P43246:376:L>G,0,0.6250733
train-clinvar+pg_dms__bilstm__seed44,PMS2,P43246:376:L>F,0,0.17585582
train-clinvar+pg_dms__bilstm__seed44,PMS2,P43246:380:L>E,0,0.036007587
train-clinvar+pg_dms__bilstm__seed44,PMS2,P43246:380:L>F,0,0.0027589274
train-clinvar+pg_dms__bilstm__seed44,PMS2,P43246:380:L>G,0,0.021733273
train-clinvar+pg_dms__bilstm__seed44,PMS2,P43246:380:L>D,0,0.25156432
train-clinvar+pg_dms__bilstm__seed44,PMS2,P43246:380:L>C,0,0.0033070492
train-clinvar+pg_dms__bilstm__seed44,PMS2,P43246:380:L>A,0,0.0052079544
train-clinvar+pg_dms__bilstm__seed44,PMS2,P43246:380:L>H,0,0.009114434
train-clinvar+pg_dms__bilstm__seed44,PMS2,P43246:380:L>P,0,0.50847423
train-clinvar+pg_dms__bilstm__seed44,PMS2,P43246:380:L>I,0,0.007305402
train-clinvar+pg_dms__bilstm__seed44,PMS2,P43246:380:L>K,0,0.036226705
train-clinvar+pg_dms__bilstm__seed44,PMS2,P43246:380:L>M,0,0.0589728
train-clinvar+pg_dms__bilstm__seed44,PMS2,P43246:380:L>Y,0,0.008375062
train-clinvar+pg_dms__bilstm__seed44,PMS2,P43246:380:L>W,0,0.07163826
train-clinvar+pg_dms__bilstm__seed44,PMS2,P43246:380:L>V,0,0.008746178
train-clinvar+pg_dms__bilstm__seed44,PMS2,P43246:380:L>T,0,0.0074915574
train-clinvar+pg_dms__bilstm__seed44,PMS2,P43246:380:L>S,0,0.06339568
train-clinvar+pg_dms__bilstm__seed44,PMS2,P43246:380:L>R,0,0.008273538
train-clinvar+pg_dms__bilstm__seed44,PMS2,P43246:380:L>Q,0,0.0067709754
train-clinvar+pg_dms__bilstm__seed44,PMS2,P43246:380:L>N,0,0.009922346
train-clinvar+pg_dms__bilstm__seed44,PMS2,P43246:384:F>W,0,0.5979129
train-clinvar+pg_dms__bilstm__seed44,PMS2,P43246:384:F>Y,0,0.13203947
train-clinvar+pg_dms__bilstm__seed44,PMS2,P43246:384:F>V,0,0.10586768
train-clinvar+pg_dms__bilstm__seed44,PMS2,P43246:384:F>T,0,0.48218772
train-clinvar+pg_dms__bilstm__seed44,PMS2,P43246:384:F>S,0,0.45033297
train-clinvar+pg_dms__bilstm__seed44,PMS2,P43246:384:F>R,0,0.7114731
train-clinvar+pg_dms__bilstm__seed44,PMS2,P43246:384:F>M,0,0.41537786
train-clinvar+pg_dms__bilstm__seed44,PMS2,P43246:384:F>K,1,0.76789707
train-clinvar+pg_dms__bilstm__seed44,PMS2,P43246:384:F>C,0,0.07527262
train-clinvar+pg_dms__bilstm__seed44,PMS2,P43246:384:F>I,0,0.11475205
train-clinvar+pg_dms__bilstm__seed44,PMS2,P43246:384:F>D,0,0.8197748
train-clinvar+pg_dms__bilstm__seed44,PMS2,P43246:384:F>E,0,0.72737473
train-clinvar+pg_dms__bilstm__seed44,PMS2,P43246:384:F>A,0,0.5490713
train-clinvar+pg_dms__bilstm__seed44,PMS2,P43246:387:L>W,0,0.41531822
train-clinvar+pg_dms__bilstm__seed44,PMS2,P43246:387:L>Y,0,0.21716855
train-clinvar+pg_dms__bilstm__seed44,PMS2,P43246:387:L>E,0,0.8069499
train-clinvar+pg_dms__bilstm__seed44,PMS2,P43246:387:L>F,0,0.100647025
train-clinvar+pg_dms__bilstm__seed44,PMS2,P43246:387:L>G,0,0.46407938
train-clinvar+pg_dms__bilstm__seed44,PMS2,P43246:387:L>H,0,0.44470212
train-clinvar+pg_dms__bilstm__seed44,PMS2,P43246:387:L>T,0,0.18916136
train-clinvar+pg_dms__bilstm__seed44,PMS2,P43246:387:L>S,0,0.37499675
train-clinvar+pg_dms__bilstm__seed44,PMS2,P43246:387:L>Q,0,0.34716737
train-clinvar+pg_dms__bilstm__seed44,PMS2,P43246:387:L>P,0,0.8909487
train-clinvar+pg_dms__bilstm__seed44,PMS2,P43246:387:L>N,0,0.6101846
train-clinvar+pg_dms__bilstm__seed44,PMS2,P43246:387:L>M,0,0.20678361
train-clinvar+pg_dms__bilstm__seed44,PMS2,P43246:387:L>K,0,0.7957445
train-clinvar+pg_dms__bilstm__seed44,PMS2,P43246:387:L>C,0,0.10887856
train-clinvar+pg_dms__bilstm__seed44,PMS2,P43246:387:L>A,0,0.17050631
train-clinvar+pg_dms__bilstm__seed44,PMS2,P43246:389:R>A,0,0.3324732
train-clinvar+pg_dms__bilstm__seed44,PMS2,P43246:389:R>C,0,0.09069209
train-clinvar+pg_dms__bilstm__seed44,PMS2,P43246:389:R>Y,0,0.27717704
train-clinvar+pg_dms__bilstm__seed44,PMS2,P43246:389:R>W,1,0.45706704
train-clinvar+pg_dms__bilstm__seed44,PMS2,P43246:389:R>V,0,0.35720643
train-clinvar+pg_dms__bilstm__seed44,PMS2,P43246:389:R>T,0,0.3735843
train-clinvar+pg_dms__bilstm__seed44,PMS2,P43246:389:R>S,0,0.33710906
train-clinvar+pg_dms__bilstm__seed44,PMS2,P43246:389:R>P,0,0.661179
train-clinvar+pg_dms__bilstm__seed44,PMS2,P43246:389:R>N,0,0.4314672
train-clinvar+pg_dms__bilstm__seed44,PMS2,P43246:389:R>Q,0,0.17150706
train-clinvar+pg_dms__bilstm__seed44,PMS2,P43246:389:R>K,0,0.053997118
train-clinvar+pg_dms__bilstm__seed44,PMS2,P43246:389:R>I,0,0.34943542
train-clinvar+pg_dms__bilstm__seed44,PMS2,P43246:389:R>G,0,0.29456797
train-clinvar+pg_dms__bilstm__seed44,PMS2,P43246:389:R>F,0,0.29782552
train-clinvar+pg_dms__bilstm__seed44,PMS2,P43246:389:R>E,1,0.5212382
train-clinvar+pg_dms__bilstm__seed44,PMS2,P43246:389:R>D,1,0.62206393
train-clinvar+pg_dms__bilstm__seed44,PMS2,P43246:389:R>M,0,0.5426635
train-clinvar+pg_dms__bilstm__seed44,PMS2,P43246:392:K>M,0,0.61382484
train-clinvar+pg_dms__bilstm__seed44,PMS2,P43246:392:K>T,0,0.045793585
train-clinvar+pg_dms__bilstm__seed44,PMS2,P43246:392:K>C,0,0.01613179
train-clinvar+pg_dms__bilstm__seed44,PMS2,P43246:392:K>D,1,0.39289126
train-clinvar+pg_dms__bilstm__seed44,PMS2,P43246:392:K>F,0,0.039690077
train-clinvar+pg_dms__bilstm__seed44,PMS2,P43246:392:K>G,0,0.04374394
train-clinvar+pg_dms__bilstm__seed44,PMS2,P43246:392:K>H,0,0.029914843
train-clinvar+pg_dms__bilstm__seed44,PMS2,P43246:392:K>I,0,0.111388914
train-clinvar+pg_dms__bilstm__seed44,PMS2,P43246:392:K>P,0,0.50097656
train-clinvar+pg_dms__bilstm__seed44,PMS2,P43246:392:K>N,0,0.09627193
train-clinvar+pg_dms__bilstm__seed44,PMS2,P43246:392:K>L,0,0.0884813
train-clinvar+pg_dms__bilstm__seed44,PMS2,P43246:392:K>V,0,0.057619177
train-clinvar+pg_dms__bilstm__seed44,PMS2,P43246:392:K>A,0,0.037612762
train-clinvar+pg_dms__bilstm__seed44,PMS2,P43246:392:K>R,0,0.0009623946
train-clinvar+pg_dms__bilstm__seed44,PMS2,P43246:392:K>Q,0,0.007563793
train-clinvar+pg_dms__bilstm__seed44,PMS2,P43246:392:K>S,0,0.03788157
train-clinvar+pg_dms__bilstm__seed44,PMS2,P43246:392:K>Y,0,0.07120599
train-clinvar+pg_dms__bilstm__seed44,PMS2,P43246:392:K>W,0,0.40938714
train-clinvar+pg_dms__bilstm__seed44,PMS2,P43246:400:N>F,0,0.026869051
train-clinvar+pg_dms__bilstm__seed44,PMS2,P43246:400:N>W,0,0.37844324
train-clinvar+pg_dms__bilstm__seed44,PMS2,P43246:400:N>D,0,0.10755368
train-clinvar+pg_dms__bilstm__seed44,PMS2,P43246:400:N>E,0,0.14395031
train-clinvar+pg_dms__bilstm__seed44,PMS2,P43246:400:N>G,0,0.0130513
train-clinvar+pg_dms__bilstm__seed44,PMS2,P43246:400:N>H,0,0.017619347
train-clinvar+pg_dms__bilstm__seed44,PMS2,P43246:400:N>I,0,0.02900077
train-clinvar+pg_dms__bilstm__seed44,PMS2,P43246:400:N>K,0,0.21408257
train-clinvar+pg_dms__bilstm__seed44,PMS2,P43246:400:N>L,0,0.03021232
train-clinvar+pg_dms__bilstm__seed44,PMS2,P43246:400:N>M,0,0.19270626
train-clinvar+pg_dms__bilstm__seed44,PMS2,P43246:400:N>P,0,0.29587492
train-clinvar+pg_dms__bilstm__seed44,PMS2,P43246:400:N>Q,0,0.024040503
train-clinvar+pg_dms__bilstm__seed44,PMS2,P43246:400:N>R,0,0.031143053
train-clinvar+pg_dms__bilstm__seed44,PMS2,P43246:400:N>S,0,0.022337586
train-clinvar+pg_dms__bilstm__seed44,PMS2,P43246:400:N>T,0,0.007911374
train-clinvar+pg_dms__bilstm__seed44,PMS2,P43246:400:N>V,0,0.025796065
train-clinvar+pg_dms__bilstm__seed44,PMS2,P43246:400:N>A,0,0.012517536
train-clinvar+pg_dms__bilstm__seed44,PMS2,P43246:400:N>C,0,0.0059353802
train-clinvar+pg_dms__bilstm__seed44,PMS2,P43246:400:N>Y,0,0.026286561
train-clinvar+pg_dms__bilstm__seed44,PMS2,P43246:408:Y>K,0,0.71863604
train-clinvar+pg_dms__bilstm__seed44,PMS2,P43246:408:Y>I,0,0.637133
train-clinvar+pg_dms__bilstm__seed44,PMS2,P43246:408:Y>D,0,0.82331246
train-clinvar+pg_dms__bilstm__seed44,PMS2,P43246:408:Y>E,0,0.71072006
train-clinvar+pg_dms__bilstm__seed44,PMS2,P43246:408:Y>L,0,0.43658596
train-clinvar+pg_dms__bilstm__seed44,PMS2,P43246:408:Y>G,0,0.36734295
train-clinvar+pg_dms__bilstm__seed44,PMS2,P43246:408:Y>M,0,0.65613985
train-clinvar+pg_dms__bilstm__seed44,PMS2,P43246:408:Y>P,1,0.89274997
train-clinvar+pg_dms__bilstm__seed44,PMS2,P43246:408:Y>N,0,0.48590636
train-clinvar+pg_dms__bilstm__seed44,PMS2,P43246:408:Y>C,0,0.33748406
train-clinvar+pg_dms__bilstm__seed44,PMS2,P43246:408:Y>W,0,0.4334873
train-clinvar+pg_dms__bilstm__seed44,PMS2,P43246:408:Y>V,0,0.49325126
train-clinvar+pg_dms__bilstm__seed44,PMS2,P43246:408:Y>A,0,0.4524412
train-clinvar+pg_dms__bilstm__seed44,PMS2,P43246:408:Y>R,0,0.6605736
train-clinvar+pg_dms__bilstm__seed44,PMS2,P43246:408:Y>Q,0,0.5830722
train-clinvar+pg_dms__bilstm__seed44,PMS2,P43246:408:Y>T,0,0.5291186
train-clinvar+pg_dms__bilstm__seed44,PMS2,P43246:410:G>Y,0,0.54573673
train-clinvar+pg_dms__bilstm__seed44,PMS2,P43246:410:G>V,0,0.22927028
train-clinvar+pg_dms__bilstm__seed44,PMS2,P43246:410:G>T,0,0.023812383
train-clinvar+pg_dms__bilstm__seed44,PMS2,P43246:410:G>S,0,0.016303305
train-clinvar+pg_dms__bilstm__seed44,PMS2,P43246:410:G>R,0,0.88271016
train-clinvar+pg_dms__bilstm__seed44,PMS2,P43246:410:G>Q,0,0.5866807
train-clinvar+pg_dms__bilstm__seed44,PMS2,P43246:410:G>P,0,0.9519177
train-clinvar+pg_dms__bilstm__seed44,PMS2,P43246:410:G>M,0,0.42534038
train-clinvar+pg_dms__bilstm__seed44,PMS2,P43246:410:G>L,0,0.2128666
train-clinvar+pg_dms__bilstm__seed44,PMS2,P43246:410:G>K,0,0.8647482
train-clinvar+pg_dms__bilstm__seed44,PMS2,P43246:410:G>H,1,0.6840602
train-clinvar+pg_dms__bilstm__seed44,PMS2,P43246:410:G>F,0,0.32288286
train-clinvar+pg_dms__bilstm__seed44,PMS2,P43246:410:G>C,0,0.13901053
train-clinvar+pg_dms__bilstm__seed44,PMS2,P43246:410:G>A,0,0.015519726
train-clinvar+pg_dms__bilstm__seed44,PMS2,P43246:410:G>N,0,0.32317588
train-clinvar+pg_dms__bilstm__seed44,PMS2,P43246:410:G>I,0,0.072676495
train-clinvar+pg_dms__bilstm__seed44,PMS2,P43246:410:G>W,1,0.65202135
train-clinvar+pg_dms__bilstm__seed44,PMS2,P43246:413:Q>Y,0,0.034317333
train-clinvar+pg_dms__bilstm__seed44,PMS2,P43246:413:Q>W,0,0.38836256
train-clinvar+pg_dms__bilstm__seed44,PMS2,P43246:413:Q>V,0,0.029894216
train-clinvar+pg_dms__bilstm__seed44,PMS2,P43246:413:Q>H,0,0.025931962
train-clinvar+pg_dms__bilstm__seed44,PMS2,P43246:413:Q>S,0,0.0109248515
train-clinvar+pg_dms__bilstm__seed44,PMS2,P43246:413:Q>T,0,0.02036853
train-clinvar+pg_dms__bilstm__seed44,PMS2,P43246:413:Q>N,0,0.027461512
train-clinvar+pg_dms__bilstm__seed44,PMS2,P43246:413:Q>M,0,0.22343647
train-clinvar+pg_dms__bilstm__seed44,PMS2,P43246:413:Q>L,0,0.025765447
train-clinvar+pg_dms__bilstm__seed44,PMS2,P43246:413:Q>K,0,0.04919515
train-clinvar+pg_dms__bilstm__seed44,PMS2,P43246:413:Q>I,0,0.041909497
train-clinvar+pg_dms__bilstm__seed44,PMS2,P43246:413:Q>R,0,0.01042328
train-clinvar+pg_dms__bilstm__seed44,PMS2,P43246:413:Q>G,0,0.028175423
train-clinvar+pg_dms__bilstm__seed44,PMS2,P43246:413:Q>D,0,0.2777568
train-clinvar+pg_dms__bilstm__seed44,PMS2,P43246:413:Q>C,0,0.012825059
train-clinvar+pg_dms__bilstm__seed44,PMS2,P43246:413:Q>A,0,0.015113727
train-clinvar+pg_dms__bilstm__seed44,PMS2,P43246:413:Q>P,0,0.6079548
train-clinvar+pg_dms__bilstm__seed44,PMS2,P43246:420:A>F,0,0.06774537
train-clinvar+pg_dms__bilstm__seed44,PMS2,P43246:420:A>Y,0,0.23803085
train-clinvar+pg_dms__bilstm__seed44,PMS2,P43246:420:A>G,0,0.091601215
train-clinvar+pg_dms__bilstm__seed44,PMS2,P43246:420:A>S,0,0.22952591
train-clinvar+pg_dms__bilstm__seed44,PMS2,P43246:420:A>V,0,0.29454955
train-clinvar+pg_dms__bilstm__seed44,PMS2,P43246:420:A>T,0,0.0502584
train-clinvar+pg_dms__bilstm__seed44,PMS2,P43246:420:A>H,0,0.2836571
train-clinvar+pg_dms__bilstm__seed44,PMS2,P43246:420:A>P,0,0.92390853
train-clinvar+pg_dms__bilstm__seed44,PMS2,P43246:420:A>N,0,0.154317
train-clinvar+pg_dms__bilstm__seed44,PMS2,P43246:420:A>M,0,0.3170912
train-clinvar+pg_dms__bilstm__seed44,PMS2,P43246:420:A>L,0,0.10652551
train-clinvar+pg_dms__bilstm__seed44,PMS2,P43246:420:A>W,0,0.5544188
train-clinvar+pg_dms__bilstm__seed44,PMS2,P43246:420:A>R,0,0.39189723
train-clinvar+pg_dms__bilstm__seed44,PMS2,P43246:420:A>I,0,0.101867445
train-clinvar+pg_dms__bilstm__seed44,PMS2,P43246:420:A>D,0,0.42690808
train-clinvar+pg_dms__bilstm__seed44,PMS2,P43246:420:A>C,0,0.046675824
train-clinvar+pg_dms__bilstm__seed44,PMS2,P43246:420:A>K,0,0.4966597
train-clinvar+pg_dms__bilstm__seed44,PMS2,P43246:420:A>E,0,0.25298584
train-clinvar+pg_dms__bilstm__seed44,PMS2,P43246:427:K>F,0,0.022551533
train-clinvar+pg_dms__bilstm__seed44,PMS2,P43246:427:K>G,0,0.018799866
train-clinvar+pg_dms__bilstm__seed44,PMS2,P43246:427:K>W,0,0.2576881
train-clinvar+pg_dms__bilstm__seed44,PMS2,P43246:427:K>L,0,0.0321759
train-clinvar+pg_dms__bilstm__seed44,PMS2,P43246:427:K>M,0,0.13999292
train-clinvar+pg_dms__bilstm__seed44,PMS2,P43246:427:K>N,0,0.088458106
train-clinvar+pg_dms__bilstm__seed44,PMS2,P43246:427:K>P,0,0.069052346
train-clinvar+pg_dms__bilstm__seed44,PMS2,P43246:427:K>R,0,0.0110472785
train-clinvar+pg_dms__bilstm__seed44,PMS2,P43246:427:K>S,0,0.007793269
train-clinvar+pg_dms__bilstm__seed44,PMS2,P43246:427:K>H,0,0.025857272
train-clinvar+pg_dms__bilstm__seed44,PMS2,P43246:427:K>T,0,0.016907629
train-clinvar+pg_dms__bilstm__seed44,PMS2,P43246:427:K>A,0,0.013032174
train-clinvar+pg_dms__bilstm__seed44,PMS2,P43246:427:K>Y,0,0.032017406
train-clinvar+pg_dms__bilstm__seed44,PMS2,P43246:427:K>D,0,0.07447118
train-clinvar+pg_dms__bilstm__seed44,PMS2,P43246:427:K>C,0,0.011387544
train-clinvar+pg_dms__bilstm__seed44,PMS2,P43246:427:K>V,0,0.0284318
train-clinvar+pg_dms__bilstm__seed44,PMS2,P43246:427:K>I,0,0.028567502
train-clinvar+pg_dms__bilstm__seed44,PMS2,P43246:429:Q>V,0,0.13341624
train-clinvar+pg_dms__bilstm__seed44,PMS2,P43246:429:Q>A,0,0.038978044
train-clinvar+pg_dms__bilstm__seed44,PMS2,P43246:429:Q>C,0,0.058438662
train-clinvar+pg_dms__bilstm__seed44,PMS2,P43246:429:Q>D,0,0.20661478
train-clinvar+pg_dms__bilstm__seed44,PMS2,P43246:429:Q>E,0,0.080795474
train-clinvar+pg_dms__bilstm__seed44,PMS2,P43246:429:Q>W,0,0.35258314
train-clinvar+pg_dms__bilstm__seed44,PMS2,P43246:429:Q>F,0,0.16075449
train-clinvar+pg_dms__bilstm__seed44,PMS2,P43246:429:Q>G,0,0.043773428
train-clinvar+pg_dms__bilstm__seed44,PMS2,P43246:429:Q>I,0,0.17396459
train-clinvar+pg_dms__bilstm__seed44,PMS2,P43246:429:Q>K,1,0.21031111
train-clinvar+pg_dms__bilstm__seed44,PMS2,P43246:429:Q>L,0,0.08356826
train-clinvar+pg_dms__bilstm__seed44,PMS2,P43246:429:Q>M,0,0.3472325
train-clinvar+pg_dms__bilstm__seed44,PMS2,P43246:429:Q>N,0,0.07851815
train-clinvar+pg_dms__bilstm__seed44,PMS2,P43246:429:Q>P,0,0.21565785
train-clinvar+pg_dms__bilstm__seed44,PMS2,P43246:429:Q>R,0,0.023187414
train-clinvar+pg_dms__bilstm__seed44,PMS2,P43246:429:Q>S,0,0.023446746
train-clinvar+pg_dms__bilstm__seed44,PMS2,P43246:429:Q>T,0,0.051325664
train-clinvar+pg_dms__bilstm__seed44,PMS2,P43246:429:Q>Y,0,0.10263427
train-clinvar+pg_dms__bilstm__seed44,PMS2,P43246:443:L>R,0,0.40157416
train-clinvar+pg_dms__bilstm__seed44,PMS2,P43246:443:L>Y,0,0.17745623
train-clinvar+pg_dms__bilstm__seed44,PMS2,P43246:443:L>K,0,0.7209687
train-clinvar+pg_dms__bilstm__seed44,PMS2,P43246:443:L>S,0,0.08121475
train-clinvar+pg_dms__bilstm__seed44,PMS2,P43246:443:L>Q,1,0.10636006
train-clinvar+pg_dms__bilstm__seed44,PMS2,P43246:443:L>P,1,0.97506386
train-clinvar+pg_dms__bilstm__seed44,PMS2,P43246:443:L>H,0,0.17409132
train-clinvar+pg_dms__bilstm__seed44,PMS2,P43246:443:L>E,0,0.6589122
train-clinvar+pg_dms__bilstm__seed44,PMS2,P43246:443:L>C,0,0.03432534
train-clinvar+pg_dms__bilstm__seed44,PMS2,P43246:443:L>T,0,0.08600689
train-clinvar+pg_dms__bilstm__seed44,PMS2,P43246:452:E>V,0,0.298935
train-clinvar+pg_dms__bilstm__seed44,PMS2,P43246:452:E>P,0,0.7348505
train-clinvar+pg_dms__bilstm__seed44,PMS2,P43246:452:E>T,0,0.18565454
train-clinvar+pg_dms__bilstm__seed44,PMS2,P43246:452:E>S,0,0.13581328
train-clinvar+pg_dms__bilstm__seed44,PMS2,P43246:452:E>R,0,0.31188568
train-clinvar+pg_dms__bilstm__seed44,PMS2,P43246:452:E>Q,0,0.09454785
train-clinvar+pg_dms__bilstm__seed44,PMS2,P43246:452:E>M,0,0.5673691
train-clinvar+pg_dms__bilstm__seed44,PMS2,P43246:452:E>K,0,0.5542903
train-clinvar+pg_dms__bilstm__seed44,PMS2,P43246:452:E>I,0,0.427376
train-clinvar+pg_dms__bilstm__seed44,PMS2,P43246:452:E>H,0,0.4058087
train-clinvar+pg_dms__bilstm__seed44,PMS2,P43246:452:E>G,0,0.14242049
train-clinvar+pg_dms__bilstm__seed44,PMS2,P43246:452:E>D,0,0.19033629
train-clinvar+pg_dms__bilstm__seed44,PMS2,P43246:452:E>C,0,0.20934375
train-clinvar+pg_dms__bilstm__seed44,PMS2,P43246:452:E>A,0,0.11466371
train-clinvar+pg_dms__bilstm__seed44,PMS2,P43246:452:E>W,0,0.6124119
train-clinvar+pg_dms__bilstm__seed44,PMS2,P43246:452:E>L,0,0.3606843
train-clinvar+pg_dms__bilstm__seed44,PMS2,P43246:452:E>Y,0,0.4033004
train-clinvar+pg_dms__bilstm__seed44,PMS2,P43246:455:E>R,0,0.07500917
train-clinvar+pg_dms__bilstm__seed44,PMS2,P43246:455:E>W,1,0.5769749
train-clinvar+pg_dms__bilstm__seed44,PMS2,P43246:455:E>P,0,0.717838
train-clinvar+pg_dms__bilstm__seed44,PMS2,P43246:455:E>N,0,0.10031533
train-clinvar+pg_dms__bilstm__seed44,PMS2,P43246:455:E>M,1,0.46049196
train-clinvar+pg_dms__bilstm__seed44,PMS2,P43246:455:E>L,0,0.21766785
train-clinvar+pg_dms__bilstm__seed44,PMS2,P43246:455:E>I,0,0.18404363
train-clinvar+pg_dms__bilstm__seed44,PMS2,P43246:455:E>H,0,0.22102103
train-clinvar+pg_dms__bilstm__seed44,PMS2,P43246:455:E>G,0,0.029346788
train-clinvar+pg_dms__bilstm__seed44,PMS2,P43246:455:E>F,0,0.1972472
train-clinvar+pg_dms__bilstm__seed44,PMS2,P43246:455:E>C,0,0.10121086
train-clinvar+pg_dms__bilstm__seed44,PMS2,P43246:455:E>A,0,0.009669477
train-clinvar+pg_dms__bilstm__seed44,PMS2,P43246:455:E>T,0,0.06979607
train-clinvar+pg_dms__bilstm__seed44,PMS2,P43246:455:E>V,0,0.10046827
train-clinvar+pg_dms__bilstm__seed44,PMS2,P43246:455:E>S,0,0.015855767
train-clinvar+pg_dms__bilstm__seed44,PMS2,P43246:455:E>Y,0,0.23959486
train-clinvar+pg_dms__bilstm__seed44,PMS2,P43246:456:T>A,0,0.08988439
train-clinvar+pg_dms__bilstm__seed44,PMS2,P43246:456:T>E,0,0.22809774
train-clinvar+pg_dms__bilstm__seed44,PMS2,P43246:456:T>G,0,0.07206383
train-clinvar+pg_dms__bilstm__seed44,PMS2,P43246:456:T>H,0,0.19791344
train-clinvar+pg_dms__bilstm__seed44,PMS2,P43246:456:T>I,0,0.43081883
train-clinvar+pg_dms__bilstm__seed44,PMS2,P43246:456:T>L,0,0.10115535
train-clinvar+pg_dms__bilstm__seed44,PMS2,P43246:456:T>M,0,0.16217227
train-clinvar+pg_dms__bilstm__seed44,PMS2,P43246:456:T>N,0,0.05255938
train-clinvar+pg_dms__bilstm__seed44,PMS2,P43246:456:T>P,1,0.68241364
train-clinvar+pg_dms__bilstm__seed44,PMS2,P43246:456:T>Y,0,0.19190478
train-clinvar+pg_dms__bilstm__seed44,PMS2,P43246:456:T>W,0,0.54482526
train-clinvar+pg_dms__bilstm__seed44,PMS2,P43246:456:T>V,0,0.1520389
train-clinvar+pg_dms__bilstm__seed44,PMS2,P43246:456:T>Q,0,0.037715383
train-clinvar+pg_dms__bilstm__seed44,PMS2,P43246:456:T>R,0,0.15226138
train-clinvar+pg_dms__bilstm__seed44,PMS2,P43246:456:T>S,0,0.015152736
train-clinvar+pg_dms__bilstm__seed44,PMS2,P43246:456:T>C,0,0.10061763
train-clinvar+pg_dms__bilstm__seed44,PMS2,P43246:456:T>D,0,0.41847467
train-clinvar+pg_dms__bilstm__seed44,PMS2,P43246:465:N>V,0,0.09352644
train-clinvar+pg_dms__bilstm__seed44,PMS2,P43246:465:N>T,0,0.052220553
train-clinvar+pg_dms__bilstm__seed44,PMS2,P43246:465:N>S,0,0.08909397
train-clinvar+pg_dms__bilstm__seed44,PMS2,P43246:465:N>R,0,0.03522772
train-clinvar+pg_dms__bilstm__seed44,PMS2,P43246:465:N>Q,0,0.038509026
train-clinvar+pg_dms__bilstm__seed44,PMS2,P43246:465:N>P,1,0.3927824
train-clinvar+pg_dms__bilstm__seed44,PMS2,P43246:465:N>A,0,0.038915344
train-clinvar+pg_dms__bilstm__seed44,PMS2,P43246:465:N>C,0,0.02872426
train-clinvar+pg_dms__bilstm__seed44,PMS2,P43246:465:N>K,0,0.17330654
train-clinvar+pg_dms__bilstm__seed44,PMS2,P43246:465:N>I,0,0.09998768
train-clinvar+pg_dms__bilstm__seed44,PMS2,P43246:465:N>H,0,0.04213672
train-clinvar+pg_dms__bilstm__seed44,PMS2,P43246:465:N>G,0,0.054556504
train-clinvar+pg_dms__bilstm__seed44,PMS2,P43246:465:N>E,0,0.1504915
train-clinvar+pg_dms__bilstm__seed44,PMS2,P43246:465:N>D,0,0.11874685
train-clinvar+pg_dms__bilstm__seed44,PMS2,P43246:465:N>L,0,0.09533717
train-clinvar+pg_dms__bilstm__seed44,PMS2,P43246:465:N>M,0,0.22985087
train-clinvar+pg_dms__bilstm__seed44,PMS2,P43246:465:N>Y,0,0.0402647
train-clinvar+pg_dms__bilstm__seed44,PMS2,P43246:465:N>W,0,0.35186687
train-clinvar+pg_dms__bilstm__seed44,PMS2,P43246:466:H>N,0,0.3104518
train-clinvar+pg_dms__bilstm__seed44,PMS2,P43246:466:H>M,0,0.4699303
train-clinvar+pg_dms__bilstm__seed44,PMS2,P43246:466:H>L,0,0.3640184
train-clinvar+pg_dms__bilstm__seed44,PMS2,P43246:466:H>K,0,0.34939164
train-clinvar+pg_dms__bilstm__seed44,PMS2,P43246:466:H>I,0,0.43414333
train-clinvar+pg_dms__bilstm__seed44,PMS2,P43246:466:H>G,0,0.28165385
train-clinvar+pg_dms__bilstm__seed44,PMS2,P43246:466:H>E,0,0.45088825
train-clinvar+pg_dms__bilstm__seed44,PMS2,P43246:466:H>D,0,0.46611205
train-clinvar+pg_dms__bilstm__seed44,PMS2,P43246:466:H>C,0,0.20035332
train-clinvar+pg_dms__bilstm__seed44,PMS2,P43246:466:H>R,0,0.13915953
train-clinvar+pg_dms__bilstm__seed44,PMS2,P43246:466:H>S,0,0.2978844
train-clinvar+pg_dms__bilstm__seed44,PMS2,P43246:466:H>T,0,0.40022084
train-clinvar+pg_dms__bilstm__seed44,PMS2,P43246:466:H>V,0,0.41635835
train-clinvar+pg_dms__bilstm__seed44,PMS2,P43246:466:H>W,1,0.46609858
train-clinvar+pg_dms__bilstm__seed44,PMS2,P43246:466:H>Y,0,0.19863807
train-clinvar+pg_dms__bilstm__seed44,PMS2,P43246:466:H>A,0,0.3605521
train-clinvar+pg_dms__bilstm__seed44,PMS2,P43246:466:H>Q,0,0.27743283
train-clinvar+pg_dms__bilstm__seed44,PMS2,P43246:466:H>P,1,0.5033173
train-clinvar+pg_dms__bilstm__seed44,PMS2,P43246:468:F>D,1,0.7681356
train-clinvar+pg_dms__bilstm__seed44,PMS2,P43246:468:F>E,1,0.74747396
train-clinvar+pg_dms__bilstm__seed44,PMS2,P43246:468:F>G,1,0.6556039
train-clinvar+pg_dms__bilstm__seed44,PMS2,P43246:468:F>H,0,0.66503745
train-clinvar+pg_dms__bilstm__seed44,PMS2,P43246:468:F>I,0,0.6560926
train-clinvar+pg_dms__bilstm__seed44,PMS2,P43246:468:F>M,0,0.7158036
train-clinvar+pg_dms__bilstm__seed44,PMS2,P43246:468:F>L,0,0.79499084
train-clinvar+pg_dms__bilstm__seed44,PMS2,P43246:468:F>W,0,0.6317244
train-clinvar+pg_dms__bilstm__seed44,PMS2,P43246:468:F>V,0,0.6683602
train-clinvar+pg_dms__bilstm__seed44,PMS2,P43246:468:F>T,1,0.6560791
train-clinvar+pg_dms__bilstm__seed44,PMS2,P43246:468:F>S,1,0.6815566
train-clinvar+pg_dms__bilstm__seed44,PMS2,P43246:468:F>P,0,0.841513
train-clinvar+pg_dms__bilstm__seed44,PMS2,P43246:468:F>C,0,0.60942584
train-clinvar+pg_dms__bilstm__seed44,PMS2,P43246:468:F>N,1,0.6987384
train-clinvar+pg_dms__bilstm__seed44,PMS2,P43246:468:F>K,0,0.7178523
train-clinvar+pg_dms__bilstm__seed44,PMS2,P43246:468:F>Y,0,0.076002985
train-clinvar+pg_dms__bilstm__seed44,PMS2,P43246:468:F>A,0,0.67729914
train-clinvar+pg_dms__bilstm__seed44,PMS2,P43246:468:F>R,0,0.71998554
train-clinvar+pg_dms__bilstm__seed44,PMS2,P43246:473:S>D,0,0.36828732
train-clinvar+pg_dms__bilstm__seed44,PMS2,P43246:473:S>Y,0,0.23026441
train-clinvar+pg_dms__bilstm__seed44,PMS2,P43246:473:S>W,0,0.5277147
train-clinvar+pg_dms__bilstm__seed44,PMS2,P43246:473:S>V,0,0.21668649
train-clinvar+pg_dms__bilstm__seed44,PMS2,P43246:473:S>T,0,0.09513026
train-clinvar+pg_dms__bilstm__seed44,PMS2,P43246:473:S>A,0,0.0655503
train-clinvar+pg_dms__bilstm__seed44,PMS2,P43246:473:S>C,0,0.058973297
train-clinvar+pg_dms__bilstm__seed44,PMS2,P43246:473:S>E,0,0.34111434
train-clinvar+pg_dms__bilstm__seed44,PMS2,P43246:473:S>G,0,0.08664189
train-clinvar+pg_dms__bilstm__seed44,PMS2,P43246:473:S>R,0,0.41036952
train-clinvar+pg_dms__bilstm__seed44,PMS2,P43246:473:S>Q,0,0.29274434
train-clinvar+pg_dms__bilstm__seed44,PMS2,P43246:473:S>P,0,0.5539231
train-clinvar+pg_dms__bilstm__seed44,PMS2,P43246:473:S>N,0,0.14042231
train-clinvar+pg_dms__bilstm__seed44,PMS2,P43246:473:S>M,0,0.36170423
train-clinvar+pg_dms__bilstm__seed44,PMS2,P43246:473:S>L,0,0.27547896
train-clinvar+pg_dms__bilstm__seed44,PMS2,P43246:473:S>K,0,0.4708433
train-clinvar+pg_dms__bilstm__seed44,PMS2,P43246:473:S>I,0,0.2601874
train-clinvar+pg_dms__bilstm__seed44,PMS2,P43246:473:S>H,0,0.30554542
train-clinvar+pg_dms__bilstm__seed44,PMS2,P43246:473:S>F,0,0.22088407
train-clinvar+pg_dms__bilstm__seed44,PMS2,P43246:475:D>C,0,0.22677562
train-clinvar+pg_dms__bilstm__seed44,PMS2,P43246:475:D>S,0,0.20347632
train-clinvar+pg_dms__bilstm__seed44,PMS2,P43246:475:D>V,0,0.66731054
train-clinvar+pg_dms__bilstm__seed44,PMS2,P43246:475:D>W,0,0.6043439
train-clinvar+pg_dms__bilstm__seed44,PMS2,P43246:475:D>Y,0,0.3316418
train-clinvar+pg_dms__bilstm__seed44,PMS2,P43246:475:D>R,0,0.3640779
train-clinvar+pg_dms__bilstm__seed44,PMS2,P43246:475:D>Q,0,0.33193085
train-clinvar+pg_dms__bilstm__seed44,PMS2,P43246:475:D>T,0,0.33182278
train-clinvar+pg_dms__bilstm__seed44,PMS2,P43246:475:D>N,0,0.2492682
train-clinvar+pg_dms__bilstm__seed44,PMS2,P43246:475:D>F,0,0.296009
train-clinvar+pg_dms__bilstm__seed44,PMS2,P43246:475:D>M,0,0.6234664
train-clinvar+pg_dms__bilstm__seed44,PMS2,P43246:475:D>L,0,0.4186968
train-clinvar+pg_dms__bilstm__seed44,PMS2,P43246:475:D>K,0,0.52938807
train-clinvar+pg_dms__bilstm__seed44,PMS2,P43246:475:D>I,0,0.49611217
train-clinvar+pg_dms__bilstm__seed44,PMS2,P43246:475:D>P,1,0.7208011
train-clinvar+pg_dms__bilstm__seed44,PMS2,P43246:475:D>E,0,0.71183753
train-clinvar+pg_dms__bilstm__seed44,PMS2,P43246:475:D>G,0,0.34496075
train-clinvar+pg_dms__bilstm__seed44,PMS2,P43246:475:D>H,0,0.5538315
train-clinvar+pg_dms__bilstm__seed44,PMS2,P43246:478:L>H,1,0.8722509
train-clinvar+pg_dms__bilstm__seed44,PMS2,P43246:478:L>I,0,0.654063
train-clinvar+pg_dms__bilstm__seed44,PMS2,P43246:478:L>K,1,0.9245812
train-clinvar+pg_dms__bilstm__seed44,PMS2,P43246:478:L>M,0,0.69309247
train-clinvar+pg_dms__bilstm__seed44,PMS2,P43246:478:L>N,1,0.9222797
train-clinvar+pg_dms__bilstm__seed44,PMS2,P43246:478:L>W,0,0.83007866
train-clinvar+pg_dms__bilstm__seed44,PMS2,P43246:478:L>Y,0,0.8922183
train-clinvar+pg_dms__bilstm__seed44,PMS2,P43246:478:L>T,1,0.8285703
train-clinvar+pg_dms__bilstm__seed44,PMS2,P43246:478:L>G,1,0.82710767
train-clinvar+pg_dms__bilstm__seed44,PMS2,P43246:478:L>S,1,0.9268991
train-clinvar+pg_dms__bilstm__seed44,PMS2,P43246:478:L>P,1,0.97427386
train-clinvar+pg_dms__bilstm__seed44,PMS2,P43246:478:L>F,0,0.9134353
train-clinvar+pg_dms__bilstm__seed44,PMS2,P43246:478:L>A,0,0.8681312
train-clinvar+pg_dms__bilstm__seed44,PMS2,P43246:478:L>D,1,0.9521403
train-clinvar+pg_dms__bilstm__seed44,PMS2,P43246:478:L>E,1,0.91905516
train-clinvar+pg_dms__bilstm__seed44,PMS2,P43246:478:L>Q,1,0.9085816
train-clinvar+pg_dms__bilstm__seed44,PMS2,P43246:478:L>C,0,0.790523
train-clinvar+pg_dms__bilstm__seed44,PMS2,P43246:484:I>T,0,0.2116179
train-clinvar+pg_dms__bilstm__seed44,PMS2,P43246:484:I>Y,0,0.0696164
train-clinvar+pg_dms__bilstm__seed44,PMS2,P43246:484:I>D,0,0.14126173
train-clinvar+pg_dms__bilstm__seed44,PMS2,P43246:484:I>F,1,0.023685524
train-clinvar+pg_dms__bilstm__seed44,PMS2,P43246:484:I>G,0,0.057657365
train-clinvar+pg_dms__bilstm__seed44,PMS2,P43246:484:I>H,0,0.059739083
train-clinvar+pg_dms__bilstm__seed44,PMS2,P43246:484:I>K,0,0.07711663
train-clinvar+pg_dms__bilstm__seed44,PMS2,P43246:484:I>L,0,0.048622422
train-clinvar+pg_dms__bilstm__seed44,PMS2,P43246:484:I>M,0,0.16285187
train-clinvar+pg_dms__bilstm__seed44,PMS2,P43246:484:I>C,0,0.033156693
train-clinvar+pg_dms__bilstm__seed44,PMS2,P43246:484:I>W,1,0.43726966
train-clinvar+pg_dms__bilstm__seed44,PMS2,P43246:484:I>P,0,0.9030952
train-clinvar+pg_dms__bilstm__seed44,PMS2,P43246:484:I>Q,0,0.03434443
train-clinvar+pg_dms__bilstm__seed44,PMS2,P43246:484:I>R,0,0.024332985
train-clinvar+pg_dms__bilstm__seed44,PMS2,P43246:484:I>S,0,0.01832109
train-clinvar+pg_dms__bilstm__seed44,PMS2,P43246:484:I>V,0,0.048716854
train-clinvar+pg_dms__bilstm__seed44,PMS2,P43246:484:I>N,0,0.03133611
train-clinvar+pg_dms__bilstm__seed44,PMS2,P43246:484:I>E,0,0.09668274
train-clinvar+pg_dms__bilstm__seed44,PMS2,P43246:484:I>A,0,0.035978228
train-clinvar+pg_dms__bilstm__seed44,PMS2,P43246:485:M>N,0,0.621312
train-clinvar+pg_dms__bilstm__seed44,PMS2,P43246:485:M>A,0,0.25056642
train-clinvar+pg_dms__bilstm__seed44,PMS2,P43246:485:M>K,0,0.21711968
train-clinvar+pg_dms__bilstm__seed44,PMS2,P43246:485:M>H,0,0.5486839
train-clinvar+pg_dms__bilstm__seed44,PMS2,P43246:485:M>F,1,0.31742078
train-clinvar+pg_dms__bilstm__seed44,PMS2,P43246:485:M>C,0,0.12974161
train-clinvar+pg_dms__bilstm__seed44,PMS2,P43246:485:M>P,1,0.9589874
train-clinvar+pg_dms__bilstm__seed44,PMS2,P43246:485:M>G,1,0.4439788
train-clinvar+pg_dms__bilstm__seed44,PMS2,P43246:485:M>S,0,0.34751537
train-clinvar+pg_dms__bilstm__seed44,PMS2,P43246:485:M>T,0,0.17979923
train-clinvar+pg_dms__bilstm__seed44,PMS2,P43246:485:M>V,0,0.24203205
train-clinvar+pg_dms__bilstm__seed44,PMS2,P43246:485:M>W,1,0.7193615
train-clinvar+pg_dms__bilstm__seed44,PMS2,P43246:485:M>Y,0,0.5695
train-clinvar+pg_dms__bilstm__seed44,PMS2,P43246:485:M>R,0,0.15866978
train-clinvar+pg_dms__bilstm__seed44,PMS2,P43246:485:M>L,0,0.22781546
train-clinvar+pg_dms__bilstm__seed44,PMS2,P43246:495:T>G,0,0.019840986
train-clinvar+pg_dms__bilstm__seed44,PMS2,P43246:495:T>F,0,0.008502371
train-clinvar+pg_dms__bilstm__seed44,PMS2,P43246:495:T>E,0,0.07114489
train-clinvar+pg_dms__bilstm__seed44,PMS2,P43246:495:T>D,0,0.23762758
train-clinvar+pg_dms__bilstm__seed44,PMS2,P43246:495:T>C,0,0.0061631356
train-clinvar+pg_dms__bilstm__seed44,PMS2,P43246:495:T>V,0,0.028454952
train-clinvar+pg_dms__bilstm__seed44,PMS2,P43246:495:T>Y,0,0.023323257
train-clinvar+pg_dms__bilstm__seed44,PMS2,P43246:495:T>H,0,0.032818478
train-clinvar+pg_dms__bilstm__seed44,PMS2,P43246:495:T>I,0,0.19504744
train-clinvar+pg_dms__bilstm__seed44,PMS2,P43246:495:T>K,0,0.09186196
train-clinvar+pg_dms__bilstm__seed44,PMS2,P43246:495:T>A,0,0.12931868
train-clinvar+pg_dms__bilstm__seed44,PMS2,P43246:495:T>M,0,0.15764552
train-clinvar+pg_dms__bilstm__seed44,PMS2,P43246:495:T>N,0,0.019639136
train-clinvar+pg_dms__bilstm__seed44,PMS2,P43246:495:T>P,1,0.9119659
train-clinvar+pg_dms__bilstm__seed44,PMS2,P43246:495:T>Q,0,0.014257298
train-clinvar+pg_dms__bilstm__seed44,PMS2,P43246:495:T>R,0,0.017922305
train-clinvar+pg_dms__bilstm__seed44,PMS2,P43246:495:T>S,0,0.008549535
train-clinvar+pg_dms__bilstm__seed44,PMS2,P43246:495:T>W,0,0.48557228
train-clinvar+pg_dms__bilstm__seed44,PMS2,P43246:495:T>L,0,0.029833797
train-clinvar+pg_dms__bilstm__seed44,PMS2,P43246:505:L>P,1,0.9000274
train-clinvar+pg_dms__bilstm__seed44,PMS2,P43246:505:L>Q,0,0.16664238
train-clinvar+pg_dms__bilstm__seed44,PMS2,P43246:505:L>C,0,0.08319894
train-clinvar+pg_dms__bilstm__seed44,PMS2,P43246:505:L>D,1,0.86910516
train-clinvar+pg_dms__bilstm__seed44,PMS2,P43246:505:L>E,1,0.70235217
train-clinvar+pg_dms__bilstm__seed44,PMS2,P43246:505:L>F,0,0.03339532
train-clinvar+pg_dms__bilstm__seed44,PMS2,P43246:505:L>G,0,0.5309189
train-clinvar+pg_dms__bilstm__seed44,PMS2,P43246:505:L>H,0,0.46208715
train-clinvar+pg_dms__bilstm__seed44,PMS2,P43246:505:L>I,0,0.03539924
train-clinvar+pg_dms__bilstm__seed44,PMS2,P43246:505:L>K,0,0.6771365
train-clinvar+pg_dms__bilstm__seed44,PMS2,P43246:505:L>M,0,0.08731049
train-clinvar+pg_dms__bilstm__seed44,PMS2,P43246:505:L>V,0,0.034956604
train-clinvar+pg_dms__bilstm__seed44,PMS2,P43246:505:L>T,0,0.13322511
train-clinvar+pg_dms__bilstm__seed44,PMS2,P43246:505:L>S,0,0.35746187
train-clinvar+pg_dms__bilstm__seed44,PMS2,P43246:505:L>R,0,0.6001598
train-clinvar+pg_dms__bilstm__seed44,PMS2,P43246:505:L>A,0,0.16035451
train-clinvar+pg_dms__bilstm__seed44,PMS2,P43246:505:L>Y,0,0.43281603
train-clinvar+pg_dms__bilstm__seed44,PMS2,P43246:509:K>D,0,0.5289751
train-clinvar+pg_dms__bilstm__seed44,PMS2,P43246:509:K>L,0,0.2914325
train-clinvar+pg_dms__bilstm__seed44,PMS2,P43246:509:K>M,0,0.43814054
train-clinvar+pg_dms__bilstm__seed44,PMS2,P43246:509:K>N,0,0.26321164
train-clinvar+pg_dms__bilstm__seed44,PMS2,P43246:509:K>P,0,0.6023873
train-clinvar+pg_dms__bilstm__seed44,PMS2,P43246:509:K>Q,0,0.1664047
train-clinvar+pg_dms__bilstm__seed44,PMS2,P43246:509:K>R,0,0.019256162
train-clinvar+pg_dms__bilstm__seed44,PMS2,P43246:509:K>E,0,0.337596
train-clinvar+pg_dms__bilstm__seed44,PMS2,P43246:509:K>S,0,0.18956499
train-clinvar+pg_dms__bilstm__seed44,PMS2,P43246:509:K>T,0,0.24811232
train-clinvar+pg_dms__bilstm__seed44,PMS2,P43246:509:K>V,0,0.2949631
train-clinvar+pg_dms__bilstm__seed44,PMS2,P43246:509:K>C,0,0.14693336
train-clinvar+pg_dms__bilstm__seed44,PMS2,P43246:509:K>W,0,0.48127478
train-clinvar+pg_dms__bilstm__seed44,PMS2,P43246:509:K>Y,0,0.25453228
train-clinvar+pg_dms__bilstm__seed44,PMS2,P43246:509:K>G,0,0.23081906
train-clinvar+pg_dms__bilstm__seed44,PMS2,P43246:509:K>H,0,0.21450666
train-clinvar+pg_dms__bilstm__seed44,PMS2,P43246:509:K>A,0,0.24160291
train-clinvar+pg_dms__bilstm__seed44,PMS2,P43246:509:K>I,0,0.33646193
train-clinvar+pg_dms__bilstm__seed44,PMS2,P43246:525:V>P,1,0.95584416
train-clinvar+pg_dms__bilstm__seed44,PMS2,P43246:525:V>Y,1,0.892903
train-clinvar+pg_dms__bilstm__seed44,PMS2,P43246:525:V>H,1,0.88591343
train-clinvar+pg_dms__bilstm__seed44,PMS2,P43246:525:V>G,0,0.77455145
train-clinvar+pg_dms__bilstm__seed44,PMS2,P43246:525:V>R,1,0.8894354
train-clinvar+pg_dms__bilstm__seed44,PMS2,P43246:525:V>S,0,0.8465262
train-clinvar+pg_dms__bilstm__seed44,PMS2,P43246:525:V>W,0,0.9009396
train-clinvar+pg_dms__bilstm__seed44,PMS2,P43246:525:V>K,1,0.90388495
train-clinvar+pg_dms__bilstm__seed44,PMS2,P43246:525:V>F,0,0.80119634
train-clinvar+pg_dms__bilstm__seed44,PMS2,P43246:525:V>E,1,0.89479065
train-clinvar+pg_dms__bilstm__seed44,PMS2,P43246:525:V>D,1,0.9450085
train-clinvar+pg_dms__bilstm__seed44,PMS2,P43246:525:V>C,0,0.6893585
train-clinvar+pg_dms__bilstm__seed44,PMS2,P43246:525:V>A,0,0.74638784
train-clinvar+pg_dms__bilstm__seed44,PMS2,P43246:525:V>M,0,0.7901983
train-clinvar+pg_dms__bilstm__seed44,PMS2,P43246:525:V>N,1,0.8823633
train-clinvar+pg_dms__bilstm__seed44,PMS2,P43246:525:V>L,0,0.3971902
train-clinvar+pg_dms__bilstm__seed44,PMS2,P43246:525:V>T,0,0.71849626
train-clinvar+pg_dms__bilstm__seed44,PMS2,P43246:531:K>Y,0,0.4691697
train-clinvar+pg_dms__bilstm__seed44,PMS2,P43246:531:K>W,0,0.60545784
train-clinvar+pg_dms__bilstm__seed44,PMS2,P43246:531:K>V,0,0.4476474
train-clinvar+pg_dms__bilstm__seed44,PMS2,P43246:531:K>T,0,0.28506446
train-clinvar+pg_dms__bilstm__seed44,PMS2,P43246:531:K>S,0,0.35029328
train-clinvar+pg_dms__bilstm__seed44,PMS2,P43246:531:K>P,0,0.6237381
train-clinvar+pg_dms__bilstm__seed44,PMS2,P43246:531:K>R,0,0.024808962
train-clinvar+pg_dms__bilstm__seed44,PMS2,P43246:531:K>G,0,0.3161194
train-clinvar+pg_dms__bilstm__seed44,PMS2,P43246:531:K>H,0,0.33116427
train-clinvar+pg_dms__bilstm__seed44,PMS2,P43246:531:K>F,0,0.4162395
train-clinvar+pg_dms__bilstm__seed44,PMS2,P43246:531:K>L,0,0.46059492
train-clinvar+pg_dms__bilstm__seed44,PMS2,P43246:531:K>M,0,0.54795235
train-clinvar+pg_dms__bilstm__seed44,PMS2,P43246:531:K>D,1,0.5891374
train-clinvar+pg_dms__bilstm__seed44,PMS2,P43246:531:K>C,0,0.35893196
train-clinvar+pg_dms__bilstm__seed44,PMS2,P43246:531:K>A,0,0.31873885
train-clinvar+pg_dms__bilstm__seed44,PMS2,P43246:531:K>I,0,0.49777943
train-clinvar+pg_dms__bilstm__seed44,PMS2,P43246:542:V>P,1,0.913932
train-clinvar+pg_dms__bilstm__seed44,PMS2,P43246:542:V>Q,0,0.023457227
train-clinvar+pg_dms__bilstm__seed44,PMS2,P43246:542:V>R,0,0.030030485
train-clinvar+pg_dms__bilstm__seed44,PMS2,P43246:542:V>H,0,0.31168073
train-clinvar+pg_dms__bilstm__seed44,PMS2,P43246:542:V>G,0,0.09240016
train-clinvar+pg_dms__bilstm__seed44,PMS2,P43246:542:V>F,0,0.004034912
train-clinvar+pg_dms__bilstm__seed44,PMS2,P43246:542:V>E,0,0.33205193
train-clinvar+pg_dms__bilstm__seed44,PMS2,P43246:542:V>Y,0,0.22540429
train-clinvar+pg_dms__bilstm__seed44,PMS2,P43246:542:V>W,0,0.65879595
train-clinvar+pg_dms__bilstm__seed44,PMS2,P43246:542:V>S,0,0.016283331
train-clinvar+pg_dms__bilstm__seed44,PMS2,P43246:542:V>N,0,0.15311371
train-clinvar+pg_dms__bilstm__seed44,PMS2,P43246:542:V>M,0,0.18350591
train-clinvar+pg_dms__bilstm__seed44,PMS2,P43246:542:V>C,0,0.01720102
train-clinvar+pg_dms__bilstm__seed44,PMS2,P43246:542:V>A,0,0.13002856
train-clinvar+pg_dms__bilstm__seed44,PMS2,P43246:542:V>L,0,0.011904849
train-clinvar+pg_dms__bilstm__seed44,PMS2,P43246:542:V>K,0,0.23084861
train-clinvar+pg_dms__bilstm__seed44,PMS2,P43246:542:V>I,0,0.008845197
train-clinvar+pg_dms__bilstm__seed44,PMS2,P43246:542:V>T,0,0.007883294
train-clinvar+pg_dms__bilstm__seed44,PMS2,P43246:551:F>P,1,0.9437302
train-clinvar+pg_dms__bilstm__seed44,PMS2,P43246:551:F>N,1,0.8745407
train-clinvar+pg_dms__bilstm__seed44,PMS2,P43246:551:F>Y,1,0.5620474
train-clinvar+pg_dms__bilstm__seed44,PMS2,P43246:551:F>W,1,0.82726324
train-clinvar+pg_dms__bilstm__seed44,PMS2,P43246:551:F>V,0,0.8508173
train-clinvar+pg_dms__bilstm__seed44,PMS2,P43246:551:F>T,0,0.8116196
train-clinvar+pg_dms__bilstm__seed44,PMS2,P43246:551:F>S,0,0.8557122
train-clinvar+pg_dms__bilstm__seed44,PMS2,P43246:551:F>C,0,0.7493246
train-clinvar+pg_dms__bilstm__seed44,PMS2,P43246:551:F>D,1,0.9217683
train-clinvar+pg_dms__bilstm__seed44,PMS2,P43246:551:F>E,1,0.8809964
train-clinvar+pg_dms__bilstm__seed44,PMS2,P43246:551:F>G,0,0.7986157
train-clinvar+pg_dms__bilstm__seed44,PMS2,P43246:551:F>H,1,0.8463981
train-clinvar+pg_dms__bilstm__seed44,PMS2,P43246:551:F>M,0,0.8659643
train-clinvar+pg_dms__bilstm__seed44,PMS2,P43246:551:F>I,0,0.8665733
train-clinvar+pg_dms__bilstm__seed44,PMS2,P43246:551:F>A,0,0.82827187
train-clinvar+pg_dms__bilstm__seed44,PMS2,P43246:551:F>R,1,0.90985113
train-clinvar+pg_dms__bilstm__seed44,PMS2,P43246:551:F>Q,1,0.86603016
train-clinvar+pg_dms__bilstm__seed44,PMS2,P43246:552:T>P,1,0.9419169
train-clinvar+pg_dms__bilstm__seed44,PMS2,P43246:552:T>N,0,0.09658434
train-clinvar+pg_dms__bilstm__seed44,PMS2,P43246:552:T>M,0,0.26629347
train-clinvar+pg_dms__bilstm__seed44,PMS2,P43246:552:T>L,0,0.12402435
train-clinvar+pg_dms__bilstm__seed44,PMS2,P43246:552:T>K,0,0.19573875
train-clinvar+pg_dms__bilstm__seed44,PMS2,P43246:552:T>I,0,0.13738205
train-clinvar+pg_dms__bilstm__seed44,PMS2,P43246:552:T>H,0,0.15270945
train-clinvar+pg_dms__bilstm__seed44,PMS2,P43246:552:T>G,0,0.10787822
train-clinvar+pg_dms__bilstm__seed44,PMS2,P43246:552:T>F,0,0.12257896
train-clinvar+pg_dms__bilstm__seed44,PMS2,P43246:552:T>E,0,0.60694414
train-clinvar+pg_dms__bilstm__seed44,PMS2,P43246:552:T>C,0,0.05266532
train-clinvar+pg_dms__bilstm__seed44,PMS2,P43246:552:T>Y,0,0.1808257
train-clinvar+pg_dms__bilstm__seed44,PMS2,P43246:552:T>W,1,0.71093076
train-clinvar+pg_dms__bilstm__seed44,PMS2,P43246:552:T>V,0,0.09255711
train-clinvar+pg_dms__bilstm__seed44,PMS2,P43246:552:T>Q,0,0.080572926
train-clinvar+pg_dms__bilstm__seed44,PMS2,P43246:552:T>R,0,0.065898106
train-clinvar+pg_dms__bilstm__seed44,PMS2,P43246:553:N>S,0,0.09061567
train-clinvar+pg_dms__bilstm__seed44,PMS2,P43246:553:N>T,0,0.058841597
train-clinvar+pg_dms__bilstm__seed44,PMS2,P43246:553:N>V,1,0.32093242
train-clinvar+pg_dms__bilstm__seed44,PMS2,P43246:553:N>C,0,0.053714544
train-clinvar+pg_dms__bilstm__seed44,PMS2,P43246:553:N>W,1,0.79778874
train-clinvar+pg_dms__bilstm__seed44,PMS2,P43246:553:N>Y,0,0.6715854
train-clinvar+pg_dms__bilstm__seed44,PMS2,P43246:553:N>M,1,0.7042124
train-clinvar+pg_dms__bilstm__seed44,PMS2,P43246:553:N>P,1,0.9156897
train-clinvar+pg_dms__bilstm__seed44,PMS2,P43246:553:N>R,1,0.74330795
train-clinvar+pg_dms__bilstm__seed44,PMS2,P43246:553:N>A,1,0.1976106
train-clinvar+pg_dms__bilstm__seed44,PMS2,P43246:553:N>D,0,0.1844895
train-clinvar+pg_dms__bilstm__seed44,PMS2,P43246:553:N>E,0,0.77527297
train-clinvar+pg_dms__bilstm__seed44,PMS2,P43246:553:N>F,0,0.69630355
train-clinvar+pg_dms__bilstm__seed44,PMS2,P43246:553:N>G,0,0.15170436
train-clinvar+pg_dms__bilstm__seed44,PMS2,P43246:553:N>H,0,0.11906393
train-clinvar+pg_dms__bilstm__seed44,PMS2,P43246:553:N>I,1,0.52501696
train-clinvar+pg_dms__bilstm__seed44,PMS2,P43246:553:N>L,1,0.5419897
train-clinvar+pg_dms__bilstm__seed44,PMS2,P43246:554:S>L,0,0.561349
train-clinvar+pg_dms__bilstm__seed44,PMS2,P43246:554:S>M,0,0.63277864
train-clinvar+pg_dms__bilstm__seed44,PMS2,P43246:554:S>P,0,0.6621644
train-clinvar+pg_dms__bilstm__seed44,PMS2,P43246:554:S>W,0,0.7183853
train-clinvar+pg_dms__bilstm__seed44,PMS2,P43246:554:S>V,0,0.5757339
train-clinvar+pg_dms__bilstm__seed44,PMS2,P43246:554:S>K,0,0.69864327
train-clinvar+pg_dms__bilstm__seed44,PMS2,P43246:554:S>Y,0,0.6157563
train-clinvar+pg_dms__bilstm__seed44,PMS2,P43246:554:S>R,0,0.7741095
train-clinvar+pg_dms__bilstm__seed44,PMS2,P43246:554:S>I,0,0.5893714
train-clinvar+pg_dms__bilstm__seed44,PMS2,P43246:554:S>Q,0,0.61581826
train-clinvar+pg_dms__bilstm__seed44,PMS2,P43246:554:S>F,0,0.59556973
train-clinvar+pg_dms__bilstm__seed44,PMS2,P43246:554:S>E,0,0.73557675
train-clinvar+pg_dms__bilstm__seed44,PMS2,P43246:554:S>D,0,0.72313654
train-clinvar+pg_dms__bilstm__seed44,PMS2,P43246:554:S>A,0,0.50588334
train-clinvar+pg_dms__bilstm__seed44,PMS2,P43246:554:S>H,0,0.61820215
train-clinvar+pg_dms__bilstm__seed44,PMS2,P43246:555:K>C,0,0.026558405
train-clinvar+pg_dms__bilstm__seed44,PMS2,P43246:555:K>D,0,0.2031069
train-clinvar+pg_dms__bilstm__seed44,PMS2,P43246:555:K>E,0,0.053239666
train-clinvar+pg_dms__bilstm__seed44,PMS2,P43246:555:K>G,0,0.030277686
train-clinvar+pg_dms__bilstm__seed44,PMS2,P43246:555:K>Y,0,0.09249153
train-clinvar+pg_dms__bilstm__seed44,PMS2,P43246:555:K>I,0,0.0407951
train-clinvar+pg_dms__bilstm__seed44,PMS2,P43246:555:K>L,0,0.058143493
train-clinvar+pg_dms__bilstm__seed44,PMS2,P43246:555:K>H,0,0.030883154
train-clinvar+pg_dms__bilstm__seed44,PMS2,P43246:555:K>V,0,0.038532164
train-clinvar+pg_dms__bilstm__seed44,PMS2,P43246:555:K>S,0,0.012202055
train-clinvar+pg_dms__bilstm__seed44,PMS2,P43246:555:K>R,0,0.04941407
train-clinvar+pg_dms__bilstm__seed44,PMS2,P43246:555:K>Q,0,0.005901004
train-clinvar+pg_dms__bilstm__seed44,PMS2,P43246:555:K>T,0,0.010444066
train-clinvar+pg_dms__bilstm__seed44,PMS2,P43246:555:K>A,0,0.011737402
train-clinvar+pg_dms__bilstm__seed44,PMS2,P43246:555:K>N,0,0.055823945
train-clinvar+pg_dms__bilstm__seed44,PMS2,P43246:555:K>M,0,0.23660174
train-clinvar+pg_dms__bilstm__seed44,PMS2,P43246:555:K>W,0,0.47838178
train-clinvar+pg_dms__bilstm__seed44,PMS2,P43246:555:K>P,0,0.62305295
train-clinvar+pg_dms__bilstm__seed44,PMS2,P43246:557:T>F,0,0.013670601
train-clinvar+pg_dms__bilstm__seed44,PMS2,P43246:557:T>C,0,0.011691593
train-clinvar+pg_dms__bilstm__seed44,PMS2,P43246:557:T>H,0,0.043748245
train-clinvar+pg_dms__bilstm__seed44,PMS2,P43246:557:T>I,0,0.19520053
train-clinvar+pg_dms__bilstm__seed44,PMS2,P43246:557:T>K,0,0.07356808
train-clinvar+pg_dms__bilstm__seed44,PMS2,P43246:557:T>M,0,0.19600397
train-clinvar+pg_dms__bilstm__seed44,PMS2,P43246:557:T>N,0,0.1275763
train-clinvar+pg_dms__bilstm__seed44,PMS2,P43246:557:T>P,1,0.6741776
train-clinvar+pg_dms__bilstm__seed44,PMS2,P43246:557:T>Q,0,0.019867282
train-clinvar+pg_dms__bilstm__seed44,PMS2,P43246:557:T>R,0,0.017249152
train-clinvar+pg_dms__bilstm__seed44,PMS2,P43246:557:T>S,0,0.095947675
train-clinvar+pg_dms__bilstm__seed44,PMS2,P43246:557:T>V,0,0.036197465
train-clinvar+pg_dms__bilstm__seed44,PMS2,P43246:557:T>W,0,0.4263234
train-clinvar+pg_dms__bilstm__seed44,PMS2,P43246:557:T>Y,0,0.030217152
train-clinvar+pg_dms__bilstm__seed44,PMS2,P43246:557:T>D,0,0.23111942
train-clinvar+pg_dms__bilstm__seed44,PMS2,P43246:557:T>L,0,0.044137713
train-clinvar+pg_dms__bilstm__seed44,PMS2,P43246:557:T>G,0,0.020620719
train-clinvar+pg_dms__bilstm__seed44,PMS2,P43246:558:S>V,0,0.09803066
train-clinvar+pg_dms__bilstm__seed44,PMS2,P43246:558:S>W,0,0.352768
train-clinvar+pg_dms__bilstm__seed44,PMS2,P43246:558:S>A,0,0.04598672
train-clinvar+pg_dms__bilstm__seed44,PMS2,P43246:558:S>C,0,0.030924581
train-clinvar+pg_dms__bilstm__seed44,PMS2,P43246:558:S>D,0,0.2174908
train-clinvar+pg_dms__bilstm__seed44,PMS2,P43246:558:S>Y,0,0.19154604
train-clinvar+pg_dms__bilstm__seed44,PMS2,P43246:558:S>E,0,0.18365335
train-clinvar+pg_dms__bilstm__seed44,PMS2,P43246:558:S>F,0,0.15403327
train-clinvar+pg_dms__bilstm__seed44,PMS2,P43246:558:S>G,0,0.07041302
train-clinvar+pg_dms__bilstm__seed44,PMS2,P43246:558:S>I,0,0.09642539
train-clinvar+pg_dms__bilstm__seed44,PMS2,P43246:558:S>H,0,0.120996304
train-clinvar+pg_dms__bilstm__seed44,PMS2,P43246:558:S>L,0,0.08764994
train-clinvar+pg_dms__bilstm__seed44,PMS2,P43246:558:S>Q,0,0.06964652
train-clinvar+pg_dms__bilstm__seed44,PMS2,P43246:558:S>K,0,0.22272572
train-clinvar+pg_dms__bilstm__seed44,PMS2,P43246:558:S>P,0,0.67099524
train-clinvar+pg_dms__bilstm__seed44,PMS2,P43246:558:S>R,0,0.09190233
train-clinvar+pg_dms__bilstm__seed44,PMS2,P43246:558:S>T,0,0.19475037
train-clinvar+pg_dms__bilstm__seed44,PMS2,P43246:558:S>M,0,0.270227
train-clinvar+pg_dms__bilstm__seed44,PMS2,P43246:558:S>N,0,0.07699212
train-clinvar+pg_dms__bilstm__seed44,PMS2,P43246:564:T>S,0,0.015236432
train-clinvar+pg_dms__bilstm__seed44,PMS2,P43246:564:T>R,0,0.023056692
train-clinvar+pg_dms__bilstm__seed44,PMS2,P43246:564:T>Q,0,0.02849195
train-clinvar+pg_dms__bilstm__seed44,PMS2,P43246:564:T>P,1,0.8511465
train-clinvar+pg_dms__bilstm__seed44,PMS2,P43246:564:T>M,0,0.16864519
train-clinvar+pg_dms__bilstm__seed44,PMS2,P43246:564:T>L,0,0.049465958
train-clinvar+pg_dms__bilstm__seed44,PMS2,P43246:564:T>I,0,0.0545936
train-clinvar+pg_dms__bilstm__seed44,PMS2,P43246:564:T>F,0,0.017007746
train-clinvar+pg_dms__bilstm__seed44,PMS2,P43246:564:T>G,0,0.031089028
train-clinvar+pg_dms__bilstm__seed44,PMS2,P43246:564:T>E,0,0.1001858
train-clinvar+pg_dms__bilstm__seed44,PMS2,P43246:564:T>D,0,0.19756241
train-clinvar+pg_dms__bilstm__seed44,PMS2,P43246:564:T>Y,0,0.039944135
train-clinvar+pg_dms__bilstm__seed44,PMS2,P43246:564:T>W,0,0.32648915
train-clinvar+pg_dms__bilstm__seed44,PMS2,P43246:564:T>H,0,0.05841761
train-clinvar+pg_dms__bilstm__seed44,PMS2,P43246:564:T>V,0,0.045498017
train-clinvar+pg_dms__bilstm__seed44,PMS2,P43246:564:T>N,0,0.14316913
train-clinvar+pg_dms__bilstm__seed44,PMS2,P43246:570:Y>T,0,0.68304825
train-clinvar+pg_dms__bilstm__seed44,PMS2,P43246:570:Y>V,0,0.82099015
train-clinvar+pg_dms__bilstm__seed44,PMS2,P43246:570:Y>D,1,0.95622116
train-clinvar+pg_dms__bilstm__seed44,PMS2,P43246:570:Y>E,1,0.895963
train-clinvar+pg_dms__bilstm__seed44,PMS2,P43246:570:Y>F,0,0.107559584
train-clinvar+pg_dms__bilstm__seed44,PMS2,P43246:570:Y>G,1,0.70467055
train-clinvar+pg_dms__bilstm__seed44,PMS2,P43246:570:Y>I,1,0.87186724
train-clinvar+pg_dms__bilstm__seed44,PMS2,P43246:570:Y>L,0,0.7601613
train-clinvar+pg_dms__bilstm__seed44,PMS2,P43246:570:Y>M,1,0.8640243
train-clinvar+pg_dms__bilstm__seed44,PMS2,P43246:570:Y>N,1,0.8640643
train-clinvar+pg_dms__bilstm__seed44,PMS2,P43246:570:Y>P,1,0.98354024
train-clinvar+pg_dms__bilstm__seed44,PMS2,P43246:570:Y>R,0,0.9500779
train-clinvar+pg_dms__bilstm__seed44,PMS2,P43246:570:Y>W,1,0.79956657
train-clinvar+pg_dms__bilstm__seed44,PMS2,P43246:570:Y>A,1,0.81622237
train-clinvar+pg_dms__bilstm__seed44,PMS2,P43246:581:I>F,0,0.8361198
train-clinvar+pg_dms__bilstm__seed44,PMS2,P43246:581:I>K,0,0.8983826
train-clinvar+pg_dms__bilstm__seed44,PMS2,P43246:581:I>E,0,0.90004283
train-clinvar+pg_dms__bilstm__seed44,PMS2,P43246:581:I>A,0,0.8124182
train-clinvar+pg_dms__bilstm__seed44,PMS2,P43246:581:I>C,0,0.71112996
train-clinvar+pg_dms__bilstm__seed44,PMS2,P43246:581:I>L,0,0.30630252
train-clinvar+pg_dms__bilstm__seed44,PMS2,P43246:581:I>D,1,0.94078296
train-clinvar+pg_dms__bilstm__seed44,PMS2,P43246:581:I>M,0,0.5298149
train-clinvar+pg_dms__bilstm__seed44,PMS2,P43246:581:I>G,1,0.7619634
train-clinvar+pg_dms__bilstm__seed44,PMS2,P43246:581:I>P,1,0.97465265
train-clinvar+pg_dms__bilstm__seed44,PMS2,P43246:581:I>Y,0,0.86947286
train-clinvar+pg_dms__bilstm__seed44,PMS2,P43246:581:I>W,1,0.8065736
train-clinvar+pg_dms__bilstm__seed44,PMS2,P43246:581:I>V,0,0.2374161
train-clinvar+pg_dms__bilstm__seed44,PMS2,P43246:581:I>T,0,0.6592875
train-clinvar+pg_dms__bilstm__seed44,PMS2,P43246:581:I>N,0,0.8789075
train-clinvar+pg_dms__bilstm__seed44,PMS2,P43246:581:I>R,0,0.93781304
train-clinvar+pg_dms__bilstm__seed44,PMS2,P43246:581:I>Q,0,0.8682567
train-clinvar+pg_dms__bilstm__seed44,PMS2,P43246:581:I>S,0,0.8825931
train-clinvar+pg_dms__bilstm__seed44,PMS2,P43246:594:T>M,0,0.11795842
train-clinvar+pg_dms__bilstm__seed44,PMS2,P43246:594:T>W,0,0.25216258
train-clinvar+pg_dms__bilstm__seed44,PMS2,P43246:594:T>V,0,0.033464856
train-clinvar+pg_dms__bilstm__seed44,PMS2,P43246:594:T>S,0,0.0139983995
train-clinvar+pg_dms__bilstm__seed44,PMS2,P43246:594:T>R,0,0.017559173
train-clinvar+pg_dms__bilstm__seed44,PMS2,P43246:594:T>Q,0,0.019872919
train-clinvar+pg_dms__bilstm__seed44,PMS2,P43246:594:T>P,0,0.20447536
train-clinvar+pg_dms__bilstm__seed44,PMS2,P43246:594:T>N,0,0.01887923
train-clinvar+pg_dms__bilstm__seed44,PMS2,P43246:594:T>L,0,0.026143348
train-clinvar+pg_dms__bilstm__seed44,PMS2,P43246:594:T>Y,0,0.027747285
train-clinvar+pg_dms__bilstm__seed44,PMS2,P43246:594:T>I,0,0.16882212
train-clinvar+pg_dms__bilstm__seed44,PMS2,P43246:594:T>H,0,0.036819953
train-clinvar+pg_dms__bilstm__seed44,PMS2,P43246:594:T>G,0,0.025924096
train-clinvar+pg_dms__bilstm__seed44,PMS2,P43246:594:T>F,1,0.01192988
train-clinvar+pg_dms__bilstm__seed44,PMS2,P43246:594:T>D,0,0.11391201
train-clinvar+pg_dms__bilstm__seed44,PMS2,P43246:594:T>C,0,0.011201246
train-clinvar+pg_dms__bilstm__seed44,PMS2,P43246:594:T>K,0,0.18709844
train-clinvar+pg_dms__bilstm__seed44,PMS2,P43246:595:L>T,0,0.21618938
train-clinvar+pg_dms__bilstm__seed44,PMS2,P43246:595:L>S,0,0.35765684
train-clinvar+pg_dms__bilstm__seed44,PMS2,P43246:595:L>Q,0,0.4367239
train-clinvar+pg_dms__bilstm__seed44,PMS2,P43246:595:L>N,0,0.6402123
train-clinvar+pg_dms__bilstm__seed44,PMS2,P43246:595:L>M,0,0.20353943
train-clinvar+pg_dms__bilstm__seed44,PMS2,P43246:595:L>K,0,0.7239051
train-clinvar+pg_dms__bilstm__seed44,PMS2,P43246:595:L>F,0,0.19418658
train-clinvar+pg_dms__bilstm__seed44,PMS2,P43246:595:L>H,0,0.55696946
train-clinvar+pg_dms__bilstm__seed44,PMS2,P43246:595:L>G,0,0.45855254
train-clinvar+pg_dms__bilstm__seed44,PMS2,P43246:595:L>E,0,0.7134217
train-clinvar+pg_dms__bilstm__seed44,PMS2,P43246:595:L>D,1,0.8180423
train-clinvar+pg_dms__bilstm__seed44,PMS2,P43246:595:L>C,0,0.17687294
train-clinvar+pg_dms__bilstm__seed44,PMS2,P43246:595:L>A,0,0.122290246
train-clinvar+pg_dms__bilstm__seed44,PMS2,P43246:595:L>W,0,0.47854626
train-clinvar+pg_dms__bilstm__seed44,PMS2,P43246:595:L>I,0,0.086081825
train-clinvar+pg_dms__bilstm__seed44,PMS2,P43246:595:L>Y,0,0.49815977
train-clinvar+pg_dms__bilstm__seed44,PMS2,P43246:600:A>D,1,0.86427665
train-clinvar+pg_dms__bilstm__seed44,PMS2,P43246:600:A>C,0,0.2584623
train-clinvar+pg_dms__bilstm__seed44,PMS2,P43246:600:A>F,1,0.7596019
train-clinvar+pg_dms__bilstm__seed44,PMS2,P43246:600:A>H,1,0.66092926
train-clinvar+pg_dms__bilstm__seed44,PMS2,P43246:600:A>K,1,0.782831
train-clinvar+pg_dms__bilstm__seed44,PMS2,P43246:600:A>L,1,0.6439639
train-clinvar+pg_dms__bilstm__seed44,PMS2,P43246:600:A>M,0,0.7156083
train-clinvar+pg_dms__bilstm__seed44,PMS2,P43246:600:A>N,1,0.7335865
train-clinvar+pg_dms__bilstm__seed44,PMS2,P43246:600:A>P,1,0.91543543
train-clinvar+pg_dms__bilstm__seed44,PMS2,P43246:600:A>Q,0,0.62361974
train-clinvar+pg_dms__bilstm__seed44,PMS2,P43246:600:A>R,1,0.8636742
train-clinvar+pg_dms__bilstm__seed44,PMS2,P43246:600:A>S,0,0.107210174
train-clinvar+pg_dms__bilstm__seed44,PMS2,P43246:600:A>T,1,0.40379372
train-clinvar+pg_dms__bilstm__seed44,PMS2,P43246:600:A>G,0,0.16805908
train-clinvar+pg_dms__bilstm__seed44,PMS2,P43246:600:A>I,1,0.7406628
train-clinvar+pg_dms__bilstm__seed44,PMS2,P43246:600:A>Y,1,0.7138812
train-clinvar+pg_dms__bilstm__seed44,PMS2,P43246:600:A>W,1,0.73740715
train-clinvar+pg_dms__bilstm__seed44,PMS2,P43246:601:Q>K,0,0.10684195
train-clinvar+pg_dms__bilstm__seed44,PMS2,P43246:601:Q>A,0,0.05506457
train-clinvar+pg_dms__bilstm__seed44,PMS2,P43246:601:Q>C,0,0.07779632
train-clinvar+pg_dms__bilstm__seed44,PMS2,P43246:601:Q>Y,0,0.1459028
train-clinvar+pg_dms__bilstm__seed44,PMS2,P43246:601:Q>D,0,0.5080761
train-clinvar+pg_dms__bilstm__seed44,PMS2,P43246:601:Q>E,0,0.091305524
train-clinvar+pg_dms__bilstm__seed44,PMS2,P43246:601:Q>F,0,0.20341827
train-clinvar+pg_dms__bilstm__seed44,PMS2,P43246:601:Q>G,0,0.11137674
train-clinvar+pg_dms__bilstm__seed44,PMS2,P43246:601:Q>W,0,0.509628
train-clinvar+pg_dms__bilstm__seed44,PMS2,P43246:601:Q>V,0,0.13447756
train-clinvar+pg_dms__bilstm__seed44,PMS2,P43246:601:Q>T,0,0.0644834
train-clinvar+pg_dms__bilstm__seed44,PMS2,P43246:601:Q>S,0,0.045687873
train-clinvar+pg_dms__bilstm__seed44,PMS2,P43246:601:Q>R,0,0.15535526
train-clinvar+pg_dms__bilstm__seed44,PMS2,P43246:601:Q>N,0,0.13886295
train-clinvar+pg_dms__bilstm__seed44,PMS2,P43246:601:Q>M,0,0.41751873
train-clinvar+pg_dms__bilstm__seed44,PMS2,P43246:601:Q>L,0,0.08362602
train-clinvar+pg_dms__bilstm__seed44,PMS2,P43246:601:Q>I,0,0.18767929
train-clinvar+pg_dms__bilstm__seed44,PMS2,P43246:601:Q>P,0,0.6529306
train-clinvar+pg_dms__bilstm__seed44,PMS2,P43246:607:S>Y,0,0.87978554
train-clinvar+pg_dms__bilstm__seed44,PMS2,P43246:607:S>W,1,0.8448087
train-clinvar+pg_dms__bilstm__seed44,PMS2,P43246:607:S>V,0,0.82508963
train-clinvar+pg_dms__bilstm__seed44,PMS2,P43246:607:S>T,0,0.21847771
train-clinvar+pg_dms__bilstm__seed44,PMS2,P43246:607:S>R,0,0.94984907
train-clinvar+pg_dms__bilstm__seed44,PMS2,P43246:607:S>Q,0,0.87849957
train-clinvar+pg_dms__bilstm__seed44,PMS2,P43246:607:S>H,0,0.86014706
train-clinvar+pg_dms__bilstm__seed44,PMS2,P43246:607:S>N,0,0.83710456
train-clinvar+pg_dms__bilstm__seed44,PMS2,P43246:607:S>M,0,0.82281613
train-clinvar+pg_dms__bilstm__seed44,PMS2,P43246:607:S>L,0,0.6869722
train-clinvar+pg_dms__bilstm__seed44,PMS2,P43246:607:S>I,0,0.9120378
train-clinvar+pg_dms__bilstm__seed44,PMS2,P43246:607:S>G,0,0.25533894
train-clinvar+pg_dms__bilstm__seed44,PMS2,P43246:607:S>E,1,0.91386884
train-clinvar+pg_dms__bilstm__seed44,PMS2,P43246:607:S>D,0,0.9401108
train-clinvar+pg_dms__bilstm__seed44,PMS2,P43246:607:S>C,0,0.0499075
train-clinvar+pg_dms__bilstm__seed44,PMS2,P43246:607:S>P,1,0.961165
train-clinvar+pg_dms__bilstm__seed44,PMS2,P43246:607:S>A,0,0.055148914
train-clinvar+pg_dms__bilstm__seed44,PMS2,P43246:608:F>S,1,0.90795845
train-clinvar+pg_dms__bilstm__seed44,PMS2,P43246:608:F>P,1,0.96530646
train-clinvar+pg_dms__bilstm__seed44,PMS2,P43246:608:F>Q,1,0.90560466
train-clinvar+pg_dms__bilstm__seed44,PMS2,P43246:608:F>R,1,0.9538772
train-clinvar+pg_dms__bilstm__seed44,PMS2,P43246:608:F>T,1,0.83867663
train-clinvar+pg_dms__bilstm__seed44,PMS2,P43246:608:F>V,0,0.6083539
train-clinvar+pg_dms__bilstm__seed44,PMS2,P43246:608:F>Y,0,0.42980185
train-clinvar+pg_dms__bilstm__seed44,PMS2,P43246:608:F>N,1,0.9187886
train-clinvar+pg_dms__bilstm__seed44,PMS2,P43246:608:F>M,0,0.5932666
train-clinvar+pg_dms__bilstm__seed44,PMS2,P43246:608:F>H,0,0.8773151
train-clinvar+pg_dms__bilstm__seed44,PMS2,P43246:608:F>K,1,0.9195588
train-clinvar+pg_dms__bilstm__seed44,PMS2,P43246:608:F>I,0,0.6387415
train-clinvar+pg_dms__bilstm__seed44,PMS2,P43246:608:F>G,1,0.8440551
train-clinvar+pg_dms__bilstm__seed44,PMS2,P43246:608:F>E,1,0.9204794
train-clinvar+pg_dms__bilstm__seed44,PMS2,P43246:608:F>D,1,0.9457412
train-clinvar+pg_dms__bilstm__seed44,PMS2,P43246:608:F>C,0,0.49985924
train-clinvar+pg_dms__bilstm__seed44,PMS2,P43246:608:F>A,1,0.857505
train-clinvar+pg_dms__bilstm__seed44,PMS2,P43246:608:F>L,0,0.73228747
train-clinvar+pg_dms__bilstm__seed44,PMS2,P43246:616:P>S,0,0.067595765
train-clinvar+pg_dms__bilstm__seed44,PMS2,P43246:616:P>A,0,0.010439425
train-clinvar+pg_dms__bilstm__seed44,PMS2,P43246:616:P>R,0,0.092727326
train-clinvar+pg_dms__bilstm__seed44,PMS2,P43246:616:P>D,0,0.22744876
train-clinvar+pg_dms__bilstm__seed44,PMS2,P43246:616:P>E,0,0.113771014
train-clinvar+pg_dms__bilstm__seed44,PMS2,P43246:616:P>F,0,0.051692326
train-clinvar+pg_dms__bilstm__seed44,PMS2,P43246:616:P>G,0,0.03690721
train-clinvar+pg_dms__bilstm__seed44,PMS2,P43246:616:P>C,0,0.026464755
train-clinvar+pg_dms__bilstm__seed44,PMS2,P43246:616:P>I,0,0.04263305
train-clinvar+pg_dms__bilstm__seed44,PMS2,P43246:616:P>T,0,0.012438461
train-clinvar+pg_dms__bilstm__seed44,PMS2,P43246:616:P>V,0,0.022472722
train-clinvar+pg_dms__bilstm__seed44,PMS2,P43246:616:P>W,0,0.2971203
train-clinvar+pg_dms__bilstm__seed44,PMS2,P43246:616:P>H,0,0.041897684
train-clinvar+pg_dms__bilstm__seed44,PMS2,P43246:616:P>Q,0,0.02034134
train-clinvar+pg_dms__bilstm__seed44,PMS2,P43246:616:P>N,0,0.05247904
train-clinvar+pg_dms__bilstm__seed44,PMS2,P43246:616:P>M,0,0.13887466
train-clinvar+pg_dms__bilstm__seed44,PMS2,P43246:616:P>L,0,0.022243248
train-clinvar+pg_dms__bilstm__seed44,PMS2,P43246:616:P>K,0,0.10985203
train-clinvar+pg_dms__bilstm__seed44,PMS2,P43246:616:P>Y,0,0.091190495
train-clinvar+pg_dms__bilstm__seed44,PMS2,P43246:621:R>S,1,0.73767334
train-clinvar+pg_dms__bilstm__seed44,PMS2,P43246:621:R>T,1,0.65487474
train-clinvar+pg_dms__bilstm__seed44,PMS2,P43246:621:R>V,1,0.6884863
train-clinvar+pg_dms__bilstm__seed44,PMS2,P43246:621:R>A,1,0.6650556
train-clinvar+pg_dms__bilstm__seed44,PMS2,P43246:621:R>C,0,0.113457106
train-clinvar+pg_dms__bilstm__seed44,PMS2,P43246:621:R>K,0,0.20915441
train-clinvar+pg_dms__bilstm__seed44,PMS2,P43246:621:R>M,0,0.7059167
train-clinvar+pg_dms__bilstm__seed44,PMS2,P43246:621:R>E,1,0.7218951
train-clinvar+pg_dms__bilstm__seed44,PMS2,P43246:621:R>F,1,0.73332167
train-clinvar+pg_dms__bilstm__seed44,PMS2,P43246:621:R>I,1,0.704444
train-clinvar+pg_dms__bilstm__seed44,PMS2,P43246:621:R>W,1,0.5818892
train-clinvar+pg_dms__bilstm__seed44,PMS2,P43246:621:R>N,1,0.7499681
train-clinvar+pg_dms__bilstm__seed44,PMS2,P43246:621:R>D,1,0.84673107
train-clinvar+pg_dms__bilstm__seed44,PMS2,P43246:627:K>D,0,0.39812106
train-clinvar+pg_dms__bilstm__seed44,PMS2,P43246:627:K>E,0,0.0904653
train-clinvar+pg_dms__bilstm__seed44,PMS2,P43246:627:K>F,0,0.3184337
train-clinvar+pg_dms__bilstm__seed44,PMS2,P43246:627:K>G,0,0.11331232
train-clinvar+pg_dms__bilstm__seed44,PMS2,P43246:627:K>I,0,0.1308173
train-clinvar+pg_dms__bilstm__seed44,PMS2,P43246:627:K>L,0,0.1514167
train-clinvar+pg_dms__bilstm__seed44,PMS2,P43246:627:K>N,0,0.28301385
train-clinvar+pg_dms__bilstm__seed44,PMS2,P43246:627:K>C,0,0.15096755
train-clinvar+pg_dms__bilstm__seed44,PMS2,P43246:627:K>P,0,0.18879633
train-clinvar+pg_dms__bilstm__seed44,PMS2,P43246:627:K>Q,0,0.04766804
train-clinvar+pg_dms__bilstm__seed44,PMS2,P43246:627:K>R,0,0.026791384
train-clinvar+pg_dms__bilstm__seed44,PMS2,P43246:627:K>S,0,0.08222805
train-clinvar+pg_dms__bilstm__seed44,PMS2,P43246:627:K>T,0,0.07830581
train-clinvar+pg_dms__bilstm__seed44,PMS2,P43246:627:K>M,0,0.2279349
train-clinvar+pg_dms__bilstm__seed44,PMS2,P43246:627:K>V,0,0.124446675
train-clinvar+pg_dms__bilstm__seed44,PMS2,P43246:627:K>W,0,0.63159466
train-clinvar+pg_dms__bilstm__seed44,PMS2,P43246:627:K>A,0,0.060327247
train-clinvar+pg_dms__bilstm__seed44,PMS2,P43246:631:R>L,0,0.1274873
train-clinvar+pg_dms__bilstm__seed44,PMS2,P43246:631:R>Y,0,0.14344087
train-clinvar+pg_dms__bilstm__seed44,PMS2,P43246:631:R>W,0,0.32444948
train-clinvar+pg_dms__bilstm__seed44,PMS2,P43246:631:R>V,0,0.13050604
train-clinvar+pg_dms__bilstm__seed44,PMS2,P43246:631:R>S,0,0.18812333
train-clinvar+pg_dms__bilstm__seed44,PMS2,P43246:631:R>T,0,0.06504126
train-clinvar+pg_dms__bilstm__seed44,PMS2,P43246:631:R>N,0,0.13117662
train-clinvar+pg_dms__bilstm__seed44,PMS2,P43246:631:R>P,0,0.70492226
train-clinvar+pg_dms__bilstm__seed44,PMS2,P43246:631:R>Q,0,0.05547948
train-clinvar+pg_dms__bilstm__seed44,PMS2,P43246:631:R>A,0,0.083874084
train-clinvar+pg_dms__bilstm__seed44,PMS2,P43246:631:R>K,0,0.2224111
train-clinvar+pg_dms__bilstm__seed44,PMS2,P43246:631:R>I,0,0.19070533
train-clinvar+pg_dms__bilstm__seed44,PMS2,P43246:631:R>C,0,0.03736941
train-clinvar+pg_dms__bilstm__seed44,PMS2,P43246:631:R>H,0,0.08618084
train-clinvar+pg_dms__bilstm__seed44,PMS2,P43246:631:R>G,0,0.08573669
train-clinvar+pg_dms__bilstm__seed44,PMS2,P43246:631:R>F,0,0.13402568
train-clinvar+pg_dms__bilstm__seed44,PMS2,P43246:631:R>E,0,0.13618326
train-clinvar+pg_dms__bilstm__seed44,PMS2,P43246:631:R>D,0,0.3445515
train-clinvar+pg_dms__bilstm__seed44,PMS2,P43246:631:R>M,0,0.3519192
train-clinvar+pg_dms__bilstm__seed44,PMS2,P43246:635:K>E,0,0.039968442
train-clinvar+pg_dms__bilstm__seed44,PMS2,P43246:635:K>R,0,0.016738856
train-clinvar+pg_dms__bilstm__seed44,PMS2,P43246:635:K>S,0,0.039426245
train-clinvar+pg_dms__bilstm__seed44,PMS2,P43246:635:K>T,0,0.029011555
train-clinvar+pg_dms__bilstm__seed44,PMS2,P43246:635:K>V,0,0.04839141
train-clinvar+pg_dms__bilstm__seed44,PMS2,P43246:635:K>W,0,0.4548667
train-clinvar+pg_dms__bilstm__seed44,PMS2,P43246:635:K>Y,0,0.11683075
train-clinvar+pg_dms__bilstm__seed44,PMS2,P43246:635:K>F,0,0.13999653
train-clinvar+pg_dms__bilstm__seed44,PMS2,P43246:635:K>Q,0,0.021776356
train-clinvar+pg_dms__bilstm__seed44,PMS2,P43246:635:K>P,0,0.6155862
train-clinvar+pg_dms__bilstm__seed44,PMS2,P43246:635:K>L,0,0.07098816
train-clinvar+pg_dms__bilstm__seed44,PMS2,P43246:635:K>I,0,0.056739043
train-clinvar+pg_dms__bilstm__seed44,PMS2,P43246:635:K>A,0,0.036244802
train-clinvar+pg_dms__bilstm__seed44,PMS2,P43246:635:K>H,0,0.03893757
train-clinvar+pg_dms__bilstm__seed44,PMS2,P43246:635:K>C,0,0.04342629
train-clinvar+pg_dms__bilstm__seed44,PMS2,P43246:635:K>D,0,0.21099752
train-clinvar+pg_dms__bilstm__seed44,PMS2,P43246:635:K>G,0,0.08250349
train-clinvar+pg_dms__bilstm__seed44,PMS2,P43246:635:K>M,0,0.13085954
train-clinvar+pg_dms__bilstm__seed44,PMS2,P43246:641:C>A,0,0.40519533
train-clinvar+pg_dms__bilstm__seed44,PMS2,P43246:641:C>D,0,0.95936316
train-clinvar+pg_dms__bilstm__seed44,PMS2,P43246:641:C>Y,0,0.88115114
train-clinvar+pg_dms__bilstm__seed44,PMS2,P43246:641:C>F,0,0.75400525
train-clinvar+pg_dms__bilstm__seed44,PMS2,P43246:641:C>G,0,0.26327178
train-clinvar+pg_dms__bilstm__seed44,PMS2,P43246:641:C>H,0,0.8887624
train-clinvar+pg_dms__bilstm__seed44,PMS2,P43246:641:C>K,0,0.9350281
train-clinvar+pg_dms__bilstm__seed44,PMS2,P43246:641:C>S,0,0.34872106
train-clinvar+pg_dms__bilstm__seed44,PMS2,P43246:641:C>L,0,0.35781854
train-clinvar+pg_dms__bilstm__seed44,PMS2,P43246:641:C>M,0,0.77616405
train-clinvar+pg_dms__bilstm__seed44,PMS2,P43246:641:C>N,0,0.8390831
train-clinvar+pg_dms__bilstm__seed44,PMS2,P43246:641:C>P,0,0.9772399
train-clinvar+pg_dms__bilstm__seed44,PMS2,P43246:641:C>R,0,0.92431736
train-clinvar+pg_dms__bilstm__seed44,PMS2,P43246:641:C>I,0,0.48059595
train-clinvar+pg_dms__bilstm__seed44,PMS2,P43246:641:C>Q,0,0.89699477
train-clinvar+pg_dms__bilstm__seed44,PMS2,P43246:641:C>V,0,0.22822925
train-clinvar+pg_dms__bilstm__seed44,PMS2,P43246:641:C>T,0,0.40022206
train-clinvar+pg_dms__bilstm__seed44,PMS2,P43246:642:V>H,0,0.5614801
train-clinvar+pg_dms__bilstm__seed44,PMS2,P43246:642:V>C,0,0.11442535
train-clinvar+pg_dms__bilstm__seed44,PMS2,P43246:642:V>D,0,0.8644711
train-clinvar+pg_dms__bilstm__seed44,PMS2,P43246:642:V>E,0,0.6997221
train-clinvar+pg_dms__bilstm__seed44,PMS2,P43246:642:V>F,0,0.22738773
train-clinvar+pg_dms__bilstm__seed44,PMS2,P43246:642:V>G,0,0.18822497
train-clinvar+pg_dms__bilstm__seed44,PMS2,P43246:642:V>I,0,0.08417421
train-clinvar+pg_dms__bilstm__seed44,PMS2,P43246:642:V>K,0,0.70978576
train-clinvar+pg_dms__bilstm__seed44,PMS2,P43246:642:V>L,0,0.008702687
train-clinvar+pg_dms__bilstm__seed44,PMS2,P43246:642:V>M,0,0.09693987
train-clinvar+pg_dms__bilstm__seed44,PMS2,P43246:642:V>N,0,0.5223033
train-clinvar+pg_dms__bilstm__seed44,PMS2,P43246:642:V>P,0,0.9532312
train-clinvar+pg_dms__bilstm__seed44,PMS2,P43246:642:V>Q,0,0.23510137
train-clinvar+pg_dms__bilstm__seed44,PMS2,P43246:642:V>R,0,0.46993917
train-clinvar+pg_dms__bilstm__seed44,PMS2,P43246:642:V>S,0,0.2045237
train-clinvar+pg_dms__bilstm__seed44,PMS2,P43246:642:V>T,0,0.044492397
train-clinvar+pg_dms__bilstm__seed44,PMS2,P43246:642:V>A,0,0.059780538
train-clinvar+pg_dms__bilstm__seed44,PMS2,P43246:642:V>W,0,0.74682313
train-clinvar+pg_dms__bilstm__seed44,PMS2,P43246:642:V>Y,0,0.49994016
train-clinvar+pg_dms__bilstm__seed44,PMS2,P43246:643:E>D,0,0.8206281
train-clinvar+pg_dms__bilstm__seed44,PMS2,P43246:643:E>F,0,0.5174271
train-clinvar+pg_dms__bilstm__seed44,PMS2,P43246:643:E>G,0,0.33583546
train-clinvar+pg_dms__bilstm__seed44,PMS2,P43246:643:E>H,0,0.5711223
train-clinvar+pg_dms__bilstm__seed44,PMS2,P43246:643:E>I,0,0.6310534
train-clinvar+pg_dms__bilstm__seed44,PMS2,P43246:643:E>K,0,0.29578406
train-clinvar+pg_dms__bilstm__seed44,PMS2,P43246:643:E>A,0,0.23512855
train-clinvar+pg_dms__bilstm__seed44,PMS2,P43246:643:E>M,0,0.7787578
train-clinvar+pg_dms__bilstm__seed44,PMS2,P43246:643:E>L,0,0.62985134
train-clinvar+pg_dms__bilstm__seed44,PMS2,P43246:643:E>Q,0,0.36147162
train-clinvar+pg_dms__bilstm__seed44,PMS2,P43246:643:E>R,0,0.6914091
train-clinvar+pg_dms__bilstm__seed44,PMS2,P43246:643:E>S,0,0.42806953
train-clinvar+pg_dms__bilstm__seed44,PMS2,P43246:643:E>T,0,0.3369812
train-clinvar+pg_dms__bilstm__seed44,PMS2,P43246:643:E>V,0,0.5827609
train-clinvar+pg_dms__bilstm__seed44,PMS2,P43246:643:E>W,0,0.70724815
train-clinvar+pg_dms__bilstm__seed44,PMS2,P43246:643:E>P,0,0.9334076
train-clinvar+pg_dms__bilstm__seed44,PMS2,P43246:643:E>C,0,0.22399803
train-clinvar+pg_dms__bilstm__seed44,PMS2,P43246:647:E>Q,0,0.10492303
train-clinvar+pg_dms__bilstm__seed44,PMS2,P43246:647:E>D,0,0.096676834
train-clinvar+pg_dms__bilstm__seed44,PMS2,P43246:647:E>C,0,0.16427353
train-clinvar+pg_dms__bilstm__seed44,PMS2,P43246:647:E>G,0,0.056135483
train-clinvar+pg_dms__bilstm__seed44,PMS2,P43246:647:E>H,0,0.15560976
train-clinvar+pg_dms__bilstm__seed44,PMS2,P43246:647:E>A,0,0.05280316
train-clinvar+pg_dms__bilstm__seed44,PMS2,P43246:647:E>N,0,0.063716955
train-clinvar+pg_dms__bilstm__seed44,PMS2,P43246:647:E>R,0,0.10253629
train-clinvar+pg_dms__bilstm__seed44,PMS2,P43246:647:E>P,0,0.4038959
train-clinvar+pg_dms__bilstm__seed44,PMS2,P43246:647:E>I,0,0.21677937
train-clinvar+pg_dms__bilstm__seed44,PMS2,P43246:647:E>L,0,0.2237593
train-clinvar+pg_dms__bilstm__seed44,PMS2,P43246:647:E>M,0,0.40073293
train-clinvar+pg_dms__bilstm__seed44,PMS2,P43246:647:E>F,0,0.22845565
train-clinvar+pg_dms__bilstm__seed44,PMS2,P43246:647:E>K,0,0.17947061
train-clinvar+pg_dms__bilstm__seed44,PMS2,P43246:647:E>S,0,0.045333415
train-clinvar+pg_dms__bilstm__seed44,PMS2,P43246:647:E>V,0,0.14642073
train-clinvar+pg_dms__bilstm__seed44,PMS2,P43246:647:E>W,1,0.5195576
train-clinvar+pg_dms__bilstm__seed44,PMS2,P43246:647:E>Y,0,0.21817797
train-clinvar+pg_dms__bilstm__seed44,PMS2,P43246:647:E>T,0,0.07713484
train-clinvar+pg_dms__bilstm__seed44,PMS2,P43246:649:A>D,0,0.39775643
train-clinvar+pg_dms__bilstm__seed44,PMS2,P43246:649:A>T,0,0.11609675
train-clinvar+pg_dms__bilstm__seed44,PMS2,P43246:649:A>S,0,0.081378534
train-clinvar+pg_dms__bilstm__seed44,PMS2,P43246:649:A>R,0,0.2887332
train-clinvar+pg_dms__bilstm__seed44,PMS2,P43246:649:A>Q,0,0.18448593
train-clinvar+pg_dms__bilstm__seed44,PMS2,P43246:649:A>V,0,0.23233947
train-clinvar+pg_dms__bilstm__seed44,PMS2,P43246:649:A>E,0,0.34260654
train-clinvar+pg_dms__bilstm__seed44,PMS2,P43246:649:A>P,0,0.30176374
train-clinvar+pg_dms__bilstm__seed44,PMS2,P43246:649:A>G,0,0.14187182
train-clinvar+pg_dms__bilstm__seed44,PMS2,P43246:649:A>H,0,0.32156518
train-clinvar+pg_dms__bilstm__seed44,PMS2,P43246:649:A>I,0,0.22798288
train-clinvar+pg_dms__bilstm__seed44,PMS2,P43246:649:A>K,0,0.4810008
train-clinvar+pg_dms__bilstm__seed44,PMS2,P43246:649:A>F,0,0.1909763
train-clinvar+pg_dms__bilstm__seed44,PMS2,P43246:649:A>Y,0,0.3287996
train-clinvar+pg_dms__bilstm__seed44,PMS2,P43246:649:A>C,0,0.13922495
train-clinvar+pg_dms__bilstm__seed44,PMS2,P43246:649:A>L,0,0.18773754
train-clinvar+pg_dms__bilstm__seed44,PMS2,P43246:649:A>M,0,0.37192145
train-clinvar+pg_dms__bilstm__seed44,PMS2,P43246:649:A>N,0,0.17427842
train-clinvar+pg_dms__bilstm__seed44,PMS2,P43246:651:I>F,0,0.3282649
train-clinvar+pg_dms__bilstm__seed44,PMS2,P43246:651:I>G,0,0.58660835
train-clinvar+pg_dms__bilstm__seed44,PMS2,P43246:651:I>E,0,0.7137895
train-clinvar+pg_dms__bilstm__seed44,PMS2,P43246:651:I>D,0,0.80302554
train-clinvar+pg_dms__bilstm__seed44,PMS2,P43246:651:I>C,0,0.3942902
train-clinvar+pg_dms__bilstm__seed44,PMS2,P43246:651:I>A,0,0.58812195
train-clinvar+pg_dms__bilstm__seed44,PMS2,P43246:651:I>K,0,0.7339095
train-clinvar+pg_dms__bilstm__seed44,PMS2,P43246:651:I>M,0,0.6555183
train-clinvar+pg_dms__bilstm__seed44,PMS2,P43246:651:I>N,0,0.59566534
train-clinvar+pg_dms__bilstm__seed44,PMS2,P43246:651:I>P,1,0.8698644
train-clinvar+pg_dms__bilstm__seed44,PMS2,P43246:651:I>Q,0,0.5464154
train-clinvar+pg_dms__bilstm__seed44,PMS2,P43246:651:I>R,0,0.5773613
train-clinvar+pg_dms__bilstm__seed44,PMS2,P43246:651:I>S,0,0.524061
train-clinvar+pg_dms__bilstm__seed44,PMS2,P43246:651:I>V,0,0.12728152
train-clinvar+pg_dms__bilstm__seed44,PMS2,P43246:651:I>W,0,0.7467656
train-clinvar+pg_dms__bilstm__seed44,PMS2,P43246:651:I>Y,0,0.74506944
train-clinvar+pg_dms__bilstm__seed44,PMS2,P43246:654:D>Q,0,0.48517227
train-clinvar+pg_dms__bilstm__seed44,PMS2,P43246:654:D>A,0,0.18745363
train-clinvar+pg_dms__bilstm__seed44,PMS2,P43246:654:D>C,0,0.37254316
train-clinvar+pg_dms__bilstm__seed44,PMS2,P43246:654:D>P,0,0.8424723
train-clinvar+pg_dms__bilstm__seed44,PMS2,P43246:654:D>S,0,0.04230673
train-clinvar+pg_dms__bilstm__seed44,PMS2,P43246:654:D>Y,0,0.34564933
train-clinvar+pg_dms__bilstm__seed44,PMS2,P43246:654:D>W,0,0.7395554
train-clinvar+pg_dms__bilstm__seed44,PMS2,P43246:654:D>N,0,0.04638963
train-clinvar+pg_dms__bilstm__seed44,PMS2,P43246:654:D>M,0,0.7486485
train-clinvar+pg_dms__bilstm__seed44,PMS2,P43246:654:D>L,0,0.64556396
train-clinvar+pg_dms__bilstm__seed44,PMS2,P43246:654:D>K,0,0.6766729
train-clinvar+pg_dms__bilstm__seed44,PMS2,P43246:654:D>I,0,0.67459047
train-clinvar+pg_dms__bilstm__seed44,PMS2,P43246:654:D>R,0,0.56950516
train-clinvar+pg_dms__bilstm__seed44,PMS2,P43246:654:D>T,0,0.17935176
train-clinvar+pg_dms__bilstm__seed44,PMS2,P43246:654:D>H,0,0.2750334
train-clinvar+pg_dms__bilstm__seed44,PMS2,P43246:654:D>G,0,0.14947465
train-clinvar+pg_dms__bilstm__seed44,PMS2,P43246:654:D>F,0,0.56250155
train-clinvar+pg_dms__bilstm__seed44,PMS2,P43246:660:D>I,0,0.15698527
train-clinvar+pg_dms__bilstm__seed44,PMS2,P43246:660:D>N,0,0.03560055
train-clinvar+pg_dms__bilstm__seed44,PMS2,P43246:660:D>P,0,0.37847304
train-clinvar+pg_dms__bilstm__seed44,PMS2,P43246:660:D>Q,0,0.051433988
train-clinvar+pg_dms__bilstm__seed44,PMS2,P43246:660:D>R,0,0.051296405
train-clinvar+pg_dms__bilstm__seed44,PMS2,P43246:660:D>C,0,0.04521459
train-clinvar+pg_dms__bilstm__seed44,PMS2,P43246:660:D>A,0,0.03858473
train-clinvar+pg_dms__bilstm__seed44,PMS2,P43246:660:D>H,0,0.062258516
train-clinvar+pg_dms__bilstm__seed44,PMS2,P43246:660:D>F,0,0.11262208
train-clinvar+pg_dms__bilstm__seed44,PMS2,P43246:660:D>W,0,0.46598533
train-clinvar+pg_dms__bilstm__seed44,PMS2,P43246:660:D>Y,0,0.12228296
train-clinvar+pg_dms__bilstm__seed44,PMS2,P43246:660:D>T,0,0.05076239
train-clinvar+pg_dms__bilstm__seed44,PMS2,P43246:660:D>S,0,0.022416677
train-clinvar+pg_dms__bilstm__seed44,PMS2,P43246:660:D>M,0,0.33794937
train-clinvar+pg_dms__bilstm__seed44,PMS2,P43246:660:D>L,0,0.1356916
train-clinvar+pg_dms__bilstm__seed44,PMS2,P43246:660:D>K,0,0.100128956
train-clinvar+pg_dms__bilstm__seed44,PMS2,P43246:660:D>V,0,0.08117501
train-clinvar+pg_dms__bilstm__seed44,PMS2,P43246:661:K>H,0,0.024954062
train-clinvar+pg_dms__bilstm__seed44,PMS2,P43246:661:K>G,0,0.019776251
train-clinvar+pg_dms__bilstm__seed44,PMS2,P43246:661:K>P,0,0.50530165
train-clinvar+pg_dms__bilstm__seed44,PMS2,P43246:661:K>N,0,0.018312035
train-clinvar+pg_dms__bilstm__seed44,PMS2,P43246:661:K>Q,0,0.015026876
train-clinvar+pg_dms__bilstm__seed44,PMS2,P43246:661:K>M,0,0.10662862
train-clinvar+pg_dms__bilstm__seed44,PMS2,P43246:661:K>F,0,0.043734785
train-clinvar+pg_dms__bilstm__seed44,PMS2,P43246:661:K>D,0,0.0970052
train-clinvar+pg_dms__bilstm__seed44,PMS2,P43246:661:K>R,0,0.05309787
train-clinvar+pg_dms__bilstm__seed44,PMS2,P43246:661:K>S,0,0.009770363
train-clinvar+pg_dms__bilstm__seed44,PMS2,P43246:661:K>L,0,0.032458518
train-clinvar+pg_dms__bilstm__seed44,PMS2,P43246:661:K>C,0,0.011412032
train-clinvar+pg_dms__bilstm__seed44,PMS2,P43246:661:K>A,0,0.013919856
train-clinvar+pg_dms__bilstm__seed44,PMS2,P43246:661:K>T,0,0.017218199
train-clinvar+pg_dms__bilstm__seed44,PMS2,P43246:661:K>V,0,0.02577536
train-clinvar+pg_dms__bilstm__seed44,PMS2,P43246:661:K>W,0,0.3976441
train-clinvar+pg_dms__bilstm__seed44,PMS2,P43246:661:K>Y,0,0.04869505
train-clinvar+pg_dms__bilstm__seed44,PMS2,P43246:661:K>E,0,0.022551285
train-clinvar+pg_dms__bilstm__seed44,PMS2,P43246:661:K>I,0,0.034337055
train-clinvar+pg_dms__bilstm__seed44,PMS2,P43246:673:G>H,0,0.8497743
train-clinvar+pg_dms__bilstm__seed44,PMS2,P43246:673:G>I,1,0.89465046
train-clinvar+pg_dms__bilstm__seed44,PMS2,P43246:673:G>F,0,0.8801315
train-clinvar+pg_dms__bilstm__seed44,PMS2,P43246:673:G>L,1,0.8641237
train-clinvar+pg_dms__bilstm__seed44,PMS2,P43246:673:G>D,0,0.93882954
train-clinvar+pg_dms__bilstm__seed44,PMS2,P43246:673:G>C,0,0.7282193
train-clinvar+pg_dms__bilstm__seed44,PMS2,P43246:673:G>A,0,0.687793
train-clinvar+pg_dms__bilstm__seed44,PMS2,P43246:673:G>E,1,0.87498516
train-clinvar+pg_dms__bilstm__seed44,PMS2,P43246:673:G>M,0,0.8839654
train-clinvar+pg_dms__bilstm__seed44,PMS2,P43246:673:G>K,1,0.8975228
train-clinvar+pg_dms__bilstm__seed44,PMS2,P43246:673:G>Y,0,0.88035864
train-clinvar+pg_dms__bilstm__seed44,PMS2,P43246:673:G>P,1,0.96217376
train-clinvar+pg_dms__bilstm__seed44,PMS2,P43246:673:G>Q,0,0.8952618
train-clinvar+pg_dms__bilstm__seed44,PMS2,P43246:673:G>R,1,0.93164355
train-clinvar+pg_dms__bilstm__seed44,PMS2,P43246:673:G>S,0,0.81513906
train-clinvar+pg_dms__bilstm__seed44,PMS2,P43246:673:G>T,0,0.803154
train-clinvar+pg_dms__bilstm__seed44,PMS2,P43246:673:G>W,1,0.8617748
train-clinvar+pg_dms__bilstm__seed44,PMS2,P43246:673:G>N,0,0.8715362
train-clinvar+pg_dms__bilstm__seed44,PMS2,P43246:677:T>W,1,0.92895204
train-clinvar+pg_dms__bilstm__seed44,PMS2,P43246:677:T>L,0,0.8269882
train-clinvar+pg_dms__bilstm__seed44,PMS2,P43246:677:T>F,0,0.9473087
train-clinvar+pg_dms__bilstm__seed44,PMS2,P43246:677:T>G,0,0.8689759
train-clinvar+pg_dms__bilstm__seed44,PMS2,P43246:677:T>I,0,0.9123966
train-clinvar+pg_dms__bilstm__seed44,PMS2,P43246:677:T>K,1,0.95610476
train-clinvar+pg_dms__bilstm__seed44,PMS2,P43246:677:T>Y,0,0.9357919
train-clinvar+pg_dms__bilstm__seed44,PMS2,P43246:677:T>M,0,0.87203366
train-clinvar+pg_dms__bilstm__seed44,PMS2,P43246:677:T>N,0,0.91797733
train-clinvar+pg_dms__bilstm__seed44,PMS2,P43246:677:T>C,0,0.75500774
train-clinvar+pg_dms__bilstm__seed44,PMS2,P43246:677:T>P,1,0.9855639
train-clinvar+pg_dms__bilstm__seed44,PMS2,P43246:677:T>S,0,0.63948995
train-clinvar+pg_dms__bilstm__seed44,PMS2,P43246:677:T>V,0,0.67409337
train-clinvar+pg_dms__bilstm__seed44,PMS2,P43246:677:T>Q,0,0.9219808
train-clinvar+pg_dms__bilstm__seed44,PMS2,P43246:677:T>A,0,0.728185
train-clinvar+pg_dms__bilstm__seed44,PMS2,P43246:680:R>S,0,0.72562534
train-clinvar+pg_dms__bilstm__seed44,PMS2,P43246:680:R>T,0,0.5943443
train-clinvar+pg_dms__bilstm__seed44,PMS2,P43246:680:R>V,0,0.7131269
train-clinvar+pg_dms__bilstm__seed44,PMS2,P43246:680:R>M,0,0.78848565
train-clinvar+pg_dms__bilstm__seed44,PMS2,P43246:680:R>I,0,0.72562253
train-clinvar+pg_dms__bilstm__seed44,PMS2,P43246:680:R>K,0,0.6261451
train-clinvar+pg_dms__bilstm__seed44,PMS2,P43246:680:R>H,0,0.55267024
train-clinvar+pg_dms__bilstm__seed44,PMS2,P43246:680:R>W,0,0.66961443
train-clinvar+pg_dms__bilstm__seed44,PMS2,P43246:680:R>F,0,0.7125504
train-clinvar+pg_dms__bilstm__seed44,PMS2,P43246:680:R>E,0,0.7456688
train-clinvar+pg_dms__bilstm__seed44,PMS2,P43246:680:R>G,0,0.78938144
train-clinvar+pg_dms__bilstm__seed44,PMS2,P43246:680:R>Y,0,0.699951
train-clinvar+pg_dms__bilstm__seed44,PMS2,P43246:680:R>A,0,0.63087726
train-clinvar+pg_dms__bilstm__seed44,PMS2,P43246:680:R>C,0,0.3562009
train-clinvar+pg_dms__bilstm__seed44,PMS2,P43246:693:C>E,1,0.96887064
train-clinvar+pg_dms__bilstm__seed44,PMS2,P43246:693:C>F,1,0.9440774
train-clinvar+pg_dms__bilstm__seed44,PMS2,P43246:693:C>G,1,0.815283
train-clinvar+pg_dms__bilstm__seed44,PMS2,P43246:693:C>H,0,0.9541997
train-clinvar+pg_dms__bilstm__seed44,PMS2,P43246:693:C>I,0,0.95542765
train-clinvar+pg_dms__bilstm__seed44,PMS2,P43246:693:C>K,1,0.9677004
train-clinvar+pg_dms__bilstm__seed44,PMS2,P43246:693:C>V,0,0.94774395
train-clinvar+pg_dms__bilstm__seed44,PMS2,P43246:693:C>S,0,0.49198228
train-clinvar+pg_dms__bilstm__seed44,PMS2,P43246:693:C>W,1,0.9448384
train-clinvar+pg_dms__bilstm__seed44,PMS2,P43246:693:C>D,1,0.97156245
train-clinvar+pg_dms__bilstm__seed44,PMS2,P43246:693:C>P,1,0.9823276
train-clinvar+pg_dms__bilstm__seed44,PMS2,P43246:693:C>M,1,0.95113885
train-clinvar+pg_dms__bilstm__seed44,PMS2,P43246:693:C>L,0,0.94360596
train-clinvar+pg_dms__bilstm__seed44,PMS2,P43246:693:C>T,0,0.91733783
train-clinvar+pg_dms__bilstm__seed44,PMS2,P43246:693:C>Q,0,0.95589995
train-clinvar+pg_dms__bilstm__seed44,PMS2,P43246:693:C>A,0,0.835994
train-clinvar+pg_dms__bilstm__seed44,PMS2,P43246:694:F>G,1,0.9367736
train-clinvar+pg_dms__bilstm__seed44,PMS2,P43246:694:F>A,1,0.9329115
train-clinvar+pg_dms__bilstm__seed44,PMS2,P43246:694:F>D,1,0.9652976
train-clinvar+pg_dms__bilstm__seed44,PMS2,P43246:694:F>E,1,0.96093017
train-clinvar+pg_dms__bilstm__seed44,PMS2,P43246:694:F>K,1,0.9584115
train-clinvar+pg_dms__bilstm__seed44,PMS2,P43246:694:F>L,0,0.9356008
train-clinvar+pg_dms__bilstm__seed44,PMS2,P43246:694:F>M,0,0.9171675
train-clinvar+pg_dms__bilstm__seed44,PMS2,P43246:694:F>N,0,0.9471826
train-clinvar+pg_dms__bilstm__seed44,PMS2,P43246:694:F>P,1,0.9789884
train-clinvar+pg_dms__bilstm__seed44,PMS2,P43246:694:F>R,1,0.9605707
train-clinvar+pg_dms__bilstm__seed44,PMS2,P43246:694:F>T,1,0.9209002
train-clinvar+pg_dms__bilstm__seed44,PMS2,P43246:694:F>V,1,0.92111284
train-clinvar+pg_dms__bilstm__seed44,PMS2,P43246:694:F>W,0,0.75254494
train-clinvar+pg_dms__bilstm__seed44,PMS2,P43246:694:F>Y,0,0.2166962
train-clinvar+pg_dms__bilstm__seed44,PMS2,P43246:694:F>Q,1,0.94504946
train-clinvar+pg_dms__bilstm__seed44,PMS2,P43246:696:P>E,1,0.8748909
train-clinvar+pg_dms__bilstm__seed44,PMS2,P43246:696:P>F,1,0.79533523
train-clinvar+pg_dms__bilstm__seed44,PMS2,P43246:696:P>G,0,0.6645157
train-clinvar+pg_dms__bilstm__seed44,PMS2,P43246:696:P>H,1,0.81536406
train-clinvar+pg_dms__bilstm__seed44,PMS2,P43246:696:P>I,1,0.83180255
train-clinvar+pg_dms__bilstm__seed44,PMS2,P43246:696:P>K,1,0.86136276
train-clinvar+pg_dms__bilstm__seed44,PMS2,P43246:696:P>M,1,0.8840401
train-clinvar+pg_dms__bilstm__seed44,PMS2,P43246:696:P>Q,1,0.80072224
train-clinvar+pg_dms__bilstm__seed44,PMS2,P43246:696:P>R,1,0.85750616
train-clinvar+pg_dms__bilstm__seed44,PMS2,P43246:696:P>D,1,0.9277066
train-clinvar+pg_dms__bilstm__seed44,PMS2,P43246:696:P>T,1,0.6612264
train-clinvar+pg_dms__bilstm__seed44,PMS2,P43246:696:P>V,1,0.81482476
train-clinvar+pg_dms__bilstm__seed44,PMS2,P43246:696:P>W,1,0.84610736
train-clinvar+pg_dms__bilstm__seed44,PMS2,P43246:696:P>Y,1,0.84888357
train-clinvar+pg_dms__bilstm__seed44,PMS2,P43246:698:E>A,0,0.022212686
train-clinvar+pg_dms__bilstm__seed44,PMS2,P43246:698:E>P,1,0.6655987
train-clinvar+pg_dms__bilstm__seed44,PMS2,P43246:698:E>N,0,0.043867473
train-clinvar+pg_dms__bilstm__seed44,PMS2,P43246:698:E>M,1,0.25892448
train-clinvar+pg_dms__bilstm__seed44,PMS2,P43246:698:E>L,0,0.09179385
train-clinvar+pg_dms__bilstm__seed44,PMS2,P43246:698:E>F,0,0.1556238
train-clinvar+pg_dms__bilstm__seed44,PMS2,P43246:698:E>H,0,0.08176965
train-clinvar+pg_dms__bilstm__seed44,PMS2,P43246:698:E>G,0,0.10450876
train-clinvar+pg_dms__bilstm__seed44,PMS2,P43246:698:E>Q,0,0.022571705
train-clinvar+pg_dms__bilstm__seed44,PMS2,P43246:698:E>D,0,0.07073891
train-clinvar+pg_dms__bilstm__seed44,PMS2,P43246:698:E>C,0,0.12022376
train-clinvar+pg_dms__bilstm__seed44,PMS2,P43246:698:E>I,0,0.06307816
train-clinvar+pg_dms__bilstm__seed44,PMS2,P43246:698:E>R,0,0.031841792
train-clinvar+pg_dms__bilstm__seed44,PMS2,P43246:698:E>Y,0,0.124901034
train-clinvar+pg_dms__bilstm__seed44,PMS2,P43246:698:E>T,0,0.028594378
train-clinvar+pg_dms__bilstm__seed44,PMS2,P43246:698:E>V,0,0.04617221
train-clinvar+pg_dms__bilstm__seed44,PMS2,P43246:698:E>W,0,0.6060661
train-clinvar+pg_dms__bilstm__seed44,PMS2,P43246:698:E>S,0,0.020269638
train-clinvar+pg_dms__bilstm__seed44,PMS2,P43246:703:S>I,1,0.78757393
train-clinvar+pg_dms__bilstm__seed44,PMS2,P43246:703:S>G,0,0.12411184
train-clinvar+pg_dms__bilstm__seed44,PMS2,P43246:703:S>E,0,0.9216105
train-clinvar+pg_dms__bilstm__seed44,PMS2,P43246:703:S>C,0,0.07120778
train-clinvar+pg_dms__bilstm__seed44,PMS2,P43246:703:S>A,0,0.09812244
train-clinvar+pg_dms__bilstm__seed44,PMS2,P43246:703:S>N,0,0.3777631
train-clinvar+pg_dms__bilstm__seed44,PMS2,P43246:703:S>M,0,0.5765046
train-clinvar+pg_dms__bilstm__seed44,PMS2,P43246:703:S>P,0,0.48286673
train-clinvar+pg_dms__bilstm__seed44,PMS2,P43246:703:S>Q,0,0.88898396
train-clinvar+pg_dms__bilstm__seed44,PMS2,P43246:703:S>R,0,0.9519983
train-clinvar+pg_dms__bilstm__seed44,PMS2,P43246:703:S>T,0,0.10825204
train-clinvar+pg_dms__bilstm__seed44,PMS2,P43246:703:S>V,0,0.5302742
train-clinvar+pg_dms__bilstm__seed44,PMS2,P43246:703:S>L,0,0.37251538
train-clinvar+pg_dms__bilstm__seed44,PMS2,P43246:703:S>W,1,0.8375494
train-clinvar+pg_dms__bilstm__seed44,PMS2,P43246:703:S>K,0,0.9316182
train-clinvar+pg_dms__bilstm__seed44,PMS2,P43246:720:K>C,0,0.03134645
train-clinvar+pg_dms__bilstm__seed44,PMS2,P43246:720:K>W,0,0.24511455
train-clinvar+pg_dms__bilstm__seed44,PMS2,P43246:720:K>V,0,0.0795774
train-clinvar+pg_dms__bilstm__seed44,PMS2,P43246:720:K>E,0,0.27923852
train-clinvar+pg_dms__bilstm__seed44,PMS2,P43246:720:K>F,0,0.04657077
train-clinvar+pg_dms__bilstm__seed44,PMS2,P43246:720:K>G,0,0.0574839
train-clinvar+pg_dms__bilstm__seed44,PMS2,P43246:720:K>H,0,0.031064041
train-clinvar+pg_dms__bilstm__seed44,PMS2,P43246:720:K>I,0,0.107600234
train-clinvar+pg_dms__bilstm__seed44,PMS2,P43246:720:K>L,0,0.06113867
train-clinvar+pg_dms__bilstm__seed44,PMS2,P43246:720:K>A,0,0.041368917
train-clinvar+pg_dms__bilstm__seed44,PMS2,P43246:720:K>D,0,0.21200065
train-clinvar+pg_dms__bilstm__seed44,PMS2,P43246:720:K>P,0,0.23302683
train-clinvar+pg_dms__bilstm__seed44,PMS2,P43246:720:K>N,0,0.08438723
train-clinvar+pg_dms__bilstm__seed44,PMS2,P43246:720:K>Y,0,0.08531283
train-clinvar+pg_dms__bilstm__seed44,PMS2,P43246:720:K>S,0,0.05092757
train-clinvar+pg_dms__bilstm__seed44,PMS2,P43246:720:K>T,0,0.050171755
train-clinvar+pg_dms__bilstm__seed44,PMS2,P43246:720:K>R,0,0.0014561588
train-clinvar+pg_dms__bilstm__seed44,PMS2,P43246:720:K>M,0,0.18000922
train-clinvar+pg_dms__bilstm__seed44,PMS2,P43246:720:K>Q,0,0.0064123645
train-clinvar+pg_dms__bilstm__seed44,PMS2,P43246:727:A>V,0,0.15050466
train-clinvar+pg_dms__bilstm__seed44,PMS2,P43246:727:A>R,0,0.6116307
train-clinvar+pg_dms__bilstm__seed44,PMS2,P43246:727:A>Q,0,0.13181813
train-clinvar+pg_dms__bilstm__seed44,PMS2,P43246:727:A>N,0,0.17928755
train-clinvar+pg_dms__bilstm__seed44,PMS2,P43246:727:A>M,0,0.11850488
train-clinvar+pg_dms__bilstm__seed44,PMS2,P43246:727:A>L,0,0.05216965
train-clinvar+pg_dms__bilstm__seed44,PMS2,P43246:727:A>Y,0,0.3048191
train-clinvar+pg_dms__bilstm__seed44,PMS2,P43246:727:A>W,0,0.56208104
train-clinvar+pg_dms__bilstm__seed44,PMS2,P43246:727:A>C,0,0.06561354
train-clinvar+pg_dms__bilstm__seed44,PMS2,P43246:727:A>D,0,0.73953664
train-clinvar+pg_dms__bilstm__seed44,PMS2,P43246:727:A>E,0,0.3685074
train-clinvar+pg_dms__bilstm__seed44,PMS2,P43246:727:A>F,0,0.18528952
train-clinvar+pg_dms__bilstm__seed44,PMS2,P43246:727:A>K,0,0.57176816
train-clinvar+pg_dms__bilstm__seed44,PMS2,P43246:727:A>I,0,0.16061309
train-clinvar+pg_dms__bilstm__seed44,PMS2,P43246:727:A>H,0,0.36511847
train-clinvar+pg_dms__bilstm__seed44,PMS2,P43246:727:A>G,0,0.035055056
train-clinvar+pg_dms__bilstm__seed44,PMS2,P43246:727:A>S,0,0.101637736
train-clinvar+pg_dms__bilstm__seed44,PMS2,P43246:731:E>D,0,0.76322573
train-clinvar+pg_dms__bilstm__seed44,PMS2,P43246:731:E>P,0,0.8415079
train-clinvar+pg_dms__bilstm__seed44,PMS2,P43246:731:E>A,0,0.49289525
train-clinvar+pg_dms__bilstm__seed44,PMS2,P43246:731:E>F,0,0.6162744
train-clinvar+pg_dms__bilstm__seed44,PMS2,P43246:731:E>H,0,0.5693273
train-clinvar+pg_dms__bilstm__seed44,PMS2,P43246:731:E>I,0,0.65362704
train-clinvar+pg_dms__bilstm__seed44,PMS2,P43246:731:E>L,0,0.6359301
train-clinvar+pg_dms__bilstm__seed44,PMS2,P43246:731:E>M,0,0.7101194
train-clinvar+pg_dms__bilstm__seed44,PMS2,P43246:731:E>N,0,0.62969106
train-clinvar+pg_dms__bilstm__seed44,PMS2,P43246:731:E>C,0,0.4154785
train-clinvar+pg_dms__bilstm__seed44,PMS2,P43246:731:E>Q,0,0.5149825
train-clinvar+pg_dms__bilstm__seed44,PMS2,P43246:731:E>R,0,0.7212837
train-clinvar+pg_dms__bilstm__seed44,PMS2,P43246:731:E>S,0,0.5581278
train-clinvar+pg_dms__bilstm__seed44,PMS2,P43246:731:E>T,0,0.53887945
train-clinvar+pg_dms__bilstm__seed44,PMS2,P43246:731:E>V,0,0.60764986
train-clinvar+pg_dms__bilstm__seed44,PMS2,P43246:731:E>W,0,0.6837562
train-clinvar+pg_dms__bilstm__seed44,PMS2,P43246:731:E>Y,0,0.5936535
train-clinvar+pg_dms__bilstm__seed44,PMS2,P43246:732:T>A,0,0.040395826
train-clinvar+pg_dms__bilstm__seed44,PMS2,P43246:732:T>G,0,0.44571245
train-clinvar+pg_dms__bilstm__seed44,PMS2,P43246:732:T>C,0,0.19359311
train-clinvar+pg_dms__bilstm__seed44,PMS2,P43246:732:T>E,0,0.88112134
train-clinvar+pg_dms__bilstm__seed44,PMS2,P43246:732:T>Y,1,0.8505406
train-clinvar+pg_dms__bilstm__seed44,PMS2,P43246:732:T>V,0,0.20748124
train-clinvar+pg_dms__bilstm__seed44,PMS2,P43246:732:T>R,1,0.92228335
train-clinvar+pg_dms__bilstm__seed44,PMS2,P43246:732:T>Q,0,0.7838867
train-clinvar+pg_dms__bilstm__seed44,PMS2,P43246:732:T>W,1,0.84443486
train-clinvar+pg_dms__bilstm__seed44,PMS2,P43246:732:T>K,0,0.8860902
train-clinvar+pg_dms__bilstm__seed44,PMS2,P43246:732:T>P,1,0.9607003
train-clinvar+pg_dms__bilstm__seed44,PMS2,P43246:732:T>M,0,0.19260484
train-clinvar+pg_dms__bilstm__seed44,PMS2,P43246:732:T>L,0,0.34822187
train-clinvar+pg_dms__bilstm__seed44,PMS2,P43246:739:A>F,0,0.82667506
train-clinvar+pg_dms__bilstm__seed44,PMS2,P43246:739:A>L,0,0.8296494
train-clinvar+pg_dms__bilstm__seed44,PMS2,P43246:739:A>Y,1,0.8631038
train-clinvar+pg_dms__bilstm__seed44,PMS2,P43246:739:A>W,1,0.8597142
train-clinvar+pg_dms__bilstm__seed44,PMS2,P43246:739:A>R,1,0.89638656
train-clinvar+pg_dms__bilstm__seed44,PMS2,P43246:739:A>P,0,0.94200635
train-clinvar+pg_dms__bilstm__seed44,PMS2,P43246:739:A>N,1,0.8572778
train-clinvar+pg_dms__bilstm__seed44,PMS2,P43246:739:A>M,0,0.86769986
train-clinvar+pg_dms__bilstm__seed44,PMS2,P43246:739:A>K,1,0.8836839
train-clinvar+pg_dms__bilstm__seed44,PMS2,P43246:739:A>I,0,0.8556941
train-clinvar+pg_dms__bilstm__seed44,PMS2,P43246:739:A>H,1,0.8473362
train-clinvar+pg_dms__bilstm__seed44,PMS2,P43246:739:A>G,0,0.14224462
train-clinvar+pg_dms__bilstm__seed44,PMS2,P43246:739:A>E,1,0.86997044
train-clinvar+pg_dms__bilstm__seed44,PMS2,P43246:739:A>D,1,0.923503
train-clinvar+pg_dms__bilstm__seed44,PMS2,P43246:739:A>S,0,0.062991336
train-clinvar+pg_dms__bilstm__seed44,PMS2,P43246:740:T>K,0,0.41301796
train-clinvar+pg_dms__bilstm__seed44,PMS2,P43246:740:T>L,0,0.6260587
train-clinvar+pg_dms__bilstm__seed44,PMS2,P43246:740:T>M,0,0.6310281
train-clinvar+pg_dms__bilstm__seed44,PMS2,P43246:740:T>N,0,0.104444005
train-clinvar+pg_dms__bilstm__seed44,PMS2,P43246:740:T>P,0,0.8537702
train-clinvar+pg_dms__bilstm__seed44,PMS2,P43246:740:T>Q,0,0.2087288
train-clinvar+pg_dms__bilstm__seed44,PMS2,P43246:740:T>R,0,0.216108
train-clinvar+pg_dms__bilstm__seed44,PMS2,P43246:740:T>V,0,0.6262636
train-clinvar+pg_dms__bilstm__seed44,PMS2,P43246:740:T>S,0,0.08521678
train-clinvar+pg_dms__bilstm__seed44,PMS2,P43246:740:T>H,0,0.3717239
train-clinvar+pg_dms__bilstm__seed44,PMS2,P43246:740:T>G,0,0.08328743
train-clinvar+pg_dms__bilstm__seed44,PMS2,P43246:740:T>F,0,0.6803469
train-clinvar+pg_dms__bilstm__seed44,PMS2,P43246:740:T>D,0,0.6182364
train-clinvar+pg_dms__bilstm__seed44,PMS2,P43246:740:T>E,0,0.5723319
train-clinvar+pg_dms__bilstm__seed44,PMS2,P43246:740:T>Y,1,0.7410912
train-clinvar+pg_dms__bilstm__seed44,PMS2,P43246:740:T>W,1,0.8209631
train-clinvar+pg_dms__bilstm__seed44,PMS2,P43246:740:T>C,0,0.24922523
train-clinvar+pg_dms__bilstm__seed44,PMS2,P43246:745:I>T,0,0.8931657
train-clinvar+pg_dms__bilstm__seed44,PMS2,P43246:745:I>S,1,0.9364419
train-clinvar+pg_dms__bilstm__seed44,PMS2,P43246:745:I>R,1,0.9560445
train-clinvar+pg_dms__bilstm__seed44,PMS2,P43246:745:I>Q,1,0.92623967
train-clinvar+pg_dms__bilstm__seed44,PMS2,P43246:745:I>P,1,0.9697749
train-clinvar+pg_dms__bilstm__seed44,PMS2,P43246:745:I>M,0,0.49915367
train-clinvar+pg_dms__bilstm__seed44,PMS2,P43246:745:I>C,0,0.8613592
train-clinvar+pg_dms__bilstm__seed44,PMS2,P43246:745:I>K,1,0.9482464
train-clinvar+pg_dms__bilstm__seed44,PMS2,P43246:745:I>H,1,0.92520666
train-clinvar+pg_dms__bilstm__seed44,PMS2,P43246:745:I>G,1,0.9158928
train-clinvar+pg_dms__bilstm__seed44,PMS2,P43246:745:I>F,0,0.8979604
train-clinvar+pg_dms__bilstm__seed44,PMS2,P43246:745:I>E,1,0.94284195
train-clinvar+pg_dms__bilstm__seed44,PMS2,P43246:745:I>D,1,0.9592358
train-clinvar+pg_dms__bilstm__seed44,PMS2,P43246:745:I>L,0,0.20901544
train-clinvar+pg_dms__bilstm__seed44,PMS2,P43246:745:I>W,1,0.92376333
train-clinvar+pg_dms__bilstm__seed44,PMS2,P43246:745:I>N,1,0.9386452
train-clinvar+pg_dms__bilstm__seed44,PMS2,P43246:745:I>A,0,0.90377283
train-clinvar+pg_dms__bilstm__seed44,PMS2,P43246:755:S>A,0,0.43574682
train-clinvar+pg_dms__bilstm__seed44,PMS2,P43246:755:S>C,0,0.7079613
train-clinvar+pg_dms__bilstm__seed44,PMS2,P43246:755:S>D,0,0.88921
train-clinvar+pg_dms__bilstm__seed44,PMS2,P43246:755:S>F,0,0.78874534
train-clinvar+pg_dms__bilstm__seed44,PMS2,P43246:755:S>G,0,0.73562807
train-clinvar+pg_dms__bilstm__seed44,PMS2,P43246:755:S>H,0,0.82386965
train-clinvar+pg_dms__bilstm__seed44,PMS2,P43246:755:S>I,0,0.8342913
train-clinvar+pg_dms__bilstm__seed44,PMS2,P43246:755:S>K,1,0.8415811
train-clinvar+pg_dms__bilstm__seed44,PMS2,P43246:755:S>L,1,0.8312156
train-clinvar+pg_dms__bilstm__seed44,PMS2,P43246:755:S>N,0,0.8259563
train-clinvar+pg_dms__bilstm__seed44,PMS2,P43246:755:S>P,0,0.90416753
train-clinvar+pg_dms__bilstm__seed44,PMS2,P43246:755:S>Q,0,0.7884576
train-clinvar+pg_dms__bilstm__seed44,PMS2,P43246:755:S>R,0,0.8416474
train-clinvar+pg_dms__bilstm__seed44,PMS2,P43246:755:S>V,0,0.83323705
train-clinvar+pg_dms__bilstm__seed44,PMS2,P43246:755:S>W,0,0.8483762
train-clinvar+pg_dms__bilstm__seed44,PMS2,P43246:755:S>M,1,0.86271966
train-clinvar+pg_dms__bilstm__seed44,PMS2,P43246:756:T>A,1,0.675596
train-clinvar+pg_dms__bilstm__seed44,PMS2,P43246:756:T>S,0,0.6762838
train-clinvar+pg_dms__bilstm__seed44,PMS2,P43246:756:T>N,0,0.6700956
train-clinvar+pg_dms__bilstm__seed44,PMS2,P43246:756:T>C,0,0.4590491
train-clinvar+pg_dms__bilstm__seed44,PMS2,P43246:756:T>M,0,0.74688685
train-clinvar+pg_dms__bilstm__seed44,PMS2,P43246:756:T>L,0,0.6566764
train-clinvar+pg_dms__bilstm__seed44,PMS2,P43246:756:T>K,1,0.71474606
train-clinvar+pg_dms__bilstm__seed44,PMS2,P43246:756:T>I,0,0.7445704
train-clinvar+pg_dms__bilstm__seed44,PMS2,P43246:756:T>H,1,0.6513118
train-clinvar+pg_dms__bilstm__seed44,PMS2,P43246:756:T>G,1,0.6035574
train-clinvar+pg_dms__bilstm__seed44,PMS2,P43246:756:T>E,0,0.7185202
train-clinvar+pg_dms__bilstm__seed44,PMS2,P43246:756:T>F,0,0.6292003
train-clinvar+pg_dms__bilstm__seed44,PMS2,P43246:756:T>Y,1,0.65850294
train-clinvar+pg_dms__bilstm__seed44,PMS2,P43246:756:T>R,1,0.7326619
train-clinvar+pg_dms__bilstm__seed44,PMS2,P43246:756:T>Q,0,0.58327454
train-clinvar+pg_dms__bilstm__seed44,PMS2,P43246:756:T>P,1,0.8475084
train-clinvar+pg_dms__bilstm__seed44,PMS2,P43246:756:T>W,1,0.73588663
train-clinvar+pg_dms__bilstm__seed44,PMS2,P43246:756:T>D,0,0.8247858
train-clinvar+pg_dms__bilstm__seed44,PMS2,P43246:756:T>V,0,0.66477233
train-clinvar+pg_dms__bilstm__seed44,PMS2,P43246:769:Y>W,0,0.3915356
train-clinvar+pg_dms__bilstm__seed44,PMS2,P43246:769:Y>G,0,0.2602835
train-clinvar+pg_dms__bilstm__seed44,PMS2,P43246:769:Y>M,0,0.7068694
train-clinvar+pg_dms__bilstm__seed44,PMS2,P43246:769:Y>S,0,0.043840453
train-clinvar+pg_dms__bilstm__seed44,PMS2,P43246:769:Y>T,0,0.26365155
train-clinvar+pg_dms__bilstm__seed44,PMS2,P43246:769:Y>V,0,0.41506097
train-clinvar+pg_dms__bilstm__seed44,PMS2,P43246:769:Y>N,0,0.06574787
train-clinvar+pg_dms__bilstm__seed44,PMS2,P43246:769:Y>L,0,0.5285159
train-clinvar+pg_dms__bilstm__seed44,PMS2,P43246:769:Y>R,0,0.20440672
train-clinvar+pg_dms__bilstm__seed44,PMS2,P43246:769:Y>P,1,0.926032
train-clinvar+pg_dms__bilstm__seed44,PMS2,P43246:769:Y>F,0,0.014693724
train-clinvar+pg_dms__bilstm__seed44,PMS2,P43246:769:Y>E,0,0.4738473
train-clinvar+pg_dms__bilstm__seed44,PMS2,P43246:769:Y>D,0,0.22730221
train-clinvar+pg_dms__bilstm__seed44,PMS2,P43246:769:Y>C,0,0.085055746
train-clinvar+pg_dms__bilstm__seed44,PMS2,P43246:769:Y>A,0,0.22451654
train-clinvar+pg_dms__bilstm__seed44,PMS2,P43246:769:Y>K,0,0.53697115
train-clinvar+pg_dms__bilstm__seed44,PMS2,P43246:769:Y>I,0,0.5471628
train-clinvar+pg_dms__bilstm__seed44,PMS2,P43246:784:F>V,1,0.72793525
train-clinvar+pg_dms__bilstm__seed44,PMS2,P43246:784:F>T,1,0.6478958
train-clinvar+pg_dms__bilstm__seed44,PMS2,P43246:784:F>S,1,0.66200584
train-clinvar+pg_dms__bilstm__seed44,PMS2,P43246:784:F>R,1,0.7180291
train-clinvar+pg_dms__bilstm__seed44,PMS2,P43246:784:F>P,1,0.8559426
train-clinvar+pg_dms__bilstm__seed44,PMS2,P43246:784:F>M,0,0.799555
train-clinvar+pg_dms__bilstm__seed44,PMS2,P43246:784:F>Y,0,0.46841562
train-clinvar+pg_dms__bilstm__seed44,PMS2,P43246:784:F>W,0,0.7661627
train-clinvar+pg_dms__bilstm__seed44,PMS2,P43246:784:F>I,0,0.726311
train-clinvar+pg_dms__bilstm__seed44,PMS2,P43246:784:F>H,1,0.70896465
train-clinvar+pg_dms__bilstm__seed44,PMS2,P43246:784:F>G,1,0.67775136
train-clinvar+pg_dms__bilstm__seed44,PMS2,P43246:784:F>E,1,0.7537423
train-clinvar+pg_dms__bilstm__seed44,PMS2,P43246:784:F>D,1,0.8058297
train-clinvar+pg_dms__bilstm__seed44,PMS2,P43246:784:F>C,1,0.55140835
train-clinvar+pg_dms__bilstm__seed44,PMS2,P43246:784:F>A,1,0.65660244
train-clinvar+pg_dms__bilstm__seed44,PMS2,P43246:784:F>K,1,0.7537215
train-clinvar+pg_dms__bilstm__seed44,PMS2,P43246:786:E>Y,1,0.32725623
train-clinvar+pg_dms__bilstm__seed44,PMS2,P43246:786:E>W,1,0.6299058
train-clinvar+pg_dms__bilstm__seed44,PMS2,P43246:786:E>V,0,0.39413586
train-clinvar+pg_dms__bilstm__seed44,PMS2,P43246:786:E>T,0,0.24906178
train-clinvar+pg_dms__bilstm__seed44,PMS2,P43246:786:E>S,0,0.20705667
train-clinvar+pg_dms__bilstm__seed44,PMS2,P43246:786:E>R,0,0.26355836
train-clinvar+pg_dms__bilstm__seed44,PMS2,P43246:786:E>Q,0,0.13730717
train-clinvar+pg_dms__bilstm__seed44,PMS2,P43246:786:E>P,0,0.66406053
train-clinvar+pg_dms__bilstm__seed44,PMS2,P43246:786:E>L,0,0.40641975
train-clinvar+pg_dms__bilstm__seed44,PMS2,P43246:786:E>A,0,0.21705426
train-clinvar+pg_dms__bilstm__seed44,PMS2,P43246:786:E>I,0,0.37277275
train-clinvar+pg_dms__bilstm__seed44,PMS2,P43246:786:E>H,0,0.35822415
train-clinvar+pg_dms__bilstm__seed44,PMS2,P43246:786:E>G,0,0.26531374
train-clinvar+pg_dms__bilstm__seed44,PMS2,P43246:786:E>F,0,0.23313366
train-clinvar+pg_dms__bilstm__seed44,PMS2,P43246:786:E>C,0,0.14279982
train-clinvar+pg_dms__bilstm__seed44,PMS2,P43246:786:E>D,0,0.6544531
train-clinvar+pg_dms__bilstm__seed44,PMS2,P43246:786:E>N,0,0.36511272
train-clinvar+pg_dms__bilstm__seed44,PMS2,P43246:786:E>M,0,0.6688968
train-clinvar+pg_dms__bilstm__seed44,PMS2,P43246:787:L>Y,1,0.6042612
train-clinvar+pg_dms__bilstm__seed44,PMS2,P43246:787:L>K,1,0.655415
train-clinvar+pg_dms__bilstm__seed44,PMS2,P43246:787:L>I,0,0.057016347
train-clinvar+pg_dms__bilstm__seed44,PMS2,P43246:787:L>H,0,0.59969294
train-clinvar+pg_dms__bilstm__seed44,PMS2,P43246:787:L>G,1,0.4987316
train-clinvar+pg_dms__bilstm__seed44,PMS2,P43246:787:L>E,1,0.67165715
train-clinvar+pg_dms__bilstm__seed44,PMS2,P43246:787:L>T,1,0.4552924
train-clinvar+pg_dms__bilstm__seed44,PMS2,P43246:787:L>W,1,0.6853148
train-clinvar+pg_dms__bilstm__seed44,PMS2,P43246:787:L>M,0,0.24322882
train-clinvar+pg_dms__bilstm__seed44,PMS2,P43246:787:L>P,1,0.8307255
train-clinvar+pg_dms__bilstm__seed44,PMS2,P43246:787:L>A,0,0.42297995
train-clinvar+pg_dms__bilstm__seed44,PMS2,P43246:787:L>C,0,0.3080954
train-clinvar+pg_dms__bilstm__seed44,PMS2,P43246:787:L>D,1,0.7825232
train-clinvar+pg_dms__bilstm__seed44,PMS2,P43246:787:L>S,0,0.5225133
train-clinvar+pg_dms__bilstm__seed44,PMS2,P43246:793:Q>A,0,0.06747668
train-clinvar+pg_dms__bilstm__seed44,PMS2,P43246:793:Q>E,0,0.118257955
train-clinvar+pg_dms__bilstm__seed44,PMS2,P43246:793:Q>F,0,0.1780602
train-clinvar+pg_dms__bilstm__seed44,PMS2,P43246:793:Q>G,0,0.093735404
train-clinvar+pg_dms__bilstm__seed44,PMS2,P43246:793:Q>H,0,0.118775256
train-clinvar+pg_dms__bilstm__seed44,PMS2,P43246:793:Q>I,0,0.13737251
train-clinvar+pg_dms__bilstm__seed44,PMS2,P43246:793:Q>Y,0,0.1312005
train-clinvar+pg_dms__bilstm__seed44,PMS2,P43246:793:Q>W,1,0.41761562
train-clinvar+pg_dms__bilstm__seed44,PMS2,P43246:793:Q>V,0,0.09581594
train-clinvar+pg_dms__bilstm__seed44,PMS2,P43246:793:Q>T,0,0.059681907
train-clinvar+pg_dms__bilstm__seed44,PMS2,P43246:793:Q>S,0,0.049232304
train-clinvar+pg_dms__bilstm__seed44,PMS2,P43246:793:Q>N,0,0.08487413
train-clinvar+pg_dms__bilstm__seed44,PMS2,P43246:793:Q>M,0,0.3262107
train-clinvar+pg_dms__bilstm__seed44,PMS2,P43246:793:Q>D,0,0.19289584
train-clinvar+pg_dms__bilstm__seed44,PMS2,P43246:793:Q>C,0,0.084523246
train-clinvar+pg_dms__bilstm__seed44,PMS2,P43246:793:Q>K,0,0.101142175
train-clinvar+pg_dms__bilstm__seed44,PMS2,P43246:793:Q>L,0,0.09238061
train-clinvar+pg_dms__bilstm__seed44,PMS2,P43246:796:T>H,1,0.11969682
train-clinvar+pg_dms__bilstm__seed44,PMS2,P43246:796:T>E,0,0.21043225
train-clinvar+pg_dms__bilstm__seed44,PMS2,P43246:796:T>Y,0,0.09721418
train-clinvar+pg_dms__bilstm__seed44,PMS2,P43246:796:T>W,0,0.4888439
train-clinvar+pg_dms__bilstm__seed44,PMS2,P43246:796:T>V,0,0.09578979
train-clinvar+pg_dms__bilstm__seed44,PMS2,P43246:796:T>R,0,0.052801367
train-clinvar+pg_dms__bilstm__seed44,PMS2,P43246:796:T>Q,0,0.0677115
train-clinvar+pg_dms__bilstm__seed44,PMS2,P43246:796:T>P,0,0.31793362
train-clinvar+pg_dms__bilstm__seed44,PMS2,P43246:796:T>M,0,0.27979472
train-clinvar+pg_dms__bilstm__seed44,PMS2,P43246:796:T>K,0,0.1697843
train-clinvar+pg_dms__bilstm__seed44,PMS2,P43246:796:T>D,0,0.33569
train-clinvar+pg_dms__bilstm__seed44,PMS2,P43246:796:T>C,0,0.04255106
train-clinvar+pg_dms__bilstm__seed44,PMS2,P43246:796:T>A,0,0.14208812
train-clinvar+pg_dms__bilstm__seed44,PMS2,P43246:796:T>G,0,0.05382231
train-clinvar+pg_dms__bilstm__seed44,PMS2,P43246:796:T>I,0,0.28184342
train-clinvar+pg_dms__bilstm__seed44,PMS2,P43246:796:T>L,0,0.09250642
train-clinvar+pg_dms__bilstm__seed44,PMS2,P43246:796:T>F,0,0.04567371
train-clinvar+pg_dms__bilstm__seed44,PMS2,P43246:801:H>Y,0,0.4588886
train-clinvar+pg_dms__bilstm__seed44,PMS2,P43246:801:H>W,0,0.67702204
train-clinvar+pg_dms__bilstm__seed44,PMS2,P43246:801:H>V,0,0.71635485
train-clinvar+pg_dms__bilstm__seed44,PMS2,P43246:801:H>T,0,0.6842605
train-clinvar+pg_dms__bilstm__seed44,PMS2,P43246:801:H>S,0,0.6275173
train-clinvar+pg_dms__bilstm__seed44,PMS2,P43246:801:H>R,0,0.68873256
train-clinvar+pg_dms__bilstm__seed44,PMS2,P43246:801:H>Q,0,0.5697123
train-clinvar+pg_dms__bilstm__seed44,PMS2,P43246:801:H>A,0,0.6646079
train-clinvar+pg_dms__bilstm__seed44,PMS2,P43246:801:H>N,0,0.5250146
train-clinvar+pg_dms__bilstm__seed44,PMS2,P43246:801:H>K,0,0.7272895
train-clinvar+pg_dms__bilstm__seed44,PMS2,P43246:801:H>I,1,0.7456527
train-clinvar+pg_dms__bilstm__seed44,PMS2,P43246:801:H>G,0,0.6681052
train-clinvar+pg_dms__bilstm__seed44,PMS2,P43246:801:H>F,0,0.543139
train-clinvar+pg_dms__bilstm__seed44,PMS2,P43246:801:H>E,0,0.7476252
train-clinvar+pg_dms__bilstm__seed44,PMS2,P43246:801:H>C,0,0.25991243
train-clinvar+pg_dms__bilstm__seed44,PMS2,P43246:801:H>M,0,0.7632381
train-clinvar+pg_dms__bilstm__seed44,PMS2,P43246:804:A>K,0,0.70718735
train-clinvar+pg_dms__bilstm__seed44,PMS2,P43246:804:A>M,0,0.72131765
train-clinvar+pg_dms__bilstm__seed44,PMS2,P43246:804:A>P,0,0.7947307
train-clinvar+pg_dms__bilstm__seed44,PMS2,P43246:804:A>Y,1,0.68240374
train-clinvar+pg_dms__bilstm__seed44,PMS2,P43246:804:A>W,0,0.7301776
train-clinvar+pg_dms__bilstm__seed44,PMS2,P43246:804:A>L,0,0.63320965
train-clinvar+pg_dms__bilstm__seed44,PMS2,P43246:804:A>R,0,0.67521286
train-clinvar+pg_dms__bilstm__seed44,PMS2,P43246:804:A>S,0,0.25788528
train-clinvar+pg_dms__bilstm__seed44,PMS2,P43246:804:A>D,0,0.76366544
train-clinvar+pg_dms__bilstm__seed44,PMS2,P43246:804:A>E,0,0.7147497
train-clinvar+pg_dms__bilstm__seed44,PMS2,P43246:804:A>F,1,0.6327612
train-clinvar+pg_dms__bilstm__seed44,PMS2,P43246:804:A>C,0,0.44077542
train-clinvar+pg_dms__bilstm__seed44,PMS2,P43246:804:A>G,0,0.506463
train-clinvar+pg_dms__bilstm__seed44,PMS2,P43246:804:A>I,0,0.6512731
train-clinvar+pg_dms__bilstm__seed44,PMS2,P43246:806:T>A,0,0.05359183
train-clinvar+pg_dms__bilstm__seed44,PMS2,P43246:806:T>C,0,0.10516338
train-clinvar+pg_dms__bilstm__seed44,PMS2,P43246:806:T>D,0,0.6000143
train-clinvar+pg_dms__bilstm__seed44,PMS2,P43246:806:T>N,0,0.20882003
train-clinvar+pg_dms__bilstm__seed44,PMS2,P43246:806:T>G,0,0.27297914
train-clinvar+pg_dms__bilstm__seed44,PMS2,P43246:806:T>F,1,0.3092823
train-clinvar+pg_dms__bilstm__seed44,PMS2,P43246:806:T>Y,0,0.3939034
train-clinvar+pg_dms__bilstm__seed44,PMS2,P43246:806:T>W,0,0.6469186
train-clinvar+pg_dms__bilstm__seed44,PMS2,P43246:806:T>V,0,0.12027063
train-clinvar+pg_dms__bilstm__seed44,PMS2,P43246:806:T>S,0,0.20761737
train-clinvar+pg_dms__bilstm__seed44,PMS2,P43246:806:T>R,0,0.1383625
train-clinvar+pg_dms__bilstm__seed44,PMS2,P43246:806:T>E,0,0.4453387
train-clinvar+pg_dms__bilstm__seed44,PMS2,P43246:806:T>M,0,0.23496869
train-clinvar+pg_dms__bilstm__seed44,PMS2,P43246:806:T>L,0,0.13080123
train-clinvar+pg_dms__bilstm__seed44,PMS2,P43246:806:T>K,0,0.28529504
train-clinvar+pg_dms__bilstm__seed44,PMS2,P43246:806:T>I,0,0.339329
train-clinvar+pg_dms__bilstm__seed44,PMS2,P43246:806:T>H,0,0.30865455
train-clinvar+pg_dms__bilstm__seed44,PMS2,P43246:806:T>P,0,0.3581881
train-clinvar+pg_dms__bilstm__seed44,PMS2,P43246:818:K>Y,0,0.3421099
train-clinvar+pg_dms__bilstm__seed44,PMS2,P43246:818:K>W,0,0.57106596
train-clinvar+pg_dms__bilstm__seed44,PMS2,P43246:818:K>T,0,0.074548475
train-clinvar+pg_dms__bilstm__seed44,PMS2,P43246:818:K>S,0,0.099438526
train-clinvar+pg_dms__bilstm__seed44,PMS2,P43246:818:K>P,1,0.7359001
train-clinvar+pg_dms__bilstm__seed44,PMS2,P43246:818:K>Q,0,0.041724194
train-clinvar+pg_dms__bilstm__seed44,PMS2,P43246:818:K>N,0,0.158902
train-clinvar+pg_dms__bilstm__seed44,PMS2,P43246:818:K>M,0,0.23727702
train-clinvar+pg_dms__bilstm__seed44,PMS2,P43246:818:K>L,0,0.17145613
train-clinvar+pg_dms__bilstm__seed44,PMS2,P43246:818:K>V,0,0.13420671
train-clinvar+pg_dms__bilstm__seed44,PMS2,P43246:818:K>I,0,0.18981782
train-clinvar+pg_dms__bilstm__seed44,PMS2,P43246:818:K>G,0,0.14373204
train-clinvar+pg_dms__bilstm__seed44,PMS2,P43246:818:K>F,0,0.31911796
train-clinvar+pg_dms__bilstm__seed44,PMS2,P43246:818:K>E,0,0.14443922
train-clinvar+pg_dms__bilstm__seed44,PMS2,P43246:818:K>D,0,0.51585317
train-clinvar+pg_dms__bilstm__seed44,PMS2,P43246:818:K>C,0,0.104491554
train-clinvar+pg_dms__bilstm__seed44,PMS2,P43246:818:K>A,0,0.09726933
train-clinvar+pg_dms__bilstm__seed44,PMS2,P43246:818:K>H,0,0.10115834
train-clinvar+pg_dms__bilstm__seed44,PMS2,P43246:826:F>L,0,0.370659
train-clinvar+pg_dms__bilstm__seed44,PMS2,P43246:826:F>K,0,0.43893555
train-clinvar+pg_dms__bilstm__seed44,PMS2,P43246:826:F>I,0,0.35501066
train-clinvar+pg_dms__bilstm__seed44,PMS2,P43246:826:F>H,0,0.3486465
train-clinvar+pg_dms__bilstm__seed44,PMS2,P43246:826:F>G,0,0.26861688
train-clinvar+pg_dms__bilstm__seed44,PMS2,P43246:826:F>E,0,0.40001082
train-clinvar+pg_dms__bilstm__seed44,PMS2,P43246:826:F>D,0,0.55607736
train-clinvar+pg_dms__bilstm__seed44,PMS2,P43246:826:F>W,0,0.39456522
train-clinvar+pg_dms__bilstm__seed44,PMS2,P43246:826:F>M,0,0.50987417
train-clinvar+pg_dms__bilstm__seed44,PMS2,P43246:826:F>C,0,0.15644847
train-clinvar+pg_dms__bilstm__seed44,PMS2,P43246:826:F>P,0,0.6482589
train-clinvar+pg_dms__bilstm__seed44,PMS2,P43246:826:F>Q,0,0.27341726
train-clinvar+pg_dms__bilstm__seed44,PMS2,P43246:826:F>R,0,0.3999762
train-clinvar+pg_dms__bilstm__seed44,PMS2,P43246:826:F>T,0,0.25784627
train-clinvar+pg_dms__bilstm__seed44,PMS2,P43246:826:F>V,0,0.31665507
train-clinvar+pg_dms__bilstm__seed44,PMS2,P43246:826:F>A,0,0.23338875
train-clinvar+pg_dms__bilstm__seed44,PMS2,P43246:826:F>N,0,0.3443315
train-clinvar+pg_dms__bilstm__seed44,PMS2,P43246:826:F>Y,0,0.10573146
train-clinvar+pg_dms__bilstm__seed44,PMS2,P43246:827:G>T,0,0.19359294
train-clinvar+pg_dms__bilstm__seed44,PMS2,P43246:827:G>S,0,0.19215831
train-clinvar+pg_dms__bilstm__seed44,PMS2,P43246:827:G>M,0,0.52339566
train-clinvar+pg_dms__bilstm__seed44,PMS2,P43246:827:G>Q,0,0.1788335
train-clinvar+pg_dms__bilstm__seed44,PMS2,P43246:827:G>N,1,0.29242733
train-clinvar+pg_dms__bilstm__seed44,PMS2,P43246:827:G>D,1,0.50614554
train-clinvar+pg_dms__bilstm__seed44,PMS2,P43246:827:G>F,0,0.18671311
train-clinvar+pg_dms__bilstm__seed44,PMS2,P43246:827:G>H,0,0.3075723
train-clinvar+pg_dms__bilstm__seed44,PMS2,P43246:827:G>I,0,0.32245237
train-clinvar+pg_dms__bilstm__seed44,PMS2,P43246:827:G>P,0,0.63112175
train-clinvar+pg_dms__bilstm__seed44,PMS2,P43246:827:G>K,0,0.40165147
train-clinvar+pg_dms__bilstm__seed44,PMS2,P43246:827:G>L,0,0.3357052
train-clinvar+pg_dms__bilstm__seed44,PMS2,P43246:827:G>C,0,0.11941824
train-clinvar+pg_dms__bilstm__seed44,PMS2,P43246:827:G>V,0,0.3037507
train-clinvar+pg_dms__bilstm__seed44,PMS2,P43246:827:G>A,0,0.1891109
train-clinvar+pg_dms__bilstm__seed44,PMS2,P43246:827:G>Y,0,0.30051342
train-clinvar+pg_dms__bilstm__seed44,PMS2,P43246:831:A>Y,0,0.36951935
train-clinvar+pg_dms__bilstm__seed44,PMS2,P43246:831:A>K,1,0.49398673
train-clinvar+pg_dms__bilstm__seed44,PMS2,P43246:831:A>C,0,0.16793424
train-clinvar+pg_dms__bilstm__seed44,PMS2,P43246:831:A>D,1,0.6494321
train-clinvar+pg_dms__bilstm__seed44,PMS2,P43246:831:A>H,1,0.3834604
train-clinvar+pg_dms__bilstm__seed44,PMS2,P43246:831:A>W,0,0.5367883
train-clinvar+pg_dms__bilstm__seed44,PMS2,P43246:831:A>I,0,0.4535638
train-clinvar+pg_dms__bilstm__seed44,PMS2,P43246:831:A>F,0,0.35038197
train-clinvar+pg_dms__bilstm__seed44,PMS2,P43246:831:A>V,0,0.55596465
train-clinvar+pg_dms__bilstm__seed44,PMS2,P43246:831:A>L,0,0.32985023
train-clinvar+pg_dms__bilstm__seed44,PMS2,P43246:831:A>S,0,0.09592346
train-clinvar+pg_dms__bilstm__seed44,PMS2,P43246:831:A>Q,0,0.29230312
train-clinvar+pg_dms__bilstm__seed44,PMS2,P43246:831:A>P,1,0.7503994
train-clinvar+pg_dms__bilstm__seed44,PMS2,P43246:831:A>T,0,0.27148038
train-clinvar+pg_dms__bilstm__seed44,PMS2,P43246:831:A>M,0,0.52944016
train-clinvar+pg_dms__bilstm__seed44,PMS2,P43246:831:A>R,1,0.46523198
train-clinvar+pg_dms__bilstm__seed44,PMS2,P43246:831:A>N,1,0.41461408
train-clinvar+pg_dms__bilstm__seed44,PMS2,P43246:835:N>I,0,0.19031191
train-clinvar+pg_dms__bilstm__seed44,PMS2,P43246:835:N>K,0,0.15797164
train-clinvar+pg_dms__bilstm__seed44,PMS2,P43246:835:N>L,0,0.206532
train-clinvar+pg_dms__bilstm__seed44,PMS2,P43246:835:N>Q,0,0.084035054
train-clinvar+pg_dms__bilstm__seed44,PMS2,P43246:835:N>P,0,0.6279153
train-clinvar+pg_dms__bilstm__seed44,PMS2,P43246:835:N>R,0,0.07528055
train-clinvar+pg_dms__bilstm__seed44,PMS2,P43246:835:N>H,0,0.102687
train-clinvar+pg_dms__bilstm__seed44,PMS2,P43246:835:N>M,0,0.3202843
train-clinvar+pg_dms__bilstm__seed44,PMS2,P43246:835:N>V,0,0.14658639
train-clinvar+pg_dms__bilstm__seed44,PMS2,P43246:835:N>G,0,0.093594864
train-clinvar+pg_dms__bilstm__seed44,PMS2,P43246:835:N>F,0,0.14056034
train-clinvar+pg_dms__bilstm__seed44,PMS2,P43246:835:N>E,0,0.19145454
train-clinvar+pg_dms__bilstm__seed44,PMS2,P43246:835:N>D,0,0.22688457
train-clinvar+pg_dms__bilstm__seed44,PMS2,P43246:835:N>C,0,0.04915143
train-clinvar+pg_dms__bilstm__seed44,PMS2,P43246:835:N>A,0,0.0727213
train-clinvar+pg_dms__bilstm__seed44,PMS2,P43246:835:N>S,0,0.11518021
train-clinvar+pg_dms__bilstm__seed44,PMS2,P43246:835:N>Y,0,0.09111732
train-clinvar+pg_dms__bilstm__seed44,PMS2,P43246:835:N>W,0,0.49124455
train-clinvar+pg_dms__bilstm__seed44,PMS2,P43246:835:N>T,0,0.09026969
train-clinvar+pg_dms__bilstm__seed44,PMS2,P43246:840:V>N,0,0.5556848
train-clinvar+pg_dms__bilstm__seed44,PMS2,P43246:840:V>R,1,0.60210025
train-clinvar+pg_dms__bilstm__seed44,PMS2,P43246:840:V>S,0,0.4159612
train-clinvar+pg_dms__bilstm__seed44,PMS2,P43246:840:V>T,0,0.26868594
train-clinvar+pg_dms__bilstm__seed44,PMS2,P43246:840:V>W,1,0.640266
train-clinvar+pg_dms__bilstm__seed44,PMS2,P43246:840:V>Y,1,0.52329355
train-clinvar+pg_dms__bilstm__seed44,PMS2,P43246:840:V>P,1,0.8063634
train-clinvar+pg_dms__bilstm__seed44,PMS2,P43246:840:V>L,0,0.45885503
train-clinvar+pg_dms__bilstm__seed44,PMS2,P43246:840:V>I,0,0.116550095
train-clinvar+pg_dms__bilstm__seed44,PMS2,P43246:840:V>G,0,0.4385395
train-clinvar+pg_dms__bilstm__seed44,PMS2,P43246:840:V>F,0,0.44714203
train-clinvar+pg_dms__bilstm__seed44,PMS2,P43246:840:V>E,1,0.6072102
train-clinvar+pg_dms__bilstm__seed44,PMS2,P43246:840:V>C,0,0.29481816
train-clinvar+pg_dms__bilstm__seed44,PMS2,P43246:840:V>A,0,0.5274596
train-clinvar+pg_dms__bilstm__seed44,PMS2,P43246:841:I>K,0,0.3215425
train-clinvar+pg_dms__bilstm__seed44,PMS2,P43246:841:I>L,0,0.11158901
train-clinvar+pg_dms__bilstm__seed44,PMS2,P43246:841:I>P,1,0.7909498
train-clinvar+pg_dms__bilstm__seed44,PMS2,P43246:841:I>N,0,0.32860523
train-clinvar+pg_dms__bilstm__seed44,PMS2,P43246:841:I>H,0,0.45322806
train-clinvar+pg_dms__bilstm__seed44,PMS2,P43246:841:I>Q,0,0.24485344
train-clinvar+pg_dms__bilstm__seed44,PMS2,P43246:841:I>R,0,0.13114882
train-clinvar+pg_dms__bilstm__seed44,PMS2,P43246:841:I>S,0,0.10004236
train-clinvar+pg_dms__bilstm__seed44,PMS2,P43246:841:I>T,0,0.08538102
train-clinvar+pg_dms__bilstm__seed44,PMS2,P43246:841:I>V,0,0.06856547
train-clinvar+pg_dms__bilstm__seed44,PMS2,P43246:841:I>Y,0,0.44279712
train-clinvar+pg_dms__bilstm__seed44,PMS2,P43246:841:I>G,0,0.27471718
train-clinvar+pg_dms__bilstm__seed44,PMS2,P43246:841:I>W,0,0.5869381
train-clinvar+pg_dms__bilstm__seed44,PMS2,P43246:841:I>E,0,0.5152603
train-clinvar+pg_dms__bilstm__seed44,PMS2,P43246:841:I>F,0,0.18745807
train-clinvar+pg_dms__bilstm__seed44,PMS2,P43246:841:I>D,1,0.7353444
train-clinvar+pg_dms__bilstm__seed44,PMS2,P43246:841:I>C,0,0.14411564
train-clinvar+pg_dms__bilstm__seed44,PMS2,P43246:841:I>A,0,0.061039552
train-clinvar+pg_dms__bilstm__seed44,PMS2,P43246:846:Q>C,0,0.029320365
train-clinvar+pg_dms__bilstm__seed44,PMS2,P43246:846:Q>L,0,0.04252831
train-clinvar+pg_dms__bilstm__seed44,PMS2,P43246:846:Q>K,0,0.052299295
train-clinvar+pg_dms__bilstm__seed44,PMS2,P43246:846:Q>I,0,0.06316617
train-clinvar+pg_dms__bilstm__seed44,PMS2,P43246:846:Q>G,0,0.030961102
train-clinvar+pg_dms__bilstm__seed44,PMS2,P43246:846:Q>F,0,0.0720971
train-clinvar+pg_dms__bilstm__seed44,PMS2,P43246:846:Q>E,0,0.11250168
train-clinvar+pg_dms__bilstm__seed44,PMS2,P43246:846:Q>D,0,0.13129425
train-clinvar+pg_dms__bilstm__seed44,PMS2,P43246:846:Q>P,0,0.5395294
train-clinvar+pg_dms__bilstm__seed44,PMS2,P43246:846:Q>R,0,0.07779184
train-clinvar+pg_dms__bilstm__seed44,PMS2,P43246:846:Q>S,0,0.02232412
train-clinvar+pg_dms__bilstm__seed44,PMS2,P43246:846:Q>T,0,0.023641005
train-clinvar+pg_dms__bilstm__seed44,PMS2,P43246:846:Q>V,0,0.044354897
train-clinvar+pg_dms__bilstm__seed44,PMS2,P43246:846:Q>W,0,0.2659109
train-clinvar+pg_dms__bilstm__seed44,PMS2,P43246:846:Q>Y,0,0.057297412
train-clinvar+pg_dms__bilstm__seed44,PMS2,P43246:846:Q>H,0,0.045602098
train-clinvar+pg_dms__bilstm__seed44,PMS2,P43246:846:Q>A,0,0.024302999
train-clinvar+pg_dms__bilstm__seed44,PMS2,P43246:846:Q>N,0,0.040023945
train-clinvar+pg_dms__bilstm__seed44,PMS2,P43246:846:Q>M,0,0.19461654
train-clinvar+pg_dms__bilstm__seed44,PMS2,P43246:851:L>K,0,0.2100834
train-clinvar+pg_dms__bilstm__seed44,PMS2,P43246:851:L>M,0,0.10877235
train-clinvar+pg_dms__bilstm__seed44,PMS2,P43246:851:L>I,0,0.15547594
train-clinvar+pg_dms__bilstm__seed44,PMS2,P43246:851:L>H,0,0.164159
train-clinvar+pg_dms__bilstm__seed44,PMS2,P43246:851:L>F,0,0.057902906
train-clinvar+pg_dms__bilstm__seed44,PMS2,P43246:851:L>C,0,0.08468956
train-clinvar+pg_dms__bilstm__seed44,PMS2,P43246:851:L>D,0,0.31240207
train-clinvar+pg_dms__bilstm__seed44,PMS2,P43246:851:L>E,0,0.24021688
train-clinvar+pg_dms__bilstm__seed44,PMS2,P43246:851:L>Y,0,0.11443109
train-clinvar+pg_dms__bilstm__seed44,PMS2,P43246:851:L>W,0,0.2630334
train-clinvar+pg_dms__bilstm__seed44,PMS2,P43246:851:L>T,0,0.12039741
train-clinvar+pg_dms__bilstm__seed44,PMS2,P43246:851:L>S,0,0.13357735
train-clinvar+pg_dms__bilstm__seed44,PMS2,P43246:851:L>N,0,0.16218032
train-clinvar+pg_dms__bilstm__seed44,PMS2,P43246:851:L>R,0,0.10687349
train-clinvar+pg_dms__bilstm__seed44,PMS2,P43246:851:L>Q,0,0.10586126
train-clinvar+pg_dms__bilstm__seed44,PMS2,P43246:851:L>P,0,0.57792896
train-clinvar+pg_dms__bilstm__seed44,PMS2,P43246:851:L>A,0,0.10531506
train-clinvar+pg_dms__bilstm__seed44,PMS2,P43246:851:L>G,0,0.13591307
train-clinvar+pg_dms__bilstm__seed44,PMS2,P43246:859:E>Y,0,0.037681274
train-clinvar+pg_dms__bilstm__seed44,PMS2,P43246:859:E>W,0,0.123765536
train-clinvar+pg_dms__bilstm__seed44,PMS2,P43246:859:E>V,0,0.032540694
train-clinvar+pg_dms__bilstm__seed44,PMS2,P43246:859:E>G,0,0.038084917
train-clinvar+pg_dms__bilstm__seed44,PMS2,P43246:859:E>F,0,0.034565285
train-clinvar+pg_dms__bilstm__seed44,PMS2,P43246:859:E>D,0,0.049450736
train-clinvar+pg_dms__bilstm__seed44,PMS2,P43246:859:E>C,0,0.033433028
train-clinvar+pg_dms__bilstm__seed44,PMS2,P43246:859:E>A,0,0.023215866
train-clinvar+pg_dms__bilstm__seed44,PMS2,P43246:859:E>T,0,0.026778953
train-clinvar+pg_dms__bilstm__seed44,PMS2,P43246:859:E>S,0,0.020412132
train-clinvar+pg_dms__bilstm__seed44,PMS2,P43246:859:E>H,0,0.036965866
train-clinvar+pg_dms__bilstm__seed44,PMS2,P43246:859:E>L,0,0.041527085
train-clinvar+pg_dms__bilstm__seed44,PMS2,P43246:859:E>M,0,0.08099586
train-clinvar+pg_dms__bilstm__seed44,PMS2,P43246:859:E>N,0,0.029168716
train-clinvar+pg_dms__bilstm__seed44,PMS2,P43246:859:E>P,0,0.061688896
train-clinvar+pg_dms__bilstm__seed44,PMS2,P43246:859:E>Q,0,0.026044654
train-clinvar+pg_dms__bilstm__seed44,PMS2,P43246:859:E>R,0,0.027529646
train-clinvar+pg_dms__bilstm__seed44,PMS2,P43246:859:E>K,0,0.053682536
train-clinvar+pg_dms__bilstm__seed44,PMS2,P43246:859:E>I,0,0.03809171
train-clinvar+pg_dms__bilstm__seed44,PMS2,P43246:867:E>L,0,0.06974289
train-clinvar+pg_dms__bilstm__seed44,PMS2,P43246:867:E>K,0,0.06699464
train-clinvar+pg_dms__bilstm__seed44,PMS2,P43246:867:E>F,0,0.09436105
train-clinvar+pg_dms__bilstm__seed44,PMS2,P43246:867:E>H,0,0.08786813
train-clinvar+pg_dms__bilstm__seed44,PMS2,P43246:867:E>G,0,0.044924367
train-clinvar+pg_dms__bilstm__seed44,PMS2,P43246:867:E>M,0,0.11636373
train-clinvar+pg_dms__bilstm__seed44,PMS2,P43246:867:E>I,0,0.07538292
train-clinvar+pg_dms__bilstm__seed44,PMS2,P43246:867:E>N,0,0.060875643
train-clinvar+pg_dms__bilstm__seed44,PMS2,P43246:867:E>S,0,0.045144923
train-clinvar+pg_dms__bilstm__seed44,PMS2,P43246:867:E>Q,0,0.049852487
train-clinvar+pg_dms__bilstm__seed44,PMS2,P43246:867:E>R,0,0.06403816
train-clinvar+pg_dms__bilstm__seed44,PMS2,P43246:867:E>C,0,0.10095959
train-clinvar+pg_dms__bilstm__seed44,PMS2,P43246:867:E>T,0,0.056569237
train-clinvar+pg_dms__bilstm__seed44,PMS2,P43246:867:E>V,0,0.05720365
train-clinvar+pg_dms__bilstm__seed44,PMS2,P43246:867:E>W,1,0.2218263
train-clinvar+pg_dms__bilstm__seed44,PMS2,P43246:867:E>Y,0,0.086047806
train-clinvar+pg_dms__bilstm__seed44,PMS2,P43246:867:E>A,0,0.043625798
train-clinvar+pg_dms__bilstm__seed44,PMS2,P43246:867:E>P,0,0.09685003
train-clinvar+pg_dms__bilstm__seed44,PMS2,P43246:872:K>G,0,0.01755274
train-clinvar+pg_dms__bilstm__seed44,PMS2,P43246:872:K>L,0,0.028181769
train-clinvar+pg_dms__bilstm__seed44,PMS2,P43246:872:K>M,0,0.06881192
train-clinvar+pg_dms__bilstm__seed44,PMS2,P43246:872:K>N,0,0.023987275
train-clinvar+pg_dms__bilstm__seed44,PMS2,P43246:872:K>P,0,0.1411495
train-clinvar+pg_dms__bilstm__seed44,PMS2,P43246:872:K>Q,0,0.0075296997
train-clinvar+pg_dms__bilstm__seed44,PMS2,P43246:872:K>R,0,0.027228158
train-clinvar+pg_dms__bilstm__seed44,PMS2,P43246:872:K>S,0,0.014103699
train-clinvar+pg_dms__bilstm__seed44,PMS2,P43246:872:K>V,0,0.018881084
train-clinvar+pg_dms__bilstm__seed44,PMS2,P43246:872:K>I,0,0.018085375
train-clinvar+pg_dms__bilstm__seed44,PMS2,P43246:872:K>H,0,0.019670937
train-clinvar+pg_dms__bilstm__seed44,PMS2,P43246:872:K>E,0,0.022606794
train-clinvar+pg_dms__bilstm__seed44,PMS2,P43246:872:K>F,0,0.03419195
train-clinvar+pg_dms__bilstm__seed44,PMS2,P43246:872:K>W,0,0.1558879
train-clinvar+pg_dms__bilstm__seed44,PMS2,P43246:872:K>A,0,0.009993227
train-clinvar+pg_dms__bilstm__seed44,PMS2,P43246:872:K>Y,0,0.026460074
train-clinvar+pg_dms__bilstm__seed44,PMS2,P43246:872:K>C,0,0.018863363
train-clinvar+pg_dms__bilstm__seed44,PMS2,P43246:872:K>D,0,0.09452461
train-clinvar+pg_dms__bilstm__seed44,PMS2,P43246:876:E>S,0,0.004608382
train-clinvar+pg_dms__bilstm__seed44,PMS2,P43246:876:E>R,0,0.007805923
train-clinvar+pg_dms__bilstm__seed44,PMS2,P43246:876:E>M,0,0.15509646
train-clinvar+pg_dms__bilstm__seed44,PMS2,P43246:876:E>T,0,0.00831662
train-clinvar+pg_dms__bilstm__seed44,PMS2,P43246:876:E>V,0,0.010588323
train-clinvar+pg_dms__bilstm__seed44,PMS2,P43246:876:E>W,0,0.31512228
train-clinvar+pg_dms__bilstm__seed44,PMS2,P43246:876:E>Y,0,0.042203315
train-clinvar+pg_dms__bilstm__seed44,PMS2,P43246:876:E>L,0,0.018507542
train-clinvar+pg_dms__bilstm__seed44,PMS2,P43246:876:E>I,0,0.024353847
train-clinvar+pg_dms__bilstm__seed44,PMS2,P43246:876:E>Q,0,0.0035795164
train-clinvar+pg_dms__bilstm__seed44,PMS2,P43246:876:E>H,0,0.033184957
train-clinvar+pg_dms__bilstm__seed44,PMS2,P43246:876:E>F,0,0.041568242
train-clinvar+pg_dms__bilstm__seed44,PMS2,P43246:876:E>D,0,0.09808685
train-clinvar+pg_dms__bilstm__seed44,PMS2,P43246:876:E>C,0,0.03741332
train-clinvar+pg_dms__bilstm__seed44,PMS2,P43246:876:E>A,0,0.0040159137
train-clinvar+pg_dms__bilstm__seed44,PMS2,P43246:876:E>P,0,0.3190291
train-clinvar+pg_dms__bilstm__seed44,PMS2,P43246:878:E>R,0,0.0077515054
train-clinvar+pg_dms__bilstm__seed44,PMS2,P43246:878:E>F,0,0.030530218
train-clinvar+pg_dms__bilstm__seed44,PMS2,P43246:878:E>W,0,0.24397857
train-clinvar+pg_dms__bilstm__seed44,PMS2,P43246:878:E>V,0,0.011244582
train-clinvar+pg_dms__bilstm__seed44,PMS2,P43246:878:E>T,0,0.010539887
train-clinvar+pg_dms__bilstm__seed44,PMS2,P43246:878:E>S,0,0.005409947
train-clinvar+pg_dms__bilstm__seed44,PMS2,P43246:878:E>A,0,0.0057800603
train-clinvar+pg_dms__bilstm__seed44,PMS2,P43246:878:E>C,0,0.027072024
train-clinvar+pg_dms__bilstm__seed44,PMS2,P43246:878:E>Y,0,0.030701375
train-clinvar+pg_dms__bilstm__seed44,PMS2,P43246:878:E>Q,0,0.037635878
train-clinvar+pg_dms__bilstm__seed44,PMS2,P43246:878:E>H,0,0.025697747
train-clinvar+pg_dms__bilstm__seed44,PMS2,P43246:878:E>I,0,0.017687693
train-clinvar+pg_dms__bilstm__seed44,PMS2,P43246:878:E>K,0,0.056545883
train-clinvar+pg_dms__bilstm__seed44,PMS2,P43246:878:E>L,0,0.01891673
train-clinvar+pg_dms__bilstm__seed44,PMS2,P43246:878:E>M,0,0.09435769
train-clinvar+pg_dms__bilstm__seed44,PMS2,P43246:878:E>N,0,0.014411593
train-clinvar+pg_dms__bilstm__seed44,PMS2,P43246:878:E>P,0,0.24324146
train-clinvar+pg_dms__bilstm__seed44,PMS2,P43246:879:Q>A,0,0.011253402
train-clinvar+pg_dms__bilstm__seed44,PMS2,P43246:879:Q>C,0,0.020156788
train-clinvar+pg_dms__bilstm__seed44,PMS2,P43246:879:Q>W,0,0.14013278
train-clinvar+pg_dms__bilstm__seed44,PMS2,P43246:879:Q>D,0,0.039699547
train-clinvar+pg_dms__bilstm__seed44,PMS2,P43246:879:Q>E,0,0.025141774
train-clinvar+pg_dms__bilstm__seed44,PMS2,P43246:879:Q>F,0,0.027028047
train-clinvar+pg_dms__bilstm__seed44,PMS2,P43246:879:Q>G,0,0.01609212
train-clinvar+pg_dms__bilstm__seed44,PMS2,P43246:879:Q>I,0,0.026190978
train-clinvar+pg_dms__bilstm__seed44,PMS2,P43246:879:Q>L,0,0.07472834
train-clinvar+pg_dms__bilstm__seed44,PMS2,P43246:879:Q>M,0,0.087196685
train-clinvar+pg_dms__bilstm__seed44,PMS2,P43246:879:Q>N,0,0.018233152
train-clinvar+pg_dms__bilstm__seed44,PMS2,P43246:879:Q>P,0,0.08166134
train-clinvar+pg_dms__bilstm__seed44,PMS2,P43246:879:Q>R,0,0.011308671
train-clinvar+pg_dms__bilstm__seed44,PMS2,P43246:879:Q>S,0,0.010472629
train-clinvar+pg_dms__bilstm__seed44,PMS2,P43246:879:Q>T,0,0.016925724
train-clinvar+pg_dms__bilstm__seed44,PMS2,P43246:879:Q>V,0,0.021054752
train-clinvar+pg_dms__bilstm__seed44,PMS2,P43246:879:Q>Y,0,0.02591467
train-clinvar+pg_dms__bilstm__seed44,PMS2,P43246:883:I>A,0,0.029589409
train-clinvar+pg_dms__bilstm__seed44,PMS2,P43246:883:I>C,0,0.037860546
train-clinvar+pg_dms__bilstm__seed44,PMS2,P43246:883:I>D,0,0.4704212
train-clinvar+pg_dms__bilstm__seed44,PMS2,P43246:883:I>E,0,0.14458938
train-clinvar+pg_dms__bilstm__seed44,PMS2,P43246:883:I>F,0,0.009998602
train-clinvar+pg_dms__bilstm__seed44,PMS2,P43246:883:I>G,0,0.15369447
train-clinvar+pg_dms__bilstm__seed44,PMS2,P43246:883:I>H,0,0.11532863
train-clinvar+pg_dms__bilstm__seed44,PMS2,P43246:883:I>K,0,0.16103981
train-clinvar+pg_dms__bilstm__seed44,PMS2,P43246:883:I>N,0,0.1552691
train-clinvar+pg_dms__bilstm__seed44,PMS2,P43246:883:I>M,0,0.19188154
train-clinvar+pg_dms__bilstm__seed44,PMS2,P43246:883:I>P,0,0.84717214
train-clinvar+pg_dms__bilstm__seed44,PMS2,P43246:883:I>Q,0,0.05755585
train-clinvar+pg_dms__bilstm__seed44,PMS2,P43246:883:I>S,0,0.029666994
train-clinvar+pg_dms__bilstm__seed44,PMS2,P43246:883:I>W,0,0.4115521
train-clinvar+pg_dms__bilstm__seed44,PMS2,P43246:883:I>Y,0,0.053921327
train-clinvar+pg_dms__bilstm__seed44,PMS2,P43246:883:I>L,0,0.06610656
train-clinvar+pg_dms__bilstm__seed44,PMS2,P43246:883:I>R,0,0.060159873
train-clinvar+pg_dms__bilstm__seed44,PMS2,P43246:887:F>W,0,0.35952386
train-clinvar+pg_dms__bilstm__seed44,PMS2,P43246:887:F>V,0,0.11498385
train-clinvar+pg_dms__bilstm__seed44,PMS2,P43246:887:F>S,0,0.41500673
train-clinvar+pg_dms__bilstm__seed44,PMS2,P43246:887:F>R,1,0.63793665
train-clinvar+pg_dms__bilstm__seed44,PMS2,P43246:887:F>Q,0,0.4360471
train-clinvar+pg_dms__bilstm__seed44,PMS2,P43246:887:F>P,1,0.8171572
train-clinvar+pg_dms__bilstm__seed44,PMS2,P43246:887:F>N,0,0.46431118
train-clinvar+pg_dms__bilstm__seed44,PMS2,P43246:887:F>M,0,0.3532747
train-clinvar+pg_dms__bilstm__seed44,PMS2,P43246:887:F>T,0,0.2778164
train-clinvar+pg_dms__bilstm__seed44,PMS2,P43246:887:F>K,0,0.5971429
train-clinvar+pg_dms__bilstm__seed44,PMS2,P43246:887:F>I,0,0.10817352
train-clinvar+pg_dms__bilstm__seed44,PMS2,P43246:887:F>H,0,0.38976595
train-clinvar+pg_dms__bilstm__seed44,PMS2,P43246:887:F>G,0,0.3732912
train-clinvar+pg_dms__bilstm__seed44,PMS2,P43246:887:F>E,0,0.58293635
train-clinvar+pg_dms__bilstm__seed44,PMS2,P43246:887:F>D,0,0.6901457
train-clinvar+pg_dms__bilstm__seed44,PMS2,P43246:887:F>C,0,0.05842754
train-clinvar+pg_dms__bilstm__seed44,PMS2,P43246:887:F>A,0,0.3563097
train-clinvar+pg_dms__bilstm__seed44,PMS2,P43246:887:F>Y,0,0.050515544
train-clinvar+pg_dms__bilstm__seed44,PMS2,P43246:887:F>L,0,0.59523404
train-clinvar+pg_dms__bilstm__seed44,PMS2,P43246:888:L>A,0,0.086548194
train-clinvar+pg_dms__bilstm__seed44,PMS2,P43246:888:L>N,0,0.2239709
train-clinvar+pg_dms__bilstm__seed44,PMS2,P43246:888:L>Y,0,0.14462166
train-clinvar+pg_dms__bilstm__seed44,PMS2,P43246:888:L>P,0,0.61283636
train-clinvar+pg_dms__bilstm__seed44,PMS2,P43246:888:L>R,0,0.09518024
train-clinvar+pg_dms__bilstm__seed44,PMS2,P43246:888:L>K,0,0.26531193
train-clinvar+pg_dms__bilstm__seed44,PMS2,P43246:888:L>I,0,0.029975738
train-clinvar+pg_dms__bilstm__seed44,PMS2,P43246:888:L>G,0,0.19765033
train-clinvar+pg_dms__bilstm__seed44,PMS2,P43246:888:L>W,0,0.30021185
train-clinvar+pg_dms__bilstm__seed44,PMS2,P43246:888:L>F,0,0.021638958
train-clinvar+pg_dms__bilstm__seed44,PMS2,P43246:888:L>C,0,0.04771311
train-clinvar+pg_dms__bilstm__seed44,PMS2,P43246:888:L>S,0,0.1063336
train-clinvar+pg_dms__bilstm__seed44,PMS2,P43246:888:L>T,0,0.0816951
train-clinvar+pg_dms__bilstm__seed44,PMS2,P43246:888:L>V,0,0.07851238
train-clinvar+pg_dms__bilstm__seed44,PMS2,P43246:888:L>D,0,0.5224573
train-clinvar+pg_dms__bilstm__seed44,PMS2,P43246:888:L>Q,0,0.09630423
train-clinvar+pg_dms__bilstm__seed44,PMS2,P43246:892:K>L,0,0.08050948
train-clinvar+pg_dms__bilstm__seed44,PMS2,P43246:892:K>D,0,0.22921287
train-clinvar+pg_dms__bilstm__seed44,PMS2,P43246:892:K>E,0,0.05255375
train-clinvar+pg_dms__bilstm__seed44,PMS2,P43246:892:K>F,0,0.14293805
train-clinvar+pg_dms__bilstm__seed44,PMS2,P43246:892:K>G,0,0.06173361
train-clinvar+pg_dms__bilstm__seed44,PMS2,P43246:892:K>H,0,0.06334101
train-clinvar+pg_dms__bilstm__seed44,PMS2,P43246:892:K>I,0,0.095270455
train-clinvar+pg_dms__bilstm__seed44,PMS2,P43246:892:K>M,0,0.13668269
train-clinvar+pg_dms__bilstm__seed44,PMS2,P43246:892:K>N,0,0.07808349
train-clinvar+pg_dms__bilstm__seed44,PMS2,P43246:892:K>C,0,0.05332945
train-clinvar+pg_dms__bilstm__seed44,PMS2,P43246:892:K>P,0,0.3765722
train-clinvar+pg_dms__bilstm__seed44,PMS2,P43246:892:K>R,0,0.028664332
train-clinvar+pg_dms__bilstm__seed44,PMS2,P43246:892:K>S,0,0.03591044
train-clinvar+pg_dms__bilstm__seed44,PMS2,P43246:892:K>T,0,0.041373756
train-clinvar+pg_dms__bilstm__seed44,PMS2,P43246:892:K>V,0,0.07364014
train-clinvar+pg_dms__bilstm__seed44,PMS2,P43246:892:K>W,0,0.31588623
train-clinvar+pg_dms__bilstm__seed44,PMS2,P43246:892:K>Y,0,0.11040594
train-clinvar+pg_dms__bilstm__seed44,PMS2,P43246:892:K>Q,0,0.03172058
train-clinvar+pg_dms__bilstm__seed44,PMS2,P43246:892:K>A,0,0.04814182
train-clinvar+pg_dms__bilstm__seed44,PMS2,P43246:899:M>F,0,0.036302265
train-clinvar+pg_dms__bilstm__seed44,PMS2,P43246:899:M>V,0,0.038194157
train-clinvar+pg_dms__bilstm__seed44,PMS2,P43246:899:M>Y,0,0.115632564
train-clinvar+pg_dms__bilstm__seed44,PMS2,P43246:899:M>G,0,0.13924061
train-clinvar+pg_dms__bilstm__seed44,PMS2,P43246:899:M>H,0,0.19161798
train-clinvar+pg_dms__bilstm__seed44,PMS2,P43246:899:M>I,0,0.06877713
train-clinvar+pg_dms__bilstm__seed44,PMS2,P43246:899:M>K,0,0.101241484
train-clinvar+pg_dms__bilstm__seed44,PMS2,P43246:899:M>L,0,0.041948732
train-clinvar+pg_dms__bilstm__seed44,PMS2,P43246:899:M>N,0,0.10917747
train-clinvar+pg_dms__bilstm__seed44,PMS2,P43246:899:M>C,0,0.1331912
train-clinvar+pg_dms__bilstm__seed44,PMS2,P43246:899:M>Q,0,0.05540275
train-clinvar+pg_dms__bilstm__seed44,PMS2,P43246:899:M>R,0,0.058467396
train-clinvar+pg_dms__bilstm__seed44,PMS2,P43246:899:M>S,0,0.05586359
train-clinvar+pg_dms__bilstm__seed44,PMS2,P43246:899:M>W,1,0.36428553
train-clinvar+pg_dms__bilstm__seed44,PMS2,P43246:899:M>P,0,0.65508085
train-clinvar+pg_dms__bilstm__seed44,PMS2,P43246:899:M>E,0,0.15390833
train-clinvar+pg_dms__bilstm__seed44,PMS2,P43246:899:M>A,0,0.0570991
train-clinvar+pg_dms__bilstm__seed44,PMS2,P43246:899:M>D,0,0.3421978
train-clinvar+pg_dms__bilstm__seed44,PMS2,P43246:900:S>I,0,0.28757027
train-clinvar+pg_dms__bilstm__seed44,PMS2,P43246:900:S>D,0,0.24190535
train-clinvar+pg_dms__bilstm__seed44,PMS2,P43246:900:S>C,0,0.12751453
train-clinvar+pg_dms__bilstm__seed44,PMS2,P43246:900:S>A,0,0.12843764
train-clinvar+pg_dms__bilstm__seed44,PMS2,P43246:900:S>G,0,0.13297635
train-clinvar+pg_dms__bilstm__seed44,PMS2,P43246:900:S>H,0,0.29826695
train-clinvar+pg_dms__bilstm__seed44,PMS2,P43246:900:S>K,0,0.36621836
train-clinvar+pg_dms__bilstm__seed44,PMS2,P43246:900:S>L,0,0.19152065
train-clinvar+pg_dms__bilstm__seed44,PMS2,P43246:900:S>M,0,0.35700315
train-clinvar+pg_dms__bilstm__seed44,PMS2,P43246:900:S>P,0,0.2253082
train-clinvar+pg_dms__bilstm__seed44,PMS2,P43246:900:S>E,0,0.2946522
train-clinvar+pg_dms__bilstm__seed44,PMS2,P43246:900:S>Q,0,0.24710716
train-clinvar+pg_dms__bilstm__seed44,PMS2,P43246:900:S>R,0,0.26789483
train-clinvar+pg_dms__bilstm__seed44,PMS2,P43246:900:S>T,0,0.14797331
train-clinvar+pg_dms__bilstm__seed44,PMS2,P43246:900:S>V,0,0.24549876
train-clinvar+pg_dms__bilstm__seed44,PMS2,P43246:900:S>W,0,0.50557715
train-clinvar+pg_dms__bilstm__seed44,PMS2,P43246:900:S>Y,0,0.2141263
train-clinvar+pg_dms__bilstm__seed44,PMS2,P43246:900:S>N,0,0.14656784
train-clinvar+pg_dms__bilstm__seed44,PMS2,P43246:900:S>F,0,0.27180773
train-clinvar+pg_dms__bilstm__seed44,PMS2,P43246:912:K>P,1,0.65952116
train-clinvar+pg_dms__bilstm__seed44,PMS2,P43246:912:K>W,0,0.48858798
train-clinvar+pg_dms__bilstm__seed44,PMS2,P43246:912:K>A,0,0.08256617
train-clinvar+pg_dms__bilstm__seed44,PMS2,P43246:912:K>C,0,0.09832283
train-clinvar+pg_dms__bilstm__seed44,PMS2,P43246:912:K>D,0,0.5051412
train-clinvar+pg_dms__bilstm__seed44,PMS2,P43246:912:K>E,0,0.15459165
train-clinvar+pg_dms__bilstm__seed44,PMS2,P43246:912:K>F,0,0.22407568
train-clinvar+pg_dms__bilstm__seed44,PMS2,P43246:912:K>G,0,0.18988468
train-clinvar+pg_dms__bilstm__seed44,PMS2,P43246:912:K>H,0,0.086373344
train-clinvar+pg_dms__bilstm__seed44,PMS2,P43246:912:K>Y,0,0.19503261
train-clinvar+pg_dms__bilstm__seed44,PMS2,P43246:912:K>I,0,0.13721947
train-clinvar+pg_dms__bilstm__seed44,PMS2,P43246:912:K>M,0,0.23621064
train-clinvar+pg_dms__bilstm__seed44,PMS2,P43246:912:K>N,0,0.25734827
train-clinvar+pg_dms__bilstm__seed44,PMS2,P43246:912:K>Q,0,0.08056269
train-clinvar+pg_dms__bilstm__seed44,PMS2,P43246:912:K>R,0,0.013055472
train-clinvar+pg_dms__bilstm__seed44,PMS2,P43246:912:K>S,0,0.1392245
train-clinvar+pg_dms__bilstm__seed44,PMS2,P43246:912:K>T,0,0.05234701
train-clinvar+pg_dms__bilstm__seed44,PMS2,P43246:912:K>V,0,0.12636378
train-clinvar+pg_dms__bilstm__seed44,PMS2,P43246:912:K>L,0,0.13331869
train-clinvar+pg_dms__bilstm__seed44,PMS2,P43246:921:S>Y,0,0.06781066
train-clinvar+pg_dms__bilstm__seed44,PMS2,P43246:921:S>A,0,0.04328772
train-clinvar+pg_dms__bilstm__seed44,PMS2,P43246:921:S>C,0,0.034641784
train-clinvar+pg_dms__bilstm__seed44,PMS2,P43246:921:S>W,0,0.29538462
train-clinvar+pg_dms__bilstm__seed44,PMS2,P43246:921:S>E,0,0.15758947
train-clinvar+pg_dms__bilstm__seed44,PMS2,P43246:921:S>F,0,0.052456375
train-clinvar+pg_dms__bilstm__seed44,PMS2,P43246:921:S>G,1,0.1731361
train-clinvar+pg_dms__bilstm__seed44,PMS2,P43246:921:S>I,0,0.08885584
train-clinvar+pg_dms__bilstm__seed44,PMS2,P43246:921:S>K,0,0.14813517
train-clinvar+pg_dms__bilstm__seed44,PMS2,P43246:921:S>D,0,0.17387368
train-clinvar+pg_dms__bilstm__seed44,PMS2,P43246:921:S>M,0,0.26865947
train-clinvar+pg_dms__bilstm__seed44,PMS2,P43246:921:S>N,0,0.0719194
train-clinvar+pg_dms__bilstm__seed44,PMS2,P43246:921:S>P,0,0.21816994
train-clinvar+pg_dms__bilstm__seed44,PMS2,P43246:921:S>Q,0,0.068627335
train-clinvar+pg_dms__bilstm__seed44,PMS2,P43246:921:S>R,0,0.06077508
train-clinvar+pg_dms__bilstm__seed44,PMS2,P43246:921:S>T,0,0.14148085
train-clinvar+pg_dms__bilstm__seed44,PMS2,P43246:921:S>V,0,0.080777735
train-clinvar+pg_dms__bilstm__seed44,PMS2,P43246:921:S>L,0,0.09350096
train-clinvar+pg_dms__bilstm__seed44,PMS2,P43246:922:F>C,0,0.2873402
train-clinvar+pg_dms__bilstm__seed44,PMS2,P43246:922:F>D,0,0.7149592
train-clinvar+pg_dms__bilstm__seed44,PMS2,P43246:922:F>E,0,0.6294062
train-clinvar+pg_dms__bilstm__seed44,PMS2,P43246:922:F>G,0,0.5165323
train-clinvar+pg_dms__bilstm__seed44,PMS2,P43246:922:F>H,0,0.4809557
train-clinvar+pg_dms__bilstm__seed44,PMS2,P43246:922:F>I,0,0.30838603
train-clinvar+pg_dms__bilstm__seed44,PMS2,P43246:922:F>Q,0,0.53290987
train-clinvar+pg_dms__bilstm__seed44,PMS2,P43246:922:F>M,0,0.5525694
train-clinvar+pg_dms__bilstm__seed44,PMS2,P43246:922:F>R,1,0.5758009
train-clinvar+pg_dms__bilstm__seed44,PMS2,P43246:922:F>N,0,0.56007844
train-clinvar+pg_dms__bilstm__seed44,PMS2,P43246:922:F>P,0,0.81735367
train-clinvar+pg_dms__bilstm__seed44,PMS2,P43246:922:F>A,0,0.45949748
train-clinvar+pg_dms__bilstm__seed44,PMS2,P43246:922:F>L,0,0.3227517
train-clinvar+pg_dms__bilstm__seed44,PMS2,P43246:922:F>V,0,0.24007818
train-clinvar+pg_dms__bilstm__seed44,PMS2,P43246:922:F>T,0,0.43254188
train-clinvar+pg_dms__bilstm__seed44,PMS2,P43246:922:F>S,0,0.46127272
train-clinvar+pg_dms__bilstm__seed44,PMS2,P43246:922:F>W,0,0.44954363
train-clinvar+pg_dms__bilstm__seed44,PMS2,P43246:922:F>Y,0,0.081644
train-clinvar+pg_dms__bilstm__seed44,PMS2,P43246:923:V>T,0,0.33194053
train-clinvar+pg_dms__bilstm__seed44,PMS2,P43246:923:V>L,0,0.40558118
train-clinvar+pg_dms__bilstm__seed44,PMS2,P43246:923:V>I,0,0.06093222
train-clinvar+pg_dms__bilstm__seed44,PMS2,P43246:923:V>G,0,0.50015163
train-clinvar+pg_dms__bilstm__seed44,PMS2,P43246:923:V>F,0,0.2741944
train-clinvar+pg_dms__bilstm__seed44,PMS2,P43246:923:V>C,0,0.3656576
train-clinvar+pg_dms__bilstm__seed44,PMS2,P43246:923:V>S,0,0.62079245
train-clinvar+pg_dms__bilstm__seed44,PMS2,P43246:923:V>A,0,0.28485736
train-clinvar+pg_dms__bilstm__seed44,PMS2,P43246:923:V>M,0,0.5059197
train-clinvar+pg_dms__bilstm__seed44,PMS2,P43246:923:V>P,0,0.90854925
train-clinvar+pg_dms__bilstm__seed44,PMS2,P43246:923:V>R,0,0.749515
train-clinvar+pg_dms__bilstm__seed44,PMS2,P43246:923:V>D,0,0.87671125
train-clinvar+pg_dms__bilstm__seed44,PMS2,P43246:923:V>K,0,0.79846853
train-clinvar+pg_dms__bilstm__seed44,PMS2,P43246:926:I>R,0,0.13792756
train-clinvar+pg_dms__bilstm__seed44,PMS2,P43246:926:I>Q,0,0.16752042
train-clinvar+pg_dms__bilstm__seed44,PMS2,P43246:926:I>P,0,0.72184825
train-clinvar+pg_dms__bilstm__seed44,PMS2,P43246:926:I>L,0,0.05848651
train-clinvar+pg_dms__bilstm__seed44,PMS2,P43246:926:I>K,0,0.27086616
train-clinvar+pg_dms__bilstm__seed44,PMS2,P43246:926:I>H,0,0.28805897
train-clinvar+pg_dms__bilstm__seed44,PMS2,P43246:926:I>A,0,0.124144986
train-clinvar+pg_dms__bilstm__seed44,PMS2,P43246:926:I>W,0,0.48855713
train-clinvar+pg_dms__bilstm__seed44,PMS2,P43246:926:I>T,0,0.1331418
train-clinvar+pg_dms__bilstm__seed44,PMS2,P43246:926:I>G,0,0.29810244
train-clinvar+pg_dms__bilstm__seed44,PMS2,P43246:926:I>F,0,0.03589744
train-clinvar+pg_dms__bilstm__seed44,PMS2,P43246:926:I>E,0,0.38651487
train-clinvar+pg_dms__bilstm__seed44,PMS2,P43246:926:I>D,0,0.61092657
train-clinvar+pg_dms__bilstm__seed44,PMS2,P43246:926:I>C,0,0.11098531
train-clinvar+pg_dms__bilstm__seed44,PMS2,P43246:926:I>V,0,0.13196684
train-clinvar+pg_dms__bilstm__seed44,PMS2,P43246:930:I>A,0,0.04423481
train-clinvar+pg_dms__bilstm__seed44,PMS2,P43246:930:I>C,0,0.04186545
train-clinvar+pg_dms__bilstm__seed44,PMS2,P43246:930:I>P,0,0.22587028
train-clinvar+pg_dms__bilstm__seed44,PMS2,P43246:930:I>E,0,0.09361244
train-clinvar+pg_dms__bilstm__seed44,PMS2,P43246:930:I>F,0,0.029919008
train-clinvar+pg_dms__bilstm__seed44,PMS2,P43246:930:I>N,0,0.049404945
train-clinvar+pg_dms__bilstm__seed44,PMS2,P43246:930:I>L,0,0.06543635
train-clinvar+pg_dms__bilstm__seed44,PMS2,P43246:930:I>H,0,0.08318465
train-clinvar+pg_dms__bilstm__seed44,PMS2,P43246:930:I>G,0,0.063417174
train-clinvar+pg_dms__bilstm__seed44,PMS2,P43246:930:I>Y,0,0.07285264
train-clinvar+pg_dms__bilstm__seed44,PMS2,P43246:930:I>V,0,0.08171779
train-clinvar+pg_dms__bilstm__seed44,PMS2,P43246:930:I>T,0,0.045780532
train-clinvar+pg_dms__bilstm__seed44,PMS2,P43246:930:I>S,0,0.035628818
train-clinvar+pg_dms__bilstm__seed44,PMS2,P43246:930:I>R,0,0.040216073
train-clinvar+pg_dms__bilstm__seed44,PMS2,P43246:930:I>Q,0,0.054127976
train-clinvar+pg_dms__bilstm__seed44,PMS2,P43246:930:I>D,0,0.16501217
train-clinvar+pg_dms__bilstm__seed44,PMS2,P43246:930:I>K,0,0.12490069
train-clinvar+pg_dms__bilstm__seed44,PMS2,P43246:931:K>Y,0,0.15315425
train-clinvar+pg_dms__bilstm__seed44,PMS2,P43246:931:K>N,0,0.09955838
train-clinvar+pg_dms__bilstm__seed44,PMS2,P43246:931:K>T,0,0.076449655
train-clinvar+pg_dms__bilstm__seed44,PMS2,P43246:931:K>S,0,0.07685903
train-clinvar+pg_dms__bilstm__seed44,PMS2,P43246:931:K>R,0,0.06960295
train-clinvar+pg_dms__bilstm__seed44,PMS2,P43246:931:K>P,0,0.18727203
train-clinvar+pg_dms__bilstm__seed44,PMS2,P43246:931:K>M,0,0.23424758
train-clinvar+pg_dms__bilstm__seed44,PMS2,P43246:931:K>L,0,0.13971645
train-clinvar+pg_dms__bilstm__seed44,PMS2,P43246:931:K>V,0,0.121109754
train-clinvar+pg_dms__bilstm__seed44,PMS2,P43246:931:K>I,0,0.12731487
train-clinvar+pg_dms__bilstm__seed44,PMS2,P43246:931:K>G,0,0.091604955
train-clinvar+pg_dms__bilstm__seed44,PMS2,P43246:931:K>F,0,0.13788383
train-clinvar+pg_dms__bilstm__seed44,PMS2,P43246:931:K>E,0,0.13444924
train-clinvar+pg_dms__bilstm__seed44,PMS2,P43246:931:K>D,0,0.1570897
train-clinvar+pg_dms__bilstm__seed44,PMS2,P43246:931:K>A,0,0.07308597
train-clinvar+pg_dms__bilstm__seed44,PMS2,P43246:931:K>H,0,0.116612464
train-clinvar+pg_dms__bilstm__seed44,PMS2,P43246:931:K>W,0,0.3408873
